game_number,game_id,match_number,rounds_played,winner_team,winner_label,team1_score,team2_score,trump_card,trump_suit,phase,finished_at
1,INPROC_DE180A,1,10,team1,Team 1 (N/S),89,31,5,♣,finished,2026-05-18T16:05:24.066961+00:00
2,INPROC_B15F5F,1,10,team1,Team 1 (N/S),70,50,11,♦,finished,2026-05-18T16:05:24.086152+00:00
3,INPROC_D81D9E,1,10,team2,Team 2 (E/W),44,76,0,♣,finished,2026-05-18T16:05:24.103002+00:00
4,INPROC_E1AC21,1,10,team1,Team 1 (N/S),114,6,15,♦,finished,2026-05-18T16:05:24.122690+00:00
5,INPROC_A9D7BE,1,10,team1,Team 1 (N/S),64,56,0,♣,finished,2026-05-18T16:05:24.136363+00:00
6,INPROC_94456B,1,10,team1,Team 1 (N/S),84,36,36,♠,finished,2026-05-18T16:05:24.151004+00:00
7,INPROC_A2D543,1,10,team2,Team 2 (E/W),58,62,20,♥,finished,2026-05-18T16:05:24.169766+00:00
8,INPROC_C56529,1,10,team1,Team 1 (N/S),82,38,12,♦,finished,2026-05-18T16:05:24.185262+00:00
9,INPROC_F764B1,1,10,team1,Team 1 (N/S),70,50,4,♣,finished,2026-05-18T16:05:24.202134+00:00
10,INPROC_7FB2E0,1,10,team2,Team 2 (E/W),52,68,32,♠,finished,2026-05-18T16:05:24.218416+00:00
11,INPROC_65F9FB,1,10,team2,Team 2 (E/W),59,61,4,♣,finished,2026-05-18T16:05:24.237120+00:00
12,INPROC_1B8E9C,1,10,team1,Team 1 (N/S),85,35,32,♠,finished,2026-05-18T16:05:24.256233+00:00
13,INPROC_55DECA,1,10,team1,Team 1 (N/S),81,39,24,♥,finished,2026-05-18T16:05:24.274720+00:00
14,INPROC_D7E89A,1,10,team1,Team 1 (N/S),75,45,21,♥,finished,2026-05-18T16:05:24.294358+00:00
15,INPROC_0D6963,1,10,team2,Team 2 (E/W),39,81,26,♥,finished,2026-05-18T16:05:24.310657+00:00
16,INPROC_D476E2,1,10,team2,Team 2 (E/W),13,107,15,♦,finished,2026-05-18T16:05:24.329480+00:00
17,INPROC_3921F2,1,10,team1,Team 1 (N/S),95,25,13,♦,finished,2026-05-18T16:05:24.350133+00:00
18,INPROC_17828B,1,10,team2,Team 2 (E/W),29,91,9,♣,finished,2026-05-18T16:05:24.369512+00:00
19,INPROC_073FDA,1,10,team1,Team 1 (N/S),78,42,14,♦,finished,2026-05-18T16:05:24.386777+00:00
20,INPROC_490B23,1,10,team1,Team 1 (N/S),82,38,21,♥,finished,2026-05-18T16:05:24.405935+00:00
21,INPROC_E63506,1,10,team1,Team 1 (N/S),73,47,4,♣,finished,2026-05-18T16:05:24.423793+00:00
22,INPROC_66F0BF,1,10,team2,Team 2 (E/W),25,95,17,♦,finished,2026-05-18T16:05:24.442638+00:00
23,INPROC_B346BF,1,10,team1,Team 1 (N/S),63,57,34,♠,finished,2026-05-18T16:05:24.462517+00:00
24,INPROC_E73AF3,1,10,team2,Team 2 (E/W),58,62,15,♦,finished,2026-05-18T16:05:24.484544+00:00
25,INPROC_6BB479,1,10,team2,Team 2 (E/W),52,68,18,♦,finished,2026-05-18T16:05:24.505728+00:00
26,INPROC_141997,1,10,team2,Team 2 (E/W),35,85,33,♠,finished,2026-05-18T16:05:24.525660+00:00
27,INPROC_B8F9CD,1,10,team1,Team 1 (N/S),69,51,13,♦,finished,2026-05-18T16:05:24.543756+00:00
28,INPROC_12AD30,1,10,team1,Team 1 (N/S),76,44,7,♣,finished,2026-05-18T16:05:24.559935+00:00
29,INPROC_BDB4E7,1,10,team2,Team 2 (E/W),55,65,15,♦,finished,2026-05-18T16:05:24.577469+00:00
30,INPROC_8A8FFC,1,10,team2,Team 2 (E/W),54,66,33,♠,finished,2026-05-18T16:05:24.595297+00:00
31,INPROC_B36E86,1,10,team1,Team 1 (N/S),65,55,34,♠,finished,2026-05-18T16:05:24.614003+00:00
32,INPROC_3E27B5,1,10,team2,Team 2 (E/W),40,80,9,♣,finished,2026-05-18T16:05:24.632262+00:00
33,INPROC_20596A,1,10,team1,Team 1 (N/S),95,25,28,♥,finished,2026-05-18T16:05:24.649479+00:00
34,INPROC_4DCE97,1,10,team1,Team 1 (N/S),86,34,23,♥,finished,2026-05-18T16:05:24.669153+00:00
35,INPROC_803FF5,1,10,team2,Team 2 (E/W),22,98,7,♣,finished,2026-05-18T16:05:24.688575+00:00
36,INPROC_9ABA40,1,10,team2,Team 2 (E/W),26,94,16,♦,finished,2026-05-18T16:05:24.705740+00:00
37,INPROC_003E31,1,10,team1,Team 1 (N/S),69,51,3,♣,finished,2026-05-18T16:05:24.722199+00:00
38,INPROC_8F2639,1,10,team1,Team 1 (N/S),66,54,22,♥,finished,2026-05-18T16:05:24.743103+00:00
39,INPROC_DF0FFF,1,10,team2,Team 2 (E/W),44,76,34,♠,finished,2026-05-18T16:05:24.760067+00:00
40,INPROC_A03338,1,10,team2,Team 2 (E/W),58,62,35,♠,finished,2026-05-18T16:05:24.778903+00:00
41,INPROC_9CF07B,1,10,team2,Team 2 (E/W),28,92,4,♣,finished,2026-05-18T16:05:24.797481+00:00
42,INPROC_7590C5,1,10,team2,Team 2 (E/W),40,80,5,♣,finished,2026-05-18T16:05:24.815234+00:00
43,INPROC_349AEF,1,10,team2,Team 2 (E/W),43,77,11,♦,finished,2026-05-18T16:05:24.836236+00:00
44,INPROC_F1AE5B,1,10,team2,Team 2 (E/W),35,85,34,♠,finished,2026-05-18T16:05:24.854199+00:00
45,INPROC_03B071,1,10,team2,Team 2 (E/W),51,69,30,♠,finished,2026-05-18T16:05:24.871381+00:00
46,INPROC_A8D5E5,1,10,team2,Team 2 (E/W),53,67,10,♦,finished,2026-05-18T16:05:24.890302+00:00
47,INPROC_9C6346,1,10,team1,Team 1 (N/S),98,22,10,♦,finished,2026-05-18T16:05:24.905351+00:00
48,INPROC_447CE4,1,10,team2,Team 2 (E/W),49,71,26,♥,finished,2026-05-18T16:05:24.921898+00:00
49,INPROC_7368B4,1,10,team1,Team 1 (N/S),74,46,33,♠,finished,2026-05-18T16:05:24.938899+00:00
50,INPROC_8A4E82,1,10,team2,Team 2 (E/W),50,70,19,♦,finished,2026-05-18T16:05:24.953776+00:00
51,INPROC_0D78E3,1,10,team2,Team 2 (E/W),29,91,22,♥,finished,2026-05-18T16:05:24.969121+00:00
52,INPROC_FCAA5E,1,10,team2,Team 2 (E/W),47,73,36,♠,finished,2026-05-18T16:05:24.986285+00:00
53,INPROC_987E8C,1,10,team2,Team 2 (E/W),56,64,31,♠,finished,2026-05-18T16:05:25.006823+00:00
54,INPROC_79C54D,1,10,team1,Team 1 (N/S),103,17,15,♦,finished,2026-05-18T16:05:25.024711+00:00
55,INPROC_AFC803,1,10,team2,Team 2 (E/W),43,77,29,♥,finished,2026-05-18T16:05:25.040244+00:00
56,INPROC_191FC6,1,10,team1,Team 1 (N/S),63,57,32,♠,finished,2026-05-18T16:05:25.061939+00:00
57,INPROC_391E17,1,10,team2,Team 2 (E/W),38,82,39,♠,finished,2026-05-18T16:05:25.078192+00:00
58,INPROC_EFF912,1,10,team2,Team 2 (E/W),52,68,37,♠,finished,2026-05-18T16:05:25.094090+00:00
59,INPROC_4B694A,1,10,team1,Team 1 (N/S),80,40,20,♥,finished,2026-05-18T16:05:25.111601+00:00
60,INPROC_90B4AB,1,10,team1,Team 1 (N/S),79,41,25,♥,finished,2026-05-18T16:05:25.129234+00:00
61,INPROC_D932CB,1,10,team2,Team 2 (E/W),48,72,1,♣,finished,2026-05-18T16:05:25.152028+00:00
62,INPROC_921468,1,10,team2,Team 2 (E/W),16,104,13,♦,finished,2026-05-18T16:05:25.176828+00:00
63,INPROC_7FBA46,1,10,team2,Team 2 (E/W),38,82,10,♦,finished,2026-05-18T16:05:25.195754+00:00
64,INPROC_1B0328,1,10,team2,Team 2 (E/W),34,86,18,♦,finished,2026-05-18T16:05:25.210990+00:00
65,INPROC_0AFE89,1,10,team2,Team 2 (E/W),43,77,25,♥,finished,2026-05-18T16:05:25.228983+00:00
66,INPROC_945267,1,10,team1,Team 1 (N/S),65,55,26,♥,finished,2026-05-18T16:05:25.243213+00:00
67,INPROC_9D5915,1,10,team2,Team 2 (E/W),30,90,30,♠,finished,2026-05-18T16:05:25.261561+00:00
68,INPROC_C2C21E,1,10,team2,Team 2 (E/W),23,97,11,♦,finished,2026-05-18T16:05:25.279739+00:00
69,INPROC_ED80C1,1,10,team1,Team 1 (N/S),72,48,15,♦,finished,2026-05-18T16:05:25.297383+00:00
70,INPROC_584115,1,10,team2,Team 2 (E/W),47,73,14,♦,finished,2026-05-18T16:05:25.316986+00:00
71,INPROC_E8B378,1,10,team1,Team 1 (N/S),68,52,25,♥,finished,2026-05-18T16:05:25.338027+00:00
72,INPROC_133AD1,1,10,team2,Team 2 (E/W),26,94,23,♥,finished,2026-05-18T16:05:25.359785+00:00
73,INPROC_03932B,1,10,team2,Team 2 (E/W),55,65,24,♥,finished,2026-05-18T16:05:25.377895+00:00
74,INPROC_9DDFF1,1,10,team2,Team 2 (E/W),37,83,18,♦,finished,2026-05-18T16:05:25.396060+00:00
75,INPROC_786DBE,1,10,team1,Team 1 (N/S),61,59,11,♦,finished,2026-05-18T16:05:25.418083+00:00
76,INPROC_B4BE6B,1,10,team2,Team 2 (E/W),44,76,34,♠,finished,2026-05-18T16:05:25.438561+00:00
77,INPROC_458454,1,10,team2,Team 2 (E/W),59,61,22,♥,finished,2026-05-18T16:05:25.457228+00:00
78,INPROC_DDA867,1,10,team1,Team 1 (N/S),94,26,20,♥,finished,2026-05-18T16:05:25.474049+00:00
79,INPROC_5EB275,1,10,team2,Team 2 (E/W),33,87,14,♦,finished,2026-05-18T16:05:25.491672+00:00
80,INPROC_B9F705,1,10,team2,Team 2 (E/W),53,67,35,♠,finished,2026-05-18T16:05:25.509671+00:00
81,INPROC_802392,1,10,team2,Team 2 (E/W),40,80,4,♣,finished,2026-05-18T16:05:25.526442+00:00
82,INPROC_84C622,1,10,team2,Team 2 (E/W),45,75,3,♣,finished,2026-05-18T16:05:25.538137+00:00
83,INPROC_094533,1,10,team2,Team 2 (E/W),43,77,2,♣,finished,2026-05-18T16:05:25.551337+00:00
84,INPROC_3578EE,1,10,team2,Team 2 (E/W),50,70,35,♠,finished,2026-05-18T16:05:25.565176+00:00
85,INPROC_04AA7C,1,10,team2,Team 2 (E/W),43,77,27,♥,finished,2026-05-18T16:05:25.579697+00:00
86,INPROC_1F817C,1,10,team2,Team 2 (E/W),43,77,21,♥,finished,2026-05-18T16:05:25.592292+00:00
87,INPROC_07CBF1,1,10,team1,Team 1 (N/S),70,50,32,♠,finished,2026-05-18T16:05:25.606078+00:00
88,INPROC_997E3B,1,10,team2,Team 2 (E/W),43,77,39,♠,finished,2026-05-18T16:05:25.622248+00:00
89,INPROC_74AD8C,1,10,team1,Team 1 (N/S),91,29,24,♥,finished,2026-05-18T16:05:25.638916+00:00
90,INPROC_966FB9,1,10,team2,Team 2 (E/W),38,82,7,♣,finished,2026-05-18T16:05:25.649513+00:00
91,INPROC_4FF3F4,1,10,team2,Team 2 (E/W),0,120,9,♣,finished,2026-05-18T16:05:25.663119+00:00
92,INPROC_37C177,1,10,team1,Team 1 (N/S),104,16,33,♠,finished,2026-05-18T16:05:25.679630+00:00
93,INPROC_68C4AD,1,10,team2,Team 2 (E/W),54,66,19,♦,finished,2026-05-18T16:05:25.693338+00:00
94,INPROC_31C0FC,1,10,team1,Team 1 (N/S),104,16,34,♠,finished,2026-05-18T16:05:25.710743+00:00
95,INPROC_5EBFD6,1,10,team2,Team 2 (E/W),46,74,34,♠,finished,2026-05-18T16:05:25.728338+00:00
96,INPROC_420EB9,1,10,team2,Team 2 (E/W),53,67,17,♦,finished,2026-05-18T16:05:25.744851+00:00
97,INPROC_FAAE5E,1,10,team2,Team 2 (E/W),51,69,37,♠,finished,2026-05-18T16:05:25.762022+00:00
98,INPROC_7F6701,1,10,team1,Team 1 (N/S),89,31,21,♥,finished,2026-05-18T16:05:25.777195+00:00
99,INPROC_A09DBF,1,10,team2,Team 2 (E/W),36,84,22,♥,finished,2026-05-18T16:05:25.793452+00:00
100,INPROC_51B6B8,1,10,team1,Team 1 (N/S),66,54,14,♦,finished,2026-05-18T16:05:25.810068+00:00
101,INPROC_18C4B7,1,10,team1,Team 1 (N/S),87,33,35,♠,finished,2026-05-18T16:05:25.826168+00:00
102,INPROC_A22500,1,10,team2,Team 2 (E/W),42,78,6,♣,finished,2026-05-18T16:05:25.843397+00:00
103,INPROC_FB75AB,1,10,team2,Team 2 (E/W),46,74,30,♠,finished,2026-05-18T16:05:25.859892+00:00
104,INPROC_7CB0E0,1,10,team2,Team 2 (E/W),47,73,38,♠,finished,2026-05-18T16:05:25.879103+00:00
105,INPROC_37C11B,1,10,team1,Team 1 (N/S),63,57,14,♦,finished,2026-05-18T16:05:25.895593+00:00
106,INPROC_EA8F8A,1,10,team2,Team 2 (E/W),37,83,25,♥,finished,2026-05-18T16:05:25.914954+00:00
107,INPROC_1C204C,1,10,team2,Team 2 (E/W),47,73,1,♣,finished,2026-05-18T16:05:25.934445+00:00
108,INPROC_75394E,1,10,team2,Team 2 (E/W),10,110,39,♠,finished,2026-05-18T16:05:25.951908+00:00
109,INPROC_1F60AB,1,10,team2,Team 2 (E/W),49,71,12,♦,finished,2026-05-18T16:05:25.966514+00:00
110,INPROC_0034DC,1,10,team2,Team 2 (E/W),22,98,37,♠,finished,2026-05-18T16:05:25.983267+00:00
111,INPROC_B29669,1,10,team2,Team 2 (E/W),45,75,1,♣,finished,2026-05-18T16:05:25.998702+00:00
112,INPROC_DAD6A6,1,10,team1,Team 1 (N/S),75,45,29,♥,finished,2026-05-18T16:05:26.014997+00:00
113,INPROC_5940E5,1,10,team2,Team 2 (E/W),29,91,36,♠,finished,2026-05-18T16:05:26.028960+00:00
114,INPROC_E0C133,1,10,team2,Team 2 (E/W),56,64,9,♣,finished,2026-05-18T16:05:26.041735+00:00
115,INPROC_E6C62E,1,10,team1,Team 1 (N/S),68,52,18,♦,finished,2026-05-18T16:05:26.055146+00:00
116,INPROC_903ABF,1,10,team1,Team 1 (N/S),77,43,17,♦,finished,2026-05-18T16:05:26.067605+00:00
117,INPROC_293FB7,1,10,team2,Team 2 (E/W),41,79,13,♦,finished,2026-05-18T16:05:26.085112+00:00
118,INPROC_A0753D,1,10,team2,Team 2 (E/W),6,114,4,♣,finished,2026-05-18T16:05:26.101190+00:00
119,INPROC_CBB823,1,10,draw,draw,60,60,24,♥,finished,2026-05-18T16:05:26.121077+00:00
120,INPROC_590D25,1,10,draw,draw,60,60,21,♥,finished,2026-05-18T16:05:26.137817+00:00
121,INPROC_F9833F,1,10,team2,Team 2 (E/W),56,64,28,♥,finished,2026-05-18T16:05:26.158318+00:00
122,INPROC_C83F18,1,10,team1,Team 1 (N/S),94,26,1,♣,finished,2026-05-18T16:05:26.178119+00:00
123,INPROC_31D65C,1,10,team1,Team 1 (N/S),73,47,34,♠,finished,2026-05-18T16:05:26.198598+00:00
124,INPROC_54AA30,1,10,team1,Team 1 (N/S),78,42,8,♣,finished,2026-05-18T16:05:26.220205+00:00
125,INPROC_BCE5FB,1,10,team2,Team 2 (E/W),44,76,16,♦,finished,2026-05-18T16:05:26.240738+00:00
126,INPROC_B7272D,1,10,team1,Team 1 (N/S),76,44,19,♦,finished,2026-05-18T16:05:26.258930+00:00
127,INPROC_F13515,1,10,team2,Team 2 (E/W),56,64,38,♠,finished,2026-05-18T16:05:26.274680+00:00
128,INPROC_5DB2A5,1,10,team2,Team 2 (E/W),30,90,33,♠,finished,2026-05-18T16:05:26.292790+00:00
129,INPROC_BB6598,1,10,team1,Team 1 (N/S),71,49,27,♥,finished,2026-05-18T16:05:26.312131+00:00
130,INPROC_9BCDEE,1,10,team1,Team 1 (N/S),99,21,36,♠,finished,2026-05-18T16:05:26.328832+00:00
131,INPROC_A05DD6,1,10,team2,Team 2 (E/W),44,76,32,♠,finished,2026-05-18T16:05:26.346988+00:00
132,INPROC_FFAD3A,1,10,team2,Team 2 (E/W),52,68,30,♠,finished,2026-05-18T16:05:26.366512+00:00
133,INPROC_0EC053,1,10,team2,Team 2 (E/W),38,82,31,♠,finished,2026-05-18T16:05:26.382995+00:00
134,INPROC_30B470,1,10,team2,Team 2 (E/W),55,65,38,♠,finished,2026-05-18T16:05:26.393427+00:00
135,INPROC_000ED7,1,10,team1,Team 1 (N/S),97,23,5,♣,finished,2026-05-18T16:05:26.403650+00:00
136,INPROC_694EC4,1,10,team2,Team 2 (E/W),4,116,0,♣,finished,2026-05-18T16:05:26.418356+00:00
137,INPROC_B9353C,1,10,team2,Team 2 (E/W),37,83,6,♣,finished,2026-05-18T16:05:26.428184+00:00
138,INPROC_B7C28C,1,10,team2,Team 2 (E/W),58,62,25,♥,finished,2026-05-18T16:05:26.439800+00:00
139,INPROC_AEC116,1,10,team1,Team 1 (N/S),63,57,29,♥,finished,2026-05-18T16:05:26.459427+00:00
140,INPROC_B8A03E,1,10,team2,Team 2 (E/W),54,66,6,♣,finished,2026-05-18T16:05:26.477048+00:00
141,INPROC_5DF3EA,1,10,team2,Team 2 (E/W),23,97,3,♣,finished,2026-05-18T16:05:26.494859+00:00
142,INPROC_4329E9,1,10,team2,Team 2 (E/W),34,86,29,♥,finished,2026-05-18T16:05:26.511186+00:00
143,INPROC_FD532F,1,10,team2,Team 2 (E/W),31,89,8,♣,finished,2026-05-18T16:05:26.524522+00:00
144,INPROC_53A6D7,1,10,team2,Team 2 (E/W),38,82,30,♠,finished,2026-05-18T16:05:26.539883+00:00
145,INPROC_8FB8A7,1,10,team2,Team 2 (E/W),59,61,18,♦,finished,2026-05-18T16:05:26.558104+00:00
146,INPROC_116D39,1,10,team2,Team 2 (E/W),41,79,9,♣,finished,2026-05-18T16:05:26.574439+00:00
147,INPROC_C43BA0,1,10,team2,Team 2 (E/W),47,73,36,♠,finished,2026-05-18T16:05:26.590288+00:00
148,INPROC_013C35,1,10,team1,Team 1 (N/S),86,34,11,♦,finished,2026-05-18T16:05:26.608004+00:00
149,INPROC_77AE04,1,10,team2,Team 2 (E/W),43,77,35,♠,finished,2026-05-18T16:05:26.628052+00:00
150,INPROC_47C293,1,10,team1,Team 1 (N/S),99,21,32,♠,finished,2026-05-18T16:05:26.646668+00:00
151,INPROC_BAF9B4,1,10,team2,Team 2 (E/W),20,100,19,♦,finished,2026-05-18T16:05:26.657940+00:00
152,INPROC_635297,1,10,team1,Team 1 (N/S),71,49,15,♦,finished,2026-05-18T16:05:26.675043+00:00
153,INPROC_4E57BD,1,10,team1,Team 1 (N/S),66,54,6,♣,finished,2026-05-18T16:05:26.693444+00:00
154,INPROC_0AAAF2,1,10,team1,Team 1 (N/S),71,49,23,♥,finished,2026-05-18T16:05:26.713058+00:00
155,INPROC_06E2D4,1,10,team1,Team 1 (N/S),92,28,20,♥,finished,2026-05-18T16:05:26.728364+00:00
156,INPROC_00E6AC,1,10,team2,Team 2 (E/W),45,75,9,♣,finished,2026-05-18T16:05:26.743157+00:00
157,INPROC_F9D48C,1,10,team2,Team 2 (E/W),28,92,8,♣,finished,2026-05-18T16:05:26.758295+00:00
158,INPROC_236D41,1,10,team1,Team 1 (N/S),81,39,24,♥,finished,2026-05-18T16:05:26.774077+00:00
159,INPROC_7771E4,1,10,team1,Team 1 (N/S),99,21,14,♦,finished,2026-05-18T16:05:26.787719+00:00
160,INPROC_B0FF0F,1,10,team2,Team 2 (E/W),57,63,31,♠,finished,2026-05-18T16:05:26.806768+00:00
161,INPROC_41104E,1,10,team1,Team 1 (N/S),81,39,37,♠,finished,2026-05-18T16:05:26.824692+00:00
162,INPROC_BDFB1B,1,10,team2,Team 2 (E/W),29,91,3,♣,finished,2026-05-18T16:05:26.841013+00:00
163,INPROC_4571E0,1,10,team2,Team 2 (E/W),54,66,34,♠,finished,2026-05-18T16:05:26.858201+00:00
164,INPROC_E7E714,1,10,team2,Team 2 (E/W),45,75,39,♠,finished,2026-05-18T16:05:26.876664+00:00
165,INPROC_AE76D5,1,10,team2,Team 2 (E/W),43,77,22,♥,finished,2026-05-18T16:05:26.895509+00:00
166,INPROC_160415,1,10,team2,Team 2 (E/W),59,61,2,♣,finished,2026-05-18T16:05:26.908912+00:00
167,INPROC_104D9D,1,10,team2,Team 2 (E/W),58,62,23,♥,finished,2026-05-18T16:05:26.921407+00:00
168,INPROC_B05D5F,1,10,team1,Team 1 (N/S),103,17,2,♣,finished,2026-05-18T16:05:26.935553+00:00
169,INPROC_489008,1,10,team1,Team 1 (N/S),64,56,30,♠,finished,2026-05-18T16:05:26.948481+00:00
170,INPROC_F05F55,1,10,team1,Team 1 (N/S),95,25,18,♦,finished,2026-05-18T16:05:26.961299+00:00
171,INPROC_37B5C5,1,10,team1,Team 1 (N/S),72,48,5,♣,finished,2026-05-18T16:05:26.975679+00:00
172,INPROC_404870,1,10,team1,Team 1 (N/S),71,49,25,♥,finished,2026-05-18T16:05:26.992894+00:00
173,INPROC_999DE8,1,10,team1,Team 1 (N/S),71,49,23,♥,finished,2026-05-18T16:05:27.004966+00:00
174,INPROC_2E6340,1,10,team2,Team 2 (E/W),42,78,23,♥,finished,2026-05-18T16:05:27.022664+00:00
175,INPROC_660770,1,10,team2,Team 2 (E/W),44,76,28,♥,finished,2026-05-18T16:05:27.039679+00:00
176,INPROC_0A104A,1,10,team2,Team 2 (E/W),36,84,5,♣,finished,2026-05-18T16:05:27.056843+00:00
177,INPROC_D36DB4,1,10,draw,draw,60,60,27,♥,finished,2026-05-18T16:05:27.069602+00:00
178,INPROC_BFC2C5,1,10,team1,Team 1 (N/S),98,22,5,♣,finished,2026-05-18T16:05:27.085034+00:00
179,INPROC_0B2D62,1,10,team1,Team 1 (N/S),73,47,6,♣,finished,2026-05-18T16:05:27.102834+00:00
180,INPROC_7A46FE,1,10,team2,Team 2 (E/W),58,62,0,♣,finished,2026-05-18T16:05:27.122923+00:00
181,INPROC_83D47F,1,10,team1,Team 1 (N/S),91,29,24,♥,finished,2026-05-18T16:05:27.141756+00:00
182,INPROC_C0626C,1,10,draw,draw,60,60,17,♦,finished,2026-05-18T16:05:27.159380+00:00
183,INPROC_E47410,1,10,team2,Team 2 (E/W),45,75,11,♦,finished,2026-05-18T16:05:27.171203+00:00
184,INPROC_96F235,1,10,team2,Team 2 (E/W),16,104,28,♥,finished,2026-05-18T16:05:27.182521+00:00
185,INPROC_166B5C,1,10,team2,Team 2 (E/W),58,62,37,♠,finished,2026-05-18T16:05:27.197081+00:00
186,INPROC_AD4C51,1,10,team1,Team 1 (N/S),75,45,25,♥,finished,2026-05-18T16:05:27.214203+00:00
187,INPROC_4FC10F,1,10,team1,Team 1 (N/S),67,53,14,♦,finished,2026-05-18T16:05:27.230619+00:00
188,INPROC_9E6A82,1,10,team2,Team 2 (E/W),26,94,38,♠,finished,2026-05-18T16:05:27.247865+00:00
189,INPROC_62F708,1,10,team2,Team 2 (E/W),46,74,5,♣,finished,2026-05-18T16:05:27.263929+00:00
190,INPROC_72FA82,1,10,team2,Team 2 (E/W),40,80,37,♠,finished,2026-05-18T16:05:27.282359+00:00
191,INPROC_D62ED2,1,10,team1,Team 1 (N/S),71,49,37,♠,finished,2026-05-18T16:05:27.299460+00:00
192,INPROC_599ED5,1,10,team2,Team 2 (E/W),35,85,8,♣,finished,2026-05-18T16:05:27.319859+00:00
193,INPROC_9427B8,1,10,team1,Team 1 (N/S),62,58,30,♠,finished,2026-05-18T16:05:27.337612+00:00
194,INPROC_DF23FC,1,10,team1,Team 1 (N/S),76,44,33,♠,finished,2026-05-18T16:05:27.354909+00:00
195,INPROC_2D8594,1,10,team1,Team 1 (N/S),70,50,8,♣,finished,2026-05-18T16:05:27.372574+00:00
196,INPROC_9DE8CE,1,10,draw,draw,60,60,20,♥,finished,2026-05-18T16:05:27.393273+00:00
197,INPROC_104E35,1,10,team2,Team 2 (E/W),24,96,31,♠,finished,2026-05-18T16:05:27.412597+00:00
198,INPROC_D5E6F9,1,10,team1,Team 1 (N/S),98,22,29,♥,finished,2026-05-18T16:05:27.429079+00:00
199,INPROC_73341A,1,10,team2,Team 2 (E/W),43,77,18,♦,finished,2026-05-18T16:05:27.447554+00:00
200,INPROC_97B718,1,10,team1,Team 1 (N/S),69,51,32,♠,finished,2026-05-18T16:05:27.465009+00:00
201,INPROC_13291C,1,10,team2,Team 2 (E/W),48,72,10,♦,finished,2026-05-18T16:05:27.484167+00:00
202,INPROC_11B41B,1,10,team2,Team 2 (E/W),12,108,25,♥,finished,2026-05-18T16:05:27.501289+00:00
203,INPROC_F7635E,1,10,team1,Team 1 (N/S),118,2,33,♠,finished,2026-05-18T16:05:27.514844+00:00
204,INPROC_53582B,1,10,team2,Team 2 (E/W),37,83,12,♦,finished,2026-05-18T16:05:27.530298+00:00
205,INPROC_46DB40,1,10,team2,Team 2 (E/W),53,67,38,♠,finished,2026-05-18T16:05:27.548657+00:00
206,INPROC_BB4312,1,10,team1,Team 1 (N/S),81,39,26,♥,finished,2026-05-18T16:05:27.565577+00:00
207,INPROC_491F06,1,10,team2,Team 2 (E/W),46,74,18,♦,finished,2026-05-18T16:05:27.581713+00:00
208,INPROC_7F5619,1,10,team2,Team 2 (E/W),17,103,35,♠,finished,2026-05-18T16:05:27.597676+00:00
209,INPROC_A0F06D,1,10,team2,Team 2 (E/W),41,79,21,♥,finished,2026-05-18T16:05:27.614535+00:00
210,INPROC_8FB9C1,1,10,team1,Team 1 (N/S),78,42,10,♦,finished,2026-05-18T16:05:27.632313+00:00
211,INPROC_DC40F6,1,10,team1,Team 1 (N/S),94,26,15,♦,finished,2026-05-18T16:05:27.650527+00:00
212,INPROC_543B3F,1,10,team1,Team 1 (N/S),87,33,28,♥,finished,2026-05-18T16:05:27.667101+00:00
213,INPROC_1E0278,1,10,team2,Team 2 (E/W),14,106,20,♥,finished,2026-05-18T16:05:27.686662+00:00
214,INPROC_B148DB,1,10,team1,Team 1 (N/S),90,30,24,♥,finished,2026-05-18T16:05:27.702324+00:00
215,INPROC_7F7416,1,10,team2,Team 2 (E/W),46,74,38,♠,finished,2026-05-18T16:05:27.720517+00:00
216,INPROC_D35722,1,10,team2,Team 2 (E/W),49,71,28,♥,finished,2026-05-18T16:05:27.737245+00:00
217,INPROC_065EC5,1,10,team1,Team 1 (N/S),77,43,7,♣,finished,2026-05-18T16:05:27.753939+00:00
218,INPROC_6ECF4E,1,10,team1,Team 1 (N/S),73,47,6,♣,finished,2026-05-18T16:05:27.768637+00:00
219,INPROC_30BC65,1,10,team1,Team 1 (N/S),69,51,27,♥,finished,2026-05-18T16:05:27.783888+00:00
220,INPROC_2B5F87,1,10,team2,Team 2 (E/W),58,62,24,♥,finished,2026-05-18T16:05:27.799530+00:00
221,INPROC_61F76F,1,10,team2,Team 2 (E/W),26,94,20,♥,finished,2026-05-18T16:05:27.818738+00:00
222,INPROC_2D8408,1,10,team2,Team 2 (E/W),54,66,13,♦,finished,2026-05-18T16:05:27.838269+00:00
223,INPROC_660E21,1,10,team1,Team 1 (N/S),73,47,5,♣,finished,2026-05-18T16:05:27.858863+00:00
224,INPROC_F7F1B1,1,10,team2,Team 2 (E/W),33,87,38,♠,finished,2026-05-18T16:05:27.877982+00:00
225,INPROC_DBF404,1,10,team2,Team 2 (E/W),37,83,14,♦,finished,2026-05-18T16:05:27.895171+00:00
226,INPROC_4DDCD7,1,10,team2,Team 2 (E/W),4,116,37,♠,finished,2026-05-18T16:05:27.910278+00:00
227,INPROC_03C184,1,10,team1,Team 1 (N/S),87,33,35,♠,finished,2026-05-18T16:05:27.929019+00:00
228,INPROC_A24BFF,1,10,team1,Team 1 (N/S),79,41,22,♥,finished,2026-05-18T16:05:27.947020+00:00
229,INPROC_F285C3,1,10,team2,Team 2 (E/W),52,68,32,♠,finished,2026-05-18T16:05:27.956901+00:00
230,INPROC_BB7F91,1,10,team2,Team 2 (E/W),30,90,27,♥,finished,2026-05-18T16:05:27.968789+00:00
231,INPROC_013E2E,1,10,team1,Team 1 (N/S),111,9,8,♣,finished,2026-05-18T16:05:27.983901+00:00
232,INPROC_A21DD1,1,10,team2,Team 2 (E/W),23,97,9,♣,finished,2026-05-18T16:05:28.005468+00:00
233,INPROC_9BD57B,1,10,team2,Team 2 (E/W),45,75,25,♥,finished,2026-05-18T16:05:28.026626+00:00
234,INPROC_D03D06,1,10,team2,Team 2 (E/W),28,92,32,♠,finished,2026-05-18T16:05:28.049079+00:00
235,INPROC_29A6F3,1,10,team2,Team 2 (E/W),58,62,9,♣,finished,2026-05-18T16:05:28.068499+00:00
236,INPROC_44AE4C,1,10,team2,Team 2 (E/W),30,90,33,♠,finished,2026-05-18T16:05:28.088813+00:00
237,INPROC_6A4DCF,1,10,team2,Team 2 (E/W),54,66,18,♦,finished,2026-05-18T16:05:28.103642+00:00
238,INPROC_168C6D,1,10,team2,Team 2 (E/W),34,86,34,♠,finished,2026-05-18T16:05:28.116498+00:00
239,INPROC_527B4A,1,10,team2,Team 2 (E/W),39,81,34,♠,finished,2026-05-18T16:05:28.133248+00:00
240,INPROC_42700B,1,10,team2,Team 2 (E/W),37,83,26,♥,finished,2026-05-18T16:05:28.150610+00:00
241,INPROC_9552A3,1,10,team2,Team 2 (E/W),56,64,6,♣,finished,2026-05-18T16:05:28.167829+00:00
242,INPROC_F62323,1,10,team2,Team 2 (E/W),59,61,9,♣,finished,2026-05-18T16:05:28.187746+00:00
243,INPROC_A06F87,1,10,team1,Team 1 (N/S),88,32,18,♦,finished,2026-05-18T16:05:28.205466+00:00
244,INPROC_2F872D,1,10,team1,Team 1 (N/S),62,58,6,♣,finished,2026-05-18T16:05:28.222407+00:00
245,INPROC_CC4169,1,10,team1,Team 1 (N/S),69,51,7,♣,finished,2026-05-18T16:05:28.238935+00:00
246,INPROC_116A05,1,10,team1,Team 1 (N/S),109,11,34,♠,finished,2026-05-18T16:05:28.258041+00:00
247,INPROC_FE42C1,1,10,team1,Team 1 (N/S),68,52,31,♠,finished,2026-05-18T16:05:28.275662+00:00
248,INPROC_FB86CC,1,10,team1,Team 1 (N/S),85,35,5,♣,finished,2026-05-18T16:05:28.292250+00:00
249,INPROC_4F4162,1,10,team1,Team 1 (N/S),96,24,3,♣,finished,2026-05-18T16:05:28.310040+00:00
250,INPROC_005252,1,10,team2,Team 2 (E/W),53,67,23,♥,finished,2026-05-18T16:05:28.325997+00:00
251,INPROC_9B85FC,1,10,team2,Team 2 (E/W),39,81,36,♠,finished,2026-05-18T16:05:28.343683+00:00
252,INPROC_3BB70D,1,10,team2,Team 2 (E/W),14,106,9,♣,finished,2026-05-18T16:05:28.358126+00:00
253,INPROC_CCD05E,1,10,team1,Team 1 (N/S),80,40,32,♠,finished,2026-05-18T16:05:28.375955+00:00
254,INPROC_B954DF,1,10,team1,Team 1 (N/S),78,42,34,♠,finished,2026-05-18T16:05:28.392347+00:00
255,INPROC_161130,1,10,team1,Team 1 (N/S),72,48,32,♠,finished,2026-05-18T16:05:28.409124+00:00
256,INPROC_2E636C,1,10,team2,Team 2 (E/W),54,66,14,♦,finished,2026-05-18T16:05:28.424587+00:00
257,INPROC_643477,1,10,team1,Team 1 (N/S),92,28,22,♥,finished,2026-05-18T16:05:28.442338+00:00
258,INPROC_DE4A29,1,10,team2,Team 2 (E/W),54,66,19,♦,finished,2026-05-18T16:05:28.459148+00:00
259,INPROC_D0E65F,1,10,team2,Team 2 (E/W),0,120,39,♠,finished,2026-05-18T16:05:28.476849+00:00
260,INPROC_B389A1,1,10,team2,Team 2 (E/W),39,81,22,♥,finished,2026-05-18T16:05:28.495977+00:00
261,INPROC_D063DF,1,10,team1,Team 1 (N/S),62,58,6,♣,finished,2026-05-18T16:05:28.512668+00:00
262,INPROC_08395A,1,10,team2,Team 2 (E/W),17,103,28,♥,finished,2026-05-18T16:05:28.528766+00:00
263,INPROC_39FE42,1,10,team1,Team 1 (N/S),72,48,37,♠,finished,2026-05-18T16:05:28.544926+00:00
264,INPROC_E70C60,1,10,team2,Team 2 (E/W),33,87,27,♥,finished,2026-05-18T16:05:28.563297+00:00
265,INPROC_9C41DF,1,10,team2,Team 2 (E/W),55,65,19,♦,finished,2026-05-18T16:05:28.579976+00:00
266,INPROC_39E9A0,1,10,team1,Team 1 (N/S),73,47,6,♣,finished,2026-05-18T16:05:28.596855+00:00
267,INPROC_E53588,1,10,team1,Team 1 (N/S),92,28,34,♠,finished,2026-05-18T16:05:28.614502+00:00
268,INPROC_11A633,1,10,team1,Team 1 (N/S),95,25,26,♥,finished,2026-05-18T16:05:28.631018+00:00
269,INPROC_A0490F,1,10,team2,Team 2 (E/W),46,74,4,♣,finished,2026-05-18T16:05:28.647700+00:00
270,INPROC_5FBFDE,1,10,team2,Team 2 (E/W),55,65,27,♥,finished,2026-05-18T16:05:28.663796+00:00
271,INPROC_2E2359,1,10,team2,Team 2 (E/W),37,83,33,♠,finished,2026-05-18T16:05:28.680539+00:00
272,INPROC_3AA124,1,10,team1,Team 1 (N/S),100,20,16,♦,finished,2026-05-18T16:05:28.697703+00:00
273,INPROC_B4CEA2,1,10,team1,Team 1 (N/S),65,55,21,♥,finished,2026-05-18T16:05:28.709257+00:00
274,INPROC_1F0594,1,10,team1,Team 1 (N/S),80,40,10,♦,finished,2026-05-18T16:05:28.719307+00:00
275,INPROC_549A11,1,10,team1,Team 1 (N/S),103,17,20,♥,finished,2026-05-18T16:05:28.728972+00:00
276,INPROC_73C29D,1,10,team2,Team 2 (E/W),39,81,38,♠,finished,2026-05-18T16:05:28.745072+00:00
277,INPROC_EB48CC,1,10,team2,Team 2 (E/W),53,67,15,♦,finished,2026-05-18T16:05:28.759125+00:00
278,INPROC_8AA0B3,1,10,team1,Team 1 (N/S),68,52,13,♦,finished,2026-05-18T16:05:28.773711+00:00
279,INPROC_64A718,1,10,team1,Team 1 (N/S),81,39,2,♣,finished,2026-05-18T16:05:28.783560+00:00
280,INPROC_429EFD,1,10,team1,Team 1 (N/S),68,52,17,♦,finished,2026-05-18T16:05:28.800026+00:00
281,INPROC_2C4A2C,1,10,team2,Team 2 (E/W),44,76,39,♠,finished,2026-05-18T16:05:28.815193+00:00
282,INPROC_CC40D3,1,10,team2,Team 2 (E/W),40,80,32,♠,finished,2026-05-18T16:05:28.832763+00:00
283,INPROC_5D53FC,1,10,team2,Team 2 (E/W),55,65,26,♥,finished,2026-05-18T16:05:28.849731+00:00
284,INPROC_3B0EAD,1,10,team2,Team 2 (E/W),38,82,6,♣,finished,2026-05-18T16:05:28.865180+00:00
285,INPROC_D93A51,1,10,team1,Team 1 (N/S),81,39,7,♣,finished,2026-05-18T16:05:28.873694+00:00
286,INPROC_48F737,1,10,team2,Team 2 (E/W),27,93,23,♥,finished,2026-05-18T16:05:28.883604+00:00
287,INPROC_91E03E,1,10,team2,Team 2 (E/W),24,96,24,♥,finished,2026-05-18T16:05:28.892685+00:00
288,INPROC_E31296,1,10,team2,Team 2 (E/W),17,103,16,♦,finished,2026-05-18T16:05:28.902208+00:00
289,INPROC_3A2314,1,10,team2,Team 2 (E/W),51,69,12,♦,finished,2026-05-18T16:05:28.912582+00:00
290,INPROC_3B6CB4,1,10,team2,Team 2 (E/W),50,70,7,♣,finished,2026-05-18T16:05:28.920806+00:00
291,INPROC_5E0C0C,1,10,team2,Team 2 (E/W),51,69,15,♦,finished,2026-05-18T16:05:28.929984+00:00
292,INPROC_0EE0C1,1,10,team1,Team 1 (N/S),67,53,39,♠,finished,2026-05-18T16:05:28.942158+00:00
293,INPROC_574D58,1,10,team1,Team 1 (N/S),74,46,14,♦,finished,2026-05-18T16:05:28.952366+00:00
294,INPROC_EF1B15,1,10,team2,Team 2 (E/W),33,87,21,♥,finished,2026-05-18T16:05:28.966434+00:00
295,INPROC_D2F6E9,1,10,team2,Team 2 (E/W),45,75,17,♦,finished,2026-05-18T16:05:28.980430+00:00
296,INPROC_373466,1,10,draw,draw,60,60,33,♠,finished,2026-05-18T16:05:28.997179+00:00
297,INPROC_AD5D52,1,10,team2,Team 2 (E/W),16,104,24,♥,finished,2026-05-18T16:05:29.012251+00:00
298,INPROC_733A9D,1,10,team2,Team 2 (E/W),46,74,18,♦,finished,2026-05-18T16:05:29.029176+00:00
299,INPROC_12DCB6,1,10,team1,Team 1 (N/S),65,55,11,♦,finished,2026-05-18T16:05:29.042953+00:00
300,INPROC_D951EA,1,10,team2,Team 2 (E/W),16,104,33,♠,finished,2026-05-18T16:05:29.056421+00:00
301,INPROC_C7F92A,1,10,team2,Team 2 (E/W),46,74,4,♣,finished,2026-05-18T16:05:29.070380+00:00
302,INPROC_006DBF,1,10,team2,Team 2 (E/W),19,101,22,♥,finished,2026-05-18T16:05:29.086764+00:00
303,INPROC_40EAEE,1,10,team1,Team 1 (N/S),90,30,9,♣,finished,2026-05-18T16:05:29.102344+00:00
304,INPROC_78E1A4,1,10,team1,Team 1 (N/S),114,6,4,♣,finished,2026-05-18T16:05:29.116990+00:00
305,INPROC_A90A21,1,10,team2,Team 2 (E/W),40,80,16,♦,finished,2026-05-18T16:05:29.132694+00:00
306,INPROC_DCB296,1,10,team2,Team 2 (E/W),40,80,12,♦,finished,2026-05-18T16:05:29.149032+00:00
307,INPROC_6AB89F,1,10,team2,Team 2 (E/W),30,90,5,♣,finished,2026-05-18T16:05:29.165318+00:00
308,INPROC_49A8FB,1,10,team2,Team 2 (E/W),41,79,18,♦,finished,2026-05-18T16:05:29.180695+00:00
309,INPROC_133F1E,1,10,team2,Team 2 (E/W),12,108,19,♦,finished,2026-05-18T16:05:29.195913+00:00
310,INPROC_905895,1,10,team2,Team 2 (E/W),23,97,8,♣,finished,2026-05-18T16:05:29.212907+00:00
311,INPROC_7AA5DE,1,10,team1,Team 1 (N/S),98,22,20,♥,finished,2026-05-18T16:05:29.229247+00:00
312,INPROC_EF139C,1,10,team1,Team 1 (N/S),66,54,34,♠,finished,2026-05-18T16:05:29.240669+00:00
313,INPROC_76B77D,1,10,team2,Team 2 (E/W),44,76,24,♥,finished,2026-05-18T16:05:29.258561+00:00
314,INPROC_3CD9C9,1,10,team2,Team 2 (E/W),45,75,32,♠,finished,2026-05-18T16:05:29.273796+00:00
315,INPROC_6E90A4,1,10,team1,Team 1 (N/S),77,43,34,♠,finished,2026-05-18T16:05:29.288422+00:00
316,INPROC_9C1ED6,1,10,team1,Team 1 (N/S),96,24,31,♠,finished,2026-05-18T16:05:29.305534+00:00
317,INPROC_7B8CC4,1,10,team2,Team 2 (E/W),53,67,2,♣,finished,2026-05-18T16:05:29.320480+00:00
318,INPROC_D02C91,1,10,team1,Team 1 (N/S),105,15,1,♣,finished,2026-05-18T16:05:29.336104+00:00
319,INPROC_8B9D07,1,10,team1,Team 1 (N/S),77,43,33,♠,finished,2026-05-18T16:05:29.351011+00:00
320,INPROC_34B968,1,10,team1,Team 1 (N/S),68,52,30,♠,finished,2026-05-18T16:05:29.365902+00:00
321,INPROC_F8AA5D,1,10,team1,Team 1 (N/S),69,51,38,♠,finished,2026-05-18T16:05:29.380367+00:00
322,INPROC_4DD6EE,1,10,team1,Team 1 (N/S),70,50,31,♠,finished,2026-05-18T16:05:29.395693+00:00
323,INPROC_7A0261,1,10,team2,Team 2 (E/W),32,88,27,♥,finished,2026-05-18T16:05:29.410501+00:00
324,INPROC_63163B,1,10,team1,Team 1 (N/S),83,37,27,♥,finished,2026-05-18T16:05:29.426479+00:00
325,INPROC_506AF4,1,10,team1,Team 1 (N/S),76,44,29,♥,finished,2026-05-18T16:05:29.441349+00:00
326,INPROC_27756B,1,10,team1,Team 1 (N/S),66,54,30,♠,finished,2026-05-18T16:05:29.450825+00:00
327,INPROC_458943,1,10,team1,Team 1 (N/S),88,32,24,♥,finished,2026-05-18T16:05:29.460605+00:00
328,INPROC_67365C,1,10,team2,Team 2 (E/W),45,75,8,♣,finished,2026-05-18T16:05:29.469586+00:00
329,INPROC_692F5D,1,10,team2,Team 2 (E/W),0,120,6,♣,finished,2026-05-18T16:05:29.482014+00:00
330,INPROC_A2EC31,1,10,team1,Team 1 (N/S),98,22,20,♥,finished,2026-05-18T16:05:29.494767+00:00
331,INPROC_BE118E,1,10,team1,Team 1 (N/S),72,48,27,♥,finished,2026-05-18T16:05:29.509356+00:00
332,INPROC_1F8BE0,1,10,team2,Team 2 (E/W),21,99,31,♠,finished,2026-05-18T16:05:29.522074+00:00
333,INPROC_954875,1,10,team2,Team 2 (E/W),44,76,17,♦,finished,2026-05-18T16:05:29.537053+00:00
334,INPROC_B097CF,1,10,team1,Team 1 (N/S),77,43,23,♥,finished,2026-05-18T16:05:29.552553+00:00
335,INPROC_EEFB1F,1,10,team1,Team 1 (N/S),70,50,32,♠,finished,2026-05-18T16:05:29.566935+00:00
336,INPROC_5831D5,1,10,team1,Team 1 (N/S),96,24,25,♥,finished,2026-05-18T16:05:29.581235+00:00
337,INPROC_7ABF11,1,10,team2,Team 2 (E/W),41,79,30,♠,finished,2026-05-18T16:05:29.598709+00:00
338,INPROC_A5130D,1,10,team1,Team 1 (N/S),105,15,7,♣,finished,2026-05-18T16:05:29.615981+00:00
339,INPROC_7A80C6,1,10,team2,Team 2 (E/W),26,94,0,♣,finished,2026-05-18T16:05:29.629057+00:00
340,INPROC_39FA25,1,10,team2,Team 2 (E/W),53,67,15,♦,finished,2026-05-18T16:05:29.646293+00:00
341,INPROC_760858,1,10,team1,Team 1 (N/S),114,6,13,♦,finished,2026-05-18T16:05:29.660731+00:00
342,INPROC_B26FCB,1,10,team2,Team 2 (E/W),48,72,6,♣,finished,2026-05-18T16:05:29.675189+00:00
343,INPROC_CE54EA,1,10,team2,Team 2 (E/W),16,104,6,♣,finished,2026-05-18T16:05:29.690393+00:00
344,INPROC_DB8F27,1,10,team2,Team 2 (E/W),29,91,11,♦,finished,2026-05-18T16:05:29.706712+00:00
345,INPROC_C0D704,1,10,team2,Team 2 (E/W),58,62,0,♣,finished,2026-05-18T16:05:29.721210+00:00
346,INPROC_AAD778,1,10,team1,Team 1 (N/S),90,30,38,♠,finished,2026-05-18T16:05:29.738258+00:00
347,INPROC_27115E,1,10,team2,Team 2 (E/W),29,91,32,♠,finished,2026-05-18T16:05:29.754217+00:00
348,INPROC_7B638F,1,10,team2,Team 2 (E/W),23,97,38,♠,finished,2026-05-18T16:05:29.772711+00:00
349,INPROC_D3FEFE,1,10,team2,Team 2 (E/W),34,86,15,♦,finished,2026-05-18T16:05:29.791152+00:00
350,INPROC_75AD76,1,10,team1,Team 1 (N/S),75,45,34,♠,finished,2026-05-18T16:05:29.807832+00:00
351,INPROC_43E03F,1,10,team1,Team 1 (N/S),73,47,15,♦,finished,2026-05-18T16:05:29.820477+00:00
352,INPROC_002E19,1,10,team2,Team 2 (E/W),50,70,11,♦,finished,2026-05-18T16:05:29.834126+00:00
353,INPROC_A13B35,1,10,team2,Team 2 (E/W),51,69,23,♥,finished,2026-05-18T16:05:29.848877+00:00
354,INPROC_54E37D,1,10,team1,Team 1 (N/S),83,37,21,♥,finished,2026-05-18T16:05:29.856475+00:00
355,INPROC_8FE16E,1,10,team1,Team 1 (N/S),77,43,1,♣,finished,2026-05-18T16:05:29.870338+00:00
356,INPROC_7CEB11,1,10,team1,Team 1 (N/S),61,59,4,♣,finished,2026-05-18T16:05:29.886104+00:00
357,INPROC_1D8D46,1,10,team1,Team 1 (N/S),92,28,23,♥,finished,2026-05-18T16:05:29.900457+00:00
358,INPROC_5806BA,1,10,team2,Team 2 (E/W),50,70,19,♦,finished,2026-05-18T16:05:29.915981+00:00
359,INPROC_C3B36D,1,10,team2,Team 2 (E/W),46,74,0,♣,finished,2026-05-18T16:05:29.928022+00:00
360,INPROC_A4C5C9,1,10,team1,Team 1 (N/S),69,51,36,♠,finished,2026-05-18T16:05:29.940614+00:00
361,INPROC_9C4C08,1,10,team2,Team 2 (E/W),22,98,1,♣,finished,2026-05-18T16:05:29.954991+00:00
362,INPROC_F5EC4F,1,10,team1,Team 1 (N/S),72,48,38,♠,finished,2026-05-18T16:05:29.970967+00:00
363,INPROC_530119,1,10,team1,Team 1 (N/S),75,45,11,♦,finished,2026-05-18T16:05:29.987031+00:00
364,INPROC_8C2797,1,10,team1,Team 1 (N/S),75,45,27,♥,finished,2026-05-18T16:05:30.002709+00:00
365,INPROC_596150,1,10,team2,Team 2 (E/W),55,65,2,♣,finished,2026-05-18T16:05:30.017756+00:00
366,INPROC_57CF63,1,10,team2,Team 2 (E/W),54,66,14,♦,finished,2026-05-18T16:05:30.034684+00:00
367,INPROC_278F83,1,10,team1,Team 1 (N/S),67,53,26,♥,finished,2026-05-18T16:05:30.048725+00:00
368,INPROC_419722,1,10,team2,Team 2 (E/W),46,74,14,♦,finished,2026-05-18T16:05:30.064170+00:00
369,INPROC_A0186A,1,10,team1,Team 1 (N/S),80,40,21,♥,finished,2026-05-18T16:05:30.078418+00:00
370,INPROC_2AFE82,1,10,team1,Team 1 (N/S),74,46,4,♣,finished,2026-05-18T16:05:30.091396+00:00
371,INPROC_6F28A5,1,10,team2,Team 2 (E/W),22,98,25,♥,finished,2026-05-18T16:05:30.104598+00:00
372,INPROC_061420,1,10,team1,Team 1 (N/S),91,29,11,♦,finished,2026-05-18T16:05:30.118744+00:00
373,INPROC_EA47F6,1,10,team1,Team 1 (N/S),78,42,39,♠,finished,2026-05-18T16:05:30.132293+00:00
374,INPROC_6DB31E,1,10,team1,Team 1 (N/S),109,11,18,♦,finished,2026-05-18T16:05:30.145558+00:00
375,INPROC_717A9C,1,10,team2,Team 2 (E/W),24,96,2,♣,finished,2026-05-18T16:05:30.160040+00:00
376,INPROC_EA3520,1,10,team1,Team 1 (N/S),80,40,3,♣,finished,2026-05-18T16:05:30.177616+00:00
377,INPROC_B2084A,1,10,team2,Team 2 (E/W),40,80,8,♣,finished,2026-05-18T16:05:30.193721+00:00
378,INPROC_B3680B,1,10,team1,Team 1 (N/S),100,20,35,♠,finished,2026-05-18T16:05:30.208849+00:00
379,INPROC_6ACACB,1,10,team2,Team 2 (E/W),18,102,17,♦,finished,2026-05-18T16:05:30.222997+00:00
380,INPROC_67303B,1,10,team1,Team 1 (N/S),100,20,22,♥,finished,2026-05-18T16:05:30.233368+00:00
381,INPROC_AF15DC,1,10,team1,Team 1 (N/S),66,54,38,♠,finished,2026-05-18T16:05:30.244984+00:00
382,INPROC_8FDE89,1,10,team1,Team 1 (N/S),102,18,8,♣,finished,2026-05-18T16:05:30.256757+00:00
383,INPROC_F00854,1,10,team1,Team 1 (N/S),84,36,36,♠,finished,2026-05-18T16:05:30.272785+00:00
384,INPROC_45D5F4,1,10,team2,Team 2 (E/W),45,75,16,♦,finished,2026-05-18T16:05:30.287316+00:00
385,INPROC_45FCF9,1,10,team2,Team 2 (E/W),0,120,0,♣,finished,2026-05-18T16:05:30.302473+00:00
386,INPROC_4EEBDC,1,10,team1,Team 1 (N/S),68,52,11,♦,finished,2026-05-18T16:05:30.317098+00:00
387,INPROC_47D85D,1,10,team1,Team 1 (N/S),113,7,38,♠,finished,2026-05-18T16:05:30.327355+00:00
388,INPROC_9B80ED,1,10,team1,Team 1 (N/S),86,34,35,♠,finished,2026-05-18T16:05:30.339414+00:00
389,INPROC_98A0C0,1,10,team1,Team 1 (N/S),80,40,29,♥,finished,2026-05-18T16:05:30.349817+00:00
390,INPROC_33AD81,1,10,team2,Team 2 (E/W),0,120,4,♣,finished,2026-05-18T16:05:30.359304+00:00
391,INPROC_998AEE,1,10,team1,Team 1 (N/S),118,2,22,♥,finished,2026-05-18T16:05:30.368507+00:00
392,INPROC_311599,1,10,draw,draw,60,60,11,♦,finished,2026-05-18T16:05:30.382381+00:00
393,INPROC_9AED01,1,10,team2,Team 2 (E/W),44,76,3,♣,finished,2026-05-18T16:05:30.394447+00:00
394,INPROC_75249B,1,10,team1,Team 1 (N/S),70,50,0,♣,finished,2026-05-18T16:05:30.403563+00:00
395,INPROC_01ACC1,1,10,team1,Team 1 (N/S),68,52,32,♠,finished,2026-05-18T16:05:30.414130+00:00
396,INPROC_A76B54,1,10,team1,Team 1 (N/S),102,18,24,♥,finished,2026-05-18T16:05:30.426887+00:00
397,INPROC_BFDBBE,1,10,team1,Team 1 (N/S),69,51,10,♦,finished,2026-05-18T16:05:30.440627+00:00
398,INPROC_7F5D4B,1,10,draw,draw,60,60,35,♠,finished,2026-05-18T16:05:30.454903+00:00
399,INPROC_F9B520,1,10,team2,Team 2 (E/W),46,74,13,♦,finished,2026-05-18T16:05:30.469610+00:00
400,INPROC_03B125,1,10,team1,Team 1 (N/S),81,39,14,♦,finished,2026-05-18T16:05:30.484979+00:00
401,INPROC_62860D,1,10,team2,Team 2 (E/W),57,63,37,♠,finished,2026-05-18T16:05:30.502019+00:00
402,INPROC_DF9BE8,1,10,team2,Team 2 (E/W),57,63,3,♣,finished,2026-05-18T16:05:30.516069+00:00
403,INPROC_1D68A1,1,10,team2,Team 2 (E/W),45,75,1,♣,finished,2026-05-18T16:05:30.532756+00:00
404,INPROC_B4AFDC,1,10,team2,Team 2 (E/W),47,73,7,♣,finished,2026-05-18T16:05:30.548921+00:00
405,INPROC_8E990C,1,10,team1,Team 1 (N/S),64,56,33,♠,finished,2026-05-18T16:05:30.567130+00:00
406,INPROC_A8DE18,1,10,team2,Team 2 (E/W),19,101,7,♣,finished,2026-05-18T16:05:30.586653+00:00
407,INPROC_74896D,1,10,team2,Team 2 (E/W),41,79,38,♠,finished,2026-05-18T16:05:30.604214+00:00
408,INPROC_F05826,1,10,team2,Team 2 (E/W),35,85,29,♥,finished,2026-05-18T16:05:30.624142+00:00
409,INPROC_29151C,1,10,team1,Team 1 (N/S),104,16,7,♣,finished,2026-05-18T16:05:30.640239+00:00
410,INPROC_65E5ED,1,10,team2,Team 2 (E/W),14,106,5,♣,finished,2026-05-18T16:05:30.656077+00:00
411,INPROC_B1A92E,1,10,team2,Team 2 (E/W),26,94,12,♦,finished,2026-05-18T16:05:30.671751+00:00
412,INPROC_42C83A,1,10,team1,Team 1 (N/S),93,27,22,♥,finished,2026-05-18T16:05:30.688331+00:00
413,INPROC_15BACC,1,10,team2,Team 2 (E/W),55,65,18,♦,finished,2026-05-18T16:05:30.703219+00:00
414,INPROC_3D130E,1,10,team2,Team 2 (E/W),58,62,33,♠,finished,2026-05-18T16:05:30.718025+00:00
415,INPROC_251E75,1,10,team1,Team 1 (N/S),83,37,3,♣,finished,2026-05-18T16:05:30.733222+00:00
416,INPROC_EA968A,1,10,team1,Team 1 (N/S),90,30,11,♦,finished,2026-05-18T16:05:30.748293+00:00
417,INPROC_9A006E,1,10,team2,Team 2 (E/W),11,109,9,♣,finished,2026-05-18T16:05:30.763040+00:00
418,INPROC_E50B3E,1,10,team1,Team 1 (N/S),65,55,3,♣,finished,2026-05-18T16:05:30.778569+00:00
419,INPROC_6F3912,1,10,team2,Team 2 (E/W),39,81,37,♠,finished,2026-05-18T16:05:30.795282+00:00
420,INPROC_FCC963,1,10,team2,Team 2 (E/W),42,78,35,♠,finished,2026-05-18T16:05:30.809848+00:00
421,INPROC_FDEB69,1,10,team1,Team 1 (N/S),68,52,8,♣,finished,2026-05-18T16:05:30.820854+00:00
422,INPROC_31EBD1,1,10,team2,Team 2 (E/W),54,66,18,♦,finished,2026-05-18T16:05:30.838774+00:00
423,INPROC_5C3F37,1,10,team2,Team 2 (E/W),51,69,24,♥,finished,2026-05-18T16:05:30.856754+00:00
424,INPROC_BC7F32,1,10,team2,Team 2 (E/W),35,85,31,♠,finished,2026-05-18T16:05:30.874293+00:00
425,INPROC_74EF72,1,10,team2,Team 2 (E/W),20,100,7,♣,finished,2026-05-18T16:05:30.889902+00:00
426,INPROC_549CCE,1,10,team1,Team 1 (N/S),72,48,34,♠,finished,2026-05-18T16:05:30.904563+00:00
427,INPROC_CCBB98,1,10,team2,Team 2 (E/W),47,73,6,♣,finished,2026-05-18T16:05:30.919533+00:00
428,INPROC_FD0124,1,10,team1,Team 1 (N/S),68,52,3,♣,finished,2026-05-18T16:05:30.935366+00:00
429,INPROC_5A87E0,1,10,team1,Team 1 (N/S),79,41,35,♠,finished,2026-05-18T16:05:30.952744+00:00
430,INPROC_B596D9,1,10,team1,Team 1 (N/S),68,52,27,♥,finished,2026-05-18T16:05:30.968624+00:00
431,INPROC_E5E563,1,10,team1,Team 1 (N/S),64,56,8,♣,finished,2026-05-18T16:05:30.984831+00:00
432,INPROC_A63618,1,10,team2,Team 2 (E/W),41,79,18,♦,finished,2026-05-18T16:05:30.997988+00:00
433,INPROC_C4754A,1,10,team2,Team 2 (E/W),15,105,15,♦,finished,2026-05-18T16:05:31.013482+00:00
434,INPROC_8133C5,1,10,team1,Team 1 (N/S),61,59,8,♣,finished,2026-05-18T16:05:31.028622+00:00
435,INPROC_3697A9,1,10,team1,Team 1 (N/S),79,41,13,♦,finished,2026-05-18T16:05:31.042941+00:00
436,INPROC_965C86,1,10,team1,Team 1 (N/S),61,59,0,♣,finished,2026-05-18T16:05:31.058999+00:00
437,INPROC_C5D04C,1,10,team1,Team 1 (N/S),78,42,0,♣,finished,2026-05-18T16:05:31.074461+00:00
438,INPROC_0EE390,1,10,team1,Team 1 (N/S),74,46,4,♣,finished,2026-05-18T16:05:31.088754+00:00
439,INPROC_16160F,1,10,team2,Team 2 (E/W),53,67,4,♣,finished,2026-05-18T16:05:31.105129+00:00
440,INPROC_CBBB2E,1,10,team2,Team 2 (E/W),44,76,10,♦,finished,2026-05-18T16:05:31.120004+00:00
441,INPROC_FBA7C7,1,10,team2,Team 2 (E/W),30,90,4,♣,finished,2026-05-18T16:05:31.134834+00:00
442,INPROC_2103CF,1,10,team2,Team 2 (E/W),33,87,19,♦,finished,2026-05-18T16:05:31.148937+00:00
443,INPROC_BDEA62,1,10,team2,Team 2 (E/W),59,61,33,♠,finished,2026-05-18T16:05:31.162903+00:00
444,INPROC_DC0323,1,10,team2,Team 2 (E/W),42,78,5,♣,finished,2026-05-18T16:05:31.178813+00:00
445,INPROC_4234F6,1,10,team2,Team 2 (E/W),53,67,30,♠,finished,2026-05-18T16:05:31.192846+00:00
446,INPROC_29EE73,1,10,team2,Team 2 (E/W),51,69,12,♦,finished,2026-05-18T16:05:31.206804+00:00
447,INPROC_31F96A,1,10,team1,Team 1 (N/S),81,39,4,♣,finished,2026-05-18T16:05:31.220495+00:00
448,INPROC_494173,1,10,team2,Team 2 (E/W),33,87,5,♣,finished,2026-05-18T16:05:31.233372+00:00
449,INPROC_76AE63,1,10,team1,Team 1 (N/S),86,34,25,♥,finished,2026-05-18T16:05:31.245724+00:00
450,INPROC_D0F5ED,1,10,team2,Team 2 (E/W),56,64,13,♦,finished,2026-05-18T16:05:31.261397+00:00
451,INPROC_DBA80A,1,10,team2,Team 2 (E/W),30,90,21,♥,finished,2026-05-18T16:05:31.274424+00:00
452,INPROC_E2BA44,1,10,team2,Team 2 (E/W),36,84,27,♥,finished,2026-05-18T16:05:31.287963+00:00
453,INPROC_AB5F62,1,10,team2,Team 2 (E/W),50,70,35,♠,finished,2026-05-18T16:05:31.298588+00:00
454,INPROC_DF53FE,1,10,team2,Team 2 (E/W),55,65,31,♠,finished,2026-05-18T16:05:31.308353+00:00
455,INPROC_CEDDB9,1,10,team2,Team 2 (E/W),58,62,4,♣,finished,2026-05-18T16:05:31.323209+00:00
456,INPROC_907616,1,10,draw,draw,60,60,21,♥,finished,2026-05-18T16:05:31.338106+00:00
457,INPROC_E6501D,1,10,team1,Team 1 (N/S),90,30,12,♦,finished,2026-05-18T16:05:31.351972+00:00
458,INPROC_C67391,1,10,team2,Team 2 (E/W),28,92,36,♠,finished,2026-05-18T16:05:31.366947+00:00
459,INPROC_7A97D8,1,10,team2,Team 2 (E/W),59,61,2,♣,finished,2026-05-18T16:05:31.382151+00:00
460,INPROC_368533,1,10,team2,Team 2 (E/W),18,102,11,♦,finished,2026-05-18T16:05:31.398950+00:00
461,INPROC_F57635,1,10,team2,Team 2 (E/W),33,87,9,♣,finished,2026-05-18T16:05:31.413388+00:00
462,INPROC_22D62D,1,10,team1,Team 1 (N/S),69,51,3,♣,finished,2026-05-18T16:05:31.427376+00:00
463,INPROC_FADD75,1,10,team1,Team 1 (N/S),71,49,24,♥,finished,2026-05-18T16:05:31.443539+00:00
464,INPROC_5EDDAA,1,10,team2,Team 2 (E/W),19,101,17,♦,finished,2026-05-18T16:05:31.460019+00:00
465,INPROC_7DB383,1,10,team1,Team 1 (N/S),83,37,22,♥,finished,2026-05-18T16:05:31.476869+00:00
466,INPROC_9B15FB,1,10,team1,Team 1 (N/S),65,55,36,♠,finished,2026-05-18T16:05:31.491787+00:00
467,INPROC_A46BE3,1,10,draw,draw,60,60,25,♥,finished,2026-05-18T16:05:31.501125+00:00
468,INPROC_CA09BE,1,10,team2,Team 2 (E/W),43,77,28,♥,finished,2026-05-18T16:05:31.512187+00:00
469,INPROC_637190,1,10,team1,Team 1 (N/S),65,55,17,♦,finished,2026-05-18T16:05:31.523253+00:00
470,INPROC_6CDB59,1,10,team1,Team 1 (N/S),96,24,4,♣,finished,2026-05-18T16:05:31.533813+00:00
471,INPROC_0C9F2E,1,10,team2,Team 2 (E/W),32,88,8,♣,finished,2026-05-18T16:05:31.547253+00:00
472,INPROC_2F33F1,1,10,team2,Team 2 (E/W),51,69,33,♠,finished,2026-05-18T16:05:31.559930+00:00
473,INPROC_063CF8,1,10,team2,Team 2 (E/W),53,67,39,♠,finished,2026-05-18T16:05:31.570816+00:00
474,INPROC_49E8EA,1,10,team2,Team 2 (E/W),52,68,23,♥,finished,2026-05-18T16:05:31.582075+00:00
475,INPROC_6795B8,1,10,team2,Team 2 (E/W),44,76,29,♥,finished,2026-05-18T16:05:31.595796+00:00
476,INPROC_981846,1,10,team2,Team 2 (E/W),29,91,39,♠,finished,2026-05-18T16:05:31.607374+00:00
477,INPROC_99E870,1,10,team2,Team 2 (E/W),29,91,3,♣,finished,2026-05-18T16:05:31.618058+00:00
478,INPROC_4182A2,1,10,team1,Team 1 (N/S),82,38,10,♦,finished,2026-05-18T16:05:31.627305+00:00
479,INPROC_785D5B,1,10,team2,Team 2 (E/W),28,92,39,♠,finished,2026-05-18T16:05:31.638100+00:00
480,INPROC_536FB3,1,10,team2,Team 2 (E/W),44,76,33,♠,finished,2026-05-18T16:05:31.651006+00:00
481,INPROC_7CEE08,1,10,team2,Team 2 (E/W),57,63,14,♦,finished,2026-05-18T16:05:31.664835+00:00
482,INPROC_C36CC6,1,10,team1,Team 1 (N/S),112,8,31,♠,finished,2026-05-18T16:05:31.679851+00:00
483,INPROC_5415C4,1,10,draw,draw,60,60,32,♠,finished,2026-05-18T16:05:31.694721+00:00
484,INPROC_BF06A9,1,10,team2,Team 2 (E/W),45,75,35,♠,finished,2026-05-18T16:05:31.709513+00:00
485,INPROC_C8CF9F,1,10,team2,Team 2 (E/W),18,102,26,♥,finished,2026-05-18T16:05:31.721891+00:00
486,INPROC_EAA480,1,10,team1,Team 1 (N/S),83,37,1,♣,finished,2026-05-18T16:05:31.731199+00:00
487,INPROC_70031C,1,10,team2,Team 2 (E/W),12,108,13,♦,finished,2026-05-18T16:05:31.743170+00:00
488,INPROC_7CB42B,1,10,team1,Team 1 (N/S),61,59,13,♦,finished,2026-05-18T16:05:31.756444+00:00
489,INPROC_0AFC12,1,10,team2,Team 2 (E/W),36,84,34,♠,finished,2026-05-18T16:05:31.766316+00:00
490,INPROC_2D9519,1,10,team1,Team 1 (N/S),67,53,11,♦,finished,2026-05-18T16:05:31.777815+00:00
491,INPROC_23C311,1,10,team1,Team 1 (N/S),74,46,29,♥,finished,2026-05-18T16:05:31.788707+00:00
492,INPROC_06F133,1,10,team2,Team 2 (E/W),58,62,16,♦,finished,2026-05-18T16:05:31.796909+00:00
493,INPROC_BE52E8,1,10,team2,Team 2 (E/W),46,74,0,♣,finished,2026-05-18T16:05:31.808647+00:00
494,INPROC_178EEF,1,10,team1,Team 1 (N/S),71,49,28,♥,finished,2026-05-18T16:05:31.822613+00:00
495,INPROC_8D8087,1,10,team2,Team 2 (E/W),51,69,24,♥,finished,2026-05-18T16:05:31.833267+00:00
496,INPROC_2F4884,1,10,team2,Team 2 (E/W),59,61,22,♥,finished,2026-05-18T16:05:31.842793+00:00
497,INPROC_03FBAA,1,10,team1,Team 1 (N/S),75,45,34,♠,finished,2026-05-18T16:05:31.855886+00:00
498,INPROC_5462BC,1,10,team2,Team 2 (E/W),53,67,5,♣,finished,2026-05-18T16:05:31.869876+00:00
499,INPROC_B3C1C7,1,10,team2,Team 2 (E/W),45,75,39,♠,finished,2026-05-18T16:05:31.884814+00:00
500,INPROC_C32489,1,10,team1,Team 1 (N/S),107,13,37,♠,finished,2026-05-18T16:05:31.898724+00:00
501,INPROC_B384A5,1,10,team1,Team 1 (N/S),68,52,13,♦,finished,2026-05-18T16:05:31.915106+00:00
502,INPROC_E321D5,1,10,draw,draw,60,60,33,♠,finished,2026-05-18T16:05:31.930434+00:00
503,INPROC_EA3C31,1,10,team2,Team 2 (E/W),41,79,39,♠,finished,2026-05-18T16:05:31.944146+00:00
504,INPROC_C91375,1,10,team2,Team 2 (E/W),58,62,31,♠,finished,2026-05-18T16:05:31.956882+00:00
505,INPROC_C15539,1,10,team2,Team 2 (E/W),37,83,16,♦,finished,2026-05-18T16:05:31.972775+00:00
506,INPROC_940A41,1,10,team1,Team 1 (N/S),96,24,2,♣,finished,2026-05-18T16:05:31.987503+00:00
507,INPROC_9D1BB1,1,10,team2,Team 2 (E/W),56,64,13,♦,finished,2026-05-18T16:05:32.001219+00:00
508,INPROC_AC72AF,1,10,team2,Team 2 (E/W),47,73,23,♥,finished,2026-05-18T16:05:32.015134+00:00
509,INPROC_6B4EED,1,10,team1,Team 1 (N/S),86,34,3,♣,finished,2026-05-18T16:05:32.030367+00:00
510,INPROC_25D281,1,10,team2,Team 2 (E/W),42,78,31,♠,finished,2026-05-18T16:05:32.045145+00:00
511,INPROC_5A132F,1,10,team2,Team 2 (E/W),49,71,6,♣,finished,2026-05-18T16:05:32.061637+00:00
512,INPROC_853616,1,10,team2,Team 2 (E/W),39,81,1,♣,finished,2026-05-18T16:05:32.079104+00:00
513,INPROC_3B9ED9,1,10,team2,Team 2 (E/W),51,69,4,♣,finished,2026-05-18T16:05:32.094411+00:00
514,INPROC_27A91A,1,10,team1,Team 1 (N/S),88,32,31,♠,finished,2026-05-18T16:05:32.110500+00:00
515,INPROC_A204B5,1,10,team2,Team 2 (E/W),44,76,29,♥,finished,2026-05-18T16:05:32.125640+00:00
516,INPROC_CD67F6,1,10,team1,Team 1 (N/S),98,22,11,♦,finished,2026-05-18T16:05:32.140536+00:00
517,INPROC_770387,1,10,team2,Team 2 (E/W),50,70,37,♠,finished,2026-05-18T16:05:32.156279+00:00
518,INPROC_A27B95,1,10,team2,Team 2 (E/W),7,113,26,♥,finished,2026-05-18T16:05:32.170850+00:00
519,INPROC_1697AA,1,10,team1,Team 1 (N/S),92,28,12,♦,finished,2026-05-18T16:05:32.184990+00:00
520,INPROC_F9D046,1,10,team2,Team 2 (E/W),34,86,32,♠,finished,2026-05-18T16:05:32.199424+00:00
521,INPROC_283B2F,1,10,team2,Team 2 (E/W),20,100,39,♠,finished,2026-05-18T16:05:32.213882+00:00
522,INPROC_D51A5D,1,10,team1,Team 1 (N/S),77,43,8,♣,finished,2026-05-18T16:05:32.228176+00:00
523,INPROC_6C58AA,1,10,team2,Team 2 (E/W),53,67,7,♣,finished,2026-05-18T16:05:32.239220+00:00
524,INPROC_710DF3,1,10,team2,Team 2 (E/W),0,120,30,♠,finished,2026-05-18T16:05:32.251600+00:00
525,INPROC_FB225E,1,10,team1,Team 1 (N/S),78,42,23,♥,finished,2026-05-18T16:05:32.265053+00:00
526,INPROC_43FEDB,1,10,team2,Team 2 (E/W),15,105,17,♦,finished,2026-05-18T16:05:32.283345+00:00
527,INPROC_370B85,1,10,team1,Team 1 (N/S),66,54,1,♣,finished,2026-05-18T16:05:32.296497+00:00
528,INPROC_E480FF,1,10,team1,Team 1 (N/S),76,44,34,♠,finished,2026-05-18T16:05:32.312195+00:00
529,INPROC_5F352F,1,10,team2,Team 2 (E/W),48,72,28,♥,finished,2026-05-18T16:05:32.325454+00:00
530,INPROC_DEA06E,1,10,team2,Team 2 (E/W),49,71,5,♣,finished,2026-05-18T16:05:32.342301+00:00
531,INPROC_D16BD4,1,10,team1,Team 1 (N/S),76,44,26,♥,finished,2026-05-18T16:05:32.358935+00:00
532,INPROC_355C69,1,10,team1,Team 1 (N/S),70,50,5,♣,finished,2026-05-18T16:05:32.373316+00:00
533,INPROC_C1AC79,1,10,team2,Team 2 (E/W),49,71,30,♠,finished,2026-05-18T16:05:32.388610+00:00
534,INPROC_F4C735,1,10,team2,Team 2 (E/W),46,74,2,♣,finished,2026-05-18T16:05:32.401997+00:00
535,INPROC_598434,1,10,team2,Team 2 (E/W),25,95,22,♥,finished,2026-05-18T16:05:32.411818+00:00
536,INPROC_256281,1,10,team1,Team 1 (N/S),73,47,1,♣,finished,2026-05-18T16:05:32.421738+00:00
537,INPROC_1D23AD,1,10,team1,Team 1 (N/S),80,40,6,♣,finished,2026-05-18T16:05:32.436022+00:00
538,INPROC_F3BAB1,1,10,team1,Team 1 (N/S),99,21,25,♥,finished,2026-05-18T16:05:32.450227+00:00
539,INPROC_0083E9,1,10,team2,Team 2 (E/W),34,86,23,♥,finished,2026-05-18T16:05:32.466061+00:00
540,INPROC_0A8B8B,1,10,team1,Team 1 (N/S),64,56,33,♠,finished,2026-05-18T16:05:32.481926+00:00
541,INPROC_548165,1,10,team2,Team 2 (E/W),41,79,27,♥,finished,2026-05-18T16:05:32.495989+00:00
542,INPROC_4E54F4,1,10,team1,Team 1 (N/S),91,29,26,♥,finished,2026-05-18T16:05:32.510201+00:00
543,INPROC_F646A7,1,10,team2,Team 2 (E/W),19,101,21,♥,finished,2026-05-18T16:05:32.527111+00:00
544,INPROC_223CEF,1,10,team1,Team 1 (N/S),63,57,1,♣,finished,2026-05-18T16:05:32.542992+00:00
545,INPROC_E8E99A,1,10,team2,Team 2 (E/W),4,116,39,♠,finished,2026-05-18T16:05:32.559213+00:00
546,INPROC_48C019,1,10,team2,Team 2 (E/W),30,90,17,♦,finished,2026-05-18T16:05:32.575179+00:00
547,INPROC_10F539,1,10,team1,Team 1 (N/S),67,53,9,♣,finished,2026-05-18T16:05:32.591570+00:00
548,INPROC_7E6FA6,1,10,team2,Team 2 (E/W),51,69,3,♣,finished,2026-05-18T16:05:32.607759+00:00
549,INPROC_1F0554,1,10,team2,Team 2 (E/W),46,74,3,♣,finished,2026-05-18T16:05:32.623008+00:00
550,INPROC_B6EA8B,1,10,team1,Team 1 (N/S),76,44,33,♠,finished,2026-05-18T16:05:32.636616+00:00
551,INPROC_097B14,1,10,team2,Team 2 (E/W),58,62,19,♦,finished,2026-05-18T16:05:32.651989+00:00
552,INPROC_C73B48,1,10,team1,Team 1 (N/S),105,15,35,♠,finished,2026-05-18T16:05:32.666089+00:00
553,INPROC_0DAAFA,1,10,team2,Team 2 (E/W),56,64,10,♦,finished,2026-05-18T16:05:32.682641+00:00
554,INPROC_D2ED63,1,10,team1,Team 1 (N/S),100,20,7,♣,finished,2026-05-18T16:05:32.696266+00:00
555,INPROC_471AB3,1,10,team2,Team 2 (E/W),38,82,3,♣,finished,2026-05-18T16:05:32.711588+00:00
556,INPROC_8448B0,1,10,team1,Team 1 (N/S),62,58,27,♥,finished,2026-05-18T16:05:32.728243+00:00
557,INPROC_4CC06B,1,10,team1,Team 1 (N/S),69,51,25,♥,finished,2026-05-18T16:05:32.745716+00:00
558,INPROC_318693,1,10,team1,Team 1 (N/S),73,47,10,♦,finished,2026-05-18T16:05:32.761491+00:00
559,INPROC_8E4C04,1,10,team1,Team 1 (N/S),66,54,9,♣,finished,2026-05-18T16:05:32.777668+00:00
560,INPROC_C119DB,1,10,team1,Team 1 (N/S),77,43,34,♠,finished,2026-05-18T16:05:32.791462+00:00
561,INPROC_8D4AFA,1,10,team2,Team 2 (E/W),47,73,7,♣,finished,2026-05-18T16:05:32.802319+00:00
562,INPROC_B509E5,1,10,team1,Team 1 (N/S),73,47,28,♥,finished,2026-05-18T16:05:32.816148+00:00
563,INPROC_E1592E,1,10,team1,Team 1 (N/S),98,22,34,♠,finished,2026-05-18T16:05:32.829835+00:00
564,INPROC_8517EA,1,10,team2,Team 2 (E/W),29,91,16,♦,finished,2026-05-18T16:05:32.845010+00:00
565,INPROC_C7F7F3,1,10,team2,Team 2 (E/W),36,84,17,♦,finished,2026-05-18T16:05:32.860190+00:00
566,INPROC_DCBC33,1,10,team2,Team 2 (E/W),44,76,13,♦,finished,2026-05-18T16:05:32.874940+00:00
567,INPROC_7C0A47,1,10,team1,Team 1 (N/S),62,58,1,♣,finished,2026-05-18T16:05:32.887367+00:00
568,INPROC_803C35,1,10,team2,Team 2 (E/W),15,105,23,♥,finished,2026-05-18T16:05:32.901466+00:00
569,INPROC_FFD90A,1,10,team2,Team 2 (E/W),40,80,22,♥,finished,2026-05-18T16:05:32.915286+00:00
570,INPROC_66C161,1,10,team2,Team 2 (E/W),26,94,39,♠,finished,2026-05-18T16:05:32.929633+00:00
571,INPROC_70FC2A,1,10,team1,Team 1 (N/S),81,39,6,♣,finished,2026-05-18T16:05:32.945658+00:00
572,INPROC_9913B1,1,10,team1,Team 1 (N/S),72,48,13,♦,finished,2026-05-18T16:05:32.960847+00:00
573,INPROC_08B04E,1,10,team2,Team 2 (E/W),19,101,2,♣,finished,2026-05-18T16:05:32.975566+00:00
574,INPROC_393A4B,1,10,team1,Team 1 (N/S),90,30,0,♣,finished,2026-05-18T16:05:32.991500+00:00
575,INPROC_0F1AEF,1,10,team2,Team 2 (E/W),13,107,17,♦,finished,2026-05-18T16:05:33.006269+00:00
576,INPROC_AEA810,1,10,team2,Team 2 (E/W),36,84,3,♣,finished,2026-05-18T16:05:33.019862+00:00
577,INPROC_A753B9,1,10,team2,Team 2 (E/W),34,86,2,♣,finished,2026-05-18T16:05:33.038575+00:00
578,INPROC_E31C87,1,10,team1,Team 1 (N/S),87,33,7,♣,finished,2026-05-18T16:05:33.052355+00:00
579,INPROC_242A47,1,10,team1,Team 1 (N/S),85,35,4,♣,finished,2026-05-18T16:05:33.062827+00:00
580,INPROC_B10DB7,1,10,team2,Team 2 (E/W),39,81,12,♦,finished,2026-05-18T16:05:33.074419+00:00
581,INPROC_623C92,1,10,team2,Team 2 (E/W),35,85,4,♣,finished,2026-05-18T16:05:33.086326+00:00
582,INPROC_65B029,1,10,team1,Team 1 (N/S),78,42,26,♥,finished,2026-05-18T16:05:33.099340+00:00
583,INPROC_E3E969,1,10,team2,Team 2 (E/W),4,116,22,♥,finished,2026-05-18T16:05:33.115615+00:00
584,INPROC_8E2C7B,1,10,team1,Team 1 (N/S),80,40,12,♦,finished,2026-05-18T16:05:33.127458+00:00
585,INPROC_0EACEE,1,10,team1,Team 1 (N/S),70,50,1,♣,finished,2026-05-18T16:05:33.141685+00:00
586,INPROC_512740,1,10,team1,Team 1 (N/S),68,52,22,♥,finished,2026-05-18T16:05:33.155672+00:00
587,INPROC_370547,1,10,team2,Team 2 (E/W),38,82,16,♦,finished,2026-05-18T16:05:33.170438+00:00
588,INPROC_B8F22B,1,10,team1,Team 1 (N/S),70,50,2,♣,finished,2026-05-18T16:05:33.182539+00:00
589,INPROC_0D4653,1,10,team1,Team 1 (N/S),75,45,16,♦,finished,2026-05-18T16:05:33.196289+00:00
590,INPROC_A119C2,1,10,team1,Team 1 (N/S),87,33,36,♠,finished,2026-05-18T16:05:33.209424+00:00
591,INPROC_924477,1,10,team2,Team 2 (E/W),49,71,8,♣,finished,2026-05-18T16:05:33.223272+00:00
592,INPROC_6E79C2,1,10,team2,Team 2 (E/W),44,76,19,♦,finished,2026-05-18T16:05:33.239419+00:00
593,INPROC_431E6F,1,10,team1,Team 1 (N/S),74,46,1,♣,finished,2026-05-18T16:05:33.253868+00:00
594,INPROC_A344E3,1,10,team2,Team 2 (E/W),44,76,22,♥,finished,2026-05-18T16:05:33.268957+00:00
595,INPROC_2BD9B8,1,10,team2,Team 2 (E/W),42,78,12,♦,finished,2026-05-18T16:05:33.282898+00:00
596,INPROC_3D60EE,1,10,draw,draw,60,60,34,♠,finished,2026-05-18T16:05:33.299332+00:00
597,INPROC_061957,1,10,team2,Team 2 (E/W),48,72,21,♥,finished,2026-05-18T16:05:33.316469+00:00
598,INPROC_90450C,1,10,team2,Team 2 (E/W),50,70,14,♦,finished,2026-05-18T16:05:33.330682+00:00
599,INPROC_FD82F9,1,10,team1,Team 1 (N/S),90,30,21,♥,finished,2026-05-18T16:05:33.346645+00:00
600,INPROC_F7AB41,1,10,team2,Team 2 (E/W),55,65,5,♣,finished,2026-05-18T16:05:33.363553+00:00
601,INPROC_B14D36,1,10,team2,Team 2 (E/W),28,92,10,♦,finished,2026-05-18T16:05:33.380696+00:00
602,INPROC_7D4517,1,10,team1,Team 1 (N/S),70,50,26,♥,finished,2026-05-18T16:05:33.392458+00:00
603,INPROC_7B4EAA,1,10,team2,Team 2 (E/W),27,93,17,♦,finished,2026-05-18T16:05:33.402907+00:00
604,INPROC_262D1A,1,10,team2,Team 2 (E/W),32,88,28,♥,finished,2026-05-18T16:05:33.416244+00:00
605,INPROC_14461F,1,10,team1,Team 1 (N/S),84,36,34,♠,finished,2026-05-18T16:05:33.428630+00:00
606,INPROC_0CA064,1,10,team2,Team 2 (E/W),21,99,36,♠,finished,2026-05-18T16:05:33.440230+00:00
607,INPROC_3A38E6,1,10,team1,Team 1 (N/S),79,41,20,♥,finished,2026-05-18T16:05:33.454627+00:00
608,INPROC_742DF7,1,10,team1,Team 1 (N/S),80,40,24,♥,finished,2026-05-18T16:05:33.469490+00:00
609,INPROC_04A167,1,10,team1,Team 1 (N/S),88,32,14,♦,finished,2026-05-18T16:05:33.484182+00:00
610,INPROC_BF8923,1,10,team2,Team 2 (E/W),39,81,18,♦,finished,2026-05-18T16:05:33.500503+00:00
611,INPROC_16919B,1,10,team1,Team 1 (N/S),62,58,2,♣,finished,2026-05-18T16:05:33.514446+00:00
612,INPROC_C77B78,1,10,team2,Team 2 (E/W),52,68,19,♦,finished,2026-05-18T16:05:33.533255+00:00
613,INPROC_8C1AB7,1,10,team1,Team 1 (N/S),78,42,0,♣,finished,2026-05-18T16:05:33.550552+00:00
614,INPROC_0E087F,1,10,draw,draw,60,60,3,♣,finished,2026-05-18T16:05:33.566464+00:00
615,INPROC_693C71,1,10,team2,Team 2 (E/W),31,89,36,♠,finished,2026-05-18T16:05:33.577642+00:00
616,INPROC_8371C1,1,10,team1,Team 1 (N/S),75,45,10,♦,finished,2026-05-18T16:05:33.586698+00:00
617,INPROC_E0CE3A,1,10,team1,Team 1 (N/S),76,44,30,♠,finished,2026-05-18T16:05:33.597094+00:00
618,INPROC_99A9BB,1,10,team2,Team 2 (E/W),19,101,28,♥,finished,2026-05-18T16:05:33.610248+00:00
619,INPROC_D2F6D5,1,10,team1,Team 1 (N/S),107,13,2,♣,finished,2026-05-18T16:05:33.624026+00:00
620,INPROC_2A415D,1,10,team1,Team 1 (N/S),69,51,33,♠,finished,2026-05-18T16:05:33.639780+00:00
621,INPROC_810194,1,10,team1,Team 1 (N/S),89,31,28,♥,finished,2026-05-18T16:05:33.654226+00:00
622,INPROC_AE035E,1,10,team1,Team 1 (N/S),72,48,39,♠,finished,2026-05-18T16:05:33.662860+00:00
623,INPROC_17D4F2,1,10,team2,Team 2 (E/W),47,73,29,♥,finished,2026-05-18T16:05:33.673787+00:00
624,INPROC_6FDEB6,1,10,team2,Team 2 (E/W),51,69,24,♥,finished,2026-05-18T16:05:33.682688+00:00
625,INPROC_5D71F9,1,10,team2,Team 2 (E/W),55,65,4,♣,finished,2026-05-18T16:05:33.697863+00:00
626,INPROC_1654FB,1,10,team1,Team 1 (N/S),97,23,23,♥,finished,2026-05-18T16:05:33.715556+00:00
627,INPROC_00A6E4,1,10,team1,Team 1 (N/S),76,44,27,♥,finished,2026-05-18T16:05:33.731606+00:00
628,INPROC_CF536B,1,10,team2,Team 2 (E/W),38,82,7,♣,finished,2026-05-18T16:05:33.746849+00:00
629,INPROC_418776,1,10,team2,Team 2 (E/W),52,68,39,♠,finished,2026-05-18T16:05:33.764718+00:00
630,INPROC_C90A5F,1,10,team1,Team 1 (N/S),61,59,36,♠,finished,2026-05-18T16:05:33.779357+00:00
631,INPROC_13C96C,1,10,team1,Team 1 (N/S),61,59,5,♣,finished,2026-05-18T16:05:33.793063+00:00
632,INPROC_1E0E89,1,10,team2,Team 2 (E/W),40,80,27,♥,finished,2026-05-18T16:05:33.807485+00:00
633,INPROC_476AF0,1,10,team1,Team 1 (N/S),97,23,16,♦,finished,2026-05-18T16:05:33.822553+00:00
634,INPROC_FDF7E3,1,10,team1,Team 1 (N/S),98,22,20,♥,finished,2026-05-18T16:05:33.839741+00:00
635,INPROC_630BC6,1,10,team1,Team 1 (N/S),76,44,21,♥,finished,2026-05-18T16:05:33.848486+00:00
636,INPROC_DB1CF0,1,10,team2,Team 2 (E/W),56,64,26,♥,finished,2026-05-18T16:05:33.860738+00:00
637,INPROC_C09FE0,1,10,team1,Team 1 (N/S),97,23,36,♠,finished,2026-05-18T16:05:33.876128+00:00
638,INPROC_F48FC0,1,10,team1,Team 1 (N/S),65,55,12,♦,finished,2026-05-18T16:05:33.889516+00:00
639,INPROC_691860,1,10,team2,Team 2 (E/W),13,107,10,♦,finished,2026-05-18T16:05:33.902923+00:00
640,INPROC_24ACDC,1,10,team1,Team 1 (N/S),64,56,23,♥,finished,2026-05-18T16:05:33.916817+00:00
641,INPROC_6F986A,1,10,team2,Team 2 (E/W),22,98,34,♠,finished,2026-05-18T16:05:33.928515+00:00
642,INPROC_979E70,1,10,team1,Team 1 (N/S),62,58,35,♠,finished,2026-05-18T16:05:33.944091+00:00
643,INPROC_E32001,1,10,team2,Team 2 (E/W),20,100,24,♥,finished,2026-05-18T16:05:33.957219+00:00
644,INPROC_228422,1,10,team1,Team 1 (N/S),83,37,35,♠,finished,2026-05-18T16:05:33.972918+00:00
645,INPROC_AF0F46,1,10,team1,Team 1 (N/S),110,10,24,♥,finished,2026-05-18T16:05:33.984248+00:00
646,INPROC_4219DB,1,10,team2,Team 2 (E/W),38,82,4,♣,finished,2026-05-18T16:05:33.995583+00:00
647,INPROC_A6D47C,1,10,team2,Team 2 (E/W),53,67,20,♥,finished,2026-05-18T16:05:34.009136+00:00
648,INPROC_217C21,1,10,team2,Team 2 (E/W),18,102,10,♦,finished,2026-05-18T16:05:34.023488+00:00
649,INPROC_17DB93,1,10,team2,Team 2 (E/W),10,110,6,♣,finished,2026-05-18T16:05:34.037253+00:00
650,INPROC_C33D9D,1,10,team2,Team 2 (E/W),47,73,38,♠,finished,2026-05-18T16:05:34.051679+00:00
651,INPROC_52E58C,1,10,team1,Team 1 (N/S),74,46,20,♥,finished,2026-05-18T16:05:34.062923+00:00
652,INPROC_280274,1,10,team2,Team 2 (E/W),50,70,0,♣,finished,2026-05-18T16:05:34.074605+00:00
653,INPROC_C6CF54,1,10,team2,Team 2 (E/W),5,115,6,♣,finished,2026-05-18T16:05:34.087224+00:00
654,INPROC_7BE33B,1,10,draw,draw,60,60,12,♦,finished,2026-05-18T16:05:34.099586+00:00
655,INPROC_6C9E10,1,10,team1,Team 1 (N/S),61,59,15,♦,finished,2026-05-18T16:05:34.115685+00:00
656,INPROC_FCE812,1,10,team2,Team 2 (E/W),59,61,37,♠,finished,2026-05-18T16:05:34.128701+00:00
657,INPROC_3308D2,1,10,team2,Team 2 (E/W),56,64,16,♦,finished,2026-05-18T16:05:34.145074+00:00
658,INPROC_8A8F82,1,10,team1,Team 1 (N/S),112,8,2,♣,finished,2026-05-18T16:05:34.156334+00:00
659,INPROC_D289F3,1,10,team2,Team 2 (E/W),54,66,10,♦,finished,2026-05-18T16:05:34.166548+00:00
660,INPROC_84E9DB,1,10,draw,draw,60,60,22,♥,finished,2026-05-18T16:05:34.176921+00:00
661,INPROC_FC4F85,1,10,team1,Team 1 (N/S),77,43,34,♠,finished,2026-05-18T16:05:34.190281+00:00
662,INPROC_17171A,1,10,team2,Team 2 (E/W),37,83,24,♥,finished,2026-05-18T16:05:34.204319+00:00
663,INPROC_F1E3A0,1,10,team2,Team 2 (E/W),43,77,9,♣,finished,2026-05-18T16:05:34.217330+00:00
664,INPROC_3A03D7,1,10,team2,Team 2 (E/W),33,87,25,♥,finished,2026-05-18T16:05:34.229511+00:00
665,INPROC_71F454,1,10,team1,Team 1 (N/S),65,55,10,♦,finished,2026-05-18T16:05:34.243952+00:00
666,INPROC_AA02E4,1,10,team1,Team 1 (N/S),100,20,10,♦,finished,2026-05-18T16:05:34.259596+00:00
667,INPROC_EA314A,1,10,team2,Team 2 (E/W),21,99,19,♦,finished,2026-05-18T16:05:34.275751+00:00
668,INPROC_E7B889,1,10,team2,Team 2 (E/W),28,92,1,♣,finished,2026-05-18T16:05:34.289115+00:00
669,INPROC_989B4C,1,10,team1,Team 1 (N/S),63,57,4,♣,finished,2026-05-18T16:05:34.302885+00:00
670,INPROC_93A955,1,10,team2,Team 2 (E/W),55,65,22,♥,finished,2026-05-18T16:05:34.317332+00:00
671,INPROC_82BB7C,1,10,team1,Team 1 (N/S),83,37,5,♣,finished,2026-05-18T16:05:34.332570+00:00
672,INPROC_E1E11E,1,10,team2,Team 2 (E/W),11,109,36,♠,finished,2026-05-18T16:05:34.345202+00:00
673,INPROC_6CB6A4,1,10,team1,Team 1 (N/S),72,48,36,♠,finished,2026-05-18T16:05:34.360128+00:00
674,INPROC_947D87,1,10,team2,Team 2 (E/W),53,67,5,♣,finished,2026-05-18T16:05:34.373886+00:00
675,INPROC_C1E148,1,10,team1,Team 1 (N/S),86,34,7,♣,finished,2026-05-18T16:05:34.389720+00:00
676,INPROC_16CBD9,1,10,team2,Team 2 (E/W),58,62,4,♣,finished,2026-05-18T16:05:34.403660+00:00
677,INPROC_948E48,1,10,team1,Team 1 (N/S),93,27,35,♠,finished,2026-05-18T16:05:34.416637+00:00
678,INPROC_9EFA45,1,10,team1,Team 1 (N/S),80,40,9,♣,finished,2026-05-18T16:05:34.434189+00:00
679,INPROC_6B8092,1,10,team1,Team 1 (N/S),83,37,37,♠,finished,2026-05-18T16:05:34.448584+00:00
680,INPROC_A45D56,1,10,team1,Team 1 (N/S),65,55,12,♦,finished,2026-05-18T16:05:34.460322+00:00
681,INPROC_BE5D0D,1,10,team2,Team 2 (E/W),35,85,7,♣,finished,2026-05-18T16:05:34.476249+00:00
682,INPROC_9EBA52,1,10,team2,Team 2 (E/W),58,62,10,♦,finished,2026-05-18T16:05:34.491932+00:00
683,INPROC_9AC695,1,10,team2,Team 2 (E/W),55,65,16,♦,finished,2026-05-18T16:05:34.505543+00:00
684,INPROC_A97963,1,10,team2,Team 2 (E/W),51,69,21,♥,finished,2026-05-18T16:05:34.521055+00:00
685,INPROC_E974CA,1,10,team1,Team 1 (N/S),78,42,18,♦,finished,2026-05-18T16:05:34.535873+00:00
686,INPROC_1C93A2,1,10,team2,Team 2 (E/W),34,86,33,♠,finished,2026-05-18T16:05:34.553189+00:00
687,INPROC_E3BF32,1,10,team1,Team 1 (N/S),76,44,35,♠,finished,2026-05-18T16:05:34.568137+00:00
688,INPROC_F5E0B0,1,10,team1,Team 1 (N/S),62,58,0,♣,finished,2026-05-18T16:05:34.584616+00:00
689,INPROC_AF0724,1,10,team2,Team 2 (E/W),23,97,31,♠,finished,2026-05-18T16:05:34.600356+00:00
690,INPROC_71D3E9,1,10,team1,Team 1 (N/S),73,47,20,♥,finished,2026-05-18T16:05:34.614970+00:00
691,INPROC_2FAD6E,1,10,team2,Team 2 (E/W),52,68,2,♣,finished,2026-05-18T16:05:34.629845+00:00
692,INPROC_08F47B,1,10,team1,Team 1 (N/S),94,26,17,♦,finished,2026-05-18T16:05:34.643891+00:00
693,INPROC_CAA2DB,1,10,team2,Team 2 (E/W),28,92,7,♣,finished,2026-05-18T16:05:34.659608+00:00
694,INPROC_01AEE9,1,10,team1,Team 1 (N/S),70,50,10,♦,finished,2026-05-18T16:05:34.674534+00:00
695,INPROC_9481D4,1,10,team2,Team 2 (E/W),14,106,38,♠,finished,2026-05-18T16:05:34.690627+00:00
696,INPROC_F8FB37,1,10,team1,Team 1 (N/S),81,39,5,♣,finished,2026-05-18T16:05:34.705073+00:00
697,INPROC_18E9C1,1,10,team2,Team 2 (E/W),56,64,11,♦,finished,2026-05-18T16:05:34.720140+00:00
698,INPROC_385031,1,10,team2,Team 2 (E/W),39,81,10,♦,finished,2026-05-18T16:05:34.736329+00:00
699,INPROC_9F8DD9,1,10,team2,Team 2 (E/W),39,81,11,♦,finished,2026-05-18T16:05:34.752077+00:00
700,INPROC_4735BC,1,10,team1,Team 1 (N/S),95,25,22,♥,finished,2026-05-18T16:05:34.766813+00:00
701,INPROC_EC8E1C,1,10,team2,Team 2 (E/W),50,70,6,♣,finished,2026-05-18T16:05:34.780597+00:00
702,INPROC_5E2CC9,1,10,team2,Team 2 (E/W),51,69,32,♠,finished,2026-05-18T16:05:34.797180+00:00
703,INPROC_D6601A,1,10,team1,Team 1 (N/S),67,53,3,♣,finished,2026-05-18T16:05:34.810091+00:00
704,INPROC_5E391C,1,10,team2,Team 2 (E/W),53,67,7,♣,finished,2026-05-18T16:05:34.826000+00:00
705,INPROC_EA0624,1,10,team1,Team 1 (N/S),73,47,4,♣,finished,2026-05-18T16:05:34.842562+00:00
706,INPROC_E3CA7D,1,10,team1,Team 1 (N/S),90,30,4,♣,finished,2026-05-18T16:05:34.851541+00:00
707,INPROC_DC4109,1,10,team2,Team 2 (E/W),59,61,28,♥,finished,2026-05-18T16:05:34.863490+00:00
708,INPROC_AA7236,1,10,team2,Team 2 (E/W),50,70,18,♦,finished,2026-05-18T16:05:34.877840+00:00
709,INPROC_34EA14,1,10,team2,Team 2 (E/W),14,106,26,♥,finished,2026-05-18T16:05:34.896557+00:00
710,INPROC_EF4A2E,1,10,team2,Team 2 (E/W),24,96,18,♦,finished,2026-05-18T16:05:34.911310+00:00
711,INPROC_2758BB,1,10,team2,Team 2 (E/W),30,90,17,♦,finished,2026-05-18T16:05:34.924936+00:00
712,INPROC_2487B6,1,10,team1,Team 1 (N/S),99,21,27,♥,finished,2026-05-18T16:05:34.937812+00:00
713,INPROC_2254BB,1,10,team1,Team 1 (N/S),91,29,15,♦,finished,2026-05-18T16:05:34.952821+00:00
714,INPROC_6CCCEF,1,10,team2,Team 2 (E/W),17,103,19,♦,finished,2026-05-18T16:05:34.965821+00:00
715,INPROC_ABFA59,1,10,team2,Team 2 (E/W),25,95,28,♥,finished,2026-05-18T16:05:34.980059+00:00
716,INPROC_AAEF31,1,10,team2,Team 2 (E/W),59,61,6,♣,finished,2026-05-18T16:05:34.996248+00:00
717,INPROC_BD6E8B,1,10,team2,Team 2 (E/W),59,61,38,♠,finished,2026-05-18T16:05:35.007791+00:00
718,INPROC_6EBC43,1,10,team1,Team 1 (N/S),78,42,38,♠,finished,2026-05-18T16:05:35.024232+00:00
719,INPROC_1E5F00,1,10,team2,Team 2 (E/W),54,66,4,♣,finished,2026-05-18T16:05:35.038678+00:00
720,INPROC_348BD0,1,10,team1,Team 1 (N/S),103,17,20,♥,finished,2026-05-18T16:05:35.053070+00:00
721,INPROC_2131A4,1,10,team2,Team 2 (E/W),33,87,35,♠,finished,2026-05-18T16:05:35.065995+00:00
722,INPROC_91641B,1,10,team1,Team 1 (N/S),68,52,1,♣,finished,2026-05-18T16:05:35.078747+00:00
723,INPROC_EF3EAB,1,10,team2,Team 2 (E/W),45,75,34,♠,finished,2026-05-18T16:05:35.089168+00:00
724,INPROC_76FDB8,1,10,team1,Team 1 (N/S),65,55,33,♠,finished,2026-05-18T16:05:35.101752+00:00
725,INPROC_ECD6EE,1,10,team1,Team 1 (N/S),113,7,11,♦,finished,2026-05-18T16:05:35.115864+00:00
726,INPROC_FEF095,1,10,team1,Team 1 (N/S),72,48,35,♠,finished,2026-05-18T16:05:35.133212+00:00
727,INPROC_EEC393,1,10,team1,Team 1 (N/S),66,54,5,♣,finished,2026-05-18T16:05:35.150550+00:00
728,INPROC_0E2016,1,10,team2,Team 2 (E/W),51,69,37,♠,finished,2026-05-18T16:05:35.164545+00:00
729,INPROC_4F4627,1,10,team1,Team 1 (N/S),120,0,24,♥,finished,2026-05-18T16:05:35.178937+00:00
730,INPROC_A521BB,1,10,team2,Team 2 (E/W),29,91,7,♣,finished,2026-05-18T16:05:35.193397+00:00
731,INPROC_4DB236,1,10,draw,draw,60,60,25,♥,finished,2026-05-18T16:05:35.207751+00:00
732,INPROC_8FF107,1,10,team2,Team 2 (E/W),44,76,38,♠,finished,2026-05-18T16:05:35.223779+00:00
733,INPROC_EE9299,1,10,team2,Team 2 (E/W),31,89,32,♠,finished,2026-05-18T16:05:35.233303+00:00
734,INPROC_B81E84,1,10,team2,Team 2 (E/W),42,78,6,♣,finished,2026-05-18T16:05:35.246842+00:00
735,INPROC_87D06D,1,10,team2,Team 2 (E/W),38,82,5,♣,finished,2026-05-18T16:05:35.260554+00:00
736,INPROC_F0030F,1,10,team2,Team 2 (E/W),57,63,1,♣,finished,2026-05-18T16:05:35.274343+00:00
737,INPROC_411CF4,1,10,team1,Team 1 (N/S),105,15,6,♣,finished,2026-05-18T16:05:35.289777+00:00
738,INPROC_90E760,1,10,team1,Team 1 (N/S),61,59,17,♦,finished,2026-05-18T16:05:35.301755+00:00
739,INPROC_FF42CF,1,10,team1,Team 1 (N/S),61,59,14,♦,finished,2026-05-18T16:05:35.316476+00:00
740,INPROC_54A72C,1,10,team2,Team 2 (E/W),19,101,29,♥,finished,2026-05-18T16:05:35.332796+00:00
741,INPROC_9FB32B,1,10,team2,Team 2 (E/W),39,81,21,♥,finished,2026-05-18T16:05:35.348661+00:00
742,INPROC_3AF291,1,10,team1,Team 1 (N/S),63,57,0,♣,finished,2026-05-18T16:05:35.362718+00:00
743,INPROC_8E52A7,1,10,team2,Team 2 (E/W),46,74,30,♠,finished,2026-05-18T16:05:35.376257+00:00
744,INPROC_848303,1,10,team1,Team 1 (N/S),73,47,12,♦,finished,2026-05-18T16:05:35.395082+00:00
745,INPROC_E9E05B,1,10,team2,Team 2 (E/W),39,81,4,♣,finished,2026-05-18T16:05:35.407504+00:00
746,INPROC_29DF9E,1,10,team1,Team 1 (N/S),92,28,3,♣,finished,2026-05-18T16:05:35.421459+00:00
747,INPROC_B8738A,1,10,team2,Team 2 (E/W),19,101,33,♠,finished,2026-05-18T16:05:35.434380+00:00
748,INPROC_9C6E99,1,10,team2,Team 2 (E/W),47,73,24,♥,finished,2026-05-18T16:05:35.449415+00:00
749,INPROC_D562C3,1,10,team2,Team 2 (E/W),48,72,22,♥,finished,2026-05-18T16:05:35.459191+00:00
750,INPROC_9EA06E,1,10,team2,Team 2 (E/W),53,67,10,♦,finished,2026-05-18T16:05:35.472253+00:00
751,INPROC_A3CB8E,1,10,team2,Team 2 (E/W),51,69,21,♥,finished,2026-05-18T16:05:35.486007+00:00
752,INPROC_967C2B,1,10,team1,Team 1 (N/S),107,13,31,♠,finished,2026-05-18T16:05:35.499943+00:00
753,INPROC_39CF5D,1,10,team2,Team 2 (E/W),38,82,19,♦,finished,2026-05-18T16:05:35.517646+00:00
754,INPROC_5CDA37,1,10,team2,Team 2 (E/W),54,66,38,♠,finished,2026-05-18T16:05:35.534485+00:00
755,INPROC_36CA18,1,10,team1,Team 1 (N/S),73,47,39,♠,finished,2026-05-18T16:05:35.549564+00:00
756,INPROC_65F26F,1,10,team2,Team 2 (E/W),57,63,3,♣,finished,2026-05-18T16:05:35.562859+00:00
757,INPROC_C894E5,1,10,team2,Team 2 (E/W),55,65,26,♥,finished,2026-05-18T16:05:35.576588+00:00
758,INPROC_78E2C0,1,10,team1,Team 1 (N/S),84,36,1,♣,finished,2026-05-18T16:05:35.592386+00:00
759,INPROC_93B987,1,10,team1,Team 1 (N/S),108,12,30,♠,finished,2026-05-18T16:05:35.609892+00:00
760,INPROC_BE7B33,1,10,team1,Team 1 (N/S),81,39,4,♣,finished,2026-05-18T16:05:35.618779+00:00
761,INPROC_FBC366,1,10,team2,Team 2 (E/W),42,78,9,♣,finished,2026-05-18T16:05:35.630498+00:00
762,INPROC_503F68,1,10,team1,Team 1 (N/S),87,33,22,♥,finished,2026-05-18T16:05:35.640314+00:00
763,INPROC_8C1A07,1,10,team1,Team 1 (N/S),64,56,16,♦,finished,2026-05-18T16:05:35.649849+00:00
764,INPROC_BF7BF1,1,10,team2,Team 2 (E/W),46,74,15,♦,finished,2026-05-18T16:05:35.662913+00:00
765,INPROC_48C7A7,1,10,team1,Team 1 (N/S),103,17,5,♣,finished,2026-05-18T16:05:35.676691+00:00
766,INPROC_F4E2B6,1,10,team1,Team 1 (N/S),95,25,27,♥,finished,2026-05-18T16:05:35.689859+00:00
767,INPROC_803B57,1,10,team2,Team 2 (E/W),38,82,12,♦,finished,2026-05-18T16:05:35.701602+00:00
768,INPROC_D7372E,1,10,team1,Team 1 (N/S),62,58,18,♦,finished,2026-05-18T16:05:35.716779+00:00
769,INPROC_B314E6,1,10,team2,Team 2 (E/W),41,79,12,♦,finished,2026-05-18T16:05:35.732822+00:00
770,INPROC_3058F6,1,10,team2,Team 2 (E/W),53,67,14,♦,finished,2026-05-18T16:05:35.744182+00:00
771,INPROC_B245CB,1,10,team1,Team 1 (N/S),71,49,13,♦,finished,2026-05-18T16:05:35.757645+00:00
772,INPROC_00312A,1,10,team2,Team 2 (E/W),49,71,27,♥,finished,2026-05-18T16:05:35.771232+00:00
773,INPROC_673DC5,1,10,team2,Team 2 (E/W),28,92,23,♥,finished,2026-05-18T16:05:35.787093+00:00
774,INPROC_23E8F8,1,10,team2,Team 2 (E/W),48,72,16,♦,finished,2026-05-18T16:05:35.800360+00:00
775,INPROC_5D0A47,1,10,team2,Team 2 (E/W),59,61,37,♠,finished,2026-05-18T16:05:35.812156+00:00
776,INPROC_075992,1,10,team2,Team 2 (E/W),43,77,26,♥,finished,2026-05-18T16:05:35.826355+00:00
777,INPROC_30B311,1,10,team2,Team 2 (E/W),27,93,9,♣,finished,2026-05-18T16:05:35.841483+00:00
778,INPROC_BEE014,1,10,team1,Team 1 (N/S),87,33,27,♥,finished,2026-05-18T16:05:35.858089+00:00
779,INPROC_B570EF,1,10,team1,Team 1 (N/S),89,31,21,♥,finished,2026-05-18T16:05:35.867498+00:00
780,INPROC_2BE209,1,10,team2,Team 2 (E/W),59,61,16,♦,finished,2026-05-18T16:05:35.877122+00:00
781,INPROC_5B0D4B,1,10,draw,draw,60,60,21,♥,finished,2026-05-18T16:05:35.889777+00:00
782,INPROC_404A4F,1,10,team2,Team 2 (E/W),48,72,12,♦,finished,2026-05-18T16:05:35.901858+00:00
783,INPROC_C039F5,1,10,team2,Team 2 (E/W),28,92,29,♥,finished,2026-05-18T16:05:35.915811+00:00
784,INPROC_9B8C31,1,10,team2,Team 2 (E/W),54,66,39,♠,finished,2026-05-18T16:05:35.928598+00:00
785,INPROC_1AC548,1,10,team2,Team 2 (E/W),27,93,21,♥,finished,2026-05-18T16:05:35.940592+00:00
786,INPROC_90F387,1,10,team1,Team 1 (N/S),74,46,14,♦,finished,2026-05-18T16:05:35.952830+00:00
787,INPROC_507B19,1,10,team2,Team 2 (E/W),40,80,33,♠,finished,2026-05-18T16:05:35.965645+00:00
788,INPROC_CB909E,1,10,team1,Team 1 (N/S),75,45,9,♣,finished,2026-05-18T16:05:35.981487+00:00
789,INPROC_D1AD47,1,10,team2,Team 2 (E/W),59,61,32,♠,finished,2026-05-18T16:05:35.996599+00:00
790,INPROC_A708DB,1,10,team2,Team 2 (E/W),45,75,3,♣,finished,2026-05-18T16:05:36.009956+00:00
791,INPROC_974086,1,10,team1,Team 1 (N/S),70,50,28,♥,finished,2026-05-18T16:05:36.025052+00:00
792,INPROC_E61059,1,10,team2,Team 2 (E/W),13,107,15,♦,finished,2026-05-18T16:05:36.039114+00:00
793,INPROC_98EF98,1,10,team2,Team 2 (E/W),54,66,23,♥,finished,2026-05-18T16:05:36.054026+00:00
794,INPROC_AEEBC1,1,10,team2,Team 2 (E/W),56,64,36,♠,finished,2026-05-18T16:05:36.072394+00:00
795,INPROC_42724A,1,10,team1,Team 1 (N/S),64,56,32,♠,finished,2026-05-18T16:05:36.084863+00:00
796,INPROC_83264A,1,10,team2,Team 2 (E/W),28,92,39,♠,finished,2026-05-18T16:05:36.096228+00:00
797,INPROC_68C2A1,1,10,team2,Team 2 (E/W),52,68,26,♥,finished,2026-05-18T16:05:36.119445+00:00
798,INPROC_8D0757,1,10,team1,Team 1 (N/S),79,41,5,♣,finished,2026-05-18T16:05:36.157338+00:00
799,INPROC_179282,1,10,team2,Team 2 (E/W),0,120,4,♣,finished,2026-05-18T16:05:36.171768+00:00
800,INPROC_BE464B,1,10,team2,Team 2 (E/W),31,89,14,♦,finished,2026-05-18T16:05:36.186027+00:00
801,INPROC_450F34,1,10,team2,Team 2 (E/W),44,76,13,♦,finished,2026-05-18T16:05:36.198366+00:00
802,INPROC_98FCDF,1,10,team2,Team 2 (E/W),28,92,31,♠,finished,2026-05-18T16:05:36.208551+00:00
803,INPROC_F6B727,1,10,team1,Team 1 (N/S),93,27,2,♣,finished,2026-05-18T16:05:36.221018+00:00
804,INPROC_3DAA18,1,10,team1,Team 1 (N/S),77,43,21,♥,finished,2026-05-18T16:05:36.229842+00:00
805,INPROC_77ECD1,1,10,team1,Team 1 (N/S),70,50,11,♦,finished,2026-05-18T16:05:36.239425+00:00
806,INPROC_4224AE,1,10,team2,Team 2 (E/W),45,75,1,♣,finished,2026-05-18T16:05:36.251002+00:00
807,INPROC_5722C4,1,10,team2,Team 2 (E/W),55,65,7,♣,finished,2026-05-18T16:05:36.265562+00:00
808,INPROC_3B4700,1,10,team1,Team 1 (N/S),94,26,32,♠,finished,2026-05-18T16:05:36.282163+00:00
809,INPROC_FE1995,1,10,team2,Team 2 (E/W),35,85,38,♠,finished,2026-05-18T16:05:36.292511+00:00
810,INPROC_D91D0D,1,10,team2,Team 2 (E/W),39,81,31,♠,finished,2026-05-18T16:05:36.303589+00:00
811,INPROC_6886E7,1,10,team2,Team 2 (E/W),41,79,5,♣,finished,2026-05-18T16:05:36.312491+00:00
812,INPROC_0C8BF6,1,10,team1,Team 1 (N/S),65,55,14,♦,finished,2026-05-18T16:05:36.324063+00:00
813,INPROC_9C690F,1,10,team2,Team 2 (E/W),38,82,18,♦,finished,2026-05-18T16:05:36.336283+00:00
814,INPROC_F5482D,1,10,team2,Team 2 (E/W),56,64,11,♦,finished,2026-05-18T16:05:36.350054+00:00
815,INPROC_6489F1,1,10,team2,Team 2 (E/W),31,89,28,♥,finished,2026-05-18T16:05:36.362816+00:00
816,INPROC_C1AE83,1,10,team2,Team 2 (E/W),35,85,6,♣,finished,2026-05-18T16:05:36.374520+00:00
817,INPROC_4B09CA,1,10,team1,Team 1 (N/S),69,51,24,♥,finished,2026-05-18T16:05:36.386777+00:00
818,INPROC_988B32,1,10,team1,Team 1 (N/S),71,49,25,♥,finished,2026-05-18T16:05:36.397749+00:00
819,INPROC_897C34,1,10,team1,Team 1 (N/S),68,52,13,♦,finished,2026-05-18T16:05:36.407023+00:00
820,INPROC_BE3B23,1,10,team2,Team 2 (E/W),41,79,33,♠,finished,2026-05-18T16:05:36.417055+00:00
821,INPROC_E325B0,1,10,team2,Team 2 (E/W),43,77,18,♦,finished,2026-05-18T16:05:36.425656+00:00
822,INPROC_B46144,1,10,team1,Team 1 (N/S),80,40,12,♦,finished,2026-05-18T16:05:36.435476+00:00
823,INPROC_8E8FCD,1,10,team2,Team 2 (E/W),48,72,38,♠,finished,2026-05-18T16:05:36.445901+00:00
824,INPROC_71CBDF,1,10,team2,Team 2 (E/W),31,89,14,♦,finished,2026-05-18T16:05:36.456531+00:00
825,INPROC_B52E1D,1,10,team1,Team 1 (N/S),110,10,30,♠,finished,2026-05-18T16:05:36.466698+00:00
826,INPROC_AFC364,1,10,team1,Team 1 (N/S),84,36,6,♣,finished,2026-05-18T16:05:36.477938+00:00
827,INPROC_B5BAB5,1,10,team2,Team 2 (E/W),24,96,31,♠,finished,2026-05-18T16:05:36.489246+00:00
828,INPROC_5CB502,1,10,team1,Team 1 (N/S),61,59,38,♠,finished,2026-05-18T16:05:36.498969+00:00
829,INPROC_8BEFDF,1,10,team1,Team 1 (N/S),62,58,31,♠,finished,2026-05-18T16:05:36.508068+00:00
830,INPROC_10516F,1,10,team1,Team 1 (N/S),71,49,3,♣,finished,2026-05-18T16:05:36.518278+00:00
831,INPROC_6D4A57,1,10,team1,Team 1 (N/S),78,42,10,♦,finished,2026-05-18T16:05:36.527479+00:00
832,INPROC_8AE380,1,10,team2,Team 2 (E/W),57,63,2,♣,finished,2026-05-18T16:05:36.537532+00:00
833,INPROC_548A3B,1,10,team1,Team 1 (N/S),91,29,30,♠,finished,2026-05-18T16:05:36.545745+00:00
834,INPROC_9EDC23,1,10,team1,Team 1 (N/S),94,26,26,♥,finished,2026-05-18T16:05:36.555952+00:00
835,INPROC_191F5D,1,10,team2,Team 2 (E/W),47,73,33,♠,finished,2026-05-18T16:05:36.565331+00:00
836,INPROC_7E61F6,1,10,team2,Team 2 (E/W),59,61,10,♦,finished,2026-05-18T16:05:36.573772+00:00
837,INPROC_7CC02F,1,10,team2,Team 2 (E/W),27,93,5,♣,finished,2026-05-18T16:05:36.583739+00:00
838,INPROC_CFBF42,1,10,team2,Team 2 (E/W),23,97,31,♠,finished,2026-05-18T16:05:36.593514+00:00
839,INPROC_F1198A,1,10,team1,Team 1 (N/S),80,40,0,♣,finished,2026-05-18T16:05:36.602044+00:00
840,INPROC_6DBCAC,1,10,team1,Team 1 (N/S),74,46,35,♠,finished,2026-05-18T16:05:36.613107+00:00
841,INPROC_CDAE29,1,10,team2,Team 2 (E/W),33,87,16,♦,finished,2026-05-18T16:05:36.621708+00:00
842,INPROC_893867,1,10,team2,Team 2 (E/W),57,63,36,♠,finished,2026-05-18T16:05:36.632776+00:00
843,INPROC_B26D7C,1,10,team1,Team 1 (N/S),76,44,1,♣,finished,2026-05-18T16:05:36.646672+00:00
844,INPROC_CDEC8B,1,10,team2,Team 2 (E/W),49,71,34,♠,finished,2026-05-18T16:05:36.659319+00:00
845,INPROC_BE3D10,1,10,team2,Team 2 (E/W),55,65,25,♥,finished,2026-05-18T16:05:36.673277+00:00
846,INPROC_0F237E,1,10,team1,Team 1 (N/S),83,37,39,♠,finished,2026-05-18T16:05:36.686211+00:00
847,INPROC_13ACA1,1,10,team1,Team 1 (N/S),80,40,27,♥,finished,2026-05-18T16:05:36.703510+00:00
848,INPROC_158B6A,1,10,team2,Team 2 (E/W),58,62,8,♣,finished,2026-05-18T16:05:36.718274+00:00
849,INPROC_2C758D,1,10,team1,Team 1 (N/S),70,50,4,♣,finished,2026-05-18T16:05:36.733948+00:00
850,INPROC_BC37CB,1,10,team1,Team 1 (N/S),67,53,16,♦,finished,2026-05-18T16:05:36.748035+00:00
851,INPROC_6096D9,1,10,team1,Team 1 (N/S),74,46,5,♣,finished,2026-05-18T16:05:36.762229+00:00
852,INPROC_8F81E1,1,10,team2,Team 2 (E/W),43,77,29,♥,finished,2026-05-18T16:05:36.777855+00:00
853,INPROC_324EB7,1,10,team1,Team 1 (N/S),91,29,6,♣,finished,2026-05-18T16:05:36.790672+00:00
854,INPROC_49493B,1,10,team1,Team 1 (N/S),87,33,18,♦,finished,2026-05-18T16:05:36.803694+00:00
855,INPROC_A550CD,1,10,team1,Team 1 (N/S),72,48,25,♥,finished,2026-05-18T16:05:36.813812+00:00
856,INPROC_380C3E,1,10,team1,Team 1 (N/S),75,45,16,♦,finished,2026-05-18T16:05:36.826701+00:00
857,INPROC_9DBBA0,1,10,team2,Team 2 (E/W),43,77,18,♦,finished,2026-05-18T16:05:36.840571+00:00
858,INPROC_894EFB,1,10,team1,Team 1 (N/S),73,47,22,♥,finished,2026-05-18T16:05:36.853078+00:00
859,INPROC_8B886E,1,10,team2,Team 2 (E/W),50,70,12,♦,finished,2026-05-18T16:05:36.866917+00:00
860,INPROC_4F194D,1,10,team1,Team 1 (N/S),81,39,6,♣,finished,2026-05-18T16:05:36.879082+00:00
861,INPROC_42C54B,1,10,team2,Team 2 (E/W),33,87,19,♦,finished,2026-05-18T16:05:36.890999+00:00
862,INPROC_EF4F20,1,10,team2,Team 2 (E/W),26,94,18,♦,finished,2026-05-18T16:05:36.900430+00:00
863,INPROC_A68E33,1,10,team2,Team 2 (E/W),21,99,31,♠,finished,2026-05-18T16:05:36.915609+00:00
864,INPROC_9E1E1F,1,10,team1,Team 1 (N/S),71,49,12,♦,finished,2026-05-18T16:05:36.928160+00:00
865,INPROC_43E33B,1,10,team2,Team 2 (E/W),28,92,9,♣,finished,2026-05-18T16:05:36.941985+00:00
866,INPROC_886B42,1,10,team1,Team 1 (N/S),79,41,21,♥,finished,2026-05-18T16:05:36.953893+00:00
867,INPROC_E2FD8B,1,10,team1,Team 1 (N/S),72,48,22,♥,finished,2026-05-18T16:05:36.965599+00:00
868,INPROC_645057,1,10,team1,Team 1 (N/S),74,46,26,♥,finished,2026-05-18T16:05:36.979413+00:00
869,INPROC_73049A,1,10,team2,Team 2 (E/W),8,112,27,♥,finished,2026-05-18T16:05:36.988890+00:00
870,INPROC_AF170E,1,10,team2,Team 2 (E/W),15,105,16,♦,finished,2026-05-18T16:05:36.999027+00:00
871,INPROC_9A62EB,1,10,team1,Team 1 (N/S),93,27,25,♥,finished,2026-05-18T16:05:37.018829+00:00
872,INPROC_2415B6,1,10,team1,Team 1 (N/S),66,54,8,♣,finished,2026-05-18T16:05:37.031794+00:00
873,INPROC_A19DD5,1,10,team2,Team 2 (E/W),56,64,26,♥,finished,2026-05-18T16:05:37.043899+00:00
874,INPROC_7AE471,1,10,team1,Team 1 (N/S),90,30,35,♠,finished,2026-05-18T16:05:37.057600+00:00
875,INPROC_B46DD9,1,10,team2,Team 2 (E/W),45,75,28,♥,finished,2026-05-18T16:05:37.074350+00:00
876,INPROC_D6974D,1,10,team2,Team 2 (E/W),52,68,36,♠,finished,2026-05-18T16:05:37.089854+00:00
877,INPROC_79D1BC,1,10,team1,Team 1 (N/S),62,58,26,♥,finished,2026-05-18T16:05:37.103787+00:00
878,INPROC_F3A272,1,10,team2,Team 2 (E/W),31,89,33,♠,finished,2026-05-18T16:05:37.117276+00:00
879,INPROC_598FD9,1,10,team2,Team 2 (E/W),48,72,11,♦,finished,2026-05-18T16:05:37.129842+00:00
880,INPROC_E7C84A,1,10,team2,Team 2 (E/W),18,102,37,♠,finished,2026-05-18T16:05:37.143664+00:00
881,INPROC_3C1164,1,10,team2,Team 2 (E/W),29,91,2,♣,finished,2026-05-18T16:05:37.160102+00:00
882,INPROC_4EF562,1,10,team2,Team 2 (E/W),37,83,27,♥,finished,2026-05-18T16:05:37.174566+00:00
883,INPROC_A327BF,1,10,team2,Team 2 (E/W),10,110,6,♣,finished,2026-05-18T16:05:37.188588+00:00
884,INPROC_DF12EA,1,10,team2,Team 2 (E/W),16,104,24,♥,finished,2026-05-18T16:05:37.202160+00:00
885,INPROC_6EDAB3,1,10,team1,Team 1 (N/S),73,47,20,♥,finished,2026-05-18T16:05:37.214961+00:00
886,INPROC_31D53A,1,10,team1,Team 1 (N/S),66,54,39,♠,finished,2026-05-18T16:05:37.230134+00:00
887,INPROC_87A0EB,1,10,team1,Team 1 (N/S),106,14,14,♦,finished,2026-05-18T16:05:37.242014+00:00
888,INPROC_2583D7,1,10,team2,Team 2 (E/W),53,67,38,♠,finished,2026-05-18T16:05:37.254728+00:00
889,INPROC_BDA71D,1,10,team1,Team 1 (N/S),100,20,9,♣,finished,2026-05-18T16:05:37.268622+00:00
890,INPROC_BA4804,1,10,team2,Team 2 (E/W),24,96,19,♦,finished,2026-05-18T16:05:37.280533+00:00
891,INPROC_FE406A,1,10,team2,Team 2 (E/W),46,74,39,♠,finished,2026-05-18T16:05:37.293676+00:00
892,INPROC_D380DA,1,10,team1,Team 1 (N/S),74,46,3,♣,finished,2026-05-18T16:05:37.306642+00:00
893,INPROC_27BFC5,1,10,team1,Team 1 (N/S),80,40,6,♣,finished,2026-05-18T16:05:37.319798+00:00
894,INPROC_7EC22F,1,10,team1,Team 1 (N/S),80,40,3,♣,finished,2026-05-18T16:05:37.332045+00:00
895,INPROC_C7269A,1,10,team1,Team 1 (N/S),88,32,32,♠,finished,2026-05-18T16:05:37.343156+00:00
896,INPROC_0DC45F,1,10,team1,Team 1 (N/S),80,40,0,♣,finished,2026-05-18T16:05:37.355190+00:00
897,INPROC_975122,1,10,team2,Team 2 (E/W),59,61,35,♠,finished,2026-05-18T16:05:37.366071+00:00
898,INPROC_5308CB,1,10,team2,Team 2 (E/W),42,78,26,♥,finished,2026-05-18T16:05:37.377332+00:00
899,INPROC_5F4905,1,10,team1,Team 1 (N/S),74,46,3,♣,finished,2026-05-18T16:05:37.387744+00:00
900,INPROC_EE2ED6,1,10,team1,Team 1 (N/S),78,42,7,♣,finished,2026-05-18T16:05:37.400799+00:00
901,INPROC_488E11,1,10,team1,Team 1 (N/S),62,58,11,♦,finished,2026-05-18T16:05:37.413063+00:00
902,INPROC_05146B,1,10,team1,Team 1 (N/S),74,46,18,♦,finished,2026-05-18T16:05:37.421523+00:00
903,INPROC_D27A6D,1,10,team2,Team 2 (E/W),57,63,31,♠,finished,2026-05-18T16:05:37.432069+00:00
904,INPROC_87B164,1,10,draw,draw,60,60,11,♦,finished,2026-05-18T16:05:37.443826+00:00
905,INPROC_0974A8,1,10,team1,Team 1 (N/S),89,31,1,♣,finished,2026-05-18T16:05:37.456550+00:00
906,INPROC_F39B30,1,10,team2,Team 2 (E/W),43,77,22,♥,finished,2026-05-18T16:05:37.469608+00:00
907,INPROC_D899D2,1,10,team2,Team 2 (E/W),34,86,17,♦,finished,2026-05-18T16:05:37.483511+00:00
908,INPROC_01B0E6,1,10,team1,Team 1 (N/S),79,41,16,♦,finished,2026-05-18T16:05:37.499495+00:00
909,INPROC_4D0C8A,1,10,team1,Team 1 (N/S),68,52,38,♠,finished,2026-05-18T16:05:37.512426+00:00
910,INPROC_D599CE,1,10,team2,Team 2 (E/W),46,74,13,♦,finished,2026-05-18T16:05:37.527717+00:00
911,INPROC_446097,1,10,team1,Team 1 (N/S),89,31,36,♠,finished,2026-05-18T16:05:37.538339+00:00
912,INPROC_0CC74C,1,10,team1,Team 1 (N/S),63,57,24,♥,finished,2026-05-18T16:05:37.549877+00:00
913,INPROC_B2F79A,1,10,team2,Team 2 (E/W),57,63,28,♥,finished,2026-05-18T16:05:37.560590+00:00
914,INPROC_D30CC6,1,10,team2,Team 2 (E/W),51,69,20,♥,finished,2026-05-18T16:05:37.570179+00:00
915,INPROC_16E1AA,1,10,team1,Team 1 (N/S),74,46,16,♦,finished,2026-05-18T16:05:37.580398+00:00
916,INPROC_760CF4,1,10,team2,Team 2 (E/W),36,84,36,♠,finished,2026-05-18T16:05:37.592866+00:00
917,INPROC_DA8E51,1,10,team1,Team 1 (N/S),76,44,9,♣,finished,2026-05-18T16:05:37.603058+00:00
918,INPROC_18A4A4,1,10,team2,Team 2 (E/W),43,77,18,♦,finished,2026-05-18T16:05:37.614858+00:00
919,INPROC_1FE9FB,1,10,team1,Team 1 (N/S),61,59,22,♥,finished,2026-05-18T16:05:37.625491+00:00
920,INPROC_D4C1BF,1,10,team2,Team 2 (E/W),2,118,19,♦,finished,2026-05-18T16:05:37.636188+00:00
921,INPROC_48F995,1,10,team2,Team 2 (E/W),57,63,11,♦,finished,2026-05-18T16:05:37.644268+00:00
922,INPROC_AC380B,1,10,team1,Team 1 (N/S),109,11,13,♦,finished,2026-05-18T16:05:37.654596+00:00
923,INPROC_34A9B4,1,10,team2,Team 2 (E/W),23,97,16,♦,finished,2026-05-18T16:05:37.665703+00:00
924,INPROC_6BF323,1,10,team2,Team 2 (E/W),26,94,29,♥,finished,2026-05-18T16:05:37.676605+00:00
925,INPROC_5B767B,1,10,team1,Team 1 (N/S),63,57,28,♥,finished,2026-05-18T16:05:37.687302+00:00
926,INPROC_DE03C3,1,10,team2,Team 2 (E/W),39,81,31,♠,finished,2026-05-18T16:05:37.700983+00:00
927,INPROC_47BEB5,1,10,team2,Team 2 (E/W),51,69,7,♣,finished,2026-05-18T16:05:37.714293+00:00
928,INPROC_4E17DC,1,10,team2,Team 2 (E/W),45,75,19,♦,finished,2026-05-18T16:05:37.724469+00:00
929,INPROC_D1FF33,1,10,team2,Team 2 (E/W),32,88,37,♠,finished,2026-05-18T16:05:37.736980+00:00
930,INPROC_CDB978,1,10,team2,Team 2 (E/W),28,92,34,♠,finished,2026-05-18T16:05:37.748313+00:00
931,INPROC_32025E,1,10,team2,Team 2 (E/W),42,78,4,♣,finished,2026-05-18T16:05:37.758899+00:00
932,INPROC_713237,1,10,team2,Team 2 (E/W),27,93,39,♠,finished,2026-05-18T16:05:37.770553+00:00
933,INPROC_F9BD7C,1,10,team2,Team 2 (E/W),37,83,14,♦,finished,2026-05-18T16:05:37.782003+00:00
934,INPROC_F6C602,1,10,team2,Team 2 (E/W),30,90,39,♠,finished,2026-05-18T16:05:37.792428+00:00
935,INPROC_DF478B,1,10,team1,Team 1 (N/S),97,23,36,♠,finished,2026-05-18T16:05:37.803717+00:00
936,INPROC_0A6545,1,10,team2,Team 2 (E/W),59,61,0,♣,finished,2026-05-18T16:05:37.815826+00:00
937,INPROC_57B9B2,1,10,team1,Team 1 (N/S),62,58,31,♠,finished,2026-05-18T16:05:37.828399+00:00
938,INPROC_164955,1,10,team2,Team 2 (E/W),32,88,20,♥,finished,2026-05-18T16:05:37.842468+00:00
939,INPROC_59EFCE,1,10,team2,Team 2 (E/W),30,90,11,♦,finished,2026-05-18T16:05:37.854993+00:00
940,INPROC_472505,1,10,team2,Team 2 (E/W),32,88,36,♠,finished,2026-05-18T16:05:37.864485+00:00
941,INPROC_D7DFE7,1,10,draw,draw,60,60,4,♣,finished,2026-05-18T16:05:37.875073+00:00
942,INPROC_19A3F3,1,10,team2,Team 2 (E/W),44,76,7,♣,finished,2026-05-18T16:05:37.886959+00:00
943,INPROC_281257,1,10,team2,Team 2 (E/W),56,64,29,♥,finished,2026-05-18T16:05:37.900244+00:00
944,INPROC_E48DE7,1,10,team2,Team 2 (E/W),51,69,22,♥,finished,2026-05-18T16:05:37.914603+00:00
945,INPROC_D90879,1,10,team1,Team 1 (N/S),95,25,22,♥,finished,2026-05-18T16:05:37.929574+00:00
946,INPROC_D25B8A,1,10,team1,Team 1 (N/S),61,59,7,♣,finished,2026-05-18T16:05:37.942794+00:00
947,INPROC_8EBCC9,1,10,team2,Team 2 (E/W),58,62,7,♣,finished,2026-05-18T16:05:37.958536+00:00
948,INPROC_E2BC70,1,10,team2,Team 2 (E/W),17,103,26,♥,finished,2026-05-18T16:05:37.972575+00:00
949,INPROC_1BBEDA,1,10,team2,Team 2 (E/W),52,68,14,♦,finished,2026-05-18T16:05:37.986721+00:00
950,INPROC_7E2AC1,1,10,team2,Team 2 (E/W),40,80,9,♣,finished,2026-05-18T16:05:38.002538+00:00
951,INPROC_B96E51,1,10,team2,Team 2 (E/W),52,68,11,♦,finished,2026-05-18T16:05:38.015870+00:00
952,INPROC_1E6085,1,10,team2,Team 2 (E/W),59,61,18,♦,finished,2026-05-18T16:05:38.027281+00:00
953,INPROC_9E8BA9,1,10,team1,Team 1 (N/S),88,32,11,♦,finished,2026-05-18T16:05:38.037172+00:00
954,INPROC_4F5461,1,10,team1,Team 1 (N/S),64,56,24,♥,finished,2026-05-18T16:05:38.050500+00:00
955,INPROC_1C3E04,1,10,team2,Team 2 (E/W),53,67,33,♠,finished,2026-05-18T16:05:38.064082+00:00
956,INPROC_1606B9,1,10,team1,Team 1 (N/S),73,47,21,♥,finished,2026-05-18T16:05:38.076224+00:00
957,INPROC_31A67E,1,10,team1,Team 1 (N/S),93,27,7,♣,finished,2026-05-18T16:05:38.089123+00:00
958,INPROC_3A7044,1,10,team1,Team 1 (N/S),61,59,1,♣,finished,2026-05-18T16:05:38.102922+00:00
959,INPROC_A2A94E,1,10,team2,Team 2 (E/W),58,62,25,♥,finished,2026-05-18T16:05:38.116728+00:00
960,INPROC_0872F3,1,10,team2,Team 2 (E/W),27,93,27,♥,finished,2026-05-18T16:05:38.131200+00:00
961,INPROC_2E5DDA,1,10,team2,Team 2 (E/W),34,86,35,♠,finished,2026-05-18T16:05:38.145929+00:00
962,INPROC_482254,1,10,team2,Team 2 (E/W),41,79,39,♠,finished,2026-05-18T16:05:38.159528+00:00
963,INPROC_7B087F,1,10,team1,Team 1 (N/S),63,57,37,♠,finished,2026-05-18T16:05:38.168423+00:00
964,INPROC_E63475,1,10,draw,draw,60,60,0,♣,finished,2026-05-18T16:05:38.179438+00:00
965,INPROC_694CE1,1,10,team2,Team 2 (E/W),45,75,19,♦,finished,2026-05-18T16:05:38.193646+00:00
966,INPROC_CA8450,1,10,team2,Team 2 (E/W),32,88,18,♦,finished,2026-05-18T16:05:38.206828+00:00
967,INPROC_B8E9CF,1,10,team1,Team 1 (N/S),77,43,6,♣,finished,2026-05-18T16:05:38.221268+00:00
968,INPROC_8D3A19,1,10,team2,Team 2 (E/W),48,72,16,♦,finished,2026-05-18T16:05:38.235629+00:00
969,INPROC_9AEFE7,1,10,team2,Team 2 (E/W),59,61,36,♠,finished,2026-05-18T16:05:38.251331+00:00
970,INPROC_42873E,1,10,team2,Team 2 (E/W),55,65,28,♥,finished,2026-05-18T16:05:38.266629+00:00
971,INPROC_ED361C,1,10,team2,Team 2 (E/W),42,78,20,♥,finished,2026-05-18T16:05:38.281057+00:00
972,INPROC_74D113,1,10,team1,Team 1 (N/S),89,31,11,♦,finished,2026-05-18T16:05:38.297295+00:00
973,INPROC_528271,1,10,team2,Team 2 (E/W),29,91,39,♠,finished,2026-05-18T16:05:38.314231+00:00
974,INPROC_81BCF0,1,10,team2,Team 2 (E/W),56,64,26,♥,finished,2026-05-18T16:05:38.322928+00:00
975,INPROC_A1A6D3,1,10,team1,Team 1 (N/S),70,50,22,♥,finished,2026-05-18T16:05:38.333146+00:00
976,INPROC_6C91EA,1,10,team2,Team 2 (E/W),49,71,35,♠,finished,2026-05-18T16:05:38.342693+00:00
977,INPROC_D74B99,1,10,team1,Team 1 (N/S),74,46,17,♦,finished,2026-05-18T16:05:38.357050+00:00
978,INPROC_C99B1E,1,10,team1,Team 1 (N/S),68,52,27,♥,finished,2026-05-18T16:05:38.372225+00:00
979,INPROC_175A8F,1,10,team2,Team 2 (E/W),52,68,1,♣,finished,2026-05-18T16:05:38.386470+00:00
980,INPROC_F468CD,1,10,team1,Team 1 (N/S),62,58,20,♥,finished,2026-05-18T16:05:38.400554+00:00
981,INPROC_74E591,1,10,team2,Team 2 (E/W),12,108,15,♦,finished,2026-05-18T16:05:38.415355+00:00
982,INPROC_0D7F5B,1,10,team2,Team 2 (E/W),53,67,2,♣,finished,2026-05-18T16:05:38.425102+00:00
983,INPROC_714C1A,1,10,team2,Team 2 (E/W),53,67,29,♥,finished,2026-05-18T16:05:38.437299+00:00
984,INPROC_4143F3,1,10,team2,Team 2 (E/W),51,69,2,♣,finished,2026-05-18T16:05:38.450504+00:00
985,INPROC_A9D56E,1,10,team1,Team 1 (N/S),71,49,27,♥,finished,2026-05-18T16:05:38.463970+00:00
986,INPROC_B7AEA9,1,10,draw,draw,60,60,9,♣,finished,2026-05-18T16:05:38.478876+00:00
987,INPROC_4ECBAF,1,10,team2,Team 2 (E/W),48,72,36,♠,finished,2026-05-18T16:05:38.488548+00:00
988,INPROC_EE58E7,1,10,team1,Team 1 (N/S),74,46,19,♦,finished,2026-05-18T16:05:38.503516+00:00
989,INPROC_15A0B8,1,10,team1,Team 1 (N/S),90,30,30,♠,finished,2026-05-18T16:05:38.516353+00:00
990,INPROC_C9A52C,1,10,team2,Team 2 (E/W),53,67,17,♦,finished,2026-05-18T16:05:38.528378+00:00
991,INPROC_754F36,1,10,team2,Team 2 (E/W),54,66,26,♥,finished,2026-05-18T16:05:38.541852+00:00
992,INPROC_1A8F40,1,10,team2,Team 2 (E/W),47,73,9,♣,finished,2026-05-18T16:05:38.555620+00:00
993,INPROC_8B5E85,1,10,team2,Team 2 (E/W),12,108,15,♦,finished,2026-05-18T16:05:38.571229+00:00
994,INPROC_5DC3D8,1,10,team1,Team 1 (N/S),87,33,37,♠,finished,2026-05-18T16:05:38.588848+00:00
995,INPROC_66AC3A,1,10,team1,Team 1 (N/S),79,41,4,♣,finished,2026-05-18T16:05:38.604734+00:00
996,INPROC_64164C,1,10,team1,Team 1 (N/S),67,53,9,♣,finished,2026-05-18T16:05:38.620471+00:00
997,INPROC_C3333E,1,10,team1,Team 1 (N/S),84,36,25,♥,finished,2026-05-18T16:05:38.629950+00:00
998,INPROC_CB8FF5,1,10,team2,Team 2 (E/W),21,99,28,♥,finished,2026-05-18T16:05:38.643108+00:00
999,INPROC_7A2ACF,1,10,team1,Team 1 (N/S),65,55,34,♠,finished,2026-05-18T16:05:38.656055+00:00
1000,INPROC_EC2B53,1,10,team2,Team 2 (E/W),15,105,24,♥,finished,2026-05-18T16:05:38.667999+00:00
1001,INPROC_487F14,1,10,team2,Team 2 (E/W),41,79,38,♠,finished,2026-05-18T16:05:38.683037+00:00
1002,INPROC_04E97E,1,10,team2,Team 2 (E/W),53,67,38,♠,finished,2026-05-18T16:05:38.695366+00:00
1003,INPROC_47E4E8,1,10,team1,Team 1 (N/S),90,30,4,♣,finished,2026-05-18T16:05:38.711275+00:00
1004,INPROC_190F2E,1,10,team2,Team 2 (E/W),32,88,26,♥,finished,2026-05-18T16:05:38.727833+00:00
1005,INPROC_131B14,1,10,team2,Team 2 (E/W),22,98,18,♦,finished,2026-05-18T16:05:38.741603+00:00
1006,INPROC_2527A2,1,10,team1,Team 1 (N/S),81,39,4,♣,finished,2026-05-18T16:05:38.756380+00:00
1007,INPROC_C01252,1,10,team1,Team 1 (N/S),95,25,12,♦,finished,2026-05-18T16:05:38.773140+00:00
1008,INPROC_C6558F,1,10,team2,Team 2 (E/W),47,73,22,♥,finished,2026-05-18T16:05:38.787821+00:00
1009,INPROC_1FDCAB,1,10,team1,Team 1 (N/S),82,38,28,♥,finished,2026-05-18T16:05:38.804565+00:00
1010,INPROC_D46059,1,10,team1,Team 1 (N/S),81,39,27,♥,finished,2026-05-18T16:05:38.818907+00:00
1011,INPROC_824CE1,1,10,team2,Team 2 (E/W),45,75,19,♦,finished,2026-05-18T16:05:38.835163+00:00
1012,INPROC_8B1FBA,1,10,team2,Team 2 (E/W),27,93,21,♥,finished,2026-05-18T16:05:38.850158+00:00
1013,INPROC_B36DC7,1,10,team1,Team 1 (N/S),105,15,31,♠,finished,2026-05-18T16:05:38.864047+00:00
1014,INPROC_2449B4,1,10,team2,Team 2 (E/W),48,72,30,♠,finished,2026-05-18T16:05:38.879798+00:00
1015,INPROC_5024D0,1,10,team2,Team 2 (E/W),42,78,28,♥,finished,2026-05-18T16:05:38.895588+00:00
1016,INPROC_3EA895,1,10,team2,Team 2 (E/W),45,75,36,♠,finished,2026-05-18T16:05:38.912196+00:00
1017,INPROC_B5F0BC,1,10,team2,Team 2 (E/W),6,114,28,♥,finished,2026-05-18T16:05:38.928585+00:00
1018,INPROC_06FDB4,1,10,team1,Team 1 (N/S),88,32,24,♥,finished,2026-05-18T16:05:38.943565+00:00
1019,INPROC_BB3246,1,10,team1,Team 1 (N/S),65,55,23,♥,finished,2026-05-18T16:05:38.961380+00:00
1020,INPROC_922A10,1,10,team1,Team 1 (N/S),75,45,31,♠,finished,2026-05-18T16:05:38.977272+00:00
1021,INPROC_AA35ED,1,10,team1,Team 1 (N/S),62,58,38,♠,finished,2026-05-18T16:05:38.994616+00:00
1022,INPROC_30CEB1,1,10,team1,Team 1 (N/S),73,47,17,♦,finished,2026-05-18T16:05:39.012618+00:00
1023,INPROC_AAE4AF,1,10,team2,Team 2 (E/W),52,68,34,♠,finished,2026-05-18T16:05:39.028246+00:00
1024,INPROC_5FB1EE,1,10,team2,Team 2 (E/W),34,86,7,♣,finished,2026-05-18T16:05:39.037746+00:00
1025,INPROC_1F483A,1,10,team2,Team 2 (E/W),43,77,30,♠,finished,2026-05-18T16:05:39.051775+00:00
1026,INPROC_1E488F,1,10,team2,Team 2 (E/W),29,91,20,♥,finished,2026-05-18T16:05:39.064544+00:00
1027,INPROC_D9576D,1,10,team1,Team 1 (N/S),63,57,6,♣,finished,2026-05-18T16:05:39.080639+00:00
1028,INPROC_925E9B,1,10,team2,Team 2 (E/W),35,85,32,♠,finished,2026-05-18T16:05:39.094936+00:00
1029,INPROC_97639B,1,10,team2,Team 2 (E/W),20,100,33,♠,finished,2026-05-18T16:05:39.110659+00:00
1030,INPROC_108816,1,10,team2,Team 2 (E/W),27,93,29,♥,finished,2026-05-18T16:05:39.126710+00:00
1031,INPROC_1D88E0,1,10,team2,Team 2 (E/W),58,62,29,♥,finished,2026-05-18T16:05:39.142336+00:00
1032,INPROC_4C64E9,1,10,team2,Team 2 (E/W),43,77,6,♣,finished,2026-05-18T16:05:39.156477+00:00
1033,INPROC_238D77,1,10,team2,Team 2 (E/W),49,71,17,♦,finished,2026-05-18T16:05:39.172004+00:00
1034,INPROC_E84232,1,10,team2,Team 2 (E/W),47,73,32,♠,finished,2026-05-18T16:05:39.187241+00:00
1035,INPROC_5876B1,1,10,team1,Team 1 (N/S),92,28,1,♣,finished,2026-05-18T16:05:39.202692+00:00
1036,INPROC_DAB66E,1,10,team2,Team 2 (E/W),22,98,24,♥,finished,2026-05-18T16:05:39.219477+00:00
1037,INPROC_ABD0EA,1,10,team1,Team 1 (N/S),78,42,20,♥,finished,2026-05-18T16:05:39.237161+00:00
1038,INPROC_2C5DE7,1,10,team2,Team 2 (E/W),53,67,31,♠,finished,2026-05-18T16:05:39.251998+00:00
1039,INPROC_8ED394,1,10,team2,Team 2 (E/W),37,83,27,♥,finished,2026-05-18T16:05:39.260175+00:00
1040,INPROC_5D46A6,1,10,team1,Team 1 (N/S),61,59,11,♦,finished,2026-05-18T16:05:39.276854+00:00
1041,INPROC_7EA5F3,1,10,team2,Team 2 (E/W),49,71,11,♦,finished,2026-05-18T16:05:39.295586+00:00
1042,INPROC_8724A5,1,10,draw,draw,60,60,33,♠,finished,2026-05-18T16:05:39.311215+00:00
1043,INPROC_AAD8FC,1,10,team1,Team 1 (N/S),82,38,39,♠,finished,2026-05-18T16:05:39.326856+00:00
1044,INPROC_D33578,1,10,team1,Team 1 (N/S),84,36,7,♣,finished,2026-05-18T16:05:39.339565+00:00
1045,INPROC_497037,1,10,draw,draw,60,60,19,♦,finished,2026-05-18T16:05:39.353386+00:00
1046,INPROC_ECE763,1,10,team1,Team 1 (N/S),64,56,4,♣,finished,2026-05-18T16:05:39.363495+00:00
1047,INPROC_7FE282,1,10,team2,Team 2 (E/W),47,73,38,♠,finished,2026-05-18T16:05:39.376233+00:00
1048,INPROC_09B1FB,1,10,team2,Team 2 (E/W),56,64,11,♦,finished,2026-05-18T16:05:39.389105+00:00
1049,INPROC_1986A8,1,10,team1,Team 1 (N/S),70,50,23,♥,finished,2026-05-18T16:05:39.404307+00:00
1050,INPROC_D0E800,1,10,team2,Team 2 (E/W),44,76,24,♥,finished,2026-05-18T16:05:39.418877+00:00
1051,INPROC_8D87FD,1,10,team2,Team 2 (E/W),35,85,22,♥,finished,2026-05-18T16:05:39.431514+00:00
1052,INPROC_C1850E,1,10,team1,Team 1 (N/S),73,47,35,♠,finished,2026-05-18T16:05:39.445667+00:00
1053,INPROC_3A5468,1,10,team1,Team 1 (N/S),64,56,14,♦,finished,2026-05-18T16:05:39.461288+00:00
1054,INPROC_002BAE,1,10,team2,Team 2 (E/W),41,79,30,♠,finished,2026-05-18T16:05:39.476086+00:00
1055,INPROC_CE5370,1,10,team1,Team 1 (N/S),100,20,6,♣,finished,2026-05-18T16:05:39.490893+00:00
1056,INPROC_3F5F64,1,10,team1,Team 1 (N/S),71,49,34,♠,finished,2026-05-18T16:05:39.505545+00:00
1057,INPROC_C7858F,1,10,team2,Team 2 (E/W),38,82,9,♣,finished,2026-05-18T16:05:39.519593+00:00
1058,INPROC_1F5427,1,10,team1,Team 1 (N/S),85,35,1,♣,finished,2026-05-18T16:05:39.534223+00:00
1059,INPROC_CB6F24,1,10,team1,Team 1 (N/S),71,49,23,♥,finished,2026-05-18T16:05:39.550568+00:00
1060,INPROC_0DF908,1,10,team1,Team 1 (N/S),64,56,20,♥,finished,2026-05-18T16:05:39.563868+00:00
1061,INPROC_7C7D12,1,10,team2,Team 2 (E/W),34,86,29,♥,finished,2026-05-18T16:05:39.576808+00:00
1062,INPROC_D7B9D4,1,10,team2,Team 2 (E/W),42,78,38,♠,finished,2026-05-18T16:05:39.590046+00:00
1063,INPROC_099FA3,1,10,team2,Team 2 (E/W),52,68,5,♣,finished,2026-05-18T16:05:39.604728+00:00
1064,INPROC_24EA48,1,10,team1,Team 1 (N/S),63,57,29,♥,finished,2026-05-18T16:05:39.619201+00:00
1065,INPROC_D92A24,1,10,team2,Team 2 (E/W),54,66,0,♣,finished,2026-05-18T16:05:39.634504+00:00
1066,INPROC_E0A971,1,10,team2,Team 2 (E/W),40,80,10,♦,finished,2026-05-18T16:05:39.646050+00:00
1067,INPROC_431535,1,10,team1,Team 1 (N/S),110,10,21,♥,finished,2026-05-18T16:05:39.659470+00:00
1068,INPROC_175E44,1,10,team2,Team 2 (E/W),6,114,18,♦,finished,2026-05-18T16:05:39.672781+00:00
1069,INPROC_091722,1,10,team2,Team 2 (E/W),59,61,11,♦,finished,2026-05-18T16:05:39.686639+00:00
1070,INPROC_AE940D,1,10,team1,Team 1 (N/S),85,35,1,♣,finished,2026-05-18T16:05:39.696762+00:00
1071,INPROC_A76B44,1,10,draw,draw,60,60,36,♠,finished,2026-05-18T16:05:39.705704+00:00
1072,INPROC_BD371E,1,10,team2,Team 2 (E/W),24,96,25,♥,finished,2026-05-18T16:05:39.716156+00:00
1073,INPROC_87FCC9,1,10,team2,Team 2 (E/W),59,61,0,♣,finished,2026-05-18T16:05:39.729179+00:00
1074,INPROC_73D208,1,10,team1,Team 1 (N/S),86,34,10,♦,finished,2026-05-18T16:05:39.741464+00:00
1075,INPROC_2F4124,1,10,team1,Team 1 (N/S),90,30,33,♠,finished,2026-05-18T16:05:39.754098+00:00
1076,INPROC_398C7D,1,10,team2,Team 2 (E/W),43,77,8,♣,finished,2026-05-18T16:05:39.768600+00:00
1077,INPROC_A18763,1,10,team2,Team 2 (E/W),38,82,16,♦,finished,2026-05-18T16:05:39.783685+00:00
1078,INPROC_F0E2DD,1,10,team2,Team 2 (E/W),54,66,29,♥,finished,2026-05-18T16:05:39.799754+00:00
1079,INPROC_5F83E1,1,10,team1,Team 1 (N/S),80,40,20,♥,finished,2026-05-18T16:05:39.814943+00:00
1080,INPROC_196CA5,1,10,team2,Team 2 (E/W),55,65,20,♥,finished,2026-05-18T16:05:39.829920+00:00
1081,INPROC_A31B96,1,10,team1,Team 1 (N/S),108,12,30,♠,finished,2026-05-18T16:05:39.842251+00:00
1082,INPROC_691AC7,1,10,team1,Team 1 (N/S),70,50,17,♦,finished,2026-05-18T16:05:39.860412+00:00
1083,INPROC_262D49,1,10,team1,Team 1 (N/S),88,32,2,♣,finished,2026-05-18T16:05:39.877975+00:00
1084,INPROC_004B2A,1,10,team1,Team 1 (N/S),81,39,2,♣,finished,2026-05-18T16:05:39.892967+00:00
1085,INPROC_BF9D0E,1,10,team2,Team 2 (E/W),0,120,13,♦,finished,2026-05-18T16:05:39.908991+00:00
1086,INPROC_7F4C21,1,10,team1,Team 1 (N/S),61,59,34,♠,finished,2026-05-18T16:05:39.920357+00:00
1087,INPROC_BABE62,1,10,team1,Team 1 (N/S),72,48,33,♠,finished,2026-05-18T16:05:39.936912+00:00
1088,INPROC_DFD444,1,10,team2,Team 2 (E/W),35,85,26,♥,finished,2026-05-18T16:05:39.952274+00:00
1089,INPROC_66BFD0,1,10,team2,Team 2 (E/W),11,109,39,♠,finished,2026-05-18T16:05:39.966525+00:00
1090,INPROC_A53A75,1,10,team1,Team 1 (N/S),69,51,16,♦,finished,2026-05-18T16:05:39.980797+00:00
1091,INPROC_BC48DC,1,10,team1,Team 1 (N/S),68,52,33,♠,finished,2026-05-18T16:05:39.995235+00:00
1092,INPROC_6FE021,1,10,team2,Team 2 (E/W),48,72,33,♠,finished,2026-05-18T16:05:40.010201+00:00
1093,INPROC_A87A24,1,10,team2,Team 2 (E/W),54,66,12,♦,finished,2026-05-18T16:05:40.024119+00:00
1094,INPROC_E3A9D9,1,10,team2,Team 2 (E/W),50,70,9,♣,finished,2026-05-18T16:05:40.036605+00:00
1095,INPROC_70E59A,1,10,team2,Team 2 (E/W),53,67,16,♦,finished,2026-05-18T16:05:40.049114+00:00
1096,INPROC_C3701C,1,10,team1,Team 1 (N/S),94,26,2,♣,finished,2026-05-18T16:05:40.062453+00:00
1097,INPROC_5E3DE2,1,10,team2,Team 2 (E/W),53,67,2,♣,finished,2026-05-18T16:05:40.075032+00:00
1098,INPROC_F0A4FE,1,10,team2,Team 2 (E/W),47,73,26,♥,finished,2026-05-18T16:05:40.088842+00:00
1099,INPROC_C7A941,1,10,team1,Team 1 (N/S),81,39,36,♠,finished,2026-05-18T16:05:40.100704+00:00
1100,INPROC_B5F561,1,10,team1,Team 1 (N/S),91,29,36,♠,finished,2026-05-18T16:05:40.114715+00:00
1101,INPROC_D590A5,1,10,team1,Team 1 (N/S),84,36,17,♦,finished,2026-05-18T16:05:40.127062+00:00
1102,INPROC_9DF106,1,10,team2,Team 2 (E/W),9,111,12,♦,finished,2026-05-18T16:05:40.139247+00:00
1103,INPROC_25ADC5,1,10,team2,Team 2 (E/W),22,98,29,♥,finished,2026-05-18T16:05:40.151370+00:00
1104,INPROC_E316D4,1,10,team2,Team 2 (E/W),51,69,34,♠,finished,2026-05-18T16:05:40.164706+00:00
1105,INPROC_A2C282,1,10,team1,Team 1 (N/S),78,42,29,♥,finished,2026-05-18T16:05:40.181018+00:00
1106,INPROC_6648FE,1,10,team2,Team 2 (E/W),20,100,19,♦,finished,2026-05-18T16:05:40.198537+00:00
1107,INPROC_20AEEE,1,10,team2,Team 2 (E/W),42,78,1,♣,finished,2026-05-18T16:05:40.212619+00:00
1108,INPROC_B73C80,1,10,team1,Team 1 (N/S),69,51,21,♥,finished,2026-05-18T16:05:40.223955+00:00
1109,INPROC_DB223F,1,10,team1,Team 1 (N/S),65,55,12,♦,finished,2026-05-18T16:05:40.237352+00:00
1110,INPROC_3EC5D8,1,10,team1,Team 1 (N/S),75,45,26,♥,finished,2026-05-18T16:05:40.253210+00:00
1111,INPROC_D6B279,1,10,team1,Team 1 (N/S),69,51,33,♠,finished,2026-05-18T16:05:40.267431+00:00
1112,INPROC_56A648,1,10,team2,Team 2 (E/W),38,82,11,♦,finished,2026-05-18T16:05:40.283066+00:00
1113,INPROC_BA4076,1,10,team1,Team 1 (N/S),73,47,21,♥,finished,2026-05-18T16:05:40.297108+00:00
1114,INPROC_BEB174,1,10,team1,Team 1 (N/S),92,28,17,♦,finished,2026-05-18T16:05:40.309647+00:00
1115,INPROC_7A9778,1,10,team1,Team 1 (N/S),76,44,25,♥,finished,2026-05-18T16:05:40.320490+00:00
1116,INPROC_938AF6,1,10,team1,Team 1 (N/S),95,25,34,♠,finished,2026-05-18T16:05:40.334950+00:00
1117,INPROC_5F88F1,1,10,team1,Team 1 (N/S),64,56,4,♣,finished,2026-05-18T16:05:40.347869+00:00
1118,INPROC_270DE8,1,10,team2,Team 2 (E/W),38,82,6,♣,finished,2026-05-18T16:05:40.361702+00:00
1119,INPROC_3B1CD5,1,10,team1,Team 1 (N/S),78,42,28,♥,finished,2026-05-18T16:05:40.377594+00:00
1120,INPROC_4010A1,1,10,team1,Team 1 (N/S),97,23,14,♦,finished,2026-05-18T16:05:40.391221+00:00
1121,INPROC_840659,1,10,team2,Team 2 (E/W),33,87,24,♥,finished,2026-05-18T16:05:40.405831+00:00
1122,INPROC_2341B8,1,10,team2,Team 2 (E/W),6,114,19,♦,finished,2026-05-18T16:05:40.418782+00:00
1123,INPROC_94A341,1,10,team1,Team 1 (N/S),74,46,8,♣,finished,2026-05-18T16:05:40.429624+00:00
1124,INPROC_DB60E1,1,10,team2,Team 2 (E/W),59,61,4,♣,finished,2026-05-18T16:05:40.444909+00:00
1125,INPROC_182958,1,10,team2,Team 2 (E/W),41,79,30,♠,finished,2026-05-18T16:05:40.460562+00:00
1126,INPROC_21BFCA,1,10,team1,Team 1 (N/S),76,44,30,♠,finished,2026-05-18T16:05:40.475061+00:00
1127,INPROC_DE8EDD,1,10,team2,Team 2 (E/W),55,65,3,♣,finished,2026-05-18T16:05:40.488068+00:00
1128,INPROC_1DD3BB,1,10,team2,Team 2 (E/W),44,76,0,♣,finished,2026-05-18T16:05:40.504199+00:00
1129,INPROC_4D856B,1,10,team1,Team 1 (N/S),79,41,38,♠,finished,2026-05-18T16:05:40.518022+00:00
1130,INPROC_30A136,1,10,team1,Team 1 (N/S),76,44,7,♣,finished,2026-05-18T16:05:40.531194+00:00
1131,INPROC_E77937,1,10,team2,Team 2 (E/W),29,91,0,♣,finished,2026-05-18T16:05:40.547889+00:00
1132,INPROC_68E11F,1,10,team1,Team 1 (N/S),61,59,20,♥,finished,2026-05-18T16:05:40.563352+00:00
1133,INPROC_61C1E1,1,10,team2,Team 2 (E/W),40,80,18,♦,finished,2026-05-18T16:05:40.577818+00:00
1134,INPROC_469325,1,10,team2,Team 2 (E/W),30,90,27,♥,finished,2026-05-18T16:05:40.595536+00:00
1135,INPROC_776F94,1,10,team1,Team 1 (N/S),95,25,4,♣,finished,2026-05-18T16:05:40.614698+00:00
1136,INPROC_729726,1,10,team2,Team 2 (E/W),41,79,11,♦,finished,2026-05-18T16:05:40.630998+00:00
1137,INPROC_9E0DB9,1,10,team2,Team 2 (E/W),53,67,3,♣,finished,2026-05-18T16:05:40.648436+00:00
1138,INPROC_AEF1F7,1,10,team1,Team 1 (N/S),65,55,29,♥,finished,2026-05-18T16:05:40.663947+00:00
1139,INPROC_81E8DE,1,10,team2,Team 2 (E/W),57,63,26,♥,finished,2026-05-18T16:05:40.677753+00:00
1140,INPROC_CBFD24,1,10,team2,Team 2 (E/W),22,98,34,♠,finished,2026-05-18T16:05:40.691914+00:00
1141,INPROC_245F62,1,10,team1,Team 1 (N/S),69,51,33,♠,finished,2026-05-18T16:05:40.706842+00:00
1142,INPROC_8DAFBC,1,10,team2,Team 2 (E/W),55,65,9,♣,finished,2026-05-18T16:05:40.723001+00:00
1143,INPROC_AB1D7F,1,10,team2,Team 2 (E/W),32,88,22,♥,finished,2026-05-18T16:05:40.737799+00:00
1144,INPROC_85472C,1,10,team1,Team 1 (N/S),72,48,24,♥,finished,2026-05-18T16:05:40.751841+00:00
1145,INPROC_EE36B4,1,10,team1,Team 1 (N/S),69,51,9,♣,finished,2026-05-18T16:05:40.764568+00:00
1146,INPROC_7DEC98,1,10,team1,Team 1 (N/S),89,31,39,♠,finished,2026-05-18T16:05:40.778931+00:00
1147,INPROC_16921E,1,10,team2,Team 2 (E/W),53,67,5,♣,finished,2026-05-18T16:05:40.796401+00:00
1148,INPROC_DFD7C6,1,10,team2,Team 2 (E/W),57,63,19,♦,finished,2026-05-18T16:05:40.810202+00:00
1149,INPROC_195A9F,1,10,team1,Team 1 (N/S),67,53,34,♠,finished,2026-05-18T16:05:40.823774+00:00
1150,INPROC_90A3B1,1,10,team1,Team 1 (N/S),68,52,28,♥,finished,2026-05-18T16:05:40.835759+00:00
1151,INPROC_821E94,1,10,team2,Team 2 (E/W),36,84,14,♦,finished,2026-05-18T16:05:40.844610+00:00
1152,INPROC_0E9276,1,10,team1,Team 1 (N/S),65,55,0,♣,finished,2026-05-18T16:05:40.863378+00:00
1153,INPROC_6C7C26,1,10,team2,Team 2 (E/W),31,89,16,♦,finished,2026-05-18T16:05:40.882729+00:00
1154,INPROC_6F368F,1,10,team2,Team 2 (E/W),25,95,25,♥,finished,2026-05-18T16:05:40.901212+00:00
1155,INPROC_5CB5AF,1,10,team1,Team 1 (N/S),70,50,24,♥,finished,2026-05-18T16:05:40.917326+00:00
1156,INPROC_CBF4C2,1,10,team2,Team 2 (E/W),58,62,5,♣,finished,2026-05-18T16:05:40.932590+00:00
1157,INPROC_2FBBA0,1,10,team2,Team 2 (E/W),56,64,37,♠,finished,2026-05-18T16:05:40.948864+00:00
1158,INPROC_708562,1,10,team2,Team 2 (E/W),57,63,10,♦,finished,2026-05-18T16:05:40.965703+00:00
1159,INPROC_41D900,1,10,team1,Team 1 (N/S),74,46,36,♠,finished,2026-05-18T16:05:40.981086+00:00
1160,INPROC_33C0FD,1,10,team2,Team 2 (E/W),47,73,29,♥,finished,2026-05-18T16:05:40.998168+00:00
1161,INPROC_8BBE0B,1,10,team2,Team 2 (E/W),37,83,20,♥,finished,2026-05-18T16:05:41.014190+00:00
1162,INPROC_AC4283,1,10,team2,Team 2 (E/W),38,82,12,♦,finished,2026-05-18T16:05:41.029553+00:00
1163,INPROC_BF3918,1,10,team1,Team 1 (N/S),75,45,14,♦,finished,2026-05-18T16:05:41.045382+00:00
1164,INPROC_C11F1E,1,10,team2,Team 2 (E/W),30,90,19,♦,finished,2026-05-18T16:05:41.061431+00:00
1165,INPROC_6CE13C,1,10,team2,Team 2 (E/W),35,85,12,♦,finished,2026-05-18T16:05:41.076621+00:00
1166,INPROC_9A8BF8,1,10,team2,Team 2 (E/W),20,100,4,♣,finished,2026-05-18T16:05:41.092656+00:00
1167,INPROC_2EC048,1,10,team2,Team 2 (E/W),33,87,13,♦,finished,2026-05-18T16:05:41.109306+00:00
1168,INPROC_2484A1,1,10,team2,Team 2 (E/W),59,61,8,♣,finished,2026-05-18T16:05:41.125008+00:00
1169,INPROC_FE704E,1,10,team1,Team 1 (N/S),75,45,31,♠,finished,2026-05-18T16:05:41.137442+00:00
1170,INPROC_29A06E,1,10,team2,Team 2 (E/W),51,69,25,♥,finished,2026-05-18T16:05:41.153112+00:00
1171,INPROC_32F79A,1,10,team2,Team 2 (E/W),28,92,27,♥,finished,2026-05-18T16:05:41.165878+00:00
1172,INPROC_A1D413,1,10,team2,Team 2 (E/W),28,92,15,♦,finished,2026-05-18T16:05:41.181902+00:00
1173,INPROC_D9F476,1,10,team1,Team 1 (N/S),76,44,21,♥,finished,2026-05-18T16:05:41.196501+00:00
1174,INPROC_3AE237,1,10,team1,Team 1 (N/S),85,35,4,♣,finished,2026-05-18T16:05:41.213845+00:00
1175,INPROC_7428AE,1,10,team2,Team 2 (E/W),18,102,22,♥,finished,2026-05-18T16:05:41.228211+00:00
1176,INPROC_5FBC7A,1,10,team1,Team 1 (N/S),67,53,18,♦,finished,2026-05-18T16:05:41.238513+00:00
1177,INPROC_9132B3,1,10,team1,Team 1 (N/S),68,52,3,♣,finished,2026-05-18T16:05:41.251749+00:00
1178,INPROC_9DCD63,1,10,team2,Team 2 (E/W),46,74,36,♠,finished,2026-05-18T16:05:41.267748+00:00
1179,INPROC_EB765B,1,10,team2,Team 2 (E/W),41,79,2,♣,finished,2026-05-18T16:05:41.282014+00:00
1180,INPROC_9BD2C1,1,10,team2,Team 2 (E/W),34,86,28,♥,finished,2026-05-18T16:05:41.296698+00:00
1181,INPROC_9A5805,1,10,team2,Team 2 (E/W),30,90,19,♦,finished,2026-05-18T16:05:41.315298+00:00
1182,INPROC_E100F7,1,10,team2,Team 2 (E/W),50,70,26,♥,finished,2026-05-18T16:05:41.330785+00:00
1183,INPROC_4F9DCE,1,10,team2,Team 2 (E/W),15,105,39,♠,finished,2026-05-18T16:05:41.346359+00:00
1184,INPROC_E7BE95,1,10,team1,Team 1 (N/S),87,33,36,♠,finished,2026-05-18T16:05:41.364152+00:00
1185,INPROC_3D940F,1,10,team2,Team 2 (E/W),11,109,18,♦,finished,2026-05-18T16:05:41.381306+00:00
1186,INPROC_B45AAC,1,10,team2,Team 2 (E/W),42,78,0,♣,finished,2026-05-18T16:05:41.395681+00:00
1187,INPROC_526D87,1,10,team2,Team 2 (E/W),57,63,33,♠,finished,2026-05-18T16:05:41.414012+00:00
1188,INPROC_0A4A19,1,10,team2,Team 2 (E/W),56,64,3,♣,finished,2026-05-18T16:05:41.432675+00:00
1189,INPROC_5B7095,1,10,team2,Team 2 (E/W),2,118,17,♦,finished,2026-05-18T16:05:41.449804+00:00
1190,INPROC_89DEEE,1,10,team2,Team 2 (E/W),52,68,35,♠,finished,2026-05-18T16:05:41.465698+00:00
1191,INPROC_231FE5,1,10,team1,Team 1 (N/S),64,56,22,♥,finished,2026-05-18T16:05:41.482377+00:00
1192,INPROC_6E0DB3,1,10,team1,Team 1 (N/S),90,30,2,♣,finished,2026-05-18T16:05:41.501984+00:00
1193,INPROC_C56230,1,10,team2,Team 2 (E/W),46,74,31,♠,finished,2026-05-18T16:05:41.512193+00:00
1194,INPROC_64D9CA,1,10,team1,Team 1 (N/S),100,20,27,♥,finished,2026-05-18T16:05:41.530741+00:00
1195,INPROC_A64105,1,10,team2,Team 2 (E/W),41,79,20,♥,finished,2026-05-18T16:05:41.547355+00:00
1196,INPROC_A45612,1,10,team1,Team 1 (N/S),69,51,29,♥,finished,2026-05-18T16:05:41.564098+00:00
1197,INPROC_B4EA8A,1,10,team2,Team 2 (E/W),26,94,20,♥,finished,2026-05-18T16:05:41.584031+00:00
1198,INPROC_9EC268,1,10,team2,Team 2 (E/W),47,73,26,♥,finished,2026-05-18T16:05:41.604072+00:00
1199,INPROC_1B2A84,1,10,team2,Team 2 (E/W),48,72,13,♦,finished,2026-05-18T16:05:41.620060+00:00
1200,INPROC_68F168,1,10,team2,Team 2 (E/W),7,113,37,♠,finished,2026-05-18T16:05:41.635102+00:00
1201,INPROC_5DD3DF,1,10,team2,Team 2 (E/W),17,103,33,♠,finished,2026-05-18T16:05:41.649162+00:00
1202,INPROC_B41B1D,1,10,team2,Team 2 (E/W),38,82,34,♠,finished,2026-05-18T16:05:41.665715+00:00
1203,INPROC_660F21,1,10,team1,Team 1 (N/S),113,7,4,♣,finished,2026-05-18T16:05:41.677017+00:00
1204,INPROC_389C79,1,10,draw,draw,60,60,3,♣,finished,2026-05-18T16:05:41.694541+00:00
1205,INPROC_404001,1,10,team1,Team 1 (N/S),66,54,13,♦,finished,2026-05-18T16:05:41.712967+00:00
1206,INPROC_B67731,1,10,team2,Team 2 (E/W),55,65,0,♣,finished,2026-05-18T16:05:41.728557+00:00
1207,INPROC_E93848,1,10,team1,Team 1 (N/S),104,16,12,♦,finished,2026-05-18T16:05:41.748022+00:00
1208,INPROC_A7EA22,1,10,team2,Team 2 (E/W),59,61,9,♣,finished,2026-05-18T16:05:41.765237+00:00
1209,INPROC_01DF1E,1,10,team1,Team 1 (N/S),71,49,21,♥,finished,2026-05-18T16:05:41.776860+00:00
1210,INPROC_CA7BDC,1,10,team2,Team 2 (E/W),22,98,14,♦,finished,2026-05-18T16:05:41.786471+00:00
1211,INPROC_80516F,1,10,team2,Team 2 (E/W),30,90,21,♥,finished,2026-05-18T16:05:41.796480+00:00
1212,INPROC_F9CC06,1,10,team2,Team 2 (E/W),59,61,28,♥,finished,2026-05-18T16:05:41.807086+00:00
1213,INPROC_4D2B9F,1,10,team1,Team 1 (N/S),75,45,10,♦,finished,2026-05-18T16:05:41.818081+00:00
1214,INPROC_B61094,1,10,team1,Team 1 (N/S),63,57,30,♠,finished,2026-05-18T16:05:41.833118+00:00
1215,INPROC_F965E6,1,10,team2,Team 2 (E/W),57,63,15,♦,finished,2026-05-18T16:05:41.849142+00:00
1216,INPROC_0753E3,1,10,team1,Team 1 (N/S),78,42,11,♦,finished,2026-05-18T16:05:41.865641+00:00
1217,INPROC_14CED8,1,10,team1,Team 1 (N/S),66,54,23,♥,finished,2026-05-18T16:05:41.882378+00:00
1218,INPROC_A2BF86,1,10,team2,Team 2 (E/W),0,120,9,♣,finished,2026-05-18T16:05:41.899096+00:00
1219,INPROC_E62227,1,10,team2,Team 2 (E/W),47,73,6,♣,finished,2026-05-18T16:05:41.916090+00:00
1220,INPROC_6502ED,1,10,team2,Team 2 (E/W),26,94,15,♦,finished,2026-05-18T16:05:41.931509+00:00
1221,INPROC_5E8EFF,1,10,team1,Team 1 (N/S),64,56,27,♥,finished,2026-05-18T16:05:41.948191+00:00
1222,INPROC_7A9DD8,1,10,team1,Team 1 (N/S),61,59,3,♣,finished,2026-05-18T16:05:41.964809+00:00
1223,INPROC_5226AD,1,10,team2,Team 2 (E/W),38,82,37,♠,finished,2026-05-18T16:05:41.980379+00:00
1224,INPROC_158408,1,10,team2,Team 2 (E/W),38,82,12,♦,finished,2026-05-18T16:05:41.995616+00:00
1225,INPROC_0FC7BF,1,10,team2,Team 2 (E/W),46,74,15,♦,finished,2026-05-18T16:05:42.012617+00:00
1226,INPROC_97569D,1,10,team2,Team 2 (E/W),44,76,29,♥,finished,2026-05-18T16:05:42.023936+00:00
1227,INPROC_D5FFAA,1,10,team2,Team 2 (E/W),47,73,31,♠,finished,2026-05-18T16:05:42.038453+00:00
1228,INPROC_CB87DB,1,10,team2,Team 2 (E/W),0,120,12,♦,finished,2026-05-18T16:05:42.050097+00:00
1229,INPROC_20E9FF,1,10,team2,Team 2 (E/W),39,81,1,♣,finished,2026-05-18T16:05:42.064618+00:00
1230,INPROC_321A45,1,10,team2,Team 2 (E/W),57,63,20,♥,finished,2026-05-18T16:05:42.078401+00:00
1231,INPROC_783D1C,1,10,team1,Team 1 (N/S),77,43,11,♦,finished,2026-05-18T16:05:42.092283+00:00
1232,INPROC_77BCEC,1,10,team2,Team 2 (E/W),55,65,28,♥,finished,2026-05-18T16:05:42.107522+00:00
1233,INPROC_90D584,1,10,team2,Team 2 (E/W),26,94,36,♠,finished,2026-05-18T16:05:42.120638+00:00
1234,INPROC_DA9734,1,10,team1,Team 1 (N/S),62,58,21,♥,finished,2026-05-18T16:05:42.133342+00:00
1235,INPROC_FA472D,1,10,team1,Team 1 (N/S),81,39,23,♥,finished,2026-05-18T16:05:42.147446+00:00
1236,INPROC_DDD70A,1,10,team1,Team 1 (N/S),81,39,26,♥,finished,2026-05-18T16:05:42.161777+00:00
1237,INPROC_F44133,1,10,team1,Team 1 (N/S),63,57,19,♦,finished,2026-05-18T16:05:42.176003+00:00
1238,INPROC_927C74,1,10,team1,Team 1 (N/S),74,46,0,♣,finished,2026-05-18T16:05:42.190497+00:00
1239,INPROC_C56744,1,10,team2,Team 2 (E/W),12,108,30,♠,finished,2026-05-18T16:05:42.204838+00:00
1240,INPROC_A24239,1,10,team2,Team 2 (E/W),58,62,33,♠,finished,2026-05-18T16:05:42.221979+00:00
1241,INPROC_FB2F14,1,10,team1,Team 1 (N/S),99,21,33,♠,finished,2026-05-18T16:05:42.235351+00:00
1242,INPROC_EEEF2A,1,10,team1,Team 1 (N/S),73,47,1,♣,finished,2026-05-18T16:05:42.244896+00:00
1243,INPROC_8D341B,1,10,team2,Team 2 (E/W),56,64,22,♥,finished,2026-05-18T16:05:42.254729+00:00
1244,INPROC_74865A,1,10,team2,Team 2 (E/W),32,88,7,♣,finished,2026-05-18T16:05:42.267917+00:00
1245,INPROC_29AC2B,1,10,team2,Team 2 (E/W),10,110,2,♣,finished,2026-05-18T16:05:42.283917+00:00
1246,INPROC_E03477,1,10,team2,Team 2 (E/W),7,113,1,♣,finished,2026-05-18T16:05:42.300099+00:00
1247,INPROC_D866E8,1,10,team1,Team 1 (N/S),81,39,4,♣,finished,2026-05-18T16:05:42.317886+00:00
1248,INPROC_7DCA1F,1,10,team1,Team 1 (N/S),63,57,12,♦,finished,2026-05-18T16:05:42.334044+00:00
1249,INPROC_F025C3,1,10,team1,Team 1 (N/S),97,23,22,♥,finished,2026-05-18T16:05:42.350345+00:00
1250,INPROC_062087,1,10,team1,Team 1 (N/S),68,52,24,♥,finished,2026-05-18T16:05:42.359617+00:00
1251,INPROC_E128BE,1,10,team2,Team 2 (E/W),57,63,1,♣,finished,2026-05-18T16:05:42.368860+00:00
1252,INPROC_163799,1,10,team1,Team 1 (N/S),86,34,13,♦,finished,2026-05-18T16:05:42.377046+00:00
1253,INPROC_583358,1,10,team1,Team 1 (N/S),69,51,21,♥,finished,2026-05-18T16:05:42.391665+00:00
1254,INPROC_E109BA,1,10,team1,Team 1 (N/S),77,43,35,♠,finished,2026-05-18T16:05:42.406096+00:00
1255,INPROC_853D61,1,10,draw,draw,60,60,28,♥,finished,2026-05-18T16:05:42.421266+00:00
1256,INPROC_F0EED2,1,10,team1,Team 1 (N/S),70,50,2,♣,finished,2026-05-18T16:05:42.433733+00:00
1257,INPROC_15EE21,1,10,team1,Team 1 (N/S),82,38,8,♣,finished,2026-05-18T16:05:42.443663+00:00
1258,INPROC_BA0405,1,10,team1,Team 1 (N/S),62,58,27,♥,finished,2026-05-18T16:05:42.458522+00:00
1259,INPROC_785C42,1,10,team1,Team 1 (N/S),91,29,28,♥,finished,2026-05-18T16:05:42.474192+00:00
1260,INPROC_69BFF8,1,10,team2,Team 2 (E/W),20,100,29,♥,finished,2026-05-18T16:05:42.490330+00:00
1261,INPROC_A6CB95,1,10,team2,Team 2 (E/W),14,106,8,♣,finished,2026-05-18T16:05:42.500982+00:00
1262,INPROC_A75D55,1,10,team2,Team 2 (E/W),42,78,9,♣,finished,2026-05-18T16:05:42.515134+00:00
1263,INPROC_33761E,1,10,team1,Team 1 (N/S),85,35,22,♥,finished,2026-05-18T16:05:42.531509+00:00
1264,INPROC_9AF5D8,1,10,team2,Team 2 (E/W),54,66,29,♥,finished,2026-05-18T16:05:42.548136+00:00
1265,INPROC_38250D,1,10,team2,Team 2 (E/W),39,81,6,♣,finished,2026-05-18T16:05:42.565078+00:00
1266,INPROC_3768A5,1,10,team1,Team 1 (N/S),106,14,27,♥,finished,2026-05-18T16:05:42.582093+00:00
1267,INPROC_78DD0F,1,10,team2,Team 2 (E/W),38,82,27,♥,finished,2026-05-18T16:05:42.600267+00:00
1268,INPROC_3607A0,1,10,team1,Team 1 (N/S),69,51,26,♥,finished,2026-05-18T16:05:42.615445+00:00
1269,INPROC_97FAEA,1,10,team1,Team 1 (N/S),88,32,20,♥,finished,2026-05-18T16:05:42.626852+00:00
1270,INPROC_82CF23,1,10,team2,Team 2 (E/W),30,90,5,♣,finished,2026-05-18T16:05:42.641087+00:00
1271,INPROC_014036,1,10,team1,Team 1 (N/S),81,39,11,♦,finished,2026-05-18T16:05:42.657519+00:00
1272,INPROC_D337FF,1,10,team1,Team 1 (N/S),91,29,22,♥,finished,2026-05-18T16:05:42.672933+00:00
1273,INPROC_316297,1,10,team2,Team 2 (E/W),29,91,30,♠,finished,2026-05-18T16:05:42.684682+00:00
1274,INPROC_3061B2,1,10,team1,Team 1 (N/S),110,10,3,♣,finished,2026-05-18T16:05:42.697573+00:00
1275,INPROC_D95185,1,10,team1,Team 1 (N/S),110,10,35,♠,finished,2026-05-18T16:05:42.713884+00:00
1276,INPROC_CBF043,1,10,team1,Team 1 (N/S),71,49,7,♣,finished,2026-05-18T16:05:42.731482+00:00
1277,INPROC_E8D2F6,1,10,team2,Team 2 (E/W),21,99,10,♦,finished,2026-05-18T16:05:42.748779+00:00
1278,INPROC_4274D4,1,10,team2,Team 2 (E/W),41,79,24,♥,finished,2026-05-18T16:05:42.760853+00:00
1279,INPROC_C1C162,1,10,team1,Team 1 (N/S),80,40,14,♦,finished,2026-05-18T16:05:42.777046+00:00
1280,INPROC_AC12CE,1,10,team2,Team 2 (E/W),16,104,34,♠,finished,2026-05-18T16:05:42.790393+00:00
1281,INPROC_AEA882,1,10,team2,Team 2 (E/W),39,81,6,♣,finished,2026-05-18T16:05:42.801376+00:00
1282,INPROC_0CCDB7,1,10,team1,Team 1 (N/S),68,52,13,♦,finished,2026-05-18T16:05:42.810621+00:00
1283,INPROC_2795A4,1,10,team2,Team 2 (E/W),54,66,22,♥,finished,2026-05-18T16:05:42.824805+00:00
1284,INPROC_A505A3,1,10,team1,Team 1 (N/S),84,36,1,♣,finished,2026-05-18T16:05:42.840837+00:00
1285,INPROC_AF7BB0,1,10,team1,Team 1 (N/S),93,27,24,♥,finished,2026-05-18T16:05:42.857004+00:00
1286,INPROC_F00E4A,1,10,team1,Team 1 (N/S),65,55,26,♥,finished,2026-05-18T16:05:42.868037+00:00
1287,INPROC_551626,1,10,team1,Team 1 (N/S),97,23,20,♥,finished,2026-05-18T16:05:42.876155+00:00
1288,INPROC_B11155,1,10,team1,Team 1 (N/S),72,48,22,♥,finished,2026-05-18T16:05:42.884982+00:00
1289,INPROC_10AE33,1,10,team1,Team 1 (N/S),70,50,29,♥,finished,2026-05-18T16:05:42.896798+00:00
1290,INPROC_3E64A2,1,10,team1,Team 1 (N/S),80,40,13,♦,finished,2026-05-18T16:05:42.914258+00:00
1291,INPROC_B6E248,1,10,team2,Team 2 (E/W),30,90,29,♥,finished,2026-05-18T16:05:42.933872+00:00
1292,INPROC_3F7655,1,10,team1,Team 1 (N/S),106,14,34,♠,finished,2026-05-18T16:05:42.951220+00:00
1293,INPROC_AE42CD,1,10,team1,Team 1 (N/S),62,58,39,♠,finished,2026-05-18T16:05:42.967576+00:00
1294,INPROC_5ED644,1,10,team2,Team 2 (E/W),26,94,4,♣,finished,2026-05-18T16:05:42.980836+00:00
1295,INPROC_F286AC,1,10,team2,Team 2 (E/W),52,68,1,♣,finished,2026-05-18T16:05:42.996207+00:00
1296,INPROC_FB1F21,1,10,team1,Team 1 (N/S),61,59,8,♣,finished,2026-05-18T16:05:43.011999+00:00
1297,INPROC_9C4773,1,10,team2,Team 2 (E/W),22,98,28,♥,finished,2026-05-18T16:05:43.025378+00:00
1298,INPROC_C760C7,1,10,team2,Team 2 (E/W),51,69,6,♣,finished,2026-05-18T16:05:43.039035+00:00
1299,INPROC_A4F4A1,1,10,team1,Team 1 (N/S),67,53,30,♠,finished,2026-05-18T16:05:43.050777+00:00
1300,INPROC_8332DB,1,10,team2,Team 2 (E/W),42,78,21,♥,finished,2026-05-18T16:05:43.065012+00:00
1301,INPROC_5D0BCC,1,10,team2,Team 2 (E/W),24,96,15,♦,finished,2026-05-18T16:05:43.081334+00:00
1302,INPROC_98FDA5,1,10,team1,Team 1 (N/S),86,34,16,♦,finished,2026-05-18T16:05:43.097384+00:00
1303,INPROC_E57247,1,10,team2,Team 2 (E/W),51,69,15,♦,finished,2026-05-18T16:05:43.113581+00:00
1304,INPROC_63624E,1,10,team1,Team 1 (N/S),93,27,15,♦,finished,2026-05-18T16:05:43.129877+00:00
1305,INPROC_DE3695,1,10,team2,Team 2 (E/W),0,120,38,♠,finished,2026-05-18T16:05:43.141440+00:00
1306,INPROC_7395C1,1,10,team2,Team 2 (E/W),22,98,28,♥,finished,2026-05-18T16:05:43.152559+00:00
1307,INPROC_D0922E,1,10,team2,Team 2 (E/W),11,109,4,♣,finished,2026-05-18T16:05:43.164816+00:00
1308,INPROC_A2BC19,1,10,team2,Team 2 (E/W),32,88,35,♠,finished,2026-05-18T16:05:43.175716+00:00
1309,INPROC_CD849D,1,10,team2,Team 2 (E/W),58,62,4,♣,finished,2026-05-18T16:05:43.187150+00:00
1310,INPROC_C5E619,1,10,team1,Team 1 (N/S),87,33,20,♥,finished,2026-05-18T16:05:43.200134+00:00
1311,INPROC_B7768A,1,10,team2,Team 2 (E/W),57,63,9,♣,finished,2026-05-18T16:05:43.214284+00:00
1312,INPROC_B4ED6A,1,10,team2,Team 2 (E/W),49,71,32,♠,finished,2026-05-18T16:05:43.230548+00:00
1313,INPROC_870588,1,10,team1,Team 1 (N/S),81,39,26,♥,finished,2026-05-18T16:05:43.247775+00:00
1314,INPROC_5AC543,1,10,team1,Team 1 (N/S),74,46,39,♠,finished,2026-05-18T16:05:43.264178+00:00
1315,INPROC_3EA6E1,1,10,team2,Team 2 (E/W),43,77,14,♦,finished,2026-05-18T16:05:43.283680+00:00
1316,INPROC_C1F316,1,10,team2,Team 2 (E/W),44,76,6,♣,finished,2026-05-18T16:05:43.302183+00:00
1317,INPROC_1AC612,1,10,team1,Team 1 (N/S),91,29,20,♥,finished,2026-05-18T16:05:43.321278+00:00
1318,INPROC_590D24,1,10,team2,Team 2 (E/W),21,99,9,♣,finished,2026-05-18T16:05:43.336545+00:00
1319,INPROC_3E5750,1,10,team2,Team 2 (E/W),59,61,7,♣,finished,2026-05-18T16:05:43.356010+00:00
1320,INPROC_31E3E9,1,10,team2,Team 2 (E/W),35,85,38,♠,finished,2026-05-18T16:05:43.376650+00:00
1321,INPROC_B4B2AD,1,10,team1,Team 1 (N/S),85,35,12,♦,finished,2026-05-18T16:05:43.395647+00:00
1322,INPROC_F13BD1,1,10,team2,Team 2 (E/W),24,96,39,♠,finished,2026-05-18T16:05:43.406773+00:00
1323,INPROC_9D0808,1,10,team2,Team 2 (E/W),52,68,36,♠,finished,2026-05-18T16:05:43.421896+00:00
1324,INPROC_95B8CE,1,10,team1,Team 1 (N/S),76,44,39,♠,finished,2026-05-18T16:05:43.440079+00:00
1325,INPROC_0089FE,1,10,team2,Team 2 (E/W),48,72,23,♥,finished,2026-05-18T16:05:43.457579+00:00
1326,INPROC_B4B91F,1,10,team1,Team 1 (N/S),67,53,4,♣,finished,2026-05-18T16:05:43.474024+00:00
1327,INPROC_53C25B,1,10,team1,Team 1 (N/S),78,42,28,♥,finished,2026-05-18T16:05:43.488163+00:00
1328,INPROC_8A3425,1,10,team2,Team 2 (E/W),37,83,3,♣,finished,2026-05-18T16:05:43.503085+00:00
1329,INPROC_272EE7,1,10,team2,Team 2 (E/W),51,69,34,♠,finished,2026-05-18T16:05:43.518749+00:00
1330,INPROC_EA0A3E,1,10,team2,Team 2 (E/W),49,71,8,♣,finished,2026-05-18T16:05:43.531615+00:00
1331,INPROC_376C0A,1,10,team2,Team 2 (E/W),58,62,29,♥,finished,2026-05-18T16:05:43.549164+00:00
1332,INPROC_11541C,1,10,team2,Team 2 (E/W),42,78,33,♠,finished,2026-05-18T16:05:43.565652+00:00
1333,INPROC_FDA06B,1,10,team1,Team 1 (N/S),105,15,27,♥,finished,2026-05-18T16:05:43.583578+00:00
1334,INPROC_786994,1,10,team2,Team 2 (E/W),32,88,25,♥,finished,2026-05-18T16:05:43.596817+00:00
1335,INPROC_D84422,1,10,team1,Team 1 (N/S),65,55,26,♥,finished,2026-05-18T16:05:43.611709+00:00
1336,INPROC_81D10D,1,10,team1,Team 1 (N/S),84,36,26,♥,finished,2026-05-18T16:05:43.627647+00:00
1337,INPROC_928C6C,1,10,team2,Team 2 (E/W),38,82,22,♥,finished,2026-05-18T16:05:43.640056+00:00
1338,INPROC_9C3DC8,1,10,team1,Team 1 (N/S),77,43,38,♠,finished,2026-05-18T16:05:43.657217+00:00
1339,INPROC_340A20,1,10,team2,Team 2 (E/W),55,65,18,♦,finished,2026-05-18T16:05:43.672517+00:00
1340,INPROC_F8692C,1,10,team1,Team 1 (N/S),90,30,39,♠,finished,2026-05-18T16:05:43.690433+00:00
1341,INPROC_83DB4D,1,10,team1,Team 1 (N/S),91,29,19,♦,finished,2026-05-18T16:05:43.704033+00:00
1342,INPROC_13E65E,1,10,team1,Team 1 (N/S),98,22,0,♣,finished,2026-05-18T16:05:43.719097+00:00
1343,INPROC_409C12,1,10,team1,Team 1 (N/S),62,58,9,♣,finished,2026-05-18T16:05:43.732807+00:00
1344,INPROC_5B51F5,1,10,team2,Team 2 (E/W),54,66,6,♣,finished,2026-05-18T16:05:43.748759+00:00
1345,INPROC_C3958E,1,10,team1,Team 1 (N/S),65,55,31,♠,finished,2026-05-18T16:05:43.760026+00:00
1346,INPROC_21EF1E,1,10,team2,Team 2 (E/W),51,69,21,♥,finished,2026-05-18T16:05:43.775533+00:00
1347,INPROC_A1F65E,1,10,team2,Team 2 (E/W),32,88,5,♣,finished,2026-05-18T16:05:43.786399+00:00
1348,INPROC_60F0CD,1,10,team2,Team 2 (E/W),46,74,36,♠,finished,2026-05-18T16:05:43.801274+00:00
1349,INPROC_8B63A4,1,10,team2,Team 2 (E/W),26,94,0,♣,finished,2026-05-18T16:05:43.816935+00:00
1350,INPROC_2C9C3B,1,10,team1,Team 1 (N/S),65,55,31,♠,finished,2026-05-18T16:05:43.833728+00:00
1351,INPROC_35AD61,1,10,team2,Team 2 (E/W),14,106,38,♠,finished,2026-05-18T16:05:43.848740+00:00
1352,INPROC_B8C636,1,10,team2,Team 2 (E/W),54,66,18,♦,finished,2026-05-18T16:05:43.865193+00:00
1353,INPROC_EB4EF3,1,10,team1,Team 1 (N/S),92,28,27,♥,finished,2026-05-18T16:05:43.881473+00:00
1354,INPROC_C958B0,1,10,team1,Team 1 (N/S),78,42,36,♠,finished,2026-05-18T16:05:43.898480+00:00
1355,INPROC_77AB8A,1,10,team2,Team 2 (E/W),52,68,28,♥,finished,2026-05-18T16:05:43.914546+00:00
1356,INPROC_4E595F,1,10,team2,Team 2 (E/W),28,92,4,♣,finished,2026-05-18T16:05:43.928791+00:00
1357,INPROC_0B7F48,1,10,team1,Team 1 (N/S),83,37,14,♦,finished,2026-05-18T16:05:43.944754+00:00
1358,INPROC_8500EE,1,10,team1,Team 1 (N/S),70,50,10,♦,finished,2026-05-18T16:05:43.960070+00:00
1359,INPROC_367E0F,1,10,team1,Team 1 (N/S),84,36,32,♠,finished,2026-05-18T16:05:43.974138+00:00
1360,INPROC_BE3EA1,1,10,team2,Team 2 (E/W),23,97,16,♦,finished,2026-05-18T16:05:43.988084+00:00
1361,INPROC_6CD564,1,10,team1,Team 1 (N/S),69,51,3,♣,finished,2026-05-18T16:05:44.000212+00:00
1362,INPROC_94E175,1,10,team1,Team 1 (N/S),106,14,1,♣,finished,2026-05-18T16:05:44.010084+00:00
1363,INPROC_647768,1,10,team2,Team 2 (E/W),52,68,15,♦,finished,2026-05-18T16:05:44.020131+00:00
1364,INPROC_714A82,1,10,team2,Team 2 (E/W),51,69,28,♥,finished,2026-05-18T16:05:44.031071+00:00
1365,INPROC_263F8A,1,10,team2,Team 2 (E/W),53,67,7,♣,finished,2026-05-18T16:05:44.046660+00:00
1366,INPROC_ACD7C4,1,10,team2,Team 2 (E/W),24,96,17,♦,finished,2026-05-18T16:05:44.064025+00:00
1367,INPROC_2324D9,1,10,team1,Team 1 (N/S),77,43,22,♥,finished,2026-05-18T16:05:44.081145+00:00
1368,INPROC_052071,1,10,team1,Team 1 (N/S),72,48,21,♥,finished,2026-05-18T16:05:44.096855+00:00
1369,INPROC_6D0CE2,1,10,team2,Team 2 (E/W),29,91,38,♠,finished,2026-05-18T16:05:44.112533+00:00
1370,INPROC_D91814,1,10,team2,Team 2 (E/W),59,61,21,♥,finished,2026-05-18T16:05:44.128031+00:00
1371,INPROC_55ACEB,1,10,team2,Team 2 (E/W),52,68,6,♣,finished,2026-05-18T16:05:44.148094+00:00
1372,INPROC_07D863,1,10,team2,Team 2 (E/W),48,72,7,♣,finished,2026-05-18T16:05:44.163614+00:00
1373,INPROC_C15798,1,10,team1,Team 1 (N/S),82,38,3,♣,finished,2026-05-18T16:05:44.179045+00:00
1374,INPROC_37404D,1,10,team1,Team 1 (N/S),75,45,13,♦,finished,2026-05-18T16:05:44.193434+00:00
1375,INPROC_5991F3,1,10,team1,Team 1 (N/S),81,39,12,♦,finished,2026-05-18T16:05:44.212116+00:00
1376,INPROC_4916A1,1,10,team2,Team 2 (E/W),33,87,7,♣,finished,2026-05-18T16:05:44.226605+00:00
1377,INPROC_978076,1,10,team1,Team 1 (N/S),61,59,10,♦,finished,2026-05-18T16:05:44.245878+00:00
1378,INPROC_25BFCF,1,10,team1,Team 1 (N/S),71,49,36,♠,finished,2026-05-18T16:05:44.257116+00:00
1379,INPROC_6DBDE1,1,10,team2,Team 2 (E/W),34,86,6,♣,finished,2026-05-18T16:05:44.272233+00:00
1380,INPROC_34A680,1,10,team1,Team 1 (N/S),89,31,13,♦,finished,2026-05-18T16:05:44.288695+00:00
1381,INPROC_72D9B5,1,10,team1,Team 1 (N/S),69,51,21,♥,finished,2026-05-18T16:05:44.308260+00:00
1382,INPROC_A97A43,1,10,team1,Team 1 (N/S),68,52,23,♥,finished,2026-05-18T16:05:44.321947+00:00
1383,INPROC_A471AB,1,10,team2,Team 2 (E/W),24,96,16,♦,finished,2026-05-18T16:05:44.333677+00:00
1384,INPROC_52F169,1,10,team1,Team 1 (N/S),65,55,0,♣,finished,2026-05-18T16:05:44.343693+00:00
1385,INPROC_D31FA7,1,10,team1,Team 1 (N/S),91,29,35,♠,finished,2026-05-18T16:05:44.358219+00:00
1386,INPROC_B11EC9,1,10,team2,Team 2 (E/W),27,93,7,♣,finished,2026-05-18T16:05:44.373896+00:00
1387,INPROC_1DBE7D,1,10,team1,Team 1 (N/S),71,49,0,♣,finished,2026-05-18T16:05:44.391415+00:00
1388,INPROC_6F733E,1,10,team1,Team 1 (N/S),112,8,16,♦,finished,2026-05-18T16:05:44.408725+00:00
1389,INPROC_6E0D0D,1,10,team1,Team 1 (N/S),62,58,11,♦,finished,2026-05-18T16:05:44.424070+00:00
1390,INPROC_EA3CA8,1,10,team1,Team 1 (N/S),75,45,29,♥,finished,2026-05-18T16:05:44.442818+00:00
1391,INPROC_B82E82,1,10,team2,Team 2 (E/W),44,76,9,♣,finished,2026-05-18T16:05:44.460729+00:00
1392,INPROC_0BB783,1,10,team2,Team 2 (E/W),51,69,7,♣,finished,2026-05-18T16:05:44.474948+00:00
1393,INPROC_DB8204,1,10,team2,Team 2 (E/W),47,73,7,♣,finished,2026-05-18T16:05:44.489255+00:00
1394,INPROC_86C124,1,10,team2,Team 2 (E/W),29,91,23,♥,finished,2026-05-18T16:05:44.503913+00:00
1395,INPROC_1E2CDD,1,10,team1,Team 1 (N/S),70,50,37,♠,finished,2026-05-18T16:05:44.517662+00:00
1396,INPROC_E1BE87,1,10,draw,draw,60,60,8,♣,finished,2026-05-18T16:05:44.533223+00:00
1397,INPROC_F5A631,1,10,team2,Team 2 (E/W),59,61,19,♦,finished,2026-05-18T16:05:44.546534+00:00
1398,INPROC_DB764F,1,10,team2,Team 2 (E/W),53,67,29,♥,finished,2026-05-18T16:05:44.563552+00:00
1399,INPROC_C85526,1,10,team2,Team 2 (E/W),55,65,32,♠,finished,2026-05-18T16:05:44.575412+00:00
1400,INPROC_7064E5,1,10,team1,Team 1 (N/S),82,38,35,♠,finished,2026-05-18T16:05:44.588851+00:00
1401,INPROC_60925C,1,10,team2,Team 2 (E/W),56,64,39,♠,finished,2026-05-18T16:05:44.603655+00:00
1402,INPROC_33762B,1,10,team2,Team 2 (E/W),44,76,35,♠,finished,2026-05-18T16:05:44.618770+00:00
1403,INPROC_01B666,1,10,team1,Team 1 (N/S),74,46,18,♦,finished,2026-05-18T16:05:44.634822+00:00
1404,INPROC_0AC794,1,10,team2,Team 2 (E/W),16,104,32,♠,finished,2026-05-18T16:05:44.648516+00:00
1405,INPROC_F6B78A,1,10,team1,Team 1 (N/S),61,59,35,♠,finished,2026-05-18T16:05:44.664978+00:00
1406,INPROC_A8D0C9,1,10,team1,Team 1 (N/S),120,0,18,♦,finished,2026-05-18T16:05:44.681873+00:00
1407,INPROC_06BCDC,1,10,team2,Team 2 (E/W),21,99,5,♣,finished,2026-05-18T16:05:44.699190+00:00
1408,INPROC_9C006D,1,10,team1,Team 1 (N/S),88,32,18,♦,finished,2026-05-18T16:05:44.708226+00:00
1409,INPROC_AFB089,1,10,team2,Team 2 (E/W),45,75,21,♥,finished,2026-05-18T16:05:44.720286+00:00
1410,INPROC_86FC3C,1,10,team2,Team 2 (E/W),12,108,32,♠,finished,2026-05-18T16:05:44.731858+00:00
1411,INPROC_298E57,1,10,team1,Team 1 (N/S),76,44,32,♠,finished,2026-05-18T16:05:44.749290+00:00
1412,INPROC_5EE9D1,1,10,team2,Team 2 (E/W),20,100,9,♣,finished,2026-05-18T16:05:44.764465+00:00
1413,INPROC_9AB675,1,10,team1,Team 1 (N/S),80,40,27,♥,finished,2026-05-18T16:05:44.778749+00:00
1414,INPROC_E0B16A,1,10,team1,Team 1 (N/S),61,59,4,♣,finished,2026-05-18T16:05:44.794246+00:00
1415,INPROC_FB9CFD,1,10,team2,Team 2 (E/W),32,88,8,♣,finished,2026-05-18T16:05:44.810363+00:00
1416,INPROC_DC2140,1,10,team1,Team 1 (N/S),88,32,15,♦,finished,2026-05-18T16:05:44.825655+00:00
1417,INPROC_6CAD97,1,10,team2,Team 2 (E/W),11,109,9,♣,finished,2026-05-18T16:05:44.843459+00:00
1418,INPROC_D0E486,1,10,team1,Team 1 (N/S),66,54,12,♦,finished,2026-05-18T16:05:44.861714+00:00
1419,INPROC_89E6E8,1,10,team1,Team 1 (N/S),76,44,28,♥,finished,2026-05-18T16:05:44.880435+00:00
1420,INPROC_A175F8,1,10,team2,Team 2 (E/W),27,93,39,♠,finished,2026-05-18T16:05:44.898331+00:00
1421,INPROC_22559B,1,10,team2,Team 2 (E/W),31,89,16,♦,finished,2026-05-18T16:05:44.912524+00:00
1422,INPROC_B93EA8,1,10,team2,Team 2 (E/W),42,78,17,♦,finished,2026-05-18T16:05:44.930034+00:00
1423,INPROC_DBD495,1,10,team2,Team 2 (E/W),55,65,27,♥,finished,2026-05-18T16:05:44.945048+00:00
1424,INPROC_644708,1,10,team1,Team 1 (N/S),71,49,13,♦,finished,2026-05-18T16:05:44.961267+00:00
1425,INPROC_60AF68,1,10,team1,Team 1 (N/S),62,58,27,♥,finished,2026-05-18T16:05:44.978158+00:00
1426,INPROC_D42F80,1,10,team2,Team 2 (E/W),56,64,29,♥,finished,2026-05-18T16:05:44.996472+00:00
1427,INPROC_F5AE45,1,10,team1,Team 1 (N/S),72,48,37,♠,finished,2026-05-18T16:05:45.009158+00:00
1428,INPROC_2A9322,1,10,team2,Team 2 (E/W),42,78,3,♣,finished,2026-05-18T16:05:45.018147+00:00
1429,INPROC_F18856,1,10,team2,Team 2 (E/W),11,109,5,♣,finished,2026-05-18T16:05:45.032286+00:00
1430,INPROC_C073D6,1,10,team2,Team 2 (E/W),25,95,35,♠,finished,2026-05-18T16:05:45.051491+00:00
1431,INPROC_EBE720,1,10,team1,Team 1 (N/S),115,5,26,♥,finished,2026-05-18T16:05:45.069010+00:00
1432,INPROC_47CC65,1,10,team2,Team 2 (E/W),59,61,20,♥,finished,2026-05-18T16:05:45.084605+00:00
1433,INPROC_7C8473,1,10,team2,Team 2 (E/W),34,86,12,♦,finished,2026-05-18T16:05:45.099919+00:00
1434,INPROC_D4406D,1,10,team2,Team 2 (E/W),36,84,39,♠,finished,2026-05-18T16:05:45.114622+00:00
1435,INPROC_8749AD,1,10,team2,Team 2 (E/W),58,62,11,♦,finished,2026-05-18T16:05:45.130646+00:00
1436,INPROC_91641D,1,10,team2,Team 2 (E/W),50,70,36,♠,finished,2026-05-18T16:05:45.144081+00:00
1437,INPROC_36CA5A,1,10,team1,Team 1 (N/S),92,28,23,♥,finished,2026-05-18T16:05:45.159066+00:00
1438,INPROC_830810,1,10,team1,Team 1 (N/S),83,37,9,♣,finished,2026-05-18T16:05:45.174368+00:00
1439,INPROC_558374,1,10,team1,Team 1 (N/S),64,56,39,♠,finished,2026-05-18T16:05:45.186167+00:00
1440,INPROC_6334D4,1,10,team1,Team 1 (N/S),103,17,11,♦,finished,2026-05-18T16:05:45.200534+00:00
1441,INPROC_8A6B69,1,10,team1,Team 1 (N/S),64,56,34,♠,finished,2026-05-18T16:05:45.215475+00:00
1442,INPROC_8288DF,1,10,team2,Team 2 (E/W),36,84,6,♣,finished,2026-05-18T16:05:45.229147+00:00
1443,INPROC_E582C6,1,10,team1,Team 1 (N/S),81,39,4,♣,finished,2026-05-18T16:05:45.243582+00:00
1444,INPROC_52426D,1,10,team1,Team 1 (N/S),78,42,26,♥,finished,2026-05-18T16:05:45.258392+00:00
1445,INPROC_B2AE45,1,10,team2,Team 2 (E/W),34,86,0,♣,finished,2026-05-18T16:05:45.273312+00:00
1446,INPROC_EBBA31,1,10,team2,Team 2 (E/W),37,83,11,♦,finished,2026-05-18T16:05:45.286330+00:00
1447,INPROC_1012AF,1,10,team1,Team 1 (N/S),97,23,33,♠,finished,2026-05-18T16:05:45.301835+00:00
1448,INPROC_E9F723,1,10,team1,Team 1 (N/S),66,54,6,♣,finished,2026-05-18T16:05:45.316077+00:00
1449,INPROC_D44261,1,10,team2,Team 2 (E/W),45,75,13,♦,finished,2026-05-18T16:05:45.328700+00:00
1450,INPROC_8C1AE3,1,10,team1,Team 1 (N/S),105,15,36,♠,finished,2026-05-18T16:05:45.340897+00:00
1451,INPROC_245A02,1,10,team2,Team 2 (E/W),21,99,20,♥,finished,2026-05-18T16:05:45.356128+00:00
1452,INPROC_045259,1,10,team2,Team 2 (E/W),13,107,37,♠,finished,2026-05-18T16:05:45.373788+00:00
1453,INPROC_FA79D7,1,10,team2,Team 2 (E/W),40,80,2,♣,finished,2026-05-18T16:05:45.390110+00:00
1454,INPROC_1BDFB9,1,10,team1,Team 1 (N/S),62,58,36,♠,finished,2026-05-18T16:05:45.405861+00:00
1455,INPROC_B4578A,1,10,team2,Team 2 (E/W),39,81,37,♠,finished,2026-05-18T16:05:45.424590+00:00
1456,INPROC_D875E1,1,10,team2,Team 2 (E/W),29,91,35,♠,finished,2026-05-18T16:05:45.442702+00:00
1457,INPROC_11CD20,1,10,team1,Team 1 (N/S),106,14,2,♣,finished,2026-05-18T16:05:45.459115+00:00
1458,INPROC_E53D48,1,10,team1,Team 1 (N/S),61,59,34,♠,finished,2026-05-18T16:05:45.476386+00:00
1459,INPROC_2B971E,1,10,team2,Team 2 (E/W),49,71,18,♦,finished,2026-05-18T16:05:45.492426+00:00
1460,INPROC_134676,1,10,team2,Team 2 (E/W),48,72,16,♦,finished,2026-05-18T16:05:45.507602+00:00
1461,INPROC_C37058,1,10,team2,Team 2 (E/W),39,81,28,♥,finished,2026-05-18T16:05:45.527143+00:00
1462,INPROC_C59C3C,1,10,team1,Team 1 (N/S),116,4,24,♥,finished,2026-05-18T16:05:45.542205+00:00
1463,INPROC_A8F833,1,10,team1,Team 1 (N/S),65,55,3,♣,finished,2026-05-18T16:05:45.555239+00:00
1464,INPROC_033DBE,1,10,team2,Team 2 (E/W),33,87,13,♦,finished,2026-05-18T16:05:45.570752+00:00
1465,INPROC_815739,1,10,team1,Team 1 (N/S),62,58,8,♣,finished,2026-05-18T16:05:45.587547+00:00
1466,INPROC_07A0AE,1,10,team1,Team 1 (N/S),92,28,37,♠,finished,2026-05-18T16:05:45.604422+00:00
1467,INPROC_8CE471,1,10,team2,Team 2 (E/W),53,67,13,♦,finished,2026-05-18T16:05:45.619967+00:00
1468,INPROC_AE76A5,1,10,team1,Team 1 (N/S),72,48,0,♣,finished,2026-05-18T16:05:45.637491+00:00
1469,INPROC_B2D915,1,10,team2,Team 2 (E/W),27,93,0,♣,finished,2026-05-18T16:05:45.655290+00:00
1470,INPROC_2EEC6D,1,10,team1,Team 1 (N/S),93,27,12,♦,finished,2026-05-18T16:05:45.669963+00:00
1471,INPROC_861277,1,10,team1,Team 1 (N/S),67,53,21,♥,finished,2026-05-18T16:05:45.686447+00:00
1472,INPROC_8103DE,1,10,team2,Team 2 (E/W),54,66,15,♦,finished,2026-05-18T16:05:45.704436+00:00
1473,INPROC_7749BF,1,10,team2,Team 2 (E/W),51,69,35,♠,finished,2026-05-18T16:05:45.719052+00:00
1474,INPROC_7A39CD,1,10,team2,Team 2 (E/W),16,104,20,♥,finished,2026-05-18T16:05:45.734963+00:00
1475,INPROC_77E022,1,10,team2,Team 2 (E/W),13,107,32,♠,finished,2026-05-18T16:05:45.754881+00:00
1476,INPROC_31911B,1,10,team1,Team 1 (N/S),61,59,39,♠,finished,2026-05-18T16:05:45.769513+00:00
1477,INPROC_DE776F,1,10,team2,Team 2 (E/W),26,94,11,♦,finished,2026-05-18T16:05:45.785741+00:00
1478,INPROC_C2810A,1,10,team1,Team 1 (N/S),97,23,34,♠,finished,2026-05-18T16:05:45.799319+00:00
1479,INPROC_0328EF,1,10,team2,Team 2 (E/W),56,64,25,♥,finished,2026-05-18T16:05:45.811277+00:00
1480,INPROC_C3C007,1,10,team1,Team 1 (N/S),83,37,24,♥,finished,2026-05-18T16:05:45.821499+00:00
1481,INPROC_81CAB1,1,10,team2,Team 2 (E/W),43,77,39,♠,finished,2026-05-18T16:05:45.836021+00:00
1482,INPROC_2E2737,1,10,team2,Team 2 (E/W),50,70,25,♥,finished,2026-05-18T16:05:45.850958+00:00
1483,INPROC_C06F54,1,10,team2,Team 2 (E/W),32,88,7,♣,finished,2026-05-18T16:05:45.867581+00:00
1484,INPROC_583A5B,1,10,team1,Team 1 (N/S),76,44,32,♠,finished,2026-05-18T16:05:45.876417+00:00
1485,INPROC_1825B3,1,10,team2,Team 2 (E/W),15,105,19,♦,finished,2026-05-18T16:05:45.889297+00:00
1486,INPROC_1C3D9B,1,10,team1,Team 1 (N/S),78,42,1,♣,finished,2026-05-18T16:05:45.902641+00:00
1487,INPROC_B1C504,1,10,team1,Team 1 (N/S),96,24,19,♦,finished,2026-05-18T16:05:45.918023+00:00
1488,INPROC_35AC3B,1,10,team2,Team 2 (E/W),36,84,35,♠,finished,2026-05-18T16:05:45.927002+00:00
1489,INPROC_2BCE58,1,10,team1,Team 1 (N/S),70,50,8,♣,finished,2026-05-18T16:05:45.940221+00:00
1490,INPROC_5D6920,1,10,team2,Team 2 (E/W),40,80,35,♠,finished,2026-05-18T16:05:45.954985+00:00
1491,INPROC_862166,1,10,team2,Team 2 (E/W),39,81,20,♥,finished,2026-05-18T16:05:45.969233+00:00
1492,INPROC_B943C7,1,10,team1,Team 1 (N/S),73,47,30,♠,finished,2026-05-18T16:05:45.980064+00:00
1493,INPROC_05AAA7,1,10,team1,Team 1 (N/S),92,28,22,♥,finished,2026-05-18T16:05:45.997760+00:00
1494,INPROC_81CF6E,1,10,team1,Team 1 (N/S),104,16,13,♦,finished,2026-05-18T16:05:46.016481+00:00
1495,INPROC_438BC0,1,10,team2,Team 2 (E/W),11,109,11,♦,finished,2026-05-18T16:05:46.033781+00:00
1496,INPROC_5B0CA2,1,10,team2,Team 2 (E/W),41,79,24,♥,finished,2026-05-18T16:05:46.050974+00:00
1497,INPROC_4D5DBF,1,10,team1,Team 1 (N/S),79,41,18,♦,finished,2026-05-18T16:05:46.067206+00:00
1498,INPROC_E469AF,1,10,team2,Team 2 (E/W),55,65,18,♦,finished,2026-05-18T16:05:46.078126+00:00
1499,INPROC_85422E,1,10,team2,Team 2 (E/W),44,76,22,♥,finished,2026-05-18T16:05:46.093931+00:00
1500,INPROC_F0207B,1,10,team1,Team 1 (N/S),80,40,31,♠,finished,2026-05-18T16:05:46.113241+00:00
1501,INPROC_894A40,1,10,team1,Team 1 (N/S),91,29,5,♣,finished,2026-05-18T16:05:46.131383+00:00
1502,INPROC_F8B57B,1,10,team1,Team 1 (N/S),66,54,25,♥,finished,2026-05-18T16:05:46.147644+00:00
1503,INPROC_B422A3,1,10,team1,Team 1 (N/S),84,36,3,♣,finished,2026-05-18T16:05:46.163944+00:00
1504,INPROC_7502E6,1,10,team2,Team 2 (E/W),34,86,30,♠,finished,2026-05-18T16:05:46.180599+00:00
1505,INPROC_706D5C,1,10,team2,Team 2 (E/W),40,80,38,♠,finished,2026-05-18T16:05:46.197042+00:00
1506,INPROC_B59CFF,1,10,team1,Team 1 (N/S),74,46,13,♦,finished,2026-05-18T16:05:46.207649+00:00
1507,INPROC_366A57,1,10,team2,Team 2 (E/W),18,102,3,♣,finished,2026-05-18T16:05:46.218397+00:00
1508,INPROC_9AA5F7,1,10,team2,Team 2 (E/W),48,72,38,♠,finished,2026-05-18T16:05:46.229996+00:00
1509,INPROC_DE06E3,1,10,team1,Team 1 (N/S),79,41,27,♥,finished,2026-05-18T16:05:46.242877+00:00
1510,INPROC_87DDAA,1,10,team1,Team 1 (N/S),79,41,38,♠,finished,2026-05-18T16:05:46.260513+00:00
1511,INPROC_3B3CDF,1,10,team1,Team 1 (N/S),62,58,5,♣,finished,2026-05-18T16:05:46.279816+00:00
1512,INPROC_E8F37E,1,10,team1,Team 1 (N/S),80,40,11,♦,finished,2026-05-18T16:05:46.293254+00:00
1513,INPROC_E0B9BE,1,10,team2,Team 2 (E/W),23,97,28,♥,finished,2026-05-18T16:05:46.301629+00:00
1514,INPROC_E69D1A,1,10,team1,Team 1 (N/S),63,57,32,♠,finished,2026-05-18T16:05:46.314615+00:00
1515,INPROC_EDEB8B,1,10,team1,Team 1 (N/S),61,59,28,♥,finished,2026-05-18T16:05:46.323386+00:00
1516,INPROC_267F0B,1,10,team1,Team 1 (N/S),64,56,11,♦,finished,2026-05-18T16:05:46.335648+00:00
1517,INPROC_C10A4C,1,10,team2,Team 2 (E/W),14,106,9,♣,finished,2026-05-18T16:05:46.349069+00:00
1518,INPROC_9DCF5F,1,10,team1,Team 1 (N/S),110,10,17,♦,finished,2026-05-18T16:05:46.363806+00:00
1519,INPROC_A99F57,1,10,team1,Team 1 (N/S),75,45,16,♦,finished,2026-05-18T16:05:46.380267+00:00
1520,INPROC_7A56FB,1,10,team1,Team 1 (N/S),67,53,15,♦,finished,2026-05-18T16:05:46.398542+00:00
1521,INPROC_E399B2,1,10,team1,Team 1 (N/S),73,47,4,♣,finished,2026-05-18T16:05:46.417603+00:00
1522,INPROC_857BED,1,10,team2,Team 2 (E/W),38,82,29,♥,finished,2026-05-18T16:05:46.429703+00:00
1523,INPROC_4D107F,1,10,team2,Team 2 (E/W),57,63,14,♦,finished,2026-05-18T16:05:46.444543+00:00
1524,INPROC_6B6A02,1,10,team2,Team 2 (E/W),39,81,24,♥,finished,2026-05-18T16:05:46.460584+00:00
1525,INPROC_F06B31,1,10,team1,Team 1 (N/S),68,52,39,♠,finished,2026-05-18T16:05:46.475817+00:00
1526,INPROC_44C4FB,1,10,team1,Team 1 (N/S),74,46,8,♣,finished,2026-05-18T16:05:46.492756+00:00
1527,INPROC_360D6D,1,10,team1,Team 1 (N/S),90,30,6,♣,finished,2026-05-18T16:05:46.509570+00:00
1528,INPROC_1642BC,1,10,team1,Team 1 (N/S),75,45,14,♦,finished,2026-05-18T16:05:46.526301+00:00
1529,INPROC_42C6DD,1,10,team1,Team 1 (N/S),79,41,6,♣,finished,2026-05-18T16:05:46.541986+00:00
1530,INPROC_566BAE,1,10,team1,Team 1 (N/S),98,22,0,♣,finished,2026-05-18T16:05:46.558334+00:00
1531,INPROC_E00634,1,10,team1,Team 1 (N/S),78,42,6,♣,finished,2026-05-18T16:05:46.574959+00:00
1532,INPROC_092A08,1,10,team1,Team 1 (N/S),64,56,28,♥,finished,2026-05-18T16:05:46.588929+00:00
1533,INPROC_9182C4,1,10,team1,Team 1 (N/S),65,55,22,♥,finished,2026-05-18T16:05:46.604859+00:00
1534,INPROC_318209,1,10,team1,Team 1 (N/S),70,50,11,♦,finished,2026-05-18T16:05:46.621815+00:00
1535,INPROC_92DC75,1,10,team1,Team 1 (N/S),64,56,38,♠,finished,2026-05-18T16:05:46.638574+00:00
1536,INPROC_D7E672,1,10,team1,Team 1 (N/S),89,31,11,♦,finished,2026-05-18T16:05:46.655287+00:00
1537,INPROC_A203A5,1,10,draw,draw,60,60,35,♠,finished,2026-05-18T16:05:46.668804+00:00
1538,INPROC_7E0507,1,10,team1,Team 1 (N/S),63,57,8,♣,finished,2026-05-18T16:05:46.689496+00:00
1539,INPROC_DABF62,1,10,draw,draw,60,60,1,♣,finished,2026-05-18T16:05:46.705355+00:00
1540,INPROC_CC7DF9,1,10,team1,Team 1 (N/S),78,42,26,♥,finished,2026-05-18T16:05:46.724020+00:00
1541,INPROC_F9DF8F,1,10,team2,Team 2 (E/W),53,67,26,♥,finished,2026-05-18T16:05:46.739650+00:00
1542,INPROC_0B90B9,1,10,team1,Team 1 (N/S),61,59,26,♥,finished,2026-05-18T16:05:46.757001+00:00
1543,INPROC_4B362A,1,10,team1,Team 1 (N/S),77,43,19,♦,finished,2026-05-18T16:05:46.773586+00:00
1544,INPROC_14C4A9,1,10,team2,Team 2 (E/W),11,109,13,♦,finished,2026-05-18T16:05:46.785765+00:00
1545,INPROC_F6F4EC,1,10,team2,Team 2 (E/W),41,79,38,♠,finished,2026-05-18T16:05:46.802461+00:00
1546,INPROC_BB6024,1,10,team2,Team 2 (E/W),53,67,0,♣,finished,2026-05-18T16:05:46.817164+00:00
1547,INPROC_34F73D,1,10,team2,Team 2 (E/W),44,76,18,♦,finished,2026-05-18T16:05:46.834447+00:00
1548,INPROC_1A9B3E,1,10,team2,Team 2 (E/W),54,66,3,♣,finished,2026-05-18T16:05:46.849814+00:00
1549,INPROC_A8A758,1,10,team2,Team 2 (E/W),49,71,7,♣,finished,2026-05-18T16:05:46.865501+00:00
1550,INPROC_DC3ED7,1,10,team2,Team 2 (E/W),31,89,17,♦,finished,2026-05-18T16:05:46.882194+00:00
1551,INPROC_85723B,1,10,team2,Team 2 (E/W),52,68,7,♣,finished,2026-05-18T16:05:46.897327+00:00
1552,INPROC_E698D1,1,10,team2,Team 2 (E/W),25,95,2,♣,finished,2026-05-18T16:05:46.914164+00:00
1553,INPROC_511E2C,1,10,team1,Team 1 (N/S),70,50,12,♦,finished,2026-05-18T16:05:46.933429+00:00
1554,INPROC_32FCE3,1,10,team1,Team 1 (N/S),96,24,29,♥,finished,2026-05-18T16:05:46.951399+00:00
1555,INPROC_FE23B7,1,10,team2,Team 2 (E/W),58,62,33,♠,finished,2026-05-18T16:05:46.969754+00:00
1556,INPROC_6845BF,1,10,team1,Team 1 (N/S),107,13,13,♦,finished,2026-05-18T16:05:46.986636+00:00
1557,INPROC_E80FB7,1,10,team1,Team 1 (N/S),78,42,20,♥,finished,2026-05-18T16:05:47.003668+00:00
1558,INPROC_D42366,1,10,team2,Team 2 (E/W),32,88,19,♦,finished,2026-05-18T16:05:47.018645+00:00
1559,INPROC_8B9466,1,10,team2,Team 2 (E/W),13,107,22,♥,finished,2026-05-18T16:05:47.035947+00:00
1560,INPROC_F960D1,1,10,team2,Team 2 (E/W),17,103,37,♠,finished,2026-05-18T16:05:47.051558+00:00
1561,INPROC_EEA3B4,1,10,team2,Team 2 (E/W),49,71,28,♥,finished,2026-05-18T16:05:47.062904+00:00
1562,INPROC_C0DC30,1,10,team1,Team 1 (N/S),79,41,31,♠,finished,2026-05-18T16:05:47.082032+00:00
1563,INPROC_63AAE4,1,10,team2,Team 2 (E/W),42,78,39,♠,finished,2026-05-18T16:05:47.100385+00:00
1564,INPROC_5E445B,1,10,team2,Team 2 (E/W),40,80,38,♠,finished,2026-05-18T16:05:47.120458+00:00
1565,INPROC_3C5934,1,10,team2,Team 2 (E/W),46,74,24,♥,finished,2026-05-18T16:05:47.138340+00:00
1566,INPROC_2A4B0A,1,10,team1,Team 1 (N/S),82,38,21,♥,finished,2026-05-18T16:05:47.153560+00:00
1567,INPROC_65C374,1,10,team1,Team 1 (N/S),64,56,19,♦,finished,2026-05-18T16:05:47.170065+00:00
1568,INPROC_602A23,1,10,team2,Team 2 (E/W),14,106,9,♣,finished,2026-05-18T16:05:47.191495+00:00
1569,INPROC_B69CB1,1,10,team1,Team 1 (N/S),80,40,24,♥,finished,2026-05-18T16:05:47.207180+00:00
1570,INPROC_127862,1,10,team2,Team 2 (E/W),58,62,20,♥,finished,2026-05-18T16:05:47.221738+00:00
1571,INPROC_61D2C7,1,10,team1,Team 1 (N/S),79,41,6,♣,finished,2026-05-18T16:05:47.236583+00:00
1572,INPROC_92B24B,1,10,team1,Team 1 (N/S),88,32,1,♣,finished,2026-05-18T16:05:47.252454+00:00
1573,INPROC_A3132B,1,10,team2,Team 2 (E/W),42,78,23,♥,finished,2026-05-18T16:05:47.268290+00:00
1574,INPROC_AF5F4F,1,10,draw,draw,60,60,29,♥,finished,2026-05-18T16:05:47.283903+00:00
1575,INPROC_ABF6F2,1,10,team2,Team 2 (E/W),56,64,39,♠,finished,2026-05-18T16:05:47.299016+00:00
1576,INPROC_934A4E,1,10,team1,Team 1 (N/S),75,45,22,♥,finished,2026-05-18T16:05:47.315198+00:00
1577,INPROC_073EEB,1,10,team1,Team 1 (N/S),62,58,30,♠,finished,2026-05-18T16:05:47.326731+00:00
1578,INPROC_BE831A,1,10,team2,Team 2 (E/W),34,86,28,♥,finished,2026-05-18T16:05:47.341877+00:00
1579,INPROC_8EB594,1,10,team1,Team 1 (N/S),72,48,3,♣,finished,2026-05-18T16:05:47.357575+00:00
1580,INPROC_FE7C8A,1,10,team1,Team 1 (N/S),90,30,22,♥,finished,2026-05-18T16:05:47.375657+00:00
1581,INPROC_081FC3,1,10,team1,Team 1 (N/S),74,46,13,♦,finished,2026-05-18T16:05:47.394656+00:00
1582,INPROC_A1CBBF,1,10,team2,Team 2 (E/W),46,74,8,♣,finished,2026-05-18T16:05:47.412106+00:00
1583,INPROC_9C1143,1,10,team2,Team 2 (E/W),10,110,6,♣,finished,2026-05-18T16:05:47.429228+00:00
1584,INPROC_5868D6,1,10,team1,Team 1 (N/S),64,56,20,♥,finished,2026-05-18T16:05:47.446421+00:00
1585,INPROC_23F053,1,10,team1,Team 1 (N/S),71,49,35,♠,finished,2026-05-18T16:05:47.464276+00:00
1586,INPROC_B433FA,1,10,team1,Team 1 (N/S),72,48,29,♥,finished,2026-05-18T16:05:47.483142+00:00
1587,INPROC_6F8B90,1,10,team1,Team 1 (N/S),81,39,34,♠,finished,2026-05-18T16:05:47.502824+00:00
1588,INPROC_8DF58D,1,10,team2,Team 2 (E/W),32,88,25,♥,finished,2026-05-18T16:05:47.516897+00:00
1589,INPROC_ECEBB8,1,10,team2,Team 2 (E/W),57,63,6,♣,finished,2026-05-18T16:05:47.530661+00:00
1590,INPROC_3B0A5B,1,10,team1,Team 1 (N/S),83,37,21,♥,finished,2026-05-18T16:05:47.542471+00:00
1591,INPROC_BF8C4F,1,10,team1,Team 1 (N/S),89,31,32,♠,finished,2026-05-18T16:05:47.558680+00:00
1592,INPROC_3932F0,1,10,team2,Team 2 (E/W),18,102,35,♠,finished,2026-05-18T16:05:47.574234+00:00
1593,INPROC_37E7B2,1,10,team1,Team 1 (N/S),95,25,5,♣,finished,2026-05-18T16:05:47.591739+00:00
1594,INPROC_808EA6,1,10,team2,Team 2 (E/W),54,66,3,♣,finished,2026-05-18T16:05:47.608920+00:00
1595,INPROC_732331,1,10,team2,Team 2 (E/W),42,78,39,♠,finished,2026-05-18T16:05:47.627269+00:00
1596,INPROC_A33794,1,10,team1,Team 1 (N/S),66,54,39,♠,finished,2026-05-18T16:05:47.642646+00:00
1597,INPROC_515812,1,10,team2,Team 2 (E/W),56,64,4,♣,finished,2026-05-18T16:05:47.657363+00:00
1598,INPROC_1DA8D2,1,10,team1,Team 1 (N/S),89,31,26,♥,finished,2026-05-18T16:05:47.673533+00:00
1599,INPROC_2DD7C9,1,10,team1,Team 1 (N/S),87,33,10,♦,finished,2026-05-18T16:05:47.692789+00:00
1600,INPROC_CD8913,1,10,team2,Team 2 (E/W),7,113,13,♦,finished,2026-05-18T16:05:47.707127+00:00
1601,INPROC_76ABD5,1,10,team2,Team 2 (E/W),17,103,29,♥,finished,2026-05-18T16:05:47.719464+00:00
1602,INPROC_32CCA4,1,10,team2,Team 2 (E/W),40,80,12,♦,finished,2026-05-18T16:05:47.734417+00:00
1603,INPROC_8DCCF4,1,10,team1,Team 1 (N/S),107,13,9,♣,finished,2026-05-18T16:05:47.747582+00:00
1604,INPROC_F70730,1,10,team2,Team 2 (E/W),46,74,12,♦,finished,2026-05-18T16:05:47.760218+00:00
1605,INPROC_EB001A,1,10,team2,Team 2 (E/W),57,63,3,♣,finished,2026-05-18T16:05:47.773263+00:00
1606,INPROC_AB84B4,1,10,team2,Team 2 (E/W),47,73,14,♦,finished,2026-05-18T16:05:47.786942+00:00
1607,INPROC_DE7EF8,1,10,team1,Team 1 (N/S),69,51,1,♣,finished,2026-05-18T16:05:47.802386+00:00
1608,INPROC_25C38D,1,10,team2,Team 2 (E/W),26,94,26,♥,finished,2026-05-18T16:05:47.820370+00:00
1609,INPROC_A8FFB0,1,10,team2,Team 2 (E/W),54,66,23,♥,finished,2026-05-18T16:05:47.832502+00:00
1610,INPROC_91BE93,1,10,team2,Team 2 (E/W),44,76,35,♠,finished,2026-05-18T16:05:47.846812+00:00
1611,INPROC_3E7A51,1,10,team1,Team 1 (N/S),84,36,4,♣,finished,2026-05-18T16:05:47.861267+00:00
1612,INPROC_824B30,1,10,team1,Team 1 (N/S),111,9,2,♣,finished,2026-05-18T16:05:47.877317+00:00
1613,INPROC_EE6E19,1,10,team2,Team 2 (E/W),58,62,7,♣,finished,2026-05-18T16:05:47.891184+00:00
1614,INPROC_D6C616,1,10,team1,Team 1 (N/S),87,33,31,♠,finished,2026-05-18T16:05:47.905151+00:00
1615,INPROC_E9DE48,1,10,team2,Team 2 (E/W),30,90,3,♣,finished,2026-05-18T16:05:47.922893+00:00
1616,INPROC_87B416,1,10,team1,Team 1 (N/S),83,37,18,♦,finished,2026-05-18T16:05:47.938471+00:00
1617,INPROC_201791,1,10,team1,Team 1 (N/S),81,39,29,♥,finished,2026-05-18T16:05:47.954487+00:00
1618,INPROC_9737F7,1,10,team2,Team 2 (E/W),57,63,11,♦,finished,2026-05-18T16:05:47.971790+00:00
1619,INPROC_6855E4,1,10,team1,Team 1 (N/S),85,35,31,♠,finished,2026-05-18T16:05:47.988998+00:00
1620,INPROC_013455,1,10,team1,Team 1 (N/S),102,18,31,♠,finished,2026-05-18T16:05:48.003764+00:00
1621,INPROC_E3432C,1,10,team1,Team 1 (N/S),75,45,37,♠,finished,2026-05-18T16:05:48.020145+00:00
1622,INPROC_5C12B6,1,10,team1,Team 1 (N/S),69,51,12,♦,finished,2026-05-18T16:05:48.035518+00:00
1623,INPROC_B26DB1,1,10,team2,Team 2 (E/W),45,75,26,♥,finished,2026-05-18T16:05:48.053115+00:00
1624,INPROC_28541F,1,10,team1,Team 1 (N/S),81,39,9,♣,finished,2026-05-18T16:05:48.069750+00:00
1625,INPROC_0214D7,1,10,team2,Team 2 (E/W),34,86,34,♠,finished,2026-05-18T16:05:48.084906+00:00
1626,INPROC_A63C13,1,10,team2,Team 2 (E/W),29,91,1,♣,finished,2026-05-18T16:05:48.100423+00:00
1627,INPROC_044957,1,10,team1,Team 1 (N/S),76,44,32,♠,finished,2026-05-18T16:05:48.114282+00:00
1628,INPROC_7C1C2C,1,10,team1,Team 1 (N/S),61,59,19,♦,finished,2026-05-18T16:05:48.128950+00:00
1629,INPROC_F895EE,1,10,team2,Team 2 (E/W),17,103,24,♥,finished,2026-05-18T16:05:48.139563+00:00
1630,INPROC_F135CC,1,10,team2,Team 2 (E/W),30,90,4,♣,finished,2026-05-18T16:05:48.152766+00:00
1631,INPROC_E8AFD2,1,10,team2,Team 2 (E/W),35,85,30,♠,finished,2026-05-18T16:05:48.168198+00:00
1632,INPROC_EF8A5B,1,10,team1,Team 1 (N/S),107,13,24,♥,finished,2026-05-18T16:05:48.179075+00:00
1633,INPROC_99DBB6,1,10,team2,Team 2 (E/W),34,86,25,♥,finished,2026-05-18T16:05:48.191056+00:00
1634,INPROC_997B70,1,10,team2,Team 2 (E/W),50,70,35,♠,finished,2026-05-18T16:05:48.205284+00:00
1635,INPROC_08E71B,1,10,team2,Team 2 (E/W),52,68,31,♠,finished,2026-05-18T16:05:48.218215+00:00
1636,INPROC_6885E1,1,10,team2,Team 2 (E/W),32,88,11,♦,finished,2026-05-18T16:05:48.233918+00:00
1637,INPROC_5293B4,1,10,team1,Team 1 (N/S),70,50,23,♥,finished,2026-05-18T16:05:48.249796+00:00
1638,INPROC_C48B08,1,10,team2,Team 2 (E/W),46,74,26,♥,finished,2026-05-18T16:05:48.266051+00:00
1639,INPROC_315D0E,1,10,team2,Team 2 (E/W),53,67,4,♣,finished,2026-05-18T16:05:48.282461+00:00
1640,INPROC_EBF4A3,1,10,team1,Team 1 (N/S),61,59,14,♦,finished,2026-05-18T16:05:48.297303+00:00
1641,INPROC_B34EFD,1,10,team2,Team 2 (E/W),58,62,17,♦,finished,2026-05-18T16:05:48.313864+00:00
1642,INPROC_A8BF86,1,10,team2,Team 2 (E/W),50,70,31,♠,finished,2026-05-18T16:05:48.324361+00:00
1643,INPROC_5105EB,1,10,team2,Team 2 (E/W),17,103,18,♦,finished,2026-05-18T16:05:48.335463+00:00
1644,INPROC_126794,1,10,team2,Team 2 (E/W),48,72,37,♠,finished,2026-05-18T16:05:48.349148+00:00
1645,INPROC_E3CFE4,1,10,team2,Team 2 (E/W),56,64,31,♠,finished,2026-05-18T16:05:48.367083+00:00
1646,INPROC_10114E,1,10,team2,Team 2 (E/W),48,72,32,♠,finished,2026-05-18T16:05:48.384121+00:00
1647,INPROC_EC34F0,1,10,team2,Team 2 (E/W),34,86,29,♥,finished,2026-05-18T16:05:48.394369+00:00
1648,INPROC_A4CB9B,1,10,team1,Team 1 (N/S),82,38,25,♥,finished,2026-05-18T16:05:48.404453+00:00
1649,INPROC_5206CC,1,10,team2,Team 2 (E/W),55,65,4,♣,finished,2026-05-18T16:05:48.415082+00:00
1650,INPROC_FF683A,1,10,team2,Team 2 (E/W),8,112,11,♦,finished,2026-05-18T16:05:48.426837+00:00
1651,INPROC_E12B78,1,10,team1,Team 1 (N/S),81,39,24,♥,finished,2026-05-18T16:05:48.442780+00:00
1652,INPROC_E447C3,1,10,team2,Team 2 (E/W),54,66,6,♣,finished,2026-05-18T16:05:48.454816+00:00
1653,INPROC_A53778,1,10,team2,Team 2 (E/W),44,76,34,♠,finished,2026-05-18T16:05:48.468559+00:00
1654,INPROC_83B8E2,1,10,team1,Team 1 (N/S),78,42,31,♠,finished,2026-05-18T16:05:48.481781+00:00
1655,INPROC_2541F9,1,10,team2,Team 2 (E/W),22,98,31,♠,finished,2026-05-18T16:05:48.496937+00:00
1656,INPROC_E341F0,1,10,team2,Team 2 (E/W),45,75,35,♠,finished,2026-05-18T16:05:48.513370+00:00
1657,INPROC_E9761A,1,10,team2,Team 2 (E/W),44,76,10,♦,finished,2026-05-18T16:05:48.530635+00:00
1658,INPROC_B29A84,1,10,team1,Team 1 (N/S),68,52,22,♥,finished,2026-05-18T16:05:48.546544+00:00
1659,INPROC_87444D,1,10,team1,Team 1 (N/S),83,37,25,♥,finished,2026-05-18T16:05:48.561325+00:00
1660,INPROC_FDDCE1,1,10,team1,Team 1 (N/S),65,55,1,♣,finished,2026-05-18T16:05:48.577778+00:00
1661,INPROC_870E73,1,10,team2,Team 2 (E/W),41,79,8,♣,finished,2026-05-18T16:05:48.593561+00:00
1662,INPROC_C8385F,1,10,team1,Team 1 (N/S),62,58,38,♠,finished,2026-05-18T16:05:48.610886+00:00
1663,INPROC_CF242D,1,10,team1,Team 1 (N/S),67,53,37,♠,finished,2026-05-18T16:05:48.628089+00:00
1664,INPROC_E34B6A,1,10,team1,Team 1 (N/S),79,41,37,♠,finished,2026-05-18T16:05:48.644400+00:00
1665,INPROC_44EBA1,1,10,team1,Team 1 (N/S),63,57,9,♣,finished,2026-05-18T16:05:48.665357+00:00
1666,INPROC_10837C,1,10,team1,Team 1 (N/S),84,36,34,♠,finished,2026-05-18T16:05:48.683959+00:00
1667,INPROC_C93073,1,10,team2,Team 2 (E/W),48,72,12,♦,finished,2026-05-18T16:05:48.698613+00:00
1668,INPROC_DE085A,1,10,team2,Team 2 (E/W),42,78,32,♠,finished,2026-05-18T16:05:48.713969+00:00
1669,INPROC_3D1484,1,10,team1,Team 1 (N/S),96,24,5,♣,finished,2026-05-18T16:05:48.729391+00:00
1670,INPROC_6D64F5,1,10,team2,Team 2 (E/W),36,84,38,♠,finished,2026-05-18T16:05:48.744150+00:00
1671,INPROC_60B87B,1,10,team2,Team 2 (E/W),35,85,22,♥,finished,2026-05-18T16:05:48.760704+00:00
1672,INPROC_84BC1E,1,10,team1,Team 1 (N/S),66,54,0,♣,finished,2026-05-18T16:05:48.776329+00:00
1673,INPROC_B15748,1,10,team1,Team 1 (N/S),67,53,17,♦,finished,2026-05-18T16:05:48.794839+00:00
1674,INPROC_EF5C7A,1,10,team2,Team 2 (E/W),0,120,30,♠,finished,2026-05-18T16:05:48.812973+00:00
1675,INPROC_8ECE94,1,10,team2,Team 2 (E/W),50,70,20,♥,finished,2026-05-18T16:05:48.831547+00:00
1676,INPROC_F990D4,1,10,team2,Team 2 (E/W),59,61,16,♦,finished,2026-05-18T16:05:48.849681+00:00
1677,INPROC_E55653,1,10,team1,Team 1 (N/S),92,28,22,♥,finished,2026-05-18T16:05:48.863086+00:00
1678,INPROC_7126AA,1,10,team1,Team 1 (N/S),101,19,2,♣,finished,2026-05-18T16:05:48.876971+00:00
1679,INPROC_DF717F,1,10,team1,Team 1 (N/S),88,32,2,♣,finished,2026-05-18T16:05:48.893367+00:00
1680,INPROC_A177F6,1,10,team1,Team 1 (N/S),71,49,8,♣,finished,2026-05-18T16:05:48.908409+00:00
1681,INPROC_00C1AF,1,10,team2,Team 2 (E/W),41,79,37,♠,finished,2026-05-18T16:05:48.923383+00:00
1682,INPROC_560406,1,10,team2,Team 2 (E/W),53,67,20,♥,finished,2026-05-18T16:05:48.938758+00:00
1683,INPROC_11B927,1,10,team2,Team 2 (E/W),58,62,12,♦,finished,2026-05-18T16:05:48.955593+00:00
1684,INPROC_A81310,1,10,team2,Team 2 (E/W),40,80,11,♦,finished,2026-05-18T16:05:48.970986+00:00
1685,INPROC_1C7BF4,1,10,team1,Team 1 (N/S),69,51,22,♥,finished,2026-05-18T16:05:48.987761+00:00
1686,INPROC_9897F6,1,10,team1,Team 1 (N/S),66,54,25,♥,finished,2026-05-18T16:05:49.004469+00:00
1687,INPROC_86E95E,1,10,team1,Team 1 (N/S),73,47,26,♥,finished,2026-05-18T16:05:49.021031+00:00
1688,INPROC_EBA854,1,10,team2,Team 2 (E/W),31,89,1,♣,finished,2026-05-18T16:05:49.039370+00:00
1689,INPROC_736A69,1,10,team2,Team 2 (E/W),52,68,14,♦,finished,2026-05-18T16:05:49.056526+00:00
1690,INPROC_2C456C,1,10,team2,Team 2 (E/W),41,79,36,♠,finished,2026-05-18T16:05:49.073019+00:00
1691,INPROC_335CF5,1,10,team2,Team 2 (E/W),50,70,31,♠,finished,2026-05-18T16:05:49.087576+00:00
1692,INPROC_7B6EE1,1,10,team1,Team 1 (N/S),79,41,16,♦,finished,2026-05-18T16:05:49.104475+00:00
1693,INPROC_C5649A,1,10,draw,draw,60,60,24,♥,finished,2026-05-18T16:05:49.121408+00:00
1694,INPROC_41FFEE,1,10,team2,Team 2 (E/W),42,78,30,♠,finished,2026-05-18T16:05:49.137788+00:00
1695,INPROC_B4EAFB,1,10,team2,Team 2 (E/W),34,86,1,♣,finished,2026-05-18T16:05:49.153682+00:00
1696,INPROC_96EEC6,1,10,team1,Team 1 (N/S),67,53,29,♥,finished,2026-05-18T16:05:49.171251+00:00
1697,INPROC_7298D6,1,10,team2,Team 2 (E/W),55,65,10,♦,finished,2026-05-18T16:05:49.185983+00:00
1698,INPROC_1FCC0F,1,10,team2,Team 2 (E/W),41,79,29,♥,finished,2026-05-18T16:05:49.197141+00:00
1699,INPROC_5FB259,1,10,team2,Team 2 (E/W),48,72,37,♠,finished,2026-05-18T16:05:49.206366+00:00
1700,INPROC_E9CBAD,1,10,team1,Team 1 (N/S),89,31,35,♠,finished,2026-05-18T16:05:49.215374+00:00
1701,INPROC_859C37,1,10,team1,Team 1 (N/S),73,47,37,♠,finished,2026-05-18T16:05:49.232103+00:00
1702,INPROC_C0ECDE,1,10,team1,Team 1 (N/S),63,57,11,♦,finished,2026-05-18T16:05:49.245188+00:00
1703,INPROC_310FF5,1,10,team1,Team 1 (N/S),73,47,2,♣,finished,2026-05-18T16:05:49.259894+00:00
1704,INPROC_C2267C,1,10,team1,Team 1 (N/S),71,49,3,♣,finished,2026-05-18T16:05:49.272551+00:00
1705,INPROC_784769,1,10,team2,Team 2 (E/W),44,76,7,♣,finished,2026-05-18T16:05:49.286097+00:00
1706,INPROC_BAAE28,1,10,team1,Team 1 (N/S),62,58,16,♦,finished,2026-05-18T16:05:49.304473+00:00
1707,INPROC_3367C0,1,10,team1,Team 1 (N/S),96,24,18,♦,finished,2026-05-18T16:05:49.321245+00:00
1708,INPROC_FDEF7C,1,10,team2,Team 2 (E/W),50,70,32,♠,finished,2026-05-18T16:05:49.337996+00:00
1709,INPROC_152206,1,10,team1,Team 1 (N/S),71,49,27,♥,finished,2026-05-18T16:05:49.355839+00:00
1710,INPROC_8AB307,1,10,team1,Team 1 (N/S),78,42,18,♦,finished,2026-05-18T16:05:49.372951+00:00
1711,INPROC_8056A5,1,10,team1,Team 1 (N/S),62,58,0,♣,finished,2026-05-18T16:05:49.389922+00:00
1712,INPROC_D6F06F,1,10,team1,Team 1 (N/S),100,20,5,♣,finished,2026-05-18T16:05:49.404653+00:00
1713,INPROC_B9852C,1,10,team1,Team 1 (N/S),76,44,12,♦,finished,2026-05-18T16:05:49.417999+00:00
1714,INPROC_AD1F5C,1,10,team1,Team 1 (N/S),76,44,28,♥,finished,2026-05-18T16:05:49.434308+00:00
1715,INPROC_25F87A,1,10,team2,Team 2 (E/W),55,65,31,♠,finished,2026-05-18T16:05:49.448676+00:00
1716,INPROC_EB282D,1,10,team1,Team 1 (N/S),75,45,6,♣,finished,2026-05-18T16:05:49.462558+00:00
1717,INPROC_8DA4C0,1,10,team1,Team 1 (N/S),101,19,21,♥,finished,2026-05-18T16:05:49.480842+00:00
1718,INPROC_F92783,1,10,team1,Team 1 (N/S),77,43,23,♥,finished,2026-05-18T16:05:49.497899+00:00
1719,INPROC_42785B,1,10,team2,Team 2 (E/W),58,62,33,♠,finished,2026-05-18T16:05:49.512626+00:00
1720,INPROC_48522C,1,10,team2,Team 2 (E/W),39,81,32,♠,finished,2026-05-18T16:05:49.529193+00:00
1721,INPROC_6DF5BF,1,10,team2,Team 2 (E/W),39,81,23,♥,finished,2026-05-18T16:05:49.545344+00:00
1722,INPROC_007F63,1,10,team1,Team 1 (N/S),74,46,37,♠,finished,2026-05-18T16:05:49.562175+00:00
1723,INPROC_6DFFC7,1,10,team1,Team 1 (N/S),68,52,9,♣,finished,2026-05-18T16:05:49.578757+00:00
1724,INPROC_5693ED,1,10,team2,Team 2 (E/W),13,107,19,♦,finished,2026-05-18T16:05:49.595890+00:00
1725,INPROC_C04081,1,10,team1,Team 1 (N/S),68,52,5,♣,finished,2026-05-18T16:05:49.612902+00:00
1726,INPROC_61B42D,1,10,team1,Team 1 (N/S),71,49,35,♠,finished,2026-05-18T16:05:49.630119+00:00
1727,INPROC_0E5AF0,1,10,team1,Team 1 (N/S),110,10,16,♦,finished,2026-05-18T16:05:49.647855+00:00
1728,INPROC_E44397,1,10,team1,Team 1 (N/S),68,52,12,♦,finished,2026-05-18T16:05:49.658192+00:00
1729,INPROC_B53B8F,1,10,team2,Team 2 (E/W),14,106,0,♣,finished,2026-05-18T16:05:49.668776+00:00
1730,INPROC_BA23D1,1,10,team2,Team 2 (E/W),11,109,20,♥,finished,2026-05-18T16:05:49.684623+00:00
1731,INPROC_DEF4A9,1,10,team2,Team 2 (E/W),38,82,26,♥,finished,2026-05-18T16:05:49.700997+00:00
1732,INPROC_652CE2,1,10,team2,Team 2 (E/W),43,77,24,♥,finished,2026-05-18T16:05:49.718609+00:00
1733,INPROC_25CC12,1,10,team1,Team 1 (N/S),72,48,31,♠,finished,2026-05-18T16:05:49.731008+00:00
1734,INPROC_38BCAB,1,10,team2,Team 2 (E/W),52,68,18,♦,finished,2026-05-18T16:05:49.739074+00:00
1735,INPROC_A7573B,1,10,team1,Team 1 (N/S),70,50,10,♦,finished,2026-05-18T16:05:49.750765+00:00
1736,INPROC_F40FAB,1,10,team1,Team 1 (N/S),74,46,12,♦,finished,2026-05-18T16:05:49.761339+00:00
1737,INPROC_03724C,1,10,team1,Team 1 (N/S),70,50,23,♥,finished,2026-05-18T16:05:49.776031+00:00
1738,INPROC_025EE8,1,10,team2,Team 2 (E/W),55,65,15,♦,finished,2026-05-18T16:05:49.792281+00:00
1739,INPROC_3264D1,1,10,team1,Team 1 (N/S),61,59,35,♠,finished,2026-05-18T16:05:49.808084+00:00
1740,INPROC_04CC69,1,10,team1,Team 1 (N/S),65,55,2,♣,finished,2026-05-18T16:05:49.822793+00:00
1741,INPROC_42EEC9,1,10,team1,Team 1 (N/S),92,28,28,♥,finished,2026-05-18T16:05:49.835261+00:00
1742,INPROC_EB42C5,1,10,team2,Team 2 (E/W),15,105,31,♠,finished,2026-05-18T16:05:49.849191+00:00
1743,INPROC_606A41,1,10,team1,Team 1 (N/S),92,28,22,♥,finished,2026-05-18T16:05:49.864662+00:00
1744,INPROC_7C0D34,1,10,team2,Team 2 (E/W),31,89,0,♣,finished,2026-05-18T16:05:49.878866+00:00
1745,INPROC_50CB58,1,10,team2,Team 2 (E/W),28,92,14,♦,finished,2026-05-18T16:05:49.892701+00:00
1746,INPROC_9CAA3B,1,10,team1,Team 1 (N/S),83,37,27,♥,finished,2026-05-18T16:05:49.908176+00:00
1747,INPROC_9A120C,1,10,team1,Team 1 (N/S),61,59,37,♠,finished,2026-05-18T16:05:49.925067+00:00
1748,INPROC_57C528,1,10,team2,Team 2 (E/W),0,120,39,♠,finished,2026-05-18T16:05:49.942111+00:00
1749,INPROC_1AF92F,1,10,team1,Team 1 (N/S),72,48,31,♠,finished,2026-05-18T16:05:49.957627+00:00
1750,INPROC_DDC17C,1,10,team2,Team 2 (E/W),48,72,28,♥,finished,2026-05-18T16:05:49.974639+00:00
1751,INPROC_217985,1,10,team2,Team 2 (E/W),46,74,33,♠,finished,2026-05-18T16:05:49.993934+00:00
1752,INPROC_0EDC28,1,10,team2,Team 2 (E/W),19,101,19,♦,finished,2026-05-18T16:05:50.011365+00:00
1753,INPROC_BAF6EA,1,10,team2,Team 2 (E/W),21,99,17,♦,finished,2026-05-18T16:05:50.028984+00:00
1754,INPROC_A1F092,1,10,team2,Team 2 (E/W),43,77,11,♦,finished,2026-05-18T16:05:50.043151+00:00
1755,INPROC_2CEDD5,1,10,team1,Team 1 (N/S),75,45,15,♦,finished,2026-05-18T16:05:50.062050+00:00
1756,INPROC_525A92,1,10,team1,Team 1 (N/S),93,27,0,♣,finished,2026-05-18T16:05:50.079771+00:00
1757,INPROC_70E4EE,1,10,team2,Team 2 (E/W),56,64,2,♣,finished,2026-05-18T16:05:50.091794+00:00
1758,INPROC_1B9F97,1,10,team1,Team 1 (N/S),73,47,30,♠,finished,2026-05-18T16:05:50.105595+00:00
1759,INPROC_DFA957,1,10,team1,Team 1 (N/S),61,59,18,♦,finished,2026-05-18T16:05:50.121158+00:00
1760,INPROC_F2DA4D,1,10,team1,Team 1 (N/S),61,59,28,♥,finished,2026-05-18T16:05:50.139461+00:00
1761,INPROC_C5F564,1,10,team2,Team 2 (E/W),48,72,31,♠,finished,2026-05-18T16:05:50.156802+00:00
1762,INPROC_BF1342,1,10,team2,Team 2 (E/W),57,63,34,♠,finished,2026-05-18T16:05:50.172745+00:00
1763,INPROC_7EC834,1,10,team2,Team 2 (E/W),41,79,19,♦,finished,2026-05-18T16:05:50.187623+00:00
1764,INPROC_A63901,1,10,team1,Team 1 (N/S),62,58,38,♠,finished,2026-05-18T16:05:50.203656+00:00
1765,INPROC_D3B5A5,1,10,team2,Team 2 (E/W),59,61,24,♥,finished,2026-05-18T16:05:50.220289+00:00
1766,INPROC_26F1E2,1,10,team2,Team 2 (E/W),45,75,26,♥,finished,2026-05-18T16:05:50.236545+00:00
1767,INPROC_097FC5,1,10,team2,Team 2 (E/W),38,82,7,♣,finished,2026-05-18T16:05:50.249043+00:00
1768,INPROC_FBB3AE,1,10,team1,Team 1 (N/S),76,44,23,♥,finished,2026-05-18T16:05:50.263539+00:00
1769,INPROC_3FC311,1,10,team1,Team 1 (N/S),74,46,20,♥,finished,2026-05-18T16:05:50.277351+00:00
1770,INPROC_9E6062,1,10,team2,Team 2 (E/W),46,74,26,♥,finished,2026-05-18T16:05:50.290291+00:00
1771,INPROC_43351A,1,10,team2,Team 2 (E/W),39,81,15,♦,finished,2026-05-18T16:05:50.304517+00:00
1772,INPROC_2CCE7B,1,10,team1,Team 1 (N/S),67,53,2,♣,finished,2026-05-18T16:05:50.319720+00:00
1773,INPROC_93016E,1,10,team2,Team 2 (E/W),35,85,12,♦,finished,2026-05-18T16:05:50.334228+00:00
1774,INPROC_67E72D,1,10,team1,Team 1 (N/S),84,36,1,♣,finished,2026-05-18T16:05:50.349824+00:00
1775,INPROC_13B232,1,10,team2,Team 2 (E/W),57,63,7,♣,finished,2026-05-18T16:05:50.367783+00:00
1776,INPROC_495CEC,1,10,team2,Team 2 (E/W),53,67,23,♥,finished,2026-05-18T16:05:50.385242+00:00
1777,INPROC_1C7819,1,10,team1,Team 1 (N/S),75,45,17,♦,finished,2026-05-18T16:05:50.397189+00:00
1778,INPROC_DE99D9,1,10,team1,Team 1 (N/S),106,14,32,♠,finished,2026-05-18T16:05:50.410261+00:00
1779,INPROC_DE0ECF,1,10,team1,Team 1 (N/S),64,56,34,♠,finished,2026-05-18T16:05:50.421082+00:00
1780,INPROC_DA4780,1,10,team1,Team 1 (N/S),68,52,5,♣,finished,2026-05-18T16:05:50.438487+00:00
1781,INPROC_269261,1,10,team2,Team 2 (E/W),54,66,38,♠,finished,2026-05-18T16:05:50.452999+00:00
1782,INPROC_9CCDEB,1,10,team2,Team 2 (E/W),58,62,36,♠,finished,2026-05-18T16:05:50.467869+00:00
1783,INPROC_B0F70B,1,10,team1,Team 1 (N/S),67,53,20,♥,finished,2026-05-18T16:05:50.484107+00:00
1784,INPROC_D3B204,1,10,team1,Team 1 (N/S),89,31,5,♣,finished,2026-05-18T16:05:50.502632+00:00
1785,INPROC_F51653,1,10,team2,Team 2 (E/W),42,78,9,♣,finished,2026-05-18T16:05:50.518985+00:00
1786,INPROC_738246,1,10,team2,Team 2 (E/W),40,80,21,♥,finished,2026-05-18T16:05:50.530651+00:00
1787,INPROC_E5AACE,1,10,team2,Team 2 (E/W),35,85,32,♠,finished,2026-05-18T16:05:50.546083+00:00
1788,INPROC_3D2C51,1,10,team1,Team 1 (N/S),88,32,36,♠,finished,2026-05-18T16:05:50.565548+00:00
1789,INPROC_97423F,1,10,team2,Team 2 (E/W),46,74,34,♠,finished,2026-05-18T16:05:50.575739+00:00
1790,INPROC_BD2C2D,1,10,team1,Team 1 (N/S),96,24,11,♦,finished,2026-05-18T16:05:50.587356+00:00
1791,INPROC_CD97EE,1,10,team1,Team 1 (N/S),67,53,7,♣,finished,2026-05-18T16:05:50.598520+00:00
1792,INPROC_67FC9E,1,10,team2,Team 2 (E/W),43,77,11,♦,finished,2026-05-18T16:05:50.611103+00:00
1793,INPROC_730358,1,10,team2,Team 2 (E/W),8,112,9,♣,finished,2026-05-18T16:05:50.625030+00:00
1794,INPROC_6854B3,1,10,team1,Team 1 (N/S),91,29,11,♦,finished,2026-05-18T16:05:50.637649+00:00
1795,INPROC_EBFD5A,1,10,team1,Team 1 (N/S),84,36,39,♠,finished,2026-05-18T16:05:50.652463+00:00
1796,INPROC_7029B4,1,10,team1,Team 1 (N/S),65,55,14,♦,finished,2026-05-18T16:05:50.665641+00:00
1797,INPROC_D12565,1,10,team2,Team 2 (E/W),41,79,21,♥,finished,2026-05-18T16:05:50.681330+00:00
1798,INPROC_5C3232,1,10,team2,Team 2 (E/W),21,99,24,♥,finished,2026-05-18T16:05:50.697669+00:00
1799,INPROC_D08848,1,10,team2,Team 2 (E/W),25,95,31,♠,finished,2026-05-18T16:05:50.707525+00:00
1800,INPROC_4AD29E,1,10,team2,Team 2 (E/W),38,82,36,♠,finished,2026-05-18T16:05:50.718951+00:00
1801,INPROC_31A711,1,10,team2,Team 2 (E/W),46,74,0,♣,finished,2026-05-18T16:05:50.733259+00:00
1802,INPROC_5990E2,1,10,team2,Team 2 (E/W),41,79,38,♠,finished,2026-05-18T16:05:50.747907+00:00
1803,INPROC_6C806E,1,10,team2,Team 2 (E/W),0,120,34,♠,finished,2026-05-18T16:05:50.760118+00:00
1804,INPROC_BA2ACF,1,10,team1,Team 1 (N/S),73,47,27,♥,finished,2026-05-18T16:05:50.769590+00:00
1805,INPROC_C5ECBF,1,10,team1,Team 1 (N/S),79,41,34,♠,finished,2026-05-18T16:05:50.781519+00:00
1806,INPROC_162652,1,10,team2,Team 2 (E/W),47,73,18,♦,finished,2026-05-18T16:05:50.790971+00:00
1807,INPROC_034562,1,10,team1,Team 1 (N/S),103,17,22,♥,finished,2026-05-18T16:05:50.803644+00:00
1808,INPROC_B03EE9,1,10,team1,Team 1 (N/S),113,7,34,♠,finished,2026-05-18T16:05:50.814462+00:00
1809,INPROC_6F1313,1,10,team1,Team 1 (N/S),98,22,32,♠,finished,2026-05-18T16:05:50.830096+00:00
1810,INPROC_05A8B3,1,10,team1,Team 1 (N/S),89,31,6,♣,finished,2026-05-18T16:05:50.844644+00:00
1811,INPROC_D70A48,1,10,team1,Team 1 (N/S),86,34,31,♠,finished,2026-05-18T16:05:50.859539+00:00
1812,INPROC_1405CA,1,10,team2,Team 2 (E/W),35,85,21,♥,finished,2026-05-18T16:05:50.875767+00:00
1813,INPROC_9A65C8,1,10,team1,Team 1 (N/S),72,48,7,♣,finished,2026-05-18T16:05:50.892866+00:00
1814,INPROC_3CC243,1,10,team1,Team 1 (N/S),92,28,1,♣,finished,2026-05-18T16:05:50.910784+00:00
1815,INPROC_7731DD,1,10,team2,Team 2 (E/W),58,62,12,♦,finished,2026-05-18T16:05:50.919506+00:00
1816,INPROC_CC6A91,1,10,team1,Team 1 (N/S),83,37,5,♣,finished,2026-05-18T16:05:50.932731+00:00
1817,INPROC_9DECC2,1,10,team2,Team 2 (E/W),43,77,27,♥,finished,2026-05-18T16:05:50.943217+00:00
1818,INPROC_42BA43,1,10,team2,Team 2 (E/W),42,78,34,♠,finished,2026-05-18T16:05:50.960362+00:00
1819,INPROC_18F046,1,10,team2,Team 2 (E/W),57,63,18,♦,finished,2026-05-18T16:05:50.978702+00:00
1820,INPROC_5D9324,1,10,team2,Team 2 (E/W),38,82,3,♣,finished,2026-05-18T16:05:50.995309+00:00
1821,INPROC_071803,1,10,team1,Team 1 (N/S),66,54,38,♠,finished,2026-05-18T16:05:51.010895+00:00
1822,INPROC_CB94A3,1,10,team1,Team 1 (N/S),72,48,32,♠,finished,2026-05-18T16:05:51.028149+00:00
1823,INPROC_393E61,1,10,team2,Team 2 (E/W),53,67,14,♦,finished,2026-05-18T16:05:51.044006+00:00
1824,INPROC_D269A4,1,10,team2,Team 2 (E/W),54,66,28,♥,finished,2026-05-18T16:05:51.059314+00:00
1825,INPROC_5E0C20,1,10,team2,Team 2 (E/W),41,79,20,♥,finished,2026-05-18T16:05:51.076738+00:00
1826,INPROC_3AE842,1,10,team2,Team 2 (E/W),29,91,21,♥,finished,2026-05-18T16:05:51.093159+00:00
1827,INPROC_CD11DF,1,10,team1,Team 1 (N/S),66,54,12,♦,finished,2026-05-18T16:05:51.108090+00:00
1828,INPROC_837FC9,1,10,team2,Team 2 (E/W),41,79,12,♦,finished,2026-05-18T16:05:51.123699+00:00
1829,INPROC_B62CC1,1,10,team2,Team 2 (E/W),30,90,27,♥,finished,2026-05-18T16:05:51.137180+00:00
1830,INPROC_1137C0,1,10,team1,Team 1 (N/S),117,3,37,♠,finished,2026-05-18T16:05:51.151806+00:00
1831,INPROC_77337B,1,10,team2,Team 2 (E/W),14,106,12,♦,finished,2026-05-18T16:05:51.167465+00:00
1832,INPROC_937949,1,10,team2,Team 2 (E/W),44,76,29,♥,finished,2026-05-18T16:05:51.181137+00:00
1833,INPROC_1D5A47,1,10,team1,Team 1 (N/S),99,21,38,♠,finished,2026-05-18T16:05:51.193314+00:00
1834,INPROC_AF0205,1,10,team2,Team 2 (E/W),5,115,21,♥,finished,2026-05-18T16:05:51.204378+00:00
1835,INPROC_7D6E2D,1,10,team2,Team 2 (E/W),31,89,15,♦,finished,2026-05-18T16:05:51.214151+00:00
1836,INPROC_6D88FD,1,10,team1,Team 1 (N/S),86,34,28,♥,finished,2026-05-18T16:05:51.228315+00:00
1837,INPROC_A3E288,1,10,team1,Team 1 (N/S),111,9,31,♠,finished,2026-05-18T16:05:51.242848+00:00
1838,INPROC_94F507,1,10,draw,draw,60,60,11,♦,finished,2026-05-18T16:05:51.257080+00:00
1839,INPROC_06668A,1,10,team2,Team 2 (E/W),54,66,10,♦,finished,2026-05-18T16:05:51.273968+00:00
1840,INPROC_0BC7D3,1,10,team1,Team 1 (N/S),96,24,31,♠,finished,2026-05-18T16:05:51.293109+00:00
1841,INPROC_FE19E5,1,10,team1,Team 1 (N/S),73,47,17,♦,finished,2026-05-18T16:05:51.308248+00:00
1842,INPROC_CD6A35,1,10,team2,Team 2 (E/W),29,91,3,♣,finished,2026-05-18T16:05:51.322677+00:00
1843,INPROC_FC8E14,1,10,team2,Team 2 (E/W),48,72,18,♦,finished,2026-05-18T16:05:51.338119+00:00
1844,INPROC_5A82C5,1,10,team2,Team 2 (E/W),25,95,21,♥,finished,2026-05-18T16:05:51.357167+00:00
1845,INPROC_9FD607,1,10,team2,Team 2 (E/W),31,89,32,♠,finished,2026-05-18T16:05:51.374717+00:00
1846,INPROC_BCD2B3,1,10,team1,Team 1 (N/S),81,39,26,♥,finished,2026-05-18T16:05:51.389513+00:00
1847,INPROC_C7A111,1,10,team2,Team 2 (E/W),31,89,9,♣,finished,2026-05-18T16:05:51.402315+00:00
1848,INPROC_747ABE,1,10,team1,Team 1 (N/S),84,36,10,♦,finished,2026-05-18T16:05:51.418571+00:00
1849,INPROC_EBB253,1,10,team2,Team 2 (E/W),23,97,1,♣,finished,2026-05-18T16:05:51.436380+00:00
1850,INPROC_1399E1,1,10,team2,Team 2 (E/W),53,67,37,♠,finished,2026-05-18T16:05:51.452381+00:00
1851,INPROC_CD0F6E,1,10,team2,Team 2 (E/W),54,66,2,♣,finished,2026-05-18T16:05:51.469011+00:00
1852,INPROC_66210A,1,10,team2,Team 2 (E/W),41,79,28,♥,finished,2026-05-18T16:05:51.486489+00:00
1853,INPROC_F2A2FB,1,10,team1,Team 1 (N/S),86,34,4,♣,finished,2026-05-18T16:05:51.504875+00:00
1854,INPROC_BF6C8E,1,10,team2,Team 2 (E/W),4,116,28,♥,finished,2026-05-18T16:05:51.520237+00:00
1855,INPROC_9FDB3C,1,10,team2,Team 2 (E/W),51,69,11,♦,finished,2026-05-18T16:05:51.539500+00:00
1856,INPROC_DA79F5,1,10,team2,Team 2 (E/W),48,72,3,♣,finished,2026-05-18T16:05:51.554056+00:00
1857,INPROC_0859E1,1,10,team1,Team 1 (N/S),76,44,17,♦,finished,2026-05-18T16:05:51.568148+00:00
1858,INPROC_EBA3E7,1,10,team1,Team 1 (N/S),71,49,5,♣,finished,2026-05-18T16:05:51.583551+00:00
1859,INPROC_211725,1,10,team2,Team 2 (E/W),46,74,7,♣,finished,2026-05-18T16:05:51.600050+00:00
1860,INPROC_926EAE,1,10,team1,Team 1 (N/S),85,35,26,♥,finished,2026-05-18T16:05:51.619512+00:00
1861,INPROC_A536EB,1,10,team2,Team 2 (E/W),55,65,8,♣,finished,2026-05-18T16:05:51.634372+00:00
1862,INPROC_71D8B2,1,10,team2,Team 2 (E/W),50,70,33,♠,finished,2026-05-18T16:05:51.648973+00:00
1863,INPROC_6AC36E,1,10,team1,Team 1 (N/S),62,58,20,♥,finished,2026-05-18T16:05:51.665359+00:00
1864,INPROC_E6AEAD,1,10,team1,Team 1 (N/S),62,58,3,♣,finished,2026-05-18T16:05:51.682378+00:00
1865,INPROC_42B88A,1,10,team2,Team 2 (E/W),0,120,31,♠,finished,2026-05-18T16:05:51.698193+00:00
1866,INPROC_C517C8,1,10,team2,Team 2 (E/W),59,61,38,♠,finished,2026-05-18T16:05:51.711412+00:00
1867,INPROC_F11C0F,1,10,team1,Team 1 (N/S),85,35,20,♥,finished,2026-05-18T16:05:51.721795+00:00
1868,INPROC_F4CBED,1,10,team2,Team 2 (E/W),54,66,31,♠,finished,2026-05-18T16:05:51.735951+00:00
1869,INPROC_4AB7DC,1,10,team1,Team 1 (N/S),68,52,6,♣,finished,2026-05-18T16:05:51.751504+00:00
1870,INPROC_B86F07,1,10,team2,Team 2 (E/W),53,67,12,♦,finished,2026-05-18T16:05:51.767193+00:00
1871,INPROC_648481,1,10,team1,Team 1 (N/S),77,43,24,♥,finished,2026-05-18T16:05:51.782766+00:00
1872,INPROC_4ED313,1,10,team1,Team 1 (N/S),98,22,16,♦,finished,2026-05-18T16:05:51.799245+00:00
1873,INPROC_31BBAB,1,10,team2,Team 2 (E/W),57,63,37,♠,finished,2026-05-18T16:05:51.815534+00:00
1874,INPROC_E2A6D7,1,10,team2,Team 2 (E/W),50,70,34,♠,finished,2026-05-18T16:05:51.831056+00:00
1875,INPROC_3799EE,1,10,team2,Team 2 (E/W),57,63,3,♣,finished,2026-05-18T16:05:51.849213+00:00
1876,INPROC_2C385C,1,10,team2,Team 2 (E/W),0,120,11,♦,finished,2026-05-18T16:05:51.865964+00:00
1877,INPROC_24CB54,1,10,draw,draw,60,60,19,♦,finished,2026-05-18T16:05:51.882123+00:00
1878,INPROC_42FC48,1,10,team1,Team 1 (N/S),72,48,30,♠,finished,2026-05-18T16:05:51.897709+00:00
1879,INPROC_AD0A18,1,10,team1,Team 1 (N/S),63,57,6,♣,finished,2026-05-18T16:05:51.914672+00:00
1880,INPROC_E2D18F,1,10,team2,Team 2 (E/W),14,106,18,♦,finished,2026-05-18T16:05:51.928770+00:00
1881,INPROC_DBC2EF,1,10,team2,Team 2 (E/W),14,106,5,♣,finished,2026-05-18T16:05:51.943668+00:00
1882,INPROC_8C89A5,1,10,team2,Team 2 (E/W),22,98,19,♦,finished,2026-05-18T16:05:51.962995+00:00
1883,INPROC_DB3AC6,1,10,team2,Team 2 (E/W),49,71,22,♥,finished,2026-05-18T16:05:51.980597+00:00
1884,INPROC_2D9E94,1,10,team2,Team 2 (E/W),52,68,15,♦,finished,2026-05-18T16:05:51.988500+00:00
1885,INPROC_03471A,1,10,team2,Team 2 (E/W),51,69,25,♥,finished,2026-05-18T16:05:52.008534+00:00
1886,INPROC_608911,1,10,team2,Team 2 (E/W),31,89,30,♠,finished,2026-05-18T16:05:52.027002+00:00
1887,INPROC_9B2BB4,1,10,team1,Team 1 (N/S),86,34,12,♦,finished,2026-05-18T16:05:52.046950+00:00
1888,INPROC_948F6F,1,10,team1,Team 1 (N/S),76,44,11,♦,finished,2026-05-18T16:05:52.061206+00:00
1889,INPROC_35E617,1,10,team1,Team 1 (N/S),98,22,34,♠,finished,2026-05-18T16:05:52.073472+00:00
1890,INPROC_46B301,1,10,team2,Team 2 (E/W),56,64,0,♣,finished,2026-05-18T16:05:52.086943+00:00
1891,INPROC_4AD0D6,1,10,team2,Team 2 (E/W),45,75,19,♦,finished,2026-05-18T16:05:52.102581+00:00
1892,INPROC_4EC521,1,10,team2,Team 2 (E/W),30,90,25,♥,finished,2026-05-18T16:05:52.120359+00:00
1893,INPROC_834640,1,10,team1,Team 1 (N/S),82,38,20,♥,finished,2026-05-18T16:05:52.136154+00:00
1894,INPROC_3CE2B7,1,10,team2,Team 2 (E/W),47,73,1,♣,finished,2026-05-18T16:05:52.149749+00:00
1895,INPROC_D6EC1F,1,10,team1,Team 1 (N/S),71,49,13,♦,finished,2026-05-18T16:05:52.164094+00:00
1896,INPROC_16EEDA,1,10,team2,Team 2 (E/W),34,86,17,♦,finished,2026-05-18T16:05:52.179043+00:00
1897,INPROC_C7837F,1,10,team2,Team 2 (E/W),43,77,13,♦,finished,2026-05-18T16:05:52.194622+00:00
1898,INPROC_4501A7,1,10,team1,Team 1 (N/S),65,55,18,♦,finished,2026-05-18T16:05:52.211817+00:00
1899,INPROC_A3B893,1,10,team1,Team 1 (N/S),85,35,33,♠,finished,2026-05-18T16:05:52.229334+00:00
1900,INPROC_41EB09,1,10,team1,Team 1 (N/S),67,53,23,♥,finished,2026-05-18T16:05:52.245265+00:00
1901,INPROC_9C9A3D,1,10,team2,Team 2 (E/W),40,80,9,♣,finished,2026-05-18T16:05:52.262843+00:00
1902,INPROC_7FADEC,1,10,team2,Team 2 (E/W),53,67,3,♣,finished,2026-05-18T16:05:52.278248+00:00
1903,INPROC_506E9C,1,10,team1,Team 1 (N/S),63,57,28,♥,finished,2026-05-18T16:05:52.294137+00:00
1904,INPROC_B1E89F,1,10,team1,Team 1 (N/S),72,48,22,♥,finished,2026-05-18T16:05:52.310624+00:00
1905,INPROC_A61233,1,10,team2,Team 2 (E/W),31,89,27,♥,finished,2026-05-18T16:05:52.323962+00:00
1906,INPROC_09D16D,1,10,team1,Team 1 (N/S),93,27,22,♥,finished,2026-05-18T16:05:52.339788+00:00
1907,INPROC_0D242F,1,10,team2,Team 2 (E/W),45,75,13,♦,finished,2026-05-18T16:05:52.355215+00:00
1908,INPROC_39759A,1,10,team2,Team 2 (E/W),58,62,29,♥,finished,2026-05-18T16:05:52.371412+00:00
1909,INPROC_156D88,1,10,team2,Team 2 (E/W),23,97,32,♠,finished,2026-05-18T16:05:52.389534+00:00
1910,INPROC_0EA6F3,1,10,team2,Team 2 (E/W),32,88,36,♠,finished,2026-05-18T16:05:52.408124+00:00
1911,INPROC_B7E09C,1,10,team2,Team 2 (E/W),53,67,22,♥,finished,2026-05-18T16:05:52.424626+00:00
1912,INPROC_CB3C2B,1,10,team1,Team 1 (N/S),69,51,0,♣,finished,2026-05-18T16:05:52.439441+00:00
1913,INPROC_2BA38A,1,10,team2,Team 2 (E/W),18,102,6,♣,finished,2026-05-18T16:05:52.452996+00:00
1914,INPROC_638434,1,10,team2,Team 2 (E/W),58,62,18,♦,finished,2026-05-18T16:05:52.465409+00:00
1915,INPROC_7FFEEF,1,10,team1,Team 1 (N/S),77,43,12,♦,finished,2026-05-18T16:05:52.480639+00:00
1916,INPROC_EC8A98,1,10,team2,Team 2 (E/W),31,89,10,♦,finished,2026-05-18T16:05:52.496708+00:00
1917,INPROC_976C8F,1,10,team1,Team 1 (N/S),85,35,13,♦,finished,2026-05-18T16:05:52.513121+00:00
1918,INPROC_B86071,1,10,team1,Team 1 (N/S),68,52,10,♦,finished,2026-05-18T16:05:52.527600+00:00
1919,INPROC_8C424F,1,10,team1,Team 1 (N/S),90,30,15,♦,finished,2026-05-18T16:05:52.539490+00:00
1920,INPROC_53405A,1,10,team2,Team 2 (E/W),55,65,27,♥,finished,2026-05-18T16:05:52.555853+00:00
1921,INPROC_E654B7,1,10,team2,Team 2 (E/W),46,74,24,♥,finished,2026-05-18T16:05:52.571502+00:00
1922,INPROC_D9C09D,1,10,team1,Team 1 (N/S),91,29,22,♥,finished,2026-05-18T16:05:52.580655+00:00
1923,INPROC_68214D,1,10,team2,Team 2 (E/W),41,79,18,♦,finished,2026-05-18T16:05:52.596976+00:00
1924,INPROC_C3A308,1,10,team2,Team 2 (E/W),29,91,9,♣,finished,2026-05-18T16:05:52.615030+00:00
1925,INPROC_8E0BCA,1,10,team2,Team 2 (E/W),55,65,15,♦,finished,2026-05-18T16:05:52.633910+00:00
1926,INPROC_E471C4,1,10,team1,Team 1 (N/S),80,40,7,♣,finished,2026-05-18T16:05:52.650431+00:00
1927,INPROC_F4D572,1,10,team1,Team 1 (N/S),86,34,21,♥,finished,2026-05-18T16:05:52.668153+00:00
1928,INPROC_75C859,1,10,team1,Team 1 (N/S),79,41,11,♦,finished,2026-05-18T16:05:52.686472+00:00
1929,INPROC_381C3D,1,10,team1,Team 1 (N/S),72,48,24,♥,finished,2026-05-18T16:05:52.699791+00:00
1930,INPROC_473D5D,1,10,team1,Team 1 (N/S),62,58,19,♦,finished,2026-05-18T16:05:52.714064+00:00
1931,INPROC_8CC6D7,1,10,team1,Team 1 (N/S),83,37,1,♣,finished,2026-05-18T16:05:52.728492+00:00
1932,INPROC_2281FC,1,10,team2,Team 2 (E/W),7,113,0,♣,finished,2026-05-18T16:05:52.741722+00:00
1933,INPROC_468251,1,10,team2,Team 2 (E/W),54,66,10,♦,finished,2026-05-18T16:05:52.754930+00:00
1934,INPROC_F5B24C,1,10,team1,Team 1 (N/S),87,33,32,♠,finished,2026-05-18T16:05:52.766342+00:00
1935,INPROC_5ED6C8,1,10,team2,Team 2 (E/W),46,74,17,♦,finished,2026-05-18T16:05:52.777313+00:00
1936,INPROC_DA50F7,1,10,team1,Team 1 (N/S),90,30,5,♣,finished,2026-05-18T16:05:52.789130+00:00
1937,INPROC_8796FD,1,10,team1,Team 1 (N/S),72,48,14,♦,finished,2026-05-18T16:05:52.804413+00:00
1938,INPROC_1F5F15,1,10,team1,Team 1 (N/S),61,59,20,♥,finished,2026-05-18T16:05:52.819644+00:00
1939,INPROC_FE3650,1,10,team2,Team 2 (E/W),31,89,16,♦,finished,2026-05-18T16:05:52.836161+00:00
1940,INPROC_40922D,1,10,team1,Team 1 (N/S),68,52,36,♠,finished,2026-05-18T16:05:52.850821+00:00
1941,INPROC_1FC1AC,1,10,team1,Team 1 (N/S),64,56,0,♣,finished,2026-05-18T16:05:52.861033+00:00
1942,INPROC_968AFA,1,10,team2,Team 2 (E/W),21,99,14,♦,finished,2026-05-18T16:05:52.876861+00:00
1943,INPROC_EB77ED,1,10,team1,Team 1 (N/S),80,40,1,♣,finished,2026-05-18T16:05:52.890052+00:00
1944,INPROC_EBE7A8,1,10,team2,Team 2 (E/W),32,88,7,♣,finished,2026-05-18T16:05:52.903491+00:00
1945,INPROC_9AF5BB,1,10,team2,Team 2 (E/W),9,111,17,♦,finished,2026-05-18T16:05:52.916748+00:00
1946,INPROC_936587,1,10,team2,Team 2 (E/W),43,77,27,♥,finished,2026-05-18T16:05:52.930854+00:00
1947,INPROC_0F0E63,1,10,team1,Team 1 (N/S),70,50,35,♠,finished,2026-05-18T16:05:52.947381+00:00
1948,INPROC_C96D94,1,10,team1,Team 1 (N/S),84,36,0,♣,finished,2026-05-18T16:05:52.962718+00:00
1949,INPROC_7DDF85,1,10,team2,Team 2 (E/W),41,79,37,♠,finished,2026-05-18T16:05:52.970686+00:00
1950,INPROC_7FD27D,1,10,team2,Team 2 (E/W),34,86,24,♥,finished,2026-05-18T16:05:52.983417+00:00
1951,INPROC_48FC4E,1,10,team2,Team 2 (E/W),39,81,19,♦,finished,2026-05-18T16:05:52.996106+00:00
1952,INPROC_AD72EA,1,10,team1,Team 1 (N/S),71,49,14,♦,finished,2026-05-18T16:05:53.012294+00:00
1953,INPROC_2C8DA2,1,10,team2,Team 2 (E/W),26,94,36,♠,finished,2026-05-18T16:05:53.028985+00:00
1954,INPROC_9AF20D,1,10,team2,Team 2 (E/W),49,71,15,♦,finished,2026-05-18T16:05:53.048716+00:00
1955,INPROC_360F1E,1,10,team2,Team 2 (E/W),32,88,19,♦,finished,2026-05-18T16:05:53.063502+00:00
1956,INPROC_219CCE,1,10,team1,Team 1 (N/S),83,37,6,♣,finished,2026-05-18T16:05:53.080626+00:00
1957,INPROC_FEB385,1,10,team2,Team 2 (E/W),56,64,1,♣,finished,2026-05-18T16:05:53.092631+00:00
1958,INPROC_45B8A0,1,10,team2,Team 2 (E/W),46,74,32,♠,finished,2026-05-18T16:05:53.108846+00:00
1959,INPROC_D52F4C,1,10,team2,Team 2 (E/W),2,118,19,♦,finished,2026-05-18T16:05:53.122990+00:00
1960,INPROC_892D8E,1,10,team1,Team 1 (N/S),69,51,9,♣,finished,2026-05-18T16:05:53.136216+00:00
1961,INPROC_E5FE7F,1,10,team2,Team 2 (E/W),34,86,1,♣,finished,2026-05-18T16:05:53.151256+00:00
1962,INPROC_154BC5,1,10,team2,Team 2 (E/W),34,86,1,♣,finished,2026-05-18T16:05:53.163898+00:00
1963,INPROC_824418,1,10,team2,Team 2 (E/W),48,72,3,♣,finished,2026-05-18T16:05:53.175760+00:00
1964,INPROC_4F18B7,1,10,team2,Team 2 (E/W),42,78,29,♥,finished,2026-05-18T16:05:53.186037+00:00
1965,INPROC_5086E0,1,10,team1,Team 1 (N/S),71,49,12,♦,finished,2026-05-18T16:05:53.200300+00:00
1966,INPROC_AD87B8,1,10,team1,Team 1 (N/S),87,33,33,♠,finished,2026-05-18T16:05:53.209860+00:00
1967,INPROC_1D66D2,1,10,team2,Team 2 (E/W),52,68,25,♥,finished,2026-05-18T16:05:53.220746+00:00
1968,INPROC_3917D2,1,10,team2,Team 2 (E/W),34,86,29,♥,finished,2026-05-18T16:05:53.233646+00:00
1969,INPROC_1D0C99,1,10,team2,Team 2 (E/W),44,76,30,♠,finished,2026-05-18T16:05:53.249262+00:00
1970,INPROC_66D779,1,10,team2,Team 2 (E/W),26,94,7,♣,finished,2026-05-18T16:05:53.264847+00:00
1971,INPROC_E8A199,1,10,team1,Team 1 (N/S),88,32,35,♠,finished,2026-05-18T16:05:53.281778+00:00
1972,INPROC_D859CB,1,10,team2,Team 2 (E/W),46,74,17,♦,finished,2026-05-18T16:05:53.297151+00:00
1973,INPROC_DC7FFF,1,10,team2,Team 2 (E/W),57,63,1,♣,finished,2026-05-18T16:05:53.313293+00:00
1974,INPROC_3BC086,1,10,team1,Team 1 (N/S),62,58,13,♦,finished,2026-05-18T16:05:53.328934+00:00
1975,INPROC_BC882D,1,10,team2,Team 2 (E/W),44,76,3,♣,finished,2026-05-18T16:05:53.348346+00:00
1976,INPROC_AB6F7B,1,10,team2,Team 2 (E/W),49,71,7,♣,finished,2026-05-18T16:05:53.363947+00:00
1977,INPROC_F9CD2B,1,10,team1,Team 1 (N/S),102,18,3,♣,finished,2026-05-18T16:05:53.380727+00:00
1978,INPROC_975123,1,10,team2,Team 2 (E/W),50,70,2,♣,finished,2026-05-18T16:05:53.396155+00:00
1979,INPROC_73A564,1,10,team2,Team 2 (E/W),14,106,1,♣,finished,2026-05-18T16:05:53.411957+00:00
1980,INPROC_A16F99,1,10,team2,Team 2 (E/W),37,83,27,♥,finished,2026-05-18T16:05:53.429080+00:00
1981,INPROC_65CE9C,1,10,team2,Team 2 (E/W),49,71,15,♦,finished,2026-05-18T16:05:53.445971+00:00
1982,INPROC_4AA12B,1,10,team2,Team 2 (E/W),38,82,5,♣,finished,2026-05-18T16:05:53.462435+00:00
1983,INPROC_66BC51,1,10,team2,Team 2 (E/W),51,69,17,♦,finished,2026-05-18T16:05:53.478343+00:00
1984,INPROC_FEFB71,1,10,team1,Team 1 (N/S),93,27,4,♣,finished,2026-05-18T16:05:53.494997+00:00
1985,INPROC_2A4B44,1,10,team2,Team 2 (E/W),43,77,1,♣,finished,2026-05-18T16:05:53.510933+00:00
1986,INPROC_ED4BA7,1,10,team2,Team 2 (E/W),56,64,2,♣,finished,2026-05-18T16:05:53.520814+00:00
1987,INPROC_C96EE5,1,10,team2,Team 2 (E/W),28,92,8,♣,finished,2026-05-18T16:05:53.536531+00:00
1988,INPROC_8D3467,1,10,team2,Team 2 (E/W),21,99,2,♣,finished,2026-05-18T16:05:53.549938+00:00
1989,INPROC_458589,1,10,team2,Team 2 (E/W),47,73,9,♣,finished,2026-05-18T16:05:53.559501+00:00
1990,INPROC_164D6E,1,10,team2,Team 2 (E/W),38,82,0,♣,finished,2026-05-18T16:05:53.576518+00:00
1991,INPROC_2B15F9,1,10,team1,Team 1 (N/S),73,47,33,♠,finished,2026-05-18T16:05:53.595208+00:00
1992,INPROC_700660,1,10,team1,Team 1 (N/S),86,34,27,♥,finished,2026-05-18T16:05:53.612971+00:00
1993,INPROC_ADD0B1,1,10,team2,Team 2 (E/W),34,86,18,♦,finished,2026-05-18T16:05:53.628468+00:00
1994,INPROC_40F07D,1,10,team1,Team 1 (N/S),81,39,35,♠,finished,2026-05-18T16:05:53.644291+00:00
1995,INPROC_EE2DCD,1,10,team2,Team 2 (E/W),28,92,1,♣,finished,2026-05-18T16:05:53.661127+00:00
1996,INPROC_A16BE2,1,10,team2,Team 2 (E/W),25,95,33,♠,finished,2026-05-18T16:05:53.673046+00:00
1997,INPROC_1A8479,1,10,team1,Team 1 (N/S),77,43,30,♠,finished,2026-05-18T16:05:53.684361+00:00
1998,INPROC_A1456E,1,10,team2,Team 2 (E/W),12,108,39,♠,finished,2026-05-18T16:05:53.698444+00:00
1999,INPROC_4CCD57,1,10,team2,Team 2 (E/W),46,74,22,♥,finished,2026-05-18T16:05:53.712545+00:00
2000,INPROC_A3FA55,1,10,team1,Team 1 (N/S),68,52,34,♠,finished,2026-05-18T16:05:53.728205+00:00
2001,INPROC_9F0C0F,1,10,team2,Team 2 (E/W),35,85,26,♥,finished,2026-05-18T16:05:53.744054+00:00
2002,INPROC_33D9D6,1,10,team1,Team 1 (N/S),86,34,21,♥,finished,2026-05-18T16:05:53.760443+00:00
2003,INPROC_DE8561,1,10,team1,Team 1 (N/S),89,31,14,♦,finished,2026-05-18T16:05:53.775536+00:00
2004,INPROC_8B53D3,1,10,team1,Team 1 (N/S),72,48,28,♥,finished,2026-05-18T16:05:53.793289+00:00
2005,INPROC_5C4630,1,10,draw,draw,60,60,6,♣,finished,2026-05-18T16:05:53.808918+00:00
2006,INPROC_918FE4,1,10,team2,Team 2 (E/W),21,99,29,♥,finished,2026-05-18T16:05:53.825563+00:00
2007,INPROC_36DAC2,1,10,team1,Team 1 (N/S),81,39,7,♣,finished,2026-05-18T16:05:53.840655+00:00
2008,INPROC_CA1E18,1,10,team2,Team 2 (E/W),13,107,23,♥,finished,2026-05-18T16:05:53.858366+00:00
2009,INPROC_5DC089,1,10,team2,Team 2 (E/W),48,72,16,♦,finished,2026-05-18T16:05:53.874726+00:00
2010,INPROC_83C4FA,1,10,team1,Team 1 (N/S),67,53,20,♥,finished,2026-05-18T16:05:53.888714+00:00
2011,INPROC_6E3B38,1,10,team1,Team 1 (N/S),69,51,14,♦,finished,2026-05-18T16:05:53.901366+00:00
2012,INPROC_54738C,1,10,team1,Team 1 (N/S),74,46,11,♦,finished,2026-05-18T16:05:53.915223+00:00
2013,INPROC_FC108E,1,10,team2,Team 2 (E/W),32,88,19,♦,finished,2026-05-18T16:05:53.928978+00:00
2014,INPROC_6B0408,1,10,team1,Team 1 (N/S),87,33,20,♥,finished,2026-05-18T16:05:53.945408+00:00
2015,INPROC_2290D8,1,10,team1,Team 1 (N/S),87,33,15,♦,finished,2026-05-18T16:05:53.961101+00:00
2016,INPROC_3775D3,1,10,team2,Team 2 (E/W),51,69,23,♥,finished,2026-05-18T16:05:53.975614+00:00
2017,INPROC_5AA96C,1,10,team2,Team 2 (E/W),43,77,31,♠,finished,2026-05-18T16:05:53.995965+00:00
2018,INPROC_2FF67C,1,10,team2,Team 2 (E/W),33,87,11,♦,finished,2026-05-18T16:05:54.008572+00:00
2019,INPROC_F772F0,1,10,team2,Team 2 (E/W),31,89,29,♥,finished,2026-05-18T16:05:54.025740+00:00
2020,INPROC_1A4C2B,1,10,team1,Team 1 (N/S),79,41,25,♥,finished,2026-05-18T16:05:54.048214+00:00
2021,INPROC_A79706,1,10,team2,Team 2 (E/W),22,98,25,♥,finished,2026-05-18T16:05:54.064083+00:00
2022,INPROC_EE8253,1,10,team1,Team 1 (N/S),74,46,5,♣,finished,2026-05-18T16:05:54.080355+00:00
2023,INPROC_CD9CE4,1,10,team1,Team 1 (N/S),68,52,25,♥,finished,2026-05-18T16:05:54.094771+00:00
2024,INPROC_BB63D3,1,10,team1,Team 1 (N/S),72,48,36,♠,finished,2026-05-18T16:05:54.110369+00:00
2025,INPROC_7A08E6,1,10,team1,Team 1 (N/S),86,34,25,♥,finished,2026-05-18T16:05:54.126583+00:00
2026,INPROC_703465,1,10,team1,Team 1 (N/S),91,29,18,♦,finished,2026-05-18T16:05:54.143095+00:00
2027,INPROC_9BCD60,1,10,team1,Team 1 (N/S),84,36,14,♦,finished,2026-05-18T16:05:54.158411+00:00
2028,INPROC_D65B22,1,10,team1,Team 1 (N/S),64,56,21,♥,finished,2026-05-18T16:05:54.175809+00:00
2029,INPROC_DDBFDD,1,10,team2,Team 2 (E/W),52,68,24,♥,finished,2026-05-18T16:05:54.191399+00:00
2030,INPROC_1A1689,1,10,team2,Team 2 (E/W),59,61,33,♠,finished,2026-05-18T16:05:54.201325+00:00
2031,INPROC_6A55D8,1,10,team2,Team 2 (E/W),25,95,5,♣,finished,2026-05-18T16:05:54.221507+00:00
2032,INPROC_F8E3C4,1,10,team1,Team 1 (N/S),64,56,12,♦,finished,2026-05-18T16:05:54.238993+00:00
2033,INPROC_6E81EE,1,10,team1,Team 1 (N/S),92,28,21,♥,finished,2026-05-18T16:05:54.258298+00:00
2034,INPROC_D3BECB,1,10,team1,Team 1 (N/S),71,49,31,♠,finished,2026-05-18T16:05:54.271596+00:00
2035,INPROC_203618,1,10,team2,Team 2 (E/W),40,80,14,♦,finished,2026-05-18T16:05:54.288870+00:00
2036,INPROC_9FCB73,1,10,team2,Team 2 (E/W),28,92,22,♥,finished,2026-05-18T16:05:54.305496+00:00
2037,INPROC_DF5C52,1,10,team2,Team 2 (E/W),32,88,22,♥,finished,2026-05-18T16:05:54.317215+00:00
2038,INPROC_1BFA43,1,10,team2,Team 2 (E/W),49,71,30,♠,finished,2026-05-18T16:05:54.329318+00:00
2039,INPROC_4FA75C,1,10,team2,Team 2 (E/W),29,91,23,♥,finished,2026-05-18T16:05:54.343725+00:00
2040,INPROC_621C62,1,10,team2,Team 2 (E/W),54,66,34,♠,finished,2026-05-18T16:05:54.360115+00:00
2041,INPROC_FD4468,1,10,team1,Team 1 (N/S),79,41,36,♠,finished,2026-05-18T16:05:54.376827+00:00
2042,INPROC_8E42EF,1,10,team2,Team 2 (E/W),31,89,10,♦,finished,2026-05-18T16:05:54.395703+00:00
2043,INPROC_B67BDA,1,10,team2,Team 2 (E/W),29,91,3,♣,finished,2026-05-18T16:05:54.412111+00:00
2044,INPROC_EA590A,1,10,team1,Team 1 (N/S),65,55,10,♦,finished,2026-05-18T16:05:54.427163+00:00
2045,INPROC_92A056,1,10,team1,Team 1 (N/S),118,2,10,♦,finished,2026-05-18T16:05:54.441883+00:00
2046,INPROC_DBB27C,1,10,team2,Team 2 (E/W),58,62,37,♠,finished,2026-05-18T16:05:54.458947+00:00
2047,INPROC_B5CBE8,1,10,team2,Team 2 (E/W),42,78,20,♥,finished,2026-05-18T16:05:54.475936+00:00
2048,INPROC_AD466A,1,10,team2,Team 2 (E/W),59,61,21,♥,finished,2026-05-18T16:05:54.492805+00:00
2049,INPROC_1978A4,1,10,team1,Team 1 (N/S),72,48,24,♥,finished,2026-05-18T16:05:54.508912+00:00
2050,INPROC_78C256,1,10,team2,Team 2 (E/W),51,69,24,♥,finished,2026-05-18T16:05:54.523960+00:00
2051,INPROC_EDD11F,1,10,team1,Team 1 (N/S),66,54,31,♠,finished,2026-05-18T16:05:54.542265+00:00
2052,INPROC_F31949,1,10,team2,Team 2 (E/W),42,78,8,♣,finished,2026-05-18T16:05:54.559103+00:00
2053,INPROC_23EFE8,1,10,team2,Team 2 (E/W),44,76,4,♣,finished,2026-05-18T16:05:54.576554+00:00
2054,INPROC_690DEB,1,10,team1,Team 1 (N/S),63,57,13,♦,finished,2026-05-18T16:05:54.593932+00:00
2055,INPROC_792979,1,10,team2,Team 2 (E/W),53,67,29,♥,finished,2026-05-18T16:05:54.610750+00:00
2056,INPROC_AE844F,1,10,team2,Team 2 (E/W),50,70,28,♥,finished,2026-05-18T16:05:54.625402+00:00
2057,INPROC_6D2EF2,1,10,team1,Team 1 (N/S),62,58,24,♥,finished,2026-05-18T16:05:54.643016+00:00
2058,INPROC_6FBF15,1,10,team2,Team 2 (E/W),38,82,16,♦,finished,2026-05-18T16:05:54.659384+00:00
2059,INPROC_61192D,1,10,team2,Team 2 (E/W),34,86,18,♦,finished,2026-05-18T16:05:54.677365+00:00
2060,INPROC_6F1F28,1,10,team2,Team 2 (E/W),23,97,39,♠,finished,2026-05-18T16:05:54.693966+00:00
2061,INPROC_D67100,1,10,team2,Team 2 (E/W),28,92,39,♠,finished,2026-05-18T16:05:54.712744+00:00
2062,INPROC_DAFA34,1,10,team2,Team 2 (E/W),41,79,32,♠,finished,2026-05-18T16:05:54.729162+00:00
2063,INPROC_0BA883,1,10,team1,Team 1 (N/S),73,47,10,♦,finished,2026-05-18T16:05:54.743592+00:00
2064,INPROC_6CFF01,1,10,team1,Team 1 (N/S),86,34,8,♣,finished,2026-05-18T16:05:54.759664+00:00
2065,INPROC_498EB7,1,10,team2,Team 2 (E/W),13,107,24,♥,finished,2026-05-18T16:05:54.776871+00:00
2066,INPROC_51B105,1,10,team2,Team 2 (E/W),28,92,31,♠,finished,2026-05-18T16:05:54.792400+00:00
2067,INPROC_461D4D,1,10,team2,Team 2 (E/W),9,111,39,♠,finished,2026-05-18T16:05:54.810319+00:00
2068,INPROC_A6A06C,1,10,team2,Team 2 (E/W),50,70,1,♣,finished,2026-05-18T16:05:54.824611+00:00
2069,INPROC_4937DB,1,10,team1,Team 1 (N/S),64,56,22,♥,finished,2026-05-18T16:05:54.840584+00:00
2070,INPROC_4EDD06,1,10,team2,Team 2 (E/W),27,93,17,♦,finished,2026-05-18T16:05:54.857258+00:00
2071,INPROC_7D227E,1,10,team1,Team 1 (N/S),91,29,5,♣,finished,2026-05-18T16:05:54.873463+00:00
2072,INPROC_6F19BB,1,10,team1,Team 1 (N/S),62,58,7,♣,finished,2026-05-18T16:05:54.890831+00:00
2073,INPROC_E4407E,1,10,team1,Team 1 (N/S),104,16,18,♦,finished,2026-05-18T16:05:54.906571+00:00
2074,INPROC_524CD3,1,10,team2,Team 2 (E/W),32,88,13,♦,finished,2026-05-18T16:05:54.924697+00:00
2075,INPROC_BF4121,1,10,team1,Team 1 (N/S),92,28,32,♠,finished,2026-05-18T16:05:54.941342+00:00
2076,INPROC_0955F4,1,10,team2,Team 2 (E/W),43,77,24,♥,finished,2026-05-18T16:05:54.959840+00:00
2077,INPROC_717EC3,1,10,team1,Team 1 (N/S),78,42,17,♦,finished,2026-05-18T16:05:54.972747+00:00
2078,INPROC_C54FF0,1,10,team1,Team 1 (N/S),86,34,7,♣,finished,2026-05-18T16:05:54.982481+00:00
2079,INPROC_26490A,1,10,team2,Team 2 (E/W),39,81,37,♠,finished,2026-05-18T16:05:54.994181+00:00
2080,INPROC_876779,1,10,team2,Team 2 (E/W),58,62,10,♦,finished,2026-05-18T16:05:55.005905+00:00
2081,INPROC_2F9B8F,1,10,team1,Team 1 (N/S),75,45,1,♣,finished,2026-05-18T16:05:55.021954+00:00
2082,INPROC_4A1387,1,10,team2,Team 2 (E/W),45,75,19,♦,finished,2026-05-18T16:05:55.038454+00:00
2083,INPROC_78648F,1,10,team2,Team 2 (E/W),17,103,7,♣,finished,2026-05-18T16:05:55.054986+00:00
2084,INPROC_DB3130,1,10,team1,Team 1 (N/S),90,30,3,♣,finished,2026-05-18T16:05:55.065193+00:00
2085,INPROC_A5869A,1,10,team2,Team 2 (E/W),28,92,20,♥,finished,2026-05-18T16:05:55.078914+00:00
2086,INPROC_A87A9A,1,10,team1,Team 1 (N/S),102,18,23,♥,finished,2026-05-18T16:05:55.090133+00:00
2087,INPROC_018258,1,10,team2,Team 2 (E/W),53,67,19,♦,finished,2026-05-18T16:05:55.106086+00:00
2088,INPROC_2809F7,1,10,team2,Team 2 (E/W),58,62,25,♥,finished,2026-05-18T16:05:55.123664+00:00
2089,INPROC_D692FF,1,10,team2,Team 2 (E/W),28,92,2,♣,finished,2026-05-18T16:05:55.140443+00:00
2090,INPROC_8A5B43,1,10,team1,Team 1 (N/S),98,22,1,♣,finished,2026-05-18T16:05:55.158258+00:00
2091,INPROC_D812B8,1,10,team2,Team 2 (E/W),55,65,26,♥,finished,2026-05-18T16:05:55.175560+00:00
2092,INPROC_B0A52A,1,10,team2,Team 2 (E/W),53,67,15,♦,finished,2026-05-18T16:05:55.190339+00:00
2093,INPROC_5113CD,1,10,team1,Team 1 (N/S),69,51,26,♥,finished,2026-05-18T16:05:55.206564+00:00
2094,INPROC_7A9729,1,10,team2,Team 2 (E/W),54,66,19,♦,finished,2026-05-18T16:05:55.223130+00:00
2095,INPROC_139EF9,1,10,team2,Team 2 (E/W),55,65,24,♥,finished,2026-05-18T16:05:55.240713+00:00
2096,INPROC_CA5A09,1,10,team1,Team 1 (N/S),73,47,22,♥,finished,2026-05-18T16:05:55.257133+00:00
2097,INPROC_9C6BAC,1,10,team1,Team 1 (N/S),78,42,26,♥,finished,2026-05-18T16:05:55.273819+00:00
2098,INPROC_B35833,1,10,team2,Team 2 (E/W),30,90,8,♣,finished,2026-05-18T16:05:55.288103+00:00
2099,INPROC_CD5243,1,10,team2,Team 2 (E/W),20,100,5,♣,finished,2026-05-18T16:05:55.305026+00:00
2100,INPROC_4D68EB,1,10,team2,Team 2 (E/W),16,104,8,♣,finished,2026-05-18T16:05:55.321471+00:00
2101,INPROC_696D0D,1,10,team2,Team 2 (E/W),47,73,25,♥,finished,2026-05-18T16:05:55.335906+00:00
2102,INPROC_91C0A1,1,10,team2,Team 2 (E/W),52,68,18,♦,finished,2026-05-18T16:05:55.353739+00:00
2103,INPROC_44A24E,1,10,team1,Team 1 (N/S),78,42,24,♥,finished,2026-05-18T16:05:55.369417+00:00
2104,INPROC_AAB49D,1,10,team2,Team 2 (E/W),48,72,14,♦,finished,2026-05-18T16:05:55.386423+00:00
2105,INPROC_683FA1,1,10,team1,Team 1 (N/S),61,59,24,♥,finished,2026-05-18T16:05:55.404288+00:00
2106,INPROC_263BC6,1,10,team1,Team 1 (N/S),62,58,2,♣,finished,2026-05-18T16:05:55.422627+00:00
2107,INPROC_6D1644,1,10,team2,Team 2 (E/W),59,61,29,♥,finished,2026-05-18T16:05:55.435838+00:00
2108,INPROC_87C061,1,10,team2,Team 2 (E/W),57,63,35,♠,finished,2026-05-18T16:05:55.449410+00:00
2109,INPROC_8EB9C9,1,10,draw,draw,60,60,8,♣,finished,2026-05-18T16:05:55.463566+00:00
2110,INPROC_BAC63D,1,10,team2,Team 2 (E/W),46,74,17,♦,finished,2026-05-18T16:05:55.478906+00:00
2111,INPROC_06BE51,1,10,team1,Team 1 (N/S),90,30,13,♦,finished,2026-05-18T16:05:55.492675+00:00
2112,INPROC_5CD733,1,10,team2,Team 2 (E/W),23,97,5,♣,finished,2026-05-18T16:05:55.507922+00:00
2113,INPROC_3FA69A,1,10,team2,Team 2 (E/W),58,62,23,♥,finished,2026-05-18T16:05:55.523579+00:00
2114,INPROC_10421B,1,10,team1,Team 1 (N/S),71,49,8,♣,finished,2026-05-18T16:05:55.536924+00:00
2115,INPROC_E653D4,1,10,team2,Team 2 (E/W),51,69,1,♣,finished,2026-05-18T16:05:55.551413+00:00
2116,INPROC_FBE76B,1,10,team2,Team 2 (E/W),50,70,33,♠,finished,2026-05-18T16:05:55.567916+00:00
2117,INPROC_F885A7,1,10,team1,Team 1 (N/S),73,47,39,♠,finished,2026-05-18T16:05:55.584850+00:00
2118,INPROC_A115B8,1,10,team2,Team 2 (E/W),17,103,16,♦,finished,2026-05-18T16:05:55.601409+00:00
2119,INPROC_DF650F,1,10,team2,Team 2 (E/W),38,82,12,♦,finished,2026-05-18T16:05:55.618141+00:00
2120,INPROC_D68C1A,1,10,team2,Team 2 (E/W),58,62,8,♣,finished,2026-05-18T16:05:56.410095+00:00
2121,INPROC_3D8E1E,1,10,team2,Team 2 (E/W),37,83,30,♠,finished,2026-05-18T16:05:56.424067+00:00
2122,INPROC_B17FCD,1,10,team1,Team 1 (N/S),61,59,10,♦,finished,2026-05-18T16:05:56.436574+00:00
2123,INPROC_1B7DCD,1,10,team2,Team 2 (E/W),51,69,29,♥,finished,2026-05-18T16:05:56.449747+00:00
2124,INPROC_DE5AA0,1,10,team2,Team 2 (E/W),56,64,15,♦,finished,2026-05-18T16:05:56.464667+00:00
2125,INPROC_6E62F2,1,10,team2,Team 2 (E/W),0,120,3,♣,finished,2026-05-18T16:05:56.478779+00:00
2126,INPROC_A7BDFA,1,10,team1,Team 1 (N/S),64,56,4,♣,finished,2026-05-18T16:05:56.493787+00:00
2127,INPROC_6EE4F0,1,10,team2,Team 2 (E/W),36,84,13,♦,finished,2026-05-18T16:05:56.509161+00:00
2128,INPROC_21A791,1,10,team2,Team 2 (E/W),53,67,33,♠,finished,2026-05-18T16:05:56.522606+00:00
2129,INPROC_CB3D1F,1,10,team1,Team 1 (N/S),92,28,8,♣,finished,2026-05-18T16:05:56.537320+00:00
2130,INPROC_509CFA,1,10,team2,Team 2 (E/W),26,94,36,♠,finished,2026-05-18T16:05:56.552632+00:00
2131,INPROC_45E0A6,1,10,team2,Team 2 (E/W),53,67,28,♥,finished,2026-05-18T16:05:56.566311+00:00
2132,INPROC_81FA62,1,10,team2,Team 2 (E/W),31,89,17,♦,finished,2026-05-18T16:05:56.579407+00:00
2133,INPROC_95B89B,1,10,team1,Team 1 (N/S),76,44,28,♥,finished,2026-05-18T16:05:56.593900+00:00
2134,INPROC_49CE86,1,10,team1,Team 1 (N/S),71,49,31,♠,finished,2026-05-18T16:05:56.609317+00:00
2135,INPROC_1BC3C3,1,10,team1,Team 1 (N/S),104,16,23,♥,finished,2026-05-18T16:05:56.624844+00:00
2136,INPROC_E6DD01,1,10,team1,Team 1 (N/S),79,41,15,♦,finished,2026-05-18T16:05:56.641293+00:00
2137,INPROC_EB331F,1,10,team1,Team 1 (N/S),61,59,7,♣,finished,2026-05-18T16:05:56.656788+00:00
2138,INPROC_EE269F,1,10,team1,Team 1 (N/S),97,23,14,♦,finished,2026-05-18T16:05:56.672162+00:00
2139,INPROC_9E98D4,1,10,team1,Team 1 (N/S),66,54,36,♠,finished,2026-05-18T16:05:56.688090+00:00
2140,INPROC_BD0931,1,10,team1,Team 1 (N/S),69,51,2,♣,finished,2026-05-18T16:05:56.703134+00:00
2141,INPROC_2CCCFC,1,10,team2,Team 2 (E/W),44,76,10,♦,finished,2026-05-18T16:05:56.716700+00:00
2142,INPROC_C85FD9,1,10,team2,Team 2 (E/W),56,64,29,♥,finished,2026-05-18T16:05:56.731119+00:00
2143,INPROC_47DE2D,1,10,team2,Team 2 (E/W),55,65,33,♠,finished,2026-05-18T16:05:56.746282+00:00
2144,INPROC_C504B6,1,10,team1,Team 1 (N/S),89,31,6,♣,finished,2026-05-18T16:05:56.762649+00:00
2145,INPROC_088B7D,1,10,team1,Team 1 (N/S),73,47,27,♥,finished,2026-05-18T16:05:56.777254+00:00
2146,INPROC_5D922C,1,10,team1,Team 1 (N/S),88,32,1,♣,finished,2026-05-18T16:05:56.794696+00:00
2147,INPROC_89ECD5,1,10,team1,Team 1 (N/S),86,34,12,♦,finished,2026-05-18T16:05:56.812451+00:00
2148,INPROC_A05414,1,10,team2,Team 2 (E/W),55,65,14,♦,finished,2026-05-18T16:05:56.827022+00:00
2149,INPROC_AB4396,1,10,team1,Team 1 (N/S),64,56,22,♥,finished,2026-05-18T16:05:56.843291+00:00
2150,INPROC_EBC55E,1,10,team1,Team 1 (N/S),86,34,36,♠,finished,2026-05-18T16:05:56.858506+00:00
2151,INPROC_CB4802,1,10,team2,Team 2 (E/W),46,74,31,♠,finished,2026-05-18T16:05:56.876744+00:00
2152,INPROC_3081DD,1,10,team1,Team 1 (N/S),71,49,0,♣,finished,2026-05-18T16:05:56.893018+00:00
2153,INPROC_0AC168,1,10,team1,Team 1 (N/S),68,52,16,♦,finished,2026-05-18T16:05:56.908205+00:00
2154,INPROC_BE159A,1,10,team1,Team 1 (N/S),101,19,4,♣,finished,2026-05-18T16:05:56.926079+00:00
2155,INPROC_B6D8A9,1,10,team1,Team 1 (N/S),75,45,25,♥,finished,2026-05-18T16:05:56.943644+00:00
2156,INPROC_65DFA8,1,10,team2,Team 2 (E/W),23,97,29,♥,finished,2026-05-18T16:05:56.959771+00:00
2157,INPROC_76C475,1,10,team1,Team 1 (N/S),86,34,37,♠,finished,2026-05-18T16:05:56.976257+00:00
2158,INPROC_EFD3EC,1,10,team2,Team 2 (E/W),58,62,26,♥,finished,2026-05-18T16:05:56.992777+00:00
2159,INPROC_DC28BE,1,10,team2,Team 2 (E/W),47,73,13,♦,finished,2026-05-18T16:05:57.010287+00:00
2160,INPROC_E26D06,1,10,team2,Team 2 (E/W),40,80,24,♥,finished,2026-05-18T16:05:57.027238+00:00
2161,INPROC_EF85AE,1,10,team1,Team 1 (N/S),76,44,5,♣,finished,2026-05-18T16:05:57.044548+00:00
2162,INPROC_233C8E,1,10,team2,Team 2 (E/W),33,87,13,♦,finished,2026-05-18T16:05:57.061673+00:00
2163,INPROC_805D0A,1,10,team2,Team 2 (E/W),54,66,38,♠,finished,2026-05-18T16:05:57.075201+00:00
2164,INPROC_352539,1,10,team2,Team 2 (E/W),58,62,31,♠,finished,2026-05-18T16:05:57.091838+00:00
2165,INPROC_9C7FF8,1,10,team1,Team 1 (N/S),65,55,13,♦,finished,2026-05-18T16:05:57.109055+00:00
2166,INPROC_12E481,1,10,team2,Team 2 (E/W),13,107,12,♦,finished,2026-05-18T16:05:57.125977+00:00
2167,INPROC_E6E0F1,1,10,team1,Team 1 (N/S),111,9,0,♣,finished,2026-05-18T16:05:57.143255+00:00
2168,INPROC_65007B,1,10,team2,Team 2 (E/W),39,81,16,♦,finished,2026-05-18T16:05:57.161025+00:00
2169,INPROC_2F0AF0,1,10,team2,Team 2 (E/W),51,69,16,♦,finished,2026-05-18T16:05:57.176418+00:00
2170,INPROC_F7FEDC,1,10,team2,Team 2 (E/W),52,68,20,♥,finished,2026-05-18T16:05:57.193379+00:00
2171,INPROC_35A293,1,10,team2,Team 2 (E/W),59,61,7,♣,finished,2026-05-18T16:05:57.210055+00:00
2172,INPROC_241EE8,1,10,team2,Team 2 (E/W),58,62,5,♣,finished,2026-05-18T16:05:57.223096+00:00
2173,INPROC_4F8593,1,10,team1,Team 1 (N/S),77,43,29,♥,finished,2026-05-18T16:05:57.239818+00:00
2174,INPROC_72DBA4,1,10,team1,Team 1 (N/S),76,44,11,♦,finished,2026-05-18T16:05:57.258267+00:00
2175,INPROC_D64940,1,10,team2,Team 2 (E/W),33,87,6,♣,finished,2026-05-18T16:05:57.275593+00:00
2176,INPROC_701869,1,10,team1,Team 1 (N/S),77,43,27,♥,finished,2026-05-18T16:05:57.292289+00:00
2177,INPROC_C3C957,1,10,team2,Team 2 (E/W),13,107,23,♥,finished,2026-05-18T16:05:57.308774+00:00
2178,INPROC_F98AFD,1,10,team1,Team 1 (N/S),82,38,1,♣,finished,2026-05-18T16:05:57.318532+00:00
2179,INPROC_97D237,1,10,team2,Team 2 (E/W),22,98,21,♥,finished,2026-05-18T16:05:57.330986+00:00
2180,INPROC_9F4CEF,1,10,team2,Team 2 (E/W),58,62,28,♥,finished,2026-05-18T16:05:57.343374+00:00
2181,INPROC_904EA4,1,10,team1,Team 1 (N/S),75,45,20,♥,finished,2026-05-18T16:05:57.367288+00:00
2182,INPROC_F207AE,1,10,team1,Team 1 (N/S),95,25,13,♦,finished,2026-05-18T16:05:57.384105+00:00
2183,INPROC_609F79,1,10,team1,Team 1 (N/S),94,26,19,♦,finished,2026-05-18T16:05:57.399094+00:00
2184,INPROC_843478,1,10,team1,Team 1 (N/S),90,30,16,♦,finished,2026-05-18T16:05:57.411611+00:00
2185,INPROC_DB6BE3,1,10,team1,Team 1 (N/S),61,59,17,♦,finished,2026-05-18T16:05:57.426252+00:00
2186,INPROC_94D83E,1,10,team2,Team 2 (E/W),21,99,18,♦,finished,2026-05-18T16:05:57.442281+00:00
2187,INPROC_3E8AA0,1,10,team2,Team 2 (E/W),51,69,9,♣,finished,2026-05-18T16:05:57.458684+00:00
2188,INPROC_FF6C45,1,10,team2,Team 2 (E/W),50,70,3,♣,finished,2026-05-18T16:05:57.475202+00:00
2189,INPROC_32B387,1,10,team2,Team 2 (E/W),43,77,32,♠,finished,2026-05-18T16:05:57.490621+00:00
2190,INPROC_DD3AE3,1,10,team1,Team 1 (N/S),63,57,34,♠,finished,2026-05-18T16:05:57.505570+00:00
2191,INPROC_6B69E3,1,10,team2,Team 2 (E/W),55,65,20,♥,finished,2026-05-18T16:05:57.522996+00:00
2192,INPROC_023259,1,10,team2,Team 2 (E/W),58,62,10,♦,finished,2026-05-18T16:05:57.538503+00:00
2193,INPROC_EC1883,1,10,team2,Team 2 (E/W),44,76,36,♠,finished,2026-05-18T16:05:57.554377+00:00
2194,INPROC_FF2A68,1,10,team2,Team 2 (E/W),27,93,2,♣,finished,2026-05-18T16:05:57.567131+00:00
2195,INPROC_C3F042,1,10,team1,Team 1 (N/S),83,37,30,♠,finished,2026-05-18T16:05:57.580661+00:00
2196,INPROC_8C5D1F,1,10,team2,Team 2 (E/W),21,99,34,♠,finished,2026-05-18T16:05:57.593855+00:00
2197,INPROC_7407D9,1,10,team1,Team 1 (N/S),78,42,23,♥,finished,2026-05-18T16:05:57.607404+00:00
2198,INPROC_76B503,1,10,team1,Team 1 (N/S),95,25,37,♠,finished,2026-05-18T16:05:57.625581+00:00
2199,INPROC_9FBDDD,1,10,team2,Team 2 (E/W),32,88,18,♦,finished,2026-05-18T16:05:57.641358+00:00
2200,INPROC_4D6F93,1,10,team2,Team 2 (E/W),58,62,36,♠,finished,2026-05-18T16:05:57.656729+00:00
2201,INPROC_176F74,1,10,team2,Team 2 (E/W),56,64,30,♠,finished,2026-05-18T16:05:57.673157+00:00
2202,INPROC_8FAFFD,1,10,team2,Team 2 (E/W),5,115,22,♥,finished,2026-05-18T16:05:57.687997+00:00
2203,INPROC_E2830D,1,10,team1,Team 1 (N/S),85,35,10,♦,finished,2026-05-18T16:05:57.703225+00:00
2204,INPROC_AC521B,1,10,team1,Team 1 (N/S),73,47,18,♦,finished,2026-05-18T16:05:57.717730+00:00
2205,INPROC_40ECD3,1,10,team1,Team 1 (N/S),89,31,0,♣,finished,2026-05-18T16:05:57.733241+00:00
2206,INPROC_D2D1D7,1,10,team2,Team 2 (E/W),24,96,1,♣,finished,2026-05-18T16:05:57.744464+00:00
2207,INPROC_1B9997,1,10,team1,Team 1 (N/S),89,31,18,♦,finished,2026-05-18T16:05:57.757051+00:00
2208,INPROC_82C130,1,10,team2,Team 2 (E/W),47,73,39,♠,finished,2026-05-18T16:05:57.772392+00:00
2209,INPROC_7FFAFC,1,10,team1,Team 1 (N/S),80,40,30,♠,finished,2026-05-18T16:05:57.786972+00:00
2210,INPROC_028F92,1,10,team1,Team 1 (N/S),81,39,30,♠,finished,2026-05-18T16:05:57.803797+00:00
2211,INPROC_C51B61,1,10,team1,Team 1 (N/S),102,18,16,♦,finished,2026-05-18T16:05:57.820443+00:00
2212,INPROC_1762DB,1,10,team1,Team 1 (N/S),70,50,0,♣,finished,2026-05-18T16:05:57.837374+00:00
2213,INPROC_095C78,1,10,team2,Team 2 (E/W),28,92,19,♦,finished,2026-05-18T16:05:57.854772+00:00
2214,INPROC_0229F9,1,10,team1,Team 1 (N/S),69,51,7,♣,finished,2026-05-18T16:05:57.872792+00:00
2215,INPROC_DFC776,1,10,team2,Team 2 (E/W),44,76,16,♦,finished,2026-05-18T16:05:57.889603+00:00
2216,INPROC_C559DE,1,10,team2,Team 2 (E/W),24,96,20,♥,finished,2026-05-18T16:05:57.905315+00:00
2217,INPROC_4CE83C,1,10,draw,draw,60,60,23,♥,finished,2026-05-18T16:05:57.922302+00:00
2218,INPROC_7DAB59,1,10,team1,Team 1 (N/S),94,26,30,♠,finished,2026-05-18T16:05:57.936667+00:00
2219,INPROC_9A5233,1,10,team2,Team 2 (E/W),50,70,20,♥,finished,2026-05-18T16:05:57.946078+00:00
2220,INPROC_347225,1,10,team1,Team 1 (N/S),68,52,0,♣,finished,2026-05-18T16:05:57.957945+00:00
2221,INPROC_46715C,1,10,team2,Team 2 (E/W),45,75,9,♣,finished,2026-05-18T16:05:57.968600+00:00
2222,INPROC_152415,1,10,team1,Team 1 (N/S),67,53,35,♠,finished,2026-05-18T16:05:57.979104+00:00
2223,INPROC_D221CE,1,10,team1,Team 1 (N/S),61,59,23,♥,finished,2026-05-18T16:05:57.994716+00:00
2224,INPROC_15B657,1,10,team1,Team 1 (N/S),97,23,29,♥,finished,2026-05-18T16:05:58.007270+00:00
2225,INPROC_D08271,1,10,team2,Team 2 (E/W),44,76,22,♥,finished,2026-05-18T16:05:58.017940+00:00
2226,INPROC_0C716D,1,10,team1,Team 1 (N/S),87,33,37,♠,finished,2026-05-18T16:05:58.033944+00:00
2227,INPROC_A1ADF4,1,10,team2,Team 2 (E/W),6,114,36,♠,finished,2026-05-18T16:05:58.048334+00:00
2228,INPROC_788B1A,1,10,team2,Team 2 (E/W),52,68,8,♣,finished,2026-05-18T16:05:58.063192+00:00
2229,INPROC_62F8CA,1,10,team2,Team 2 (E/W),24,96,6,♣,finished,2026-05-18T16:05:58.074941+00:00
2230,INPROC_F3FBAD,1,10,team1,Team 1 (N/S),90,30,18,♦,finished,2026-05-18T16:05:58.089621+00:00
2231,INPROC_512AEC,1,10,team2,Team 2 (E/W),22,98,4,♣,finished,2026-05-18T16:05:58.104511+00:00
2232,INPROC_8DB19B,1,10,team2,Team 2 (E/W),7,113,9,♣,finished,2026-05-18T16:05:58.124602+00:00
2233,INPROC_4E9AD1,1,10,team1,Team 1 (N/S),101,19,1,♣,finished,2026-05-18T16:05:58.138786+00:00
2234,INPROC_88EDBB,1,10,team2,Team 2 (E/W),40,80,26,♥,finished,2026-05-18T16:05:58.157735+00:00
2235,INPROC_CB05A1,1,10,team2,Team 2 (E/W),55,65,31,♠,finished,2026-05-18T16:05:58.172366+00:00
2236,INPROC_13C44A,1,10,team2,Team 2 (E/W),15,105,34,♠,finished,2026-05-18T16:05:58.190333+00:00
2237,INPROC_3E4C9A,1,10,team2,Team 2 (E/W),26,94,19,♦,finished,2026-05-18T16:05:58.206799+00:00
2238,INPROC_7E3854,1,10,team1,Team 1 (N/S),70,50,25,♥,finished,2026-05-18T16:05:58.221968+00:00
2239,INPROC_EA2371,1,10,team2,Team 2 (E/W),22,98,34,♠,finished,2026-05-18T16:05:58.241013+00:00
2240,INPROC_D65F8E,1,10,team1,Team 1 (N/S),77,43,20,♥,finished,2026-05-18T16:05:58.252728+00:00
2241,INPROC_770490,1,10,team2,Team 2 (E/W),58,62,12,♦,finished,2026-05-18T16:05:58.271033+00:00
2242,INPROC_27ED5E,1,10,team1,Team 1 (N/S),80,40,14,♦,finished,2026-05-18T16:05:58.289768+00:00
2243,INPROC_5301FD,1,10,team2,Team 2 (E/W),49,71,27,♥,finished,2026-05-18T16:05:58.308817+00:00
2244,INPROC_36CA72,1,10,team1,Team 1 (N/S),103,17,1,♣,finished,2026-05-18T16:05:58.323809+00:00
2245,INPROC_1A8BC5,1,10,team1,Team 1 (N/S),97,23,36,♠,finished,2026-05-18T16:05:58.338865+00:00
2246,INPROC_279846,1,10,team2,Team 2 (E/W),52,68,25,♥,finished,2026-05-18T16:05:58.354431+00:00
2247,INPROC_B2DDCD,1,10,team2,Team 2 (E/W),45,75,27,♥,finished,2026-05-18T16:05:58.372120+00:00
2248,INPROC_12CBE0,1,10,team2,Team 2 (E/W),56,64,6,♣,finished,2026-05-18T16:05:58.388807+00:00
2249,INPROC_DC7485,1,10,team1,Team 1 (N/S),71,49,20,♥,finished,2026-05-18T16:05:58.404649+00:00
2250,INPROC_60C4BF,1,10,team1,Team 1 (N/S),75,45,5,♣,finished,2026-05-18T16:05:58.421426+00:00
2251,INPROC_3A1E88,1,10,team2,Team 2 (E/W),43,77,14,♦,finished,2026-05-18T16:05:58.439862+00:00
2252,INPROC_396902,1,10,team2,Team 2 (E/W),41,79,2,♣,finished,2026-05-18T16:05:58.455886+00:00
2253,INPROC_1E268E,1,10,team1,Team 1 (N/S),68,52,17,♦,finished,2026-05-18T16:05:58.471535+00:00
2254,INPROC_BEBE56,1,10,team2,Team 2 (E/W),44,76,10,♦,finished,2026-05-18T16:05:58.483104+00:00
2255,INPROC_01B58F,1,10,team1,Team 1 (N/S),99,21,10,♦,finished,2026-05-18T16:05:58.493910+00:00
2256,INPROC_1B68D0,1,10,team2,Team 2 (E/W),5,115,23,♥,finished,2026-05-18T16:05:58.506670+00:00
2257,INPROC_B8F10D,1,10,team2,Team 2 (E/W),47,73,22,♥,finished,2026-05-18T16:05:58.520680+00:00
2258,INPROC_805B81,1,10,team2,Team 2 (E/W),42,78,17,♦,finished,2026-05-18T16:05:58.536563+00:00
2259,INPROC_5F8A52,1,10,team2,Team 2 (E/W),54,66,27,♥,finished,2026-05-18T16:05:58.551614+00:00
2260,INPROC_AD94A4,1,10,team1,Team 1 (N/S),65,55,28,♥,finished,2026-05-18T16:05:58.568752+00:00
2261,INPROC_188950,1,10,team2,Team 2 (E/W),25,95,34,♠,finished,2026-05-18T16:05:58.582896+00:00
2262,INPROC_D3C04F,1,10,team2,Team 2 (E/W),38,82,6,♣,finished,2026-05-18T16:05:58.600677+00:00
2263,INPROC_FDC304,1,10,team2,Team 2 (E/W),27,93,35,♠,finished,2026-05-18T16:05:58.618884+00:00
2264,INPROC_63C63C,1,10,team1,Team 1 (N/S),96,24,11,♦,finished,2026-05-18T16:05:58.638523+00:00
2265,INPROC_74C02D,1,10,team1,Team 1 (N/S),61,59,3,♣,finished,2026-05-18T16:05:58.656415+00:00
2266,INPROC_FCBF70,1,10,team1,Team 1 (N/S),70,50,38,♠,finished,2026-05-18T16:05:58.671607+00:00
2267,INPROC_2E86CF,1,10,team2,Team 2 (E/W),0,120,24,♥,finished,2026-05-18T16:05:58.685958+00:00
2268,INPROC_E37FAF,1,10,team1,Team 1 (N/S),94,26,31,♠,finished,2026-05-18T16:05:58.703325+00:00
2269,INPROC_AFFDD2,1,10,team2,Team 2 (E/W),30,90,11,♦,finished,2026-05-18T16:05:58.719166+00:00
2270,INPROC_84866A,1,10,team2,Team 2 (E/W),42,78,10,♦,finished,2026-05-18T16:05:58.735918+00:00
2271,INPROC_4B13AF,1,10,team2,Team 2 (E/W),0,120,6,♣,finished,2026-05-18T16:05:58.752119+00:00
2272,INPROC_56074B,1,10,team2,Team 2 (E/W),13,107,27,♥,finished,2026-05-18T16:05:58.768117+00:00
2273,INPROC_FE238F,1,10,team1,Team 1 (N/S),61,59,31,♠,finished,2026-05-18T16:05:58.785606+00:00
2274,INPROC_C372CF,1,10,team2,Team 2 (E/W),52,68,37,♠,finished,2026-05-18T16:05:58.801557+00:00
2275,INPROC_882CB3,1,10,team2,Team 2 (E/W),30,90,29,♥,finished,2026-05-18T16:05:58.818472+00:00
2276,INPROC_E913E5,1,10,team2,Team 2 (E/W),53,67,38,♠,finished,2026-05-18T16:05:58.834144+00:00
2277,INPROC_A6035C,1,10,team2,Team 2 (E/W),40,80,26,♥,finished,2026-05-18T16:05:58.849437+00:00
2278,INPROC_56D5A7,1,10,team1,Team 1 (N/S),65,55,8,♣,finished,2026-05-18T16:05:58.864622+00:00
2279,INPROC_599C45,1,10,team1,Team 1 (N/S),91,29,21,♥,finished,2026-05-18T16:05:58.881185+00:00
2280,INPROC_D80FFB,1,10,team1,Team 1 (N/S),89,31,24,♥,finished,2026-05-18T16:05:58.899493+00:00
2281,INPROC_39A46A,1,10,team1,Team 1 (N/S),67,53,9,♣,finished,2026-05-18T16:05:58.918305+00:00
2282,INPROC_AAAF66,1,10,team2,Team 2 (E/W),30,90,30,♠,finished,2026-05-18T16:05:58.933751+00:00
2283,INPROC_89C920,1,10,team2,Team 2 (E/W),6,114,3,♣,finished,2026-05-18T16:05:58.951250+00:00
2284,INPROC_3B0BD3,1,10,team1,Team 1 (N/S),71,49,31,♠,finished,2026-05-18T16:05:58.966316+00:00
2285,INPROC_F4EFF5,1,10,team2,Team 2 (E/W),42,78,6,♣,finished,2026-05-18T16:05:58.977021+00:00
2286,INPROC_2BA98B,1,10,team2,Team 2 (E/W),54,66,10,♦,finished,2026-05-18T16:05:58.992860+00:00
2287,INPROC_9057A7,1,10,team1,Team 1 (N/S),78,42,26,♥,finished,2026-05-18T16:05:59.008145+00:00
2288,INPROC_19D4B2,1,10,team1,Team 1 (N/S),117,3,28,♥,finished,2026-05-18T16:05:59.021732+00:00
2289,INPROC_EAB29F,1,10,team1,Team 1 (N/S),120,0,10,♦,finished,2026-05-18T16:05:59.035749+00:00
2290,INPROC_1128B9,1,10,team2,Team 2 (E/W),44,76,3,♣,finished,2026-05-18T16:05:59.050278+00:00
2291,INPROC_5E01F6,1,10,team2,Team 2 (E/W),53,67,22,♥,finished,2026-05-18T16:05:59.062258+00:00
2292,INPROC_94DC8D,1,10,team1,Team 1 (N/S),97,23,36,♠,finished,2026-05-18T16:05:59.077343+00:00
2293,INPROC_193612,1,10,team1,Team 1 (N/S),100,20,7,♣,finished,2026-05-18T16:05:59.095972+00:00
2294,INPROC_895ECD,1,10,team2,Team 2 (E/W),36,84,32,♠,finished,2026-05-18T16:05:59.113115+00:00
2295,INPROC_50978F,1,10,team1,Team 1 (N/S),83,37,13,♦,finished,2026-05-18T16:05:59.133268+00:00
2296,INPROC_73B98A,1,10,team2,Team 2 (E/W),26,94,18,♦,finished,2026-05-18T16:05:59.152257+00:00
2297,INPROC_BF417E,1,10,team1,Team 1 (N/S),66,54,22,♥,finished,2026-05-18T16:05:59.169624+00:00
2298,INPROC_CE1C6C,1,10,team2,Team 2 (E/W),39,81,35,♠,finished,2026-05-18T16:05:59.184754+00:00
2299,INPROC_A33812,1,10,team2,Team 2 (E/W),37,83,23,♥,finished,2026-05-18T16:05:59.201107+00:00
2300,INPROC_01BC68,1,10,team1,Team 1 (N/S),64,56,34,♠,finished,2026-05-18T16:05:59.215251+00:00
2301,INPROC_28AA71,1,10,team2,Team 2 (E/W),33,87,1,♣,finished,2026-05-18T16:05:59.230423+00:00
2302,INPROC_90761F,1,10,team2,Team 2 (E/W),34,86,39,♠,finished,2026-05-18T16:05:59.248175+00:00
2303,INPROC_36DEF9,1,10,team2,Team 2 (E/W),27,93,2,♣,finished,2026-05-18T16:05:59.264331+00:00
2304,INPROC_8C4036,1,10,team2,Team 2 (E/W),19,101,36,♠,finished,2026-05-18T16:05:59.285145+00:00
2305,INPROC_EEA137,1,10,team2,Team 2 (E/W),42,78,31,♠,finished,2026-05-18T16:05:59.303173+00:00
2306,INPROC_ED71E6,1,10,team1,Team 1 (N/S),100,20,25,♥,finished,2026-05-18T16:05:59.317716+00:00
2307,INPROC_BE81D3,1,10,team2,Team 2 (E/W),38,82,6,♣,finished,2026-05-18T16:05:59.334172+00:00
2308,INPROC_BDC805,1,10,team1,Team 1 (N/S),64,56,30,♠,finished,2026-05-18T16:05:59.350596+00:00
2309,INPROC_18B480,1,10,team1,Team 1 (N/S),62,58,6,♣,finished,2026-05-18T16:05:59.365623+00:00
2310,INPROC_A597AC,1,10,team2,Team 2 (E/W),51,69,35,♠,finished,2026-05-18T16:05:59.382355+00:00
2311,INPROC_433CD7,1,10,team2,Team 2 (E/W),47,73,34,♠,finished,2026-05-18T16:05:59.398239+00:00
2312,INPROC_1DF711,1,10,team1,Team 1 (N/S),77,43,38,♠,finished,2026-05-18T16:05:59.413918+00:00
2313,INPROC_73ABEA,1,10,team1,Team 1 (N/S),90,30,22,♥,finished,2026-05-18T16:05:59.430564+00:00
2314,INPROC_5AC51C,1,10,team1,Team 1 (N/S),66,54,23,♥,finished,2026-05-18T16:05:59.447857+00:00
2315,INPROC_769A2D,1,10,team2,Team 2 (E/W),41,79,26,♥,finished,2026-05-18T16:05:59.464431+00:00
2316,INPROC_1EDAA8,1,10,team2,Team 2 (E/W),34,86,14,♦,finished,2026-05-18T16:05:59.478494+00:00
2317,INPROC_015D75,1,10,team2,Team 2 (E/W),34,86,34,♠,finished,2026-05-18T16:05:59.495600+00:00
2318,INPROC_3A0C79,1,10,team1,Team 1 (N/S),61,59,12,♦,finished,2026-05-18T16:05:59.514110+00:00
2319,INPROC_515556,1,10,team1,Team 1 (N/S),65,55,17,♦,finished,2026-05-18T16:05:59.531566+00:00
2320,INPROC_7E9779,1,10,team1,Team 1 (N/S),115,5,24,♥,finished,2026-05-18T16:05:59.548057+00:00
2321,INPROC_72EF16,1,10,team1,Team 1 (N/S),88,32,26,♥,finished,2026-05-18T16:05:59.563937+00:00
2322,INPROC_53E96C,1,10,team2,Team 2 (E/W),32,88,22,♥,finished,2026-05-18T16:05:59.579545+00:00
2323,INPROC_FD64C1,1,10,team2,Team 2 (E/W),23,97,12,♦,finished,2026-05-18T16:05:59.594909+00:00
2324,INPROC_F31398,1,10,team1,Team 1 (N/S),96,24,29,♥,finished,2026-05-18T16:05:59.612791+00:00
2325,INPROC_8AF2FA,1,10,team2,Team 2 (E/W),39,81,11,♦,finished,2026-05-18T16:05:59.628970+00:00
2326,INPROC_8FA70D,1,10,team2,Team 2 (E/W),51,69,8,♣,finished,2026-05-18T16:05:59.644602+00:00
2327,INPROC_87959F,1,10,team1,Team 1 (N/S),63,57,13,♦,finished,2026-05-18T16:05:59.664020+00:00
2328,INPROC_620503,1,10,team2,Team 2 (E/W),50,70,27,♥,finished,2026-05-18T16:05:59.683410+00:00
2329,INPROC_DE789B,1,10,team2,Team 2 (E/W),48,72,33,♠,finished,2026-05-18T16:05:59.700425+00:00
2330,INPROC_51581F,1,10,team1,Team 1 (N/S),75,45,17,♦,finished,2026-05-18T16:05:59.719342+00:00
2331,INPROC_6814B5,1,10,team2,Team 2 (E/W),54,66,34,♠,finished,2026-05-18T16:05:59.735291+00:00
2332,INPROC_C9C99E,1,10,team2,Team 2 (E/W),46,74,23,♥,finished,2026-05-18T16:05:59.749519+00:00
2333,INPROC_EAE056,1,10,team2,Team 2 (E/W),28,92,21,♥,finished,2026-05-18T16:05:59.765751+00:00
2334,INPROC_05E1B7,1,10,team2,Team 2 (E/W),31,89,25,♥,finished,2026-05-18T16:05:59.779361+00:00
2335,INPROC_BBFB61,1,10,team2,Team 2 (E/W),44,76,22,♥,finished,2026-05-18T16:05:59.795327+00:00
2336,INPROC_50B415,1,10,team1,Team 1 (N/S),67,53,13,♦,finished,2026-05-18T16:05:59.809867+00:00
2337,INPROC_577DEA,1,10,team2,Team 2 (E/W),29,91,39,♠,finished,2026-05-18T16:05:59.827061+00:00
2338,INPROC_974C76,1,10,team2,Team 2 (E/W),59,61,22,♥,finished,2026-05-18T16:05:59.841081+00:00
2339,INPROC_D3A594,1,10,team1,Team 1 (N/S),85,35,10,♦,finished,2026-05-18T16:05:59.856973+00:00
2340,INPROC_B1140D,1,10,team2,Team 2 (E/W),32,88,27,♥,finished,2026-05-18T16:05:59.871030+00:00
2341,INPROC_FBD4E6,1,10,team1,Team 1 (N/S),65,55,5,♣,finished,2026-05-18T16:05:59.884360+00:00
2342,INPROC_F6265F,1,10,team1,Team 1 (N/S),110,10,7,♣,finished,2026-05-18T16:05:59.903114+00:00
2343,INPROC_99FA1D,1,10,team2,Team 2 (E/W),55,65,15,♦,finished,2026-05-18T16:05:59.916809+00:00
2344,INPROC_B41146,1,10,team1,Team 1 (N/S),64,56,27,♥,finished,2026-05-18T16:05:59.931814+00:00
2345,INPROC_4484A3,1,10,team1,Team 1 (N/S),82,38,3,♣,finished,2026-05-18T16:05:59.946663+00:00
2346,INPROC_CACEE1,1,10,team2,Team 2 (E/W),46,74,16,♦,finished,2026-05-18T16:05:59.958395+00:00
2347,INPROC_8260CF,1,10,team2,Team 2 (E/W),26,94,34,♠,finished,2026-05-18T16:05:59.970618+00:00
2348,INPROC_1363BE,1,10,team2,Team 2 (E/W),56,64,23,♥,finished,2026-05-18T16:05:59.982763+00:00
2349,INPROC_1FE584,1,10,team1,Team 1 (N/S),71,49,33,♠,finished,2026-05-18T16:05:59.993557+00:00
2350,INPROC_8014FD,1,10,team1,Team 1 (N/S),62,58,13,♦,finished,2026-05-18T16:06:00.003219+00:00
2351,INPROC_C9EC07,1,10,team1,Team 1 (N/S),89,31,37,♠,finished,2026-05-18T16:06:00.013848+00:00
2352,INPROC_E90A30,1,10,team2,Team 2 (E/W),12,108,5,♣,finished,2026-05-18T16:06:00.023738+00:00
2353,INPROC_8EA4F2,1,10,team1,Team 1 (N/S),68,52,21,♥,finished,2026-05-18T16:06:00.036271+00:00
2354,INPROC_9FEB9D,1,10,team1,Team 1 (N/S),76,44,2,♣,finished,2026-05-18T16:06:00.049492+00:00
2355,INPROC_4EBCD5,1,10,team2,Team 2 (E/W),30,90,30,♠,finished,2026-05-18T16:06:00.065842+00:00
2356,INPROC_C29EA5,1,10,team2,Team 2 (E/W),26,94,19,♦,finished,2026-05-18T16:06:00.079894+00:00
2357,INPROC_48DBEE,1,10,team2,Team 2 (E/W),33,87,24,♥,finished,2026-05-18T16:06:00.095184+00:00
2358,INPROC_4EF508,1,10,team2,Team 2 (E/W),37,83,27,♥,finished,2026-05-18T16:06:00.106687+00:00
2359,INPROC_038EB7,1,10,team2,Team 2 (E/W),42,78,35,♠,finished,2026-05-18T16:06:00.125864+00:00
2360,INPROC_812FB6,1,10,team1,Team 1 (N/S),80,40,26,♥,finished,2026-05-18T16:06:00.140368+00:00
2361,INPROC_363D00,1,10,team1,Team 1 (N/S),93,27,13,♦,finished,2026-05-18T16:06:00.153101+00:00
2362,INPROC_E9978C,1,10,team1,Team 1 (N/S),85,35,35,♠,finished,2026-05-18T16:06:00.168648+00:00
2363,INPROC_5D94F2,1,10,team1,Team 1 (N/S),74,46,27,♥,finished,2026-05-18T16:06:00.183308+00:00
2364,INPROC_EAE11F,1,10,team2,Team 2 (E/W),48,72,35,♠,finished,2026-05-18T16:06:00.199555+00:00
2365,INPROC_358ACF,1,10,team2,Team 2 (E/W),33,87,0,♣,finished,2026-05-18T16:06:00.215562+00:00
2366,INPROC_F67533,1,10,team1,Team 1 (N/S),74,46,38,♠,finished,2026-05-18T16:06:00.229929+00:00
2367,INPROC_38AF9B,1,10,team1,Team 1 (N/S),96,24,23,♥,finished,2026-05-18T16:06:00.244085+00:00
2368,INPROC_F9AC7A,1,10,team1,Team 1 (N/S),95,25,22,♥,finished,2026-05-18T16:06:00.260297+00:00
2369,INPROC_457DDB,1,10,team1,Team 1 (N/S),89,31,24,♥,finished,2026-05-18T16:06:00.276252+00:00
2370,INPROC_9B4D35,1,10,team2,Team 2 (E/W),32,88,24,♥,finished,2026-05-18T16:06:00.285811+00:00
2371,INPROC_3152B3,1,10,team2,Team 2 (E/W),53,67,13,♦,finished,2026-05-18T16:06:00.299947+00:00
2372,INPROC_F5BF33,1,10,team2,Team 2 (E/W),40,80,31,♠,finished,2026-05-18T16:06:00.315375+00:00
2373,INPROC_D9DB81,1,10,team2,Team 2 (E/W),45,75,26,♥,finished,2026-05-18T16:06:00.331611+00:00
2374,INPROC_C64C5E,1,10,team1,Team 1 (N/S),61,59,13,♦,finished,2026-05-18T16:06:00.344536+00:00
2375,INPROC_13F155,1,10,team2,Team 2 (E/W),57,63,34,♠,finished,2026-05-18T16:06:00.357364+00:00
2376,INPROC_040F2C,1,10,team1,Team 1 (N/S),69,51,32,♠,finished,2026-05-18T16:06:00.369832+00:00
2377,INPROC_B8322C,1,10,team2,Team 2 (E/W),44,76,32,♠,finished,2026-05-18T16:06:00.381974+00:00
2378,INPROC_6B19BA,1,10,team1,Team 1 (N/S),82,38,0,♣,finished,2026-05-18T16:06:00.391131+00:00
2379,INPROC_A58774,1,10,team1,Team 1 (N/S),65,55,3,♣,finished,2026-05-18T16:06:00.401741+00:00
2380,INPROC_CFB88E,1,10,team2,Team 2 (E/W),51,69,19,♦,finished,2026-05-18T16:06:00.413147+00:00
2381,INPROC_69788C,1,10,team1,Team 1 (N/S),64,56,22,♥,finished,2026-05-18T16:06:00.423748+00:00
2382,INPROC_77950D,1,10,team2,Team 2 (E/W),33,87,5,♣,finished,2026-05-18T16:06:00.439635+00:00
2383,INPROC_D6B513,1,10,team2,Team 2 (E/W),50,70,24,♥,finished,2026-05-18T16:06:00.450838+00:00
2384,INPROC_ABB169,1,10,team2,Team 2 (E/W),56,64,23,♥,finished,2026-05-18T16:06:00.465012+00:00
2385,INPROC_6D5BBD,1,10,team1,Team 1 (N/S),82,38,31,♠,finished,2026-05-18T16:06:00.480527+00:00
2386,INPROC_675EA5,1,10,team2,Team 2 (E/W),30,90,18,♦,finished,2026-05-18T16:06:00.495330+00:00
2387,INPROC_D7701C,1,10,team1,Team 1 (N/S),88,32,12,♦,finished,2026-05-18T16:06:00.508159+00:00
2388,INPROC_55CAEE,1,10,team2,Team 2 (E/W),54,66,6,♣,finished,2026-05-18T16:06:00.526457+00:00
2389,INPROC_26DF62,1,10,team1,Team 1 (N/S),91,29,3,♣,finished,2026-05-18T16:06:00.541814+00:00
2390,INPROC_F932E6,1,10,team1,Team 1 (N/S),71,49,23,♥,finished,2026-05-18T16:06:00.555595+00:00
2391,INPROC_BF1B2D,1,10,team1,Team 1 (N/S),62,58,2,♣,finished,2026-05-18T16:06:00.572384+00:00
2392,INPROC_B0314F,1,10,team2,Team 2 (E/W),22,98,35,♠,finished,2026-05-18T16:06:00.589744+00:00
2393,INPROC_3C31DE,1,10,team1,Team 1 (N/S),68,52,15,♦,finished,2026-05-18T16:06:00.603778+00:00
2394,INPROC_593EA4,1,10,team2,Team 2 (E/W),36,84,1,♣,finished,2026-05-18T16:06:00.615395+00:00
2395,INPROC_ECE588,1,10,team2,Team 2 (E/W),16,104,19,♦,finished,2026-05-18T16:06:00.648996+00:00
2396,INPROC_D36EFA,1,10,team1,Team 1 (N/S),62,58,24,♥,finished,2026-05-18T16:06:00.662968+00:00
2397,INPROC_D78F1C,1,10,team2,Team 2 (E/W),33,87,0,♣,finished,2026-05-18T16:06:00.675827+00:00
2398,INPROC_8A999C,1,10,team2,Team 2 (E/W),56,64,8,♣,finished,2026-05-18T16:06:00.690518+00:00
2399,INPROC_659471,1,10,team2,Team 2 (E/W),31,89,38,♠,finished,2026-05-18T16:06:00.704097+00:00
2400,INPROC_E306A2,1,10,team1,Team 1 (N/S),73,47,22,♥,finished,2026-05-18T16:06:00.719451+00:00
2401,INPROC_4472A8,1,10,team1,Team 1 (N/S),92,28,18,♦,finished,2026-05-18T16:06:00.731537+00:00
2402,INPROC_D7AF78,1,10,team2,Team 2 (E/W),0,120,15,♦,finished,2026-05-18T16:06:00.744596+00:00
2403,INPROC_C7D0A5,1,10,team2,Team 2 (E/W),50,70,39,♠,finished,2026-05-18T16:06:00.760810+00:00
2404,INPROC_C3DE92,1,10,team2,Team 2 (E/W),14,106,2,♣,finished,2026-05-18T16:06:00.775350+00:00
2405,INPROC_F9F0EF,1,10,team1,Team 1 (N/S),78,42,4,♣,finished,2026-05-18T16:06:00.789994+00:00
2406,INPROC_66B18D,1,10,team2,Team 2 (E/W),52,68,11,♦,finished,2026-05-18T16:06:00.807154+00:00
2407,INPROC_104C9B,1,10,team2,Team 2 (E/W),40,80,14,♦,finished,2026-05-18T16:06:00.824204+00:00
2408,INPROC_38DA68,1,10,team1,Team 1 (N/S),92,28,9,♣,finished,2026-05-18T16:06:00.840684+00:00
2409,INPROC_C937BB,1,10,team2,Team 2 (E/W),45,75,8,♣,finished,2026-05-18T16:06:00.856237+00:00
2410,INPROC_C3D773,1,10,team1,Team 1 (N/S),74,46,27,♥,finished,2026-05-18T16:06:00.869860+00:00
2411,INPROC_91E690,1,10,team2,Team 2 (E/W),37,83,12,♦,finished,2026-05-18T16:06:00.885120+00:00
2412,INPROC_47C00C,1,10,team2,Team 2 (E/W),34,86,4,♣,finished,2026-05-18T16:06:00.900692+00:00
2413,INPROC_A7E5AB,1,10,team2,Team 2 (E/W),56,64,30,♠,finished,2026-05-18T16:06:00.916868+00:00
2414,INPROC_D6ED85,1,10,team1,Team 1 (N/S),95,25,24,♥,finished,2026-05-18T16:06:00.934485+00:00
2415,INPROC_DFC678,1,10,team2,Team 2 (E/W),44,76,29,♥,finished,2026-05-18T16:06:00.951686+00:00
2416,INPROC_EF6ECC,1,10,team2,Team 2 (E/W),48,72,3,♣,finished,2026-05-18T16:06:00.965646+00:00
2417,INPROC_506F3F,1,10,team2,Team 2 (E/W),15,105,26,♥,finished,2026-05-18T16:06:00.977662+00:00
2418,INPROC_1548E8,1,10,team1,Team 1 (N/S),71,49,8,♣,finished,2026-05-18T16:06:00.991798+00:00
2419,INPROC_790A52,1,10,draw,draw,60,60,31,♠,finished,2026-05-18T16:06:01.004166+00:00
2420,INPROC_6509DF,1,10,draw,draw,60,60,15,♦,finished,2026-05-18T16:06:01.019732+00:00
2421,INPROC_B0CE17,1,10,team2,Team 2 (E/W),44,76,13,♦,finished,2026-05-18T16:06:01.035286+00:00
2422,INPROC_7F7807,1,10,team2,Team 2 (E/W),22,98,39,♠,finished,2026-05-18T16:06:01.049866+00:00
2423,INPROC_DB864C,1,10,team1,Team 1 (N/S),77,43,8,♣,finished,2026-05-18T16:06:01.064406+00:00
2424,INPROC_D4F1C8,1,10,team1,Team 1 (N/S),79,41,18,♦,finished,2026-05-18T16:06:01.077023+00:00
2425,INPROC_0864C5,1,10,team1,Team 1 (N/S),80,40,22,♥,finished,2026-05-18T16:06:01.093449+00:00
2426,INPROC_EB50A8,1,10,team1,Team 1 (N/S),78,42,11,♦,finished,2026-05-18T16:06:01.110223+00:00
2427,INPROC_9C5CF9,1,10,team2,Team 2 (E/W),17,103,28,♥,finished,2026-05-18T16:06:01.126224+00:00
2428,INPROC_B374C1,1,10,team2,Team 2 (E/W),41,79,33,♠,finished,2026-05-18T16:06:01.145914+00:00
2429,INPROC_1BC5F0,1,10,team2,Team 2 (E/W),50,70,12,♦,finished,2026-05-18T16:06:01.161165+00:00
2430,INPROC_9449D0,1,10,draw,draw,60,60,31,♠,finished,2026-05-18T16:06:01.174069+00:00
2431,INPROC_0EC890,1,10,team2,Team 2 (E/W),42,78,27,♥,finished,2026-05-18T16:06:01.190644+00:00
2432,INPROC_7DEBAF,1,10,team2,Team 2 (E/W),53,67,14,♦,finished,2026-05-18T16:06:01.205646+00:00
2433,INPROC_C83591,1,10,team2,Team 2 (E/W),57,63,0,♣,finished,2026-05-18T16:06:01.220873+00:00
2434,INPROC_F8CBC2,1,10,team2,Team 2 (E/W),29,91,20,♥,finished,2026-05-18T16:06:01.236065+00:00
2435,INPROC_6F1D22,1,10,team1,Team 1 (N/S),88,32,24,♥,finished,2026-05-18T16:06:01.253976+00:00
2436,INPROC_17EEE2,1,10,team1,Team 1 (N/S),96,24,19,♦,finished,2026-05-18T16:06:01.270637+00:00
2437,INPROC_1BBC4A,1,10,team2,Team 2 (E/W),22,98,27,♥,finished,2026-05-18T16:06:01.286284+00:00
2438,INPROC_41AF90,1,10,team1,Team 1 (N/S),61,59,20,♥,finished,2026-05-18T16:06:01.300828+00:00
2439,INPROC_BFDFCF,1,10,team1,Team 1 (N/S),71,49,39,♠,finished,2026-05-18T16:06:01.320852+00:00
2440,INPROC_6307A0,1,10,team2,Team 2 (E/W),54,66,27,♥,finished,2026-05-18T16:06:01.338286+00:00
2441,INPROC_D92E73,1,10,team1,Team 1 (N/S),117,3,23,♥,finished,2026-05-18T16:06:01.351579+00:00
2442,INPROC_027AED,1,10,team1,Team 1 (N/S),80,40,28,♥,finished,2026-05-18T16:06:01.368700+00:00
2443,INPROC_45CF22,1,10,team2,Team 2 (E/W),53,67,29,♥,finished,2026-05-18T16:06:01.386273+00:00
2444,INPROC_684A4B,1,10,team1,Team 1 (N/S),61,59,17,♦,finished,2026-05-18T16:06:01.400625+00:00
2445,INPROC_1E39E3,1,10,team1,Team 1 (N/S),62,58,20,♥,finished,2026-05-18T16:06:01.418534+00:00
2446,INPROC_19DCAA,1,10,team1,Team 1 (N/S),80,40,28,♥,finished,2026-05-18T16:06:01.428721+00:00
2447,INPROC_DE2FC3,1,10,team1,Team 1 (N/S),98,22,14,♦,finished,2026-05-18T16:06:01.440596+00:00
2448,INPROC_38D110,1,10,team2,Team 2 (E/W),57,63,14,♦,finished,2026-05-18T16:06:01.455640+00:00
2449,INPROC_A89D5A,1,10,team2,Team 2 (E/W),57,63,20,♥,finished,2026-05-18T16:06:01.469405+00:00
2450,INPROC_8225D1,1,10,team2,Team 2 (E/W),35,85,15,♦,finished,2026-05-18T16:06:01.486643+00:00
2451,INPROC_1D3A6E,1,10,team2,Team 2 (E/W),25,95,1,♣,finished,2026-05-18T16:06:01.503752+00:00
2452,INPROC_D08848,1,10,team2,Team 2 (E/W),23,97,35,♠,finished,2026-05-18T16:06:01.519420+00:00
2453,INPROC_BADF98,1,10,team1,Team 1 (N/S),64,56,25,♥,finished,2026-05-18T16:06:01.535849+00:00
2454,INPROC_F1265E,1,10,team2,Team 2 (E/W),56,64,32,♠,finished,2026-05-18T16:06:01.555707+00:00
2455,INPROC_8B7F45,1,10,team2,Team 2 (E/W),46,74,9,♣,finished,2026-05-18T16:06:01.573492+00:00
2456,INPROC_B6472A,1,10,team2,Team 2 (E/W),36,84,2,♣,finished,2026-05-18T16:06:01.590240+00:00
2457,INPROC_16FAA0,1,10,team1,Team 1 (N/S),63,57,33,♠,finished,2026-05-18T16:06:01.606314+00:00
2458,INPROC_8D6BD5,1,10,team2,Team 2 (E/W),42,78,1,♣,finished,2026-05-18T16:06:01.620055+00:00
2459,INPROC_CB66A4,1,10,team2,Team 2 (E/W),14,106,7,♣,finished,2026-05-18T16:06:01.633661+00:00
2460,INPROC_0D44E4,1,10,team2,Team 2 (E/W),17,103,35,♠,finished,2026-05-18T16:06:01.650677+00:00
2461,INPROC_BAD302,1,10,team1,Team 1 (N/S),80,40,19,♦,finished,2026-05-18T16:06:01.669113+00:00
2462,INPROC_610534,1,10,team2,Team 2 (E/W),15,105,35,♠,finished,2026-05-18T16:06:01.685167+00:00
2463,INPROC_1D23F1,1,10,team1,Team 1 (N/S),84,36,12,♦,finished,2026-05-18T16:06:01.701756+00:00
2464,INPROC_6CAB0A,1,10,team1,Team 1 (N/S),63,57,28,♥,finished,2026-05-18T16:06:01.719578+00:00
2465,INPROC_CBC23B,1,10,team2,Team 2 (E/W),31,89,9,♣,finished,2026-05-18T16:06:01.733820+00:00
2466,INPROC_BAF02C,1,10,team1,Team 1 (N/S),75,45,17,♦,finished,2026-05-18T16:06:01.750512+00:00
2467,INPROC_3D1F63,1,10,team2,Team 2 (E/W),42,78,12,♦,finished,2026-05-18T16:06:01.766743+00:00
2468,INPROC_9E8993,1,10,team1,Team 1 (N/S),70,50,15,♦,finished,2026-05-18T16:06:01.781322+00:00
2469,INPROC_3F1C64,1,10,team2,Team 2 (E/W),34,86,5,♣,finished,2026-05-18T16:06:01.796123+00:00
2470,INPROC_21F7B7,1,10,team2,Team 2 (E/W),57,63,10,♦,finished,2026-05-18T16:06:01.810936+00:00
2471,INPROC_D33767,1,10,team1,Team 1 (N/S),67,53,26,♥,finished,2026-05-18T16:06:01.823870+00:00
2472,INPROC_2C2F54,1,10,team2,Team 2 (E/W),43,77,12,♦,finished,2026-05-18T16:06:01.838274+00:00
2473,INPROC_B4DC26,1,10,team1,Team 1 (N/S),76,44,6,♣,finished,2026-05-18T16:06:01.851690+00:00
2474,INPROC_2D65A3,1,10,team2,Team 2 (E/W),8,112,19,♦,finished,2026-05-18T16:06:01.866602+00:00
2475,INPROC_39FBEB,1,10,team1,Team 1 (N/S),61,59,15,♦,finished,2026-05-18T16:06:01.882077+00:00
2476,INPROC_D72DDD,1,10,team2,Team 2 (E/W),25,95,21,♥,finished,2026-05-18T16:06:01.898431+00:00
2477,INPROC_9E5AC8,1,10,team2,Team 2 (E/W),53,67,25,♥,finished,2026-05-18T16:06:01.913316+00:00
2478,INPROC_7FFB3F,1,10,team1,Team 1 (N/S),74,46,22,♥,finished,2026-05-18T16:06:01.924213+00:00
2479,INPROC_881723,1,10,team1,Team 1 (N/S),69,51,27,♥,finished,2026-05-18T16:06:01.939597+00:00
2480,INPROC_55B264,1,10,team2,Team 2 (E/W),35,85,8,♣,finished,2026-05-18T16:06:01.955997+00:00
2481,INPROC_5596C9,1,10,team2,Team 2 (E/W),17,103,37,♠,finished,2026-05-18T16:06:01.970865+00:00
2482,INPROC_BCD308,1,10,team1,Team 1 (N/S),73,47,4,♣,finished,2026-05-18T16:06:01.985486+00:00
2483,INPROC_76020B,1,10,team1,Team 1 (N/S),74,46,35,♠,finished,2026-05-18T16:06:02.003133+00:00
2484,INPROC_E9A9D2,1,10,team2,Team 2 (E/W),46,74,23,♥,finished,2026-05-18T16:06:02.018404+00:00
2485,INPROC_60408E,1,10,team1,Team 1 (N/S),101,19,33,♠,finished,2026-05-18T16:06:02.029640+00:00
2486,INPROC_78F8FC,1,10,team2,Team 2 (E/W),33,87,8,♣,finished,2026-05-18T16:06:02.041367+00:00
2487,INPROC_FE9E47,1,10,team2,Team 2 (E/W),36,84,3,♣,finished,2026-05-18T16:06:02.057854+00:00
2488,INPROC_25ED06,1,10,team2,Team 2 (E/W),51,69,4,♣,finished,2026-05-18T16:06:02.074133+00:00
2489,INPROC_DA5A4F,1,10,team1,Team 1 (N/S),76,44,39,♠,finished,2026-05-18T16:06:02.090248+00:00
2490,INPROC_0EDB27,1,10,team1,Team 1 (N/S),79,41,27,♥,finished,2026-05-18T16:06:02.106038+00:00
2491,INPROC_B0533B,1,10,team1,Team 1 (N/S),62,58,30,♠,finished,2026-05-18T16:06:02.120422+00:00
2492,INPROC_6D127C,1,10,team1,Team 1 (N/S),79,41,30,♠,finished,2026-05-18T16:06:02.138297+00:00
2493,INPROC_528B84,1,10,team2,Team 2 (E/W),28,92,11,♦,finished,2026-05-18T16:06:02.152077+00:00
2494,INPROC_01EFFA,1,10,team2,Team 2 (E/W),33,87,13,♦,finished,2026-05-18T16:06:02.168442+00:00
2495,INPROC_906349,1,10,team1,Team 1 (N/S),85,35,5,♣,finished,2026-05-18T16:06:02.183691+00:00
2496,INPROC_FF6795,1,10,team2,Team 2 (E/W),37,83,29,♥,finished,2026-05-18T16:06:02.197879+00:00
2497,INPROC_061064,1,10,team1,Team 1 (N/S),63,57,9,♣,finished,2026-05-18T16:06:02.214974+00:00
2498,INPROC_A995AF,1,10,team1,Team 1 (N/S),109,11,16,♦,finished,2026-05-18T16:06:02.230857+00:00
2499,INPROC_54FC44,1,10,team2,Team 2 (E/W),55,65,25,♥,finished,2026-05-18T16:06:02.247615+00:00
2500,INPROC_8F5FE2,1,10,team2,Team 2 (E/W),52,68,29,♥,finished,2026-05-18T16:06:02.263158+00:00
2501,INPROC_ABC7C0,1,10,team2,Team 2 (E/W),38,82,19,♦,finished,2026-05-18T16:06:02.277170+00:00
2502,INPROC_03BF66,1,10,team2,Team 2 (E/W),37,83,0,♣,finished,2026-05-18T16:06:02.293703+00:00
2503,INPROC_05ACE9,1,10,team2,Team 2 (E/W),50,70,20,♥,finished,2026-05-18T16:06:02.310322+00:00
2504,INPROC_1FEE54,1,10,team2,Team 2 (E/W),47,73,16,♦,finished,2026-05-18T16:06:02.325426+00:00
2505,INPROC_6698B7,1,10,team1,Team 1 (N/S),107,13,1,♣,finished,2026-05-18T16:06:02.340601+00:00
2506,INPROC_8A7DC2,1,10,team1,Team 1 (N/S),79,41,6,♣,finished,2026-05-18T16:06:02.354832+00:00
2507,INPROC_7A4086,1,10,team1,Team 1 (N/S),72,48,13,♦,finished,2026-05-18T16:06:02.365823+00:00
2508,INPROC_3D3790,1,10,team1,Team 1 (N/S),103,17,21,♥,finished,2026-05-18T16:06:02.375329+00:00
2509,INPROC_5F4A08,1,10,team1,Team 1 (N/S),72,48,0,♣,finished,2026-05-18T16:06:02.386979+00:00
2510,INPROC_D87BDB,1,10,team2,Team 2 (E/W),21,99,16,♦,finished,2026-05-18T16:06:02.401582+00:00
2511,INPROC_3DCD48,1,10,team2,Team 2 (E/W),53,67,39,♠,finished,2026-05-18T16:06:02.415665+00:00
2512,INPROC_E7A41E,1,10,team2,Team 2 (E/W),24,96,14,♦,finished,2026-05-18T16:06:02.428460+00:00
2513,INPROC_F61836,1,10,team1,Team 1 (N/S),82,38,30,♠,finished,2026-05-18T16:06:02.441979+00:00
2514,INPROC_69A565,1,10,team2,Team 2 (E/W),51,69,0,♣,finished,2026-05-18T16:06:02.455475+00:00
2515,INPROC_53CDF6,1,10,team2,Team 2 (E/W),59,61,6,♣,finished,2026-05-18T16:06:02.470574+00:00
2516,INPROC_AE4C1C,1,10,team2,Team 2 (E/W),53,67,22,♥,finished,2026-05-18T16:06:02.483386+00:00
2517,INPROC_3016B2,1,10,team2,Team 2 (E/W),30,90,21,♥,finished,2026-05-18T16:06:02.496457+00:00
2518,INPROC_43EB55,1,10,team2,Team 2 (E/W),58,62,8,♣,finished,2026-05-18T16:06:02.509309+00:00
2519,INPROC_462C7F,1,10,team2,Team 2 (E/W),31,89,23,♥,finished,2026-05-18T16:06:02.524056+00:00
2520,INPROC_5211B8,1,10,team2,Team 2 (E/W),33,87,16,♦,finished,2026-05-18T16:06:02.539489+00:00
2521,INPROC_27DE40,1,10,team2,Team 2 (E/W),37,83,10,♦,finished,2026-05-18T16:06:02.552747+00:00
2522,INPROC_D279E1,1,10,team1,Team 1 (N/S),106,14,25,♥,finished,2026-05-18T16:06:02.568425+00:00
2523,INPROC_24DE17,1,10,team2,Team 2 (E/W),40,80,30,♠,finished,2026-05-18T16:06:02.584330+00:00
2524,INPROC_408A14,1,10,team2,Team 2 (E/W),25,95,26,♥,finished,2026-05-18T16:06:02.598167+00:00
2525,INPROC_DD467E,1,10,team1,Team 1 (N/S),104,16,21,♥,finished,2026-05-18T16:06:02.611912+00:00
2526,INPROC_175C9D,1,10,team2,Team 2 (E/W),42,78,19,♦,finished,2026-05-18T16:06:02.625550+00:00
2527,INPROC_CDE761,1,10,team1,Team 1 (N/S),76,44,29,♥,finished,2026-05-18T16:06:02.640567+00:00
2528,INPROC_600FC8,1,10,team2,Team 2 (E/W),40,80,16,♦,finished,2026-05-18T16:06:02.654875+00:00
2529,INPROC_2E1F32,1,10,team1,Team 1 (N/S),61,59,34,♠,finished,2026-05-18T16:06:02.671921+00:00
2530,INPROC_3E1B19,1,10,team2,Team 2 (E/W),27,93,6,♣,finished,2026-05-18T16:06:02.685765+00:00
2531,INPROC_3EA63D,1,10,team2,Team 2 (E/W),47,73,38,♠,finished,2026-05-18T16:06:02.698515+00:00
2532,INPROC_FE298F,1,10,team1,Team 1 (N/S),62,58,38,♠,finished,2026-05-18T16:06:02.711776+00:00
2533,INPROC_B2DD91,1,10,team2,Team 2 (E/W),7,113,4,♣,finished,2026-05-18T16:06:02.727224+00:00
2534,INPROC_1B87B4,1,10,team1,Team 1 (N/S),61,59,19,♦,finished,2026-05-18T16:06:02.743673+00:00
2535,INPROC_735EB8,1,10,team1,Team 1 (N/S),72,48,6,♣,finished,2026-05-18T16:06:02.761417+00:00
2536,INPROC_621168,1,10,team2,Team 2 (E/W),43,77,32,♠,finished,2026-05-18T16:06:02.775011+00:00
2537,INPROC_CA24AA,1,10,team1,Team 1 (N/S),82,38,21,♥,finished,2026-05-18T16:06:02.791006+00:00
2538,INPROC_A5926B,1,10,team1,Team 1 (N/S),88,32,14,♦,finished,2026-05-18T16:06:02.806949+00:00
2539,INPROC_3A0B6B,1,10,team2,Team 2 (E/W),15,105,26,♥,finished,2026-05-18T16:06:02.825063+00:00
2540,INPROC_C3112D,1,10,team2,Team 2 (E/W),18,102,28,♥,finished,2026-05-18T16:06:02.842373+00:00
2541,INPROC_C20079,1,10,team2,Team 2 (E/W),28,92,22,♥,finished,2026-05-18T16:06:02.857853+00:00
2542,INPROC_8E6CE7,1,10,team1,Team 1 (N/S),79,41,28,♥,finished,2026-05-18T16:06:02.872919+00:00
2543,INPROC_1F8CCF,1,10,team1,Team 1 (N/S),63,57,31,♠,finished,2026-05-18T16:06:02.883410+00:00
2544,INPROC_6C6BA2,1,10,team1,Team 1 (N/S),74,46,21,♥,finished,2026-05-18T16:06:02.896145+00:00
2545,INPROC_6B3B55,1,10,team2,Team 2 (E/W),41,79,24,♥,finished,2026-05-18T16:06:02.910180+00:00
2546,INPROC_BF83A1,1,10,team1,Team 1 (N/S),87,33,39,♠,finished,2026-05-18T16:06:02.923589+00:00
2547,INPROC_D1B4D5,1,10,team1,Team 1 (N/S),67,53,28,♥,finished,2026-05-18T16:06:02.937727+00:00
2548,INPROC_57053B,1,10,team1,Team 1 (N/S),64,56,29,♥,finished,2026-05-18T16:06:02.954109+00:00
2549,INPROC_C85BC1,1,10,team2,Team 2 (E/W),42,78,30,♠,finished,2026-05-18T16:06:02.968068+00:00
2550,INPROC_C6F4E9,1,10,team1,Team 1 (N/S),70,50,35,♠,finished,2026-05-18T16:06:02.983652+00:00
2551,INPROC_CFD4D7,1,10,team2,Team 2 (E/W),41,79,3,♣,finished,2026-05-18T16:06:02.994758+00:00
2552,INPROC_6EFAB9,1,10,team1,Team 1 (N/S),93,27,16,♦,finished,2026-05-18T16:06:03.010831+00:00
2553,INPROC_24BC2D,1,10,team1,Team 1 (N/S),81,39,35,♠,finished,2026-05-18T16:06:03.025190+00:00
2554,INPROC_1C3B98,1,10,team2,Team 2 (E/W),35,85,5,♣,finished,2026-05-18T16:06:03.039659+00:00
2555,INPROC_68FE1E,1,10,draw,draw,60,60,1,♣,finished,2026-05-18T16:06:03.051984+00:00
2556,INPROC_4F20B2,1,10,team2,Team 2 (E/W),37,83,2,♣,finished,2026-05-18T16:06:03.067255+00:00
2557,INPROC_6224AC,1,10,team2,Team 2 (E/W),56,64,7,♣,finished,2026-05-18T16:06:03.083122+00:00
2558,INPROC_4872BE,1,10,team1,Team 1 (N/S),97,23,16,♦,finished,2026-05-18T16:06:03.096000+00:00
2559,INPROC_F1A558,1,10,team1,Team 1 (N/S),73,47,23,♥,finished,2026-05-18T16:06:03.113180+00:00
2560,INPROC_8B7FF5,1,10,team2,Team 2 (E/W),18,102,12,♦,finished,2026-05-18T16:06:03.131230+00:00
2561,INPROC_68D67B,1,10,team1,Team 1 (N/S),88,32,2,♣,finished,2026-05-18T16:06:03.147453+00:00
2562,INPROC_FD66BD,1,10,team1,Team 1 (N/S),88,32,26,♥,finished,2026-05-18T16:06:03.162489+00:00
2563,INPROC_AD136D,1,10,team1,Team 1 (N/S),63,57,1,♣,finished,2026-05-18T16:06:03.173235+00:00
2564,INPROC_44F1DD,1,10,team2,Team 2 (E/W),38,82,33,♠,finished,2026-05-18T16:06:03.191018+00:00
2565,INPROC_82D9D4,1,10,team2,Team 2 (E/W),58,62,35,♠,finished,2026-05-18T16:06:03.208222+00:00
2566,INPROC_233DE0,1,10,team1,Team 1 (N/S),67,53,16,♦,finished,2026-05-18T16:06:03.224953+00:00
2567,INPROC_F92A48,1,10,team2,Team 2 (E/W),32,88,31,♠,finished,2026-05-18T16:06:03.241285+00:00
2568,INPROC_A31DCA,1,10,team1,Team 1 (N/S),81,39,38,♠,finished,2026-05-18T16:06:03.257874+00:00
2569,INPROC_9B9485,1,10,team2,Team 2 (E/W),48,72,1,♣,finished,2026-05-18T16:06:03.274636+00:00
2570,INPROC_F4F244,1,10,team2,Team 2 (E/W),26,94,14,♦,finished,2026-05-18T16:06:03.289167+00:00
2571,INPROC_FA7D8B,1,10,team1,Team 1 (N/S),91,29,30,♠,finished,2026-05-18T16:06:03.306612+00:00
2572,INPROC_EB6640,1,10,team1,Team 1 (N/S),62,58,27,♥,finished,2026-05-18T16:06:03.319380+00:00
2573,INPROC_20F084,1,10,team1,Team 1 (N/S),62,58,3,♣,finished,2026-05-18T16:06:03.330276+00:00
2574,INPROC_E3F503,1,10,team1,Team 1 (N/S),66,54,22,♥,finished,2026-05-18T16:06:03.343651+00:00
2575,INPROC_73DE14,1,10,team2,Team 2 (E/W),37,83,15,♦,finished,2026-05-18T16:06:03.360269+00:00
2576,INPROC_1630A6,1,10,team2,Team 2 (E/W),33,87,10,♦,finished,2026-05-18T16:06:03.376546+00:00
2577,INPROC_A35F26,1,10,team2,Team 2 (E/W),51,69,6,♣,finished,2026-05-18T16:06:03.391150+00:00
2578,INPROC_9938B4,1,10,team2,Team 2 (E/W),36,84,6,♣,finished,2026-05-18T16:06:03.402383+00:00
2579,INPROC_E841CD,1,10,team2,Team 2 (E/W),18,102,38,♠,finished,2026-05-18T16:06:03.417141+00:00
2580,INPROC_44B1A0,1,10,team2,Team 2 (E/W),54,66,33,♠,finished,2026-05-18T16:06:03.426197+00:00
2581,INPROC_8B80DB,1,10,team1,Team 1 (N/S),75,45,39,♠,finished,2026-05-18T16:06:03.436587+00:00
2582,INPROC_137CA8,1,10,team2,Team 2 (E/W),55,65,39,♠,finished,2026-05-18T16:06:03.448066+00:00
2583,INPROC_4661FA,1,10,team1,Team 1 (N/S),103,17,16,♦,finished,2026-05-18T16:06:03.463213+00:00
2584,INPROC_0CC2C8,1,10,team1,Team 1 (N/S),74,46,16,♦,finished,2026-05-18T16:06:03.476762+00:00
2585,INPROC_FB3955,1,10,team2,Team 2 (E/W),59,61,32,♠,finished,2026-05-18T16:06:03.492396+00:00
2586,INPROC_F5A5DD,1,10,team2,Team 2 (E/W),58,62,10,♦,finished,2026-05-18T16:06:03.507884+00:00
2587,INPROC_F434FE,1,10,team2,Team 2 (E/W),44,76,39,♠,finished,2026-05-18T16:06:03.520646+00:00
2588,INPROC_EBCFD8,1,10,team1,Team 1 (N/S),67,53,27,♥,finished,2026-05-18T16:06:03.534077+00:00
2589,INPROC_0A6692,1,10,team2,Team 2 (E/W),48,72,18,♦,finished,2026-05-18T16:06:03.547917+00:00
2590,INPROC_EB90F1,1,10,team1,Team 1 (N/S),74,46,0,♣,finished,2026-05-18T16:06:03.560628+00:00
2591,INPROC_570F76,1,10,team2,Team 2 (E/W),37,83,8,♣,finished,2026-05-18T16:06:03.576577+00:00
2592,INPROC_5416B1,1,10,team2,Team 2 (E/W),27,93,4,♣,finished,2026-05-18T16:06:03.589446+00:00
2593,INPROC_E013B5,1,10,team1,Team 1 (N/S),90,30,20,♥,finished,2026-05-18T16:06:03.603704+00:00
2594,INPROC_B775A6,1,10,team2,Team 2 (E/W),41,79,30,♠,finished,2026-05-18T16:06:03.618311+00:00
2595,INPROC_546555,1,10,team1,Team 1 (N/S),75,45,36,♠,finished,2026-05-18T16:06:03.631089+00:00
2596,INPROC_39690A,1,10,team1,Team 1 (N/S),105,15,29,♥,finished,2026-05-18T16:06:03.644685+00:00
2597,INPROC_CE4917,1,10,team1,Team 1 (N/S),76,44,11,♦,finished,2026-05-18T16:06:03.657853+00:00
2598,INPROC_F3776F,1,10,team2,Team 2 (E/W),59,61,39,♠,finished,2026-05-18T16:06:03.673439+00:00
2599,INPROC_31DD8E,1,10,team1,Team 1 (N/S),65,55,17,♦,finished,2026-05-18T16:06:03.687788+00:00
2600,INPROC_F48260,1,10,team2,Team 2 (E/W),59,61,1,♣,finished,2026-05-18T16:06:03.705434+00:00
2601,INPROC_FFA32C,1,10,team2,Team 2 (E/W),55,65,34,♠,finished,2026-05-18T16:06:03.722315+00:00
2602,INPROC_962886,1,10,team2,Team 2 (E/W),38,82,39,♠,finished,2026-05-18T16:06:03.740095+00:00
2603,INPROC_6FD56E,1,10,team2,Team 2 (E/W),49,71,9,♣,finished,2026-05-18T16:06:03.755903+00:00
2604,INPROC_BC8FC6,1,10,draw,draw,60,60,18,♦,finished,2026-05-18T16:06:03.771593+00:00
2605,INPROC_924432,1,10,team1,Team 1 (N/S),76,44,28,♥,finished,2026-05-18T16:06:03.785933+00:00
2606,INPROC_F4393C,1,10,team2,Team 2 (E/W),44,76,8,♣,finished,2026-05-18T16:06:03.800141+00:00
2607,INPROC_036FF4,1,10,team2,Team 2 (E/W),38,82,3,♣,finished,2026-05-18T16:06:03.813567+00:00
2608,INPROC_D8DFDD,1,10,team2,Team 2 (E/W),33,87,29,♥,finished,2026-05-18T16:06:03.823678+00:00
2609,INPROC_2B7AD4,1,10,team1,Team 1 (N/S),102,18,12,♦,finished,2026-05-18T16:06:03.833688+00:00
2610,INPROC_B7B1E4,1,10,team1,Team 1 (N/S),91,29,17,♦,finished,2026-05-18T16:06:03.847904+00:00
2611,INPROC_9E0E92,1,10,team2,Team 2 (E/W),17,103,2,♣,finished,2026-05-18T16:06:03.858534+00:00
2612,INPROC_756DDE,1,10,team1,Team 1 (N/S),62,58,31,♠,finished,2026-05-18T16:06:03.869518+00:00
2613,INPROC_A83A39,1,10,team1,Team 1 (N/S),111,9,33,♠,finished,2026-05-18T16:06:03.882184+00:00
2614,INPROC_E3FF40,1,10,team1,Team 1 (N/S),65,55,24,♥,finished,2026-05-18T16:06:03.897997+00:00
2615,INPROC_21AF3C,1,10,team2,Team 2 (E/W),26,94,26,♥,finished,2026-05-18T16:06:03.914636+00:00
2616,INPROC_FD5DC5,1,10,team2,Team 2 (E/W),25,95,25,♥,finished,2026-05-18T16:06:03.932988+00:00
2617,INPROC_72379A,1,10,team2,Team 2 (E/W),44,76,1,♣,finished,2026-05-18T16:06:03.943267+00:00
2618,INPROC_52A6CD,1,10,team1,Team 1 (N/S),90,30,5,♣,finished,2026-05-18T16:06:03.953626+00:00
2619,INPROC_FABB17,1,10,team1,Team 1 (N/S),81,39,21,♥,finished,2026-05-18T16:06:03.965398+00:00
2620,INPROC_ACB21C,1,10,team2,Team 2 (E/W),43,77,23,♥,finished,2026-05-18T16:06:03.978764+00:00
2621,INPROC_E62626,1,10,team2,Team 2 (E/W),13,107,9,♣,finished,2026-05-18T16:06:03.993565+00:00
2622,INPROC_F75074,1,10,team1,Team 1 (N/S),84,36,3,♣,finished,2026-05-18T16:06:04.008404+00:00
2623,INPROC_9439C2,1,10,team2,Team 2 (E/W),51,69,29,♥,finished,2026-05-18T16:06:04.020721+00:00
2624,INPROC_875EEF,1,10,team1,Team 1 (N/S),106,14,26,♥,finished,2026-05-18T16:06:04.033141+00:00
2625,INPROC_BE916E,1,10,team1,Team 1 (N/S),69,51,12,♦,finished,2026-05-18T16:06:04.045281+00:00
2626,INPROC_68B4E3,1,10,team2,Team 2 (E/W),40,80,0,♣,finished,2026-05-18T16:06:04.059032+00:00
2627,INPROC_C89186,1,10,team2,Team 2 (E/W),30,90,39,♠,finished,2026-05-18T16:06:04.074462+00:00
2628,INPROC_10A5E8,1,10,team1,Team 1 (N/S),66,54,16,♦,finished,2026-05-18T16:06:04.091051+00:00
2629,INPROC_C2DA53,1,10,team1,Team 1 (N/S),77,43,30,♠,finished,2026-05-18T16:06:04.107734+00:00
2630,INPROC_37FB92,1,10,team2,Team 2 (E/W),48,72,13,♦,finished,2026-05-18T16:06:04.123566+00:00
2631,INPROC_BADF06,1,10,team1,Team 1 (N/S),73,47,33,♠,finished,2026-05-18T16:06:04.136667+00:00
2632,INPROC_ECC15D,1,10,team2,Team 2 (E/W),56,64,17,♦,finished,2026-05-18T16:06:04.154592+00:00
2633,INPROC_561400,1,10,team2,Team 2 (E/W),56,64,13,♦,finished,2026-05-18T16:06:04.169182+00:00
2634,INPROC_BFC826,1,10,team2,Team 2 (E/W),19,101,36,♠,finished,2026-05-18T16:06:04.186651+00:00
2635,INPROC_C7DDBD,1,10,team2,Team 2 (E/W),21,99,16,♦,finished,2026-05-18T16:06:04.203296+00:00
2636,INPROC_6E7A7F,1,10,team2,Team 2 (E/W),58,62,3,♣,finished,2026-05-18T16:06:04.218344+00:00
2637,INPROC_F8BCBA,1,10,team1,Team 1 (N/S),83,37,4,♣,finished,2026-05-18T16:06:04.238059+00:00
2638,INPROC_BA8EE7,1,10,team2,Team 2 (E/W),42,78,16,♦,finished,2026-05-18T16:06:04.253040+00:00
2639,INPROC_3E483C,1,10,team1,Team 1 (N/S),70,50,7,♣,finished,2026-05-18T16:06:04.265129+00:00
2640,INPROC_58CA99,1,10,team2,Team 2 (E/W),16,104,29,♥,finished,2026-05-18T16:06:04.280604+00:00
2641,INPROC_5B1CF8,1,10,team1,Team 1 (N/S),79,41,5,♣,finished,2026-05-18T16:06:04.296388+00:00
2642,INPROC_D6D9FA,1,10,team1,Team 1 (N/S),103,17,0,♣,finished,2026-05-18T16:06:04.314267+00:00
2643,INPROC_09B1C0,1,10,team1,Team 1 (N/S),97,23,3,♣,finished,2026-05-18T16:06:04.330220+00:00
2644,INPROC_3E964D,1,10,team2,Team 2 (E/W),0,120,8,♣,finished,2026-05-18T16:06:04.344457+00:00
2645,INPROC_B85BD8,1,10,team1,Team 1 (N/S),79,41,32,♠,finished,2026-05-18T16:06:04.361231+00:00
2646,INPROC_373F9B,1,10,team1,Team 1 (N/S),100,20,30,♠,finished,2026-05-18T16:06:04.378783+00:00
2647,INPROC_3253E2,1,10,team1,Team 1 (N/S),80,40,9,♣,finished,2026-05-18T16:06:04.393636+00:00
2648,INPROC_56847C,1,10,team2,Team 2 (E/W),48,72,2,♣,finished,2026-05-18T16:06:04.410533+00:00
2649,INPROC_AF0A13,1,10,team1,Team 1 (N/S),61,59,13,♦,finished,2026-05-18T16:06:04.426316+00:00
2650,INPROC_BC0F6D,1,10,team2,Team 2 (E/W),35,85,25,♥,finished,2026-05-18T16:06:04.443461+00:00
2651,INPROC_0222EB,1,10,team2,Team 2 (E/W),14,106,4,♣,finished,2026-05-18T16:06:04.454228+00:00
2652,INPROC_33D65C,1,10,team2,Team 2 (E/W),53,67,16,♦,finished,2026-05-18T16:06:04.470081+00:00
2653,INPROC_EA5A2D,1,10,team1,Team 1 (N/S),66,54,16,♦,finished,2026-05-18T16:06:04.480844+00:00
2654,INPROC_409907,1,10,team1,Team 1 (N/S),65,55,27,♥,finished,2026-05-18T16:06:04.491399+00:00
2655,INPROC_4D0B48,1,10,team2,Team 2 (E/W),31,89,17,♦,finished,2026-05-18T16:06:04.501278+00:00
2656,INPROC_0784AF,1,10,team1,Team 1 (N/S),82,38,23,♥,finished,2026-05-18T16:06:04.512387+00:00
2657,INPROC_D05657,1,10,team2,Team 2 (E/W),41,79,3,♣,finished,2026-05-18T16:06:04.525356+00:00
2658,INPROC_FBFA68,1,10,team2,Team 2 (E/W),37,83,19,♦,finished,2026-05-18T16:06:04.540058+00:00
2659,INPROC_C0CB64,1,10,team1,Team 1 (N/S),77,43,4,♣,finished,2026-05-18T16:06:04.553506+00:00
2660,INPROC_0211F5,1,10,team2,Team 2 (E/W),57,63,5,♣,finished,2026-05-18T16:06:04.568730+00:00
2661,INPROC_5D18BE,1,10,team2,Team 2 (E/W),47,73,20,♥,finished,2026-05-18T16:06:04.584561+00:00
2662,INPROC_BC1856,1,10,team2,Team 2 (E/W),25,95,38,♠,finished,2026-05-18T16:06:04.601726+00:00
2663,INPROC_B25812,1,10,team2,Team 2 (E/W),36,84,39,♠,finished,2026-05-18T16:06:04.618968+00:00
2664,INPROC_CCEBB7,1,10,team2,Team 2 (E/W),54,66,14,♦,finished,2026-05-18T16:06:04.634702+00:00
2665,INPROC_FBE016,1,10,team1,Team 1 (N/S),62,58,21,♥,finished,2026-05-18T16:06:04.652494+00:00
2666,INPROC_CA5716,1,10,draw,draw,60,60,18,♦,finished,2026-05-18T16:06:04.669044+00:00
2667,INPROC_E5F191,1,10,team1,Team 1 (N/S),104,16,36,♠,finished,2026-05-18T16:06:04.684377+00:00
2668,INPROC_2BF5F1,1,10,team1,Team 1 (N/S),82,38,35,♠,finished,2026-05-18T16:06:04.701108+00:00
2669,INPROC_270F8D,1,10,team1,Team 1 (N/S),85,35,0,♣,finished,2026-05-18T16:06:04.717697+00:00
2670,INPROC_109BD5,1,10,team1,Team 1 (N/S),79,41,5,♣,finished,2026-05-18T16:06:04.734676+00:00
2671,INPROC_DD3C36,1,10,team2,Team 2 (E/W),41,79,2,♣,finished,2026-05-18T16:06:04.750842+00:00
2672,INPROC_814371,1,10,team1,Team 1 (N/S),69,51,11,♦,finished,2026-05-18T16:06:04.764235+00:00
2673,INPROC_A1F59D,1,10,team2,Team 2 (E/W),27,93,29,♥,finished,2026-05-18T16:06:04.772483+00:00
2674,INPROC_9274E1,1,10,team2,Team 2 (E/W),58,62,19,♦,finished,2026-05-18T16:06:04.784015+00:00
2675,INPROC_AE94C2,1,10,team1,Team 1 (N/S),73,47,15,♦,finished,2026-05-18T16:06:04.798380+00:00
2676,INPROC_1613ED,1,10,team1,Team 1 (N/S),120,0,15,♦,finished,2026-05-18T16:06:04.812265+00:00
2677,INPROC_FDD30D,1,10,team2,Team 2 (E/W),36,84,37,♠,finished,2026-05-18T16:06:04.828713+00:00
2678,INPROC_3A3B16,1,10,team1,Team 1 (N/S),82,38,21,♥,finished,2026-05-18T16:06:04.846714+00:00
2679,INPROC_0D2FDC,1,10,team2,Team 2 (E/W),36,84,19,♦,finished,2026-05-18T16:06:04.862061+00:00
2680,INPROC_E1A1BC,1,10,team1,Team 1 (N/S),73,47,18,♦,finished,2026-05-18T16:06:04.879918+00:00
2681,INPROC_1745C9,1,10,team2,Team 2 (E/W),7,113,38,♠,finished,2026-05-18T16:06:04.895747+00:00
2682,INPROC_517211,1,10,team2,Team 2 (E/W),18,102,10,♦,finished,2026-05-18T16:06:04.912589+00:00
2683,INPROC_C4D210,1,10,team1,Team 1 (N/S),89,31,0,♣,finished,2026-05-18T16:06:04.934551+00:00
2684,INPROC_F7EDCF,1,10,team1,Team 1 (N/S),82,38,7,♣,finished,2026-05-18T16:06:04.954762+00:00
2685,INPROC_FFE591,1,10,team2,Team 2 (E/W),27,93,4,♣,finished,2026-05-18T16:06:04.971166+00:00
2686,INPROC_57D25B,1,10,team1,Team 1 (N/S),91,29,8,♣,finished,2026-05-18T16:06:04.987957+00:00
2687,INPROC_4F3A3D,1,10,team2,Team 2 (E/W),13,107,23,♥,finished,2026-05-18T16:06:05.002192+00:00
2688,INPROC_490F76,1,10,team1,Team 1 (N/S),78,42,17,♦,finished,2026-05-18T16:06:05.017198+00:00
2689,INPROC_25E432,1,10,team1,Team 1 (N/S),61,59,18,♦,finished,2026-05-18T16:06:05.033448+00:00
2690,INPROC_E504FD,1,10,team2,Team 2 (E/W),33,87,29,♥,finished,2026-05-18T16:06:05.051039+00:00
2691,INPROC_20ABF7,1,10,team1,Team 1 (N/S),82,38,7,♣,finished,2026-05-18T16:06:05.069193+00:00
2692,INPROC_D83055,1,10,team2,Team 2 (E/W),48,72,6,♣,finished,2026-05-18T16:06:05.087888+00:00
2693,INPROC_26FE90,1,10,team1,Team 1 (N/S),63,57,24,♥,finished,2026-05-18T16:06:05.103874+00:00
2694,INPROC_93565B,1,10,team1,Team 1 (N/S),83,37,8,♣,finished,2026-05-18T16:06:05.119079+00:00
2695,INPROC_A445CC,1,10,team2,Team 2 (E/W),15,105,18,♦,finished,2026-05-18T16:06:05.135083+00:00
2696,INPROC_CC53AD,1,10,team2,Team 2 (E/W),37,83,18,♦,finished,2026-05-18T16:06:05.151315+00:00
2697,INPROC_6417B5,1,10,team2,Team 2 (E/W),48,72,13,♦,finished,2026-05-18T16:06:05.168040+00:00
2698,INPROC_E06D82,1,10,team2,Team 2 (E/W),45,75,1,♣,finished,2026-05-18T16:06:05.184542+00:00
2699,INPROC_226493,1,10,team2,Team 2 (E/W),53,67,0,♣,finished,2026-05-18T16:06:05.201078+00:00
2700,INPROC_EBFDE8,1,10,team2,Team 2 (E/W),32,88,3,♣,finished,2026-05-18T16:06:05.214391+00:00
2701,INPROC_93D88E,1,10,team2,Team 2 (E/W),28,92,1,♣,finished,2026-05-18T16:06:05.229166+00:00
2702,INPROC_D34345,1,10,team1,Team 1 (N/S),68,52,25,♥,finished,2026-05-18T16:06:05.245624+00:00
2703,INPROC_A71F75,1,10,team1,Team 1 (N/S),106,14,27,♥,finished,2026-05-18T16:06:05.261780+00:00
2704,INPROC_928102,1,10,team2,Team 2 (E/W),25,95,18,♦,finished,2026-05-18T16:06:05.277863+00:00
2705,INPROC_7CFC27,1,10,team2,Team 2 (E/W),41,79,3,♣,finished,2026-05-18T16:06:05.294672+00:00
2706,INPROC_2F577D,1,10,team2,Team 2 (E/W),24,96,10,♦,finished,2026-05-18T16:06:05.308858+00:00
2707,INPROC_CDA269,1,10,team1,Team 1 (N/S),84,36,25,♥,finished,2026-05-18T16:06:05.324473+00:00
2708,INPROC_28D24C,1,10,team2,Team 2 (E/W),49,71,8,♣,finished,2026-05-18T16:06:05.341170+00:00
2709,INPROC_502427,1,10,team2,Team 2 (E/W),55,65,24,♥,finished,2026-05-18T16:06:05.351818+00:00
2710,INPROC_C27FD1,1,10,team2,Team 2 (E/W),45,75,36,♠,finished,2026-05-18T16:06:05.368125+00:00
2711,INPROC_BDFF6B,1,10,team1,Team 1 (N/S),77,43,2,♣,finished,2026-05-18T16:06:05.389147+00:00
2712,INPROC_BC676F,1,10,team1,Team 1 (N/S),77,43,30,♠,finished,2026-05-18T16:06:05.407425+00:00
2713,INPROC_E3E639,1,10,team2,Team 2 (E/W),7,113,23,♥,finished,2026-05-18T16:06:05.425539+00:00
2714,INPROC_B4B6C5,1,10,team2,Team 2 (E/W),47,73,29,♥,finished,2026-05-18T16:06:05.443677+00:00
2715,INPROC_33D821,1,10,team2,Team 2 (E/W),40,80,8,♣,finished,2026-05-18T16:06:05.460233+00:00
2716,INPROC_B70920,1,10,team2,Team 2 (E/W),40,80,30,♠,finished,2026-05-18T16:06:05.474537+00:00
2717,INPROC_5EECC7,1,10,team2,Team 2 (E/W),10,110,11,♦,finished,2026-05-18T16:06:05.488288+00:00
2718,INPROC_F6EDA0,1,10,team2,Team 2 (E/W),33,87,0,♣,finished,2026-05-18T16:06:05.504291+00:00
2719,INPROC_79BD1B,1,10,team2,Team 2 (E/W),51,69,36,♠,finished,2026-05-18T16:06:05.521369+00:00
2720,INPROC_57D08D,1,10,team2,Team 2 (E/W),32,88,35,♠,finished,2026-05-18T16:06:05.537048+00:00
2721,INPROC_26CDF9,1,10,team2,Team 2 (E/W),56,64,30,♠,finished,2026-05-18T16:06:05.554632+00:00
2722,INPROC_CB464F,1,10,team1,Team 1 (N/S),106,14,6,♣,finished,2026-05-18T16:06:05.571858+00:00
2723,INPROC_B4470E,1,10,team2,Team 2 (E/W),31,89,19,♦,finished,2026-05-18T16:06:05.588759+00:00
2724,INPROC_5E76FE,1,10,team2,Team 2 (E/W),30,90,14,♦,finished,2026-05-18T16:06:05.602982+00:00
2725,INPROC_35AB0E,1,10,team2,Team 2 (E/W),54,66,39,♠,finished,2026-05-18T16:06:05.613829+00:00
2726,INPROC_B192B4,1,10,team2,Team 2 (E/W),46,74,16,♦,finished,2026-05-18T16:06:05.628712+00:00
2727,INPROC_51ADAA,1,10,team2,Team 2 (E/W),19,101,14,♦,finished,2026-05-18T16:06:05.643569+00:00
2728,INPROC_399562,1,10,team1,Team 1 (N/S),68,52,37,♠,finished,2026-05-18T16:06:05.660474+00:00
2729,INPROC_AD8DC8,1,10,team1,Team 1 (N/S),71,49,32,♠,finished,2026-05-18T16:06:05.678285+00:00
2730,INPROC_7BC4E7,1,10,team2,Team 2 (E/W),36,84,28,♥,finished,2026-05-18T16:06:05.698264+00:00
2731,INPROC_A19BF3,1,10,team1,Team 1 (N/S),89,31,26,♥,finished,2026-05-18T16:06:05.713490+00:00
2732,INPROC_4E829B,1,10,team2,Team 2 (E/W),51,69,19,♦,finished,2026-05-18T16:06:05.724686+00:00
2733,INPROC_4F3C77,1,10,team2,Team 2 (E/W),59,61,24,♥,finished,2026-05-18T16:06:05.739027+00:00
2734,INPROC_4C8A8D,1,10,team1,Team 1 (N/S),99,21,15,♦,finished,2026-05-18T16:06:05.755483+00:00
2735,INPROC_0A71B6,1,10,team2,Team 2 (E/W),58,62,20,♥,finished,2026-05-18T16:06:05.766610+00:00
2736,INPROC_3B5ECE,1,10,team1,Team 1 (N/S),103,17,34,♠,finished,2026-05-18T16:06:05.780202+00:00
2737,INPROC_070B07,1,10,team2,Team 2 (E/W),34,86,5,♣,finished,2026-05-18T16:06:05.793896+00:00
2738,INPROC_763344,1,10,team2,Team 2 (E/W),43,77,33,♠,finished,2026-05-18T16:06:05.806891+00:00
2739,INPROC_1E5C77,1,10,team2,Team 2 (E/W),14,106,30,♠,finished,2026-05-18T16:06:05.821860+00:00
2740,INPROC_5C83B7,1,10,team2,Team 2 (E/W),55,65,13,♦,finished,2026-05-18T16:06:05.837730+00:00
2741,INPROC_0B981F,1,10,team2,Team 2 (E/W),16,104,6,♣,finished,2026-05-18T16:06:05.854669+00:00
2742,INPROC_98B515,1,10,team1,Team 1 (N/S),76,44,16,♦,finished,2026-05-18T16:06:05.871061+00:00
2743,INPROC_8E2DB5,1,10,team1,Team 1 (N/S),84,36,3,♣,finished,2026-05-18T16:06:05.886133+00:00
2744,INPROC_41AEF9,1,10,team2,Team 2 (E/W),45,75,1,♣,finished,2026-05-18T16:06:05.896653+00:00
2745,INPROC_468ECC,1,10,team2,Team 2 (E/W),45,75,15,♦,finished,2026-05-18T16:06:05.910726+00:00
2746,INPROC_200037,1,10,team2,Team 2 (E/W),43,77,39,♠,finished,2026-05-18T16:06:05.922451+00:00
2747,INPROC_088153,1,10,team1,Team 1 (N/S),86,34,15,♦,finished,2026-05-18T16:06:05.936419+00:00
2748,INPROC_2EC448,1,10,draw,draw,60,60,37,♠,finished,2026-05-18T16:06:05.951362+00:00
2749,INPROC_B40B07,1,10,team2,Team 2 (E/W),57,63,36,♠,finished,2026-05-18T16:06:05.966394+00:00
2750,INPROC_D0125A,1,10,team2,Team 2 (E/W),30,90,15,♦,finished,2026-05-18T16:06:05.984185+00:00
2751,INPROC_E9CB09,1,10,team1,Team 1 (N/S),76,44,22,♥,finished,2026-05-18T16:06:05.992480+00:00
2752,INPROC_2A07B0,1,10,team2,Team 2 (E/W),45,75,22,♥,finished,2026-05-18T16:06:06.001550+00:00
2753,INPROC_485DC2,1,10,team1,Team 1 (N/S),88,32,15,♦,finished,2026-05-18T16:06:06.015919+00:00
2754,INPROC_3FEEF2,1,10,team2,Team 2 (E/W),49,71,9,♣,finished,2026-05-18T16:06:06.032610+00:00
2755,INPROC_9B35F8,1,10,team1,Team 1 (N/S),70,50,39,♠,finished,2026-05-18T16:06:06.049848+00:00
2756,INPROC_AF31BD,1,10,team1,Team 1 (N/S),98,22,15,♦,finished,2026-05-18T16:06:06.064262+00:00
2757,INPROC_0D537B,1,10,team2,Team 2 (E/W),47,73,9,♣,finished,2026-05-18T16:06:06.079587+00:00
2758,INPROC_2F015C,1,10,team1,Team 1 (N/S),66,54,16,♦,finished,2026-05-18T16:06:06.094176+00:00
2759,INPROC_7275FA,1,10,team2,Team 2 (E/W),48,72,6,♣,finished,2026-05-18T16:06:06.110840+00:00
2760,INPROC_B04DC5,1,10,team1,Team 1 (N/S),94,26,21,♥,finished,2026-05-18T16:06:06.125263+00:00
2761,INPROC_0DE255,1,10,team1,Team 1 (N/S),66,54,7,♣,finished,2026-05-18T16:06:06.142790+00:00
2762,INPROC_92B677,1,10,team2,Team 2 (E/W),27,93,15,♦,finished,2026-05-18T16:06:06.158081+00:00
2763,INPROC_18234A,1,10,team2,Team 2 (E/W),27,93,25,♥,finished,2026-05-18T16:06:06.172279+00:00
2764,INPROC_ECEDBC,1,10,team1,Team 1 (N/S),72,48,15,♦,finished,2026-05-18T16:06:06.187944+00:00
2765,INPROC_BE4DF9,1,10,team1,Team 1 (N/S),79,41,28,♥,finished,2026-05-18T16:06:06.202913+00:00
2766,INPROC_1F1E1B,1,10,team2,Team 2 (E/W),49,71,33,♠,finished,2026-05-18T16:06:06.212703+00:00
2767,INPROC_4C555C,1,10,team2,Team 2 (E/W),0,120,1,♣,finished,2026-05-18T16:06:06.225193+00:00
2768,INPROC_704508,1,10,team1,Team 1 (N/S),98,22,3,♣,finished,2026-05-18T16:06:06.234035+00:00
2769,INPROC_D3902C,1,10,team1,Team 1 (N/S),92,28,30,♠,finished,2026-05-18T16:06:06.243110+00:00
2770,INPROC_2781B9,1,10,team2,Team 2 (E/W),46,74,15,♦,finished,2026-05-18T16:06:06.256446+00:00
2771,INPROC_6605AA,1,10,team2,Team 2 (E/W),36,84,23,♥,finished,2026-05-18T16:06:06.270666+00:00
2772,INPROC_31E7BC,1,10,team2,Team 2 (E/W),35,85,7,♣,finished,2026-05-18T16:06:06.287202+00:00
2773,INPROC_901A34,1,10,draw,draw,60,60,11,♦,finished,2026-05-18T16:06:06.301109+00:00
2774,INPROC_F73173,1,10,team2,Team 2 (E/W),48,72,31,♠,finished,2026-05-18T16:06:06.318018+00:00
2775,INPROC_E790CA,1,10,team2,Team 2 (E/W),56,64,39,♠,finished,2026-05-18T16:06:06.332959+00:00
2776,INPROC_5772EA,1,10,team1,Team 1 (N/S),78,42,20,♥,finished,2026-05-18T16:06:06.348267+00:00
2777,INPROC_3A910A,1,10,team1,Team 1 (N/S),82,38,23,♥,finished,2026-05-18T16:06:06.367503+00:00
2778,INPROC_58AEC6,1,10,team2,Team 2 (E/W),28,92,38,♠,finished,2026-05-18T16:06:06.384537+00:00
2779,INPROC_595875,1,10,team2,Team 2 (E/W),52,68,39,♠,finished,2026-05-18T16:06:06.400264+00:00
2780,INPROC_8B08D3,1,10,team2,Team 2 (E/W),30,90,14,♦,finished,2026-05-18T16:06:06.417252+00:00
2781,INPROC_14CD31,1,10,team1,Team 1 (N/S),70,50,17,♦,finished,2026-05-18T16:06:06.432427+00:00
2782,INPROC_571EB1,1,10,team1,Team 1 (N/S),85,35,17,♦,finished,2026-05-18T16:06:06.448503+00:00
2783,INPROC_9EAF00,1,10,draw,draw,60,60,13,♦,finished,2026-05-18T16:06:06.466628+00:00
2784,INPROC_794446,1,10,team1,Team 1 (N/S),69,51,20,♥,finished,2026-05-18T16:06:06.480448+00:00
2785,INPROC_C815F7,1,10,team1,Team 1 (N/S),66,54,14,♦,finished,2026-05-18T16:06:06.498678+00:00
2786,INPROC_EA7F7B,1,10,team2,Team 2 (E/W),23,97,36,♠,finished,2026-05-18T16:06:06.514058+00:00
2787,INPROC_627D3D,1,10,team2,Team 2 (E/W),52,68,37,♠,finished,2026-05-18T16:06:06.529090+00:00
2788,INPROC_A6F70B,1,10,team1,Team 1 (N/S),72,48,33,♠,finished,2026-05-18T16:06:06.543422+00:00
2789,INPROC_9780A8,1,10,team2,Team 2 (E/W),27,93,18,♦,finished,2026-05-18T16:06:06.557611+00:00
2790,INPROC_6073DA,1,10,team2,Team 2 (E/W),49,71,29,♥,finished,2026-05-18T16:06:06.570899+00:00
2791,INPROC_C442F3,1,10,team2,Team 2 (E/W),4,116,37,♠,finished,2026-05-18T16:06:06.584739+00:00
2792,INPROC_5F9A23,1,10,team1,Team 1 (N/S),89,31,15,♦,finished,2026-05-18T16:06:06.597349+00:00
2793,INPROC_A8940F,1,10,team1,Team 1 (N/S),76,44,26,♥,finished,2026-05-18T16:06:06.609850+00:00
2794,INPROC_934025,1,10,team1,Team 1 (N/S),73,47,36,♠,finished,2026-05-18T16:06:06.618460+00:00
2795,INPROC_C72F69,1,10,team2,Team 2 (E/W),28,92,18,♦,finished,2026-05-18T16:06:06.629381+00:00
2796,INPROC_A11614,1,10,team2,Team 2 (E/W),52,68,37,♠,finished,2026-05-18T16:06:06.638686+00:00
2797,INPROC_C29310,1,10,team2,Team 2 (E/W),50,70,39,♠,finished,2026-05-18T16:06:06.652144+00:00
2798,INPROC_0472EE,1,10,team2,Team 2 (E/W),56,64,37,♠,finished,2026-05-18T16:06:06.665232+00:00
2799,INPROC_F1F7ED,1,10,team2,Team 2 (E/W),47,73,34,♠,finished,2026-05-18T16:06:06.676481+00:00
2800,INPROC_037CA8,1,10,team2,Team 2 (E/W),39,81,17,♦,finished,2026-05-18T16:06:06.690258+00:00
2801,INPROC_AB9E0C,1,10,team2,Team 2 (E/W),20,100,18,♦,finished,2026-05-18T16:06:06.705659+00:00
2802,INPROC_288D61,1,10,team2,Team 2 (E/W),58,62,9,♣,finished,2026-05-18T16:06:06.720089+00:00
2803,INPROC_26FD7A,1,10,team2,Team 2 (E/W),44,76,39,♠,finished,2026-05-18T16:06:06.734367+00:00
2804,INPROC_AD66BC,1,10,team2,Team 2 (E/W),41,79,36,♠,finished,2026-05-18T16:06:06.752722+00:00
2805,INPROC_DC06A6,1,10,team1,Team 1 (N/S),82,38,15,♦,finished,2026-05-18T16:06:06.770565+00:00
2806,INPROC_5A54A3,1,10,team1,Team 1 (N/S),61,59,6,♣,finished,2026-05-18T16:06:06.787189+00:00
2807,INPROC_DB4B36,1,10,team2,Team 2 (E/W),29,91,27,♥,finished,2026-05-18T16:06:06.800151+00:00
2808,INPROC_EF1CCC,1,10,team2,Team 2 (E/W),50,70,7,♣,finished,2026-05-18T16:06:06.812656+00:00
2809,INPROC_478529,1,10,team2,Team 2 (E/W),28,92,18,♦,finished,2026-05-18T16:06:06.823967+00:00
2810,INPROC_7493D9,1,10,team2,Team 2 (E/W),42,78,30,♠,finished,2026-05-18T16:06:06.835241+00:00
2811,INPROC_4EF6E5,1,10,team1,Team 1 (N/S),108,12,16,♦,finished,2026-05-18T16:06:06.848818+00:00
2812,INPROC_341087,1,10,team1,Team 1 (N/S),70,50,37,♠,finished,2026-05-18T16:06:06.866838+00:00
2813,INPROC_E616C0,1,10,team1,Team 1 (N/S),62,58,0,♣,finished,2026-05-18T16:06:06.877242+00:00
2814,INPROC_5B1C35,1,10,team2,Team 2 (E/W),14,106,9,♣,finished,2026-05-18T16:06:06.887174+00:00
2815,INPROC_C27FA5,1,10,team2,Team 2 (E/W),45,75,35,♠,finished,2026-05-18T16:06:06.898265+00:00
2816,INPROC_7AE840,1,10,team2,Team 2 (E/W),17,103,29,♥,finished,2026-05-18T16:06:06.908371+00:00
2817,INPROC_329F45,1,10,team1,Team 1 (N/S),66,54,12,♦,finished,2026-05-18T16:06:06.920192+00:00
2818,INPROC_070988,1,10,team1,Team 1 (N/S),62,58,17,♦,finished,2026-05-18T16:06:06.933379+00:00
2819,INPROC_40A48E,1,10,team1,Team 1 (N/S),85,35,4,♣,finished,2026-05-18T16:06:06.944871+00:00
2820,INPROC_48833C,1,10,team1,Team 1 (N/S),79,41,32,♠,finished,2026-05-18T16:06:06.956291+00:00
2821,INPROC_B27C10,1,10,team2,Team 2 (E/W),43,77,29,♥,finished,2026-05-18T16:06:06.968349+00:00
2822,INPROC_880090,1,10,team1,Team 1 (N/S),67,53,30,♠,finished,2026-05-18T16:06:06.978933+00:00
2823,INPROC_2D6194,1,10,team1,Team 1 (N/S),94,26,30,♠,finished,2026-05-18T16:06:06.990203+00:00
2824,INPROC_8FC646,1,10,team2,Team 2 (E/W),18,102,17,♦,finished,2026-05-18T16:06:06.998962+00:00
2825,INPROC_23A9D4,1,10,team1,Team 1 (N/S),63,57,6,♣,finished,2026-05-18T16:06:07.009027+00:00
2826,INPROC_C58784,1,10,team2,Team 2 (E/W),22,98,13,♦,finished,2026-05-18T16:06:07.026919+00:00
2827,INPROC_C004B0,1,10,team2,Team 2 (E/W),40,80,30,♠,finished,2026-05-18T16:06:07.044064+00:00
2828,INPROC_E0B44A,1,10,team1,Team 1 (N/S),100,20,14,♦,finished,2026-05-18T16:06:07.061835+00:00
2829,INPROC_56CF71,1,10,team2,Team 2 (E/W),35,85,17,♦,finished,2026-05-18T16:06:07.080053+00:00
2830,INPROC_10EC05,1,10,team1,Team 1 (N/S),90,30,25,♥,finished,2026-05-18T16:06:07.094891+00:00
2831,INPROC_430507,1,10,team1,Team 1 (N/S),78,42,19,♦,finished,2026-05-18T16:06:07.110901+00:00
2832,INPROC_17D6F3,1,10,team2,Team 2 (E/W),53,67,4,♣,finished,2026-05-18T16:06:07.127452+00:00
2833,INPROC_22CE6D,1,10,team1,Team 1 (N/S),65,55,5,♣,finished,2026-05-18T16:06:07.142545+00:00
2834,INPROC_704DE0,1,10,team2,Team 2 (E/W),20,100,1,♣,finished,2026-05-18T16:06:07.157109+00:00
2835,INPROC_46E69A,1,10,team1,Team 1 (N/S),70,50,25,♥,finished,2026-05-18T16:06:07.172818+00:00
2836,INPROC_30C4E6,1,10,team2,Team 2 (E/W),41,79,21,♥,finished,2026-05-18T16:06:07.189834+00:00
2837,INPROC_EBB0FC,1,10,team1,Team 1 (N/S),93,27,24,♥,finished,2026-05-18T16:06:07.204411+00:00
2838,INPROC_F40927,1,10,draw,draw,60,60,6,♣,finished,2026-05-18T16:06:07.217628+00:00
2839,INPROC_FD17E7,1,10,team1,Team 1 (N/S),62,58,7,♣,finished,2026-05-18T16:06:07.229429+00:00
2840,INPROC_D0E4A8,1,10,team2,Team 2 (E/W),23,97,19,♦,finished,2026-05-18T16:06:07.242538+00:00
2841,INPROC_D1D1AE,1,10,team2,Team 2 (E/W),49,71,2,♣,finished,2026-05-18T16:06:07.259139+00:00
2842,INPROC_3C00DE,1,10,team2,Team 2 (E/W),48,72,21,♥,finished,2026-05-18T16:06:07.275158+00:00
2843,INPROC_C5E8E8,1,10,team2,Team 2 (E/W),58,62,39,♠,finished,2026-05-18T16:06:07.293394+00:00
2844,INPROC_7F7586,1,10,team1,Team 1 (N/S),88,32,11,♦,finished,2026-05-18T16:06:07.309155+00:00
2845,INPROC_0C606C,1,10,team2,Team 2 (E/W),39,81,13,♦,finished,2026-05-18T16:06:07.323478+00:00
2846,INPROC_CA6F30,1,10,team2,Team 2 (E/W),37,83,39,♠,finished,2026-05-18T16:06:07.339030+00:00
2847,INPROC_469C47,1,10,draw,draw,60,60,0,♣,finished,2026-05-18T16:06:07.351318+00:00
2848,INPROC_E1C0BF,1,10,team1,Team 1 (N/S),86,34,24,♥,finished,2026-05-18T16:06:07.364314+00:00
2849,INPROC_039A49,1,10,team2,Team 2 (E/W),18,102,8,♣,finished,2026-05-18T16:06:07.377967+00:00
2850,INPROC_7B4669,1,10,team1,Team 1 (N/S),66,54,35,♠,finished,2026-05-18T16:06:07.393344+00:00
2851,INPROC_94AFF7,1,10,team1,Team 1 (N/S),74,46,29,♥,finished,2026-05-18T16:06:07.409357+00:00
2852,INPROC_BAC5D4,1,10,team2,Team 2 (E/W),46,74,20,♥,finished,2026-05-18T16:06:07.422618+00:00
2853,INPROC_D4A213,1,10,team1,Team 1 (N/S),114,6,0,♣,finished,2026-05-18T16:06:07.437182+00:00
2854,INPROC_1D46EF,1,10,team1,Team 1 (N/S),98,22,14,♦,finished,2026-05-18T16:06:07.450011+00:00
2855,INPROC_2A9CD9,1,10,team1,Team 1 (N/S),107,13,33,♠,finished,2026-05-18T16:06:07.461709+00:00
2856,INPROC_0AD4ED,1,10,team2,Team 2 (E/W),14,106,39,♠,finished,2026-05-18T16:06:07.476271+00:00
2857,INPROC_5B64AF,1,10,team1,Team 1 (N/S),71,49,13,♦,finished,2026-05-18T16:06:07.493577+00:00
2858,INPROC_12A431,1,10,team1,Team 1 (N/S),66,54,29,♥,finished,2026-05-18T16:06:07.509510+00:00
2859,INPROC_E8C03A,1,10,team1,Team 1 (N/S),62,58,33,♠,finished,2026-05-18T16:06:07.529974+00:00
2860,INPROC_D3186C,1,10,team2,Team 2 (E/W),19,101,13,♦,finished,2026-05-18T16:06:07.544194+00:00
2861,INPROC_A5B62F,1,10,team1,Team 1 (N/S),85,35,17,♦,finished,2026-05-18T16:06:07.559087+00:00
2862,INPROC_3933FC,1,10,team1,Team 1 (N/S),84,36,3,♣,finished,2026-05-18T16:06:07.577020+00:00
2863,INPROC_9F16C1,1,10,team2,Team 2 (E/W),40,80,26,♥,finished,2026-05-18T16:06:07.593118+00:00
2864,INPROC_3C6193,1,10,team1,Team 1 (N/S),92,28,12,♦,finished,2026-05-18T16:06:07.610267+00:00
2865,INPROC_C6ECF6,1,10,team1,Team 1 (N/S),105,15,33,♠,finished,2026-05-18T16:06:07.627088+00:00
2866,INPROC_BE510D,1,10,team2,Team 2 (E/W),25,95,36,♠,finished,2026-05-18T16:06:07.643294+00:00
2867,INPROC_C1057E,1,10,team2,Team 2 (E/W),46,74,0,♣,finished,2026-05-18T16:06:07.661344+00:00
2868,INPROC_03451F,1,10,team1,Team 1 (N/S),109,11,14,♦,finished,2026-05-18T16:06:07.676305+00:00
2869,INPROC_ACC90C,1,10,team1,Team 1 (N/S),64,56,26,♥,finished,2026-05-18T16:06:07.694111+00:00
2870,INPROC_930F56,1,10,team2,Team 2 (E/W),40,80,9,♣,finished,2026-05-18T16:06:07.711300+00:00
2871,INPROC_FDB324,1,10,team1,Team 1 (N/S),65,55,34,♠,finished,2026-05-18T16:06:07.727431+00:00
2872,INPROC_05220F,1,10,team2,Team 2 (E/W),56,64,9,♣,finished,2026-05-18T16:06:07.742602+00:00
2873,INPROC_819045,1,10,team1,Team 1 (N/S),78,42,17,♦,finished,2026-05-18T16:06:07.759859+00:00
2874,INPROC_1EB68F,1,10,team2,Team 2 (E/W),38,82,7,♣,finished,2026-05-18T16:06:07.773497+00:00
2875,INPROC_127BF0,1,10,team2,Team 2 (E/W),32,88,29,♥,finished,2026-05-18T16:06:07.782876+00:00
2876,INPROC_B928AF,1,10,team2,Team 2 (E/W),16,104,19,♦,finished,2026-05-18T16:06:07.795116+00:00
2877,INPROC_41D869,1,10,team2,Team 2 (E/W),18,102,30,♠,finished,2026-05-18T16:06:07.809217+00:00
2878,INPROC_D99E61,1,10,team2,Team 2 (E/W),58,62,2,♣,finished,2026-05-18T16:06:07.825886+00:00
2879,INPROC_268B3E,1,10,team2,Team 2 (E/W),28,92,27,♥,finished,2026-05-18T16:06:07.842664+00:00
2880,INPROC_7DF030,1,10,team2,Team 2 (E/W),46,74,6,♣,finished,2026-05-18T16:06:07.858264+00:00
2881,INPROC_E0E82A,1,10,team1,Team 1 (N/S),68,52,25,♥,finished,2026-05-18T16:06:07.875802+00:00
2882,INPROC_9DFBE3,1,10,team2,Team 2 (E/W),43,77,37,♠,finished,2026-05-18T16:06:07.892771+00:00
2883,INPROC_044AEB,1,10,team2,Team 2 (E/W),46,74,39,♠,finished,2026-05-18T16:06:07.910717+00:00
2884,INPROC_B1FFD4,1,10,team2,Team 2 (E/W),42,78,13,♦,finished,2026-05-18T16:06:07.924732+00:00
2885,INPROC_7BE76F,1,10,team1,Team 1 (N/S),80,40,29,♥,finished,2026-05-18T16:06:07.940098+00:00
2886,INPROC_C0CD14,1,10,team1,Team 1 (N/S),85,35,22,♥,finished,2026-05-18T16:06:07.958053+00:00
2887,INPROC_B0B4D2,1,10,team1,Team 1 (N/S),78,42,22,♥,finished,2026-05-18T16:06:07.973403+00:00
2888,INPROC_607C97,1,10,team1,Team 1 (N/S),93,27,11,♦,finished,2026-05-18T16:06:07.989687+00:00
2889,INPROC_9D56A3,1,10,team1,Team 1 (N/S),86,34,27,♥,finished,2026-05-18T16:06:08.005332+00:00
2890,INPROC_2EBD72,1,10,team1,Team 1 (N/S),72,48,25,♥,finished,2026-05-18T16:06:08.024156+00:00
2891,INPROC_D921FC,1,10,team1,Team 1 (N/S),70,50,5,♣,finished,2026-05-18T16:06:08.038048+00:00
2892,INPROC_89BBB7,1,10,team2,Team 2 (E/W),32,88,28,♥,finished,2026-05-18T16:06:08.047642+00:00
2893,INPROC_2959B3,1,10,team2,Team 2 (E/W),43,77,7,♣,finished,2026-05-18T16:06:08.061993+00:00
2894,INPROC_81AB4A,1,10,team1,Team 1 (N/S),90,30,13,♦,finished,2026-05-18T16:06:08.078270+00:00
2895,INPROC_B08EF9,1,10,team2,Team 2 (E/W),42,78,26,♥,finished,2026-05-18T16:06:08.093623+00:00
2896,INPROC_2A6EFB,1,10,team2,Team 2 (E/W),40,80,35,♠,finished,2026-05-18T16:06:08.110734+00:00
2897,INPROC_6B451C,1,10,team1,Team 1 (N/S),67,53,25,♥,finished,2026-05-18T16:06:08.127103+00:00
2898,INPROC_70AAE9,1,10,team1,Team 1 (N/S),64,56,19,♦,finished,2026-05-18T16:06:08.144060+00:00
2899,INPROC_924AA9,1,10,team1,Team 1 (N/S),99,21,36,♠,finished,2026-05-18T16:06:08.162525+00:00
2900,INPROC_C8222E,1,10,team2,Team 2 (E/W),20,100,21,♥,finished,2026-05-18T16:06:08.180310+00:00
2901,INPROC_E9FAF7,1,10,team2,Team 2 (E/W),31,89,17,♦,finished,2026-05-18T16:06:08.197042+00:00
2902,INPROC_3442D4,1,10,team1,Team 1 (N/S),68,52,9,♣,finished,2026-05-18T16:06:08.216373+00:00
2903,INPROC_CB5925,1,10,team2,Team 2 (E/W),44,76,21,♥,finished,2026-05-18T16:06:08.230858+00:00
2904,INPROC_4ABF24,1,10,team2,Team 2 (E/W),44,76,15,♦,finished,2026-05-18T16:06:08.242850+00:00
2905,INPROC_751659,1,10,team1,Team 1 (N/S),93,27,17,♦,finished,2026-05-18T16:06:08.253813+00:00
2906,INPROC_130838,1,10,team2,Team 2 (E/W),43,77,14,♦,finished,2026-05-18T16:06:08.265208+00:00
2907,INPROC_67F7D8,1,10,team2,Team 2 (E/W),25,95,34,♠,finished,2026-05-18T16:06:08.276872+00:00
2908,INPROC_85BD35,1,10,team2,Team 2 (E/W),44,76,9,♣,finished,2026-05-18T16:06:08.287200+00:00
2909,INPROC_662949,1,10,team1,Team 1 (N/S),66,54,2,♣,finished,2026-05-18T16:06:08.299705+00:00
2910,INPROC_CD0A72,1,10,team2,Team 2 (E/W),33,87,9,♣,finished,2026-05-18T16:06:08.313006+00:00
2911,INPROC_CD9BF9,1,10,team1,Team 1 (N/S),62,58,13,♦,finished,2026-05-18T16:06:08.326229+00:00
2912,INPROC_5EBE2B,1,10,team2,Team 2 (E/W),54,66,6,♣,finished,2026-05-18T16:06:08.339241+00:00
2913,INPROC_177452,1,10,team2,Team 2 (E/W),57,63,13,♦,finished,2026-05-18T16:06:08.351504+00:00
2914,INPROC_C662B5,1,10,team1,Team 1 (N/S),89,31,38,♠,finished,2026-05-18T16:06:08.362569+00:00
2915,INPROC_7E3F91,1,10,team2,Team 2 (E/W),54,66,37,♠,finished,2026-05-18T16:06:08.371531+00:00
2916,INPROC_8D955F,1,10,team1,Team 1 (N/S),95,25,2,♣,finished,2026-05-18T16:06:08.385747+00:00
2917,INPROC_33D588,1,10,team2,Team 2 (E/W),23,97,26,♥,finished,2026-05-18T16:06:08.400602+00:00
2918,INPROC_914388,1,10,team1,Team 1 (N/S),102,18,28,♥,finished,2026-05-18T16:06:08.413803+00:00
2919,INPROC_272A39,1,10,team2,Team 2 (E/W),46,74,35,♠,finished,2026-05-18T16:06:08.426170+00:00
2920,INPROC_F430B9,1,10,team2,Team 2 (E/W),37,83,30,♠,finished,2026-05-18T16:06:08.440451+00:00
2921,INPROC_E2B1CD,1,10,team2,Team 2 (E/W),26,94,27,♥,finished,2026-05-18T16:06:08.457501+00:00
2922,INPROC_B43AF9,1,10,draw,draw,60,60,22,♥,finished,2026-05-18T16:06:08.471537+00:00
2923,INPROC_07E865,1,10,team2,Team 2 (E/W),25,95,38,♠,finished,2026-05-18T16:06:08.482573+00:00
2924,INPROC_60DFC8,1,10,team1,Team 1 (N/S),84,36,2,♣,finished,2026-05-18T16:06:08.496079+00:00
2925,INPROC_50BC64,1,10,draw,draw,60,60,4,♣,finished,2026-05-18T16:06:08.509368+00:00
2926,INPROC_3B19CF,1,10,team1,Team 1 (N/S),64,56,14,♦,finished,2026-05-18T16:06:08.524484+00:00
2927,INPROC_F2FED0,1,10,team1,Team 1 (N/S),72,48,27,♥,finished,2026-05-18T16:06:08.540471+00:00
2928,INPROC_124187,1,10,team2,Team 2 (E/W),39,81,7,♣,finished,2026-05-18T16:06:08.555844+00:00
2929,INPROC_1D2D52,1,10,team1,Team 1 (N/S),61,59,10,♦,finished,2026-05-18T16:06:08.572845+00:00
2930,INPROC_43455D,1,10,team1,Team 1 (N/S),87,33,4,♣,finished,2026-05-18T16:06:08.588808+00:00
2931,INPROC_B2F811,1,10,team2,Team 2 (E/W),25,95,27,♥,finished,2026-05-18T16:06:08.605358+00:00
2932,INPROC_7B0673,1,10,team2,Team 2 (E/W),35,85,22,♥,finished,2026-05-18T16:06:08.622864+00:00
2933,INPROC_867408,1,10,team2,Team 2 (E/W),20,100,13,♦,finished,2026-05-18T16:06:08.640153+00:00
2934,INPROC_4B2EA6,1,10,team1,Team 1 (N/S),80,40,30,♠,finished,2026-05-18T16:06:08.655667+00:00
2935,INPROC_E31FD5,1,10,team2,Team 2 (E/W),49,71,9,♣,finished,2026-05-18T16:06:08.675045+00:00
2936,INPROC_E6C5CA,1,10,team1,Team 1 (N/S),98,22,31,♠,finished,2026-05-18T16:06:08.687821+00:00
2937,INPROC_B19835,1,10,team2,Team 2 (E/W),29,91,21,♥,finished,2026-05-18T16:06:08.707421+00:00
2938,INPROC_B6F1BC,1,10,team2,Team 2 (E/W),59,61,0,♣,finished,2026-05-18T16:06:08.725018+00:00
2939,INPROC_2B8603,1,10,team1,Team 1 (N/S),63,57,17,♦,finished,2026-05-18T16:06:08.742363+00:00
2940,INPROC_4A2C65,1,10,team2,Team 2 (E/W),57,63,24,♥,finished,2026-05-18T16:06:08.757144+00:00
2941,INPROC_8DAEC7,1,10,team1,Team 1 (N/S),104,16,25,♥,finished,2026-05-18T16:06:08.776908+00:00
2942,INPROC_F4D6E1,1,10,team1,Team 1 (N/S),85,35,19,♦,finished,2026-05-18T16:06:08.792364+00:00
2943,INPROC_869F04,1,10,team1,Team 1 (N/S),107,13,23,♥,finished,2026-05-18T16:06:08.805375+00:00
2944,INPROC_74D086,1,10,team2,Team 2 (E/W),12,108,39,♠,finished,2026-05-18T16:06:08.817178+00:00
2945,INPROC_124ACD,1,10,team2,Team 2 (E/W),45,75,7,♣,finished,2026-05-18T16:06:08.829406+00:00
2946,INPROC_9BCFB5,1,10,team2,Team 2 (E/W),51,69,25,♥,finished,2026-05-18T16:06:08.842021+00:00
2947,INPROC_9F526E,1,10,team2,Team 2 (E/W),30,90,22,♥,finished,2026-05-18T16:06:08.855405+00:00
2948,INPROC_A2A97E,1,10,team2,Team 2 (E/W),39,81,32,♠,finished,2026-05-18T16:06:08.869242+00:00
2949,INPROC_2AEE5F,1,10,team2,Team 2 (E/W),43,77,21,♥,finished,2026-05-18T16:06:08.886592+00:00
2950,INPROC_14FAA5,1,10,team1,Team 1 (N/S),78,42,33,♠,finished,2026-05-18T16:06:08.904166+00:00
2951,INPROC_A3C3D9,1,10,team2,Team 2 (E/W),23,97,2,♣,finished,2026-05-18T16:06:08.917842+00:00
2952,INPROC_036DFC,1,10,team2,Team 2 (E/W),33,87,8,♣,finished,2026-05-18T16:06:08.931947+00:00
2953,INPROC_16FDA3,1,10,team2,Team 2 (E/W),51,69,37,♠,finished,2026-05-18T16:06:08.944136+00:00
2954,INPROC_C56566,1,10,team2,Team 2 (E/W),56,64,35,♠,finished,2026-05-18T16:06:08.957890+00:00
2955,INPROC_453099,1,10,team1,Team 1 (N/S),72,48,4,♣,finished,2026-05-18T16:06:08.973324+00:00
2956,INPROC_30C581,1,10,team1,Team 1 (N/S),65,55,30,♠,finished,2026-05-18T16:06:08.987786+00:00
2957,INPROC_E00DAA,1,10,team2,Team 2 (E/W),56,64,14,♦,finished,2026-05-18T16:06:09.002189+00:00
2958,INPROC_56935D,1,10,team2,Team 2 (E/W),25,95,31,♠,finished,2026-05-18T16:06:09.016018+00:00
2959,INPROC_2EDA4C,1,10,team1,Team 1 (N/S),83,37,24,♥,finished,2026-05-18T16:06:09.028289+00:00
2960,INPROC_915F28,1,10,team1,Team 1 (N/S),81,39,4,♣,finished,2026-05-18T16:06:09.040278+00:00
2961,INPROC_0684C5,1,10,team2,Team 2 (E/W),41,79,37,♠,finished,2026-05-18T16:06:09.053027+00:00
2962,INPROC_B4BBFF,1,10,team2,Team 2 (E/W),25,95,10,♦,finished,2026-05-18T16:06:09.071908+00:00
2963,INPROC_24F6B6,1,10,team2,Team 2 (E/W),20,100,7,♣,finished,2026-05-18T16:06:09.088840+00:00
2964,INPROC_7DE362,1,10,team1,Team 1 (N/S),69,51,30,♠,finished,2026-05-18T16:06:09.108752+00:00
2965,INPROC_339E69,1,10,team1,Team 1 (N/S),63,57,20,♥,finished,2026-05-18T16:06:09.123734+00:00
2966,INPROC_C50842,1,10,team2,Team 2 (E/W),49,71,22,♥,finished,2026-05-18T16:06:09.136289+00:00
2967,INPROC_D37EF3,1,10,team1,Team 1 (N/S),79,41,24,♥,finished,2026-05-18T16:06:09.150929+00:00
2968,INPROC_3F63CB,1,10,team2,Team 2 (E/W),55,65,12,♦,finished,2026-05-18T16:06:09.164558+00:00
2969,INPROC_167519,1,10,team2,Team 2 (E/W),32,88,36,♠,finished,2026-05-18T16:06:09.177188+00:00
2970,INPROC_B0A671,1,10,team2,Team 2 (E/W),18,102,25,♥,finished,2026-05-18T16:06:09.190543+00:00
2971,INPROC_B9FD9F,1,10,team1,Team 1 (N/S),67,53,35,♠,finished,2026-05-18T16:06:09.204068+00:00
2972,INPROC_71FE85,1,10,team2,Team 2 (E/W),54,66,9,♣,finished,2026-05-18T16:06:09.222566+00:00
2973,INPROC_B23FA5,1,10,team1,Team 1 (N/S),85,35,12,♦,finished,2026-05-18T16:06:09.235284+00:00
2974,INPROC_632DCB,1,10,team1,Team 1 (N/S),75,45,38,♠,finished,2026-05-18T16:06:09.247596+00:00
2975,INPROC_56764E,1,10,team1,Team 1 (N/S),86,34,25,♥,finished,2026-05-18T16:06:09.262266+00:00
2976,INPROC_68D990,1,10,team2,Team 2 (E/W),49,71,32,♠,finished,2026-05-18T16:06:09.275185+00:00
2977,INPROC_9C732C,1,10,team2,Team 2 (E/W),54,66,31,♠,finished,2026-05-18T16:06:09.289403+00:00
2978,INPROC_E0EBE2,1,10,team2,Team 2 (E/W),18,102,9,♣,finished,2026-05-18T16:06:09.303602+00:00
2979,INPROC_79F9DE,1,10,team1,Team 1 (N/S),64,56,3,♣,finished,2026-05-18T16:06:09.314667+00:00
2980,INPROC_64C457,1,10,team2,Team 2 (E/W),24,96,12,♦,finished,2026-05-18T16:06:09.327486+00:00
2981,INPROC_0DC01F,1,10,team1,Team 1 (N/S),70,50,24,♥,finished,2026-05-18T16:06:09.340050+00:00
2982,INPROC_AEED87,1,10,team2,Team 2 (E/W),47,73,18,♦,finished,2026-05-18T16:06:09.354394+00:00
2983,INPROC_92E822,1,10,team2,Team 2 (E/W),30,90,38,♠,finished,2026-05-18T16:06:09.371029+00:00
2984,INPROC_A8A944,1,10,team1,Team 1 (N/S),63,57,29,♥,finished,2026-05-18T16:06:09.387718+00:00
2985,INPROC_BD6296,1,10,team1,Team 1 (N/S),67,53,29,♥,finished,2026-05-18T16:06:09.403575+00:00
2986,INPROC_BFA0F5,1,10,team2,Team 2 (E/W),52,68,32,♠,finished,2026-05-18T16:06:09.417116+00:00
2987,INPROC_E4246C,1,10,team2,Team 2 (E/W),38,82,2,♣,finished,2026-05-18T16:06:09.432862+00:00
2988,INPROC_A0FAD7,1,10,team1,Team 1 (N/S),97,23,27,♥,finished,2026-05-18T16:06:09.447744+00:00
2989,INPROC_3CB36F,1,10,team1,Team 1 (N/S),62,58,15,♦,finished,2026-05-18T16:06:09.461174+00:00
2990,INPROC_07E1D5,1,10,team2,Team 2 (E/W),44,76,29,♥,finished,2026-05-18T16:06:09.472319+00:00
2991,INPROC_C9D07E,1,10,team1,Team 1 (N/S),68,52,23,♥,finished,2026-05-18T16:06:09.486441+00:00
2992,INPROC_56087C,1,10,team2,Team 2 (E/W),28,92,14,♦,finished,2026-05-18T16:06:09.501840+00:00
2993,INPROC_756825,1,10,team2,Team 2 (E/W),27,93,21,♥,finished,2026-05-18T16:06:09.516922+00:00
2994,INPROC_C93F64,1,10,team2,Team 2 (E/W),44,76,3,♣,finished,2026-05-18T16:06:09.535848+00:00
2995,INPROC_11F6D0,1,10,team2,Team 2 (E/W),33,87,2,♣,finished,2026-05-18T16:06:09.550977+00:00
2996,INPROC_6AD485,1,10,team2,Team 2 (E/W),51,69,19,♦,finished,2026-05-18T16:06:09.569499+00:00
2997,INPROC_41363F,1,10,team1,Team 1 (N/S),64,56,34,♠,finished,2026-05-18T16:06:09.587206+00:00
2998,INPROC_C9FF91,1,10,team1,Team 1 (N/S),63,57,39,♠,finished,2026-05-18T16:06:09.603543+00:00
2999,INPROC_3EBDFD,1,10,team2,Team 2 (E/W),23,97,3,♣,finished,2026-05-18T16:06:09.620739+00:00
3000,INPROC_8BFBD3,1,10,team2,Team 2 (E/W),51,69,38,♠,finished,2026-05-18T16:06:09.639081+00:00
3001,INPROC_FDD171,1,10,team2,Team 2 (E/W),53,67,4,♣,finished,2026-05-18T16:06:09.654197+00:00
3002,INPROC_5CA1B6,1,10,team2,Team 2 (E/W),42,78,2,♣,finished,2026-05-18T16:06:09.670587+00:00
3003,INPROC_074D4A,1,10,team2,Team 2 (E/W),26,94,22,♥,finished,2026-05-18T16:06:09.683518+00:00
3004,INPROC_2D481A,1,10,team1,Team 1 (N/S),65,55,15,♦,finished,2026-05-18T16:06:09.697442+00:00
3005,INPROC_36915D,1,10,team2,Team 2 (E/W),25,95,12,♦,finished,2026-05-18T16:06:09.709337+00:00
3006,INPROC_0CDE35,1,10,team2,Team 2 (E/W),27,93,19,♦,finished,2026-05-18T16:06:09.722877+00:00
3007,INPROC_A5D397,1,10,team2,Team 2 (E/W),19,101,19,♦,finished,2026-05-18T16:06:09.735950+00:00
3008,INPROC_137A95,1,10,team2,Team 2 (E/W),42,78,33,♠,finished,2026-05-18T16:06:09.751604+00:00
3009,INPROC_F3BFC2,1,10,team2,Team 2 (E/W),49,71,7,♣,finished,2026-05-18T16:06:09.767677+00:00
3010,INPROC_F9DC53,1,10,team2,Team 2 (E/W),52,68,21,♥,finished,2026-05-18T16:06:09.784627+00:00
3011,INPROC_813A3B,1,10,team2,Team 2 (E/W),44,76,29,♥,finished,2026-05-18T16:06:09.802188+00:00
3012,INPROC_0E72DC,1,10,team1,Team 1 (N/S),74,46,31,♠,finished,2026-05-18T16:06:09.821038+00:00
3013,INPROC_12F721,1,10,team2,Team 2 (E/W),32,88,19,♦,finished,2026-05-18T16:06:09.836672+00:00
3014,INPROC_E56F97,1,10,team2,Team 2 (E/W),56,64,19,♦,finished,2026-05-18T16:06:09.852447+00:00
3015,INPROC_DA60A1,1,10,team2,Team 2 (E/W),32,88,34,♠,finished,2026-05-18T16:06:09.868711+00:00
3016,INPROC_A14B6E,1,10,team2,Team 2 (E/W),40,80,25,♥,finished,2026-05-18T16:06:09.885759+00:00
3017,INPROC_087A68,1,10,team1,Team 1 (N/S),75,45,37,♠,finished,2026-05-18T16:06:09.901521+00:00
3018,INPROC_462CD8,1,10,team2,Team 2 (E/W),15,105,5,♣,finished,2026-05-18T16:06:09.916175+00:00
3019,INPROC_B366C9,1,10,team2,Team 2 (E/W),42,78,35,♠,finished,2026-05-18T16:06:09.930679+00:00
3020,INPROC_63BFEB,1,10,team1,Team 1 (N/S),68,52,21,♥,finished,2026-05-18T16:06:09.947068+00:00
3021,INPROC_7A2AB8,1,10,team1,Team 1 (N/S),81,39,18,♦,finished,2026-05-18T16:06:09.965199+00:00
3022,INPROC_4BFFF9,1,10,team2,Team 2 (E/W),32,88,36,♠,finished,2026-05-18T16:06:09.981857+00:00
3023,INPROC_081F2F,1,10,team1,Team 1 (N/S),65,55,39,♠,finished,2026-05-18T16:06:09.998014+00:00
3024,INPROC_D40798,1,10,team1,Team 1 (N/S),69,51,21,♥,finished,2026-05-18T16:06:10.014336+00:00
3025,INPROC_94C555,1,10,team2,Team 2 (E/W),33,87,14,♦,finished,2026-05-18T16:06:10.030555+00:00
3026,INPROC_696E96,1,10,team2,Team 2 (E/W),49,71,13,♦,finished,2026-05-18T16:06:10.046564+00:00
3027,INPROC_AE5716,1,10,team1,Team 1 (N/S),84,36,25,♥,finished,2026-05-18T16:06:10.062491+00:00
3028,INPROC_3A48A2,1,10,team1,Team 1 (N/S),78,42,17,♦,finished,2026-05-18T16:06:10.078493+00:00
3029,INPROC_9626C3,1,10,team1,Team 1 (N/S),70,50,39,♠,finished,2026-05-18T16:06:10.096719+00:00
3030,INPROC_57F812,1,10,team2,Team 2 (E/W),37,83,31,♠,finished,2026-05-18T16:06:10.113821+00:00
3031,INPROC_2AFD75,1,10,team1,Team 1 (N/S),94,26,12,♦,finished,2026-05-18T16:06:10.130744+00:00
3032,INPROC_76F25D,1,10,team2,Team 2 (E/W),57,63,19,♦,finished,2026-05-18T16:06:10.145956+00:00
3033,INPROC_D699AB,1,10,team2,Team 2 (E/W),45,75,28,♥,finished,2026-05-18T16:06:10.159302+00:00
3034,INPROC_B7B400,1,10,team2,Team 2 (E/W),58,62,14,♦,finished,2026-05-18T16:06:10.176434+00:00
3035,INPROC_8B8AFB,1,10,team2,Team 2 (E/W),52,68,22,♥,finished,2026-05-18T16:06:10.193337+00:00
3036,INPROC_87DEFA,1,10,team2,Team 2 (E/W),57,63,6,♣,finished,2026-05-18T16:06:10.210572+00:00
3037,INPROC_7FD1EB,1,10,team1,Team 1 (N/S),88,32,35,♠,finished,2026-05-18T16:06:10.224186+00:00
3038,INPROC_C83A0B,1,10,team2,Team 2 (E/W),49,71,25,♥,finished,2026-05-18T16:06:10.240173+00:00
3039,INPROC_B038CF,1,10,team1,Team 1 (N/S),90,30,6,♣,finished,2026-05-18T16:06:10.255294+00:00
3040,INPROC_17463B,1,10,team2,Team 2 (E/W),17,103,36,♠,finished,2026-05-18T16:06:10.269955+00:00
3041,INPROC_5F012F,1,10,team2,Team 2 (E/W),31,89,10,♦,finished,2026-05-18T16:06:10.285658+00:00
3042,INPROC_E979C1,1,10,team1,Team 1 (N/S),79,41,38,♠,finished,2026-05-18T16:06:10.301502+00:00
3043,INPROC_2249F4,1,10,team2,Team 2 (E/W),34,86,20,♥,finished,2026-05-18T16:06:10.319498+00:00
3044,INPROC_EF4DE0,1,10,team1,Team 1 (N/S),63,57,12,♦,finished,2026-05-18T16:06:10.336523+00:00
3045,INPROC_81FE92,1,10,team1,Team 1 (N/S),76,44,15,♦,finished,2026-05-18T16:06:10.353155+00:00
3046,INPROC_BAC0E5,1,10,team1,Team 1 (N/S),69,51,28,♥,finished,2026-05-18T16:06:10.371918+00:00
3047,INPROC_DB3C48,1,10,team2,Team 2 (E/W),43,77,2,♣,finished,2026-05-18T16:06:10.389444+00:00
3048,INPROC_CA7F69,1,10,team2,Team 2 (E/W),39,81,6,♣,finished,2026-05-18T16:06:10.403455+00:00
3049,INPROC_3926EF,1,10,team2,Team 2 (E/W),45,75,24,♥,finished,2026-05-18T16:06:10.421357+00:00
3050,INPROC_612574,1,10,team1,Team 1 (N/S),87,33,18,♦,finished,2026-05-18T16:06:10.434436+00:00
3051,INPROC_2CCE53,1,10,team2,Team 2 (E/W),32,88,2,♣,finished,2026-05-18T16:06:10.450100+00:00
3052,INPROC_448B91,1,10,team2,Team 2 (E/W),16,104,8,♣,finished,2026-05-18T16:06:10.465384+00:00
3053,INPROC_35EEC3,1,10,team2,Team 2 (E/W),24,96,10,♦,finished,2026-05-18T16:06:10.480353+00:00
3054,INPROC_2341A6,1,10,team1,Team 1 (N/S),100,20,1,♣,finished,2026-05-18T16:06:10.497068+00:00
3055,INPROC_2F517D,1,10,team1,Team 1 (N/S),109,11,33,♠,finished,2026-05-18T16:06:10.516114+00:00
3056,INPROC_BB7B39,1,10,team2,Team 2 (E/W),19,101,16,♦,finished,2026-05-18T16:06:10.531787+00:00
3057,INPROC_ABD370,1,10,team2,Team 2 (E/W),59,61,9,♣,finished,2026-05-18T16:06:10.546660+00:00
3058,INPROC_E3124A,1,10,team2,Team 2 (E/W),59,61,35,♠,finished,2026-05-18T16:06:10.561844+00:00
3059,INPROC_BB5038,1,10,team1,Team 1 (N/S),98,22,16,♦,finished,2026-05-18T16:06:10.577167+00:00
3060,INPROC_09D510,1,10,team2,Team 2 (E/W),34,86,0,♣,finished,2026-05-18T16:06:10.593223+00:00
3061,INPROC_837A25,1,10,draw,draw,60,60,2,♣,finished,2026-05-18T16:06:10.610220+00:00
3062,INPROC_393992,1,10,team2,Team 2 (E/W),57,63,30,♠,finished,2026-05-18T16:06:10.625459+00:00
3063,INPROC_B81A1C,1,10,team1,Team 1 (N/S),67,53,24,♥,finished,2026-05-18T16:06:10.641009+00:00
3064,INPROC_B344A9,1,10,team2,Team 2 (E/W),52,68,2,♣,finished,2026-05-18T16:06:10.656471+00:00
3065,INPROC_590EA5,1,10,team2,Team 2 (E/W),54,66,28,♥,finished,2026-05-18T16:06:10.673381+00:00
3066,INPROC_365993,1,10,team2,Team 2 (E/W),26,94,13,♦,finished,2026-05-18T16:06:10.691046+00:00
3067,INPROC_883A8F,1,10,team1,Team 1 (N/S),85,35,25,♥,finished,2026-05-18T16:06:10.706081+00:00
3068,INPROC_0B23CC,1,10,team1,Team 1 (N/S),71,49,34,♠,finished,2026-05-18T16:06:10.722741+00:00
3069,INPROC_60014A,1,10,team2,Team 2 (E/W),30,90,36,♠,finished,2026-05-18T16:06:10.738835+00:00
3070,INPROC_06F516,1,10,team2,Team 2 (E/W),44,76,30,♠,finished,2026-05-18T16:06:10.755181+00:00
3071,INPROC_2E06FF,1,10,team1,Team 1 (N/S),61,59,7,♣,finished,2026-05-18T16:06:10.771678+00:00
3072,INPROC_026337,1,10,team1,Team 1 (N/S),62,58,13,♦,finished,2026-05-18T16:06:10.788089+00:00
3073,INPROC_3F6300,1,10,team1,Team 1 (N/S),79,41,26,♥,finished,2026-05-18T16:06:10.804979+00:00
3074,INPROC_0C95D3,1,10,team1,Team 1 (N/S),88,32,10,♦,finished,2026-05-18T16:06:10.820859+00:00
3075,INPROC_F69E63,1,10,team2,Team 2 (E/W),46,74,39,♠,finished,2026-05-18T16:06:10.838568+00:00
3076,INPROC_EAFDBA,1,10,team1,Team 1 (N/S),83,37,11,♦,finished,2026-05-18T16:06:10.855968+00:00
3077,INPROC_8F9D18,1,10,team2,Team 2 (E/W),16,104,1,♣,finished,2026-05-18T16:06:10.876579+00:00
3078,INPROC_C13C07,1,10,team2,Team 2 (E/W),28,92,2,♣,finished,2026-05-18T16:06:10.892863+00:00
3079,INPROC_7DC7C3,1,10,draw,draw,60,60,1,♣,finished,2026-05-18T16:06:10.906696+00:00
3080,INPROC_B01410,1,10,team2,Team 2 (E/W),32,88,6,♣,finished,2026-05-18T16:06:10.921190+00:00
3081,INPROC_6C3ECA,1,10,team2,Team 2 (E/W),30,90,35,♠,finished,2026-05-18T16:06:10.940810+00:00
3082,INPROC_A43B16,1,10,team1,Team 1 (N/S),77,43,38,♠,finished,2026-05-18T16:06:10.956841+00:00
3083,INPROC_C9F812,1,10,team1,Team 1 (N/S),63,57,14,♦,finished,2026-05-18T16:06:10.969516+00:00
3084,INPROC_C32F34,1,10,team1,Team 1 (N/S),74,46,0,♣,finished,2026-05-18T16:06:10.984049+00:00
3085,INPROC_B64845,1,10,team2,Team 2 (E/W),14,106,38,♠,finished,2026-05-18T16:06:10.993638+00:00
3086,INPROC_CD9A62,1,10,team2,Team 2 (E/W),28,92,39,♠,finished,2026-05-18T16:06:11.003664+00:00
3087,INPROC_E8BFF3,1,10,team2,Team 2 (E/W),50,70,28,♥,finished,2026-05-18T16:06:11.013269+00:00
3088,INPROC_0CF4A0,1,10,team1,Team 1 (N/S),79,41,3,♣,finished,2026-05-18T16:06:11.026836+00:00
3089,INPROC_5E66BD,1,10,team2,Team 2 (E/W),21,99,17,♦,finished,2026-05-18T16:06:11.040761+00:00
3090,INPROC_DA3B55,1,10,team2,Team 2 (E/W),6,114,8,♣,finished,2026-05-18T16:06:11.054518+00:00
3091,INPROC_34A013,1,10,team1,Team 1 (N/S),67,53,38,♠,finished,2026-05-18T16:06:11.068463+00:00
3092,INPROC_DC233B,1,10,team1,Team 1 (N/S),100,20,33,♠,finished,2026-05-18T16:06:11.080757+00:00
3093,INPROC_39AAAE,1,10,team1,Team 1 (N/S),102,18,21,♥,finished,2026-05-18T16:06:11.094324+00:00
3094,INPROC_CEC6A2,1,10,team2,Team 2 (E/W),25,95,4,♣,finished,2026-05-18T16:06:11.109528+00:00
3095,INPROC_61BC7D,1,10,team2,Team 2 (E/W),52,68,36,♠,finished,2026-05-18T16:06:11.125548+00:00
3096,INPROC_2779F1,1,10,team2,Team 2 (E/W),58,62,9,♣,finished,2026-05-18T16:06:11.144391+00:00
3097,INPROC_6AE08F,1,10,team1,Team 1 (N/S),72,48,25,♥,finished,2026-05-18T16:06:11.160129+00:00
3098,INPROC_85536A,1,10,draw,draw,60,60,13,♦,finished,2026-05-18T16:06:11.175358+00:00
3099,INPROC_BABA9E,1,10,team2,Team 2 (E/W),38,82,36,♠,finished,2026-05-18T16:06:11.192575+00:00
3100,INPROC_C2238D,1,10,team2,Team 2 (E/W),43,77,1,♣,finished,2026-05-18T16:06:11.207073+00:00
3101,INPROC_8EAFE7,1,10,team1,Team 1 (N/S),82,38,22,♥,finished,2026-05-18T16:06:11.223817+00:00
3102,INPROC_E11E90,1,10,team2,Team 2 (E/W),44,76,39,♠,finished,2026-05-18T16:06:11.236194+00:00
3103,INPROC_3C8703,1,10,team2,Team 2 (E/W),30,90,18,♦,finished,2026-05-18T16:06:11.253927+00:00
3104,INPROC_88410E,1,10,team2,Team 2 (E/W),56,64,9,♣,finished,2026-05-18T16:06:11.271696+00:00
3105,INPROC_7EB755,1,10,team2,Team 2 (E/W),55,65,39,♠,finished,2026-05-18T16:06:11.282118+00:00
3106,INPROC_062A61,1,10,team1,Team 1 (N/S),81,39,28,♥,finished,2026-05-18T16:06:11.294137+00:00
3107,INPROC_3FB1CC,1,10,draw,draw,60,60,29,♥,finished,2026-05-18T16:06:11.313505+00:00
3108,INPROC_B334BD,1,10,team2,Team 2 (E/W),59,61,37,♠,finished,2026-05-18T16:06:11.331204+00:00
3109,INPROC_470EF1,1,10,team2,Team 2 (E/W),45,75,6,♣,finished,2026-05-18T16:06:11.351992+00:00
3110,INPROC_FA132B,1,10,team2,Team 2 (E/W),19,101,39,♠,finished,2026-05-18T16:06:11.366801+00:00
3111,INPROC_E565D2,1,10,team1,Team 1 (N/S),76,44,13,♦,finished,2026-05-18T16:06:11.384079+00:00
3112,INPROC_D46C97,1,10,team1,Team 1 (N/S),73,47,20,♥,finished,2026-05-18T16:06:11.399303+00:00
3113,INPROC_70B4CA,1,10,team1,Team 1 (N/S),78,42,7,♣,finished,2026-05-18T16:06:11.409342+00:00
3114,INPROC_8A6585,1,10,team2,Team 2 (E/W),36,84,27,♥,finished,2026-05-18T16:06:11.420092+00:00
3115,INPROC_191431,1,10,team2,Team 2 (E/W),54,66,2,♣,finished,2026-05-18T16:06:11.428955+00:00
3116,INPROC_D837B2,1,10,team2,Team 2 (E/W),23,97,24,♥,finished,2026-05-18T16:06:11.439809+00:00
3117,INPROC_0F8150,1,10,team1,Team 1 (N/S),81,39,14,♦,finished,2026-05-18T16:06:11.450796+00:00
3118,INPROC_B6EAEF,1,10,draw,draw,60,60,33,♠,finished,2026-05-18T16:06:11.461982+00:00
3119,INPROC_82BE47,1,10,team1,Team 1 (N/S),62,58,30,♠,finished,2026-05-18T16:06:11.473495+00:00
3120,INPROC_42220C,1,10,team2,Team 2 (E/W),42,78,17,♦,finished,2026-05-18T16:06:11.483427+00:00
3121,INPROC_A9C5F3,1,10,team1,Team 1 (N/S),91,29,34,♠,finished,2026-05-18T16:06:11.492482+00:00
3122,INPROC_8901B1,1,10,team2,Team 2 (E/W),12,108,21,♥,finished,2026-05-18T16:06:11.502800+00:00
3123,INPROC_F600D1,1,10,team2,Team 2 (E/W),51,69,30,♠,finished,2026-05-18T16:06:11.512749+00:00
3124,INPROC_40AB6C,1,10,team2,Team 2 (E/W),40,80,31,♠,finished,2026-05-18T16:06:11.523672+00:00
3125,INPROC_4D80F7,1,10,team2,Team 2 (E/W),55,65,3,♣,finished,2026-05-18T16:06:11.534673+00:00
3126,INPROC_99271B,1,10,team1,Team 1 (N/S),61,59,28,♥,finished,2026-05-18T16:06:11.544160+00:00
3127,INPROC_FC43D3,1,10,team2,Team 2 (E/W),38,82,14,♦,finished,2026-05-18T16:06:11.554118+00:00
3128,INPROC_162249,1,10,team2,Team 2 (E/W),47,73,39,♠,finished,2026-05-18T16:06:11.564173+00:00
3129,INPROC_31EC37,1,10,team2,Team 2 (E/W),43,77,2,♣,finished,2026-05-18T16:06:11.574244+00:00
3130,INPROC_87FDAD,1,10,team1,Team 1 (N/S),98,22,22,♥,finished,2026-05-18T16:06:11.585215+00:00
3131,INPROC_CC7867,1,10,team1,Team 1 (N/S),87,33,4,♣,finished,2026-05-18T16:06:11.598749+00:00
3132,INPROC_DEAC84,1,10,team1,Team 1 (N/S),61,59,9,♣,finished,2026-05-18T16:06:11.613060+00:00
3133,INPROC_D9F2D8,1,10,team2,Team 2 (E/W),19,101,36,♠,finished,2026-05-18T16:06:11.627433+00:00
3134,INPROC_0EFA31,1,10,team1,Team 1 (N/S),66,54,21,♥,finished,2026-05-18T16:06:11.644359+00:00
3135,INPROC_8587CB,1,10,team1,Team 1 (N/S),62,58,3,♣,finished,2026-05-18T16:06:11.659703+00:00
3136,INPROC_ED7F70,1,10,team2,Team 2 (E/W),55,65,20,♥,finished,2026-05-18T16:06:11.675862+00:00
3137,INPROC_7A0844,1,10,team1,Team 1 (N/S),65,55,5,♣,finished,2026-05-18T16:06:11.692709+00:00
3138,INPROC_6D7AF5,1,10,team1,Team 1 (N/S),63,57,36,♠,finished,2026-05-18T16:06:11.710131+00:00
3139,INPROC_EBC050,1,10,team1,Team 1 (N/S),74,46,19,♦,finished,2026-05-18T16:06:11.725663+00:00
3140,INPROC_E4135E,1,10,team1,Team 1 (N/S),84,36,7,♣,finished,2026-05-18T16:06:11.742875+00:00
3141,INPROC_3DC345,1,10,team1,Team 1 (N/S),63,57,30,♠,finished,2026-05-18T16:06:11.761153+00:00
3142,INPROC_DAB36F,1,10,team2,Team 2 (E/W),45,75,8,♣,finished,2026-05-18T16:06:11.779852+00:00
3143,INPROC_CB346D,1,10,team1,Team 1 (N/S),80,40,20,♥,finished,2026-05-18T16:06:11.800316+00:00
3144,INPROC_DBC311,1,10,team2,Team 2 (E/W),56,64,16,♦,finished,2026-05-18T16:06:11.815238+00:00
3145,INPROC_1A8866,1,10,team1,Team 1 (N/S),76,44,25,♥,finished,2026-05-18T16:06:11.826417+00:00
3146,INPROC_3143E2,1,10,draw,draw,60,60,26,♥,finished,2026-05-18T16:06:11.843159+00:00
3147,INPROC_D053F1,1,10,team2,Team 2 (E/W),29,91,39,♠,finished,2026-05-18T16:06:11.855554+00:00
3148,INPROC_51F49C,1,10,team1,Team 1 (N/S),107,13,31,♠,finished,2026-05-18T16:06:11.871703+00:00
3149,INPROC_9D3958,1,10,team2,Team 2 (E/W),8,112,39,♠,finished,2026-05-18T16:06:11.888666+00:00
3150,INPROC_1605A4,1,10,team2,Team 2 (E/W),38,82,12,♦,finished,2026-05-18T16:06:11.906443+00:00
3151,INPROC_124520,1,10,team1,Team 1 (N/S),66,54,1,♣,finished,2026-05-18T16:06:11.924589+00:00
3152,INPROC_50E697,1,10,team2,Team 2 (E/W),35,85,28,♥,finished,2026-05-18T16:06:11.939171+00:00
3153,INPROC_E0C552,1,10,team1,Team 1 (N/S),64,56,13,♦,finished,2026-05-18T16:06:11.955723+00:00
3154,INPROC_22BB33,1,10,team1,Team 1 (N/S),103,17,30,♠,finished,2026-05-18T16:06:11.971995+00:00
3155,INPROC_F58568,1,10,team1,Team 1 (N/S),104,16,33,♠,finished,2026-05-18T16:06:11.984589+00:00
3156,INPROC_99D469,1,10,team2,Team 2 (E/W),45,75,10,♦,finished,2026-05-18T16:06:12.001551+00:00
3157,INPROC_AF0B61,1,10,team2,Team 2 (E/W),4,116,18,♦,finished,2026-05-18T16:06:12.017164+00:00
3158,INPROC_FB8793,1,10,team1,Team 1 (N/S),67,53,36,♠,finished,2026-05-18T16:06:12.035883+00:00
3159,INPROC_D41960,1,10,team1,Team 1 (N/S),64,56,15,♦,finished,2026-05-18T16:06:12.053716+00:00
3160,INPROC_691892,1,10,team1,Team 1 (N/S),86,34,15,♦,finished,2026-05-18T16:06:12.068767+00:00
3161,INPROC_CC46FC,1,10,team2,Team 2 (E/W),49,71,29,♥,finished,2026-05-18T16:06:12.083364+00:00
3162,INPROC_5DDEBB,1,10,team1,Team 1 (N/S),81,39,4,♣,finished,2026-05-18T16:06:12.098765+00:00
3163,INPROC_B05F11,1,10,team1,Team 1 (N/S),86,34,22,♥,finished,2026-05-18T16:06:12.114494+00:00
3164,INPROC_B4DFC4,1,10,team2,Team 2 (E/W),57,63,39,♠,finished,2026-05-18T16:06:12.129052+00:00
3165,INPROC_24BB4B,1,10,team2,Team 2 (E/W),57,63,20,♥,finished,2026-05-18T16:06:12.146305+00:00
3166,INPROC_94C95D,1,10,team1,Team 1 (N/S),74,46,23,♥,finished,2026-05-18T16:06:12.161040+00:00
3167,INPROC_F88158,1,10,team2,Team 2 (E/W),55,65,3,♣,finished,2026-05-18T16:06:12.177896+00:00
3168,INPROC_9CB5FC,1,10,team1,Team 1 (N/S),81,39,33,♠,finished,2026-05-18T16:06:12.189584+00:00
3169,INPROC_64223F,1,10,team1,Team 1 (N/S),93,27,13,♦,finished,2026-05-18T16:06:12.208111+00:00
3170,INPROC_B619D7,1,10,team2,Team 2 (E/W),44,76,0,♣,finished,2026-05-18T16:06:12.223163+00:00
3171,INPROC_232B1E,1,10,team1,Team 1 (N/S),86,34,22,♥,finished,2026-05-18T16:06:12.239365+00:00
3172,INPROC_EEABE7,1,10,team2,Team 2 (E/W),40,80,37,♠,finished,2026-05-18T16:06:12.254578+00:00
3173,INPROC_3F1DED,1,10,team2,Team 2 (E/W),16,104,37,♠,finished,2026-05-18T16:06:12.275481+00:00
3174,INPROC_5DD0DB,1,10,team1,Team 1 (N/S),70,50,34,♠,finished,2026-05-18T16:06:12.292000+00:00
3175,INPROC_0ECE08,1,10,team1,Team 1 (N/S),71,49,11,♦,finished,2026-05-18T16:06:12.309728+00:00
3176,INPROC_44A303,1,10,team2,Team 2 (E/W),41,79,30,♠,finished,2026-05-18T16:06:12.328039+00:00
3177,INPROC_FA5F26,1,10,team2,Team 2 (E/W),31,89,27,♥,finished,2026-05-18T16:06:12.347705+00:00
3178,INPROC_CFF13D,1,10,team1,Team 1 (N/S),73,47,18,♦,finished,2026-05-18T16:06:12.364467+00:00
3179,INPROC_192C32,1,10,team2,Team 2 (E/W),40,80,4,♣,finished,2026-05-18T16:06:12.381948+00:00
3180,INPROC_26BC6E,1,10,team1,Team 1 (N/S),81,39,5,♣,finished,2026-05-18T16:06:12.394494+00:00
3181,INPROC_6B6EDE,1,10,team2,Team 2 (E/W),32,88,7,♣,finished,2026-05-18T16:06:12.412129+00:00
3182,INPROC_903E0E,1,10,team2,Team 2 (E/W),6,114,26,♥,finished,2026-05-18T16:06:12.426183+00:00
3183,INPROC_F3E45D,1,10,team1,Team 1 (N/S),73,47,33,♠,finished,2026-05-18T16:06:12.442935+00:00
3184,INPROC_AFB5DB,1,10,team2,Team 2 (E/W),58,62,27,♥,finished,2026-05-18T16:06:12.457652+00:00
3185,INPROC_87AE0B,1,10,team1,Team 1 (N/S),92,28,10,♦,finished,2026-05-18T16:06:12.474177+00:00
3186,INPROC_D67C82,1,10,team2,Team 2 (E/W),59,61,33,♠,finished,2026-05-18T16:06:12.490036+00:00
3187,INPROC_93D169,1,10,team2,Team 2 (E/W),51,69,11,♦,finished,2026-05-18T16:06:12.505111+00:00
3188,INPROC_672F68,1,10,team2,Team 2 (E/W),37,83,36,♠,finished,2026-05-18T16:06:12.519936+00:00
3189,INPROC_EF354D,1,10,team1,Team 1 (N/S),85,35,37,♠,finished,2026-05-18T16:06:12.535351+00:00
3190,INPROC_0CD349,1,10,team1,Team 1 (N/S),67,53,11,♦,finished,2026-05-18T16:06:12.551696+00:00
3191,INPROC_3C09B5,1,10,team1,Team 1 (N/S),62,58,1,♣,finished,2026-05-18T16:06:12.566687+00:00
3192,INPROC_32A6F2,1,10,team1,Team 1 (N/S),67,53,7,♣,finished,2026-05-18T16:06:12.583396+00:00
3193,INPROC_00303B,1,10,team1,Team 1 (N/S),80,40,31,♠,finished,2026-05-18T16:06:12.598971+00:00
3194,INPROC_2867AF,1,10,team1,Team 1 (N/S),89,31,28,♥,finished,2026-05-18T16:06:12.615753+00:00
3195,INPROC_465B23,1,10,team2,Team 2 (E/W),41,79,14,♦,finished,2026-05-18T16:06:12.633856+00:00
3196,INPROC_FA1B95,1,10,team2,Team 2 (E/W),24,96,14,♦,finished,2026-05-18T16:06:12.652309+00:00
3197,INPROC_E69079,1,10,team2,Team 2 (E/W),53,67,21,♥,finished,2026-05-18T16:06:12.669915+00:00
3198,INPROC_743A87,1,10,team2,Team 2 (E/W),8,112,36,♠,finished,2026-05-18T16:06:12.686697+00:00
3199,INPROC_850DCE,1,10,team2,Team 2 (E/W),43,77,14,♦,finished,2026-05-18T16:06:12.703643+00:00
3200,INPROC_6FA084,1,10,team1,Team 1 (N/S),116,4,30,♠,finished,2026-05-18T16:06:12.721908+00:00
3201,INPROC_E384C0,1,10,draw,draw,60,60,6,♣,finished,2026-05-18T16:06:12.738898+00:00
3202,INPROC_A0E003,1,10,team2,Team 2 (E/W),48,72,6,♣,finished,2026-05-18T16:06:12.758406+00:00
3203,INPROC_8BFD3B,1,10,team1,Team 1 (N/S),87,33,1,♣,finished,2026-05-18T16:06:12.777375+00:00
3204,INPROC_A7E629,1,10,team2,Team 2 (E/W),52,68,24,♥,finished,2026-05-18T16:06:12.792765+00:00
3205,INPROC_7460E9,1,10,team1,Team 1 (N/S),99,21,1,♣,finished,2026-05-18T16:06:12.808634+00:00
3206,INPROC_019C68,1,10,team2,Team 2 (E/W),19,101,37,♠,finished,2026-05-18T16:06:12.825160+00:00
3207,INPROC_65FD3B,1,10,team1,Team 1 (N/S),66,54,0,♣,finished,2026-05-18T16:06:12.836649+00:00
3208,INPROC_62F5D1,1,10,team2,Team 2 (E/W),44,76,7,♣,finished,2026-05-18T16:06:12.857594+00:00
3209,INPROC_06B3DB,1,10,team1,Team 1 (N/S),70,50,26,♥,finished,2026-05-18T16:06:12.878086+00:00
3210,INPROC_AD76B6,1,10,team2,Team 2 (E/W),12,108,32,♠,finished,2026-05-18T16:06:12.895934+00:00
3211,INPROC_9FA51D,1,10,team2,Team 2 (E/W),37,83,17,♦,finished,2026-05-18T16:06:12.914208+00:00
3212,INPROC_AE83C7,1,10,team2,Team 2 (E/W),50,70,13,♦,finished,2026-05-18T16:06:12.936366+00:00
3213,INPROC_EEC2A8,1,10,team2,Team 2 (E/W),31,89,2,♣,finished,2026-05-18T16:06:12.958444+00:00
3214,INPROC_2C72BC,1,10,team1,Team 1 (N/S),86,34,26,♥,finished,2026-05-18T16:06:12.972177+00:00
3215,INPROC_9C10CB,1,10,team2,Team 2 (E/W),21,99,21,♥,finished,2026-05-18T16:06:12.989660+00:00
3216,INPROC_38C55C,1,10,team2,Team 2 (E/W),23,97,30,♠,finished,2026-05-18T16:06:13.006989+00:00
3217,INPROC_C6CA24,1,10,team2,Team 2 (E/W),49,71,9,♣,finished,2026-05-18T16:06:13.023443+00:00
3218,INPROC_333E56,1,10,team2,Team 2 (E/W),46,74,22,♥,finished,2026-05-18T16:06:13.040387+00:00
3219,INPROC_950F83,1,10,team2,Team 2 (E/W),43,77,13,♦,finished,2026-05-18T16:06:13.055539+00:00
3220,INPROC_51021F,1,10,team1,Team 1 (N/S),64,56,6,♣,finished,2026-05-18T16:06:13.070596+00:00
3221,INPROC_54A9EF,1,10,team2,Team 2 (E/W),54,66,26,♥,finished,2026-05-18T16:06:13.086636+00:00
3222,INPROC_60056C,1,10,team1,Team 1 (N/S),93,27,5,♣,finished,2026-05-18T16:06:13.101697+00:00
3223,INPROC_5C7621,1,10,team1,Team 1 (N/S),69,51,34,♠,finished,2026-05-18T16:06:13.119965+00:00
3224,INPROC_473BAD,1,10,team1,Team 1 (N/S),96,24,0,♣,finished,2026-05-18T16:06:13.135318+00:00
3225,INPROC_491577,1,10,team1,Team 1 (N/S),93,27,11,♦,finished,2026-05-18T16:06:13.151252+00:00
3226,INPROC_9E80EF,1,10,team2,Team 2 (E/W),26,94,32,♠,finished,2026-05-18T16:06:13.167376+00:00
3227,INPROC_61A010,1,10,team2,Team 2 (E/W),17,103,24,♥,finished,2026-05-18T16:06:13.183185+00:00
3228,INPROC_C72E95,1,10,team2,Team 2 (E/W),44,76,7,♣,finished,2026-05-18T16:06:13.198781+00:00
3229,INPROC_A70AD7,1,10,team1,Team 1 (N/S),72,48,0,♣,finished,2026-05-18T16:06:13.213298+00:00
3230,INPROC_210D23,1,10,team2,Team 2 (E/W),41,79,37,♠,finished,2026-05-18T16:06:13.229164+00:00
3231,INPROC_04501B,1,10,team2,Team 2 (E/W),58,62,36,♠,finished,2026-05-18T16:06:13.245441+00:00
3232,INPROC_7DB4C2,1,10,team2,Team 2 (E/W),35,85,23,♥,finished,2026-05-18T16:06:13.263651+00:00
3233,INPROC_27EA8C,1,10,team2,Team 2 (E/W),49,71,36,♠,finished,2026-05-18T16:06:13.279302+00:00
3234,INPROC_E7B086,1,10,team2,Team 2 (E/W),31,89,30,♠,finished,2026-05-18T16:06:13.298509+00:00
3235,INPROC_36A0E1,1,10,team2,Team 2 (E/W),20,100,1,♣,finished,2026-05-18T16:06:13.315816+00:00
3236,INPROC_58732F,1,10,team1,Team 1 (N/S),103,17,30,♠,finished,2026-05-18T16:06:13.330427+00:00
3237,INPROC_DAD27E,1,10,team1,Team 1 (N/S),78,42,6,♣,finished,2026-05-18T16:06:13.345963+00:00
3238,INPROC_7D8FCA,1,10,team2,Team 2 (E/W),47,73,25,♥,finished,2026-05-18T16:06:13.361977+00:00
3239,INPROC_0EA3D5,1,10,team2,Team 2 (E/W),50,70,33,♠,finished,2026-05-18T16:06:13.377490+00:00
3240,INPROC_6D3671,1,10,team2,Team 2 (E/W),31,89,38,♠,finished,2026-05-18T16:06:13.392961+00:00
3241,INPROC_BE5B14,1,10,team2,Team 2 (E/W),23,97,9,♣,finished,2026-05-18T16:06:13.411279+00:00
3242,INPROC_A1793D,1,10,team1,Team 1 (N/S),100,20,31,♠,finished,2026-05-18T16:06:13.428013+00:00
3243,INPROC_AB6C15,1,10,team2,Team 2 (E/W),39,81,31,♠,finished,2026-05-18T16:06:13.443904+00:00
3244,INPROC_EEC783,1,10,team1,Team 1 (N/S),79,41,18,♦,finished,2026-05-18T16:06:13.458648+00:00
3245,INPROC_FA1038,1,10,team2,Team 2 (E/W),45,75,22,♥,finished,2026-05-18T16:06:13.475554+00:00
3246,INPROC_82B693,1,10,team1,Team 1 (N/S),112,8,34,♠,finished,2026-05-18T16:06:13.489366+00:00
3247,INPROC_9CEF41,1,10,team1,Team 1 (N/S),90,30,34,♠,finished,2026-05-18T16:06:13.506403+00:00
3248,INPROC_8D9607,1,10,team2,Team 2 (E/W),40,80,23,♥,finished,2026-05-18T16:06:13.521237+00:00
3249,INPROC_7F2508,1,10,team1,Team 1 (N/S),70,50,6,♣,finished,2026-05-18T16:06:13.537458+00:00
3250,INPROC_CAFCF0,1,10,team2,Team 2 (E/W),38,82,6,♣,finished,2026-05-18T16:06:13.554452+00:00
3251,INPROC_C6CF00,1,10,team1,Team 1 (N/S),88,32,38,♠,finished,2026-05-18T16:06:13.570993+00:00
3252,INPROC_C97660,1,10,team2,Team 2 (E/W),56,64,28,♥,finished,2026-05-18T16:06:13.585689+00:00
3253,INPROC_20F52F,1,10,team1,Team 1 (N/S),67,53,7,♣,finished,2026-05-18T16:06:13.604291+00:00
3254,INPROC_D93C9F,1,10,team1,Team 1 (N/S),82,38,31,♠,finished,2026-05-18T16:06:13.619322+00:00
3255,INPROC_21532E,1,10,team1,Team 1 (N/S),80,40,37,♠,finished,2026-05-18T16:06:13.637450+00:00
3256,INPROC_564A8B,1,10,team2,Team 2 (E/W),27,93,24,♥,finished,2026-05-18T16:06:13.652366+00:00
3257,INPROC_EE3B37,1,10,team2,Team 2 (E/W),38,82,19,♦,finished,2026-05-18T16:06:13.667222+00:00
3258,INPROC_3ADEBE,1,10,team1,Team 1 (N/S),71,49,22,♥,finished,2026-05-18T16:06:13.682979+00:00
3259,INPROC_46BBE9,1,10,team1,Team 1 (N/S),76,44,29,♥,finished,2026-05-18T16:06:13.698644+00:00
3260,INPROC_CAD63B,1,10,team1,Team 1 (N/S),64,56,18,♦,finished,2026-05-18T16:06:13.715437+00:00
3261,INPROC_6A6AB8,1,10,team2,Team 2 (E/W),16,104,16,♦,finished,2026-05-18T16:06:13.731526+00:00
3262,INPROC_0FB226,1,10,team2,Team 2 (E/W),52,68,28,♥,finished,2026-05-18T16:06:13.744732+00:00
3263,INPROC_EC759F,1,10,team1,Team 1 (N/S),71,49,32,♠,finished,2026-05-18T16:06:13.759809+00:00
3264,INPROC_A75A75,1,10,team2,Team 2 (E/W),39,81,1,♣,finished,2026-05-18T16:06:13.775613+00:00
3265,INPROC_29CC33,1,10,team1,Team 1 (N/S),62,58,8,♣,finished,2026-05-18T16:06:13.791942+00:00
3266,INPROC_2AC36D,1,10,team1,Team 1 (N/S),91,29,32,♠,finished,2026-05-18T16:06:13.805309+00:00
3267,INPROC_7B5EA1,1,10,team1,Team 1 (N/S),81,39,14,♦,finished,2026-05-18T16:06:13.818328+00:00
3268,INPROC_FFCCE3,1,10,team2,Team 2 (E/W),52,68,32,♠,finished,2026-05-18T16:06:13.828603+00:00
3269,INPROC_ECF6E1,1,10,team2,Team 2 (E/W),46,74,23,♥,finished,2026-05-18T16:06:13.839564+00:00
3270,INPROC_0C1E99,1,10,team1,Team 1 (N/S),81,39,0,♣,finished,2026-05-18T16:06:13.853074+00:00
3271,INPROC_E754DD,1,10,team1,Team 1 (N/S),71,49,15,♦,finished,2026-05-18T16:06:13.868410+00:00
3272,INPROC_A079C3,1,10,draw,draw,60,60,36,♠,finished,2026-05-18T16:06:13.882523+00:00
3273,INPROC_1B4829,1,10,team2,Team 2 (E/W),53,67,15,♦,finished,2026-05-18T16:06:13.897433+00:00
3274,INPROC_ED0374,1,10,team1,Team 1 (N/S),86,34,1,♣,finished,2026-05-18T16:06:13.913938+00:00
3275,INPROC_942ACE,1,10,team2,Team 2 (E/W),48,72,30,♠,finished,2026-05-18T16:06:13.928824+00:00
3276,INPROC_B19B3D,1,10,team1,Team 1 (N/S),80,40,10,♦,finished,2026-05-18T16:06:13.944330+00:00
3277,INPROC_06D368,1,10,team1,Team 1 (N/S),63,57,35,♠,finished,2026-05-18T16:06:13.959150+00:00
3278,INPROC_8DA970,1,10,team1,Team 1 (N/S),86,34,6,♣,finished,2026-05-18T16:06:13.974201+00:00
3279,INPROC_1FA406,1,10,team1,Team 1 (N/S),61,59,0,♣,finished,2026-05-18T16:06:13.989291+00:00
3280,INPROC_5D64BB,1,10,team2,Team 2 (E/W),41,79,13,♦,finished,2026-05-18T16:06:14.005036+00:00
3281,INPROC_A8D7BE,1,10,team1,Team 1 (N/S),77,43,13,♦,finished,2026-05-18T16:06:14.020339+00:00
3282,INPROC_CD3E98,1,10,team1,Team 1 (N/S),62,58,6,♣,finished,2026-05-18T16:06:14.035318+00:00
3283,INPROC_FAA9E2,1,10,team2,Team 2 (E/W),40,80,6,♣,finished,2026-05-18T16:06:14.050723+00:00
3284,INPROC_340190,1,10,team2,Team 2 (E/W),39,81,28,♥,finished,2026-05-18T16:06:14.066398+00:00
3285,INPROC_E8B9DF,1,10,team2,Team 2 (E/W),36,84,19,♦,finished,2026-05-18T16:06:14.082537+00:00
3286,INPROC_10C5E2,1,10,team2,Team 2 (E/W),42,78,38,♠,finished,2026-05-18T16:06:14.094448+00:00
3287,INPROC_7BA7C2,1,10,team1,Team 1 (N/S),86,34,21,♥,finished,2026-05-18T16:06:14.108316+00:00
3288,INPROC_9AEA9B,1,10,team1,Team 1 (N/S),62,58,26,♥,finished,2026-05-18T16:06:14.123153+00:00
3289,INPROC_227173,1,10,team1,Team 1 (N/S),67,53,17,♦,finished,2026-05-18T16:06:14.138480+00:00
3290,INPROC_A049C0,1,10,team2,Team 2 (E/W),34,86,30,♠,finished,2026-05-18T16:06:14.153908+00:00
3291,INPROC_7FC7E8,1,10,team1,Team 1 (N/S),70,50,28,♥,finished,2026-05-18T16:06:14.168626+00:00
3292,INPROC_728EED,1,10,team2,Team 2 (E/W),50,70,38,♠,finished,2026-05-18T16:06:14.181337+00:00
3293,INPROC_65C28B,1,10,team2,Team 2 (E/W),46,74,11,♦,finished,2026-05-18T16:06:14.193494+00:00
3294,INPROC_EC6775,1,10,team1,Team 1 (N/S),78,42,17,♦,finished,2026-05-18T16:06:14.204554+00:00
3295,INPROC_16AE6C,1,10,team1,Team 1 (N/S),65,55,16,♦,finished,2026-05-18T16:06:14.218846+00:00
3296,INPROC_4209D6,1,10,team2,Team 2 (E/W),55,65,36,♠,finished,2026-05-18T16:06:14.234437+00:00
3297,INPROC_8F02E4,1,10,team1,Team 1 (N/S),85,35,21,♥,finished,2026-05-18T16:06:14.247044+00:00
3298,INPROC_85ABBF,1,10,team2,Team 2 (E/W),21,99,37,♠,finished,2026-05-18T16:06:14.259072+00:00
3299,INPROC_6B144C,1,10,team1,Team 1 (N/S),69,51,24,♥,finished,2026-05-18T16:06:14.273523+00:00
3300,INPROC_148D8C,1,10,team2,Team 2 (E/W),52,68,15,♦,finished,2026-05-18T16:06:14.287904+00:00
3301,INPROC_7EFF05,1,10,team2,Team 2 (E/W),31,89,7,♣,finished,2026-05-18T16:06:14.303655+00:00
3302,INPROC_BDB996,1,10,team1,Team 1 (N/S),68,52,33,♠,finished,2026-05-18T16:06:14.319618+00:00
3303,INPROC_A075E5,1,10,team1,Team 1 (N/S),73,47,10,♦,finished,2026-05-18T16:06:14.332292+00:00
3304,INPROC_4589B9,1,10,team1,Team 1 (N/S),80,40,15,♦,finished,2026-05-18T16:06:14.342772+00:00
3305,INPROC_812ADD,1,10,team2,Team 2 (E/W),44,76,39,♠,finished,2026-05-18T16:06:14.354803+00:00
3306,INPROC_8AA3E6,1,10,team2,Team 2 (E/W),52,68,4,♣,finished,2026-05-18T16:06:14.367117+00:00
3307,INPROC_0C9348,1,10,team2,Team 2 (E/W),42,78,27,♥,finished,2026-05-18T16:06:14.382284+00:00
3308,INPROC_185816,1,10,team2,Team 2 (E/W),25,95,8,♣,finished,2026-05-18T16:06:14.394304+00:00
3309,INPROC_A0EC27,1,10,team2,Team 2 (E/W),42,78,14,♦,finished,2026-05-18T16:06:14.404387+00:00
3310,INPROC_2F16F4,1,10,team1,Team 1 (N/S),87,33,26,♥,finished,2026-05-18T16:06:14.417511+00:00
3311,INPROC_26A8C5,1,10,team1,Team 1 (N/S),74,46,21,♥,finished,2026-05-18T16:06:14.428630+00:00
3312,INPROC_60C111,1,10,team2,Team 2 (E/W),0,120,14,♦,finished,2026-05-18T16:06:14.440373+00:00
3313,INPROC_9048B7,1,10,team2,Team 2 (E/W),23,97,28,♥,finished,2026-05-18T16:06:14.451711+00:00
3314,INPROC_87E03E,1,10,team1,Team 1 (N/S),70,50,8,♣,finished,2026-05-18T16:06:14.466837+00:00
3315,INPROC_A6917D,1,10,team2,Team 2 (E/W),49,71,15,♦,finished,2026-05-18T16:06:14.481317+00:00
3316,INPROC_47E79F,1,10,team2,Team 2 (E/W),16,104,30,♠,finished,2026-05-18T16:06:14.492073+00:00
3317,INPROC_726F21,1,10,team2,Team 2 (E/W),57,63,36,♠,finished,2026-05-18T16:06:14.506042+00:00
3318,INPROC_F367D5,1,10,team1,Team 1 (N/S),93,27,30,♠,finished,2026-05-18T16:06:14.518793+00:00
3319,INPROC_248440,1,10,team2,Team 2 (E/W),14,106,29,♥,finished,2026-05-18T16:06:14.530444+00:00
3320,INPROC_C578BB,1,10,team2,Team 2 (E/W),48,72,26,♥,finished,2026-05-18T16:06:14.539507+00:00
3321,INPROC_46D98C,1,10,team1,Team 1 (N/S),77,43,9,♣,finished,2026-05-18T16:06:14.551942+00:00
3322,INPROC_18B078,1,10,team1,Team 1 (N/S),70,50,22,♥,finished,2026-05-18T16:06:14.563946+00:00
3323,INPROC_E6BDF7,1,10,team1,Team 1 (N/S),68,52,38,♠,finished,2026-05-18T16:06:14.574245+00:00
3324,INPROC_4CE399,1,10,team2,Team 2 (E/W),5,115,9,♣,finished,2026-05-18T16:06:14.587986+00:00
3325,INPROC_3A6E25,1,10,team1,Team 1 (N/S),87,33,20,♥,finished,2026-05-18T16:06:14.602392+00:00
3326,INPROC_866B59,1,10,team2,Team 2 (E/W),58,62,8,♣,finished,2026-05-18T16:06:14.619734+00:00
3327,INPROC_C87FE8,1,10,team2,Team 2 (E/W),40,80,19,♦,finished,2026-05-18T16:06:14.635775+00:00
3328,INPROC_C422B3,1,10,team2,Team 2 (E/W),21,99,11,♦,finished,2026-05-18T16:06:14.654227+00:00
3329,INPROC_4F3BFA,1,10,team2,Team 2 (E/W),47,73,15,♦,finished,2026-05-18T16:06:14.671442+00:00
3330,INPROC_928831,1,10,team1,Team 1 (N/S),71,49,39,♠,finished,2026-05-18T16:06:14.686917+00:00
3331,INPROC_5EB9BD,1,10,team2,Team 2 (E/W),51,69,39,♠,finished,2026-05-18T16:06:14.705411+00:00
3332,INPROC_3EC09E,1,10,team2,Team 2 (E/W),10,110,1,♣,finished,2026-05-18T16:06:14.722126+00:00
3333,INPROC_0556AC,1,10,team2,Team 2 (E/W),35,85,3,♣,finished,2026-05-18T16:06:14.738208+00:00
3334,INPROC_CBEF33,1,10,team2,Team 2 (E/W),45,75,26,♥,finished,2026-05-18T16:06:14.754008+00:00
3335,INPROC_C8DE14,1,10,team1,Team 1 (N/S),83,37,27,♥,finished,2026-05-18T16:06:14.768873+00:00
3336,INPROC_CFB324,1,10,team1,Team 1 (N/S),65,55,15,♦,finished,2026-05-18T16:06:14.786905+00:00
3337,INPROC_EA393F,1,10,team1,Team 1 (N/S),73,47,37,♠,finished,2026-05-18T16:06:14.806128+00:00
3338,INPROC_83D94B,1,10,draw,draw,60,60,19,♦,finished,2026-05-18T16:06:14.828421+00:00
3339,INPROC_321762,1,10,team2,Team 2 (E/W),48,72,19,♦,finished,2026-05-18T16:06:14.843495+00:00
3340,INPROC_9F4881,1,10,team1,Team 1 (N/S),71,49,21,♥,finished,2026-05-18T16:06:14.858368+00:00
3341,INPROC_B321F7,1,10,team2,Team 2 (E/W),56,64,18,♦,finished,2026-05-18T16:06:14.876611+00:00
3342,INPROC_DAB7FF,1,10,team2,Team 2 (E/W),44,76,27,♥,finished,2026-05-18T16:06:14.896240+00:00
3343,INPROC_BF3548,1,10,team2,Team 2 (E/W),49,71,8,♣,finished,2026-05-18T16:06:14.915847+00:00
3344,INPROC_6F927A,1,10,team2,Team 2 (E/W),13,107,36,♠,finished,2026-05-18T16:06:14.934208+00:00
3345,INPROC_24E11D,1,10,team1,Team 1 (N/S),74,46,15,♦,finished,2026-05-18T16:06:14.952376+00:00
3346,INPROC_ED63FD,1,10,team2,Team 2 (E/W),57,63,33,♠,finished,2026-05-18T16:06:14.965756+00:00
3347,INPROC_508126,1,10,team2,Team 2 (E/W),19,101,28,♥,finished,2026-05-18T16:06:14.979821+00:00
3348,INPROC_5541EF,1,10,team1,Team 1 (N/S),65,55,24,♥,finished,2026-05-18T16:06:14.997340+00:00
3349,INPROC_4EC1D7,1,10,team1,Team 1 (N/S),67,53,18,♦,finished,2026-05-18T16:06:15.014047+00:00
3350,INPROC_74D8A1,1,10,team2,Team 2 (E/W),26,94,17,♦,finished,2026-05-18T16:06:15.029422+00:00
3351,INPROC_1F0EC0,1,10,team2,Team 2 (E/W),40,80,0,♣,finished,2026-05-18T16:06:15.046180+00:00
3352,INPROC_9EADC9,1,10,team1,Team 1 (N/S),93,27,25,♥,finished,2026-05-18T16:06:15.060718+00:00
3353,INPROC_774884,1,10,team2,Team 2 (E/W),50,70,34,♠,finished,2026-05-18T16:06:15.075807+00:00
3354,INPROC_7BDD18,1,10,team1,Team 1 (N/S),111,9,14,♦,finished,2026-05-18T16:06:15.092988+00:00
3355,INPROC_DBAAAE,1,10,team2,Team 2 (E/W),48,72,29,♥,finished,2026-05-18T16:06:15.109359+00:00
3356,INPROC_753E23,1,10,team2,Team 2 (E/W),51,69,21,♥,finished,2026-05-18T16:06:15.126032+00:00
3357,INPROC_973900,1,10,team2,Team 2 (E/W),6,114,8,♣,finished,2026-05-18T16:06:15.139858+00:00
3358,INPROC_47BF90,1,10,team1,Team 1 (N/S),70,50,16,♦,finished,2026-05-18T16:06:15.150434+00:00
3359,INPROC_982951,1,10,team2,Team 2 (E/W),44,76,25,♥,finished,2026-05-18T16:06:15.162066+00:00
3360,INPROC_BEB829,1,10,team1,Team 1 (N/S),61,59,28,♥,finished,2026-05-18T16:06:15.174108+00:00
3361,INPROC_738BF3,1,10,team2,Team 2 (E/W),31,89,33,♠,finished,2026-05-18T16:06:15.186909+00:00
3362,INPROC_F596F2,1,10,team2,Team 2 (E/W),50,70,7,♣,finished,2026-05-18T16:06:15.202059+00:00
3363,INPROC_57CCCD,1,10,team2,Team 2 (E/W),13,107,15,♦,finished,2026-05-18T16:06:15.218153+00:00
3364,INPROC_825188,1,10,team1,Team 1 (N/S),86,34,2,♣,finished,2026-05-18T16:06:15.233263+00:00
3365,INPROC_8F98FD,1,10,team2,Team 2 (E/W),40,80,33,♠,finished,2026-05-18T16:06:15.248013+00:00
3366,INPROC_EEF8CC,1,10,team2,Team 2 (E/W),13,107,35,♠,finished,2026-05-18T16:06:15.258723+00:00
3367,INPROC_12D931,1,10,team2,Team 2 (E/W),47,73,26,♥,finished,2026-05-18T16:06:15.269053+00:00
3368,INPROC_08FD02,1,10,team2,Team 2 (E/W),54,66,31,♠,finished,2026-05-18T16:06:15.279717+00:00
3369,INPROC_4EA883,1,10,team2,Team 2 (E/W),26,94,4,♣,finished,2026-05-18T16:06:15.291051+00:00
3370,INPROC_B30903,1,10,team2,Team 2 (E/W),56,64,17,♦,finished,2026-05-18T16:06:15.304867+00:00
3371,INPROC_16F736,1,10,team2,Team 2 (E/W),33,87,11,♦,finished,2026-05-18T16:06:15.320360+00:00
3372,INPROC_9F9677,1,10,team2,Team 2 (E/W),35,85,29,♥,finished,2026-05-18T16:06:15.334235+00:00
3373,INPROC_8F61BA,1,10,team1,Team 1 (N/S),62,58,1,♣,finished,2026-05-18T16:06:15.348254+00:00
3374,INPROC_46BC16,1,10,team2,Team 2 (E/W),36,84,22,♥,finished,2026-05-18T16:06:15.364107+00:00
3375,INPROC_27E8BF,1,10,team1,Team 1 (N/S),67,53,35,♠,finished,2026-05-18T16:06:15.382794+00:00
3376,INPROC_99CF2B,1,10,team1,Team 1 (N/S),71,49,19,♦,finished,2026-05-18T16:06:15.399577+00:00
3377,INPROC_342278,1,10,team2,Team 2 (E/W),35,85,7,♣,finished,2026-05-18T16:06:15.416565+00:00
3378,INPROC_F2D6EF,1,10,team1,Team 1 (N/S),71,49,33,♠,finished,2026-05-18T16:06:15.432577+00:00
3379,INPROC_BB7C12,1,10,team2,Team 2 (E/W),42,78,22,♥,finished,2026-05-18T16:06:15.447063+00:00
3380,INPROC_97E3C0,1,10,team2,Team 2 (E/W),44,76,31,♠,finished,2026-05-18T16:06:15.462846+00:00
3381,INPROC_3EB164,1,10,team2,Team 2 (E/W),40,80,4,♣,finished,2026-05-18T16:06:15.479099+00:00
3382,INPROC_D2D6ED,1,10,team1,Team 1 (N/S),79,41,30,♠,finished,2026-05-18T16:06:15.494262+00:00
3383,INPROC_9C43F4,1,10,team1,Team 1 (N/S),73,47,13,♦,finished,2026-05-18T16:06:15.511368+00:00
3384,INPROC_0A1BD4,1,10,team1,Team 1 (N/S),105,15,0,♣,finished,2026-05-18T16:06:15.527946+00:00
3385,INPROC_F1809C,1,10,team2,Team 2 (E/W),47,73,39,♠,finished,2026-05-18T16:06:15.545122+00:00
3386,INPROC_1669E7,1,10,team1,Team 1 (N/S),120,0,31,♠,finished,2026-05-18T16:06:15.560188+00:00
3387,INPROC_0ECEAD,1,10,team2,Team 2 (E/W),43,77,37,♠,finished,2026-05-18T16:06:15.576149+00:00
3388,INPROC_0B64CC,1,10,team2,Team 2 (E/W),47,73,32,♠,finished,2026-05-18T16:06:15.589480+00:00
3389,INPROC_0DCD3B,1,10,team2,Team 2 (E/W),48,72,9,♣,finished,2026-05-18T16:06:15.605430+00:00
3390,INPROC_C4811F,1,10,team1,Team 1 (N/S),85,35,15,♦,finished,2026-05-18T16:06:15.621145+00:00
3391,INPROC_B50F0E,1,10,team2,Team 2 (E/W),25,95,35,♠,finished,2026-05-18T16:06:15.635987+00:00
3392,INPROC_236C97,1,10,team2,Team 2 (E/W),51,69,4,♣,finished,2026-05-18T16:06:15.649009+00:00
3393,INPROC_6C943E,1,10,team1,Team 1 (N/S),120,0,0,♣,finished,2026-05-18T16:06:15.661719+00:00
3394,INPROC_CE847C,1,10,team2,Team 2 (E/W),26,94,38,♠,finished,2026-05-18T16:06:15.675532+00:00
3395,INPROC_B25527,1,10,team1,Team 1 (N/S),69,51,34,♠,finished,2026-05-18T16:06:15.688844+00:00
3396,INPROC_BE2942,1,10,team1,Team 1 (N/S),65,55,6,♣,finished,2026-05-18T16:06:15.704069+00:00
3397,INPROC_628C94,1,10,team1,Team 1 (N/S),88,32,11,♦,finished,2026-05-18T16:06:15.716632+00:00
3398,INPROC_D8336D,1,10,team1,Team 1 (N/S),71,49,4,♣,finished,2026-05-18T16:06:15.731722+00:00
3399,INPROC_1AFCD4,1,10,team1,Team 1 (N/S),79,41,16,♦,finished,2026-05-18T16:06:15.744717+00:00
3400,INPROC_042671,1,10,team2,Team 2 (E/W),55,65,33,♠,finished,2026-05-18T16:06:15.753523+00:00
3401,INPROC_2D77E7,1,10,team2,Team 2 (E/W),16,104,29,♥,finished,2026-05-18T16:06:15.764265+00:00
3402,INPROC_CFDA07,1,10,team2,Team 2 (E/W),34,86,23,♥,finished,2026-05-18T16:06:15.776062+00:00
3403,INPROC_1B0D3B,1,10,team2,Team 2 (E/W),24,96,30,♠,finished,2026-05-18T16:06:15.792175+00:00
3404,INPROC_3D5A7D,1,10,team2,Team 2 (E/W),59,61,37,♠,finished,2026-05-18T16:06:15.808606+00:00
3405,INPROC_2CA63B,1,10,team2,Team 2 (E/W),29,91,15,♦,finished,2026-05-18T16:06:15.826728+00:00
3406,INPROC_94BE9D,1,10,team2,Team 2 (E/W),27,93,1,♣,finished,2026-05-18T16:06:15.842380+00:00
3407,INPROC_06A7E1,1,10,team1,Team 1 (N/S),80,40,22,♥,finished,2026-05-18T16:06:15.858537+00:00
3408,INPROC_DA2D1D,1,10,team1,Team 1 (N/S),109,11,25,♥,finished,2026-05-18T16:06:15.874618+00:00
3409,INPROC_82799B,1,10,team1,Team 1 (N/S),72,48,13,♦,finished,2026-05-18T16:06:15.889797+00:00
3410,INPROC_2B6EAC,1,10,team1,Team 1 (N/S),117,3,26,♥,finished,2026-05-18T16:06:15.904594+00:00
3411,INPROC_10B277,1,10,team2,Team 2 (E/W),33,87,9,♣,finished,2026-05-18T16:06:15.920364+00:00
3412,INPROC_A69942,1,10,team1,Team 1 (N/S),68,52,29,♥,finished,2026-05-18T16:06:15.938060+00:00
3413,INPROC_4FAD29,1,10,team1,Team 1 (N/S),86,34,33,♠,finished,2026-05-18T16:06:15.955841+00:00
3414,INPROC_531AF3,1,10,team2,Team 2 (E/W),43,77,33,♠,finished,2026-05-18T16:06:15.970568+00:00
3415,INPROC_50EE53,1,10,team2,Team 2 (E/W),49,71,6,♣,finished,2026-05-18T16:06:15.989916+00:00
3416,INPROC_62A03E,1,10,team1,Team 1 (N/S),87,33,14,♦,finished,2026-05-18T16:06:16.005413+00:00
3417,INPROC_D209C2,1,10,team2,Team 2 (E/W),48,72,2,♣,finished,2026-05-18T16:06:16.021664+00:00
3418,INPROC_385EB9,1,10,team1,Team 1 (N/S),103,17,35,♠,finished,2026-05-18T16:06:16.036429+00:00
3419,INPROC_4577CD,1,10,team1,Team 1 (N/S),106,14,34,♠,finished,2026-05-18T16:06:16.053586+00:00
3420,INPROC_847EC1,1,10,team1,Team 1 (N/S),76,44,19,♦,finished,2026-05-18T16:06:16.071425+00:00
3421,INPROC_304818,1,10,team1,Team 1 (N/S),86,34,4,♣,finished,2026-05-18T16:06:16.087647+00:00
3422,INPROC_20E3EE,1,10,team1,Team 1 (N/S),69,51,33,♠,finished,2026-05-18T16:06:16.104588+00:00
3423,INPROC_D2D562,1,10,team2,Team 2 (E/W),41,79,5,♣,finished,2026-05-18T16:06:16.122436+00:00
3424,INPROC_44511F,1,10,team1,Team 1 (N/S),65,55,13,♦,finished,2026-05-18T16:06:16.137235+00:00
3425,INPROC_B73B44,1,10,team2,Team 2 (E/W),55,65,10,♦,finished,2026-05-18T16:06:16.152482+00:00
3426,INPROC_F55DD7,1,10,team1,Team 1 (N/S),117,3,21,♥,finished,2026-05-18T16:06:16.165525+00:00
3427,INPROC_480895,1,10,team2,Team 2 (E/W),59,61,17,♦,finished,2026-05-18T16:06:16.181732+00:00
3428,INPROC_0317C3,1,10,team2,Team 2 (E/W),32,88,11,♦,finished,2026-05-18T16:06:16.197434+00:00
3429,INPROC_FDB389,1,10,team1,Team 1 (N/S),93,27,30,♠,finished,2026-05-18T16:06:16.211611+00:00
3430,INPROC_8D2817,1,10,team1,Team 1 (N/S),76,44,9,♣,finished,2026-05-18T16:06:16.226362+00:00
3431,INPROC_010BBA,1,10,team2,Team 2 (E/W),48,72,16,♦,finished,2026-05-18T16:06:16.240424+00:00
3432,INPROC_326FEE,1,10,team1,Team 1 (N/S),68,52,16,♦,finished,2026-05-18T16:06:16.254872+00:00
3433,INPROC_115520,1,10,team2,Team 2 (E/W),28,92,8,♣,finished,2026-05-18T16:06:16.268226+00:00
3434,INPROC_2B40CE,1,10,team2,Team 2 (E/W),39,81,27,♥,finished,2026-05-18T16:06:16.283956+00:00
3435,INPROC_A96FD2,1,10,team2,Team 2 (E/W),36,84,5,♣,finished,2026-05-18T16:06:16.299303+00:00
3436,INPROC_EB889D,1,10,team1,Team 1 (N/S),114,6,34,♠,finished,2026-05-18T16:06:16.312208+00:00
3437,INPROC_D03849,1,10,team1,Team 1 (N/S),65,55,30,♠,finished,2026-05-18T16:06:16.328507+00:00
3438,INPROC_DE331A,1,10,team1,Team 1 (N/S),70,50,6,♣,finished,2026-05-18T16:06:16.344310+00:00
3439,INPROC_C066EF,1,10,team2,Team 2 (E/W),42,78,12,♦,finished,2026-05-18T16:06:16.357679+00:00
3440,INPROC_DBB9E6,1,10,team2,Team 2 (E/W),53,67,14,♦,finished,2026-05-18T16:06:16.371558+00:00
3441,INPROC_B9E835,1,10,team1,Team 1 (N/S),82,38,27,♥,finished,2026-05-18T16:06:16.381160+00:00
3442,INPROC_D90E74,1,10,team2,Team 2 (E/W),41,79,8,♣,finished,2026-05-18T16:06:16.393114+00:00
3443,INPROC_A73125,1,10,team1,Team 1 (N/S),100,20,12,♦,finished,2026-05-18T16:06:16.408111+00:00
3444,INPROC_CCDEFC,1,10,team1,Team 1 (N/S),89,31,10,♦,finished,2026-05-18T16:06:16.422562+00:00
3445,INPROC_DA7152,1,10,team2,Team 2 (E/W),28,92,28,♥,finished,2026-05-18T16:06:16.439128+00:00
3446,INPROC_4D077B,1,10,team2,Team 2 (E/W),38,82,34,♠,finished,2026-05-18T16:06:16.452996+00:00
3447,INPROC_69BE12,1,10,team2,Team 2 (E/W),55,65,33,♠,finished,2026-05-18T16:06:16.462591+00:00
3448,INPROC_03F5D5,1,10,team2,Team 2 (E/W),37,83,34,♠,finished,2026-05-18T16:06:16.476297+00:00
3449,INPROC_FDD4B8,1,10,team1,Team 1 (N/S),76,44,25,♥,finished,2026-05-18T16:06:16.487860+00:00
3450,INPROC_16E4F2,1,10,team2,Team 2 (E/W),50,70,25,♥,finished,2026-05-18T16:06:16.499647+00:00
3451,INPROC_54EA4F,1,10,team2,Team 2 (E/W),38,82,23,♥,finished,2026-05-18T16:06:16.511299+00:00
3452,INPROC_4B0339,1,10,team2,Team 2 (E/W),57,63,30,♠,finished,2026-05-18T16:06:16.523944+00:00
3453,INPROC_B2D632,1,10,team2,Team 2 (E/W),54,66,22,♥,finished,2026-05-18T16:06:16.534112+00:00
3454,INPROC_C01B93,1,10,team1,Team 1 (N/S),64,56,18,♦,finished,2026-05-18T16:06:16.543940+00:00
3455,INPROC_EAAD4D,1,10,team1,Team 1 (N/S),61,59,20,♥,finished,2026-05-18T16:06:16.557106+00:00
3456,INPROC_498DBA,1,10,team2,Team 2 (E/W),56,64,36,♠,finished,2026-05-18T16:06:16.569913+00:00
3457,INPROC_94EE27,1,10,team2,Team 2 (E/W),34,86,19,♦,finished,2026-05-18T16:06:16.585369+00:00
3458,INPROC_0B3F66,1,10,team2,Team 2 (E/W),29,91,1,♣,finished,2026-05-18T16:06:16.600867+00:00
3459,INPROC_B154F6,1,10,team1,Team 1 (N/S),76,44,28,♥,finished,2026-05-18T16:06:16.617409+00:00
3460,INPROC_6F32EC,1,10,team2,Team 2 (E/W),58,62,38,♠,finished,2026-05-18T16:06:16.633514+00:00
3461,INPROC_42DAB0,1,10,team1,Team 1 (N/S),85,35,2,♣,finished,2026-05-18T16:06:16.649012+00:00
3462,INPROC_499FC1,1,10,team2,Team 2 (E/W),43,77,33,♠,finished,2026-05-18T16:06:16.661041+00:00
3463,INPROC_1584E5,1,10,team1,Team 1 (N/S),72,48,15,♦,finished,2026-05-18T16:06:16.672843+00:00
3464,INPROC_8A341A,1,10,team1,Team 1 (N/S),62,58,16,♦,finished,2026-05-18T16:06:16.686665+00:00
3465,INPROC_1484DD,1,10,team2,Team 2 (E/W),44,76,20,♥,finished,2026-05-18T16:06:16.702543+00:00
3466,INPROC_59148B,1,10,team1,Team 1 (N/S),70,50,29,♥,finished,2026-05-18T16:06:16.717413+00:00
3467,INPROC_28AC50,1,10,team1,Team 1 (N/S),63,57,21,♥,finished,2026-05-18T16:06:16.734010+00:00
3468,INPROC_25A02F,1,10,team1,Team 1 (N/S),63,57,5,♣,finished,2026-05-18T16:06:16.751234+00:00
3469,INPROC_036A5C,1,10,team2,Team 2 (E/W),36,84,22,♥,finished,2026-05-18T16:06:16.769733+00:00
3470,INPROC_D01D5D,1,10,team2,Team 2 (E/W),30,90,23,♥,finished,2026-05-18T16:06:16.785432+00:00
3471,INPROC_425A40,1,10,team1,Team 1 (N/S),110,10,27,♥,finished,2026-05-18T16:06:16.801142+00:00
3472,INPROC_07ED73,1,10,team2,Team 2 (E/W),3,117,34,♠,finished,2026-05-18T16:06:16.817633+00:00
3473,INPROC_1269DB,1,10,team1,Team 1 (N/S),68,52,29,♥,finished,2026-05-18T16:06:16.834984+00:00
3474,INPROC_59C042,1,10,team2,Team 2 (E/W),48,72,18,♦,finished,2026-05-18T16:06:16.851661+00:00
3475,INPROC_5D973D,1,10,team2,Team 2 (E/W),22,98,9,♣,finished,2026-05-18T16:06:16.870758+00:00
3476,INPROC_11FA82,1,10,team2,Team 2 (E/W),28,92,3,♣,finished,2026-05-18T16:06:16.885562+00:00
3477,INPROC_2FE77F,1,10,team2,Team 2 (E/W),6,114,3,♣,finished,2026-05-18T16:06:16.901282+00:00
3478,INPROC_F2CD60,1,10,team1,Team 1 (N/S),70,50,32,♠,finished,2026-05-18T16:06:16.915292+00:00
3479,INPROC_B5BAC1,1,10,team2,Team 2 (E/W),59,61,2,♣,finished,2026-05-18T16:06:16.932483+00:00
3480,INPROC_8F2754,1,10,team1,Team 1 (N/S),101,19,38,♠,finished,2026-05-18T16:06:16.949838+00:00
3481,INPROC_09BC83,1,10,team2,Team 2 (E/W),37,83,13,♦,finished,2026-05-18T16:06:16.968503+00:00
3482,INPROC_162B2F,1,10,team1,Team 1 (N/S),69,51,20,♥,finished,2026-05-18T16:06:16.985478+00:00
3483,INPROC_768D60,1,10,team2,Team 2 (E/W),58,62,39,♠,finished,2026-05-18T16:06:17.001844+00:00
3484,INPROC_331D21,1,10,team2,Team 2 (E/W),5,115,20,♥,finished,2026-05-18T16:06:17.016706+00:00
3485,INPROC_C12889,1,10,team2,Team 2 (E/W),22,98,9,♣,finished,2026-05-18T16:06:17.031751+00:00
3486,INPROC_029776,1,10,team1,Team 1 (N/S),63,57,24,♥,finished,2026-05-18T16:06:17.047875+00:00
3487,INPROC_1BCB1A,1,10,team1,Team 1 (N/S),61,59,39,♠,finished,2026-05-18T16:06:17.064173+00:00
3488,INPROC_F51E54,1,10,team2,Team 2 (E/W),47,73,0,♣,finished,2026-05-18T16:06:17.081442+00:00
3489,INPROC_A22F24,1,10,team2,Team 2 (E/W),42,78,6,♣,finished,2026-05-18T16:06:17.096040+00:00
3490,INPROC_AA02BC,1,10,team2,Team 2 (E/W),39,81,8,♣,finished,2026-05-18T16:06:17.111595+00:00
3491,INPROC_072986,1,10,team2,Team 2 (E/W),54,66,27,♥,finished,2026-05-18T16:06:17.132411+00:00
3492,INPROC_1733E0,1,10,team2,Team 2 (E/W),39,81,0,♣,finished,2026-05-18T16:06:17.151986+00:00
3493,INPROC_34778D,1,10,team1,Team 1 (N/S),78,42,29,♥,finished,2026-05-18T16:06:17.171389+00:00
3494,INPROC_17A89C,1,10,team2,Team 2 (E/W),53,67,10,♦,finished,2026-05-18T16:06:17.186082+00:00
3495,INPROC_1F0010,1,10,team1,Team 1 (N/S),94,26,17,♦,finished,2026-05-18T16:06:17.200570+00:00
3496,INPROC_9AF3D1,1,10,team1,Team 1 (N/S),83,37,15,♦,finished,2026-05-18T16:06:17.217306+00:00
3497,INPROC_34896B,1,10,team1,Team 1 (N/S),64,56,15,♦,finished,2026-05-18T16:06:17.234281+00:00
3498,INPROC_BBDAB7,1,10,team2,Team 2 (E/W),57,63,8,♣,finished,2026-05-18T16:06:17.249303+00:00
3499,INPROC_6C1D3E,1,10,team1,Team 1 (N/S),104,16,10,♦,finished,2026-05-18T16:06:17.267033+00:00
3500,INPROC_C8C0AE,1,10,team2,Team 2 (E/W),49,71,7,♣,finished,2026-05-18T16:06:17.282522+00:00
3501,INPROC_961789,1,10,team2,Team 2 (E/W),45,75,15,♦,finished,2026-05-18T16:06:17.298965+00:00
3502,INPROC_52BEF3,1,10,team2,Team 2 (E/W),58,62,19,♦,finished,2026-05-18T16:06:17.317184+00:00
3503,INPROC_A7C8DA,1,10,team1,Team 1 (N/S),87,33,32,♠,finished,2026-05-18T16:06:17.332471+00:00
3504,INPROC_3FFA21,1,10,team1,Team 1 (N/S),66,54,19,♦,finished,2026-05-18T16:06:17.349484+00:00
3505,INPROC_88109C,1,10,team2,Team 2 (E/W),42,78,32,♠,finished,2026-05-18T16:06:17.368798+00:00
3506,INPROC_BB1B4F,1,10,team1,Team 1 (N/S),64,56,3,♣,finished,2026-05-18T16:06:17.386080+00:00
3507,INPROC_9C03B5,1,10,team2,Team 2 (E/W),51,69,32,♠,finished,2026-05-18T16:06:17.399731+00:00
3508,INPROC_C154F3,1,10,team1,Team 1 (N/S),73,47,30,♠,finished,2026-05-18T16:06:17.415281+00:00
3509,INPROC_B63EEE,1,10,draw,draw,60,60,28,♥,finished,2026-05-18T16:06:17.430108+00:00
3510,INPROC_BB81B8,1,10,team2,Team 2 (E/W),32,88,30,♠,finished,2026-05-18T16:06:17.443739+00:00
3511,INPROC_115228,1,10,team1,Team 1 (N/S),70,50,33,♠,finished,2026-05-18T16:06:17.455657+00:00
3512,INPROC_44B90E,1,10,team2,Team 2 (E/W),37,83,24,♥,finished,2026-05-18T16:06:17.466439+00:00
3513,INPROC_1EC474,1,10,draw,draw,60,60,20,♥,finished,2026-05-18T16:06:17.476331+00:00
3514,INPROC_2B82A1,1,10,team2,Team 2 (E/W),18,102,22,♥,finished,2026-05-18T16:06:17.486678+00:00
3515,INPROC_D3217F,1,10,team1,Team 1 (N/S),84,36,16,♦,finished,2026-05-18T16:06:17.500350+00:00
3516,INPROC_FCB13A,1,10,team2,Team 2 (E/W),58,62,18,♦,finished,2026-05-18T16:06:17.514229+00:00
3517,INPROC_C58F51,1,10,team2,Team 2 (E/W),11,109,16,♦,finished,2026-05-18T16:06:17.530074+00:00
3518,INPROC_AC1DC5,1,10,team1,Team 1 (N/S),70,50,32,♠,finished,2026-05-18T16:06:17.546034+00:00
3519,INPROC_8E9107,1,10,team2,Team 2 (E/W),19,101,34,♠,finished,2026-05-18T16:06:17.561902+00:00
3520,INPROC_683CB3,1,10,team1,Team 1 (N/S),103,17,0,♣,finished,2026-05-18T16:06:17.577990+00:00
3521,INPROC_D29D79,1,10,team2,Team 2 (E/W),59,61,7,♣,finished,2026-05-18T16:06:17.593773+00:00
3522,INPROC_6DA15F,1,10,team2,Team 2 (E/W),34,86,9,♣,finished,2026-05-18T16:06:17.609470+00:00
3523,INPROC_81191C,1,10,team1,Team 1 (N/S),67,53,0,♣,finished,2026-05-18T16:06:17.627436+00:00
3524,INPROC_1BCC4B,1,10,team2,Team 2 (E/W),52,68,6,♣,finished,2026-05-18T16:06:17.646248+00:00
3525,INPROC_558FF6,1,10,team2,Team 2 (E/W),6,114,38,♠,finished,2026-05-18T16:06:17.662845+00:00
3526,INPROC_58C0A8,1,10,team1,Team 1 (N/S),88,32,35,♠,finished,2026-05-18T16:06:17.681134+00:00
3527,INPROC_07BF24,1,10,team1,Team 1 (N/S),90,30,32,♠,finished,2026-05-18T16:06:17.697874+00:00
3528,INPROC_11EB49,1,10,team2,Team 2 (E/W),50,70,28,♥,finished,2026-05-18T16:06:17.710669+00:00
3529,INPROC_3DFDDC,1,10,team2,Team 2 (E/W),41,79,35,♠,finished,2026-05-18T16:06:17.727716+00:00
3530,INPROC_C7C257,1,10,team2,Team 2 (E/W),57,63,26,♥,finished,2026-05-18T16:06:17.746098+00:00
3531,INPROC_C42973,1,10,team2,Team 2 (E/W),36,84,1,♣,finished,2026-05-18T16:06:17.764805+00:00
3532,INPROC_D49BA6,1,10,team1,Team 1 (N/S),80,40,29,♥,finished,2026-05-18T16:06:17.780318+00:00
3533,INPROC_0E06A9,1,10,team2,Team 2 (E/W),49,71,16,♦,finished,2026-05-18T16:06:17.798010+00:00
3534,INPROC_3793B8,1,10,team1,Team 1 (N/S),63,57,34,♠,finished,2026-05-18T16:06:17.814831+00:00
3535,INPROC_47ADFC,1,10,team1,Team 1 (N/S),71,49,38,♠,finished,2026-05-18T16:06:17.830266+00:00
3536,INPROC_0684D3,1,10,team2,Team 2 (E/W),25,95,18,♦,finished,2026-05-18T16:06:17.849035+00:00
3537,INPROC_C16381,1,10,team2,Team 2 (E/W),36,84,4,♣,finished,2026-05-18T16:06:17.865393+00:00
3538,INPROC_7CD941,1,10,team1,Team 1 (N/S),76,44,17,♦,finished,2026-05-18T16:06:17.882483+00:00
3539,INPROC_502214,1,10,team1,Team 1 (N/S),74,46,3,♣,finished,2026-05-18T16:06:17.897718+00:00
3540,INPROC_DC44ED,1,10,team2,Team 2 (E/W),28,92,15,♦,finished,2026-05-18T16:06:17.912627+00:00
3541,INPROC_604763,1,10,team1,Team 1 (N/S),84,36,38,♠,finished,2026-05-18T16:06:17.927205+00:00
3542,INPROC_BC76DE,1,10,team2,Team 2 (E/W),48,72,7,♣,finished,2026-05-18T16:06:17.943584+00:00
3543,INPROC_E11DDB,1,10,team2,Team 2 (E/W),0,120,9,♣,finished,2026-05-18T16:06:17.959473+00:00
3544,INPROC_01B1E9,1,10,team2,Team 2 (E/W),3,117,13,♦,finished,2026-05-18T16:06:17.967368+00:00
3545,INPROC_78A529,1,10,team2,Team 2 (E/W),45,75,5,♣,finished,2026-05-18T16:06:17.981320+00:00
3546,INPROC_844D2A,1,10,team1,Team 1 (N/S),89,31,2,♣,finished,2026-05-18T16:06:17.995660+00:00
3547,INPROC_62A03A,1,10,team1,Team 1 (N/S),103,17,11,♦,finished,2026-05-18T16:06:18.009477+00:00
3548,INPROC_0C6799,1,10,team2,Team 2 (E/W),54,66,31,♠,finished,2026-05-18T16:06:18.026347+00:00
3549,INPROC_541086,1,10,team1,Team 1 (N/S),61,59,28,♥,finished,2026-05-18T16:06:18.042539+00:00
3550,INPROC_3A9789,1,10,team1,Team 1 (N/S),70,50,39,♠,finished,2026-05-18T16:06:18.055679+00:00
3551,INPROC_B0B28A,1,10,team2,Team 2 (E/W),54,66,4,♣,finished,2026-05-18T16:06:18.069213+00:00
3552,INPROC_561674,1,10,team2,Team 2 (E/W),59,61,30,♠,finished,2026-05-18T16:06:18.087770+00:00
3553,INPROC_6BFB72,1,10,team1,Team 1 (N/S),65,55,23,♥,finished,2026-05-18T16:06:18.104399+00:00
3554,INPROC_D268B1,1,10,team1,Team 1 (N/S),103,17,37,♠,finished,2026-05-18T16:06:18.122172+00:00
3555,INPROC_0A94FA,1,10,team2,Team 2 (E/W),38,82,7,♣,finished,2026-05-18T16:06:18.132427+00:00
3556,INPROC_54314E,1,10,team1,Team 1 (N/S),89,31,36,♠,finished,2026-05-18T16:06:18.145430+00:00
3557,INPROC_C72276,1,10,team2,Team 2 (E/W),48,72,26,♥,finished,2026-05-18T16:06:18.158460+00:00
3558,INPROC_1A9ED1,1,10,team1,Team 1 (N/S),82,38,8,♣,finished,2026-05-18T16:06:18.170986+00:00
3559,INPROC_61C532,1,10,team2,Team 2 (E/W),55,65,18,♦,finished,2026-05-18T16:06:18.184860+00:00
3560,INPROC_BFEE8F,1,10,team2,Team 2 (E/W),53,67,32,♠,finished,2026-05-18T16:06:18.201202+00:00
3561,INPROC_6C2F07,1,10,team2,Team 2 (E/W),19,101,7,♣,finished,2026-05-18T16:06:18.219541+00:00
3562,INPROC_2437C7,1,10,team2,Team 2 (E/W),25,95,22,♥,finished,2026-05-18T16:06:18.236115+00:00
3563,INPROC_F4CA3F,1,10,team2,Team 2 (E/W),36,84,38,♠,finished,2026-05-18T16:06:18.250878+00:00
3564,INPROC_9EC839,1,10,team1,Team 1 (N/S),74,46,10,♦,finished,2026-05-18T16:06:18.266042+00:00
3565,INPROC_267151,1,10,team1,Team 1 (N/S),90,30,2,♣,finished,2026-05-18T16:06:18.282270+00:00
3566,INPROC_A01629,1,10,team2,Team 2 (E/W),50,70,13,♦,finished,2026-05-18T16:06:18.298800+00:00
3567,INPROC_166B2B,1,10,team1,Team 1 (N/S),76,44,35,♠,finished,2026-05-18T16:06:18.313763+00:00
3568,INPROC_41F861,1,10,team1,Team 1 (N/S),92,28,13,♦,finished,2026-05-18T16:06:18.329473+00:00
3569,INPROC_2B20D2,1,10,team2,Team 2 (E/W),52,68,1,♣,finished,2026-05-18T16:06:18.339408+00:00
3570,INPROC_446799,1,10,team1,Team 1 (N/S),86,34,16,♦,finished,2026-05-18T16:06:18.352680+00:00
3571,INPROC_CF9C1E,1,10,team1,Team 1 (N/S),63,57,8,♣,finished,2026-05-18T16:06:18.366577+00:00
3572,INPROC_BE5923,1,10,team1,Team 1 (N/S),64,56,12,♦,finished,2026-05-18T16:06:18.380593+00:00
3573,INPROC_2F7224,1,10,team2,Team 2 (E/W),14,106,14,♦,finished,2026-05-18T16:06:18.396326+00:00
3574,INPROC_4938A8,1,10,team2,Team 2 (E/W),31,89,39,♠,finished,2026-05-18T16:06:18.415021+00:00
3575,INPROC_F99D86,1,10,team1,Team 1 (N/S),61,59,7,♣,finished,2026-05-18T16:06:18.430505+00:00
3576,INPROC_338CCE,1,10,team1,Team 1 (N/S),72,48,6,♣,finished,2026-05-18T16:06:18.445155+00:00
3577,INPROC_2460BC,1,10,team1,Team 1 (N/S),66,54,9,♣,finished,2026-05-18T16:06:18.461013+00:00
3578,INPROC_9C9C92,1,10,team1,Team 1 (N/S),78,42,37,♠,finished,2026-05-18T16:06:18.477616+00:00
3579,INPROC_17B71B,1,10,team1,Team 1 (N/S),82,38,34,♠,finished,2026-05-18T16:06:18.492352+00:00
3580,INPROC_3EA2F4,1,10,team2,Team 2 (E/W),46,74,16,♦,finished,2026-05-18T16:06:18.508262+00:00
3581,INPROC_8A850C,1,10,team2,Team 2 (E/W),40,80,39,♠,finished,2026-05-18T16:06:18.522830+00:00
3582,INPROC_E4AAC0,1,10,team2,Team 2 (E/W),52,68,16,♦,finished,2026-05-18T16:06:18.539849+00:00
3583,INPROC_5BFE54,1,10,team1,Team 1 (N/S),66,54,21,♥,finished,2026-05-18T16:06:18.557895+00:00
3584,INPROC_480FB8,1,10,team2,Team 2 (E/W),57,63,4,♣,finished,2026-05-18T16:06:18.575506+00:00
3585,INPROC_F25EF6,1,10,team2,Team 2 (E/W),29,91,32,♠,finished,2026-05-18T16:06:18.589835+00:00
3586,INPROC_B8C157,1,10,team1,Team 1 (N/S),62,58,31,♠,finished,2026-05-18T16:06:18.605044+00:00
3587,INPROC_049E59,1,10,team2,Team 2 (E/W),35,85,25,♥,finished,2026-05-18T16:06:18.623381+00:00
3588,INPROC_E65398,1,10,team2,Team 2 (E/W),13,107,24,♥,finished,2026-05-18T16:06:18.638494+00:00
3589,INPROC_76615F,1,10,team2,Team 2 (E/W),44,76,12,♦,finished,2026-05-18T16:06:18.656659+00:00
3590,INPROC_ABF3F4,1,10,team1,Team 1 (N/S),97,23,30,♠,finished,2026-05-18T16:06:18.672273+00:00
3591,INPROC_A0DC4F,1,10,team2,Team 2 (E/W),51,69,3,♣,finished,2026-05-18T16:06:18.688594+00:00
3592,INPROC_2B6934,1,10,team2,Team 2 (E/W),27,93,37,♠,finished,2026-05-18T16:06:18.704514+00:00
3593,INPROC_3BD4F9,1,10,team1,Team 1 (N/S),91,29,10,♦,finished,2026-05-18T16:06:18.720275+00:00
3594,INPROC_1C74C7,1,10,team1,Team 1 (N/S),113,7,24,♥,finished,2026-05-18T16:06:18.735530+00:00
3595,INPROC_DADEBD,1,10,team2,Team 2 (E/W),58,62,9,♣,finished,2026-05-18T16:06:18.751984+00:00
3596,INPROC_79B1DB,1,10,team1,Team 1 (N/S),63,57,37,♠,finished,2026-05-18T16:06:18.768722+00:00
3597,INPROC_2E33A2,1,10,team2,Team 2 (E/W),26,94,20,♥,finished,2026-05-18T16:06:18.784857+00:00
3598,INPROC_AB9CDA,1,10,team1,Team 1 (N/S),61,59,10,♦,finished,2026-05-18T16:06:18.795151+00:00
3599,INPROC_48D78B,1,10,team1,Team 1 (N/S),61,59,30,♠,finished,2026-05-18T16:06:18.810500+00:00
3600,INPROC_510B45,1,10,team1,Team 1 (N/S),96,24,7,♣,finished,2026-05-18T16:06:18.826476+00:00
3601,INPROC_E949DC,1,10,team2,Team 2 (E/W),44,76,9,♣,finished,2026-05-18T16:06:18.843282+00:00
3602,INPROC_359BB1,1,10,team2,Team 2 (E/W),57,63,15,♦,finished,2026-05-18T16:06:18.858299+00:00
3603,INPROC_38DC7B,1,10,team1,Team 1 (N/S),65,55,35,♠,finished,2026-05-18T16:06:18.873818+00:00
3604,INPROC_E27E5E,1,10,team2,Team 2 (E/W),40,80,37,♠,finished,2026-05-18T16:06:18.891484+00:00
3605,INPROC_A7D45F,1,10,team1,Team 1 (N/S),67,53,32,♠,finished,2026-05-18T16:06:18.906633+00:00
3606,INPROC_543445,1,10,team1,Team 1 (N/S),73,47,36,♠,finished,2026-05-18T16:06:18.922248+00:00
3607,INPROC_DD2FD6,1,10,team1,Team 1 (N/S),61,59,19,♦,finished,2026-05-18T16:06:18.938157+00:00
3608,INPROC_8A259A,1,10,team2,Team 2 (E/W),55,65,3,♣,finished,2026-05-18T16:06:18.955600+00:00
3609,INPROC_36581B,1,10,team2,Team 2 (E/W),22,98,15,♦,finished,2026-05-18T16:06:18.971780+00:00
3610,INPROC_245130,1,10,team1,Team 1 (N/S),62,58,29,♥,finished,2026-05-18T16:06:18.986949+00:00
3611,INPROC_6FB465,1,10,team1,Team 1 (N/S),93,27,8,♣,finished,2026-05-18T16:06:19.003224+00:00
3612,INPROC_BFA984,1,10,team1,Team 1 (N/S),87,33,14,♦,finished,2026-05-18T16:06:19.018416+00:00
3613,INPROC_0EEE5E,1,10,team2,Team 2 (E/W),40,80,39,♠,finished,2026-05-18T16:06:19.031173+00:00
3614,INPROC_BAE5A0,1,10,team2,Team 2 (E/W),51,69,25,♥,finished,2026-05-18T16:06:19.046930+00:00
3615,INPROC_1BC984,1,10,team2,Team 2 (E/W),31,89,32,♠,finished,2026-05-18T16:06:19.061982+00:00
3616,INPROC_F6B3A3,1,10,team1,Team 1 (N/S),84,36,11,♦,finished,2026-05-18T16:06:19.076851+00:00
3617,INPROC_99C855,1,10,team2,Team 2 (E/W),45,75,28,♥,finished,2026-05-18T16:06:19.094057+00:00
3618,INPROC_1D3877,1,10,team1,Team 1 (N/S),101,19,0,♣,finished,2026-05-18T16:06:19.110338+00:00
3619,INPROC_3FFD1B,1,10,team2,Team 2 (E/W),34,86,19,♦,finished,2026-05-18T16:06:19.127135+00:00
3620,INPROC_508510,1,10,team2,Team 2 (E/W),28,92,9,♣,finished,2026-05-18T16:06:19.143928+00:00
3621,INPROC_86514B,1,10,team2,Team 2 (E/W),32,88,6,♣,finished,2026-05-18T16:06:19.161328+00:00
3622,INPROC_B76429,1,10,team2,Team 2 (E/W),38,82,30,♠,finished,2026-05-18T16:06:19.177968+00:00
3623,INPROC_07D8E2,1,10,team2,Team 2 (E/W),50,70,39,♠,finished,2026-05-18T16:06:19.193141+00:00
3624,INPROC_41331F,1,10,team2,Team 2 (E/W),33,87,19,♦,finished,2026-05-18T16:06:19.208387+00:00
3625,INPROC_BFCA59,1,10,team2,Team 2 (E/W),47,73,1,♣,finished,2026-05-18T16:06:19.226087+00:00
3626,INPROC_6BA4D6,1,10,team1,Team 1 (N/S),107,13,35,♠,finished,2026-05-18T16:06:19.241790+00:00
3627,INPROC_778A48,1,10,team2,Team 2 (E/W),53,67,37,♠,finished,2026-05-18T16:06:19.256140+00:00
3628,INPROC_739A00,1,10,team2,Team 2 (E/W),44,76,1,♣,finished,2026-05-18T16:06:19.273182+00:00
3629,INPROC_7D1A88,1,10,team2,Team 2 (E/W),50,70,19,♦,finished,2026-05-18T16:06:19.288296+00:00
3630,INPROC_9EE5B2,1,10,team1,Team 1 (N/S),66,54,19,♦,finished,2026-05-18T16:06:19.308999+00:00
3631,INPROC_2C6B12,1,10,team2,Team 2 (E/W),55,65,24,♥,finished,2026-05-18T16:06:19.323468+00:00
3632,INPROC_11CDAA,1,10,team1,Team 1 (N/S),80,40,32,♠,finished,2026-05-18T16:06:19.344879+00:00
3633,INPROC_EE75D1,1,10,team1,Team 1 (N/S),116,4,25,♥,finished,2026-05-18T16:06:19.363511+00:00
3634,INPROC_281FAA,1,10,team2,Team 2 (E/W),38,82,7,♣,finished,2026-05-18T16:06:19.381697+00:00
3635,INPROC_66CA72,1,10,team2,Team 2 (E/W),42,78,11,♦,finished,2026-05-18T16:06:19.399453+00:00
3636,INPROC_BB9544,1,10,team1,Team 1 (N/S),95,25,12,♦,finished,2026-05-18T16:06:19.417964+00:00
3637,INPROC_C6BC62,1,10,team2,Team 2 (E/W),42,78,23,♥,finished,2026-05-18T16:06:19.434662+00:00
3638,INPROC_AE9C13,1,10,team2,Team 2 (E/W),51,69,27,♥,finished,2026-05-18T16:06:19.449315+00:00
3639,INPROC_8EA3C4,1,10,team1,Team 1 (N/S),91,29,32,♠,finished,2026-05-18T16:06:19.465605+00:00
3640,INPROC_32EBDA,1,10,team2,Team 2 (E/W),36,84,26,♥,finished,2026-05-18T16:06:19.481001+00:00
3641,INPROC_BA8D8B,1,10,team1,Team 1 (N/S),82,38,10,♦,finished,2026-05-18T16:06:19.496357+00:00
3642,INPROC_B5DE64,1,10,team1,Team 1 (N/S),76,44,6,♣,finished,2026-05-18T16:06:19.512928+00:00
3643,INPROC_324EF9,1,10,team2,Team 2 (E/W),30,90,36,♠,finished,2026-05-18T16:06:19.527510+00:00
3644,INPROC_75B0C4,1,10,team2,Team 2 (E/W),57,63,31,♠,finished,2026-05-18T16:06:19.546437+00:00
3645,INPROC_D752CA,1,10,team2,Team 2 (E/W),32,88,16,♦,finished,2026-05-18T16:06:19.564626+00:00
3646,INPROC_328141,1,10,team1,Team 1 (N/S),99,21,10,♦,finished,2026-05-18T16:06:19.582235+00:00
3647,INPROC_9CBF26,1,10,team1,Team 1 (N/S),97,23,7,♣,finished,2026-05-18T16:06:19.597738+00:00
3648,INPROC_CE4250,1,10,team1,Team 1 (N/S),73,47,5,♣,finished,2026-05-18T16:06:19.614122+00:00
3649,INPROC_16ECFF,1,10,team1,Team 1 (N/S),84,36,24,♥,finished,2026-05-18T16:06:19.623714+00:00
3650,INPROC_C576D8,1,10,team1,Team 1 (N/S),73,47,7,♣,finished,2026-05-18T16:06:19.635672+00:00
3651,INPROC_9C79B6,1,10,team1,Team 1 (N/S),69,51,32,♠,finished,2026-05-18T16:06:19.645798+00:00
3652,INPROC_21CD1E,1,10,team2,Team 2 (E/W),51,69,25,♥,finished,2026-05-18T16:06:19.661770+00:00
3653,INPROC_B0D419,1,10,team2,Team 2 (E/W),47,73,19,♦,finished,2026-05-18T16:06:19.676345+00:00
3654,INPROC_690A56,1,10,team1,Team 1 (N/S),81,39,35,♠,finished,2026-05-18T16:06:19.693456+00:00
3655,INPROC_DCC8C9,1,10,team1,Team 1 (N/S),77,43,3,♣,finished,2026-05-18T16:06:19.709721+00:00
3656,INPROC_8FE0FC,1,10,team1,Team 1 (N/S),69,51,37,♠,finished,2026-05-18T16:06:19.727581+00:00
3657,INPROC_B55F1C,1,10,team2,Team 2 (E/W),49,71,5,♣,finished,2026-05-18T16:06:19.747232+00:00
3658,INPROC_212F4B,1,10,team2,Team 2 (E/W),34,86,20,♥,finished,2026-05-18T16:06:19.761330+00:00
3659,INPROC_5584E7,1,10,team2,Team 2 (E/W),52,68,26,♥,finished,2026-05-18T16:06:19.775571+00:00
3660,INPROC_9716D9,1,10,team1,Team 1 (N/S),64,56,32,♠,finished,2026-05-18T16:06:19.791097+00:00
3661,INPROC_62228C,1,10,team1,Team 1 (N/S),64,56,25,♥,finished,2026-05-18T16:06:19.808532+00:00
3662,INPROC_D3BECE,1,10,team1,Team 1 (N/S),86,34,33,♠,finished,2026-05-18T16:06:19.827669+00:00
3663,INPROC_0CE9F9,1,10,team1,Team 1 (N/S),78,42,34,♠,finished,2026-05-18T16:06:19.847191+00:00
3664,INPROC_8C534A,1,10,team1,Team 1 (N/S),74,46,36,♠,finished,2026-05-18T16:06:19.861849+00:00
3665,INPROC_5557CD,1,10,team2,Team 2 (E/W),59,61,31,♠,finished,2026-05-18T16:06:19.875634+00:00
3666,INPROC_647949,1,10,team1,Team 1 (N/S),74,46,25,♥,finished,2026-05-18T16:06:19.891965+00:00
3667,INPROC_BAB3CD,1,10,team1,Team 1 (N/S),79,41,10,♦,finished,2026-05-18T16:06:19.906065+00:00
3668,INPROC_83484A,1,10,team1,Team 1 (N/S),98,22,27,♥,finished,2026-05-18T16:06:19.923262+00:00
3669,INPROC_46C079,1,10,team2,Team 2 (E/W),53,67,17,♦,finished,2026-05-18T16:06:19.939114+00:00
3670,INPROC_378732,1,10,team2,Team 2 (E/W),49,71,35,♠,finished,2026-05-18T16:06:19.955086+00:00
3671,INPROC_B9FF88,1,10,team2,Team 2 (E/W),30,90,17,♦,finished,2026-05-18T16:06:19.971183+00:00
3672,INPROC_DA6338,1,10,team2,Team 2 (E/W),45,75,34,♠,finished,2026-05-18T16:06:19.987835+00:00
3673,INPROC_18516E,1,10,team1,Team 1 (N/S),62,58,30,♠,finished,2026-05-18T16:06:20.002256+00:00
3674,INPROC_AA247A,1,10,team1,Team 1 (N/S),68,52,39,♠,finished,2026-05-18T16:06:20.017848+00:00
3675,INPROC_7436D2,1,10,team2,Team 2 (E/W),53,67,20,♥,finished,2026-05-18T16:06:20.034366+00:00
3676,INPROC_25D0E0,1,10,team2,Team 2 (E/W),50,70,7,♣,finished,2026-05-18T16:06:20.052936+00:00
3677,INPROC_2C219B,1,10,team2,Team 2 (E/W),28,92,18,♦,finished,2026-05-18T16:06:20.068016+00:00
3678,INPROC_D03DB0,1,10,draw,draw,60,60,0,♣,finished,2026-05-18T16:06:20.082478+00:00
3679,INPROC_6E06F9,1,10,team1,Team 1 (N/S),77,43,13,♦,finished,2026-05-18T16:06:20.099596+00:00
3680,INPROC_7181D9,1,10,team1,Team 1 (N/S),79,41,33,♠,finished,2026-05-18T16:06:20.112904+00:00
3681,INPROC_28D0C8,1,10,team2,Team 2 (E/W),46,74,13,♦,finished,2026-05-18T16:06:20.122710+00:00
3682,INPROC_87F123,1,10,team1,Team 1 (N/S),64,56,3,♣,finished,2026-05-18T16:06:20.135017+00:00
3683,INPROC_1FADDE,1,10,team2,Team 2 (E/W),44,76,28,♥,finished,2026-05-18T16:06:20.150441+00:00
3684,INPROC_E8FEF2,1,10,team1,Team 1 (N/S),75,45,17,♦,finished,2026-05-18T16:06:20.165830+00:00
3685,INPROC_FF8ED5,1,10,team2,Team 2 (E/W),30,90,31,♠,finished,2026-05-18T16:06:20.181343+00:00
3686,INPROC_D30776,1,10,team1,Team 1 (N/S),71,49,36,♠,finished,2026-05-18T16:06:20.196181+00:00
3687,INPROC_65FCB1,1,10,team2,Team 2 (E/W),52,68,3,♣,finished,2026-05-18T16:06:20.213225+00:00
3688,INPROC_69E88C,1,10,team1,Team 1 (N/S),100,20,11,♦,finished,2026-05-18T16:06:20.229862+00:00
3689,INPROC_AB16FF,1,10,team2,Team 2 (E/W),52,68,35,♠,finished,2026-05-18T16:06:20.247531+00:00
3690,INPROC_69F243,1,10,team2,Team 2 (E/W),47,73,3,♣,finished,2026-05-18T16:06:20.262173+00:00
3691,INPROC_A51C1B,1,10,team1,Team 1 (N/S),83,37,4,♣,finished,2026-05-18T16:06:20.278424+00:00
3692,INPROC_994D84,1,10,team2,Team 2 (E/W),53,67,11,♦,finished,2026-05-18T16:06:20.293640+00:00
3693,INPROC_631EFA,1,10,team1,Team 1 (N/S),76,44,3,♣,finished,2026-05-18T16:06:20.309663+00:00
3694,INPROC_AFE538,1,10,team1,Team 1 (N/S),72,48,4,♣,finished,2026-05-18T16:06:20.325458+00:00
3695,INPROC_A59620,1,10,team2,Team 2 (E/W),38,82,28,♥,finished,2026-05-18T16:06:20.342555+00:00
3696,INPROC_C663BF,1,10,team1,Team 1 (N/S),64,56,16,♦,finished,2026-05-18T16:06:20.359344+00:00
3697,INPROC_825464,1,10,team2,Team 2 (E/W),25,95,12,♦,finished,2026-05-18T16:06:20.376133+00:00
3698,INPROC_B33693,1,10,team2,Team 2 (E/W),27,93,24,♥,finished,2026-05-18T16:06:20.391300+00:00
3699,INPROC_69047C,1,10,team2,Team 2 (E/W),50,70,1,♣,finished,2026-05-18T16:06:20.407226+00:00
3700,INPROC_6DA92F,1,10,team2,Team 2 (E/W),53,67,25,♥,finished,2026-05-18T16:06:20.422119+00:00
3701,INPROC_F9089C,1,10,team2,Team 2 (E/W),52,68,38,♠,finished,2026-05-18T16:06:20.436508+00:00
3702,INPROC_99BC04,1,10,team2,Team 2 (E/W),30,90,4,♣,finished,2026-05-18T16:06:20.455282+00:00
3703,INPROC_1FDBBB,1,10,team2,Team 2 (E/W),52,68,39,♠,finished,2026-05-18T16:06:20.471954+00:00
3704,INPROC_FFADB1,1,10,team2,Team 2 (E/W),42,78,13,♦,finished,2026-05-18T16:06:20.485969+00:00
3705,INPROC_68F9C5,1,10,team2,Team 2 (E/W),0,120,12,♦,finished,2026-05-18T16:06:20.503054+00:00
3706,INPROC_7B0187,1,10,team1,Team 1 (N/S),80,40,8,♣,finished,2026-05-18T16:06:20.621253+00:00
3707,INPROC_6F10AF,1,10,team2,Team 2 (E/W),36,84,11,♦,finished,2026-05-18T16:06:20.643548+00:00
3708,INPROC_304C01,1,10,team1,Team 1 (N/S),76,44,23,♥,finished,2026-05-18T16:06:20.665480+00:00
3709,INPROC_BBAEE2,1,10,team1,Team 1 (N/S),76,44,13,♦,finished,2026-05-18T16:06:20.696631+00:00
3710,INPROC_0F4FDF,1,10,team2,Team 2 (E/W),56,64,14,♦,finished,2026-05-18T16:06:20.719213+00:00
3711,INPROC_F3672C,1,10,team2,Team 2 (E/W),27,93,1,♣,finished,2026-05-18T16:06:20.738834+00:00
3712,INPROC_B5AA85,1,10,team2,Team 2 (E/W),59,61,33,♠,finished,2026-05-18T16:06:20.756689+00:00
3713,INPROC_C9DF48,1,10,team1,Team 1 (N/S),69,51,39,♠,finished,2026-05-18T16:06:20.770800+00:00
3714,INPROC_E6E1DC,1,10,team1,Team 1 (N/S),69,51,7,♣,finished,2026-05-18T16:06:20.785965+00:00
3715,INPROC_109A7D,1,10,team1,Team 1 (N/S),93,27,13,♦,finished,2026-05-18T16:06:20.806872+00:00
3716,INPROC_48D158,1,10,team1,Team 1 (N/S),81,39,20,♥,finished,2026-05-18T16:06:20.820584+00:00
3717,INPROC_CB46ED,1,10,team1,Team 1 (N/S),63,57,18,♦,finished,2026-05-18T16:06:20.832688+00:00
3718,INPROC_D280F1,1,10,team2,Team 2 (E/W),52,68,34,♠,finished,2026-05-18T16:06:20.846086+00:00
3719,INPROC_663C93,1,10,team1,Team 1 (N/S),68,52,34,♠,finished,2026-05-18T16:06:20.861098+00:00
3720,INPROC_C91549,1,10,team1,Team 1 (N/S),64,56,19,♦,finished,2026-05-18T16:06:20.875910+00:00
3721,INPROC_AC9619,1,10,team1,Team 1 (N/S),112,8,6,♣,finished,2026-05-18T16:06:20.891678+00:00
3722,INPROC_A0A00E,1,10,team1,Team 1 (N/S),86,34,18,♦,finished,2026-05-18T16:06:20.907520+00:00
3723,INPROC_839D42,1,10,team2,Team 2 (E/W),33,87,33,♠,finished,2026-05-18T16:06:20.925117+00:00
3724,INPROC_3A272F,1,10,team1,Team 1 (N/S),69,51,5,♣,finished,2026-05-18T16:06:20.945841+00:00
3725,INPROC_AB4D6D,1,10,team2,Team 2 (E/W),54,66,5,♣,finished,2026-05-18T16:06:20.959372+00:00
3726,INPROC_F0FBDB,1,10,team2,Team 2 (E/W),37,83,30,♠,finished,2026-05-18T16:06:20.974355+00:00
3727,INPROC_0BDE03,1,10,team2,Team 2 (E/W),38,82,39,♠,finished,2026-05-18T16:06:20.990984+00:00
3728,INPROC_DC479D,1,10,team1,Team 1 (N/S),91,29,3,♣,finished,2026-05-18T16:06:21.005545+00:00
3729,INPROC_665440,1,10,team1,Team 1 (N/S),69,51,17,♦,finished,2026-05-18T16:06:21.018555+00:00
3730,INPROC_F2241A,1,10,team2,Team 2 (E/W),35,85,23,♥,finished,2026-05-18T16:06:21.046326+00:00
3731,INPROC_547EEA,1,10,team2,Team 2 (E/W),14,106,9,♣,finished,2026-05-18T16:06:21.094616+00:00
3732,INPROC_3166D5,1,10,team2,Team 2 (E/W),22,98,38,♠,finished,2026-05-18T16:06:21.127697+00:00
3733,INPROC_667201,1,10,team2,Team 2 (E/W),36,84,21,♥,finished,2026-05-18T16:06:21.141283+00:00
3734,INPROC_A267D9,1,10,team2,Team 2 (E/W),33,87,4,♣,finished,2026-05-18T16:06:21.156607+00:00
3735,INPROC_C3F385,1,10,team1,Team 1 (N/S),93,27,33,♠,finished,2026-05-18T16:06:21.167853+00:00
3736,INPROC_F8308A,1,10,team2,Team 2 (E/W),39,81,0,♣,finished,2026-05-18T16:06:21.184023+00:00
3737,INPROC_CB41B0,1,10,team2,Team 2 (E/W),3,117,20,♥,finished,2026-05-18T16:06:21.198500+00:00
3738,INPROC_5654F4,1,10,team2,Team 2 (E/W),52,68,8,♣,finished,2026-05-18T16:06:21.211909+00:00
3739,INPROC_97668B,1,10,team1,Team 1 (N/S),87,33,19,♦,finished,2026-05-18T16:06:21.228754+00:00
3740,INPROC_140098,1,10,team1,Team 1 (N/S),70,50,24,♥,finished,2026-05-18T16:06:21.243369+00:00
3741,INPROC_A183CD,1,10,team1,Team 1 (N/S),66,54,1,♣,finished,2026-05-18T16:06:21.257568+00:00
3742,INPROC_7B3FDD,1,10,team1,Team 1 (N/S),66,54,14,♦,finished,2026-05-18T16:06:21.271667+00:00
3743,INPROC_AD63BF,1,10,team1,Team 1 (N/S),64,56,32,♠,finished,2026-05-18T16:06:21.287842+00:00
3744,INPROC_AE3C9A,1,10,team1,Team 1 (N/S),61,59,5,♣,finished,2026-05-18T16:06:21.304211+00:00
3745,INPROC_6503BE,1,10,team1,Team 1 (N/S),71,49,20,♥,finished,2026-05-18T16:06:21.314476+00:00
3746,INPROC_E12A8F,1,10,team1,Team 1 (N/S),69,51,15,♦,finished,2026-05-18T16:06:21.323798+00:00
3747,INPROC_9B549F,1,10,team2,Team 2 (E/W),58,62,15,♦,finished,2026-05-18T16:06:21.336449+00:00
3748,INPROC_80897D,1,10,team1,Team 1 (N/S),77,43,18,♦,finished,2026-05-18T16:06:21.350563+00:00
3749,INPROC_141543,1,10,team1,Team 1 (N/S),83,37,13,♦,finished,2026-05-18T16:06:21.365480+00:00
3750,INPROC_0FC4BF,1,10,team2,Team 2 (E/W),40,80,27,♥,finished,2026-05-18T16:06:21.376717+00:00
3751,INPROC_D5CE32,1,10,team1,Team 1 (N/S),67,53,8,♣,finished,2026-05-18T16:06:21.386091+00:00
3752,INPROC_C72FF8,1,10,team1,Team 1 (N/S),117,3,33,♠,finished,2026-05-18T16:06:21.398322+00:00
3753,INPROC_6976C9,1,10,team2,Team 2 (E/W),48,72,10,♦,finished,2026-05-18T16:06:21.414039+00:00
3754,INPROC_E0CAF3,1,10,team2,Team 2 (E/W),23,97,3,♣,finished,2026-05-18T16:06:21.429244+00:00
3755,INPROC_4427C9,1,10,team2,Team 2 (E/W),50,70,22,♥,finished,2026-05-18T16:06:21.439785+00:00
3756,INPROC_0A0C4A,1,10,team1,Team 1 (N/S),63,57,16,♦,finished,2026-05-18T16:06:21.453990+00:00
3757,INPROC_8E8F5C,1,10,team2,Team 2 (E/W),28,92,20,♥,finished,2026-05-18T16:06:21.465412+00:00
3758,INPROC_8DD601,1,10,team1,Team 1 (N/S),78,42,37,♠,finished,2026-05-18T16:06:21.479539+00:00
3759,INPROC_1DA670,1,10,team1,Team 1 (N/S),99,21,12,♦,finished,2026-05-18T16:06:21.495094+00:00
3760,INPROC_7277F5,1,10,team2,Team 2 (E/W),55,65,8,♣,finished,2026-05-18T16:06:21.511367+00:00
3761,INPROC_DA6AE2,1,10,draw,draw,60,60,7,♣,finished,2026-05-18T16:06:21.529475+00:00
3762,INPROC_152241,1,10,team2,Team 2 (E/W),43,77,0,♣,finished,2026-05-18T16:06:21.548583+00:00
3763,INPROC_A06B5D,1,10,team2,Team 2 (E/W),37,83,19,♦,finished,2026-05-18T16:06:21.563760+00:00
3764,INPROC_D8AA4C,1,10,team1,Team 1 (N/S),93,27,1,♣,finished,2026-05-18T16:06:21.578642+00:00
3765,INPROC_08C22C,1,10,draw,draw,60,60,17,♦,finished,2026-05-18T16:06:21.594060+00:00
3766,INPROC_78DC69,1,10,team2,Team 2 (E/W),59,61,10,♦,finished,2026-05-18T16:06:21.605885+00:00
3767,INPROC_6482C2,1,10,team1,Team 1 (N/S),83,37,2,♣,finished,2026-05-18T16:06:21.621239+00:00
3768,INPROC_20035D,1,10,team2,Team 2 (E/W),52,68,18,♦,finished,2026-05-18T16:06:21.638444+00:00
3769,INPROC_C9E7F9,1,10,team1,Team 1 (N/S),85,35,2,♣,finished,2026-05-18T16:06:21.655472+00:00
3770,INPROC_A0DD89,1,10,team2,Team 2 (E/W),56,64,35,♠,finished,2026-05-18T16:06:21.670278+00:00
3771,INPROC_D2B83C,1,10,team1,Team 1 (N/S),75,45,34,♠,finished,2026-05-18T16:06:21.681045+00:00
3772,INPROC_688280,1,10,team2,Team 2 (E/W),56,64,39,♠,finished,2026-05-18T16:06:21.694076+00:00
3773,INPROC_F29BC8,1,10,team2,Team 2 (E/W),7,113,28,♥,finished,2026-05-18T16:06:21.707737+00:00
3774,INPROC_9554C3,1,10,team2,Team 2 (E/W),44,76,17,♦,finished,2026-05-18T16:06:21.724144+00:00
3775,INPROC_788962,1,10,team2,Team 2 (E/W),58,62,19,♦,finished,2026-05-18T16:06:21.739104+00:00
3776,INPROC_10A8D5,1,10,team2,Team 2 (E/W),56,64,19,♦,finished,2026-05-18T16:06:21.747775+00:00
3777,INPROC_E984CD,1,10,team2,Team 2 (E/W),17,103,35,♠,finished,2026-05-18T16:06:21.761837+00:00
3778,INPROC_C3B7BF,1,10,team1,Team 1 (N/S),86,34,36,♠,finished,2026-05-18T16:06:21.774460+00:00
3779,INPROC_A01EAA,1,10,team1,Team 1 (N/S),84,36,33,♠,finished,2026-05-18T16:06:21.786353+00:00
3780,INPROC_C9E7F9,1,10,team1,Team 1 (N/S),96,24,12,♦,finished,2026-05-18T16:06:21.797500+00:00
3781,INPROC_3E9766,1,10,team2,Team 2 (E/W),40,80,26,♥,finished,2026-05-18T16:06:21.809754+00:00
3782,INPROC_D20A20,1,10,team1,Team 1 (N/S),74,46,3,♣,finished,2026-05-18T16:06:21.824098+00:00
3783,INPROC_590A41,1,10,team2,Team 2 (E/W),0,120,11,♦,finished,2026-05-18T16:06:21.837928+00:00
3784,INPROC_4AD199,1,10,team1,Team 1 (N/S),79,41,35,♠,finished,2026-05-18T16:06:21.852253+00:00
3785,INPROC_234F2C,1,10,team1,Team 1 (N/S),76,44,29,♥,finished,2026-05-18T16:06:21.867374+00:00
3786,INPROC_B8517A,1,10,team2,Team 2 (E/W),48,72,26,♥,finished,2026-05-18T16:06:21.880614+00:00
3787,INPROC_95F063,1,10,team2,Team 2 (E/W),21,99,22,♥,finished,2026-05-18T16:06:21.896581+00:00
3788,INPROC_1590C0,1,10,team1,Team 1 (N/S),82,38,28,♥,finished,2026-05-18T16:06:21.915130+00:00
3789,INPROC_598E29,1,10,team1,Team 1 (N/S),84,36,4,♣,finished,2026-05-18T16:06:21.933046+00:00
3790,INPROC_9FDE88,1,10,team2,Team 2 (E/W),44,76,3,♣,finished,2026-05-18T16:06:21.948315+00:00
3791,INPROC_9793CB,1,10,team1,Team 1 (N/S),74,46,29,♥,finished,2026-05-18T16:06:21.965789+00:00
3792,INPROC_F4C230,1,10,team1,Team 1 (N/S),93,27,14,♦,finished,2026-05-18T16:06:21.981159+00:00
3793,INPROC_A17498,1,10,team1,Team 1 (N/S),88,32,27,♥,finished,2026-05-18T16:06:21.998032+00:00
3794,INPROC_21A476,1,10,team2,Team 2 (E/W),44,76,11,♦,finished,2026-05-18T16:06:22.014082+00:00
3795,INPROC_1C09BC,1,10,team2,Team 2 (E/W),57,63,23,♥,finished,2026-05-18T16:06:22.025974+00:00
3796,INPROC_D0DAD2,1,10,team2,Team 2 (E/W),54,66,13,♦,finished,2026-05-18T16:06:22.036518+00:00
3797,INPROC_0BF071,1,10,team2,Team 2 (E/W),59,61,31,♠,finished,2026-05-18T16:06:22.052093+00:00
3798,INPROC_D60712,1,10,team1,Team 1 (N/S),81,39,32,♠,finished,2026-05-18T16:06:22.063980+00:00
3799,INPROC_229B41,1,10,team2,Team 2 (E/W),54,66,38,♠,finished,2026-05-18T16:06:22.078907+00:00
3800,INPROC_CEA103,1,10,team2,Team 2 (E/W),55,65,30,♠,finished,2026-05-18T16:06:22.089450+00:00
3801,INPROC_97B176,1,10,team1,Team 1 (N/S),81,39,21,♥,finished,2026-05-18T16:06:22.102057+00:00
3802,INPROC_F15AC1,1,10,team2,Team 2 (E/W),57,63,35,♠,finished,2026-05-18T16:06:22.115590+00:00
3803,INPROC_189826,1,10,team1,Team 1 (N/S),65,55,38,♠,finished,2026-05-18T16:06:22.128648+00:00
3804,INPROC_7D164F,1,10,team2,Team 2 (E/W),55,65,20,♥,finished,2026-05-18T16:06:22.143213+00:00
3805,INPROC_3AC090,1,10,team1,Team 1 (N/S),72,48,35,♠,finished,2026-05-18T16:06:22.160076+00:00
3806,INPROC_19543F,1,10,team2,Team 2 (E/W),47,73,23,♥,finished,2026-05-18T16:06:22.175102+00:00
3807,INPROC_BA95A6,1,10,team1,Team 1 (N/S),85,35,16,♦,finished,2026-05-18T16:06:22.191302+00:00
3808,INPROC_5E74DD,1,10,team2,Team 2 (E/W),44,76,37,♠,finished,2026-05-18T16:06:22.206504+00:00
3809,INPROC_1AB4AB,1,10,team1,Team 1 (N/S),62,58,17,♦,finished,2026-05-18T16:06:22.224511+00:00
3810,INPROC_51F8AC,1,10,team2,Team 2 (E/W),57,63,33,♠,finished,2026-05-18T16:06:22.240989+00:00
3811,INPROC_BD9AFC,1,10,team2,Team 2 (E/W),10,110,35,♠,finished,2026-05-18T16:06:22.256520+00:00
3812,INPROC_07DE1C,1,10,team2,Team 2 (E/W),47,73,8,♣,finished,2026-05-18T16:06:22.274885+00:00
3813,INPROC_7AEAF6,1,10,team2,Team 2 (E/W),15,105,31,♠,finished,2026-05-18T16:06:22.292551+00:00
3814,INPROC_D69EC5,1,10,team1,Team 1 (N/S),73,47,21,♥,finished,2026-05-18T16:06:22.307155+00:00
3815,INPROC_B6A118,1,10,team2,Team 2 (E/W),47,73,38,♠,finished,2026-05-18T16:06:22.322191+00:00
3816,INPROC_6C8461,1,10,team1,Team 1 (N/S),77,43,29,♥,finished,2026-05-18T16:06:22.337233+00:00
3817,INPROC_AFF477,1,10,team1,Team 1 (N/S),70,50,21,♥,finished,2026-05-18T16:06:22.353355+00:00
3818,INPROC_E5D5F0,1,10,team2,Team 2 (E/W),59,61,7,♣,finished,2026-05-18T16:06:22.365083+00:00
3819,INPROC_6D80C5,1,10,team2,Team 2 (E/W),48,72,31,♠,finished,2026-05-18T16:06:22.380521+00:00
3820,INPROC_564539,1,10,team2,Team 2 (E/W),21,99,17,♦,finished,2026-05-18T16:06:22.391742+00:00
3821,INPROC_34ACBC,1,10,team2,Team 2 (E/W),28,92,34,♠,finished,2026-05-18T16:06:22.407005+00:00
3822,INPROC_C7798B,1,10,team1,Team 1 (N/S),86,34,23,♥,finished,2026-05-18T16:06:22.424126+00:00
3823,INPROC_ADF960,1,10,team1,Team 1 (N/S),67,53,7,♣,finished,2026-05-18T16:06:22.438641+00:00
3824,INPROC_C71422,1,10,team2,Team 2 (E/W),27,93,25,♥,finished,2026-05-18T16:06:22.456286+00:00
3825,INPROC_B310F8,1,10,team2,Team 2 (E/W),53,67,1,♣,finished,2026-05-18T16:06:22.471082+00:00
3826,INPROC_7E08AE,1,10,team2,Team 2 (E/W),54,66,18,♦,finished,2026-05-18T16:06:22.486260+00:00
3827,INPROC_D2F834,1,10,team2,Team 2 (E/W),39,81,21,♥,finished,2026-05-18T16:06:22.501176+00:00
3828,INPROC_DABB43,1,10,team2,Team 2 (E/W),32,88,1,♣,finished,2026-05-18T16:06:22.516449+00:00
3829,INPROC_4CBC03,1,10,team2,Team 2 (E/W),35,85,13,♦,finished,2026-05-18T16:06:22.532786+00:00
3830,INPROC_B4C516,1,10,team2,Team 2 (E/W),33,87,13,♦,finished,2026-05-18T16:06:22.546210+00:00
3831,INPROC_D0BC34,1,10,team1,Team 1 (N/S),65,55,21,♥,finished,2026-05-18T16:06:22.564362+00:00
3832,INPROC_BB41C4,1,10,team2,Team 2 (E/W),51,69,34,♠,finished,2026-05-18T16:06:22.579574+00:00
3833,INPROC_A70530,1,10,team2,Team 2 (E/W),47,73,19,♦,finished,2026-05-18T16:06:22.597212+00:00
3834,INPROC_D69803,1,10,team2,Team 2 (E/W),53,67,15,♦,finished,2026-05-18T16:06:22.614853+00:00
3835,INPROC_E83B95,1,10,team1,Team 1 (N/S),65,55,17,♦,finished,2026-05-18T16:06:22.629049+00:00
3836,INPROC_B828F7,1,10,team1,Team 1 (N/S),80,40,3,♣,finished,2026-05-18T16:06:22.643927+00:00
3837,INPROC_382D5B,1,10,team2,Team 2 (E/W),43,77,28,♥,finished,2026-05-18T16:06:22.657060+00:00
3838,INPROC_46EEB9,1,10,team2,Team 2 (E/W),42,78,39,♠,finished,2026-05-18T16:06:22.670640+00:00
3839,INPROC_6D0815,1,10,team2,Team 2 (E/W),13,107,1,♣,finished,2026-05-18T16:06:22.684764+00:00
3840,INPROC_D3F711,1,10,team2,Team 2 (E/W),51,69,35,♠,finished,2026-05-18T16:06:22.699188+00:00
3841,INPROC_746B3B,1,10,team2,Team 2 (E/W),41,79,3,♣,finished,2026-05-18T16:06:22.714180+00:00
3842,INPROC_DFDA30,1,10,team1,Team 1 (N/S),99,21,14,♦,finished,2026-05-18T16:06:22.728404+00:00
3843,INPROC_CCB42F,1,10,team2,Team 2 (E/W),6,114,15,♦,finished,2026-05-18T16:06:22.743694+00:00
3844,INPROC_3CA178,1,10,team1,Team 1 (N/S),62,58,18,♦,finished,2026-05-18T16:06:22.758638+00:00
3845,INPROC_F8DCE3,1,10,team2,Team 2 (E/W),9,111,7,♣,finished,2026-05-18T16:06:22.776224+00:00
3846,INPROC_2C8FA7,1,10,team1,Team 1 (N/S),80,40,38,♠,finished,2026-05-18T16:06:22.792475+00:00
3847,INPROC_4FABA2,1,10,team2,Team 2 (E/W),48,72,37,♠,finished,2026-05-18T16:06:22.810771+00:00
3848,INPROC_9DA553,1,10,team1,Team 1 (N/S),77,43,13,♦,finished,2026-05-18T16:06:22.827249+00:00
3849,INPROC_B0DB31,1,10,team2,Team 2 (E/W),37,83,27,♥,finished,2026-05-18T16:06:22.842618+00:00
3850,INPROC_58A3D5,1,10,team2,Team 2 (E/W),51,69,32,♠,finished,2026-05-18T16:06:22.859585+00:00
3851,INPROC_A76992,1,10,team2,Team 2 (E/W),29,91,21,♥,finished,2026-05-18T16:06:22.874907+00:00
3852,INPROC_051677,1,10,team2,Team 2 (E/W),43,77,6,♣,finished,2026-05-18T16:06:22.890017+00:00
3853,INPROC_E5E09A,1,10,team2,Team 2 (E/W),48,72,36,♠,finished,2026-05-18T16:06:22.903628+00:00
3854,INPROC_DEC430,1,10,team2,Team 2 (E/W),58,62,16,♦,finished,2026-05-18T16:06:22.914244+00:00
3855,INPROC_540A33,1,10,team1,Team 1 (N/S),62,58,27,♥,finished,2026-05-18T16:06:22.928416+00:00
3856,INPROC_2A66D9,1,10,team2,Team 2 (E/W),35,85,23,♥,finished,2026-05-18T16:06:22.942571+00:00
3857,INPROC_1DE7A3,1,10,team1,Team 1 (N/S),73,47,21,♥,finished,2026-05-18T16:06:22.955902+00:00
3858,INPROC_99467C,1,10,team2,Team 2 (E/W),47,73,7,♣,finished,2026-05-18T16:06:22.970302+00:00
3859,INPROC_E5A11B,1,10,team1,Team 1 (N/S),98,22,35,♠,finished,2026-05-18T16:06:22.985282+00:00
3860,INPROC_5500E9,1,10,team2,Team 2 (E/W),55,65,8,♣,finished,2026-05-18T16:06:23.003773+00:00
3861,INPROC_ECF9DE,1,10,team2,Team 2 (E/W),24,96,20,♥,finished,2026-05-18T16:06:23.019888+00:00
3862,INPROC_419505,1,10,team2,Team 2 (E/W),19,101,13,♦,finished,2026-05-18T16:06:23.033202+00:00
3863,INPROC_59EF74,1,10,team1,Team 1 (N/S),78,42,10,♦,finished,2026-05-18T16:06:23.044351+00:00
3864,INPROC_1C18A3,1,10,team1,Team 1 (N/S),74,46,35,♠,finished,2026-05-18T16:06:23.055588+00:00
3865,INPROC_FF4226,1,10,team2,Team 2 (E/W),15,105,13,♦,finished,2026-05-18T16:06:23.073702+00:00
3866,INPROC_0DC476,1,10,team2,Team 2 (E/W),19,101,12,♦,finished,2026-05-18T16:06:23.089863+00:00
3867,INPROC_3F41A5,1,10,team2,Team 2 (E/W),33,87,17,♦,finished,2026-05-18T16:06:23.104059+00:00
3868,INPROC_6AB304,1,10,team1,Team 1 (N/S),62,58,22,♥,finished,2026-05-18T16:06:23.121182+00:00
3869,INPROC_7A0ACC,1,10,team2,Team 2 (E/W),0,120,28,♥,finished,2026-05-18T16:06:23.136339+00:00
3870,INPROC_43C913,1,10,team1,Team 1 (N/S),79,41,5,♣,finished,2026-05-18T16:06:23.151574+00:00
3871,INPROC_ACA089,1,10,team2,Team 2 (E/W),49,71,38,♠,finished,2026-05-18T16:06:23.166429+00:00
3872,INPROC_DF9748,1,10,team2,Team 2 (E/W),44,76,4,♣,finished,2026-05-18T16:06:23.181521+00:00
3873,INPROC_ECC0BB,1,10,team1,Team 1 (N/S),96,24,2,♣,finished,2026-05-18T16:06:23.198535+00:00
3874,INPROC_1B3ABB,1,10,team1,Team 1 (N/S),90,30,33,♠,finished,2026-05-18T16:06:23.213928+00:00
3875,INPROC_4DF6F7,1,10,team2,Team 2 (E/W),42,78,1,♣,finished,2026-05-18T16:06:23.230548+00:00
3876,INPROC_9229DB,1,10,team2,Team 2 (E/W),18,102,36,♠,finished,2026-05-18T16:06:23.245810+00:00
3877,INPROC_06E0AA,1,10,team2,Team 2 (E/W),25,95,29,♥,finished,2026-05-18T16:06:23.262708+00:00
3878,INPROC_CDAA67,1,10,team2,Team 2 (E/W),11,109,6,♣,finished,2026-05-18T16:06:23.280290+00:00
3879,INPROC_B9E47C,1,10,team1,Team 1 (N/S),85,35,11,♦,finished,2026-05-18T16:06:23.297008+00:00
3880,INPROC_265CE0,1,10,team2,Team 2 (E/W),59,61,31,♠,finished,2026-05-18T16:06:23.311767+00:00
3881,INPROC_84C875,1,10,team1,Team 1 (N/S),79,41,17,♦,finished,2026-05-18T16:06:23.328365+00:00
3882,INPROC_757036,1,10,team2,Team 2 (E/W),49,71,25,♥,finished,2026-05-18T16:06:23.344993+00:00
3883,INPROC_7E2CDD,1,10,team2,Team 2 (E/W),18,102,30,♠,finished,2026-05-18T16:06:23.360216+00:00
3884,INPROC_0E1693,1,10,team1,Team 1 (N/S),66,54,5,♣,finished,2026-05-18T16:06:23.377214+00:00
3885,INPROC_E6788C,1,10,team2,Team 2 (E/W),48,72,31,♠,finished,2026-05-18T16:06:23.392333+00:00
3886,INPROC_BD1B9B,1,10,team1,Team 1 (N/S),78,42,32,♠,finished,2026-05-18T16:06:23.407145+00:00
3887,INPROC_774960,1,10,team2,Team 2 (E/W),29,91,9,♣,finished,2026-05-18T16:06:23.425116+00:00
3888,INPROC_14B548,1,10,team1,Team 1 (N/S),100,20,2,♣,finished,2026-05-18T16:06:23.442281+00:00
3889,INPROC_F00CA8,1,10,team1,Team 1 (N/S),97,23,0,♣,finished,2026-05-18T16:06:23.458726+00:00
3890,INPROC_8DC92D,1,10,team2,Team 2 (E/W),41,79,26,♥,finished,2026-05-18T16:06:23.479372+00:00
3891,INPROC_43445B,1,10,team2,Team 2 (E/W),47,73,8,♣,finished,2026-05-18T16:06:23.491510+00:00
3892,INPROC_EE2395,1,10,draw,draw,60,60,8,♣,finished,2026-05-18T16:06:23.510229+00:00
3893,INPROC_E35D49,1,10,team2,Team 2 (E/W),44,76,38,♠,finished,2026-05-18T16:06:23.528407+00:00
3894,INPROC_FE555F,1,10,team2,Team 2 (E/W),29,91,8,♣,finished,2026-05-18T16:06:23.544092+00:00
3895,INPROC_BB2807,1,10,team2,Team 2 (E/W),37,83,5,♣,finished,2026-05-18T16:06:23.558320+00:00
3896,INPROC_71CFB1,1,10,team1,Team 1 (N/S),66,54,23,♥,finished,2026-05-18T16:06:23.571477+00:00
3897,INPROC_FDCA40,1,10,team2,Team 2 (E/W),14,106,0,♣,finished,2026-05-18T16:06:23.587205+00:00
3898,INPROC_6D80F9,1,10,team2,Team 2 (E/W),59,61,23,♥,finished,2026-05-18T16:06:23.602921+00:00
3899,INPROC_C2A4C2,1,10,team2,Team 2 (E/W),57,63,20,♥,finished,2026-05-18T16:06:23.618541+00:00
3900,INPROC_974528,1,10,team2,Team 2 (E/W),30,90,11,♦,finished,2026-05-18T16:06:23.633349+00:00
3901,INPROC_3EE640,1,10,team1,Team 1 (N/S),72,48,35,♠,finished,2026-05-18T16:06:23.650354+00:00
3902,INPROC_BB747D,1,10,team1,Team 1 (N/S),85,35,4,♣,finished,2026-05-18T16:06:23.663889+00:00
3903,INPROC_D90DAD,1,10,team2,Team 2 (E/W),29,91,29,♥,finished,2026-05-18T16:06:23.680465+00:00
3904,INPROC_B2CA3E,1,10,team2,Team 2 (E/W),41,79,25,♥,finished,2026-05-18T16:06:23.697809+00:00
3905,INPROC_D430C5,1,10,team1,Team 1 (N/S),69,51,38,♠,finished,2026-05-18T16:06:23.714076+00:00
3906,INPROC_23A804,1,10,team2,Team 2 (E/W),52,68,23,♥,finished,2026-05-18T16:06:23.730057+00:00
3907,INPROC_AF04D4,1,10,team2,Team 2 (E/W),40,80,19,♦,finished,2026-05-18T16:06:23.745670+00:00
3908,INPROC_8368AA,1,10,team1,Team 1 (N/S),69,51,22,♥,finished,2026-05-18T16:06:23.765608+00:00
3909,INPROC_9AF6D8,1,10,team1,Team 1 (N/S),81,39,4,♣,finished,2026-05-18T16:06:23.783470+00:00
3910,INPROC_966F01,1,10,team1,Team 1 (N/S),71,49,15,♦,finished,2026-05-18T16:06:23.799138+00:00
3911,INPROC_76B3A6,1,10,team2,Team 2 (E/W),11,109,26,♥,finished,2026-05-18T16:06:23.811369+00:00
3912,INPROC_DC97CE,1,10,team1,Team 1 (N/S),79,41,36,♠,finished,2026-05-18T16:06:23.827885+00:00
3913,INPROC_AB2B43,1,10,team2,Team 2 (E/W),20,100,1,♣,finished,2026-05-18T16:06:23.843729+00:00
3914,INPROC_80BCCF,1,10,team2,Team 2 (E/W),23,97,9,♣,finished,2026-05-18T16:06:23.858601+00:00
3915,INPROC_900B7D,1,10,team1,Team 1 (N/S),71,49,21,♥,finished,2026-05-18T16:06:23.873772+00:00
3916,INPROC_7B27A3,1,10,team2,Team 2 (E/W),9,111,16,♦,finished,2026-05-18T16:06:23.888762+00:00
3917,INPROC_EC11BF,1,10,team1,Team 1 (N/S),91,29,31,♠,finished,2026-05-18T16:06:23.903350+00:00
3918,INPROC_AA97E9,1,10,team1,Team 1 (N/S),82,38,1,♣,finished,2026-05-18T16:06:23.917613+00:00
3919,INPROC_B961E4,1,10,team2,Team 2 (E/W),44,76,18,♦,finished,2026-05-18T16:06:23.933221+00:00
3920,INPROC_4AE6F1,1,10,team1,Team 1 (N/S),85,35,1,♣,finished,2026-05-18T16:06:23.944479+00:00
3921,INPROC_E5ACA1,1,10,team1,Team 1 (N/S),63,57,17,♦,finished,2026-05-18T16:06:23.957196+00:00
3922,INPROC_E73464,1,10,team1,Team 1 (N/S),83,37,35,♠,finished,2026-05-18T16:06:23.968753+00:00
3923,INPROC_86F099,1,10,team1,Team 1 (N/S),84,36,24,♥,finished,2026-05-18T16:06:23.982781+00:00
3924,INPROC_634A1F,1,10,team2,Team 2 (E/W),35,85,7,♣,finished,2026-05-18T16:06:23.997342+00:00
3925,INPROC_F16D10,1,10,team1,Team 1 (N/S),66,54,17,♦,finished,2026-05-18T16:06:24.012372+00:00
3926,INPROC_6587EE,1,10,team1,Team 1 (N/S),109,11,22,♥,finished,2026-05-18T16:06:24.025955+00:00
3927,INPROC_C8FB6B,1,10,team1,Team 1 (N/S),102,18,33,♠,finished,2026-05-18T16:06:24.041364+00:00
3928,INPROC_F1362D,1,10,team2,Team 2 (E/W),18,102,38,♠,finished,2026-05-18T16:06:24.057992+00:00
3929,INPROC_F35EE5,1,10,team2,Team 2 (E/W),17,103,5,♣,finished,2026-05-18T16:06:24.072563+00:00
3930,INPROC_8E34D5,1,10,team2,Team 2 (E/W),40,80,2,♣,finished,2026-05-18T16:06:24.092100+00:00
3931,INPROC_AE87C5,1,10,draw,draw,60,60,3,♣,finished,2026-05-18T16:06:24.104025+00:00
3932,INPROC_CB30F1,1,10,team1,Team 1 (N/S),84,36,12,♦,finished,2026-05-18T16:06:24.116583+00:00
3933,INPROC_C5712C,1,10,team2,Team 2 (E/W),55,65,15,♦,finished,2026-05-18T16:06:24.131590+00:00
3934,INPROC_6D894F,1,10,team2,Team 2 (E/W),46,74,19,♦,finished,2026-05-18T16:06:24.146539+00:00
3935,INPROC_BDAEFF,1,10,team1,Team 1 (N/S),109,11,38,♠,finished,2026-05-18T16:06:24.162466+00:00
3936,INPROC_8E4B78,1,10,team1,Team 1 (N/S),88,32,21,♥,finished,2026-05-18T16:06:24.175957+00:00
3937,INPROC_963A70,1,10,team1,Team 1 (N/S),61,59,38,♠,finished,2026-05-18T16:06:24.191401+00:00
3938,INPROC_015DE7,1,10,team1,Team 1 (N/S),118,2,3,♣,finished,2026-05-18T16:06:24.208674+00:00
3939,INPROC_F9DCE7,1,10,team2,Team 2 (E/W),44,76,2,♣,finished,2026-05-18T16:06:24.226188+00:00
3940,INPROC_C14031,1,10,team2,Team 2 (E/W),58,62,25,♥,finished,2026-05-18T16:06:24.241896+00:00
3941,INPROC_B3B37A,1,10,team1,Team 1 (N/S),80,40,31,♠,finished,2026-05-18T16:06:24.255110+00:00
3942,INPROC_45203A,1,10,team1,Team 1 (N/S),75,45,9,♣,finished,2026-05-18T16:06:24.272400+00:00
3943,INPROC_89A8AA,1,10,team2,Team 2 (E/W),28,92,38,♠,finished,2026-05-18T16:06:24.288149+00:00
3944,INPROC_C8F3A2,1,10,team1,Team 1 (N/S),115,5,4,♣,finished,2026-05-18T16:06:24.302224+00:00
3945,INPROC_36EDB0,1,10,team1,Team 1 (N/S),83,37,16,♦,finished,2026-05-18T16:06:24.319436+00:00
3946,INPROC_C8DE5C,1,10,team2,Team 2 (E/W),39,81,26,♥,finished,2026-05-18T16:06:24.336368+00:00
3947,INPROC_C63318,1,10,team2,Team 2 (E/W),13,107,33,♠,finished,2026-05-18T16:06:24.353498+00:00
3948,INPROC_FD5C2A,1,10,team1,Team 1 (N/S),70,50,7,♣,finished,2026-05-18T16:06:24.369975+00:00
3949,INPROC_4A6768,1,10,team1,Team 1 (N/S),94,26,5,♣,finished,2026-05-18T16:06:24.386730+00:00
3950,INPROC_5022C5,1,10,draw,draw,60,60,0,♣,finished,2026-05-18T16:06:24.403421+00:00
3951,INPROC_8A4945,1,10,team2,Team 2 (E/W),23,97,27,♥,finished,2026-05-18T16:06:24.419924+00:00
3952,INPROC_F63CE9,1,10,team2,Team 2 (E/W),39,81,22,♥,finished,2026-05-18T16:06:24.436493+00:00
3953,INPROC_61AD7E,1,10,team2,Team 2 (E/W),47,73,2,♣,finished,2026-05-18T16:06:24.454445+00:00
3954,INPROC_F1D269,1,10,team1,Team 1 (N/S),70,50,35,♠,finished,2026-05-18T16:06:24.470779+00:00
3955,INPROC_BF8597,1,10,team2,Team 2 (E/W),39,81,12,♦,finished,2026-05-18T16:06:24.486724+00:00
3956,INPROC_1905EC,1,10,team2,Team 2 (E/W),34,86,28,♥,finished,2026-05-18T16:06:24.502245+00:00
3957,INPROC_E8C58D,1,10,team1,Team 1 (N/S),81,39,39,♠,finished,2026-05-18T16:06:24.511283+00:00
3958,INPROC_40C84B,1,10,draw,draw,60,60,37,♠,finished,2026-05-18T16:06:24.524976+00:00
3959,INPROC_8E05CC,1,10,team2,Team 2 (E/W),47,73,26,♥,finished,2026-05-18T16:06:24.539403+00:00
3960,INPROC_05123E,1,10,team1,Team 1 (N/S),79,41,32,♠,finished,2026-05-18T16:06:24.549366+00:00
3961,INPROC_1AE12A,1,10,team2,Team 2 (E/W),49,71,39,♠,finished,2026-05-18T16:06:24.566039+00:00
3962,INPROC_451352,1,10,team2,Team 2 (E/W),59,61,16,♦,finished,2026-05-18T16:06:24.579513+00:00
3963,INPROC_0D2210,1,10,team2,Team 2 (E/W),31,89,28,♥,finished,2026-05-18T16:06:24.591611+00:00
3964,INPROC_3FF816,1,10,team2,Team 2 (E/W),55,65,36,♠,finished,2026-05-18T16:06:24.605950+00:00
3965,INPROC_721946,1,10,team2,Team 2 (E/W),31,89,13,♦,finished,2026-05-18T16:06:24.616029+00:00
3966,INPROC_42A326,1,10,team2,Team 2 (E/W),22,98,17,♦,finished,2026-05-18T16:06:24.632059+00:00
3967,INPROC_CBD5E8,1,10,team1,Team 1 (N/S),73,47,17,♦,finished,2026-05-18T16:06:24.649144+00:00
3968,INPROC_33BCDF,1,10,team2,Team 2 (E/W),9,111,22,♥,finished,2026-05-18T16:06:24.662653+00:00
3969,INPROC_003130,1,10,team2,Team 2 (E/W),34,86,9,♣,finished,2026-05-18T16:06:24.678337+00:00
3970,INPROC_467708,1,10,team1,Team 1 (N/S),66,54,23,♥,finished,2026-05-18T16:06:24.694514+00:00
3971,INPROC_40903C,1,10,team2,Team 2 (E/W),50,70,18,♦,finished,2026-05-18T16:06:24.709562+00:00
3972,INPROC_31BB6A,1,10,team2,Team 2 (E/W),49,71,20,♥,finished,2026-05-18T16:06:24.725463+00:00
3973,INPROC_13526B,1,10,team2,Team 2 (E/W),21,99,28,♥,finished,2026-05-18T16:06:24.741255+00:00
3974,INPROC_F5ADDB,1,10,team1,Team 1 (N/S),70,50,31,♠,finished,2026-05-18T16:06:24.751921+00:00
3975,INPROC_3A6296,1,10,team2,Team 2 (E/W),57,63,4,♣,finished,2026-05-18T16:06:24.764980+00:00
3976,INPROC_622689,1,10,team2,Team 2 (E/W),34,86,33,♠,finished,2026-05-18T16:06:24.776324+00:00
3977,INPROC_30EBB1,1,10,team1,Team 1 (N/S),69,51,4,♣,finished,2026-05-18T16:06:24.789205+00:00
3978,INPROC_1E046C,1,10,team2,Team 2 (E/W),52,68,27,♥,finished,2026-05-18T16:06:24.804427+00:00
3979,INPROC_1C847B,1,10,team2,Team 2 (E/W),52,68,14,♦,finished,2026-05-18T16:06:24.820659+00:00
3980,INPROC_9A36C6,1,10,team1,Team 1 (N/S),72,48,37,♠,finished,2026-05-18T16:06:24.835751+00:00
3981,INPROC_6EFEEA,1,10,team2,Team 2 (E/W),57,63,18,♦,finished,2026-05-18T16:06:24.851376+00:00
3982,INPROC_4C3DB9,1,10,team2,Team 2 (E/W),56,64,5,♣,finished,2026-05-18T16:06:24.867679+00:00
3983,INPROC_C32091,1,10,team2,Team 2 (E/W),58,62,34,♠,finished,2026-05-18T16:06:24.883305+00:00
3984,INPROC_E5F598,1,10,team2,Team 2 (E/W),43,77,17,♦,finished,2026-05-18T16:06:24.900967+00:00
3985,INPROC_D23913,1,10,team1,Team 1 (N/S),71,49,30,♠,finished,2026-05-18T16:06:24.917593+00:00
3986,INPROC_CB0D8F,1,10,team2,Team 2 (E/W),51,69,19,♦,finished,2026-05-18T16:06:24.934952+00:00
3987,INPROC_D43EE2,1,10,team1,Team 1 (N/S),68,52,13,♦,finished,2026-05-18T16:06:24.951496+00:00
3988,INPROC_BB5DAA,1,10,team2,Team 2 (E/W),3,117,20,♥,finished,2026-05-18T16:06:24.967323+00:00
3989,INPROC_1BC73F,1,10,team1,Team 1 (N/S),68,52,22,♥,finished,2026-05-18T16:06:24.983732+00:00
3990,INPROC_05105D,1,10,team2,Team 2 (E/W),44,76,5,♣,finished,2026-05-18T16:06:24.999912+00:00
3991,INPROC_A38CEE,1,10,team2,Team 2 (E/W),44,76,6,♣,finished,2026-05-18T16:06:25.019056+00:00
3992,INPROC_74499A,1,10,team2,Team 2 (E/W),10,110,31,♠,finished,2026-05-18T16:06:25.035665+00:00
3993,INPROC_92CFDB,1,10,team2,Team 2 (E/W),26,94,23,♥,finished,2026-05-18T16:06:25.051335+00:00
3994,INPROC_87FAAC,1,10,team1,Team 1 (N/S),63,57,0,♣,finished,2026-05-18T16:06:25.065747+00:00
3995,INPROC_B1CA19,1,10,team1,Team 1 (N/S),94,26,30,♠,finished,2026-05-18T16:06:25.081290+00:00
3996,INPROC_1126F7,1,10,team2,Team 2 (E/W),42,78,1,♣,finished,2026-05-18T16:06:25.097565+00:00
3997,INPROC_3F3970,1,10,team2,Team 2 (E/W),42,78,13,♦,finished,2026-05-18T16:06:25.113074+00:00
3998,INPROC_00CFC8,1,10,team1,Team 1 (N/S),85,35,25,♥,finished,2026-05-18T16:06:25.127073+00:00
3999,INPROC_636157,1,10,team2,Team 2 (E/W),26,94,28,♥,finished,2026-05-18T16:06:25.143695+00:00
4000,INPROC_2F0F3F,1,10,team1,Team 1 (N/S),76,44,6,♣,finished,2026-05-18T16:06:25.158597+00:00
4001,INPROC_A36419,1,10,team2,Team 2 (E/W),42,78,22,♥,finished,2026-05-18T16:06:25.172843+00:00
4002,INPROC_FA9363,1,10,team1,Team 1 (N/S),103,17,35,♠,finished,2026-05-18T16:06:25.188474+00:00
4003,INPROC_DAA142,1,10,team1,Team 1 (N/S),70,50,0,♣,finished,2026-05-18T16:06:25.205890+00:00
4004,INPROC_6A7519,1,10,team2,Team 2 (E/W),36,84,26,♥,finished,2026-05-18T16:06:25.223086+00:00
4005,INPROC_C44C27,1,10,draw,draw,60,60,1,♣,finished,2026-05-18T16:06:25.239497+00:00
4006,INPROC_F4FB46,1,10,team1,Team 1 (N/S),74,46,21,♥,finished,2026-05-18T16:06:25.255312+00:00
4007,INPROC_695283,1,10,team2,Team 2 (E/W),56,64,26,♥,finished,2026-05-18T16:06:25.267573+00:00
4008,INPROC_68FB2E,1,10,team2,Team 2 (E/W),42,78,30,♠,finished,2026-05-18T16:06:25.283404+00:00
4009,INPROC_11D812,1,10,team2,Team 2 (E/W),0,120,28,♥,finished,2026-05-18T16:06:25.299973+00:00
4010,INPROC_6B38E7,1,10,team1,Team 1 (N/S),82,38,14,♦,finished,2026-05-18T16:06:25.316881+00:00
4011,INPROC_9A76B9,1,10,team1,Team 1 (N/S),62,58,23,♥,finished,2026-05-18T16:06:25.333153+00:00
4012,INPROC_7AC63E,1,10,team1,Team 1 (N/S),71,49,35,♠,finished,2026-05-18T16:06:25.347343+00:00
4013,INPROC_10F5D4,1,10,team1,Team 1 (N/S),92,28,34,♠,finished,2026-05-18T16:06:25.363017+00:00
4014,INPROC_8454C9,1,10,team2,Team 2 (E/W),54,66,12,♦,finished,2026-05-18T16:06:25.377940+00:00
4015,INPROC_F75410,1,10,team1,Team 1 (N/S),88,32,37,♠,finished,2026-05-18T16:06:25.397256+00:00
4016,INPROC_4F40BE,1,10,team2,Team 2 (E/W),54,66,13,♦,finished,2026-05-18T16:06:25.414620+00:00
4017,INPROC_E826FE,1,10,team2,Team 2 (E/W),30,90,8,♣,finished,2026-05-18T16:06:25.433876+00:00
4018,INPROC_3B49D8,1,10,team2,Team 2 (E/W),23,97,8,♣,finished,2026-05-18T16:06:25.450156+00:00
4019,INPROC_95CDD6,1,10,team2,Team 2 (E/W),51,69,39,♠,finished,2026-05-18T16:06:25.467525+00:00
4020,INPROC_E0ACAA,1,10,team1,Team 1 (N/S),79,41,16,♦,finished,2026-05-18T16:06:25.485178+00:00
4021,INPROC_FB4514,1,10,team2,Team 2 (E/W),13,107,30,♠,finished,2026-05-18T16:06:25.501782+00:00
4022,INPROC_0B2A20,1,10,team1,Team 1 (N/S),66,54,10,♦,finished,2026-05-18T16:06:25.519205+00:00
4023,INPROC_280BA7,1,10,team2,Team 2 (E/W),19,101,2,♣,finished,2026-05-18T16:06:25.535603+00:00
4024,INPROC_421211,1,10,team2,Team 2 (E/W),56,64,21,♥,finished,2026-05-18T16:06:25.550845+00:00
4025,INPROC_44D1C1,1,10,team2,Team 2 (E/W),17,103,27,♥,finished,2026-05-18T16:06:25.568561+00:00
4026,INPROC_F8EAF8,1,10,team2,Team 2 (E/W),43,77,29,♥,finished,2026-05-18T16:06:25.587907+00:00
4027,INPROC_9A9964,1,10,team2,Team 2 (E/W),50,70,2,♣,finished,2026-05-18T16:06:25.604991+00:00
4028,INPROC_41D401,1,10,team1,Team 1 (N/S),97,23,24,♥,finished,2026-05-18T16:06:25.621036+00:00
4029,INPROC_10B2BA,1,10,team1,Team 1 (N/S),73,47,20,♥,finished,2026-05-18T16:06:25.638119+00:00
4030,INPROC_5CD603,1,10,team1,Team 1 (N/S),93,27,6,♣,finished,2026-05-18T16:06:25.655277+00:00
4031,INPROC_1CDB01,1,10,team1,Team 1 (N/S),72,48,23,♥,finished,2026-05-18T16:06:25.671608+00:00
4032,INPROC_22BEEB,1,10,team1,Team 1 (N/S),64,56,34,♠,finished,2026-05-18T16:06:25.688011+00:00
4033,INPROC_AFEDBD,1,10,team2,Team 2 (E/W),49,71,28,♥,finished,2026-05-18T16:06:25.703440+00:00
4034,INPROC_68E535,1,10,team1,Team 1 (N/S),63,57,39,♠,finished,2026-05-18T16:06:25.720197+00:00
4035,INPROC_D3A74E,1,10,team2,Team 2 (E/W),43,77,35,♠,finished,2026-05-18T16:06:25.735727+00:00
4036,INPROC_33640C,1,10,team2,Team 2 (E/W),18,102,10,♦,finished,2026-05-18T16:06:25.751862+00:00
4037,INPROC_BC728A,1,10,team2,Team 2 (E/W),58,62,19,♦,finished,2026-05-18T16:06:25.769546+00:00
4038,INPROC_D1D567,1,10,team2,Team 2 (E/W),54,66,24,♥,finished,2026-05-18T16:06:25.786252+00:00
4039,INPROC_87C8A6,1,10,team2,Team 2 (E/W),27,93,34,♠,finished,2026-05-18T16:06:25.802292+00:00
4040,INPROC_2FC3E3,1,10,team1,Team 1 (N/S),100,20,11,♦,finished,2026-05-18T16:06:25.817144+00:00
4041,INPROC_541A4D,1,10,team1,Team 1 (N/S),65,55,12,♦,finished,2026-05-18T16:06:25.832225+00:00
4042,INPROC_B5F4EF,1,10,team2,Team 2 (E/W),56,64,11,♦,finished,2026-05-18T16:06:25.847894+00:00
4043,INPROC_447790,1,10,team1,Team 1 (N/S),78,42,26,♥,finished,2026-05-18T16:06:25.862814+00:00
4044,INPROC_2FE7F0,1,10,team2,Team 2 (E/W),57,63,19,♦,finished,2026-05-18T16:06:25.878513+00:00
4045,INPROC_BA85E5,1,10,team1,Team 1 (N/S),89,31,36,♠,finished,2026-05-18T16:06:25.894790+00:00
4046,INPROC_5117AC,1,10,team2,Team 2 (E/W),30,90,27,♥,finished,2026-05-18T16:06:25.912149+00:00
4047,INPROC_B0D82F,1,10,team1,Team 1 (N/S),70,50,22,♥,finished,2026-05-18T16:06:25.927998+00:00
4048,INPROC_E15895,1,10,team1,Team 1 (N/S),68,52,33,♠,finished,2026-05-18T16:06:25.945153+00:00
4049,INPROC_DFF9BF,1,10,team2,Team 2 (E/W),45,75,7,♣,finished,2026-05-18T16:06:25.961185+00:00
4050,INPROC_54BD10,1,10,team2,Team 2 (E/W),25,95,36,♠,finished,2026-05-18T16:06:25.971376+00:00
4051,INPROC_4D2600,1,10,team1,Team 1 (N/S),120,0,1,♣,finished,2026-05-18T16:06:25.992032+00:00
4052,INPROC_367F4A,1,10,team2,Team 2 (E/W),55,65,38,♠,finished,2026-05-18T16:06:26.005344+00:00
4053,INPROC_079195,1,10,team2,Team 2 (E/W),54,66,23,♥,finished,2026-05-18T16:06:26.016997+00:00
4054,INPROC_D1976E,1,10,team1,Team 1 (N/S),62,58,8,♣,finished,2026-05-18T16:06:26.032369+00:00
4055,INPROC_B3263F,1,10,team1,Team 1 (N/S),73,47,33,♠,finished,2026-05-18T16:06:26.048361+00:00
4056,INPROC_28033B,1,10,team2,Team 2 (E/W),40,80,34,♠,finished,2026-05-18T16:06:26.063637+00:00
4057,INPROC_D4493E,1,10,team1,Team 1 (N/S),76,44,28,♥,finished,2026-05-18T16:06:26.082691+00:00
4058,INPROC_786B45,1,10,draw,draw,60,60,31,♠,finished,2026-05-18T16:06:26.100128+00:00
4059,INPROC_BB1B08,1,10,team1,Team 1 (N/S),94,26,14,♦,finished,2026-05-18T16:06:26.120205+00:00
4060,INPROC_C25058,1,10,team1,Team 1 (N/S),72,48,12,♦,finished,2026-05-18T16:06:26.136828+00:00
4061,INPROC_DA26B3,1,10,team2,Team 2 (E/W),14,106,10,♦,finished,2026-05-18T16:06:26.152440+00:00
4062,INPROC_218B50,1,10,team2,Team 2 (E/W),54,66,15,♦,finished,2026-05-18T16:06:26.165842+00:00
4063,INPROC_5B8BF8,1,10,team2,Team 2 (E/W),41,79,32,♠,finished,2026-05-18T16:06:26.177728+00:00
4064,INPROC_8AF0E9,1,10,team1,Team 1 (N/S),77,43,13,♦,finished,2026-05-18T16:06:26.191692+00:00
4065,INPROC_021F3D,1,10,team2,Team 2 (E/W),52,68,22,♥,finished,2026-05-18T16:06:26.208214+00:00
4066,INPROC_92BB14,1,10,team2,Team 2 (E/W),59,61,34,♠,finished,2026-05-18T16:06:26.224823+00:00
4067,INPROC_F0B9D1,1,10,team2,Team 2 (E/W),19,101,1,♣,finished,2026-05-18T16:06:26.240408+00:00
4068,INPROC_EEEF59,1,10,team2,Team 2 (E/W),45,75,37,♠,finished,2026-05-18T16:06:26.255692+00:00
4069,INPROC_B6D7F3,1,10,team2,Team 2 (E/W),20,100,19,♦,finished,2026-05-18T16:06:26.272540+00:00
4070,INPROC_708E2A,1,10,team1,Team 1 (N/S),73,47,11,♦,finished,2026-05-18T16:06:26.287509+00:00
4071,INPROC_6F2088,1,10,team1,Team 1 (N/S),80,40,17,♦,finished,2026-05-18T16:06:26.303013+00:00
4072,INPROC_42D301,1,10,team1,Team 1 (N/S),66,54,17,♦,finished,2026-05-18T16:06:26.318160+00:00
4073,INPROC_A6FCB1,1,10,draw,draw,60,60,19,♦,finished,2026-05-18T16:06:26.334469+00:00
4074,INPROC_5FD2FB,1,10,team1,Team 1 (N/S),77,43,38,♠,finished,2026-05-18T16:06:26.349492+00:00
4075,INPROC_13CCC7,1,10,team1,Team 1 (N/S),74,46,28,♥,finished,2026-05-18T16:06:26.367186+00:00
4076,INPROC_C0C8FF,1,10,team1,Team 1 (N/S),73,47,39,♠,finished,2026-05-18T16:06:26.383283+00:00
4077,INPROC_4ACCA0,1,10,team1,Team 1 (N/S),95,25,26,♥,finished,2026-05-18T16:06:26.398088+00:00
4078,INPROC_933EE1,1,10,team1,Team 1 (N/S),76,44,14,♦,finished,2026-05-18T16:06:26.412596+00:00
4079,INPROC_EA495B,1,10,team2,Team 2 (E/W),5,115,13,♦,finished,2026-05-18T16:06:26.431436+00:00
4080,INPROC_4B4A5D,1,10,team2,Team 2 (E/W),53,67,6,♣,finished,2026-05-18T16:06:26.448611+00:00
4081,INPROC_289C67,1,10,team2,Team 2 (E/W),54,66,31,♠,finished,2026-05-18T16:06:26.465194+00:00
4082,INPROC_118043,1,10,team2,Team 2 (E/W),44,76,27,♥,finished,2026-05-18T16:06:26.483195+00:00
4083,INPROC_417CD3,1,10,team2,Team 2 (E/W),18,102,15,♦,finished,2026-05-18T16:06:26.501180+00:00
4084,INPROC_14D6BA,1,10,team2,Team 2 (E/W),28,92,30,♠,finished,2026-05-18T16:06:26.514807+00:00
4085,INPROC_A4E3A5,1,10,team2,Team 2 (E/W),50,70,38,♠,finished,2026-05-18T16:06:26.531038+00:00
4086,INPROC_8A5B27,1,10,team1,Team 1 (N/S),85,35,4,♣,finished,2026-05-18T16:06:26.548157+00:00
4087,INPROC_EF6AB7,1,10,team2,Team 2 (E/W),53,67,37,♠,finished,2026-05-18T16:06:26.565933+00:00
4088,INPROC_0BA013,1,10,team2,Team 2 (E/W),0,120,13,♦,finished,2026-05-18T16:06:26.582269+00:00
4089,INPROC_483804,1,10,team1,Team 1 (N/S),75,45,7,♣,finished,2026-05-18T16:06:26.598283+00:00
4090,INPROC_C8E30B,1,10,team1,Team 1 (N/S),73,47,30,♠,finished,2026-05-18T16:06:26.611814+00:00
4091,INPROC_80CF3E,1,10,team2,Team 2 (E/W),53,67,1,♣,finished,2026-05-18T16:06:26.625784+00:00
4092,INPROC_76BC04,1,10,team2,Team 2 (E/W),44,76,22,♥,finished,2026-05-18T16:06:26.640134+00:00
4093,INPROC_13D69C,1,10,team1,Team 1 (N/S),72,48,16,♦,finished,2026-05-18T16:06:26.651724+00:00
4094,INPROC_286014,1,10,team2,Team 2 (E/W),10,110,25,♥,finished,2026-05-18T16:06:26.661990+00:00
4095,INPROC_D64D7E,1,10,team2,Team 2 (E/W),37,83,33,♠,finished,2026-05-18T16:06:26.676660+00:00
4096,INPROC_A114E0,1,10,team2,Team 2 (E/W),50,70,10,♦,finished,2026-05-18T16:06:26.692400+00:00
4097,INPROC_BFC54B,1,10,team2,Team 2 (E/W),36,84,19,♦,finished,2026-05-18T16:06:26.706472+00:00
4098,INPROC_27367B,1,10,team1,Team 1 (N/S),71,49,6,♣,finished,2026-05-18T16:06:26.723924+00:00
4099,INPROC_03CC61,1,10,team2,Team 2 (E/W),28,92,4,♣,finished,2026-05-18T16:06:26.741885+00:00
4100,INPROC_F1A623,1,10,team1,Team 1 (N/S),86,34,37,♠,finished,2026-05-18T16:06:26.757684+00:00
4101,INPROC_60A71C,1,10,team2,Team 2 (E/W),48,72,20,♥,finished,2026-05-18T16:06:26.771975+00:00
4102,INPROC_5EA964,1,10,team2,Team 2 (E/W),52,68,5,♣,finished,2026-05-18T16:06:26.788933+00:00
4103,INPROC_07E503,1,10,team2,Team 2 (E/W),36,84,39,♠,finished,2026-05-18T16:06:26.803631+00:00
4104,INPROC_D0FCF8,1,10,team1,Team 1 (N/S),67,53,8,♣,finished,2026-05-18T16:06:26.817854+00:00
4105,INPROC_DE21A1,1,10,team2,Team 2 (E/W),52,68,11,♦,finished,2026-05-18T16:06:26.838480+00:00
4106,INPROC_8B23BF,1,10,team2,Team 2 (E/W),11,109,39,♠,finished,2026-05-18T16:06:26.855596+00:00
4107,INPROC_0C8CA8,1,10,team2,Team 2 (E/W),13,107,2,♣,finished,2026-05-18T16:06:26.869878+00:00
4108,INPROC_130527,1,10,team1,Team 1 (N/S),101,19,22,♥,finished,2026-05-18T16:06:26.885396+00:00
4109,INPROC_B5729D,1,10,team1,Team 1 (N/S),97,23,4,♣,finished,2026-05-18T16:06:26.900473+00:00
4110,INPROC_C4E414,1,10,team1,Team 1 (N/S),101,19,39,♠,finished,2026-05-18T16:06:26.916842+00:00
4111,INPROC_D0210A,1,10,team2,Team 2 (E/W),55,65,4,♣,finished,2026-05-18T16:06:26.932228+00:00
4112,INPROC_1BB73F,1,10,team2,Team 2 (E/W),30,90,29,♥,finished,2026-05-18T16:06:26.947611+00:00
4113,INPROC_237BD8,1,10,team2,Team 2 (E/W),29,91,39,♠,finished,2026-05-18T16:06:26.959073+00:00
4114,INPROC_836D61,1,10,team1,Team 1 (N/S),62,58,21,♥,finished,2026-05-18T16:06:26.972837+00:00
4115,INPROC_00A3A1,1,10,team1,Team 1 (N/S),83,37,9,♣,finished,2026-05-18T16:06:26.986507+00:00
4116,INPROC_DCB159,1,10,team2,Team 2 (E/W),4,116,4,♣,finished,2026-05-18T16:06:27.002152+00:00
4117,INPROC_5ECFEE,1,10,team1,Team 1 (N/S),89,31,17,♦,finished,2026-05-18T16:06:27.018050+00:00
4118,INPROC_A6A161,1,10,team1,Team 1 (N/S),72,48,10,♦,finished,2026-05-18T16:06:27.034187+00:00
4119,INPROC_87A0A0,1,10,team1,Team 1 (N/S),62,58,38,♠,finished,2026-05-18T16:06:27.051392+00:00
4120,INPROC_382D11,1,10,team2,Team 2 (E/W),35,85,15,♦,finished,2026-05-18T16:06:27.066732+00:00
4121,INPROC_41B091,1,10,team2,Team 2 (E/W),47,73,14,♦,finished,2026-05-18T16:06:27.081586+00:00
4122,INPROC_E81AD6,1,10,team2,Team 2 (E/W),46,74,23,♥,finished,2026-05-18T16:06:27.091424+00:00
4123,INPROC_0557C7,1,10,team2,Team 2 (E/W),36,84,2,♣,finished,2026-05-18T16:06:27.102790+00:00
4124,INPROC_9EA645,1,10,team2,Team 2 (E/W),56,64,13,♦,finished,2026-05-18T16:06:27.117265+00:00
4125,INPROC_4AAF73,1,10,team2,Team 2 (E/W),38,82,39,♠,finished,2026-05-18T16:06:27.131587+00:00
4126,INPROC_E9504C,1,10,team2,Team 2 (E/W),48,72,36,♠,finished,2026-05-18T16:06:27.145513+00:00
4127,INPROC_923A1C,1,10,team2,Team 2 (E/W),55,65,8,♣,finished,2026-05-18T16:06:27.162264+00:00
4128,INPROC_E12DFD,1,10,team2,Team 2 (E/W),33,87,34,♠,finished,2026-05-18T16:06:27.178900+00:00
4129,INPROC_824DF3,1,10,team2,Team 2 (E/W),24,96,13,♦,finished,2026-05-18T16:06:27.195255+00:00
4130,INPROC_6388B6,1,10,team2,Team 2 (E/W),23,97,28,♥,finished,2026-05-18T16:06:27.211296+00:00
4131,INPROC_1C193F,1,10,team2,Team 2 (E/W),20,100,8,♣,finished,2026-05-18T16:06:27.229202+00:00
4132,INPROC_66EADF,1,10,team1,Team 1 (N/S),71,49,39,♠,finished,2026-05-18T16:06:27.244202+00:00
4133,INPROC_012075,1,10,team2,Team 2 (E/W),41,79,6,♣,finished,2026-05-18T16:06:27.260144+00:00
4134,INPROC_EE175D,1,10,team2,Team 2 (E/W),21,99,1,♣,finished,2026-05-18T16:06:27.278596+00:00
4135,INPROC_7FDABA,1,10,team2,Team 2 (E/W),20,100,35,♠,finished,2026-05-18T16:06:27.291897+00:00
4136,INPROC_412038,1,10,team2,Team 2 (E/W),58,62,24,♥,finished,2026-05-18T16:06:27.308514+00:00
4137,INPROC_7B366B,1,10,team2,Team 2 (E/W),56,64,28,♥,finished,2026-05-18T16:06:27.325712+00:00
4138,INPROC_79216F,1,10,team1,Team 1 (N/S),70,50,18,♦,finished,2026-05-18T16:06:27.341711+00:00
4139,INPROC_94597A,1,10,team1,Team 1 (N/S),78,42,22,♥,finished,2026-05-18T16:06:27.352588+00:00
4140,INPROC_A6C2EC,1,10,team2,Team 2 (E/W),40,80,38,♠,finished,2026-05-18T16:06:27.367667+00:00
4141,INPROC_812F82,1,10,team1,Team 1 (N/S),102,18,14,♦,finished,2026-05-18T16:06:27.381167+00:00
4142,INPROC_CDC921,1,10,team2,Team 2 (E/W),24,96,16,♦,finished,2026-05-18T16:06:27.394970+00:00
4143,INPROC_CDBEDC,1,10,team2,Team 2 (E/W),45,75,13,♦,finished,2026-05-18T16:06:27.409164+00:00
4144,INPROC_5604B6,1,10,team2,Team 2 (E/W),41,79,7,♣,finished,2026-05-18T16:06:27.425443+00:00
4145,INPROC_CEEF91,1,10,team1,Team 1 (N/S),81,39,21,♥,finished,2026-05-18T16:06:27.442014+00:00
4146,INPROC_4B295A,1,10,team2,Team 2 (E/W),28,92,32,♠,finished,2026-05-18T16:06:27.457381+00:00
4147,INPROC_C9E733,1,10,team1,Team 1 (N/S),87,33,5,♣,finished,2026-05-18T16:06:27.472703+00:00
4148,INPROC_615BA6,1,10,team1,Team 1 (N/S),75,45,11,♦,finished,2026-05-18T16:06:27.487806+00:00
4149,INPROC_0A932E,1,10,team2,Team 2 (E/W),45,75,16,♦,finished,2026-05-18T16:06:27.505799+00:00
4150,INPROC_CDD5CD,1,10,team1,Team 1 (N/S),107,13,23,♥,finished,2026-05-18T16:06:27.522018+00:00
4151,INPROC_3FAAEA,1,10,team1,Team 1 (N/S),83,37,5,♣,finished,2026-05-18T16:06:27.537073+00:00
4152,INPROC_22139C,1,10,team2,Team 2 (E/W),50,70,20,♥,finished,2026-05-18T16:06:27.549450+00:00
4153,INPROC_43883C,1,10,team2,Team 2 (E/W),20,100,2,♣,finished,2026-05-18T16:06:27.568091+00:00
4154,INPROC_979F84,1,10,team1,Team 1 (N/S),99,21,32,♠,finished,2026-05-18T16:06:27.582806+00:00
4155,INPROC_B5DAB7,1,10,team2,Team 2 (E/W),31,89,39,♠,finished,2026-05-18T16:06:27.599589+00:00
4156,INPROC_CD498F,1,10,team1,Team 1 (N/S),93,27,3,♣,finished,2026-05-18T16:06:27.615953+00:00
4157,INPROC_E0D1F0,1,10,team2,Team 2 (E/W),58,62,27,♥,finished,2026-05-18T16:06:27.629687+00:00
4158,INPROC_91EC7D,1,10,team2,Team 2 (E/W),24,96,22,♥,finished,2026-05-18T16:06:27.642035+00:00
4159,INPROC_AB18B8,1,10,team2,Team 2 (E/W),23,97,1,♣,finished,2026-05-18T16:06:27.655543+00:00
4160,INPROC_2C78DC,1,10,team2,Team 2 (E/W),17,103,6,♣,finished,2026-05-18T16:06:27.665636+00:00
4161,INPROC_AC9A7E,1,10,team2,Team 2 (E/W),43,77,15,♦,finished,2026-05-18T16:06:27.681115+00:00
4162,INPROC_400BA3,1,10,team2,Team 2 (E/W),47,73,8,♣,finished,2026-05-18T16:06:27.700241+00:00
4163,INPROC_C7D8F4,1,10,team1,Team 1 (N/S),104,16,16,♦,finished,2026-05-18T16:06:27.717393+00:00
4164,INPROC_9E4CCB,1,10,team2,Team 2 (E/W),36,84,1,♣,finished,2026-05-18T16:06:27.734393+00:00
4165,INPROC_40B161,1,10,team2,Team 2 (E/W),45,75,15,♦,finished,2026-05-18T16:06:27.750688+00:00
4166,INPROC_617BEE,1,10,team2,Team 2 (E/W),44,76,38,♠,finished,2026-05-18T16:06:27.769602+00:00
4167,INPROC_9B6B84,1,10,team2,Team 2 (E/W),52,68,23,♥,finished,2026-05-18T16:06:27.789093+00:00
4168,INPROC_743145,1,10,team2,Team 2 (E/W),49,71,27,♥,finished,2026-05-18T16:06:27.804613+00:00
4169,INPROC_500024,1,10,team2,Team 2 (E/W),57,63,12,♦,finished,2026-05-18T16:06:27.820816+00:00
4170,INPROC_B45A4E,1,10,team1,Team 1 (N/S),65,55,31,♠,finished,2026-05-18T16:06:27.835414+00:00
4171,INPROC_0A1666,1,10,team1,Team 1 (N/S),64,56,34,♠,finished,2026-05-18T16:06:27.850884+00:00
4172,INPROC_EE0215,1,10,team2,Team 2 (E/W),15,105,17,♦,finished,2026-05-18T16:06:27.867968+00:00
4173,INPROC_A46E29,1,10,team1,Team 1 (N/S),87,33,39,♠,finished,2026-05-18T16:06:27.882298+00:00
4174,INPROC_6578B4,1,10,team2,Team 2 (E/W),52,68,8,♣,finished,2026-05-18T16:06:27.898969+00:00
4175,INPROC_185D1C,1,10,team1,Team 1 (N/S),69,51,30,♠,finished,2026-05-18T16:06:27.914359+00:00
4176,INPROC_0F8E81,1,10,team2,Team 2 (E/W),45,75,23,♥,finished,2026-05-18T16:06:27.933413+00:00
4177,INPROC_E76AF4,1,10,team1,Team 1 (N/S),71,49,1,♣,finished,2026-05-18T16:06:27.951551+00:00
4178,INPROC_33DD28,1,10,team1,Team 1 (N/S),64,56,10,♦,finished,2026-05-18T16:06:27.970932+00:00
4179,INPROC_37792F,1,10,team2,Team 2 (E/W),40,80,8,♣,finished,2026-05-18T16:06:27.986980+00:00
4180,INPROC_08F488,1,10,team1,Team 1 (N/S),64,56,7,♣,finished,2026-05-18T16:06:28.007864+00:00
4181,INPROC_B02DD0,1,10,team2,Team 2 (E/W),28,92,5,♣,finished,2026-05-18T16:06:28.023531+00:00
4182,INPROC_C36AB6,1,10,team2,Team 2 (E/W),41,79,2,♣,finished,2026-05-18T16:06:28.040810+00:00
4183,INPROC_B87B2D,1,10,team1,Team 1 (N/S),73,47,2,♣,finished,2026-05-18T16:06:28.055924+00:00
4184,INPROC_F54170,1,10,team2,Team 2 (E/W),22,98,34,♠,finished,2026-05-18T16:06:28.074181+00:00
4185,INPROC_086526,1,10,team1,Team 1 (N/S),79,41,20,♥,finished,2026-05-18T16:06:28.092279+00:00
4186,INPROC_46F537,1,10,team1,Team 1 (N/S),65,55,15,♦,finished,2026-05-18T16:06:28.108550+00:00
4187,INPROC_288862,1,10,team1,Team 1 (N/S),116,4,25,♥,finished,2026-05-18T16:06:28.124051+00:00
4188,INPROC_40D20D,1,10,team1,Team 1 (N/S),80,40,35,♠,finished,2026-05-18T16:06:28.142940+00:00
4189,INPROC_72A16B,1,10,team1,Team 1 (N/S),64,56,0,♣,finished,2026-05-18T16:06:28.161473+00:00
4190,INPROC_F7CA31,1,10,team1,Team 1 (N/S),67,53,31,♠,finished,2026-05-18T16:06:28.177621+00:00
4191,INPROC_FF968C,1,10,team2,Team 2 (E/W),29,91,27,♥,finished,2026-05-18T16:06:28.196806+00:00
4192,INPROC_CBDFF9,1,10,team2,Team 2 (E/W),39,81,25,♥,finished,2026-05-18T16:06:28.216881+00:00
4193,INPROC_7A4CDB,1,10,team2,Team 2 (E/W),55,65,16,♦,finished,2026-05-18T16:06:28.235538+00:00
4194,INPROC_9BC124,1,10,team1,Team 1 (N/S),63,57,38,♠,finished,2026-05-18T16:06:28.256992+00:00
4195,INPROC_65DA3C,1,10,team1,Team 1 (N/S),106,14,10,♦,finished,2026-05-18T16:06:28.274647+00:00
4196,INPROC_00479B,1,10,team1,Team 1 (N/S),61,59,13,♦,finished,2026-05-18T16:06:28.292027+00:00
4197,INPROC_689FB9,1,10,team1,Team 1 (N/S),73,47,1,♣,finished,2026-05-18T16:06:28.310546+00:00
4198,INPROC_F09616,1,10,team1,Team 1 (N/S),77,43,32,♠,finished,2026-05-18T16:06:28.331679+00:00
4199,INPROC_FEBBD3,1,10,team2,Team 2 (E/W),53,67,7,♣,finished,2026-05-18T16:06:28.349693+00:00
4200,INPROC_FB6759,1,10,team2,Team 2 (E/W),26,94,27,♥,finished,2026-05-18T16:06:28.368091+00:00
4201,INPROC_9518D7,1,10,team2,Team 2 (E/W),53,67,13,♦,finished,2026-05-18T16:06:28.383608+00:00
4202,INPROC_B945CF,1,10,team2,Team 2 (E/W),52,68,28,♥,finished,2026-05-18T16:06:28.401380+00:00
4203,INPROC_A0C9FF,1,10,team2,Team 2 (E/W),39,81,34,♠,finished,2026-05-18T16:06:28.417943+00:00
4204,INPROC_01433D,1,10,team1,Team 1 (N/S),93,27,9,♣,finished,2026-05-18T16:06:28.435116+00:00
4205,INPROC_70B767,1,10,team1,Team 1 (N/S),86,34,22,♥,finished,2026-05-18T16:06:28.451801+00:00
4206,INPROC_E612EE,1,10,team1,Team 1 (N/S),89,31,29,♥,finished,2026-05-18T16:06:28.470195+00:00
4207,INPROC_A44E53,1,10,team2,Team 2 (E/W),30,90,23,♥,finished,2026-05-18T16:06:28.486258+00:00
4208,INPROC_7F6B55,1,10,team2,Team 2 (E/W),34,86,18,♦,finished,2026-05-18T16:06:28.500428+00:00
4209,INPROC_1604F1,1,10,team1,Team 1 (N/S),79,41,11,♦,finished,2026-05-18T16:06:28.511858+00:00
4210,INPROC_7DD5E2,1,10,team1,Team 1 (N/S),72,48,29,♥,finished,2026-05-18T16:06:28.526000+00:00
4211,INPROC_0A8D06,1,10,team1,Team 1 (N/S),83,37,27,♥,finished,2026-05-18T16:06:28.541704+00:00
4212,INPROC_F142D5,1,10,team2,Team 2 (E/W),44,76,39,♠,finished,2026-05-18T16:06:28.559392+00:00
4213,INPROC_1EDCC0,1,10,team1,Team 1 (N/S),106,14,6,♣,finished,2026-05-18T16:06:28.575270+00:00
4214,INPROC_B48718,1,10,team1,Team 1 (N/S),63,57,28,♥,finished,2026-05-18T16:06:29.125758+00:00
4215,INPROC_3FCF3C,1,10,team1,Team 1 (N/S),87,33,26,♥,finished,2026-05-18T16:06:29.137647+00:00
4216,INPROC_B80327,1,10,team1,Team 1 (N/S),105,15,35,♠,finished,2026-05-18T16:06:29.150876+00:00
4217,INPROC_15E399,1,10,team2,Team 2 (E/W),40,80,30,♠,finished,2026-05-18T16:06:29.167071+00:00
4218,INPROC_755F0F,1,10,team2,Team 2 (E/W),34,86,33,♠,finished,2026-05-18T16:06:29.186062+00:00
4219,INPROC_282F53,1,10,team2,Team 2 (E/W),38,82,36,♠,finished,2026-05-18T16:06:29.202403+00:00
4220,INPROC_0B85C4,1,10,team2,Team 2 (E/W),47,73,11,♦,finished,2026-05-18T16:06:29.216814+00:00
4221,INPROC_EE9E87,1,10,team2,Team 2 (E/W),24,96,32,♠,finished,2026-05-18T16:06:29.229259+00:00
4222,INPROC_316449,1,10,team1,Team 1 (N/S),79,41,10,♦,finished,2026-05-18T16:06:29.245294+00:00
4223,INPROC_5A7582,1,10,team2,Team 2 (E/W),49,71,27,♥,finished,2026-05-18T16:06:29.257698+00:00
4224,INPROC_B1B59E,1,10,team2,Team 2 (E/W),26,94,12,♦,finished,2026-05-18T16:06:29.275105+00:00
4225,INPROC_E6771D,1,10,team2,Team 2 (E/W),26,94,21,♥,finished,2026-05-18T16:06:29.289110+00:00
4226,INPROC_E8687D,1,10,team2,Team 2 (E/W),25,95,4,♣,finished,2026-05-18T16:06:29.303981+00:00
4227,INPROC_090790,1,10,team1,Team 1 (N/S),78,42,25,♥,finished,2026-05-18T16:06:29.319333+00:00
4228,INPROC_6B5BDB,1,10,team2,Team 2 (E/W),13,107,6,♣,finished,2026-05-18T16:06:29.336220+00:00
4229,INPROC_A0431B,1,10,team2,Team 2 (E/W),38,82,23,♥,finished,2026-05-18T16:06:29.350926+00:00
4230,INPROC_2237CB,1,10,team1,Team 1 (N/S),65,55,8,♣,finished,2026-05-18T16:06:29.364733+00:00
4231,INPROC_76EF81,1,10,team2,Team 2 (E/W),43,77,18,♦,finished,2026-05-18T16:06:29.379496+00:00
4232,INPROC_E70574,1,10,team1,Team 1 (N/S),75,45,33,♠,finished,2026-05-18T16:06:29.395508+00:00
4233,INPROC_5D7E88,1,10,team1,Team 1 (N/S),112,8,27,♥,finished,2026-05-18T16:06:29.411728+00:00
4234,INPROC_DE1FEC,1,10,team2,Team 2 (E/W),33,87,22,♥,finished,2026-05-18T16:06:29.426932+00:00
4235,INPROC_B12B6A,1,10,team2,Team 2 (E/W),57,63,12,♦,finished,2026-05-18T16:06:29.442727+00:00
4236,INPROC_1F9BE1,1,10,team1,Team 1 (N/S),63,57,1,♣,finished,2026-05-18T16:06:29.458783+00:00
4237,INPROC_E7F4AD,1,10,team2,Team 2 (E/W),43,77,13,♦,finished,2026-05-18T16:06:29.474983+00:00
4238,INPROC_D15010,1,10,team2,Team 2 (E/W),53,67,23,♥,finished,2026-05-18T16:06:29.488395+00:00
4239,INPROC_DB92AE,1,10,team1,Team 1 (N/S),86,34,15,♦,finished,2026-05-18T16:06:29.507202+00:00
4240,INPROC_831FBF,1,10,team2,Team 2 (E/W),54,66,35,♠,finished,2026-05-18T16:06:29.525651+00:00
4241,INPROC_855D0E,1,10,team2,Team 2 (E/W),48,72,29,♥,finished,2026-05-18T16:06:29.541756+00:00
4242,INPROC_67AC07,1,10,team1,Team 1 (N/S),120,0,23,♥,finished,2026-05-18T16:06:29.559311+00:00
4243,INPROC_1A6622,1,10,team1,Team 1 (N/S),67,53,13,♦,finished,2026-05-18T16:06:29.575338+00:00
4244,INPROC_03ADF0,1,10,team2,Team 2 (E/W),40,80,9,♣,finished,2026-05-18T16:06:29.593924+00:00
4245,INPROC_81FF58,1,10,team1,Team 1 (N/S),69,51,18,♦,finished,2026-05-18T16:06:29.611807+00:00
4246,INPROC_5EFDD8,1,10,team1,Team 1 (N/S),72,48,3,♣,finished,2026-05-18T16:06:29.628501+00:00
4247,INPROC_D760C3,1,10,team1,Team 1 (N/S),102,18,4,♣,finished,2026-05-18T16:06:29.643927+00:00
4248,INPROC_C60569,1,10,team1,Team 1 (N/S),66,54,20,♥,finished,2026-05-18T16:06:29.658362+00:00
4249,INPROC_15E2AE,1,10,team2,Team 2 (E/W),37,83,13,♦,finished,2026-05-18T16:06:29.673727+00:00
4250,INPROC_1B2B8B,1,10,team1,Team 1 (N/S),65,55,1,♣,finished,2026-05-18T16:06:29.686990+00:00
4251,INPROC_80BAC0,1,10,team1,Team 1 (N/S),88,32,16,♦,finished,2026-05-18T16:06:29.702933+00:00
4252,INPROC_6E0029,1,10,team1,Team 1 (N/S),83,37,29,♥,finished,2026-05-18T16:06:29.720179+00:00
4253,INPROC_6467BF,1,10,team2,Team 2 (E/W),31,89,17,♦,finished,2026-05-18T16:06:29.736593+00:00
4254,INPROC_D8854D,1,10,team1,Team 1 (N/S),89,31,14,♦,finished,2026-05-18T16:06:29.751242+00:00
4255,INPROC_BA4694,1,10,team1,Team 1 (N/S),73,47,32,♠,finished,2026-05-18T16:06:29.768623+00:00
4256,INPROC_06D39B,1,10,team1,Team 1 (N/S),94,26,34,♠,finished,2026-05-18T16:06:29.785561+00:00
4257,INPROC_25280C,1,10,team2,Team 2 (E/W),45,75,19,♦,finished,2026-05-18T16:06:29.800706+00:00
4258,INPROC_4240C6,1,10,team2,Team 2 (E/W),31,89,7,♣,finished,2026-05-18T16:06:29.816633+00:00
4259,INPROC_978F4F,1,10,team2,Team 2 (E/W),48,72,21,♥,finished,2026-05-18T16:06:29.834642+00:00
4260,INPROC_D18E35,1,10,team1,Team 1 (N/S),68,52,16,♦,finished,2026-05-18T16:06:29.851019+00:00
4261,INPROC_AE9C92,1,10,team1,Team 1 (N/S),84,36,15,♦,finished,2026-05-18T16:06:29.869192+00:00
4262,INPROC_EFF5AE,1,10,team1,Team 1 (N/S),76,44,37,♠,finished,2026-05-18T16:06:29.886441+00:00
4263,INPROC_3026BA,1,10,team2,Team 2 (E/W),47,73,37,♠,finished,2026-05-18T16:06:29.904834+00:00
4264,INPROC_00974D,1,10,team1,Team 1 (N/S),80,40,21,♥,finished,2026-05-18T16:06:29.920337+00:00
4265,INPROC_F6ED07,1,10,team1,Team 1 (N/S),82,38,30,♠,finished,2026-05-18T16:06:29.937607+00:00
4266,INPROC_FDE447,1,10,team2,Team 2 (E/W),4,116,4,♣,finished,2026-05-18T16:06:29.956071+00:00
4267,INPROC_3E3194,1,10,team1,Team 1 (N/S),81,39,31,♠,finished,2026-05-18T16:06:29.970196+00:00
4268,INPROC_CD957E,1,10,team1,Team 1 (N/S),79,41,34,♠,finished,2026-05-18T16:06:29.989216+00:00
4269,INPROC_2D9677,1,10,team1,Team 1 (N/S),74,46,34,♠,finished,2026-05-18T16:06:30.003039+00:00
4270,INPROC_17F7B7,1,10,team1,Team 1 (N/S),78,42,37,♠,finished,2026-05-18T16:06:30.017335+00:00
4271,INPROC_71124B,1,10,team2,Team 2 (E/W),44,76,30,♠,finished,2026-05-18T16:06:30.035865+00:00
4272,INPROC_513FD7,1,10,team1,Team 1 (N/S),68,52,13,♦,finished,2026-05-18T16:06:30.050399+00:00
4273,INPROC_B051A8,1,10,team2,Team 2 (E/W),40,80,12,♦,finished,2026-05-18T16:06:30.065810+00:00
4274,INPROC_235639,1,10,team1,Team 1 (N/S),78,42,14,♦,finished,2026-05-18T16:06:30.081417+00:00
4275,INPROC_76BD7A,1,10,team2,Team 2 (E/W),52,68,8,♣,finished,2026-05-18T16:06:30.098440+00:00
4276,INPROC_537E11,1,10,team1,Team 1 (N/S),62,58,8,♣,finished,2026-05-18T16:06:30.117124+00:00
4277,INPROC_00B294,1,10,team2,Team 2 (E/W),19,101,2,♣,finished,2026-05-18T16:06:30.133772+00:00
4278,INPROC_2E0B93,1,10,team1,Team 1 (N/S),110,10,0,♣,finished,2026-05-18T16:06:30.145683+00:00
4279,INPROC_415215,1,10,team1,Team 1 (N/S),80,40,35,♠,finished,2026-05-18T16:06:30.159043+00:00
4280,INPROC_EF73D6,1,10,team2,Team 2 (E/W),50,70,17,♦,finished,2026-05-18T16:06:30.174028+00:00
4281,INPROC_12005B,1,10,team2,Team 2 (E/W),24,96,13,♦,finished,2026-05-18T16:06:30.190576+00:00
4282,INPROC_E9F452,1,10,team2,Team 2 (E/W),43,77,11,♦,finished,2026-05-18T16:06:30.207589+00:00
4283,INPROC_859E34,1,10,team2,Team 2 (E/W),52,68,15,♦,finished,2026-05-18T16:06:30.223510+00:00
4284,INPROC_9AF9C6,1,10,team2,Team 2 (E/W),49,71,17,♦,finished,2026-05-18T16:06:30.241951+00:00
4285,INPROC_8DE332,1,10,team2,Team 2 (E/W),47,73,28,♥,finished,2026-05-18T16:06:30.258289+00:00
4286,INPROC_71A428,1,10,team1,Team 1 (N/S),92,28,20,♥,finished,2026-05-18T16:06:30.275182+00:00
4287,INPROC_079759,1,10,team2,Team 2 (E/W),46,74,20,♥,finished,2026-05-18T16:06:30.290314+00:00
4288,INPROC_F9F160,1,10,team1,Team 1 (N/S),79,41,36,♠,finished,2026-05-18T16:06:30.306606+00:00
4289,INPROC_DBF45E,1,10,team1,Team 1 (N/S),96,24,25,♥,finished,2026-05-18T16:06:30.325654+00:00
4290,INPROC_307972,1,10,team2,Team 2 (E/W),24,96,21,♥,finished,2026-05-18T16:06:30.340154+00:00
4291,INPROC_76F659,1,10,team2,Team 2 (E/W),45,75,13,♦,finished,2026-05-18T16:06:30.357133+00:00
4292,INPROC_218F83,1,10,team1,Team 1 (N/S),90,30,20,♥,finished,2026-05-18T16:06:30.374587+00:00
4293,INPROC_4A06E3,1,10,team2,Team 2 (E/W),41,79,21,♥,finished,2026-05-18T16:06:30.390701+00:00
4294,INPROC_5F2FD0,1,10,team1,Team 1 (N/S),89,31,27,♥,finished,2026-05-18T16:06:30.407705+00:00
4295,INPROC_177056,1,10,team1,Team 1 (N/S),75,45,22,♥,finished,2026-05-18T16:06:30.421341+00:00
4296,INPROC_905018,1,10,team1,Team 1 (N/S),67,53,39,♠,finished,2026-05-18T16:06:30.436551+00:00
4297,INPROC_AFB579,1,10,team2,Team 2 (E/W),26,94,10,♦,finished,2026-05-18T16:06:30.451344+00:00
4298,INPROC_FC883F,1,10,team2,Team 2 (E/W),22,98,37,♠,finished,2026-05-18T16:06:30.466188+00:00
4299,INPROC_11FAA4,1,10,team1,Team 1 (N/S),91,29,38,♠,finished,2026-05-18T16:06:30.480769+00:00
4300,INPROC_FAFEC6,1,10,team2,Team 2 (E/W),52,68,3,♣,finished,2026-05-18T16:06:30.496694+00:00
4301,INPROC_8E7F6A,1,10,team1,Team 1 (N/S),103,17,33,♠,finished,2026-05-18T16:06:30.513368+00:00
4302,INPROC_21DB63,1,10,team1,Team 1 (N/S),91,29,25,♥,finished,2026-05-18T16:06:30.531508+00:00
4303,INPROC_7E0AED,1,10,team1,Team 1 (N/S),73,47,30,♠,finished,2026-05-18T16:06:30.543803+00:00
4304,INPROC_ADBD44,1,10,team2,Team 2 (E/W),56,64,30,♠,finished,2026-05-18T16:06:30.555654+00:00
4305,INPROC_A60189,1,10,team2,Team 2 (E/W),41,79,1,♣,finished,2026-05-18T16:06:30.570618+00:00
4306,INPROC_DB5225,1,10,team2,Team 2 (E/W),56,64,31,♠,finished,2026-05-18T16:06:30.582726+00:00
4307,INPROC_8FA2C8,1,10,team2,Team 2 (E/W),49,71,4,♣,finished,2026-05-18T16:06:30.597895+00:00
4308,INPROC_3A3E84,1,10,team1,Team 1 (N/S),79,41,0,♣,finished,2026-05-18T16:06:30.607809+00:00
4309,INPROC_C7A8E3,1,10,team2,Team 2 (E/W),55,65,11,♦,finished,2026-05-18T16:06:30.623054+00:00
4310,INPROC_14ADDD,1,10,team1,Team 1 (N/S),65,55,27,♥,finished,2026-05-18T16:06:30.637695+00:00
4311,INPROC_4627C0,1,10,team2,Team 2 (E/W),23,97,22,♥,finished,2026-05-18T16:06:30.653260+00:00
4312,INPROC_25681F,1,10,team2,Team 2 (E/W),43,77,10,♦,finished,2026-05-18T16:06:30.667449+00:00
4313,INPROC_6587D6,1,10,team1,Team 1 (N/S),92,28,24,♥,finished,2026-05-18T16:06:30.677556+00:00
4314,INPROC_8CF7BC,1,10,team2,Team 2 (E/W),54,66,22,♥,finished,2026-05-18T16:06:30.686366+00:00
4315,INPROC_60DE08,1,10,team2,Team 2 (E/W),19,101,37,♠,finished,2026-05-18T16:06:30.701404+00:00
4316,INPROC_C8AA4C,1,10,team2,Team 2 (E/W),39,81,18,♦,finished,2026-05-18T16:06:30.712191+00:00
4317,INPROC_C25E30,1,10,draw,draw,60,60,10,♦,finished,2026-05-18T16:06:30.724757+00:00
4318,INPROC_6F5F75,1,10,team1,Team 1 (N/S),75,45,29,♥,finished,2026-05-18T16:06:30.735461+00:00
4319,INPROC_C95BFD,1,10,team1,Team 1 (N/S),103,17,29,♥,finished,2026-05-18T16:06:30.749362+00:00
4320,INPROC_26254F,1,10,team2,Team 2 (E/W),43,77,20,♥,finished,2026-05-18T16:06:30.763864+00:00
4321,INPROC_B66FA7,1,10,team2,Team 2 (E/W),41,79,15,♦,finished,2026-05-18T16:06:30.772423+00:00
4322,INPROC_4C4872,1,10,team2,Team 2 (E/W),26,94,0,♣,finished,2026-05-18T16:06:30.781707+00:00
4323,INPROC_2E621B,1,10,team1,Team 1 (N/S),70,50,27,♥,finished,2026-05-18T16:06:30.790350+00:00
4324,INPROC_1637DE,1,10,team2,Team 2 (E/W),19,101,9,♣,finished,2026-05-18T16:06:30.801979+00:00
4325,INPROC_B65801,1,10,team1,Team 1 (N/S),78,42,13,♦,finished,2026-05-18T16:06:30.810959+00:00
4326,INPROC_A93320,1,10,team1,Team 1 (N/S),80,40,16,♦,finished,2026-05-18T16:06:30.822703+00:00
4327,INPROC_EAEE8A,1,10,team2,Team 2 (E/W),44,76,8,♣,finished,2026-05-18T16:06:30.837358+00:00
4328,INPROC_9B6585,1,10,team2,Team 2 (E/W),56,64,10,♦,finished,2026-05-18T16:06:30.856528+00:00
4329,INPROC_F0B032,1,10,team1,Team 1 (N/S),76,44,33,♠,finished,2026-05-18T16:06:30.873709+00:00
4330,INPROC_61D71B,1,10,team2,Team 2 (E/W),20,100,37,♠,finished,2026-05-18T16:06:30.890286+00:00
4331,INPROC_AF0251,1,10,team1,Team 1 (N/S),67,53,6,♣,finished,2026-05-18T16:06:30.905858+00:00
4332,INPROC_00AA76,1,10,team2,Team 2 (E/W),17,103,28,♥,finished,2026-05-18T16:06:30.924271+00:00
4333,INPROC_698818,1,10,team2,Team 2 (E/W),50,70,28,♥,finished,2026-05-18T16:06:30.940431+00:00
4334,INPROC_22EDED,1,10,team2,Team 2 (E/W),41,79,25,♥,finished,2026-05-18T16:06:30.956419+00:00
4335,INPROC_02DBC8,1,10,team1,Team 1 (N/S),74,46,3,♣,finished,2026-05-18T16:06:30.972429+00:00
4336,INPROC_34BE5F,1,10,draw,draw,60,60,28,♥,finished,2026-05-18T16:06:30.985800+00:00
4337,INPROC_A950B0,1,10,team2,Team 2 (E/W),19,101,29,♥,finished,2026-05-18T16:06:31.000538+00:00
4338,INPROC_7091BE,1,10,team2,Team 2 (E/W),51,69,11,♦,finished,2026-05-18T16:06:31.017092+00:00
4339,INPROC_F74DEA,1,10,team1,Team 1 (N/S),86,34,24,♥,finished,2026-05-18T16:06:31.036077+00:00
4340,INPROC_E24F49,1,10,team1,Team 1 (N/S),64,56,21,♥,finished,2026-05-18T16:06:31.045859+00:00
4341,INPROC_C012C9,1,10,team1,Team 1 (N/S),68,52,4,♣,finished,2026-05-18T16:06:31.055861+00:00
4342,INPROC_C912B6,1,10,team1,Team 1 (N/S),61,59,0,♣,finished,2026-05-18T16:06:31.065884+00:00
4343,INPROC_C2C3C5,1,10,team1,Team 1 (N/S),78,42,37,♠,finished,2026-05-18T16:06:31.080520+00:00
4344,INPROC_A3B15F,1,10,team1,Team 1 (N/S),65,55,10,♦,finished,2026-05-18T16:06:31.098967+00:00
4345,INPROC_CA6189,1,10,team1,Team 1 (N/S),77,43,13,♦,finished,2026-05-18T16:06:31.118118+00:00
4346,INPROC_E3A31E,1,10,team2,Team 2 (E/W),41,79,16,♦,finished,2026-05-18T16:06:31.133138+00:00
4347,INPROC_2B67E9,1,10,team2,Team 2 (E/W),13,107,13,♦,finished,2026-05-18T16:06:31.149364+00:00
4348,INPROC_1DEF22,1,10,team2,Team 2 (E/W),56,64,15,♦,finished,2026-05-18T16:06:31.161458+00:00
4349,INPROC_0FAC7F,1,10,team1,Team 1 (N/S),82,38,23,♥,finished,2026-05-18T16:06:31.175631+00:00
4350,INPROC_7D2790,1,10,team2,Team 2 (E/W),24,96,25,♥,finished,2026-05-18T16:06:31.188789+00:00
4351,INPROC_CE5B8E,1,10,team2,Team 2 (E/W),40,80,0,♣,finished,2026-05-18T16:06:31.203187+00:00
4352,INPROC_E6A87B,1,10,team2,Team 2 (E/W),51,69,30,♠,finished,2026-05-18T16:06:31.217899+00:00
4353,INPROC_BB3667,1,10,team1,Team 1 (N/S),81,39,6,♣,finished,2026-05-18T16:06:31.234264+00:00
4354,INPROC_64BCE2,1,10,team2,Team 2 (E/W),41,79,3,♣,finished,2026-05-18T16:06:31.249446+00:00
4355,INPROC_43D0B7,1,10,team1,Team 1 (N/S),103,17,16,♦,finished,2026-05-18T16:06:31.266904+00:00
4356,INPROC_ECE757,1,10,team2,Team 2 (E/W),58,62,26,♥,finished,2026-05-18T16:06:31.282847+00:00
4357,INPROC_2D670D,1,10,team1,Team 1 (N/S),88,32,27,♥,finished,2026-05-18T16:06:31.296516+00:00
4358,INPROC_C75016,1,10,team2,Team 2 (E/W),36,84,36,♠,finished,2026-05-18T16:06:31.311272+00:00
4359,INPROC_50FCCE,1,10,team2,Team 2 (E/W),30,90,32,♠,finished,2026-05-18T16:06:31.328145+00:00
4360,INPROC_65528D,1,10,team1,Team 1 (N/S),100,20,22,♥,finished,2026-05-18T16:06:31.342117+00:00
4361,INPROC_3A89E9,1,10,team1,Team 1 (N/S),80,40,18,♦,finished,2026-05-18T16:06:31.359504+00:00
4362,INPROC_929DDE,1,10,team1,Team 1 (N/S),69,51,30,♠,finished,2026-05-18T16:06:31.371128+00:00
4363,INPROC_C661D5,1,10,team2,Team 2 (E/W),38,82,10,♦,finished,2026-05-18T16:06:31.384179+00:00
4364,INPROC_FED978,1,10,team1,Team 1 (N/S),67,53,1,♣,finished,2026-05-18T16:06:31.394527+00:00
4365,INPROC_5D7AC7,1,10,team2,Team 2 (E/W),31,89,2,♣,finished,2026-05-18T16:06:31.405010+00:00
4366,INPROC_E8113D,1,10,team1,Team 1 (N/S),89,31,34,♠,finished,2026-05-18T16:06:31.419310+00:00
4367,INPROC_C6BF7A,1,10,team2,Team 2 (E/W),55,65,21,♥,finished,2026-05-18T16:06:31.433773+00:00
4368,INPROC_28EBB3,1,10,team2,Team 2 (E/W),59,61,31,♠,finished,2026-05-18T16:06:31.447557+00:00
4369,INPROC_D6C45B,1,10,team2,Team 2 (E/W),53,67,24,♥,finished,2026-05-18T16:06:31.464328+00:00
4370,INPROC_C0DD39,1,10,team1,Team 1 (N/S),72,48,20,♥,finished,2026-05-18T16:06:31.480191+00:00
4371,INPROC_FFE302,1,10,team2,Team 2 (E/W),31,89,38,♠,finished,2026-05-18T16:06:31.495165+00:00
4372,INPROC_021FAA,1,10,team1,Team 1 (N/S),66,54,29,♥,finished,2026-05-18T16:06:31.510072+00:00
4373,INPROC_8DEF38,1,10,team1,Team 1 (N/S),83,37,20,♥,finished,2026-05-18T16:06:31.524567+00:00
4374,INPROC_2B3E02,1,10,draw,draw,60,60,21,♥,finished,2026-05-18T16:06:31.541187+00:00
4375,INPROC_165C37,1,10,team2,Team 2 (E/W),56,64,7,♣,finished,2026-05-18T16:06:31.558222+00:00
4376,INPROC_384E2E,1,10,team2,Team 2 (E/W),55,65,23,♥,finished,2026-05-18T16:06:31.574239+00:00
4377,INPROC_8C8338,1,10,team2,Team 2 (E/W),37,83,4,♣,finished,2026-05-18T16:06:31.592375+00:00
4378,INPROC_D91E1E,1,10,team2,Team 2 (E/W),39,81,16,♦,finished,2026-05-18T16:06:31.608844+00:00
4379,INPROC_A6BB1A,1,10,team2,Team 2 (E/W),53,67,34,♠,finished,2026-05-18T16:06:31.624891+00:00
4380,INPROC_2785C3,1,10,team2,Team 2 (E/W),26,94,3,♣,finished,2026-05-18T16:06:31.641309+00:00
4381,INPROC_DEA8A5,1,10,team1,Team 1 (N/S),61,59,3,♣,finished,2026-05-18T16:06:31.655997+00:00
4382,INPROC_8D6ACD,1,10,team2,Team 2 (E/W),35,85,14,♦,finished,2026-05-18T16:06:31.667958+00:00
4383,INPROC_818134,1,10,team2,Team 2 (E/W),57,63,21,♥,finished,2026-05-18T16:06:31.681534+00:00
4384,INPROC_D950D9,1,10,team2,Team 2 (E/W),59,61,21,♥,finished,2026-05-18T16:06:31.695793+00:00
4385,INPROC_0744F3,1,10,team2,Team 2 (E/W),38,82,32,♠,finished,2026-05-18T16:06:31.710389+00:00
4386,INPROC_42D113,1,10,team2,Team 2 (E/W),56,64,27,♥,finished,2026-05-18T16:06:31.720181+00:00
4387,INPROC_F647EA,1,10,team2,Team 2 (E/W),44,76,28,♥,finished,2026-05-18T16:06:31.735364+00:00
4388,INPROC_501C1F,1,10,team1,Team 1 (N/S),65,55,9,♣,finished,2026-05-18T16:06:31.750613+00:00
4389,INPROC_C2E2BA,1,10,team2,Team 2 (E/W),14,106,20,♥,finished,2026-05-18T16:06:31.764279+00:00
4390,INPROC_4723B2,1,10,team2,Team 2 (E/W),39,81,9,♣,finished,2026-05-18T16:06:31.778547+00:00
4391,INPROC_A768D4,1,10,team2,Team 2 (E/W),41,79,9,♣,finished,2026-05-18T16:06:31.792105+00:00
4392,INPROC_718999,1,10,team1,Team 1 (N/S),93,27,26,♥,finished,2026-05-18T16:06:31.804984+00:00
4393,INPROC_06CFE4,1,10,team1,Team 1 (N/S),72,48,16,♦,finished,2026-05-18T16:06:31.818568+00:00
4394,INPROC_D033F5,1,10,team1,Team 1 (N/S),65,55,28,♥,finished,2026-05-18T16:06:31.827552+00:00
4395,INPROC_7FDF1D,1,10,team1,Team 1 (N/S),64,56,26,♥,finished,2026-05-18T16:06:31.840847+00:00
4396,INPROC_A1E46C,1,10,team2,Team 2 (E/W),47,73,29,♥,finished,2026-05-18T16:06:31.852782+00:00
4397,INPROC_C3B7B9,1,10,team2,Team 2 (E/W),0,120,10,♦,finished,2026-05-18T16:06:31.865925+00:00
4398,INPROC_04075E,1,10,team2,Team 2 (E/W),46,74,1,♣,finished,2026-05-18T16:06:31.875046+00:00
4399,INPROC_E6FCFE,1,10,team1,Team 1 (N/S),87,33,16,♦,finished,2026-05-18T16:06:31.893098+00:00
4400,INPROC_758F3F,1,10,team2,Team 2 (E/W),52,68,25,♥,finished,2026-05-18T16:06:31.907233+00:00
4401,INPROC_4D0EB4,1,10,team1,Team 1 (N/S),83,37,28,♥,finished,2026-05-18T16:06:31.920944+00:00
4402,INPROC_8E7965,1,10,team1,Team 1 (N/S),72,48,9,♣,finished,2026-05-18T16:06:31.934453+00:00
4403,INPROC_CCF549,1,10,team1,Team 1 (N/S),82,38,27,♥,finished,2026-05-18T16:06:31.948220+00:00
4404,INPROC_8CD218,1,10,team1,Team 1 (N/S),79,41,5,♣,finished,2026-05-18T16:06:31.962518+00:00
4405,INPROC_0F5465,1,10,team2,Team 2 (E/W),51,69,27,♥,finished,2026-05-18T16:06:31.971820+00:00
4406,INPROC_1E38F4,1,10,team1,Team 1 (N/S),61,59,29,♥,finished,2026-05-18T16:06:31.983032+00:00
4407,INPROC_E4B02D,1,10,team1,Team 1 (N/S),84,36,19,♦,finished,2026-05-18T16:06:31.991616+00:00
4408,INPROC_A745CC,1,10,team2,Team 2 (E/W),33,87,1,♣,finished,2026-05-18T16:06:32.003646+00:00
4409,INPROC_0E4D37,1,10,team2,Team 2 (E/W),31,89,33,♠,finished,2026-05-18T16:06:32.017665+00:00
4410,INPROC_0B7DF2,1,10,team2,Team 2 (E/W),57,63,24,♥,finished,2026-05-18T16:06:32.026545+00:00
4411,INPROC_67FDD3,1,10,team2,Team 2 (E/W),59,61,17,♦,finished,2026-05-18T16:06:32.040133+00:00
4412,INPROC_CA9AF3,1,10,team1,Team 1 (N/S),68,52,38,♠,finished,2026-05-18T16:06:32.054586+00:00
4413,INPROC_CB0B0F,1,10,team2,Team 2 (E/W),46,74,7,♣,finished,2026-05-18T16:06:32.067375+00:00
4414,INPROC_2BDF6A,1,10,team1,Team 1 (N/S),68,52,18,♦,finished,2026-05-18T16:06:32.080700+00:00
4415,INPROC_B6B2BA,1,10,team2,Team 2 (E/W),53,67,30,♠,finished,2026-05-18T16:06:32.095123+00:00
4416,INPROC_6689EE,1,10,team2,Team 2 (E/W),41,79,30,♠,finished,2026-05-18T16:06:32.109915+00:00
4417,INPROC_E5C5C2,1,10,team1,Team 1 (N/S),90,30,7,♣,finished,2026-05-18T16:06:32.122409+00:00
4418,INPROC_A594E5,1,10,team2,Team 2 (E/W),37,83,6,♣,finished,2026-05-18T16:06:32.137893+00:00
4419,INPROC_334B27,1,10,team2,Team 2 (E/W),49,71,2,♣,finished,2026-05-18T16:06:32.149044+00:00
4420,INPROC_CCDA4A,1,10,team1,Team 1 (N/S),73,47,1,♣,finished,2026-05-18T16:06:32.163517+00:00
4421,INPROC_895761,1,10,team2,Team 2 (E/W),32,88,35,♠,finished,2026-05-18T16:06:32.177430+00:00
4422,INPROC_9B76E4,1,10,team2,Team 2 (E/W),52,68,12,♦,finished,2026-05-18T16:06:32.194008+00:00
4423,INPROC_6B0342,1,10,team2,Team 2 (E/W),30,90,8,♣,finished,2026-05-18T16:06:32.207197+00:00
4424,INPROC_9B52BD,1,10,team2,Team 2 (E/W),38,82,28,♥,finished,2026-05-18T16:06:32.217992+00:00
4425,INPROC_DE508A,1,10,team2,Team 2 (E/W),56,64,12,♦,finished,2026-05-18T16:06:32.228538+00:00
4426,INPROC_50B129,1,10,team2,Team 2 (E/W),55,65,24,♥,finished,2026-05-18T16:06:32.240805+00:00
4427,INPROC_EA81B2,1,10,team2,Team 2 (E/W),59,61,9,♣,finished,2026-05-18T16:06:32.250964+00:00
4428,INPROC_290D0F,1,10,team1,Team 1 (N/S),65,55,31,♠,finished,2026-05-18T16:06:32.261621+00:00
4429,INPROC_17DC3E,1,10,team2,Team 2 (E/W),35,85,15,♦,finished,2026-05-18T16:06:32.274796+00:00
4430,INPROC_C1DDB7,1,10,team1,Team 1 (N/S),81,39,20,♥,finished,2026-05-18T16:06:32.289181+00:00
4431,INPROC_D5DF85,1,10,team2,Team 2 (E/W),50,70,16,♦,finished,2026-05-18T16:06:32.306164+00:00
4432,INPROC_A30B3F,1,10,team1,Team 1 (N/S),83,37,17,♦,finished,2026-05-18T16:06:32.321861+00:00
4433,INPROC_FD39FF,1,10,team2,Team 2 (E/W),23,97,3,♣,finished,2026-05-18T16:06:32.336771+00:00
4434,INPROC_FD7FFE,1,10,team1,Team 1 (N/S),62,58,36,♠,finished,2026-05-18T16:06:32.351082+00:00
4435,INPROC_EBD747,1,10,team1,Team 1 (N/S),108,12,11,♦,finished,2026-05-18T16:06:32.367635+00:00
4436,INPROC_68E5AD,1,10,team2,Team 2 (E/W),6,114,26,♥,finished,2026-05-18T16:06:32.381384+00:00
4437,INPROC_FBBB9A,1,10,team1,Team 1 (N/S),85,35,38,♠,finished,2026-05-18T16:06:32.391201+00:00
4438,INPROC_19AA09,1,10,team2,Team 2 (E/W),21,99,32,♠,finished,2026-05-18T16:06:32.404321+00:00
4439,INPROC_633E98,1,10,team2,Team 2 (E/W),53,67,34,♠,finished,2026-05-18T16:06:32.418975+00:00
4440,INPROC_09FEAE,1,10,team1,Team 1 (N/S),64,56,1,♣,finished,2026-05-18T16:06:32.432802+00:00
4441,INPROC_E662FD,1,10,team2,Team 2 (E/W),36,84,33,♠,finished,2026-05-18T16:06:32.442456+00:00
4442,INPROC_761884,1,10,team1,Team 1 (N/S),82,38,27,♥,finished,2026-05-18T16:06:32.453951+00:00
4443,INPROC_EDE18B,1,10,team2,Team 2 (E/W),52,68,7,♣,finished,2026-05-18T16:06:32.469494+00:00
4444,INPROC_A4D398,1,10,team1,Team 1 (N/S),90,30,12,♦,finished,2026-05-18T16:06:32.479439+00:00
4445,INPROC_ED2748,1,10,team2,Team 2 (E/W),42,78,11,♦,finished,2026-05-18T16:06:32.490416+00:00
4446,INPROC_AFCE51,1,10,team2,Team 2 (E/W),45,75,20,♥,finished,2026-05-18T16:06:32.501307+00:00
4447,INPROC_07D1A5,1,10,team1,Team 1 (N/S),78,42,11,♦,finished,2026-05-18T16:06:32.513136+00:00
4448,INPROC_8494DB,1,10,team1,Team 1 (N/S),61,59,8,♣,finished,2026-05-18T16:06:32.521928+00:00
4449,INPROC_0F78A7,1,10,team2,Team 2 (E/W),59,61,0,♣,finished,2026-05-18T16:06:32.534877+00:00
4450,INPROC_7C4DE2,1,10,team1,Team 1 (N/S),66,54,29,♥,finished,2026-05-18T16:06:32.546760+00:00
4451,INPROC_F2FACE,1,10,team2,Team 2 (E/W),36,84,39,♠,finished,2026-05-18T16:06:32.560202+00:00
4452,INPROC_2D9D62,1,10,team1,Team 1 (N/S),80,40,27,♥,finished,2026-05-18T16:06:32.570214+00:00
4453,INPROC_AF9C1E,1,10,team2,Team 2 (E/W),55,65,21,♥,finished,2026-05-18T16:06:32.582424+00:00
4454,INPROC_79AF97,1,10,team2,Team 2 (E/W),32,88,31,♠,finished,2026-05-18T16:06:32.590935+00:00
4455,INPROC_F00941,1,10,team1,Team 1 (N/S),84,36,22,♥,finished,2026-05-18T16:06:32.599876+00:00
4456,INPROC_847803,1,10,team1,Team 1 (N/S),64,56,33,♠,finished,2026-05-18T16:06:32.609821+00:00
4457,INPROC_F0B7CC,1,10,team2,Team 2 (E/W),11,109,35,♠,finished,2026-05-18T16:06:32.623592+00:00
4458,INPROC_2EB57F,1,10,team1,Team 1 (N/S),67,53,22,♥,finished,2026-05-18T16:06:32.637574+00:00
4459,INPROC_CE3E36,1,10,team1,Team 1 (N/S),71,49,9,♣,finished,2026-05-18T16:06:32.649461+00:00
4460,INPROC_6AC884,1,10,team2,Team 2 (E/W),23,97,29,♥,finished,2026-05-18T16:06:32.661039+00:00
4461,INPROC_EC8148,1,10,draw,draw,60,60,19,♦,finished,2026-05-18T16:06:32.671462+00:00
4462,INPROC_0D70B9,1,10,team1,Team 1 (N/S),63,57,24,♥,finished,2026-05-18T16:06:32.689373+00:00
4463,INPROC_90D6CE,1,10,team2,Team 2 (E/W),53,67,34,♠,finished,2026-05-18T16:06:32.707049+00:00
4464,INPROC_DF15AB,1,10,team1,Team 1 (N/S),80,40,35,♠,finished,2026-05-18T16:06:32.719214+00:00
4465,INPROC_B3D9B6,1,10,team1,Team 1 (N/S),88,32,14,♦,finished,2026-05-18T16:06:32.730644+00:00
4466,INPROC_49180A,1,10,team2,Team 2 (E/W),46,74,19,♦,finished,2026-05-18T16:06:32.741673+00:00
4467,INPROC_D3D966,1,10,team1,Team 1 (N/S),71,49,26,♥,finished,2026-05-18T16:06:32.750694+00:00
4468,INPROC_F790CE,1,10,team2,Team 2 (E/W),39,81,29,♥,finished,2026-05-18T16:06:32.763513+00:00
4469,INPROC_D291D5,1,10,team2,Team 2 (E/W),16,104,16,♦,finished,2026-05-18T16:06:32.772484+00:00
4470,INPROC_096D41,1,10,team2,Team 2 (E/W),57,63,28,♥,finished,2026-05-18T16:06:32.782171+00:00
4471,INPROC_CB8177,1,10,team2,Team 2 (E/W),0,120,1,♣,finished,2026-05-18T16:06:32.792379+00:00
4472,INPROC_D0714D,1,10,team2,Team 2 (E/W),26,94,9,♣,finished,2026-05-18T16:06:32.804269+00:00
4473,INPROC_5B1C10,1,10,team2,Team 2 (E/W),48,72,31,♠,finished,2026-05-18T16:06:32.813283+00:00
4474,INPROC_94CDA4,1,10,team2,Team 2 (E/W),57,63,24,♥,finished,2026-05-18T16:06:32.827780+00:00
4475,INPROC_B41150,1,10,team2,Team 2 (E/W),41,79,8,♣,finished,2026-05-18T16:06:32.836500+00:00
4476,INPROC_4F0268,1,10,team2,Team 2 (E/W),47,73,34,♠,finished,2026-05-18T16:06:32.850101+00:00
4477,INPROC_CEED50,1,10,team1,Team 1 (N/S),71,49,18,♦,finished,2026-05-18T16:06:32.860889+00:00
4478,INPROC_4F511B,1,10,team2,Team 2 (E/W),37,83,32,♠,finished,2026-05-18T16:06:32.875581+00:00
4479,INPROC_4475A3,1,10,team2,Team 2 (E/W),39,81,10,♦,finished,2026-05-18T16:06:32.889182+00:00
4480,INPROC_BC0B59,1,10,team2,Team 2 (E/W),19,101,35,♠,finished,2026-05-18T16:06:32.900734+00:00
4481,INPROC_906DFC,1,10,team2,Team 2 (E/W),57,63,12,♦,finished,2026-05-18T16:06:32.911951+00:00
4482,INPROC_37BB9D,1,10,team2,Team 2 (E/W),49,71,22,♥,finished,2026-05-18T16:06:32.920371+00:00
4483,INPROC_E53216,1,10,team2,Team 2 (E/W),48,72,15,♦,finished,2026-05-18T16:06:32.929425+00:00
4484,INPROC_B24D26,1,10,team1,Team 1 (N/S),69,51,2,♣,finished,2026-05-18T16:06:32.937785+00:00
4485,INPROC_4C2AF5,1,10,team1,Team 1 (N/S),74,46,2,♣,finished,2026-05-18T16:06:32.946960+00:00
4486,INPROC_C423AE,1,10,team1,Team 1 (N/S),108,12,14,♦,finished,2026-05-18T16:06:32.956823+00:00
4487,INPROC_8D75BD,1,10,team2,Team 2 (E/W),32,88,6,♣,finished,2026-05-18T16:06:32.966063+00:00
4488,INPROC_F03BEC,1,10,team1,Team 1 (N/S),79,41,20,♥,finished,2026-05-18T16:06:32.976543+00:00
4489,INPROC_2FF6B4,1,10,team2,Team 2 (E/W),10,110,30,♠,finished,2026-05-18T16:06:32.987302+00:00
4490,INPROC_D56CE3,1,10,team1,Team 1 (N/S),66,54,9,♣,finished,2026-05-18T16:06:32.997917+00:00
4491,INPROC_84A688,1,10,team1,Team 1 (N/S),65,55,24,♥,finished,2026-05-18T16:06:33.009161+00:00
4492,INPROC_F12662,1,10,draw,draw,60,60,33,♠,finished,2026-05-18T16:06:33.025704+00:00
4493,INPROC_3162EE,1,10,team2,Team 2 (E/W),36,84,20,♥,finished,2026-05-18T16:06:33.039108+00:00
4494,INPROC_61AA8F,1,10,team2,Team 2 (E/W),4,116,32,♠,finished,2026-05-18T16:06:33.057461+00:00
4495,INPROC_C0BB5D,1,10,team1,Team 1 (N/S),88,32,26,♥,finished,2026-05-18T16:06:33.079349+00:00
4496,INPROC_D0DE7B,1,10,team2,Team 2 (E/W),47,73,27,♥,finished,2026-05-18T16:06:33.091694+00:00
4497,INPROC_9B758D,1,10,team1,Team 1 (N/S),74,46,39,♠,finished,2026-05-18T16:06:33.108632+00:00
4498,INPROC_7E62A2,1,10,team2,Team 2 (E/W),55,65,2,♣,finished,2026-05-18T16:06:33.125195+00:00
4499,INPROC_86FF9E,1,10,team1,Team 1 (N/S),88,32,11,♦,finished,2026-05-18T16:06:33.142083+00:00
4500,INPROC_9ADE66,1,10,team1,Team 1 (N/S),84,36,23,♥,finished,2026-05-18T16:06:33.159414+00:00
4501,INPROC_C803F8,1,10,team1,Team 1 (N/S),87,33,3,♣,finished,2026-05-18T16:06:33.174290+00:00
4502,INPROC_073DDD,1,10,team2,Team 2 (E/W),57,63,29,♥,finished,2026-05-18T16:06:33.186575+00:00
4503,INPROC_93AE94,1,10,team2,Team 2 (E/W),7,113,19,♦,finished,2026-05-18T16:06:33.197177+00:00
4504,INPROC_542DDC,1,10,team2,Team 2 (E/W),40,80,30,♠,finished,2026-05-18T16:06:33.206661+00:00
4505,INPROC_DA2012,1,10,team2,Team 2 (E/W),46,74,0,♣,finished,2026-05-18T16:06:33.217373+00:00
4506,INPROC_41910E,1,10,team2,Team 2 (E/W),9,111,22,♥,finished,2026-05-18T16:06:33.227668+00:00
4507,INPROC_90555F,1,10,team2,Team 2 (E/W),39,81,27,♥,finished,2026-05-18T16:06:33.238030+00:00
4508,INPROC_669D6F,1,10,team2,Team 2 (E/W),58,62,28,♥,finished,2026-05-18T16:06:33.253789+00:00
4509,INPROC_76F431,1,10,team1,Team 1 (N/S),74,46,11,♦,finished,2026-05-18T16:06:33.270023+00:00
4510,INPROC_60D0C3,1,10,team2,Team 2 (E/W),53,67,23,♥,finished,2026-05-18T16:06:33.287349+00:00
4511,INPROC_DF61FD,1,10,team1,Team 1 (N/S),79,41,0,♣,finished,2026-05-18T16:06:33.306721+00:00
4512,INPROC_596CCE,1,10,team2,Team 2 (E/W),37,83,19,♦,finished,2026-05-18T16:06:33.325696+00:00
4513,INPROC_A66408,1,10,team2,Team 2 (E/W),49,71,27,♥,finished,2026-05-18T16:06:33.346150+00:00
4514,INPROC_D123C4,1,10,team1,Team 1 (N/S),78,42,13,♦,finished,2026-05-18T16:06:33.367065+00:00
4515,INPROC_34A46C,1,10,team2,Team 2 (E/W),18,102,15,♦,finished,2026-05-18T16:06:33.380284+00:00
4516,INPROC_99FD2E,1,10,team2,Team 2 (E/W),38,82,24,♥,finished,2026-05-18T16:06:33.393298+00:00
4517,INPROC_01DBC3,1,10,team1,Team 1 (N/S),62,58,25,♥,finished,2026-05-18T16:06:33.403958+00:00
4518,INPROC_06E3B7,1,10,team2,Team 2 (E/W),53,67,11,♦,finished,2026-05-18T16:06:33.412961+00:00
4519,INPROC_750B93,1,10,team2,Team 2 (E/W),55,65,11,♦,finished,2026-05-18T16:06:33.424156+00:00
4520,INPROC_46BCA0,1,10,team2,Team 2 (E/W),23,97,5,♣,finished,2026-05-18T16:06:33.437869+00:00
4521,INPROC_A09E36,1,10,team2,Team 2 (E/W),34,86,39,♠,finished,2026-05-18T16:06:33.454996+00:00
4522,INPROC_966A1D,1,10,team1,Team 1 (N/S),79,41,16,♦,finished,2026-05-18T16:06:33.472484+00:00
4523,INPROC_2956A3,1,10,team1,Team 1 (N/S),85,35,20,♥,finished,2026-05-18T16:06:33.488251+00:00
4524,INPROC_B8ED98,1,10,team1,Team 1 (N/S),71,49,38,♠,finished,2026-05-18T16:06:33.497730+00:00
4525,INPROC_68A1EF,1,10,draw,draw,60,60,10,♦,finished,2026-05-18T16:06:33.507163+00:00
4526,INPROC_5ABA63,1,10,team2,Team 2 (E/W),26,94,37,♠,finished,2026-05-18T16:06:33.517188+00:00
4527,INPROC_013152,1,10,team2,Team 2 (E/W),34,86,38,♠,finished,2026-05-18T16:06:33.526333+00:00
4528,INPROC_EE1C3E,1,10,team1,Team 1 (N/S),66,54,8,♣,finished,2026-05-18T16:06:33.541204+00:00
4529,INPROC_2620A3,1,10,team1,Team 1 (N/S),65,55,25,♥,finished,2026-05-18T16:06:33.553229+00:00
4530,INPROC_57E06E,1,10,team1,Team 1 (N/S),69,51,1,♣,finished,2026-05-18T16:06:33.569640+00:00
4531,INPROC_507F82,1,10,team2,Team 2 (E/W),30,90,18,♦,finished,2026-05-18T16:06:33.586656+00:00
4532,INPROC_2119C9,1,10,team2,Team 2 (E/W),21,99,22,♥,finished,2026-05-18T16:06:33.599421+00:00
4533,INPROC_B8C14D,1,10,team2,Team 2 (E/W),42,78,19,♦,finished,2026-05-18T16:06:33.614868+00:00
4534,INPROC_AA683A,1,10,team1,Team 1 (N/S),84,36,25,♥,finished,2026-05-18T16:06:33.626786+00:00
4535,INPROC_C3A196,1,10,team2,Team 2 (E/W),24,96,29,♥,finished,2026-05-18T16:06:33.635268+00:00
4536,INPROC_02ACD7,1,10,team1,Team 1 (N/S),100,20,27,♥,finished,2026-05-18T16:06:33.643451+00:00
4537,INPROC_4A35A5,1,10,team1,Team 1 (N/S),84,36,29,♥,finished,2026-05-18T16:06:33.656458+00:00
4538,INPROC_78411E,1,10,team2,Team 2 (E/W),44,76,9,♣,finished,2026-05-18T16:06:33.668627+00:00
4539,INPROC_96F878,1,10,team1,Team 1 (N/S),66,54,18,♦,finished,2026-05-18T16:06:33.679188+00:00
4540,INPROC_473913,1,10,team2,Team 2 (E/W),39,81,5,♣,finished,2026-05-18T16:06:33.689404+00:00
4541,INPROC_60915F,1,10,team2,Team 2 (E/W),33,87,38,♠,finished,2026-05-18T16:06:33.699147+00:00
4542,INPROC_696412,1,10,team2,Team 2 (E/W),51,69,23,♥,finished,2026-05-18T16:06:33.711451+00:00
4543,INPROC_0DE8C5,1,10,team1,Team 1 (N/S),78,42,34,♠,finished,2026-05-18T16:06:33.724779+00:00
4544,INPROC_00B048,1,10,team1,Team 1 (N/S),104,16,4,♣,finished,2026-05-18T16:06:33.735538+00:00
4545,INPROC_0C83D6,1,10,team2,Team 2 (E/W),27,93,0,♣,finished,2026-05-18T16:06:33.744559+00:00
4546,INPROC_F4F906,1,10,team2,Team 2 (E/W),32,88,36,♠,finished,2026-05-18T16:06:33.755359+00:00
4547,INPROC_3F188E,1,10,team2,Team 2 (E/W),43,77,32,♠,finished,2026-05-18T16:06:33.767888+00:00
4548,INPROC_54A6B6,1,10,team2,Team 2 (E/W),59,61,22,♥,finished,2026-05-18T16:06:33.778445+00:00
4549,INPROC_D34B4B,1,10,team2,Team 2 (E/W),37,83,15,♦,finished,2026-05-18T16:06:33.788698+00:00
4550,INPROC_1E594E,1,10,team2,Team 2 (E/W),38,82,0,♣,finished,2026-05-18T16:06:33.798679+00:00
4551,INPROC_1798B1,1,10,team1,Team 1 (N/S),64,56,11,♦,finished,2026-05-18T16:06:33.807533+00:00
4552,INPROC_011BE5,1,10,team2,Team 2 (E/W),24,96,29,♥,finished,2026-05-18T16:06:33.820361+00:00
4553,INPROC_11644B,1,10,team2,Team 2 (E/W),26,94,23,♥,finished,2026-05-18T16:06:33.839058+00:00
4554,INPROC_8BDFB3,1,10,team2,Team 2 (E/W),34,86,11,♦,finished,2026-05-18T16:06:33.854022+00:00
4555,INPROC_3A4D83,1,10,team2,Team 2 (E/W),46,74,13,♦,finished,2026-05-18T16:06:33.872505+00:00
4556,INPROC_CC0958,1,10,team1,Team 1 (N/S),101,19,8,♣,finished,2026-05-18T16:06:33.892330+00:00
4557,INPROC_84C33F,1,10,team1,Team 1 (N/S),70,50,19,♦,finished,2026-05-18T16:06:33.913191+00:00
4558,INPROC_2C79D5,1,10,team2,Team 2 (E/W),22,98,2,♣,finished,2026-05-18T16:06:33.932401+00:00
4559,INPROC_815123,1,10,team2,Team 2 (E/W),45,75,26,♥,finished,2026-05-18T16:06:33.948691+00:00
4560,INPROC_779CC9,1,10,team1,Team 1 (N/S),106,14,37,♠,finished,2026-05-18T16:06:33.965130+00:00
4561,INPROC_3279D6,1,10,team1,Team 1 (N/S),72,48,31,♠,finished,2026-05-18T16:06:33.985067+00:00
4562,INPROC_FC8B4A,1,10,team1,Team 1 (N/S),64,56,5,♣,finished,2026-05-18T16:06:34.004006+00:00
4563,INPROC_4D640D,1,10,team2,Team 2 (E/W),35,85,22,♥,finished,2026-05-18T16:06:34.026216+00:00
4564,INPROC_4972B6,1,10,team2,Team 2 (E/W),3,117,37,♠,finished,2026-05-18T16:06:34.044869+00:00
4565,INPROC_AE8CF1,1,10,team1,Team 1 (N/S),67,53,11,♦,finished,2026-05-18T16:06:34.063155+00:00
4566,INPROC_A8BCF7,1,10,team2,Team 2 (E/W),15,105,10,♦,finished,2026-05-18T16:06:34.078005+00:00
4567,INPROC_3736EE,1,10,team2,Team 2 (E/W),47,73,36,♠,finished,2026-05-18T16:06:34.094639+00:00
4568,INPROC_6D531F,1,10,team2,Team 2 (E/W),17,103,23,♥,finished,2026-05-18T16:06:34.112329+00:00
4569,INPROC_301223,1,10,team2,Team 2 (E/W),40,80,4,♣,finished,2026-05-18T16:06:34.127422+00:00
4570,INPROC_14E9CC,1,10,team2,Team 2 (E/W),32,88,36,♠,finished,2026-05-18T16:06:34.141680+00:00
4571,INPROC_99EE74,1,10,team2,Team 2 (E/W),31,89,9,♣,finished,2026-05-18T16:06:34.157653+00:00
4572,INPROC_11D46A,1,10,team1,Team 1 (N/S),89,31,25,♥,finished,2026-05-18T16:06:34.175236+00:00
4573,INPROC_677039,1,10,team2,Team 2 (E/W),42,78,19,♦,finished,2026-05-18T16:06:34.193575+00:00
4574,INPROC_FC75EA,1,10,team1,Team 1 (N/S),75,45,19,♦,finished,2026-05-18T16:06:34.206891+00:00
4575,INPROC_415F5F,1,10,team2,Team 2 (E/W),38,82,4,♣,finished,2026-05-18T16:06:34.219620+00:00
4576,INPROC_B5820B,1,10,team1,Team 1 (N/S),84,36,6,♣,finished,2026-05-18T16:06:34.235393+00:00
4577,INPROC_766CC2,1,10,team1,Team 1 (N/S),97,23,32,♠,finished,2026-05-18T16:06:34.254011+00:00
4578,INPROC_6FCD84,1,10,team2,Team 2 (E/W),11,109,13,♦,finished,2026-05-18T16:06:34.266832+00:00
4579,INPROC_5A33B2,1,10,team2,Team 2 (E/W),30,90,39,♠,finished,2026-05-18T16:06:34.279418+00:00
4580,INPROC_476DFD,1,10,team1,Team 1 (N/S),71,49,0,♣,finished,2026-05-18T16:06:34.294341+00:00
4581,INPROC_D24D6E,1,10,team1,Team 1 (N/S),97,23,22,♥,finished,2026-05-18T16:06:34.313376+00:00
4582,INPROC_7240C5,1,10,team2,Team 2 (E/W),33,87,26,♥,finished,2026-05-18T16:06:34.330201+00:00
4583,INPROC_49BDB2,1,10,team2,Team 2 (E/W),27,93,27,♥,finished,2026-05-18T16:06:34.348838+00:00
4584,INPROC_21547D,1,10,team2,Team 2 (E/W),56,64,19,♦,finished,2026-05-18T16:06:34.368230+00:00
4585,INPROC_6107D1,1,10,team2,Team 2 (E/W),17,103,29,♥,finished,2026-05-18T16:06:34.384313+00:00
4586,INPROC_B1CBA7,1,10,team1,Team 1 (N/S),86,34,7,♣,finished,2026-05-18T16:06:34.399936+00:00
4587,INPROC_231156,1,10,team2,Team 2 (E/W),21,99,39,♠,finished,2026-05-18T16:06:34.415728+00:00
4588,INPROC_235145,1,10,team2,Team 2 (E/W),28,92,13,♦,finished,2026-05-18T16:06:34.430649+00:00
4589,INPROC_DBFA86,1,10,team2,Team 2 (E/W),53,67,9,♣,finished,2026-05-18T16:06:34.446258+00:00
4590,INPROC_05FCDE,1,10,team1,Team 1 (N/S),91,29,4,♣,finished,2026-05-18T16:06:34.461344+00:00
4591,INPROC_1C1AE8,1,10,team1,Team 1 (N/S),94,26,3,♣,finished,2026-05-18T16:06:34.477059+00:00
4592,INPROC_603E42,1,10,team1,Team 1 (N/S),83,37,36,♠,finished,2026-05-18T16:06:34.490864+00:00
4593,INPROC_0CD11D,1,10,team2,Team 2 (E/W),49,71,31,♠,finished,2026-05-18T16:06:34.505452+00:00
4594,INPROC_672A84,1,10,team1,Team 1 (N/S),81,39,4,♣,finished,2026-05-18T16:06:34.522339+00:00
4595,INPROC_867266,1,10,team1,Team 1 (N/S),63,57,25,♥,finished,2026-05-18T16:06:34.536848+00:00
4596,INPROC_31A2B3,1,10,team2,Team 2 (E/W),38,82,12,♦,finished,2026-05-18T16:06:34.551730+00:00
4597,INPROC_E8F818,1,10,team2,Team 2 (E/W),48,72,14,♦,finished,2026-05-18T16:06:34.564356+00:00
4598,INPROC_25646C,1,10,team2,Team 2 (E/W),46,74,7,♣,finished,2026-05-18T16:06:34.579148+00:00
4599,INPROC_425FE6,1,10,team1,Team 1 (N/S),61,59,0,♣,finished,2026-05-18T16:06:34.592698+00:00
4600,INPROC_E7227C,1,10,team1,Team 1 (N/S),91,29,1,♣,finished,2026-05-18T16:06:34.601668+00:00
4601,INPROC_C2E859,1,10,team2,Team 2 (E/W),55,65,4,♣,finished,2026-05-18T16:06:34.614252+00:00
4602,INPROC_53CCDC,1,10,team1,Team 1 (N/S),75,45,6,♣,finished,2026-05-18T16:06:34.628145+00:00
4603,INPROC_E44A44,1,10,team1,Team 1 (N/S),116,4,1,♣,finished,2026-05-18T16:06:34.641136+00:00
4604,INPROC_609029,1,10,team1,Team 1 (N/S),84,36,21,♥,finished,2026-05-18T16:06:34.655884+00:00
4605,INPROC_29F9D2,1,10,team1,Team 1 (N/S),99,21,14,♦,finished,2026-05-18T16:06:34.666990+00:00
4606,INPROC_11C0F6,1,10,team1,Team 1 (N/S),78,42,23,♥,finished,2026-05-18T16:06:34.683702+00:00
4607,INPROC_D45038,1,10,team2,Team 2 (E/W),22,98,30,♠,finished,2026-05-18T16:06:34.700886+00:00
4608,INPROC_A1E2A8,1,10,team1,Team 1 (N/S),70,50,36,♠,finished,2026-05-18T16:06:34.720780+00:00
4609,INPROC_F24397,1,10,team1,Team 1 (N/S),84,36,29,♥,finished,2026-05-18T16:06:34.737543+00:00
4610,INPROC_D8DD08,1,10,team2,Team 2 (E/W),49,71,21,♥,finished,2026-05-18T16:06:34.753379+00:00
4611,INPROC_C27BC4,1,10,team1,Team 1 (N/S),100,20,17,♦,finished,2026-05-18T16:06:34.763977+00:00
4612,INPROC_16E7DA,1,10,team2,Team 2 (E/W),44,76,8,♣,finished,2026-05-18T16:06:34.773264+00:00
4613,INPROC_9C47C1,1,10,team2,Team 2 (E/W),51,69,20,♥,finished,2026-05-18T16:06:34.788461+00:00
4614,INPROC_974DE3,1,10,team2,Team 2 (E/W),58,62,14,♦,finished,2026-05-18T16:06:34.799687+00:00
4615,INPROC_75B7F4,1,10,team1,Team 1 (N/S),96,24,36,♠,finished,2026-05-18T16:06:34.809532+00:00
4616,INPROC_192635,1,10,team1,Team 1 (N/S),66,54,11,♦,finished,2026-05-18T16:06:34.819687+00:00
4617,INPROC_B97EB9,1,10,team1,Team 1 (N/S),81,39,7,♣,finished,2026-05-18T16:06:34.836085+00:00
4618,INPROC_FC41D3,1,10,team1,Team 1 (N/S),90,30,15,♦,finished,2026-05-18T16:06:34.851930+00:00
4619,INPROC_5904C1,1,10,team2,Team 2 (E/W),49,71,15,♦,finished,2026-05-18T16:06:34.860093+00:00
4620,INPROC_7A2AB7,1,10,team2,Team 2 (E/W),15,105,31,♠,finished,2026-05-18T16:06:34.876780+00:00
4621,INPROC_FD05F8,1,10,draw,draw,60,60,29,♥,finished,2026-05-18T16:06:34.897040+00:00
4622,INPROC_281FDC,1,10,team2,Team 2 (E/W),55,65,20,♥,finished,2026-05-18T16:06:34.917410+00:00
4623,INPROC_2F3D8B,1,10,team2,Team 2 (E/W),31,89,38,♠,finished,2026-05-18T16:06:34.932539+00:00
4624,INPROC_42BD19,1,10,team2,Team 2 (E/W),55,65,31,♠,finished,2026-05-18T16:06:34.949634+00:00
4625,INPROC_8A5FE5,1,10,team1,Team 1 (N/S),85,35,8,♣,finished,2026-05-18T16:06:34.963795+00:00
4626,INPROC_57CC80,1,10,team1,Team 1 (N/S),109,11,30,♠,finished,2026-05-18T16:06:34.978999+00:00
4627,INPROC_3DDDDB,1,10,team2,Team 2 (E/W),50,70,14,♦,finished,2026-05-18T16:06:34.993495+00:00
4628,INPROC_C0ACA9,1,10,team1,Team 1 (N/S),95,25,26,♥,finished,2026-05-18T16:06:35.007778+00:00
4629,INPROC_E9E190,1,10,team2,Team 2 (E/W),51,69,27,♥,finished,2026-05-18T16:06:35.016945+00:00
4630,INPROC_7B77FD,1,10,team2,Team 2 (E/W),50,70,13,♦,finished,2026-05-18T16:06:35.027029+00:00
4631,INPROC_707D9F,1,10,team1,Team 1 (N/S),63,57,5,♣,finished,2026-05-18T16:06:35.035659+00:00
4632,INPROC_B42EDC,1,10,team1,Team 1 (N/S),77,43,25,♥,finished,2026-05-18T16:06:35.044425+00:00
4633,INPROC_99C1FE,1,10,team2,Team 2 (E/W),39,81,14,♦,finished,2026-05-18T16:06:35.054526+00:00
4634,INPROC_B9AE3A,1,10,team2,Team 2 (E/W),37,83,25,♥,finished,2026-05-18T16:06:35.062879+00:00
4635,INPROC_98C0B7,1,10,team2,Team 2 (E/W),14,106,21,♥,finished,2026-05-18T16:06:35.071937+00:00
4636,INPROC_E4240E,1,10,team2,Team 2 (E/W),50,70,4,♣,finished,2026-05-18T16:06:35.081493+00:00
4637,INPROC_475775,1,10,team2,Team 2 (E/W),59,61,7,♣,finished,2026-05-18T16:06:35.091928+00:00
4638,INPROC_2CCCA7,1,10,team1,Team 1 (N/S),94,26,8,♣,finished,2026-05-18T16:06:35.102294+00:00
4639,INPROC_2FD3AE,1,10,team1,Team 1 (N/S),64,56,22,♥,finished,2026-05-18T16:06:35.112546+00:00
4640,INPROC_765BC7,1,10,team1,Team 1 (N/S),71,49,27,♥,finished,2026-05-18T16:06:35.120687+00:00
4641,INPROC_6D43C6,1,10,team1,Team 1 (N/S),73,47,12,♦,finished,2026-05-18T16:06:35.131441+00:00
4642,INPROC_050BB8,1,10,team2,Team 2 (E/W),54,66,27,♥,finished,2026-05-18T16:06:35.147544+00:00
4643,INPROC_0BD0ED,1,10,team2,Team 2 (E/W),31,89,22,♥,finished,2026-05-18T16:06:35.160712+00:00
4644,INPROC_1F73D2,1,10,team2,Team 2 (E/W),49,71,23,♥,finished,2026-05-18T16:06:35.169624+00:00
4645,INPROC_466F52,1,10,team1,Team 1 (N/S),70,50,13,♦,finished,2026-05-18T16:06:35.177520+00:00
4646,INPROC_344DE6,1,10,team1,Team 1 (N/S),86,34,16,♦,finished,2026-05-18T16:06:35.189174+00:00
4647,INPROC_08D0BE,1,10,team2,Team 2 (E/W),0,120,36,♠,finished,2026-05-18T16:06:35.197186+00:00
4648,INPROC_55C7EB,1,10,team1,Team 1 (N/S),75,45,13,♦,finished,2026-05-18T16:06:35.215128+00:00
4649,INPROC_2BE093,1,10,team1,Team 1 (N/S),82,38,3,♣,finished,2026-05-18T16:06:35.223712+00:00
4650,INPROC_BEA3A8,1,10,team1,Team 1 (N/S),67,53,8,♣,finished,2026-05-18T16:06:35.231660+00:00
4651,INPROC_974B22,1,10,team1,Team 1 (N/S),104,16,14,♦,finished,2026-05-18T16:06:35.241100+00:00
4652,INPROC_AE5F1E,1,10,team2,Team 2 (E/W),0,120,3,♣,finished,2026-05-18T16:06:35.249056+00:00
4653,INPROC_AE34E6,1,10,team2,Team 2 (E/W),15,105,21,♥,finished,2026-05-18T16:06:35.257438+00:00
4654,INPROC_DDFD12,1,10,team1,Team 1 (N/S),96,24,0,♣,finished,2026-05-18T16:06:35.265498+00:00
4655,INPROC_C02B83,1,10,team1,Team 1 (N/S),70,50,14,♦,finished,2026-05-18T16:06:35.279859+00:00
4656,INPROC_614500,1,10,team2,Team 2 (E/W),50,70,4,♣,finished,2026-05-18T16:06:35.301259+00:00
4657,INPROC_A6A1A6,1,10,team1,Team 1 (N/S),63,57,32,♠,finished,2026-05-18T16:06:35.318886+00:00
4658,INPROC_9EC535,1,10,team2,Team 2 (E/W),42,78,35,♠,finished,2026-05-18T16:06:35.331677+00:00
4659,INPROC_EFBDC3,1,10,team2,Team 2 (E/W),54,66,21,♥,finished,2026-05-18T16:06:35.344001+00:00
4660,INPROC_DB9E0F,1,10,team2,Team 2 (E/W),23,97,30,♠,finished,2026-05-18T16:06:35.358479+00:00
4661,INPROC_0D0014,1,10,team2,Team 2 (E/W),45,75,33,♠,finished,2026-05-18T16:06:35.367100+00:00
4662,INPROC_2C190A,1,10,team1,Team 1 (N/S),96,24,34,♠,finished,2026-05-18T16:06:35.378515+00:00
4663,INPROC_C7E896,1,10,team1,Team 1 (N/S),63,57,33,♠,finished,2026-05-18T16:06:35.388909+00:00
4664,INPROC_A6901F,1,10,team1,Team 1 (N/S),70,50,5,♣,finished,2026-05-18T16:06:35.398884+00:00
4665,INPROC_9F7E12,1,10,team2,Team 2 (E/W),32,88,13,♦,finished,2026-05-18T16:06:35.414489+00:00
4666,INPROC_9A5A89,1,10,team1,Team 1 (N/S),80,40,1,♣,finished,2026-05-18T16:06:35.431144+00:00
4667,INPROC_14B6E7,1,10,team2,Team 2 (E/W),38,82,8,♣,finished,2026-05-18T16:06:35.447779+00:00
4668,INPROC_224506,1,10,team1,Team 1 (N/S),63,57,30,♠,finished,2026-05-18T16:06:35.464106+00:00
4669,INPROC_7A4236,1,10,team1,Team 1 (N/S),62,58,2,♣,finished,2026-05-18T16:06:35.482247+00:00
4670,INPROC_C220D9,1,10,team2,Team 2 (E/W),50,70,10,♦,finished,2026-05-18T16:06:35.501085+00:00
4671,INPROC_C714FA,1,10,team1,Team 1 (N/S),83,37,30,♠,finished,2026-05-18T16:06:35.520289+00:00
4672,INPROC_8D0C21,1,10,team2,Team 2 (E/W),50,70,23,♥,finished,2026-05-18T16:06:35.538378+00:00
4673,INPROC_9F8CB2,1,10,team2,Team 2 (E/W),47,73,5,♣,finished,2026-05-18T16:06:35.554884+00:00
4674,INPROC_04CA81,1,10,team2,Team 2 (E/W),29,91,5,♣,finished,2026-05-18T16:06:35.569760+00:00
4675,INPROC_EDCBD9,1,10,team2,Team 2 (E/W),53,67,31,♠,finished,2026-05-18T16:06:35.589326+00:00
4676,INPROC_BC4AFE,1,10,team1,Team 1 (N/S),86,34,25,♥,finished,2026-05-18T16:06:35.606790+00:00
4677,INPROC_781239,1,10,team1,Team 1 (N/S),69,51,2,♣,finished,2026-05-18T16:06:35.623303+00:00
4678,INPROC_2B18EA,1,10,team1,Team 1 (N/S),76,44,1,♣,finished,2026-05-18T16:06:35.640877+00:00
4679,INPROC_340D21,1,10,team1,Team 1 (N/S),88,32,31,♠,finished,2026-05-18T16:06:35.661693+00:00
4680,INPROC_BE284B,1,10,team2,Team 2 (E/W),46,74,21,♥,finished,2026-05-18T16:06:35.681397+00:00
4681,INPROC_5F0BA4,1,10,team2,Team 2 (E/W),54,66,16,♦,finished,2026-05-18T16:06:35.696295+00:00
4682,INPROC_C8548D,1,10,team2,Team 2 (E/W),36,84,2,♣,finished,2026-05-18T16:06:35.713185+00:00
4683,INPROC_25D6CE,1,10,team2,Team 2 (E/W),47,73,33,♠,finished,2026-05-18T16:06:35.729524+00:00
4684,INPROC_9B52C0,1,10,team1,Team 1 (N/S),80,40,7,♣,finished,2026-05-18T16:06:35.753471+00:00
4685,INPROC_B95AF8,1,10,team2,Team 2 (E/W),36,84,29,♥,finished,2026-05-18T16:06:35.772708+00:00
4686,INPROC_A8D268,1,10,team1,Team 1 (N/S),61,59,1,♣,finished,2026-05-18T16:06:35.789550+00:00
4687,INPROC_C7EC4F,1,10,team1,Team 1 (N/S),68,52,17,♦,finished,2026-05-18T16:06:35.805739+00:00
4688,INPROC_DD72A4,1,10,team2,Team 2 (E/W),34,86,19,♦,finished,2026-05-18T16:06:35.821941+00:00
4689,INPROC_DD66FB,1,10,team2,Team 2 (E/W),52,68,5,♣,finished,2026-05-18T16:06:35.837210+00:00
4690,INPROC_4F44B9,1,10,team2,Team 2 (E/W),24,96,29,♥,finished,2026-05-18T16:06:35.855746+00:00
4691,INPROC_9827D6,1,10,team2,Team 2 (E/W),35,85,26,♥,finished,2026-05-18T16:06:35.873923+00:00
4692,INPROC_6E72A1,1,10,team1,Team 1 (N/S),78,42,27,♥,finished,2026-05-18T16:06:35.892044+00:00
4693,INPROC_A4C5B9,1,10,team2,Team 2 (E/W),57,63,1,♣,finished,2026-05-18T16:06:35.909694+00:00
4694,INPROC_B9C0DD,1,10,team1,Team 1 (N/S),97,23,11,♦,finished,2026-05-18T16:06:35.926712+00:00
4695,INPROC_B0400A,1,10,team1,Team 1 (N/S),93,27,30,♠,finished,2026-05-18T16:06:35.941713+00:00
4696,INPROC_4C953C,1,10,team2,Team 2 (E/W),45,75,22,♥,finished,2026-05-18T16:06:35.958434+00:00
4697,INPROC_9E9CBB,1,10,team2,Team 2 (E/W),53,67,16,♦,finished,2026-05-18T16:06:35.974177+00:00
4698,INPROC_63DE36,1,10,team2,Team 2 (E/W),28,92,12,♦,finished,2026-05-18T16:06:35.989687+00:00
4699,INPROC_FBF915,1,10,team2,Team 2 (E/W),31,89,13,♦,finished,2026-05-18T16:06:36.004498+00:00
4700,INPROC_24B83D,1,10,team2,Team 2 (E/W),39,81,15,♦,finished,2026-05-18T16:06:36.018843+00:00
4701,INPROC_C02E63,1,10,team2,Team 2 (E/W),19,101,37,♠,finished,2026-05-18T16:06:36.032739+00:00
4702,INPROC_D7CF14,1,10,team2,Team 2 (E/W),36,84,2,♣,finished,2026-05-18T16:06:36.048454+00:00
4703,INPROC_5B933F,1,10,team2,Team 2 (E/W),17,103,26,♥,finished,2026-05-18T16:06:36.063252+00:00
4704,INPROC_577592,1,10,team1,Team 1 (N/S),66,54,7,♣,finished,2026-05-18T16:06:36.074528+00:00
4705,INPROC_4EC034,1,10,team2,Team 2 (E/W),45,75,35,♠,finished,2026-05-18T16:06:36.089643+00:00
4706,INPROC_CE763D,1,10,team2,Team 2 (E/W),37,83,34,♠,finished,2026-05-18T16:06:36.105698+00:00
4707,INPROC_46E6B1,1,10,team1,Team 1 (N/S),91,29,13,♦,finished,2026-05-18T16:06:36.121279+00:00
4708,INPROC_189212,1,10,team2,Team 2 (E/W),28,92,23,♥,finished,2026-05-18T16:06:36.137085+00:00
4709,INPROC_AECCAA,1,10,team2,Team 2 (E/W),53,67,16,♦,finished,2026-05-18T16:06:36.154149+00:00
4710,INPROC_E5EF15,1,10,team1,Team 1 (N/S),85,35,38,♠,finished,2026-05-18T16:06:36.170382+00:00
4711,INPROC_0939E6,1,10,team2,Team 2 (E/W),45,75,38,♠,finished,2026-05-18T16:06:36.185673+00:00
4712,INPROC_FA0626,1,10,team1,Team 1 (N/S),76,44,10,♦,finished,2026-05-18T16:06:36.201450+00:00
4713,INPROC_1987B0,1,10,team2,Team 2 (E/W),51,69,9,♣,finished,2026-05-18T16:06:36.219096+00:00
4714,INPROC_405C2A,1,10,team2,Team 2 (E/W),2,118,36,♠,finished,2026-05-18T16:06:36.234175+00:00
4715,INPROC_E9DE04,1,10,team2,Team 2 (E/W),55,65,38,♠,finished,2026-05-18T16:06:36.247345+00:00
4716,INPROC_5CF89B,1,10,team2,Team 2 (E/W),41,79,19,♦,finished,2026-05-18T16:06:36.260126+00:00
4717,INPROC_85122C,1,10,team1,Team 1 (N/S),77,43,4,♣,finished,2026-05-18T16:06:36.271929+00:00
4718,INPROC_2F0511,1,10,team2,Team 2 (E/W),13,107,29,♥,finished,2026-05-18T16:06:36.286005+00:00
4719,INPROC_1ACADE,1,10,team2,Team 2 (E/W),19,101,9,♣,finished,2026-05-18T16:06:36.297211+00:00
4720,INPROC_B962EE,1,10,team1,Team 1 (N/S),95,25,10,♦,finished,2026-05-18T16:06:36.307917+00:00
4721,INPROC_528C42,1,10,team1,Team 1 (N/S),81,39,14,♦,finished,2026-05-18T16:06:36.321247+00:00
4722,INPROC_F4BA24,1,10,team1,Team 1 (N/S),80,40,23,♥,finished,2026-05-18T16:06:36.329064+00:00
4723,INPROC_9602D4,1,10,team1,Team 1 (N/S),66,54,33,♠,finished,2026-05-18T16:06:36.338025+00:00
4724,INPROC_5A17A5,1,10,team2,Team 2 (E/W),28,92,26,♥,finished,2026-05-18T16:06:36.353524+00:00
4725,INPROC_1624A0,1,10,team2,Team 2 (E/W),48,72,31,♠,finished,2026-05-18T16:06:36.363513+00:00
4726,INPROC_CD95D6,1,10,team2,Team 2 (E/W),51,69,9,♣,finished,2026-05-18T16:06:36.372053+00:00
4727,INPROC_AAE821,1,10,team2,Team 2 (E/W),11,109,1,♣,finished,2026-05-18T16:06:36.382003+00:00
4728,INPROC_039DF0,1,10,team1,Team 1 (N/S),95,25,6,♣,finished,2026-05-18T16:06:36.392917+00:00
4729,INPROC_8169CA,1,10,team1,Team 1 (N/S),61,59,15,♦,finished,2026-05-18T16:06:36.407448+00:00
4730,INPROC_AB5166,1,10,team2,Team 2 (E/W),33,87,14,♦,finished,2026-05-18T16:06:36.424262+00:00
4731,INPROC_23A959,1,10,team1,Team 1 (N/S),75,45,30,♠,finished,2026-05-18T16:06:36.443433+00:00
4732,INPROC_D98B72,1,10,team2,Team 2 (E/W),28,92,25,♥,finished,2026-05-18T16:06:36.461308+00:00
4733,INPROC_1722B1,1,10,team1,Team 1 (N/S),62,58,24,♥,finished,2026-05-18T16:06:36.478099+00:00
4734,INPROC_392A15,1,10,team1,Team 1 (N/S),84,36,16,♦,finished,2026-05-18T16:06:36.493215+00:00
4735,INPROC_683EED,1,10,team1,Team 1 (N/S),65,55,15,♦,finished,2026-05-18T16:06:36.509334+00:00
4736,INPROC_30A852,1,10,team2,Team 2 (E/W),49,71,39,♠,finished,2026-05-18T16:06:36.521064+00:00
4737,INPROC_FDAE8E,1,10,team2,Team 2 (E/W),46,74,31,♠,finished,2026-05-18T16:06:36.532923+00:00
4738,INPROC_E7A9A1,1,10,team2,Team 2 (E/W),43,77,22,♥,finished,2026-05-18T16:06:36.542611+00:00
4739,INPROC_5DFA08,1,10,team2,Team 2 (E/W),23,97,34,♠,finished,2026-05-18T16:06:36.551948+00:00
4740,INPROC_F158C4,1,10,team1,Team 1 (N/S),89,31,22,♥,finished,2026-05-18T16:06:36.568774+00:00
4741,INPROC_1045F0,1,10,team1,Team 1 (N/S),66,54,29,♥,finished,2026-05-18T16:06:36.584612+00:00
4742,INPROC_CB2B6B,1,10,team2,Team 2 (E/W),53,67,34,♠,finished,2026-05-18T16:06:36.599434+00:00
4743,INPROC_8F8C62,1,10,team1,Team 1 (N/S),100,20,35,♠,finished,2026-05-18T16:06:36.615239+00:00
4744,INPROC_125C87,1,10,team2,Team 2 (E/W),47,73,33,♠,finished,2026-05-18T16:06:36.630432+00:00
4745,INPROC_B6CD1B,1,10,team2,Team 2 (E/W),41,79,36,♠,finished,2026-05-18T16:06:36.641488+00:00
4746,INPROC_B88DDD,1,10,team1,Team 1 (N/S),79,41,36,♠,finished,2026-05-18T16:06:36.653360+00:00
4747,INPROC_63D8D1,1,10,team1,Team 1 (N/S),64,56,29,♥,finished,2026-05-18T16:06:36.662559+00:00
4748,INPROC_10F187,1,10,team2,Team 2 (E/W),11,109,38,♠,finished,2026-05-18T16:06:36.674441+00:00
4749,INPROC_425825,1,10,team2,Team 2 (E/W),36,84,15,♦,finished,2026-05-18T16:06:36.683637+00:00
4750,INPROC_79D87A,1,10,team2,Team 2 (E/W),58,62,11,♦,finished,2026-05-18T16:06:36.697780+00:00
4751,INPROC_CA3B30,1,10,team1,Team 1 (N/S),62,58,33,♠,finished,2026-05-18T16:06:36.710684+00:00
4752,INPROC_C764D6,1,10,team2,Team 2 (E/W),39,81,12,♦,finished,2026-05-18T16:06:36.721532+00:00
4753,INPROC_BED322,1,10,team2,Team 2 (E/W),55,65,29,♥,finished,2026-05-18T16:06:36.730084+00:00
4754,INPROC_83DF44,1,10,team1,Team 1 (N/S),80,40,33,♠,finished,2026-05-18T16:06:36.738265+00:00
4755,INPROC_670AFC,1,10,team2,Team 2 (E/W),58,62,19,♦,finished,2026-05-18T16:06:36.747615+00:00
4756,INPROC_4A43E0,1,10,team2,Team 2 (E/W),49,71,18,♦,finished,2026-05-18T16:06:36.755571+00:00
4757,INPROC_3EBD5D,1,10,team2,Team 2 (E/W),27,93,39,♠,finished,2026-05-18T16:06:36.769288+00:00
4758,INPROC_8DA537,1,10,team1,Team 1 (N/S),85,35,21,♥,finished,2026-05-18T16:06:36.780554+00:00
4759,INPROC_843CB0,1,10,team1,Team 1 (N/S),71,49,34,♠,finished,2026-05-18T16:06:36.788401+00:00
4760,INPROC_3B2864,1,10,team2,Team 2 (E/W),19,101,26,♥,finished,2026-05-18T16:06:36.797773+00:00
4761,INPROC_BDDFB5,1,10,team2,Team 2 (E/W),44,76,5,♣,finished,2026-05-18T16:06:36.805983+00:00
4762,INPROC_A64654,1,10,team1,Team 1 (N/S),65,55,22,♥,finished,2026-05-18T16:06:36.815360+00:00
4763,INPROC_4FA1F5,1,10,team2,Team 2 (E/W),48,72,31,♠,finished,2026-05-18T16:06:36.829530+00:00
4764,INPROC_278276,1,10,team1,Team 1 (N/S),92,28,12,♦,finished,2026-05-18T16:06:36.838790+00:00
4765,INPROC_BB0D1A,1,10,team1,Team 1 (N/S),75,45,33,♠,finished,2026-05-18T16:06:36.855543+00:00
4766,INPROC_8EA2F1,1,10,team1,Team 1 (N/S),75,45,11,♦,finished,2026-05-18T16:06:36.863366+00:00
4767,INPROC_5BDFCA,1,10,team1,Team 1 (N/S),71,49,29,♥,finished,2026-05-18T16:06:36.875030+00:00
4768,INPROC_52FEDB,1,10,team1,Team 1 (N/S),92,28,22,♥,finished,2026-05-18T16:06:36.882921+00:00
4769,INPROC_7BB3FD,1,10,team2,Team 2 (E/W),32,88,27,♥,finished,2026-05-18T16:06:36.892083+00:00
4770,INPROC_DD4F3A,1,10,team2,Team 2 (E/W),34,86,30,♠,finished,2026-05-18T16:06:36.900444+00:00
4771,INPROC_A3E2A3,1,10,team1,Team 1 (N/S),87,33,9,♣,finished,2026-05-18T16:06:36.915815+00:00
4772,INPROC_30E39B,1,10,team2,Team 2 (E/W),57,63,34,♠,finished,2026-05-18T16:06:36.929993+00:00
4773,INPROC_D05992,1,10,team2,Team 2 (E/W),49,71,28,♥,finished,2026-05-18T16:06:36.941352+00:00
4774,INPROC_1C678B,1,10,team2,Team 2 (E/W),39,81,17,♦,finished,2026-05-18T16:06:36.954959+00:00
4775,INPROC_1541C5,1,10,team2,Team 2 (E/W),54,66,39,♠,finished,2026-05-18T16:06:36.965786+00:00
4776,INPROC_041D2C,1,10,team1,Team 1 (N/S),71,49,9,♣,finished,2026-05-18T16:06:36.983439+00:00
4777,INPROC_42472C,1,10,team2,Team 2 (E/W),20,100,8,♣,finished,2026-05-18T16:06:36.991402+00:00
4778,INPROC_6E6B83,1,10,team1,Team 1 (N/S),120,0,10,♦,finished,2026-05-18T16:06:36.999740+00:00
4779,INPROC_207262,1,10,team1,Team 1 (N/S),63,57,16,♦,finished,2026-05-18T16:06:37.008501+00:00
4780,INPROC_4C73BC,1,10,team2,Team 2 (E/W),28,92,5,♣,finished,2026-05-18T16:06:37.018724+00:00
4781,INPROC_871769,1,10,team1,Team 1 (N/S),72,48,36,♠,finished,2026-05-18T16:06:37.028874+00:00
4782,INPROC_4A525F,1,10,team1,Team 1 (N/S),92,28,14,♦,finished,2026-05-18T16:06:37.041593+00:00
4783,INPROC_33B1C2,1,10,team1,Team 1 (N/S),78,42,6,♣,finished,2026-05-18T16:06:37.050027+00:00
4784,INPROC_2EDE59,1,10,team2,Team 2 (E/W),28,92,7,♣,finished,2026-05-18T16:06:37.064684+00:00
4785,INPROC_0A1A1B,1,10,team1,Team 1 (N/S),100,20,22,♥,finished,2026-05-18T16:06:37.083690+00:00
4786,INPROC_D8427E,1,10,team1,Team 1 (N/S),68,52,28,♥,finished,2026-05-18T16:06:37.101126+00:00
4787,INPROC_E96B45,1,10,team2,Team 2 (E/W),50,70,19,♦,finished,2026-05-18T16:06:37.116292+00:00
4788,INPROC_6726D6,1,10,team2,Team 2 (E/W),36,84,26,♥,finished,2026-05-18T16:06:37.133006+00:00
4789,INPROC_55092E,1,10,team1,Team 1 (N/S),113,7,32,♠,finished,2026-05-18T16:06:37.149872+00:00
4790,INPROC_A73940,1,10,team2,Team 2 (E/W),44,76,3,♣,finished,2026-05-18T16:06:37.163321+00:00
4791,INPROC_2DEAAA,1,10,team1,Team 1 (N/S),74,46,4,♣,finished,2026-05-18T16:06:37.172886+00:00
4792,INPROC_4D8677,1,10,team2,Team 2 (E/W),55,65,7,♣,finished,2026-05-18T16:06:37.191007+00:00
4793,INPROC_7D29C1,1,10,team2,Team 2 (E/W),54,66,8,♣,finished,2026-05-18T16:06:37.202873+00:00
4794,INPROC_FE2EF7,1,10,team2,Team 2 (E/W),37,83,37,♠,finished,2026-05-18T16:06:37.220504+00:00
4795,INPROC_2090AD,1,10,team2,Team 2 (E/W),37,83,22,♥,finished,2026-05-18T16:06:37.236875+00:00
4796,INPROC_CB769A,1,10,team2,Team 2 (E/W),52,68,5,♣,finished,2026-05-18T16:06:37.249451+00:00
4797,INPROC_EFC2D1,1,10,team1,Team 1 (N/S),78,42,37,♠,finished,2026-05-18T16:06:37.261390+00:00
4798,INPROC_04A421,1,10,team2,Team 2 (E/W),52,68,1,♣,finished,2026-05-18T16:06:37.277837+00:00
4799,INPROC_B08C0B,1,10,team2,Team 2 (E/W),53,67,2,♣,finished,2026-05-18T16:06:37.295417+00:00
4800,INPROC_F58334,1,10,team1,Team 1 (N/S),96,24,34,♠,finished,2026-05-18T16:06:37.315232+00:00
4801,INPROC_518FA1,1,10,team1,Team 1 (N/S),65,55,39,♠,finished,2026-05-18T16:06:37.326205+00:00
4802,INPROC_50A9E9,1,10,team2,Team 2 (E/W),53,67,36,♠,finished,2026-05-18T16:06:37.342913+00:00
4803,INPROC_606F56,1,10,team2,Team 2 (E/W),36,84,2,♣,finished,2026-05-18T16:06:37.360466+00:00
4804,INPROC_F4AEFA,1,10,team1,Team 1 (N/S),85,35,17,♦,finished,2026-05-18T16:06:37.373894+00:00
4805,INPROC_3367A4,1,10,team1,Team 1 (N/S),76,44,17,♦,finished,2026-05-18T16:06:37.388892+00:00
4806,INPROC_EF1409,1,10,team2,Team 2 (E/W),31,89,32,♠,finished,2026-05-18T16:06:37.404282+00:00
4807,INPROC_043F6E,1,10,team1,Team 1 (N/S),99,21,31,♠,finished,2026-05-18T16:06:37.423473+00:00
4808,INPROC_57F27A,1,10,team1,Team 1 (N/S),94,26,32,♠,finished,2026-05-18T16:06:37.441428+00:00
4809,INPROC_32FD5E,1,10,team2,Team 2 (E/W),46,74,9,♣,finished,2026-05-18T16:06:37.458132+00:00
4810,INPROC_5454FC,1,10,team2,Team 2 (E/W),53,67,37,♠,finished,2026-05-18T16:06:37.472894+00:00
4811,INPROC_D35DED,1,10,team2,Team 2 (E/W),40,80,38,♠,finished,2026-05-18T16:06:37.488097+00:00
4812,INPROC_F3804C,1,10,team1,Team 1 (N/S),62,58,11,♦,finished,2026-05-18T16:06:37.504188+00:00
4813,INPROC_0EDD24,1,10,team2,Team 2 (E/W),36,84,36,♠,finished,2026-05-18T16:06:37.513084+00:00
4814,INPROC_AEBFB0,1,10,team2,Team 2 (E/W),29,91,14,♦,finished,2026-05-18T16:06:37.522489+00:00
4815,INPROC_9617D0,1,10,team1,Team 1 (N/S),90,30,11,♦,finished,2026-05-18T16:06:37.531393+00:00
4816,INPROC_0D681E,1,10,team1,Team 1 (N/S),64,56,11,♦,finished,2026-05-18T16:06:37.540885+00:00
4817,INPROC_F07863,1,10,team2,Team 2 (E/W),35,85,24,♥,finished,2026-05-18T16:06:37.555069+00:00
4818,INPROC_3C8C74,1,10,team2,Team 2 (E/W),34,86,8,♣,finished,2026-05-18T16:06:37.569222+00:00
4819,INPROC_11D7BD,1,10,team2,Team 2 (E/W),54,66,25,♥,finished,2026-05-18T16:06:37.582559+00:00
4820,INPROC_345A22,1,10,team2,Team 2 (E/W),15,105,8,♣,finished,2026-05-18T16:06:37.596352+00:00
4821,INPROC_A6C5EC,1,10,draw,draw,60,60,13,♦,finished,2026-05-18T16:06:37.612940+00:00
4822,INPROC_4D5C1C,1,10,team2,Team 2 (E/W),59,61,25,♥,finished,2026-05-18T16:06:37.629123+00:00
4823,INPROC_F6DF0A,1,10,team1,Team 1 (N/S),73,47,29,♥,finished,2026-05-18T16:06:37.646888+00:00
4824,INPROC_437CC7,1,10,team2,Team 2 (E/W),54,66,7,♣,finished,2026-05-18T16:06:37.663870+00:00
4825,INPROC_D97DAA,1,10,team1,Team 1 (N/S),81,39,36,♠,finished,2026-05-18T16:06:37.679295+00:00
4826,INPROC_14A6E9,1,10,draw,draw,60,60,11,♦,finished,2026-05-18T16:06:37.693101+00:00
4827,INPROC_FF3390,1,10,team1,Team 1 (N/S),62,58,1,♣,finished,2026-05-18T16:06:37.712919+00:00
4828,INPROC_088382,1,10,team2,Team 2 (E/W),17,103,9,♣,finished,2026-05-18T16:06:37.731153+00:00
4829,INPROC_69EE71,1,10,team1,Team 1 (N/S),102,18,25,♥,finished,2026-05-18T16:06:37.748728+00:00
4830,INPROC_5BF8B9,1,10,team1,Team 1 (N/S),87,33,24,♥,finished,2026-05-18T16:06:37.765077+00:00
4831,INPROC_E95858,1,10,team2,Team 2 (E/W),8,112,5,♣,finished,2026-05-18T16:06:37.782568+00:00
4832,INPROC_262B7F,1,10,team1,Team 1 (N/S),61,59,27,♥,finished,2026-05-18T16:06:37.792450+00:00
4833,INPROC_F94918,1,10,team1,Team 1 (N/S),98,22,28,♥,finished,2026-05-18T16:06:37.801495+00:00
4834,INPROC_E93BF4,1,10,team2,Team 2 (E/W),38,82,34,♠,finished,2026-05-18T16:06:37.809562+00:00
4835,INPROC_E46613,1,10,team2,Team 2 (E/W),51,69,15,♦,finished,2026-05-18T16:06:37.817780+00:00
4836,INPROC_205D4F,1,10,team2,Team 2 (E/W),50,70,11,♦,finished,2026-05-18T16:06:37.825891+00:00
4837,INPROC_EFB2FB,1,10,team1,Team 1 (N/S),88,32,7,♣,finished,2026-05-18T16:06:37.834500+00:00
4838,INPROC_033737,1,10,team2,Team 2 (E/W),55,65,18,♦,finished,2026-05-18T16:06:37.842873+00:00
4839,INPROC_DC7760,1,10,team1,Team 1 (N/S),71,49,1,♣,finished,2026-05-18T16:06:37.852570+00:00
4840,INPROC_792B82,1,10,team1,Team 1 (N/S),61,59,27,♥,finished,2026-05-18T16:06:37.860770+00:00
4841,INPROC_7EDAB4,1,10,team2,Team 2 (E/W),58,62,23,♥,finished,2026-05-18T16:06:37.870206+00:00
4842,INPROC_E6841B,1,10,team1,Team 1 (N/S),82,38,29,♥,finished,2026-05-18T16:06:37.878469+00:00
4843,INPROC_1B105E,1,10,team2,Team 2 (E/W),46,74,7,♣,finished,2026-05-18T16:06:37.887884+00:00
4844,INPROC_ADAE6F,1,10,team2,Team 2 (E/W),30,90,6,♣,finished,2026-05-18T16:06:37.903316+00:00
4845,INPROC_82B309,1,10,team2,Team 2 (E/W),29,91,6,♣,finished,2026-05-18T16:06:37.919761+00:00
4846,INPROC_3B04EB,1,10,team2,Team 2 (E/W),32,88,22,♥,finished,2026-05-18T16:06:37.936431+00:00
4847,INPROC_D7E951,1,10,team2,Team 2 (E/W),24,96,4,♣,finished,2026-05-18T16:06:37.956654+00:00
4848,INPROC_36EE29,1,10,team2,Team 2 (E/W),45,75,28,♥,finished,2026-05-18T16:06:37.975680+00:00
4849,INPROC_EC559A,1,10,team1,Team 1 (N/S),79,41,22,♥,finished,2026-05-18T16:06:37.992060+00:00
4850,INPROC_7134DA,1,10,team2,Team 2 (E/W),55,65,29,♥,finished,2026-05-18T16:06:38.008742+00:00
4851,INPROC_FC9AE3,1,10,team2,Team 2 (E/W),55,65,8,♣,finished,2026-05-18T16:06:38.023724+00:00
4852,INPROC_8B82A8,1,10,team1,Team 1 (N/S),69,51,0,♣,finished,2026-05-18T16:06:38.032512+00:00
4853,INPROC_89C7E6,1,10,team2,Team 2 (E/W),39,81,29,♥,finished,2026-05-18T16:06:38.041036+00:00
4854,INPROC_1E7C00,1,10,team2,Team 2 (E/W),47,73,14,♦,finished,2026-05-18T16:06:38.050071+00:00
4855,INPROC_DB8B50,1,10,team2,Team 2 (E/W),39,81,25,♥,finished,2026-05-18T16:06:38.067787+00:00
4856,INPROC_39E71C,1,10,team2,Team 2 (E/W),14,106,32,♠,finished,2026-05-18T16:06:38.079274+00:00
4857,INPROC_C4B7E1,1,10,team1,Team 1 (N/S),74,46,24,♥,finished,2026-05-18T16:06:38.092991+00:00
4858,INPROC_FA8B42,1,10,team2,Team 2 (E/W),29,91,19,♦,finished,2026-05-18T16:06:38.108530+00:00
4859,INPROC_E1A987,1,10,team1,Team 1 (N/S),91,29,4,♣,finished,2026-05-18T16:06:38.122049+00:00
4860,INPROC_B5821C,1,10,team1,Team 1 (N/S),64,56,17,♦,finished,2026-05-18T16:06:38.130242+00:00
4861,INPROC_651113,1,10,team2,Team 2 (E/W),56,64,3,♣,finished,2026-05-18T16:06:38.138395+00:00
4862,INPROC_70CB12,1,10,team1,Team 1 (N/S),65,55,33,♠,finished,2026-05-18T16:06:38.146651+00:00
4863,INPROC_3C41CF,1,10,team1,Team 1 (N/S),73,47,28,♥,finished,2026-05-18T16:06:38.155049+00:00
4864,INPROC_19E06D,1,10,team1,Team 1 (N/S),71,49,18,♦,finished,2026-05-18T16:06:38.165978+00:00
4865,INPROC_01E9D0,1,10,team1,Team 1 (N/S),70,50,31,♠,finished,2026-05-18T16:06:38.179979+00:00
4866,INPROC_1944AB,1,10,team1,Team 1 (N/S),106,14,22,♥,finished,2026-05-18T16:06:38.193792+00:00
4867,INPROC_CD090C,1,10,team2,Team 2 (E/W),35,85,9,♣,finished,2026-05-18T16:06:38.211622+00:00
4868,INPROC_AF1E86,1,10,team2,Team 2 (E/W),21,99,27,♥,finished,2026-05-18T16:06:38.228594+00:00
4869,INPROC_3F7314,1,10,team2,Team 2 (E/W),27,93,38,♠,finished,2026-05-18T16:06:38.240582+00:00
4870,INPROC_3CDA51,1,10,team1,Team 1 (N/S),67,53,19,♦,finished,2026-05-18T16:06:38.257503+00:00
4871,INPROC_6DAAF0,1,10,team1,Team 1 (N/S),81,39,23,♥,finished,2026-05-18T16:06:38.266377+00:00
4872,INPROC_BAB336,1,10,team1,Team 1 (N/S),104,16,23,♥,finished,2026-05-18T16:06:38.280641+00:00
4873,INPROC_8901FD,1,10,team1,Team 1 (N/S),62,58,38,♠,finished,2026-05-18T16:06:38.290280+00:00
4874,INPROC_0DF789,1,10,team2,Team 2 (E/W),44,76,38,♠,finished,2026-05-18T16:06:38.300230+00:00
4875,INPROC_09108B,1,10,team2,Team 2 (E/W),41,79,39,♠,finished,2026-05-18T16:06:38.309267+00:00
4876,INPROC_F9C6FF,1,10,team2,Team 2 (E/W),37,83,28,♥,finished,2026-05-18T16:06:38.317331+00:00
4877,INPROC_B55B52,1,10,team1,Team 1 (N/S),75,45,28,♥,finished,2026-05-18T16:06:38.325498+00:00
4878,INPROC_516E21,1,10,team1,Team 1 (N/S),71,49,37,♠,finished,2026-05-18T16:06:38.333960+00:00
4879,INPROC_C6C012,1,10,team1,Team 1 (N/S),62,58,26,♥,finished,2026-05-18T16:06:38.346045+00:00
4880,INPROC_B9B281,1,10,team2,Team 2 (E/W),57,63,39,♠,finished,2026-05-18T16:06:38.363813+00:00
4881,INPROC_8F51DF,1,10,team1,Team 1 (N/S),72,48,13,♦,finished,2026-05-18T16:06:38.372595+00:00
4882,INPROC_EB1E92,1,10,team2,Team 2 (E/W),56,64,31,♠,finished,2026-05-18T16:06:38.384774+00:00
4883,INPROC_083B88,1,10,team2,Team 2 (E/W),38,82,4,♣,finished,2026-05-18T16:06:38.394610+00:00
4884,INPROC_04BEFC,1,10,team2,Team 2 (E/W),39,81,4,♣,finished,2026-05-18T16:06:38.403956+00:00
4885,INPROC_1F0E2D,1,10,team2,Team 2 (E/W),34,86,23,♥,finished,2026-05-18T16:06:38.414130+00:00
4886,INPROC_723715,1,10,team2,Team 2 (E/W),50,70,8,♣,finished,2026-05-18T16:06:38.423999+00:00
4887,INPROC_2A6EEE,1,10,team1,Team 1 (N/S),79,41,35,♠,finished,2026-05-18T16:06:38.433438+00:00
4888,INPROC_9BC054,1,10,team1,Team 1 (N/S),100,20,10,♦,finished,2026-05-18T16:06:38.442575+00:00
4889,INPROC_F53D46,1,10,team2,Team 2 (E/W),39,81,15,♦,finished,2026-05-18T16:06:38.459842+00:00
4890,INPROC_E354DA,1,10,team2,Team 2 (E/W),45,75,22,♥,finished,2026-05-18T16:06:38.474249+00:00
4891,INPROC_95EB08,1,10,team2,Team 2 (E/W),35,85,20,♥,finished,2026-05-18T16:06:38.482591+00:00
4892,INPROC_94A2F5,1,10,team1,Team 1 (N/S),86,34,6,♣,finished,2026-05-18T16:06:38.495771+00:00
4893,INPROC_0BAED0,1,10,team2,Team 2 (E/W),56,64,16,♦,finished,2026-05-18T16:06:38.510091+00:00
4894,INPROC_128934,1,10,team2,Team 2 (E/W),40,80,39,♠,finished,2026-05-18T16:06:38.519976+00:00
4895,INPROC_7DAD35,1,10,team1,Team 1 (N/S),65,55,36,♠,finished,2026-05-18T16:06:38.527751+00:00
4896,INPROC_AB7F2E,1,10,draw,draw,60,60,19,♦,finished,2026-05-18T16:06:38.538390+00:00
4897,INPROC_24BB02,1,10,team2,Team 2 (E/W),41,79,30,♠,finished,2026-05-18T16:06:38.546662+00:00
4898,INPROC_D0D41B,1,10,draw,draw,60,60,8,♣,finished,2026-05-18T16:06:38.555770+00:00
4899,INPROC_9BF0AC,1,10,team1,Team 1 (N/S),62,58,14,♦,finished,2026-05-18T16:06:38.565115+00:00
4900,INPROC_383F8C,1,10,team1,Team 1 (N/S),112,8,21,♥,finished,2026-05-18T16:06:38.574408+00:00
4901,INPROC_7C6A71,1,10,team2,Team 2 (E/W),18,102,22,♥,finished,2026-05-18T16:06:38.583140+00:00
4902,INPROC_981CFB,1,10,team1,Team 1 (N/S),101,19,23,♥,finished,2026-05-18T16:06:38.591531+00:00
4903,INPROC_EAFC97,1,10,team1,Team 1 (N/S),71,49,24,♥,finished,2026-05-18T16:06:38.600151+00:00
4904,INPROC_9B4710,1,10,team2,Team 2 (E/W),19,101,15,♦,finished,2026-05-18T16:06:38.616177+00:00
4905,INPROC_F99982,1,10,team2,Team 2 (E/W),23,97,8,♣,finished,2026-05-18T16:06:38.634424+00:00
4906,INPROC_FF0616,1,10,team1,Team 1 (N/S),61,59,11,♦,finished,2026-05-18T16:06:38.642642+00:00
4907,INPROC_680346,1,10,team2,Team 2 (E/W),22,98,13,♦,finished,2026-05-18T16:06:38.657735+00:00
4908,INPROC_B6756D,1,10,team1,Team 1 (N/S),61,59,9,♣,finished,2026-05-18T16:06:38.665732+00:00
4909,INPROC_0C89C5,1,10,team2,Team 2 (E/W),59,61,36,♠,finished,2026-05-18T16:06:38.674768+00:00
4910,INPROC_93E55E,1,10,team1,Team 1 (N/S),67,53,5,♣,finished,2026-05-18T16:06:38.684124+00:00
4911,INPROC_4FC4F1,1,10,team1,Team 1 (N/S),68,52,25,♥,finished,2026-05-18T16:06:38.692324+00:00
4912,INPROC_A84F5F,1,10,team1,Team 1 (N/S),67,53,18,♦,finished,2026-05-18T16:06:38.700809+00:00
4913,INPROC_587CF8,1,10,team1,Team 1 (N/S),76,44,31,♠,finished,2026-05-18T16:06:38.713062+00:00
4914,INPROC_4EE966,1,10,team2,Team 2 (E/W),31,89,9,♣,finished,2026-05-18T16:06:38.721901+00:00
4915,INPROC_6A8237,1,10,team2,Team 2 (E/W),47,73,32,♠,finished,2026-05-18T16:06:38.730173+00:00
4916,INPROC_54B0E5,1,10,team2,Team 2 (E/W),38,82,1,♣,finished,2026-05-18T16:06:38.739020+00:00
4917,INPROC_3A8E4E,1,10,team1,Team 1 (N/S),65,55,35,♠,finished,2026-05-18T16:06:38.747361+00:00
4918,INPROC_19BFA5,1,10,team2,Team 2 (E/W),28,92,33,♠,finished,2026-05-18T16:06:38.758096+00:00
4919,INPROC_23FDA9,1,10,team2,Team 2 (E/W),35,85,29,♥,finished,2026-05-18T16:06:38.766300+00:00
4920,INPROC_63BCE0,1,10,team1,Team 1 (N/S),84,36,19,♦,finished,2026-05-18T16:06:38.774255+00:00
4921,INPROC_15132A,1,10,team2,Team 2 (E/W),44,76,19,♦,finished,2026-05-18T16:06:38.787878+00:00
4922,INPROC_DEA32F,1,10,draw,draw,60,60,21,♥,finished,2026-05-18T16:06:38.803054+00:00
4923,INPROC_27E618,1,10,team1,Team 1 (N/S),66,54,4,♣,finished,2026-05-18T16:06:38.819451+00:00
4924,INPROC_1D75F9,1,10,team2,Team 2 (E/W),32,88,19,♦,finished,2026-05-18T16:06:38.836719+00:00
4925,INPROC_167BD5,1,10,team1,Team 1 (N/S),61,59,17,♦,finished,2026-05-18T16:06:38.854150+00:00
4926,INPROC_005F03,1,10,team1,Team 1 (N/S),86,34,35,♠,finished,2026-05-18T16:06:38.873799+00:00
4927,INPROC_CD88C9,1,10,team2,Team 2 (E/W),0,120,7,♣,finished,2026-05-18T16:06:38.892043+00:00
4928,INPROC_4956BF,1,10,team2,Team 2 (E/W),57,63,31,♠,finished,2026-05-18T16:06:38.899619+00:00
4929,INPROC_89043A,1,10,team2,Team 2 (E/W),28,92,19,♦,finished,2026-05-18T16:06:38.907669+00:00
4930,INPROC_9832CC,1,10,team1,Team 1 (N/S),65,55,8,♣,finished,2026-05-18T16:06:38.915657+00:00
4931,INPROC_081CC0,1,10,team1,Team 1 (N/S),92,28,10,♦,finished,2026-05-18T16:06:38.924323+00:00
4932,INPROC_089A58,1,10,team1,Team 1 (N/S),70,50,29,♥,finished,2026-05-18T16:06:38.932352+00:00
4933,INPROC_520B42,1,10,team1,Team 1 (N/S),90,30,7,♣,finished,2026-05-18T16:06:38.940714+00:00
4934,INPROC_D07797,1,10,team2,Team 2 (E/W),53,67,6,♣,finished,2026-05-18T16:06:38.948923+00:00
4935,INPROC_01BBA8,1,10,draw,draw,60,60,12,♦,finished,2026-05-18T16:06:38.957576+00:00
4936,INPROC_82C28B,1,10,team1,Team 1 (N/S),101,19,31,♠,finished,2026-05-18T16:06:38.966240+00:00
4937,INPROC_F123E9,1,10,team2,Team 2 (E/W),49,71,30,♠,finished,2026-05-18T16:06:38.974309+00:00
4938,INPROC_A26257,1,10,team2,Team 2 (E/W),39,81,1,♣,finished,2026-05-18T16:06:38.982376+00:00
4939,INPROC_32F086,1,10,team2,Team 2 (E/W),45,75,27,♥,finished,2026-05-18T16:06:38.990477+00:00
4940,INPROC_CDF826,1,10,team2,Team 2 (E/W),41,79,38,♠,finished,2026-05-18T16:06:38.998885+00:00
4941,INPROC_637E5B,1,10,team1,Team 1 (N/S),64,56,8,♣,finished,2026-05-18T16:06:39.007086+00:00
4942,INPROC_1AFF11,1,10,team2,Team 2 (E/W),34,86,6,♣,finished,2026-05-18T16:06:39.015689+00:00
4943,INPROC_0FB267,1,10,team1,Team 1 (N/S),67,53,18,♦,finished,2026-05-18T16:06:39.031594+00:00
4944,INPROC_62A47B,1,10,draw,draw,60,60,14,♦,finished,2026-05-18T16:06:39.041033+00:00
4945,INPROC_50D2C9,1,10,team1,Team 1 (N/S),70,50,4,♣,finished,2026-05-18T16:06:39.058756+00:00
4946,INPROC_4841A1,1,10,team1,Team 1 (N/S),68,52,36,♠,finished,2026-05-18T16:06:39.066998+00:00
4947,INPROC_520494,1,10,team1,Team 1 (N/S),61,59,36,♠,finished,2026-05-18T16:06:39.075262+00:00
4948,INPROC_3B13BB,1,10,team1,Team 1 (N/S),96,24,20,♥,finished,2026-05-18T16:06:39.086495+00:00
4949,INPROC_B09182,1,10,team2,Team 2 (E/W),51,69,26,♥,finished,2026-05-18T16:06:39.095544+00:00
4950,INPROC_1031F6,1,10,team2,Team 2 (E/W),54,66,7,♣,finished,2026-05-18T16:06:39.110165+00:00
4951,INPROC_66FC8B,1,10,team2,Team 2 (E/W),55,65,16,♦,finished,2026-05-18T16:06:39.121274+00:00
4952,INPROC_0D01FD,1,10,team1,Team 1 (N/S),81,39,27,♥,finished,2026-05-18T16:06:39.139699+00:00
4953,INPROC_B25F38,1,10,team2,Team 2 (E/W),58,62,17,♦,finished,2026-05-18T16:06:39.152331+00:00
4954,INPROC_079DA8,1,10,team1,Team 1 (N/S),67,53,22,♥,finished,2026-05-18T16:06:39.166840+00:00
4955,INPROC_5BD03A,1,10,team1,Team 1 (N/S),65,55,7,♣,finished,2026-05-18T16:06:39.181637+00:00
4956,INPROC_DBED0B,1,10,team1,Team 1 (N/S),74,46,27,♥,finished,2026-05-18T16:06:39.190014+00:00
4957,INPROC_F44F00,1,10,team1,Team 1 (N/S),61,59,24,♥,finished,2026-05-18T16:06:39.198321+00:00
4958,INPROC_DD76E5,1,10,team2,Team 2 (E/W),45,75,30,♠,finished,2026-05-18T16:06:39.208079+00:00
4959,INPROC_4DA041,1,10,team2,Team 2 (E/W),55,65,17,♦,finished,2026-05-18T16:06:39.216960+00:00
4960,INPROC_7FFCED,1,10,team2,Team 2 (E/W),20,100,17,♦,finished,2026-05-18T16:06:39.232354+00:00
4961,INPROC_27F819,1,10,team2,Team 2 (E/W),27,93,2,♣,finished,2026-05-18T16:06:39.249273+00:00
4962,INPROC_648C46,1,10,team2,Team 2 (E/W),26,94,25,♥,finished,2026-05-18T16:06:39.257394+00:00
4963,INPROC_1CC822,1,10,team1,Team 1 (N/S),62,58,24,♥,finished,2026-05-18T16:06:39.274336+00:00
4964,INPROC_A01B54,1,10,team1,Team 1 (N/S),114,6,2,♣,finished,2026-05-18T16:06:39.291693+00:00
4965,INPROC_AE77E8,1,10,team2,Team 2 (E/W),27,93,26,♥,finished,2026-05-18T16:06:39.309173+00:00
4966,INPROC_A3837E,1,10,team2,Team 2 (E/W),20,100,34,♠,finished,2026-05-18T16:06:39.325722+00:00
4967,INPROC_699E85,1,10,team2,Team 2 (E/W),49,71,23,♥,finished,2026-05-18T16:06:39.343494+00:00
4968,INPROC_A54DE8,1,10,team1,Team 1 (N/S),63,57,12,♦,finished,2026-05-18T16:06:39.360294+00:00
4969,INPROC_5BCB2D,1,10,team1,Team 1 (N/S),73,47,33,♠,finished,2026-05-18T16:06:39.369276+00:00
4970,INPROC_B57D66,1,10,team2,Team 2 (E/W),55,65,3,♣,finished,2026-05-18T16:06:39.378314+00:00
4971,INPROC_6B6B10,1,10,team2,Team 2 (E/W),56,64,11,♦,finished,2026-05-18T16:06:39.389971+00:00
4972,INPROC_608236,1,10,team2,Team 2 (E/W),48,72,23,♥,finished,2026-05-18T16:06:39.404391+00:00
4973,INPROC_65DEB2,1,10,team2,Team 2 (E/W),16,104,1,♣,finished,2026-05-18T16:06:39.412957+00:00
4974,INPROC_CF36E7,1,10,team1,Team 1 (N/S),103,17,22,♥,finished,2026-05-18T16:06:39.426300+00:00
4975,INPROC_0A11CB,1,10,team2,Team 2 (E/W),42,78,33,♠,finished,2026-05-18T16:06:39.439313+00:00
4976,INPROC_63616B,1,10,team1,Team 1 (N/S),84,36,32,♠,finished,2026-05-18T16:06:39.448384+00:00
4977,INPROC_97C500,1,10,team2,Team 2 (E/W),53,67,5,♣,finished,2026-05-18T16:06:39.457245+00:00
4978,INPROC_42F697,1,10,team2,Team 2 (E/W),55,65,2,♣,finished,2026-05-18T16:06:39.467022+00:00
4979,INPROC_6BF231,1,10,team2,Team 2 (E/W),47,73,25,♥,finished,2026-05-18T16:06:39.475514+00:00
4980,INPROC_ABC445,1,10,team2,Team 2 (E/W),29,91,33,♠,finished,2026-05-18T16:06:39.484954+00:00
4981,INPROC_5143B6,1,10,team2,Team 2 (E/W),37,83,14,♦,finished,2026-05-18T16:06:39.494492+00:00
4982,INPROC_897C08,1,10,team2,Team 2 (E/W),14,106,36,♠,finished,2026-05-18T16:06:39.511216+00:00
4983,INPROC_50F998,1,10,team2,Team 2 (E/W),45,75,17,♦,finished,2026-05-18T16:06:39.519246+00:00
4984,INPROC_BB27F6,1,10,draw,draw,60,60,11,♦,finished,2026-05-18T16:06:39.533636+00:00
4985,INPROC_43BD05,1,10,team2,Team 2 (E/W),50,70,19,♦,finished,2026-05-18T16:06:39.546667+00:00
4986,INPROC_6A3179,1,10,team2,Team 2 (E/W),24,96,38,♠,finished,2026-05-18T16:06:39.556402+00:00
4987,INPROC_F8EA2D,1,10,team1,Team 1 (N/S),89,31,31,♠,finished,2026-05-18T16:06:39.565385+00:00
4988,INPROC_916790,1,10,team2,Team 2 (E/W),53,67,22,♥,finished,2026-05-18T16:06:39.573818+00:00
4989,INPROC_1CCDFD,1,10,team2,Team 2 (E/W),55,65,29,♥,finished,2026-05-18T16:06:39.582047+00:00
4990,INPROC_A6FBBA,1,10,team1,Team 1 (N/S),76,44,26,♥,finished,2026-05-18T16:06:39.590825+00:00
4991,INPROC_F0B348,1,10,team2,Team 2 (E/W),22,98,24,♥,finished,2026-05-18T16:06:39.600254+00:00
4992,INPROC_059AA1,1,10,team2,Team 2 (E/W),25,95,17,♦,finished,2026-05-18T16:06:39.616097+00:00
4993,INPROC_207575,1,10,team1,Team 1 (N/S),87,33,4,♣,finished,2026-05-18T16:06:39.625071+00:00
4994,INPROC_EFFF9A,1,10,team1,Team 1 (N/S),65,55,24,♥,finished,2026-05-18T16:06:39.639791+00:00
4995,INPROC_18C859,1,10,team1,Team 1 (N/S),96,24,28,♥,finished,2026-05-18T16:06:39.653445+00:00
4996,INPROC_996F94,1,10,team2,Team 2 (E/W),40,80,27,♥,finished,2026-05-18T16:06:39.662977+00:00
4997,INPROC_1FE140,1,10,team1,Team 1 (N/S),80,40,28,♥,finished,2026-05-18T16:06:39.674562+00:00
4998,INPROC_327FD6,1,10,team1,Team 1 (N/S),83,37,23,♥,finished,2026-05-18T16:06:39.685893+00:00
4999,INPROC_485656,1,10,team2,Team 2 (E/W),48,72,16,♦,finished,2026-05-18T16:06:39.701183+00:00
5000,INPROC_1C3E9C,1,10,team2,Team 2 (E/W),48,72,5,♣,finished,2026-05-18T16:06:39.716754+00:00
5001,INPROC_0311FD,1,10,team1,Team 1 (N/S),105,15,14,♦,finished,2026-05-18T16:06:39.731720+00:00
5002,INPROC_59A8EB,1,10,team2,Team 2 (E/W),51,69,22,♥,finished,2026-05-18T16:06:39.748235+00:00
5003,INPROC_5768C4,1,10,team1,Team 1 (N/S),67,53,32,♠,finished,2026-05-18T16:06:39.764879+00:00
5004,INPROC_A5F5CC,1,10,team2,Team 2 (E/W),4,116,5,♣,finished,2026-05-18T16:06:39.780270+00:00
5005,INPROC_828E11,1,10,team2,Team 2 (E/W),27,93,5,♣,finished,2026-05-18T16:06:39.797071+00:00
5006,INPROC_526606,1,10,team2,Team 2 (E/W),48,72,9,♣,finished,2026-05-18T16:06:39.813907+00:00
5007,INPROC_E06725,1,10,team1,Team 1 (N/S),65,55,18,♦,finished,2026-05-18T16:06:39.828747+00:00
5008,INPROC_ADE827,1,10,team1,Team 1 (N/S),105,15,9,♣,finished,2026-05-18T16:06:39.843761+00:00
5009,INPROC_FD6EE9,1,10,team1,Team 1 (N/S),71,49,25,♥,finished,2026-05-18T16:06:39.860313+00:00
5010,INPROC_555BF2,1,10,team2,Team 2 (E/W),30,90,9,♣,finished,2026-05-18T16:06:39.876896+00:00
5011,INPROC_97F7B0,1,10,team2,Team 2 (E/W),36,84,18,♦,finished,2026-05-18T16:06:39.893429+00:00
5012,INPROC_F454ED,1,10,team2,Team 2 (E/W),53,67,11,♦,finished,2026-05-18T16:06:39.910741+00:00
5013,INPROC_A229CD,1,10,team2,Team 2 (E/W),37,83,16,♦,finished,2026-05-18T16:06:39.928365+00:00
5014,INPROC_B7B1A7,1,10,team2,Team 2 (E/W),4,116,32,♠,finished,2026-05-18T16:06:39.944182+00:00
5015,INPROC_6BC1A4,1,10,team1,Team 1 (N/S),113,7,31,♠,finished,2026-05-18T16:06:39.959758+00:00
5016,INPROC_4020B7,1,10,team1,Team 1 (N/S),78,42,7,♣,finished,2026-05-18T16:06:39.976209+00:00
5017,INPROC_77B683,1,10,team2,Team 2 (E/W),38,82,11,♦,finished,2026-05-18T16:06:39.991766+00:00
5018,INPROC_C83F32,1,10,team1,Team 1 (N/S),62,58,21,♥,finished,2026-05-18T16:06:40.001657+00:00
5019,INPROC_F49411,1,10,team1,Team 1 (N/S),76,44,34,♠,finished,2026-05-18T16:06:40.015059+00:00
5020,INPROC_1E3BD5,1,10,team1,Team 1 (N/S),94,26,23,♥,finished,2026-05-18T16:06:40.026084+00:00
5021,INPROC_7FDBDB,1,10,team1,Team 1 (N/S),97,23,7,♣,finished,2026-05-18T16:06:40.038639+00:00
5022,INPROC_29AA5F,1,10,team1,Team 1 (N/S),68,52,35,♠,finished,2026-05-18T16:06:40.052942+00:00
5023,INPROC_17348C,1,10,team1,Team 1 (N/S),65,55,26,♥,finished,2026-05-18T16:06:40.065736+00:00
5024,INPROC_46FDE5,1,10,team1,Team 1 (N/S),81,39,14,♦,finished,2026-05-18T16:06:40.075320+00:00
5025,INPROC_AB0EE3,1,10,team2,Team 2 (E/W),50,70,15,♦,finished,2026-05-18T16:06:40.089409+00:00
5026,INPROC_57B44F,1,10,team1,Team 1 (N/S),69,51,8,♣,finished,2026-05-18T16:06:40.103440+00:00
5027,INPROC_E42103,1,10,team1,Team 1 (N/S),64,56,23,♥,finished,2026-05-18T16:06:40.120637+00:00
5028,INPROC_A00AC6,1,10,team2,Team 2 (E/W),6,114,19,♦,finished,2026-05-18T16:06:40.135132+00:00
5029,INPROC_535F77,1,10,team2,Team 2 (E/W),35,85,13,♦,finished,2026-05-18T16:06:40.149616+00:00
5030,INPROC_D48663,1,10,team2,Team 2 (E/W),53,67,22,♥,finished,2026-05-18T16:06:40.165988+00:00
5031,INPROC_1A3DE7,1,10,team2,Team 2 (E/W),59,61,7,♣,finished,2026-05-18T16:06:40.179815+00:00
5032,INPROC_67F394,1,10,team2,Team 2 (E/W),50,70,38,♠,finished,2026-05-18T16:06:40.191537+00:00
5033,INPROC_014AAE,1,10,team2,Team 2 (E/W),41,79,12,♦,finished,2026-05-18T16:06:40.203902+00:00
5034,INPROC_5CDB5F,1,10,team2,Team 2 (E/W),55,65,6,♣,finished,2026-05-18T16:06:40.216085+00:00
5035,INPROC_B200A4,1,10,team1,Team 1 (N/S),94,26,28,♥,finished,2026-05-18T16:06:40.226088+00:00
5036,INPROC_508BA9,1,10,team2,Team 2 (E/W),39,81,23,♥,finished,2026-05-18T16:06:40.241587+00:00
5037,INPROC_EF907B,1,10,team2,Team 2 (E/W),47,73,14,♦,finished,2026-05-18T16:06:40.255645+00:00
5038,INPROC_F3C194,1,10,team1,Team 1 (N/S),73,47,9,♣,finished,2026-05-18T16:06:40.270970+00:00
5039,INPROC_E22B6E,1,10,team1,Team 1 (N/S),89,31,29,♥,finished,2026-05-18T16:06:40.288471+00:00
5040,INPROC_CAA170,1,10,team1,Team 1 (N/S),91,29,18,♦,finished,2026-05-18T16:06:40.305548+00:00
5041,INPROC_435F37,1,10,team1,Team 1 (N/S),93,27,30,♠,finished,2026-05-18T16:06:40.319950+00:00
5042,INPROC_9D6653,1,10,team2,Team 2 (E/W),33,87,27,♥,finished,2026-05-18T16:06:40.334161+00:00
5043,INPROC_8C2DBB,1,10,team1,Team 1 (N/S),88,32,38,♠,finished,2026-05-18T16:06:40.348427+00:00
5044,INPROC_D26456,1,10,team2,Team 2 (E/W),48,72,24,♥,finished,2026-05-18T16:06:40.362538+00:00
5045,INPROC_0414B3,1,10,team1,Team 1 (N/S),102,18,12,♦,finished,2026-05-18T16:06:40.375639+00:00
5046,INPROC_444EE2,1,10,team2,Team 2 (E/W),45,75,31,♠,finished,2026-05-18T16:06:40.385994+00:00
5047,INPROC_B49110,1,10,team2,Team 2 (E/W),44,76,26,♥,finished,2026-05-18T16:06:40.395531+00:00
5048,INPROC_3B4762,1,10,team2,Team 2 (E/W),22,98,10,♦,finished,2026-05-18T16:06:40.405227+00:00
5049,INPROC_AFAD18,1,10,team2,Team 2 (E/W),18,102,28,♥,finished,2026-05-18T16:06:40.418220+00:00
5050,INPROC_37ACAB,1,10,team2,Team 2 (E/W),59,61,35,♠,finished,2026-05-18T16:06:40.431989+00:00
5051,INPROC_83393E,1,10,team1,Team 1 (N/S),102,18,3,♣,finished,2026-05-18T16:06:40.443745+00:00
5052,INPROC_610FCA,1,10,team2,Team 2 (E/W),30,90,18,♦,finished,2026-05-18T16:06:40.453522+00:00
5053,INPROC_B6BBB7,1,10,team2,Team 2 (E/W),40,80,26,♥,finished,2026-05-18T16:06:40.465764+00:00
5054,INPROC_8292FB,1,10,team2,Team 2 (E/W),38,82,16,♦,finished,2026-05-18T16:06:40.479242+00:00
5055,INPROC_8532EA,1,10,team1,Team 1 (N/S),72,48,26,♥,finished,2026-05-18T16:06:40.491808+00:00
5056,INPROC_0B76F4,1,10,team2,Team 2 (E/W),57,63,9,♣,finished,2026-05-18T16:06:40.505194+00:00
5057,INPROC_B679FC,1,10,team1,Team 1 (N/S),90,30,30,♠,finished,2026-05-18T16:06:40.519146+00:00
5058,INPROC_0D994A,1,10,team1,Team 1 (N/S),76,44,8,♣,finished,2026-05-18T16:06:40.528265+00:00
5059,INPROC_D69B66,1,10,team2,Team 2 (E/W),21,99,20,♥,finished,2026-05-18T16:06:40.541944+00:00
5060,INPROC_AFE864,1,10,team2,Team 2 (E/W),45,75,23,♥,finished,2026-05-18T16:06:40.550590+00:00
5061,INPROC_C747E1,1,10,team1,Team 1 (N/S),79,41,18,♦,finished,2026-05-18T16:06:40.559772+00:00
5062,INPROC_EB8CA1,1,10,team1,Team 1 (N/S),68,52,22,♥,finished,2026-05-18T16:06:40.569463+00:00
5063,INPROC_03716C,1,10,team2,Team 2 (E/W),54,66,34,♠,finished,2026-05-18T16:06:40.582601+00:00
5064,INPROC_1863E5,1,10,team1,Team 1 (N/S),79,41,5,♣,finished,2026-05-18T16:06:40.594895+00:00
5065,INPROC_7B0E0F,1,10,team2,Team 2 (E/W),17,103,16,♦,finished,2026-05-18T16:06:40.603635+00:00
5066,INPROC_EFDFD9,1,10,team2,Team 2 (E/W),51,69,39,♠,finished,2026-05-18T16:06:40.616438+00:00
5067,INPROC_C3A794,1,10,team2,Team 2 (E/W),46,74,38,♠,finished,2026-05-18T16:06:40.629828+00:00
5068,INPROC_2B49BA,1,10,team2,Team 2 (E/W),40,80,36,♠,finished,2026-05-18T16:06:40.638269+00:00
5069,INPROC_7911E4,1,10,team2,Team 2 (E/W),33,87,25,♥,finished,2026-05-18T16:06:40.647700+00:00
5070,INPROC_060F79,1,10,team2,Team 2 (E/W),44,76,17,♦,finished,2026-05-18T16:06:40.660828+00:00
5071,INPROC_1A7699,1,10,team2,Team 2 (E/W),0,120,37,♠,finished,2026-05-18T16:06:40.673992+00:00
5072,INPROC_803865,1,10,team1,Team 1 (N/S),79,41,31,♠,finished,2026-05-18T16:06:40.687929+00:00
5073,INPROC_F5689A,1,10,team1,Team 1 (N/S),75,45,15,♦,finished,2026-05-18T16:06:40.698198+00:00
5074,INPROC_30545A,1,10,team2,Team 2 (E/W),46,74,39,♠,finished,2026-05-18T16:06:40.712301+00:00
5075,INPROC_42F3A1,1,10,team1,Team 1 (N/S),63,57,30,♠,finished,2026-05-18T16:06:40.723967+00:00
5076,INPROC_55AD39,1,10,team1,Team 1 (N/S),78,42,4,♣,finished,2026-05-18T16:06:40.732972+00:00
5077,INPROC_BB99C8,1,10,team1,Team 1 (N/S),73,47,13,♦,finished,2026-05-18T16:06:40.744147+00:00
5078,INPROC_3277C0,1,10,team2,Team 2 (E/W),51,69,10,♦,finished,2026-05-18T16:06:40.757960+00:00
5079,INPROC_9A2B4F,1,10,team2,Team 2 (E/W),26,94,39,♠,finished,2026-05-18T16:06:40.774067+00:00
5080,INPROC_EFE3B2,1,10,team2,Team 2 (E/W),57,63,26,♥,finished,2026-05-18T16:06:40.790705+00:00
5081,INPROC_561BCF,1,10,team2,Team 2 (E/W),19,101,18,♦,finished,2026-05-18T16:06:40.806942+00:00
5082,INPROC_D9B707,1,10,team2,Team 2 (E/W),28,92,9,♣,finished,2026-05-18T16:06:40.821389+00:00
5083,INPROC_79F1F8,1,10,team1,Team 1 (N/S),90,30,32,♠,finished,2026-05-18T16:06:40.835256+00:00
5084,INPROC_F1B41D,1,10,team1,Team 1 (N/S),68,52,34,♠,finished,2026-05-18T16:06:40.853034+00:00
5085,INPROC_944E97,1,10,team1,Team 1 (N/S),68,52,32,♠,finished,2026-05-18T16:06:40.869694+00:00
5086,INPROC_3DD794,1,10,team2,Team 2 (E/W),52,68,36,♠,finished,2026-05-18T16:06:40.883759+00:00
5087,INPROC_DE22A3,1,10,team1,Team 1 (N/S),91,29,5,♣,finished,2026-05-18T16:06:40.894059+00:00
5088,INPROC_92FE29,1,10,team2,Team 2 (E/W),59,61,13,♦,finished,2026-05-18T16:06:40.908116+00:00
5089,INPROC_A77C21,1,10,team2,Team 2 (E/W),16,104,27,♥,finished,2026-05-18T16:06:40.920627+00:00
5090,INPROC_45533D,1,10,team2,Team 2 (E/W),37,83,12,♦,finished,2026-05-18T16:06:40.935488+00:00
5091,INPROC_3752B7,1,10,team1,Team 1 (N/S),73,47,34,♠,finished,2026-05-18T16:06:40.949891+00:00
5092,INPROC_8D553A,1,10,team1,Team 1 (N/S),107,13,24,♥,finished,2026-05-18T16:06:40.964868+00:00
5093,INPROC_A1D0F3,1,10,team1,Team 1 (N/S),86,34,11,♦,finished,2026-05-18T16:06:40.980751+00:00
5094,INPROC_62C925,1,10,team2,Team 2 (E/W),39,81,4,♣,finished,2026-05-18T16:06:40.994503+00:00
5095,INPROC_A6C046,1,10,team2,Team 2 (E/W),50,70,9,♣,finished,2026-05-18T16:06:41.009136+00:00
5096,INPROC_85B219,1,10,team1,Team 1 (N/S),91,29,35,♠,finished,2026-05-18T16:06:41.018552+00:00
5097,INPROC_4E6505,1,10,team1,Team 1 (N/S),75,45,4,♣,finished,2026-05-18T16:06:41.031936+00:00
5098,INPROC_78FB09,1,10,team1,Team 1 (N/S),73,47,37,♠,finished,2026-05-18T16:06:41.045217+00:00
5099,INPROC_53C6C3,1,10,team2,Team 2 (E/W),40,80,14,♦,finished,2026-05-18T16:06:41.059350+00:00
5100,INPROC_32FD72,1,10,team1,Team 1 (N/S),66,54,24,♥,finished,2026-05-18T16:06:41.072244+00:00
5101,INPROC_B98A49,1,10,team1,Team 1 (N/S),88,32,12,♦,finished,2026-05-18T16:06:41.082909+00:00
5102,INPROC_BB589F,1,10,team1,Team 1 (N/S),93,27,26,♥,finished,2026-05-18T16:06:41.093684+00:00
5103,INPROC_B64562,1,10,team2,Team 2 (E/W),27,93,4,♣,finished,2026-05-18T16:06:41.102786+00:00
5104,INPROC_F09A1E,1,10,draw,draw,60,60,29,♥,finished,2026-05-18T16:06:41.117378+00:00
5105,INPROC_C083EB,1,10,team1,Team 1 (N/S),101,19,0,♣,finished,2026-05-18T16:06:41.128449+00:00
5106,INPROC_85C9DC,1,10,team1,Team 1 (N/S),82,38,4,♣,finished,2026-05-18T16:06:41.140899+00:00
5107,INPROC_68A7DD,1,10,team2,Team 2 (E/W),15,105,18,♦,finished,2026-05-18T16:06:41.150490+00:00
5108,INPROC_ED95AB,1,10,team2,Team 2 (E/W),33,87,31,♠,finished,2026-05-18T16:06:41.159889+00:00
5109,INPROC_2D4688,1,10,team2,Team 2 (E/W),44,76,25,♥,finished,2026-05-18T16:06:41.171980+00:00
5110,INPROC_2EE6AD,1,10,team2,Team 2 (E/W),50,70,15,♦,finished,2026-05-18T16:06:41.180999+00:00
5111,INPROC_7AF85A,1,10,team1,Team 1 (N/S),71,49,15,♦,finished,2026-05-18T16:06:41.192400+00:00
5112,INPROC_607F4C,1,10,team2,Team 2 (E/W),54,66,22,♥,finished,2026-05-18T16:06:41.203188+00:00
5113,INPROC_3B1B82,1,10,team2,Team 2 (E/W),29,91,9,♣,finished,2026-05-18T16:06:41.219229+00:00
5114,INPROC_72B761,1,10,team1,Team 1 (N/S),77,43,17,♦,finished,2026-05-18T16:06:41.233808+00:00
5115,INPROC_FD363D,1,10,team1,Team 1 (N/S),64,56,1,♣,finished,2026-05-18T16:06:41.250557+00:00
5116,INPROC_46C730,1,10,team2,Team 2 (E/W),50,70,33,♠,finished,2026-05-18T16:06:41.266386+00:00
5117,INPROC_A577FA,1,10,team1,Team 1 (N/S),64,56,39,♠,finished,2026-05-18T16:06:41.282061+00:00
5118,INPROC_7E1F17,1,10,team1,Team 1 (N/S),64,56,20,♥,finished,2026-05-18T16:06:41.297413+00:00
5119,INPROC_35570B,1,10,team1,Team 1 (N/S),81,39,26,♥,finished,2026-05-18T16:06:41.306512+00:00
5120,INPROC_308FEB,1,10,team2,Team 2 (E/W),37,83,7,♣,finished,2026-05-18T16:06:41.320653+00:00
5121,INPROC_19B9A3,1,10,team2,Team 2 (E/W),49,71,5,♣,finished,2026-05-18T16:06:41.332369+00:00
5122,INPROC_9EF1C3,1,10,team1,Team 1 (N/S),67,53,37,♠,finished,2026-05-18T16:06:41.341691+00:00
5123,INPROC_4F45C8,1,10,team2,Team 2 (E/W),41,79,21,♥,finished,2026-05-18T16:06:41.354358+00:00
5124,INPROC_B08D3C,1,10,team2,Team 2 (E/W),58,62,31,♠,finished,2026-05-18T16:06:41.365088+00:00
5125,INPROC_92E475,1,10,team1,Team 1 (N/S),65,55,27,♥,finished,2026-05-18T16:06:41.378210+00:00
5126,INPROC_FB4F4D,1,10,team2,Team 2 (E/W),27,93,34,♠,finished,2026-05-18T16:06:41.389779+00:00
5127,INPROC_B02942,1,10,team2,Team 2 (E/W),42,78,36,♠,finished,2026-05-18T16:06:41.404715+00:00
5128,INPROC_32752C,1,10,team1,Team 1 (N/S),87,33,13,♦,finished,2026-05-18T16:06:41.419025+00:00
5129,INPROC_F40AC2,1,10,team2,Team 2 (E/W),53,67,27,♥,finished,2026-05-18T16:06:41.436044+00:00
5130,INPROC_AD569F,1,10,team1,Team 1 (N/S),65,55,4,♣,finished,2026-05-18T16:06:41.446729+00:00
5131,INPROC_8AB927,1,10,team2,Team 2 (E/W),49,71,0,♣,finished,2026-05-18T16:06:41.460692+00:00
5132,INPROC_E3F55B,1,10,team2,Team 2 (E/W),43,77,13,♦,finished,2026-05-18T16:06:41.472034+00:00
5133,INPROC_959E74,1,10,team1,Team 1 (N/S),117,3,36,♠,finished,2026-05-18T16:06:41.483504+00:00
5134,INPROC_767A1A,1,10,team2,Team 2 (E/W),32,88,35,♠,finished,2026-05-18T16:06:41.499499+00:00
5135,INPROC_234AD3,1,10,team2,Team 2 (E/W),35,85,4,♣,finished,2026-05-18T16:06:41.516326+00:00
5136,INPROC_780F8A,1,10,team2,Team 2 (E/W),51,69,27,♥,finished,2026-05-18T16:06:41.527664+00:00
5137,INPROC_FBE2E4,1,10,team1,Team 1 (N/S),63,57,30,♠,finished,2026-05-18T16:06:41.543697+00:00
5138,INPROC_37F893,1,10,team1,Team 1 (N/S),86,34,24,♥,finished,2026-05-18T16:06:41.561156+00:00
5139,INPROC_81977C,1,10,team1,Team 1 (N/S),78,42,11,♦,finished,2026-05-18T16:06:41.580260+00:00
5140,INPROC_3D9989,1,10,team1,Team 1 (N/S),93,27,32,♠,finished,2026-05-18T16:06:41.591081+00:00
5141,INPROC_7BE4DB,1,10,draw,draw,60,60,32,♠,finished,2026-05-18T16:06:41.600866+00:00
5142,INPROC_4D132F,1,10,team1,Team 1 (N/S),72,48,23,♥,finished,2026-05-18T16:06:41.610088+00:00
5143,INPROC_9E1CEF,1,10,team1,Team 1 (N/S),67,53,32,♠,finished,2026-05-18T16:06:41.628796+00:00
5144,INPROC_A36C4C,1,10,team2,Team 2 (E/W),46,74,25,♥,finished,2026-05-18T16:06:41.645673+00:00
5145,INPROC_336A22,1,10,team1,Team 1 (N/S),63,57,32,♠,finished,2026-05-18T16:06:41.655721+00:00
5146,INPROC_D0EA52,1,10,team2,Team 2 (E/W),54,66,1,♣,finished,2026-05-18T16:06:41.670448+00:00
5147,INPROC_D1DC15,1,10,team2,Team 2 (E/W),55,65,21,♥,finished,2026-05-18T16:06:41.682017+00:00
5148,INPROC_72AB42,1,10,team2,Team 2 (E/W),56,64,14,♦,finished,2026-05-18T16:06:41.699378+00:00
5149,INPROC_1650AE,1,10,team1,Team 1 (N/S),72,48,7,♣,finished,2026-05-18T16:06:41.717452+00:00
5150,INPROC_3BA662,1,10,team2,Team 2 (E/W),44,76,2,♣,finished,2026-05-18T16:06:41.731906+00:00
5151,INPROC_A63829,1,10,team1,Team 1 (N/S),98,22,28,♥,finished,2026-05-18T16:06:41.742861+00:00
5152,INPROC_4367DA,1,10,team1,Team 1 (N/S),88,32,27,♥,finished,2026-05-18T16:06:41.756134+00:00
5153,INPROC_0445AC,1,10,team2,Team 2 (E/W),17,103,16,♦,finished,2026-05-18T16:06:41.773795+00:00
5154,INPROC_3C956E,1,10,team2,Team 2 (E/W),22,98,4,♣,finished,2026-05-18T16:06:41.788078+00:00
5155,INPROC_717EB7,1,10,team1,Team 1 (N/S),82,38,2,♣,finished,2026-05-18T16:06:41.804298+00:00
5156,INPROC_7C0929,1,10,team2,Team 2 (E/W),54,66,9,♣,finished,2026-05-18T16:06:41.820533+00:00
5157,INPROC_13A2C9,1,10,team2,Team 2 (E/W),22,98,4,♣,finished,2026-05-18T16:06:41.830255+00:00
5158,INPROC_8BB639,1,10,team2,Team 2 (E/W),0,120,4,♣,finished,2026-05-18T16:06:41.839588+00:00
5159,INPROC_286C54,1,10,team2,Team 2 (E/W),47,73,1,♣,finished,2026-05-18T16:06:41.849901+00:00
5160,INPROC_3FD2B7,1,10,team2,Team 2 (E/W),42,78,30,♠,finished,2026-05-18T16:06:41.859585+00:00
5161,INPROC_4A0B0A,1,10,team1,Team 1 (N/S),74,46,35,♠,finished,2026-05-18T16:06:41.874374+00:00
5162,INPROC_FBC4A9,1,10,team1,Team 1 (N/S),88,32,2,♣,finished,2026-05-18T16:06:41.889211+00:00
5163,INPROC_ED92FF,1,10,team1,Team 1 (N/S),63,57,6,♣,finished,2026-05-18T16:06:41.903804+00:00
5164,INPROC_FF2DF2,1,10,team2,Team 2 (E/W),51,69,11,♦,finished,2026-05-18T16:06:41.919482+00:00
5165,INPROC_5DF330,1,10,team2,Team 2 (E/W),42,78,20,♥,finished,2026-05-18T16:06:41.934805+00:00
5166,INPROC_5DF3C5,1,10,team1,Team 1 (N/S),71,49,14,♦,finished,2026-05-18T16:06:41.949203+00:00
5167,INPROC_DB56F8,1,10,team2,Team 2 (E/W),46,74,23,♥,finished,2026-05-18T16:06:41.965562+00:00
5168,INPROC_4655CF,1,10,team2,Team 2 (E/W),59,61,27,♥,finished,2026-05-18T16:06:41.980440+00:00
5169,INPROC_468B67,1,10,team1,Team 1 (N/S),84,36,24,♥,finished,2026-05-18T16:06:41.990535+00:00
5170,INPROC_E4D47E,1,10,team2,Team 2 (E/W),47,73,32,♠,finished,2026-05-18T16:06:42.003544+00:00
5171,INPROC_F12761,1,10,team2,Team 2 (E/W),28,92,38,♠,finished,2026-05-18T16:06:42.017065+00:00
5172,INPROC_617A9F,1,10,team2,Team 2 (E/W),47,73,35,♠,finished,2026-05-18T16:06:42.028267+00:00
5173,INPROC_C142C4,1,10,team2,Team 2 (E/W),30,90,12,♦,finished,2026-05-18T16:06:42.041461+00:00
5174,INPROC_D26885,1,10,team2,Team 2 (E/W),12,108,38,♠,finished,2026-05-18T16:06:42.061305+00:00
5175,INPROC_0A3189,1,10,team1,Team 1 (N/S),63,57,15,♦,finished,2026-05-18T16:06:42.074181+00:00
5176,INPROC_D16C0C,1,10,team2,Team 2 (E/W),42,78,27,♥,finished,2026-05-18T16:06:42.089216+00:00
5177,INPROC_0336F0,1,10,team2,Team 2 (E/W),59,61,6,♣,finished,2026-05-18T16:06:42.106622+00:00
5178,INPROC_1308C5,1,10,team1,Team 1 (N/S),82,38,16,♦,finished,2026-05-18T16:06:42.122741+00:00
5179,INPROC_85CC60,1,10,team2,Team 2 (E/W),56,64,28,♥,finished,2026-05-18T16:06:42.141029+00:00
5180,INPROC_6CBB93,1,10,team1,Team 1 (N/S),65,55,27,♥,finished,2026-05-18T16:06:42.156829+00:00
5181,INPROC_8EA530,1,10,team1,Team 1 (N/S),71,49,8,♣,finished,2026-05-18T16:06:42.174212+00:00
5182,INPROC_56A947,1,10,team2,Team 2 (E/W),17,103,28,♥,finished,2026-05-18T16:06:42.192192+00:00
5183,INPROC_A75239,1,10,team2,Team 2 (E/W),40,80,28,♥,finished,2026-05-18T16:06:42.201632+00:00
5184,INPROC_25A2E6,1,10,team1,Team 1 (N/S),77,43,23,♥,finished,2026-05-18T16:06:42.210400+00:00
5185,INPROC_F64B79,1,10,team1,Team 1 (N/S),95,25,21,♥,finished,2026-05-18T16:06:42.220282+00:00
5186,INPROC_64E648,1,10,team1,Team 1 (N/S),79,41,31,♠,finished,2026-05-18T16:06:42.229215+00:00
5187,INPROC_D3A86F,1,10,team2,Team 2 (E/W),49,71,13,♦,finished,2026-05-18T16:06:42.240303+00:00
5188,INPROC_4887FA,1,10,team2,Team 2 (E/W),47,73,26,♥,finished,2026-05-18T16:06:42.258570+00:00
5189,INPROC_F5AC18,1,10,team1,Team 1 (N/S),93,27,14,♦,finished,2026-05-18T16:06:42.267788+00:00
5190,INPROC_F7D41A,1,10,team1,Team 1 (N/S),102,18,38,♠,finished,2026-05-18T16:06:42.282519+00:00
5191,INPROC_242D5D,1,10,team2,Team 2 (E/W),44,76,11,♦,finished,2026-05-18T16:06:42.293399+00:00
5192,INPROC_DA874F,1,10,draw,draw,60,60,19,♦,finished,2026-05-18T16:06:42.306855+00:00
5193,INPROC_1C3B3B,1,10,team2,Team 2 (E/W),31,89,18,♦,finished,2026-05-18T16:06:42.324569+00:00
5194,INPROC_73FDB2,1,10,team1,Team 1 (N/S),63,57,32,♠,finished,2026-05-18T16:06:42.340918+00:00
5195,INPROC_874734,1,10,team1,Team 1 (N/S),80,40,4,♣,finished,2026-05-18T16:06:42.351092+00:00
5196,INPROC_537558,1,10,team2,Team 2 (E/W),49,71,10,♦,finished,2026-05-18T16:06:42.366351+00:00
5197,INPROC_9C0733,1,10,team2,Team 2 (E/W),53,67,25,♥,finished,2026-05-18T16:06:42.380179+00:00
5198,INPROC_29F1F1,1,10,team2,Team 2 (E/W),33,87,12,♦,finished,2026-05-18T16:06:42.391301+00:00
5199,INPROC_172E2C,1,10,team1,Team 1 (N/S),67,53,35,♠,finished,2026-05-18T16:06:42.406329+00:00
5200,INPROC_F25010,1,10,team1,Team 1 (N/S),96,24,12,♦,finished,2026-05-18T16:06:42.419037+00:00
5201,INPROC_FC3585,1,10,team2,Team 2 (E/W),15,105,36,♠,finished,2026-05-18T16:06:42.430564+00:00
5202,INPROC_4B8985,1,10,team1,Team 1 (N/S),92,28,10,♦,finished,2026-05-18T16:06:42.438739+00:00
5203,INPROC_19F655,1,10,team2,Team 2 (E/W),43,77,24,♥,finished,2026-05-18T16:06:42.450368+00:00
5204,INPROC_BD256F,1,10,team2,Team 2 (E/W),29,91,12,♦,finished,2026-05-18T16:06:42.461971+00:00
5205,INPROC_26C40E,1,10,team1,Team 1 (N/S),70,50,34,♠,finished,2026-05-18T16:06:42.473333+00:00
5206,INPROC_C0F999,1,10,team2,Team 2 (E/W),54,66,27,♥,finished,2026-05-18T16:06:42.487394+00:00
5207,INPROC_48BA73,1,10,team2,Team 2 (E/W),24,96,13,♦,finished,2026-05-18T16:06:42.498688+00:00
5208,INPROC_1D3565,1,10,team1,Team 1 (N/S),61,59,17,♦,finished,2026-05-18T16:06:42.509779+00:00
5209,INPROC_0ACB05,1,10,team2,Team 2 (E/W),41,79,35,♠,finished,2026-05-18T16:06:42.520930+00:00
5210,INPROC_8223DA,1,10,team1,Team 1 (N/S),96,24,2,♣,finished,2026-05-18T16:06:42.538231+00:00
5211,INPROC_9DCE49,1,10,team1,Team 1 (N/S),70,50,17,♦,finished,2026-05-18T16:06:42.553836+00:00
5212,INPROC_0D5782,1,10,team1,Team 1 (N/S),66,54,33,♠,finished,2026-05-18T16:06:42.572248+00:00
5213,INPROC_1EC48E,1,10,team2,Team 2 (E/W),56,64,15,♦,finished,2026-05-18T16:06:42.586565+00:00
5214,INPROC_1BB88E,1,10,team1,Team 1 (N/S),63,57,8,♣,finished,2026-05-18T16:06:42.601874+00:00
5215,INPROC_C9D057,1,10,team1,Team 1 (N/S),76,44,14,♦,finished,2026-05-18T16:06:42.610667+00:00
5216,INPROC_B29DD2,1,10,team2,Team 2 (E/W),22,98,12,♦,finished,2026-05-18T16:06:42.620407+00:00
5217,INPROC_7E81EF,1,10,team2,Team 2 (E/W),44,76,22,♥,finished,2026-05-18T16:06:42.632840+00:00
5218,INPROC_6EE351,1,10,team1,Team 1 (N/S),81,39,33,♠,finished,2026-05-18T16:06:42.648259+00:00
5219,INPROC_896B6E,1,10,team1,Team 1 (N/S),63,57,28,♥,finished,2026-05-18T16:06:42.659492+00:00
5220,INPROC_0A5451,1,10,team2,Team 2 (E/W),38,82,32,♠,finished,2026-05-18T16:06:42.670150+00:00
5221,INPROC_715D20,1,10,team1,Team 1 (N/S),64,56,12,♦,finished,2026-05-18T16:06:42.679011+00:00
5222,INPROC_749C13,1,10,team1,Team 1 (N/S),82,38,34,♠,finished,2026-05-18T16:06:42.688183+00:00
5223,INPROC_3DB216,1,10,team2,Team 2 (E/W),45,75,33,♠,finished,2026-05-18T16:06:42.697337+00:00
5224,INPROC_C9F7EA,1,10,team2,Team 2 (E/W),43,77,4,♣,finished,2026-05-18T16:06:42.708135+00:00
5225,INPROC_82B8D1,1,10,team1,Team 1 (N/S),63,57,36,♠,finished,2026-05-18T16:06:42.717846+00:00
5226,INPROC_4D136C,1,10,team2,Team 2 (E/W),40,80,26,♥,finished,2026-05-18T16:06:42.732296+00:00
5227,INPROC_42AC65,1,10,team2,Team 2 (E/W),26,94,20,♥,finished,2026-05-18T16:06:43.000354+00:00
5228,INPROC_06728A,1,10,team1,Team 1 (N/S),74,46,32,♠,finished,2026-05-18T16:06:43.101678+00:00
5229,INPROC_8359F0,1,10,team2,Team 2 (E/W),14,106,36,♠,finished,2026-05-18T16:06:43.127732+00:00
5230,INPROC_88B76C,1,10,team2,Team 2 (E/W),57,63,6,♣,finished,2026-05-18T16:06:43.150939+00:00
5231,INPROC_724AB5,1,10,team2,Team 2 (E/W),34,86,17,♦,finished,2026-05-18T16:06:43.166759+00:00
5232,INPROC_E18D10,1,10,team1,Team 1 (N/S),67,53,36,♠,finished,2026-05-18T16:06:43.181391+00:00
5233,INPROC_C3DCF1,1,10,team1,Team 1 (N/S),86,34,33,♠,finished,2026-05-18T16:06:43.196341+00:00
5234,INPROC_913B6D,1,10,team1,Team 1 (N/S),78,42,2,♣,finished,2026-05-18T16:06:43.209924+00:00
5235,INPROC_22705E,1,10,team1,Team 1 (N/S),63,57,31,♠,finished,2026-05-18T16:06:43.223795+00:00
5236,INPROC_DE6811,1,10,team1,Team 1 (N/S),78,42,4,♣,finished,2026-05-18T16:06:43.239565+00:00
5237,INPROC_3465A0,1,10,team2,Team 2 (E/W),35,85,37,♠,finished,2026-05-18T16:06:43.251386+00:00
5238,INPROC_270239,1,10,team1,Team 1 (N/S),72,48,17,♦,finished,2026-05-18T16:06:43.261302+00:00
5239,INPROC_47F606,1,10,team2,Team 2 (E/W),50,70,3,♣,finished,2026-05-18T16:06:43.274695+00:00
5240,INPROC_62017C,1,10,team1,Team 1 (N/S),62,58,14,♦,finished,2026-05-18T16:06:43.286732+00:00
5241,INPROC_D0CCA5,1,10,team1,Team 1 (N/S),66,54,17,♦,finished,2026-05-18T16:06:43.303289+00:00
5242,INPROC_E66059,1,10,team1,Team 1 (N/S),81,39,23,♥,finished,2026-05-18T16:06:43.314745+00:00
5243,INPROC_DD88A0,1,10,team2,Team 2 (E/W),11,109,7,♣,finished,2026-05-18T16:06:43.325677+00:00
5244,INPROC_39B2DF,1,10,team2,Team 2 (E/W),24,96,4,♣,finished,2026-05-18T16:06:43.342535+00:00
5245,INPROC_2430A9,1,10,team1,Team 1 (N/S),96,24,1,♣,finished,2026-05-18T16:06:43.352528+00:00
5246,INPROC_6CDEE2,1,10,team1,Team 1 (N/S),70,50,18,♦,finished,2026-05-18T16:06:43.361744+00:00
5247,INPROC_CC4AA9,1,10,team1,Team 1 (N/S),85,35,22,♥,finished,2026-05-18T16:06:43.374603+00:00
5248,INPROC_329077,1,10,team2,Team 2 (E/W),43,77,19,♦,finished,2026-05-18T16:06:43.388477+00:00
5249,INPROC_FD3009,1,10,team2,Team 2 (E/W),48,72,17,♦,finished,2026-05-18T16:06:43.404055+00:00
5250,INPROC_250072,1,10,team2,Team 2 (E/W),28,92,34,♠,finished,2026-05-18T16:06:43.415593+00:00
5251,INPROC_D75875,1,10,team1,Team 1 (N/S),66,54,21,♥,finished,2026-05-18T16:06:43.431025+00:00
5252,INPROC_5CA3B9,1,10,team2,Team 2 (E/W),26,94,9,♣,finished,2026-05-18T16:06:43.442401+00:00
5253,INPROC_D519C5,1,10,team1,Team 1 (N/S),88,32,14,♦,finished,2026-05-18T16:06:43.455725+00:00
5254,INPROC_6E9E58,1,10,team2,Team 2 (E/W),21,99,19,♦,finished,2026-05-18T16:06:43.464705+00:00
5255,INPROC_796A8D,1,10,team2,Team 2 (E/W),55,65,18,♦,finished,2026-05-18T16:06:43.480122+00:00
5256,INPROC_8BFD51,1,10,team2,Team 2 (E/W),44,76,32,♠,finished,2026-05-18T16:06:43.497941+00:00
5257,INPROC_B6A60E,1,10,team2,Team 2 (E/W),34,86,21,♥,finished,2026-05-18T16:06:43.509152+00:00
5258,INPROC_9BBCAD,1,10,team2,Team 2 (E/W),11,109,10,♦,finished,2026-05-18T16:06:43.521449+00:00
5259,INPROC_E500DE,1,10,team1,Team 1 (N/S),63,57,28,♥,finished,2026-05-18T16:06:43.532153+00:00
5260,INPROC_A99ED2,1,10,team2,Team 2 (E/W),36,84,20,♥,finished,2026-05-18T16:06:43.547523+00:00
5261,INPROC_846D28,1,10,team1,Team 1 (N/S),83,37,11,♦,finished,2026-05-18T16:06:43.563378+00:00
5262,INPROC_8D3A1B,1,10,team1,Team 1 (N/S),62,58,4,♣,finished,2026-05-18T16:06:43.577486+00:00
5263,INPROC_52D9BB,1,10,team2,Team 2 (E/W),54,66,39,♠,finished,2026-05-18T16:06:43.592977+00:00
5264,INPROC_01E211,1,10,team2,Team 2 (E/W),47,73,30,♠,finished,2026-05-18T16:06:43.604646+00:00
5265,INPROC_33EF87,1,10,team2,Team 2 (E/W),30,90,24,♥,finished,2026-05-18T16:06:43.617517+00:00
5266,INPROC_70F5BD,1,10,team2,Team 2 (E/W),27,93,36,♠,finished,2026-05-18T16:06:43.633195+00:00
5267,INPROC_3F7450,1,10,team1,Team 1 (N/S),82,38,19,♦,finished,2026-05-18T16:06:43.647409+00:00
5268,INPROC_B2B6AC,1,10,team1,Team 1 (N/S),91,29,10,♦,finished,2026-05-18T16:06:43.657328+00:00
5269,INPROC_99CACB,1,10,team1,Team 1 (N/S),63,57,37,♠,finished,2026-05-18T16:06:43.668160+00:00
5270,INPROC_64BE53,1,10,team2,Team 2 (E/W),45,75,21,♥,finished,2026-05-18T16:06:43.683448+00:00
5271,INPROC_0EBDE0,1,10,team2,Team 2 (E/W),14,106,8,♣,finished,2026-05-18T16:06:43.697158+00:00
5272,INPROC_927802,1,10,team1,Team 1 (N/S),86,34,14,♦,finished,2026-05-18T16:06:43.711312+00:00
5273,INPROC_A8F5E5,1,10,team1,Team 1 (N/S),69,51,4,♣,finished,2026-05-18T16:06:43.723348+00:00
5274,INPROC_A76F0A,1,10,team2,Team 2 (E/W),25,95,3,♣,finished,2026-05-18T16:06:43.733818+00:00
5275,INPROC_8252E4,1,10,team1,Team 1 (N/S),71,49,18,♦,finished,2026-05-18T16:06:43.750832+00:00
5276,INPROC_FD448F,1,10,team2,Team 2 (E/W),22,98,16,♦,finished,2026-05-18T16:06:43.766493+00:00
5277,INPROC_5BF37F,1,10,team2,Team 2 (E/W),58,62,4,♣,finished,2026-05-18T16:06:43.777359+00:00
5278,INPROC_EA6E45,1,10,team2,Team 2 (E/W),57,63,20,♥,finished,2026-05-18T16:06:43.791455+00:00
5279,INPROC_F4146E,1,10,team2,Team 2 (E/W),53,67,1,♣,finished,2026-05-18T16:06:43.803291+00:00
5280,INPROC_123C50,1,10,team1,Team 1 (N/S),67,53,7,♣,finished,2026-05-18T16:06:43.816025+00:00
5281,INPROC_F8C664,1,10,team2,Team 2 (E/W),57,63,21,♥,finished,2026-05-18T16:06:43.829270+00:00
5282,INPROC_7307BC,1,10,team1,Team 1 (N/S),79,41,33,♠,finished,2026-05-18T16:06:43.842641+00:00
5283,INPROC_CB20F1,1,10,team2,Team 2 (E/W),4,116,39,♠,finished,2026-05-18T16:06:43.854186+00:00
5284,INPROC_58D4E5,1,10,team2,Team 2 (E/W),35,85,16,♦,finished,2026-05-18T16:06:43.866694+00:00
5285,INPROC_F0F06E,1,10,team1,Team 1 (N/S),65,55,5,♣,finished,2026-05-18T16:06:43.880190+00:00
5286,INPROC_99DC07,1,10,team2,Team 2 (E/W),43,77,33,♠,finished,2026-05-18T16:06:43.894422+00:00
5287,INPROC_FF13EF,1,10,team2,Team 2 (E/W),37,83,26,♥,finished,2026-05-18T16:06:43.907763+00:00
5288,INPROC_126A60,1,10,team1,Team 1 (N/S),81,39,0,♣,finished,2026-05-18T16:06:43.921208+00:00
5289,INPROC_16DC6A,1,10,team1,Team 1 (N/S),87,33,8,♣,finished,2026-05-18T16:06:43.934176+00:00
5290,INPROC_09BF9A,1,10,team2,Team 2 (E/W),23,97,7,♣,finished,2026-05-18T16:06:43.950119+00:00
5291,INPROC_573B9A,1,10,team2,Team 2 (E/W),22,98,30,♠,finished,2026-05-18T16:06:43.968186+00:00
5292,INPROC_115009,1,10,team1,Team 1 (N/S),66,54,11,♦,finished,2026-05-18T16:06:43.978030+00:00
5293,INPROC_BFC186,1,10,team1,Team 1 (N/S),67,53,17,♦,finished,2026-05-18T16:06:43.987951+00:00
5294,INPROC_7DDBD6,1,10,team1,Team 1 (N/S),88,32,13,♦,finished,2026-05-18T16:06:43.999903+00:00
5295,INPROC_135375,1,10,team1,Team 1 (N/S),92,28,30,♠,finished,2026-05-18T16:06:44.009331+00:00
5296,INPROC_FA8BEF,1,10,team1,Team 1 (N/S),77,43,26,♥,finished,2026-05-18T16:06:44.021366+00:00
5297,INPROC_DE70E1,1,10,team2,Team 2 (E/W),5,115,37,♠,finished,2026-05-18T16:06:44.036251+00:00
5298,INPROC_09A9FE,1,10,team1,Team 1 (N/S),72,48,30,♠,finished,2026-05-18T16:06:44.051626+00:00
5299,INPROC_1C05A1,1,10,team2,Team 2 (E/W),45,75,1,♣,finished,2026-05-18T16:06:44.063312+00:00
5300,INPROC_1A0F4C,1,10,team1,Team 1 (N/S),94,26,1,♣,finished,2026-05-18T16:06:44.076468+00:00
5301,INPROC_50275B,1,10,team1,Team 1 (N/S),69,51,38,♠,finished,2026-05-18T16:06:44.087117+00:00
5302,INPROC_2451C4,1,10,team2,Team 2 (E/W),15,105,12,♦,finished,2026-05-18T16:06:44.104139+00:00
5303,INPROC_D103C6,1,10,team2,Team 2 (E/W),54,66,11,♦,finished,2026-05-18T16:06:44.118880+00:00
5304,INPROC_44E704,1,10,team1,Team 1 (N/S),120,0,16,♦,finished,2026-05-18T16:06:44.132676+00:00
5305,INPROC_A6EE8A,1,10,team2,Team 2 (E/W),33,87,18,♦,finished,2026-05-18T16:06:44.144945+00:00
5306,INPROC_58BFA1,1,10,team2,Team 2 (E/W),41,79,11,♦,finished,2026-05-18T16:06:44.159565+00:00
5307,INPROC_BE4A32,1,10,team1,Team 1 (N/S),78,42,36,♠,finished,2026-05-18T16:06:44.177036+00:00
5308,INPROC_B06E45,1,10,team1,Team 1 (N/S),73,47,0,♣,finished,2026-05-18T16:06:44.193442+00:00
5309,INPROC_8BFDCE,1,10,team1,Team 1 (N/S),92,28,6,♣,finished,2026-05-18T16:06:44.206350+00:00
5310,INPROC_3F4E1D,1,10,team2,Team 2 (E/W),55,65,16,♦,finished,2026-05-18T16:06:44.221056+00:00
5311,INPROC_BC16A1,1,10,team1,Team 1 (N/S),69,51,26,♥,finished,2026-05-18T16:06:44.230902+00:00
5312,INPROC_9C3FB0,1,10,team2,Team 2 (E/W),59,61,10,♦,finished,2026-05-18T16:06:44.244529+00:00
5313,INPROC_73932B,1,10,team2,Team 2 (E/W),38,82,17,♦,finished,2026-05-18T16:06:44.253152+00:00
5314,INPROC_086D38,1,10,team2,Team 2 (E/W),57,63,19,♦,finished,2026-05-18T16:06:44.269122+00:00
5315,INPROC_45BC4C,1,10,team2,Team 2 (E/W),57,63,24,♥,finished,2026-05-18T16:06:44.277997+00:00
5316,INPROC_3B5AC0,1,10,team2,Team 2 (E/W),34,86,35,♠,finished,2026-05-18T16:06:44.295145+00:00
5317,INPROC_DDAC5D,1,10,team2,Team 2 (E/W),57,63,26,♥,finished,2026-05-18T16:06:44.308726+00:00
5318,INPROC_2A286F,1,10,team1,Team 1 (N/S),90,30,4,♣,finished,2026-05-18T16:06:44.326832+00:00
5319,INPROC_014D01,1,10,team2,Team 2 (E/W),55,65,33,♠,finished,2026-05-18T16:06:44.344056+00:00
5320,INPROC_38EAF3,1,10,team2,Team 2 (E/W),52,68,1,♣,finished,2026-05-18T16:06:44.359449+00:00
5321,INPROC_E83CD7,1,10,team2,Team 2 (E/W),29,91,14,♦,finished,2026-05-18T16:06:44.373498+00:00
5322,INPROC_39229A,1,10,draw,draw,60,60,19,♦,finished,2026-05-18T16:06:44.388221+00:00
5323,INPROC_34F9AD,1,10,team1,Team 1 (N/S),80,40,28,♥,finished,2026-05-18T16:06:44.397073+00:00
5324,INPROC_DF80AD,1,10,team2,Team 2 (E/W),57,63,36,♠,finished,2026-05-18T16:06:44.413790+00:00
5325,INPROC_BEB7B6,1,10,team1,Team 1 (N/S),94,26,20,♥,finished,2026-05-18T16:06:44.431179+00:00
5326,INPROC_46EE7E,1,10,team1,Team 1 (N/S),71,49,0,♣,finished,2026-05-18T16:06:44.445015+00:00
5327,INPROC_6FC5C8,1,10,team1,Team 1 (N/S),77,43,38,♠,finished,2026-05-18T16:06:44.454054+00:00
5328,INPROC_F6D4A8,1,10,team1,Team 1 (N/S),83,37,8,♣,finished,2026-05-18T16:06:44.470589+00:00
5329,INPROC_D66E4D,1,10,team1,Team 1 (N/S),71,49,13,♦,finished,2026-05-18T16:06:44.484671+00:00
5330,INPROC_063318,1,10,draw,draw,60,60,6,♣,finished,2026-05-18T16:06:44.498128+00:00
5331,INPROC_0211D0,1,10,team1,Team 1 (N/S),68,52,31,♠,finished,2026-05-18T16:06:44.506954+00:00
5332,INPROC_BBD12E,1,10,team1,Team 1 (N/S),68,52,23,♥,finished,2026-05-18T16:06:44.520755+00:00
5333,INPROC_53C99E,1,10,team2,Team 2 (E/W),33,87,27,♥,finished,2026-05-18T16:06:44.530178+00:00
5334,INPROC_8AAE6F,1,10,team1,Team 1 (N/S),100,20,7,♣,finished,2026-05-18T16:06:44.543533+00:00
5335,INPROC_4FB601,1,10,team2,Team 2 (E/W),0,120,28,♥,finished,2026-05-18T16:06:44.559297+00:00
5336,INPROC_597A27,1,10,draw,draw,60,60,21,♥,finished,2026-05-18T16:06:44.574477+00:00
5337,INPROC_938A98,1,10,team1,Team 1 (N/S),88,32,28,♥,finished,2026-05-18T16:06:44.586578+00:00
5338,INPROC_1A5968,1,10,team2,Team 2 (E/W),52,68,4,♣,finished,2026-05-18T16:06:44.600303+00:00
5339,INPROC_72FEFA,1,10,team1,Team 1 (N/S),62,58,34,♠,finished,2026-05-18T16:06:44.615917+00:00
5340,INPROC_A93FD9,1,10,team1,Team 1 (N/S),113,7,37,♠,finished,2026-05-18T16:06:44.633614+00:00
5341,INPROC_E78BB8,1,10,team2,Team 2 (E/W),50,70,23,♥,finished,2026-05-18T16:06:44.651896+00:00
5342,INPROC_DE38AB,1,10,team2,Team 2 (E/W),28,92,33,♠,finished,2026-05-18T16:06:44.667473+00:00
5343,INPROC_C9015C,1,10,team1,Team 1 (N/S),97,23,0,♣,finished,2026-05-18T16:06:44.685484+00:00
5344,INPROC_076A09,1,10,team2,Team 2 (E/W),58,62,18,♦,finished,2026-05-18T16:06:44.694471+00:00
5345,INPROC_F32E13,1,10,team1,Team 1 (N/S),62,58,23,♥,finished,2026-05-18T16:06:44.704300+00:00
5346,INPROC_C42F12,1,10,team2,Team 2 (E/W),47,73,15,♦,finished,2026-05-18T16:06:44.716430+00:00
5347,INPROC_651283,1,10,team2,Team 2 (E/W),36,84,38,♠,finished,2026-05-18T16:06:44.729971+00:00
5348,INPROC_B3F72D,1,10,team1,Team 1 (N/S),82,38,35,♠,finished,2026-05-18T16:06:44.745679+00:00
5349,INPROC_131F75,1,10,team1,Team 1 (N/S),85,35,36,♠,finished,2026-05-18T16:06:44.762275+00:00
5350,INPROC_C583A6,1,10,team1,Team 1 (N/S),89,31,28,♥,finished,2026-05-18T16:06:44.779366+00:00
5351,INPROC_05003A,1,10,team1,Team 1 (N/S),84,36,1,♣,finished,2026-05-18T16:06:44.794191+00:00
5352,INPROC_85E6FB,1,10,team2,Team 2 (E/W),34,86,15,♦,finished,2026-05-18T16:06:44.808183+00:00
5353,INPROC_802843,1,10,team1,Team 1 (N/S),74,46,24,♥,finished,2026-05-18T16:06:44.822585+00:00
5354,INPROC_C8642B,1,10,team2,Team 2 (E/W),56,64,15,♦,finished,2026-05-18T16:06:44.832228+00:00
5355,INPROC_82B9A9,1,10,team2,Team 2 (E/W),47,73,39,♠,finished,2026-05-18T16:06:44.840860+00:00
5356,INPROC_E79171,1,10,team1,Team 1 (N/S),78,42,15,♦,finished,2026-05-18T16:06:44.854986+00:00
5357,INPROC_96E9D7,1,10,team1,Team 1 (N/S),72,48,26,♥,finished,2026-05-18T16:06:44.869454+00:00
5358,INPROC_CEFCE6,1,10,team2,Team 2 (E/W),30,90,27,♥,finished,2026-05-18T16:06:44.883182+00:00
5359,INPROC_A12B4D,1,10,team1,Team 1 (N/S),106,14,20,♥,finished,2026-05-18T16:06:44.891362+00:00
5360,INPROC_DE2827,1,10,team1,Team 1 (N/S),91,29,33,♠,finished,2026-05-18T16:06:44.900476+00:00
5361,INPROC_A4BA37,1,10,team2,Team 2 (E/W),59,61,33,♠,finished,2026-05-18T16:06:44.909150+00:00
5362,INPROC_1F3AF6,1,10,team2,Team 2 (E/W),49,71,9,♣,finished,2026-05-18T16:06:44.917214+00:00
5363,INPROC_476E37,1,10,team2,Team 2 (E/W),12,108,19,♦,finished,2026-05-18T16:06:44.935763+00:00
5364,INPROC_46D382,1,10,team2,Team 2 (E/W),55,65,4,♣,finished,2026-05-18T16:06:44.955257+00:00
5365,INPROC_DDC859,1,10,team2,Team 2 (E/W),24,96,13,♦,finished,2026-05-18T16:06:44.974209+00:00
5366,INPROC_B54A94,1,10,team2,Team 2 (E/W),17,103,0,♣,finished,2026-05-18T16:06:44.990789+00:00
5367,INPROC_D6BF63,1,10,team2,Team 2 (E/W),27,93,27,♥,finished,2026-05-18T16:06:44.999336+00:00
5368,INPROC_B55E0D,1,10,team2,Team 2 (E/W),51,69,19,♦,finished,2026-05-18T16:06:45.007887+00:00
5369,INPROC_42F519,1,10,team2,Team 2 (E/W),21,99,11,♦,finished,2026-05-18T16:06:45.015537+00:00
5370,INPROC_AA974C,1,10,team2,Team 2 (E/W),50,70,0,♣,finished,2026-05-18T16:06:45.023869+00:00
5371,INPROC_FE28B0,1,10,team2,Team 2 (E/W),55,65,5,♣,finished,2026-05-18T16:06:45.041545+00:00
5372,INPROC_4ADEB2,1,10,team2,Team 2 (E/W),39,81,19,♦,finished,2026-05-18T16:06:45.057815+00:00
5373,INPROC_B14CB9,1,10,team1,Team 1 (N/S),69,51,30,♠,finished,2026-05-18T16:06:45.065655+00:00
5374,INPROC_71B0EF,1,10,team2,Team 2 (E/W),22,98,9,♣,finished,2026-05-18T16:06:45.082585+00:00
5375,INPROC_2132B6,1,10,team1,Team 1 (N/S),86,34,22,♥,finished,2026-05-18T16:06:45.091977+00:00
5376,INPROC_22D17F,1,10,team2,Team 2 (E/W),50,70,6,♣,finished,2026-05-18T16:06:45.107281+00:00
5377,INPROC_3BD703,1,10,team2,Team 2 (E/W),39,81,37,♠,finished,2026-05-18T16:06:45.118772+00:00
5378,INPROC_95DDDA,1,10,team2,Team 2 (E/W),32,88,36,♠,finished,2026-05-18T16:06:45.130722+00:00
5379,INPROC_440C77,1,10,team2,Team 2 (E/W),11,109,36,♠,finished,2026-05-18T16:06:45.141738+00:00
5380,INPROC_D65383,1,10,team2,Team 2 (E/W),34,86,39,♠,finished,2026-05-18T16:06:45.153711+00:00
5381,INPROC_DBBEF4,1,10,team2,Team 2 (E/W),32,88,10,♦,finished,2026-05-18T16:06:45.164071+00:00
5382,INPROC_AB02D8,1,10,team1,Team 1 (N/S),92,28,7,♣,finished,2026-05-18T16:06:45.175408+00:00
5383,INPROC_42AE73,1,10,team2,Team 2 (E/W),53,67,30,♠,finished,2026-05-18T16:06:45.185077+00:00
5384,INPROC_694B03,1,10,team2,Team 2 (E/W),46,74,9,♣,finished,2026-05-18T16:06:45.194178+00:00
5385,INPROC_26E6F4,1,10,team2,Team 2 (E/W),51,69,26,♥,finished,2026-05-18T16:06:45.202253+00:00
5386,INPROC_4735E0,1,10,team1,Team 1 (N/S),94,26,12,♦,finished,2026-05-18T16:06:45.210359+00:00
5387,INPROC_901D35,1,10,team1,Team 1 (N/S),81,39,27,♥,finished,2026-05-18T16:06:45.218638+00:00
5388,INPROC_6529A7,1,10,team2,Team 2 (E/W),38,82,6,♣,finished,2026-05-18T16:06:45.229978+00:00
5389,INPROC_CC30AE,1,10,team2,Team 2 (E/W),20,100,15,♦,finished,2026-05-18T16:06:45.237937+00:00
5390,INPROC_78797C,1,10,team2,Team 2 (E/W),42,78,8,♣,finished,2026-05-18T16:06:45.246992+00:00
5391,INPROC_2C1FF4,1,10,team1,Team 1 (N/S),83,37,1,♣,finished,2026-05-18T16:06:45.255334+00:00
5392,INPROC_756E7A,1,10,team2,Team 2 (E/W),21,99,15,♦,finished,2026-05-18T16:06:45.263189+00:00
5393,INPROC_DEDA4E,1,10,team1,Team 1 (N/S),74,46,36,♠,finished,2026-05-18T16:06:45.272218+00:00
5394,INPROC_93482B,1,10,team1,Team 1 (N/S),87,33,32,♠,finished,2026-05-18T16:06:45.282161+00:00
5395,INPROC_F2ADBB,1,10,team2,Team 2 (E/W),35,85,10,♦,finished,2026-05-18T16:06:45.290075+00:00
5396,INPROC_EF116F,1,10,team1,Team 1 (N/S),61,59,9,♣,finished,2026-05-18T16:06:45.297670+00:00
5397,INPROC_3615A5,1,10,team1,Team 1 (N/S),61,59,14,♦,finished,2026-05-18T16:06:45.309330+00:00
5398,INPROC_DBCAB5,1,10,team2,Team 2 (E/W),52,68,9,♣,finished,2026-05-18T16:06:45.328388+00:00
5399,INPROC_12E806,1,10,team2,Team 2 (E/W),44,76,18,♦,finished,2026-05-18T16:06:45.350148+00:00
5400,INPROC_E45353,1,10,team2,Team 2 (E/W),48,72,4,♣,finished,2026-05-18T16:06:45.369037+00:00
5401,INPROC_6B6B84,1,10,team2,Team 2 (E/W),32,88,25,♥,finished,2026-05-18T16:06:45.386441+00:00
5402,INPROC_F9C3BE,1,10,team2,Team 2 (E/W),48,72,5,♣,finished,2026-05-18T16:06:45.407621+00:00
5403,INPROC_2DD71C,1,10,team2,Team 2 (E/W),22,98,34,♠,finished,2026-05-18T16:06:45.420508+00:00
5404,INPROC_626427,1,10,team2,Team 2 (E/W),0,120,4,♣,finished,2026-05-18T16:06:45.438618+00:00
5405,INPROC_6E62F7,1,10,team2,Team 2 (E/W),39,81,30,♠,finished,2026-05-18T16:06:45.454637+00:00
5406,INPROC_A452DF,1,10,team2,Team 2 (E/W),22,98,38,♠,finished,2026-05-18T16:06:45.469258+00:00
5407,INPROC_A2DFDA,1,10,team1,Team 1 (N/S),80,40,30,♠,finished,2026-05-18T16:06:45.478981+00:00
5408,INPROC_35DD3B,1,10,team2,Team 2 (E/W),35,85,13,♦,finished,2026-05-18T16:06:45.492757+00:00
5409,INPROC_90BC99,1,10,team1,Team 1 (N/S),64,56,17,♦,finished,2026-05-18T16:06:45.503025+00:00
5410,INPROC_F8B899,1,10,team1,Team 1 (N/S),97,23,14,♦,finished,2026-05-18T16:06:45.518874+00:00
5411,INPROC_EF5259,1,10,team1,Team 1 (N/S),98,22,20,♥,finished,2026-05-18T16:06:45.535425+00:00
5412,INPROC_B12D13,1,10,draw,draw,60,60,29,♥,finished,2026-05-18T16:06:45.552196+00:00
5413,INPROC_418F89,1,10,team2,Team 2 (E/W),42,78,18,♦,finished,2026-05-18T16:06:45.567266+00:00
5414,INPROC_57F091,1,10,team1,Team 1 (N/S),65,55,7,♣,finished,2026-05-18T16:06:45.583999+00:00
5415,INPROC_E73EA4,1,10,team2,Team 2 (E/W),38,82,39,♠,finished,2026-05-18T16:06:45.601627+00:00
5416,INPROC_4FD471,1,10,team1,Team 1 (N/S),61,59,25,♥,finished,2026-05-18T16:06:45.618808+00:00
5417,INPROC_DCA1B7,1,10,team1,Team 1 (N/S),66,54,21,♥,finished,2026-05-18T16:06:45.634338+00:00
5418,INPROC_BF1A7E,1,10,team1,Team 1 (N/S),105,15,21,♥,finished,2026-05-18T16:06:45.648777+00:00
5419,INPROC_194B1A,1,10,team2,Team 2 (E/W),54,66,17,♦,finished,2026-05-18T16:06:45.663952+00:00
5420,INPROC_7A0808,1,10,team2,Team 2 (E/W),19,101,38,♠,finished,2026-05-18T16:06:45.679258+00:00
5421,INPROC_91AE08,1,10,team2,Team 2 (E/W),53,67,37,♠,finished,2026-05-18T16:06:45.695299+00:00
5422,INPROC_CC9E65,1,10,team2,Team 2 (E/W),57,63,39,♠,finished,2026-05-18T16:06:45.710772+00:00
5423,INPROC_6DA6FC,1,10,team2,Team 2 (E/W),54,66,21,♥,finished,2026-05-18T16:06:45.738277+00:00
5424,INPROC_7FD90E,1,10,team2,Team 2 (E/W),50,70,39,♠,finished,2026-05-18T16:06:45.755072+00:00
5425,INPROC_2F7A04,1,10,team2,Team 2 (E/W),40,80,30,♠,finished,2026-05-18T16:06:45.773202+00:00
5426,INPROC_6EC47B,1,10,team2,Team 2 (E/W),12,108,37,♠,finished,2026-05-18T16:06:45.791105+00:00
5427,INPROC_71227A,1,10,team2,Team 2 (E/W),45,75,1,♣,finished,2026-05-18T16:06:45.807732+00:00
5428,INPROC_66BAEA,1,10,team1,Team 1 (N/S),101,19,5,♣,finished,2026-05-18T16:06:45.826465+00:00
5429,INPROC_06265E,1,10,team2,Team 2 (E/W),39,81,16,♦,finished,2026-05-18T16:06:45.841324+00:00
5430,INPROC_16A865,1,10,team1,Team 1 (N/S),74,46,39,♠,finished,2026-05-18T16:06:45.852881+00:00
5431,INPROC_CAE75A,1,10,team2,Team 2 (E/W),53,67,9,♣,finished,2026-05-18T16:06:45.869969+00:00
5432,INPROC_911AAD,1,10,team2,Team 2 (E/W),27,93,8,♣,finished,2026-05-18T16:06:45.879271+00:00
5433,INPROC_C601CB,1,10,team1,Team 1 (N/S),100,20,34,♠,finished,2026-05-18T16:06:45.895835+00:00
5434,INPROC_62CE8D,1,10,team2,Team 2 (E/W),45,75,14,♦,finished,2026-05-18T16:06:45.913610+00:00
5435,INPROC_47B81D,1,10,team2,Team 2 (E/W),43,77,33,♠,finished,2026-05-18T16:06:45.927209+00:00
5436,INPROC_8195BC,1,10,team2,Team 2 (E/W),21,99,36,♠,finished,2026-05-18T16:06:45.943369+00:00
5437,INPROC_5D180C,1,10,team1,Team 1 (N/S),82,38,28,♥,finished,2026-05-18T16:06:45.957527+00:00
5438,INPROC_A34CBD,1,10,team2,Team 2 (E/W),31,89,2,♣,finished,2026-05-18T16:06:45.972260+00:00
5439,INPROC_06DC02,1,10,team1,Team 1 (N/S),62,58,37,♠,finished,2026-05-18T16:06:45.984057+00:00
5440,INPROC_C68CA9,1,10,team2,Team 2 (E/W),52,68,33,♠,finished,2026-05-18T16:06:45.999392+00:00
5441,INPROC_54281C,1,10,team1,Team 1 (N/S),94,26,24,♥,finished,2026-05-18T16:06:46.019377+00:00
5442,INPROC_C08F48,1,10,team2,Team 2 (E/W),22,98,25,♥,finished,2026-05-18T16:06:46.038929+00:00
5443,INPROC_71CA68,1,10,team1,Team 1 (N/S),71,49,2,♣,finished,2026-05-18T16:06:46.058900+00:00
5444,INPROC_875370,1,10,team2,Team 2 (E/W),6,114,35,♠,finished,2026-05-18T16:06:46.075304+00:00
5445,INPROC_29C094,1,10,team2,Team 2 (E/W),27,93,23,♥,finished,2026-05-18T16:06:46.089572+00:00
5446,INPROC_E09DFD,1,10,team1,Team 1 (N/S),73,47,19,♦,finished,2026-05-18T16:06:46.102433+00:00
5447,INPROC_C22B6B,1,10,team2,Team 2 (E/W),35,85,24,♥,finished,2026-05-18T16:06:46.119377+00:00
5448,INPROC_4C1259,1,10,team1,Team 1 (N/S),105,15,32,♠,finished,2026-05-18T16:06:46.134347+00:00
5449,INPROC_C60EDE,1,10,team2,Team 2 (E/W),36,84,24,♥,finished,2026-05-18T16:06:46.145788+00:00
5450,INPROC_03B887,1,10,team2,Team 2 (E/W),22,98,13,♦,finished,2026-05-18T16:06:46.161467+00:00
5451,INPROC_DC0489,1,10,team1,Team 1 (N/S),83,37,5,♣,finished,2026-05-18T16:06:46.180523+00:00
5452,INPROC_EC1DFA,1,10,team1,Team 1 (N/S),109,11,24,♥,finished,2026-05-18T16:06:46.198191+00:00
5453,INPROC_0FEA5D,1,10,team2,Team 2 (E/W),30,90,14,♦,finished,2026-05-18T16:06:46.215492+00:00
5454,INPROC_CC6A3F,1,10,team1,Team 1 (N/S),71,49,11,♦,finished,2026-05-18T16:06:46.231881+00:00
5455,INPROC_3ECAFF,1,10,team2,Team 2 (E/W),30,90,21,♥,finished,2026-05-18T16:06:46.247447+00:00
5456,INPROC_C1BCF2,1,10,team2,Team 2 (E/W),23,97,10,♦,finished,2026-05-18T16:06:46.260498+00:00
5457,INPROC_EF1D11,1,10,team1,Team 1 (N/S),81,39,28,♥,finished,2026-05-18T16:06:46.275604+00:00
5458,INPROC_92D38A,1,10,team1,Team 1 (N/S),108,12,17,♦,finished,2026-05-18T16:06:46.293529+00:00
5459,INPROC_5BEFD2,1,10,team1,Team 1 (N/S),102,18,2,♣,finished,2026-05-18T16:06:46.312264+00:00
5460,INPROC_97AC8D,1,10,team1,Team 1 (N/S),78,42,17,♦,finished,2026-05-18T16:06:46.334541+00:00
5461,INPROC_0DD9BC,1,10,team2,Team 2 (E/W),37,83,12,♦,finished,2026-05-18T16:06:46.355059+00:00
5462,INPROC_8FBDB9,1,10,team2,Team 2 (E/W),44,76,18,♦,finished,2026-05-18T16:06:46.373941+00:00
5463,INPROC_24B913,1,10,team1,Team 1 (N/S),67,53,0,♣,finished,2026-05-18T16:06:46.395069+00:00
5464,INPROC_A9A827,1,10,team2,Team 2 (E/W),54,66,16,♦,finished,2026-05-18T16:06:46.414657+00:00
5465,INPROC_8B01A7,1,10,team1,Team 1 (N/S),89,31,6,♣,finished,2026-05-18T16:06:46.435574+00:00
5466,INPROC_87E548,1,10,team1,Team 1 (N/S),63,57,0,♣,finished,2026-05-18T16:06:46.451822+00:00
5467,INPROC_9705BA,1,10,team2,Team 2 (E/W),53,67,38,♠,finished,2026-05-18T16:06:46.467821+00:00
5468,INPROC_DEB999,1,10,team1,Team 1 (N/S),61,59,29,♥,finished,2026-05-18T16:06:46.482820+00:00
5469,INPROC_23B246,1,10,team2,Team 2 (E/W),37,83,22,♥,finished,2026-05-18T16:06:46.499874+00:00
5470,INPROC_601F00,1,10,team1,Team 1 (N/S),71,49,21,♥,finished,2026-05-18T16:06:46.519420+00:00
5471,INPROC_939803,1,10,team1,Team 1 (N/S),69,51,17,♦,finished,2026-05-18T16:06:46.537466+00:00
5472,INPROC_C1C95E,1,10,team1,Team 1 (N/S),101,19,27,♥,finished,2026-05-18T16:06:46.553147+00:00
5473,INPROC_3991E8,1,10,team1,Team 1 (N/S),82,38,19,♦,finished,2026-05-18T16:06:46.569985+00:00
5474,INPROC_B661C9,1,10,team2,Team 2 (E/W),49,71,24,♥,finished,2026-05-18T16:06:46.586857+00:00
5475,INPROC_134089,1,10,team1,Team 1 (N/S),77,43,6,♣,finished,2026-05-18T16:06:46.603647+00:00
5476,INPROC_27C985,1,10,team2,Team 2 (E/W),50,70,17,♦,finished,2026-05-18T16:06:46.621785+00:00
5477,INPROC_8C669F,1,10,team1,Team 1 (N/S),71,49,31,♠,finished,2026-05-18T16:06:46.637025+00:00
5478,INPROC_CCD360,1,10,team1,Team 1 (N/S),88,32,2,♣,finished,2026-05-18T16:06:46.652917+00:00
5479,INPROC_2BE3A7,1,10,team2,Team 2 (E/W),41,79,34,♠,finished,2026-05-18T16:06:46.665723+00:00
5480,INPROC_B7CC51,1,10,team2,Team 2 (E/W),46,74,3,♣,finished,2026-05-18T16:06:46.681198+00:00
5481,INPROC_BCDF00,1,10,team2,Team 2 (E/W),44,76,7,♣,finished,2026-05-18T16:06:46.698566+00:00
5482,INPROC_815DCC,1,10,team1,Team 1 (N/S),73,47,4,♣,finished,2026-05-18T16:06:46.716887+00:00
5483,INPROC_8BB300,1,10,team2,Team 2 (E/W),18,102,12,♦,finished,2026-05-18T16:06:46.735172+00:00
5484,INPROC_782FA6,1,10,team2,Team 2 (E/W),28,92,4,♣,finished,2026-05-18T16:06:46.753184+00:00
5485,INPROC_982CB2,1,10,team1,Team 1 (N/S),64,56,25,♥,finished,2026-05-18T16:06:46.772994+00:00
5486,INPROC_EA7A99,1,10,team2,Team 2 (E/W),43,77,3,♣,finished,2026-05-18T16:06:46.791320+00:00
5487,INPROC_77B7E5,1,10,team1,Team 1 (N/S),76,44,6,♣,finished,2026-05-18T16:06:46.810628+00:00
5488,INPROC_8C936E,1,10,team2,Team 2 (E/W),53,67,19,♦,finished,2026-05-18T16:06:46.828685+00:00
5489,INPROC_530C7F,1,10,team2,Team 2 (E/W),39,81,38,♠,finished,2026-05-18T16:06:46.847418+00:00
5490,INPROC_71D45F,1,10,team2,Team 2 (E/W),49,71,7,♣,finished,2026-05-18T16:06:46.866254+00:00
5491,INPROC_54F53A,1,10,team2,Team 2 (E/W),34,86,0,♣,finished,2026-05-18T16:06:46.881973+00:00
5492,INPROC_42D828,1,10,team2,Team 2 (E/W),14,106,2,♣,finished,2026-05-18T16:06:46.894324+00:00
5493,INPROC_759A7E,1,10,team2,Team 2 (E/W),43,77,36,♠,finished,2026-05-18T16:06:46.909210+00:00
5494,INPROC_51C997,1,10,team2,Team 2 (E/W),32,88,1,♣,finished,2026-05-18T16:06:46.925965+00:00
5495,INPROC_E0D7F0,1,10,team2,Team 2 (E/W),53,67,12,♦,finished,2026-05-18T16:06:46.943308+00:00
5496,INPROC_608A18,1,10,team2,Team 2 (E/W),2,118,36,♠,finished,2026-05-18T16:06:46.957954+00:00
5497,INPROC_63FC1A,1,10,team1,Team 1 (N/S),113,7,21,♥,finished,2026-05-18T16:06:46.975077+00:00
5498,INPROC_1A5DEE,1,10,team2,Team 2 (E/W),43,77,16,♦,finished,2026-05-18T16:06:46.991816+00:00
5499,INPROC_7366BA,1,10,team1,Team 1 (N/S),75,45,6,♣,finished,2026-05-18T16:06:47.006847+00:00
5500,INPROC_5805EF,1,10,team2,Team 2 (E/W),37,83,25,♥,finished,2026-05-18T16:06:47.021519+00:00
5501,INPROC_16FF26,1,10,team1,Team 1 (N/S),62,58,33,♠,finished,2026-05-18T16:06:47.036433+00:00
5502,INPROC_84BD0F,1,10,team2,Team 2 (E/W),46,74,32,♠,finished,2026-05-18T16:06:47.055586+00:00
5503,INPROC_2E336A,1,10,team2,Team 2 (E/W),51,69,36,♠,finished,2026-05-18T16:06:47.072486+00:00
5504,INPROC_0997AC,1,10,team1,Team 1 (N/S),72,48,7,♣,finished,2026-05-18T16:06:47.089869+00:00
5505,INPROC_4D7313,1,10,team2,Team 2 (E/W),30,90,32,♠,finished,2026-05-18T16:06:47.108669+00:00
5506,INPROC_7D169E,1,10,team2,Team 2 (E/W),23,97,18,♦,finished,2026-05-18T16:06:47.123381+00:00
5507,INPROC_DC9576,1,10,team2,Team 2 (E/W),40,80,12,♦,finished,2026-05-18T16:06:47.139766+00:00
5508,INPROC_CA80E3,1,10,team2,Team 2 (E/W),15,105,16,♦,finished,2026-05-18T16:06:47.157231+00:00
5509,INPROC_3068F9,1,10,team2,Team 2 (E/W),40,80,19,♦,finished,2026-05-18T16:06:47.173558+00:00
5510,INPROC_A8B11B,1,10,draw,draw,60,60,19,♦,finished,2026-05-18T16:06:47.189985+00:00
5511,INPROC_7DE93B,1,10,team2,Team 2 (E/W),17,103,39,♠,finished,2026-05-18T16:06:47.206949+00:00
5512,INPROC_33ABC9,1,10,team2,Team 2 (E/W),34,86,12,♦,finished,2026-05-18T16:06:47.221296+00:00
5513,INPROC_8E81D7,1,10,team2,Team 2 (E/W),46,74,24,♥,finished,2026-05-18T16:06:47.235779+00:00
5514,INPROC_C7FA24,1,10,team2,Team 2 (E/W),15,105,30,♠,finished,2026-05-18T16:06:47.252967+00:00
5515,INPROC_3EAD7D,1,10,team1,Team 1 (N/S),90,30,32,♠,finished,2026-05-18T16:06:47.268451+00:00
5516,INPROC_3121F5,1,10,team1,Team 1 (N/S),87,33,33,♠,finished,2026-05-18T16:06:47.284281+00:00
5517,INPROC_E87454,1,10,team1,Team 1 (N/S),63,57,25,♥,finished,2026-05-18T16:06:47.300320+00:00
5518,INPROC_966366,1,10,team2,Team 2 (E/W),36,84,32,♠,finished,2026-05-18T16:06:47.314536+00:00
5519,INPROC_BBF9A7,1,10,team1,Team 1 (N/S),82,38,38,♠,finished,2026-05-18T16:06:47.329650+00:00
5520,INPROC_F69145,1,10,team2,Team 2 (E/W),22,98,1,♣,finished,2026-05-18T16:06:47.344344+00:00
5521,INPROC_EF35EE,1,10,team2,Team 2 (E/W),55,65,30,♠,finished,2026-05-18T16:06:47.361615+00:00
5522,INPROC_F4F971,1,10,team2,Team 2 (E/W),54,66,10,♦,finished,2026-05-18T16:06:47.374912+00:00
5523,INPROC_D71B8D,1,10,team1,Team 1 (N/S),68,52,23,♥,finished,2026-05-18T16:06:47.390647+00:00
5524,INPROC_77D39D,1,10,team2,Team 2 (E/W),47,73,22,♥,finished,2026-05-18T16:06:47.408216+00:00
5525,INPROC_B7AE81,1,10,team2,Team 2 (E/W),16,104,8,♣,finished,2026-05-18T16:06:47.426116+00:00
5526,INPROC_79AB64,1,10,team1,Team 1 (N/S),86,34,16,♦,finished,2026-05-18T16:06:47.443780+00:00
5527,INPROC_99FFB0,1,10,team1,Team 1 (N/S),75,45,14,♦,finished,2026-05-18T16:06:47.461869+00:00
5528,INPROC_A0BBA5,1,10,team1,Team 1 (N/S),74,46,25,♥,finished,2026-05-18T16:06:47.478736+00:00
5529,INPROC_F31B81,1,10,team1,Team 1 (N/S),77,43,16,♦,finished,2026-05-18T16:06:47.497013+00:00
5530,INPROC_B0C754,1,10,team1,Team 1 (N/S),61,59,1,♣,finished,2026-05-18T16:06:47.509296+00:00
5531,INPROC_F33B6D,1,10,team2,Team 2 (E/W),49,71,28,♥,finished,2026-05-18T16:06:47.523335+00:00
5532,INPROC_C59348,1,10,team1,Team 1 (N/S),94,26,12,♦,finished,2026-05-18T16:06:47.537928+00:00
5533,INPROC_7D8C4F,1,10,team1,Team 1 (N/S),66,54,26,♥,finished,2026-05-18T16:06:47.552712+00:00
5534,INPROC_71486E,1,10,team1,Team 1 (N/S),62,58,18,♦,finished,2026-05-18T16:06:47.570283+00:00
5535,INPROC_E61935,1,10,team1,Team 1 (N/S),62,58,23,♥,finished,2026-05-18T16:06:47.586182+00:00
5536,INPROC_C67F1A,1,10,team1,Team 1 (N/S),87,33,16,♦,finished,2026-05-18T16:06:47.603208+00:00
5537,INPROC_773F8A,1,10,team2,Team 2 (E/W),20,100,21,♥,finished,2026-05-18T16:06:47.618610+00:00
5538,INPROC_AEBC88,1,10,team2,Team 2 (E/W),28,92,28,♥,finished,2026-05-18T16:06:47.634660+00:00
5539,INPROC_1C7EDE,1,10,team1,Team 1 (N/S),68,52,36,♠,finished,2026-05-18T16:06:47.656893+00:00
5540,INPROC_88787B,1,10,team2,Team 2 (E/W),50,70,28,♥,finished,2026-05-18T16:06:47.694676+00:00
5541,INPROC_848322,1,10,team1,Team 1 (N/S),61,59,27,♥,finished,2026-05-18T16:06:47.725845+00:00
5542,INPROC_0728BA,1,10,team1,Team 1 (N/S),90,30,37,♠,finished,2026-05-18T16:06:47.741764+00:00
5543,INPROC_AEE03C,1,10,team1,Team 1 (N/S),75,45,3,♣,finished,2026-05-18T16:06:47.763571+00:00
5544,INPROC_B6488C,1,10,team2,Team 2 (E/W),59,61,26,♥,finished,2026-05-18T16:06:47.780716+00:00
5545,INPROC_65B1D8,1,10,team2,Team 2 (E/W),45,75,7,♣,finished,2026-05-18T16:06:47.797608+00:00
5546,INPROC_A0B784,1,10,team1,Team 1 (N/S),69,51,7,♣,finished,2026-05-18T16:06:47.808292+00:00
5547,INPROC_5F52D5,1,10,team2,Team 2 (E/W),3,117,13,♦,finished,2026-05-18T16:06:47.821376+00:00
5548,INPROC_0CB449,1,10,team1,Team 1 (N/S),63,57,0,♣,finished,2026-05-18T16:06:47.835408+00:00
5549,INPROC_A46B76,1,10,team1,Team 1 (N/S),80,40,17,♦,finished,2026-05-18T16:06:47.849789+00:00
5550,INPROC_B77B66,1,10,team1,Team 1 (N/S),62,58,27,♥,finished,2026-05-18T16:06:47.866082+00:00
5551,INPROC_68CC7E,1,10,team2,Team 2 (E/W),47,73,17,♦,finished,2026-05-18T16:06:47.881867+00:00
5552,INPROC_6231D1,1,10,draw,draw,60,60,39,♠,finished,2026-05-18T16:06:47.897075+00:00
5553,INPROC_F11965,1,10,team2,Team 2 (E/W),36,84,29,♥,finished,2026-05-18T16:06:47.911095+00:00
5554,INPROC_4DDF17,1,10,team2,Team 2 (E/W),31,89,26,♥,finished,2026-05-18T16:06:47.928677+00:00
5555,INPROC_F5400D,1,10,team1,Team 1 (N/S),76,44,24,♥,finished,2026-05-18T16:06:47.944589+00:00
5556,INPROC_CD02FC,1,10,team2,Team 2 (E/W),47,73,27,♥,finished,2026-05-18T16:06:47.961009+00:00
5557,INPROC_038DA5,1,10,team1,Team 1 (N/S),74,46,24,♥,finished,2026-05-18T16:06:47.977274+00:00
5558,INPROC_C79E12,1,10,team1,Team 1 (N/S),78,42,23,♥,finished,2026-05-18T16:06:47.993647+00:00
5559,INPROC_E0ED78,1,10,team1,Team 1 (N/S),105,15,34,♠,finished,2026-05-18T16:06:48.008825+00:00
5560,INPROC_A24695,1,10,team1,Team 1 (N/S),90,30,23,♥,finished,2026-05-18T16:06:48.025889+00:00
5561,INPROC_EE73E3,1,10,team2,Team 2 (E/W),46,74,26,♥,finished,2026-05-18T16:06:48.041569+00:00
5562,INPROC_73340D,1,10,team2,Team 2 (E/W),52,68,3,♣,finished,2026-05-18T16:06:48.059071+00:00
5563,INPROC_1246C0,1,10,team1,Team 1 (N/S),61,59,35,♠,finished,2026-05-18T16:06:48.075312+00:00
5564,INPROC_2C9DAB,1,10,team2,Team 2 (E/W),23,97,8,♣,finished,2026-05-18T16:06:48.089421+00:00
5565,INPROC_63AA7F,1,10,team2,Team 2 (E/W),45,75,20,♥,finished,2026-05-18T16:06:48.102520+00:00
5566,INPROC_63C2F4,1,10,team2,Team 2 (E/W),13,107,14,♦,finished,2026-05-18T16:06:48.119050+00:00
5567,INPROC_2BB932,1,10,team2,Team 2 (E/W),44,76,39,♠,finished,2026-05-18T16:06:48.133452+00:00
5568,INPROC_26E352,1,10,team1,Team 1 (N/S),68,52,3,♣,finished,2026-05-18T16:06:48.146360+00:00
5569,INPROC_5BC19A,1,10,team2,Team 2 (E/W),54,66,8,♣,finished,2026-05-18T16:06:48.161819+00:00
5570,INPROC_945536,1,10,team1,Team 1 (N/S),61,59,15,♦,finished,2026-05-18T16:06:48.174373+00:00
5571,INPROC_D10F74,1,10,team2,Team 2 (E/W),32,88,25,♥,finished,2026-05-18T16:06:48.190594+00:00
5572,INPROC_C29FF4,1,10,team1,Team 1 (N/S),75,45,2,♣,finished,2026-05-18T16:06:48.205772+00:00
5573,INPROC_56C619,1,10,team1,Team 1 (N/S),83,37,37,♠,finished,2026-05-18T16:06:48.223955+00:00
5574,INPROC_B06945,1,10,team1,Team 1 (N/S),67,53,17,♦,finished,2026-05-18T16:06:48.239994+00:00
5575,INPROC_F52761,1,10,team1,Team 1 (N/S),78,42,25,♥,finished,2026-05-18T16:06:48.251023+00:00
5576,INPROC_7694CE,1,10,team1,Team 1 (N/S),95,25,34,♠,finished,2026-05-18T16:06:48.260269+00:00
5577,INPROC_4C31E2,1,10,team2,Team 2 (E/W),33,87,19,♦,finished,2026-05-18T16:06:48.277344+00:00
5578,INPROC_6ADB27,1,10,team1,Team 1 (N/S),81,39,22,♥,finished,2026-05-18T16:06:48.290488+00:00
5579,INPROC_81D222,1,10,team1,Team 1 (N/S),82,38,37,♠,finished,2026-05-18T16:06:48.304276+00:00
5580,INPROC_1BF8F5,1,10,draw,draw,60,60,12,♦,finished,2026-05-18T16:06:48.314639+00:00
5581,INPROC_B8A270,1,10,team2,Team 2 (E/W),37,83,2,♣,finished,2026-05-18T16:06:48.326206+00:00
5582,INPROC_2FF867,1,10,team1,Team 1 (N/S),103,17,28,♥,finished,2026-05-18T16:06:48.337272+00:00
5583,INPROC_46F200,1,10,team2,Team 2 (E/W),58,62,30,♠,finished,2026-05-18T16:06:48.349509+00:00
5584,INPROC_52CEE3,1,10,team2,Team 2 (E/W),32,88,24,♥,finished,2026-05-18T16:06:48.361329+00:00
5585,INPROC_4F844E,1,10,team2,Team 2 (E/W),15,105,0,♣,finished,2026-05-18T16:06:48.373197+00:00
5586,INPROC_32B65B,1,10,team2,Team 2 (E/W),38,82,31,♠,finished,2026-05-18T16:06:48.388865+00:00
5587,INPROC_6E683B,1,10,draw,draw,60,60,19,♦,finished,2026-05-18T16:06:48.407551+00:00
5588,INPROC_89EE48,1,10,team2,Team 2 (E/W),31,89,3,♣,finished,2026-05-18T16:06:48.422632+00:00
5589,INPROC_24DE8C,1,10,team1,Team 1 (N/S),111,9,15,♦,finished,2026-05-18T16:06:48.442279+00:00
5590,INPROC_1EC70E,1,10,team2,Team 2 (E/W),58,62,24,♥,finished,2026-05-18T16:06:48.452261+00:00
5591,INPROC_BD720F,1,10,team1,Team 1 (N/S),63,57,15,♦,finished,2026-05-18T16:06:48.462571+00:00
5592,INPROC_22E4D9,1,10,team1,Team 1 (N/S),77,43,14,♦,finished,2026-05-18T16:06:48.471713+00:00
5593,INPROC_498B2F,1,10,team2,Team 2 (E/W),50,70,8,♣,finished,2026-05-18T16:06:48.480601+00:00
5594,INPROC_D3AF3A,1,10,team1,Team 1 (N/S),75,45,3,♣,finished,2026-05-18T16:06:48.489396+00:00
5595,INPROC_14FE01,1,10,team1,Team 1 (N/S),87,33,17,♦,finished,2026-05-18T16:06:48.500306+00:00
5596,INPROC_C50FC0,1,10,team2,Team 2 (E/W),8,112,0,♣,finished,2026-05-18T16:06:48.519147+00:00
5597,INPROC_F0395C,1,10,team2,Team 2 (E/W),18,102,7,♣,finished,2026-05-18T16:06:48.537193+00:00
5598,INPROC_0EA8E9,1,10,team2,Team 2 (E/W),47,73,39,♠,finished,2026-05-18T16:06:48.556924+00:00
5599,INPROC_9CCCD5,1,10,team2,Team 2 (E/W),51,69,26,♥,finished,2026-05-18T16:06:48.575255+00:00
5600,INPROC_486B4F,1,10,team2,Team 2 (E/W),43,77,38,♠,finished,2026-05-18T16:06:48.589222+00:00
5601,INPROC_E000B4,1,10,team1,Team 1 (N/S),82,38,38,♠,finished,2026-05-18T16:06:48.601790+00:00
5602,INPROC_C1150D,1,10,team1,Team 1 (N/S),91,29,5,♣,finished,2026-05-18T16:06:48.614586+00:00
5603,INPROC_F51F97,1,10,team2,Team 2 (E/W),49,71,29,♥,finished,2026-05-18T16:06:48.633868+00:00
5604,INPROC_FF4625,1,10,team1,Team 1 (N/S),77,43,25,♥,finished,2026-05-18T16:06:48.652138+00:00
5605,INPROC_7AF411,1,10,team2,Team 2 (E/W),41,79,33,♠,finished,2026-05-18T16:06:48.670966+00:00
5606,INPROC_D92968,1,10,team2,Team 2 (E/W),39,81,2,♣,finished,2026-05-18T16:06:48.690401+00:00
5607,INPROC_8A58A1,1,10,team1,Team 1 (N/S),66,54,12,♦,finished,2026-05-18T16:06:48.707507+00:00
5608,INPROC_BBBB65,1,10,team1,Team 1 (N/S),71,49,31,♠,finished,2026-05-18T16:06:48.716717+00:00
5609,INPROC_F96687,1,10,team1,Team 1 (N/S),89,31,22,♥,finished,2026-05-18T16:06:48.727194+00:00
5610,INPROC_D6F3C8,1,10,team2,Team 2 (E/W),11,109,7,♣,finished,2026-05-18T16:06:48.739049+00:00
5611,INPROC_7C7FBC,1,10,team2,Team 2 (E/W),49,71,38,♠,finished,2026-05-18T16:06:48.756484+00:00
5612,INPROC_47FF29,1,10,team2,Team 2 (E/W),0,120,19,♦,finished,2026-05-18T16:06:48.770431+00:00
5613,INPROC_0E0956,1,10,team2,Team 2 (E/W),46,74,15,♦,finished,2026-05-18T16:06:48.780063+00:00
5614,INPROC_48A358,1,10,team2,Team 2 (E/W),50,70,0,♣,finished,2026-05-18T16:06:48.791343+00:00
5615,INPROC_1838EE,1,10,team2,Team 2 (E/W),53,67,35,♠,finished,2026-05-18T16:06:48.806886+00:00
5616,INPROC_C9B689,1,10,team2,Team 2 (E/W),15,105,22,♥,finished,2026-05-18T16:06:48.827638+00:00
5617,INPROC_E86DDD,1,10,team2,Team 2 (E/W),59,61,35,♠,finished,2026-05-18T16:06:48.848927+00:00
5618,INPROC_2A48B8,1,10,team1,Team 1 (N/S),83,37,33,♠,finished,2026-05-18T16:06:48.865088+00:00
5619,INPROC_416CCC,1,10,team1,Team 1 (N/S),85,35,21,♥,finished,2026-05-18T16:06:48.880229+00:00
5620,INPROC_7EE6B8,1,10,team2,Team 2 (E/W),31,89,21,♥,finished,2026-05-18T16:06:48.890618+00:00
5621,INPROC_717D20,1,10,team1,Team 1 (N/S),77,43,26,♥,finished,2026-05-18T16:06:48.910018+00:00
5622,INPROC_235E74,1,10,team1,Team 1 (N/S),80,40,32,♠,finished,2026-05-18T16:06:48.924409+00:00
5623,INPROC_C00974,1,10,draw,draw,60,60,18,♦,finished,2026-05-18T16:06:48.942491+00:00
5624,INPROC_22926F,1,10,team1,Team 1 (N/S),95,25,16,♦,finished,2026-05-18T16:06:48.964851+00:00
5625,INPROC_7F811D,1,10,team1,Team 1 (N/S),65,55,4,♣,finished,2026-05-18T16:06:48.984856+00:00
5626,INPROC_D81336,1,10,draw,draw,60,60,25,♥,finished,2026-05-18T16:06:49.001308+00:00
5627,INPROC_2390E3,1,10,team2,Team 2 (E/W),54,66,21,♥,finished,2026-05-18T16:06:49.017898+00:00
5628,INPROC_D790FD,1,10,team1,Team 1 (N/S),65,55,28,♥,finished,2026-05-18T16:06:49.035200+00:00
5629,INPROC_6B3024,1,10,team1,Team 1 (N/S),99,21,15,♦,finished,2026-05-18T16:06:49.048002+00:00
5630,INPROC_FE6E76,1,10,team2,Team 2 (E/W),57,63,26,♥,finished,2026-05-18T16:06:49.058684+00:00
5631,INPROC_DEA6A7,1,10,team2,Team 2 (E/W),49,71,0,♣,finished,2026-05-18T16:06:49.068137+00:00
5632,INPROC_BD2ACB,1,10,team1,Team 1 (N/S),107,13,9,♣,finished,2026-05-18T16:06:49.078899+00:00
5633,INPROC_6572D1,1,10,team1,Team 1 (N/S),72,48,6,♣,finished,2026-05-18T16:06:49.096381+00:00
5634,INPROC_409BD1,1,10,team2,Team 2 (E/W),29,91,8,♣,finished,2026-05-18T16:06:49.111635+00:00
5635,INPROC_D52AE2,1,10,team2,Team 2 (E/W),27,93,15,♦,finished,2026-05-18T16:06:49.126086+00:00
5636,INPROC_E2DCCB,1,10,team2,Team 2 (E/W),5,115,10,♦,finished,2026-05-18T16:06:49.140360+00:00
5637,INPROC_1B0D07,1,10,team2,Team 2 (E/W),21,99,18,♦,finished,2026-05-18T16:06:49.156339+00:00
5638,INPROC_CA46EF,1,10,team1,Team 1 (N/S),86,34,11,♦,finished,2026-05-18T16:06:49.172208+00:00
5639,INPROC_F99D71,1,10,team1,Team 1 (N/S),90,30,1,♣,finished,2026-05-18T16:06:49.186446+00:00
5640,INPROC_33AEA0,1,10,team2,Team 2 (E/W),33,87,16,♦,finished,2026-05-18T16:06:49.202639+00:00
5641,INPROC_134BE6,1,10,team2,Team 2 (E/W),59,61,28,♥,finished,2026-05-18T16:06:49.217483+00:00
5642,INPROC_182048,1,10,draw,draw,60,60,27,♥,finished,2026-05-18T16:06:49.232835+00:00
5643,INPROC_1E570D,1,10,team2,Team 2 (E/W),13,107,38,♠,finished,2026-05-18T16:06:49.245806+00:00
5644,INPROC_2799EC,1,10,team2,Team 2 (E/W),36,84,19,♦,finished,2026-05-18T16:06:49.262970+00:00
5645,INPROC_AB4CDC,1,10,team2,Team 2 (E/W),53,67,39,♠,finished,2026-05-18T16:06:49.279075+00:00
5646,INPROC_4EB2E6,1,10,team2,Team 2 (E/W),13,107,34,♠,finished,2026-05-18T16:06:49.298674+00:00
5647,INPROC_17CAA6,1,10,team2,Team 2 (E/W),49,71,32,♠,finished,2026-05-18T16:06:49.309061+00:00
5648,INPROC_64B36E,1,10,team1,Team 1 (N/S),72,48,33,♠,finished,2026-05-18T16:06:49.322793+00:00
5649,INPROC_58A227,1,10,team1,Team 1 (N/S),104,16,4,♣,finished,2026-05-18T16:06:49.338655+00:00
5650,INPROC_48A9D6,1,10,team2,Team 2 (E/W),39,81,19,♦,finished,2026-05-18T16:06:49.347080+00:00
5651,INPROC_9A88B2,1,10,team1,Team 1 (N/S),85,35,38,♠,finished,2026-05-18T16:06:49.355844+00:00
5652,INPROC_6E0E9F,1,10,draw,draw,60,60,29,♥,finished,2026-05-18T16:06:49.368307+00:00
5653,INPROC_A6C1D8,1,10,team2,Team 2 (E/W),16,104,17,♦,finished,2026-05-18T16:06:49.379536+00:00
5654,INPROC_26F9D0,1,10,team2,Team 2 (E/W),52,68,3,♣,finished,2026-05-18T16:06:49.388055+00:00
5655,INPROC_1E0DA2,1,10,team1,Team 1 (N/S),74,46,34,♠,finished,2026-05-18T16:06:49.398112+00:00
5656,INPROC_70F8B3,1,10,team2,Team 2 (E/W),18,102,29,♥,finished,2026-05-18T16:06:49.406799+00:00
5657,INPROC_CED29E,1,10,team1,Team 1 (N/S),96,24,9,♣,finished,2026-05-18T16:06:49.422432+00:00
5658,INPROC_10D526,1,10,team1,Team 1 (N/S),87,33,22,♥,finished,2026-05-18T16:06:49.431677+00:00
5659,INPROC_ADFAC9,1,10,team2,Team 2 (E/W),58,62,27,♥,finished,2026-05-18T16:06:49.444362+00:00
5660,INPROC_49EA09,1,10,team2,Team 2 (E/W),17,103,18,♦,finished,2026-05-18T16:06:49.458816+00:00
5661,INPROC_D4769A,1,10,team2,Team 2 (E/W),49,71,33,♠,finished,2026-05-18T16:06:49.469644+00:00
5662,INPROC_81AAD0,1,10,team1,Team 1 (N/S),76,44,33,♠,finished,2026-05-18T16:06:49.483347+00:00
5663,INPROC_04D669,1,10,team2,Team 2 (E/W),35,85,26,♥,finished,2026-05-18T16:06:49.493436+00:00
5664,INPROC_9F6B4D,1,10,team2,Team 2 (E/W),49,71,5,♣,finished,2026-05-18T16:06:49.502154+00:00
5665,INPROC_2C8824,1,10,team2,Team 2 (E/W),0,120,17,♦,finished,2026-05-18T16:06:49.511523+00:00
5666,INPROC_40618C,1,10,team2,Team 2 (E/W),42,78,16,♦,finished,2026-05-18T16:06:49.520106+00:00
5667,INPROC_D7D6B0,1,10,team1,Team 1 (N/S),99,21,22,♥,finished,2026-05-18T16:06:49.529610+00:00
5668,INPROC_54FB71,1,10,team1,Team 1 (N/S),67,53,12,♦,finished,2026-05-18T16:06:49.540116+00:00
5669,INPROC_AA7903,1,10,team1,Team 1 (N/S),71,49,24,♥,finished,2026-05-18T16:06:49.549413+00:00
5670,INPROC_F62ECC,1,10,team1,Team 1 (N/S),87,33,21,♥,finished,2026-05-18T16:06:49.558899+00:00
5671,INPROC_CC100D,1,10,team2,Team 2 (E/W),30,90,38,♠,finished,2026-05-18T16:06:49.568051+00:00
5672,INPROC_2CB6C2,1,10,team2,Team 2 (E/W),18,102,13,♦,finished,2026-05-18T16:06:49.579051+00:00
5673,INPROC_C9002C,1,10,team2,Team 2 (E/W),47,73,17,♦,finished,2026-05-18T16:06:49.588259+00:00
5674,INPROC_A0A158,1,10,team2,Team 2 (E/W),53,67,10,♦,finished,2026-05-18T16:06:49.603095+00:00
5675,INPROC_58BF06,1,10,team2,Team 2 (E/W),46,74,37,♠,finished,2026-05-18T16:06:49.617949+00:00
5676,INPROC_496A89,1,10,team2,Team 2 (E/W),9,111,28,♥,finished,2026-05-18T16:06:49.635266+00:00
5677,INPROC_788BF7,1,10,team2,Team 2 (E/W),30,90,3,♣,finished,2026-05-18T16:06:49.648412+00:00
5678,INPROC_76532E,1,10,team2,Team 2 (E/W),52,68,29,♥,finished,2026-05-18T16:06:49.657783+00:00
5679,INPROC_675F20,1,10,team2,Team 2 (E/W),50,70,25,♥,finished,2026-05-18T16:06:49.671365+00:00
5680,INPROC_208154,1,10,team2,Team 2 (E/W),7,113,38,♠,finished,2026-05-18T16:06:49.684770+00:00
5681,INPROC_035AE5,1,10,team1,Team 1 (N/S),71,49,38,♠,finished,2026-05-18T16:06:49.700680+00:00
5682,INPROC_9F149A,1,10,team1,Team 1 (N/S),78,42,38,♠,finished,2026-05-18T16:06:49.717075+00:00
5683,INPROC_711167,1,10,team1,Team 1 (N/S),61,59,27,♥,finished,2026-05-18T16:06:49.735597+00:00
5684,INPROC_F8DEF9,1,10,team2,Team 2 (E/W),20,100,7,♣,finished,2026-05-18T16:06:49.753789+00:00
5685,INPROC_AE80D5,1,10,team1,Team 1 (N/S),75,45,19,♦,finished,2026-05-18T16:06:49.768727+00:00
5686,INPROC_63ACBA,1,10,team1,Team 1 (N/S),75,45,27,♥,finished,2026-05-18T16:06:49.782740+00:00
5687,INPROC_089FC0,1,10,team2,Team 2 (E/W),30,90,14,♦,finished,2026-05-18T16:06:49.800990+00:00
5688,INPROC_64CB3D,1,10,team1,Team 1 (N/S),95,25,14,♦,finished,2026-05-18T16:06:49.810599+00:00
5689,INPROC_5BC5C7,1,10,team2,Team 2 (E/W),43,77,22,♥,finished,2026-05-18T16:06:49.823619+00:00
5690,INPROC_2F9727,1,10,team1,Team 1 (N/S),80,40,32,♠,finished,2026-05-18T16:06:49.832661+00:00
5691,INPROC_34D258,1,10,team1,Team 1 (N/S),62,58,3,♣,finished,2026-05-18T16:06:49.846586+00:00
5692,INPROC_E750F0,1,10,team1,Team 1 (N/S),71,49,11,♦,finished,2026-05-18T16:06:49.856676+00:00
5693,INPROC_3CF9B6,1,10,team1,Team 1 (N/S),80,40,37,♠,finished,2026-05-18T16:06:49.870593+00:00
5694,INPROC_EE4384,1,10,team1,Team 1 (N/S),78,42,36,♠,finished,2026-05-18T16:06:49.881449+00:00
5695,INPROC_71C9A1,1,10,team1,Team 1 (N/S),61,59,30,♠,finished,2026-05-18T16:06:49.891196+00:00
5696,INPROC_F32B53,1,10,team2,Team 2 (E/W),17,103,26,♥,finished,2026-05-18T16:06:49.902132+00:00
5697,INPROC_3E6086,1,10,team2,Team 2 (E/W),43,77,29,♥,finished,2026-05-18T16:06:49.913794+00:00
5698,INPROC_991A90,1,10,team1,Team 1 (N/S),71,49,25,♥,finished,2026-05-18T16:06:49.925449+00:00
5699,INPROC_5EF76E,1,10,team2,Team 2 (E/W),38,82,15,♦,finished,2026-05-18T16:06:49.935027+00:00
5700,INPROC_B0C4D6,1,10,team2,Team 2 (E/W),6,114,37,♠,finished,2026-05-18T16:06:49.946471+00:00
5701,INPROC_FEB7B8,1,10,team2,Team 2 (E/W),31,89,29,♥,finished,2026-05-18T16:06:49.955849+00:00
5702,INPROC_E4E086,1,10,team2,Team 2 (E/W),28,92,24,♥,finished,2026-05-18T16:06:49.964856+00:00
5703,INPROC_8C29B8,1,10,team1,Team 1 (N/S),114,6,13,♦,finished,2026-05-18T16:06:49.974866+00:00
5704,INPROC_8D1002,1,10,team2,Team 2 (E/W),48,72,35,♠,finished,2026-05-18T16:06:49.984914+00:00
5705,INPROC_DA9628,1,10,team1,Team 1 (N/S),88,32,20,♥,finished,2026-05-18T16:06:49.994573+00:00
5706,INPROC_005223,1,10,team2,Team 2 (E/W),54,66,4,♣,finished,2026-05-18T16:06:50.004271+00:00
5707,INPROC_FE5FFF,1,10,team1,Team 1 (N/S),67,53,27,♥,finished,2026-05-18T16:06:50.017268+00:00
5708,INPROC_450FDB,1,10,team2,Team 2 (E/W),53,67,1,♣,finished,2026-05-18T16:06:50.033498+00:00
5709,INPROC_8CA718,1,10,team2,Team 2 (E/W),35,85,22,♥,finished,2026-05-18T16:06:50.045843+00:00
5710,INPROC_BEE5DB,1,10,team2,Team 2 (E/W),12,108,15,♦,finished,2026-05-18T16:06:50.058217+00:00
5711,INPROC_B8B1A9,1,10,team1,Team 1 (N/S),70,50,2,♣,finished,2026-05-18T16:06:50.073886+00:00
5712,INPROC_8685F7,1,10,team2,Team 2 (E/W),51,69,14,♦,finished,2026-05-18T16:06:50.088785+00:00
5713,INPROC_F1460D,1,10,team2,Team 2 (E/W),30,90,30,♠,finished,2026-05-18T16:06:50.106126+00:00
5714,INPROC_43BFB8,1,10,team2,Team 2 (E/W),48,72,27,♥,finished,2026-05-18T16:06:50.115436+00:00
5715,INPROC_9986B6,1,10,team2,Team 2 (E/W),43,77,39,♠,finished,2026-05-18T16:06:50.127472+00:00
5716,INPROC_1C875B,1,10,team2,Team 2 (E/W),31,89,10,♦,finished,2026-05-18T16:06:50.138898+00:00
5717,INPROC_68B6D0,1,10,team1,Team 1 (N/S),61,59,26,♥,finished,2026-05-18T16:06:50.152615+00:00
5718,INPROC_08FAF7,1,10,team2,Team 2 (E/W),39,81,4,♣,finished,2026-05-18T16:06:50.164427+00:00
5719,INPROC_67FBA6,1,10,team1,Team 1 (N/S),70,50,8,♣,finished,2026-05-18T16:06:50.175613+00:00
5720,INPROC_1F9D73,1,10,team1,Team 1 (N/S),72,48,35,♠,finished,2026-05-18T16:06:50.192963+00:00
5721,INPROC_E41ECF,1,10,team1,Team 1 (N/S),69,51,3,♣,finished,2026-05-18T16:06:50.207809+00:00
5722,INPROC_4248DD,1,10,team1,Team 1 (N/S),78,42,7,♣,finished,2026-05-18T16:06:50.225306+00:00
5723,INPROC_187090,1,10,team1,Team 1 (N/S),70,50,27,♥,finished,2026-05-18T16:06:50.243845+00:00
5724,INPROC_C0C6F7,1,10,team1,Team 1 (N/S),85,35,4,♣,finished,2026-05-18T16:06:50.259124+00:00
5725,INPROC_5B6822,1,10,team2,Team 2 (E/W),12,108,38,♠,finished,2026-05-18T16:06:50.268044+00:00
5726,INPROC_A28D6C,1,10,team1,Team 1 (N/S),90,30,15,♦,finished,2026-05-18T16:06:50.276225+00:00
5727,INPROC_1F06E2,1,10,team2,Team 2 (E/W),42,78,6,♣,finished,2026-05-18T16:06:50.284801+00:00
5728,INPROC_50422C,1,10,team1,Team 1 (N/S),103,17,32,♠,finished,2026-05-18T16:06:50.294501+00:00
5729,INPROC_28EA15,1,10,team1,Team 1 (N/S),81,39,14,♦,finished,2026-05-18T16:06:50.304246+00:00
5730,INPROC_AFC0FC,1,10,team2,Team 2 (E/W),51,69,13,♦,finished,2026-05-18T16:06:50.312071+00:00
5731,INPROC_EA6CCE,1,10,draw,draw,60,60,38,♠,finished,2026-05-18T16:06:50.323483+00:00
5732,INPROC_480758,1,10,team1,Team 1 (N/S),66,54,11,♦,finished,2026-05-18T16:06:50.335596+00:00
5733,INPROC_088E96,1,10,team2,Team 2 (E/W),9,111,29,♥,finished,2026-05-18T16:06:50.344887+00:00
5734,INPROC_3A5041,1,10,team1,Team 1 (N/S),75,45,39,♠,finished,2026-05-18T16:06:50.354738+00:00
5735,INPROC_AB115E,1,10,team1,Team 1 (N/S),72,48,29,♥,finished,2026-05-18T16:06:50.365805+00:00
5736,INPROC_805CE5,1,10,team1,Team 1 (N/S),75,45,19,♦,finished,2026-05-18T16:06:50.378090+00:00
5737,INPROC_1F81A6,1,10,team2,Team 2 (E/W),29,91,35,♠,finished,2026-05-18T16:06:50.392909+00:00
5738,INPROC_E3D3A1,1,10,team2,Team 2 (E/W),30,90,5,♣,finished,2026-05-18T16:06:50.407432+00:00
5739,INPROC_9317FC,1,10,team2,Team 2 (E/W),38,82,39,♠,finished,2026-05-18T16:06:50.422126+00:00
5740,INPROC_E7BAE2,1,10,team1,Team 1 (N/S),99,21,14,♦,finished,2026-05-18T16:06:50.433344+00:00
5741,INPROC_2D7D10,1,10,team2,Team 2 (E/W),37,83,24,♥,finished,2026-05-18T16:06:50.442268+00:00
5742,INPROC_B4D98C,1,10,team2,Team 2 (E/W),41,79,18,♦,finished,2026-05-18T16:06:50.450565+00:00
5743,INPROC_22CC46,1,10,team1,Team 1 (N/S),77,43,32,♠,finished,2026-05-18T16:06:50.460317+00:00
5744,INPROC_BC23AA,1,10,team1,Team 1 (N/S),76,44,23,♥,finished,2026-05-18T16:06:50.477418+00:00
5745,INPROC_6575E0,1,10,draw,draw,60,60,37,♠,finished,2026-05-18T16:06:50.492120+00:00
5746,INPROC_E790E7,1,10,team2,Team 2 (E/W),36,84,8,♣,finished,2026-05-18T16:06:50.502638+00:00
5747,INPROC_28568F,1,10,team2,Team 2 (E/W),36,84,17,♦,finished,2026-05-18T16:06:50.512752+00:00
5748,INPROC_552575,1,10,team2,Team 2 (E/W),39,81,4,♣,finished,2026-05-18T16:06:50.523656+00:00
5749,INPROC_7E114B,1,10,team1,Team 1 (N/S),106,14,22,♥,finished,2026-05-18T16:06:50.537930+00:00
5750,INPROC_C16663,1,10,team1,Team 1 (N/S),77,43,10,♦,finished,2026-05-18T16:06:50.553083+00:00
5751,INPROC_6AF357,1,10,team1,Team 1 (N/S),62,58,12,♦,finished,2026-05-18T16:06:50.567803+00:00
5752,INPROC_5156A1,1,10,team2,Team 2 (E/W),28,92,11,♦,finished,2026-05-18T16:06:50.582812+00:00
5753,INPROC_37ADCE,1,10,team2,Team 2 (E/W),34,86,33,♠,finished,2026-05-18T16:06:50.596579+00:00
5754,INPROC_59173D,1,10,team2,Team 2 (E/W),46,74,14,♦,finished,2026-05-18T16:06:50.616070+00:00
5755,INPROC_E5512F,1,10,team2,Team 2 (E/W),39,81,21,♥,finished,2026-05-18T16:06:50.635541+00:00
5756,INPROC_F93EFE,1,10,team2,Team 2 (E/W),40,80,23,♥,finished,2026-05-18T16:06:50.650867+00:00
5757,INPROC_4E9C74,1,10,team2,Team 2 (E/W),39,81,12,♦,finished,2026-05-18T16:06:50.661590+00:00
5758,INPROC_6506A9,1,10,team2,Team 2 (E/W),37,83,8,♣,finished,2026-05-18T16:06:50.677697+00:00
5759,INPROC_FDCB06,1,10,team1,Team 1 (N/S),80,40,6,♣,finished,2026-05-18T16:06:50.698829+00:00
5760,INPROC_12A489,1,10,team1,Team 1 (N/S),64,56,22,♥,finished,2026-05-18T16:06:50.717973+00:00
5761,INPROC_E82BFA,1,10,team2,Team 2 (E/W),55,65,31,♠,finished,2026-05-18T16:06:50.732732+00:00
5762,INPROC_DFB80C,1,10,team1,Team 1 (N/S),71,49,24,♥,finished,2026-05-18T16:06:50.747505+00:00
5763,INPROC_F6A110,1,10,team1,Team 1 (N/S),92,28,16,♦,finished,2026-05-18T16:06:50.768335+00:00
5764,INPROC_768D2D,1,10,team1,Team 1 (N/S),69,51,0,♣,finished,2026-05-18T16:06:50.783736+00:00
5765,INPROC_1A12F1,1,10,team1,Team 1 (N/S),92,28,3,♣,finished,2026-05-18T16:06:50.798389+00:00
5766,INPROC_EA6819,1,10,team2,Team 2 (E/W),53,67,17,♦,finished,2026-05-18T16:06:50.814527+00:00
5767,INPROC_02C4C7,1,10,team2,Team 2 (E/W),55,65,37,♠,finished,2026-05-18T16:06:50.830843+00:00
5768,INPROC_8FE12A,1,10,team2,Team 2 (E/W),41,79,0,♣,finished,2026-05-18T16:06:50.846515+00:00
5769,INPROC_D31A07,1,10,team1,Team 1 (N/S),107,13,21,♥,finished,2026-05-18T16:06:50.861181+00:00
5770,INPROC_71C833,1,10,team2,Team 2 (E/W),32,88,29,♥,finished,2026-05-18T16:06:50.875300+00:00
5771,INPROC_3E9EFF,1,10,team1,Team 1 (N/S),69,51,36,♠,finished,2026-05-18T16:06:50.883871+00:00
5772,INPROC_CFB1A3,1,10,team1,Team 1 (N/S),112,8,7,♣,finished,2026-05-18T16:06:50.894246+00:00
5773,INPROC_4DFA2F,1,10,team1,Team 1 (N/S),74,46,15,♦,finished,2026-05-18T16:06:50.906328+00:00
5774,INPROC_6BE0AE,1,10,team2,Team 2 (E/W),15,105,23,♥,finished,2026-05-18T16:06:50.914350+00:00
5775,INPROC_D5C0C6,1,10,team2,Team 2 (E/W),59,61,22,♥,finished,2026-05-18T16:06:50.923142+00:00
5776,INPROC_C94B89,1,10,team1,Team 1 (N/S),76,44,36,♠,finished,2026-05-18T16:06:50.938021+00:00
5777,INPROC_A19E7B,1,10,team1,Team 1 (N/S),92,28,6,♣,finished,2026-05-18T16:06:50.952031+00:00
5778,INPROC_F4421E,1,10,team2,Team 2 (E/W),44,76,34,♠,finished,2026-05-18T16:06:50.960042+00:00
5779,INPROC_CB5B12,1,10,team1,Team 1 (N/S),68,52,0,♣,finished,2026-05-18T16:06:50.969606+00:00
5780,INPROC_22D8B0,1,10,team2,Team 2 (E/W),50,70,34,♠,finished,2026-05-18T16:06:50.984414+00:00
5781,INPROC_F23630,1,10,team2,Team 2 (E/W),50,70,28,♥,finished,2026-05-18T16:06:50.992699+00:00
5782,INPROC_A1091A,1,10,team2,Team 2 (E/W),46,74,27,♥,finished,2026-05-18T16:06:51.001854+00:00
5783,INPROC_8F29DA,1,10,team2,Team 2 (E/W),52,68,27,♥,finished,2026-05-18T16:06:51.010865+00:00
5784,INPROC_5A3FF1,1,10,team2,Team 2 (E/W),33,87,22,♥,finished,2026-05-18T16:06:51.023573+00:00
5785,INPROC_ACFEFB,1,10,team1,Team 1 (N/S),82,38,0,♣,finished,2026-05-18T16:06:51.038486+00:00
5786,INPROC_377FA5,1,10,team1,Team 1 (N/S),87,33,21,♥,finished,2026-05-18T16:06:51.057497+00:00
5787,INPROC_FC0954,1,10,team2,Team 2 (E/W),55,65,17,♦,finished,2026-05-18T16:06:51.078901+00:00
5788,INPROC_1BFAD6,1,10,team2,Team 2 (E/W),33,87,29,♥,finished,2026-05-18T16:06:51.097613+00:00
5789,INPROC_E99D08,1,10,team1,Team 1 (N/S),61,59,0,♣,finished,2026-05-18T16:06:51.107700+00:00
5790,INPROC_127A48,1,10,team1,Team 1 (N/S),70,50,1,♣,finished,2026-05-18T16:06:51.116323+00:00
5791,INPROC_273BAC,1,10,team1,Team 1 (N/S),69,51,22,♥,finished,2026-05-18T16:06:51.125304+00:00
5792,INPROC_90E643,1,10,team2,Team 2 (E/W),31,89,30,♠,finished,2026-05-18T16:06:51.132899+00:00
5793,INPROC_D6EF84,1,10,team1,Team 1 (N/S),88,32,5,♣,finished,2026-05-18T16:06:51.142528+00:00
5794,INPROC_E413C4,1,10,team1,Team 1 (N/S),102,18,15,♦,finished,2026-05-18T16:06:51.150526+00:00
5795,INPROC_041C91,1,10,team2,Team 2 (E/W),59,61,37,♠,finished,2026-05-18T16:06:51.158800+00:00
5796,INPROC_EBE452,1,10,team2,Team 2 (E/W),7,113,30,♠,finished,2026-05-18T16:06:51.175751+00:00
5797,INPROC_FA4C85,1,10,team1,Team 1 (N/S),68,52,31,♠,finished,2026-05-18T16:06:51.183923+00:00
5798,INPROC_CBCEF4,1,10,team2,Team 2 (E/W),53,67,19,♦,finished,2026-05-18T16:06:51.201815+00:00
5799,INPROC_5A4237,1,10,team2,Team 2 (E/W),55,65,16,♦,finished,2026-05-18T16:06:51.209677+00:00
5800,INPROC_299702,1,10,draw,draw,60,60,19,♦,finished,2026-05-18T16:06:51.225476+00:00
5801,INPROC_56F02C,1,10,team2,Team 2 (E/W),43,77,1,♣,finished,2026-05-18T16:06:51.235354+00:00
5802,INPROC_CF0C9A,1,10,team1,Team 1 (N/S),88,32,33,♠,finished,2026-05-18T16:06:51.243484+00:00
5803,INPROC_B89068,1,10,team1,Team 1 (N/S),63,57,14,♦,finished,2026-05-18T16:06:51.251950+00:00
5804,INPROC_826600,1,10,team1,Team 1 (N/S),98,22,22,♥,finished,2026-05-18T16:06:51.260205+00:00
5805,INPROC_EF1753,1,10,team1,Team 1 (N/S),93,27,3,♣,finished,2026-05-18T16:06:51.268525+00:00
5806,INPROC_29E233,1,10,team2,Team 2 (E/W),17,103,9,♣,finished,2026-05-18T16:06:51.276332+00:00
5807,INPROC_1E58C8,1,10,team2,Team 2 (E/W),18,102,23,♥,finished,2026-05-18T16:06:51.285312+00:00
5808,INPROC_EC8899,1,10,team1,Team 1 (N/S),74,46,26,♥,finished,2026-05-18T16:06:51.293469+00:00
5809,INPROC_D7058F,1,10,team2,Team 2 (E/W),47,73,36,♠,finished,2026-05-18T16:06:51.303686+00:00
5810,INPROC_CE9917,1,10,team1,Team 1 (N/S),77,43,27,♥,finished,2026-05-18T16:06:51.312178+00:00
5811,INPROC_CF3C55,1,10,team1,Team 1 (N/S),97,23,3,♣,finished,2026-05-18T16:06:51.329578+00:00
5812,INPROC_20BD76,1,10,team2,Team 2 (E/W),59,61,17,♦,finished,2026-05-18T16:06:51.345080+00:00
5813,INPROC_4C4836,1,10,team1,Team 1 (N/S),84,36,8,♣,finished,2026-05-18T16:06:51.354387+00:00
5814,INPROC_1CFA9B,1,10,team2,Team 2 (E/W),44,76,10,♦,finished,2026-05-18T16:06:51.371227+00:00
5815,INPROC_3E74E6,1,10,team2,Team 2 (E/W),51,69,6,♣,finished,2026-05-18T16:06:51.391600+00:00
5816,INPROC_D48FA4,1,10,team1,Team 1 (N/S),69,51,31,♠,finished,2026-05-18T16:06:51.407583+00:00
5817,INPROC_948180,1,10,team2,Team 2 (E/W),42,78,25,♥,finished,2026-05-18T16:06:51.416086+00:00
5818,INPROC_97C0CF,1,10,team1,Team 1 (N/S),70,50,19,♦,finished,2026-05-18T16:06:51.425065+00:00
5819,INPROC_EBBD11,1,10,team1,Team 1 (N/S),78,42,22,♥,finished,2026-05-18T16:06:51.433042+00:00
5820,INPROC_D3C8F2,1,10,team2,Team 2 (E/W),30,90,26,♥,finished,2026-05-18T16:06:51.442080+00:00
5821,INPROC_BDB48B,1,10,team2,Team 2 (E/W),48,72,3,♣,finished,2026-05-18T16:06:51.449886+00:00
5822,INPROC_E6D8DF,1,10,team1,Team 1 (N/S),79,41,8,♣,finished,2026-05-18T16:06:51.457741+00:00
5823,INPROC_143220,1,10,team1,Team 1 (N/S),87,33,24,♥,finished,2026-05-18T16:06:51.471400+00:00
5824,INPROC_AC316D,1,10,team2,Team 2 (E/W),15,105,18,♦,finished,2026-05-18T16:06:51.479298+00:00
5825,INPROC_10630B,1,10,team1,Team 1 (N/S),99,21,24,♥,finished,2026-05-18T16:06:51.491580+00:00
5826,INPROC_A408DA,1,10,team1,Team 1 (N/S),69,51,3,♣,finished,2026-05-18T16:06:51.499999+00:00
5827,INPROC_D511B4,1,10,team1,Team 1 (N/S),66,54,27,♥,finished,2026-05-18T16:06:51.508469+00:00
5828,INPROC_E5C735,1,10,team1,Team 1 (N/S),104,16,26,♥,finished,2026-05-18T16:06:51.517063+00:00
5829,INPROC_17400C,1,10,team2,Team 2 (E/W),54,66,1,♣,finished,2026-05-18T16:06:51.525448+00:00
5830,INPROC_2A08C0,1,10,team2,Team 2 (E/W),52,68,9,♣,finished,2026-05-18T16:06:51.533850+00:00
5831,INPROC_3ADFD3,1,10,draw,draw,60,60,31,♠,finished,2026-05-18T16:06:51.541528+00:00
5832,INPROC_5CE113,1,10,team1,Team 1 (N/S),92,28,20,♥,finished,2026-05-18T16:06:51.549887+00:00
5833,INPROC_CDA03D,1,10,team2,Team 2 (E/W),16,104,27,♥,finished,2026-05-18T16:06:51.558409+00:00
5834,INPROC_FD9030,1,10,team1,Team 1 (N/S),88,32,20,♥,finished,2026-05-18T16:06:51.566149+00:00
5835,INPROC_43D016,1,10,team2,Team 2 (E/W),50,70,21,♥,finished,2026-05-18T16:06:51.574735+00:00
5836,INPROC_D826F4,1,10,team1,Team 1 (N/S),90,30,25,♥,finished,2026-05-18T16:06:51.583091+00:00
5837,INPROC_E5D6BC,1,10,team2,Team 2 (E/W),34,86,8,♣,finished,2026-05-18T16:06:51.591534+00:00
5838,INPROC_352030,1,10,team1,Team 1 (N/S),75,45,16,♦,finished,2026-05-18T16:06:51.599741+00:00
5839,INPROC_90821A,1,10,team1,Team 1 (N/S),62,58,33,♠,finished,2026-05-18T16:06:51.609513+00:00
5840,INPROC_21DD72,1,10,team2,Team 2 (E/W),38,82,32,♠,finished,2026-05-18T16:06:51.621623+00:00
5841,INPROC_E63D9D,1,10,team1,Team 1 (N/S),70,50,16,♦,finished,2026-05-18T16:06:51.629673+00:00
5842,INPROC_971478,1,10,team2,Team 2 (E/W),51,69,19,♦,finished,2026-05-18T16:06:51.637789+00:00
5843,INPROC_6A082B,1,10,team2,Team 2 (E/W),33,87,15,♦,finished,2026-05-18T16:06:51.645732+00:00
5844,INPROC_803BC9,1,10,team2,Team 2 (E/W),45,75,5,♣,finished,2026-05-18T16:06:51.661766+00:00
5845,INPROC_3AB571,1,10,team1,Team 1 (N/S),78,42,0,♣,finished,2026-05-18T16:06:51.682137+00:00
5846,INPROC_9C9C4C,1,10,team2,Team 2 (E/W),0,120,6,♣,finished,2026-05-18T16:06:51.691589+00:00
5847,INPROC_D69988,1,10,team2,Team 2 (E/W),43,77,32,♠,finished,2026-05-18T16:06:51.702091+00:00
5848,INPROC_2D1042,1,10,team2,Team 2 (E/W),39,81,18,♦,finished,2026-05-18T16:06:51.710318+00:00
5849,INPROC_2F5CBF,1,10,team1,Team 1 (N/S),67,53,24,♥,finished,2026-05-18T16:06:51.718693+00:00
5850,INPROC_9E09C6,1,10,team2,Team 2 (E/W),23,97,5,♣,finished,2026-05-18T16:06:51.726910+00:00
5851,INPROC_24F58D,1,10,team2,Team 2 (E/W),50,70,12,♦,finished,2026-05-18T16:06:51.735174+00:00
5852,INPROC_6C28EF,1,10,team2,Team 2 (E/W),55,65,35,♠,finished,2026-05-18T16:06:51.743212+00:00
5853,INPROC_AE7950,1,10,team1,Team 1 (N/S),71,49,37,♠,finished,2026-05-18T16:06:51.752119+00:00
5854,INPROC_A5C3E6,1,10,team1,Team 1 (N/S),63,57,21,♥,finished,2026-05-18T16:06:51.767769+00:00
5855,INPROC_74E26C,1,10,team2,Team 2 (E/W),50,70,27,♥,finished,2026-05-18T16:06:51.781654+00:00
5856,INPROC_7702FB,1,10,team2,Team 2 (E/W),2,118,29,♥,finished,2026-05-18T16:06:51.791546+00:00
5857,INPROC_02EE69,1,10,team2,Team 2 (E/W),17,103,12,♦,finished,2026-05-18T16:06:51.800294+00:00
5858,INPROC_94980B,1,10,team2,Team 2 (E/W),31,89,2,♣,finished,2026-05-18T16:06:51.818840+00:00
5859,INPROC_0B9C7B,1,10,team1,Team 1 (N/S),86,34,33,♠,finished,2026-05-18T16:06:51.836381+00:00
5860,INPROC_883505,1,10,team1,Team 1 (N/S),72,48,16,♦,finished,2026-05-18T16:06:51.854550+00:00
5861,INPROC_BF5F85,1,10,team1,Team 1 (N/S),73,47,12,♦,finished,2026-05-18T16:06:51.873161+00:00
5862,INPROC_16C443,1,10,team2,Team 2 (E/W),36,84,4,♣,finished,2026-05-18T16:06:51.895157+00:00
5863,INPROC_FEC5D7,1,10,team2,Team 2 (E/W),37,83,18,♦,finished,2026-05-18T16:06:51.909410+00:00
5864,INPROC_CA1BE6,1,10,team1,Team 1 (N/S),75,45,16,♦,finished,2026-05-18T16:06:51.920856+00:00
5865,INPROC_C1F067,1,10,team1,Team 1 (N/S),115,5,12,♦,finished,2026-05-18T16:06:51.933369+00:00
5866,INPROC_07DEEF,1,10,team1,Team 1 (N/S),63,57,4,♣,finished,2026-05-18T16:06:51.942872+00:00
5867,INPROC_6FDF87,1,10,team1,Team 1 (N/S),68,52,26,♥,finished,2026-05-18T16:06:51.953565+00:00
5868,INPROC_AD76AA,1,10,team2,Team 2 (E/W),48,72,29,♥,finished,2026-05-18T16:06:51.969690+00:00
5869,INPROC_A94ACC,1,10,team2,Team 2 (E/W),25,95,33,♠,finished,2026-05-18T16:06:51.979900+00:00
5870,INPROC_838550,1,10,team2,Team 2 (E/W),59,61,20,♥,finished,2026-05-18T16:06:51.990807+00:00
5871,INPROC_939A19,1,10,team2,Team 2 (E/W),49,71,7,♣,finished,2026-05-18T16:06:52.001990+00:00
5872,INPROC_D8909F,1,10,team1,Team 1 (N/S),104,16,18,♦,finished,2026-05-18T16:06:52.015757+00:00
5873,INPROC_6352F9,1,10,team2,Team 2 (E/W),41,79,11,♦,finished,2026-05-18T16:06:52.029594+00:00
5874,INPROC_FD5ED4,1,10,team1,Team 1 (N/S),72,48,37,♠,finished,2026-05-18T16:06:52.037991+00:00
5875,INPROC_68A0DE,1,10,team1,Team 1 (N/S),93,27,10,♦,finished,2026-05-18T16:06:52.048277+00:00
5876,INPROC_FFAB5A,1,10,team2,Team 2 (E/W),44,76,17,♦,finished,2026-05-18T16:06:52.065632+00:00
5877,INPROC_89CCCA,1,10,team1,Team 1 (N/S),73,47,23,♥,finished,2026-05-18T16:06:52.081772+00:00
5878,INPROC_935A8F,1,10,team2,Team 2 (E/W),53,67,22,♥,finished,2026-05-18T16:06:52.091760+00:00
5879,INPROC_885C87,1,10,team2,Team 2 (E/W),28,92,29,♥,finished,2026-05-18T16:06:52.100208+00:00
5880,INPROC_42DD23,1,10,team1,Team 1 (N/S),80,40,21,♥,finished,2026-05-18T16:06:52.109730+00:00
5881,INPROC_0A8DCF,1,10,team1,Team 1 (N/S),70,50,10,♦,finished,2026-05-18T16:06:52.118645+00:00
5882,INPROC_7B89F8,1,10,team1,Team 1 (N/S),101,19,10,♦,finished,2026-05-18T16:06:52.135607+00:00
5883,INPROC_4B9022,1,10,team1,Team 1 (N/S),62,58,15,♦,finished,2026-05-18T16:06:52.145941+00:00
5884,INPROC_62E101,1,10,team1,Team 1 (N/S),100,20,30,♠,finished,2026-05-18T16:06:52.159834+00:00
5885,INPROC_A7956C,1,10,team1,Team 1 (N/S),79,41,24,♥,finished,2026-05-18T16:06:52.174275+00:00
5886,INPROC_993250,1,10,team1,Team 1 (N/S),69,51,7,♣,finished,2026-05-18T16:06:52.186497+00:00
5887,INPROC_297C23,1,10,team1,Team 1 (N/S),81,39,23,♥,finished,2026-05-18T16:06:52.202706+00:00
5888,INPROC_EAA360,1,10,team1,Team 1 (N/S),85,35,25,♥,finished,2026-05-18T16:06:52.215460+00:00
5889,INPROC_B433F0,1,10,team2,Team 2 (E/W),26,94,13,♦,finished,2026-05-18T16:06:52.228099+00:00
5890,INPROC_07608C,1,10,team2,Team 2 (E/W),47,73,25,♥,finished,2026-05-18T16:06:52.237319+00:00
5891,INPROC_5C8628,1,10,team2,Team 2 (E/W),59,61,15,♦,finished,2026-05-18T16:06:52.246534+00:00
5892,INPROC_2011D2,1,10,team1,Team 1 (N/S),70,50,31,♠,finished,2026-05-18T16:06:52.255335+00:00
5893,INPROC_AD9A62,1,10,team2,Team 2 (E/W),28,92,33,♠,finished,2026-05-18T16:06:52.264417+00:00
5894,INPROC_7C6579,1,10,team1,Team 1 (N/S),76,44,26,♥,finished,2026-05-18T16:06:52.275334+00:00
5895,INPROC_1DD496,1,10,team1,Team 1 (N/S),94,26,33,♠,finished,2026-05-18T16:06:52.285090+00:00
5896,INPROC_74816E,1,10,draw,draw,60,60,36,♠,finished,2026-05-18T16:06:52.294052+00:00
5897,INPROC_33A671,1,10,team2,Team 2 (E/W),39,81,1,♣,finished,2026-05-18T16:06:52.301806+00:00
5898,INPROC_9B132F,1,10,team1,Team 1 (N/S),109,11,22,♥,finished,2026-05-18T16:06:52.311140+00:00
5899,INPROC_6E0B36,1,10,team1,Team 1 (N/S),62,58,36,♠,finished,2026-05-18T16:06:52.322021+00:00
5900,INPROC_867C41,1,10,team2,Team 2 (E/W),46,74,24,♥,finished,2026-05-18T16:06:52.330518+00:00
5901,INPROC_A49905,1,10,team2,Team 2 (E/W),58,62,19,♦,finished,2026-05-18T16:06:52.341050+00:00
5902,INPROC_E9C377,1,10,team2,Team 2 (E/W),39,81,15,♦,finished,2026-05-18T16:06:52.349251+00:00
5903,INPROC_8AEA38,1,10,team1,Team 1 (N/S),92,28,32,♠,finished,2026-05-18T16:06:52.358135+00:00
5904,INPROC_1E3C85,1,10,team2,Team 2 (E/W),50,70,30,♠,finished,2026-05-18T16:06:52.370610+00:00
5905,INPROC_3052CD,1,10,team1,Team 1 (N/S),96,24,8,♣,finished,2026-05-18T16:06:52.381603+00:00
5906,INPROC_23C7D4,1,10,team2,Team 2 (E/W),40,80,34,♠,finished,2026-05-18T16:06:52.390317+00:00
5907,INPROC_C22B75,1,10,team2,Team 2 (E/W),0,120,35,♠,finished,2026-05-18T16:06:52.402238+00:00
5908,INPROC_1AED0B,1,10,team2,Team 2 (E/W),33,87,19,♦,finished,2026-05-18T16:06:52.417513+00:00
5909,INPROC_F2DB00,1,10,team2,Team 2 (E/W),29,91,13,♦,finished,2026-05-18T16:06:52.432916+00:00
5910,INPROC_F7DB91,1,10,team2,Team 2 (E/W),57,63,38,♠,finished,2026-05-18T16:06:52.441953+00:00
5911,INPROC_45913E,1,10,team1,Team 1 (N/S),89,31,26,♥,finished,2026-05-18T16:06:52.450362+00:00
5912,INPROC_EA5521,1,10,team2,Team 2 (E/W),30,90,18,♦,finished,2026-05-18T16:06:52.464458+00:00
5913,INPROC_897701,1,10,team1,Team 1 (N/S),73,47,6,♣,finished,2026-05-18T16:06:52.478866+00:00
5914,INPROC_95F617,1,10,team1,Team 1 (N/S),75,45,1,♣,finished,2026-05-18T16:06:52.492935+00:00
5915,INPROC_10A101,1,10,team1,Team 1 (N/S),70,50,34,♠,finished,2026-05-18T16:06:52.506597+00:00
5916,INPROC_E122C6,1,10,team1,Team 1 (N/S),91,29,32,♠,finished,2026-05-18T16:06:52.515138+00:00
5917,INPROC_492E49,1,10,team1,Team 1 (N/S),95,25,32,♠,finished,2026-05-18T16:06:52.525608+00:00
5918,INPROC_0F53DF,1,10,team1,Team 1 (N/S),88,32,13,♦,finished,2026-05-18T16:06:52.533613+00:00
5919,INPROC_EDA740,1,10,team1,Team 1 (N/S),68,52,34,♠,finished,2026-05-18T16:06:52.542197+00:00
5920,INPROC_010CC4,1,10,team1,Team 1 (N/S),88,32,16,♦,finished,2026-05-18T16:06:52.550744+00:00
5921,INPROC_C1CD4B,1,10,team1,Team 1 (N/S),71,49,12,♦,finished,2026-05-18T16:06:52.558479+00:00
5922,INPROC_FB83B4,1,10,team2,Team 2 (E/W),58,62,19,♦,finished,2026-05-18T16:06:52.567458+00:00
5923,INPROC_9CD1E0,1,10,team1,Team 1 (N/S),70,50,3,♣,finished,2026-05-18T16:06:52.576078+00:00
5924,INPROC_C78759,1,10,team1,Team 1 (N/S),104,16,36,♠,finished,2026-05-18T16:06:52.587120+00:00
5925,INPROC_A87A21,1,10,team1,Team 1 (N/S),65,55,22,♥,finished,2026-05-18T16:06:52.599467+00:00
5926,INPROC_FC5E35,1,10,team1,Team 1 (N/S),77,43,7,♣,finished,2026-05-18T16:06:52.615595+00:00
5927,INPROC_87EBF6,1,10,team1,Team 1 (N/S),64,56,1,♣,finished,2026-05-18T16:06:52.623394+00:00
5928,INPROC_94379E,1,10,team1,Team 1 (N/S),66,54,6,♣,finished,2026-05-18T16:06:52.637535+00:00
5929,INPROC_C67783,1,10,team2,Team 2 (E/W),45,75,31,♠,finished,2026-05-18T16:06:52.651302+00:00
5930,INPROC_190B2B,1,10,team1,Team 1 (N/S),71,49,6,♣,finished,2026-05-18T16:06:52.660799+00:00
5931,INPROC_400B21,1,10,team2,Team 2 (E/W),53,67,13,♦,finished,2026-05-18T16:06:52.670332+00:00
5932,INPROC_6DB742,1,10,team1,Team 1 (N/S),79,41,12,♦,finished,2026-05-18T16:06:52.680346+00:00
5933,INPROC_617365,1,10,team2,Team 2 (E/W),32,88,27,♥,finished,2026-05-18T16:06:52.694648+00:00
5934,INPROC_F56904,1,10,team2,Team 2 (E/W),26,94,11,♦,finished,2026-05-18T16:06:52.709934+00:00
5935,INPROC_4DE537,1,10,team2,Team 2 (E/W),36,84,3,♣,finished,2026-05-18T16:06:52.725032+00:00
5936,INPROC_D1B709,1,10,team1,Team 1 (N/S),68,52,38,♠,finished,2026-05-18T16:06:52.740442+00:00
5937,INPROC_8C76B3,1,10,team2,Team 2 (E/W),38,82,11,♦,finished,2026-05-18T16:06:52.755818+00:00
5938,INPROC_D42C5F,1,10,team1,Team 1 (N/S),83,37,24,♥,finished,2026-05-18T16:06:52.769307+00:00
5939,INPROC_DD2922,1,10,team1,Team 1 (N/S),73,47,17,♦,finished,2026-05-18T16:06:52.786957+00:00
5940,INPROC_28FA07,1,10,team1,Team 1 (N/S),79,41,0,♣,finished,2026-05-18T16:06:52.796788+00:00
5941,INPROC_19138D,1,10,team2,Team 2 (E/W),33,87,10,♦,finished,2026-05-18T16:06:52.809082+00:00
5942,INPROC_E4967A,1,10,team1,Team 1 (N/S),95,25,14,♦,finished,2026-05-18T16:06:52.827173+00:00
5943,INPROC_0ACFBA,1,10,team1,Team 1 (N/S),68,52,20,♥,finished,2026-05-18T16:06:52.850703+00:00
5944,INPROC_7CBA5B,1,10,team2,Team 2 (E/W),43,77,18,♦,finished,2026-05-18T16:06:52.875046+00:00
5945,INPROC_DD8503,1,10,team2,Team 2 (E/W),13,107,29,♥,finished,2026-05-18T16:06:52.896164+00:00
5946,INPROC_8E1BDA,1,10,team2,Team 2 (E/W),52,68,19,♦,finished,2026-05-18T16:06:52.921201+00:00
5947,INPROC_D3893A,1,10,team2,Team 2 (E/W),30,90,29,♥,finished,2026-05-18T16:06:52.941906+00:00
5948,INPROC_E55369,1,10,team2,Team 2 (E/W),40,80,1,♣,finished,2026-05-18T16:06:52.950367+00:00
5949,INPROC_8D4565,1,10,team1,Team 1 (N/S),68,52,38,♠,finished,2026-05-18T16:06:52.960474+00:00
5950,INPROC_1C485F,1,10,team1,Team 1 (N/S),68,52,33,♠,finished,2026-05-18T16:06:52.976701+00:00
5951,INPROC_B120D4,1,10,team2,Team 2 (E/W),31,89,10,♦,finished,2026-05-18T16:06:52.986022+00:00
5952,INPROC_212712,1,10,team1,Team 1 (N/S),62,58,25,♥,finished,2026-05-18T16:06:52.993686+00:00
5953,INPROC_D3C348,1,10,team2,Team 2 (E/W),44,76,27,♥,finished,2026-05-18T16:06:53.002205+00:00
5954,INPROC_101639,1,10,team2,Team 2 (E/W),45,75,15,♦,finished,2026-05-18T16:06:53.010082+00:00
5955,INPROC_0FBD99,1,10,team1,Team 1 (N/S),68,52,3,♣,finished,2026-05-18T16:06:53.022197+00:00
5956,INPROC_D40048,1,10,team1,Team 1 (N/S),66,54,10,♦,finished,2026-05-18T16:06:53.030731+00:00
5957,INPROC_4941D7,1,10,team2,Team 2 (E/W),49,71,0,♣,finished,2026-05-18T16:06:53.038962+00:00
5958,INPROC_230D79,1,10,team1,Team 1 (N/S),91,29,17,♦,finished,2026-05-18T16:06:53.047456+00:00
5959,INPROC_07098F,1,10,team1,Team 1 (N/S),103,17,4,♣,finished,2026-05-18T16:06:53.064832+00:00
5960,INPROC_85A18F,1,10,team1,Team 1 (N/S),84,36,4,♣,finished,2026-05-18T16:06:53.081230+00:00
5961,INPROC_526C9A,1,10,team1,Team 1 (N/S),68,52,24,♥,finished,2026-05-18T16:06:53.098496+00:00
5962,INPROC_91764B,1,10,team1,Team 1 (N/S),95,25,26,♥,finished,2026-05-18T16:06:53.118968+00:00
5963,INPROC_2FBF98,1,10,team2,Team 2 (E/W),27,93,24,♥,finished,2026-05-18T16:06:53.135536+00:00
5964,INPROC_EF71DA,1,10,team1,Team 1 (N/S),70,50,34,♠,finished,2026-05-18T16:06:53.146361+00:00
5965,INPROC_5405D0,1,10,team2,Team 2 (E/W),21,99,14,♦,finished,2026-05-18T16:06:53.156572+00:00
5966,INPROC_10B49B,1,10,team1,Team 1 (N/S),72,48,0,♣,finished,2026-05-18T16:06:53.166639+00:00
5967,INPROC_8FC528,1,10,team2,Team 2 (E/W),43,77,1,♣,finished,2026-05-18T16:06:53.178505+00:00
5968,INPROC_73A051,1,10,team1,Team 1 (N/S),93,27,37,♠,finished,2026-05-18T16:06:53.188421+00:00
5969,INPROC_10DE5B,1,10,team1,Team 1 (N/S),62,58,15,♦,finished,2026-05-18T16:06:53.206207+00:00
5970,INPROC_84242F,1,10,team2,Team 2 (E/W),47,73,21,♥,finished,2026-05-18T16:06:53.223669+00:00
5971,INPROC_1566A9,1,10,team1,Team 1 (N/S),76,44,13,♦,finished,2026-05-18T16:06:53.238604+00:00
5972,INPROC_33C8E0,1,10,team2,Team 2 (E/W),33,87,27,♥,finished,2026-05-18T16:06:53.246674+00:00
5973,INPROC_D2F35C,1,10,team1,Team 1 (N/S),83,37,2,♣,finished,2026-05-18T16:06:53.259176+00:00
5974,INPROC_F798A1,1,10,team2,Team 2 (E/W),42,78,16,♦,finished,2026-05-18T16:06:53.275908+00:00
5975,INPROC_1855FD,1,10,team1,Team 1 (N/S),68,52,25,♥,finished,2026-05-18T16:06:53.293421+00:00
5976,INPROC_E44D55,1,10,team1,Team 1 (N/S),62,58,13,♦,finished,2026-05-18T16:06:53.315330+00:00
5977,INPROC_6CF06A,1,10,team2,Team 2 (E/W),49,71,36,♠,finished,2026-05-18T16:06:53.332580+00:00
5978,INPROC_70A045,1,10,team1,Team 1 (N/S),92,28,35,♠,finished,2026-05-18T16:06:53.349541+00:00
5979,INPROC_5E486C,1,10,team1,Team 1 (N/S),79,41,20,♥,finished,2026-05-18T16:06:53.363437+00:00
5980,INPROC_0C2003,1,10,draw,draw,60,60,29,♥,finished,2026-05-18T16:06:53.377614+00:00
5981,INPROC_B7E692,1,10,team2,Team 2 (E/W),36,84,22,♥,finished,2026-05-18T16:06:53.385982+00:00
5982,INPROC_E91551,1,10,team1,Team 1 (N/S),65,55,0,♣,finished,2026-05-18T16:06:53.394262+00:00
5983,INPROC_52621B,1,10,team2,Team 2 (E/W),48,72,39,♠,finished,2026-05-18T16:06:53.402433+00:00
5984,INPROC_8F9BA1,1,10,team2,Team 2 (E/W),5,115,4,♣,finished,2026-05-18T16:06:53.410402+00:00
5985,INPROC_283C21,1,10,team2,Team 2 (E/W),45,75,8,♣,finished,2026-05-18T16:06:53.417960+00:00
5986,INPROC_E4574E,1,10,team2,Team 2 (E/W),15,105,19,♦,finished,2026-05-18T16:06:53.426432+00:00
5987,INPROC_DADC37,1,10,team2,Team 2 (E/W),27,93,21,♥,finished,2026-05-18T16:06:53.434042+00:00
5988,INPROC_420912,1,10,team2,Team 2 (E/W),31,89,7,♣,finished,2026-05-18T16:06:53.442341+00:00
5989,INPROC_2DFB3E,1,10,team2,Team 2 (E/W),48,72,13,♦,finished,2026-05-18T16:06:53.450501+00:00
5990,INPROC_4A0CC7,1,10,team1,Team 1 (N/S),76,44,25,♥,finished,2026-05-18T16:06:53.458786+00:00
5991,INPROC_F661A6,1,10,team1,Team 1 (N/S),73,47,19,♦,finished,2026-05-18T16:06:53.466812+00:00
5992,INPROC_3AE988,1,10,team1,Team 1 (N/S),67,53,19,♦,finished,2026-05-18T16:06:53.475313+00:00
5993,INPROC_4A32E6,1,10,team1,Team 1 (N/S),61,59,30,♠,finished,2026-05-18T16:06:53.483744+00:00
5994,INPROC_1D11D9,1,10,team1,Team 1 (N/S),91,29,4,♣,finished,2026-05-18T16:06:53.492792+00:00
5995,INPROC_02BBD3,1,10,team2,Team 2 (E/W),56,64,24,♥,finished,2026-05-18T16:06:53.501479+00:00
5996,INPROC_22724A,1,10,team2,Team 2 (E/W),32,88,9,♣,finished,2026-05-18T16:06:53.509980+00:00
5997,INPROC_6F8C7A,1,10,team1,Team 1 (N/S),76,44,22,♥,finished,2026-05-18T16:06:53.519289+00:00
5998,INPROC_9C236B,1,10,team1,Team 1 (N/S),102,18,27,♥,finished,2026-05-18T16:06:53.536783+00:00
5999,INPROC_E49725,1,10,team2,Team 2 (E/W),45,75,22,♥,finished,2026-05-18T16:06:53.545534+00:00
6000,INPROC_6F57B9,1,10,team1,Team 1 (N/S),102,18,25,♥,finished,2026-05-18T16:06:53.564123+00:00
6001,INPROC_674EDF,1,10,team2,Team 2 (E/W),58,62,23,♥,finished,2026-05-18T16:06:53.582875+00:00
6002,INPROC_1B41D2,1,10,team1,Team 1 (N/S),83,37,31,♠,finished,2026-05-18T16:06:53.592735+00:00
6003,INPROC_F2B391,1,10,team2,Team 2 (E/W),11,109,5,♣,finished,2026-05-18T16:06:53.602429+00:00
6004,INPROC_13D449,1,10,team2,Team 2 (E/W),27,93,14,♦,finished,2026-05-18T16:06:53.611206+00:00
6005,INPROC_0F0660,1,10,team1,Team 1 (N/S),74,46,31,♠,finished,2026-05-18T16:06:53.619551+00:00
6006,INPROC_B52E85,1,10,team2,Team 2 (E/W),32,88,30,♠,finished,2026-05-18T16:06:53.628547+00:00
6007,INPROC_19FB20,1,10,team2,Team 2 (E/W),39,81,4,♣,finished,2026-05-18T16:06:53.636464+00:00
6008,INPROC_D98FEE,1,10,team1,Team 1 (N/S),63,57,33,♠,finished,2026-05-18T16:06:53.644517+00:00
6009,INPROC_24C92C,1,10,team1,Team 1 (N/S),66,54,34,♠,finished,2026-05-18T16:06:53.652639+00:00
6010,INPROC_9E4518,1,10,team1,Team 1 (N/S),81,39,34,♠,finished,2026-05-18T16:06:53.661127+00:00
6011,INPROC_5392B3,1,10,team2,Team 2 (E/W),56,64,7,♣,finished,2026-05-18T16:06:53.669424+00:00
6012,INPROC_F9F715,1,10,team1,Team 1 (N/S),75,45,28,♥,finished,2026-05-18T16:06:53.687211+00:00
6013,INPROC_D125B6,1,10,team2,Team 2 (E/W),53,67,31,♠,finished,2026-05-18T16:06:53.705088+00:00
6014,INPROC_B1C847,1,10,team1,Team 1 (N/S),73,47,28,♥,finished,2026-05-18T16:06:53.721770+00:00
6015,INPROC_C4A151,1,10,team1,Team 1 (N/S),82,38,31,♠,finished,2026-05-18T16:06:53.740255+00:00
6016,INPROC_9B3B18,1,10,team2,Team 2 (E/W),36,84,7,♣,finished,2026-05-18T16:06:53.752657+00:00
6017,INPROC_D72F3A,1,10,team2,Team 2 (E/W),29,91,5,♣,finished,2026-05-18T16:06:53.765711+00:00
6018,INPROC_45AEBC,1,10,team2,Team 2 (E/W),13,107,14,♦,finished,2026-05-18T16:06:53.776553+00:00
6019,INPROC_F43E82,1,10,team2,Team 2 (E/W),35,85,27,♥,finished,2026-05-18T16:06:53.792975+00:00
6020,INPROC_E057F0,1,10,team1,Team 1 (N/S),88,32,20,♥,finished,2026-05-18T16:06:53.807673+00:00
6021,INPROC_E12C53,1,10,team2,Team 2 (E/W),47,73,15,♦,finished,2026-05-18T16:06:53.826032+00:00
6022,INPROC_07602B,1,10,team2,Team 2 (E/W),32,88,14,♦,finished,2026-05-18T16:06:53.846080+00:00
6023,INPROC_868B97,1,10,team2,Team 2 (E/W),36,84,33,♠,finished,2026-05-18T16:06:53.864691+00:00
6024,INPROC_1696E7,1,10,team2,Team 2 (E/W),31,89,17,♦,finished,2026-05-18T16:06:53.879813+00:00
6025,INPROC_320F2D,1,10,team2,Team 2 (E/W),28,92,21,♥,finished,2026-05-18T16:06:53.891746+00:00
6026,INPROC_61F77C,1,10,team2,Team 2 (E/W),55,65,39,♠,finished,2026-05-18T16:06:53.899538+00:00
6027,INPROC_F7C483,1,10,team1,Team 1 (N/S),92,28,36,♠,finished,2026-05-18T16:06:53.910532+00:00
6028,INPROC_FB39B5,1,10,team1,Team 1 (N/S),68,52,10,♦,finished,2026-05-18T16:06:53.926803+00:00
6029,INPROC_79A427,1,10,team2,Team 2 (E/W),34,86,8,♣,finished,2026-05-18T16:06:53.945398+00:00
6030,INPROC_A7CABD,1,10,team2,Team 2 (E/W),26,94,21,♥,finished,2026-05-18T16:06:53.960358+00:00
6031,INPROC_17B77D,1,10,team2,Team 2 (E/W),10,110,5,♣,finished,2026-05-18T16:06:53.978841+00:00
6032,INPROC_5E4E5A,1,10,team2,Team 2 (E/W),16,104,24,♥,finished,2026-05-18T16:06:53.997262+00:00
6033,INPROC_453286,1,10,team1,Team 1 (N/S),72,48,19,♦,finished,2026-05-18T16:06:54.016616+00:00
6034,INPROC_6A2BE8,1,10,team2,Team 2 (E/W),45,75,5,♣,finished,2026-05-18T16:06:54.034610+00:00
6035,INPROC_E5C434,1,10,team1,Team 1 (N/S),108,12,14,♦,finished,2026-05-18T16:06:54.054848+00:00
6036,INPROC_04A8E7,1,10,team2,Team 2 (E/W),49,71,27,♥,finished,2026-05-18T16:06:54.076496+00:00
6037,INPROC_80C1AE,1,10,team2,Team 2 (E/W),13,107,9,♣,finished,2026-05-18T16:06:54.084973+00:00
6038,INPROC_CF555A,1,10,team1,Team 1 (N/S),83,37,25,♥,finished,2026-05-18T16:06:54.093078+00:00
6039,INPROC_870E6C,1,10,team2,Team 2 (E/W),16,104,39,♠,finished,2026-05-18T16:06:54.101880+00:00
6040,INPROC_0B30D5,1,10,team1,Team 1 (N/S),86,34,18,♦,finished,2026-05-18T16:06:54.111058+00:00
6041,INPROC_3FA92C,1,10,team2,Team 2 (E/W),40,80,39,♠,finished,2026-05-18T16:06:54.119483+00:00
6042,INPROC_EF4D3D,1,10,team1,Team 1 (N/S),90,30,8,♣,finished,2026-05-18T16:06:54.128250+00:00
6043,INPROC_5B7206,1,10,team2,Team 2 (E/W),47,73,12,♦,finished,2026-05-18T16:06:54.136631+00:00
6044,INPROC_0956DA,1,10,team2,Team 2 (E/W),59,61,39,♠,finished,2026-05-18T16:06:54.145727+00:00
6045,INPROC_3D73F5,1,10,team1,Team 1 (N/S),73,47,37,♠,finished,2026-05-18T16:06:54.153928+00:00
6046,INPROC_820FB7,1,10,team1,Team 1 (N/S),63,57,20,♥,finished,2026-05-18T16:06:54.162268+00:00
6047,INPROC_60D3A3,1,10,team2,Team 2 (E/W),56,64,10,♦,finished,2026-05-18T16:06:54.171076+00:00
6048,INPROC_8B49B0,1,10,team2,Team 2 (E/W),40,80,20,♥,finished,2026-05-18T16:06:54.180270+00:00
6049,INPROC_4CE7DB,1,10,team2,Team 2 (E/W),57,63,39,♠,finished,2026-05-18T16:06:54.189101+00:00
6050,INPROC_003B84,1,10,team2,Team 2 (E/W),25,95,28,♥,finished,2026-05-18T16:06:54.197693+00:00
6051,INPROC_35ED0C,1,10,team1,Team 1 (N/S),65,55,6,♣,finished,2026-05-18T16:06:54.206483+00:00
6052,INPROC_F8E334,1,10,team2,Team 2 (E/W),50,70,6,♣,finished,2026-05-18T16:06:54.214870+00:00
6053,INPROC_CA5426,1,10,team2,Team 2 (E/W),14,106,20,♥,finished,2026-05-18T16:06:54.223118+00:00
6054,INPROC_199298,1,10,team1,Team 1 (N/S),75,45,15,♦,finished,2026-05-18T16:06:54.232517+00:00
6055,INPROC_9C98AE,1,10,team1,Team 1 (N/S),65,55,4,♣,finished,2026-05-18T16:06:54.241195+00:00
6056,INPROC_5D3CA8,1,10,team1,Team 1 (N/S),79,41,0,♣,finished,2026-05-18T16:06:54.249313+00:00
6057,INPROC_EAF929,1,10,team2,Team 2 (E/W),21,99,28,♥,finished,2026-05-18T16:06:54.266010+00:00
6058,INPROC_C35B2E,1,10,team1,Team 1 (N/S),70,50,15,♦,finished,2026-05-18T16:06:54.275577+00:00
6059,INPROC_56DE51,1,10,team1,Team 1 (N/S),82,38,15,♦,finished,2026-05-18T16:06:54.294489+00:00
6060,INPROC_4E6253,1,10,team2,Team 2 (E/W),52,68,38,♠,finished,2026-05-18T16:06:54.306720+00:00
6061,INPROC_D7A1F7,1,10,team2,Team 2 (E/W),34,86,9,♣,finished,2026-05-18T16:06:54.321703+00:00
6062,INPROC_FA289D,1,10,team2,Team 2 (E/W),49,71,29,♥,finished,2026-05-18T16:06:54.332823+00:00
6063,INPROC_8CAFE0,1,10,team1,Team 1 (N/S),74,46,38,♠,finished,2026-05-18T16:06:54.342632+00:00
6064,INPROC_ACBA43,1,10,team2,Team 2 (E/W),56,64,22,♥,finished,2026-05-18T16:06:54.351025+00:00
6065,INPROC_F19BD3,1,10,team1,Team 1 (N/S),76,44,39,♠,finished,2026-05-18T16:06:54.358999+00:00
6066,INPROC_1AB9DD,1,10,team2,Team 2 (E/W),51,69,8,♣,finished,2026-05-18T16:06:54.367352+00:00
6067,INPROC_575087,1,10,team1,Team 1 (N/S),71,49,36,♠,finished,2026-05-18T16:06:54.381121+00:00
6068,INPROC_CA1F25,1,10,draw,draw,60,60,14,♦,finished,2026-05-18T16:06:54.396477+00:00
6069,INPROC_194E64,1,10,team1,Team 1 (N/S),101,19,14,♦,finished,2026-05-18T16:06:54.417069+00:00
6070,INPROC_AFF539,1,10,team1,Team 1 (N/S),103,17,2,♣,finished,2026-05-18T16:06:54.438032+00:00
6071,INPROC_AF24F3,1,10,team1,Team 1 (N/S),74,46,31,♠,finished,2026-05-18T16:06:54.459771+00:00
6072,INPROC_B16EBE,1,10,team1,Team 1 (N/S),70,50,3,♣,finished,2026-05-18T16:06:54.476711+00:00
6073,INPROC_16B085,1,10,team2,Team 2 (E/W),46,74,18,♦,finished,2026-05-18T16:06:54.488468+00:00
6074,INPROC_44461B,1,10,team2,Team 2 (E/W),47,73,16,♦,finished,2026-05-18T16:06:54.502702+00:00
6075,INPROC_62BA65,1,10,team2,Team 2 (E/W),59,61,4,♣,finished,2026-05-18T16:06:54.513010+00:00
6076,INPROC_44658F,1,10,team2,Team 2 (E/W),36,84,16,♦,finished,2026-05-18T16:06:54.528111+00:00
6077,INPROC_0BB3FB,1,10,team2,Team 2 (E/W),43,77,15,♦,finished,2026-05-18T16:06:54.538884+00:00
6078,INPROC_6D11B9,1,10,team2,Team 2 (E/W),45,75,26,♥,finished,2026-05-18T16:06:54.552915+00:00
6079,INPROC_58C975,1,10,team1,Team 1 (N/S),95,25,26,♥,finished,2026-05-18T16:06:54.563595+00:00
6080,INPROC_6919A7,1,10,team2,Team 2 (E/W),46,74,29,♥,finished,2026-05-18T16:06:54.577617+00:00
6081,INPROC_65E443,1,10,team1,Team 1 (N/S),79,41,17,♦,finished,2026-05-18T16:06:54.596641+00:00
6082,INPROC_C57C9C,1,10,team2,Team 2 (E/W),50,70,20,♥,finished,2026-05-18T16:06:54.614959+00:00
6083,INPROC_E820FD,1,10,team2,Team 2 (E/W),38,82,22,♥,finished,2026-05-18T16:06:54.632285+00:00
6084,INPROC_103B39,1,10,team2,Team 2 (E/W),56,64,38,♠,finished,2026-05-18T16:06:54.652954+00:00
6085,INPROC_D012FD,1,10,team2,Team 2 (E/W),57,63,23,♥,finished,2026-05-18T16:06:54.672828+00:00
6086,INPROC_8183B1,1,10,team2,Team 2 (E/W),45,75,11,♦,finished,2026-05-18T16:06:54.682116+00:00
6087,INPROC_7E123A,1,10,team1,Team 1 (N/S),100,20,18,♦,finished,2026-05-18T16:06:54.693299+00:00
6088,INPROC_C12B65,1,10,team1,Team 1 (N/S),69,51,17,♦,finished,2026-05-18T16:06:54.705546+00:00
6089,INPROC_8C0328,1,10,team2,Team 2 (E/W),32,88,2,♣,finished,2026-05-18T16:06:54.724670+00:00
6090,INPROC_A49356,1,10,team2,Team 2 (E/W),52,68,10,♦,finished,2026-05-18T16:06:54.745120+00:00
6091,INPROC_41B95C,1,10,team2,Team 2 (E/W),24,96,36,♠,finished,2026-05-18T16:06:54.765155+00:00
6092,INPROC_BB67E6,1,10,team2,Team 2 (E/W),2,118,35,♠,finished,2026-05-18T16:06:54.782813+00:00
6093,INPROC_8A9B05,1,10,team2,Team 2 (E/W),31,89,32,♠,finished,2026-05-18T16:06:54.797197+00:00
6094,INPROC_7CCC1C,1,10,team2,Team 2 (E/W),24,96,19,♦,finished,2026-05-18T16:06:54.805448+00:00
6095,INPROC_E08BB0,1,10,team1,Team 1 (N/S),76,44,30,♠,finished,2026-05-18T16:06:54.815762+00:00
6096,INPROC_D0D8F9,1,10,team1,Team 1 (N/S),68,52,9,♣,finished,2026-05-18T16:06:54.827272+00:00
6097,INPROC_FFFE98,1,10,team2,Team 2 (E/W),44,76,17,♦,finished,2026-05-18T16:06:54.840432+00:00
6098,INPROC_FCB642,1,10,team2,Team 2 (E/W),48,72,26,♥,finished,2026-05-18T16:06:54.849934+00:00
6099,INPROC_854C6B,1,10,team2,Team 2 (E/W),44,76,11,♦,finished,2026-05-18T16:06:54.863638+00:00
6100,INPROC_B256B3,1,10,team2,Team 2 (E/W),50,70,29,♥,finished,2026-05-18T16:06:54.882683+00:00
6101,INPROC_211B7E,1,10,team1,Team 1 (N/S),79,41,34,♠,finished,2026-05-18T16:06:54.902156+00:00
6102,INPROC_35C4AF,1,10,team1,Team 1 (N/S),69,51,17,♦,finished,2026-05-18T16:06:54.919178+00:00
6103,INPROC_1A2763,1,10,team2,Team 2 (E/W),21,99,14,♦,finished,2026-05-18T16:06:54.939629+00:00
6104,INPROC_D1AAB8,1,10,team2,Team 2 (E/W),14,106,18,♦,finished,2026-05-18T16:06:54.963213+00:00
6105,INPROC_3FA8CE,1,10,team2,Team 2 (E/W),52,68,15,♦,finished,2026-05-18T16:06:54.975473+00:00
6106,INPROC_868A00,1,10,team1,Team 1 (N/S),70,50,17,♦,finished,2026-05-18T16:06:54.985824+00:00
6107,INPROC_8CA6A6,1,10,team1,Team 1 (N/S),77,43,39,♠,finished,2026-05-18T16:06:54.994408+00:00
6108,INPROC_D593C3,1,10,team1,Team 1 (N/S),77,43,16,♦,finished,2026-05-18T16:06:55.007812+00:00
6109,INPROC_2BAE3B,1,10,team2,Team 2 (E/W),9,111,27,♥,finished,2026-05-18T16:06:55.019086+00:00
6110,INPROC_E7C736,1,10,team1,Team 1 (N/S),83,37,0,♣,finished,2026-05-18T16:06:55.034612+00:00
6111,INPROC_D5A7E2,1,10,team1,Team 1 (N/S),85,35,5,♣,finished,2026-05-18T16:06:55.049080+00:00
6112,INPROC_496C70,1,10,team2,Team 2 (E/W),29,91,16,♦,finished,2026-05-18T16:06:55.064228+00:00
6113,INPROC_D2BBFC,1,10,team2,Team 2 (E/W),5,115,6,♣,finished,2026-05-18T16:06:55.077572+00:00
6114,INPROC_E3C494,1,10,team2,Team 2 (E/W),36,84,38,♠,finished,2026-05-18T16:06:55.085445+00:00
6115,INPROC_219C27,1,10,team1,Team 1 (N/S),101,19,11,♦,finished,2026-05-18T16:06:55.093983+00:00
6116,INPROC_F6D1C0,1,10,team1,Team 1 (N/S),81,39,27,♥,finished,2026-05-18T16:06:55.102421+00:00
6117,INPROC_4C8AEC,1,10,team1,Team 1 (N/S),87,33,39,♠,finished,2026-05-18T16:06:55.110566+00:00
6118,INPROC_5B7418,1,10,team2,Team 2 (E/W),56,64,34,♠,finished,2026-05-18T16:06:55.118776+00:00
6119,INPROC_207EB1,1,10,team2,Team 2 (E/W),35,85,36,♠,finished,2026-05-18T16:06:55.128474+00:00
6120,INPROC_FD8B0A,1,10,team2,Team 2 (E/W),18,102,33,♠,finished,2026-05-18T16:06:55.136660+00:00
6121,INPROC_4C5705,1,10,team1,Team 1 (N/S),72,48,5,♣,finished,2026-05-18T16:06:55.144746+00:00
6122,INPROC_A59B85,1,10,team2,Team 2 (E/W),2,118,16,♦,finished,2026-05-18T16:06:55.153018+00:00
6123,INPROC_3BBEDD,1,10,team2,Team 2 (E/W),21,99,27,♥,finished,2026-05-18T16:06:55.160725+00:00
6124,INPROC_C7FEA5,1,10,team1,Team 1 (N/S),70,50,24,♥,finished,2026-05-18T16:06:55.169319+00:00
6125,INPROC_CB7F52,1,10,team1,Team 1 (N/S),82,38,33,♠,finished,2026-05-18T16:06:55.177923+00:00
6126,INPROC_5F01D0,1,10,team2,Team 2 (E/W),32,88,18,♦,finished,2026-05-18T16:06:55.186594+00:00
6127,INPROC_C082CA,1,10,team1,Team 1 (N/S),65,55,39,♠,finished,2026-05-18T16:06:55.194785+00:00
6128,INPROC_9DE489,1,10,team1,Team 1 (N/S),111,9,0,♣,finished,2026-05-18T16:06:55.202854+00:00
6129,INPROC_0626C1,1,10,team1,Team 1 (N/S),83,37,24,♥,finished,2026-05-18T16:06:55.210947+00:00
6130,INPROC_C65D7B,1,10,team2,Team 2 (E/W),26,94,12,♦,finished,2026-05-18T16:06:55.220462+00:00
6131,INPROC_F4612A,1,10,team1,Team 1 (N/S),83,37,36,♠,finished,2026-05-18T16:06:55.229303+00:00
6132,INPROC_E8AEBF,1,10,team2,Team 2 (E/W),36,84,2,♣,finished,2026-05-18T16:06:55.237915+00:00
6133,INPROC_6762CD,1,10,team2,Team 2 (E/W),22,98,7,♣,finished,2026-05-18T16:06:55.246796+00:00
6134,INPROC_8428D5,1,10,team2,Team 2 (E/W),39,81,29,♥,finished,2026-05-18T16:06:55.255061+00:00
6135,INPROC_DF08B7,1,10,team2,Team 2 (E/W),54,66,15,♦,finished,2026-05-18T16:06:55.265011+00:00
6136,INPROC_2E9C21,1,10,team2,Team 2 (E/W),17,103,37,♠,finished,2026-05-18T16:06:55.273826+00:00
6137,INPROC_F46C06,1,10,team2,Team 2 (E/W),56,64,1,♣,finished,2026-05-18T16:06:55.282339+00:00
6138,INPROC_2FE5FE,1,10,team1,Team 1 (N/S),80,40,31,♠,finished,2026-05-18T16:06:55.297314+00:00
6139,INPROC_34E0A0,1,10,team2,Team 2 (E/W),21,99,8,♣,finished,2026-05-18T16:06:55.305377+00:00
6140,INPROC_2CA28D,1,10,draw,draw,60,60,10,♦,finished,2026-05-18T16:06:55.313655+00:00
6141,INPROC_27FD96,1,10,team2,Team 2 (E/W),33,87,16,♦,finished,2026-05-18T16:06:55.329111+00:00
6142,INPROC_6595AC,1,10,team2,Team 2 (E/W),23,97,7,♣,finished,2026-05-18T16:06:55.343680+00:00
6143,INPROC_953EDD,1,10,team2,Team 2 (E/W),35,85,15,♦,finished,2026-05-18T16:06:55.351718+00:00
6144,INPROC_AA751A,1,10,team2,Team 2 (E/W),54,66,34,♠,finished,2026-05-18T16:06:55.359983+00:00
6145,INPROC_E6D2EC,1,10,team2,Team 2 (E/W),52,68,29,♥,finished,2026-05-18T16:06:55.369241+00:00
6146,INPROC_5414D5,1,10,team2,Team 2 (E/W),15,105,22,♥,finished,2026-05-18T16:06:55.377025+00:00
6147,INPROC_41BF40,1,10,team2,Team 2 (E/W),37,83,22,♥,finished,2026-05-18T16:06:55.385716+00:00
6148,INPROC_0B45CB,1,10,team2,Team 2 (E/W),33,87,27,♥,finished,2026-05-18T16:06:55.394252+00:00
6149,INPROC_99901D,1,10,team2,Team 2 (E/W),32,88,23,♥,finished,2026-05-18T16:06:55.402602+00:00
6150,INPROC_E60314,1,10,team2,Team 2 (E/W),55,65,34,♠,finished,2026-05-18T16:06:55.411295+00:00
6151,INPROC_42652E,1,10,team2,Team 2 (E/W),54,66,13,♦,finished,2026-05-18T16:06:55.419734+00:00
6152,INPROC_B80FF0,1,10,team1,Team 1 (N/S),72,48,4,♣,finished,2026-05-18T16:06:55.427798+00:00
6153,INPROC_9FDA6E,1,10,team1,Team 1 (N/S),81,39,24,♥,finished,2026-05-18T16:06:55.436870+00:00
6154,INPROC_FA23A3,1,10,team1,Team 1 (N/S),90,30,6,♣,finished,2026-05-18T16:06:55.445834+00:00
6155,INPROC_A3EEEC,1,10,team1,Team 1 (N/S),100,20,30,♠,finished,2026-05-18T16:06:55.455305+00:00
6156,INPROC_EE1D6A,1,10,team1,Team 1 (N/S),79,41,31,♠,finished,2026-05-18T16:06:55.463618+00:00
6157,INPROC_8E062F,1,10,team2,Team 2 (E/W),38,82,3,♣,finished,2026-05-18T16:06:55.471832+00:00
6158,INPROC_3E70B5,1,10,team2,Team 2 (E/W),51,69,2,♣,finished,2026-05-18T16:06:55.480042+00:00
6159,INPROC_C7EF03,1,10,team2,Team 2 (E/W),50,70,35,♠,finished,2026-05-18T16:06:55.488131+00:00
6160,INPROC_877510,1,10,team2,Team 2 (E/W),34,86,31,♠,finished,2026-05-18T16:06:55.496819+00:00
6161,INPROC_44FB60,1,10,team2,Team 2 (E/W),10,110,38,♠,finished,2026-05-18T16:06:55.505274+00:00
6162,INPROC_81BCCD,1,10,team2,Team 2 (E/W),56,64,22,♥,finished,2026-05-18T16:06:55.514290+00:00
6163,INPROC_9E9B1B,1,10,team2,Team 2 (E/W),56,64,0,♣,finished,2026-05-18T16:06:55.522370+00:00
6164,INPROC_CFF486,1,10,team2,Team 2 (E/W),52,68,12,♦,finished,2026-05-18T16:06:55.530929+00:00
6165,INPROC_ED51D3,1,10,team1,Team 1 (N/S),79,41,21,♥,finished,2026-05-18T16:06:55.539450+00:00
6166,INPROC_FBEE5B,1,10,team2,Team 2 (E/W),50,70,4,♣,finished,2026-05-18T16:06:55.548690+00:00
6167,INPROC_29A3B1,1,10,team2,Team 2 (E/W),49,71,38,♠,finished,2026-05-18T16:06:55.557136+00:00
6168,INPROC_C8825D,1,10,team2,Team 2 (E/W),47,73,17,♦,finished,2026-05-18T16:06:55.565608+00:00
6169,INPROC_2CC0B0,1,10,team1,Team 1 (N/S),69,51,4,♣,finished,2026-05-18T16:06:55.574484+00:00
6170,INPROC_4DD1F4,1,10,team2,Team 2 (E/W),17,103,18,♦,finished,2026-05-18T16:06:55.593623+00:00
6171,INPROC_8193C5,1,10,team1,Team 1 (N/S),77,43,10,♦,finished,2026-05-18T16:06:55.602342+00:00
6172,INPROC_A4CBD0,1,10,team2,Team 2 (E/W),54,66,36,♠,finished,2026-05-18T16:06:55.610722+00:00
6173,INPROC_6A14DE,1,10,team1,Team 1 (N/S),70,50,36,♠,finished,2026-05-18T16:06:55.628207+00:00
6174,INPROC_803DB9,1,10,team1,Team 1 (N/S),66,54,19,♦,finished,2026-05-18T16:06:55.638660+00:00
6175,INPROC_11BC8E,1,10,team1,Team 1 (N/S),74,46,28,♥,finished,2026-05-18T16:06:55.655666+00:00
6176,INPROC_B33182,1,10,team2,Team 2 (E/W),45,75,2,♣,finished,2026-05-18T16:06:55.663911+00:00
6177,INPROC_008FD8,1,10,team1,Team 1 (N/S),66,54,37,♠,finished,2026-05-18T16:06:55.671704+00:00
6178,INPROC_29E183,1,10,team1,Team 1 (N/S),72,48,39,♠,finished,2026-05-18T16:06:55.679901+00:00
6179,INPROC_C88999,1,10,team1,Team 1 (N/S),72,48,28,♥,finished,2026-05-18T16:06:55.689412+00:00
6180,INPROC_0DE58B,1,10,team2,Team 2 (E/W),31,89,2,♣,finished,2026-05-18T16:06:55.697928+00:00
6181,INPROC_034E14,1,10,team1,Team 1 (N/S),69,51,9,♣,finished,2026-05-18T16:06:55.707251+00:00
6182,INPROC_70335D,1,10,team2,Team 2 (E/W),54,66,10,♦,finished,2026-05-18T16:06:55.715712+00:00
6183,INPROC_F07489,1,10,team1,Team 1 (N/S),79,41,20,♥,finished,2026-05-18T16:06:55.724735+00:00
6184,INPROC_951006,1,10,team1,Team 1 (N/S),84,36,7,♣,finished,2026-05-18T16:06:55.732316+00:00
6185,INPROC_73ED99,1,10,team2,Team 2 (E/W),44,76,31,♠,finished,2026-05-18T16:06:55.741147+00:00
6186,INPROC_8DE168,1,10,team1,Team 1 (N/S),92,28,10,♦,finished,2026-05-18T16:06:55.749936+00:00
6187,INPROC_348AF5,1,10,team2,Team 2 (E/W),48,72,28,♥,finished,2026-05-18T16:06:55.758316+00:00
6188,INPROC_29A802,1,10,team1,Team 1 (N/S),71,49,22,♥,finished,2026-05-18T16:06:55.766692+00:00
6189,INPROC_2555CD,1,10,team1,Team 1 (N/S),97,23,36,♠,finished,2026-05-18T16:06:55.775573+00:00
6190,INPROC_759701,1,10,team2,Team 2 (E/W),58,62,6,♣,finished,2026-05-18T16:06:55.783871+00:00
6191,INPROC_7E15B1,1,10,team1,Team 1 (N/S),63,57,17,♦,finished,2026-05-18T16:06:55.793588+00:00
6192,INPROC_9D7CD8,1,10,team1,Team 1 (N/S),72,48,4,♣,finished,2026-05-18T16:06:55.802041+00:00
6193,INPROC_493C3D,1,10,team2,Team 2 (E/W),47,73,10,♦,finished,2026-05-18T16:06:55.811845+00:00
6194,INPROC_902207,1,10,team1,Team 1 (N/S),69,51,5,♣,finished,2026-05-18T16:06:55.820573+00:00
6195,INPROC_CCD748,1,10,team2,Team 2 (E/W),40,80,30,♠,finished,2026-05-18T16:06:55.835641+00:00
6196,INPROC_0004CB,1,10,team1,Team 1 (N/S),87,33,29,♥,finished,2026-05-18T16:06:55.851223+00:00
6197,INPROC_E1E8E0,1,10,team2,Team 2 (E/W),38,82,7,♣,finished,2026-05-18T16:06:55.869172+00:00
6198,INPROC_0C6FD4,1,10,team2,Team 2 (E/W),57,63,0,♣,finished,2026-05-18T16:06:55.887263+00:00
6199,INPROC_57CE6A,1,10,team2,Team 2 (E/W),14,106,28,♥,finished,2026-05-18T16:06:55.908074+00:00
6200,INPROC_4F9704,1,10,team2,Team 2 (E/W),22,98,25,♥,finished,2026-05-18T16:06:55.922280+00:00
6201,INPROC_355566,1,10,team1,Team 1 (N/S),74,46,27,♥,finished,2026-05-18T16:06:55.930560+00:00
6202,INPROC_743AEA,1,10,team1,Team 1 (N/S),76,44,26,♥,finished,2026-05-18T16:06:55.938474+00:00
6203,INPROC_B53FAF,1,10,team2,Team 2 (E/W),51,69,25,♥,finished,2026-05-18T16:06:55.952577+00:00
6204,INPROC_7ACCA6,1,10,team1,Team 1 (N/S),65,55,39,♠,finished,2026-05-18T16:06:55.960585+00:00
6205,INPROC_E88041,1,10,team2,Team 2 (E/W),58,62,22,♥,finished,2026-05-18T16:06:55.975035+00:00
6206,INPROC_99AF2E,1,10,team2,Team 2 (E/W),11,109,31,♠,finished,2026-05-18T16:06:55.987711+00:00
6207,INPROC_F761CA,1,10,team1,Team 1 (N/S),84,36,3,♣,finished,2026-05-18T16:06:55.999105+00:00
6208,INPROC_F42E37,1,10,team1,Team 1 (N/S),86,34,17,♦,finished,2026-05-18T16:06:56.007415+00:00
6209,INPROC_220356,1,10,team2,Team 2 (E/W),49,71,37,♠,finished,2026-05-18T16:06:56.021869+00:00
6210,INPROC_7290EA,1,10,team2,Team 2 (E/W),51,69,23,♥,finished,2026-05-18T16:06:56.038213+00:00
6211,INPROC_09C411,1,10,team1,Team 1 (N/S),90,30,4,♣,finished,2026-05-18T16:06:56.051472+00:00
6212,INPROC_705871,1,10,team2,Team 2 (E/W),54,66,3,♣,finished,2026-05-18T16:06:56.061550+00:00
6213,INPROC_C7490A,1,10,team2,Team 2 (E/W),54,66,8,♣,finished,2026-05-18T16:06:56.069483+00:00
6214,INPROC_5C659C,1,10,team2,Team 2 (E/W),32,88,22,♥,finished,2026-05-18T16:06:56.078478+00:00
6215,INPROC_F793B8,1,10,team2,Team 2 (E/W),49,71,27,♥,finished,2026-05-18T16:06:56.086996+00:00
6216,INPROC_1B3673,1,10,team2,Team 2 (E/W),46,74,16,♦,finished,2026-05-18T16:06:56.095120+00:00
6217,INPROC_DED0AF,1,10,team1,Team 1 (N/S),100,20,33,♠,finished,2026-05-18T16:06:56.103956+00:00
6218,INPROC_DE059E,1,10,team2,Team 2 (E/W),42,78,23,♥,finished,2026-05-18T16:06:56.113390+00:00
6219,INPROC_83D3E8,1,10,team2,Team 2 (E/W),26,94,34,♠,finished,2026-05-18T16:06:56.129842+00:00
6220,INPROC_A58CF6,1,10,team1,Team 1 (N/S),67,53,33,♠,finished,2026-05-18T16:06:56.144854+00:00
6221,INPROC_990C23,1,10,team2,Team 2 (E/W),51,69,36,♠,finished,2026-05-18T16:06:56.156773+00:00
6222,INPROC_A0FF2E,1,10,team1,Team 1 (N/S),71,49,37,♠,finished,2026-05-18T16:06:56.170872+00:00
6223,INPROC_247599,1,10,team2,Team 2 (E/W),42,78,2,♣,finished,2026-05-18T16:06:56.186528+00:00
6224,INPROC_6E4E63,1,10,team2,Team 2 (E/W),47,73,39,♠,finished,2026-05-18T16:06:56.194473+00:00
6225,INPROC_4F905D,1,10,team2,Team 2 (E/W),39,81,6,♣,finished,2026-05-18T16:06:56.202820+00:00
6226,INPROC_C8CCDD,1,10,team2,Team 2 (E/W),35,85,28,♥,finished,2026-05-18T16:06:56.211359+00:00
6227,INPROC_A53D81,1,10,team1,Team 1 (N/S),67,53,19,♦,finished,2026-05-18T16:06:56.220210+00:00
6228,INPROC_48ED26,1,10,team1,Team 1 (N/S),61,59,35,♠,finished,2026-05-18T16:06:56.228641+00:00
6229,INPROC_0B5200,1,10,team2,Team 2 (E/W),44,76,31,♠,finished,2026-05-18T16:06:56.246347+00:00
6230,INPROC_706337,1,10,team2,Team 2 (E/W),41,79,26,♥,finished,2026-05-18T16:06:56.263442+00:00
6231,INPROC_8D1FF8,1,10,team1,Team 1 (N/S),61,59,4,♣,finished,2026-05-18T16:06:56.275206+00:00
6232,INPROC_3CD402,1,10,team2,Team 2 (E/W),25,95,1,♣,finished,2026-05-18T16:06:56.293308+00:00
6233,INPROC_B9634A,1,10,team1,Team 1 (N/S),62,58,37,♠,finished,2026-05-18T16:06:56.315345+00:00
6234,INPROC_E5116A,1,10,team2,Team 2 (E/W),39,81,26,♥,finished,2026-05-18T16:06:56.333251+00:00
6235,INPROC_40D43B,1,10,team2,Team 2 (E/W),16,104,32,♠,finished,2026-05-18T16:06:56.353502+00:00
6236,INPROC_A79E9B,1,10,team1,Team 1 (N/S),106,14,25,♥,finished,2026-05-18T16:06:56.376729+00:00
6237,INPROC_B3518F,1,10,team1,Team 1 (N/S),70,50,1,♣,finished,2026-05-18T16:06:56.399567+00:00
6238,INPROC_6A47B0,1,10,team1,Team 1 (N/S),80,40,8,♣,finished,2026-05-18T16:06:56.419188+00:00
6239,INPROC_A55240,1,10,team1,Team 1 (N/S),76,44,32,♠,finished,2026-05-18T16:06:56.427409+00:00
6240,INPROC_CE4DCE,1,10,team1,Team 1 (N/S),83,37,34,♠,finished,2026-05-18T16:06:56.436475+00:00
6241,INPROC_337F0E,1,10,team2,Team 2 (E/W),23,97,8,♣,finished,2026-05-18T16:06:56.444603+00:00
6242,INPROC_4AB607,1,10,team2,Team 2 (E/W),29,91,25,♥,finished,2026-05-18T16:06:56.457291+00:00
6243,INPROC_86AE70,1,10,team2,Team 2 (E/W),28,92,11,♦,finished,2026-05-18T16:06:56.465476+00:00
6244,INPROC_97BE73,1,10,team2,Team 2 (E/W),50,70,8,♣,finished,2026-05-18T16:06:56.481376+00:00
6245,INPROC_E7B043,1,10,team1,Team 1 (N/S),77,43,19,♦,finished,2026-05-18T16:06:56.489151+00:00
6246,INPROC_593CFD,1,10,team2,Team 2 (E/W),35,85,30,♠,finished,2026-05-18T16:06:56.501542+00:00
6247,INPROC_D276CC,1,10,team2,Team 2 (E/W),58,62,28,♥,finished,2026-05-18T16:06:56.514695+00:00
6248,INPROC_C3DC91,1,10,team1,Team 1 (N/S),107,13,33,♠,finished,2026-05-18T16:06:56.530346+00:00
6249,INPROC_A2B750,1,10,team2,Team 2 (E/W),37,83,29,♥,finished,2026-05-18T16:06:56.538241+00:00
6250,INPROC_B5135E,1,10,team1,Team 1 (N/S),61,59,29,♥,finished,2026-05-18T16:06:56.547089+00:00
6251,INPROC_7BE452,1,10,team2,Team 2 (E/W),58,62,1,♣,finished,2026-05-18T16:06:56.557700+00:00
6252,INPROC_4287B0,1,10,team1,Team 1 (N/S),71,49,28,♥,finished,2026-05-18T16:06:56.565512+00:00
6253,INPROC_60B9E9,1,10,team2,Team 2 (E/W),52,68,1,♣,finished,2026-05-18T16:06:56.577597+00:00
6254,INPROC_405C1E,1,10,draw,draw,60,60,27,♥,finished,2026-05-18T16:06:56.588335+00:00
6255,INPROC_A98EBE,1,10,team1,Team 1 (N/S),66,54,7,♣,finished,2026-05-18T16:06:56.606713+00:00
6256,INPROC_585FF0,1,10,team2,Team 2 (E/W),52,68,6,♣,finished,2026-05-18T16:06:56.623376+00:00
6257,INPROC_52CE99,1,10,team2,Team 2 (E/W),56,64,4,♣,finished,2026-05-18T16:06:56.640287+00:00
6258,INPROC_A8B281,1,10,team1,Team 1 (N/S),70,50,31,♠,finished,2026-05-18T16:06:56.656640+00:00
6259,INPROC_71F7A8,1,10,team2,Team 2 (E/W),13,107,26,♥,finished,2026-05-18T16:06:56.673803+00:00
6260,INPROC_4307A6,1,10,team1,Team 1 (N/S),82,38,18,♦,finished,2026-05-18T16:06:56.682121+00:00
6261,INPROC_34B8E8,1,10,team1,Team 1 (N/S),85,35,31,♠,finished,2026-05-18T16:06:56.695337+00:00
6262,INPROC_B50FFE,1,10,team2,Team 2 (E/W),32,88,15,♦,finished,2026-05-18T16:06:56.707466+00:00
6263,INPROC_A5D6B9,1,10,team2,Team 2 (E/W),59,61,25,♥,finished,2026-05-18T16:06:56.718269+00:00
6264,INPROC_B85E6A,1,10,team2,Team 2 (E/W),38,82,16,♦,finished,2026-05-18T16:06:56.732594+00:00
6265,INPROC_F2D512,1,10,team1,Team 1 (N/S),99,21,33,♠,finished,2026-05-18T16:06:56.747760+00:00
6266,INPROC_1D90CF,1,10,team2,Team 2 (E/W),5,115,38,♠,finished,2026-05-18T16:06:56.764191+00:00
6267,INPROC_9C83A6,1,10,team2,Team 2 (E/W),42,78,19,♦,finished,2026-05-18T16:06:56.784610+00:00
6268,INPROC_61FA59,1,10,team2,Team 2 (E/W),30,90,26,♥,finished,2026-05-18T16:06:56.805502+00:00
6269,INPROC_8EF389,1,10,team2,Team 2 (E/W),41,79,20,♥,finished,2026-05-18T16:06:56.820911+00:00
6270,INPROC_B83B8F,1,10,team2,Team 2 (E/W),48,72,28,♥,finished,2026-05-18T16:06:56.828922+00:00
6271,INPROC_AA9EB3,1,10,team1,Team 1 (N/S),86,34,26,♥,finished,2026-05-18T16:06:56.837554+00:00
6272,INPROC_B29409,1,10,draw,draw,60,60,39,♠,finished,2026-05-18T16:06:56.847178+00:00
6273,INPROC_76CF33,1,10,team2,Team 2 (E/W),54,66,33,♠,finished,2026-05-18T16:06:56.856393+00:00
6274,INPROC_7F8386,1,10,team2,Team 2 (E/W),56,64,17,♦,finished,2026-05-18T16:06:56.866436+00:00
6275,INPROC_CAFB2E,1,10,team2,Team 2 (E/W),58,62,8,♣,finished,2026-05-18T16:06:56.875517+00:00
6276,INPROC_687981,1,10,team2,Team 2 (E/W),49,71,27,♥,finished,2026-05-18T16:06:56.885272+00:00
6277,INPROC_81EF8B,1,10,team1,Team 1 (N/S),63,57,26,♥,finished,2026-05-18T16:06:56.902396+00:00
6278,INPROC_75ABCF,1,10,team2,Team 2 (E/W),35,85,33,♠,finished,2026-05-18T16:06:56.916045+00:00
6279,INPROC_F7841B,1,10,team1,Team 1 (N/S),87,33,16,♦,finished,2026-05-18T16:06:56.930607+00:00
6280,INPROC_259DED,1,10,draw,draw,60,60,28,♥,finished,2026-05-18T16:06:56.940667+00:00
6281,INPROC_9988FB,1,10,team1,Team 1 (N/S),68,52,36,♠,finished,2026-05-18T16:06:56.950492+00:00
6282,INPROC_F62D10,1,10,team1,Team 1 (N/S),83,37,38,♠,finished,2026-05-18T16:06:56.959605+00:00
6283,INPROC_C67BFC,1,10,team2,Team 2 (E/W),24,96,4,♣,finished,2026-05-18T16:06:56.973374+00:00
6284,INPROC_2BAAEB,1,10,team2,Team 2 (E/W),45,75,34,♠,finished,2026-05-18T16:06:56.987056+00:00
6285,INPROC_5570E1,1,10,team2,Team 2 (E/W),41,79,1,♣,finished,2026-05-18T16:06:57.002331+00:00
6286,INPROC_9A8709,1,10,team1,Team 1 (N/S),93,27,4,♣,finished,2026-05-18T16:06:57.017160+00:00
6287,INPROC_26AF5F,1,10,team1,Team 1 (N/S),94,26,7,♣,finished,2026-05-18T16:06:57.031657+00:00
6288,INPROC_A50121,1,10,team1,Team 1 (N/S),85,35,24,♥,finished,2026-05-18T16:06:57.052890+00:00
6289,INPROC_DEB63D,1,10,team2,Team 2 (E/W),39,81,8,♣,finished,2026-05-18T16:06:57.074062+00:00
6290,INPROC_56B782,1,10,team2,Team 2 (E/W),17,103,30,♠,finished,2026-05-18T16:06:57.093984+00:00
6291,INPROC_86F254,1,10,team2,Team 2 (E/W),44,76,23,♥,finished,2026-05-18T16:06:57.113819+00:00
6292,INPROC_7C7C82,1,10,team2,Team 2 (E/W),21,99,10,♦,finished,2026-05-18T16:06:57.136468+00:00
6293,INPROC_E7B953,1,10,team1,Team 1 (N/S),64,56,5,♣,finished,2026-05-18T16:06:57.153640+00:00
6294,INPROC_F423D6,1,10,team2,Team 2 (E/W),57,63,0,♣,finished,2026-05-18T16:06:57.171299+00:00
6295,INPROC_BCB849,1,10,team2,Team 2 (E/W),32,88,18,♦,finished,2026-05-18T16:06:57.185216+00:00
6296,INPROC_998D7E,1,10,team2,Team 2 (E/W),43,77,36,♠,finished,2026-05-18T16:06:57.198900+00:00
6297,INPROC_7EB811,1,10,team1,Team 1 (N/S),86,34,2,♣,finished,2026-05-18T16:06:57.212613+00:00
6298,INPROC_60B931,1,10,team2,Team 2 (E/W),43,77,13,♦,finished,2026-05-18T16:06:57.220538+00:00
6299,INPROC_DDE5F8,1,10,team1,Team 1 (N/S),70,50,37,♠,finished,2026-05-18T16:06:57.233356+00:00
6300,INPROC_23AAC6,1,10,team2,Team 2 (E/W),31,89,21,♥,finished,2026-05-18T16:06:57.241980+00:00
6301,INPROC_AC59DB,1,10,team1,Team 1 (N/S),80,40,36,♠,finished,2026-05-18T16:06:57.250975+00:00
6302,INPROC_267BB9,1,10,team1,Team 1 (N/S),111,9,17,♦,finished,2026-05-18T16:06:57.261298+00:00
6303,INPROC_15DDF8,1,10,team1,Team 1 (N/S),77,43,20,♥,finished,2026-05-18T16:06:57.271577+00:00
6304,INPROC_9F88BF,1,10,team2,Team 2 (E/W),43,77,19,♦,finished,2026-05-18T16:06:57.279433+00:00
6305,INPROC_D97514,1,10,draw,draw,60,60,10,♦,finished,2026-05-18T16:06:57.293120+00:00
6306,INPROC_604066,1,10,team2,Team 2 (E/W),28,92,15,♦,finished,2026-05-18T16:06:57.304336+00:00
6307,INPROC_E5BBA6,1,10,team1,Team 1 (N/S),72,48,34,♠,finished,2026-05-18T16:06:57.312594+00:00
6308,INPROC_3A3D73,1,10,team1,Team 1 (N/S),66,54,4,♣,finished,2026-05-18T16:06:57.321415+00:00
6309,INPROC_C99C86,1,10,team2,Team 2 (E/W),55,65,16,♦,finished,2026-05-18T16:06:57.332070+00:00
6310,INPROC_31567F,1,10,team1,Team 1 (N/S),66,54,23,♥,finished,2026-05-18T16:06:57.341398+00:00
6311,INPROC_40C6E0,1,10,team2,Team 2 (E/W),9,111,13,♦,finished,2026-05-18T16:06:57.351429+00:00
6312,INPROC_A34150,1,10,team2,Team 2 (E/W),14,106,2,♣,finished,2026-05-18T16:06:57.361234+00:00
6313,INPROC_B2F1AB,1,10,team1,Team 1 (N/S),98,22,27,♥,finished,2026-05-18T16:06:57.379477+00:00
6314,INPROC_31F65A,1,10,team1,Team 1 (N/S),74,46,33,♠,finished,2026-05-18T16:06:57.397619+00:00
6315,INPROC_9EBA63,1,10,team1,Team 1 (N/S),78,42,29,♥,finished,2026-05-18T16:06:57.414958+00:00
6316,INPROC_054CF3,1,10,team2,Team 2 (E/W),42,78,23,♥,finished,2026-05-18T16:06:57.432922+00:00
6317,INPROC_6E480A,1,10,team2,Team 2 (E/W),48,72,39,♠,finished,2026-05-18T16:06:57.454141+00:00
6318,INPROC_6E288D,1,10,team2,Team 2 (E/W),59,61,37,♠,finished,2026-05-18T16:06:57.464561+00:00
6319,INPROC_C30B5D,1,10,team2,Team 2 (E/W),17,103,26,♥,finished,2026-05-18T16:06:57.473704+00:00
6320,INPROC_9CF92E,1,10,team1,Team 1 (N/S),69,51,1,♣,finished,2026-05-18T16:06:57.482216+00:00
6321,INPROC_2FAB53,1,10,team2,Team 2 (E/W),49,71,12,♦,finished,2026-05-18T16:06:57.490108+00:00
6322,INPROC_7EDFE1,1,10,team2,Team 2 (E/W),33,87,16,♦,finished,2026-05-18T16:06:57.498651+00:00
6323,INPROC_304DCE,1,10,team2,Team 2 (E/W),48,72,14,♦,finished,2026-05-18T16:06:57.511883+00:00
6324,INPROC_CB1FA3,1,10,team1,Team 1 (N/S),70,50,5,♣,finished,2026-05-18T16:06:57.523544+00:00
6325,INPROC_4A514F,1,10,team2,Team 2 (E/W),10,110,17,♦,finished,2026-05-18T16:06:57.531724+00:00
6326,INPROC_CD8730,1,10,team2,Team 2 (E/W),50,70,36,♠,finished,2026-05-18T16:06:57.543803+00:00
6327,INPROC_B1FF17,1,10,team2,Team 2 (E/W),29,91,35,♠,finished,2026-05-18T16:06:57.554171+00:00
6328,INPROC_4D950B,1,10,team1,Team 1 (N/S),88,32,31,♠,finished,2026-05-18T16:06:57.563694+00:00
6329,INPROC_F70FAF,1,10,team1,Team 1 (N/S),73,47,14,♦,finished,2026-05-18T16:06:57.573759+00:00
6330,INPROC_CE44BD,1,10,team1,Team 1 (N/S),96,24,4,♣,finished,2026-05-18T16:06:57.587912+00:00
6331,INPROC_F0EC3B,1,10,team1,Team 1 (N/S),115,5,3,♣,finished,2026-05-18T16:06:57.596330+00:00
6332,INPROC_736EB3,1,10,team1,Team 1 (N/S),81,39,31,♠,finished,2026-05-18T16:06:57.607222+00:00
6333,INPROC_CA4351,1,10,team1,Team 1 (N/S),62,58,5,♣,finished,2026-05-18T16:06:57.622663+00:00
6334,INPROC_4AAC5B,1,10,team2,Team 2 (E/W),36,84,24,♥,finished,2026-05-18T16:06:57.630897+00:00
6335,INPROC_9CA73B,1,10,draw,draw,60,60,14,♦,finished,2026-05-18T16:06:57.638963+00:00
6336,INPROC_DC11F1,1,10,team2,Team 2 (E/W),46,74,31,♠,finished,2026-05-18T16:06:57.647893+00:00
6337,INPROC_7026E4,1,10,team2,Team 2 (E/W),46,74,2,♣,finished,2026-05-18T16:06:57.656553+00:00
6338,INPROC_CAB2B6,1,10,team2,Team 2 (E/W),59,61,13,♦,finished,2026-05-18T16:06:57.665175+00:00
6339,INPROC_9A3BB6,1,10,team1,Team 1 (N/S),64,56,33,♠,finished,2026-05-18T16:06:57.673140+00:00
6340,INPROC_C4BC3C,1,10,team1,Team 1 (N/S),62,58,2,♣,finished,2026-05-18T16:06:57.681928+00:00
6341,INPROC_0E885A,1,10,team2,Team 2 (E/W),54,66,20,♥,finished,2026-05-18T16:06:57.690908+00:00
6342,INPROC_572034,1,10,team1,Team 1 (N/S),84,36,23,♥,finished,2026-05-18T16:06:57.699392+00:00
6343,INPROC_087E44,1,10,team1,Team 1 (N/S),81,39,14,♦,finished,2026-05-18T16:06:57.708171+00:00
6344,INPROC_3BE393,1,10,team1,Team 1 (N/S),85,35,12,♦,finished,2026-05-18T16:06:57.716812+00:00
6345,INPROC_1DA684,1,10,team2,Team 2 (E/W),36,84,35,♠,finished,2026-05-18T16:06:57.730064+00:00
6346,INPROC_CD0142,1,10,team2,Team 2 (E/W),5,115,5,♣,finished,2026-05-18T16:06:57.747819+00:00
6347,INPROC_FF76B8,1,10,team1,Team 1 (N/S),67,53,24,♥,finished,2026-05-18T16:06:57.762658+00:00
6348,INPROC_CD177C,1,10,team2,Team 2 (E/W),47,73,14,♦,finished,2026-05-18T16:06:57.774173+00:00
6349,INPROC_4EDA7D,1,10,team1,Team 1 (N/S),73,47,10,♦,finished,2026-05-18T16:06:57.791701+00:00
6350,INPROC_1B18FB,1,10,team1,Team 1 (N/S),73,47,35,♠,finished,2026-05-18T16:06:57.813110+00:00
6351,INPROC_83171E,1,10,team2,Team 2 (E/W),33,87,5,♣,finished,2026-05-18T16:06:57.831451+00:00
6352,INPROC_1D1948,1,10,team2,Team 2 (E/W),31,89,28,♥,finished,2026-05-18T16:06:57.842045+00:00
6353,INPROC_1DECD9,1,10,team1,Team 1 (N/S),63,57,34,♠,finished,2026-05-18T16:06:57.850306+00:00
6354,INPROC_AB1D17,1,10,team2,Team 2 (E/W),34,86,35,♠,finished,2026-05-18T16:06:57.858464+00:00
6355,INPROC_5C3A1A,1,10,team2,Team 2 (E/W),32,88,26,♥,finished,2026-05-18T16:06:57.867166+00:00
6356,INPROC_A8D332,1,10,team2,Team 2 (E/W),27,93,14,♦,finished,2026-05-18T16:06:57.875935+00:00
6357,INPROC_C55D09,1,10,team1,Team 1 (N/S),69,51,26,♥,finished,2026-05-18T16:06:57.884886+00:00
6358,INPROC_85A42A,1,10,team1,Team 1 (N/S),96,24,11,♦,finished,2026-05-18T16:06:57.893588+00:00
6359,INPROC_65CA2F,1,10,team2,Team 2 (E/W),26,94,12,♦,finished,2026-05-18T16:06:57.901888+00:00
6360,INPROC_9981EA,1,10,team1,Team 1 (N/S),63,57,39,♠,finished,2026-05-18T16:06:57.911211+00:00
6361,INPROC_DEBA15,1,10,team1,Team 1 (N/S),79,41,21,♥,finished,2026-05-18T16:06:57.919205+00:00
6362,INPROC_84D038,1,10,team2,Team 2 (E/W),13,107,39,♠,finished,2026-05-18T16:06:57.928238+00:00
6363,INPROC_473DAE,1,10,team1,Team 1 (N/S),62,58,15,♦,finished,2026-05-18T16:06:57.937473+00:00
6364,INPROC_955238,1,10,team1,Team 1 (N/S),82,38,1,♣,finished,2026-05-18T16:06:57.954239+00:00
6365,INPROC_961256,1,10,team2,Team 2 (E/W),46,74,39,♠,finished,2026-05-18T16:06:57.972124+00:00
6366,INPROC_CBFF4F,1,10,team2,Team 2 (E/W),42,78,11,♦,finished,2026-05-18T16:06:57.988476+00:00
6367,INPROC_695CC4,1,10,team1,Team 1 (N/S),91,29,29,♥,finished,2026-05-18T16:06:58.008209+00:00
6368,INPROC_CC3385,1,10,team1,Team 1 (N/S),66,54,14,♦,finished,2026-05-18T16:06:58.027044+00:00
6369,INPROC_9564F3,1,10,team1,Team 1 (N/S),82,38,17,♦,finished,2026-05-18T16:06:58.036968+00:00
6370,INPROC_8E0F54,1,10,team1,Team 1 (N/S),84,36,29,♥,finished,2026-05-18T16:06:58.045161+00:00
6371,INPROC_ED0CE2,1,10,team2,Team 2 (E/W),22,98,28,♥,finished,2026-05-18T16:06:58.053985+00:00
6372,INPROC_E36A72,1,10,team2,Team 2 (E/W),59,61,22,♥,finished,2026-05-18T16:06:58.062561+00:00
6373,INPROC_F6AD06,1,10,team1,Team 1 (N/S),67,53,22,♥,finished,2026-05-18T16:06:58.070384+00:00
6374,INPROC_7962F4,1,10,team2,Team 2 (E/W),26,94,35,♠,finished,2026-05-18T16:06:58.079569+00:00
6375,INPROC_75D19C,1,10,team1,Team 1 (N/S),120,0,21,♥,finished,2026-05-18T16:06:58.088310+00:00
6376,INPROC_39674F,1,10,team1,Team 1 (N/S),63,57,30,♠,finished,2026-05-18T16:06:58.097243+00:00
6377,INPROC_AE8EB7,1,10,team2,Team 2 (E/W),37,83,22,♥,finished,2026-05-18T16:06:58.106370+00:00
6378,INPROC_F4F9CC,1,10,team1,Team 1 (N/S),65,55,11,♦,finished,2026-05-18T16:06:58.115679+00:00
6379,INPROC_92F28E,1,10,team2,Team 2 (E/W),54,66,28,♥,finished,2026-05-18T16:06:58.123980+00:00
6380,INPROC_090D27,1,10,team2,Team 2 (E/W),15,105,28,♥,finished,2026-05-18T16:06:58.132987+00:00
6381,INPROC_E3AB73,1,10,team2,Team 2 (E/W),53,67,14,♦,finished,2026-05-18T16:06:58.141820+00:00
6382,INPROC_0ECABC,1,10,team1,Team 1 (N/S),70,50,19,♦,finished,2026-05-18T16:06:58.150297+00:00
6383,INPROC_1614C7,1,10,team2,Team 2 (E/W),50,70,34,♠,finished,2026-05-18T16:06:58.160805+00:00
6384,INPROC_9CD5F6,1,10,team2,Team 2 (E/W),34,86,18,♦,finished,2026-05-18T16:06:58.170061+00:00
6385,INPROC_A7FD7E,1,10,team2,Team 2 (E/W),59,61,5,♣,finished,2026-05-18T16:06:58.187968+00:00
6386,INPROC_F9D345,1,10,team1,Team 1 (N/S),62,58,1,♣,finished,2026-05-18T16:06:58.210006+00:00
6387,INPROC_A6C8DB,1,10,team1,Team 1 (N/S),77,43,13,♦,finished,2026-05-18T16:06:58.231967+00:00
6388,INPROC_0E75F2,1,10,team2,Team 2 (E/W),44,76,20,♥,finished,2026-05-18T16:06:58.254335+00:00
6389,INPROC_A9A7DC,1,10,team2,Team 2 (E/W),38,82,38,♠,finished,2026-05-18T16:06:58.276145+00:00
6390,INPROC_2A9508,1,10,team1,Team 1 (N/S),102,18,20,♥,finished,2026-05-18T16:06:58.288155+00:00
6391,INPROC_54865A,1,10,team2,Team 2 (E/W),53,67,3,♣,finished,2026-05-18T16:06:58.296662+00:00
6392,INPROC_4A6C51,1,10,team2,Team 2 (E/W),4,116,35,♠,finished,2026-05-18T16:06:58.305889+00:00
6393,INPROC_7B65EB,1,10,team1,Team 1 (N/S),62,58,17,♦,finished,2026-05-18T16:06:58.314668+00:00
6394,INPROC_52A690,1,10,team2,Team 2 (E/W),59,61,22,♥,finished,2026-05-18T16:06:58.323667+00:00
6395,INPROC_82B5B7,1,10,team1,Team 1 (N/S),84,36,21,♥,finished,2026-05-18T16:06:58.332275+00:00
6396,INPROC_74EEB3,1,10,team2,Team 2 (E/W),12,108,7,♣,finished,2026-05-18T16:06:58.342553+00:00
6397,INPROC_D9D2BA,1,10,team2,Team 2 (E/W),34,86,35,♠,finished,2026-05-18T16:06:58.354652+00:00
6398,INPROC_DC2D8C,1,10,team2,Team 2 (E/W),21,99,6,♣,finished,2026-05-18T16:06:58.363379+00:00
6399,INPROC_A1645A,1,10,team1,Team 1 (N/S),85,35,24,♥,finished,2026-05-18T16:06:58.381129+00:00
6400,INPROC_1F74B3,1,10,team1,Team 1 (N/S),70,50,9,♣,finished,2026-05-18T16:06:58.396410+00:00
6401,INPROC_0E0E93,1,10,team1,Team 1 (N/S),90,30,33,♠,finished,2026-05-18T16:06:58.404857+00:00
6402,INPROC_C51F06,1,10,team1,Team 1 (N/S),89,31,31,♠,finished,2026-05-18T16:06:58.413310+00:00
6403,INPROC_E5D143,1,10,team2,Team 2 (E/W),39,81,29,♥,finished,2026-05-18T16:06:58.421234+00:00
6404,INPROC_505617,1,10,team2,Team 2 (E/W),0,120,35,♠,finished,2026-05-18T16:06:58.429839+00:00
6405,INPROC_6BB914,1,10,team2,Team 2 (E/W),39,81,37,♠,finished,2026-05-18T16:06:58.437961+00:00
6406,INPROC_3B8DA2,1,10,team1,Team 1 (N/S),61,59,24,♥,finished,2026-05-18T16:06:58.446395+00:00
6407,INPROC_276A6B,1,10,team1,Team 1 (N/S),87,33,18,♦,finished,2026-05-18T16:06:58.454601+00:00
6408,INPROC_F09970,1,10,team2,Team 2 (E/W),23,97,6,♣,finished,2026-05-18T16:06:58.463140+00:00
6409,INPROC_F315C1,1,10,team1,Team 1 (N/S),79,41,15,♦,finished,2026-05-18T16:06:58.471725+00:00
6410,INPROC_8EFA10,1,10,team2,Team 2 (E/W),25,95,18,♦,finished,2026-05-18T16:06:58.480223+00:00
6411,INPROC_A48132,1,10,team2,Team 2 (E/W),41,79,39,♠,finished,2026-05-18T16:06:58.490055+00:00
6412,INPROC_5FAD58,1,10,team1,Team 1 (N/S),90,30,21,♥,finished,2026-05-18T16:06:58.499056+00:00
6413,INPROC_B81EAE,1,10,team2,Team 2 (E/W),53,67,4,♣,finished,2026-05-18T16:06:58.513023+00:00
6414,INPROC_7B0204,1,10,team2,Team 2 (E/W),41,79,17,♦,finished,2026-05-18T16:06:58.529691+00:00
6415,INPROC_9DCAE3,1,10,team2,Team 2 (E/W),40,80,12,♦,finished,2026-05-18T16:06:58.546087+00:00
6416,INPROC_907AE5,1,10,team1,Team 1 (N/S),76,44,3,♣,finished,2026-05-18T16:06:58.564425+00:00
6417,INPROC_74FD86,1,10,team1,Team 1 (N/S),67,53,29,♥,finished,2026-05-18T16:06:58.580995+00:00
6418,INPROC_227355,1,10,team2,Team 2 (E/W),55,65,26,♥,finished,2026-05-18T16:06:58.599207+00:00
6419,INPROC_2AC585,1,10,team1,Team 1 (N/S),61,59,33,♠,finished,2026-05-18T16:06:58.607667+00:00
6420,INPROC_EB1328,1,10,team2,Team 2 (E/W),30,90,27,♥,finished,2026-05-18T16:06:58.620600+00:00
6421,INPROC_960380,1,10,team1,Team 1 (N/S),90,30,16,♦,finished,2026-05-18T16:06:58.631839+00:00
6422,INPROC_F3C33D,1,10,team1,Team 1 (N/S),88,32,9,♣,finished,2026-05-18T16:06:58.644832+00:00
6423,INPROC_2085F9,1,10,team2,Team 2 (E/W),25,95,27,♥,finished,2026-05-18T16:06:58.659723+00:00
6424,INPROC_86A821,1,10,team2,Team 2 (E/W),40,80,6,♣,finished,2026-05-18T16:06:58.672834+00:00
6425,INPROC_C7F5FA,1,10,team1,Team 1 (N/S),72,48,25,♥,finished,2026-05-18T16:06:58.685864+00:00
6426,INPROC_7D3554,1,10,team2,Team 2 (E/W),42,78,18,♦,finished,2026-05-18T16:06:58.702765+00:00
6427,INPROC_86F662,1,10,team2,Team 2 (E/W),5,115,36,♠,finished,2026-05-18T16:06:58.717505+00:00
6428,INPROC_6FD575,1,10,team2,Team 2 (E/W),43,77,28,♥,finished,2026-05-18T16:06:58.737856+00:00
6429,INPROC_6B4C4F,1,10,team1,Team 1 (N/S),81,39,34,♠,finished,2026-05-18T16:06:58.757497+00:00
6430,INPROC_CF72C0,1,10,team1,Team 1 (N/S),77,43,7,♣,finished,2026-05-18T16:06:58.766266+00:00
6431,INPROC_A0B742,1,10,team2,Team 2 (E/W),11,109,6,♣,finished,2026-05-18T16:06:58.774676+00:00
6432,INPROC_2F7A28,1,10,team2,Team 2 (E/W),54,66,3,♣,finished,2026-05-18T16:06:58.791302+00:00
6433,INPROC_8E294C,1,10,team2,Team 2 (E/W),43,77,30,♠,finished,2026-05-18T16:06:58.800771+00:00
6434,INPROC_C48C94,1,10,team1,Team 1 (N/S),80,40,31,♠,finished,2026-05-18T16:06:58.809323+00:00
6435,INPROC_BBB9DC,1,10,team2,Team 2 (E/W),55,65,25,♥,finished,2026-05-18T16:06:58.818302+00:00
6436,INPROC_A8CFE1,1,10,team1,Team 1 (N/S),72,48,21,♥,finished,2026-05-18T16:06:58.826750+00:00
6437,INPROC_E08BA5,1,10,team1,Team 1 (N/S),92,28,15,♦,finished,2026-05-18T16:06:58.840232+00:00
6438,INPROC_56CB0C,1,10,team2,Team 2 (E/W),38,82,38,♠,finished,2026-05-18T16:06:58.851775+00:00
6439,INPROC_4EC8A7,1,10,team2,Team 2 (E/W),45,75,13,♦,finished,2026-05-18T16:06:58.862843+00:00
6440,INPROC_F3D172,1,10,team2,Team 2 (E/W),29,91,31,♠,finished,2026-05-18T16:06:58.877047+00:00
6441,INPROC_0278FD,1,10,team1,Team 1 (N/S),120,0,21,♥,finished,2026-05-18T16:06:58.897083+00:00
6442,INPROC_217839,1,10,team1,Team 1 (N/S),94,26,30,♠,finished,2026-05-18T16:06:58.908966+00:00
6443,INPROC_0BEB04,1,10,team2,Team 2 (E/W),30,90,33,♠,finished,2026-05-18T16:06:58.917337+00:00
6444,INPROC_06D217,1,10,team1,Team 1 (N/S),71,49,0,♣,finished,2026-05-18T16:06:58.925795+00:00
6445,INPROC_B8B768,1,10,team1,Team 1 (N/S),116,4,17,♦,finished,2026-05-18T16:06:58.933912+00:00
6446,INPROC_954CB7,1,10,team2,Team 2 (E/W),55,65,7,♣,finished,2026-05-18T16:06:58.944000+00:00
6447,INPROC_D6B568,1,10,team2,Team 2 (E/W),47,73,18,♦,finished,2026-05-18T16:06:58.952684+00:00
6448,INPROC_5827F4,1,10,team2,Team 2 (E/W),36,84,36,♠,finished,2026-05-18T16:06:58.961370+00:00
6449,INPROC_02262C,1,10,team1,Team 1 (N/S),93,27,34,♠,finished,2026-05-18T16:06:58.969736+00:00
6450,INPROC_CE1D36,1,10,team2,Team 2 (E/W),44,76,29,♥,finished,2026-05-18T16:06:58.977904+00:00
6451,INPROC_326D5C,1,10,team2,Team 2 (E/W),45,75,39,♠,finished,2026-05-18T16:06:58.994099+00:00
6452,INPROC_4B95E8,1,10,team2,Team 2 (E/W),34,86,7,♣,finished,2026-05-18T16:06:59.002909+00:00
6453,INPROC_F7A42B,1,10,team1,Team 1 (N/S),62,58,28,♥,finished,2026-05-18T16:06:59.020679+00:00
6454,INPROC_15E73B,1,10,team2,Team 2 (E/W),41,79,1,♣,finished,2026-05-18T16:06:59.033196+00:00
6455,INPROC_990C14,1,10,team2,Team 2 (E/W),58,62,19,♦,finished,2026-05-18T16:06:59.050376+00:00
6456,INPROC_C70E12,1,10,team1,Team 1 (N/S),87,33,23,♥,finished,2026-05-18T16:06:59.059890+00:00
6457,INPROC_525BD3,1,10,team2,Team 2 (E/W),49,71,16,♦,finished,2026-05-18T16:06:59.068715+00:00
6458,INPROC_DEF971,1,10,team2,Team 2 (E/W),51,69,34,♠,finished,2026-05-18T16:06:59.076896+00:00
6459,INPROC_D65F68,1,10,team2,Team 2 (E/W),42,78,29,♥,finished,2026-05-18T16:06:59.085264+00:00
6460,INPROC_E4465B,1,10,team2,Team 2 (E/W),41,79,7,♣,finished,2026-05-18T16:06:59.093418+00:00
6461,INPROC_0A59D0,1,10,team1,Team 1 (N/S),102,18,17,♦,finished,2026-05-18T16:06:59.102668+00:00
6462,INPROC_D05824,1,10,team2,Team 2 (E/W),58,62,1,♣,finished,2026-05-18T16:06:59.111744+00:00
6463,INPROC_B5C30F,1,10,team2,Team 2 (E/W),52,68,25,♥,finished,2026-05-18T16:06:59.122319+00:00
6464,INPROC_A8B6ED,1,10,team2,Team 2 (E/W),52,68,0,♣,finished,2026-05-18T16:06:59.137350+00:00
6465,INPROC_3DAD2F,1,10,team1,Team 1 (N/S),102,18,28,♥,finished,2026-05-18T16:06:59.152085+00:00
6466,INPROC_FB0546,1,10,team2,Team 2 (E/W),0,120,1,♣,finished,2026-05-18T16:06:59.167823+00:00
6467,INPROC_323E4E,1,10,team2,Team 2 (E/W),47,73,22,♥,finished,2026-05-18T16:06:59.186658+00:00
6468,INPROC_9E0423,1,10,team1,Team 1 (N/S),70,50,11,♦,finished,2026-05-18T16:06:59.207131+00:00
6469,INPROC_295ED7,1,10,team1,Team 1 (N/S),85,35,35,♠,finished,2026-05-18T16:06:59.226302+00:00
6470,INPROC_5B9328,1,10,team1,Team 1 (N/S),66,54,28,♥,finished,2026-05-18T16:06:59.240840+00:00
6471,INPROC_BD523E,1,10,team2,Team 2 (E/W),45,75,38,♠,finished,2026-05-18T16:06:59.249496+00:00
6472,INPROC_79D148,1,10,team2,Team 2 (E/W),54,66,0,♣,finished,2026-05-18T16:06:59.257845+00:00
6473,INPROC_5E5A45,1,10,team2,Team 2 (E/W),15,105,18,♦,finished,2026-05-18T16:06:59.270312+00:00
6474,INPROC_E3E32A,1,10,team1,Team 1 (N/S),69,51,25,♥,finished,2026-05-18T16:06:59.278054+00:00
6475,INPROC_881E18,1,10,team1,Team 1 (N/S),61,59,33,♠,finished,2026-05-18T16:06:59.287658+00:00
6476,INPROC_685D1A,1,10,team2,Team 2 (E/W),34,86,29,♥,finished,2026-05-18T16:06:59.295245+00:00
6477,INPROC_58155E,1,10,team2,Team 2 (E/W),38,82,32,♠,finished,2026-05-18T16:06:59.312291+00:00
6478,INPROC_A5FEDD,1,10,team2,Team 2 (E/W),16,104,36,♠,finished,2026-05-18T16:06:59.331250+00:00
6479,INPROC_51F07B,1,10,team1,Team 1 (N/S),63,57,0,♣,finished,2026-05-18T16:06:59.354680+00:00
6480,INPROC_832683,1,10,team2,Team 2 (E/W),5,115,35,♠,finished,2026-05-18T16:06:59.374015+00:00
6481,INPROC_3C2580,1,10,team2,Team 2 (E/W),24,96,9,♣,finished,2026-05-18T16:06:59.394646+00:00
6482,INPROC_D69B1D,1,10,team2,Team 2 (E/W),36,84,34,♠,finished,2026-05-18T16:06:59.404963+00:00
6483,INPROC_054614,1,10,team1,Team 1 (N/S),85,35,16,♦,finished,2026-05-18T16:06:59.414212+00:00
6484,INPROC_4952FA,1,10,team2,Team 2 (E/W),44,76,38,♠,finished,2026-05-18T16:06:59.422649+00:00
6485,INPROC_12582B,1,10,team2,Team 2 (E/W),59,61,21,♥,finished,2026-05-18T16:06:59.430874+00:00
6486,INPROC_A0BBF1,1,10,team2,Team 2 (E/W),38,82,0,♣,finished,2026-05-18T16:06:59.444487+00:00
6487,INPROC_2B777C,1,10,team2,Team 2 (E/W),20,100,8,♣,finished,2026-05-18T16:06:59.453826+00:00
6488,INPROC_54744E,1,10,team2,Team 2 (E/W),58,62,28,♥,finished,2026-05-18T16:06:59.462425+00:00
6489,INPROC_0927EA,1,10,team1,Team 1 (N/S),66,54,36,♠,finished,2026-05-18T16:06:59.477280+00:00
6490,INPROC_90539B,1,10,team2,Team 2 (E/W),24,96,7,♣,finished,2026-05-18T16:06:59.491055+00:00
6491,INPROC_095391,1,10,team1,Team 1 (N/S),95,25,1,♣,finished,2026-05-18T16:06:59.498896+00:00
6492,INPROC_4FA368,1,10,team1,Team 1 (N/S),67,53,24,♥,finished,2026-05-18T16:06:59.510826+00:00
6493,INPROC_D26252,1,10,team2,Team 2 (E/W),18,102,24,♥,finished,2026-05-18T16:06:59.523742+00:00
6494,INPROC_D0106D,1,10,team2,Team 2 (E/W),53,67,34,♠,finished,2026-05-18T16:06:59.532139+00:00
6495,INPROC_EDF50E,1,10,team1,Team 1 (N/S),73,47,28,♥,finished,2026-05-18T16:06:59.541043+00:00
6496,INPROC_CE9EAB,1,10,team2,Team 2 (E/W),49,71,30,♠,finished,2026-05-18T16:06:59.550204+00:00
6497,INPROC_C988CF,1,10,team2,Team 2 (E/W),40,80,19,♦,finished,2026-05-18T16:06:59.559444+00:00
6498,INPROC_1E7171,1,10,team1,Team 1 (N/S),61,59,33,♠,finished,2026-05-18T16:06:59.571825+00:00
6499,INPROC_43047A,1,10,team1,Team 1 (N/S),82,38,33,♠,finished,2026-05-18T16:06:59.581716+00:00
6500,INPROC_A556D6,1,10,team1,Team 1 (N/S),84,36,16,♦,finished,2026-05-18T16:06:59.590049+00:00
6501,INPROC_4FFC19,1,10,team1,Team 1 (N/S),97,23,33,♠,finished,2026-05-18T16:06:59.601111+00:00
6502,INPROC_003C03,1,10,team1,Team 1 (N/S),90,30,24,♥,finished,2026-05-18T16:06:59.610659+00:00
6503,INPROC_81C55B,1,10,team2,Team 2 (E/W),11,109,10,♦,finished,2026-05-18T16:06:59.625542+00:00
6504,INPROC_535E8F,1,10,team1,Team 1 (N/S),65,55,21,♥,finished,2026-05-18T16:06:59.633945+00:00
6505,INPROC_327535,1,10,team2,Team 2 (E/W),42,78,9,♣,finished,2026-05-18T16:06:59.642579+00:00
6506,INPROC_D01016,1,10,team2,Team 2 (E/W),5,115,19,♦,finished,2026-05-18T16:06:59.654957+00:00
6507,INPROC_898BB6,1,10,team2,Team 2 (E/W),55,65,17,♦,finished,2026-05-18T16:06:59.666443+00:00
6508,INPROC_BF25DC,1,10,team1,Team 1 (N/S),72,48,12,♦,finished,2026-05-18T16:06:59.677122+00:00
6509,INPROC_012EFB,1,10,team1,Team 1 (N/S),62,58,23,♥,finished,2026-05-18T16:06:59.685645+00:00
6510,INPROC_E9F59A,1,10,team2,Team 2 (E/W),13,107,1,♣,finished,2026-05-18T16:06:59.698337+00:00
6511,INPROC_768EEC,1,10,team2,Team 2 (E/W),16,104,27,♥,finished,2026-05-18T16:06:59.708668+00:00
6512,INPROC_C0091A,1,10,team2,Team 2 (E/W),35,85,11,♦,finished,2026-05-18T16:06:59.723320+00:00
6513,INPROC_A3ACBC,1,10,team2,Team 2 (E/W),25,95,32,♠,finished,2026-05-18T16:06:59.733824+00:00
6514,INPROC_1E9AF5,1,10,team1,Team 1 (N/S),72,48,6,♣,finished,2026-05-18T16:06:59.747942+00:00
6515,INPROC_7DF4FE,1,10,team2,Team 2 (E/W),44,76,10,♦,finished,2026-05-18T16:06:59.764102+00:00
6516,INPROC_EC3C9F,1,10,team2,Team 2 (E/W),45,75,24,♥,finished,2026-05-18T16:06:59.776517+00:00
6517,INPROC_0466D7,1,10,team2,Team 2 (E/W),52,68,22,♥,finished,2026-05-18T16:06:59.791551+00:00
6518,INPROC_0E39CA,1,10,team2,Team 2 (E/W),47,73,18,♦,finished,2026-05-18T16:06:59.805884+00:00
6519,INPROC_5CB4F6,1,10,team2,Team 2 (E/W),48,72,14,♦,finished,2026-05-18T16:06:59.823045+00:00
6520,INPROC_7CF5BB,1,10,team1,Team 1 (N/S),68,52,35,♠,finished,2026-05-18T16:06:59.839004+00:00
6521,INPROC_A4EF12,1,10,team1,Team 1 (N/S),74,46,12,♦,finished,2026-05-18T16:06:59.851031+00:00
6522,INPROC_344D92,1,10,team2,Team 2 (E/W),13,107,20,♥,finished,2026-05-18T16:06:59.866706+00:00
6523,INPROC_B62E0B,1,10,team1,Team 1 (N/S),62,58,17,♦,finished,2026-05-18T16:06:59.881659+00:00
6524,INPROC_97C082,1,10,team1,Team 1 (N/S),79,41,33,♠,finished,2026-05-18T16:06:59.896780+00:00
6525,INPROC_4FBAC3,1,10,team1,Team 1 (N/S),69,51,15,♦,finished,2026-05-18T16:06:59.912528+00:00
6526,INPROC_9862E0,1,10,team1,Team 1 (N/S),95,25,9,♣,finished,2026-05-18T16:06:59.921299+00:00
6527,INPROC_3C220E,1,10,team1,Team 1 (N/S),82,38,18,♦,finished,2026-05-18T16:06:59.931005+00:00
6528,INPROC_73EF5D,1,10,team1,Team 1 (N/S),82,38,7,♣,finished,2026-05-18T16:06:59.943041+00:00
6529,INPROC_742863,1,10,team1,Team 1 (N/S),71,49,6,♣,finished,2026-05-18T16:06:59.956031+00:00
6530,INPROC_56AEAE,1,10,team1,Team 1 (N/S),100,20,34,♠,finished,2026-05-18T16:06:59.965121+00:00
6531,INPROC_D4DAAB,1,10,team2,Team 2 (E/W),26,94,18,♦,finished,2026-05-18T16:06:59.979175+00:00
6532,INPROC_86C421,1,10,team2,Team 2 (E/W),37,83,19,♦,finished,2026-05-18T16:06:59.992389+00:00
6533,INPROC_A56E93,1,10,team1,Team 1 (N/S),87,33,12,♦,finished,2026-05-18T16:07:00.006096+00:00
6534,INPROC_FCE7C6,1,10,team1,Team 1 (N/S),102,18,1,♣,finished,2026-05-18T16:07:00.016356+00:00
6535,INPROC_8F87CB,1,10,team1,Team 1 (N/S),78,42,16,♦,finished,2026-05-18T16:07:00.026918+00:00
6536,INPROC_B80DF6,1,10,team1,Team 1 (N/S),75,45,27,♥,finished,2026-05-18T16:07:00.047366+00:00
6537,INPROC_0EFAB7,1,10,team1,Team 1 (N/S),74,46,34,♠,finished,2026-05-18T16:07:00.066464+00:00
6538,INPROC_F312B1,1,10,team2,Team 2 (E/W),15,105,22,♥,finished,2026-05-18T16:07:00.087070+00:00
6539,INPROC_4243E2,1,10,team1,Team 1 (N/S),68,52,3,♣,finished,2026-05-18T16:07:00.110271+00:00
6540,INPROC_74F4BF,1,10,team1,Team 1 (N/S),94,26,13,♦,finished,2026-05-18T16:07:00.128993+00:00
6541,INPROC_E06E48,1,10,team2,Team 2 (E/W),58,62,8,♣,finished,2026-05-18T16:07:00.138106+00:00
6542,INPROC_4583D7,1,10,team1,Team 1 (N/S),86,34,0,♣,finished,2026-05-18T16:07:00.150097+00:00
6543,INPROC_A62302,1,10,team1,Team 1 (N/S),61,59,6,♣,finished,2026-05-18T16:07:00.168484+00:00
6544,INPROC_E5114A,1,10,team2,Team 2 (E/W),38,82,11,♦,finished,2026-05-18T16:07:00.187013+00:00
6545,INPROC_016264,1,10,team1,Team 1 (N/S),75,45,37,♠,finished,2026-05-18T16:07:00.205778+00:00
6546,INPROC_D49D00,1,10,team2,Team 2 (E/W),32,88,34,♠,finished,2026-05-18T16:07:00.223667+00:00
6547,INPROC_28DCBA,1,10,team1,Team 1 (N/S),73,47,5,♣,finished,2026-05-18T16:07:00.232541+00:00
6548,INPROC_91D0F7,1,10,team1,Team 1 (N/S),101,19,36,♠,finished,2026-05-18T16:07:00.241814+00:00
6549,INPROC_94AD89,1,10,team2,Team 2 (E/W),43,77,8,♣,finished,2026-05-18T16:07:00.259371+00:00
6550,INPROC_8E02C4,1,10,team2,Team 2 (E/W),55,65,4,♣,finished,2026-05-18T16:07:00.270319+00:00
6551,INPROC_A9FCC8,1,10,team1,Team 1 (N/S),75,45,36,♠,finished,2026-05-18T16:07:00.283029+00:00
6552,INPROC_B8F4FE,1,10,draw,draw,60,60,21,♥,finished,2026-05-18T16:07:00.299335+00:00
6553,INPROC_3FD075,1,10,team2,Team 2 (E/W),52,68,16,♦,finished,2026-05-18T16:07:00.308875+00:00
6554,INPROC_44D659,1,10,team1,Team 1 (N/S),114,6,14,♦,finished,2026-05-18T16:07:00.319126+00:00
6555,INPROC_F672BC,1,10,team2,Team 2 (E/W),50,70,23,♥,finished,2026-05-18T16:07:00.329616+00:00
6556,INPROC_8EBCCB,1,10,team2,Team 2 (E/W),46,74,36,♠,finished,2026-05-18T16:07:00.337423+00:00
6557,INPROC_EC8C10,1,10,team2,Team 2 (E/W),44,76,8,♣,finished,2026-05-18T16:07:00.351556+00:00
6558,INPROC_36CC4B,1,10,team2,Team 2 (E/W),6,114,16,♦,finished,2026-05-18T16:07:00.361291+00:00
6559,INPROC_B31312,1,10,team1,Team 1 (N/S),76,44,39,♠,finished,2026-05-18T16:07:00.377027+00:00
6560,INPROC_806C54,1,10,team1,Team 1 (N/S),120,0,5,♣,finished,2026-05-18T16:07:00.386075+00:00
6561,INPROC_346F08,1,10,team2,Team 2 (E/W),59,61,18,♦,finished,2026-05-18T16:07:00.395339+00:00
6562,INPROC_1A16FF,1,10,team2,Team 2 (E/W),9,111,38,♠,finished,2026-05-18T16:07:00.403708+00:00
6563,INPROC_A5E2C6,1,10,team2,Team 2 (E/W),23,97,35,♠,finished,2026-05-18T16:07:00.416710+00:00
6564,INPROC_A91F73,1,10,team2,Team 2 (E/W),45,75,17,♦,finished,2026-05-18T16:07:00.427001+00:00
6565,INPROC_965D74,1,10,team1,Team 1 (N/S),80,40,25,♥,finished,2026-05-18T16:07:00.435141+00:00
6566,INPROC_1C7001,1,10,team1,Team 1 (N/S),63,57,29,♥,finished,2026-05-18T16:07:00.443008+00:00
6567,INPROC_5A128E,1,10,team2,Team 2 (E/W),28,92,10,♦,finished,2026-05-18T16:07:00.450971+00:00
6568,INPROC_32C020,1,10,team2,Team 2 (E/W),44,76,18,♦,finished,2026-05-18T16:07:00.465534+00:00
6569,INPROC_7CE548,1,10,team2,Team 2 (E/W),34,86,9,♣,finished,2026-05-18T16:07:00.484261+00:00
6570,INPROC_6D08E8,1,10,team2,Team 2 (E/W),22,98,25,♥,finished,2026-05-18T16:07:00.493186+00:00
6571,INPROC_70C36E,1,10,team1,Team 1 (N/S),72,48,2,♣,finished,2026-05-18T16:07:00.504057+00:00
6572,INPROC_4EF4E6,1,10,team1,Team 1 (N/S),61,59,25,♥,finished,2026-05-18T16:07:00.520686+00:00
6573,INPROC_98A915,1,10,team2,Team 2 (E/W),11,109,18,♦,finished,2026-05-18T16:07:00.539805+00:00
6574,INPROC_D32FE2,1,10,team1,Team 1 (N/S),82,38,22,♥,finished,2026-05-18T16:07:00.563513+00:00
6575,INPROC_48A559,1,10,team2,Team 2 (E/W),57,63,14,♦,finished,2026-05-18T16:07:00.585523+00:00
6576,INPROC_AEE1E8,1,10,team2,Team 2 (E/W),16,104,28,♥,finished,2026-05-18T16:07:00.604252+00:00
6577,INPROC_E68958,1,10,team2,Team 2 (E/W),14,106,31,♠,finished,2026-05-18T16:07:00.617193+00:00
6578,INPROC_241322,1,10,team2,Team 2 (E/W),13,107,0,♣,finished,2026-05-18T16:07:00.631703+00:00
6579,INPROC_622A3C,1,10,team2,Team 2 (E/W),50,70,24,♥,finished,2026-05-18T16:07:00.644561+00:00
6580,INPROC_BB338D,1,10,team1,Team 1 (N/S),96,24,6,♣,finished,2026-05-18T16:07:00.654372+00:00
6581,INPROC_4A1777,1,10,team1,Team 1 (N/S),72,48,9,♣,finished,2026-05-18T16:07:00.662299+00:00
6582,INPROC_EA21AD,1,10,team1,Team 1 (N/S),67,53,4,♣,finished,2026-05-18T16:07:00.676522+00:00
6583,INPROC_D5B755,1,10,team2,Team 2 (E/W),51,69,8,♣,finished,2026-05-18T16:07:00.686309+00:00
6584,INPROC_4C8C2B,1,10,team2,Team 2 (E/W),38,82,0,♣,finished,2026-05-18T16:07:00.703931+00:00
6585,INPROC_9D8192,1,10,team2,Team 2 (E/W),48,72,21,♥,finished,2026-05-18T16:07:00.722170+00:00
6586,INPROC_0E2763,1,10,team1,Team 1 (N/S),73,47,26,♥,finished,2026-05-18T16:07:00.730842+00:00
6587,INPROC_468D15,1,10,team2,Team 2 (E/W),20,100,6,♣,finished,2026-05-18T16:07:00.740550+00:00
6588,INPROC_B29776,1,10,team2,Team 2 (E/W),31,89,27,♥,finished,2026-05-18T16:07:00.748911+00:00
6589,INPROC_8543CF,1,10,team1,Team 1 (N/S),63,57,13,♦,finished,2026-05-18T16:07:00.762901+00:00
6590,INPROC_55D33A,1,10,team1,Team 1 (N/S),62,58,21,♥,finished,2026-05-18T16:07:00.779488+00:00
6591,INPROC_E5130E,1,10,team1,Team 1 (N/S),83,37,38,♠,finished,2026-05-18T16:07:00.790910+00:00
6592,INPROC_5278CF,1,10,team2,Team 2 (E/W),54,66,3,♣,finished,2026-05-18T16:07:00.807829+00:00
6593,INPROC_39D266,1,10,team1,Team 1 (N/S),110,10,10,♦,finished,2026-05-18T16:07:00.825487+00:00
6594,INPROC_07BF02,1,10,team1,Team 1 (N/S),84,36,7,♣,finished,2026-05-18T16:07:00.846103+00:00
6595,INPROC_2B17D7,1,10,team2,Team 2 (E/W),47,73,19,♦,finished,2026-05-18T16:07:00.854576+00:00
6596,INPROC_B51496,1,10,team1,Team 1 (N/S),101,19,25,♥,finished,2026-05-18T16:07:00.865710+00:00
6597,INPROC_51A7FF,1,10,team1,Team 1 (N/S),67,53,3,♣,finished,2026-05-18T16:07:00.878353+00:00
6598,INPROC_125B50,1,10,team1,Team 1 (N/S),65,55,37,♠,finished,2026-05-18T16:07:00.887087+00:00
6599,INPROC_254719,1,10,team2,Team 2 (E/W),56,64,15,♦,finished,2026-05-18T16:07:00.896229+00:00
6600,INPROC_1AC4E4,1,10,team1,Team 1 (N/S),90,30,19,♦,finished,2026-05-18T16:07:00.905754+00:00
6601,INPROC_DBBDFF,1,10,team1,Team 1 (N/S),115,5,34,♠,finished,2026-05-18T16:07:00.916590+00:00
6602,INPROC_1228A4,1,10,team2,Team 2 (E/W),43,77,16,♦,finished,2026-05-18T16:07:00.932436+00:00
6603,INPROC_76C74B,1,10,team2,Team 2 (E/W),56,64,23,♥,finished,2026-05-18T16:07:00.941435+00:00
6604,INPROC_D7B28E,1,10,team1,Team 1 (N/S),80,40,3,♣,finished,2026-05-18T16:07:00.950933+00:00
6605,INPROC_6E003C,1,10,team2,Team 2 (E/W),53,67,22,♥,finished,2026-05-18T16:07:00.959374+00:00
6606,INPROC_64E17F,1,10,team2,Team 2 (E/W),44,76,8,♣,finished,2026-05-18T16:07:00.975248+00:00
6607,INPROC_BC0241,1,10,team2,Team 2 (E/W),51,69,0,♣,finished,2026-05-18T16:07:00.988962+00:00
6608,INPROC_2F1889,1,10,team1,Team 1 (N/S),74,46,39,♠,finished,2026-05-18T16:07:00.999867+00:00
6609,INPROC_841793,1,10,team2,Team 2 (E/W),28,92,22,♥,finished,2026-05-18T16:07:01.017558+00:00
6610,INPROC_A6274C,1,10,team1,Team 1 (N/S),91,29,36,♠,finished,2026-05-18T16:07:01.027397+00:00
6611,INPROC_EF1F6A,1,10,team2,Team 2 (E/W),28,92,26,♥,finished,2026-05-18T16:07:01.043406+00:00
6612,INPROC_EF1BC1,1,10,team1,Team 1 (N/S),68,52,5,♣,finished,2026-05-18T16:07:01.058854+00:00
6613,INPROC_3407AD,1,10,team2,Team 2 (E/W),45,75,16,♦,finished,2026-05-18T16:07:01.068280+00:00
6614,INPROC_326EC0,1,10,team2,Team 2 (E/W),58,62,13,♦,finished,2026-05-18T16:07:01.079065+00:00
6615,INPROC_6F5E11,1,10,team2,Team 2 (E/W),48,72,32,♠,finished,2026-05-18T16:07:01.087631+00:00
6616,INPROC_E05BBD,1,10,team1,Team 1 (N/S),104,16,34,♠,finished,2026-05-18T16:07:01.096322+00:00
6617,INPROC_80255C,1,10,team2,Team 2 (E/W),36,84,11,♦,finished,2026-05-18T16:07:01.111113+00:00
6618,INPROC_F6CB60,1,10,team2,Team 2 (E/W),48,72,20,♥,finished,2026-05-18T16:07:01.119143+00:00
6619,INPROC_0FE9A5,1,10,team1,Team 1 (N/S),85,35,5,♣,finished,2026-05-18T16:07:01.127440+00:00
6620,INPROC_F35CBC,1,10,team1,Team 1 (N/S),69,51,29,♥,finished,2026-05-18T16:07:01.141595+00:00
6621,INPROC_273AFD,1,10,team2,Team 2 (E/W),22,98,34,♠,finished,2026-05-18T16:07:01.151151+00:00
6622,INPROC_DAD77D,1,10,team2,Team 2 (E/W),21,99,15,♦,finished,2026-05-18T16:07:01.160523+00:00
6623,INPROC_5ED6CA,1,10,team1,Team 1 (N/S),77,43,5,♣,finished,2026-05-18T16:07:01.170974+00:00
6624,INPROC_6867CB,1,10,team2,Team 2 (E/W),40,80,26,♥,finished,2026-05-18T16:07:01.182200+00:00
6625,INPROC_7252D4,1,10,team1,Team 1 (N/S),105,15,11,♦,finished,2026-05-18T16:07:01.193950+00:00
6626,INPROC_EF28A7,1,10,team1,Team 1 (N/S),102,18,32,♠,finished,2026-05-18T16:07:01.206585+00:00
6627,INPROC_C6BB2D,1,10,team1,Team 1 (N/S),85,35,25,♥,finished,2026-05-18T16:07:01.221338+00:00
6628,INPROC_458DB9,1,10,team1,Team 1 (N/S),74,46,19,♦,finished,2026-05-18T16:07:01.236364+00:00
6629,INPROC_5D3658,1,10,team2,Team 2 (E/W),29,91,37,♠,finished,2026-05-18T16:07:01.245973+00:00
6630,INPROC_ACF2F5,1,10,team2,Team 2 (E/W),42,78,10,♦,finished,2026-05-18T16:07:01.255363+00:00
6631,INPROC_6C036E,1,10,team2,Team 2 (E/W),29,91,0,♣,finished,2026-05-18T16:07:01.264838+00:00
6632,INPROC_34F75B,1,10,team1,Team 1 (N/S),64,56,22,♥,finished,2026-05-18T16:07:01.277653+00:00
6633,INPROC_3F9446,1,10,team2,Team 2 (E/W),20,100,25,♥,finished,2026-05-18T16:07:01.292162+00:00
6634,INPROC_269E94,1,10,team1,Team 1 (N/S),100,20,17,♦,finished,2026-05-18T16:07:01.303388+00:00
6635,INPROC_0A619C,1,10,team1,Team 1 (N/S),84,36,33,♠,finished,2026-05-18T16:07:01.319612+00:00
6636,INPROC_5A9CC4,1,10,team2,Team 2 (E/W),20,100,35,♠,finished,2026-05-18T16:07:01.334852+00:00
6637,INPROC_7E4648,1,10,team1,Team 1 (N/S),84,36,22,♥,finished,2026-05-18T16:07:01.999232+00:00
6638,INPROC_F9A19B,1,10,team2,Team 2 (E/W),57,63,4,♣,finished,2026-05-18T16:07:02.014448+00:00
6639,INPROC_01A429,1,10,team2,Team 2 (E/W),45,75,27,♥,finished,2026-05-18T16:07:02.025789+00:00
6640,INPROC_4B7D1D,1,10,team2,Team 2 (E/W),0,120,21,♥,finished,2026-05-18T16:07:02.038139+00:00
6641,INPROC_96132A,1,10,team2,Team 2 (E/W),48,72,24,♥,finished,2026-05-18T16:07:02.053272+00:00
6642,INPROC_404E20,1,10,team2,Team 2 (E/W),44,76,17,♦,finished,2026-05-18T16:07:02.067413+00:00
6643,INPROC_B6DA6C,1,10,team1,Team 1 (N/S),103,17,18,♦,finished,2026-05-18T16:07:02.082896+00:00
6644,INPROC_AB75ED,1,10,team2,Team 2 (E/W),39,81,33,♠,finished,2026-05-18T16:07:02.096730+00:00
6645,INPROC_D4CEAB,1,10,team1,Team 1 (N/S),83,37,7,♣,finished,2026-05-18T16:07:02.113800+00:00
6646,INPROC_7D0AD8,1,10,team1,Team 1 (N/S),90,30,21,♥,finished,2026-05-18T16:07:02.131236+00:00
6647,INPROC_8A6DB5,1,10,team1,Team 1 (N/S),70,50,12,♦,finished,2026-05-18T16:07:02.151056+00:00
6648,INPROC_0E4B81,1,10,team1,Team 1 (N/S),98,22,31,♠,finished,2026-05-18T16:07:02.167143+00:00
6649,INPROC_7E548A,1,10,team2,Team 2 (E/W),47,73,4,♣,finished,2026-05-18T16:07:02.184074+00:00
6650,INPROC_006035,1,10,team1,Team 1 (N/S),68,52,34,♠,finished,2026-05-18T16:07:02.194023+00:00
6651,INPROC_537B88,1,10,team1,Team 1 (N/S),62,58,18,♦,finished,2026-05-18T16:07:02.202416+00:00
6652,INPROC_0B02C5,1,10,team2,Team 2 (E/W),48,72,18,♦,finished,2026-05-18T16:07:02.211545+00:00
6653,INPROC_9E929E,1,10,team2,Team 2 (E/W),35,85,35,♠,finished,2026-05-18T16:07:02.221746+00:00
6654,INPROC_ED8831,1,10,team2,Team 2 (E/W),56,64,38,♠,finished,2026-05-18T16:07:02.230196+00:00
6655,INPROC_7B5258,1,10,team2,Team 2 (E/W),38,82,2,♣,finished,2026-05-18T16:07:02.242723+00:00
6656,INPROC_35FD31,1,10,team1,Team 1 (N/S),98,22,12,♦,finished,2026-05-18T16:07:02.251850+00:00
6657,INPROC_FE00E8,1,10,team2,Team 2 (E/W),42,78,23,♥,finished,2026-05-18T16:07:02.260923+00:00
6658,INPROC_7DD682,1,10,team2,Team 2 (E/W),35,85,37,♠,finished,2026-05-18T16:07:02.271882+00:00
6659,INPROC_0F1488,1,10,team1,Team 1 (N/S),69,51,16,♦,finished,2026-05-18T16:07:02.289040+00:00
6660,INPROC_05F245,1,10,team2,Team 2 (E/W),32,88,7,♣,finished,2026-05-18T16:07:02.297278+00:00
6661,INPROC_877603,1,10,team1,Team 1 (N/S),101,19,8,♣,finished,2026-05-18T16:07:02.313669+00:00
6662,INPROC_39825E,1,10,team2,Team 2 (E/W),35,85,32,♠,finished,2026-05-18T16:07:02.328979+00:00
6663,INPROC_6D63BD,1,10,team2,Team 2 (E/W),39,81,1,♣,finished,2026-05-18T16:07:02.337173+00:00
6664,INPROC_89276D,1,10,team1,Team 1 (N/S),88,32,15,♦,finished,2026-05-18T16:07:02.351001+00:00
6665,INPROC_AD5650,1,10,team1,Team 1 (N/S),76,44,30,♠,finished,2026-05-18T16:07:02.367236+00:00
6666,INPROC_87FD0C,1,10,team2,Team 2 (E/W),56,64,28,♥,finished,2026-05-18T16:07:02.380855+00:00
6667,INPROC_E10504,1,10,team2,Team 2 (E/W),34,86,12,♦,finished,2026-05-18T16:07:02.398271+00:00
6668,INPROC_63404E,1,10,team1,Team 1 (N/S),104,16,1,♣,finished,2026-05-18T16:07:02.406213+00:00
6669,INPROC_AF44A1,1,10,draw,draw,60,60,36,♠,finished,2026-05-18T16:07:02.414515+00:00
6670,INPROC_CC8C03,1,10,team2,Team 2 (E/W),50,70,34,♠,finished,2026-05-18T16:07:02.428715+00:00
6671,INPROC_7FBE73,1,10,team1,Team 1 (N/S),62,58,24,♥,finished,2026-05-18T16:07:02.436924+00:00
6672,INPROC_283192,1,10,team1,Team 1 (N/S),64,56,19,♦,finished,2026-05-18T16:07:02.454232+00:00
6673,INPROC_06FE67,1,10,team1,Team 1 (N/S),63,57,18,♦,finished,2026-05-18T16:07:02.473872+00:00
6674,INPROC_5E329A,1,10,team2,Team 2 (E/W),51,69,12,♦,finished,2026-05-18T16:07:02.485714+00:00
6675,INPROC_9E9ECD,1,10,team2,Team 2 (E/W),6,114,24,♥,finished,2026-05-18T16:07:02.500441+00:00
6676,INPROC_B52D32,1,10,team2,Team 2 (E/W),49,71,39,♠,finished,2026-05-18T16:07:02.516099+00:00
6677,INPROC_85B089,1,10,team2,Team 2 (E/W),31,89,38,♠,finished,2026-05-18T16:07:02.534777+00:00
6678,INPROC_9E0FE2,1,10,team2,Team 2 (E/W),30,90,26,♥,finished,2026-05-18T16:07:02.550558+00:00
6679,INPROC_F3108E,1,10,team2,Team 2 (E/W),50,70,10,♦,finished,2026-05-18T16:07:02.565970+00:00
6680,INPROC_8F790E,1,10,team2,Team 2 (E/W),39,81,18,♦,finished,2026-05-18T16:07:02.584220+00:00
6681,INPROC_94E545,1,10,team2,Team 2 (E/W),25,95,7,♣,finished,2026-05-18T16:07:02.597991+00:00
6682,INPROC_FCCC2F,1,10,team2,Team 2 (E/W),51,69,37,♠,finished,2026-05-18T16:07:02.606364+00:00
6683,INPROC_5B694C,1,10,team1,Team 1 (N/S),76,44,7,♣,finished,2026-05-18T16:07:02.619884+00:00
6684,INPROC_06AAEA,1,10,team2,Team 2 (E/W),59,61,34,♠,finished,2026-05-18T16:07:02.631159+00:00
6685,INPROC_AB155E,1,10,team2,Team 2 (E/W),32,88,13,♦,finished,2026-05-18T16:07:02.639571+00:00
6686,INPROC_3F86D9,1,10,team2,Team 2 (E/W),23,97,6,♣,finished,2026-05-18T16:07:02.656484+00:00
6687,INPROC_083CB1,1,10,team2,Team 2 (E/W),31,89,15,♦,finished,2026-05-18T16:07:02.666414+00:00
6688,INPROC_B9A67D,1,10,team1,Team 1 (N/S),74,46,24,♥,finished,2026-05-18T16:07:02.676079+00:00
6689,INPROC_7207F2,1,10,team1,Team 1 (N/S),82,38,21,♥,finished,2026-05-18T16:07:02.685199+00:00
6690,INPROC_E95189,1,10,team2,Team 2 (E/W),42,78,34,♠,finished,2026-05-18T16:07:02.695383+00:00
6691,INPROC_E28C3B,1,10,team2,Team 2 (E/W),37,83,16,♦,finished,2026-05-18T16:07:02.706558+00:00
6692,INPROC_16961D,1,10,team1,Team 1 (N/S),116,4,22,♥,finished,2026-05-18T16:07:02.715016+00:00
6693,INPROC_C0056A,1,10,team1,Team 1 (N/S),72,48,1,♣,finished,2026-05-18T16:07:02.723604+00:00
6694,INPROC_903F31,1,10,team1,Team 1 (N/S),89,31,28,♥,finished,2026-05-18T16:07:02.732018+00:00
6695,INPROC_0DABBA,1,10,team1,Team 1 (N/S),64,56,26,♥,finished,2026-05-18T16:07:02.740756+00:00
6696,INPROC_03E8FB,1,10,team1,Team 1 (N/S),93,27,37,♠,finished,2026-05-18T16:07:02.751766+00:00
6697,INPROC_E6A7D6,1,10,team1,Team 1 (N/S),97,23,17,♦,finished,2026-05-18T16:07:02.760165+00:00
6698,INPROC_154B15,1,10,team2,Team 2 (E/W),15,105,28,♥,finished,2026-05-18T16:07:02.768796+00:00
6699,INPROC_B77593,1,10,team1,Team 1 (N/S),96,24,22,♥,finished,2026-05-18T16:07:02.785748+00:00
6700,INPROC_EF3400,1,10,team2,Team 2 (E/W),16,104,33,♠,finished,2026-05-18T16:07:02.800581+00:00
6701,INPROC_895528,1,10,team2,Team 2 (E/W),39,81,12,♦,finished,2026-05-18T16:07:02.817787+00:00
6702,INPROC_86485C,1,10,draw,draw,60,60,37,♠,finished,2026-05-18T16:07:02.826391+00:00
6703,INPROC_6F96AE,1,10,team1,Team 1 (N/S),66,54,13,♦,finished,2026-05-18T16:07:02.845141+00:00
6704,INPROC_6398AC,1,10,team2,Team 2 (E/W),52,68,29,♥,finished,2026-05-18T16:07:02.854015+00:00
6705,INPROC_24E4D2,1,10,team1,Team 1 (N/S),80,40,8,♣,finished,2026-05-18T16:07:02.862761+00:00
6706,INPROC_F94FE1,1,10,team2,Team 2 (E/W),43,77,20,♥,finished,2026-05-18T16:07:02.870903+00:00
6707,INPROC_B8AD19,1,10,team1,Team 1 (N/S),69,51,6,♣,finished,2026-05-18T16:07:02.879258+00:00
6708,INPROC_738A80,1,10,team2,Team 2 (E/W),17,103,33,♠,finished,2026-05-18T16:07:02.890160+00:00
6709,INPROC_0D02FB,1,10,team2,Team 2 (E/W),53,67,10,♦,finished,2026-05-18T16:07:02.905025+00:00
6710,INPROC_65D6AE,1,10,team1,Team 1 (N/S),74,46,10,♦,finished,2026-05-18T16:07:02.913711+00:00
6711,INPROC_364FED,1,10,team1,Team 1 (N/S),69,51,14,♦,finished,2026-05-18T16:07:02.923517+00:00
6712,INPROC_65FE3A,1,10,team1,Team 1 (N/S),86,34,19,♦,finished,2026-05-18T16:07:02.932572+00:00
6713,INPROC_6326DD,1,10,team1,Team 1 (N/S),63,57,20,♥,finished,2026-05-18T16:07:02.941654+00:00
6714,INPROC_F012E4,1,10,team2,Team 2 (E/W),34,86,36,♠,finished,2026-05-18T16:07:02.954550+00:00
6715,INPROC_00BA89,1,10,team2,Team 2 (E/W),43,77,3,♣,finished,2026-05-18T16:07:02.963261+00:00
6716,INPROC_9C51E5,1,10,team2,Team 2 (E/W),36,84,10,♦,finished,2026-05-18T16:07:02.973747+00:00
6717,INPROC_23D724,1,10,team1,Team 1 (N/S),87,33,4,♣,finished,2026-05-18T16:07:02.982579+00:00
6718,INPROC_980D49,1,10,team2,Team 2 (E/W),50,70,22,♥,finished,2026-05-18T16:07:02.992940+00:00
6719,INPROC_3E19EA,1,10,team2,Team 2 (E/W),44,76,6,♣,finished,2026-05-18T16:07:03.008183+00:00
6720,INPROC_184908,1,10,team2,Team 2 (E/W),33,87,5,♣,finished,2026-05-18T16:07:03.020442+00:00
6721,INPROC_10C671,1,10,team2,Team 2 (E/W),16,104,24,♥,finished,2026-05-18T16:07:03.029964+00:00
6722,INPROC_D0C259,1,10,team1,Team 1 (N/S),99,21,24,♥,finished,2026-05-18T16:07:03.046269+00:00
6723,INPROC_F69483,1,10,team1,Team 1 (N/S),65,55,2,♣,finished,2026-05-18T16:07:03.061452+00:00
6724,INPROC_620707,1,10,team2,Team 2 (E/W),58,62,30,♠,finished,2026-05-18T16:07:03.078804+00:00
6725,INPROC_D5AD80,1,10,team2,Team 2 (E/W),37,83,10,♦,finished,2026-05-18T16:07:03.096473+00:00
6726,INPROC_361340,1,10,team1,Team 1 (N/S),105,15,17,♦,finished,2026-05-18T16:07:03.105231+00:00
6727,INPROC_5B9F5D,1,10,team1,Team 1 (N/S),68,52,3,♣,finished,2026-05-18T16:07:03.117899+00:00
6728,INPROC_67C59C,1,10,team2,Team 2 (E/W),51,69,36,♠,finished,2026-05-18T16:07:03.133171+00:00
6729,INPROC_141588,1,10,team1,Team 1 (N/S),84,36,21,♥,finished,2026-05-18T16:07:03.149581+00:00
6730,INPROC_4E0B04,1,10,team2,Team 2 (E/W),17,103,23,♥,finished,2026-05-18T16:07:03.163319+00:00
6731,INPROC_0DACD0,1,10,team1,Team 1 (N/S),67,53,4,♣,finished,2026-05-18T16:07:03.176624+00:00
6732,INPROC_D167B0,1,10,team2,Team 2 (E/W),40,80,15,♦,finished,2026-05-18T16:07:03.194901+00:00
6733,INPROC_6E6BAC,1,10,team1,Team 1 (N/S),75,45,5,♣,finished,2026-05-18T16:07:03.215808+00:00
6734,INPROC_377A93,1,10,team1,Team 1 (N/S),106,14,20,♥,finished,2026-05-18T16:07:03.224843+00:00
6735,INPROC_9E2547,1,10,team2,Team 2 (E/W),45,75,36,♠,finished,2026-05-18T16:07:03.236453+00:00
6736,INPROC_C8C7CF,1,10,team1,Team 1 (N/S),69,51,3,♣,finished,2026-05-18T16:07:03.256115+00:00
6737,INPROC_7C8549,1,10,draw,draw,60,60,15,♦,finished,2026-05-18T16:07:03.280234+00:00
6738,INPROC_06302E,1,10,team1,Team 1 (N/S),64,56,21,♥,finished,2026-05-18T16:07:03.303830+00:00
6739,INPROC_91FA69,1,10,team2,Team 2 (E/W),52,68,33,♠,finished,2026-05-18T16:07:03.327382+00:00
6740,INPROC_7F2C43,1,10,team2,Team 2 (E/W),46,74,29,♥,finished,2026-05-18T16:07:03.336632+00:00
6741,INPROC_A7F35E,1,10,team2,Team 2 (E/W),59,61,30,♠,finished,2026-05-18T16:07:03.345353+00:00
6742,INPROC_C20DD7,1,10,team2,Team 2 (E/W),14,106,5,♣,finished,2026-05-18T16:07:03.353964+00:00
6743,INPROC_E9E261,1,10,team2,Team 2 (E/W),45,75,17,♦,finished,2026-05-18T16:07:03.363949+00:00
6744,INPROC_39BB3B,1,10,team2,Team 2 (E/W),56,64,1,♣,finished,2026-05-18T16:07:03.377273+00:00
6745,INPROC_1142B1,1,10,team1,Team 1 (N/S),87,33,12,♦,finished,2026-05-18T16:07:03.385421+00:00
6746,INPROC_4C89AC,1,10,team1,Team 1 (N/S),72,48,14,♦,finished,2026-05-18T16:07:03.393814+00:00
6747,INPROC_557054,1,10,team1,Team 1 (N/S),89,31,16,♦,finished,2026-05-18T16:07:03.402188+00:00
6748,INPROC_35612F,1,10,team1,Team 1 (N/S),93,27,4,♣,finished,2026-05-18T16:07:03.410941+00:00
6749,INPROC_D28D9D,1,10,team2,Team 2 (E/W),31,89,22,♥,finished,2026-05-18T16:07:03.421125+00:00
6750,INPROC_21A83F,1,10,team2,Team 2 (E/W),42,78,37,♠,finished,2026-05-18T16:07:03.439956+00:00
6751,INPROC_844222,1,10,team2,Team 2 (E/W),26,94,33,♠,finished,2026-05-18T16:07:03.460061+00:00
6752,INPROC_CDA8D7,1,10,team2,Team 2 (E/W),48,72,29,♥,finished,2026-05-18T16:07:03.477313+00:00
6753,INPROC_30205F,1,10,team1,Team 1 (N/S),76,44,10,♦,finished,2026-05-18T16:07:03.498957+00:00
6754,INPROC_5E784E,1,10,team1,Team 1 (N/S),101,19,27,♥,finished,2026-05-18T16:07:03.511680+00:00
6755,INPROC_EB85C2,1,10,team2,Team 2 (E/W),55,65,34,♠,finished,2026-05-18T16:07:03.521037+00:00
6756,INPROC_A75DDB,1,10,team2,Team 2 (E/W),31,89,17,♦,finished,2026-05-18T16:07:03.535754+00:00
6757,INPROC_0985AF,1,10,team2,Team 2 (E/W),44,76,19,♦,finished,2026-05-18T16:07:03.547317+00:00
6758,INPROC_6A29A6,1,10,team1,Team 1 (N/S),109,11,34,♠,finished,2026-05-18T16:07:03.564608+00:00
6759,INPROC_06A45D,1,10,team1,Team 1 (N/S),94,26,15,♦,finished,2026-05-18T16:07:03.580455+00:00
6760,INPROC_56F067,1,10,team1,Team 1 (N/S),93,27,16,♦,finished,2026-05-18T16:07:03.593177+00:00
6761,INPROC_785A7C,1,10,team2,Team 2 (E/W),57,63,16,♦,finished,2026-05-18T16:07:03.601417+00:00
6762,INPROC_F9A9C5,1,10,team2,Team 2 (E/W),57,63,26,♥,finished,2026-05-18T16:07:03.609796+00:00
6763,INPROC_5249E5,1,10,team2,Team 2 (E/W),28,92,10,♦,finished,2026-05-18T16:07:03.618560+00:00
6764,INPROC_6C3036,1,10,team2,Team 2 (E/W),18,102,27,♥,finished,2026-05-18T16:07:03.628163+00:00
6765,INPROC_111FF6,1,10,team2,Team 2 (E/W),53,67,17,♦,finished,2026-05-18T16:07:03.637061+00:00
6766,INPROC_BBF606,1,10,team1,Team 1 (N/S),81,39,11,♦,finished,2026-05-18T16:07:03.651990+00:00
6767,INPROC_501FDF,1,10,team2,Team 2 (E/W),54,66,4,♣,finished,2026-05-18T16:07:03.666230+00:00
6768,INPROC_C5E755,1,10,team2,Team 2 (E/W),35,85,11,♦,finished,2026-05-18T16:07:03.674491+00:00
6769,INPROC_C365A4,1,10,team2,Team 2 (E/W),54,66,8,♣,finished,2026-05-18T16:07:03.682998+00:00
6770,INPROC_CD4224,1,10,team2,Team 2 (E/W),21,99,37,♠,finished,2026-05-18T16:07:03.692479+00:00
6771,INPROC_36799F,1,10,team2,Team 2 (E/W),51,69,31,♠,finished,2026-05-18T16:07:03.701862+00:00
6772,INPROC_1F44A0,1,10,team1,Team 1 (N/S),108,12,16,♦,finished,2026-05-18T16:07:03.715458+00:00
6773,INPROC_53FD21,1,10,team2,Team 2 (E/W),48,72,13,♦,finished,2026-05-18T16:07:03.724354+00:00
6774,INPROC_E5F03B,1,10,team2,Team 2 (E/W),26,94,27,♥,finished,2026-05-18T16:07:03.736227+00:00
6775,INPROC_5750BF,1,10,team1,Team 1 (N/S),100,20,33,♠,finished,2026-05-18T16:07:03.744592+00:00
6776,INPROC_B054EE,1,10,team1,Team 1 (N/S),62,58,13,♦,finished,2026-05-18T16:07:03.754159+00:00
6777,INPROC_F0CB1A,1,10,team2,Team 2 (E/W),24,96,17,♦,finished,2026-05-18T16:07:03.762925+00:00
6778,INPROC_F05632,1,10,team1,Team 1 (N/S),82,38,38,♠,finished,2026-05-18T16:07:03.771918+00:00
6779,INPROC_CFB901,1,10,team2,Team 2 (E/W),46,74,8,♣,finished,2026-05-18T16:07:03.784679+00:00
6780,INPROC_3565F5,1,10,team2,Team 2 (E/W),25,95,30,♠,finished,2026-05-18T16:07:03.803086+00:00
6781,INPROC_F7E26E,1,10,team2,Team 2 (E/W),55,65,8,♣,finished,2026-05-18T16:07:03.821375+00:00
6782,INPROC_2062F6,1,10,team1,Team 1 (N/S),90,30,6,♣,finished,2026-05-18T16:07:03.841746+00:00
6783,INPROC_74B907,1,10,team2,Team 2 (E/W),38,82,3,♣,finished,2026-05-18T16:07:03.851432+00:00
6784,INPROC_0987AC,1,10,team2,Team 2 (E/W),55,65,7,♣,finished,2026-05-18T16:07:03.861745+00:00
6785,INPROC_723811,1,10,team2,Team 2 (E/W),15,105,17,♦,finished,2026-05-18T16:07:03.873664+00:00
6786,INPROC_EA3474,1,10,team2,Team 2 (E/W),46,74,26,♥,finished,2026-05-18T16:07:03.887928+00:00
6787,INPROC_5031A9,1,10,draw,draw,60,60,14,♦,finished,2026-05-18T16:07:03.896935+00:00
6788,INPROC_AAE238,1,10,team1,Team 1 (N/S),79,41,5,♣,finished,2026-05-18T16:07:03.906083+00:00
6789,INPROC_46F07A,1,10,team2,Team 2 (E/W),28,92,13,♦,finished,2026-05-18T16:07:03.915271+00:00
6790,INPROC_D41336,1,10,team1,Team 1 (N/S),90,30,32,♠,finished,2026-05-18T16:07:03.923232+00:00
6791,INPROC_593469,1,10,team2,Team 2 (E/W),10,110,31,♠,finished,2026-05-18T16:07:03.935054+00:00
6792,INPROC_EE9BE4,1,10,team1,Team 1 (N/S),67,53,35,♠,finished,2026-05-18T16:07:03.944944+00:00
6793,INPROC_FB015F,1,10,team2,Team 2 (E/W),58,62,17,♦,finished,2026-05-18T16:07:03.958199+00:00
6794,INPROC_459B5E,1,10,team2,Team 2 (E/W),48,72,7,♣,finished,2026-05-18T16:07:03.969286+00:00
6795,INPROC_247481,1,10,team1,Team 1 (N/S),80,40,27,♥,finished,2026-05-18T16:07:03.983446+00:00
6796,INPROC_9F93A8,1,10,team2,Team 2 (E/W),20,100,32,♠,finished,2026-05-18T16:07:03.992310+00:00
6797,INPROC_770999,1,10,team2,Team 2 (E/W),53,67,28,♥,finished,2026-05-18T16:07:04.008342+00:00
6798,INPROC_8E58B2,1,10,team2,Team 2 (E/W),55,65,12,♦,finished,2026-05-18T16:07:04.016565+00:00
6799,INPROC_C94867,1,10,team2,Team 2 (E/W),38,82,36,♠,finished,2026-05-18T16:07:04.029726+00:00
6800,INPROC_CFB0C1,1,10,team2,Team 2 (E/W),26,94,19,♦,finished,2026-05-18T16:07:04.037604+00:00
6801,INPROC_7B6406,1,10,team2,Team 2 (E/W),59,61,22,♥,finished,2026-05-18T16:07:04.048351+00:00
6802,INPROC_1C562C,1,10,team2,Team 2 (E/W),40,80,19,♦,finished,2026-05-18T16:07:04.059064+00:00
6803,INPROC_06403C,1,10,team2,Team 2 (E/W),49,71,10,♦,finished,2026-05-18T16:07:04.069083+00:00
6804,INPROC_64A96E,1,10,team2,Team 2 (E/W),46,74,35,♠,finished,2026-05-18T16:07:04.078329+00:00
6805,INPROC_A3E88D,1,10,team1,Team 1 (N/S),64,56,9,♣,finished,2026-05-18T16:07:04.092240+00:00
6806,INPROC_4A5A6A,1,10,team2,Team 2 (E/W),34,86,7,♣,finished,2026-05-18T16:07:04.109636+00:00
6807,INPROC_61B04F,1,10,team1,Team 1 (N/S),107,13,26,♥,finished,2026-05-18T16:07:04.126997+00:00
6808,INPROC_C87752,1,10,team2,Team 2 (E/W),51,69,2,♣,finished,2026-05-18T16:07:04.143956+00:00
6809,INPROC_3F0AA5,1,10,team2,Team 2 (E/W),37,83,9,♣,finished,2026-05-18T16:07:04.162343+00:00
6810,INPROC_623251,1,10,team2,Team 2 (E/W),22,98,15,♦,finished,2026-05-18T16:07:04.181321+00:00
6811,INPROC_D6689D,1,10,team1,Team 1 (N/S),118,2,31,♠,finished,2026-05-18T16:07:04.190147+00:00
6812,INPROC_A9B309,1,10,team2,Team 2 (E/W),54,66,4,♣,finished,2026-05-18T16:07:04.199598+00:00
6813,INPROC_9BBE7F,1,10,team2,Team 2 (E/W),53,67,22,♥,finished,2026-05-18T16:07:04.207926+00:00
6814,INPROC_31F4FF,1,10,team1,Team 1 (N/S),87,33,20,♥,finished,2026-05-18T16:07:04.218016+00:00
6815,INPROC_F1E37D,1,10,team1,Team 1 (N/S),68,52,8,♣,finished,2026-05-18T16:07:04.230633+00:00
6816,INPROC_8C9F10,1,10,team1,Team 1 (N/S),100,20,36,♠,finished,2026-05-18T16:07:04.242723+00:00
6817,INPROC_AB5D08,1,10,team2,Team 2 (E/W),42,78,29,♥,finished,2026-05-18T16:07:04.259717+00:00
6818,INPROC_961B24,1,10,team1,Team 1 (N/S),68,52,4,♣,finished,2026-05-18T16:07:04.277287+00:00
6819,INPROC_4B868F,1,10,team1,Team 1 (N/S),90,30,32,♠,finished,2026-05-18T16:07:04.293209+00:00
6820,INPROC_98AA3B,1,10,team1,Team 1 (N/S),64,56,30,♠,finished,2026-05-18T16:07:04.315711+00:00
6821,INPROC_D41CA0,1,10,team1,Team 1 (N/S),61,59,6,♣,finished,2026-05-18T16:07:04.338616+00:00
6822,INPROC_0FD517,1,10,team1,Team 1 (N/S),104,16,10,♦,finished,2026-05-18T16:07:04.349296+00:00
6823,INPROC_3D12D5,1,10,team2,Team 2 (E/W),24,96,18,♦,finished,2026-05-18T16:07:04.369181+00:00
6824,INPROC_7BE0D6,1,10,team2,Team 2 (E/W),27,93,23,♥,finished,2026-05-18T16:07:04.388257+00:00
6825,INPROC_CDE4B1,1,10,team2,Team 2 (E/W),24,96,31,♠,finished,2026-05-18T16:07:04.409984+00:00
6826,INPROC_5F4200,1,10,draw,draw,60,60,1,♣,finished,2026-05-18T16:07:04.423844+00:00
6827,INPROC_E518F1,1,10,team1,Team 1 (N/S),80,40,39,♠,finished,2026-05-18T16:07:04.442543+00:00
6828,INPROC_A35585,1,10,team2,Team 2 (E/W),27,93,31,♠,finished,2026-05-18T16:07:04.462604+00:00
6829,INPROC_80F9DB,1,10,team1,Team 1 (N/S),78,42,8,♣,finished,2026-05-18T16:07:04.477308+00:00
6830,INPROC_F051F5,1,10,team1,Team 1 (N/S),80,40,1,♣,finished,2026-05-18T16:07:04.489530+00:00
6831,INPROC_B14864,1,10,team2,Team 2 (E/W),35,85,28,♥,finished,2026-05-18T16:07:04.501028+00:00
6832,INPROC_649A3E,1,10,team2,Team 2 (E/W),47,73,10,♦,finished,2026-05-18T16:07:04.513372+00:00
6833,INPROC_A1E9AA,1,10,team2,Team 2 (E/W),57,63,10,♦,finished,2026-05-18T16:07:04.528404+00:00
6834,INPROC_7F81F4,1,10,team1,Team 1 (N/S),69,51,37,♠,finished,2026-05-18T16:07:04.545317+00:00
6835,INPROC_6FFB2F,1,10,team2,Team 2 (E/W),26,94,38,♠,finished,2026-05-18T16:07:04.560740+00:00
6836,INPROC_0CD958,1,10,team2,Team 2 (E/W),22,98,29,♥,finished,2026-05-18T16:07:04.570118+00:00
6837,INPROC_60432D,1,10,team1,Team 1 (N/S),66,54,27,♥,finished,2026-05-18T16:07:04.578187+00:00
6838,INPROC_02ECE2,1,10,team2,Team 2 (E/W),24,96,10,♦,finished,2026-05-18T16:07:04.594003+00:00
6839,INPROC_87F850,1,10,team1,Team 1 (N/S),77,43,14,♦,finished,2026-05-18T16:07:04.612353+00:00
6840,INPROC_73F127,1,10,team1,Team 1 (N/S),97,23,14,♦,finished,2026-05-18T16:07:04.622885+00:00
6841,INPROC_A74FA9,1,10,team1,Team 1 (N/S),65,55,5,♣,finished,2026-05-18T16:07:04.631276+00:00
6842,INPROC_788ADF,1,10,team1,Team 1 (N/S),62,58,19,♦,finished,2026-05-18T16:07:04.639640+00:00
6843,INPROC_1158FA,1,10,team1,Team 1 (N/S),114,6,10,♦,finished,2026-05-18T16:07:04.647650+00:00
6844,INPROC_122BD3,1,10,team1,Team 1 (N/S),84,36,12,♦,finished,2026-05-18T16:07:04.663039+00:00
6845,INPROC_378526,1,10,team2,Team 2 (E/W),26,94,1,♣,finished,2026-05-18T16:07:04.681099+00:00
6846,INPROC_633370,1,10,team2,Team 2 (E/W),54,66,17,♦,finished,2026-05-18T16:07:04.689227+00:00
6847,INPROC_9AFD49,1,10,team2,Team 2 (E/W),33,87,20,♥,finished,2026-05-18T16:07:04.704039+00:00
6848,INPROC_847351,1,10,team1,Team 1 (N/S),88,32,9,♣,finished,2026-05-18T16:07:04.719548+00:00
6849,INPROC_D958F3,1,10,team2,Team 2 (E/W),43,77,23,♥,finished,2026-05-18T16:07:04.733818+00:00
6850,INPROC_B54C3D,1,10,team2,Team 2 (E/W),58,62,0,♣,finished,2026-05-18T16:07:04.744924+00:00
6851,INPROC_3B01F4,1,10,team1,Team 1 (N/S),66,54,20,♥,finished,2026-05-18T16:07:04.753627+00:00
6852,INPROC_512CAF,1,10,team1,Team 1 (N/S),61,59,22,♥,finished,2026-05-18T16:07:04.762238+00:00
6853,INPROC_6C0AFB,1,10,team1,Team 1 (N/S),68,52,17,♦,finished,2026-05-18T16:07:04.772202+00:00
6854,INPROC_FFC4FA,1,10,team1,Team 1 (N/S),70,50,4,♣,finished,2026-05-18T16:07:04.789311+00:00
6855,INPROC_6E2B93,1,10,team2,Team 2 (E/W),58,62,21,♥,finished,2026-05-18T16:07:04.801982+00:00
6856,INPROC_4683AB,1,10,team2,Team 2 (E/W),0,120,19,♦,finished,2026-05-18T16:07:04.820898+00:00
6857,INPROC_193AA5,1,10,team2,Team 2 (E/W),33,87,25,♥,finished,2026-05-18T16:07:04.843673+00:00
6858,INPROC_1AA8E3,1,10,team2,Team 2 (E/W),27,93,27,♥,finished,2026-05-18T16:07:04.858204+00:00
6859,INPROC_0DFBFB,1,10,team2,Team 2 (E/W),56,64,17,♦,finished,2026-05-18T16:07:04.867211+00:00
6860,INPROC_5F73EA,1,10,team2,Team 2 (E/W),38,82,23,♥,finished,2026-05-18T16:07:04.875229+00:00
6861,INPROC_569952,1,10,team2,Team 2 (E/W),34,86,11,♦,finished,2026-05-18T16:07:04.883641+00:00
6862,INPROC_50C805,1,10,team1,Team 1 (N/S),62,58,12,♦,finished,2026-05-18T16:07:04.891949+00:00
6863,INPROC_1EC37D,1,10,team2,Team 2 (E/W),44,76,16,♦,finished,2026-05-18T16:07:04.902650+00:00
6864,INPROC_D01965,1,10,team1,Team 1 (N/S),93,27,20,♥,finished,2026-05-18T16:07:04.912907+00:00
6865,INPROC_E6BD61,1,10,team2,Team 2 (E/W),36,84,13,♦,finished,2026-05-18T16:07:04.921645+00:00
6866,INPROC_6788FC,1,10,team2,Team 2 (E/W),46,74,35,♠,finished,2026-05-18T16:07:04.930751+00:00
6867,INPROC_62BF99,1,10,team1,Team 1 (N/S),88,32,34,♠,finished,2026-05-18T16:07:04.938539+00:00
6868,INPROC_491B24,1,10,team1,Team 1 (N/S),69,51,36,♠,finished,2026-05-18T16:07:04.947572+00:00
6869,INPROC_789ADE,1,10,team1,Team 1 (N/S),77,43,34,♠,finished,2026-05-18T16:07:04.956444+00:00
6870,INPROC_D5D6B6,1,10,team1,Team 1 (N/S),68,52,12,♦,finished,2026-05-18T16:07:04.964758+00:00
6871,INPROC_07E479,1,10,team1,Team 1 (N/S),68,52,6,♣,finished,2026-05-18T16:07:04.973680+00:00
6872,INPROC_E504AA,1,10,team2,Team 2 (E/W),37,83,19,♦,finished,2026-05-18T16:07:04.991839+00:00
6873,INPROC_C426E3,1,10,team1,Team 1 (N/S),69,51,30,♠,finished,2026-05-18T16:07:04.999961+00:00
6874,INPROC_CC906C,1,10,team1,Team 1 (N/S),72,48,8,♣,finished,2026-05-18T16:07:05.008061+00:00
6875,INPROC_00BB18,1,10,team1,Team 1 (N/S),72,48,3,♣,finished,2026-05-18T16:07:05.019787+00:00
6876,INPROC_9C7FB1,1,10,team1,Team 1 (N/S),94,26,20,♥,finished,2026-05-18T16:07:05.028141+00:00
6877,INPROC_4E4E74,1,10,team2,Team 2 (E/W),28,92,28,♥,finished,2026-05-18T16:07:05.041465+00:00
6878,INPROC_037461,1,10,team1,Team 1 (N/S),120,0,25,♥,finished,2026-05-18T16:07:05.054855+00:00
6879,INPROC_7EDB7A,1,10,team2,Team 2 (E/W),35,85,3,♣,finished,2026-05-18T16:07:05.063311+00:00
6880,INPROC_06BBEE,1,10,team2,Team 2 (E/W),58,62,19,♦,finished,2026-05-18T16:07:05.075234+00:00
6881,INPROC_282536,1,10,team2,Team 2 (E/W),9,111,30,♠,finished,2026-05-18T16:07:05.083657+00:00
6882,INPROC_DE75F0,1,10,team2,Team 2 (E/W),48,72,37,♠,finished,2026-05-18T16:07:05.091992+00:00
6883,INPROC_94ECA0,1,10,team1,Team 1 (N/S),120,0,8,♣,finished,2026-05-18T16:07:05.101987+00:00
6884,INPROC_7E2913,1,10,team1,Team 1 (N/S),80,40,11,♦,finished,2026-05-18T16:07:05.110321+00:00
6885,INPROC_369D32,1,10,team1,Team 1 (N/S),66,54,29,♥,finished,2026-05-18T16:07:05.122336+00:00
6886,INPROC_392A2C,1,10,team1,Team 1 (N/S),86,34,16,♦,finished,2026-05-18T16:07:05.130209+00:00
6887,INPROC_B1893D,1,10,team1,Team 1 (N/S),86,34,5,♣,finished,2026-05-18T16:07:05.138305+00:00
6888,INPROC_5361AC,1,10,team2,Team 2 (E/W),15,105,3,♣,finished,2026-05-18T16:07:05.147116+00:00
6889,INPROC_998CCC,1,10,team2,Team 2 (E/W),48,72,16,♦,finished,2026-05-18T16:07:05.155014+00:00
6890,INPROC_48FBF3,1,10,team2,Team 2 (E/W),51,69,19,♦,finished,2026-05-18T16:07:05.163680+00:00
6891,INPROC_C6D69B,1,10,team2,Team 2 (E/W),52,68,8,♣,finished,2026-05-18T16:07:05.175452+00:00
6892,INPROC_BAD1E3,1,10,team2,Team 2 (E/W),55,65,34,♠,finished,2026-05-18T16:07:05.188329+00:00
6893,INPROC_31ADE1,1,10,team1,Team 1 (N/S),67,53,8,♣,finished,2026-05-18T16:07:05.196894+00:00
6894,INPROC_9DCD49,1,10,team2,Team 2 (E/W),58,62,29,♥,finished,2026-05-18T16:07:05.204902+00:00
6895,INPROC_9482C5,1,10,team2,Team 2 (E/W),59,61,39,♠,finished,2026-05-18T16:07:05.214180+00:00
6896,INPROC_B22E12,1,10,team1,Team 1 (N/S),83,37,2,♣,finished,2026-05-18T16:07:05.226845+00:00
6897,INPROC_182090,1,10,team2,Team 2 (E/W),35,85,23,♥,finished,2026-05-18T16:07:05.234966+00:00
6898,INPROC_1CBF49,1,10,team1,Team 1 (N/S),104,16,31,♠,finished,2026-05-18T16:07:05.243991+00:00
6899,INPROC_7A555D,1,10,team2,Team 2 (E/W),55,65,29,♥,finished,2026-05-18T16:07:05.254341+00:00
6900,INPROC_82A865,1,10,team2,Team 2 (E/W),54,66,4,♣,finished,2026-05-18T16:07:05.268078+00:00
6901,INPROC_C70F26,1,10,team2,Team 2 (E/W),55,65,8,♣,finished,2026-05-18T16:07:05.278599+00:00
6902,INPROC_5930DE,1,10,team2,Team 2 (E/W),45,75,34,♠,finished,2026-05-18T16:07:05.286718+00:00
6903,INPROC_29E805,1,10,team1,Team 1 (N/S),66,54,7,♣,finished,2026-05-18T16:07:05.296715+00:00
6904,INPROC_BE61CE,1,10,team2,Team 2 (E/W),28,92,39,♠,finished,2026-05-18T16:07:05.307998+00:00
6905,INPROC_33B113,1,10,team2,Team 2 (E/W),38,82,2,♣,finished,2026-05-18T16:07:05.321155+00:00
6906,INPROC_2532A6,1,10,team1,Team 1 (N/S),85,35,11,♦,finished,2026-05-18T16:07:05.341433+00:00
6907,INPROC_32ADB7,1,10,team1,Team 1 (N/S),63,57,9,♣,finished,2026-05-18T16:07:05.352780+00:00
6908,INPROC_C2FD79,1,10,team1,Team 1 (N/S),61,59,26,♥,finished,2026-05-18T16:07:05.363513+00:00
6909,INPROC_479A79,1,10,team2,Team 2 (E/W),47,73,38,♠,finished,2026-05-18T16:07:05.371962+00:00
6910,INPROC_8EA51B,1,10,team2,Team 2 (E/W),45,75,35,♠,finished,2026-05-18T16:07:05.390530+00:00
6911,INPROC_5DF975,1,10,team1,Team 1 (N/S),81,39,29,♥,finished,2026-05-18T16:07:05.400755+00:00
6912,INPROC_BC107C,1,10,team1,Team 1 (N/S),77,43,0,♣,finished,2026-05-18T16:07:05.412108+00:00
6913,INPROC_73E983,1,10,team2,Team 2 (E/W),48,72,8,♣,finished,2026-05-18T16:07:05.425737+00:00
6914,INPROC_0360C9,1,10,team1,Team 1 (N/S),63,57,14,♦,finished,2026-05-18T16:07:05.438800+00:00
6915,INPROC_99C4D7,1,10,team1,Team 1 (N/S),78,42,25,♥,finished,2026-05-18T16:07:05.448602+00:00
6916,INPROC_535F27,1,10,team2,Team 2 (E/W),48,72,12,♦,finished,2026-05-18T16:07:05.457121+00:00
6917,INPROC_18C135,1,10,team1,Team 1 (N/S),63,57,0,♣,finished,2026-05-18T16:07:05.466097+00:00
6918,INPROC_198767,1,10,team2,Team 2 (E/W),57,63,3,♣,finished,2026-05-18T16:07:05.474346+00:00
6919,INPROC_51EF66,1,10,team2,Team 2 (E/W),31,89,19,♦,finished,2026-05-18T16:07:05.482758+00:00
6920,INPROC_E64FA8,1,10,team2,Team 2 (E/W),50,70,11,♦,finished,2026-05-18T16:07:05.492925+00:00
6921,INPROC_7CB1D9,1,10,team1,Team 1 (N/S),61,59,4,♣,finished,2026-05-18T16:07:05.500962+00:00
6922,INPROC_3B4B0E,1,10,team2,Team 2 (E/W),29,91,36,♠,finished,2026-05-18T16:07:05.516168+00:00
6923,INPROC_4DC085,1,10,team2,Team 2 (E/W),29,91,18,♦,finished,2026-05-18T16:07:05.528143+00:00
6924,INPROC_C01D00,1,10,team2,Team 2 (E/W),50,70,6,♣,finished,2026-05-18T16:07:05.540472+00:00
6925,INPROC_BEA8AD,1,10,team1,Team 1 (N/S),70,50,13,♦,finished,2026-05-18T16:07:05.554029+00:00
6926,INPROC_F402B0,1,10,team2,Team 2 (E/W),36,84,17,♦,finished,2026-05-18T16:07:05.562094+00:00
6927,INPROC_7C38B7,1,10,team1,Team 1 (N/S),84,36,29,♥,finished,2026-05-18T16:07:05.578606+00:00
6928,INPROC_C10924,1,10,team1,Team 1 (N/S),76,44,11,♦,finished,2026-05-18T16:07:05.587237+00:00
6929,INPROC_867962,1,10,team1,Team 1 (N/S),78,42,32,♠,finished,2026-05-18T16:07:05.595450+00:00
6930,INPROC_7A5D62,1,10,team2,Team 2 (E/W),37,83,10,♦,finished,2026-05-18T16:07:05.603782+00:00
6931,INPROC_64BF73,1,10,team1,Team 1 (N/S),88,32,1,♣,finished,2026-05-18T16:07:05.623019+00:00
6932,INPROC_862A07,1,10,team2,Team 2 (E/W),25,95,5,♣,finished,2026-05-18T16:07:05.632163+00:00
6933,INPROC_17D6F9,1,10,team2,Team 2 (E/W),10,110,37,♠,finished,2026-05-18T16:07:05.643299+00:00
6934,INPROC_09D253,1,10,team1,Team 1 (N/S),76,44,14,♦,finished,2026-05-18T16:07:05.653451+00:00
6935,INPROC_581FB6,1,10,team1,Team 1 (N/S),95,25,15,♦,finished,2026-05-18T16:07:05.667204+00:00
6936,INPROC_5D5E8E,1,10,team2,Team 2 (E/W),51,69,39,♠,finished,2026-05-18T16:07:05.680458+00:00
6937,INPROC_DB50C7,1,10,team1,Team 1 (N/S),65,55,22,♥,finished,2026-05-18T16:07:05.689040+00:00
6938,INPROC_3C3439,1,10,draw,draw,60,60,15,♦,finished,2026-05-18T16:07:05.706498+00:00
6939,INPROC_38F939,1,10,team2,Team 2 (E/W),25,95,31,♠,finished,2026-05-18T16:07:05.723409+00:00
6940,INPROC_99C1FB,1,10,team2,Team 2 (E/W),16,104,26,♥,finished,2026-05-18T16:07:05.738813+00:00
6941,INPROC_1E2D36,1,10,team1,Team 1 (N/S),62,58,24,♥,finished,2026-05-18T16:07:05.752743+00:00
6942,INPROC_E46B6A,1,10,team2,Team 2 (E/W),33,87,5,♣,finished,2026-05-18T16:07:05.769386+00:00
6943,INPROC_CAE930,1,10,team2,Team 2 (E/W),59,61,14,♦,finished,2026-05-18T16:07:05.783778+00:00
6944,INPROC_5C9196,1,10,team2,Team 2 (E/W),23,97,29,♥,finished,2026-05-18T16:07:05.803716+00:00
6945,INPROC_263F58,1,10,team2,Team 2 (E/W),55,65,16,♦,finished,2026-05-18T16:07:05.821719+00:00
6946,INPROC_4D8E94,1,10,team2,Team 2 (E/W),57,63,0,♣,finished,2026-05-18T16:07:05.835497+00:00
6947,INPROC_75CAC8,1,10,team2,Team 2 (E/W),55,65,37,♠,finished,2026-05-18T16:07:05.845346+00:00
6948,INPROC_95B71B,1,10,team2,Team 2 (E/W),44,76,0,♣,finished,2026-05-18T16:07:05.858178+00:00
6949,INPROC_744F08,1,10,team2,Team 2 (E/W),17,103,28,♥,finished,2026-05-18T16:07:05.870704+00:00
6950,INPROC_EF142D,1,10,team1,Team 1 (N/S),72,48,12,♦,finished,2026-05-18T16:07:05.880205+00:00
6951,INPROC_FE691D,1,10,team1,Team 1 (N/S),79,41,25,♥,finished,2026-05-18T16:07:05.891799+00:00
6952,INPROC_12CB37,1,10,team1,Team 1 (N/S),95,25,38,♠,finished,2026-05-18T16:07:05.907001+00:00
6953,INPROC_B36CB4,1,10,team2,Team 2 (E/W),39,81,15,♦,finished,2026-05-18T16:07:05.921961+00:00
6954,INPROC_35C933,1,10,team2,Team 2 (E/W),3,117,32,♠,finished,2026-05-18T16:07:05.934128+00:00
6955,INPROC_BDA44E,1,10,team2,Team 2 (E/W),45,75,1,♣,finished,2026-05-18T16:07:05.948614+00:00
6956,INPROC_0073BF,1,10,team1,Team 1 (N/S),90,30,8,♣,finished,2026-05-18T16:07:05.957810+00:00
6957,INPROC_77357E,1,10,team1,Team 1 (N/S),68,52,9,♣,finished,2026-05-18T16:07:05.967144+00:00
6958,INPROC_3504C2,1,10,team2,Team 2 (E/W),38,82,19,♦,finished,2026-05-18T16:07:05.976968+00:00
6959,INPROC_86E470,1,10,team1,Team 1 (N/S),81,39,15,♦,finished,2026-05-18T16:07:05.985600+00:00
6960,INPROC_2B7128,1,10,team1,Team 1 (N/S),86,34,5,♣,finished,2026-05-18T16:07:05.995282+00:00
6961,INPROC_0C6C44,1,10,team1,Team 1 (N/S),106,14,7,♣,finished,2026-05-18T16:07:06.004591+00:00
6962,INPROC_FE851A,1,10,team2,Team 2 (E/W),49,71,26,♥,finished,2026-05-18T16:07:06.013979+00:00
6963,INPROC_8C011A,1,10,team2,Team 2 (E/W),53,67,25,♥,finished,2026-05-18T16:07:06.023026+00:00
6964,INPROC_2A7D20,1,10,team2,Team 2 (E/W),55,65,0,♣,finished,2026-05-18T16:07:06.031927+00:00
6965,INPROC_EDA04E,1,10,team1,Team 1 (N/S),61,59,15,♦,finished,2026-05-18T16:07:06.047681+00:00
6966,INPROC_0597BA,1,10,team2,Team 2 (E/W),43,77,17,♦,finished,2026-05-18T16:07:06.056377+00:00
6967,INPROC_691B06,1,10,team2,Team 2 (E/W),47,73,5,♣,finished,2026-05-18T16:07:06.067090+00:00
6968,INPROC_93A2CA,1,10,team1,Team 1 (N/S),87,33,0,♣,finished,2026-05-18T16:07:06.081161+00:00
6969,INPROC_9DF50D,1,10,team2,Team 2 (E/W),6,114,36,♠,finished,2026-05-18T16:07:06.092326+00:00
6970,INPROC_D287D3,1,10,team1,Team 1 (N/S),68,52,14,♦,finished,2026-05-18T16:07:06.106929+00:00
6971,INPROC_2CC7DB,1,10,team1,Team 1 (N/S),113,7,12,♦,finished,2026-05-18T16:07:06.123861+00:00
6972,INPROC_9C7ABC,1,10,team2,Team 2 (E/W),45,75,5,♣,finished,2026-05-18T16:07:06.139780+00:00
6973,INPROC_3D4042,1,10,team1,Team 1 (N/S),70,50,24,♥,finished,2026-05-18T16:07:06.156401+00:00
6974,INPROC_7637C2,1,10,team1,Team 1 (N/S),100,20,13,♦,finished,2026-05-18T16:07:06.169712+00:00
6975,INPROC_4CB5F4,1,10,team1,Team 1 (N/S),64,56,13,♦,finished,2026-05-18T16:07:06.183708+00:00
6976,INPROC_BC8980,1,10,team2,Team 2 (E/W),26,94,19,♦,finished,2026-05-18T16:07:06.200017+00:00
6977,INPROC_058872,1,10,team2,Team 2 (E/W),14,106,17,♦,finished,2026-05-18T16:07:06.213922+00:00
6978,INPROC_C34107,1,10,team1,Team 1 (N/S),68,52,28,♥,finished,2026-05-18T16:07:06.224541+00:00
6979,INPROC_991144,1,10,team1,Team 1 (N/S),68,52,27,♥,finished,2026-05-18T16:07:06.234243+00:00
6980,INPROC_15996F,1,10,team1,Team 1 (N/S),76,44,33,♠,finished,2026-05-18T16:07:06.244061+00:00
6981,INPROC_6296C3,1,10,team2,Team 2 (E/W),53,67,34,♠,finished,2026-05-18T16:07:06.259818+00:00
6982,INPROC_C674C9,1,10,team2,Team 2 (E/W),26,94,38,♠,finished,2026-05-18T16:07:06.271049+00:00
6983,INPROC_8A96F0,1,10,team1,Team 1 (N/S),66,54,13,♦,finished,2026-05-18T16:07:06.284564+00:00
6984,INPROC_DCC4BB,1,10,team2,Team 2 (E/W),53,67,1,♣,finished,2026-05-18T16:07:06.303658+00:00
6985,INPROC_613D10,1,10,team1,Team 1 (N/S),88,32,32,♠,finished,2026-05-18T16:07:06.323299+00:00
6986,INPROC_F34525,1,10,team1,Team 1 (N/S),83,37,3,♣,finished,2026-05-18T16:07:06.346665+00:00
6987,INPROC_1628DE,1,10,team2,Team 2 (E/W),44,76,10,♦,finished,2026-05-18T16:07:06.369171+00:00
6988,INPROC_7E75B1,1,10,team1,Team 1 (N/S),98,22,20,♥,finished,2026-05-18T16:07:06.381392+00:00
6989,INPROC_260698,1,10,team1,Team 1 (N/S),69,51,4,♣,finished,2026-05-18T16:07:06.391857+00:00
6990,INPROC_234081,1,10,team1,Team 1 (N/S),73,47,28,♥,finished,2026-05-18T16:07:06.407393+00:00
6991,INPROC_E8BCB6,1,10,team1,Team 1 (N/S),72,48,33,♠,finished,2026-05-18T16:07:06.423489+00:00
6992,INPROC_196F30,1,10,team2,Team 2 (E/W),46,74,2,♣,finished,2026-05-18T16:07:06.440537+00:00
6993,INPROC_8DF57F,1,10,team1,Team 1 (N/S),95,25,7,♣,finished,2026-05-18T16:07:06.460296+00:00
6994,INPROC_D94381,1,10,team1,Team 1 (N/S),84,36,15,♦,finished,2026-05-18T16:07:06.480582+00:00
6995,INPROC_2F4678,1,10,team1,Team 1 (N/S),117,3,1,♣,finished,2026-05-18T16:07:06.498887+00:00
6996,INPROC_319DD6,1,10,team1,Team 1 (N/S),61,59,13,♦,finished,2026-05-18T16:07:06.515036+00:00
6997,INPROC_05BA59,1,10,team1,Team 1 (N/S),91,29,17,♦,finished,2026-05-18T16:07:06.533184+00:00
6998,INPROC_5E7E04,1,10,team1,Team 1 (N/S),84,36,37,♠,finished,2026-05-18T16:07:06.550777+00:00
6999,INPROC_7AD735,1,10,team1,Team 1 (N/S),70,50,23,♥,finished,2026-05-18T16:07:06.569918+00:00
7000,INPROC_D07871,1,10,team1,Team 1 (N/S),62,58,9,♣,finished,2026-05-18T16:07:06.587460+00:00
7001,INPROC_0D4D45,1,10,team1,Team 1 (N/S),61,59,22,♥,finished,2026-05-18T16:07:06.604795+00:00
7002,INPROC_E14943,1,10,team1,Team 1 (N/S),64,56,11,♦,finished,2026-05-18T16:07:06.619575+00:00
7003,INPROC_801428,1,10,team2,Team 2 (E/W),37,83,31,♠,finished,2026-05-18T16:07:06.635549+00:00
7004,INPROC_6520EB,1,10,team1,Team 1 (N/S),88,32,17,♦,finished,2026-05-18T16:07:06.645543+00:00
7005,INPROC_3145E9,1,10,team2,Team 2 (E/W),28,92,22,♥,finished,2026-05-18T16:07:06.660425+00:00
7006,INPROC_F9075C,1,10,team1,Team 1 (N/S),83,37,17,♦,finished,2026-05-18T16:07:06.672455+00:00
7007,INPROC_928282,1,10,team2,Team 2 (E/W),27,93,14,♦,finished,2026-05-18T16:07:06.688647+00:00
7008,INPROC_A98A8B,1,10,team1,Team 1 (N/S),79,41,22,♥,finished,2026-05-18T16:07:06.702674+00:00
7009,INPROC_A4D16F,1,10,team2,Team 2 (E/W),13,107,34,♠,finished,2026-05-18T16:07:06.716223+00:00
7010,INPROC_D2B429,1,10,team1,Team 1 (N/S),81,39,23,♥,finished,2026-05-18T16:07:06.733673+00:00
7011,INPROC_5F1C45,1,10,team2,Team 2 (E/W),47,73,34,♠,finished,2026-05-18T16:07:06.753699+00:00
7012,INPROC_6E3E7D,1,10,team1,Team 1 (N/S),81,39,34,♠,finished,2026-05-18T16:07:06.773992+00:00
7013,INPROC_71A631,1,10,team2,Team 2 (E/W),56,64,2,♣,finished,2026-05-18T16:07:06.790167+00:00
7014,INPROC_D585D8,1,10,team2,Team 2 (E/W),35,85,1,♣,finished,2026-05-18T16:07:06.809691+00:00
7015,INPROC_8717E5,1,10,team2,Team 2 (E/W),18,102,11,♦,finished,2026-05-18T16:07:06.826091+00:00
7016,INPROC_594703,1,10,team2,Team 2 (E/W),21,99,24,♥,finished,2026-05-18T16:07:06.839422+00:00
7017,INPROC_4DD810,1,10,team1,Team 1 (N/S),85,35,35,♠,finished,2026-05-18T16:07:06.851190+00:00
7018,INPROC_7B6BE0,1,10,team1,Team 1 (N/S),86,34,20,♥,finished,2026-05-18T16:07:06.867202+00:00
7019,INPROC_EE42D3,1,10,team1,Team 1 (N/S),62,58,9,♣,finished,2026-05-18T16:07:06.885142+00:00
7020,INPROC_8247F9,1,10,team2,Team 2 (E/W),14,106,27,♥,finished,2026-05-18T16:07:06.901338+00:00
7021,INPROC_992C4A,1,10,team1,Team 1 (N/S),62,58,22,♥,finished,2026-05-18T16:07:06.917396+00:00
7022,INPROC_F1B532,1,10,team1,Team 1 (N/S),85,35,3,♣,finished,2026-05-18T16:07:06.935147+00:00
7023,INPROC_6B5697,1,10,team1,Team 1 (N/S),78,42,12,♦,finished,2026-05-18T16:07:06.951040+00:00
7024,INPROC_E37EF5,1,10,team1,Team 1 (N/S),86,34,8,♣,finished,2026-05-18T16:07:06.966636+00:00
7025,INPROC_50BD74,1,10,team1,Team 1 (N/S),82,38,2,♣,finished,2026-05-18T16:07:06.984565+00:00
7026,INPROC_CF35FC,1,10,team2,Team 2 (E/W),18,102,27,♥,finished,2026-05-18T16:07:07.001204+00:00
7027,INPROC_894A71,1,10,team2,Team 2 (E/W),52,68,7,♣,finished,2026-05-18T16:07:07.018177+00:00
7028,INPROC_F6D0FA,1,10,team1,Team 1 (N/S),120,0,4,♣,finished,2026-05-18T16:07:07.034466+00:00
7029,INPROC_E77FB8,1,10,team2,Team 2 (E/W),57,63,35,♠,finished,2026-05-18T16:07:07.055116+00:00
7030,INPROC_1EFB8A,1,10,team1,Team 1 (N/S),110,10,1,♣,finished,2026-05-18T16:07:07.076483+00:00
7031,INPROC_5CA245,1,10,team1,Team 1 (N/S),75,45,0,♣,finished,2026-05-18T16:07:07.096844+00:00
7032,INPROC_7DAC90,1,10,team2,Team 2 (E/W),50,70,14,♦,finished,2026-05-18T16:07:07.117480+00:00
7033,INPROC_BC2430,1,10,team1,Team 1 (N/S),62,58,0,♣,finished,2026-05-18T16:07:07.130247+00:00
7034,INPROC_90DEA1,1,10,team2,Team 2 (E/W),45,75,19,♦,finished,2026-05-18T16:07:07.145619+00:00
7035,INPROC_95562F,1,10,team1,Team 1 (N/S),69,51,32,♠,finished,2026-05-18T16:07:07.162574+00:00
7036,INPROC_67D1D5,1,10,team2,Team 2 (E/W),57,63,22,♥,finished,2026-05-18T16:07:07.181757+00:00
7037,INPROC_1E1FFF,1,10,team2,Team 2 (E/W),31,89,30,♠,finished,2026-05-18T16:07:07.202372+00:00
7038,INPROC_056296,1,10,team1,Team 1 (N/S),79,41,24,♥,finished,2026-05-18T16:07:07.222640+00:00
7039,INPROC_6CD2E4,1,10,team2,Team 2 (E/W),59,61,38,♠,finished,2026-05-18T16:07:07.242793+00:00
7040,INPROC_FAB281,1,10,team2,Team 2 (E/W),40,80,10,♦,finished,2026-05-18T16:07:07.263661+00:00
7041,INPROC_128CEC,1,10,team1,Team 1 (N/S),61,59,31,♠,finished,2026-05-18T16:07:07.280575+00:00
7042,INPROC_EAC513,1,10,team1,Team 1 (N/S),62,58,14,♦,finished,2026-05-18T16:07:07.297137+00:00
7043,INPROC_4E7CE0,1,10,team2,Team 2 (E/W),39,81,11,♦,finished,2026-05-18T16:07:07.310018+00:00
7044,INPROC_6A481C,1,10,team1,Team 1 (N/S),65,55,31,♠,finished,2026-05-18T16:07:07.326133+00:00
7045,INPROC_8B4698,1,10,team2,Team 2 (E/W),11,109,31,♠,finished,2026-05-18T16:07:07.340819+00:00
7046,INPROC_D9C3DF,1,10,team2,Team 2 (E/W),39,81,18,♦,finished,2026-05-18T16:07:07.356704+00:00
7047,INPROC_209270,1,10,team1,Team 1 (N/S),68,52,2,♣,finished,2026-05-18T16:07:07.374378+00:00
7048,INPROC_28D925,1,10,team2,Team 2 (E/W),39,81,17,♦,finished,2026-05-18T16:07:07.392420+00:00
7049,INPROC_8076E2,1,10,team1,Team 1 (N/S),85,35,7,♣,finished,2026-05-18T16:07:07.408736+00:00
7050,INPROC_D7312D,1,10,team1,Team 1 (N/S),72,48,30,♠,finished,2026-05-18T16:07:07.422051+00:00
7051,INPROC_999688,1,10,team1,Team 1 (N/S),81,39,31,♠,finished,2026-05-18T16:07:07.436149+00:00
7052,INPROC_708698,1,10,team2,Team 2 (E/W),47,73,18,♦,finished,2026-05-18T16:07:07.451716+00:00
7053,INPROC_9793CC,1,10,team1,Team 1 (N/S),67,53,3,♣,finished,2026-05-18T16:07:07.466255+00:00
7054,INPROC_7AA0E6,1,10,team2,Team 2 (E/W),31,89,15,♦,finished,2026-05-18T16:07:07.484529+00:00
7055,INPROC_3A6C37,1,10,team1,Team 1 (N/S),72,48,21,♥,finished,2026-05-18T16:07:07.501886+00:00
7056,INPROC_73B199,1,10,team2,Team 2 (E/W),26,94,11,♦,finished,2026-05-18T16:07:07.519013+00:00
7057,INPROC_8EE07A,1,10,team2,Team 2 (E/W),26,94,10,♦,finished,2026-05-18T16:07:07.536015+00:00
7058,INPROC_9F5D0B,1,10,team2,Team 2 (E/W),59,61,20,♥,finished,2026-05-18T16:07:07.552450+00:00
7059,INPROC_211F40,1,10,team2,Team 2 (E/W),53,67,7,♣,finished,2026-05-18T16:07:07.568188+00:00
7060,INPROC_61D579,1,10,team1,Team 1 (N/S),86,34,3,♣,finished,2026-05-18T16:07:07.580063+00:00
7061,INPROC_CEB80E,1,10,team1,Team 1 (N/S),61,59,19,♦,finished,2026-05-18T16:07:07.600739+00:00
7062,INPROC_884F5B,1,10,team1,Team 1 (N/S),77,43,39,♠,finished,2026-05-18T16:07:07.619207+00:00
7063,INPROC_910870,1,10,team1,Team 1 (N/S),93,27,35,♠,finished,2026-05-18T16:07:07.637414+00:00
7064,INPROC_6430E9,1,10,team1,Team 1 (N/S),75,45,37,♠,finished,2026-05-18T16:07:07.656613+00:00
7065,INPROC_D04D24,1,10,team2,Team 2 (E/W),45,75,11,♦,finished,2026-05-18T16:07:07.675278+00:00
7066,INPROC_5D52BC,1,10,team1,Team 1 (N/S),84,36,2,♣,finished,2026-05-18T16:07:07.696186+00:00
7067,INPROC_08FC1C,1,10,team2,Team 2 (E/W),37,83,23,♥,finished,2026-05-18T16:07:07.716671+00:00
7068,INPROC_4AF6B6,1,10,team1,Team 1 (N/S),74,46,37,♠,finished,2026-05-18T16:07:07.739157+00:00
7069,INPROC_E7CED2,1,10,team2,Team 2 (E/W),23,97,8,♣,finished,2026-05-18T16:07:07.760963+00:00
7070,INPROC_9F5B36,1,10,team1,Team 1 (N/S),73,47,5,♣,finished,2026-05-18T16:07:07.782999+00:00
7071,INPROC_B8DA19,1,10,team1,Team 1 (N/S),74,46,25,♥,finished,2026-05-18T16:07:07.804560+00:00
7072,INPROC_436414,1,10,team2,Team 2 (E/W),6,114,18,♦,finished,2026-05-18T16:07:07.824502+00:00
7073,INPROC_2BBC4E,1,10,team2,Team 2 (E/W),40,80,33,♠,finished,2026-05-18T16:07:07.842862+00:00
7074,INPROC_6E09BF,1,10,team1,Team 1 (N/S),74,46,1,♣,finished,2026-05-18T16:07:07.861736+00:00
7075,INPROC_FE90C9,1,10,team1,Team 1 (N/S),90,30,32,♠,finished,2026-05-18T16:07:07.878414+00:00
7076,INPROC_A29B37,1,10,team2,Team 2 (E/W),43,77,7,♣,finished,2026-05-18T16:07:07.893972+00:00
7077,INPROC_A78A81,1,10,team1,Team 1 (N/S),65,55,2,♣,finished,2026-05-18T16:07:07.908827+00:00
7078,INPROC_09E266,1,10,team2,Team 2 (E/W),9,111,32,♠,finished,2026-05-18T16:07:07.922632+00:00
7079,INPROC_F34A70,1,10,team1,Team 1 (N/S),61,59,23,♥,finished,2026-05-18T16:07:07.940691+00:00
7080,INPROC_FAC8CC,1,10,team1,Team 1 (N/S),71,49,33,♠,finished,2026-05-18T16:07:07.957271+00:00
7081,INPROC_448AF1,1,10,team1,Team 1 (N/S),84,36,26,♥,finished,2026-05-18T16:07:07.976123+00:00
7082,INPROC_A2442F,1,10,team2,Team 2 (E/W),45,75,23,♥,finished,2026-05-18T16:07:07.989317+00:00
7083,INPROC_7AD289,1,10,team1,Team 1 (N/S),77,43,4,♣,finished,2026-05-18T16:07:08.000398+00:00
7084,INPROC_FA636A,1,10,team1,Team 1 (N/S),81,39,3,♣,finished,2026-05-18T16:07:08.018708+00:00
7085,INPROC_1D4CE3,1,10,team2,Team 2 (E/W),31,89,13,♦,finished,2026-05-18T16:07:08.035247+00:00
7086,INPROC_46A70A,1,10,team1,Team 1 (N/S),70,50,3,♣,finished,2026-05-18T16:07:08.051904+00:00
7087,INPROC_D1178A,1,10,team1,Team 1 (N/S),68,52,30,♠,finished,2026-05-18T16:07:08.067657+00:00
7088,INPROC_8ED562,1,10,team1,Team 1 (N/S),110,10,28,♥,finished,2026-05-18T16:07:08.088287+00:00
7089,INPROC_C24E75,1,10,team1,Team 1 (N/S),79,41,15,♦,finished,2026-05-18T16:07:08.107666+00:00
7090,INPROC_994AA4,1,10,team1,Team 1 (N/S),87,33,21,♥,finished,2026-05-18T16:07:08.128873+00:00
7091,INPROC_DF0CBA,1,10,team2,Team 2 (E/W),42,78,28,♥,finished,2026-05-18T16:07:08.144874+00:00
7092,INPROC_9791FD,1,10,team1,Team 1 (N/S),73,47,16,♦,finished,2026-05-18T16:07:08.166035+00:00
7093,INPROC_027BC5,1,10,team1,Team 1 (N/S),70,50,23,♥,finished,2026-05-18T16:07:08.185432+00:00
7094,INPROC_5001BB,1,10,team1,Team 1 (N/S),96,24,11,♦,finished,2026-05-18T16:07:08.203233+00:00
7095,INPROC_002102,1,10,team2,Team 2 (E/W),57,63,2,♣,finished,2026-05-18T16:07:08.221679+00:00
7096,INPROC_CD4E94,1,10,team2,Team 2 (E/W),55,65,33,♠,finished,2026-05-18T16:07:08.236022+00:00
7097,INPROC_CD1EC4,1,10,team2,Team 2 (E/W),26,94,21,♥,finished,2026-05-18T16:07:08.253093+00:00
7098,INPROC_124ED8,1,10,team2,Team 2 (E/W),50,70,20,♥,finished,2026-05-18T16:07:08.268221+00:00
7099,INPROC_6FD9F7,1,10,team1,Team 1 (N/S),84,36,36,♠,finished,2026-05-18T16:07:08.283524+00:00
7100,INPROC_835A9B,1,10,team1,Team 1 (N/S),63,57,36,♠,finished,2026-05-18T16:07:08.301411+00:00
7101,INPROC_480B67,1,10,team2,Team 2 (E/W),41,79,29,♥,finished,2026-05-18T16:07:08.315312+00:00
7102,INPROC_CD1749,1,10,team1,Team 1 (N/S),87,33,15,♦,finished,2026-05-18T16:07:08.329330+00:00
7103,INPROC_2CD983,1,10,team1,Team 1 (N/S),67,53,14,♦,finished,2026-05-18T16:07:08.345028+00:00
7104,INPROC_C4DEE2,1,10,team2,Team 2 (E/W),23,97,20,♥,finished,2026-05-18T16:07:08.362115+00:00
7105,INPROC_51F9CA,1,10,team1,Team 1 (N/S),80,40,13,♦,finished,2026-05-18T16:07:08.378773+00:00
7106,INPROC_0A8B5C,1,10,team1,Team 1 (N/S),92,28,32,♠,finished,2026-05-18T16:07:08.395045+00:00
7107,INPROC_B334E4,1,10,team2,Team 2 (E/W),51,69,6,♣,finished,2026-05-18T16:07:08.410996+00:00
7108,INPROC_E63E6B,1,10,team2,Team 2 (E/W),31,89,2,♣,finished,2026-05-18T16:07:08.428907+00:00
7109,INPROC_9EB73F,1,10,team2,Team 2 (E/W),10,110,16,♦,finished,2026-05-18T16:07:08.446156+00:00
7110,INPROC_0FF407,1,10,team1,Team 1 (N/S),84,36,10,♦,finished,2026-05-18T16:07:08.462200+00:00
7111,INPROC_E0F206,1,10,team1,Team 1 (N/S),120,0,20,♥,finished,2026-05-18T16:07:08.476581+00:00
7112,INPROC_95BE4A,1,10,team2,Team 2 (E/W),44,76,9,♣,finished,2026-05-18T16:07:08.494104+00:00
7113,INPROC_38546A,1,10,team2,Team 2 (E/W),21,99,36,♠,finished,2026-05-18T16:07:08.510575+00:00
7114,INPROC_3CA84A,1,10,team1,Team 1 (N/S),82,38,7,♣,finished,2026-05-18T16:07:08.527608+00:00
7115,INPROC_B3129C,1,10,team2,Team 2 (E/W),58,62,10,♦,finished,2026-05-18T16:07:08.547063+00:00
7116,INPROC_0DC0DB,1,10,team2,Team 2 (E/W),40,80,15,♦,finished,2026-05-18T16:07:08.560053+00:00
7117,INPROC_557140,1,10,team1,Team 1 (N/S),81,39,3,♣,finished,2026-05-18T16:07:08.576688+00:00
7118,INPROC_CAB9CB,1,10,team2,Team 2 (E/W),21,99,11,♦,finished,2026-05-18T16:07:08.592314+00:00
7119,INPROC_B30E7D,1,10,team2,Team 2 (E/W),27,93,6,♣,finished,2026-05-18T16:07:08.608527+00:00
7120,INPROC_43666B,1,10,team1,Team 1 (N/S),85,35,10,♦,finished,2026-05-18T16:07:08.625449+00:00
7121,INPROC_229647,1,10,team2,Team 2 (E/W),43,77,7,♣,finished,2026-05-18T16:07:08.639487+00:00
7122,INPROC_907765,1,10,team1,Team 1 (N/S),87,33,20,♥,finished,2026-05-18T16:07:08.655743+00:00
7123,INPROC_ABBCA8,1,10,team1,Team 1 (N/S),78,42,38,♠,finished,2026-05-18T16:07:08.671432+00:00
7124,INPROC_974526,1,10,team1,Team 1 (N/S),69,51,31,♠,finished,2026-05-18T16:07:08.687366+00:00
7125,INPROC_0E579E,1,10,draw,draw,60,60,39,♠,finished,2026-05-18T16:07:08.704232+00:00
7126,INPROC_4D9F69,1,10,team2,Team 2 (E/W),36,84,32,♠,finished,2026-05-18T16:07:08.722386+00:00
7127,INPROC_701628,1,10,team1,Team 1 (N/S),67,53,20,♥,finished,2026-05-18T16:07:08.739094+00:00
7128,INPROC_370A0A,1,10,team1,Team 1 (N/S),81,39,21,♥,finished,2026-05-18T16:07:08.752205+00:00
7129,INPROC_17E497,1,10,team1,Team 1 (N/S),67,53,11,♦,finished,2026-05-18T16:07:08.769133+00:00
7130,INPROC_C5FBAC,1,10,team2,Team 2 (E/W),50,70,27,♥,finished,2026-05-18T16:07:08.784091+00:00
7131,INPROC_3E93D5,1,10,team1,Team 1 (N/S),82,38,27,♥,finished,2026-05-18T16:07:08.799899+00:00
7132,INPROC_808843,1,10,team1,Team 1 (N/S),74,46,29,♥,finished,2026-05-18T16:07:08.815052+00:00
7133,INPROC_F79F4E,1,10,team1,Team 1 (N/S),96,24,25,♥,finished,2026-05-18T16:07:08.831403+00:00
7134,INPROC_DA537E,1,10,team2,Team 2 (E/W),30,90,17,♦,finished,2026-05-18T16:07:08.845861+00:00
7135,INPROC_7A439B,1,10,team2,Team 2 (E/W),26,94,2,♣,finished,2026-05-18T16:07:08.862082+00:00
7136,INPROC_EB763D,1,10,team1,Team 1 (N/S),68,52,14,♦,finished,2026-05-18T16:07:08.877254+00:00
7137,INPROC_AFB083,1,10,team2,Team 2 (E/W),35,85,1,♣,finished,2026-05-18T16:07:08.892423+00:00
7138,INPROC_515929,1,10,team2,Team 2 (E/W),44,76,24,♥,finished,2026-05-18T16:07:08.907774+00:00
7139,INPROC_CA4746,1,10,team1,Team 1 (N/S),96,24,21,♥,finished,2026-05-18T16:07:08.926142+00:00
7140,INPROC_FBD998,1,10,team2,Team 2 (E/W),17,103,39,♠,finished,2026-05-18T16:07:08.943920+00:00
7141,INPROC_896962,1,10,team2,Team 2 (E/W),58,62,37,♠,finished,2026-05-18T16:07:08.958893+00:00
7142,INPROC_01D30F,1,10,team1,Team 1 (N/S),66,54,21,♥,finished,2026-05-18T16:07:08.974000+00:00
7143,INPROC_B4CFDB,1,10,team1,Team 1 (N/S),79,41,25,♥,finished,2026-05-18T16:07:08.993336+00:00
7144,INPROC_F378EF,1,10,team2,Team 2 (E/W),38,82,37,♠,finished,2026-05-18T16:07:09.009145+00:00
7145,INPROC_A3629F,1,10,team2,Team 2 (E/W),21,99,8,♣,finished,2026-05-18T16:07:09.025648+00:00
7146,INPROC_F6DB65,1,10,team2,Team 2 (E/W),46,74,4,♣,finished,2026-05-18T16:07:09.042791+00:00
7147,INPROC_B8773E,1,10,team2,Team 2 (E/W),2,118,24,♥,finished,2026-05-18T16:07:09.059685+00:00
7148,INPROC_B44B52,1,10,team2,Team 2 (E/W),43,77,29,♥,finished,2026-05-18T16:07:09.077228+00:00
7149,INPROC_47593C,1,10,team1,Team 1 (N/S),67,53,31,♠,finished,2026-05-18T16:07:09.094730+00:00
7150,INPROC_71D70C,1,10,team1,Team 1 (N/S),75,45,9,♣,finished,2026-05-18T16:07:09.110145+00:00
7151,INPROC_05F865,1,10,team2,Team 2 (E/W),49,71,14,♦,finished,2026-05-18T16:07:09.123198+00:00
7152,INPROC_02695F,1,10,team1,Team 1 (N/S),90,30,20,♥,finished,2026-05-18T16:07:09.135931+00:00
7153,INPROC_10C291,1,10,team1,Team 1 (N/S),68,52,11,♦,finished,2026-05-18T16:07:09.154636+00:00
7154,INPROC_86A159,1,10,team1,Team 1 (N/S),86,34,6,♣,finished,2026-05-18T16:07:09.170098+00:00
7155,INPROC_CCC934,1,10,team2,Team 2 (E/W),45,75,22,♥,finished,2026-05-18T16:07:09.186106+00:00
7156,INPROC_DB8ACA,1,10,team1,Team 1 (N/S),74,46,17,♦,finished,2026-05-18T16:07:09.204380+00:00
7157,INPROC_F8D278,1,10,team2,Team 2 (E/W),58,62,31,♠,finished,2026-05-18T16:07:09.219991+00:00
7158,INPROC_2A7C60,1,10,team1,Team 1 (N/S),76,44,35,♠,finished,2026-05-18T16:07:09.235252+00:00
7159,INPROC_3FD44F,1,10,team1,Team 1 (N/S),63,57,2,♣,finished,2026-05-18T16:07:09.252988+00:00
7160,INPROC_445DD0,1,10,team2,Team 2 (E/W),31,89,19,♦,finished,2026-05-18T16:07:09.270608+00:00
7161,INPROC_ED511E,1,10,team2,Team 2 (E/W),36,84,27,♥,finished,2026-05-18T16:07:09.287450+00:00
7162,INPROC_DA0CD5,1,10,team1,Team 1 (N/S),63,57,5,♣,finished,2026-05-18T16:07:09.302638+00:00
7163,INPROC_132DF1,1,10,team1,Team 1 (N/S),67,53,0,♣,finished,2026-05-18T16:07:09.323071+00:00
7164,INPROC_5A22D6,1,10,team2,Team 2 (E/W),59,61,31,♠,finished,2026-05-18T16:07:09.339958+00:00
7165,INPROC_1C0D46,1,10,team2,Team 2 (E/W),56,64,29,♥,finished,2026-05-18T16:07:09.353040+00:00
7166,INPROC_7223AE,1,10,team2,Team 2 (E/W),52,68,27,♥,finished,2026-05-18T16:07:09.367295+00:00
7167,INPROC_F64AE8,1,10,team2,Team 2 (E/W),58,62,29,♥,finished,2026-05-18T16:07:09.377828+00:00
7168,INPROC_D269C3,1,10,team1,Team 1 (N/S),84,36,4,♣,finished,2026-05-18T16:07:09.391059+00:00
7169,INPROC_8DD04F,1,10,team2,Team 2 (E/W),39,81,3,♣,finished,2026-05-18T16:07:09.405284+00:00
7170,INPROC_F06988,1,10,team2,Team 2 (E/W),25,95,18,♦,finished,2026-05-18T16:07:09.419849+00:00
7171,INPROC_CF9F06,1,10,team1,Team 1 (N/S),82,38,10,♦,finished,2026-05-18T16:07:09.434812+00:00
7172,INPROC_085A0B,1,10,team2,Team 2 (E/W),44,76,30,♠,finished,2026-05-18T16:07:09.449629+00:00
7173,INPROC_364B9E,1,10,team2,Team 2 (E/W),51,69,22,♥,finished,2026-05-18T16:07:09.465009+00:00
7174,INPROC_B555D3,1,10,team2,Team 2 (E/W),36,84,4,♣,finished,2026-05-18T16:07:09.482600+00:00
7175,INPROC_DBBDCC,1,10,team2,Team 2 (E/W),37,83,1,♣,finished,2026-05-18T16:07:09.498744+00:00
7176,INPROC_E7D472,1,10,team1,Team 1 (N/S),63,57,23,♥,finished,2026-05-18T16:07:09.515179+00:00
7177,INPROC_D2B0E4,1,10,team2,Team 2 (E/W),0,120,19,♦,finished,2026-05-18T16:07:09.530442+00:00
7178,INPROC_054557,1,10,team1,Team 1 (N/S),80,40,36,♠,finished,2026-05-18T16:07:09.541182+00:00
7179,INPROC_8C78BB,1,10,team1,Team 1 (N/S),87,33,17,♦,finished,2026-05-18T16:07:09.559654+00:00
7180,INPROC_F40A13,1,10,team1,Team 1 (N/S),64,56,11,♦,finished,2026-05-18T16:07:09.575932+00:00
7181,INPROC_F73326,1,10,team1,Team 1 (N/S),69,51,35,♠,finished,2026-05-18T16:07:09.590145+00:00
7182,INPROC_15744F,1,10,team2,Team 2 (E/W),29,91,31,♠,finished,2026-05-18T16:07:09.606018+00:00
7183,INPROC_E50860,1,10,team2,Team 2 (E/W),20,100,1,♣,finished,2026-05-18T16:07:09.621551+00:00
7184,INPROC_9C7325,1,10,team1,Team 1 (N/S),98,22,35,♠,finished,2026-05-18T16:07:09.638793+00:00
7185,INPROC_E354E3,1,10,team2,Team 2 (E/W),58,62,8,♣,finished,2026-05-18T16:07:09.654861+00:00
7186,INPROC_C49EFD,1,10,team2,Team 2 (E/W),52,68,16,♦,finished,2026-05-18T16:07:09.671601+00:00
7187,INPROC_646A35,1,10,team2,Team 2 (E/W),59,61,32,♠,finished,2026-05-18T16:07:09.690542+00:00
7188,INPROC_1C7D86,1,10,team1,Team 1 (N/S),90,30,26,♥,finished,2026-05-18T16:07:09.708166+00:00
7189,INPROC_F1467B,1,10,team2,Team 2 (E/W),49,71,13,♦,finished,2026-05-18T16:07:09.725896+00:00
7190,INPROC_F4FED9,1,10,team1,Team 1 (N/S),65,55,34,♠,finished,2026-05-18T16:07:09.743194+00:00
7191,INPROC_D51C35,1,10,team2,Team 2 (E/W),26,94,19,♦,finished,2026-05-18T16:07:09.761870+00:00
7192,INPROC_207A8F,1,10,team2,Team 2 (E/W),40,80,16,♦,finished,2026-05-18T16:07:09.777490+00:00
7193,INPROC_7CA3A7,1,10,team2,Team 2 (E/W),45,75,4,♣,finished,2026-05-18T16:07:09.791548+00:00
7194,INPROC_46799D,1,10,team2,Team 2 (E/W),46,74,32,♠,finished,2026-05-18T16:07:09.804803+00:00
7195,INPROC_B8AD64,1,10,team1,Team 1 (N/S),80,40,32,♠,finished,2026-05-18T16:07:09.823353+00:00
7196,INPROC_8E0931,1,10,team2,Team 2 (E/W),52,68,0,♣,finished,2026-05-18T16:07:09.840943+00:00
7197,INPROC_3B673E,1,10,team1,Team 1 (N/S),89,31,34,♠,finished,2026-05-18T16:07:09.857689+00:00
7198,INPROC_A639ED,1,10,team1,Team 1 (N/S),91,29,3,♣,finished,2026-05-18T16:07:09.874276+00:00
7199,INPROC_BD7206,1,10,team1,Team 1 (N/S),70,50,14,♦,finished,2026-05-18T16:07:09.890403+00:00
7200,INPROC_C9A066,1,10,team2,Team 2 (E/W),24,96,3,♣,finished,2026-05-18T16:07:09.906311+00:00
7201,INPROC_3E010C,1,10,team2,Team 2 (E/W),50,70,38,♠,finished,2026-05-18T16:07:09.924215+00:00
7202,INPROC_B60570,1,10,team1,Team 1 (N/S),86,34,13,♦,finished,2026-05-18T16:07:09.941397+00:00
7203,INPROC_B1F7E7,1,10,team2,Team 2 (E/W),56,64,13,♦,finished,2026-05-18T16:07:09.955770+00:00
7204,INPROC_C4FB3E,1,10,team2,Team 2 (E/W),32,88,10,♦,finished,2026-05-18T16:07:09.970839+00:00
7205,INPROC_67927A,1,10,team2,Team 2 (E/W),46,74,33,♠,finished,2026-05-18T16:07:09.984865+00:00
7206,INPROC_AD305C,1,10,team1,Team 1 (N/S),93,27,26,♥,finished,2026-05-18T16:07:10.000247+00:00
7207,INPROC_732222,1,10,team2,Team 2 (E/W),28,92,12,♦,finished,2026-05-18T16:07:10.016050+00:00
7208,INPROC_A40CBA,1,10,team2,Team 2 (E/W),32,88,24,♥,finished,2026-05-18T16:07:10.031984+00:00
7209,INPROC_FBC3BC,1,10,team1,Team 1 (N/S),96,24,34,♠,finished,2026-05-18T16:07:10.050648+00:00
7210,INPROC_C21A70,1,10,team2,Team 2 (E/W),55,65,34,♠,finished,2026-05-18T16:07:10.068692+00:00
7211,INPROC_9AFE6A,1,10,team2,Team 2 (E/W),58,62,28,♥,finished,2026-05-18T16:07:10.085688+00:00
7212,INPROC_17C721,1,10,team1,Team 1 (N/S),66,54,27,♥,finished,2026-05-18T16:07:10.099756+00:00
7213,INPROC_6A3C9F,1,10,team1,Team 1 (N/S),80,40,23,♥,finished,2026-05-18T16:07:10.113383+00:00
7214,INPROC_CFA164,1,10,team2,Team 2 (E/W),58,62,18,♦,finished,2026-05-18T16:07:10.127815+00:00
7215,INPROC_67A2FF,1,10,team1,Team 1 (N/S),90,30,16,♦,finished,2026-05-18T16:07:10.144598+00:00
7216,INPROC_B76813,1,10,team1,Team 1 (N/S),68,52,29,♥,finished,2026-05-18T16:07:10.163286+00:00
7217,INPROC_666309,1,10,team2,Team 2 (E/W),37,83,17,♦,finished,2026-05-18T16:07:10.180179+00:00
7218,INPROC_9BB92C,1,10,team1,Team 1 (N/S),68,52,39,♠,finished,2026-05-18T16:07:10.194522+00:00
7219,INPROC_57D9AA,1,10,team1,Team 1 (N/S),63,57,2,♣,finished,2026-05-18T16:07:10.206812+00:00
7220,INPROC_9AC89E,1,10,team2,Team 2 (E/W),43,77,9,♣,finished,2026-05-18T16:07:10.223575+00:00
7221,INPROC_497F4A,1,10,team2,Team 2 (E/W),44,76,13,♦,finished,2026-05-18T16:07:10.244811+00:00
7222,INPROC_0FB57A,1,10,team1,Team 1 (N/S),66,54,21,♥,finished,2026-05-18T16:07:10.265194+00:00
7223,INPROC_0B2157,1,10,team1,Team 1 (N/S),70,50,38,♠,finished,2026-05-18T16:07:10.285326+00:00
7224,INPROC_C373CD,1,10,team2,Team 2 (E/W),56,64,11,♦,finished,2026-05-18T16:07:10.306702+00:00
7225,INPROC_189941,1,10,team2,Team 2 (E/W),51,69,8,♣,finished,2026-05-18T16:07:10.324063+00:00
7226,INPROC_30B0C3,1,10,team2,Team 2 (E/W),37,83,33,♠,finished,2026-05-18T16:07:10.343772+00:00
7227,INPROC_5FBB41,1,10,team2,Team 2 (E/W),26,94,15,♦,finished,2026-05-18T16:07:10.357515+00:00
7228,INPROC_ACB574,1,10,team1,Team 1 (N/S),76,44,24,♥,finished,2026-05-18T16:07:10.376770+00:00
7229,INPROC_EC3F35,1,10,team1,Team 1 (N/S),73,47,21,♥,finished,2026-05-18T16:07:10.394419+00:00
7230,INPROC_6B08BB,1,10,team2,Team 2 (E/W),57,63,32,♠,finished,2026-05-18T16:07:10.410821+00:00
7231,INPROC_5D3DD5,1,10,team1,Team 1 (N/S),77,43,35,♠,finished,2026-05-18T16:07:10.428824+00:00
7232,INPROC_36A9D4,1,10,team1,Team 1 (N/S),99,21,32,♠,finished,2026-05-18T16:07:10.445501+00:00
7233,INPROC_CD43C4,1,10,team2,Team 2 (E/W),32,88,9,♣,finished,2026-05-18T16:07:10.462329+00:00
7234,INPROC_A479FA,1,10,team1,Team 1 (N/S),78,42,23,♥,finished,2026-05-18T16:07:10.478494+00:00
7235,INPROC_4ED516,1,10,team2,Team 2 (E/W),50,70,6,♣,finished,2026-05-18T16:07:10.494070+00:00
7236,INPROC_E98CF8,1,10,team1,Team 1 (N/S),68,52,4,♣,finished,2026-05-18T16:07:10.508380+00:00
7237,INPROC_5D94CF,1,10,team1,Team 1 (N/S),64,56,19,♦,finished,2026-05-18T16:07:10.522357+00:00
7238,INPROC_A8053B,1,10,team1,Team 1 (N/S),89,31,7,♣,finished,2026-05-18T16:07:10.534994+00:00
7239,INPROC_3FB595,1,10,team2,Team 2 (E/W),36,84,30,♠,finished,2026-05-18T16:07:10.548434+00:00
7240,INPROC_C4EE54,1,10,team1,Team 1 (N/S),67,53,24,♥,finished,2026-05-18T16:07:10.566240+00:00
7241,INPROC_786E75,1,10,team2,Team 2 (E/W),45,75,24,♥,finished,2026-05-18T16:07:10.579541+00:00
7242,INPROC_3BA889,1,10,team2,Team 2 (E/W),29,91,2,♣,finished,2026-05-18T16:07:10.593402+00:00
7243,INPROC_810E64,1,10,team2,Team 2 (E/W),37,83,28,♥,finished,2026-05-18T16:07:10.608868+00:00
7244,INPROC_9B024B,1,10,team2,Team 2 (E/W),56,64,8,♣,finished,2026-05-18T16:07:10.625086+00:00
7245,INPROC_0EE1FF,1,10,team2,Team 2 (E/W),52,68,10,♦,finished,2026-05-18T16:07:10.640504+00:00
7246,INPROC_79FD10,1,10,team1,Team 1 (N/S),68,52,10,♦,finished,2026-05-18T16:07:10.654298+00:00
7247,INPROC_11FE55,1,10,team2,Team 2 (E/W),43,77,3,♣,finished,2026-05-18T16:07:10.665365+00:00
7248,INPROC_B786B4,1,10,team2,Team 2 (E/W),37,83,20,♥,finished,2026-05-18T16:07:10.680636+00:00
7249,INPROC_0AA4BE,1,10,draw,draw,60,60,32,♠,finished,2026-05-18T16:07:10.696279+00:00
7250,INPROC_DBA5E3,1,10,team2,Team 2 (E/W),51,69,9,♣,finished,2026-05-18T16:07:10.711666+00:00
7251,INPROC_72B6FE,1,10,team1,Team 1 (N/S),70,50,17,♦,finished,2026-05-18T16:07:10.727625+00:00
7252,INPROC_CA0395,1,10,team1,Team 1 (N/S),68,52,6,♣,finished,2026-05-18T16:07:10.743314+00:00
7253,INPROC_5F8679,1,10,team1,Team 1 (N/S),73,47,26,♥,finished,2026-05-18T16:07:10.761266+00:00
7254,INPROC_ABF4FE,1,10,team2,Team 2 (E/W),30,90,31,♠,finished,2026-05-18T16:07:10.779342+00:00
7255,INPROC_43F1B0,1,10,team1,Team 1 (N/S),120,0,12,♦,finished,2026-05-18T16:07:10.801034+00:00
7256,INPROC_2D19D8,1,10,team2,Team 2 (E/W),33,87,2,♣,finished,2026-05-18T16:07:10.822751+00:00
7257,INPROC_4D7594,1,10,team1,Team 1 (N/S),64,56,15,♦,finished,2026-05-18T16:07:10.846006+00:00
7258,INPROC_2F8AAE,1,10,team1,Team 1 (N/S),109,11,11,♦,finished,2026-05-18T16:07:10.877990+00:00
7259,INPROC_D981A8,1,10,team1,Team 1 (N/S),72,48,15,♦,finished,2026-05-18T16:07:10.897676+00:00
7260,INPROC_7C939B,1,10,team1,Team 1 (N/S),88,32,26,♥,finished,2026-05-18T16:07:10.912866+00:00
7261,INPROC_956EF9,1,10,team2,Team 2 (E/W),53,67,17,♦,finished,2026-05-18T16:07:10.927850+00:00
7262,INPROC_DBA275,1,10,team1,Team 1 (N/S),63,57,10,♦,finished,2026-05-18T16:07:10.941730+00:00
7263,INPROC_DAAEB1,1,10,team1,Team 1 (N/S),76,44,13,♦,finished,2026-05-18T16:07:10.955135+00:00
7264,INPROC_C0BAE6,1,10,team2,Team 2 (E/W),42,78,38,♠,finished,2026-05-18T16:07:10.970464+00:00
7265,INPROC_058EA0,1,10,team2,Team 2 (E/W),58,62,12,♦,finished,2026-05-18T16:07:10.986311+00:00
7266,INPROC_8619EE,1,10,team1,Team 1 (N/S),100,20,10,♦,finished,2026-05-18T16:07:11.003692+00:00
7267,INPROC_231173,1,10,team2,Team 2 (E/W),18,102,1,♣,finished,2026-05-18T16:07:11.020334+00:00
7268,INPROC_C5A1AE,1,10,team1,Team 1 (N/S),90,30,19,♦,finished,2026-05-18T16:07:11.037616+00:00
7269,INPROC_2C7C2D,1,10,team2,Team 2 (E/W),40,80,21,♥,finished,2026-05-18T16:07:11.054326+00:00
7270,INPROC_B5BF6E,1,10,team1,Team 1 (N/S),63,57,9,♣,finished,2026-05-18T16:07:11.069141+00:00
7271,INPROC_199229,1,10,team1,Team 1 (N/S),64,56,15,♦,finished,2026-05-18T16:07:11.085200+00:00
7272,INPROC_354CE6,1,10,team2,Team 2 (E/W),25,95,34,♠,finished,2026-05-18T16:07:11.098679+00:00
7273,INPROC_0C11BA,1,10,team2,Team 2 (E/W),53,67,30,♠,finished,2026-05-18T16:07:11.116160+00:00
7274,INPROC_981AEB,1,10,team1,Team 1 (N/S),66,54,21,♥,finished,2026-05-18T16:07:11.134292+00:00
7275,INPROC_5F6181,1,10,team2,Team 2 (E/W),24,96,29,♥,finished,2026-05-18T16:07:11.151894+00:00
7276,INPROC_19351C,1,10,team1,Team 1 (N/S),113,7,31,♠,finished,2026-05-18T16:07:11.170393+00:00
7277,INPROC_D68A38,1,10,team1,Team 1 (N/S),67,53,39,♠,finished,2026-05-18T16:07:11.185812+00:00
7278,INPROC_BC9EDE,1,10,team2,Team 2 (E/W),57,63,8,♣,finished,2026-05-18T16:07:11.200636+00:00
7279,INPROC_9FBAB9,1,10,team1,Team 1 (N/S),81,39,7,♣,finished,2026-05-18T16:07:11.210450+00:00
7280,INPROC_66FC80,1,10,team2,Team 2 (E/W),55,65,29,♥,finished,2026-05-18T16:07:11.224075+00:00
7281,INPROC_525142,1,10,team1,Team 1 (N/S),63,57,32,♠,finished,2026-05-18T16:07:11.238887+00:00
7282,INPROC_9C38D1,1,10,team2,Team 2 (E/W),58,62,21,♥,finished,2026-05-18T16:07:11.255138+00:00
7283,INPROC_FEEC44,1,10,team2,Team 2 (E/W),58,62,4,♣,finished,2026-05-18T16:07:11.273199+00:00
7284,INPROC_303F05,1,10,team2,Team 2 (E/W),36,84,25,♥,finished,2026-05-18T16:07:11.302275+00:00
7285,INPROC_398F39,1,10,team1,Team 1 (N/S),82,38,37,♠,finished,2026-05-18T16:07:11.321494+00:00
7286,INPROC_C66467,1,10,team1,Team 1 (N/S),68,52,4,♣,finished,2026-05-18T16:07:11.341420+00:00
7287,INPROC_7CD7DC,1,10,team2,Team 2 (E/W),47,73,31,♠,finished,2026-05-18T16:07:11.359022+00:00
7288,INPROC_64A76E,1,10,team1,Team 1 (N/S),81,39,38,♠,finished,2026-05-18T16:07:11.374277+00:00
7289,INPROC_210A85,1,10,team2,Team 2 (E/W),49,71,3,♣,finished,2026-05-18T16:07:11.383857+00:00
7290,INPROC_9F881C,1,10,team1,Team 1 (N/S),120,0,32,♠,finished,2026-05-18T16:07:11.397261+00:00
7291,INPROC_4A1394,1,10,team1,Team 1 (N/S),61,59,29,♥,finished,2026-05-18T16:07:11.411857+00:00
7292,INPROC_94C7ED,1,10,team1,Team 1 (N/S),82,38,3,♣,finished,2026-05-18T16:07:11.428255+00:00
7293,INPROC_6A39A8,1,10,team1,Team 1 (N/S),63,57,15,♦,finished,2026-05-18T16:07:11.443972+00:00
7294,INPROC_BC5EF3,1,10,team1,Team 1 (N/S),94,26,15,♦,finished,2026-05-18T16:07:11.456464+00:00
7295,INPROC_72F05E,1,10,team2,Team 2 (E/W),50,70,35,♠,finished,2026-05-18T16:07:11.470257+00:00
7296,INPROC_16EF17,1,10,team1,Team 1 (N/S),92,28,23,♥,finished,2026-05-18T16:07:11.485575+00:00
7297,INPROC_06C9F0,1,10,team2,Team 2 (E/W),55,65,0,♣,finished,2026-05-18T16:07:11.498922+00:00
7298,INPROC_8F49E7,1,10,team1,Team 1 (N/S),75,45,17,♦,finished,2026-05-18T16:07:11.510977+00:00
7299,INPROC_E7DD99,1,10,team2,Team 2 (E/W),44,76,19,♦,finished,2026-05-18T16:07:11.524316+00:00
7300,INPROC_F8302F,1,10,team2,Team 2 (E/W),16,104,22,♥,finished,2026-05-18T16:07:11.535099+00:00
7301,INPROC_0549CB,1,10,team2,Team 2 (E/W),55,65,29,♥,finished,2026-05-18T16:07:11.548697+00:00
7302,INPROC_FD42D3,1,10,team2,Team 2 (E/W),37,83,3,♣,finished,2026-05-18T16:07:11.562774+00:00
7303,INPROC_587B8D,1,10,team1,Team 1 (N/S),73,47,3,♣,finished,2026-05-18T16:07:11.575970+00:00
7304,INPROC_4A3049,1,10,team2,Team 2 (E/W),55,65,33,♠,finished,2026-05-18T16:07:11.586340+00:00
7305,INPROC_F63E26,1,10,team1,Team 1 (N/S),61,59,32,♠,finished,2026-05-18T16:07:11.598618+00:00
7306,INPROC_335103,1,10,team2,Team 2 (E/W),56,64,33,♠,finished,2026-05-18T16:07:11.610458+00:00
7307,INPROC_B9E485,1,10,team1,Team 1 (N/S),87,33,33,♠,finished,2026-05-18T16:07:11.621773+00:00
7308,INPROC_51980E,1,10,team1,Team 1 (N/S),62,58,18,♦,finished,2026-05-18T16:07:11.632036+00:00
7309,INPROC_A0AD4C,1,10,team2,Team 2 (E/W),18,102,19,♦,finished,2026-05-18T16:07:11.645235+00:00
7310,INPROC_0FA181,1,10,team1,Team 1 (N/S),112,8,27,♥,finished,2026-05-18T16:07:11.660078+00:00
7311,INPROC_4F2BAE,1,10,team1,Team 1 (N/S),71,49,36,♠,finished,2026-05-18T16:07:11.672721+00:00
7312,INPROC_8518AA,1,10,team2,Team 2 (E/W),44,76,36,♠,finished,2026-05-18T16:07:11.682635+00:00
7313,INPROC_5567EB,1,10,team2,Team 2 (E/W),43,77,7,♣,finished,2026-05-18T16:07:11.693703+00:00
7314,INPROC_FD79B5,1,10,team1,Team 1 (N/S),74,46,9,♣,finished,2026-05-18T16:07:11.704275+00:00
7315,INPROC_97BB4E,1,10,team2,Team 2 (E/W),56,64,26,♥,finished,2026-05-18T16:07:11.714013+00:00
7316,INPROC_59D198,1,10,team2,Team 2 (E/W),20,100,4,♣,finished,2026-05-18T16:07:11.725326+00:00
7317,INPROC_10AFAC,1,10,team2,Team 2 (E/W),42,78,9,♣,finished,2026-05-18T16:07:11.740146+00:00
7318,INPROC_1B325D,1,10,team1,Team 1 (N/S),68,52,6,♣,finished,2026-05-18T16:07:11.755222+00:00
7319,INPROC_032C41,1,10,team2,Team 2 (E/W),50,70,26,♥,finished,2026-05-18T16:07:11.770491+00:00
7320,INPROC_8E9436,1,10,draw,draw,60,60,21,♥,finished,2026-05-18T16:07:11.786026+00:00
7321,INPROC_C0B32F,1,10,team2,Team 2 (E/W),42,78,17,♦,finished,2026-05-18T16:07:11.800893+00:00
7322,INPROC_0FA5B9,1,10,team2,Team 2 (E/W),31,89,23,♥,finished,2026-05-18T16:07:11.818644+00:00
7323,INPROC_CB92CD,1,10,team2,Team 2 (E/W),53,67,9,♣,finished,2026-05-18T16:07:11.834907+00:00
7324,INPROC_F56857,1,10,team2,Team 2 (E/W),36,84,28,♥,finished,2026-05-18T16:07:11.856417+00:00
7325,INPROC_760CB9,1,10,team1,Team 1 (N/S),120,0,1,♣,finished,2026-05-18T16:07:11.873038+00:00
7326,INPROC_1D447A,1,10,team2,Team 2 (E/W),49,71,34,♠,finished,2026-05-18T16:07:11.884851+00:00
7327,INPROC_4A90F1,1,10,team1,Team 1 (N/S),77,43,0,♣,finished,2026-05-18T16:07:11.897298+00:00
7328,INPROC_A72BD3,1,10,team1,Team 1 (N/S),81,39,15,♦,finished,2026-05-18T16:07:11.911134+00:00
7329,INPROC_2E3098,1,10,team1,Team 1 (N/S),63,57,13,♦,finished,2026-05-18T16:07:11.931643+00:00
7330,INPROC_67DEAA,1,10,team1,Team 1 (N/S),61,59,38,♠,finished,2026-05-18T16:07:11.950226+00:00
7331,INPROC_3C1A8F,1,10,team1,Team 1 (N/S),85,35,12,♦,finished,2026-05-18T16:07:11.967096+00:00
7332,INPROC_6CFC9F,1,10,team1,Team 1 (N/S),92,28,36,♠,finished,2026-05-18T16:07:11.983146+00:00
7333,INPROC_EE1D8E,1,10,team1,Team 1 (N/S),77,43,37,♠,finished,2026-05-18T16:07:11.999174+00:00
7334,INPROC_3B795A,1,10,team2,Team 2 (E/W),29,91,14,♦,finished,2026-05-18T16:07:12.013200+00:00
7335,INPROC_8E809F,1,10,team2,Team 2 (E/W),56,64,15,♦,finished,2026-05-18T16:07:12.021670+00:00
7336,INPROC_EF3A1C,1,10,team1,Team 1 (N/S),64,56,29,♥,finished,2026-05-18T16:07:12.039691+00:00
7337,INPROC_4C2AFA,1,10,team1,Team 1 (N/S),72,48,22,♥,finished,2026-05-18T16:07:12.053697+00:00
7338,INPROC_9928CC,1,10,team2,Team 2 (E/W),35,85,38,♠,finished,2026-05-18T16:07:12.069902+00:00
7339,INPROC_66E981,1,10,team2,Team 2 (E/W),43,77,3,♣,finished,2026-05-18T16:07:12.086257+00:00
7340,INPROC_7DDC09,1,10,team2,Team 2 (E/W),48,72,31,♠,finished,2026-05-18T16:07:12.101611+00:00
7341,INPROC_045CCC,1,10,team1,Team 1 (N/S),94,26,28,♥,finished,2026-05-18T16:07:12.113414+00:00
7342,INPROC_D960DB,1,10,team2,Team 2 (E/W),49,71,33,♠,finished,2026-05-18T16:07:12.126058+00:00
7343,INPROC_38ABDA,1,10,team1,Team 1 (N/S),100,20,9,♣,finished,2026-05-18T16:07:12.141041+00:00
7344,INPROC_871D8E,1,10,team1,Team 1 (N/S),66,54,21,♥,finished,2026-05-18T16:07:12.159935+00:00
7345,INPROC_C706D7,1,10,team2,Team 2 (E/W),27,93,31,♠,finished,2026-05-18T16:07:12.180867+00:00
7346,INPROC_587E9F,1,10,team1,Team 1 (N/S),62,58,5,♣,finished,2026-05-18T16:07:12.198296+00:00
7347,INPROC_E87883,1,10,team1,Team 1 (N/S),70,50,3,♣,finished,2026-05-18T16:07:12.212951+00:00
7348,INPROC_B8725C,1,10,team2,Team 2 (E/W),44,76,39,♠,finished,2026-05-18T16:07:12.226170+00:00
7349,INPROC_10EA64,1,10,team1,Team 1 (N/S),64,56,29,♥,finished,2026-05-18T16:07:12.241591+00:00
7350,INPROC_6E2365,1,10,team2,Team 2 (E/W),30,90,12,♦,finished,2026-05-18T16:07:12.259065+00:00
7351,INPROC_C474E0,1,10,team1,Team 1 (N/S),66,54,5,♣,finished,2026-05-18T16:07:12.275715+00:00
7352,INPROC_1C1EC7,1,10,team2,Team 2 (E/W),16,104,19,♦,finished,2026-05-18T16:07:12.293212+00:00
7353,INPROC_CAA6DE,1,10,team1,Team 1 (N/S),100,20,12,♦,finished,2026-05-18T16:07:12.309903+00:00
7354,INPROC_3D4280,1,10,team2,Team 2 (E/W),59,61,18,♦,finished,2026-05-18T16:07:12.325795+00:00
7355,INPROC_08BEB6,1,10,team2,Team 2 (E/W),29,91,3,♣,finished,2026-05-18T16:07:12.343517+00:00
7356,INPROC_451ADA,1,10,team2,Team 2 (E/W),26,94,0,♣,finished,2026-05-18T16:07:12.360502+00:00
7357,INPROC_186F19,1,10,team2,Team 2 (E/W),48,72,25,♥,finished,2026-05-18T16:07:12.374622+00:00
7358,INPROC_26BC07,1,10,team2,Team 2 (E/W),58,62,5,♣,finished,2026-05-18T16:07:12.390767+00:00
7359,INPROC_1BEAD3,1,10,team2,Team 2 (E/W),56,64,38,♠,finished,2026-05-18T16:07:12.409380+00:00
7360,INPROC_9F6725,1,10,team1,Team 1 (N/S),84,36,0,♣,finished,2026-05-18T16:07:12.427235+00:00
7361,INPROC_F9E4DD,1,10,team2,Team 2 (E/W),25,95,19,♦,finished,2026-05-18T16:07:12.439334+00:00
7362,INPROC_B0A9B4,1,10,team1,Team 1 (N/S),90,30,10,♦,finished,2026-05-18T16:07:12.454867+00:00
7363,INPROC_556022,1,10,team2,Team 2 (E/W),51,69,20,♥,finished,2026-05-18T16:07:12.470345+00:00
7364,INPROC_C2A408,1,10,team2,Team 2 (E/W),35,85,39,♠,finished,2026-05-18T16:07:12.486034+00:00
7365,INPROC_76A539,1,10,team2,Team 2 (E/W),42,78,3,♣,finished,2026-05-18T16:07:12.503950+00:00
7366,INPROC_82A9A7,1,10,team1,Team 1 (N/S),61,59,30,♠,finished,2026-05-18T16:07:12.518906+00:00
7367,INPROC_9259CE,1,10,team1,Team 1 (N/S),107,13,14,♦,finished,2026-05-18T16:07:12.534583+00:00
7368,INPROC_76DF26,1,10,team2,Team 2 (E/W),59,61,33,♠,finished,2026-05-18T16:07:12.548359+00:00
7369,INPROC_1A92F5,1,10,team1,Team 1 (N/S),61,59,31,♠,finished,2026-05-18T16:07:12.562361+00:00
7370,INPROC_65B825,1,10,team2,Team 2 (E/W),18,102,20,♥,finished,2026-05-18T16:07:12.578885+00:00
7371,INPROC_7678DE,1,10,team1,Team 1 (N/S),69,51,2,♣,finished,2026-05-18T16:07:12.592899+00:00
7372,INPROC_D0C732,1,10,team2,Team 2 (E/W),46,74,31,♠,finished,2026-05-18T16:07:12.603300+00:00
7373,INPROC_DED543,1,10,team1,Team 1 (N/S),79,41,13,♦,finished,2026-05-18T16:07:12.616192+00:00
7374,INPROC_98889C,1,10,team1,Team 1 (N/S),66,54,1,♣,finished,2026-05-18T16:07:12.633273+00:00
7375,INPROC_819725,1,10,team1,Team 1 (N/S),66,54,10,♦,finished,2026-05-18T16:07:12.648784+00:00
7376,INPROC_8B7206,1,10,team2,Team 2 (E/W),51,69,1,♣,finished,2026-05-18T16:07:12.665314+00:00
7377,INPROC_5357A5,1,10,team2,Team 2 (E/W),31,89,8,♣,finished,2026-05-18T16:07:12.681851+00:00
7378,INPROC_3C9DA2,1,10,team2,Team 2 (E/W),33,87,18,♦,finished,2026-05-18T16:07:12.693003+00:00
7379,INPROC_94ACC7,1,10,team2,Team 2 (E/W),37,83,36,♠,finished,2026-05-18T16:07:12.703564+00:00
7380,INPROC_141890,1,10,team1,Team 1 (N/S),79,41,0,♣,finished,2026-05-18T16:07:12.720396+00:00
7381,INPROC_E2A9F1,1,10,team2,Team 2 (E/W),56,64,25,♥,finished,2026-05-18T16:07:12.736393+00:00
7382,INPROC_06428E,1,10,team1,Team 1 (N/S),68,52,30,♠,finished,2026-05-18T16:07:12.749653+00:00
7383,INPROC_DBF801,1,10,team2,Team 2 (E/W),31,89,14,♦,finished,2026-05-18T16:07:12.764294+00:00
7384,INPROC_4F9AC6,1,10,team2,Team 2 (E/W),56,64,25,♥,finished,2026-05-18T16:07:12.778106+00:00
7385,INPROC_C84652,1,10,team1,Team 1 (N/S),81,39,14,♦,finished,2026-05-18T16:07:12.793231+00:00
7386,INPROC_BED5C2,1,10,team2,Team 2 (E/W),57,63,8,♣,finished,2026-05-18T16:07:12.806339+00:00
7387,INPROC_73AA15,1,10,team2,Team 2 (E/W),59,61,28,♥,finished,2026-05-18T16:07:12.817448+00:00
7388,INPROC_B67F27,1,10,team1,Team 1 (N/S),100,20,20,♥,finished,2026-05-18T16:07:12.832156+00:00
7389,INPROC_7D62E8,1,10,team1,Team 1 (N/S),71,49,1,♣,finished,2026-05-18T16:07:12.846694+00:00
7390,INPROC_42117E,1,10,team2,Team 2 (E/W),55,65,39,♠,finished,2026-05-18T16:07:12.860532+00:00
7391,INPROC_49A669,1,10,team1,Team 1 (N/S),69,51,0,♣,finished,2026-05-18T16:07:12.877042+00:00
7392,INPROC_EA0E34,1,10,team1,Team 1 (N/S),67,53,12,♦,finished,2026-05-18T16:07:12.892856+00:00
7393,INPROC_2676E4,1,10,team1,Team 1 (N/S),71,49,23,♥,finished,2026-05-18T16:07:12.908238+00:00
7394,INPROC_3D0E24,1,10,team1,Team 1 (N/S),88,32,4,♣,finished,2026-05-18T16:07:12.923630+00:00
7395,INPROC_BCE841,1,10,team1,Team 1 (N/S),81,39,7,♣,finished,2026-05-18T16:07:12.932098+00:00
7396,INPROC_6D286F,1,10,team1,Team 1 (N/S),90,30,16,♦,finished,2026-05-18T16:07:12.950332+00:00
7397,INPROC_16AA41,1,10,team2,Team 2 (E/W),58,62,38,♠,finished,2026-05-18T16:07:12.966422+00:00
7398,INPROC_177CCD,1,10,team1,Team 1 (N/S),84,36,20,♥,finished,2026-05-18T16:07:12.979905+00:00
7399,INPROC_D28865,1,10,team2,Team 2 (E/W),34,86,3,♣,finished,2026-05-18T16:07:12.994364+00:00
7400,INPROC_0E63EA,1,10,team1,Team 1 (N/S),89,31,39,♠,finished,2026-05-18T16:07:13.009267+00:00
7401,INPROC_53C10D,1,10,team1,Team 1 (N/S),77,43,26,♥,finished,2026-05-18T16:07:13.023437+00:00
7402,INPROC_FE3FE7,1,10,team1,Team 1 (N/S),61,59,29,♥,finished,2026-05-18T16:07:13.039200+00:00
7403,INPROC_DCC097,1,10,team1,Team 1 (N/S),96,24,0,♣,finished,2026-05-18T16:07:13.055621+00:00
7404,INPROC_0D9D4B,1,10,team2,Team 2 (E/W),22,98,8,♣,finished,2026-05-18T16:07:13.072711+00:00
7405,INPROC_8D3008,1,10,team1,Team 1 (N/S),98,22,30,♠,finished,2026-05-18T16:07:13.089943+00:00
7406,INPROC_B01D6F,1,10,team2,Team 2 (E/W),21,99,12,♦,finished,2026-05-18T16:07:13.104015+00:00
7407,INPROC_51A0BE,1,10,team2,Team 2 (E/W),43,77,25,♥,finished,2026-05-18T16:07:13.118259+00:00
7408,INPROC_544509,1,10,team2,Team 2 (E/W),44,76,13,♦,finished,2026-05-18T16:07:13.132201+00:00
7409,INPROC_A32877,1,10,team2,Team 2 (E/W),55,65,5,♣,finished,2026-05-18T16:07:13.142405+00:00
7410,INPROC_4632ED,1,10,team1,Team 1 (N/S),107,13,25,♥,finished,2026-05-18T16:07:13.153250+00:00
7411,INPROC_47A618,1,10,team2,Team 2 (E/W),47,73,0,♣,finished,2026-05-18T16:07:13.168859+00:00
7412,INPROC_F53B99,1,10,team1,Team 1 (N/S),84,36,32,♠,finished,2026-05-18T16:07:13.180775+00:00
7413,INPROC_E7C243,1,10,team2,Team 2 (E/W),47,73,12,♦,finished,2026-05-18T16:07:13.198631+00:00
7414,INPROC_5DD5F2,1,10,team1,Team 1 (N/S),89,31,28,♥,finished,2026-05-18T16:07:13.214572+00:00
7415,INPROC_4A4FD8,1,10,team1,Team 1 (N/S),72,48,1,♣,finished,2026-05-18T16:07:13.225424+00:00
7416,INPROC_B88E8C,1,10,team1,Team 1 (N/S),77,43,21,♥,finished,2026-05-18T16:07:13.245026+00:00
7417,INPROC_CC1A2D,1,10,team1,Team 1 (N/S),76,44,37,♠,finished,2026-05-18T16:07:13.265801+00:00
7418,INPROC_30A42E,1,10,team1,Team 1 (N/S),62,58,14,♦,finished,2026-05-18T16:07:13.286441+00:00
7419,INPROC_5C042B,1,10,team2,Team 2 (E/W),43,77,26,♥,finished,2026-05-18T16:07:13.300976+00:00
7420,INPROC_3A7B5C,1,10,team2,Team 2 (E/W),53,67,6,♣,finished,2026-05-18T16:07:13.314013+00:00
7421,INPROC_EEF386,1,10,team1,Team 1 (N/S),81,39,35,♠,finished,2026-05-18T16:07:13.330099+00:00
7422,INPROC_D5E2F9,1,10,team1,Team 1 (N/S),70,50,0,♣,finished,2026-05-18T16:07:13.347522+00:00
7423,INPROC_69BBEE,1,10,team1,Team 1 (N/S),71,49,9,♣,finished,2026-05-18T16:07:13.363621+00:00
7424,INPROC_ED918D,1,10,team2,Team 2 (E/W),52,68,33,♠,finished,2026-05-18T16:07:13.378169+00:00
7425,INPROC_116940,1,10,team2,Team 2 (E/W),50,70,2,♣,finished,2026-05-18T16:07:13.392968+00:00
7426,INPROC_BF4E1D,1,10,team2,Team 2 (E/W),54,66,1,♣,finished,2026-05-18T16:07:13.408564+00:00
7427,INPROC_170456,1,10,team2,Team 2 (E/W),25,95,19,♦,finished,2026-05-18T16:07:13.424057+00:00
7428,INPROC_F42177,1,10,team1,Team 1 (N/S),68,52,6,♣,finished,2026-05-18T16:07:13.440865+00:00
7429,INPROC_1CCB5C,1,10,team2,Team 2 (E/W),38,82,27,♥,finished,2026-05-18T16:07:13.456082+00:00
7430,INPROC_F0ADD3,1,10,team2,Team 2 (E/W),3,117,39,♠,finished,2026-05-18T16:07:13.471570+00:00
7431,INPROC_12F24A,1,10,team1,Team 1 (N/S),62,58,12,♦,finished,2026-05-18T16:07:13.486335+00:00
7432,INPROC_D41B30,1,10,team1,Team 1 (N/S),75,45,20,♥,finished,2026-05-18T16:07:13.501478+00:00
7433,INPROC_25EEB8,1,10,team2,Team 2 (E/W),18,102,14,♦,finished,2026-05-18T16:07:13.520459+00:00
7434,INPROC_DA64C2,1,10,team2,Team 2 (E/W),51,69,22,♥,finished,2026-05-18T16:07:13.538157+00:00
7435,INPROC_84B279,1,10,team2,Team 2 (E/W),50,70,8,♣,finished,2026-05-18T16:07:13.558241+00:00
7436,INPROC_C4BCF1,1,10,team1,Team 1 (N/S),73,47,38,♠,finished,2026-05-18T16:07:13.575715+00:00
7437,INPROC_44A8FC,1,10,team2,Team 2 (E/W),36,84,0,♣,finished,2026-05-18T16:07:13.591592+00:00
7438,INPROC_F9BBEE,1,10,team1,Team 1 (N/S),61,59,35,♠,finished,2026-05-18T16:07:13.605510+00:00
7439,INPROC_4D1A20,1,10,team2,Team 2 (E/W),44,76,17,♦,finished,2026-05-18T16:07:13.623500+00:00
7440,INPROC_47BEAD,1,10,team2,Team 2 (E/W),55,65,37,♠,finished,2026-05-18T16:07:13.640232+00:00
7441,INPROC_CF951B,1,10,team2,Team 2 (E/W),34,86,34,♠,finished,2026-05-18T16:07:13.655976+00:00
7442,INPROC_BB171B,1,10,team1,Team 1 (N/S),68,52,32,♠,finished,2026-05-18T16:07:13.672061+00:00
7443,INPROC_39F0D9,1,10,team2,Team 2 (E/W),32,88,26,♥,finished,2026-05-18T16:07:13.689102+00:00
7444,INPROC_AD60FB,1,10,team1,Team 1 (N/S),68,52,8,♣,finished,2026-05-18T16:07:13.705380+00:00
7445,INPROC_A0A3D1,1,10,team2,Team 2 (E/W),29,91,23,♥,finished,2026-05-18T16:07:13.722580+00:00
7446,INPROC_C43483,1,10,team1,Team 1 (N/S),99,21,24,♥,finished,2026-05-18T16:07:13.737865+00:00
7447,INPROC_74DC59,1,10,draw,draw,60,60,32,♠,finished,2026-05-18T16:07:13.750873+00:00
7448,INPROC_0742B6,1,10,team2,Team 2 (E/W),52,68,37,♠,finished,2026-05-18T16:07:13.764955+00:00
7449,INPROC_6A74B9,1,10,team2,Team 2 (E/W),46,74,5,♣,finished,2026-05-18T16:07:13.780201+00:00
7450,INPROC_C8C2AB,1,10,team2,Team 2 (E/W),36,84,16,♦,finished,2026-05-18T16:07:13.797767+00:00
7451,INPROC_D74A4D,1,10,team2,Team 2 (E/W),44,76,27,♥,finished,2026-05-18T16:07:13.812627+00:00
7452,INPROC_47EE6D,1,10,team2,Team 2 (E/W),48,72,30,♠,finished,2026-05-18T16:07:13.830400+00:00
7453,INPROC_A162C8,1,10,team2,Team 2 (E/W),17,103,35,♠,finished,2026-05-18T16:07:13.846616+00:00
7454,INPROC_AD3BD9,1,10,team2,Team 2 (E/W),34,86,0,♣,finished,2026-05-18T16:07:13.862076+00:00
7455,INPROC_6DADD0,1,10,team2,Team 2 (E/W),33,87,23,♥,finished,2026-05-18T16:07:13.877153+00:00
7456,INPROC_558B10,1,10,team1,Team 1 (N/S),86,34,23,♥,finished,2026-05-18T16:07:13.894376+00:00
7457,INPROC_189798,1,10,team2,Team 2 (E/W),33,87,32,♠,finished,2026-05-18T16:07:13.903492+00:00
7458,INPROC_ECE015,1,10,team1,Team 1 (N/S),66,54,21,♥,finished,2026-05-18T16:07:13.917534+00:00
7459,INPROC_4A41F6,1,10,team1,Team 1 (N/S),85,35,36,♠,finished,2026-05-18T16:07:13.932116+00:00
7460,INPROC_21012F,1,10,team1,Team 1 (N/S),81,39,23,♥,finished,2026-05-18T16:07:13.949953+00:00
7461,INPROC_694471,1,10,team2,Team 2 (E/W),12,108,7,♣,finished,2026-05-18T16:07:13.961592+00:00
7462,INPROC_D5176E,1,10,team2,Team 2 (E/W),3,117,8,♣,finished,2026-05-18T16:07:13.974720+00:00
7463,INPROC_5BD134,1,10,team2,Team 2 (E/W),54,66,12,♦,finished,2026-05-18T16:07:13.991748+00:00
7464,INPROC_01AE4B,1,10,team2,Team 2 (E/W),45,75,10,♦,finished,2026-05-18T16:07:14.008059+00:00
7465,INPROC_7123D1,1,10,team1,Team 1 (N/S),62,58,10,♦,finished,2026-05-18T16:07:14.025008+00:00
7466,INPROC_427B75,1,10,team2,Team 2 (E/W),36,84,5,♣,finished,2026-05-18T16:07:14.045045+00:00
7467,INPROC_D648EA,1,10,team2,Team 2 (E/W),23,97,7,♣,finished,2026-05-18T16:07:14.057983+00:00
7468,INPROC_01F97B,1,10,team1,Team 1 (N/S),71,49,26,♥,finished,2026-05-18T16:07:14.073375+00:00
7469,INPROC_F23E84,1,10,team2,Team 2 (E/W),50,70,2,♣,finished,2026-05-18T16:07:14.091078+00:00
7470,INPROC_67AA93,1,10,team2,Team 2 (E/W),31,89,8,♣,finished,2026-05-18T16:07:14.107042+00:00
7471,INPROC_A75DDA,1,10,team2,Team 2 (E/W),47,73,0,♣,finished,2026-05-18T16:07:14.122883+00:00
7472,INPROC_FC18CA,1,10,team1,Team 1 (N/S),69,51,16,♦,finished,2026-05-18T16:07:14.137053+00:00
7473,INPROC_C431F9,1,10,team2,Team 2 (E/W),32,88,21,♥,finished,2026-05-18T16:07:14.156348+00:00
7474,INPROC_B2BDDC,1,10,team1,Team 1 (N/S),92,28,0,♣,finished,2026-05-18T16:07:14.174547+00:00
7475,INPROC_394A86,1,10,team2,Team 2 (E/W),56,64,27,♥,finished,2026-05-18T16:07:14.191127+00:00
7476,INPROC_A5E4B5,1,10,team1,Team 1 (N/S),68,52,35,♠,finished,2026-05-18T16:07:14.206981+00:00
7477,INPROC_B0FE1B,1,10,team2,Team 2 (E/W),32,88,31,♠,finished,2026-05-18T16:07:14.221767+00:00
7478,INPROC_72D8EF,1,10,team2,Team 2 (E/W),21,99,8,♣,finished,2026-05-18T16:07:14.237597+00:00
7479,INPROC_A40B6D,1,10,team2,Team 2 (E/W),33,87,29,♥,finished,2026-05-18T16:07:14.251876+00:00
7480,INPROC_84DDA0,1,10,team1,Team 1 (N/S),67,53,6,♣,finished,2026-05-18T16:07:14.269193+00:00
7481,INPROC_164648,1,10,team1,Team 1 (N/S),120,0,15,♦,finished,2026-05-18T16:07:14.286766+00:00
7482,INPROC_125829,1,10,team2,Team 2 (E/W),22,98,0,♣,finished,2026-05-18T16:07:14.304776+00:00
7483,INPROC_1124F8,1,10,team2,Team 2 (E/W),32,88,33,♠,finished,2026-05-18T16:07:14.320554+00:00
7484,INPROC_59E2C2,1,10,team2,Team 2 (E/W),11,109,10,♦,finished,2026-05-18T16:07:14.334889+00:00
7485,INPROC_CEF06F,1,10,team2,Team 2 (E/W),11,109,36,♠,finished,2026-05-18T16:07:14.351392+00:00
7486,INPROC_E48D7C,1,10,draw,draw,60,60,5,♣,finished,2026-05-18T16:07:14.367926+00:00
7487,INPROC_011BCA,1,10,team2,Team 2 (E/W),36,84,22,♥,finished,2026-05-18T16:07:14.385097+00:00
7488,INPROC_337127,1,10,team1,Team 1 (N/S),88,32,9,♣,finished,2026-05-18T16:07:14.403243+00:00
7489,INPROC_5F7D13,1,10,team1,Team 1 (N/S),102,18,13,♦,finished,2026-05-18T16:07:14.418191+00:00
7490,INPROC_FB1CDF,1,10,team1,Team 1 (N/S),69,51,25,♥,finished,2026-05-18T16:07:14.434105+00:00
7491,INPROC_5F983F,1,10,team1,Team 1 (N/S),80,40,30,♠,finished,2026-05-18T16:07:14.452095+00:00
7492,INPROC_31DEE5,1,10,team1,Team 1 (N/S),63,57,22,♥,finished,2026-05-18T16:07:14.469228+00:00
7493,INPROC_CBC6B6,1,10,team2,Team 2 (E/W),59,61,38,♠,finished,2026-05-18T16:07:14.486774+00:00
7494,INPROC_D1E768,1,10,team2,Team 2 (E/W),41,79,10,♦,finished,2026-05-18T16:07:14.505719+00:00
7495,INPROC_0F1294,1,10,team1,Team 1 (N/S),93,27,35,♠,finished,2026-05-18T16:07:14.524375+00:00
7496,INPROC_F876CA,1,10,team1,Team 1 (N/S),100,20,6,♣,finished,2026-05-18T16:07:14.541955+00:00
7497,INPROC_819BA2,1,10,team2,Team 2 (E/W),42,78,26,♥,finished,2026-05-18T16:07:14.557966+00:00
7498,INPROC_9B05DC,1,10,team2,Team 2 (E/W),34,86,28,♥,finished,2026-05-18T16:07:14.572950+00:00
7499,INPROC_AA6A63,1,10,team1,Team 1 (N/S),81,39,33,♠,finished,2026-05-18T16:07:14.589357+00:00
7500,INPROC_A06EAE,1,10,team2,Team 2 (E/W),33,87,16,♦,finished,2026-05-18T16:07:14.602346+00:00
7501,INPROC_BA2514,1,10,team1,Team 1 (N/S),101,19,14,♦,finished,2026-05-18T16:07:14.616491+00:00
7502,INPROC_EC2C16,1,10,team2,Team 2 (E/W),40,80,36,♠,finished,2026-05-18T16:07:14.634822+00:00
7503,INPROC_86EEA0,1,10,team2,Team 2 (E/W),39,81,3,♣,finished,2026-05-18T16:07:14.649097+00:00
7504,INPROC_57B6FF,1,10,team1,Team 1 (N/S),94,26,17,♦,finished,2026-05-18T16:07:14.662588+00:00
7505,INPROC_A19E92,1,10,team1,Team 1 (N/S),93,27,22,♥,finished,2026-05-18T16:07:14.677585+00:00
7506,INPROC_E95842,1,10,team1,Team 1 (N/S),81,39,33,♠,finished,2026-05-18T16:07:14.692412+00:00
7507,INPROC_92381D,1,10,team1,Team 1 (N/S),77,43,11,♦,finished,2026-05-18T16:07:14.707728+00:00
7508,INPROC_250E12,1,10,team1,Team 1 (N/S),99,21,33,♠,finished,2026-05-18T16:07:14.723894+00:00
7509,INPROC_DB60D5,1,10,team2,Team 2 (E/W),48,72,32,♠,finished,2026-05-18T16:07:14.740504+00:00
7510,INPROC_2DBC0F,1,10,team2,Team 2 (E/W),54,66,22,♥,finished,2026-05-18T16:07:14.753937+00:00
7511,INPROC_F2D642,1,10,team2,Team 2 (E/W),26,94,17,♦,finished,2026-05-18T16:07:14.771538+00:00
7512,INPROC_EEA0C8,1,10,team2,Team 2 (E/W),58,62,32,♠,finished,2026-05-18T16:07:14.786969+00:00
7513,INPROC_0BD2CA,1,10,team2,Team 2 (E/W),50,70,24,♥,finished,2026-05-18T16:07:14.800051+00:00
7514,INPROC_E9EE24,1,10,team2,Team 2 (E/W),58,62,37,♠,finished,2026-05-18T16:07:14.816128+00:00
7515,INPROC_D0801F,1,10,team1,Team 1 (N/S),74,46,7,♣,finished,2026-05-18T16:07:14.830559+00:00
7516,INPROC_F6E039,1,10,team1,Team 1 (N/S),93,27,18,♦,finished,2026-05-18T16:07:14.841518+00:00
7517,INPROC_969C13,1,10,team1,Team 1 (N/S),84,36,34,♠,finished,2026-05-18T16:07:14.853838+00:00
7518,INPROC_DA3767,1,10,team2,Team 2 (E/W),16,104,15,♦,finished,2026-05-18T16:07:14.864922+00:00
7519,INPROC_5AA5ED,1,10,team1,Team 1 (N/S),110,10,21,♥,finished,2026-05-18T16:07:14.875421+00:00
7520,INPROC_4A1FD6,1,10,team2,Team 2 (E/W),52,68,39,♠,finished,2026-05-18T16:07:14.891410+00:00
7521,INPROC_43B772,1,10,team2,Team 2 (E/W),2,118,4,♣,finished,2026-05-18T16:07:14.905946+00:00
7522,INPROC_802DA9,1,10,team1,Team 1 (N/S),87,33,34,♠,finished,2026-05-18T16:07:14.919676+00:00
7523,INPROC_5B4912,1,10,team1,Team 1 (N/S),106,14,2,♣,finished,2026-05-18T16:07:14.934240+00:00
7524,INPROC_E52A5B,1,10,team2,Team 2 (E/W),51,69,37,♠,finished,2026-05-18T16:07:14.948553+00:00
7525,INPROC_0E50C4,1,10,team2,Team 2 (E/W),55,65,39,♠,finished,2026-05-18T16:07:14.962337+00:00
7526,INPROC_EF70D9,1,10,team2,Team 2 (E/W),40,80,27,♥,finished,2026-05-18T16:07:14.976850+00:00
7527,INPROC_B0CD6D,1,10,team1,Team 1 (N/S),94,26,35,♠,finished,2026-05-18T16:07:14.992268+00:00
7528,INPROC_CE8070,1,10,team1,Team 1 (N/S),76,44,31,♠,finished,2026-05-18T16:07:15.007210+00:00
7529,INPROC_5A410F,1,10,team2,Team 2 (E/W),41,79,34,♠,finished,2026-05-18T16:07:15.018463+00:00
7530,INPROC_D54772,1,10,team1,Team 1 (N/S),101,19,39,♠,finished,2026-05-18T16:07:15.034433+00:00
7531,INPROC_CB3ED9,1,10,team1,Team 1 (N/S),68,52,26,♥,finished,2026-05-18T16:07:15.048601+00:00
7532,INPROC_CAE171,1,10,team2,Team 2 (E/W),45,75,24,♥,finished,2026-05-18T16:07:15.062674+00:00
7533,INPROC_BD6A44,1,10,team2,Team 2 (E/W),29,91,24,♥,finished,2026-05-18T16:07:15.078532+00:00
7534,INPROC_8558FD,1,10,team2,Team 2 (E/W),43,77,38,♠,finished,2026-05-18T16:07:15.093260+00:00
7535,INPROC_3DD4A5,1,10,team2,Team 2 (E/W),49,71,10,♦,finished,2026-05-18T16:07:15.107995+00:00
7536,INPROC_336C09,1,10,team1,Team 1 (N/S),100,20,17,♦,finished,2026-05-18T16:07:15.122979+00:00
7537,INPROC_F17312,1,10,team1,Team 1 (N/S),103,17,32,♠,finished,2026-05-18T16:07:15.138257+00:00
7538,INPROC_F5C823,1,10,team1,Team 1 (N/S),106,14,6,♣,finished,2026-05-18T16:07:15.151699+00:00
7539,INPROC_DF3E23,1,10,team1,Team 1 (N/S),96,24,21,♥,finished,2026-05-18T16:07:15.165276+00:00
7540,INPROC_178174,1,10,team2,Team 2 (E/W),36,84,12,♦,finished,2026-05-18T16:07:15.180283+00:00
7541,INPROC_7FBAEA,1,10,team2,Team 2 (E/W),53,67,24,♥,finished,2026-05-18T16:07:15.193187+00:00
7542,INPROC_762698,1,10,team1,Team 1 (N/S),101,19,33,♠,finished,2026-05-18T16:07:15.207017+00:00
7543,INPROC_7C3BF6,1,10,team1,Team 1 (N/S),69,51,17,♦,finished,2026-05-18T16:07:15.222200+00:00
7544,INPROC_31F09E,1,10,team2,Team 2 (E/W),40,80,10,♦,finished,2026-05-18T16:07:15.238551+00:00
7545,INPROC_F75CE3,1,10,team1,Team 1 (N/S),93,27,26,♥,finished,2026-05-18T16:07:15.254919+00:00
7546,INPROC_735F9A,1,10,team2,Team 2 (E/W),54,66,13,♦,finished,2026-05-18T16:07:15.269283+00:00
7547,INPROC_F4B179,1,10,team1,Team 1 (N/S),100,20,35,♠,finished,2026-05-18T16:07:15.284639+00:00
7548,INPROC_548F59,1,10,team1,Team 1 (N/S),71,49,4,♣,finished,2026-05-18T16:07:15.299735+00:00
7549,INPROC_ACBDB1,1,10,team1,Team 1 (N/S),69,51,34,♠,finished,2026-05-18T16:07:15.320199+00:00
7550,INPROC_0FDB7E,1,10,team2,Team 2 (E/W),43,77,19,♦,finished,2026-05-18T16:07:15.338314+00:00
7551,INPROC_3F9736,1,10,team1,Team 1 (N/S),94,26,35,♠,finished,2026-05-18T16:07:15.355760+00:00
7552,INPROC_1E2A1A,1,10,team1,Team 1 (N/S),79,41,8,♣,finished,2026-05-18T16:07:15.372439+00:00
7553,INPROC_6B0EFD,1,10,team2,Team 2 (E/W),29,91,10,♦,finished,2026-05-18T16:07:15.389298+00:00
7554,INPROC_230AD4,1,10,team2,Team 2 (E/W),30,90,10,♦,finished,2026-05-18T16:07:15.410199+00:00
7555,INPROC_2C378F,1,10,team2,Team 2 (E/W),20,100,1,♣,finished,2026-05-18T16:07:15.426123+00:00
7556,INPROC_E872E1,1,10,team1,Team 1 (N/S),104,16,24,♥,finished,2026-05-18T16:07:15.442484+00:00
7557,INPROC_747189,1,10,team1,Team 1 (N/S),71,49,22,♥,finished,2026-05-18T16:07:15.457997+00:00
7558,INPROC_85994A,1,10,team2,Team 2 (E/W),25,95,8,♣,finished,2026-05-18T16:07:15.473691+00:00
7559,INPROC_C061B7,1,10,team2,Team 2 (E/W),58,62,34,♠,finished,2026-05-18T16:07:15.492109+00:00
7560,INPROC_C8DE41,1,10,team2,Team 2 (E/W),47,73,15,♦,finished,2026-05-18T16:07:15.507028+00:00
7561,INPROC_F0BAE8,1,10,team2,Team 2 (E/W),26,94,37,♠,finished,2026-05-18T16:07:15.520835+00:00
7562,INPROC_FE4032,1,10,team1,Team 1 (N/S),92,28,20,♥,finished,2026-05-18T16:07:15.533923+00:00
7563,INPROC_B632CD,1,10,team2,Team 2 (E/W),32,88,34,♠,finished,2026-05-18T16:07:15.545912+00:00
7564,INPROC_AA7B05,1,10,team2,Team 2 (E/W),54,66,20,♥,finished,2026-05-18T16:07:15.558681+00:00
7565,INPROC_EBD09F,1,10,team2,Team 2 (E/W),40,80,13,♦,finished,2026-05-18T16:07:15.572554+00:00
7566,INPROC_C9CEE7,1,10,team2,Team 2 (E/W),57,63,0,♣,finished,2026-05-18T16:07:15.588159+00:00
7567,INPROC_C4937B,1,10,team2,Team 2 (E/W),40,80,24,♥,finished,2026-05-18T16:07:15.603876+00:00
7568,INPROC_A088AE,1,10,team2,Team 2 (E/W),51,69,28,♥,finished,2026-05-18T16:07:15.620626+00:00
7569,INPROC_49E5DC,1,10,team1,Team 1 (N/S),61,59,27,♥,finished,2026-05-18T16:07:15.636374+00:00
7570,INPROC_DEB157,1,10,team1,Team 1 (N/S),92,28,0,♣,finished,2026-05-18T16:07:15.650806+00:00
7571,INPROC_84C719,1,10,team1,Team 1 (N/S),66,54,11,♦,finished,2026-05-18T16:07:15.667190+00:00
7572,INPROC_FA3744,1,10,team2,Team 2 (E/W),32,88,32,♠,finished,2026-05-18T16:07:15.682190+00:00
7573,INPROC_A738EC,1,10,team2,Team 2 (E/W),38,82,31,♠,finished,2026-05-18T16:07:15.696205+00:00
7574,INPROC_DB669B,1,10,team2,Team 2 (E/W),24,96,30,♠,finished,2026-05-18T16:07:15.705786+00:00
7575,INPROC_6C5BB5,1,10,team2,Team 2 (E/W),51,69,16,♦,finished,2026-05-18T16:07:15.715926+00:00
7576,INPROC_A73181,1,10,team2,Team 2 (E/W),23,97,18,♦,finished,2026-05-18T16:07:15.729668+00:00
7577,INPROC_C34FA4,1,10,team2,Team 2 (E/W),39,81,16,♦,finished,2026-05-18T16:07:15.745800+00:00
7578,INPROC_8897F7,1,10,team2,Team 2 (E/W),51,69,8,♣,finished,2026-05-18T16:07:15.763196+00:00
7579,INPROC_CFC54A,1,10,team2,Team 2 (E/W),27,93,4,♣,finished,2026-05-18T16:07:15.777127+00:00
7580,INPROC_369262,1,10,team1,Team 1 (N/S),63,57,13,♦,finished,2026-05-18T16:07:15.793717+00:00
7581,INPROC_F910D0,1,10,team1,Team 1 (N/S),73,47,32,♠,finished,2026-05-18T16:07:15.808543+00:00
7582,INPROC_96265E,1,10,team2,Team 2 (E/W),0,120,38,♠,finished,2026-05-18T16:07:15.822860+00:00
7583,INPROC_4EE5E1,1,10,team1,Team 1 (N/S),64,56,6,♣,finished,2026-05-18T16:07:15.839085+00:00
7584,INPROC_3093BE,1,10,team2,Team 2 (E/W),32,88,6,♣,finished,2026-05-18T16:07:15.848139+00:00
7585,INPROC_F1DABB,1,10,team2,Team 2 (E/W),39,81,16,♦,finished,2026-05-18T16:07:15.859678+00:00
7586,INPROC_F6AFCB,1,10,team1,Team 1 (N/S),71,49,29,♥,finished,2026-05-18T16:07:15.873911+00:00
7587,INPROC_5D25B2,1,10,team2,Team 2 (E/W),53,67,6,♣,finished,2026-05-18T16:07:15.889587+00:00
7588,INPROC_E276BF,1,10,team1,Team 1 (N/S),75,45,10,♦,finished,2026-05-18T16:07:15.906811+00:00
7589,INPROC_219606,1,10,team1,Team 1 (N/S),83,37,15,♦,finished,2026-05-18T16:07:15.922888+00:00
7590,INPROC_D56449,1,10,team1,Team 1 (N/S),110,10,31,♠,finished,2026-05-18T16:07:15.938631+00:00
7591,INPROC_6C0915,1,10,team2,Team 2 (E/W),40,80,39,♠,finished,2026-05-18T16:07:15.954919+00:00
7592,INPROC_F5700C,1,10,team1,Team 1 (N/S),92,28,0,♣,finished,2026-05-18T16:07:15.970712+00:00
7593,INPROC_958DF5,1,10,team1,Team 1 (N/S),65,55,27,♥,finished,2026-05-18T16:07:15.989171+00:00
7594,INPROC_868462,1,10,team2,Team 2 (E/W),18,102,20,♥,finished,2026-05-18T16:07:16.010945+00:00
7595,INPROC_13100A,1,10,team2,Team 2 (E/W),46,74,35,♠,finished,2026-05-18T16:07:16.027181+00:00
7596,INPROC_6ED5E2,1,10,team2,Team 2 (E/W),36,84,37,♠,finished,2026-05-18T16:07:16.039125+00:00
7597,INPROC_13E5B3,1,10,team2,Team 2 (E/W),41,79,3,♣,finished,2026-05-18T16:07:16.050828+00:00
7598,INPROC_EB5015,1,10,team2,Team 2 (E/W),42,78,18,♦,finished,2026-05-18T16:07:16.061785+00:00
7599,INPROC_8F9097,1,10,team1,Team 1 (N/S),90,30,34,♠,finished,2026-05-18T16:07:16.071913+00:00
7600,INPROC_B52FBD,1,10,team1,Team 1 (N/S),71,49,11,♦,finished,2026-05-18T16:07:16.088758+00:00
7601,INPROC_D50208,1,10,team2,Team 2 (E/W),24,96,17,♦,finished,2026-05-18T16:07:16.103821+00:00
7602,INPROC_DE1DDC,1,10,team1,Team 1 (N/S),102,18,12,♦,finished,2026-05-18T16:07:16.118087+00:00
7603,INPROC_CC5776,1,10,team1,Team 1 (N/S),72,48,9,♣,finished,2026-05-18T16:07:16.131912+00:00
7604,INPROC_4857FC,1,10,team2,Team 2 (E/W),48,72,1,♣,finished,2026-05-18T16:07:16.142485+00:00
7605,INPROC_9AD30B,1,10,team1,Team 1 (N/S),74,46,11,♦,finished,2026-05-18T16:07:16.154281+00:00
7606,INPROC_46E149,1,10,team2,Team 2 (E/W),59,61,9,♣,finished,2026-05-18T16:07:16.166731+00:00
7607,INPROC_EE32FC,1,10,team2,Team 2 (E/W),52,68,0,♣,finished,2026-05-18T16:07:16.177962+00:00
7608,INPROC_BE9DD9,1,10,team2,Team 2 (E/W),57,63,25,♥,finished,2026-05-18T16:07:16.189359+00:00
7609,INPROC_C305CD,1,10,team2,Team 2 (E/W),31,89,28,♥,finished,2026-05-18T16:07:16.206925+00:00
7610,INPROC_BEFEA3,1,10,team2,Team 2 (E/W),54,66,25,♥,finished,2026-05-18T16:07:16.218958+00:00
7611,INPROC_00F4D1,1,10,team2,Team 2 (E/W),51,69,1,♣,finished,2026-05-18T16:07:16.228401+00:00
7612,INPROC_C51C95,1,10,team2,Team 2 (E/W),0,120,13,♦,finished,2026-05-18T16:07:16.240106+00:00
7613,INPROC_DF12AF,1,10,team2,Team 2 (E/W),41,79,9,♣,finished,2026-05-18T16:07:16.250340+00:00
7614,INPROC_8EA42C,1,10,team1,Team 1 (N/S),72,48,33,♠,finished,2026-05-18T16:07:16.262601+00:00
7615,INPROC_8F1D81,1,10,team2,Team 2 (E/W),59,61,37,♠,finished,2026-05-18T16:07:16.276615+00:00
7616,INPROC_36A754,1,10,team2,Team 2 (E/W),49,71,15,♦,finished,2026-05-18T16:07:16.293035+00:00
7617,INPROC_F6158D,1,10,team2,Team 2 (E/W),32,88,18,♦,finished,2026-05-18T16:07:16.317288+00:00
7618,INPROC_4719D1,1,10,team2,Team 2 (E/W),19,101,27,♥,finished,2026-05-18T16:07:16.337897+00:00
7619,INPROC_DCD3F4,1,10,team2,Team 2 (E/W),35,85,13,♦,finished,2026-05-18T16:07:16.352016+00:00
7620,INPROC_DAE00E,1,10,team1,Team 1 (N/S),107,13,7,♣,finished,2026-05-18T16:07:16.363778+00:00
7621,INPROC_EAC22F,1,10,team1,Team 1 (N/S),83,37,0,♣,finished,2026-05-18T16:07:16.374786+00:00
7622,INPROC_2781C3,1,10,team2,Team 2 (E/W),35,85,11,♦,finished,2026-05-18T16:07:16.389441+00:00
7623,INPROC_3C98CC,1,10,team2,Team 2 (E/W),37,83,32,♠,finished,2026-05-18T16:07:16.402582+00:00
7624,INPROC_73B1E0,1,10,team2,Team 2 (E/W),30,90,21,♥,finished,2026-05-18T16:07:16.418452+00:00
7625,INPROC_FBC380,1,10,team2,Team 2 (E/W),0,120,35,♠,finished,2026-05-18T16:07:16.432062+00:00
7626,INPROC_F45722,1,10,team1,Team 1 (N/S),68,52,38,♠,finished,2026-05-18T16:07:16.445949+00:00
7627,INPROC_5CA874,1,10,team1,Team 1 (N/S),72,48,5,♣,finished,2026-05-18T16:07:16.455244+00:00
7628,INPROC_31A515,1,10,team2,Team 2 (E/W),44,76,37,♠,finished,2026-05-18T16:07:16.470772+00:00
7629,INPROC_463357,1,10,team2,Team 2 (E/W),45,75,11,♦,finished,2026-05-18T16:07:16.485508+00:00
7630,INPROC_BEFE3C,1,10,team1,Team 1 (N/S),81,39,12,♦,finished,2026-05-18T16:07:16.501258+00:00
7631,INPROC_7BAC78,1,10,team2,Team 2 (E/W),41,79,10,♦,finished,2026-05-18T16:07:16.518495+00:00
7632,INPROC_5627BF,1,10,team1,Team 1 (N/S),63,57,35,♠,finished,2026-05-18T16:07:16.535924+00:00
7633,INPROC_8659EA,1,10,team1,Team 1 (N/S),65,55,24,♥,finished,2026-05-18T16:07:16.552086+00:00
7634,INPROC_0042E6,1,10,team2,Team 2 (E/W),53,67,19,♦,finished,2026-05-18T16:07:16.568286+00:00
7635,INPROC_BE7371,1,10,team1,Team 1 (N/S),82,38,14,♦,finished,2026-05-18T16:07:16.588203+00:00
7636,INPROC_0D041F,1,10,team2,Team 2 (E/W),48,72,21,♥,finished,2026-05-18T16:07:16.604949+00:00
7637,INPROC_73BB15,1,10,team1,Team 1 (N/S),61,59,39,♠,finished,2026-05-18T16:07:16.618381+00:00
7638,INPROC_89FBB5,1,10,team2,Team 2 (E/W),56,64,8,♣,finished,2026-05-18T16:07:16.628173+00:00
7639,INPROC_D4383C,1,10,team1,Team 1 (N/S),68,52,28,♥,finished,2026-05-18T16:07:16.639586+00:00
7640,INPROC_B91A86,1,10,team2,Team 2 (E/W),10,110,14,♦,finished,2026-05-18T16:07:16.650289+00:00
7641,INPROC_B7A72D,1,10,team2,Team 2 (E/W),58,62,7,♣,finished,2026-05-18T16:07:16.661701+00:00
7642,INPROC_7F36DD,1,10,team1,Team 1 (N/S),97,23,37,♠,finished,2026-05-18T16:07:16.673649+00:00
7643,INPROC_A4EEEC,1,10,team1,Team 1 (N/S),62,58,19,♦,finished,2026-05-18T16:07:16.682445+00:00
7644,INPROC_F8107F,1,10,team1,Team 1 (N/S),78,42,33,♠,finished,2026-05-18T16:07:16.693996+00:00
7645,INPROC_DCF5BE,1,10,team1,Team 1 (N/S),107,13,35,♠,finished,2026-05-18T16:07:16.706101+00:00
7646,INPROC_2D7807,1,10,team1,Team 1 (N/S),69,51,22,♥,finished,2026-05-18T16:07:16.716617+00:00
7647,INPROC_0C2137,1,10,team2,Team 2 (E/W),0,120,2,♣,finished,2026-05-18T16:07:16.728787+00:00
7648,INPROC_8E9A9E,1,10,team1,Team 1 (N/S),67,53,13,♦,finished,2026-05-18T16:07:16.740528+00:00
7649,INPROC_7B41C2,1,10,team2,Team 2 (E/W),47,73,32,♠,finished,2026-05-18T16:07:16.750895+00:00
7650,INPROC_F99C5E,1,10,team2,Team 2 (E/W),52,68,36,♠,finished,2026-05-18T16:07:16.759922+00:00
7651,INPROC_F1A1E8,1,10,team1,Team 1 (N/S),67,53,37,♠,finished,2026-05-18T16:07:16.768243+00:00
7652,INPROC_E8958C,1,10,team1,Team 1 (N/S),65,55,4,♣,finished,2026-05-18T16:07:16.779270+00:00
7653,INPROC_BEAC1A,1,10,team1,Team 1 (N/S),76,44,21,♥,finished,2026-05-18T16:07:16.788012+00:00
7654,INPROC_599BC3,1,10,team1,Team 1 (N/S),74,46,35,♠,finished,2026-05-18T16:07:16.797925+00:00
7655,INPROC_827DE7,1,10,team1,Team 1 (N/S),75,45,7,♣,finished,2026-05-18T16:07:16.807078+00:00
7656,INPROC_F3A62B,1,10,team2,Team 2 (E/W),30,90,31,♠,finished,2026-05-18T16:07:16.816822+00:00
7657,INPROC_96AE60,1,10,team2,Team 2 (E/W),56,64,27,♥,finished,2026-05-18T16:07:16.828026+00:00
7658,INPROC_D02989,1,10,team2,Team 2 (E/W),29,91,2,♣,finished,2026-05-18T16:07:16.843942+00:00
7659,INPROC_222522,1,10,team1,Team 1 (N/S),64,56,28,♥,finished,2026-05-18T16:07:16.852939+00:00
7660,INPROC_A7D0FD,1,10,team2,Team 2 (E/W),29,91,26,♥,finished,2026-05-18T16:07:16.864871+00:00
7661,INPROC_6DC836,1,10,team2,Team 2 (E/W),35,85,20,♥,finished,2026-05-18T16:07:16.881845+00:00
7662,INPROC_C35F27,1,10,team1,Team 1 (N/S),71,49,11,♦,finished,2026-05-18T16:07:16.898372+00:00
7663,INPROC_31934F,1,10,team1,Team 1 (N/S),77,43,33,♠,finished,2026-05-18T16:07:16.915005+00:00
7664,INPROC_571E41,1,10,team2,Team 2 (E/W),43,77,27,♥,finished,2026-05-18T16:07:16.929476+00:00
7665,INPROC_F5852B,1,10,team1,Team 1 (N/S),84,36,12,♦,finished,2026-05-18T16:07:16.941415+00:00
7666,INPROC_B8A41F,1,10,team1,Team 1 (N/S),99,21,11,♦,finished,2026-05-18T16:07:16.952359+00:00
7667,INPROC_B1A184,1,10,team1,Team 1 (N/S),73,47,5,♣,finished,2026-05-18T16:07:16.963119+00:00
7668,INPROC_231C36,1,10,team1,Team 1 (N/S),65,55,35,♠,finished,2026-05-18T16:07:16.974844+00:00
7669,INPROC_3FC5C9,1,10,team1,Team 1 (N/S),73,47,28,♥,finished,2026-05-18T16:07:16.988013+00:00
7670,INPROC_D71BC1,1,10,team1,Team 1 (N/S),68,52,15,♦,finished,2026-05-18T16:07:16.999447+00:00
7671,INPROC_08DC7E,1,10,team2,Team 2 (E/W),41,79,0,♣,finished,2026-05-18T16:07:17.014614+00:00
7672,INPROC_602711,1,10,team1,Team 1 (N/S),65,55,6,♣,finished,2026-05-18T16:07:17.032534+00:00
7673,INPROC_FFCAA4,1,10,team1,Team 1 (N/S),87,33,7,♣,finished,2026-05-18T16:07:17.044944+00:00
7674,INPROC_BF16BF,1,10,team2,Team 2 (E/W),51,69,1,♣,finished,2026-05-18T16:07:17.058899+00:00
7675,INPROC_F004CE,1,10,team1,Team 1 (N/S),63,57,23,♥,finished,2026-05-18T16:07:17.072364+00:00
7676,INPROC_DA3D9E,1,10,team2,Team 2 (E/W),36,84,12,♦,finished,2026-05-18T16:07:17.087028+00:00
7677,INPROC_4C19CA,1,10,team2,Team 2 (E/W),52,68,10,♦,finished,2026-05-18T16:07:17.100140+00:00
7678,INPROC_D27341,1,10,team2,Team 2 (E/W),57,63,11,♦,finished,2026-05-18T16:07:17.112751+00:00
7679,INPROC_C8ECB7,1,10,team1,Team 1 (N/S),85,35,3,♣,finished,2026-05-18T16:07:17.125273+00:00
7680,INPROC_844F05,1,10,draw,draw,60,60,8,♣,finished,2026-05-18T16:07:17.138805+00:00
7681,INPROC_990C38,1,10,team1,Team 1 (N/S),82,38,8,♣,finished,2026-05-18T16:07:17.153261+00:00
7682,INPROC_8F6345,1,10,team2,Team 2 (E/W),23,97,19,♦,finished,2026-05-18T16:07:17.167084+00:00
7683,INPROC_0607D7,1,10,team2,Team 2 (E/W),0,120,21,♥,finished,2026-05-18T16:07:17.180360+00:00
7684,INPROC_80B6A7,1,10,team2,Team 2 (E/W),9,111,19,♦,finished,2026-05-18T16:07:17.190609+00:00
7685,INPROC_B7DF39,1,10,team1,Team 1 (N/S),104,16,16,♦,finished,2026-05-18T16:07:17.201253+00:00
7686,INPROC_A2ED74,1,10,team1,Team 1 (N/S),64,56,0,♣,finished,2026-05-18T16:07:17.212399+00:00
7687,INPROC_FF2104,1,10,team1,Team 1 (N/S),63,57,36,♠,finished,2026-05-18T16:07:17.228843+00:00
7688,INPROC_1A77E7,1,10,team2,Team 2 (E/W),49,71,11,♦,finished,2026-05-18T16:07:17.244010+00:00
7689,INPROC_D48D59,1,10,team2,Team 2 (E/W),25,95,16,♦,finished,2026-05-18T16:07:17.259386+00:00
7690,INPROC_BCE630,1,10,team2,Team 2 (E/W),55,65,32,♠,finished,2026-05-18T16:07:17.276129+00:00
7691,INPROC_4FB322,1,10,team1,Team 1 (N/S),66,54,5,♣,finished,2026-05-18T16:07:17.292220+00:00
7692,INPROC_A65917,1,10,team2,Team 2 (E/W),57,63,23,♥,finished,2026-05-18T16:07:17.307623+00:00
7693,INPROC_C4661D,1,10,team2,Team 2 (E/W),44,76,12,♦,finished,2026-05-18T16:07:17.324092+00:00
7694,INPROC_3EF10D,1,10,team1,Team 1 (N/S),70,50,8,♣,finished,2026-05-18T16:07:17.341111+00:00
7695,INPROC_43DC8B,1,10,team2,Team 2 (E/W),17,103,5,♣,finished,2026-05-18T16:07:17.357092+00:00
7696,INPROC_F1D0EE,1,10,team1,Team 1 (N/S),84,36,23,♥,finished,2026-05-18T16:07:17.371129+00:00
7697,INPROC_14FA69,1,10,team2,Team 2 (E/W),33,87,18,♦,finished,2026-05-18T16:07:17.387237+00:00
7698,INPROC_5AAD0E,1,10,team2,Team 2 (E/W),36,84,25,♥,finished,2026-05-18T16:07:17.404737+00:00
7699,INPROC_C15BDF,1,10,team1,Team 1 (N/S),66,54,34,♠,finished,2026-05-18T16:07:17.421281+00:00
7700,INPROC_726973,1,10,team1,Team 1 (N/S),81,39,4,♣,finished,2026-05-18T16:07:17.438470+00:00
7701,INPROC_D4643C,1,10,team1,Team 1 (N/S),61,59,9,♣,finished,2026-05-18T16:07:17.456024+00:00
7702,INPROC_246CA8,1,10,team1,Team 1 (N/S),91,29,28,♥,finished,2026-05-18T16:07:17.469955+00:00
7703,INPROC_E1F17A,1,10,team1,Team 1 (N/S),75,45,14,♦,finished,2026-05-18T16:07:17.484061+00:00
7704,INPROC_415413,1,10,team2,Team 2 (E/W),44,76,13,♦,finished,2026-05-18T16:07:17.497104+00:00
7705,INPROC_D8784A,1,10,team1,Team 1 (N/S),102,18,8,♣,finished,2026-05-18T16:07:17.512223+00:00
7706,INPROC_E85B4A,1,10,draw,draw,60,60,9,♣,finished,2026-05-18T16:07:17.529397+00:00
7707,INPROC_5F5C4D,1,10,team2,Team 2 (E/W),17,103,22,♥,finished,2026-05-18T16:07:17.546157+00:00
7708,INPROC_CEA386,1,10,team2,Team 2 (E/W),38,82,22,♥,finished,2026-05-18T16:07:17.560587+00:00
7709,INPROC_549320,1,10,team1,Team 1 (N/S),73,47,32,♠,finished,2026-05-18T16:07:17.574178+00:00
7710,INPROC_22E34D,1,10,team1,Team 1 (N/S),78,42,23,♥,finished,2026-05-18T16:07:17.587206+00:00
7711,INPROC_887A29,1,10,team2,Team 2 (E/W),23,97,21,♥,finished,2026-05-18T16:07:17.599972+00:00
7712,INPROC_A03D68,1,10,team1,Team 1 (N/S),83,37,6,♣,finished,2026-05-18T16:07:17.612899+00:00
7713,INPROC_B87F99,1,10,team1,Team 1 (N/S),85,35,2,♣,finished,2026-05-18T16:07:17.626529+00:00
7714,INPROC_5F6595,1,10,team2,Team 2 (E/W),53,67,35,♠,finished,2026-05-18T16:07:17.639872+00:00
7715,INPROC_26C944,1,10,team1,Team 1 (N/S),77,43,11,♦,finished,2026-05-18T16:07:17.649310+00:00
7716,INPROC_9E76D4,1,10,team1,Team 1 (N/S),104,16,31,♠,finished,2026-05-18T16:07:17.664008+00:00
7717,INPROC_7C3158,1,10,team1,Team 1 (N/S),64,56,20,♥,finished,2026-05-18T16:07:17.675981+00:00
7718,INPROC_3CEDE1,1,10,team1,Team 1 (N/S),64,56,10,♦,finished,2026-05-18T16:07:17.689789+00:00
7719,INPROC_CF5052,1,10,team1,Team 1 (N/S),93,27,12,♦,finished,2026-05-18T16:07:17.703512+00:00
7720,INPROC_27E35B,1,10,team1,Team 1 (N/S),88,32,11,♦,finished,2026-05-18T16:07:17.718718+00:00
7721,INPROC_ABD4D2,1,10,team2,Team 2 (E/W),40,80,26,♥,finished,2026-05-18T16:07:17.734741+00:00
7722,INPROC_5CF263,1,10,team1,Team 1 (N/S),70,50,19,♦,finished,2026-05-18T16:07:17.749783+00:00
7723,INPROC_E345CF,1,10,team2,Team 2 (E/W),52,68,37,♠,finished,2026-05-18T16:07:17.765239+00:00
7724,INPROC_057D33,1,10,team2,Team 2 (E/W),24,96,13,♦,finished,2026-05-18T16:07:17.781876+00:00
7725,INPROC_1AB739,1,10,team1,Team 1 (N/S),86,34,22,♥,finished,2026-05-18T16:07:17.797894+00:00
7726,INPROC_966A7C,1,10,team2,Team 2 (E/W),58,62,39,♠,finished,2026-05-18T16:07:17.815335+00:00
7727,INPROC_C029AC,1,10,team1,Team 1 (N/S),67,53,37,♠,finished,2026-05-18T16:07:17.831225+00:00
7728,INPROC_0CE7E7,1,10,team1,Team 1 (N/S),88,32,2,♣,finished,2026-05-18T16:07:17.846338+00:00
7729,INPROC_CD6BE8,1,10,team2,Team 2 (E/W),53,67,11,♦,finished,2026-05-18T16:07:17.862764+00:00
7730,INPROC_4A56D2,1,10,team2,Team 2 (E/W),45,75,3,♣,finished,2026-05-18T16:07:17.879418+00:00
7731,INPROC_4DCAE9,1,10,team2,Team 2 (E/W),33,87,38,♠,finished,2026-05-18T16:07:17.895359+00:00
7732,INPROC_BA36DB,1,10,team2,Team 2 (E/W),58,62,4,♣,finished,2026-05-18T16:07:17.909877+00:00
7733,INPROC_B74789,1,10,team1,Team 1 (N/S),83,37,7,♣,finished,2026-05-18T16:07:17.925338+00:00
7734,INPROC_3CA81C,1,10,team1,Team 1 (N/S),102,18,39,♠,finished,2026-05-18T16:07:17.941277+00:00
7735,INPROC_5AA01C,1,10,team2,Team 2 (E/W),26,94,5,♣,finished,2026-05-18T16:07:17.955778+00:00
7736,INPROC_68785D,1,10,team2,Team 2 (E/W),14,106,32,♠,finished,2026-05-18T16:07:17.969576+00:00
7737,INPROC_BE821C,1,10,team1,Team 1 (N/S),81,39,34,♠,finished,2026-05-18T16:07:17.985655+00:00
7738,INPROC_A8CCB8,1,10,team2,Team 2 (E/W),43,77,3,♣,finished,2026-05-18T16:07:18.000758+00:00
7739,INPROC_2998BE,1,10,team2,Team 2 (E/W),57,63,11,♦,finished,2026-05-18T16:07:18.013953+00:00
7740,INPROC_8E1F20,1,10,team2,Team 2 (E/W),20,100,2,♣,finished,2026-05-18T16:07:18.029406+00:00
7741,INPROC_327FD6,1,10,team2,Team 2 (E/W),47,73,11,♦,finished,2026-05-18T16:07:18.045543+00:00
7742,INPROC_E0DB40,1,10,team2,Team 2 (E/W),44,76,29,♥,finished,2026-05-18T16:07:18.061157+00:00
7743,INPROC_0CE155,1,10,team1,Team 1 (N/S),64,56,4,♣,finished,2026-05-18T16:07:18.074997+00:00
7744,INPROC_4C33E2,1,10,team2,Team 2 (E/W),42,78,6,♣,finished,2026-05-18T16:07:18.088443+00:00
7745,INPROC_721EDE,1,10,team1,Team 1 (N/S),64,56,37,♠,finished,2026-05-18T16:07:18.104929+00:00
7746,INPROC_E9148B,1,10,team2,Team 2 (E/W),56,64,36,♠,finished,2026-05-18T16:07:18.123168+00:00
7747,INPROC_AD4C34,1,10,team1,Team 1 (N/S),76,44,15,♦,finished,2026-05-18T16:07:18.139841+00:00
7748,INPROC_CF89EF,1,10,team2,Team 2 (E/W),47,73,27,♥,finished,2026-05-18T16:07:18.155300+00:00
7749,INPROC_25473D,1,10,team1,Team 1 (N/S),80,40,13,♦,finished,2026-05-18T16:07:18.166387+00:00
7750,INPROC_613510,1,10,team1,Team 1 (N/S),65,55,17,♦,finished,2026-05-18T16:07:18.181811+00:00
7751,INPROC_24C578,1,10,team1,Team 1 (N/S),62,58,37,♠,finished,2026-05-18T16:07:18.198783+00:00
7752,INPROC_151FCF,1,10,team2,Team 2 (E/W),48,72,39,♠,finished,2026-05-18T16:07:18.214803+00:00
7753,INPROC_4FA8F3,1,10,team1,Team 1 (N/S),63,57,24,♥,finished,2026-05-18T16:07:18.230772+00:00
7754,INPROC_7522D2,1,10,team1,Team 1 (N/S),65,55,1,♣,finished,2026-05-18T16:07:18.245835+00:00
7755,INPROC_CFFA54,1,10,team2,Team 2 (E/W),56,64,16,♦,finished,2026-05-18T16:07:18.259927+00:00
7756,INPROC_BC50BA,1,10,team2,Team 2 (E/W),17,103,36,♠,finished,2026-05-18T16:07:18.277440+00:00
7757,INPROC_0B78C9,1,10,team1,Team 1 (N/S),82,38,7,♣,finished,2026-05-18T16:07:18.296288+00:00
7758,INPROC_4B66B7,1,10,team2,Team 2 (E/W),58,62,33,♠,finished,2026-05-18T16:07:18.312134+00:00
7759,INPROC_B3E63A,1,10,team1,Team 1 (N/S),61,59,29,♥,finished,2026-05-18T16:07:18.325533+00:00
7760,INPROC_89438D,1,10,team2,Team 2 (E/W),35,85,9,♣,finished,2026-05-18T16:07:18.340584+00:00
7761,INPROC_90476F,1,10,team2,Team 2 (E/W),50,70,36,♠,finished,2026-05-18T16:07:18.356678+00:00
7762,INPROC_16D877,1,10,team1,Team 1 (N/S),93,27,31,♠,finished,2026-05-18T16:07:18.374893+00:00
7763,INPROC_747F03,1,10,team1,Team 1 (N/S),69,51,24,♥,finished,2026-05-18T16:07:18.392000+00:00
7764,INPROC_4D9A77,1,10,team2,Team 2 (E/W),41,79,1,♣,finished,2026-05-18T16:07:18.408796+00:00
7765,INPROC_4A2CA8,1,10,team1,Team 1 (N/S),86,34,18,♦,finished,2026-05-18T16:07:18.425197+00:00
7766,INPROC_D1F24E,1,10,team2,Team 2 (E/W),52,68,8,♣,finished,2026-05-18T16:07:18.441882+00:00
7767,INPROC_2F4EC4,1,10,team1,Team 1 (N/S),81,39,33,♠,finished,2026-05-18T16:07:18.457442+00:00
7768,INPROC_D624A8,1,10,draw,draw,60,60,35,♠,finished,2026-05-18T16:07:18.474728+00:00
7769,INPROC_442D0D,1,10,team1,Team 1 (N/S),85,35,9,♣,finished,2026-05-18T16:07:18.492114+00:00
7770,INPROC_97E526,1,10,team1,Team 1 (N/S),116,4,1,♣,finished,2026-05-18T16:07:18.510781+00:00
7771,INPROC_95FEEC,1,10,team2,Team 2 (E/W),15,105,16,♦,finished,2026-05-18T16:07:18.529609+00:00
7772,INPROC_CFCB46,1,10,team1,Team 1 (N/S),67,53,16,♦,finished,2026-05-18T16:07:18.546150+00:00
7773,INPROC_CAA0FF,1,10,team1,Team 1 (N/S),64,56,39,♠,finished,2026-05-18T16:07:18.561169+00:00
7774,INPROC_F0201B,1,10,team1,Team 1 (N/S),75,45,3,♣,finished,2026-05-18T16:07:18.577387+00:00
7775,INPROC_769727,1,10,team2,Team 2 (E/W),48,72,29,♥,finished,2026-05-18T16:07:18.594420+00:00
7776,INPROC_C2D7DB,1,10,team2,Team 2 (E/W),38,82,39,♠,finished,2026-05-18T16:07:18.605338+00:00
7777,INPROC_B1CE80,1,10,team1,Team 1 (N/S),74,46,13,♦,finished,2026-05-18T16:07:18.617590+00:00
7778,INPROC_A6F726,1,10,team2,Team 2 (E/W),54,66,7,♣,finished,2026-05-18T16:07:18.631078+00:00
7779,INPROC_BFADFE,1,10,team1,Team 1 (N/S),79,41,3,♣,finished,2026-05-18T16:07:18.646463+00:00
7780,INPROC_2B299B,1,10,team1,Team 1 (N/S),90,30,9,♣,finished,2026-05-18T16:07:18.661612+00:00
7781,INPROC_E907CB,1,10,team1,Team 1 (N/S),65,55,0,♣,finished,2026-05-18T16:07:18.677230+00:00
7782,INPROC_CB58BB,1,10,team1,Team 1 (N/S),86,34,17,♦,finished,2026-05-18T16:07:18.693219+00:00
7783,INPROC_7ABAC3,1,10,team2,Team 2 (E/W),32,88,23,♥,finished,2026-05-18T16:07:18.708706+00:00
7784,INPROC_972110,1,10,team2,Team 2 (E/W),54,66,3,♣,finished,2026-05-18T16:07:18.726322+00:00
7785,INPROC_3025A2,1,10,team2,Team 2 (E/W),12,108,33,♠,finished,2026-05-18T16:07:18.742620+00:00
7786,INPROC_2828ED,1,10,team2,Team 2 (E/W),18,102,8,♣,finished,2026-05-18T16:07:18.760261+00:00
7787,INPROC_20F036,1,10,team1,Team 1 (N/S),78,42,21,♥,finished,2026-05-18T16:07:18.777031+00:00
7788,INPROC_B45FE8,1,10,team2,Team 2 (E/W),17,103,10,♦,finished,2026-05-18T16:07:18.794101+00:00
7789,INPROC_A09573,1,10,team2,Team 2 (E/W),38,82,0,♣,finished,2026-05-18T16:07:18.813170+00:00
7790,INPROC_5AE2C6,1,10,team1,Team 1 (N/S),83,37,33,♠,finished,2026-05-18T16:07:18.829648+00:00
7791,INPROC_2855E1,1,10,team2,Team 2 (E/W),45,75,39,♠,finished,2026-05-18T16:07:18.846370+00:00
7792,INPROC_6C5ED4,1,10,team1,Team 1 (N/S),75,45,9,♣,finished,2026-05-18T16:07:18.859339+00:00
7793,INPROC_9C2285,1,10,team2,Team 2 (E/W),49,71,39,♠,finished,2026-05-18T16:07:18.872173+00:00
7794,INPROC_1F859D,1,10,team1,Team 1 (N/S),77,43,25,♥,finished,2026-05-18T16:07:18.887723+00:00
7795,INPROC_18DC68,1,10,team2,Team 2 (E/W),22,98,6,♣,finished,2026-05-18T16:07:18.902350+00:00
7796,INPROC_5A80F3,1,10,team2,Team 2 (E/W),38,82,3,♣,finished,2026-05-18T16:07:18.918270+00:00
7797,INPROC_3F810D,1,10,team2,Team 2 (E/W),38,82,19,♦,finished,2026-05-18T16:07:18.933793+00:00
7798,INPROC_206020,1,10,team2,Team 2 (E/W),40,80,14,♦,finished,2026-05-18T16:07:18.950854+00:00
7799,INPROC_7732CA,1,10,team2,Team 2 (E/W),55,65,3,♣,finished,2026-05-18T16:07:18.965782+00:00
7800,INPROC_C7D986,1,10,team1,Team 1 (N/S),78,42,0,♣,finished,2026-05-18T16:07:18.980035+00:00
7801,INPROC_F4C2A7,1,10,team1,Team 1 (N/S),88,32,38,♠,finished,2026-05-18T16:07:18.994031+00:00
7802,INPROC_D0F17C,1,10,team2,Team 2 (E/W),28,92,19,♦,finished,2026-05-18T16:07:19.008667+00:00
7803,INPROC_968627,1,10,team1,Team 1 (N/S),72,48,25,♥,finished,2026-05-18T16:07:19.027020+00:00
7804,INPROC_D9F9A4,1,10,team2,Team 2 (E/W),18,102,27,♥,finished,2026-05-18T16:07:19.041032+00:00
7805,INPROC_DFA23E,1,10,team2,Team 2 (E/W),31,89,2,♣,finished,2026-05-18T16:07:19.059051+00:00
7806,INPROC_4A13E5,1,10,team2,Team 2 (E/W),34,86,18,♦,finished,2026-05-18T16:07:19.074814+00:00
7807,INPROC_3199B4,1,10,team2,Team 2 (E/W),45,75,15,♦,finished,2026-05-18T16:07:19.091438+00:00
7808,INPROC_84B91F,1,10,team1,Team 1 (N/S),98,22,31,♠,finished,2026-05-18T16:07:19.105253+00:00
7809,INPROC_116867,1,10,team1,Team 1 (N/S),61,59,19,♦,finished,2026-05-18T16:07:19.121167+00:00
7810,INPROC_CD7F49,1,10,team1,Team 1 (N/S),79,41,10,♦,finished,2026-05-18T16:07:19.135027+00:00
7811,INPROC_1C6EE9,1,10,team2,Team 2 (E/W),26,94,19,♦,finished,2026-05-18T16:07:19.149519+00:00
7812,INPROC_626A88,1,10,team2,Team 2 (E/W),47,73,14,♦,finished,2026-05-18T16:07:19.163006+00:00
7813,INPROC_63FCE4,1,10,team2,Team 2 (E/W),27,93,2,♣,finished,2026-05-18T16:07:19.178373+00:00
7814,INPROC_052211,1,10,team2,Team 2 (E/W),44,76,10,♦,finished,2026-05-18T16:07:19.192316+00:00
7815,INPROC_B0CD80,1,10,team1,Team 1 (N/S),78,42,8,♣,finished,2026-05-18T16:07:19.205691+00:00
7816,INPROC_A83EAF,1,10,team2,Team 2 (E/W),42,78,2,♣,finished,2026-05-18T16:07:19.219211+00:00
7817,INPROC_753AD3,1,10,team1,Team 1 (N/S),61,59,14,♦,finished,2026-05-18T16:07:19.234033+00:00
7818,INPROC_593E33,1,10,team1,Team 1 (N/S),80,40,8,♣,finished,2026-05-18T16:07:19.248638+00:00
7819,INPROC_C197D1,1,10,team2,Team 2 (E/W),44,76,2,♣,finished,2026-05-18T16:07:19.264144+00:00
7820,INPROC_A3920F,1,10,draw,draw,60,60,9,♣,finished,2026-05-18T16:07:19.279144+00:00
7821,INPROC_FC5E44,1,10,team1,Team 1 (N/S),87,33,37,♠,finished,2026-05-18T16:07:19.294633+00:00
7822,INPROC_C288B8,1,10,team2,Team 2 (E/W),43,77,21,♥,finished,2026-05-18T16:07:19.311722+00:00
7823,INPROC_89158B,1,10,team1,Team 1 (N/S),94,26,23,♥,finished,2026-05-18T16:07:19.324321+00:00
7824,INPROC_4922C1,1,10,team2,Team 2 (E/W),51,69,9,♣,finished,2026-05-18T16:07:19.337608+00:00
7825,INPROC_C47B69,1,10,team2,Team 2 (E/W),51,69,10,♦,finished,2026-05-18T16:07:19.350254+00:00
7826,INPROC_9FCF9A,1,10,team1,Team 1 (N/S),79,41,37,♠,finished,2026-05-18T16:07:19.365391+00:00
7827,INPROC_3C9396,1,10,team1,Team 1 (N/S),79,41,0,♣,finished,2026-05-18T16:07:19.380171+00:00
7828,INPROC_664C4D,1,10,team1,Team 1 (N/S),70,50,4,♣,finished,2026-05-18T16:07:19.394605+00:00
7829,INPROC_C331FB,1,10,team1,Team 1 (N/S),63,57,2,♣,finished,2026-05-18T16:07:19.408722+00:00
7830,INPROC_6D12FE,1,10,team2,Team 2 (E/W),54,66,29,♥,finished,2026-05-18T16:07:19.423658+00:00
7831,INPROC_9E5BBB,1,10,team2,Team 2 (E/W),57,63,35,♠,finished,2026-05-18T16:07:19.438919+00:00
7832,INPROC_D708AD,1,10,team2,Team 2 (E/W),32,88,18,♦,finished,2026-05-18T16:07:19.453551+00:00
7833,INPROC_557C9F,1,10,team1,Team 1 (N/S),78,42,9,♣,finished,2026-05-18T16:07:19.469037+00:00
7834,INPROC_FB4A84,1,10,team1,Team 1 (N/S),88,32,27,♥,finished,2026-05-18T16:07:19.483272+00:00
7835,INPROC_ED671D,1,10,team2,Team 2 (E/W),10,110,17,♦,finished,2026-05-18T16:07:19.500684+00:00
7836,INPROC_6AC9AD,1,10,team1,Team 1 (N/S),112,8,1,♣,finished,2026-05-18T16:07:19.514143+00:00
7837,INPROC_F10B5B,1,10,team1,Team 1 (N/S),64,56,28,♥,finished,2026-05-18T16:07:19.533254+00:00
7838,INPROC_1CE954,1,10,team1,Team 1 (N/S),63,57,36,♠,finished,2026-05-18T16:07:19.551551+00:00
7839,INPROC_27DA98,1,10,team1,Team 1 (N/S),71,49,23,♥,finished,2026-05-18T16:07:19.567196+00:00
7840,INPROC_6A3FE0,1,10,team1,Team 1 (N/S),94,26,27,♥,finished,2026-05-18T16:07:19.585604+00:00
7841,INPROC_0B37E6,1,10,team2,Team 2 (E/W),40,80,35,♠,finished,2026-05-18T16:07:19.603615+00:00
7842,INPROC_5FF5FF,1,10,team2,Team 2 (E/W),19,101,8,♣,finished,2026-05-18T16:07:19.622674+00:00
7843,INPROC_CDE2B5,1,10,team1,Team 1 (N/S),64,56,10,♦,finished,2026-05-18T16:07:19.639962+00:00
7844,INPROC_341D17,1,10,team2,Team 2 (E/W),23,97,22,♥,finished,2026-05-18T16:07:19.653733+00:00
7845,INPROC_BBD081,1,10,team1,Team 1 (N/S),76,44,11,♦,finished,2026-05-18T16:07:19.667647+00:00
7846,INPROC_24BC62,1,10,team2,Team 2 (E/W),17,103,7,♣,finished,2026-05-18T16:07:19.682086+00:00
7847,INPROC_82CBA0,1,10,team2,Team 2 (E/W),43,77,25,♥,finished,2026-05-18T16:07:19.695941+00:00
7848,INPROC_BC32D9,1,10,team2,Team 2 (E/W),34,86,39,♠,finished,2026-05-18T16:07:19.711831+00:00
7849,INPROC_0405E2,1,10,team1,Team 1 (N/S),83,37,30,♠,finished,2026-05-18T16:07:19.728546+00:00
7850,INPROC_2D6FE5,1,10,team2,Team 2 (E/W),4,116,37,♠,finished,2026-05-18T16:07:19.743421+00:00
7851,INPROC_CA1B8A,1,10,team2,Team 2 (E/W),58,62,21,♥,finished,2026-05-18T16:07:19.759593+00:00
7852,INPROC_43206A,1,10,team2,Team 2 (E/W),54,66,11,♦,finished,2026-05-18T16:07:19.774998+00:00
7853,INPROC_EC53D6,1,10,team2,Team 2 (E/W),12,108,14,♦,finished,2026-05-18T16:07:19.789940+00:00
7854,INPROC_70AE3F,1,10,team2,Team 2 (E/W),54,66,31,♠,finished,2026-05-18T16:07:19.804796+00:00
7855,INPROC_663028,1,10,team1,Team 1 (N/S),79,41,17,♦,finished,2026-05-18T16:07:19.819019+00:00
7856,INPROC_DE741F,1,10,draw,draw,60,60,39,♠,finished,2026-05-18T16:07:19.836875+00:00
7857,INPROC_B92F6C,1,10,team1,Team 1 (N/S),72,48,3,♣,finished,2026-05-18T16:07:19.853456+00:00
7858,INPROC_FC4DFA,1,10,team2,Team 2 (E/W),48,72,4,♣,finished,2026-05-18T16:07:19.867865+00:00
7859,INPROC_09B424,1,10,team2,Team 2 (E/W),52,68,31,♠,finished,2026-05-18T16:07:19.880199+00:00
7860,INPROC_23F7EC,1,10,team2,Team 2 (E/W),59,61,18,♦,finished,2026-05-18T16:07:19.894313+00:00
7861,INPROC_609DC0,1,10,team2,Team 2 (E/W),59,61,23,♥,finished,2026-05-18T16:07:19.910831+00:00
7862,INPROC_02FEED,1,10,team2,Team 2 (E/W),51,69,23,♥,finished,2026-05-18T16:07:19.926563+00:00
7863,INPROC_29BB2D,1,10,team1,Team 1 (N/S),88,32,35,♠,finished,2026-05-18T16:07:19.939522+00:00
7864,INPROC_878A89,1,10,team1,Team 1 (N/S),67,53,15,♦,finished,2026-05-18T16:07:19.954349+00:00
7865,INPROC_BA2EA4,1,10,team2,Team 2 (E/W),43,77,20,♥,finished,2026-05-18T16:07:19.971463+00:00
7866,INPROC_770909,1,10,team1,Team 1 (N/S),72,48,11,♦,finished,2026-05-18T16:07:19.985587+00:00
7867,INPROC_6F2EDC,1,10,team2,Team 2 (E/W),59,61,10,♦,finished,2026-05-18T16:07:19.999922+00:00
7868,INPROC_B2837B,1,10,team2,Team 2 (E/W),48,72,18,♦,finished,2026-05-18T16:07:20.010260+00:00
7869,INPROC_49D392,1,10,team1,Team 1 (N/S),82,38,0,♣,finished,2026-05-18T16:07:20.024381+00:00
7870,INPROC_F4B8F6,1,10,team1,Team 1 (N/S),79,41,1,♣,finished,2026-05-18T16:07:20.036643+00:00
7871,INPROC_841A50,1,10,team1,Team 1 (N/S),81,39,17,♦,finished,2026-05-18T16:07:20.048290+00:00
7872,INPROC_DEC538,1,10,team2,Team 2 (E/W),37,83,19,♦,finished,2026-05-18T16:07:20.061850+00:00
7873,INPROC_776FCD,1,10,team2,Team 2 (E/W),52,68,37,♠,finished,2026-05-18T16:07:20.075107+00:00
7874,INPROC_578782,1,10,team1,Team 1 (N/S),82,38,13,♦,finished,2026-05-18T16:07:20.085980+00:00
7875,INPROC_E3D9B6,1,10,team2,Team 2 (E/W),33,87,10,♦,finished,2026-05-18T16:07:20.096248+00:00
7876,INPROC_463FBA,1,10,team2,Team 2 (E/W),41,79,30,♠,finished,2026-05-18T16:07:20.108025+00:00
7877,INPROC_8D4C5F,1,10,team2,Team 2 (E/W),42,78,28,♥,finished,2026-05-18T16:07:20.118311+00:00
7878,INPROC_5E3BFF,1,10,team2,Team 2 (E/W),13,107,6,♣,finished,2026-05-18T16:07:20.128130+00:00
7879,INPROC_AF4911,1,10,team2,Team 2 (E/W),34,86,9,♣,finished,2026-05-18T16:07:20.141679+00:00
7880,INPROC_515446,1,10,team2,Team 2 (E/W),49,71,17,♦,finished,2026-05-18T16:07:20.154975+00:00
7881,INPROC_270C28,1,10,team2,Team 2 (E/W),32,88,19,♦,finished,2026-05-18T16:07:20.168972+00:00
7882,INPROC_190FF1,1,10,team2,Team 2 (E/W),53,67,4,♣,finished,2026-05-18T16:07:20.181263+00:00
7883,INPROC_C71EC3,1,10,team2,Team 2 (E/W),18,102,6,♣,finished,2026-05-18T16:07:20.194080+00:00
7884,INPROC_E93601,1,10,team2,Team 2 (E/W),38,82,18,♦,finished,2026-05-18T16:07:20.207274+00:00
7885,INPROC_EAAD2F,1,10,team2,Team 2 (E/W),31,89,15,♦,finished,2026-05-18T16:07:20.219347+00:00
7886,INPROC_660DEB,1,10,team1,Team 1 (N/S),98,22,14,♦,finished,2026-05-18T16:07:20.229062+00:00
7887,INPROC_CDEC3E,1,10,team2,Team 2 (E/W),29,91,9,♣,finished,2026-05-18T16:07:20.242268+00:00
7888,INPROC_D5DBB2,1,10,team1,Team 1 (N/S),63,57,21,♥,finished,2026-05-18T16:07:20.254181+00:00
7889,INPROC_73AD02,1,10,draw,draw,60,60,0,♣,finished,2026-05-18T16:07:20.264553+00:00
7890,INPROC_DD8471,1,10,team2,Team 2 (E/W),31,89,27,♥,finished,2026-05-18T16:07:20.278100+00:00
7891,INPROC_CFDE49,1,10,team2,Team 2 (E/W),36,84,15,♦,finished,2026-05-18T16:07:20.292297+00:00
7892,INPROC_9F6CFE,1,10,team2,Team 2 (E/W),40,80,4,♣,finished,2026-05-18T16:07:20.304054+00:00
7893,INPROC_56FFEC,1,10,team1,Team 1 (N/S),66,54,13,♦,finished,2026-05-18T16:07:20.315209+00:00
7894,INPROC_2DCB24,1,10,team2,Team 2 (E/W),20,100,11,♦,finished,2026-05-18T16:07:20.330455+00:00
7895,INPROC_141E80,1,10,team1,Team 1 (N/S),83,37,13,♦,finished,2026-05-18T16:07:20.345498+00:00
7896,INPROC_6AED80,1,10,team1,Team 1 (N/S),86,34,1,♣,finished,2026-05-18T16:07:20.360804+00:00
7897,INPROC_4B1435,1,10,team2,Team 2 (E/W),19,101,4,♣,finished,2026-05-18T16:07:20.376734+00:00
7898,INPROC_4E21F0,1,10,team2,Team 2 (E/W),41,79,24,♥,finished,2026-05-18T16:07:20.390069+00:00
7899,INPROC_E99C23,1,10,team1,Team 1 (N/S),86,34,23,♥,finished,2026-05-18T16:07:20.403287+00:00
7900,INPROC_00DDE7,1,10,team1,Team 1 (N/S),120,0,3,♣,finished,2026-05-18T16:07:20.419102+00:00
7901,INPROC_41AD63,1,10,team2,Team 2 (E/W),48,72,30,♠,finished,2026-05-18T16:07:20.434592+00:00
7902,INPROC_D0307E,1,10,team2,Team 2 (E/W),56,64,4,♣,finished,2026-05-18T16:07:20.452506+00:00
7903,INPROC_91BE4E,1,10,team2,Team 2 (E/W),53,67,11,♦,finished,2026-05-18T16:07:20.469758+00:00
7904,INPROC_9C3837,1,10,team1,Team 1 (N/S),83,37,15,♦,finished,2026-05-18T16:07:20.485298+00:00
7905,INPROC_2F54EE,1,10,team1,Team 1 (N/S),65,55,0,♣,finished,2026-05-18T16:07:20.502395+00:00
7906,INPROC_6FA609,1,10,team2,Team 2 (E/W),48,72,2,♣,finished,2026-05-18T16:07:20.514284+00:00
7907,INPROC_B46A15,1,10,team2,Team 2 (E/W),56,64,30,♠,finished,2026-05-18T16:07:20.526525+00:00
7908,INPROC_A1B9BF,1,10,team2,Team 2 (E/W),32,88,16,♦,finished,2026-05-18T16:07:20.542093+00:00
7909,INPROC_1492D3,1,10,team2,Team 2 (E/W),39,81,37,♠,finished,2026-05-18T16:07:20.558659+00:00
7910,INPROC_3B7A55,1,10,team2,Team 2 (E/W),40,80,24,♥,finished,2026-05-18T16:07:20.576955+00:00
7911,INPROC_0A9B99,1,10,team1,Team 1 (N/S),63,57,5,♣,finished,2026-05-18T16:07:20.592182+00:00
7912,INPROC_514DB2,1,10,team2,Team 2 (E/W),52,68,0,♣,finished,2026-05-18T16:07:20.604688+00:00
7913,INPROC_79A6AF,1,10,team1,Team 1 (N/S),73,47,34,♠,finished,2026-05-18T16:07:20.620434+00:00
7914,INPROC_05EB34,1,10,team2,Team 2 (E/W),56,64,21,♥,finished,2026-05-18T16:07:20.637053+00:00
7915,INPROC_E77B81,1,10,team1,Team 1 (N/S),77,43,18,♦,finished,2026-05-18T16:07:20.653204+00:00
7916,INPROC_BDA55B,1,10,team2,Team 2 (E/W),51,69,30,♠,finished,2026-05-18T16:07:20.669147+00:00
7917,INPROC_D2F289,1,10,team1,Team 1 (N/S),84,36,24,♥,finished,2026-05-18T16:07:20.684274+00:00
7918,INPROC_ED2747,1,10,team2,Team 2 (E/W),51,69,30,♠,finished,2026-05-18T16:07:20.700592+00:00
7919,INPROC_20976A,1,10,team2,Team 2 (E/W),10,110,3,♣,finished,2026-05-18T16:07:20.718523+00:00
7920,INPROC_C31195,1,10,team1,Team 1 (N/S),86,34,28,♥,finished,2026-05-18T16:07:20.738809+00:00
7921,INPROC_4D3C7C,1,10,team2,Team 2 (E/W),30,90,16,♦,finished,2026-05-18T16:07:20.760120+00:00
7922,INPROC_4EBBB7,1,10,team2,Team 2 (E/W),24,96,39,♠,finished,2026-05-18T16:07:20.779968+00:00
7923,INPROC_B74493,1,10,team1,Team 1 (N/S),64,56,12,♦,finished,2026-05-18T16:07:20.800236+00:00
7924,INPROC_7F362A,1,10,team1,Team 1 (N/S),105,15,18,♦,finished,2026-05-18T16:07:20.821068+00:00
7925,INPROC_997E97,1,10,team2,Team 2 (E/W),57,63,31,♠,finished,2026-05-18T16:07:20.840442+00:00
7926,INPROC_B58062,1,10,team2,Team 2 (E/W),47,73,15,♦,finished,2026-05-18T16:07:20.858261+00:00
7927,INPROC_1C7195,1,10,team2,Team 2 (E/W),52,68,0,♣,finished,2026-05-18T16:07:20.873369+00:00
7928,INPROC_24CD4B,1,10,team2,Team 2 (E/W),58,62,16,♦,finished,2026-05-18T16:07:20.889473+00:00
7929,INPROC_871468,1,10,team2,Team 2 (E/W),19,101,30,♠,finished,2026-05-18T16:07:20.903811+00:00
7930,INPROC_E55DC5,1,10,team1,Team 1 (N/S),67,53,13,♦,finished,2026-05-18T16:07:20.919984+00:00
7931,INPROC_95C9B4,1,10,team1,Team 1 (N/S),61,59,12,♦,finished,2026-05-18T16:07:20.938242+00:00
7932,INPROC_E98957,1,10,team2,Team 2 (E/W),10,110,6,♣,finished,2026-05-18T16:07:20.954079+00:00
7933,INPROC_D33E12,1,10,team2,Team 2 (E/W),16,104,7,♣,finished,2026-05-18T16:07:20.970237+00:00
7934,INPROC_E6574A,1,10,team2,Team 2 (E/W),35,85,37,♠,finished,2026-05-18T16:07:20.986343+00:00
7935,INPROC_C0C17F,1,10,team2,Team 2 (E/W),42,78,7,♣,finished,2026-05-18T16:07:21.002848+00:00
7936,INPROC_8CAEE9,1,10,team2,Team 2 (E/W),55,65,31,♠,finished,2026-05-18T16:07:21.024942+00:00
7937,INPROC_9C351E,1,10,team2,Team 2 (E/W),54,66,4,♣,finished,2026-05-18T16:07:21.075301+00:00
7938,INPROC_16BFDC,1,10,team2,Team 2 (E/W),25,95,21,♥,finished,2026-05-18T16:07:21.095194+00:00
7939,INPROC_7DFD87,1,10,team2,Team 2 (E/W),33,87,27,♥,finished,2026-05-18T16:07:21.109917+00:00
7940,INPROC_3F0112,1,10,team1,Team 1 (N/S),80,40,16,♦,finished,2026-05-18T16:07:21.122422+00:00
7941,INPROC_186F1C,1,10,team2,Team 2 (E/W),56,64,26,♥,finished,2026-05-18T16:07:21.134416+00:00
7942,INPROC_3D50A0,1,10,team2,Team 2 (E/W),25,95,4,♣,finished,2026-05-18T16:07:21.148434+00:00
7943,INPROC_1C046C,1,10,team2,Team 2 (E/W),53,67,9,♣,finished,2026-05-18T16:07:21.166716+00:00
7944,INPROC_FA2F03,1,10,team2,Team 2 (E/W),34,86,6,♣,finished,2026-05-18T16:07:21.184071+00:00
7945,INPROC_1AF96E,1,10,team2,Team 2 (E/W),18,102,3,♣,finished,2026-05-18T16:07:21.204900+00:00
7946,INPROC_BBD2DD,1,10,team2,Team 2 (E/W),58,62,32,♠,finished,2026-05-18T16:07:21.218706+00:00
7947,INPROC_B4FB4A,1,10,team1,Team 1 (N/S),72,48,8,♣,finished,2026-05-18T16:07:21.237605+00:00
7948,INPROC_61A340,1,10,team1,Team 1 (N/S),92,28,22,♥,finished,2026-05-18T16:07:21.259968+00:00
7949,INPROC_7BE27A,1,10,team2,Team 2 (E/W),53,67,15,♦,finished,2026-05-18T16:07:21.277616+00:00
7950,INPROC_82AFF7,1,10,team1,Team 1 (N/S),92,28,17,♦,finished,2026-05-18T16:07:21.292679+00:00
7951,INPROC_05034C,1,10,team1,Team 1 (N/S),107,13,32,♠,finished,2026-05-18T16:07:21.307725+00:00
7952,INPROC_4007F7,1,10,team2,Team 2 (E/W),28,92,29,♥,finished,2026-05-18T16:07:21.324527+00:00
7953,INPROC_279BF1,1,10,team1,Team 1 (N/S),80,40,36,♠,finished,2026-05-18T16:07:21.340486+00:00
7954,INPROC_141963,1,10,team2,Team 2 (E/W),44,76,18,♦,finished,2026-05-18T16:07:21.356120+00:00
7955,INPROC_7C137D,1,10,team2,Team 2 (E/W),53,67,23,♥,finished,2026-05-18T16:07:21.370726+00:00
7956,INPROC_273448,1,10,team2,Team 2 (E/W),55,65,14,♦,finished,2026-05-18T16:07:21.386442+00:00
7957,INPROC_6766AF,1,10,team2,Team 2 (E/W),16,104,7,♣,finished,2026-05-18T16:07:21.402490+00:00
7958,INPROC_152A6D,1,10,team1,Team 1 (N/S),73,47,8,♣,finished,2026-05-18T16:07:21.418901+00:00
7959,INPROC_F650FE,1,10,team1,Team 1 (N/S),61,59,38,♠,finished,2026-05-18T16:07:21.433153+00:00
7960,INPROC_83DA1D,1,10,team2,Team 2 (E/W),28,92,32,♠,finished,2026-05-18T16:07:21.448395+00:00
7961,INPROC_1174AA,1,10,team1,Team 1 (N/S),90,30,20,♥,finished,2026-05-18T16:07:21.465450+00:00
7962,INPROC_6689C6,1,10,team1,Team 1 (N/S),83,37,5,♣,finished,2026-05-18T16:07:21.489025+00:00
7963,INPROC_2811AB,1,10,team1,Team 1 (N/S),79,41,23,♥,finished,2026-05-18T16:07:21.506917+00:00
7964,INPROC_57801B,1,10,team1,Team 1 (N/S),74,46,36,♠,finished,2026-05-18T16:07:21.526769+00:00
7965,INPROC_1F0B02,1,10,team1,Team 1 (N/S),70,50,36,♠,finished,2026-05-18T16:07:21.542885+00:00
7966,INPROC_D24EE0,1,10,team1,Team 1 (N/S),84,36,36,♠,finished,2026-05-18T16:07:21.564690+00:00
7967,INPROC_237180,1,10,team2,Team 2 (E/W),44,76,16,♦,finished,2026-05-18T16:07:21.581135+00:00
7968,INPROC_8E7E00,1,10,team1,Team 1 (N/S),66,54,21,♥,finished,2026-05-18T16:07:21.596925+00:00
7969,INPROC_486C1D,1,10,team1,Team 1 (N/S),64,56,38,♠,finished,2026-05-18T16:07:21.612616+00:00
7970,INPROC_EEDB72,1,10,team2,Team 2 (E/W),32,88,23,♥,finished,2026-05-18T16:07:21.627174+00:00
7971,INPROC_513A0A,1,10,team2,Team 2 (E/W),46,74,11,♦,finished,2026-05-18T16:07:21.642620+00:00
7972,INPROC_2DF0E2,1,10,team1,Team 1 (N/S),109,11,23,♥,finished,2026-05-18T16:07:21.657935+00:00
7973,INPROC_A12B30,1,10,team2,Team 2 (E/W),39,81,20,♥,finished,2026-05-18T16:07:21.672967+00:00
7974,INPROC_F87C20,1,10,team2,Team 2 (E/W),12,108,24,♥,finished,2026-05-18T16:07:21.689406+00:00
7975,INPROC_6527B4,1,10,team1,Team 1 (N/S),120,0,30,♠,finished,2026-05-18T16:07:21.703222+00:00
7976,INPROC_AF7E06,1,10,team2,Team 2 (E/W),0,120,3,♣,finished,2026-05-18T16:07:21.716238+00:00
7977,INPROC_20007B,1,10,team2,Team 2 (E/W),32,88,29,♥,finished,2026-05-18T16:07:21.732257+00:00
7978,INPROC_584311,1,10,team2,Team 2 (E/W),54,66,12,♦,finished,2026-05-18T16:07:21.747609+00:00
7979,INPROC_AF59E5,1,10,team1,Team 1 (N/S),71,49,14,♦,finished,2026-05-18T16:07:21.763634+00:00
7980,INPROC_8C6E36,1,10,team2,Team 2 (E/W),48,72,4,♣,finished,2026-05-18T16:07:21.782101+00:00
7981,INPROC_0D402D,1,10,team1,Team 1 (N/S),104,16,12,♦,finished,2026-05-18T16:07:21.797787+00:00
7982,INPROC_F3FEB3,1,10,draw,draw,60,60,9,♣,finished,2026-05-18T16:07:21.813822+00:00
7983,INPROC_770946,1,10,team1,Team 1 (N/S),76,44,35,♠,finished,2026-05-18T16:07:21.830139+00:00
7984,INPROC_EFD766,1,10,team2,Team 2 (E/W),2,118,24,♥,finished,2026-05-18T16:07:21.846398+00:00
7985,INPROC_188A26,1,10,team2,Team 2 (E/W),59,61,4,♣,finished,2026-05-18T16:07:21.862070+00:00
7986,INPROC_C01769,1,10,team1,Team 1 (N/S),79,41,15,♦,finished,2026-05-18T16:07:21.878944+00:00
7987,INPROC_22FE94,1,10,team2,Team 2 (E/W),9,111,8,♣,finished,2026-05-18T16:07:21.900007+00:00
7988,INPROC_A0D85D,1,10,team1,Team 1 (N/S),67,53,4,♣,finished,2026-05-18T16:07:21.918516+00:00
7989,INPROC_FB29C4,1,10,team1,Team 1 (N/S),75,45,12,♦,finished,2026-05-18T16:07:21.934235+00:00
7990,INPROC_F224BA,1,10,team1,Team 1 (N/S),93,27,24,♥,finished,2026-05-18T16:07:21.950367+00:00
7991,INPROC_584853,1,10,team2,Team 2 (E/W),28,92,29,♥,finished,2026-05-18T16:07:21.964561+00:00
7992,INPROC_7BD39B,1,10,team2,Team 2 (E/W),24,96,11,♦,finished,2026-05-18T16:07:21.979370+00:00
7993,INPROC_43D1CA,1,10,team2,Team 2 (E/W),33,87,9,♣,finished,2026-05-18T16:07:21.995259+00:00
7994,INPROC_B05337,1,10,team2,Team 2 (E/W),39,81,30,♠,finished,2026-05-18T16:07:22.012726+00:00
7995,INPROC_C3FC9C,1,10,team1,Team 1 (N/S),96,24,34,♠,finished,2026-05-18T16:07:22.028175+00:00
7996,INPROC_B2B42C,1,10,team2,Team 2 (E/W),27,93,16,♦,finished,2026-05-18T16:07:22.047364+00:00
7997,INPROC_A5742B,1,10,team1,Team 1 (N/S),102,18,11,♦,finished,2026-05-18T16:07:22.063896+00:00
7998,INPROC_0E8274,1,10,team1,Team 1 (N/S),68,52,34,♠,finished,2026-05-18T16:07:22.079975+00:00
7999,INPROC_0E1365,1,10,team1,Team 1 (N/S),75,45,13,♦,finished,2026-05-18T16:07:22.095985+00:00
8000,INPROC_4E6B70,1,10,team2,Team 2 (E/W),30,90,5,♣,finished,2026-05-18T16:07:22.112526+00:00
8001,INPROC_0BF518,1,10,team1,Team 1 (N/S),78,42,10,♦,finished,2026-05-18T16:07:22.129453+00:00
8002,INPROC_488851,1,10,team1,Team 1 (N/S),84,36,18,♦,finished,2026-05-18T16:07:22.145819+00:00
8003,INPROC_9A648B,1,10,team2,Team 2 (E/W),41,79,15,♦,finished,2026-05-18T16:07:22.162276+00:00
8004,INPROC_70A717,1,10,team2,Team 2 (E/W),20,100,39,♠,finished,2026-05-18T16:07:22.170785+00:00
8005,INPROC_08EA1C,1,10,team1,Team 1 (N/S),63,57,31,♠,finished,2026-05-18T16:07:22.183444+00:00
8006,INPROC_D375BC,1,10,team2,Team 2 (E/W),48,72,37,♠,finished,2026-05-18T16:07:22.197768+00:00
8007,INPROC_DB2CDA,1,10,team2,Team 2 (E/W),0,120,29,♥,finished,2026-05-18T16:07:22.214767+00:00
8008,INPROC_3801F1,1,10,team1,Team 1 (N/S),73,47,7,♣,finished,2026-05-18T16:07:22.230111+00:00
8009,INPROC_AFE9B0,1,10,team2,Team 2 (E/W),31,89,30,♠,finished,2026-05-18T16:07:22.245117+00:00
8010,INPROC_90F9C1,1,10,team2,Team 2 (E/W),47,73,22,♥,finished,2026-05-18T16:07:22.254988+00:00
8011,INPROC_F02DB2,1,10,team2,Team 2 (E/W),0,120,38,♠,finished,2026-05-18T16:07:22.269006+00:00
8012,INPROC_137167,1,10,team2,Team 2 (E/W),44,76,34,♠,finished,2026-05-18T16:07:22.283021+00:00
8013,INPROC_35698E,1,10,team2,Team 2 (E/W),50,70,18,♦,finished,2026-05-18T16:07:22.297677+00:00
8014,INPROC_7C0B48,1,10,team1,Team 1 (N/S),103,17,3,♣,finished,2026-05-18T16:07:22.313334+00:00
8015,INPROC_BCA511,1,10,team2,Team 2 (E/W),29,91,3,♣,finished,2026-05-18T16:07:22.329557+00:00
8016,INPROC_40FA08,1,10,team1,Team 1 (N/S),107,13,16,♦,finished,2026-05-18T16:07:22.339732+00:00
8017,INPROC_B57D71,1,10,team2,Team 2 (E/W),55,65,33,♠,finished,2026-05-18T16:07:22.351637+00:00
8018,INPROC_30002F,1,10,team2,Team 2 (E/W),49,71,13,♦,finished,2026-05-18T16:07:22.364495+00:00
8019,INPROC_63F250,1,10,team1,Team 1 (N/S),63,57,7,♣,finished,2026-05-18T16:07:22.374881+00:00
8020,INPROC_BD03DA,1,10,team2,Team 2 (E/W),47,73,30,♠,finished,2026-05-18T16:07:22.385685+00:00
8021,INPROC_A2C56D,1,10,team1,Team 1 (N/S),92,28,11,♦,finished,2026-05-18T16:07:22.397359+00:00
8022,INPROC_DEC79A,1,10,team1,Team 1 (N/S),64,56,39,♠,finished,2026-05-18T16:07:22.410022+00:00
8023,INPROC_EFA369,1,10,team1,Team 1 (N/S),70,50,2,♣,finished,2026-05-18T16:07:22.425414+00:00
8024,INPROC_FE60BB,1,10,team2,Team 2 (E/W),56,64,18,♦,finished,2026-05-18T16:07:22.443769+00:00
8025,INPROC_88D318,1,10,team1,Team 1 (N/S),70,50,30,♠,finished,2026-05-18T16:07:22.458278+00:00
8026,INPROC_1561C6,1,10,team1,Team 1 (N/S),73,47,10,♦,finished,2026-05-18T16:07:22.476762+00:00
8027,INPROC_40559A,1,10,team1,Team 1 (N/S),80,40,19,♦,finished,2026-05-18T16:07:22.495863+00:00
8028,INPROC_486AFE,1,10,team1,Team 1 (N/S),90,30,33,♠,finished,2026-05-18T16:07:22.513422+00:00
8029,INPROC_34315E,1,10,team2,Team 2 (E/W),50,70,14,♦,finished,2026-05-18T16:07:22.531117+00:00
8030,INPROC_75BEC8,1,10,team2,Team 2 (E/W),26,94,15,♦,finished,2026-05-18T16:07:22.546709+00:00
8031,INPROC_28D5F9,1,10,team2,Team 2 (E/W),18,102,23,♥,finished,2026-05-18T16:07:22.563457+00:00
8032,INPROC_93FD59,1,10,team1,Team 1 (N/S),95,25,33,♠,finished,2026-05-18T16:07:22.580365+00:00
8033,INPROC_E656F2,1,10,team2,Team 2 (E/W),39,81,27,♥,finished,2026-05-18T16:07:22.595570+00:00
8034,INPROC_CD36D5,1,10,team1,Team 1 (N/S),78,42,38,♠,finished,2026-05-18T16:07:22.611024+00:00
8035,INPROC_829F2C,1,10,team2,Team 2 (E/W),32,88,36,♠,finished,2026-05-18T16:07:22.628501+00:00
8036,INPROC_4668B0,1,10,team1,Team 1 (N/S),62,58,36,♠,finished,2026-05-18T16:07:22.644715+00:00
8037,INPROC_154F50,1,10,team1,Team 1 (N/S),102,18,6,♣,finished,2026-05-18T16:07:22.660833+00:00
8038,INPROC_5F3059,1,10,team2,Team 2 (E/W),31,89,38,♠,finished,2026-05-18T16:07:22.676242+00:00
8039,INPROC_EB20FC,1,10,team2,Team 2 (E/W),28,92,32,♠,finished,2026-05-18T16:07:22.696360+00:00
8040,INPROC_26DEF1,1,10,team2,Team 2 (E/W),5,115,32,♠,finished,2026-05-18T16:07:22.713789+00:00
8041,INPROC_97E5FF,1,10,team1,Team 1 (N/S),83,37,36,♠,finished,2026-05-18T16:07:22.728523+00:00
8042,INPROC_4E4A4C,1,10,team1,Team 1 (N/S),77,43,10,♦,finished,2026-05-18T16:07:22.738247+00:00
8043,INPROC_5F0C15,1,10,team2,Team 2 (E/W),37,83,4,♣,finished,2026-05-18T16:07:22.755071+00:00
8044,INPROC_D8FC4A,1,10,team2,Team 2 (E/W),21,99,3,♣,finished,2026-05-18T16:07:22.773590+00:00
8045,INPROC_335CF9,1,10,team1,Team 1 (N/S),76,44,29,♥,finished,2026-05-18T16:07:22.790717+00:00
8046,INPROC_0980B5,1,10,team1,Team 1 (N/S),74,46,1,♣,finished,2026-05-18T16:07:22.810082+00:00
8047,INPROC_4A97D2,1,10,team2,Team 2 (E/W),48,72,7,♣,finished,2026-05-18T16:07:22.827793+00:00
8048,INPROC_078C7B,1,10,team1,Team 1 (N/S),69,51,6,♣,finished,2026-05-18T16:07:22.843462+00:00
8049,INPROC_B2F0A5,1,10,team1,Team 1 (N/S),71,49,34,♠,finished,2026-05-18T16:07:22.859611+00:00
8050,INPROC_548F62,1,10,team1,Team 1 (N/S),65,55,24,♥,finished,2026-05-18T16:07:22.875443+00:00
8051,INPROC_FCE4BF,1,10,team2,Team 2 (E/W),56,64,36,♠,finished,2026-05-18T16:07:22.892885+00:00
8052,INPROC_9B8EF9,1,10,team2,Team 2 (E/W),44,76,36,♠,finished,2026-05-18T16:07:22.910156+00:00
8053,INPROC_46E8DA,1,10,team2,Team 2 (E/W),52,68,28,♥,finished,2026-05-18T16:07:22.924526+00:00
8054,INPROC_683DC2,1,10,team2,Team 2 (E/W),28,92,17,♦,finished,2026-05-18T16:07:22.939440+00:00
8055,INPROC_D12470,1,10,team2,Team 2 (E/W),41,79,18,♦,finished,2026-05-18T16:07:22.954392+00:00
8056,INPROC_75CA1F,1,10,team2,Team 2 (E/W),53,67,22,♥,finished,2026-05-18T16:07:22.968961+00:00
8057,INPROC_021484,1,10,team2,Team 2 (E/W),45,75,25,♥,finished,2026-05-18T16:07:22.982762+00:00
8058,INPROC_EB68AE,1,10,team1,Team 1 (N/S),100,20,13,♦,finished,2026-05-18T16:07:22.995458+00:00
8059,INPROC_57E8DD,1,10,team2,Team 2 (E/W),46,74,23,♥,finished,2026-05-18T16:07:23.009156+00:00
8060,INPROC_7FB495,1,10,team2,Team 2 (E/W),25,95,30,♠,finished,2026-05-18T16:07:23.024834+00:00
8061,INPROC_A9C5C0,1,10,draw,draw,60,60,33,♠,finished,2026-05-18T16:07:23.039005+00:00
8062,INPROC_92FEBD,1,10,team2,Team 2 (E/W),23,97,12,♦,finished,2026-05-18T16:07:23.053728+00:00
8063,INPROC_223108,1,10,team1,Team 1 (N/S),80,40,19,♦,finished,2026-05-18T16:07:23.068861+00:00
8064,INPROC_F98DA1,1,10,team2,Team 2 (E/W),8,112,25,♥,finished,2026-05-18T16:07:23.078004+00:00
8065,INPROC_691753,1,10,team2,Team 2 (E/W),35,85,33,♠,finished,2026-05-18T16:07:23.087230+00:00
8066,INPROC_07567A,1,10,team2,Team 2 (E/W),41,79,5,♣,finished,2026-05-18T16:07:23.096814+00:00
8067,INPROC_04180E,1,10,draw,draw,60,60,1,♣,finished,2026-05-18T16:07:23.107000+00:00
8068,INPROC_C696DA,1,10,team2,Team 2 (E/W),49,71,22,♥,finished,2026-05-18T16:07:23.120939+00:00
8069,INPROC_385D17,1,10,team1,Team 1 (N/S),102,18,31,♠,finished,2026-05-18T16:07:23.137241+00:00
8070,INPROC_82661E,1,10,team2,Team 2 (E/W),37,83,32,♠,finished,2026-05-18T16:07:23.152989+00:00
8071,INPROC_316FA7,1,10,team2,Team 2 (E/W),41,79,13,♦,finished,2026-05-18T16:07:23.170353+00:00
8072,INPROC_B1C553,1,10,team1,Team 1 (N/S),68,52,15,♦,finished,2026-05-18T16:07:23.186204+00:00
8073,INPROC_BF92F7,1,10,team2,Team 2 (E/W),41,79,11,♦,finished,2026-05-18T16:07:23.203719+00:00
8074,INPROC_3B1479,1,10,team2,Team 2 (E/W),37,83,0,♣,finished,2026-05-18T16:07:23.218859+00:00
8075,INPROC_09C5DA,1,10,team1,Team 1 (N/S),61,59,32,♠,finished,2026-05-18T16:07:23.234247+00:00
8076,INPROC_F85556,1,10,team1,Team 1 (N/S),79,41,17,♦,finished,2026-05-18T16:07:23.250130+00:00
8077,INPROC_44AACF,1,10,team2,Team 2 (E/W),18,102,30,♠,finished,2026-05-18T16:07:23.268365+00:00
8078,INPROC_3A91BB,1,10,team1,Team 1 (N/S),96,24,25,♥,finished,2026-05-18T16:07:23.286735+00:00
8079,INPROC_4778BE,1,10,team1,Team 1 (N/S),100,20,17,♦,finished,2026-05-18T16:07:23.300062+00:00
8080,INPROC_B2C7AF,1,10,team2,Team 2 (E/W),50,70,2,♣,finished,2026-05-18T16:07:23.311310+00:00
8081,INPROC_CD7709,1,10,team2,Team 2 (E/W),49,71,29,♥,finished,2026-05-18T16:07:23.330274+00:00
8082,INPROC_C94A57,1,10,team1,Team 1 (N/S),93,27,33,♠,finished,2026-05-18T16:07:23.348904+00:00
8083,INPROC_BD4A85,1,10,team1,Team 1 (N/S),67,53,19,♦,finished,2026-05-18T16:07:23.367933+00:00
8084,INPROC_78352A,1,10,team2,Team 2 (E/W),40,80,38,♠,finished,2026-05-18T16:07:23.383221+00:00
8085,INPROC_2DD75E,1,10,team2,Team 2 (E/W),59,61,36,♠,finished,2026-05-18T16:07:23.397552+00:00
8086,INPROC_9DED8E,1,10,team1,Team 1 (N/S),67,53,38,♠,finished,2026-05-18T16:07:23.412635+00:00
8087,INPROC_1EB36B,1,10,team1,Team 1 (N/S),66,54,18,♦,finished,2026-05-18T16:07:23.426871+00:00
8088,INPROC_EFB777,1,10,team1,Team 1 (N/S),62,58,6,♣,finished,2026-05-18T16:07:23.444048+00:00
8089,INPROC_BD66FF,1,10,team2,Team 2 (E/W),58,62,1,♣,finished,2026-05-18T16:07:23.459613+00:00
8090,INPROC_A2E93D,1,10,team2,Team 2 (E/W),30,90,27,♥,finished,2026-05-18T16:07:23.476681+00:00
8091,INPROC_4252E1,1,10,team1,Team 1 (N/S),68,52,24,♥,finished,2026-05-18T16:07:23.486554+00:00
8092,INPROC_AD3701,1,10,team2,Team 2 (E/W),51,69,36,♠,finished,2026-05-18T16:07:23.498408+00:00
8093,INPROC_93ABF6,1,10,team2,Team 2 (E/W),45,75,7,♣,finished,2026-05-18T16:07:23.508941+00:00
8094,INPROC_21C41D,1,10,team1,Team 1 (N/S),62,58,5,♣,finished,2026-05-18T16:07:23.522514+00:00
8095,INPROC_B247FC,1,10,team1,Team 1 (N/S),61,59,22,♥,finished,2026-05-18T16:07:23.537794+00:00
8096,INPROC_8B0C4F,1,10,team1,Team 1 (N/S),87,33,31,♠,finished,2026-05-18T16:07:23.552727+00:00
8097,INPROC_2B5151,1,10,team2,Team 2 (E/W),58,62,5,♣,finished,2026-05-18T16:07:23.567824+00:00
8098,INPROC_BCA0D7,1,10,team2,Team 2 (E/W),24,96,23,♥,finished,2026-05-18T16:07:23.585645+00:00
8099,INPROC_6F382D,1,10,team2,Team 2 (E/W),47,73,5,♣,finished,2026-05-18T16:07:23.601837+00:00
8100,INPROC_1DB3D9,1,10,team2,Team 2 (E/W),28,92,2,♣,finished,2026-05-18T16:07:23.616405+00:00
8101,INPROC_BCF08F,1,10,team2,Team 2 (E/W),54,66,9,♣,finished,2026-05-18T16:07:23.630048+00:00
8102,INPROC_35260F,1,10,team2,Team 2 (E/W),29,91,18,♦,finished,2026-05-18T16:07:23.642763+00:00
8103,INPROC_0409AA,1,10,team2,Team 2 (E/W),35,85,16,♦,finished,2026-05-18T16:07:23.657073+00:00
8104,INPROC_4F0A31,1,10,team1,Team 1 (N/S),89,31,5,♣,finished,2026-05-18T16:07:23.672083+00:00
8105,INPROC_F597E8,1,10,team1,Team 1 (N/S),74,46,15,♦,finished,2026-05-18T16:07:23.687050+00:00
8106,INPROC_782D31,1,10,team1,Team 1 (N/S),82,38,23,♥,finished,2026-05-18T16:07:23.702310+00:00
8107,INPROC_25390D,1,10,team2,Team 2 (E/W),41,79,1,♣,finished,2026-05-18T16:07:23.716935+00:00
8108,INPROC_7D1A85,1,10,team1,Team 1 (N/S),64,56,13,♦,finished,2026-05-18T16:07:23.731989+00:00
8109,INPROC_1A1FD2,1,10,team1,Team 1 (N/S),81,39,2,♣,finished,2026-05-18T16:07:23.744286+00:00
8110,INPROC_DB2685,1,10,team1,Team 1 (N/S),68,52,8,♣,finished,2026-05-18T16:07:23.757669+00:00
8111,INPROC_99B81D,1,10,team1,Team 1 (N/S),65,55,5,♣,finished,2026-05-18T16:07:23.771383+00:00
8112,INPROC_AAEF3F,1,10,team1,Team 1 (N/S),68,52,0,♣,finished,2026-05-18T16:07:23.786797+00:00
8113,INPROC_8B88C4,1,10,team1,Team 1 (N/S),63,57,19,♦,finished,2026-05-18T16:07:23.795527+00:00
8114,INPROC_0980D9,1,10,team1,Team 1 (N/S),97,23,33,♠,finished,2026-05-18T16:07:23.810041+00:00
8115,INPROC_AC3F0D,1,10,team1,Team 1 (N/S),75,45,12,♦,finished,2026-05-18T16:07:23.824800+00:00
8116,INPROC_BD78D9,1,10,team2,Team 2 (E/W),55,65,34,♠,finished,2026-05-18T16:07:23.839129+00:00
8117,INPROC_3DF81E,1,10,team1,Team 1 (N/S),83,37,39,♠,finished,2026-05-18T16:07:23.852377+00:00
8118,INPROC_2F9DD8,1,10,team2,Team 2 (E/W),33,87,17,♦,finished,2026-05-18T16:07:23.869854+00:00
8119,INPROC_95A257,1,10,team2,Team 2 (E/W),58,62,31,♠,finished,2026-05-18T16:07:23.885119+00:00
8120,INPROC_1DE478,1,10,team2,Team 2 (E/W),49,71,16,♦,finished,2026-05-18T16:07:23.900002+00:00
8121,INPROC_4F5201,1,10,team2,Team 2 (E/W),22,98,27,♥,finished,2026-05-18T16:07:23.915351+00:00
8122,INPROC_6C5C8D,1,10,team1,Team 1 (N/S),72,48,21,♥,finished,2026-05-18T16:07:23.932851+00:00
8123,INPROC_4F0B56,1,10,team2,Team 2 (E/W),12,108,31,♠,finished,2026-05-18T16:07:23.950266+00:00
8124,INPROC_59E944,1,10,team1,Team 1 (N/S),98,22,7,♣,finished,2026-05-18T16:07:23.965609+00:00
8125,INPROC_B7204C,1,10,team1,Team 1 (N/S),63,57,20,♥,finished,2026-05-18T16:07:23.981267+00:00
8126,INPROC_A4CCB9,1,10,team2,Team 2 (E/W),28,92,29,♥,finished,2026-05-18T16:07:23.996845+00:00
8127,INPROC_303A50,1,10,team1,Team 1 (N/S),80,40,32,♠,finished,2026-05-18T16:07:24.012699+00:00
8128,INPROC_7F9F3F,1,10,team2,Team 2 (E/W),28,92,29,♥,finished,2026-05-18T16:07:24.031644+00:00
8129,INPROC_67B5FE,1,10,team2,Team 2 (E/W),30,90,12,♦,finished,2026-05-18T16:07:24.050364+00:00
8130,INPROC_8A265A,1,10,team2,Team 2 (E/W),58,62,35,♠,finished,2026-05-18T16:07:24.069997+00:00
8131,INPROC_DFC96A,1,10,team2,Team 2 (E/W),59,61,29,♥,finished,2026-05-18T16:07:24.090622+00:00
8132,INPROC_A8B795,1,10,team2,Team 2 (E/W),52,68,4,♣,finished,2026-05-18T16:07:24.109605+00:00
8133,INPROC_C470E9,1,10,team1,Team 1 (N/S),73,47,2,♣,finished,2026-05-18T16:07:24.127860+00:00
8134,INPROC_FFD9E6,1,10,team2,Team 2 (E/W),57,63,39,♠,finished,2026-05-18T16:07:24.143677+00:00
8135,INPROC_1891C8,1,10,team2,Team 2 (E/W),51,69,8,♣,finished,2026-05-18T16:07:24.153727+00:00
8136,INPROC_285C96,1,10,team1,Team 1 (N/S),67,53,10,♦,finished,2026-05-18T16:07:24.166275+00:00
8137,INPROC_8DF3E1,1,10,team1,Team 1 (N/S),72,48,20,♥,finished,2026-05-18T16:07:24.182034+00:00
8138,INPROC_E4F85A,1,10,team2,Team 2 (E/W),58,62,35,♠,finished,2026-05-18T16:07:24.195813+00:00
8139,INPROC_F6BAEF,1,10,team2,Team 2 (E/W),21,99,26,♥,finished,2026-05-18T16:07:24.210901+00:00
8140,INPROC_1B2CF1,1,10,team2,Team 2 (E/W),35,85,34,♠,finished,2026-05-18T16:07:24.223237+00:00
8141,INPROC_A579DA,1,10,team1,Team 1 (N/S),96,24,24,♥,finished,2026-05-18T16:07:24.237651+00:00
8142,INPROC_EC70D0,1,10,team2,Team 2 (E/W),25,95,21,♥,finished,2026-05-18T16:07:24.252755+00:00
8143,INPROC_C215ED,1,10,team2,Team 2 (E/W),43,77,17,♦,finished,2026-05-18T16:07:24.269105+00:00
8144,INPROC_433ADC,1,10,team1,Team 1 (N/S),104,16,13,♦,finished,2026-05-18T16:07:24.286951+00:00
8145,INPROC_34157C,1,10,team2,Team 2 (E/W),37,83,38,♠,finished,2026-05-18T16:07:24.302266+00:00
8146,INPROC_80D3CF,1,10,team1,Team 1 (N/S),64,56,8,♣,finished,2026-05-18T16:07:24.316748+00:00
8147,INPROC_963980,1,10,team2,Team 2 (E/W),59,61,22,♥,finished,2026-05-18T16:07:24.333935+00:00
8148,INPROC_21F494,1,10,team1,Team 1 (N/S),74,46,15,♦,finished,2026-05-18T16:07:24.350546+00:00
8149,INPROC_977F3D,1,10,team2,Team 2 (E/W),56,64,31,♠,finished,2026-05-18T16:07:24.366421+00:00
8150,INPROC_C80BDA,1,10,team2,Team 2 (E/W),47,73,18,♦,finished,2026-05-18T16:07:24.381777+00:00
8151,INPROC_E263DE,1,10,team2,Team 2 (E/W),17,103,36,♠,finished,2026-05-18T16:07:24.397905+00:00
8152,INPROC_C9F1B5,1,10,team1,Team 1 (N/S),88,32,3,♣,finished,2026-05-18T16:07:24.411767+00:00
8153,INPROC_62FFC9,1,10,team2,Team 2 (E/W),37,83,1,♣,finished,2026-05-18T16:07:24.428359+00:00
8154,INPROC_326ECA,1,10,team2,Team 2 (E/W),56,64,17,♦,finished,2026-05-18T16:07:24.446562+00:00
8155,INPROC_DA3702,1,10,team2,Team 2 (E/W),40,80,4,♣,finished,2026-05-18T16:07:24.464719+00:00
8156,INPROC_721E33,1,10,team2,Team 2 (E/W),56,64,14,♦,finished,2026-05-18T16:07:24.481961+00:00
8157,INPROC_8964E7,1,10,team2,Team 2 (E/W),40,80,7,♣,finished,2026-05-18T16:07:24.496551+00:00
8158,INPROC_492465,1,10,team2,Team 2 (E/W),55,65,25,♥,finished,2026-05-18T16:07:24.511972+00:00
8159,INPROC_02A03E,1,10,team2,Team 2 (E/W),32,88,0,♣,finished,2026-05-18T16:07:24.528805+00:00
8160,INPROC_20EF49,1,10,team1,Team 1 (N/S),103,17,34,♠,finished,2026-05-18T16:07:24.544620+00:00
8161,INPROC_31C252,1,10,team2,Team 2 (E/W),21,99,19,♦,finished,2026-05-18T16:07:24.561998+00:00
8162,INPROC_3FCE24,1,10,team1,Team 1 (N/S),98,22,14,♦,finished,2026-05-18T16:07:24.570546+00:00
8163,INPROC_F5B620,1,10,team2,Team 2 (E/W),50,70,31,♠,finished,2026-05-18T16:07:24.583142+00:00
8164,INPROC_F9998E,1,10,team1,Team 1 (N/S),74,46,39,♠,finished,2026-05-18T16:07:24.596433+00:00
8165,INPROC_B9FB0E,1,10,team2,Team 2 (E/W),54,66,18,♦,finished,2026-05-18T16:07:24.610933+00:00
8166,INPROC_D7B8E4,1,10,team2,Team 2 (E/W),0,120,35,♠,finished,2026-05-18T16:07:24.625782+00:00
8167,INPROC_DC0EAA,1,10,team2,Team 2 (E/W),59,61,4,♣,finished,2026-05-18T16:07:24.642619+00:00
8168,INPROC_E2346E,1,10,team2,Team 2 (E/W),21,99,0,♣,finished,2026-05-18T16:07:24.657801+00:00
8169,INPROC_E5BE6F,1,10,team1,Team 1 (N/S),109,11,20,♥,finished,2026-05-18T16:07:24.665827+00:00
8170,INPROC_DDC7B6,1,10,team1,Team 1 (N/S),69,51,4,♣,finished,2026-05-18T16:07:24.677671+00:00
8171,INPROC_F0EE8E,1,10,team1,Team 1 (N/S),97,23,14,♦,finished,2026-05-18T16:07:24.685916+00:00
8172,INPROC_EFF1E9,1,10,team1,Team 1 (N/S),102,18,33,♠,finished,2026-05-18T16:07:24.698775+00:00
8173,INPROC_C4813F,1,10,team2,Team 2 (E/W),44,76,24,♥,finished,2026-05-18T16:07:24.711464+00:00
8174,INPROC_E4FEDC,1,10,team1,Team 1 (N/S),83,37,12,♦,finished,2026-05-18T16:07:24.727460+00:00
8175,INPROC_36459D,1,10,team2,Team 2 (E/W),34,86,26,♥,finished,2026-05-18T16:07:24.741452+00:00
8176,INPROC_8595AC,1,10,team1,Team 1 (N/S),71,49,21,♥,finished,2026-05-18T16:07:24.756481+00:00
8177,INPROC_7DC8F1,1,10,team2,Team 2 (E/W),46,74,15,♦,finished,2026-05-18T16:07:24.771587+00:00
8178,INPROC_736E86,1,10,team2,Team 2 (E/W),42,78,28,♥,finished,2026-05-18T16:07:24.788849+00:00
8179,INPROC_64A37E,1,10,team1,Team 1 (N/S),107,13,3,♣,finished,2026-05-18T16:07:24.805700+00:00
8180,INPROC_C516EC,1,10,team2,Team 2 (E/W),4,116,1,♣,finished,2026-05-18T16:07:24.822607+00:00
8181,INPROC_A69EE0,1,10,team2,Team 2 (E/W),37,83,4,♣,finished,2026-05-18T16:07:24.838688+00:00
8182,INPROC_CDA90C,1,10,team2,Team 2 (E/W),29,91,18,♦,finished,2026-05-18T16:07:24.855121+00:00
8183,INPROC_D9B3A2,1,10,team2,Team 2 (E/W),58,62,26,♥,finished,2026-05-18T16:07:24.872258+00:00
8184,INPROC_CB9925,1,10,team2,Team 2 (E/W),56,64,38,♠,finished,2026-05-18T16:07:24.887848+00:00
8185,INPROC_87C497,1,10,team1,Team 1 (N/S),70,50,27,♥,finished,2026-05-18T16:07:24.903987+00:00
8186,INPROC_450227,1,10,team1,Team 1 (N/S),75,45,14,♦,finished,2026-05-18T16:07:24.917904+00:00
8187,INPROC_0E8B26,1,10,team1,Team 1 (N/S),73,47,10,♦,finished,2026-05-18T16:07:24.932149+00:00
8188,INPROC_46467D,1,10,team1,Team 1 (N/S),101,19,35,♠,finished,2026-05-18T16:07:24.943960+00:00
8189,INPROC_2DF3F7,1,10,team2,Team 2 (E/W),27,93,12,♦,finished,2026-05-18T16:07:24.954924+00:00
8190,INPROC_1888A2,1,10,team1,Team 1 (N/S),84,36,28,♥,finished,2026-05-18T16:07:24.967891+00:00
8191,INPROC_107818,1,10,team2,Team 2 (E/W),25,95,18,♦,finished,2026-05-18T16:07:24.983312+00:00
8192,INPROC_9C9503,1,10,team1,Team 1 (N/S),72,48,22,♥,finished,2026-05-18T16:07:24.997078+00:00
8193,INPROC_E17F00,1,10,team1,Team 1 (N/S),83,37,20,♥,finished,2026-05-18T16:07:25.010925+00:00
8194,INPROC_BF5001,1,10,team1,Team 1 (N/S),97,23,32,♠,finished,2026-05-18T16:07:25.025189+00:00
8195,INPROC_FEF6AB,1,10,team1,Team 1 (N/S),66,54,34,♠,finished,2026-05-18T16:07:25.041561+00:00
8196,INPROC_BEEFA9,1,10,team1,Team 1 (N/S),69,51,37,♠,finished,2026-05-18T16:07:25.056156+00:00
8197,INPROC_8B6EF2,1,10,team1,Team 1 (N/S),77,43,10,♦,finished,2026-05-18T16:07:25.068187+00:00
8198,INPROC_9FA418,1,10,team2,Team 2 (E/W),51,69,2,♣,finished,2026-05-18T16:07:25.082628+00:00
8199,INPROC_705CA5,1,10,team2,Team 2 (E/W),29,91,11,♦,finished,2026-05-18T16:07:25.098585+00:00
8200,INPROC_D2BED1,1,10,team1,Team 1 (N/S),87,33,32,♠,finished,2026-05-18T16:07:25.112714+00:00
8201,INPROC_8677B1,1,10,team2,Team 2 (E/W),57,63,9,♣,finished,2026-05-18T16:07:25.127517+00:00
8202,INPROC_6D9254,1,10,team1,Team 1 (N/S),75,45,36,♠,finished,2026-05-18T16:07:25.141156+00:00
8203,INPROC_6DBEC4,1,10,team2,Team 2 (E/W),31,89,36,♠,finished,2026-05-18T16:07:25.157071+00:00
8204,INPROC_EE243E,1,10,team1,Team 1 (N/S),73,47,20,♥,finished,2026-05-18T16:07:25.172376+00:00
8205,INPROC_895C68,1,10,team1,Team 1 (N/S),120,0,12,♦,finished,2026-05-18T16:07:25.184148+00:00
8206,INPROC_66999D,1,10,team2,Team 2 (E/W),49,71,13,♦,finished,2026-05-18T16:07:25.197726+00:00
8207,INPROC_AC36B0,1,10,team1,Team 1 (N/S),71,49,22,♥,finished,2026-05-18T16:07:25.210372+00:00
8208,INPROC_03DD24,1,10,team1,Team 1 (N/S),61,59,5,♣,finished,2026-05-18T16:07:25.227717+00:00
8209,INPROC_C57700,1,10,team2,Team 2 (E/W),26,94,22,♥,finished,2026-05-18T16:07:25.247255+00:00
8210,INPROC_CA0E48,1,10,team2,Team 2 (E/W),57,63,4,♣,finished,2026-05-18T16:07:25.265723+00:00
8211,INPROC_7285CC,1,10,team2,Team 2 (E/W),45,75,6,♣,finished,2026-05-18T16:07:25.281320+00:00
8212,INPROC_278635,1,10,team2,Team 2 (E/W),54,66,0,♣,finished,2026-05-18T16:07:25.295252+00:00
8213,INPROC_E9A237,1,10,team2,Team 2 (E/W),33,87,24,♥,finished,2026-05-18T16:07:25.312662+00:00
8214,INPROC_53473A,1,10,team2,Team 2 (E/W),31,89,17,♦,finished,2026-05-18T16:07:25.329624+00:00
8215,INPROC_953DF7,1,10,team2,Team 2 (E/W),49,71,34,♠,finished,2026-05-18T16:07:25.343505+00:00
8216,INPROC_6651D1,1,10,team1,Team 1 (N/S),80,40,39,♠,finished,2026-05-18T16:07:25.359599+00:00
8217,INPROC_A16C27,1,10,team2,Team 2 (E/W),51,69,34,♠,finished,2026-05-18T16:07:25.376606+00:00
8218,INPROC_B02A4B,1,10,team1,Team 1 (N/S),63,57,28,♥,finished,2026-05-18T16:07:25.391992+00:00
8219,INPROC_9E998F,1,10,team1,Team 1 (N/S),63,57,5,♣,finished,2026-05-18T16:07:25.409715+00:00
8220,INPROC_D5BAFB,1,10,team2,Team 2 (E/W),8,112,22,♥,finished,2026-05-18T16:07:25.425585+00:00
8221,INPROC_D6012F,1,10,team2,Team 2 (E/W),25,95,5,♣,finished,2026-05-18T16:07:25.442121+00:00
8222,INPROC_EFE254,1,10,team2,Team 2 (E/W),9,111,37,♠,finished,2026-05-18T16:07:25.458760+00:00
8223,INPROC_D4BF55,1,10,team1,Team 1 (N/S),70,50,35,♠,finished,2026-05-18T16:07:25.473618+00:00
8224,INPROC_1A61BE,1,10,team2,Team 2 (E/W),51,69,18,♦,finished,2026-05-18T16:07:25.490955+00:00
8225,INPROC_EBA64B,1,10,team1,Team 1 (N/S),75,45,26,♥,finished,2026-05-18T16:07:25.506564+00:00
8226,INPROC_ABE985,1,10,team2,Team 2 (E/W),36,84,12,♦,finished,2026-05-18T16:07:25.523431+00:00
8227,INPROC_C49D53,1,10,team1,Team 1 (N/S),82,38,38,♠,finished,2026-05-18T16:07:25.540373+00:00
8228,INPROC_B1A13A,1,10,team2,Team 2 (E/W),27,93,29,♥,finished,2026-05-18T16:07:25.555691+00:00
8229,INPROC_B7BD32,1,10,team1,Team 1 (N/S),70,50,28,♥,finished,2026-05-18T16:07:25.572991+00:00
8230,INPROC_6727FB,1,10,team1,Team 1 (N/S),88,32,5,♣,finished,2026-05-18T16:07:25.589165+00:00
8231,INPROC_00E56A,1,10,team1,Team 1 (N/S),86,34,31,♠,finished,2026-05-18T16:07:25.602593+00:00
8232,INPROC_D91629,1,10,team1,Team 1 (N/S),76,44,6,♣,finished,2026-05-18T16:07:25.616254+00:00
8233,INPROC_0ED82E,1,10,team1,Team 1 (N/S),70,50,26,♥,finished,2026-05-18T16:07:25.648006+00:00
8234,INPROC_7B9E9D,1,10,team2,Team 2 (E/W),36,84,3,♣,finished,2026-05-18T16:07:25.657986+00:00
8235,INPROC_86DC8A,1,10,team1,Team 1 (N/S),95,25,7,♣,finished,2026-05-18T16:07:25.668041+00:00
8236,INPROC_2B5DCD,1,10,team1,Team 1 (N/S),85,35,32,♠,finished,2026-05-18T16:07:25.679826+00:00
8237,INPROC_AB61C4,1,10,team2,Team 2 (E/W),47,73,32,♠,finished,2026-05-18T16:07:25.695058+00:00
8238,INPROC_04D535,1,10,team2,Team 2 (E/W),55,65,33,♠,finished,2026-05-18T16:07:25.710356+00:00
8239,INPROC_687656,1,10,team1,Team 1 (N/S),80,40,9,♣,finished,2026-05-18T16:07:25.719997+00:00
8240,INPROC_E5E794,1,10,team1,Team 1 (N/S),63,57,0,♣,finished,2026-05-18T16:07:25.733206+00:00
8241,INPROC_380547,1,10,team1,Team 1 (N/S),61,59,16,♦,finished,2026-05-18T16:07:25.746165+00:00
8242,INPROC_E45E27,1,10,team2,Team 2 (E/W),54,66,34,♠,finished,2026-05-18T16:07:25.761387+00:00
8243,INPROC_225700,1,10,team1,Team 1 (N/S),65,55,34,♠,finished,2026-05-18T16:07:25.777279+00:00
8244,INPROC_D97EF9,1,10,team2,Team 2 (E/W),43,77,39,♠,finished,2026-05-18T16:07:25.792377+00:00
8245,INPROC_3FE731,1,10,team1,Team 1 (N/S),102,18,6,♣,finished,2026-05-18T16:07:25.807641+00:00
8246,INPROC_ACE20F,1,10,team1,Team 1 (N/S),74,46,19,♦,finished,2026-05-18T16:07:25.824554+00:00
8247,INPROC_D84520,1,10,team1,Team 1 (N/S),87,33,15,♦,finished,2026-05-18T16:07:25.839269+00:00
8248,INPROC_6620D3,1,10,team1,Team 1 (N/S),66,54,9,♣,finished,2026-05-18T16:07:25.856123+00:00
8249,INPROC_16762A,1,10,team1,Team 1 (N/S),80,40,15,♦,finished,2026-05-18T16:07:25.871879+00:00
8250,INPROC_C144E5,1,10,team2,Team 2 (E/W),34,86,31,♠,finished,2026-05-18T16:07:25.888711+00:00
8251,INPROC_8DDE27,1,10,team2,Team 2 (E/W),36,84,39,♠,finished,2026-05-18T16:07:25.904158+00:00
8252,INPROC_EFDF26,1,10,team2,Team 2 (E/W),35,85,8,♣,finished,2026-05-18T16:07:25.917606+00:00
8253,INPROC_FF8E4F,1,10,team1,Team 1 (N/S),78,42,17,♦,finished,2026-05-18T16:07:25.930491+00:00
8254,INPROC_7CEEE0,1,10,team2,Team 2 (E/W),35,85,22,♥,finished,2026-05-18T16:07:25.943929+00:00
8255,INPROC_C04CC4,1,10,team2,Team 2 (E/W),35,85,30,♠,finished,2026-05-18T16:07:25.959081+00:00
8256,INPROC_EF9F3F,1,10,team2,Team 2 (E/W),22,98,21,♥,finished,2026-05-18T16:07:25.971892+00:00
8257,INPROC_3A288B,1,10,team2,Team 2 (E/W),53,67,2,♣,finished,2026-05-18T16:07:25.986437+00:00
8258,INPROC_C70A8B,1,10,team2,Team 2 (E/W),38,82,38,♠,finished,2026-05-18T16:07:26.001301+00:00
8259,INPROC_291D38,1,10,team1,Team 1 (N/S),83,37,27,♥,finished,2026-05-18T16:07:26.019232+00:00
8260,INPROC_FF7610,1,10,team2,Team 2 (E/W),57,63,25,♥,finished,2026-05-18T16:07:26.035573+00:00
8261,INPROC_DEBA93,1,10,team2,Team 2 (E/W),54,66,13,♦,finished,2026-05-18T16:07:26.051611+00:00
8262,INPROC_99A2BF,1,10,team1,Team 1 (N/S),80,40,27,♥,finished,2026-05-18T16:07:26.067577+00:00
8263,INPROC_0C8013,1,10,team2,Team 2 (E/W),4,116,12,♦,finished,2026-05-18T16:07:26.082379+00:00
8264,INPROC_7B85D9,1,10,team1,Team 1 (N/S),73,47,18,♦,finished,2026-05-18T16:07:26.099507+00:00
8265,INPROC_42731F,1,10,team2,Team 2 (E/W),45,75,16,♦,finished,2026-05-18T16:07:26.107842+00:00
8266,INPROC_06CA22,1,10,team1,Team 1 (N/S),94,26,24,♥,finished,2026-05-18T16:07:26.124564+00:00
8267,INPROC_7BDF1B,1,10,team2,Team 2 (E/W),21,99,32,♠,finished,2026-05-18T16:07:26.143749+00:00
8268,INPROC_3ADA24,1,10,team2,Team 2 (E/W),59,61,0,♣,finished,2026-05-18T16:07:26.160214+00:00
8269,INPROC_B969D4,1,10,team2,Team 2 (E/W),41,79,19,♦,finished,2026-05-18T16:07:26.178706+00:00
8270,INPROC_7A4BA3,1,10,team2,Team 2 (E/W),16,104,16,♦,finished,2026-05-18T16:07:26.199276+00:00
8271,INPROC_FABC41,1,10,team1,Team 1 (N/S),74,46,35,♠,finished,2026-05-18T16:07:26.216050+00:00
8272,INPROC_54D369,1,10,team2,Team 2 (E/W),49,71,18,♦,finished,2026-05-18T16:07:26.233621+00:00
8273,INPROC_3AB8CA,1,10,team1,Team 1 (N/S),78,42,17,♦,finished,2026-05-18T16:07:26.252201+00:00
8274,INPROC_96EAFB,1,10,team2,Team 2 (E/W),34,86,19,♦,finished,2026-05-18T16:07:26.273233+00:00
8275,INPROC_FE85E3,1,10,team2,Team 2 (E/W),29,91,18,♦,finished,2026-05-18T16:07:26.294329+00:00
8276,INPROC_0B5E56,1,10,team1,Team 1 (N/S),88,32,10,♦,finished,2026-05-18T16:07:26.312097+00:00
8277,INPROC_18E973,1,10,team1,Team 1 (N/S),88,32,32,♠,finished,2026-05-18T16:07:26.327857+00:00
8278,INPROC_DF753D,1,10,team1,Team 1 (N/S),68,52,20,♥,finished,2026-05-18T16:07:26.343310+00:00
8279,INPROC_CE8CE2,1,10,team2,Team 2 (E/W),22,98,20,♥,finished,2026-05-18T16:07:26.359220+00:00
8280,INPROC_F604FA,1,10,team1,Team 1 (N/S),63,57,6,♣,finished,2026-05-18T16:07:26.375233+00:00
8281,INPROC_868F7E,1,10,team2,Team 2 (E/W),59,61,15,♦,finished,2026-05-18T16:07:26.389346+00:00
8282,INPROC_946E64,1,10,team1,Team 1 (N/S),62,58,37,♠,finished,2026-05-18T16:07:26.406911+00:00
8283,INPROC_231614,1,10,team2,Team 2 (E/W),50,70,9,♣,finished,2026-05-18T16:07:26.421654+00:00
8284,INPROC_4C7860,1,10,team2,Team 2 (E/W),24,96,11,♦,finished,2026-05-18T16:07:26.438208+00:00
8285,INPROC_E99F68,1,10,team2,Team 2 (E/W),17,103,38,♠,finished,2026-05-18T16:07:26.454407+00:00
8286,INPROC_EBF777,1,10,team2,Team 2 (E/W),47,73,12,♦,finished,2026-05-18T16:07:26.469444+00:00
8287,INPROC_39E4F6,1,10,team2,Team 2 (E/W),47,73,33,♠,finished,2026-05-18T16:07:26.484407+00:00
8288,INPROC_B1B605,1,10,team2,Team 2 (E/W),46,74,26,♥,finished,2026-05-18T16:07:26.497540+00:00
8289,INPROC_ACE7A5,1,10,team1,Team 1 (N/S),69,51,25,♥,finished,2026-05-18T16:07:26.509630+00:00
8290,INPROC_F43954,1,10,team1,Team 1 (N/S),64,56,26,♥,finished,2026-05-18T16:07:26.522289+00:00
8291,INPROC_BC93EF,1,10,team2,Team 2 (E/W),28,92,32,♠,finished,2026-05-18T16:07:26.536226+00:00
8292,INPROC_300D65,1,10,team2,Team 2 (E/W),53,67,14,♦,finished,2026-05-18T16:07:26.550496+00:00
8293,INPROC_7B55DE,1,10,team1,Team 1 (N/S),77,43,14,♦,finished,2026-05-18T16:07:26.566981+00:00
8294,INPROC_A40C3F,1,10,team2,Team 2 (E/W),42,78,32,♠,finished,2026-05-18T16:07:26.581423+00:00
8295,INPROC_20BC75,1,10,team2,Team 2 (E/W),39,81,28,♥,finished,2026-05-18T16:07:26.596335+00:00
8296,INPROC_C09DF7,1,10,team2,Team 2 (E/W),17,103,5,♣,finished,2026-05-18T16:07:26.611077+00:00
8297,INPROC_4B5C30,1,10,team2,Team 2 (E/W),33,87,0,♣,finished,2026-05-18T16:07:26.623902+00:00
8298,INPROC_8DB0D0,1,10,team1,Team 1 (N/S),82,38,15,♦,finished,2026-05-18T16:07:26.637476+00:00
8299,INPROC_D333A0,1,10,team2,Team 2 (E/W),43,77,4,♣,finished,2026-05-18T16:07:26.651053+00:00
8300,INPROC_EF68D4,1,10,team1,Team 1 (N/S),66,54,28,♥,finished,2026-05-18T16:07:26.665745+00:00
8301,INPROC_B692C8,1,10,team2,Team 2 (E/W),50,70,11,♦,finished,2026-05-18T16:07:26.681832+00:00
8302,INPROC_DB5DA4,1,10,team1,Team 1 (N/S),89,31,13,♦,finished,2026-05-18T16:07:26.694891+00:00
8303,INPROC_4B4CBA,1,10,team1,Team 1 (N/S),65,55,33,♠,finished,2026-05-18T16:07:26.710975+00:00
8304,INPROC_4F40C0,1,10,team2,Team 2 (E/W),56,64,7,♣,finished,2026-05-18T16:07:26.728041+00:00
8305,INPROC_17C808,1,10,team1,Team 1 (N/S),78,42,11,♦,finished,2026-05-18T16:07:26.742966+00:00
8306,INPROC_E1934B,1,10,team2,Team 2 (E/W),22,98,21,♥,finished,2026-05-18T16:07:26.761069+00:00
8307,INPROC_645F71,1,10,team1,Team 1 (N/S),70,50,21,♥,finished,2026-05-18T16:07:26.778848+00:00
8308,INPROC_90C35F,1,10,team2,Team 2 (E/W),57,63,20,♥,finished,2026-05-18T16:07:26.798585+00:00
8309,INPROC_879A22,1,10,team2,Team 2 (E/W),41,79,17,♦,finished,2026-05-18T16:07:26.813767+00:00
8310,INPROC_2ED04D,1,10,team1,Team 1 (N/S),68,52,3,♣,finished,2026-05-18T16:07:26.829930+00:00
8311,INPROC_D248A3,1,10,team1,Team 1 (N/S),70,50,28,♥,finished,2026-05-18T16:07:26.847226+00:00
8312,INPROC_268E0E,1,10,team2,Team 2 (E/W),45,75,34,♠,finished,2026-05-18T16:07:26.862378+00:00
8313,INPROC_2E0299,1,10,team2,Team 2 (E/W),59,61,5,♣,finished,2026-05-18T16:07:26.879339+00:00
8314,INPROC_01563D,1,10,team2,Team 2 (E/W),13,107,39,♠,finished,2026-05-18T16:07:26.895666+00:00
8315,INPROC_800A45,1,10,team1,Team 1 (N/S),74,46,12,♦,finished,2026-05-18T16:07:26.911328+00:00
8316,INPROC_A86A94,1,10,team2,Team 2 (E/W),41,79,6,♣,finished,2026-05-18T16:07:26.928819+00:00
8317,INPROC_14535C,1,10,team2,Team 2 (E/W),46,74,3,♣,finished,2026-05-18T16:07:26.943952+00:00
8318,INPROC_B6FFE7,1,10,team1,Team 1 (N/S),83,37,0,♣,finished,2026-05-18T16:07:26.958254+00:00
8319,INPROC_3D3704,1,10,team1,Team 1 (N/S),64,56,2,♣,finished,2026-05-18T16:07:26.973632+00:00
8320,INPROC_205E67,1,10,team1,Team 1 (N/S),65,55,19,♦,finished,2026-05-18T16:07:26.991802+00:00
8321,INPROC_BA08CA,1,10,team1,Team 1 (N/S),92,28,10,♦,finished,2026-05-18T16:07:27.009239+00:00
8322,INPROC_6D2AEA,1,10,team1,Team 1 (N/S),65,55,22,♥,finished,2026-05-18T16:07:27.024361+00:00
8323,INPROC_9E1D7B,1,10,team2,Team 2 (E/W),34,86,17,♦,finished,2026-05-18T16:07:27.040362+00:00
8324,INPROC_49E9BD,1,10,team2,Team 2 (E/W),59,61,12,♦,finished,2026-05-18T16:07:27.056196+00:00
8325,INPROC_CF6C75,1,10,team2,Team 2 (E/W),54,66,34,♠,finished,2026-05-18T16:07:27.071445+00:00
8326,INPROC_6D39D4,1,10,team2,Team 2 (E/W),43,77,9,♣,finished,2026-05-18T16:07:27.087760+00:00
8327,INPROC_EF9A93,1,10,team2,Team 2 (E/W),41,79,10,♦,finished,2026-05-18T16:07:27.103104+00:00
8328,INPROC_C48AFE,1,10,team2,Team 2 (E/W),52,68,14,♦,finished,2026-05-18T16:07:27.119253+00:00
8329,INPROC_02151D,1,10,team2,Team 2 (E/W),27,93,20,♥,finished,2026-05-18T16:07:27.136567+00:00
8330,INPROC_048B72,1,10,team2,Team 2 (E/W),48,72,4,♣,finished,2026-05-18T16:07:27.152845+00:00
8331,INPROC_E3C38A,1,10,team2,Team 2 (E/W),14,106,5,♣,finished,2026-05-18T16:07:27.169200+00:00
8332,INPROC_1F5A82,1,10,team1,Team 1 (N/S),90,30,31,♠,finished,2026-05-18T16:07:27.183550+00:00
8333,INPROC_70A455,1,10,team2,Team 2 (E/W),44,76,26,♥,finished,2026-05-18T16:07:27.200982+00:00
8334,INPROC_B55FE6,1,10,team2,Team 2 (E/W),48,72,16,♦,finished,2026-05-18T16:07:27.217637+00:00
8335,INPROC_96EFC3,1,10,team2,Team 2 (E/W),56,64,35,♠,finished,2026-05-18T16:07:27.234472+00:00
8336,INPROC_02FF6D,1,10,team1,Team 1 (N/S),61,59,8,♣,finished,2026-05-18T16:07:27.250371+00:00
8337,INPROC_A1E759,1,10,team1,Team 1 (N/S),95,25,3,♣,finished,2026-05-18T16:07:27.266600+00:00
8338,INPROC_A6B4FF,1,10,team2,Team 2 (E/W),23,97,29,♥,finished,2026-05-18T16:07:27.284482+00:00
8339,INPROC_19CEE7,1,10,team1,Team 1 (N/S),77,43,24,♥,finished,2026-05-18T16:07:27.304137+00:00
8340,INPROC_7948DF,1,10,team1,Team 1 (N/S),89,31,29,♥,finished,2026-05-18T16:07:27.320509+00:00
8341,INPROC_5B66F8,1,10,team2,Team 2 (E/W),46,74,12,♦,finished,2026-05-18T16:07:27.337036+00:00
8342,INPROC_B8F709,1,10,team2,Team 2 (E/W),34,86,23,♥,finished,2026-05-18T16:07:27.350306+00:00
8343,INPROC_48CC43,1,10,team2,Team 2 (E/W),41,79,38,♠,finished,2026-05-18T16:07:27.367085+00:00
8344,INPROC_90235D,1,10,team1,Team 1 (N/S),95,25,4,♣,finished,2026-05-18T16:07:27.384059+00:00
8345,INPROC_DFF194,1,10,team1,Team 1 (N/S),71,49,17,♦,finished,2026-05-18T16:07:27.401877+00:00
8346,INPROC_68F971,1,10,team2,Team 2 (E/W),48,72,16,♦,finished,2026-05-18T16:07:27.417587+00:00
8347,INPROC_FF1CFD,1,10,team2,Team 2 (E/W),33,87,7,♣,finished,2026-05-18T16:07:27.432399+00:00
8348,INPROC_D0C738,1,10,team2,Team 2 (E/W),34,86,12,♦,finished,2026-05-18T16:07:27.441881+00:00
8349,INPROC_F21034,1,10,team2,Team 2 (E/W),39,81,9,♣,finished,2026-05-18T16:07:27.459943+00:00
8350,INPROC_739F51,1,10,team2,Team 2 (E/W),24,96,10,♦,finished,2026-05-18T16:07:27.476245+00:00
8351,INPROC_D5C5AC,1,10,team1,Team 1 (N/S),120,0,21,♥,finished,2026-05-18T16:07:27.492599+00:00
8352,INPROC_A54043,1,10,team1,Team 1 (N/S),77,43,31,♠,finished,2026-05-18T16:07:27.508504+00:00
8353,INPROC_D68AC1,1,10,team2,Team 2 (E/W),28,92,37,♠,finished,2026-05-18T16:07:27.516453+00:00
8354,INPROC_AC25A2,1,10,team2,Team 2 (E/W),36,84,39,♠,finished,2026-05-18T16:07:27.528051+00:00
8355,INPROC_632B77,1,10,team1,Team 1 (N/S),65,55,6,♣,finished,2026-05-18T16:07:27.543227+00:00
8356,INPROC_7D87EF,1,10,team2,Team 2 (E/W),59,61,38,♠,finished,2026-05-18T16:07:27.560186+00:00
8357,INPROC_5CB3F7,1,10,team1,Team 1 (N/S),100,20,30,♠,finished,2026-05-18T16:07:27.569161+00:00
8358,INPROC_8C9390,1,10,team2,Team 2 (E/W),53,67,25,♥,finished,2026-05-18T16:07:27.583834+00:00
8359,INPROC_AA7902,1,10,team1,Team 1 (N/S),65,55,25,♥,finished,2026-05-18T16:07:27.599225+00:00
8360,INPROC_956635,1,10,team2,Team 2 (E/W),39,81,34,♠,finished,2026-05-18T16:07:27.616125+00:00
8361,INPROC_E58637,1,10,team1,Team 1 (N/S),89,31,15,♦,finished,2026-05-18T16:07:27.630520+00:00
8362,INPROC_C8B650,1,10,team2,Team 2 (E/W),28,92,19,♦,finished,2026-05-18T16:07:27.643669+00:00
8363,INPROC_CE55D2,1,10,team1,Team 1 (N/S),72,48,25,♥,finished,2026-05-18T16:07:27.656597+00:00
8364,INPROC_A27C64,1,10,team2,Team 2 (E/W),54,66,33,♠,finished,2026-05-18T16:07:27.672479+00:00
8365,INPROC_87AD60,1,10,team1,Team 1 (N/S),78,42,13,♦,finished,2026-05-18T16:07:27.687316+00:00
8366,INPROC_F6C4DD,1,10,team2,Team 2 (E/W),55,65,25,♥,finished,2026-05-18T16:07:27.707941+00:00
8367,INPROC_17ABB6,1,10,team1,Team 1 (N/S),72,48,12,♦,finished,2026-05-18T16:07:27.727107+00:00
8368,INPROC_893836,1,10,team2,Team 2 (E/W),25,95,34,♠,finished,2026-05-18T16:07:27.742165+00:00
8369,INPROC_F086AA,1,10,team2,Team 2 (E/W),54,66,19,♦,finished,2026-05-18T16:07:27.756345+00:00
8370,INPROC_41B578,1,10,team2,Team 2 (E/W),42,78,13,♦,finished,2026-05-18T16:07:27.771132+00:00
8371,INPROC_230ECE,1,10,team1,Team 1 (N/S),94,26,1,♣,finished,2026-05-18T16:07:27.788073+00:00
8372,INPROC_E07197,1,10,team2,Team 2 (E/W),26,94,29,♥,finished,2026-05-18T16:07:27.805198+00:00
8373,INPROC_9D8613,1,10,team1,Team 1 (N/S),89,31,10,♦,finished,2026-05-18T16:07:27.823769+00:00
8374,INPROC_E842AE,1,10,team1,Team 1 (N/S),71,49,0,♣,finished,2026-05-18T16:07:27.836612+00:00
8375,INPROC_392CD2,1,10,team1,Team 1 (N/S),72,48,18,♦,finished,2026-05-18T16:07:27.851287+00:00
8376,INPROC_9C0A3A,1,10,team2,Team 2 (E/W),50,70,0,♣,finished,2026-05-18T16:07:27.866698+00:00
8377,INPROC_0D7FFC,1,10,team2,Team 2 (E/W),13,107,3,♣,finished,2026-05-18T16:07:27.882891+00:00
8378,INPROC_7C699C,1,10,team1,Team 1 (N/S),66,54,1,♣,finished,2026-05-18T16:07:27.895872+00:00
8379,INPROC_9C935E,1,10,team1,Team 1 (N/S),65,55,0,♣,finished,2026-05-18T16:07:27.912223+00:00
8380,INPROC_E90CAD,1,10,team2,Team 2 (E/W),35,85,30,♠,finished,2026-05-18T16:07:27.921882+00:00
8381,INPROC_6631A1,1,10,team2,Team 2 (E/W),42,78,36,♠,finished,2026-05-18T16:07:27.933362+00:00
8382,INPROC_E62F4F,1,10,team2,Team 2 (E/W),37,83,18,♦,finished,2026-05-18T16:07:27.946910+00:00
8383,INPROC_86932D,1,10,team2,Team 2 (E/W),34,86,33,♠,finished,2026-05-18T16:07:27.957761+00:00
8384,INPROC_3AF654,1,10,team2,Team 2 (E/W),42,78,2,♣,finished,2026-05-18T16:07:27.967234+00:00
8385,INPROC_A02580,1,10,team1,Team 1 (N/S),100,20,30,♠,finished,2026-05-18T16:07:27.977624+00:00
8386,INPROC_B48036,1,10,team2,Team 2 (E/W),25,95,29,♥,finished,2026-05-18T16:07:27.994503+00:00
8387,INPROC_9397B6,1,10,team2,Team 2 (E/W),34,86,34,♠,finished,2026-05-18T16:07:28.012382+00:00
8388,INPROC_0E7FA8,1,10,team2,Team 2 (E/W),9,111,10,♦,finished,2026-05-18T16:07:28.028000+00:00
8389,INPROC_161668,1,10,team2,Team 2 (E/W),54,66,7,♣,finished,2026-05-18T16:07:28.042132+00:00
8390,INPROC_D5092A,1,10,team1,Team 1 (N/S),79,41,20,♥,finished,2026-05-18T16:07:28.058471+00:00
8391,INPROC_F1D711,1,10,team2,Team 2 (E/W),36,84,14,♦,finished,2026-05-18T16:07:28.075926+00:00
8392,INPROC_5F965D,1,10,team2,Team 2 (E/W),51,69,12,♦,finished,2026-05-18T16:07:28.090873+00:00
8393,INPROC_1144E9,1,10,team1,Team 1 (N/S),61,59,6,♣,finished,2026-05-18T16:07:28.105911+00:00
8394,INPROC_BFEACF,1,10,team2,Team 2 (E/W),14,106,10,♦,finished,2026-05-18T16:07:28.121347+00:00
8395,INPROC_427572,1,10,team2,Team 2 (E/W),41,79,39,♠,finished,2026-05-18T16:07:28.136709+00:00
8396,INPROC_D8EAE8,1,10,team2,Team 2 (E/W),35,85,19,♦,finished,2026-05-18T16:07:28.151362+00:00
8397,INPROC_26B92A,1,10,team1,Team 1 (N/S),71,49,20,♥,finished,2026-05-18T16:07:28.167068+00:00
8398,INPROC_9DE50E,1,10,team1,Team 1 (N/S),120,0,31,♠,finished,2026-05-18T16:07:28.183193+00:00
8399,INPROC_0F3355,1,10,team2,Team 2 (E/W),42,78,24,♥,finished,2026-05-18T16:07:28.198411+00:00
8400,INPROC_0E4380,1,10,team2,Team 2 (E/W),46,74,28,♥,finished,2026-05-18T16:07:28.215315+00:00
8401,INPROC_3C6676,1,10,team1,Team 1 (N/S),81,39,10,♦,finished,2026-05-18T16:07:28.230948+00:00
8402,INPROC_D573BD,1,10,team2,Team 2 (E/W),14,106,8,♣,finished,2026-05-18T16:07:28.246531+00:00
8403,INPROC_6AACCC,1,10,team1,Team 1 (N/S),81,39,25,♥,finished,2026-05-18T16:07:28.257284+00:00
8404,INPROC_87B0C2,1,10,team2,Team 2 (E/W),22,98,35,♠,finished,2026-05-18T16:07:28.269724+00:00
8405,INPROC_20B72A,1,10,team1,Team 1 (N/S),97,23,37,♠,finished,2026-05-18T16:07:28.286898+00:00
8406,INPROC_8F3290,1,10,team2,Team 2 (E/W),56,64,33,♠,finished,2026-05-18T16:07:28.301572+00:00
8407,INPROC_0F5891,1,10,team1,Team 1 (N/S),86,34,10,♦,finished,2026-05-18T16:07:28.317887+00:00
8408,INPROC_512C28,1,10,team2,Team 2 (E/W),30,90,1,♣,finished,2026-05-18T16:07:28.336298+00:00
8409,INPROC_866BC1,1,10,team2,Team 2 (E/W),33,87,7,♣,finished,2026-05-18T16:07:28.352197+00:00
8410,INPROC_AC23F1,1,10,team2,Team 2 (E/W),26,94,33,♠,finished,2026-05-18T16:07:28.365993+00:00
8411,INPROC_F21042,1,10,team2,Team 2 (E/W),26,94,30,♠,finished,2026-05-18T16:07:28.381747+00:00
8412,INPROC_53030A,1,10,team2,Team 2 (E/W),55,65,8,♣,finished,2026-05-18T16:07:28.397785+00:00
8413,INPROC_9C64B2,1,10,team2,Team 2 (E/W),30,90,29,♥,finished,2026-05-18T16:07:28.411998+00:00
8414,INPROC_C44AB3,1,10,team1,Team 1 (N/S),63,57,23,♥,finished,2026-05-18T16:07:28.428539+00:00
8415,INPROC_E78BA9,1,10,team1,Team 1 (N/S),70,50,33,♠,finished,2026-05-18T16:07:28.444080+00:00
8416,INPROC_07A22E,1,10,team1,Team 1 (N/S),79,41,35,♠,finished,2026-05-18T16:07:28.462821+00:00
8417,INPROC_CCC91C,1,10,team1,Team 1 (N/S),110,10,15,♦,finished,2026-05-18T16:07:28.479337+00:00
8418,INPROC_D547FE,1,10,team2,Team 2 (E/W),45,75,18,♦,finished,2026-05-18T16:07:28.494696+00:00
8419,INPROC_A7AACE,1,10,team1,Team 1 (N/S),88,32,37,♠,finished,2026-05-18T16:07:28.511255+00:00
8420,INPROC_54A085,1,10,team2,Team 2 (E/W),45,75,25,♥,finished,2026-05-18T16:07:28.525572+00:00
8421,INPROC_635815,1,10,team2,Team 2 (E/W),13,107,39,♠,finished,2026-05-18T16:07:28.540325+00:00
8422,INPROC_6E64CB,1,10,team2,Team 2 (E/W),58,62,28,♥,finished,2026-05-18T16:07:28.555174+00:00
8423,INPROC_AD1EC9,1,10,team2,Team 2 (E/W),35,85,34,♠,finished,2026-05-18T16:07:28.570647+00:00
8424,INPROC_4DA871,1,10,team1,Team 1 (N/S),93,27,0,♣,finished,2026-05-18T16:07:28.585046+00:00
8425,INPROC_CA6B23,1,10,team2,Team 2 (E/W),34,86,19,♦,finished,2026-05-18T16:07:28.599313+00:00
8426,INPROC_2F5375,1,10,team2,Team 2 (E/W),37,83,37,♠,finished,2026-05-18T16:07:28.614278+00:00
8427,INPROC_252419,1,10,team2,Team 2 (E/W),12,108,15,♦,finished,2026-05-18T16:07:28.629454+00:00
8428,INPROC_7214FA,1,10,draw,draw,60,60,10,♦,finished,2026-05-18T16:07:28.644685+00:00
8429,INPROC_4AB9EE,1,10,team2,Team 2 (E/W),49,71,4,♣,finished,2026-05-18T16:07:28.659294+00:00
8430,INPROC_5FF66D,1,10,team2,Team 2 (E/W),58,62,5,♣,finished,2026-05-18T16:07:28.675249+00:00
8431,INPROC_69470C,1,10,team1,Team 1 (N/S),78,42,5,♣,finished,2026-05-18T16:07:28.690701+00:00
8432,INPROC_EDB14E,1,10,team1,Team 1 (N/S),67,53,7,♣,finished,2026-05-18T16:07:28.707197+00:00
8433,INPROC_5D8733,1,10,draw,draw,60,60,11,♦,finished,2026-05-18T16:07:28.723929+00:00
8434,INPROC_243D39,1,10,team2,Team 2 (E/W),32,88,17,♦,finished,2026-05-18T16:07:28.732900+00:00
8435,INPROC_22AE1A,1,10,draw,draw,60,60,28,♥,finished,2026-05-18T16:07:28.748798+00:00
8436,INPROC_E780A3,1,10,team2,Team 2 (E/W),48,72,14,♦,finished,2026-05-18T16:07:28.759225+00:00
8437,INPROC_751DFB,1,10,team2,Team 2 (E/W),55,65,8,♣,finished,2026-05-18T16:07:28.772543+00:00
8438,INPROC_DD0B10,1,10,team2,Team 2 (E/W),47,73,6,♣,finished,2026-05-18T16:07:28.788466+00:00
8439,INPROC_3A0412,1,10,team1,Team 1 (N/S),66,54,39,♠,finished,2026-05-18T16:07:28.804657+00:00
8440,INPROC_BE4871,1,10,team1,Team 1 (N/S),67,53,4,♣,finished,2026-05-18T16:07:28.819849+00:00
8441,INPROC_CCBB55,1,10,team2,Team 2 (E/W),32,88,15,♦,finished,2026-05-18T16:07:28.829698+00:00
8442,INPROC_B0646A,1,10,team2,Team 2 (E/W),16,104,13,♦,finished,2026-05-18T16:07:28.845071+00:00
8443,INPROC_E52697,1,10,team1,Team 1 (N/S),82,38,22,♥,finished,2026-05-18T16:07:28.858695+00:00
8444,INPROC_8D6253,1,10,team2,Team 2 (E/W),24,96,17,♦,finished,2026-05-18T16:07:28.874169+00:00
8445,INPROC_62AABF,1,10,team1,Team 1 (N/S),90,30,5,♣,finished,2026-05-18T16:07:28.893366+00:00
8446,INPROC_68E742,1,10,team2,Team 2 (E/W),28,92,36,♠,finished,2026-05-18T16:07:28.909753+00:00
8447,INPROC_727EF2,1,10,team2,Team 2 (E/W),41,79,12,♦,finished,2026-05-18T16:07:28.925177+00:00
8448,INPROC_B0B09E,1,10,team2,Team 2 (E/W),36,84,13,♦,finished,2026-05-18T16:07:28.941299+00:00
8449,INPROC_387E3A,1,10,team2,Team 2 (E/W),25,95,37,♠,finished,2026-05-18T16:07:28.952952+00:00
8450,INPROC_ECF180,1,10,team2,Team 2 (E/W),55,65,31,♠,finished,2026-05-18T16:07:28.969500+00:00
8451,INPROC_5E8B30,1,10,team2,Team 2 (E/W),19,101,7,♣,finished,2026-05-18T16:07:28.984046+00:00
8452,INPROC_0610EA,1,10,team1,Team 1 (N/S),74,46,8,♣,finished,2026-05-18T16:07:28.998529+00:00
8453,INPROC_F13E28,1,10,team1,Team 1 (N/S),86,34,6,♣,finished,2026-05-18T16:07:29.014408+00:00
8454,INPROC_17EF35,1,10,team1,Team 1 (N/S),68,52,18,♦,finished,2026-05-18T16:07:29.030400+00:00
8455,INPROC_F291D8,1,10,team2,Team 2 (E/W),19,101,34,♠,finished,2026-05-18T16:07:29.045405+00:00
8456,INPROC_A05FB4,1,10,team1,Team 1 (N/S),73,47,1,♣,finished,2026-05-18T16:07:29.061583+00:00
8457,INPROC_90B2A5,1,10,team2,Team 2 (E/W),45,75,2,♣,finished,2026-05-18T16:07:29.075853+00:00
8458,INPROC_368BDC,1,10,team1,Team 1 (N/S),78,42,30,♠,finished,2026-05-18T16:07:29.084819+00:00
8459,INPROC_E42445,1,10,team2,Team 2 (E/W),56,64,12,♦,finished,2026-05-18T16:07:29.097275+00:00
8460,INPROC_D596E2,1,10,team2,Team 2 (E/W),25,95,7,♣,finished,2026-05-18T16:07:29.112286+00:00
8461,INPROC_84932F,1,10,team2,Team 2 (E/W),30,90,12,♦,finished,2026-05-18T16:07:29.128993+00:00
8462,INPROC_C36076,1,10,team1,Team 1 (N/S),62,58,1,♣,finished,2026-05-18T16:07:29.145925+00:00
8463,INPROC_318466,1,10,team1,Team 1 (N/S),69,51,32,♠,finished,2026-05-18T16:07:29.164730+00:00
8464,INPROC_A8ECD9,1,10,team2,Team 2 (E/W),30,90,29,♥,finished,2026-05-18T16:07:29.182608+00:00
8465,INPROC_4A3ABE,1,10,team2,Team 2 (E/W),52,68,9,♣,finished,2026-05-18T16:07:29.202065+00:00
8466,INPROC_9C2974,1,10,team2,Team 2 (E/W),49,71,30,♠,finished,2026-05-18T16:07:29.223587+00:00
8467,INPROC_F7AE6E,1,10,team1,Team 1 (N/S),102,18,12,♦,finished,2026-05-18T16:07:29.243212+00:00
8468,INPROC_EA638C,1,10,team2,Team 2 (E/W),14,106,0,♣,finished,2026-05-18T16:07:29.262139+00:00
8469,INPROC_3B2362,1,10,team2,Team 2 (E/W),50,70,27,♥,finished,2026-05-18T16:07:29.279585+00:00
8470,INPROC_EB56F3,1,10,team2,Team 2 (E/W),37,83,2,♣,finished,2026-05-18T16:07:29.297941+00:00
8471,INPROC_8E6386,1,10,team2,Team 2 (E/W),19,101,35,♠,finished,2026-05-18T16:07:29.315011+00:00
8472,INPROC_AD7B91,1,10,team2,Team 2 (E/W),59,61,0,♣,finished,2026-05-18T16:07:29.329675+00:00
8473,INPROC_8EE12C,1,10,team2,Team 2 (E/W),38,82,16,♦,finished,2026-05-18T16:07:29.344520+00:00
8474,INPROC_201AF1,1,10,team1,Team 1 (N/S),107,13,7,♣,finished,2026-05-18T16:07:29.361649+00:00
8475,INPROC_4B3C48,1,10,team2,Team 2 (E/W),56,64,39,♠,finished,2026-05-18T16:07:29.379310+00:00
8476,INPROC_128E4E,1,10,team2,Team 2 (E/W),4,116,1,♣,finished,2026-05-18T16:07:29.395613+00:00
8477,INPROC_3CCC29,1,10,team2,Team 2 (E/W),54,66,0,♣,finished,2026-05-18T16:07:29.413096+00:00
8478,INPROC_186399,1,10,team2,Team 2 (E/W),53,67,34,♠,finished,2026-05-18T16:07:29.428702+00:00
8479,INPROC_B3406E,1,10,team2,Team 2 (E/W),51,69,24,♥,finished,2026-05-18T16:07:29.447523+00:00
8480,INPROC_FAE617,1,10,team2,Team 2 (E/W),50,70,3,♣,finished,2026-05-18T16:07:29.465742+00:00
8481,INPROC_2338BA,1,10,team1,Team 1 (N/S),74,46,35,♠,finished,2026-05-18T16:07:29.484422+00:00
8482,INPROC_7EE8BF,1,10,team1,Team 1 (N/S),73,47,23,♥,finished,2026-05-18T16:07:29.501684+00:00
8483,INPROC_582EF5,1,10,team2,Team 2 (E/W),43,77,31,♠,finished,2026-05-18T16:07:29.518242+00:00
8484,INPROC_727891,1,10,team1,Team 1 (N/S),67,53,13,♦,finished,2026-05-18T16:07:29.532948+00:00
8485,INPROC_970AA1,1,10,team2,Team 2 (E/W),49,71,16,♦,finished,2026-05-18T16:07:29.550903+00:00
8486,INPROC_DAA0B8,1,10,team1,Team 1 (N/S),88,32,24,♥,finished,2026-05-18T16:07:29.566031+00:00
8487,INPROC_314CA9,1,10,team2,Team 2 (E/W),26,94,26,♥,finished,2026-05-18T16:07:29.580815+00:00
8488,INPROC_E4E799,1,10,team2,Team 2 (E/W),30,90,10,♦,finished,2026-05-18T16:07:29.598387+00:00
8489,INPROC_143F71,1,10,team1,Team 1 (N/S),67,53,36,♠,finished,2026-05-18T16:07:29.616416+00:00
8490,INPROC_566FDA,1,10,team1,Team 1 (N/S),105,15,12,♦,finished,2026-05-18T16:07:29.634887+00:00
8491,INPROC_D48EB5,1,10,team2,Team 2 (E/W),30,90,21,♥,finished,2026-05-18T16:07:29.652238+00:00
8492,INPROC_A7E0CC,1,10,team2,Team 2 (E/W),58,62,36,♠,finished,2026-05-18T16:07:29.668037+00:00
8493,INPROC_A9C6EA,1,10,team1,Team 1 (N/S),83,37,9,♣,finished,2026-05-18T16:07:29.682612+00:00
8494,INPROC_92ED4E,1,10,team1,Team 1 (N/S),80,40,27,♥,finished,2026-05-18T16:07:29.697943+00:00
8495,INPROC_DF98AB,1,10,team1,Team 1 (N/S),61,59,36,♠,finished,2026-05-18T16:07:29.713515+00:00
8496,INPROC_E14DAE,1,10,team1,Team 1 (N/S),94,26,15,♦,finished,2026-05-18T16:07:29.729626+00:00
8497,INPROC_615296,1,10,team1,Team 1 (N/S),66,54,6,♣,finished,2026-05-18T16:07:29.742904+00:00
8498,INPROC_2AFFA8,1,10,team1,Team 1 (N/S),84,36,32,♠,finished,2026-05-18T16:07:29.757715+00:00
8499,INPROC_094B0D,1,10,team1,Team 1 (N/S),94,26,0,♣,finished,2026-05-18T16:07:29.772529+00:00
8500,INPROC_E51B68,1,10,team2,Team 2 (E/W),54,66,31,♠,finished,2026-05-18T16:07:29.786497+00:00
8501,INPROC_17A698,1,10,team1,Team 1 (N/S),79,41,27,♥,finished,2026-05-18T16:07:29.797540+00:00
8502,INPROC_FDD1CF,1,10,team2,Team 2 (E/W),4,116,1,♣,finished,2026-05-18T16:07:29.812357+00:00
8503,INPROC_E44BFA,1,10,team2,Team 2 (E/W),45,75,35,♠,finished,2026-05-18T16:07:29.826290+00:00
8504,INPROC_9CC071,1,10,team2,Team 2 (E/W),40,80,1,♣,finished,2026-05-18T16:07:29.840828+00:00
8505,INPROC_2BEB98,1,10,team1,Team 1 (N/S),85,35,6,♣,finished,2026-05-18T16:07:29.856528+00:00
8506,INPROC_938414,1,10,team2,Team 2 (E/W),58,62,12,♦,finished,2026-05-18T16:07:29.866889+00:00
8507,INPROC_E4345C,1,10,team1,Team 1 (N/S),86,34,12,♦,finished,2026-05-18T16:07:29.878373+00:00
8508,INPROC_DC2CE4,1,10,team1,Team 1 (N/S),103,17,7,♣,finished,2026-05-18T16:07:29.888865+00:00
8509,INPROC_8A1A92,1,10,team2,Team 2 (E/W),50,70,9,♣,finished,2026-05-18T16:07:29.901820+00:00
8510,INPROC_880CA4,1,10,team2,Team 2 (E/W),36,84,25,♥,finished,2026-05-18T16:07:29.917861+00:00
8511,INPROC_A8539D,1,10,team2,Team 2 (E/W),31,89,29,♥,finished,2026-05-18T16:07:29.929582+00:00
8512,INPROC_2EE2DC,1,10,team2,Team 2 (E/W),46,74,30,♠,finished,2026-05-18T16:07:29.943914+00:00
8513,INPROC_5B291B,1,10,team2,Team 2 (E/W),31,89,1,♣,finished,2026-05-18T16:07:29.959053+00:00
8514,INPROC_7F1B35,1,10,team1,Team 1 (N/S),87,33,33,♠,finished,2026-05-18T16:07:29.975999+00:00
8515,INPROC_6780BC,1,10,team1,Team 1 (N/S),72,48,11,♦,finished,2026-05-18T16:07:29.985842+00:00
8516,INPROC_4F99C7,1,10,team2,Team 2 (E/W),27,93,0,♣,finished,2026-05-18T16:07:29.996669+00:00
8517,INPROC_A837E0,1,10,team1,Team 1 (N/S),79,41,32,♠,finished,2026-05-18T16:07:30.007171+00:00
8518,INPROC_E4CBBC,1,10,team2,Team 2 (E/W),28,92,7,♣,finished,2026-05-18T16:07:30.021617+00:00
8519,INPROC_B4CF0F,1,10,team1,Team 1 (N/S),96,24,13,♦,finished,2026-05-18T16:07:30.035148+00:00
8520,INPROC_EA4EB8,1,10,team2,Team 2 (E/W),50,70,1,♣,finished,2026-05-18T16:07:30.049782+00:00
8521,INPROC_C17B60,1,10,team2,Team 2 (E/W),9,111,1,♣,finished,2026-05-18T16:07:30.063506+00:00
8522,INPROC_9E508E,1,10,team2,Team 2 (E/W),52,68,36,♠,finished,2026-05-18T16:07:30.078910+00:00
8523,INPROC_084166,1,10,team2,Team 2 (E/W),30,90,33,♠,finished,2026-05-18T16:07:30.093102+00:00
8524,INPROC_FFE796,1,10,team1,Team 1 (N/S),72,48,11,♦,finished,2026-05-18T16:07:30.107198+00:00
8525,INPROC_D9C61A,1,10,team1,Team 1 (N/S),68,52,32,♠,finished,2026-05-18T16:07:30.123715+00:00
8526,INPROC_0D37C4,1,10,team2,Team 2 (E/W),30,90,5,♣,finished,2026-05-18T16:07:30.139009+00:00
8527,INPROC_E78BEA,1,10,team2,Team 2 (E/W),12,108,26,♥,finished,2026-05-18T16:07:30.150751+00:00
8528,INPROC_089667,1,10,team1,Team 1 (N/S),62,58,18,♦,finished,2026-05-18T16:07:30.163674+00:00
8529,INPROC_B463F9,1,10,team2,Team 2 (E/W),32,88,23,♥,finished,2026-05-18T16:07:30.175423+00:00
8530,INPROC_064726,1,10,team2,Team 2 (E/W),12,108,26,♥,finished,2026-05-18T16:07:30.192611+00:00
8531,INPROC_8E2C13,1,10,team2,Team 2 (E/W),44,76,24,♥,finished,2026-05-18T16:07:30.208802+00:00
8532,INPROC_84DF8D,1,10,team1,Team 1 (N/S),102,18,36,♠,finished,2026-05-18T16:07:30.225173+00:00
8533,INPROC_33D85B,1,10,team1,Team 1 (N/S),61,59,11,♦,finished,2026-05-18T16:07:30.241743+00:00
8534,INPROC_70B73E,1,10,team2,Team 2 (E/W),44,76,6,♣,finished,2026-05-18T16:07:30.258241+00:00
8535,INPROC_B96A1F,1,10,team1,Team 1 (N/S),92,28,12,♦,finished,2026-05-18T16:07:30.274989+00:00
8536,INPROC_A1079B,1,10,team2,Team 2 (E/W),18,102,10,♦,finished,2026-05-18T16:07:30.289006+00:00
8537,INPROC_8E29AA,1,10,team1,Team 1 (N/S),79,41,9,♣,finished,2026-05-18T16:07:30.306397+00:00
8538,INPROC_5D7B60,1,10,team1,Team 1 (N/S),79,41,34,♠,finished,2026-05-18T16:07:30.320318+00:00
8539,INPROC_B8C547,1,10,team1,Team 1 (N/S),83,37,26,♥,finished,2026-05-18T16:07:30.336157+00:00
8540,INPROC_EF68CD,1,10,team2,Team 2 (E/W),36,84,15,♦,finished,2026-05-18T16:07:30.349491+00:00
8541,INPROC_6ECAD8,1,10,team2,Team 2 (E/W),30,90,9,♣,finished,2026-05-18T16:07:30.365871+00:00
8542,INPROC_C8710B,1,10,team2,Team 2 (E/W),47,73,26,♥,finished,2026-05-18T16:07:30.381074+00:00
8543,INPROC_33CDB1,1,10,team2,Team 2 (E/W),28,92,25,♥,finished,2026-05-18T16:07:30.396648+00:00
8544,INPROC_317C80,1,10,team2,Team 2 (E/W),57,63,34,♠,finished,2026-05-18T16:07:30.409794+00:00
8545,INPROC_29B70A,1,10,team2,Team 2 (E/W),58,62,38,♠,finished,2026-05-18T16:07:30.423578+00:00
8546,INPROC_1A0E5D,1,10,team2,Team 2 (E/W),16,104,8,♣,finished,2026-05-18T16:07:30.441214+00:00
8547,INPROC_1D9D1F,1,10,team2,Team 2 (E/W),59,61,22,♥,finished,2026-05-18T16:07:30.457150+00:00
8548,INPROC_F6FE12,1,10,team2,Team 2 (E/W),45,75,4,♣,finished,2026-05-18T16:07:30.471259+00:00
8549,INPROC_176A7C,1,10,team2,Team 2 (E/W),55,65,7,♣,finished,2026-05-18T16:07:30.485877+00:00
8550,INPROC_E3FF56,1,10,team2,Team 2 (E/W),13,107,32,♠,finished,2026-05-18T16:07:30.497125+00:00
8551,INPROC_A82D03,1,10,team1,Team 1 (N/S),78,42,25,♥,finished,2026-05-18T16:07:30.506737+00:00
8552,INPROC_D0B5DC,1,10,team1,Team 1 (N/S),71,49,33,♠,finished,2026-05-18T16:07:30.520090+00:00
8553,INPROC_5A1149,1,10,team2,Team 2 (E/W),37,83,10,♦,finished,2026-05-18T16:07:30.535595+00:00
8554,INPROC_94D32D,1,10,team2,Team 2 (E/W),44,76,21,♥,finished,2026-05-18T16:07:30.548729+00:00
8555,INPROC_A04C0C,1,10,team2,Team 2 (E/W),2,118,9,♣,finished,2026-05-18T16:07:30.561442+00:00
8556,INPROC_036F16,1,10,team1,Team 1 (N/S),64,56,34,♠,finished,2026-05-18T16:07:30.574990+00:00
8557,INPROC_A9A3BE,1,10,team2,Team 2 (E/W),35,85,5,♣,finished,2026-05-18T16:07:30.594239+00:00
8558,INPROC_CBE0B8,1,10,team2,Team 2 (E/W),49,71,25,♥,finished,2026-05-18T16:07:30.611972+00:00
8559,INPROC_8A64F7,1,10,team2,Team 2 (E/W),53,67,7,♣,finished,2026-05-18T16:07:30.626239+00:00
8560,INPROC_60E327,1,10,team1,Team 1 (N/S),65,55,23,♥,finished,2026-05-18T16:07:30.641842+00:00
8561,INPROC_E09346,1,10,team2,Team 2 (E/W),52,68,6,♣,finished,2026-05-18T16:07:30.656532+00:00
8562,INPROC_3108F4,1,10,team1,Team 1 (N/S),61,59,29,♥,finished,2026-05-18T16:07:30.672660+00:00
8563,INPROC_B7A78E,1,10,team1,Team 1 (N/S),72,48,24,♥,finished,2026-05-18T16:07:30.689858+00:00
8564,INPROC_80A5E6,1,10,team2,Team 2 (E/W),56,64,18,♦,finished,2026-05-18T16:07:30.706530+00:00
8565,INPROC_32345D,1,10,team1,Team 1 (N/S),64,56,34,♠,finished,2026-05-18T16:07:30.721779+00:00
8566,INPROC_7D7E47,1,10,team1,Team 1 (N/S),66,54,23,♥,finished,2026-05-18T16:07:30.737510+00:00
8567,INPROC_565650,1,10,team1,Team 1 (N/S),90,30,5,♣,finished,2026-05-18T16:07:30.755576+00:00
8568,INPROC_6E7098,1,10,team1,Team 1 (N/S),72,48,25,♥,finished,2026-05-18T16:07:30.772880+00:00
8569,INPROC_F8109A,1,10,team1,Team 1 (N/S),78,42,20,♥,finished,2026-05-18T16:07:30.790134+00:00
8570,INPROC_E1AD9D,1,10,team2,Team 2 (E/W),42,78,11,♦,finished,2026-05-18T16:07:30.807707+00:00
8571,INPROC_31A772,1,10,team1,Team 1 (N/S),67,53,31,♠,finished,2026-05-18T16:07:30.825024+00:00
8572,INPROC_48646F,1,10,team2,Team 2 (E/W),48,72,29,♥,finished,2026-05-18T16:07:30.841628+00:00
8573,INPROC_B3FEA8,1,10,team1,Team 1 (N/S),86,34,16,♦,finished,2026-05-18T16:07:30.857529+00:00
8574,INPROC_6B482F,1,10,team2,Team 2 (E/W),51,69,35,♠,finished,2026-05-18T16:07:30.874595+00:00
8575,INPROC_3628AD,1,10,team2,Team 2 (E/W),40,80,39,♠,finished,2026-05-18T16:07:30.890725+00:00
8576,INPROC_392370,1,10,team2,Team 2 (E/W),44,76,4,♣,finished,2026-05-18T16:07:30.908851+00:00
8577,INPROC_EA7ECF,1,10,team1,Team 1 (N/S),82,38,27,♥,finished,2026-05-18T16:07:30.925597+00:00
8578,INPROC_3F1A2C,1,10,team1,Team 1 (N/S),111,9,20,♥,finished,2026-05-18T16:07:30.941599+00:00
8579,INPROC_0DF7FC,1,10,team2,Team 2 (E/W),58,62,8,♣,finished,2026-05-18T16:07:30.955613+00:00
8580,INPROC_A2E70A,1,10,team1,Team 1 (N/S),88,32,36,♠,finished,2026-05-18T16:07:30.971115+00:00
8581,INPROC_3CB464,1,10,team1,Team 1 (N/S),62,58,5,♣,finished,2026-05-18T16:07:30.987284+00:00
8582,INPROC_0D9F96,1,10,team2,Team 2 (E/W),38,82,1,♣,finished,2026-05-18T16:07:31.004080+00:00
8583,INPROC_C954F5,1,10,team2,Team 2 (E/W),30,90,36,♠,finished,2026-05-18T16:07:31.019497+00:00
8584,INPROC_063DDE,1,10,team2,Team 2 (E/W),43,77,1,♣,finished,2026-05-18T16:07:31.036818+00:00
8585,INPROC_1C39B4,1,10,team2,Team 2 (E/W),38,82,20,♥,finished,2026-05-18T16:07:31.055098+00:00
8586,INPROC_8054E8,1,10,team2,Team 2 (E/W),23,97,3,♣,finished,2026-05-18T16:07:31.071879+00:00
8587,INPROC_382887,1,10,team1,Team 1 (N/S),64,56,33,♠,finished,2026-05-18T16:07:31.089701+00:00
8588,INPROC_F12462,1,10,team1,Team 1 (N/S),64,56,6,♣,finished,2026-05-18T16:07:31.105999+00:00
8589,INPROC_988BBF,1,10,team1,Team 1 (N/S),79,41,28,♥,finished,2026-05-18T16:07:31.122048+00:00
8590,INPROC_DF599D,1,10,team1,Team 1 (N/S),76,44,29,♥,finished,2026-05-18T16:07:31.135003+00:00
8591,INPROC_0AFA91,1,10,team2,Team 2 (E/W),29,91,32,♠,finished,2026-05-18T16:07:31.149379+00:00
8592,INPROC_C78244,1,10,team2,Team 2 (E/W),43,77,36,♠,finished,2026-05-18T16:07:31.165822+00:00
8593,INPROC_559D64,1,10,team1,Team 1 (N/S),90,30,27,♥,finished,2026-05-18T16:07:31.181761+00:00
8594,INPROC_5A1ED7,1,10,team1,Team 1 (N/S),65,55,6,♣,finished,2026-05-18T16:07:31.198544+00:00
8595,INPROC_264888,1,10,team1,Team 1 (N/S),71,49,12,♦,finished,2026-05-18T16:07:31.215138+00:00
8596,INPROC_513924,1,10,team2,Team 2 (E/W),0,120,34,♠,finished,2026-05-18T16:07:31.232117+00:00
8597,INPROC_1BAAD3,1,10,team1,Team 1 (N/S),63,57,12,♦,finished,2026-05-18T16:07:31.248607+00:00
8598,INPROC_BE5E96,1,10,team2,Team 2 (E/W),35,85,27,♥,finished,2026-05-18T16:07:31.265816+00:00
8599,INPROC_8A7211,1,10,team1,Team 1 (N/S),63,57,12,♦,finished,2026-05-18T16:07:31.280921+00:00
8600,INPROC_8DD65C,1,10,team2,Team 2 (E/W),7,113,4,♣,finished,2026-05-18T16:07:31.298624+00:00
8601,INPROC_64AC32,1,10,draw,draw,60,60,7,♣,finished,2026-05-18T16:07:31.313393+00:00
8602,INPROC_58E462,1,10,team2,Team 2 (E/W),30,90,26,♥,finished,2026-05-18T16:07:31.330055+00:00
8603,INPROC_F9921D,1,10,team2,Team 2 (E/W),57,63,3,♣,finished,2026-05-18T16:07:31.349195+00:00
8604,INPROC_7179D5,1,10,team2,Team 2 (E/W),32,88,9,♣,finished,2026-05-18T16:07:31.366642+00:00
8605,INPROC_804C0C,1,10,team2,Team 2 (E/W),49,71,19,♦,finished,2026-05-18T16:07:31.386091+00:00
8606,INPROC_446F20,1,10,team1,Team 1 (N/S),98,22,11,♦,finished,2026-05-18T16:07:31.399145+00:00
8607,INPROC_C9FDD7,1,10,team1,Team 1 (N/S),75,45,22,♥,finished,2026-05-18T16:07:31.411888+00:00
8608,INPROC_C7CBC9,1,10,team1,Team 1 (N/S),86,34,15,♦,finished,2026-05-18T16:07:31.428413+00:00
8609,INPROC_459D0B,1,10,team1,Team 1 (N/S),66,54,2,♣,finished,2026-05-18T16:07:31.444226+00:00
8610,INPROC_BD47DD,1,10,team2,Team 2 (E/W),0,120,26,♥,finished,2026-05-18T16:07:31.459373+00:00
8611,INPROC_CDF29B,1,10,team2,Team 2 (E/W),34,86,33,♠,finished,2026-05-18T16:07:31.475359+00:00
8612,INPROC_AD405A,1,10,team1,Team 1 (N/S),77,43,28,♥,finished,2026-05-18T16:07:31.491542+00:00
8613,INPROC_A5168F,1,10,team2,Team 2 (E/W),37,83,9,♣,finished,2026-05-18T16:07:31.509581+00:00
8614,INPROC_F628AF,1,10,team2,Team 2 (E/W),29,91,5,♣,finished,2026-05-18T16:07:31.524786+00:00
8615,INPROC_50BABF,1,10,team1,Team 1 (N/S),77,43,34,♠,finished,2026-05-18T16:07:31.542903+00:00
8616,INPROC_F4A326,1,10,team2,Team 2 (E/W),39,81,13,♦,finished,2026-05-18T16:07:31.559170+00:00
8617,INPROC_CDB8C9,1,10,team2,Team 2 (E/W),34,86,15,♦,finished,2026-05-18T16:07:31.575626+00:00
8618,INPROC_B48A49,1,10,team1,Team 1 (N/S),85,35,25,♥,finished,2026-05-18T16:07:31.590695+00:00
8619,INPROC_D1CA17,1,10,team2,Team 2 (E/W),56,64,19,♦,finished,2026-05-18T16:07:31.605372+00:00
8620,INPROC_9C8DD1,1,10,team1,Team 1 (N/S),109,11,11,♦,finished,2026-05-18T16:07:31.620750+00:00
8621,INPROC_06A75B,1,10,team2,Team 2 (E/W),56,64,9,♣,finished,2026-05-18T16:07:31.636303+00:00
8622,INPROC_D6E5EA,1,10,team2,Team 2 (E/W),22,98,10,♦,finished,2026-05-18T16:07:31.654669+00:00
8623,INPROC_4073DA,1,10,team2,Team 2 (E/W),37,83,29,♥,finished,2026-05-18T16:07:31.669920+00:00
8624,INPROC_4A3519,1,10,team2,Team 2 (E/W),51,69,8,♣,finished,2026-05-18T16:07:31.686396+00:00
8625,INPROC_5987C7,1,10,team2,Team 2 (E/W),24,96,25,♥,finished,2026-05-18T16:07:31.701647+00:00
8626,INPROC_F70B40,1,10,team1,Team 1 (N/S),62,58,29,♥,finished,2026-05-18T16:07:31.716342+00:00
8627,INPROC_73B9F0,1,10,team2,Team 2 (E/W),24,96,17,♦,finished,2026-05-18T16:07:31.735751+00:00
8628,INPROC_550C4C,1,10,team1,Team 1 (N/S),72,48,36,♠,finished,2026-05-18T16:07:31.751288+00:00
8629,INPROC_076DDA,1,10,team1,Team 1 (N/S),103,17,12,♦,finished,2026-05-18T16:07:31.765875+00:00
8630,INPROC_ED9B05,1,10,team2,Team 2 (E/W),42,78,3,♣,finished,2026-05-18T16:07:31.811282+00:00
8631,INPROC_1A63FC,1,10,team1,Team 1 (N/S),65,55,12,♦,finished,2026-05-18T16:07:31.827781+00:00
8632,INPROC_8DACB0,1,10,team2,Team 2 (E/W),20,100,35,♠,finished,2026-05-18T16:07:31.841157+00:00
8633,INPROC_9E08FF,1,10,team2,Team 2 (E/W),40,80,3,♣,finished,2026-05-18T16:07:31.857075+00:00
8634,INPROC_F345D6,1,10,team2,Team 2 (E/W),27,93,20,♥,finished,2026-05-18T16:07:31.870594+00:00
8635,INPROC_2A60B0,1,10,team2,Team 2 (E/W),49,71,10,♦,finished,2026-05-18T16:07:31.888276+00:00
8636,INPROC_5F8B3E,1,10,team1,Team 1 (N/S),61,59,22,♥,finished,2026-05-18T16:07:31.904541+00:00
8637,INPROC_51E496,1,10,team2,Team 2 (E/W),2,118,31,♠,finished,2026-05-18T16:07:31.920419+00:00
8638,INPROC_CFE8D7,1,10,team2,Team 2 (E/W),48,72,37,♠,finished,2026-05-18T16:07:31.933358+00:00
8639,INPROC_984766,1,10,team1,Team 1 (N/S),71,49,25,♥,finished,2026-05-18T16:07:31.948469+00:00
8640,INPROC_9BCDC7,1,10,team2,Team 2 (E/W),36,84,32,♠,finished,2026-05-18T16:07:31.965804+00:00
8641,INPROC_DD57CC,1,10,team1,Team 1 (N/S),71,49,5,♣,finished,2026-05-18T16:07:31.982085+00:00
8642,INPROC_6DE174,1,10,team2,Team 2 (E/W),7,113,0,♣,finished,2026-05-18T16:07:32.000346+00:00
8643,INPROC_CBA764,1,10,team2,Team 2 (E/W),54,66,14,♦,finished,2026-05-18T16:07:32.017677+00:00
8644,INPROC_18C3E7,1,10,team2,Team 2 (E/W),56,64,16,♦,finished,2026-05-18T16:07:32.033652+00:00
8645,INPROC_F675DA,1,10,team2,Team 2 (E/W),3,117,32,♠,finished,2026-05-18T16:07:32.048334+00:00
8646,INPROC_520ECD,1,10,team2,Team 2 (E/W),50,70,21,♥,finished,2026-05-18T16:07:32.065482+00:00
8647,INPROC_B378E2,1,10,team2,Team 2 (E/W),32,88,34,♠,finished,2026-05-18T16:07:32.081734+00:00
8648,INPROC_CF773E,1,10,team1,Team 1 (N/S),93,27,26,♥,finished,2026-05-18T16:07:32.098037+00:00
8649,INPROC_9E9277,1,10,team2,Team 2 (E/W),37,83,0,♣,finished,2026-05-18T16:07:32.115868+00:00
8650,INPROC_9BF5E7,1,10,team2,Team 2 (E/W),20,100,28,♥,finished,2026-05-18T16:07:32.125136+00:00
8651,INPROC_541FE1,1,10,team2,Team 2 (E/W),22,98,27,♥,finished,2026-05-18T16:07:32.143670+00:00
8652,INPROC_546B70,1,10,team2,Team 2 (E/W),15,105,15,♦,finished,2026-05-18T16:07:32.151630+00:00
8653,INPROC_6AD725,1,10,team2,Team 2 (E/W),46,74,6,♣,finished,2026-05-18T16:07:32.164692+00:00
8654,INPROC_FD0626,1,10,team1,Team 1 (N/S),82,38,15,♦,finished,2026-05-18T16:07:32.176795+00:00
8655,INPROC_1912CA,1,10,team2,Team 2 (E/W),7,113,26,♥,finished,2026-05-18T16:07:32.190620+00:00
8656,INPROC_2030BA,1,10,team1,Team 1 (N/S),99,21,36,♠,finished,2026-05-18T16:07:32.203803+00:00
8657,INPROC_B29C2D,1,10,team1,Team 1 (N/S),78,42,11,♦,finished,2026-05-18T16:07:32.221689+00:00
8658,INPROC_9DC9B1,1,10,team1,Team 1 (N/S),68,52,32,♠,finished,2026-05-18T16:07:32.235973+00:00
8659,INPROC_2F62D2,1,10,team2,Team 2 (E/W),31,89,4,♣,finished,2026-05-18T16:07:32.248336+00:00
8660,INPROC_FE5890,1,10,team1,Team 1 (N/S),76,44,24,♥,finished,2026-05-18T16:07:32.265004+00:00
8661,INPROC_996208,1,10,team2,Team 2 (E/W),23,97,38,♠,finished,2026-05-18T16:07:32.279117+00:00
8662,INPROC_03ACF2,1,10,team1,Team 1 (N/S),91,29,18,♦,finished,2026-05-18T16:07:32.296829+00:00
8663,INPROC_21FD60,1,10,team2,Team 2 (E/W),49,71,4,♣,finished,2026-05-18T16:07:32.312832+00:00
8664,INPROC_6C1643,1,10,team1,Team 1 (N/S),79,41,38,♠,finished,2026-05-18T16:07:32.326250+00:00
8665,INPROC_C7FB04,1,10,team2,Team 2 (E/W),45,75,33,♠,finished,2026-05-18T16:07:32.343109+00:00
8666,INPROC_9017CB,1,10,team2,Team 2 (E/W),47,73,21,♥,finished,2026-05-18T16:07:32.359752+00:00
8667,INPROC_C71F1A,1,10,team2,Team 2 (E/W),0,120,26,♥,finished,2026-05-18T16:07:32.375130+00:00
8668,INPROC_ED9056,1,10,team1,Team 1 (N/S),77,43,39,♠,finished,2026-05-18T16:07:32.393595+00:00
8669,INPROC_76E2F3,1,10,team2,Team 2 (E/W),38,82,24,♥,finished,2026-05-18T16:07:32.410910+00:00
8670,INPROC_BA371D,1,10,team2,Team 2 (E/W),39,81,19,♦,finished,2026-05-18T16:07:32.426814+00:00
8671,INPROC_91E694,1,10,team2,Team 2 (E/W),40,80,29,♥,finished,2026-05-18T16:07:32.443368+00:00
8672,INPROC_17589C,1,10,team2,Team 2 (E/W),6,114,8,♣,finished,2026-05-18T16:07:32.460543+00:00
8673,INPROC_6E14BA,1,10,team2,Team 2 (E/W),43,77,38,♠,finished,2026-05-18T16:07:32.478629+00:00
8674,INPROC_CECAD8,1,10,team2,Team 2 (E/W),34,86,29,♥,finished,2026-05-18T16:07:32.496169+00:00
8675,INPROC_24C197,1,10,team2,Team 2 (E/W),30,90,39,♠,finished,2026-05-18T16:07:32.510863+00:00
8676,INPROC_F1B0C4,1,10,team1,Team 1 (N/S),101,19,12,♦,finished,2026-05-18T16:07:32.526565+00:00
8677,INPROC_EB2E84,1,10,team2,Team 2 (E/W),38,82,1,♣,finished,2026-05-18T16:07:32.540030+00:00
8678,INPROC_C2D7C1,1,10,team2,Team 2 (E/W),36,84,14,♦,finished,2026-05-18T16:07:32.555087+00:00
8679,INPROC_58710C,1,10,team1,Team 1 (N/S),103,17,11,♦,finished,2026-05-18T16:07:32.568888+00:00
8680,INPROC_E63A89,1,10,team1,Team 1 (N/S),69,51,30,♠,finished,2026-05-18T16:07:32.586059+00:00
8681,INPROC_0A3178,1,10,team1,Team 1 (N/S),85,35,6,♣,finished,2026-05-18T16:07:32.602226+00:00
8682,INPROC_6AED3A,1,10,team1,Team 1 (N/S),80,40,15,♦,finished,2026-05-18T16:07:32.616566+00:00
8683,INPROC_BA6608,1,10,team1,Team 1 (N/S),77,43,10,♦,finished,2026-05-18T16:07:32.633845+00:00
8684,INPROC_449D8E,1,10,team1,Team 1 (N/S),68,52,11,♦,finished,2026-05-18T16:07:32.652299+00:00
8685,INPROC_C0619F,1,10,team1,Team 1 (N/S),63,57,15,♦,finished,2026-05-18T16:07:32.670962+00:00
8686,INPROC_AA1FCB,1,10,team2,Team 2 (E/W),26,94,24,♥,finished,2026-05-18T16:07:32.688416+00:00
8687,INPROC_EF7A80,1,10,team2,Team 2 (E/W),49,71,25,♥,finished,2026-05-18T16:07:32.705574+00:00
8688,INPROC_9A86ED,1,10,team1,Team 1 (N/S),88,32,29,♥,finished,2026-05-18T16:07:32.722012+00:00
8689,INPROC_B31FDB,1,10,team2,Team 2 (E/W),49,71,5,♣,finished,2026-05-18T16:07:32.738066+00:00
8690,INPROC_A586FF,1,10,team2,Team 2 (E/W),28,92,29,♥,finished,2026-05-18T16:07:32.753593+00:00
8691,INPROC_23FD92,1,10,team2,Team 2 (E/W),23,97,29,♥,finished,2026-05-18T16:07:32.771200+00:00
8692,INPROC_E6B7EC,1,10,team1,Team 1 (N/S),82,38,2,♣,finished,2026-05-18T16:07:32.787410+00:00
8693,INPROC_59455F,1,10,team2,Team 2 (E/W),47,73,37,♠,finished,2026-05-18T16:07:32.804408+00:00
8694,INPROC_684FAE,1,10,team1,Team 1 (N/S),75,45,37,♠,finished,2026-05-18T16:07:32.820070+00:00
8695,INPROC_3101CD,1,10,team1,Team 1 (N/S),95,25,36,♠,finished,2026-05-18T16:07:32.834843+00:00
8696,INPROC_117D9A,1,10,team1,Team 1 (N/S),67,53,36,♠,finished,2026-05-18T16:07:32.848392+00:00
8697,INPROC_533D9C,1,10,team1,Team 1 (N/S),74,46,30,♠,finished,2026-05-18T16:07:32.862117+00:00
8698,INPROC_B96605,1,10,team2,Team 2 (E/W),44,76,2,♣,finished,2026-05-18T16:07:32.879319+00:00
8699,INPROC_F59F3E,1,10,team1,Team 1 (N/S),93,27,12,♦,finished,2026-05-18T16:07:32.892425+00:00
8700,INPROC_D71993,1,10,team2,Team 2 (E/W),57,63,26,♥,finished,2026-05-18T16:07:32.901433+00:00
8701,INPROC_CF66CC,1,10,team1,Team 1 (N/S),67,53,31,♠,finished,2026-05-18T16:07:32.913532+00:00
8702,INPROC_5D382D,1,10,draw,draw,60,60,23,♥,finished,2026-05-18T16:07:32.927768+00:00
8703,INPROC_3EFBC8,1,10,team2,Team 2 (E/W),59,61,39,♠,finished,2026-05-18T16:07:32.943674+00:00
8704,INPROC_D07E47,1,10,draw,draw,60,60,25,♥,finished,2026-05-18T16:07:32.959339+00:00
8705,INPROC_5FC2D4,1,10,team2,Team 2 (E/W),50,70,20,♥,finished,2026-05-18T16:07:32.974454+00:00
8706,INPROC_5A97A9,1,10,team2,Team 2 (E/W),38,82,37,♠,finished,2026-05-18T16:07:32.991571+00:00
8707,INPROC_BE2D6B,1,10,team2,Team 2 (E/W),52,68,24,♥,finished,2026-05-18T16:07:33.000508+00:00
8708,INPROC_90E2F0,1,10,team1,Team 1 (N/S),63,57,5,♣,finished,2026-05-18T16:07:33.011715+00:00
8709,INPROC_1A549C,1,10,team2,Team 2 (E/W),6,114,33,♠,finished,2026-05-18T16:07:33.025167+00:00
8710,INPROC_92A92A,1,10,team2,Team 2 (E/W),53,67,35,♠,finished,2026-05-18T16:07:33.039904+00:00
8711,INPROC_DB82A2,1,10,team2,Team 2 (E/W),38,82,14,♦,finished,2026-05-18T16:07:33.048206+00:00
8712,INPROC_DE93E7,1,10,team1,Team 1 (N/S),75,45,17,♦,finished,2026-05-18T16:07:33.058709+00:00
8713,INPROC_B4AE0E,1,10,team2,Team 2 (E/W),57,63,3,♣,finished,2026-05-18T16:07:33.071828+00:00
8714,INPROC_A5B5C6,1,10,team2,Team 2 (E/W),51,69,24,♥,finished,2026-05-18T16:07:33.081524+00:00
8715,INPROC_1338CD,1,10,team2,Team 2 (E/W),14,106,23,♥,finished,2026-05-18T16:07:33.095034+00:00
8716,INPROC_A4DFB1,1,10,team2,Team 2 (E/W),17,103,15,♦,finished,2026-05-18T16:07:33.108501+00:00
8717,INPROC_5FF063,1,10,team2,Team 2 (E/W),12,108,6,♣,finished,2026-05-18T16:07:33.122735+00:00
8718,INPROC_48637F,1,10,team2,Team 2 (E/W),20,100,33,♠,finished,2026-05-18T16:07:33.137996+00:00
8719,INPROC_3E848D,1,10,team1,Team 1 (N/S),84,36,0,♣,finished,2026-05-18T16:07:33.156662+00:00
8720,INPROC_650A91,1,10,team2,Team 2 (E/W),35,85,1,♣,finished,2026-05-18T16:07:33.171170+00:00
8721,INPROC_662855,1,10,team2,Team 2 (E/W),46,74,22,♥,finished,2026-05-18T16:07:33.186319+00:00
8722,INPROC_3EB0BC,1,10,team1,Team 1 (N/S),75,45,23,♥,finished,2026-05-18T16:07:33.198619+00:00
8723,INPROC_DD0BFC,1,10,team2,Team 2 (E/W),16,104,2,♣,finished,2026-05-18T16:07:33.212522+00:00
8724,INPROC_A07DFE,1,10,team2,Team 2 (E/W),40,80,25,♥,finished,2026-05-18T16:07:33.224280+00:00
8725,INPROC_4F004D,1,10,team2,Team 2 (E/W),59,61,31,♠,finished,2026-05-18T16:07:33.239723+00:00
8726,INPROC_57AF44,1,10,team1,Team 1 (N/S),76,44,19,♦,finished,2026-05-18T16:07:33.256582+00:00
8727,INPROC_3F2C24,1,10,team1,Team 1 (N/S),76,44,16,♦,finished,2026-05-18T16:07:33.271336+00:00
8728,INPROC_D83CA6,1,10,team1,Team 1 (N/S),65,55,35,♠,finished,2026-05-18T16:07:33.287379+00:00
8729,INPROC_B7BE40,1,10,team2,Team 2 (E/W),57,63,18,♦,finished,2026-05-18T16:07:33.302266+00:00
8730,INPROC_290AC0,1,10,team1,Team 1 (N/S),113,7,8,♣,finished,2026-05-18T16:07:33.319147+00:00
8731,INPROC_9FAC34,1,10,team2,Team 2 (E/W),33,87,7,♣,finished,2026-05-18T16:07:33.335378+00:00
8732,INPROC_17F50A,1,10,team1,Team 1 (N/S),73,47,28,♥,finished,2026-05-18T16:07:33.352136+00:00
8733,INPROC_585F43,1,10,team1,Team 1 (N/S),113,7,25,♥,finished,2026-05-18T16:07:33.370632+00:00
8734,INPROC_794EDB,1,10,team1,Team 1 (N/S),65,55,33,♠,finished,2026-05-18T16:07:33.384884+00:00
8735,INPROC_0B5589,1,10,team2,Team 2 (E/W),21,99,22,♥,finished,2026-05-18T16:07:33.401475+00:00
8736,INPROC_791360,1,10,team2,Team 2 (E/W),49,71,24,♥,finished,2026-05-18T16:07:33.417432+00:00
8737,INPROC_ABBD10,1,10,draw,draw,60,60,20,♥,finished,2026-05-18T16:07:33.433598+00:00
8738,INPROC_F44743,1,10,draw,draw,60,60,2,♣,finished,2026-05-18T16:07:33.449996+00:00
8739,INPROC_543481,1,10,team1,Team 1 (N/S),88,32,32,♠,finished,2026-05-18T16:07:33.466486+00:00
8740,INPROC_EC1F06,1,10,team1,Team 1 (N/S),77,43,26,♥,finished,2026-05-18T16:07:33.475146+00:00
8741,INPROC_3A7FC8,1,10,team2,Team 2 (E/W),33,87,17,♦,finished,2026-05-18T16:07:33.485428+00:00
8742,INPROC_C89046,1,10,team1,Team 1 (N/S),78,42,33,♠,finished,2026-05-18T16:07:33.498829+00:00
8743,INPROC_EAE913,1,10,team2,Team 2 (E/W),58,62,22,♥,finished,2026-05-18T16:07:33.513733+00:00
8744,INPROC_8E3C94,1,10,team1,Team 1 (N/S),89,31,21,♥,finished,2026-05-18T16:07:33.528427+00:00
8745,INPROC_529086,1,10,team1,Team 1 (N/S),100,20,2,♣,finished,2026-05-18T16:07:33.544415+00:00
8746,INPROC_56B995,1,10,team1,Team 1 (N/S),70,50,0,♣,finished,2026-05-18T16:07:33.560510+00:00
8747,INPROC_C23A94,1,10,team1,Team 1 (N/S),68,52,15,♦,finished,2026-05-18T16:07:33.572918+00:00
8748,INPROC_2CAA0F,1,10,team2,Team 2 (E/W),55,65,20,♥,finished,2026-05-18T16:07:33.585391+00:00
8749,INPROC_1E2CBA,1,10,team2,Team 2 (E/W),59,61,23,♥,finished,2026-05-18T16:07:33.596398+00:00
8750,INPROC_B109A8,1,10,team2,Team 2 (E/W),13,107,9,♣,finished,2026-05-18T16:07:33.611800+00:00
8751,INPROC_F80ECA,1,10,team1,Team 1 (N/S),82,38,30,♠,finished,2026-05-18T16:07:33.626901+00:00
8752,INPROC_2D98F7,1,10,team1,Team 1 (N/S),89,31,18,♦,finished,2026-05-18T16:07:33.635158+00:00
8753,INPROC_5E0571,1,10,team1,Team 1 (N/S),96,24,2,♣,finished,2026-05-18T16:07:33.648294+00:00
8754,INPROC_AD119C,1,10,team1,Team 1 (N/S),86,34,3,♣,finished,2026-05-18T16:07:33.661986+00:00
8755,INPROC_F04D3C,1,10,team1,Team 1 (N/S),70,50,13,♦,finished,2026-05-18T16:07:33.678208+00:00
8756,INPROC_5C4B0B,1,10,team1,Team 1 (N/S),98,22,15,♦,finished,2026-05-18T16:07:33.692308+00:00
8757,INPROC_708DF2,1,10,team2,Team 2 (E/W),40,80,13,♦,finished,2026-05-18T16:07:33.706878+00:00
8758,INPROC_71CE4E,1,10,team2,Team 2 (E/W),52,68,16,♦,finished,2026-05-18T16:07:33.722353+00:00
8759,INPROC_9097B4,1,10,team2,Team 2 (E/W),26,94,2,♣,finished,2026-05-18T16:07:33.737639+00:00
8760,INPROC_866F1E,1,10,team2,Team 2 (E/W),28,92,5,♣,finished,2026-05-18T16:07:33.753857+00:00
8761,INPROC_75139B,1,10,team1,Team 1 (N/S),62,58,18,♦,finished,2026-05-18T16:07:33.769182+00:00
8762,INPROC_E42B9C,1,10,team1,Team 1 (N/S),79,41,16,♦,finished,2026-05-18T16:07:33.779773+00:00
8763,INPROC_034C24,1,10,team2,Team 2 (E/W),48,72,34,♠,finished,2026-05-18T16:07:33.788074+00:00
8764,INPROC_90A92B,1,10,team2,Team 2 (E/W),55,65,13,♦,finished,2026-05-18T16:07:33.802022+00:00
8765,INPROC_341A85,1,10,team2,Team 2 (E/W),32,88,26,♥,finished,2026-05-18T16:07:33.811829+00:00
8766,INPROC_D9410D,1,10,team2,Team 2 (E/W),35,85,32,♠,finished,2026-05-18T16:07:33.825694+00:00
8767,INPROC_5B2801,1,10,team1,Team 1 (N/S),104,16,27,♥,finished,2026-05-18T16:07:33.839965+00:00
8768,INPROC_678DA5,1,10,team2,Team 2 (E/W),37,83,31,♠,finished,2026-05-18T16:07:33.854732+00:00
8769,INPROC_84EFF0,1,10,team2,Team 2 (E/W),52,68,18,♦,finished,2026-05-18T16:07:33.873206+00:00
8770,INPROC_681292,1,10,team1,Team 1 (N/S),66,54,19,♦,finished,2026-05-18T16:07:33.891390+00:00
8771,INPROC_C4074C,1,10,draw,draw,60,60,22,♥,finished,2026-05-18T16:07:33.905917+00:00
8772,INPROC_650840,1,10,team2,Team 2 (E/W),53,67,19,♦,finished,2026-05-18T16:07:33.923370+00:00
8773,INPROC_16E090,1,10,team2,Team 2 (E/W),0,120,17,♦,finished,2026-05-18T16:07:33.937879+00:00
8774,INPROC_E5B2EE,1,10,team2,Team 2 (E/W),41,79,29,♥,finished,2026-05-18T16:07:33.953566+00:00
8775,INPROC_569AA1,1,10,team1,Team 1 (N/S),80,40,37,♠,finished,2026-05-18T16:07:33.969255+00:00
8776,INPROC_04682F,1,10,team2,Team 2 (E/W),43,77,34,♠,finished,2026-05-18T16:07:33.982846+00:00
8777,INPROC_4724D6,1,10,team2,Team 2 (E/W),16,104,8,♣,finished,2026-05-18T16:07:33.995641+00:00
8778,INPROC_CA67C3,1,10,team1,Team 1 (N/S),71,49,2,♣,finished,2026-05-18T16:07:34.011123+00:00
8779,INPROC_7D1928,1,10,team2,Team 2 (E/W),16,104,12,♦,finished,2026-05-18T16:07:34.026613+00:00
8780,INPROC_E78F27,1,10,team2,Team 2 (E/W),15,105,15,♦,finished,2026-05-18T16:07:34.039078+00:00
8781,INPROC_202D69,1,10,team2,Team 2 (E/W),38,82,19,♦,finished,2026-05-18T16:07:34.048930+00:00
8782,INPROC_03ECEC,1,10,team1,Team 1 (N/S),96,24,1,♣,finished,2026-05-18T16:07:34.063671+00:00
8783,INPROC_0CCA1A,1,10,team2,Team 2 (E/W),40,80,35,♠,finished,2026-05-18T16:07:34.073235+00:00
8784,INPROC_94BE03,1,10,team2,Team 2 (E/W),44,76,20,♥,finished,2026-05-18T16:07:34.087066+00:00
8785,INPROC_E508FB,1,10,team2,Team 2 (E/W),30,90,35,♠,finished,2026-05-18T16:07:34.095643+00:00
8786,INPROC_4510D2,1,10,team1,Team 1 (N/S),66,54,10,♦,finished,2026-05-18T16:07:34.107128+00:00
8787,INPROC_3C72D8,1,10,team1,Team 1 (N/S),70,50,1,♣,finished,2026-05-18T16:07:34.120991+00:00
8788,INPROC_17FFB9,1,10,team2,Team 2 (E/W),57,63,34,♠,finished,2026-05-18T16:07:34.134758+00:00
8789,INPROC_BD4782,1,10,team1,Team 1 (N/S),63,57,14,♦,finished,2026-05-18T16:07:34.146025+00:00
8790,INPROC_ACDDBA,1,10,team1,Team 1 (N/S),66,54,28,♥,finished,2026-05-18T16:07:34.160401+00:00
8791,INPROC_195E81,1,10,team2,Team 2 (E/W),59,61,12,♦,finished,2026-05-18T16:07:34.173279+00:00
8792,INPROC_57919F,1,10,team1,Team 1 (N/S),83,37,33,♠,finished,2026-05-18T16:07:34.186618+00:00
8793,INPROC_5027B0,1,10,team2,Team 2 (E/W),48,72,39,♠,finished,2026-05-18T16:07:34.201741+00:00
8794,INPROC_4AB48D,1,10,team2,Team 2 (E/W),16,104,15,♦,finished,2026-05-18T16:07:34.215782+00:00
8795,INPROC_025F7E,1,10,draw,draw,60,60,31,♠,finished,2026-05-18T16:07:34.229166+00:00
8796,INPROC_D76C63,1,10,team2,Team 2 (E/W),26,94,25,♥,finished,2026-05-18T16:07:34.243440+00:00
8797,INPROC_42443C,1,10,team2,Team 2 (E/W),55,65,17,♦,finished,2026-05-18T16:07:34.258938+00:00
8798,INPROC_FD261A,1,10,draw,draw,60,60,5,♣,finished,2026-05-18T16:07:34.272765+00:00
8799,INPROC_32322A,1,10,team1,Team 1 (N/S),78,42,24,♥,finished,2026-05-18T16:07:34.286472+00:00
8800,INPROC_C2A0C0,1,10,team1,Team 1 (N/S),97,23,21,♥,finished,2026-05-18T16:07:34.300517+00:00
8801,INPROC_BEF404,1,10,team2,Team 2 (E/W),58,62,14,♦,finished,2026-05-18T16:07:35.008612+00:00
8802,INPROC_E2FC49,1,10,team1,Team 1 (N/S),67,53,15,♦,finished,2026-05-18T16:07:35.022760+00:00
8803,INPROC_A488AD,1,10,team1,Team 1 (N/S),72,48,29,♥,finished,2026-05-18T16:07:35.032572+00:00
8804,INPROC_505CCF,1,10,team2,Team 2 (E/W),51,69,39,♠,finished,2026-05-18T16:07:35.043270+00:00
8805,INPROC_E07542,1,10,team2,Team 2 (E/W),59,61,21,♥,finished,2026-05-18T16:07:35.053235+00:00
8806,INPROC_4BEEA8,1,10,team1,Team 1 (N/S),73,47,37,♠,finished,2026-05-18T16:07:35.066807+00:00
8807,INPROC_D6373C,1,10,team2,Team 2 (E/W),55,65,23,♥,finished,2026-05-18T16:07:35.080022+00:00
8808,INPROC_1B5627,1,10,team1,Team 1 (N/S),92,28,30,♠,finished,2026-05-18T16:07:35.095608+00:00
8809,INPROC_6F371C,1,10,team1,Team 1 (N/S),71,49,38,♠,finished,2026-05-18T16:07:35.110341+00:00
8810,INPROC_B33369,1,10,team1,Team 1 (N/S),70,50,11,♦,finished,2026-05-18T16:07:35.123331+00:00
8811,INPROC_C57223,1,10,team1,Team 1 (N/S),79,41,2,♣,finished,2026-05-18T16:07:35.138305+00:00
8812,INPROC_FE3CF6,1,10,team2,Team 2 (E/W),46,74,27,♥,finished,2026-05-18T16:07:35.152831+00:00
8813,INPROC_9467BD,1,10,team1,Team 1 (N/S),102,18,33,♠,finished,2026-05-18T16:07:35.170277+00:00
8814,INPROC_646DCA,1,10,team1,Team 1 (N/S),101,19,36,♠,finished,2026-05-18T16:07:35.186565+00:00
8815,INPROC_0BFE1C,1,10,team2,Team 2 (E/W),30,90,16,♦,finished,2026-05-18T16:07:35.202229+00:00
8816,INPROC_94959E,1,10,team2,Team 2 (E/W),55,65,39,♠,finished,2026-05-18T16:07:35.214998+00:00
8817,INPROC_1535B9,1,10,team2,Team 2 (E/W),53,67,29,♥,finished,2026-05-18T16:07:35.231627+00:00
8818,INPROC_476629,1,10,team1,Team 1 (N/S),82,38,6,♣,finished,2026-05-18T16:07:35.243675+00:00
8819,INPROC_A6EC5B,1,10,team2,Team 2 (E/W),28,92,16,♦,finished,2026-05-18T16:07:35.256317+00:00
8820,INPROC_271371,1,10,team2,Team 2 (E/W),41,79,6,♣,finished,2026-05-18T16:07:35.270987+00:00
8821,INPROC_143BC2,1,10,team1,Team 1 (N/S),78,42,14,♦,finished,2026-05-18T16:07:35.288839+00:00
8822,INPROC_CB09A4,1,10,team2,Team 2 (E/W),38,82,5,♣,finished,2026-05-18T16:07:35.309058+00:00
8823,INPROC_59640E,1,10,team2,Team 2 (E/W),12,108,38,♠,finished,2026-05-18T16:07:35.324637+00:00
8824,INPROC_BAF3AE,1,10,team1,Team 1 (N/S),111,9,10,♦,finished,2026-05-18T16:07:35.341095+00:00
8825,INPROC_F5CB1F,1,10,team2,Team 2 (E/W),37,83,29,♥,finished,2026-05-18T16:07:35.355067+00:00
8826,INPROC_43AC1D,1,10,team2,Team 2 (E/W),3,117,28,♥,finished,2026-05-18T16:07:35.369569+00:00
8827,INPROC_C5C033,1,10,team1,Team 1 (N/S),61,59,38,♠,finished,2026-05-18T16:07:35.386687+00:00
8828,INPROC_CB3F18,1,10,team2,Team 2 (E/W),51,69,12,♦,finished,2026-05-18T16:07:35.404022+00:00
8829,INPROC_E8E474,1,10,team2,Team 2 (E/W),5,115,8,♣,finished,2026-05-18T16:07:35.421578+00:00
8830,INPROC_79BD35,1,10,team1,Team 1 (N/S),76,44,26,♥,finished,2026-05-18T16:07:35.436417+00:00
8831,INPROC_C96A82,1,10,team2,Team 2 (E/W),45,75,26,♥,finished,2026-05-18T16:07:35.450421+00:00
8832,INPROC_8DBA06,1,10,team2,Team 2 (E/W),47,73,0,♣,finished,2026-05-18T16:07:35.465791+00:00
8833,INPROC_53CC4D,1,10,team2,Team 2 (E/W),17,103,27,♥,finished,2026-05-18T16:07:35.483513+00:00
8834,INPROC_BAD8D4,1,10,team2,Team 2 (E/W),43,77,18,♦,finished,2026-05-18T16:07:35.501031+00:00
8835,INPROC_4144B3,1,10,team1,Team 1 (N/S),67,53,0,♣,finished,2026-05-18T16:07:35.519472+00:00
8836,INPROC_E51CE0,1,10,team2,Team 2 (E/W),59,61,31,♠,finished,2026-05-18T16:07:35.534656+00:00
8837,INPROC_028206,1,10,team2,Team 2 (E/W),46,74,0,♣,finished,2026-05-18T16:07:35.552247+00:00
8838,INPROC_9B9715,1,10,team1,Team 1 (N/S),80,40,10,♦,finished,2026-05-18T16:07:35.569267+00:00
8839,INPROC_AC7D9A,1,10,team2,Team 2 (E/W),34,86,33,♠,finished,2026-05-18T16:07:35.581085+00:00
8840,INPROC_B20DF9,1,10,team2,Team 2 (E/W),34,86,3,♣,finished,2026-05-18T16:07:35.597953+00:00
8841,INPROC_AEB259,1,10,team1,Team 1 (N/S),63,57,24,♥,finished,2026-05-18T16:07:35.613909+00:00
8842,INPROC_9801C8,1,10,team2,Team 2 (E/W),6,114,18,♦,finished,2026-05-18T16:07:35.628525+00:00
8843,INPROC_286F2D,1,10,team1,Team 1 (N/S),90,30,21,♥,finished,2026-05-18T16:07:35.644267+00:00
8844,INPROC_9D8510,1,10,team1,Team 1 (N/S),68,52,15,♦,finished,2026-05-18T16:07:35.662151+00:00
8845,INPROC_BC2585,1,10,team2,Team 2 (E/W),57,63,36,♠,finished,2026-05-18T16:07:35.679270+00:00
8846,INPROC_C5A194,1,10,team2,Team 2 (E/W),0,120,29,♥,finished,2026-05-18T16:07:35.690676+00:00
8847,INPROC_80CF42,1,10,team2,Team 2 (E/W),52,68,7,♣,finished,2026-05-18T16:07:35.703480+00:00
8848,INPROC_F727B0,1,10,team2,Team 2 (E/W),44,76,34,♠,finished,2026-05-18T16:07:35.715831+00:00
8849,INPROC_262A71,1,10,team1,Team 1 (N/S),79,41,24,♥,finished,2026-05-18T16:07:35.727692+00:00
8850,INPROC_783530,1,10,team1,Team 1 (N/S),66,54,33,♠,finished,2026-05-18T16:07:35.737975+00:00
8851,INPROC_F639B5,1,10,team2,Team 2 (E/W),20,100,28,♥,finished,2026-05-18T16:07:35.751918+00:00
8852,INPROC_96368E,1,10,team2,Team 2 (E/W),24,96,23,♥,finished,2026-05-18T16:07:35.765448+00:00
8853,INPROC_8F33EF,1,10,team2,Team 2 (E/W),50,70,22,♥,finished,2026-05-18T16:07:35.778926+00:00
8854,INPROC_644938,1,10,team2,Team 2 (E/W),33,87,37,♠,finished,2026-05-18T16:07:35.791935+00:00
8855,INPROC_6E3B5F,1,10,team2,Team 2 (E/W),36,84,20,♥,finished,2026-05-18T16:07:35.807892+00:00
8856,INPROC_C44121,1,10,team2,Team 2 (E/W),50,70,30,♠,finished,2026-05-18T16:07:35.820850+00:00
8857,INPROC_B41E84,1,10,team2,Team 2 (E/W),53,67,20,♥,finished,2026-05-18T16:07:35.836212+00:00
8858,INPROC_58EBC4,1,10,team1,Team 1 (N/S),85,35,11,♦,finished,2026-05-18T16:07:35.847134+00:00
8859,INPROC_58E57C,1,10,team2,Team 2 (E/W),59,61,13,♦,finished,2026-05-18T16:07:35.857168+00:00
8860,INPROC_BC00EB,1,10,team1,Team 1 (N/S),64,56,33,♠,finished,2026-05-18T16:07:35.875011+00:00
8861,INPROC_E19CE1,1,10,team2,Team 2 (E/W),26,94,33,♠,finished,2026-05-18T16:07:35.890177+00:00
8862,INPROC_CAB942,1,10,team2,Team 2 (E/W),46,74,36,♠,finished,2026-05-18T16:07:35.906277+00:00
8863,INPROC_06651B,1,10,team1,Team 1 (N/S),96,24,23,♥,finished,2026-05-18T16:07:35.922062+00:00
8864,INPROC_6A8D07,1,10,team1,Team 1 (N/S),98,22,8,♣,finished,2026-05-18T16:07:35.936189+00:00
8865,INPROC_FC6F82,1,10,team2,Team 2 (E/W),38,82,22,♥,finished,2026-05-18T16:07:35.949986+00:00
8866,INPROC_9C55F3,1,10,team2,Team 2 (E/W),49,71,19,♦,finished,2026-05-18T16:07:35.964064+00:00
8867,INPROC_6701FE,1,10,team1,Team 1 (N/S),90,30,16,♦,finished,2026-05-18T16:07:35.975740+00:00
8868,INPROC_A7A3B0,1,10,team2,Team 2 (E/W),57,63,16,♦,finished,2026-05-18T16:07:35.987724+00:00
8869,INPROC_73181B,1,10,team1,Team 1 (N/S),78,42,15,♦,finished,2026-05-18T16:07:36.000435+00:00
8870,INPROC_8FB535,1,10,team2,Team 2 (E/W),50,70,17,♦,finished,2026-05-18T16:07:36.014015+00:00
8871,INPROC_97E9C4,1,10,team2,Team 2 (E/W),41,79,16,♦,finished,2026-05-18T16:07:36.026578+00:00
8872,INPROC_82DC9C,1,10,team1,Team 1 (N/S),105,15,12,♦,finished,2026-05-18T16:07:36.040712+00:00
8873,INPROC_B74F2B,1,10,team1,Team 1 (N/S),71,49,11,♦,finished,2026-05-18T16:07:36.053873+00:00
8874,INPROC_B39901,1,10,team2,Team 2 (E/W),21,99,3,♣,finished,2026-05-18T16:07:36.069259+00:00
8875,INPROC_313F89,1,10,team1,Team 1 (N/S),101,19,36,♠,finished,2026-05-18T16:07:36.084257+00:00
8876,INPROC_8394BA,1,10,team1,Team 1 (N/S),109,11,37,♠,finished,2026-05-18T16:07:36.100317+00:00
8877,INPROC_80DC97,1,10,team2,Team 2 (E/W),13,107,8,♣,finished,2026-05-18T16:07:36.117055+00:00
8878,INPROC_1959CA,1,10,team2,Team 2 (E/W),49,71,8,♣,finished,2026-05-18T16:07:36.129991+00:00
8879,INPROC_A99623,1,10,team1,Team 1 (N/S),65,55,18,♦,finished,2026-05-18T16:07:36.143112+00:00
8880,INPROC_9B6808,1,10,team1,Team 1 (N/S),84,36,36,♠,finished,2026-05-18T16:07:36.154429+00:00
8881,INPROC_5CAC30,1,10,team1,Team 1 (N/S),108,12,35,♠,finished,2026-05-18T16:07:36.168592+00:00
8882,INPROC_97A903,1,10,team2,Team 2 (E/W),32,88,37,♠,finished,2026-05-18T16:07:36.182690+00:00
8883,INPROC_C9ECE1,1,10,team1,Team 1 (N/S),82,38,8,♣,finished,2026-05-18T16:07:36.196404+00:00
8884,INPROC_529EC2,1,10,team1,Team 1 (N/S),78,42,6,♣,finished,2026-05-18T16:07:36.211285+00:00
8885,INPROC_42746C,1,10,team2,Team 2 (E/W),41,79,22,♥,finished,2026-05-18T16:07:36.224924+00:00
8886,INPROC_D9D677,1,10,team1,Team 1 (N/S),78,42,8,♣,finished,2026-05-18T16:07:36.240095+00:00
8887,INPROC_14589C,1,10,team1,Team 1 (N/S),63,57,2,♣,finished,2026-05-18T16:07:36.253835+00:00
8888,INPROC_D269CD,1,10,team1,Team 1 (N/S),68,52,27,♥,finished,2026-05-18T16:07:36.266160+00:00
8889,INPROC_B3298A,1,10,team2,Team 2 (E/W),26,94,39,♠,finished,2026-05-18T16:07:36.279747+00:00
8890,INPROC_0E8D31,1,10,team2,Team 2 (E/W),54,66,32,♠,finished,2026-05-18T16:07:36.294128+00:00
8891,INPROC_EB191D,1,10,team1,Team 1 (N/S),66,54,15,♦,finished,2026-05-18T16:07:36.309262+00:00
8892,INPROC_2CE78A,1,10,team1,Team 1 (N/S),87,33,14,♦,finished,2026-05-18T16:07:36.324899+00:00
8893,INPROC_5FDD12,1,10,team1,Team 1 (N/S),88,32,23,♥,finished,2026-05-18T16:07:36.340246+00:00
8894,INPROC_950DC7,1,10,team1,Team 1 (N/S),73,47,16,♦,finished,2026-05-18T16:07:36.355386+00:00
8895,INPROC_D079D3,1,10,team2,Team 2 (E/W),56,64,7,♣,finished,2026-05-18T16:07:36.368606+00:00
8896,INPROC_5B4E26,1,10,team2,Team 2 (E/W),30,90,14,♦,finished,2026-05-18T16:07:36.382658+00:00
8897,INPROC_99C1E6,1,10,team1,Team 1 (N/S),69,51,11,♦,finished,2026-05-18T16:07:36.397536+00:00
8898,INPROC_81861B,1,10,team2,Team 2 (E/W),27,93,38,♠,finished,2026-05-18T16:07:36.413846+00:00
8899,INPROC_21CC11,1,10,team2,Team 2 (E/W),16,104,38,♠,finished,2026-05-18T16:07:36.428447+00:00
8900,INPROC_E63E24,1,10,team2,Team 2 (E/W),47,73,4,♣,finished,2026-05-18T16:07:36.443863+00:00
8901,INPROC_D58643,1,10,team1,Team 1 (N/S),87,33,21,♥,finished,2026-05-18T16:07:36.459302+00:00
8902,INPROC_6A2ADE,1,10,team1,Team 1 (N/S),120,0,23,♥,finished,2026-05-18T16:07:36.475476+00:00
8903,INPROC_051FCA,1,10,team1,Team 1 (N/S),86,34,12,♦,finished,2026-05-18T16:07:36.492551+00:00
8904,INPROC_CA74A9,1,10,team1,Team 1 (N/S),83,37,38,♠,finished,2026-05-18T16:07:36.504704+00:00
8905,INPROC_5C1399,1,10,team1,Team 1 (N/S),79,41,27,♥,finished,2026-05-18T16:07:36.524872+00:00
8906,INPROC_F61142,1,10,team2,Team 2 (E/W),54,66,29,♥,finished,2026-05-18T16:07:36.541164+00:00
8907,INPROC_57004A,1,10,team2,Team 2 (E/W),59,61,30,♠,finished,2026-05-18T16:07:36.550256+00:00
8908,INPROC_B7BFC0,1,10,team1,Team 1 (N/S),74,46,11,♦,finished,2026-05-18T16:07:36.564088+00:00
8909,INPROC_11F16D,1,10,team2,Team 2 (E/W),45,75,12,♦,finished,2026-05-18T16:07:36.578568+00:00
8910,INPROC_636EE4,1,10,team1,Team 1 (N/S),66,54,32,♠,finished,2026-05-18T16:07:36.592474+00:00
8911,INPROC_3C7ECA,1,10,team2,Team 2 (E/W),32,88,19,♦,finished,2026-05-18T16:07:36.605617+00:00
8912,INPROC_3291FD,1,10,team1,Team 1 (N/S),86,34,29,♥,finished,2026-05-18T16:07:36.619664+00:00
8913,INPROC_E02518,1,10,team1,Team 1 (N/S),63,57,19,♦,finished,2026-05-18T16:07:36.633500+00:00
8914,INPROC_524750,1,10,team1,Team 1 (N/S),79,41,13,♦,finished,2026-05-18T16:07:36.649224+00:00
8915,INPROC_573F83,1,10,team1,Team 1 (N/S),88,32,37,♠,finished,2026-05-18T16:07:36.664174+00:00
8916,INPROC_F58274,1,10,team1,Team 1 (N/S),73,47,26,♥,finished,2026-05-18T16:07:36.679368+00:00
8917,INPROC_DA6842,1,10,team2,Team 2 (E/W),21,99,12,♦,finished,2026-05-18T16:07:36.693706+00:00
8918,INPROC_D8E4CE,1,10,team2,Team 2 (E/W),50,70,29,♥,finished,2026-05-18T16:07:36.709393+00:00
8919,INPROC_20B669,1,10,team2,Team 2 (E/W),38,82,17,♦,finished,2026-05-18T16:07:36.725302+00:00
8920,INPROC_911783,1,10,team1,Team 1 (N/S),66,54,32,♠,finished,2026-05-18T16:07:36.739428+00:00
8921,INPROC_7CF321,1,10,team2,Team 2 (E/W),15,105,23,♥,finished,2026-05-18T16:07:36.755793+00:00
8922,INPROC_4E862F,1,10,team2,Team 2 (E/W),49,71,16,♦,finished,2026-05-18T16:07:36.771514+00:00
8923,INPROC_8F68A9,1,10,team2,Team 2 (E/W),55,65,14,♦,finished,2026-05-18T16:07:36.787947+00:00
8924,INPROC_DEC20F,1,10,team1,Team 1 (N/S),66,54,16,♦,finished,2026-05-18T16:07:36.804793+00:00
8925,INPROC_B50F48,1,10,team2,Team 2 (E/W),51,69,13,♦,finished,2026-05-18T16:07:36.820106+00:00
8926,INPROC_3BA2F8,1,10,team2,Team 2 (E/W),51,69,39,♠,finished,2026-05-18T16:07:36.836349+00:00
8927,INPROC_A5743C,1,10,team2,Team 2 (E/W),45,75,39,♠,finished,2026-05-18T16:07:36.851316+00:00
8928,INPROC_F80A46,1,10,team1,Team 1 (N/S),69,51,10,♦,finished,2026-05-18T16:07:36.862122+00:00
8929,INPROC_6369F6,1,10,team2,Team 2 (E/W),42,78,5,♣,finished,2026-05-18T16:07:36.877259+00:00
8930,INPROC_63AB92,1,10,team1,Team 1 (N/S),88,32,18,♦,finished,2026-05-18T16:07:36.889692+00:00
8931,INPROC_A5CBC2,1,10,team1,Team 1 (N/S),100,20,3,♣,finished,2026-05-18T16:07:36.904607+00:00
8932,INPROC_1B1332,1,10,team1,Team 1 (N/S),63,57,3,♣,finished,2026-05-18T16:07:36.919838+00:00
8933,INPROC_9F39A1,1,10,team2,Team 2 (E/W),56,64,26,♥,finished,2026-05-18T16:07:36.935329+00:00
8934,INPROC_C81638,1,10,team1,Team 1 (N/S),71,49,25,♥,finished,2026-05-18T16:07:36.951769+00:00
8935,INPROC_F74B68,1,10,team1,Team 1 (N/S),65,55,17,♦,finished,2026-05-18T16:07:36.967256+00:00
8936,INPROC_A56FA0,1,10,team1,Team 1 (N/S),85,35,20,♥,finished,2026-05-18T16:07:36.982566+00:00
8937,INPROC_8134E3,1,10,team1,Team 1 (N/S),63,57,1,♣,finished,2026-05-18T16:07:36.998751+00:00
8938,INPROC_DF902E,1,10,team2,Team 2 (E/W),25,95,28,♥,finished,2026-05-18T16:07:37.016266+00:00
8939,INPROC_FE618E,1,10,team2,Team 2 (E/W),37,83,8,♣,finished,2026-05-18T16:07:37.031698+00:00
8940,INPROC_11EF43,1,10,team1,Team 1 (N/S),80,40,13,♦,finished,2026-05-18T16:07:37.048215+00:00
8941,INPROC_E9D5E9,1,10,team1,Team 1 (N/S),71,49,27,♥,finished,2026-05-18T16:07:37.064120+00:00
8942,INPROC_3D9141,1,10,team2,Team 2 (E/W),48,72,6,♣,finished,2026-05-18T16:07:37.080667+00:00
8943,INPROC_B456A5,1,10,team2,Team 2 (E/W),38,82,18,♦,finished,2026-05-18T16:07:37.098229+00:00
8944,INPROC_4D0A78,1,10,team2,Team 2 (E/W),59,61,26,♥,finished,2026-05-18T16:07:37.107645+00:00
8945,INPROC_9BA6CE,1,10,team1,Team 1 (N/S),99,21,33,♠,finished,2026-05-18T16:07:37.124086+00:00
8946,INPROC_610E4E,1,10,team1,Team 1 (N/S),120,0,4,♣,finished,2026-05-18T16:07:37.136268+00:00
8947,INPROC_7696F0,1,10,team2,Team 2 (E/W),44,76,37,♠,finished,2026-05-18T16:07:37.146389+00:00
8948,INPROC_15A35B,1,10,team1,Team 1 (N/S),64,56,22,♥,finished,2026-05-18T16:07:37.164407+00:00
8949,INPROC_3D63A6,1,10,team1,Team 1 (N/S),77,43,10,♦,finished,2026-05-18T16:07:37.180306+00:00
8950,INPROC_F22B61,1,10,team1,Team 1 (N/S),79,41,18,♦,finished,2026-05-18T16:07:37.194308+00:00
8951,INPROC_2CCEB4,1,10,team2,Team 2 (E/W),58,62,16,♦,finished,2026-05-18T16:07:37.210100+00:00
8952,INPROC_02CB62,1,10,team1,Team 1 (N/S),97,23,17,♦,finished,2026-05-18T16:07:37.226133+00:00
8953,INPROC_007339,1,10,team1,Team 1 (N/S),91,29,28,♥,finished,2026-05-18T16:07:37.241927+00:00
8954,INPROC_4DE606,1,10,team1,Team 1 (N/S),65,55,18,♦,finished,2026-05-18T16:07:37.257756+00:00
8955,INPROC_B30AD7,1,10,team1,Team 1 (N/S),70,50,20,♥,finished,2026-05-18T16:07:37.274855+00:00
8956,INPROC_E83038,1,10,team2,Team 2 (E/W),47,73,35,♠,finished,2026-05-18T16:07:37.291879+00:00
8957,INPROC_9A78EB,1,10,team2,Team 2 (E/W),49,71,37,♠,finished,2026-05-18T16:07:37.307977+00:00
8958,INPROC_EB63C9,1,10,team1,Team 1 (N/S),98,22,0,♣,finished,2026-05-18T16:07:37.324664+00:00
8959,INPROC_2B9F9A,1,10,team1,Team 1 (N/S),94,26,3,♣,finished,2026-05-18T16:07:37.342829+00:00
8960,INPROC_4DE7B7,1,10,team1,Team 1 (N/S),85,35,17,♦,finished,2026-05-18T16:07:37.358763+00:00
8961,INPROC_8B0CAA,1,10,team1,Team 1 (N/S),81,39,18,♦,finished,2026-05-18T16:07:37.374734+00:00
8962,INPROC_88085A,1,10,team1,Team 1 (N/S),84,36,5,♣,finished,2026-05-18T16:07:37.388441+00:00
8963,INPROC_CFD64B,1,10,team2,Team 2 (E/W),45,75,11,♦,finished,2026-05-18T16:07:37.404478+00:00
8964,INPROC_FFCDFA,1,10,team2,Team 2 (E/W),49,71,16,♦,finished,2026-05-18T16:07:37.416632+00:00
8965,INPROC_EE421A,1,10,team2,Team 2 (E/W),54,66,25,♥,finished,2026-05-18T16:07:37.437278+00:00
8966,INPROC_5F7C35,1,10,team1,Team 1 (N/S),76,44,17,♦,finished,2026-05-18T16:07:37.454643+00:00
8967,INPROC_513565,1,10,team1,Team 1 (N/S),74,46,8,♣,finished,2026-05-18T16:07:37.471518+00:00
8968,INPROC_AD5A54,1,10,team2,Team 2 (E/W),55,65,7,♣,finished,2026-05-18T16:07:37.487095+00:00
8969,INPROC_E74923,1,10,team2,Team 2 (E/W),54,66,38,♠,finished,2026-05-18T16:07:37.502672+00:00
8970,INPROC_107F4D,1,10,team2,Team 2 (E/W),42,78,15,♦,finished,2026-05-18T16:07:37.519938+00:00
8971,INPROC_A61889,1,10,team2,Team 2 (E/W),54,66,4,♣,finished,2026-05-18T16:07:37.535471+00:00
8972,INPROC_430024,1,10,team1,Team 1 (N/S),91,29,34,♠,finished,2026-05-18T16:07:37.551337+00:00
8973,INPROC_293718,1,10,team1,Team 1 (N/S),62,58,13,♦,finished,2026-05-18T16:07:37.567280+00:00
8974,INPROC_995378,1,10,team2,Team 2 (E/W),59,61,18,♦,finished,2026-05-18T16:07:37.584217+00:00
8975,INPROC_53757D,1,10,team1,Team 1 (N/S),79,41,17,♦,finished,2026-05-18T16:07:37.599966+00:00
8976,INPROC_CBE401,1,10,team2,Team 2 (E/W),50,70,28,♥,finished,2026-05-18T16:07:37.616152+00:00
8977,INPROC_46FBA3,1,10,team2,Team 2 (E/W),39,81,28,♥,finished,2026-05-18T16:07:37.631290+00:00
8978,INPROC_BF34E3,1,10,team1,Team 1 (N/S),61,59,9,♣,finished,2026-05-18T16:07:37.648828+00:00
8979,INPROC_605522,1,10,team2,Team 2 (E/W),51,69,2,♣,finished,2026-05-18T16:07:37.665338+00:00
8980,INPROC_611424,1,10,team2,Team 2 (E/W),33,87,33,♠,finished,2026-05-18T16:07:37.681062+00:00
8981,INPROC_81F686,1,10,team2,Team 2 (E/W),27,93,29,♥,finished,2026-05-18T16:07:37.696885+00:00
8982,INPROC_DA3A3B,1,10,team2,Team 2 (E/W),40,80,39,♠,finished,2026-05-18T16:07:37.712496+00:00
8983,INPROC_6583CD,1,10,team2,Team 2 (E/W),34,86,15,♦,finished,2026-05-18T16:07:37.728267+00:00
8984,INPROC_24E81C,1,10,team2,Team 2 (E/W),29,91,24,♥,finished,2026-05-18T16:07:37.745004+00:00
8985,INPROC_734E43,1,10,team2,Team 2 (E/W),30,90,3,♣,finished,2026-05-18T16:07:37.759538+00:00
8986,INPROC_ED69E8,1,10,team2,Team 2 (E/W),38,82,39,♠,finished,2026-05-18T16:07:37.772224+00:00
8987,INPROC_A1C2FC,1,10,team1,Team 1 (N/S),90,30,4,♣,finished,2026-05-18T16:07:37.787081+00:00
8988,INPROC_E84F7D,1,10,team1,Team 1 (N/S),89,31,13,♦,finished,2026-05-18T16:07:37.801325+00:00
8989,INPROC_C85E8F,1,10,team1,Team 1 (N/S),62,58,19,♦,finished,2026-05-18T16:07:37.814547+00:00
8990,INPROC_30BFE5,1,10,team2,Team 2 (E/W),35,85,0,♣,finished,2026-05-18T16:07:37.830627+00:00
8991,INPROC_EB8F91,1,10,team2,Team 2 (E/W),32,88,22,♥,finished,2026-05-18T16:07:37.847062+00:00
8992,INPROC_D100CB,1,10,team1,Team 1 (N/S),96,24,0,♣,finished,2026-05-18T16:07:37.867196+00:00
8993,INPROC_662652,1,10,team2,Team 2 (E/W),45,75,18,♦,finished,2026-05-18T16:07:37.886700+00:00
8994,INPROC_BD5148,1,10,team2,Team 2 (E/W),47,73,22,♥,finished,2026-05-18T16:07:37.905629+00:00
8995,INPROC_B9AD65,1,10,team1,Team 1 (N/S),94,26,22,♥,finished,2026-05-18T16:07:37.925796+00:00
8996,INPROC_5A3A48,1,10,team2,Team 2 (E/W),45,75,35,♠,finished,2026-05-18T16:07:37.940971+00:00
8997,INPROC_A98CEE,1,10,team2,Team 2 (E/W),31,89,33,♠,finished,2026-05-18T16:07:37.959025+00:00
8998,INPROC_783E3D,1,10,draw,draw,60,60,30,♠,finished,2026-05-18T16:07:37.976756+00:00
8999,INPROC_A28DDB,1,10,team1,Team 1 (N/S),61,59,3,♣,finished,2026-05-18T16:07:37.994679+00:00
9000,INPROC_442877,1,10,team1,Team 1 (N/S),91,29,36,♠,finished,2026-05-18T16:07:38.011292+00:00
9001,INPROC_B1F71C,1,10,team2,Team 2 (E/W),57,63,8,♣,finished,2026-05-18T16:07:38.027234+00:00
9002,INPROC_1C2D99,1,10,team1,Team 1 (N/S),89,31,7,♣,finished,2026-05-18T16:07:38.042034+00:00
9003,INPROC_146F5C,1,10,team1,Team 1 (N/S),92,28,8,♣,finished,2026-05-18T16:07:38.057766+00:00
9004,INPROC_4388D0,1,10,team2,Team 2 (E/W),50,70,37,♠,finished,2026-05-18T16:07:38.073873+00:00
9005,INPROC_E81F3F,1,10,team2,Team 2 (E/W),47,73,18,♦,finished,2026-05-18T16:07:38.090076+00:00
9006,INPROC_728A7C,1,10,team1,Team 1 (N/S),70,50,0,♣,finished,2026-05-18T16:07:38.106882+00:00
9007,INPROC_70AE90,1,10,team1,Team 1 (N/S),96,24,34,♠,finished,2026-05-18T16:07:38.125525+00:00
9008,INPROC_775EBC,1,10,team1,Team 1 (N/S),80,40,11,♦,finished,2026-05-18T16:07:38.144957+00:00
9009,INPROC_57161E,1,10,team1,Team 1 (N/S),82,38,11,♦,finished,2026-05-18T16:07:38.165013+00:00
9010,INPROC_BEB5E0,1,10,team1,Team 1 (N/S),90,30,3,♣,finished,2026-05-18T16:07:38.184206+00:00
9011,INPROC_D09877,1,10,team1,Team 1 (N/S),71,49,13,♦,finished,2026-05-18T16:07:38.206848+00:00
9012,INPROC_F14634,1,10,team2,Team 2 (E/W),54,66,19,♦,finished,2026-05-18T16:07:38.226238+00:00
9013,INPROC_FD9CA4,1,10,team1,Team 1 (N/S),69,51,34,♠,finished,2026-05-18T16:07:38.244824+00:00
9014,INPROC_FC569A,1,10,team2,Team 2 (E/W),36,84,24,♥,finished,2026-05-18T16:07:38.260084+00:00
9015,INPROC_EADA17,1,10,team1,Team 1 (N/S),61,59,8,♣,finished,2026-05-18T16:07:38.276644+00:00
9016,INPROC_A4DE28,1,10,team1,Team 1 (N/S),68,52,6,♣,finished,2026-05-18T16:07:38.291690+00:00
9017,INPROC_336F9F,1,10,team2,Team 2 (E/W),43,77,22,♥,finished,2026-05-18T16:07:38.300421+00:00
9018,INPROC_E3F929,1,10,team1,Team 1 (N/S),63,57,24,♥,finished,2026-05-18T16:07:38.316692+00:00
9019,INPROC_53579D,1,10,team2,Team 2 (E/W),59,61,16,♦,finished,2026-05-18T16:07:38.330755+00:00
9020,INPROC_3BD9D3,1,10,team2,Team 2 (E/W),27,93,38,♠,finished,2026-05-18T16:07:38.346794+00:00
9021,INPROC_007B90,1,10,team1,Team 1 (N/S),79,41,24,♥,finished,2026-05-18T16:07:38.362767+00:00
9022,INPROC_3D65F5,1,10,team2,Team 2 (E/W),38,82,0,♣,finished,2026-05-18T16:07:38.378775+00:00
9023,INPROC_23FFB0,1,10,team1,Team 1 (N/S),79,41,36,♠,finished,2026-05-18T16:07:38.392778+00:00
9024,INPROC_1838CE,1,10,team2,Team 2 (E/W),24,96,12,♦,finished,2026-05-18T16:07:38.407683+00:00
9025,INPROC_C7E016,1,10,team2,Team 2 (E/W),17,103,30,♠,finished,2026-05-18T16:07:38.424196+00:00
9026,INPROC_4BD2F4,1,10,team1,Team 1 (N/S),104,16,17,♦,finished,2026-05-18T16:07:38.440456+00:00
9027,INPROC_61A266,1,10,team2,Team 2 (E/W),4,116,13,♦,finished,2026-05-18T16:07:38.458369+00:00
9028,INPROC_633B7C,1,10,team2,Team 2 (E/W),24,96,17,♦,finished,2026-05-18T16:07:38.478168+00:00
9029,INPROC_CE2079,1,10,team1,Team 1 (N/S),71,49,15,♦,finished,2026-05-18T16:07:38.496142+00:00
9030,INPROC_AB30C0,1,10,team1,Team 1 (N/S),94,26,3,♣,finished,2026-05-18T16:07:38.513494+00:00
9031,INPROC_BE2975,1,10,team2,Team 2 (E/W),43,77,16,♦,finished,2026-05-18T16:07:38.530342+00:00
9032,INPROC_895AC7,1,10,team2,Team 2 (E/W),31,89,19,♦,finished,2026-05-18T16:07:38.542786+00:00
9033,INPROC_451B19,1,10,team1,Team 1 (N/S),73,47,15,♦,finished,2026-05-18T16:07:38.558405+00:00
9034,INPROC_A78EF7,1,10,team1,Team 1 (N/S),75,45,7,♣,finished,2026-05-18T16:07:38.575468+00:00
9035,INPROC_72F6B4,1,10,team1,Team 1 (N/S),95,25,35,♠,finished,2026-05-18T16:07:38.592163+00:00
9036,INPROC_DCD6BB,1,10,team2,Team 2 (E/W),34,86,18,♦,finished,2026-05-18T16:07:38.608879+00:00
9037,INPROC_2BD2EC,1,10,team1,Team 1 (N/S),80,40,32,♠,finished,2026-05-18T16:07:38.625097+00:00
9038,INPROC_D066D5,1,10,team1,Team 1 (N/S),63,57,11,♦,finished,2026-05-18T16:07:38.640183+00:00
9039,INPROC_9CA852,1,10,team1,Team 1 (N/S),98,22,33,♠,finished,2026-05-18T16:07:38.655277+00:00
9040,INPROC_7CC6E7,1,10,team2,Team 2 (E/W),44,76,19,♦,finished,2026-05-18T16:07:38.672152+00:00
9041,INPROC_F474B1,1,10,team2,Team 2 (E/W),49,71,25,♥,finished,2026-05-18T16:07:38.689795+00:00
9042,INPROC_5F4EB5,1,10,team1,Team 1 (N/S),67,53,19,♦,finished,2026-05-18T16:07:38.705506+00:00
9043,INPROC_7B7C2E,1,10,team2,Team 2 (E/W),57,63,31,♠,finished,2026-05-18T16:07:38.721907+00:00
9044,INPROC_2B1E64,1,10,team1,Team 1 (N/S),63,57,32,♠,finished,2026-05-18T16:07:38.739721+00:00
9045,INPROC_629315,1,10,team2,Team 2 (E/W),58,62,36,♠,finished,2026-05-18T16:07:38.757794+00:00
9046,INPROC_B8CF7A,1,10,team1,Team 1 (N/S),69,51,1,♣,finished,2026-05-18T16:07:38.775471+00:00
9047,INPROC_BE9BCE,1,10,team1,Team 1 (N/S),68,52,24,♥,finished,2026-05-18T16:07:38.791133+00:00
9048,INPROC_EED6AD,1,10,team2,Team 2 (E/W),45,75,16,♦,finished,2026-05-18T16:07:38.807470+00:00
9049,INPROC_616BB8,1,10,team1,Team 1 (N/S),105,15,0,♣,finished,2026-05-18T16:07:38.827702+00:00
9050,INPROC_1D9161,1,10,team2,Team 2 (E/W),40,80,19,♦,finished,2026-05-18T16:07:38.846685+00:00
9051,INPROC_C8C75A,1,10,team1,Team 1 (N/S),91,29,3,♣,finished,2026-05-18T16:07:38.862605+00:00
9052,INPROC_EA24D5,1,10,team1,Team 1 (N/S),74,46,28,♥,finished,2026-05-18T16:07:38.875414+00:00
9053,INPROC_DA03DB,1,10,team2,Team 2 (E/W),57,63,26,♥,finished,2026-05-18T16:07:38.890926+00:00
9054,INPROC_806B48,1,10,team2,Team 2 (E/W),51,69,23,♥,finished,2026-05-18T16:07:38.906275+00:00
9055,INPROC_EE3945,1,10,team2,Team 2 (E/W),59,61,14,♦,finished,2026-05-18T16:07:38.923702+00:00
9056,INPROC_535D43,1,10,team1,Team 1 (N/S),74,46,37,♠,finished,2026-05-18T16:07:38.939286+00:00
9057,INPROC_D5F5BA,1,10,team1,Team 1 (N/S),65,55,11,♦,finished,2026-05-18T16:07:38.954786+00:00
9058,INPROC_F5DA41,1,10,team2,Team 2 (E/W),15,105,14,♦,finished,2026-05-18T16:07:38.975197+00:00
9059,INPROC_567C65,1,10,team2,Team 2 (E/W),0,120,27,♥,finished,2026-05-18T16:07:38.994840+00:00
9060,INPROC_386B78,1,10,team2,Team 2 (E/W),59,61,31,♠,finished,2026-05-18T16:07:39.009366+00:00
9061,INPROC_1D496B,1,10,team1,Team 1 (N/S),68,52,10,♦,finished,2026-05-18T16:07:39.024504+00:00
9062,INPROC_D75299,1,10,team1,Team 1 (N/S),74,46,27,♥,finished,2026-05-18T16:07:39.043835+00:00
9063,INPROC_62B412,1,10,team1,Team 1 (N/S),66,54,6,♣,finished,2026-05-18T16:07:39.061677+00:00
9064,INPROC_CCB5FA,1,10,team1,Team 1 (N/S),84,36,1,♣,finished,2026-05-18T16:07:39.080202+00:00
9065,INPROC_B6C136,1,10,team1,Team 1 (N/S),104,16,32,♠,finished,2026-05-18T16:07:39.091672+00:00
9066,INPROC_A72AFF,1,10,team2,Team 2 (E/W),28,92,19,♦,finished,2026-05-18T16:07:39.106439+00:00
9067,INPROC_2BEA95,1,10,team1,Team 1 (N/S),93,27,14,♦,finished,2026-05-18T16:07:39.122730+00:00
9068,INPROC_27F3A1,1,10,team2,Team 2 (E/W),15,105,25,♥,finished,2026-05-18T16:07:39.140265+00:00
9069,INPROC_955CDF,1,10,team2,Team 2 (E/W),33,87,23,♥,finished,2026-05-18T16:07:39.156935+00:00
9070,INPROC_24F307,1,10,team2,Team 2 (E/W),44,76,38,♠,finished,2026-05-18T16:07:39.175664+00:00
9071,INPROC_8B012C,1,10,team2,Team 2 (E/W),56,64,24,♥,finished,2026-05-18T16:07:39.191634+00:00
9072,INPROC_9CF711,1,10,team1,Team 1 (N/S),77,43,22,♥,finished,2026-05-18T16:07:39.207256+00:00
9073,INPROC_7BF721,1,10,team1,Team 1 (N/S),69,51,34,♠,finished,2026-05-18T16:07:39.223542+00:00
9074,INPROC_7267C2,1,10,team1,Team 1 (N/S),66,54,20,♥,finished,2026-05-18T16:07:39.239031+00:00
9075,INPROC_9A8404,1,10,team2,Team 2 (E/W),54,66,21,♥,finished,2026-05-18T16:07:39.254907+00:00
9076,INPROC_CECDA9,1,10,team2,Team 2 (E/W),0,120,20,♥,finished,2026-05-18T16:07:39.271264+00:00
9077,INPROC_6B63C3,1,10,team2,Team 2 (E/W),53,67,32,♠,finished,2026-05-18T16:07:39.288201+00:00
9078,INPROC_BFCA67,1,10,team2,Team 2 (E/W),57,63,39,♠,finished,2026-05-18T16:07:39.304214+00:00
9079,INPROC_897AE7,1,10,draw,draw,60,60,24,♥,finished,2026-05-18T16:07:39.320324+00:00
9080,INPROC_8D3475,1,10,team1,Team 1 (N/S),86,34,3,♣,finished,2026-05-18T16:07:39.338672+00:00
9081,INPROC_23BFEB,1,10,team1,Team 1 (N/S),74,46,23,♥,finished,2026-05-18T16:07:39.355375+00:00
9082,INPROC_35F47E,1,10,team1,Team 1 (N/S),72,48,25,♥,finished,2026-05-18T16:07:39.370928+00:00
9083,INPROC_44715D,1,10,team1,Team 1 (N/S),83,37,9,♣,finished,2026-05-18T16:07:39.387118+00:00
9084,INPROC_987030,1,10,team2,Team 2 (E/W),53,67,6,♣,finished,2026-05-18T16:07:39.404767+00:00
9085,INPROC_7F0472,1,10,team2,Team 2 (E/W),43,77,2,♣,finished,2026-05-18T16:07:39.421212+00:00
9086,INPROC_275C9D,1,10,team2,Team 2 (E/W),21,99,22,♥,finished,2026-05-18T16:07:39.437305+00:00
9087,INPROC_F2A072,1,10,team1,Team 1 (N/S),65,55,30,♠,finished,2026-05-18T16:07:39.452911+00:00
9088,INPROC_474A70,1,10,team1,Team 1 (N/S),77,43,14,♦,finished,2026-05-18T16:07:39.469896+00:00
9089,INPROC_60812A,1,10,team1,Team 1 (N/S),94,26,21,♥,finished,2026-05-18T16:07:39.488991+00:00
9090,INPROC_D8F0FD,1,10,team2,Team 2 (E/W),26,94,27,♥,finished,2026-05-18T16:07:39.508802+00:00
9091,INPROC_C0528F,1,10,team2,Team 2 (E/W),43,77,4,♣,finished,2026-05-18T16:07:39.525348+00:00
9092,INPROC_AD4636,1,10,team2,Team 2 (E/W),44,76,1,♣,finished,2026-05-18T16:07:39.542114+00:00
9093,INPROC_5D6120,1,10,team2,Team 2 (E/W),38,82,26,♥,finished,2026-05-18T16:07:39.557224+00:00
9094,INPROC_AE991C,1,10,team1,Team 1 (N/S),87,33,16,♦,finished,2026-05-18T16:07:39.572185+00:00
9095,INPROC_71E22D,1,10,team1,Team 1 (N/S),61,59,32,♠,finished,2026-05-18T16:07:39.583414+00:00
9096,INPROC_4159BB,1,10,team1,Team 1 (N/S),88,32,26,♥,finished,2026-05-18T16:07:39.604346+00:00
9097,INPROC_4F4DBE,1,10,team2,Team 2 (E/W),32,88,30,♠,finished,2026-05-18T16:07:39.626153+00:00
9098,INPROC_A1C501,1,10,team2,Team 2 (E/W),51,69,12,♦,finished,2026-05-18T16:07:39.647123+00:00
9099,INPROC_8FF3E7,1,10,team1,Team 1 (N/S),87,33,32,♠,finished,2026-05-18T16:07:39.668420+00:00
9100,INPROC_5FC62E,1,10,team1,Team 1 (N/S),69,51,32,♠,finished,2026-05-18T16:07:39.687096+00:00
9101,INPROC_1EB207,1,10,team1,Team 1 (N/S),103,17,15,♦,finished,2026-05-18T16:07:39.703088+00:00
9102,INPROC_8E3FF2,1,10,team2,Team 2 (E/W),47,73,9,♣,finished,2026-05-18T16:07:39.714033+00:00
9103,INPROC_178049,1,10,team1,Team 1 (N/S),92,28,2,♣,finished,2026-05-18T16:07:39.729252+00:00
9104,INPROC_AF7B45,1,10,team2,Team 2 (E/W),22,98,14,♦,finished,2026-05-18T16:07:39.745071+00:00
9105,INPROC_10D2F4,1,10,team2,Team 2 (E/W),18,102,17,♦,finished,2026-05-18T16:07:39.762883+00:00
9106,INPROC_506769,1,10,team1,Team 1 (N/S),80,40,32,♠,finished,2026-05-18T16:07:39.781533+00:00
9107,INPROC_91FCE9,1,10,team1,Team 1 (N/S),100,20,12,♦,finished,2026-05-18T16:07:39.801561+00:00
9108,INPROC_11129D,1,10,team2,Team 2 (E/W),33,87,10,♦,finished,2026-05-18T16:07:39.822375+00:00
9109,INPROC_54F9A8,1,10,team1,Team 1 (N/S),97,23,25,♥,finished,2026-05-18T16:07:39.842562+00:00
9110,INPROC_E53475,1,10,draw,draw,60,60,30,♠,finished,2026-05-18T16:07:39.862746+00:00
9111,INPROC_3590DA,1,10,team1,Team 1 (N/S),78,42,1,♣,finished,2026-05-18T16:07:39.881833+00:00
9112,INPROC_842D17,1,10,team1,Team 1 (N/S),94,26,5,♣,finished,2026-05-18T16:07:39.896732+00:00
9113,INPROC_AFF917,1,10,team1,Team 1 (N/S),82,38,16,♦,finished,2026-05-18T16:07:39.912678+00:00
9114,INPROC_F6DB01,1,10,team1,Team 1 (N/S),86,34,22,♥,finished,2026-05-18T16:07:39.925865+00:00
9115,INPROC_CDA645,1,10,team1,Team 1 (N/S),74,46,0,♣,finished,2026-05-18T16:07:39.940699+00:00
9116,INPROC_BDF105,1,10,team2,Team 2 (E/W),39,81,2,♣,finished,2026-05-18T16:07:39.956424+00:00
9117,INPROC_F20D8F,1,10,team1,Team 1 (N/S),70,50,29,♥,finished,2026-05-18T16:07:39.973923+00:00
9118,INPROC_9ECDF1,1,10,team2,Team 2 (E/W),34,86,7,♣,finished,2026-05-18T16:07:39.992431+00:00
9119,INPROC_D1C14A,1,10,team2,Team 2 (E/W),27,93,21,♥,finished,2026-05-18T16:07:40.006468+00:00
9120,INPROC_323A70,1,10,team1,Team 1 (N/S),81,39,25,♥,finished,2026-05-18T16:07:40.025166+00:00
9121,INPROC_C33DC7,1,10,team1,Team 1 (N/S),61,59,36,♠,finished,2026-05-18T16:07:40.042584+00:00
9122,INPROC_EB0DD1,1,10,team1,Team 1 (N/S),62,58,8,♣,finished,2026-05-18T16:07:40.056110+00:00
9123,INPROC_C78FE6,1,10,team2,Team 2 (E/W),44,76,18,♦,finished,2026-05-18T16:07:40.069725+00:00
9124,INPROC_0BD058,1,10,team2,Team 2 (E/W),33,87,22,♥,finished,2026-05-18T16:07:40.084644+00:00
9125,INPROC_B45032,1,10,team2,Team 2 (E/W),23,97,13,♦,finished,2026-05-18T16:07:40.100610+00:00
9126,INPROC_CE09FC,1,10,team1,Team 1 (N/S),93,27,6,♣,finished,2026-05-18T16:07:40.115162+00:00
9127,INPROC_A04BBE,1,10,team2,Team 2 (E/W),36,84,28,♥,finished,2026-05-18T16:07:40.126749+00:00
9128,INPROC_571E1E,1,10,team2,Team 2 (E/W),32,88,10,♦,finished,2026-05-18T16:07:40.137725+00:00
9129,INPROC_531C6F,1,10,team1,Team 1 (N/S),95,25,15,♦,finished,2026-05-18T16:07:40.151361+00:00
9130,INPROC_6C17A3,1,10,team2,Team 2 (E/W),53,67,12,♦,finished,2026-05-18T16:07:40.165812+00:00
9131,INPROC_CFA77D,1,10,team1,Team 1 (N/S),67,53,17,♦,finished,2026-05-18T16:07:40.180043+00:00
9132,INPROC_AFA80C,1,10,team1,Team 1 (N/S),104,16,36,♠,finished,2026-05-18T16:07:40.195309+00:00
9133,INPROC_5744C3,1,10,team2,Team 2 (E/W),45,75,20,♥,finished,2026-05-18T16:07:40.212977+00:00
9134,INPROC_2B983A,1,10,team2,Team 2 (E/W),35,85,29,♥,finished,2026-05-18T16:07:40.229773+00:00
9135,INPROC_1FF1AB,1,10,team1,Team 1 (N/S),109,11,0,♣,finished,2026-05-18T16:07:40.243420+00:00
9136,INPROC_111A7C,1,10,team1,Team 1 (N/S),97,23,12,♦,finished,2026-05-18T16:07:40.259023+00:00
9137,INPROC_B095AB,1,10,team1,Team 1 (N/S),72,48,2,♣,finished,2026-05-18T16:07:40.267243+00:00
9138,INPROC_9B808C,1,10,team1,Team 1 (N/S),95,25,26,♥,finished,2026-05-18T16:07:40.276918+00:00
9139,INPROC_B630FD,1,10,team1,Team 1 (N/S),94,26,37,♠,finished,2026-05-18T16:07:40.292342+00:00
9140,INPROC_961D27,1,10,team1,Team 1 (N/S),67,53,2,♣,finished,2026-05-18T16:07:40.308294+00:00
9141,INPROC_EC2C88,1,10,team2,Team 2 (E/W),51,69,8,♣,finished,2026-05-18T16:07:40.324425+00:00
9142,INPROC_EF144F,1,10,team1,Team 1 (N/S),93,27,15,♦,finished,2026-05-18T16:07:40.339250+00:00
9143,INPROC_6CAB15,1,10,team2,Team 2 (E/W),58,62,7,♣,finished,2026-05-18T16:07:40.354263+00:00
9144,INPROC_9186DD,1,10,team1,Team 1 (N/S),95,25,33,♠,finished,2026-05-18T16:07:40.371996+00:00
9145,INPROC_B6207F,1,10,team1,Team 1 (N/S),71,49,17,♦,finished,2026-05-18T16:07:40.386327+00:00
9146,INPROC_926D2B,1,10,team2,Team 2 (E/W),19,101,23,♥,finished,2026-05-18T16:07:40.402915+00:00
9147,INPROC_50A8B6,1,10,team2,Team 2 (E/W),58,62,2,♣,finished,2026-05-18T16:07:40.420679+00:00
9148,INPROC_559959,1,10,team1,Team 1 (N/S),79,41,30,♠,finished,2026-05-18T16:07:40.435682+00:00
9149,INPROC_B63AE5,1,10,team1,Team 1 (N/S),66,54,34,♠,finished,2026-05-18T16:07:40.451062+00:00
9150,INPROC_3429F4,1,10,team1,Team 1 (N/S),91,29,36,♠,finished,2026-05-18T16:07:40.467074+00:00
9151,INPROC_49BDD9,1,10,team1,Team 1 (N/S),93,27,0,♣,finished,2026-05-18T16:07:40.481598+00:00
9152,INPROC_D3E8B6,1,10,team2,Team 2 (E/W),46,74,38,♠,finished,2026-05-18T16:07:40.499553+00:00
9153,INPROC_D5B767,1,10,team2,Team 2 (E/W),52,68,10,♦,finished,2026-05-18T16:07:40.518161+00:00
9154,INPROC_E0641D,1,10,team1,Team 1 (N/S),79,41,11,♦,finished,2026-05-18T16:07:40.536708+00:00
9155,INPROC_734AF7,1,10,team2,Team 2 (E/W),52,68,31,♠,finished,2026-05-18T16:07:40.550918+00:00
9156,INPROC_D44079,1,10,team1,Team 1 (N/S),81,39,28,♥,finished,2026-05-18T16:07:40.566484+00:00
9157,INPROC_DA98CD,1,10,team2,Team 2 (E/W),51,69,30,♠,finished,2026-05-18T16:07:40.581406+00:00
9158,INPROC_71B7FC,1,10,team1,Team 1 (N/S),88,32,32,♠,finished,2026-05-18T16:07:40.597372+00:00
9159,INPROC_BFA611,1,10,team2,Team 2 (E/W),45,75,28,♥,finished,2026-05-18T16:07:40.608434+00:00
9160,INPROC_F360B9,1,10,team1,Team 1 (N/S),65,55,27,♥,finished,2026-05-18T16:07:40.625274+00:00
9161,INPROC_0E1B2D,1,10,team2,Team 2 (E/W),25,95,25,♥,finished,2026-05-18T16:07:40.643050+00:00
9162,INPROC_33CCA8,1,10,team2,Team 2 (E/W),53,67,0,♣,finished,2026-05-18T16:07:40.662252+00:00
9163,INPROC_9963E6,1,10,team1,Team 1 (N/S),93,27,32,♠,finished,2026-05-18T16:07:40.680394+00:00
9164,INPROC_6EC4B7,1,10,team2,Team 2 (E/W),40,80,34,♠,finished,2026-05-18T16:07:40.698376+00:00
9165,INPROC_5A8666,1,10,team1,Team 1 (N/S),115,5,35,♠,finished,2026-05-18T16:07:40.717079+00:00
9166,INPROC_CDB4BB,1,10,team1,Team 1 (N/S),72,48,4,♣,finished,2026-05-18T16:07:40.732560+00:00
9167,INPROC_0FCF5E,1,10,team1,Team 1 (N/S),86,34,13,♦,finished,2026-05-18T16:07:40.745307+00:00
9168,INPROC_0277F9,1,10,team2,Team 2 (E/W),40,80,1,♣,finished,2026-05-18T16:07:40.761071+00:00
9169,INPROC_C47D53,1,10,team2,Team 2 (E/W),46,74,18,♦,finished,2026-05-18T16:07:40.774612+00:00
9170,INPROC_A3201B,1,10,team2,Team 2 (E/W),55,65,14,♦,finished,2026-05-18T16:07:40.788197+00:00
9171,INPROC_9DE815,1,10,team1,Team 1 (N/S),65,55,37,♠,finished,2026-05-18T16:07:40.800840+00:00
9172,INPROC_7FDC95,1,10,team2,Team 2 (E/W),46,74,3,♣,finished,2026-05-18T16:07:40.815285+00:00
9173,INPROC_D43642,1,10,team2,Team 2 (E/W),52,68,28,♥,finished,2026-05-18T16:07:40.830458+00:00
9174,INPROC_A8FFE7,1,10,team1,Team 1 (N/S),66,54,34,♠,finished,2026-05-18T16:07:40.849861+00:00
9175,INPROC_6F3936,1,10,team2,Team 2 (E/W),31,89,9,♣,finished,2026-05-18T16:07:40.869185+00:00
9176,INPROC_EF8C9F,1,10,team2,Team 2 (E/W),58,62,18,♦,finished,2026-05-18T16:07:40.884452+00:00
9177,INPROC_B82015,1,10,team1,Team 1 (N/S),70,50,23,♥,finished,2026-05-18T16:07:40.896726+00:00
9178,INPROC_7421A2,1,10,team2,Team 2 (E/W),47,73,30,♠,finished,2026-05-18T16:07:40.912954+00:00
9179,INPROC_254A79,1,10,team2,Team 2 (E/W),53,67,37,♠,finished,2026-05-18T16:07:40.928250+00:00
9180,INPROC_682B73,1,10,team2,Team 2 (E/W),53,67,11,♦,finished,2026-05-18T16:07:40.943727+00:00
9181,INPROC_2F4A6F,1,10,team2,Team 2 (E/W),54,66,25,♥,finished,2026-05-18T16:07:40.959342+00:00
9182,INPROC_C4A963,1,10,team2,Team 2 (E/W),38,82,6,♣,finished,2026-05-18T16:07:40.975698+00:00
9183,INPROC_EA5824,1,10,team2,Team 2 (E/W),30,90,11,♦,finished,2026-05-18T16:07:40.991540+00:00
9184,INPROC_F72364,1,10,team1,Team 1 (N/S),63,57,3,♣,finished,2026-05-18T16:07:41.006495+00:00
9185,INPROC_ED3B61,1,10,team2,Team 2 (E/W),51,69,26,♥,finished,2026-05-18T16:07:41.021988+00:00
9186,INPROC_50FE37,1,10,team2,Team 2 (E/W),11,109,38,♠,finished,2026-05-18T16:07:41.030019+00:00
9187,INPROC_A97EA4,1,10,team2,Team 2 (E/W),34,86,23,♥,finished,2026-05-18T16:07:41.042544+00:00
9188,INPROC_ED53D1,1,10,team1,Team 1 (N/S),100,20,5,♣,finished,2026-05-18T16:07:41.058235+00:00
9189,INPROC_C35DCE,1,10,team1,Team 1 (N/S),80,40,6,♣,finished,2026-05-18T16:07:41.067534+00:00
9190,INPROC_15D5DF,1,10,team1,Team 1 (N/S),88,32,22,♥,finished,2026-05-18T16:07:41.084826+00:00
9191,INPROC_D83B3D,1,10,team2,Team 2 (E/W),53,67,39,♠,finished,2026-05-18T16:07:41.100728+00:00
9192,INPROC_92F37C,1,10,team2,Team 2 (E/W),54,66,10,♦,finished,2026-05-18T16:07:41.115403+00:00
9193,INPROC_D23F50,1,10,team2,Team 2 (E/W),57,63,21,♥,finished,2026-05-18T16:07:41.131031+00:00
9194,INPROC_23CAF9,1,10,team2,Team 2 (E/W),47,73,34,♠,finished,2026-05-18T16:07:41.146243+00:00
9195,INPROC_536F18,1,10,team2,Team 2 (E/W),40,80,12,♦,finished,2026-05-18T16:07:41.162192+00:00
9196,INPROC_8E6B85,1,10,team1,Team 1 (N/S),71,49,34,♠,finished,2026-05-18T16:07:41.177667+00:00
9197,INPROC_AFE924,1,10,team1,Team 1 (N/S),85,35,12,♦,finished,2026-05-18T16:07:41.195814+00:00
9198,INPROC_DA14B8,1,10,team1,Team 1 (N/S),69,51,29,♥,finished,2026-05-18T16:07:41.211308+00:00
9199,INPROC_71C68F,1,10,team2,Team 2 (E/W),25,95,13,♦,finished,2026-05-18T16:07:41.228002+00:00
9200,INPROC_06F68D,1,10,team2,Team 2 (E/W),35,85,25,♥,finished,2026-05-18T16:07:41.244114+00:00
9201,INPROC_BAADFE,1,10,team1,Team 1 (N/S),79,41,10,♦,finished,2026-05-18T16:07:41.256311+00:00
9202,INPROC_DC3511,1,10,team2,Team 2 (E/W),56,64,15,♦,finished,2026-05-18T16:07:41.273918+00:00
9203,INPROC_E70EBA,1,10,team1,Team 1 (N/S),84,36,19,♦,finished,2026-05-18T16:07:41.290010+00:00
9204,INPROC_A25AE3,1,10,team2,Team 2 (E/W),36,84,17,♦,finished,2026-05-18T16:07:41.307523+00:00
9205,INPROC_48AB7E,1,10,team2,Team 2 (E/W),49,71,4,♣,finished,2026-05-18T16:07:41.324075+00:00
9206,INPROC_65044F,1,10,team2,Team 2 (E/W),13,107,1,♣,finished,2026-05-18T16:07:41.333183+00:00
9207,INPROC_CBEE0E,1,10,team2,Team 2 (E/W),40,80,32,♠,finished,2026-05-18T16:07:41.350693+00:00
9208,INPROC_D24B26,1,10,team2,Team 2 (E/W),47,73,14,♦,finished,2026-05-18T16:07:41.366431+00:00
9209,INPROC_06A00D,1,10,team1,Team 1 (N/S),63,57,27,♥,finished,2026-05-18T16:07:41.385082+00:00
9210,INPROC_15A4A1,1,10,draw,draw,60,60,5,♣,finished,2026-05-18T16:07:41.403456+00:00
9211,INPROC_8E7700,1,10,team2,Team 2 (E/W),56,64,17,♦,finished,2026-05-18T16:07:41.419865+00:00
9212,INPROC_058AB3,1,10,team2,Team 2 (E/W),28,92,39,♠,finished,2026-05-18T16:07:41.433523+00:00
9213,INPROC_B8633C,1,10,team2,Team 2 (E/W),42,78,36,♠,finished,2026-05-18T16:07:41.449391+00:00
9214,INPROC_6973E8,1,10,team1,Team 1 (N/S),115,5,31,♠,finished,2026-05-18T16:07:41.462568+00:00
9215,INPROC_C8E6E1,1,10,team1,Team 1 (N/S),74,46,4,♣,finished,2026-05-18T16:07:41.475885+00:00
9216,INPROC_0CC8D2,1,10,team2,Team 2 (E/W),38,82,25,♥,finished,2026-05-18T16:07:41.491332+00:00
9217,INPROC_0BB065,1,10,team1,Team 1 (N/S),70,50,11,♦,finished,2026-05-18T16:07:41.506660+00:00
9218,INPROC_001EB6,1,10,team2,Team 2 (E/W),26,94,12,♦,finished,2026-05-18T16:07:41.520629+00:00
9219,INPROC_77B148,1,10,team2,Team 2 (E/W),58,62,34,♠,finished,2026-05-18T16:07:41.533393+00:00
9220,INPROC_4F41C7,1,10,team1,Team 1 (N/S),89,31,25,♥,finished,2026-05-18T16:07:41.547747+00:00
9221,INPROC_7EFBF7,1,10,team1,Team 1 (N/S),107,13,16,♦,finished,2026-05-18T16:07:41.564653+00:00
9222,INPROC_52D9EB,1,10,team2,Team 2 (E/W),21,99,29,♥,finished,2026-05-18T16:07:41.582069+00:00
9223,INPROC_6DB966,1,10,team2,Team 2 (E/W),35,85,17,♦,finished,2026-05-18T16:07:41.598292+00:00
9224,INPROC_EE8A43,1,10,team1,Team 1 (N/S),73,47,9,♣,finished,2026-05-18T16:07:41.617367+00:00
9225,INPROC_FFC661,1,10,team2,Team 2 (E/W),42,78,5,♣,finished,2026-05-18T16:07:41.635392+00:00
9226,INPROC_EBFCC7,1,10,draw,draw,60,60,29,♥,finished,2026-05-18T16:07:41.652526+00:00
9227,INPROC_114F1F,1,10,team1,Team 1 (N/S),99,21,10,♦,finished,2026-05-18T16:07:41.667765+00:00
9228,INPROC_90AA06,1,10,team2,Team 2 (E/W),39,81,5,♣,finished,2026-05-18T16:07:41.682767+00:00
9229,INPROC_53160A,1,10,team2,Team 2 (E/W),49,71,5,♣,finished,2026-05-18T16:07:41.699399+00:00
9230,INPROC_0D4423,1,10,team2,Team 2 (E/W),16,104,24,♥,finished,2026-05-18T16:07:41.716773+00:00
9231,INPROC_4D093A,1,10,team2,Team 2 (E/W),43,77,26,♥,finished,2026-05-18T16:07:41.730593+00:00
9232,INPROC_212C36,1,10,team2,Team 2 (E/W),14,106,23,♥,finished,2026-05-18T16:07:41.744025+00:00
9233,INPROC_9110B2,1,10,team1,Team 1 (N/S),90,30,25,♥,finished,2026-05-18T16:07:41.757472+00:00
9234,INPROC_237B90,1,10,team2,Team 2 (E/W),28,92,33,♠,finished,2026-05-18T16:07:41.772012+00:00
9235,INPROC_FA251E,1,10,team1,Team 1 (N/S),87,33,21,♥,finished,2026-05-18T16:07:41.786722+00:00
9236,INPROC_242C93,1,10,team1,Team 1 (N/S),70,50,29,♥,finished,2026-05-18T16:07:41.802353+00:00
9237,INPROC_593316,1,10,team2,Team 2 (E/W),39,81,22,♥,finished,2026-05-18T16:07:41.818505+00:00
9238,INPROC_14711E,1,10,team2,Team 2 (E/W),40,80,32,♠,finished,2026-05-18T16:07:41.836126+00:00
9239,INPROC_95C83F,1,10,team2,Team 2 (E/W),59,61,36,♠,finished,2026-05-18T16:07:41.851556+00:00
9240,INPROC_123E68,1,10,team1,Team 1 (N/S),83,37,11,♦,finished,2026-05-18T16:07:41.867471+00:00
9241,INPROC_FE01B8,1,10,team1,Team 1 (N/S),79,41,19,♦,finished,2026-05-18T16:07:41.882946+00:00
9242,INPROC_C5E3AE,1,10,team1,Team 1 (N/S),97,23,3,♣,finished,2026-05-18T16:07:41.898441+00:00
9243,INPROC_A004C1,1,10,team1,Team 1 (N/S),76,44,20,♥,finished,2026-05-18T16:07:41.915118+00:00
9244,INPROC_CBE62D,1,10,team1,Team 1 (N/S),69,51,35,♠,finished,2026-05-18T16:07:41.923936+00:00
9245,INPROC_5B7A83,1,10,team1,Team 1 (N/S),97,23,9,♣,finished,2026-05-18T16:07:41.939575+00:00
9246,INPROC_9D5C20,1,10,team2,Team 2 (E/W),52,68,2,♣,finished,2026-05-18T16:07:41.959081+00:00
9247,INPROC_227A46,1,10,team1,Team 1 (N/S),63,57,17,♦,finished,2026-05-18T16:07:41.974125+00:00
9248,INPROC_BDA8C9,1,10,team2,Team 2 (E/W),45,75,38,♠,finished,2026-05-18T16:07:41.993873+00:00
9249,INPROC_AA81B2,1,10,team1,Team 1 (N/S),76,44,34,♠,finished,2026-05-18T16:07:42.012126+00:00
9250,INPROC_41551B,1,10,team1,Team 1 (N/S),72,48,26,♥,finished,2026-05-18T16:07:42.027657+00:00
9251,INPROC_E0331D,1,10,team1,Team 1 (N/S),88,32,2,♣,finished,2026-05-18T16:07:42.041657+00:00
9252,INPROC_389F65,1,10,team2,Team 2 (E/W),58,62,24,♥,finished,2026-05-18T16:07:42.057836+00:00
9253,INPROC_F1969D,1,10,team1,Team 1 (N/S),77,43,38,♠,finished,2026-05-18T16:07:42.071966+00:00
9254,INPROC_EF7754,1,10,team1,Team 1 (N/S),83,37,16,♦,finished,2026-05-18T16:07:42.089357+00:00
9255,INPROC_E7918E,1,10,team2,Team 2 (E/W),39,81,36,♠,finished,2026-05-18T16:07:42.103762+00:00
9256,INPROC_67CED3,1,10,team2,Team 2 (E/W),55,65,31,♠,finished,2026-05-18T16:07:42.119769+00:00
9257,INPROC_6D0EB2,1,10,team2,Team 2 (E/W),44,76,24,♥,finished,2026-05-18T16:07:42.134597+00:00
9258,INPROC_339839,1,10,team1,Team 1 (N/S),81,39,35,♠,finished,2026-05-18T16:07:42.152118+00:00
9259,INPROC_71A934,1,10,team1,Team 1 (N/S),67,53,0,♣,finished,2026-05-18T16:07:42.168935+00:00
9260,INPROC_542726,1,10,team2,Team 2 (E/W),40,80,4,♣,finished,2026-05-18T16:07:42.184444+00:00
9261,INPROC_4C486C,1,10,team2,Team 2 (E/W),36,84,34,♠,finished,2026-05-18T16:07:42.203422+00:00
9262,INPROC_289032,1,10,team2,Team 2 (E/W),51,69,19,♦,finished,2026-05-18T16:07:42.223530+00:00
9263,INPROC_2D6F81,1,10,team1,Team 1 (N/S),66,54,2,♣,finished,2026-05-18T16:07:42.240137+00:00
9264,INPROC_095F8F,1,10,team2,Team 2 (E/W),59,61,19,♦,finished,2026-05-18T16:07:42.258172+00:00
9265,INPROC_5D7EA9,1,10,team2,Team 2 (E/W),22,98,22,♥,finished,2026-05-18T16:07:42.276047+00:00
9266,INPROC_00DDED,1,10,team1,Team 1 (N/S),82,38,9,♣,finished,2026-05-18T16:07:42.293333+00:00
9267,INPROC_1402F3,1,10,team1,Team 1 (N/S),64,56,27,♥,finished,2026-05-18T16:07:42.307626+00:00
9268,INPROC_0F0DA7,1,10,team1,Team 1 (N/S),65,55,33,♠,finished,2026-05-18T16:07:42.316732+00:00
9269,INPROC_753A24,1,10,team2,Team 2 (E/W),26,94,28,♥,finished,2026-05-18T16:07:42.329411+00:00
9270,INPROC_42F22E,1,10,team1,Team 1 (N/S),92,28,37,♠,finished,2026-05-18T16:07:42.340013+00:00
9271,INPROC_F8F388,1,10,team1,Team 1 (N/S),68,52,8,♣,finished,2026-05-18T16:07:42.357071+00:00
9272,INPROC_7159E3,1,10,team2,Team 2 (E/W),44,76,2,♣,finished,2026-05-18T16:07:42.372549+00:00
9273,INPROC_22ACFD,1,10,team1,Team 1 (N/S),95,25,7,♣,finished,2026-05-18T16:07:42.388188+00:00
9274,INPROC_F91D6A,1,10,team2,Team 2 (E/W),37,83,29,♥,finished,2026-05-18T16:07:42.406149+00:00
9275,INPROC_AA7897,1,10,team1,Team 1 (N/S),69,51,10,♦,finished,2026-05-18T16:07:42.423538+00:00
9276,INPROC_473595,1,10,team2,Team 2 (E/W),30,90,16,♦,finished,2026-05-18T16:07:42.438597+00:00
9277,INPROC_627274,1,10,team1,Team 1 (N/S),79,41,17,♦,finished,2026-05-18T16:07:42.455212+00:00
9278,INPROC_CDDC77,1,10,team2,Team 2 (E/W),39,81,36,♠,finished,2026-05-18T16:07:42.472107+00:00
9279,INPROC_D43717,1,10,team1,Team 1 (N/S),62,58,25,♥,finished,2026-05-18T16:07:42.488045+00:00
9280,INPROC_B4065F,1,10,team2,Team 2 (E/W),53,67,31,♠,finished,2026-05-18T16:07:42.502481+00:00
9281,INPROC_4F28E2,1,10,team2,Team 2 (E/W),33,87,20,♥,finished,2026-05-18T16:07:42.518277+00:00
9282,INPROC_9DA414,1,10,team1,Team 1 (N/S),81,39,1,♣,finished,2026-05-18T16:07:42.530826+00:00
9283,INPROC_516418,1,10,team2,Team 2 (E/W),32,88,39,♠,finished,2026-05-18T16:07:42.545746+00:00
9284,INPROC_7DCEBD,1,10,team1,Team 1 (N/S),64,56,16,♦,finished,2026-05-18T16:07:42.561118+00:00
9285,INPROC_A56AF7,1,10,team2,Team 2 (E/W),54,66,17,♦,finished,2026-05-18T16:07:42.578934+00:00
9286,INPROC_A77596,1,10,team1,Team 1 (N/S),73,47,24,♥,finished,2026-05-18T16:07:42.597092+00:00
9287,INPROC_A246B4,1,10,team1,Team 1 (N/S),63,57,9,♣,finished,2026-05-18T16:07:42.615183+00:00
9288,INPROC_EF8C87,1,10,team2,Team 2 (E/W),46,74,13,♦,finished,2026-05-18T16:07:42.632276+00:00
9289,INPROC_926CE6,1,10,team2,Team 2 (E/W),45,75,2,♣,finished,2026-05-18T16:07:42.642880+00:00
9290,INPROC_10C227,1,10,team1,Team 1 (N/S),69,51,33,♠,finished,2026-05-18T16:07:42.658340+00:00
9291,INPROC_3760A9,1,10,team2,Team 2 (E/W),48,72,13,♦,finished,2026-05-18T16:07:42.677102+00:00
9292,INPROC_BB5B71,1,10,team1,Team 1 (N/S),67,53,10,♦,finished,2026-05-18T16:07:42.695490+00:00
9293,INPROC_42C6B3,1,10,team1,Team 1 (N/S),85,35,14,♦,finished,2026-05-18T16:07:42.714858+00:00
9294,INPROC_96C003,1,10,team1,Team 1 (N/S),103,17,38,♠,finished,2026-05-18T16:07:42.725292+00:00
9295,INPROC_A75E9A,1,10,team2,Team 2 (E/W),25,95,15,♦,finished,2026-05-18T16:07:42.734728+00:00
9296,INPROC_0E43E2,1,10,team2,Team 2 (E/W),55,65,25,♥,finished,2026-05-18T16:07:42.748415+00:00
9297,INPROC_16A5C1,1,10,draw,draw,60,60,17,♦,finished,2026-05-18T16:07:42.760839+00:00
9298,INPROC_3F3A94,1,10,team2,Team 2 (E/W),39,81,16,♦,finished,2026-05-18T16:07:42.775520+00:00
9299,INPROC_41A0C5,1,10,team1,Team 1 (N/S),74,46,21,♥,finished,2026-05-18T16:07:42.790826+00:00
9300,INPROC_D0E9B4,1,10,team2,Team 2 (E/W),19,101,29,♥,finished,2026-05-18T16:07:42.805119+00:00
9301,INPROC_3892BC,1,10,team1,Team 1 (N/S),70,50,6,♣,finished,2026-05-18T16:07:42.821800+00:00
9302,INPROC_FD81ED,1,10,team1,Team 1 (N/S),88,32,14,♦,finished,2026-05-18T16:07:42.837796+00:00
9303,INPROC_43A755,1,10,team2,Team 2 (E/W),35,85,22,♥,finished,2026-05-18T16:07:42.856280+00:00
9304,INPROC_634FEC,1,10,team1,Team 1 (N/S),66,54,18,♦,finished,2026-05-18T16:07:42.873039+00:00
9305,INPROC_2B0384,1,10,team1,Team 1 (N/S),90,30,7,♣,finished,2026-05-18T16:07:42.893110+00:00
9306,INPROC_F2EA9E,1,10,team2,Team 2 (E/W),40,80,33,♠,finished,2026-05-18T16:07:42.911554+00:00
9307,INPROC_B8F988,1,10,team2,Team 2 (E/W),53,67,20,♥,finished,2026-05-18T16:07:42.928382+00:00
9308,INPROC_B1E116,1,10,team1,Team 1 (N/S),64,56,7,♣,finished,2026-05-18T16:07:42.943547+00:00
9309,INPROC_6D524E,1,10,team1,Team 1 (N/S),61,59,19,♦,finished,2026-05-18T16:07:42.959626+00:00
9310,INPROC_92FD6F,1,10,team1,Team 1 (N/S),98,22,4,♣,finished,2026-05-18T16:07:42.975049+00:00
9311,INPROC_448913,1,10,team1,Team 1 (N/S),106,14,8,♣,finished,2026-05-18T16:07:42.991421+00:00
9312,INPROC_E38F6D,1,10,team1,Team 1 (N/S),87,33,28,♥,finished,2026-05-18T16:07:43.010804+00:00
9313,INPROC_4A1BE6,1,10,team2,Team 2 (E/W),51,69,22,♥,finished,2026-05-18T16:07:43.029618+00:00
9314,INPROC_7C54C4,1,10,team2,Team 2 (E/W),34,86,4,♣,finished,2026-05-18T16:07:43.044112+00:00
9315,INPROC_149631,1,10,team1,Team 1 (N/S),83,37,10,♦,finished,2026-05-18T16:07:43.062583+00:00
9316,INPROC_BB3B10,1,10,team2,Team 2 (E/W),51,69,24,♥,finished,2026-05-18T16:07:43.081196+00:00
9317,INPROC_BB3716,1,10,team1,Team 1 (N/S),77,43,12,♦,finished,2026-05-18T16:07:43.093476+00:00
9318,INPROC_0DDEF2,1,10,team2,Team 2 (E/W),56,64,18,♦,finished,2026-05-18T16:07:43.110399+00:00
9319,INPROC_8596DC,1,10,draw,draw,60,60,14,♦,finished,2026-05-18T16:07:43.125151+00:00
9320,INPROC_15666A,1,10,team2,Team 2 (E/W),58,62,19,♦,finished,2026-05-18T16:07:43.139205+00:00
9321,INPROC_21B347,1,10,team2,Team 2 (E/W),26,94,14,♦,finished,2026-05-18T16:07:43.154351+00:00
9322,INPROC_69E4C8,1,10,team2,Team 2 (E/W),19,101,19,♦,finished,2026-05-18T16:07:43.172684+00:00
9323,INPROC_47BFFA,1,10,team2,Team 2 (E/W),50,70,39,♠,finished,2026-05-18T16:07:43.191654+00:00
9324,INPROC_05A2B2,1,10,team1,Team 1 (N/S),76,44,35,♠,finished,2026-05-18T16:07:43.209699+00:00
9325,INPROC_97F0D8,1,10,team2,Team 2 (E/W),48,72,27,♥,finished,2026-05-18T16:07:43.230151+00:00
9326,INPROC_176E6A,1,10,team2,Team 2 (E/W),56,64,19,♦,finished,2026-05-18T16:07:43.245271+00:00
9327,INPROC_A6084C,1,10,team2,Team 2 (E/W),50,70,6,♣,finished,2026-05-18T16:07:43.262654+00:00
9328,INPROC_2AE957,1,10,team2,Team 2 (E/W),56,64,25,♥,finished,2026-05-18T16:07:43.279693+00:00
9329,INPROC_EDB25B,1,10,team2,Team 2 (E/W),52,68,23,♥,finished,2026-05-18T16:07:43.298815+00:00
9330,INPROC_223BA0,1,10,team1,Team 1 (N/S),66,54,27,♥,finished,2026-05-18T16:07:43.317837+00:00
9331,INPROC_7D8C31,1,10,team1,Team 1 (N/S),93,27,18,♦,finished,2026-05-18T16:07:43.336848+00:00
9332,INPROC_03222D,1,10,team2,Team 2 (E/W),17,103,30,♠,finished,2026-05-18T16:07:43.353761+00:00
9333,INPROC_2F9E2A,1,10,team1,Team 1 (N/S),80,40,27,♥,finished,2026-05-18T16:07:43.371594+00:00
9334,INPROC_54FD34,1,10,team1,Team 1 (N/S),68,52,14,♦,finished,2026-05-18T16:07:43.391726+00:00
9335,INPROC_A0852F,1,10,team1,Team 1 (N/S),84,36,37,♠,finished,2026-05-18T16:07:43.412761+00:00
9336,INPROC_93C326,1,10,team2,Team 2 (E/W),48,72,15,♦,finished,2026-05-18T16:07:43.437243+00:00
9337,INPROC_DA7037,1,10,team2,Team 2 (E/W),37,83,11,♦,finished,2026-05-18T16:07:43.454489+00:00
9338,INPROC_A04926,1,10,team1,Team 1 (N/S),75,45,21,♥,finished,2026-05-18T16:07:43.472667+00:00
9339,INPROC_B82AD1,1,10,team2,Team 2 (E/W),52,68,3,♣,finished,2026-05-18T16:07:43.490411+00:00
9340,INPROC_F5D44D,1,10,team2,Team 2 (E/W),47,73,31,♠,finished,2026-05-18T16:07:43.505048+00:00
9341,INPROC_271A70,1,10,team1,Team 1 (N/S),88,32,10,♦,finished,2026-05-18T16:07:43.521573+00:00
9342,INPROC_0F71A3,1,10,team1,Team 1 (N/S),105,15,31,♠,finished,2026-05-18T16:07:43.538367+00:00
9343,INPROC_5BE108,1,10,team2,Team 2 (E/W),46,74,28,♥,finished,2026-05-18T16:07:43.552654+00:00
9344,INPROC_5171D2,1,10,team1,Team 1 (N/S),68,52,3,♣,finished,2026-05-18T16:07:43.565112+00:00
9345,INPROC_7BDEDB,1,10,team1,Team 1 (N/S),64,56,25,♥,finished,2026-05-18T16:07:43.578130+00:00
9346,INPROC_47F1B1,1,10,team1,Team 1 (N/S),80,40,21,♥,finished,2026-05-18T16:07:43.594591+00:00
9347,INPROC_4BDACC,1,10,team1,Team 1 (N/S),70,50,30,♠,finished,2026-05-18T16:07:43.610909+00:00
9348,INPROC_6FE9DE,1,10,team2,Team 2 (E/W),30,90,31,♠,finished,2026-05-18T16:07:43.628966+00:00
9349,INPROC_CEDB78,1,10,team2,Team 2 (E/W),50,70,34,♠,finished,2026-05-18T16:07:43.646344+00:00
9350,INPROC_CE83D9,1,10,team1,Team 1 (N/S),73,47,8,♣,finished,2026-05-18T16:07:43.664120+00:00
9351,INPROC_47CE4D,1,10,team2,Team 2 (E/W),52,68,28,♥,finished,2026-05-18T16:07:43.673093+00:00
9352,INPROC_D5F6C7,1,10,team2,Team 2 (E/W),59,61,24,♥,finished,2026-05-18T16:07:43.683312+00:00
9353,INPROC_DADDC4,1,10,team2,Team 2 (E/W),53,67,9,♣,finished,2026-05-18T16:07:43.697645+00:00
9354,INPROC_CB3FE1,1,10,team2,Team 2 (E/W),56,64,18,♦,finished,2026-05-18T16:07:43.711941+00:00
9355,INPROC_573618,1,10,team1,Team 1 (N/S),72,48,26,♥,finished,2026-05-18T16:07:43.727957+00:00
9356,INPROC_F3E9D6,1,10,team1,Team 1 (N/S),65,55,17,♦,finished,2026-05-18T16:07:43.746217+00:00
9357,INPROC_D97A54,1,10,team2,Team 2 (E/W),45,75,20,♥,finished,2026-05-18T16:07:43.765550+00:00
9358,INPROC_C15B95,1,10,team1,Team 1 (N/S),78,42,26,♥,finished,2026-05-18T16:07:43.781421+00:00
9359,INPROC_C03F2B,1,10,team1,Team 1 (N/S),87,33,11,♦,finished,2026-05-18T16:07:43.794510+00:00
9360,INPROC_1440CE,1,10,team2,Team 2 (E/W),3,117,3,♣,finished,2026-05-18T16:07:43.810330+00:00
9361,INPROC_5C6B8A,1,10,team2,Team 2 (E/W),17,103,9,♣,finished,2026-05-18T16:07:43.824096+00:00
9362,INPROC_55C1B9,1,10,team1,Team 1 (N/S),69,51,37,♠,finished,2026-05-18T16:07:43.837793+00:00
9363,INPROC_E08C2C,1,10,team2,Team 2 (E/W),59,61,14,♦,finished,2026-05-18T16:07:43.853787+00:00
9364,INPROC_713926,1,10,team1,Team 1 (N/S),66,54,15,♦,finished,2026-05-18T16:07:43.867810+00:00
9365,INPROC_84101F,1,10,team2,Team 2 (E/W),35,85,5,♣,finished,2026-05-18T16:07:43.884123+00:00
9366,INPROC_F8AA80,1,10,team1,Team 1 (N/S),88,32,24,♥,finished,2026-05-18T16:07:43.900561+00:00
9367,INPROC_82114C,1,10,team1,Team 1 (N/S),102,18,10,♦,finished,2026-05-18T16:07:43.919185+00:00
9368,INPROC_E3C8A2,1,10,team2,Team 2 (E/W),31,89,23,♥,finished,2026-05-18T16:07:43.935780+00:00
9369,INPROC_8EDD10,1,10,team2,Team 2 (E/W),19,101,8,♣,finished,2026-05-18T16:07:43.951433+00:00
9370,INPROC_1BA85C,1,10,team2,Team 2 (E/W),11,109,37,♠,finished,2026-05-18T16:07:43.960546+00:00
9371,INPROC_635DFF,1,10,team2,Team 2 (E/W),46,74,1,♣,finished,2026-05-18T16:07:43.973908+00:00
9372,INPROC_BF0963,1,10,team2,Team 2 (E/W),13,107,21,♥,finished,2026-05-18T16:07:43.993793+00:00
9373,INPROC_4CBDD9,1,10,team1,Team 1 (N/S),73,47,31,♠,finished,2026-05-18T16:07:44.003615+00:00
9374,INPROC_F4A00B,1,10,team1,Team 1 (N/S),79,41,23,♥,finished,2026-05-18T16:07:44.016399+00:00
9375,INPROC_3B8DCE,1,10,team2,Team 2 (E/W),29,91,7,♣,finished,2026-05-18T16:07:44.033070+00:00
9376,INPROC_C23573,1,10,team2,Team 2 (E/W),32,88,37,♠,finished,2026-05-18T16:07:44.048844+00:00
9377,INPROC_75131B,1,10,team2,Team 2 (E/W),16,104,37,♠,finished,2026-05-18T16:07:44.064582+00:00
9378,INPROC_91DE73,1,10,team2,Team 2 (E/W),16,104,11,♦,finished,2026-05-18T16:07:44.082511+00:00
9379,INPROC_751A47,1,10,team1,Team 1 (N/S),82,38,11,♦,finished,2026-05-18T16:07:44.099166+00:00
9380,INPROC_05517D,1,10,team2,Team 2 (E/W),18,102,33,♠,finished,2026-05-18T16:07:44.115682+00:00
9381,INPROC_2A6A04,1,10,draw,draw,60,60,35,♠,finished,2026-05-18T16:07:44.132715+00:00
9382,INPROC_CB5185,1,10,team1,Team 1 (N/S),108,12,1,♣,finished,2026-05-18T16:07:44.146218+00:00
9383,INPROC_3C9B92,1,10,team2,Team 2 (E/W),20,100,15,♦,finished,2026-05-18T16:07:44.160198+00:00
9384,INPROC_B2851A,1,10,team2,Team 2 (E/W),37,83,29,♥,finished,2026-05-18T16:07:44.172183+00:00
9385,INPROC_41A556,1,10,team2,Team 2 (E/W),47,73,30,♠,finished,2026-05-18T16:07:44.188579+00:00
9386,INPROC_EDFAC1,1,10,team2,Team 2 (E/W),38,82,10,♦,finished,2026-05-18T16:07:44.205165+00:00
9387,INPROC_CA6BBD,1,10,team1,Team 1 (N/S),69,51,2,♣,finished,2026-05-18T16:07:44.223210+00:00
9388,INPROC_F20537,1,10,team1,Team 1 (N/S),70,50,18,♦,finished,2026-05-18T16:07:44.240294+00:00
9389,INPROC_77D72C,1,10,team1,Team 1 (N/S),81,39,34,♠,finished,2026-05-18T16:07:44.260577+00:00
9390,INPROC_39C20F,1,10,team2,Team 2 (E/W),42,78,29,♥,finished,2026-05-18T16:07:44.278833+00:00
9391,INPROC_58EA76,1,10,team1,Team 1 (N/S),84,36,8,♣,finished,2026-05-18T16:07:44.296819+00:00
9392,INPROC_DA4129,1,10,team1,Team 1 (N/S),102,18,4,♣,finished,2026-05-18T16:07:44.314517+00:00
9393,INPROC_1D3516,1,10,team1,Team 1 (N/S),90,30,28,♥,finished,2026-05-18T16:07:44.329448+00:00
9394,INPROC_EA5C81,1,10,team2,Team 2 (E/W),34,86,27,♥,finished,2026-05-18T16:07:44.346264+00:00
9395,INPROC_9DB234,1,10,team2,Team 2 (E/W),40,80,1,♣,finished,2026-05-18T16:07:44.363354+00:00
9396,INPROC_8D32F8,1,10,team2,Team 2 (E/W),42,78,4,♣,finished,2026-05-18T16:07:44.378653+00:00
9397,INPROC_C1AECF,1,10,team2,Team 2 (E/W),30,90,18,♦,finished,2026-05-18T16:07:44.396909+00:00
9398,INPROC_387D05,1,10,team2,Team 2 (E/W),30,90,24,♥,finished,2026-05-18T16:07:44.414603+00:00
9399,INPROC_979C29,1,10,team1,Team 1 (N/S),66,54,25,♥,finished,2026-05-18T16:07:44.432737+00:00
9400,INPROC_C4B0AC,1,10,team2,Team 2 (E/W),37,83,17,♦,finished,2026-05-18T16:07:44.446209+00:00
9401,INPROC_F841B4,1,10,team1,Team 1 (N/S),83,37,32,♠,finished,2026-05-18T16:07:44.459265+00:00
9402,INPROC_17BAE8,1,10,team2,Team 2 (E/W),41,79,15,♦,finished,2026-05-18T16:07:44.475652+00:00
9403,INPROC_A6A32E,1,10,team1,Team 1 (N/S),94,26,28,♥,finished,2026-05-18T16:07:44.492484+00:00
9404,INPROC_AC7E82,1,10,team2,Team 2 (E/W),34,86,9,♣,finished,2026-05-18T16:07:44.507920+00:00
9405,INPROC_7C1A3A,1,10,team2,Team 2 (E/W),59,61,30,♠,finished,2026-05-18T16:07:44.524478+00:00
9406,INPROC_96DCD8,1,10,team2,Team 2 (E/W),42,78,27,♥,finished,2026-05-18T16:07:44.533412+00:00
9407,INPROC_DBDA94,1,10,team1,Team 1 (N/S),113,7,14,♦,finished,2026-05-18T16:07:44.543563+00:00
9408,INPROC_4B0355,1,10,team2,Team 2 (E/W),30,90,21,♥,finished,2026-05-18T16:07:44.554374+00:00
9409,INPROC_E00CF3,1,10,team1,Team 1 (N/S),73,47,34,♠,finished,2026-05-18T16:07:44.568650+00:00
9410,INPROC_ABE414,1,10,team1,Team 1 (N/S),97,23,31,♠,finished,2026-05-18T16:07:44.586205+00:00
9411,INPROC_77B101,1,10,team2,Team 2 (E/W),56,64,8,♣,finished,2026-05-18T16:07:44.603727+00:00
9412,INPROC_73D233,1,10,team2,Team 2 (E/W),56,64,18,♦,finished,2026-05-18T16:07:44.620573+00:00
9413,INPROC_569D0D,1,10,team2,Team 2 (E/W),27,93,37,♠,finished,2026-05-18T16:07:44.637209+00:00
9414,INPROC_5A5E0F,1,10,team1,Team 1 (N/S),76,44,12,♦,finished,2026-05-18T16:07:44.656579+00:00
9415,INPROC_D075FF,1,10,team1,Team 1 (N/S),93,27,38,♠,finished,2026-05-18T16:07:44.677697+00:00
9416,INPROC_C31C79,1,10,team1,Team 1 (N/S),76,44,4,♣,finished,2026-05-18T16:07:44.700785+00:00
9417,INPROC_9A7957,1,10,team1,Team 1 (N/S),78,42,19,♦,finished,2026-05-18T16:07:44.714435+00:00
9418,INPROC_323105,1,10,team2,Team 2 (E/W),47,73,27,♥,finished,2026-05-18T16:07:44.733077+00:00
9419,INPROC_CCD5AD,1,10,team2,Team 2 (E/W),50,70,31,♠,finished,2026-05-18T16:07:44.751593+00:00
9420,INPROC_647292,1,10,team2,Team 2 (E/W),55,65,1,♣,finished,2026-05-18T16:07:44.769884+00:00
9421,INPROC_3522E2,1,10,team1,Team 1 (N/S),64,56,7,♣,finished,2026-05-18T16:07:44.792104+00:00
9422,INPROC_5745EA,1,10,team2,Team 2 (E/W),39,81,36,♠,finished,2026-05-18T16:07:44.809654+00:00
9423,INPROC_C58AB7,1,10,team1,Team 1 (N/S),89,31,13,♦,finished,2026-05-18T16:07:44.828919+00:00
9424,INPROC_240448,1,10,team1,Team 1 (N/S),67,53,20,♥,finished,2026-05-18T16:07:44.853054+00:00
9425,INPROC_FE738E,1,10,team1,Team 1 (N/S),61,59,16,♦,finished,2026-05-18T16:07:44.867783+00:00
9426,INPROC_D1507D,1,10,team1,Team 1 (N/S),71,49,20,♥,finished,2026-05-18T16:07:44.878611+00:00
9427,INPROC_607E15,1,10,team2,Team 2 (E/W),32,88,11,♦,finished,2026-05-18T16:07:44.891811+00:00
9428,INPROC_656E80,1,10,team1,Team 1 (N/S),77,43,18,♦,finished,2026-05-18T16:07:44.907130+00:00
9429,INPROC_3B7C11,1,10,team2,Team 2 (E/W),37,83,27,♥,finished,2026-05-18T16:07:44.921212+00:00
9430,INPROC_068CA8,1,10,draw,draw,60,60,2,♣,finished,2026-05-18T16:07:44.936835+00:00
9431,INPROC_F431A5,1,10,team1,Team 1 (N/S),87,33,3,♣,finished,2026-05-18T16:07:44.955799+00:00
9432,INPROC_F9C2B7,1,10,team2,Team 2 (E/W),58,62,0,♣,finished,2026-05-18T16:07:44.976111+00:00
9433,INPROC_99049F,1,10,team2,Team 2 (E/W),29,91,23,♥,finished,2026-05-18T16:07:44.999243+00:00
9434,INPROC_631977,1,10,team2,Team 2 (E/W),44,76,7,♣,finished,2026-05-18T16:07:45.019940+00:00
9435,INPROC_1E455A,1,10,team2,Team 2 (E/W),36,84,18,♦,finished,2026-05-18T16:07:45.040222+00:00
9436,INPROC_043867,1,10,team1,Team 1 (N/S),99,21,2,♣,finished,2026-05-18T16:07:45.056750+00:00
9437,INPROC_49D5C8,1,10,team2,Team 2 (E/W),58,62,38,♠,finished,2026-05-18T16:07:45.071387+00:00
9438,INPROC_1B4920,1,10,team1,Team 1 (N/S),88,32,10,♦,finished,2026-05-18T16:07:45.088631+00:00
9439,INPROC_2F2834,1,10,team1,Team 1 (N/S),82,38,2,♣,finished,2026-05-18T16:07:45.103456+00:00
9440,INPROC_BA8FC4,1,10,team1,Team 1 (N/S),86,34,25,♥,finished,2026-05-18T16:07:45.119161+00:00
9441,INPROC_03DDBD,1,10,team1,Team 1 (N/S),86,34,39,♠,finished,2026-05-18T16:07:45.137320+00:00
9442,INPROC_05520A,1,10,team2,Team 2 (E/W),29,91,7,♣,finished,2026-05-18T16:07:45.157237+00:00
9443,INPROC_27A596,1,10,team1,Team 1 (N/S),76,44,34,♠,finished,2026-05-18T16:07:45.175740+00:00
9444,INPROC_9C0C2C,1,10,team1,Team 1 (N/S),63,57,28,♥,finished,2026-05-18T16:07:45.193179+00:00
9445,INPROC_E6C87A,1,10,team1,Team 1 (N/S),104,16,31,♠,finished,2026-05-18T16:07:45.206613+00:00
9446,INPROC_DC2F07,1,10,team1,Team 1 (N/S),68,52,5,♣,finished,2026-05-18T16:07:45.222821+00:00
9447,INPROC_97DB76,1,10,team2,Team 2 (E/W),31,89,20,♥,finished,2026-05-18T16:07:45.241838+00:00
9448,INPROC_25BC45,1,10,team1,Team 1 (N/S),92,28,5,♣,finished,2026-05-18T16:07:45.256354+00:00
9449,INPROC_B9773C,1,10,team2,Team 2 (E/W),0,120,16,♦,finished,2026-05-18T16:07:45.275050+00:00
9450,INPROC_410857,1,10,team1,Team 1 (N/S),75,45,14,♦,finished,2026-05-18T16:07:45.294266+00:00
9451,INPROC_E77FB5,1,10,team2,Team 2 (E/W),23,97,31,♠,finished,2026-05-18T16:07:45.310112+00:00
9452,INPROC_A0C50C,1,10,team2,Team 2 (E/W),41,79,7,♣,finished,2026-05-18T16:07:45.323071+00:00
9453,INPROC_4F7679,1,10,team1,Team 1 (N/S),63,57,9,♣,finished,2026-05-18T16:07:45.336920+00:00
9454,INPROC_A730A7,1,10,team1,Team 1 (N/S),85,35,10,♦,finished,2026-05-18T16:07:45.354606+00:00
9455,INPROC_E3161C,1,10,team2,Team 2 (E/W),14,106,23,♥,finished,2026-05-18T16:07:45.370106+00:00
9456,INPROC_84D4B6,1,10,team2,Team 2 (E/W),34,86,35,♠,finished,2026-05-18T16:07:45.389363+00:00
9457,INPROC_98F319,1,10,team2,Team 2 (E/W),58,62,15,♦,finished,2026-05-18T16:07:45.408332+00:00
9458,INPROC_958FC9,1,10,team2,Team 2 (E/W),34,86,28,♥,finished,2026-05-18T16:07:45.428096+00:00
9459,INPROC_F02DF0,1,10,team2,Team 2 (E/W),15,105,30,♠,finished,2026-05-18T16:07:45.449583+00:00
9460,INPROC_FF0A13,1,10,team2,Team 2 (E/W),53,67,12,♦,finished,2026-05-18T16:07:45.470096+00:00
9461,INPROC_E71A84,1,10,team2,Team 2 (E/W),32,88,23,♥,finished,2026-05-18T16:07:45.489276+00:00
9462,INPROC_8FCB96,1,10,team2,Team 2 (E/W),58,62,26,♥,finished,2026-05-18T16:07:45.500399+00:00
9463,INPROC_4AF34E,1,10,team1,Team 1 (N/S),64,56,12,♦,finished,2026-05-18T16:07:45.513746+00:00
9464,INPROC_775B19,1,10,team1,Team 1 (N/S),64,56,34,♠,finished,2026-05-18T16:07:45.528957+00:00
9465,INPROC_72A545,1,10,team2,Team 2 (E/W),33,87,38,♠,finished,2026-05-18T16:07:45.548978+00:00
9466,INPROC_ADFE55,1,10,team2,Team 2 (E/W),51,69,30,♠,finished,2026-05-18T16:07:45.573001+00:00
9467,INPROC_A10576,1,10,team1,Team 1 (N/S),72,48,36,♠,finished,2026-05-18T16:07:45.597129+00:00
9468,INPROC_FECF6D,1,10,team2,Team 2 (E/W),25,95,17,♦,finished,2026-05-18T16:07:45.617450+00:00
9469,INPROC_EE7169,1,10,team2,Team 2 (E/W),57,63,6,♣,finished,2026-05-18T16:07:45.638059+00:00
9470,INPROC_EFA7EE,1,10,team2,Team 2 (E/W),58,62,9,♣,finished,2026-05-18T16:07:45.653371+00:00
9471,INPROC_55CE33,1,10,team1,Team 1 (N/S),111,9,37,♠,finished,2026-05-18T16:07:45.663752+00:00
9472,INPROC_1E0262,1,10,team2,Team 2 (E/W),58,62,35,♠,finished,2026-05-18T16:07:45.673201+00:00
9473,INPROC_96126B,1,10,team2,Team 2 (E/W),3,117,27,♥,finished,2026-05-18T16:07:45.684696+00:00
9474,INPROC_D5AA1C,1,10,team2,Team 2 (E/W),57,63,13,♦,finished,2026-05-18T16:07:45.700976+00:00
9475,INPROC_2AB1FA,1,10,team1,Team 1 (N/S),83,37,4,♣,finished,2026-05-18T16:07:45.715136+00:00
9476,INPROC_8DF9CC,1,10,team1,Team 1 (N/S),89,31,16,♦,finished,2026-05-18T16:07:45.731351+00:00
9477,INPROC_4DD596,1,10,team1,Team 1 (N/S),85,35,7,♣,finished,2026-05-18T16:07:45.749238+00:00
9478,INPROC_0E12A9,1,10,team2,Team 2 (E/W),34,86,25,♥,finished,2026-05-18T16:07:45.766206+00:00
9479,INPROC_6C0ACF,1,10,team2,Team 2 (E/W),39,81,38,♠,finished,2026-05-18T16:07:45.786597+00:00
9480,INPROC_736CFC,1,10,team1,Team 1 (N/S),77,43,29,♥,finished,2026-05-18T16:07:45.805888+00:00
9481,INPROC_F785C7,1,10,team2,Team 2 (E/W),41,79,8,♣,finished,2026-05-18T16:07:45.824001+00:00
9482,INPROC_55F1D9,1,10,team2,Team 2 (E/W),17,103,38,♠,finished,2026-05-18T16:07:45.837087+00:00
9483,INPROC_CF3345,1,10,draw,draw,60,60,19,♦,finished,2026-05-18T16:07:45.851720+00:00
9484,INPROC_C2D03E,1,10,team2,Team 2 (E/W),56,64,6,♣,finished,2026-05-18T16:07:45.870353+00:00
9485,INPROC_F5AAB6,1,10,team2,Team 2 (E/W),50,70,13,♦,finished,2026-05-18T16:07:45.889634+00:00
9486,INPROC_0E17D0,1,10,team2,Team 2 (E/W),47,73,3,♣,finished,2026-05-18T16:07:45.910824+00:00
9487,INPROC_DAEAA4,1,10,team2,Team 2 (E/W),38,82,4,♣,finished,2026-05-18T16:07:45.930553+00:00
9488,INPROC_D8CD17,1,10,team2,Team 2 (E/W),28,92,18,♦,finished,2026-05-18T16:07:45.948522+00:00
9489,INPROC_F5E375,1,10,team2,Team 2 (E/W),14,106,15,♦,finished,2026-05-18T16:07:45.967540+00:00
9490,INPROC_A66CDC,1,10,team2,Team 2 (E/W),59,61,11,♦,finished,2026-05-18T16:07:45.977462+00:00
9491,INPROC_5D3BB5,1,10,team1,Team 1 (N/S),72,48,11,♦,finished,2026-05-18T16:07:45.987746+00:00
9492,INPROC_BFB616,1,10,draw,draw,60,60,23,♥,finished,2026-05-18T16:07:46.002130+00:00
9493,INPROC_B4A41E,1,10,team2,Team 2 (E/W),42,78,19,♦,finished,2026-05-18T16:07:46.017260+00:00
9494,INPROC_60A578,1,10,team2,Team 2 (E/W),56,64,1,♣,finished,2026-05-18T16:07:46.036069+00:00
9495,INPROC_375CB1,1,10,team2,Team 2 (E/W),33,87,37,♠,finished,2026-05-18T16:07:46.054927+00:00
9496,INPROC_90A6AC,1,10,team1,Team 1 (N/S),77,43,16,♦,finished,2026-05-18T16:07:46.073294+00:00
9497,INPROC_72154B,1,10,team2,Team 2 (E/W),49,71,37,♠,finished,2026-05-18T16:07:46.086233+00:00
9498,INPROC_3EBCF8,1,10,team1,Team 1 (N/S),93,27,6,♣,finished,2026-05-18T16:07:46.096766+00:00
9499,INPROC_B8D156,1,10,team1,Team 1 (N/S),66,54,0,♣,finished,2026-05-18T16:07:46.109335+00:00
9500,INPROC_DD0CDE,1,10,team2,Team 2 (E/W),58,62,21,♥,finished,2026-05-18T16:07:46.128788+00:00
9501,INPROC_EEAD2C,1,10,team1,Team 1 (N/S),82,38,24,♥,finished,2026-05-18T16:07:46.148253+00:00
9502,INPROC_4902FF,1,10,team2,Team 2 (E/W),56,64,15,♦,finished,2026-05-18T16:07:46.169388+00:00
9503,INPROC_FE100E,1,10,team2,Team 2 (E/W),40,80,19,♦,finished,2026-05-18T16:07:46.188666+00:00
9504,INPROC_55AA45,1,10,team2,Team 2 (E/W),21,99,26,♥,finished,2026-05-18T16:07:46.207089+00:00
9505,INPROC_E3444A,1,10,team1,Team 1 (N/S),93,27,15,♦,finished,2026-05-18T16:07:46.221772+00:00
9506,INPROC_6B6578,1,10,team1,Team 1 (N/S),91,29,34,♠,finished,2026-05-18T16:07:46.237543+00:00
9507,INPROC_5BBD01,1,10,team1,Team 1 (N/S),80,40,25,♥,finished,2026-05-18T16:07:46.250110+00:00
9508,INPROC_795CD0,1,10,team2,Team 2 (E/W),43,77,9,♣,finished,2026-05-18T16:07:46.269345+00:00
9509,INPROC_B24BED,1,10,team2,Team 2 (E/W),40,80,30,♠,finished,2026-05-18T16:07:46.288102+00:00
9510,INPROC_B4812D,1,10,team2,Team 2 (E/W),47,73,24,♥,finished,2026-05-18T16:07:46.307856+00:00
9511,INPROC_E97FE1,1,10,team1,Team 1 (N/S),79,41,12,♦,finished,2026-05-18T16:07:46.325126+00:00
9512,INPROC_4D647F,1,10,team2,Team 2 (E/W),38,82,7,♣,finished,2026-05-18T16:07:46.337680+00:00
9513,INPROC_7CDFFD,1,10,team1,Team 1 (N/S),88,32,35,♠,finished,2026-05-18T16:07:46.353938+00:00
9514,INPROC_6390E3,1,10,team2,Team 2 (E/W),22,98,35,♠,finished,2026-05-18T16:07:46.368237+00:00
9515,INPROC_8A2713,1,10,team1,Team 1 (N/S),85,35,4,♣,finished,2026-05-18T16:07:46.385887+00:00
9516,INPROC_49FC86,1,10,team2,Team 2 (E/W),53,67,24,♥,finished,2026-05-18T16:07:46.402404+00:00
9517,INPROC_5D3F6F,1,10,team2,Team 2 (E/W),29,91,12,♦,finished,2026-05-18T16:07:46.420685+00:00
9518,INPROC_AD9AA5,1,10,team2,Team 2 (E/W),58,62,32,♠,finished,2026-05-18T16:07:46.438454+00:00
9519,INPROC_33DAEA,1,10,team1,Team 1 (N/S),98,22,22,♥,finished,2026-05-18T16:07:46.452410+00:00
9520,INPROC_7F6F5C,1,10,team2,Team 2 (E/W),41,79,38,♠,finished,2026-05-18T16:07:46.466952+00:00
9521,INPROC_A1E90A,1,10,team2,Team 2 (E/W),23,97,34,♠,finished,2026-05-18T16:07:46.481639+00:00
9522,INPROC_89D686,1,10,team1,Team 1 (N/S),90,30,34,♠,finished,2026-05-18T16:07:46.500276+00:00
9523,INPROC_07DAFF,1,10,team2,Team 2 (E/W),56,64,33,♠,finished,2026-05-18T16:07:46.515155+00:00
9524,INPROC_5C0C1A,1,10,team1,Team 1 (N/S),88,32,6,♣,finished,2026-05-18T16:07:46.529729+00:00
9525,INPROC_2FCFA6,1,10,team2,Team 2 (E/W),47,73,18,♦,finished,2026-05-18T16:07:46.544867+00:00
9526,INPROC_C71B41,1,10,team2,Team 2 (E/W),42,78,9,♣,finished,2026-05-18T16:07:46.560995+00:00
9527,INPROC_0DF4AC,1,10,team2,Team 2 (E/W),37,83,5,♣,finished,2026-05-18T16:07:46.579046+00:00
9528,INPROC_2A2EA8,1,10,team2,Team 2 (E/W),35,85,31,♠,finished,2026-05-18T16:07:46.595140+00:00
9529,INPROC_D29FED,1,10,team1,Team 1 (N/S),71,49,11,♦,finished,2026-05-18T16:07:46.611515+00:00
9530,INPROC_BA0E77,1,10,team2,Team 2 (E/W),57,63,10,♦,finished,2026-05-18T16:07:46.628327+00:00
9531,INPROC_AE87D4,1,10,team1,Team 1 (N/S),70,50,2,♣,finished,2026-05-18T16:07:46.643675+00:00
9532,INPROC_8C3AB1,1,10,team1,Team 1 (N/S),95,25,10,♦,finished,2026-05-18T16:07:46.661161+00:00
9533,INPROC_379FD8,1,10,team1,Team 1 (N/S),64,56,23,♥,finished,2026-05-18T16:07:46.675507+00:00
9534,INPROC_46C4B7,1,10,team2,Team 2 (E/W),55,65,17,♦,finished,2026-05-18T16:07:46.685297+00:00
9535,INPROC_AC2AF4,1,10,team1,Team 1 (N/S),73,47,16,♦,finished,2026-05-18T16:07:46.698261+00:00
9536,INPROC_46E436,1,10,team2,Team 2 (E/W),47,73,30,♠,finished,2026-05-18T16:07:46.709588+00:00
9537,INPROC_C0AF1A,1,10,team1,Team 1 (N/S),63,57,26,♥,finished,2026-05-18T16:07:46.722110+00:00
9538,INPROC_7BACBD,1,10,draw,draw,60,60,11,♦,finished,2026-05-18T16:07:46.735672+00:00
9539,INPROC_C4C9DA,1,10,team1,Team 1 (N/S),68,52,6,♣,finished,2026-05-18T16:07:46.748258+00:00
9540,INPROC_443BAD,1,10,team2,Team 2 (E/W),53,67,32,♠,finished,2026-05-18T16:07:46.761479+00:00
9541,INPROC_10ACC0,1,10,team2,Team 2 (E/W),41,79,9,♣,finished,2026-05-18T16:07:46.777531+00:00
9542,INPROC_8F9B7A,1,10,team1,Team 1 (N/S),96,24,35,♠,finished,2026-05-18T16:07:46.791658+00:00
9543,INPROC_6CF8DE,1,10,team2,Team 2 (E/W),0,120,25,♥,finished,2026-05-18T16:07:46.805362+00:00
9544,INPROC_EE0517,1,10,team1,Team 1 (N/S),70,50,22,♥,finished,2026-05-18T16:07:46.819514+00:00
9545,INPROC_92F2B9,1,10,team1,Team 1 (N/S),73,47,22,♥,finished,2026-05-18T16:07:46.833066+00:00
9546,INPROC_BFAD70,1,10,team1,Team 1 (N/S),67,53,32,♠,finished,2026-05-18T16:07:46.845046+00:00
9547,INPROC_16DF2E,1,10,team1,Team 1 (N/S),75,45,22,♥,finished,2026-05-18T16:07:46.855783+00:00
9548,INPROC_855FD4,1,10,team1,Team 1 (N/S),68,52,26,♥,finished,2026-05-18T16:07:46.866997+00:00
9549,INPROC_7E7098,1,10,team2,Team 2 (E/W),57,63,30,♠,finished,2026-05-18T16:07:46.876479+00:00
9550,INPROC_0F5C08,1,10,team1,Team 1 (N/S),77,43,20,♥,finished,2026-05-18T16:07:46.886687+00:00
9551,INPROC_D2C323,1,10,team1,Team 1 (N/S),63,57,37,♠,finished,2026-05-18T16:07:46.898237+00:00
9552,INPROC_B3907A,1,10,team1,Team 1 (N/S),96,24,0,♣,finished,2026-05-18T16:07:46.908059+00:00
9553,INPROC_CEB920,1,10,team2,Team 2 (E/W),44,76,11,♦,finished,2026-05-18T16:07:46.918252+00:00
9554,INPROC_572BA3,1,10,team2,Team 2 (E/W),29,91,13,♦,finished,2026-05-18T16:07:46.930104+00:00
9555,INPROC_EAA6E7,1,10,team1,Team 1 (N/S),97,23,8,♣,finished,2026-05-18T16:07:46.939975+00:00
9556,INPROC_D55D53,1,10,team2,Team 2 (E/W),52,68,17,♦,finished,2026-05-18T16:07:46.949304+00:00
9557,INPROC_C8E275,1,10,team2,Team 2 (E/W),47,73,31,♠,finished,2026-05-18T16:07:46.957833+00:00
9558,INPROC_E6952C,1,10,team2,Team 2 (E/W),6,114,0,♣,finished,2026-05-18T16:07:46.967533+00:00
9559,INPROC_652894,1,10,team1,Team 1 (N/S),74,46,19,♦,finished,2026-05-18T16:07:46.978374+00:00
9560,INPROC_766E7E,1,10,team2,Team 2 (E/W),41,79,1,♣,finished,2026-05-18T16:07:46.988047+00:00
9561,INPROC_88A3E8,1,10,team2,Team 2 (E/W),47,73,17,♦,finished,2026-05-18T16:07:46.998259+00:00
9562,INPROC_92FFBF,1,10,team2,Team 2 (E/W),32,88,5,♣,finished,2026-05-18T16:07:47.007590+00:00
9563,INPROC_DA01DE,1,10,team1,Team 1 (N/S),72,48,28,♥,finished,2026-05-18T16:07:47.016343+00:00
9564,INPROC_BBE4F3,1,10,team2,Team 2 (E/W),9,111,24,♥,finished,2026-05-18T16:07:47.025402+00:00
9565,INPROC_E91086,1,10,team1,Team 1 (N/S),62,58,33,♠,finished,2026-05-18T16:07:47.034216+00:00
9566,INPROC_B8E639,1,10,team1,Team 1 (N/S),62,58,10,♦,finished,2026-05-18T16:07:47.044652+00:00
9567,INPROC_167643,1,10,team2,Team 2 (E/W),20,100,8,♣,finished,2026-05-18T16:07:47.053425+00:00
9568,INPROC_C9F7F5,1,10,team1,Team 1 (N/S),82,38,23,♥,finished,2026-05-18T16:07:47.064653+00:00
9569,INPROC_1538DE,1,10,team1,Team 1 (N/S),99,21,27,♥,finished,2026-05-18T16:07:47.073351+00:00
9570,INPROC_32DC24,1,10,team2,Team 2 (E/W),46,74,22,♥,finished,2026-05-18T16:07:47.083404+00:00
9571,INPROC_5965A2,1,10,team2,Team 2 (E/W),58,62,1,♣,finished,2026-05-18T16:07:47.096378+00:00
9572,INPROC_869AC3,1,10,team2,Team 2 (E/W),46,74,1,♣,finished,2026-05-18T16:07:47.108401+00:00
9573,INPROC_2C8D18,1,10,team1,Team 1 (N/S),67,53,9,♣,finished,2026-05-18T16:07:47.118125+00:00
9574,INPROC_925F98,1,10,team1,Team 1 (N/S),61,59,16,♦,finished,2026-05-18T16:07:47.127755+00:00
9575,INPROC_085455,1,10,team1,Team 1 (N/S),111,9,11,♦,finished,2026-05-18T16:07:47.136580+00:00
9576,INPROC_619FA6,1,10,team1,Team 1 (N/S),69,51,7,♣,finished,2026-05-18T16:07:47.148101+00:00
9577,INPROC_453FFB,1,10,team1,Team 1 (N/S),120,0,1,♣,finished,2026-05-18T16:07:47.159008+00:00
9578,INPROC_6B0A96,1,10,team2,Team 2 (E/W),42,78,7,♣,finished,2026-05-18T16:07:47.168439+00:00
9579,INPROC_F676E4,1,10,team2,Team 2 (E/W),35,85,32,♠,finished,2026-05-18T16:07:47.178762+00:00
9580,INPROC_EA50A7,1,10,team1,Team 1 (N/S),92,28,25,♥,finished,2026-05-18T16:07:47.187799+00:00
9581,INPROC_F0B42F,1,10,team2,Team 2 (E/W),31,89,25,♥,finished,2026-05-18T16:07:47.198748+00:00
9582,INPROC_862329,1,10,team2,Team 2 (E/W),46,74,32,♠,finished,2026-05-18T16:07:47.208913+00:00
9583,INPROC_C70C64,1,10,team2,Team 2 (E/W),51,69,18,♦,finished,2026-05-18T16:07:47.219662+00:00
9584,INPROC_C47849,1,10,team2,Team 2 (E/W),45,75,29,♥,finished,2026-05-18T16:07:47.231288+00:00
9585,INPROC_5D9BCA,1,10,team1,Team 1 (N/S),61,59,24,♥,finished,2026-05-18T16:07:47.240082+00:00
9586,INPROC_BFCBEF,1,10,team1,Team 1 (N/S),96,24,22,♥,finished,2026-05-18T16:07:47.252477+00:00
9587,INPROC_E2F616,1,10,team1,Team 1 (N/S),75,45,30,♠,finished,2026-05-18T16:07:47.266472+00:00
9588,INPROC_5FB1BF,1,10,team2,Team 2 (E/W),59,61,39,♠,finished,2026-05-18T16:07:47.279216+00:00
9589,INPROC_BC9188,1,10,team1,Team 1 (N/S),85,35,13,♦,finished,2026-05-18T16:07:47.291233+00:00
9590,INPROC_F1D245,1,10,team2,Team 2 (E/W),53,67,1,♣,finished,2026-05-18T16:07:47.303825+00:00
9591,INPROC_A9C9E8,1,10,team1,Team 1 (N/S),75,45,38,♠,finished,2026-05-18T16:07:47.317162+00:00
9592,INPROC_7027FB,1,10,team2,Team 2 (E/W),45,75,33,♠,finished,2026-05-18T16:07:47.329197+00:00
9593,INPROC_E9C6B4,1,10,team1,Team 1 (N/S),95,25,15,♦,finished,2026-05-18T16:07:47.342738+00:00
9594,INPROC_3C8D9E,1,10,team2,Team 2 (E/W),16,104,30,♠,finished,2026-05-18T16:07:47.354107+00:00
9595,INPROC_592A13,1,10,team2,Team 2 (E/W),46,74,36,♠,finished,2026-05-18T16:07:47.367179+00:00
9596,INPROC_69C2B0,1,10,team2,Team 2 (E/W),18,102,10,♦,finished,2026-05-18T16:07:47.377868+00:00
9597,INPROC_25AE50,1,10,team1,Team 1 (N/S),95,25,13,♦,finished,2026-05-18T16:07:47.386754+00:00
9598,INPROC_115B32,1,10,team2,Team 2 (E/W),30,90,0,♣,finished,2026-05-18T16:07:47.396119+00:00
9599,INPROC_17BDD6,1,10,team2,Team 2 (E/W),59,61,27,♥,finished,2026-05-18T16:07:47.404530+00:00
9600,INPROC_C90360,1,10,team2,Team 2 (E/W),52,68,22,♥,finished,2026-05-18T16:07:47.413704+00:00
9601,INPROC_EA19F9,1,10,team2,Team 2 (E/W),17,103,31,♠,finished,2026-05-18T16:07:47.421339+00:00
9602,INPROC_F44C69,1,10,team1,Team 1 (N/S),81,39,19,♦,finished,2026-05-18T16:07:47.430537+00:00
9603,INPROC_126CCF,1,10,team2,Team 2 (E/W),26,94,11,♦,finished,2026-05-18T16:07:47.440195+00:00
9604,INPROC_64AD63,1,10,team2,Team 2 (E/W),17,103,34,♠,finished,2026-05-18T16:07:47.449275+00:00
9605,INPROC_A7D143,1,10,team2,Team 2 (E/W),56,64,18,♦,finished,2026-05-18T16:07:47.457781+00:00
9606,INPROC_F655C1,1,10,team2,Team 2 (E/W),39,81,28,♥,finished,2026-05-18T16:07:47.468695+00:00
9607,INPROC_2F5DB3,1,10,team2,Team 2 (E/W),44,76,10,♦,finished,2026-05-18T16:07:47.479224+00:00
9608,INPROC_8BF5A6,1,10,team1,Team 1 (N/S),64,56,32,♠,finished,2026-05-18T16:07:47.490358+00:00
9609,INPROC_4B1D0B,1,10,team2,Team 2 (E/W),52,68,31,♠,finished,2026-05-18T16:07:47.499731+00:00
9610,INPROC_AC5859,1,10,team2,Team 2 (E/W),25,95,1,♣,finished,2026-05-18T16:07:47.510267+00:00
9611,INPROC_BD81BA,1,10,team2,Team 2 (E/W),32,88,9,♣,finished,2026-05-18T16:07:47.519504+00:00
9612,INPROC_E3943B,1,10,team2,Team 2 (E/W),46,74,22,♥,finished,2026-05-18T16:07:47.530762+00:00
9613,INPROC_9AE47A,1,10,team2,Team 2 (E/W),34,86,32,♠,finished,2026-05-18T16:07:47.540239+00:00
9614,INPROC_F63299,1,10,team1,Team 1 (N/S),64,56,34,♠,finished,2026-05-18T16:07:47.549621+00:00
9615,INPROC_82D0AD,1,10,team2,Team 2 (E/W),23,97,32,♠,finished,2026-05-18T16:07:47.559201+00:00
9616,INPROC_99CB45,1,10,team2,Team 2 (E/W),50,70,13,♦,finished,2026-05-18T16:07:47.567752+00:00
9617,INPROC_90AD6A,1,10,team1,Team 1 (N/S),65,55,20,♥,finished,2026-05-18T16:07:47.577479+00:00
9618,INPROC_A71B54,1,10,team2,Team 2 (E/W),14,106,29,♥,finished,2026-05-18T16:07:47.585804+00:00
9619,INPROC_2674AD,1,10,draw,draw,60,60,17,♦,finished,2026-05-18T16:07:47.595667+00:00
9620,INPROC_C5668B,1,10,team1,Team 1 (N/S),83,37,16,♦,finished,2026-05-18T16:07:47.603873+00:00
9621,INPROC_934232,1,10,team1,Team 1 (N/S),84,36,6,♣,finished,2026-05-18T16:07:47.613150+00:00
9622,INPROC_7F2A9D,1,10,team1,Team 1 (N/S),70,50,29,♥,finished,2026-05-18T16:07:47.621600+00:00
9623,INPROC_309E96,1,10,team1,Team 1 (N/S),72,48,1,♣,finished,2026-05-18T16:07:47.631153+00:00
9624,INPROC_B45750,1,10,team1,Team 1 (N/S),74,46,18,♦,finished,2026-05-18T16:07:47.639660+00:00
9625,INPROC_E24DBB,1,10,team1,Team 1 (N/S),69,51,3,♣,finished,2026-05-18T16:07:47.650424+00:00
9626,INPROC_D18435,1,10,team2,Team 2 (E/W),45,75,2,♣,finished,2026-05-18T16:07:47.660608+00:00
9627,INPROC_5D03B3,1,10,team1,Team 1 (N/S),67,53,25,♥,finished,2026-05-18T16:07:47.670220+00:00
9628,INPROC_35F614,1,10,team1,Team 1 (N/S),78,42,37,♠,finished,2026-05-18T16:07:47.680526+00:00
9629,INPROC_B5EA2F,1,10,team2,Team 2 (E/W),47,73,32,♠,finished,2026-05-18T16:07:47.689168+00:00
9630,INPROC_0173C4,1,10,team1,Team 1 (N/S),92,28,25,♥,finished,2026-05-18T16:07:47.697029+00:00
9631,INPROC_25D619,1,10,team1,Team 1 (N/S),79,41,35,♠,finished,2026-05-18T16:07:47.706367+00:00
9632,INPROC_B1914C,1,10,team1,Team 1 (N/S),94,26,32,♠,finished,2026-05-18T16:07:47.714049+00:00
9633,INPROC_FA3D32,1,10,team1,Team 1 (N/S),73,47,5,♣,finished,2026-05-18T16:07:47.723268+00:00
9634,INPROC_868C7D,1,10,team2,Team 2 (E/W),36,84,2,♣,finished,2026-05-18T16:07:47.731344+00:00
9635,INPROC_E73561,1,10,team2,Team 2 (E/W),6,114,10,♦,finished,2026-05-18T16:07:47.740283+00:00
9636,INPROC_0A3496,1,10,team2,Team 2 (E/W),53,67,23,♥,finished,2026-05-18T16:07:47.748454+00:00
9637,INPROC_4FBE18,1,10,team2,Team 2 (E/W),31,89,35,♠,finished,2026-05-18T16:07:47.756367+00:00
9638,INPROC_985632,1,10,team2,Team 2 (E/W),55,65,36,♠,finished,2026-05-18T16:07:47.765286+00:00
9639,INPROC_951B4F,1,10,team1,Team 1 (N/S),66,54,14,♦,finished,2026-05-18T16:07:47.773794+00:00
9640,INPROC_118172,1,10,team2,Team 2 (E/W),38,82,5,♣,finished,2026-05-18T16:07:47.782128+00:00
9641,INPROC_157CF9,1,10,team2,Team 2 (E/W),24,96,33,♠,finished,2026-05-18T16:07:47.789683+00:00
9642,INPROC_2DFE61,1,10,team1,Team 1 (N/S),96,24,21,♥,finished,2026-05-18T16:07:47.798763+00:00
9643,INPROC_99B26A,1,10,team2,Team 2 (E/W),34,86,0,♣,finished,2026-05-18T16:07:47.806261+00:00
9644,INPROC_E51250,1,10,team2,Team 2 (E/W),26,94,33,♠,finished,2026-05-18T16:07:47.815248+00:00
9645,INPROC_97B6A0,1,10,team1,Team 1 (N/S),84,36,12,♦,finished,2026-05-18T16:07:47.822594+00:00
9646,INPROC_8A8FE0,1,10,draw,draw,60,60,3,♣,finished,2026-05-18T16:07:47.830788+00:00
9647,INPROC_A3175A,1,10,team2,Team 2 (E/W),42,78,15,♦,finished,2026-05-18T16:07:47.838684+00:00
9648,INPROC_FAE7AA,1,10,team2,Team 2 (E/W),22,98,4,♣,finished,2026-05-18T16:07:47.846707+00:00
9649,INPROC_715888,1,10,team2,Team 2 (E/W),9,111,30,♠,finished,2026-05-18T16:07:47.857146+00:00
9650,INPROC_F053B8,1,10,team1,Team 1 (N/S),88,32,31,♠,finished,2026-05-18T16:07:47.866060+00:00
9651,INPROC_80A870,1,10,team2,Team 2 (E/W),48,72,26,♥,finished,2026-05-18T16:07:47.877309+00:00
9652,INPROC_978624,1,10,team1,Team 1 (N/S),89,31,9,♣,finished,2026-05-18T16:07:47.886640+00:00
9653,INPROC_869252,1,10,team2,Team 2 (E/W),43,77,30,♠,finished,2026-05-18T16:07:47.896847+00:00
9654,INPROC_E6B912,1,10,team1,Team 1 (N/S),66,54,2,♣,finished,2026-05-18T16:07:47.909852+00:00
9655,INPROC_55C1CE,1,10,team1,Team 1 (N/S),75,45,4,♣,finished,2026-05-18T16:07:47.921976+00:00
9656,INPROC_55A35C,1,10,team1,Team 1 (N/S),76,44,25,♥,finished,2026-05-18T16:07:47.931707+00:00
9657,INPROC_93DEE7,1,10,team1,Team 1 (N/S),85,35,1,♣,finished,2026-05-18T16:07:47.940350+00:00
9658,INPROC_CD08EC,1,10,team2,Team 2 (E/W),54,66,22,♥,finished,2026-05-18T16:07:47.949721+00:00
9659,INPROC_338A35,1,10,team2,Team 2 (E/W),58,62,27,♥,finished,2026-05-18T16:07:47.958090+00:00
9660,INPROC_CC03D8,1,10,team1,Team 1 (N/S),120,0,21,♥,finished,2026-05-18T16:07:47.966995+00:00
9661,INPROC_4C802F,1,10,team1,Team 1 (N/S),72,48,26,♥,finished,2026-05-18T16:07:47.975241+00:00
9662,INPROC_DCF268,1,10,team1,Team 1 (N/S),69,51,32,♠,finished,2026-05-18T16:07:47.985351+00:00
9663,INPROC_E97AE7,1,10,team1,Team 1 (N/S),72,48,21,♥,finished,2026-05-18T16:07:47.994400+00:00
9664,INPROC_714EED,1,10,team1,Team 1 (N/S),84,36,30,♠,finished,2026-05-18T16:07:48.002568+00:00
9665,INPROC_546D75,1,10,team1,Team 1 (N/S),69,51,12,♦,finished,2026-05-18T16:07:48.011368+00:00
9666,INPROC_813656,1,10,team1,Team 1 (N/S),102,18,13,♦,finished,2026-05-18T16:07:48.018704+00:00
9667,INPROC_4A9D2B,1,10,team1,Team 1 (N/S),62,58,32,♠,finished,2026-05-18T16:07:48.027348+00:00
9668,INPROC_8E8D64,1,10,team1,Team 1 (N/S),70,50,20,♥,finished,2026-05-18T16:07:48.037040+00:00
9669,INPROC_5047C2,1,10,team2,Team 2 (E/W),46,74,22,♥,finished,2026-05-18T16:07:48.044498+00:00
9670,INPROC_DEDE9D,1,10,team2,Team 2 (E/W),44,76,5,♣,finished,2026-05-18T16:07:48.052019+00:00
9671,INPROC_41921A,1,10,team2,Team 2 (E/W),55,65,25,♥,finished,2026-05-18T16:07:48.060148+00:00
9672,INPROC_765461,1,10,team2,Team 2 (E/W),25,95,26,♥,finished,2026-05-18T16:07:48.067608+00:00
9673,INPROC_646CC7,1,10,team2,Team 2 (E/W),20,100,23,♥,finished,2026-05-18T16:07:48.075620+00:00
9674,INPROC_453C22,1,10,team2,Team 2 (E/W),43,77,1,♣,finished,2026-05-18T16:07:48.083073+00:00
9675,INPROC_5A36D9,1,10,team2,Team 2 (E/W),21,99,16,♦,finished,2026-05-18T16:07:48.090478+00:00
9676,INPROC_CF1E8A,1,10,team2,Team 2 (E/W),26,94,14,♦,finished,2026-05-18T16:07:48.097785+00:00
9677,INPROC_BE00F9,1,10,team2,Team 2 (E/W),50,70,24,♥,finished,2026-05-18T16:07:48.105417+00:00
9678,INPROC_B00025,1,10,team2,Team 2 (E/W),20,100,3,♣,finished,2026-05-18T16:07:48.113390+00:00
9679,INPROC_45383D,1,10,team2,Team 2 (E/W),43,77,21,♥,finished,2026-05-18T16:07:48.120920+00:00
9680,INPROC_3BDDD6,1,10,team2,Team 2 (E/W),53,67,16,♦,finished,2026-05-18T16:07:48.129360+00:00
9681,INPROC_8AFA8E,1,10,team1,Team 1 (N/S),84,36,16,♦,finished,2026-05-18T16:07:48.136380+00:00
9682,INPROC_F57BFE,1,10,team1,Team 1 (N/S),63,57,20,♥,finished,2026-05-18T16:07:48.143903+00:00
9683,INPROC_2BDE90,1,10,team1,Team 1 (N/S),64,56,28,♥,finished,2026-05-18T16:07:48.151574+00:00
9684,INPROC_F67F3C,1,10,team2,Team 2 (E/W),57,63,14,♦,finished,2026-05-18T16:07:48.159841+00:00
9685,INPROC_98E148,1,10,team2,Team 2 (E/W),50,70,0,♣,finished,2026-05-18T16:07:48.167790+00:00
9686,INPROC_045660,1,10,team2,Team 2 (E/W),47,73,29,♥,finished,2026-05-18T16:07:48.175792+00:00
9687,INPROC_07E470,1,10,team2,Team 2 (E/W),39,81,39,♠,finished,2026-05-18T16:07:48.183519+00:00
9688,INPROC_F9CBBB,1,10,team2,Team 2 (E/W),27,93,13,♦,finished,2026-05-18T16:07:48.191342+00:00
9689,INPROC_A3459A,1,10,team1,Team 1 (N/S),108,12,3,♣,finished,2026-05-18T16:07:48.198924+00:00
9690,INPROC_619E3B,1,10,team2,Team 2 (E/W),50,70,0,♣,finished,2026-05-18T16:07:48.206792+00:00
9691,INPROC_417A04,1,10,team1,Team 1 (N/S),65,55,14,♦,finished,2026-05-18T16:07:48.214303+00:00
9692,INPROC_1D26CA,1,10,team2,Team 2 (E/W),53,67,19,♦,finished,2026-05-18T16:07:48.223058+00:00
9693,INPROC_CE598C,1,10,team2,Team 2 (E/W),17,103,33,♠,finished,2026-05-18T16:07:48.230505+00:00
9694,INPROC_26E921,1,10,team2,Team 2 (E/W),53,67,11,♦,finished,2026-05-18T16:07:48.239965+00:00
9695,INPROC_680D20,1,10,team1,Team 1 (N/S),87,33,11,♦,finished,2026-05-18T16:07:48.247874+00:00
9696,INPROC_BF368C,1,10,team2,Team 2 (E/W),49,71,21,♥,finished,2026-05-18T16:07:48.256826+00:00
9697,INPROC_CD82F9,1,10,team1,Team 1 (N/S),108,12,36,♠,finished,2026-05-18T16:07:48.264655+00:00
9698,INPROC_BF58E0,1,10,team2,Team 2 (E/W),59,61,16,♦,finished,2026-05-18T16:07:48.274470+00:00
9699,INPROC_DD8BB8,1,10,team2,Team 2 (E/W),29,91,36,♠,finished,2026-05-18T16:07:48.283925+00:00
9700,INPROC_4F2EF0,1,10,team2,Team 2 (E/W),14,106,3,♣,finished,2026-05-18T16:07:48.292069+00:00
9701,INPROC_E0C09A,1,10,team2,Team 2 (E/W),49,71,6,♣,finished,2026-05-18T16:07:48.300644+00:00
9702,INPROC_288434,1,10,team2,Team 2 (E/W),54,66,39,♠,finished,2026-05-18T16:07:48.308113+00:00
9703,INPROC_CA67F9,1,10,team1,Team 1 (N/S),69,51,27,♥,finished,2026-05-18T16:07:48.317089+00:00
9704,INPROC_A0A749,1,10,team2,Team 2 (E/W),46,74,0,♣,finished,2026-05-18T16:07:48.324457+00:00
9705,INPROC_AE2786,1,10,team1,Team 1 (N/S),105,15,23,♥,finished,2026-05-18T16:07:48.333102+00:00
9706,INPROC_CE3C92,1,10,team2,Team 2 (E/W),52,68,24,♥,finished,2026-05-18T16:07:48.340826+00:00
9707,INPROC_F1C3DA,1,10,team1,Team 1 (N/S),72,48,14,♦,finished,2026-05-18T16:07:48.349608+00:00
9708,INPROC_8861BC,1,10,team1,Team 1 (N/S),74,46,34,♠,finished,2026-05-18T16:07:48.358018+00:00
9709,INPROC_F278FC,1,10,team2,Team 2 (E/W),14,106,0,♣,finished,2026-05-18T16:07:48.365452+00:00
9710,INPROC_6DEF03,1,10,team1,Team 1 (N/S),84,36,1,♣,finished,2026-05-18T16:07:48.373791+00:00
9711,INPROC_54A27F,1,10,team2,Team 2 (E/W),30,90,20,♥,finished,2026-05-18T16:07:48.381312+00:00
9712,INPROC_B647EE,1,10,team1,Team 1 (N/S),68,52,15,♦,finished,2026-05-18T16:07:48.389895+00:00
9713,INPROC_ED4DA6,1,10,team2,Team 2 (E/W),45,75,36,♠,finished,2026-05-18T16:07:48.398221+00:00
9714,INPROC_92D927,1,10,team1,Team 1 (N/S),68,52,6,♣,finished,2026-05-18T16:07:48.407033+00:00
9715,INPROC_9009D2,1,10,team2,Team 2 (E/W),31,89,35,♠,finished,2026-05-18T16:07:48.414593+00:00
9716,INPROC_81ECF1,1,10,team1,Team 1 (N/S),96,24,13,♦,finished,2026-05-18T16:07:48.423484+00:00
9717,INPROC_285362,1,10,team2,Team 2 (E/W),55,65,27,♥,finished,2026-05-18T16:07:48.431079+00:00
9718,INPROC_94BC88,1,10,team2,Team 2 (E/W),23,97,9,♣,finished,2026-05-18T16:07:48.439672+00:00
9719,INPROC_3BCB8C,1,10,team2,Team 2 (E/W),53,67,22,♥,finished,2026-05-18T16:07:48.447788+00:00
9720,INPROC_3CD172,1,10,team2,Team 2 (E/W),33,87,19,♦,finished,2026-05-18T16:07:48.455818+00:00
9721,INPROC_BBA8A4,1,10,team1,Team 1 (N/S),74,46,21,♥,finished,2026-05-18T16:07:48.464321+00:00
9722,INPROC_19C8E0,1,10,team2,Team 2 (E/W),34,86,22,♥,finished,2026-05-18T16:07:48.474050+00:00
9723,INPROC_5B1F45,1,10,team2,Team 2 (E/W),53,67,16,♦,finished,2026-05-18T16:07:48.482779+00:00
9724,INPROC_6A6CAE,1,10,team2,Team 2 (E/W),28,92,39,♠,finished,2026-05-18T16:07:48.490329+00:00
9725,INPROC_DE1EA5,1,10,team2,Team 2 (E/W),56,64,3,♣,finished,2026-05-18T16:07:48.498942+00:00
9726,INPROC_A9D865,1,10,team1,Team 1 (N/S),63,57,15,♦,finished,2026-05-18T16:07:48.506397+00:00
9727,INPROC_E35A8A,1,10,team1,Team 1 (N/S),99,21,34,♠,finished,2026-05-18T16:07:48.515076+00:00
9728,INPROC_7082B4,1,10,team1,Team 1 (N/S),78,42,21,♥,finished,2026-05-18T16:07:48.522872+00:00
9729,INPROC_E55C23,1,10,team1,Team 1 (N/S),108,12,21,♥,finished,2026-05-18T16:07:48.531576+00:00
9730,INPROC_7EFD82,1,10,team1,Team 1 (N/S),79,41,19,♦,finished,2026-05-18T16:07:48.538753+00:00
9731,INPROC_612971,1,10,team2,Team 2 (E/W),29,91,12,♦,finished,2026-05-18T16:07:48.545226+00:00
9732,INPROC_FC314E,1,10,team1,Team 1 (N/S),100,20,26,♥,finished,2026-05-18T16:07:48.554013+00:00
9733,INPROC_6DA193,1,10,team1,Team 1 (N/S),83,37,17,♦,finished,2026-05-18T16:07:48.561718+00:00
9734,INPROC_473BAD,1,10,team2,Team 2 (E/W),49,71,21,♥,finished,2026-05-18T16:07:48.569392+00:00
9735,INPROC_AF3FB9,1,10,team1,Team 1 (N/S),87,33,33,♠,finished,2026-05-18T16:07:48.577345+00:00
9736,INPROC_CC63FB,1,10,team2,Team 2 (E/W),39,81,11,♦,finished,2026-05-18T16:07:48.585680+00:00
9737,INPROC_678A27,1,10,team2,Team 2 (E/W),41,79,8,♣,finished,2026-05-18T16:07:48.593785+00:00
9738,INPROC_DA020B,1,10,team2,Team 2 (E/W),45,75,39,♠,finished,2026-05-18T16:07:48.602775+00:00
9739,INPROC_A488C2,1,10,team1,Team 1 (N/S),92,28,22,♥,finished,2026-05-18T16:07:48.617809+00:00
9740,INPROC_3E4B13,1,10,team2,Team 2 (E/W),26,94,18,♦,finished,2026-05-18T16:07:48.632701+00:00
9741,INPROC_4B0034,1,10,team1,Team 1 (N/S),79,41,13,♦,finished,2026-05-18T16:07:48.649553+00:00
9742,INPROC_A3988A,1,10,team2,Team 2 (E/W),26,94,37,♠,finished,2026-05-18T16:07:48.669858+00:00
9743,INPROC_A705A2,1,10,team1,Team 1 (N/S),105,15,35,♠,finished,2026-05-18T16:07:48.687533+00:00
9744,INPROC_DEDE92,1,10,team1,Team 1 (N/S),67,53,5,♣,finished,2026-05-18T16:07:48.706883+00:00
9745,INPROC_3379E0,1,10,team1,Team 1 (N/S),80,40,25,♥,finished,2026-05-18T16:07:48.727250+00:00
9746,INPROC_42C4F0,1,10,team2,Team 2 (E/W),23,97,15,♦,finished,2026-05-18T16:07:48.744535+00:00
9747,INPROC_C07206,1,10,team2,Team 2 (E/W),37,83,39,♠,finished,2026-05-18T16:07:48.761090+00:00
9748,INPROC_725BA2,1,10,team2,Team 2 (E/W),14,106,26,♥,finished,2026-05-18T16:07:48.780382+00:00
9749,INPROC_E1EACF,1,10,team2,Team 2 (E/W),54,66,25,♥,finished,2026-05-18T16:07:48.800361+00:00
9750,INPROC_2DFD01,1,10,team1,Team 1 (N/S),70,50,37,♠,finished,2026-05-18T16:07:48.815737+00:00
9751,INPROC_8B6A0E,1,10,team1,Team 1 (N/S),71,49,10,♦,finished,2026-05-18T16:07:48.833272+00:00
9752,INPROC_826B23,1,10,team2,Team 2 (E/W),26,94,8,♣,finished,2026-05-18T16:07:48.848927+00:00
9753,INPROC_55BCBB,1,10,team2,Team 2 (E/W),23,97,9,♣,finished,2026-05-18T16:07:48.862746+00:00
9754,INPROC_DC2EDF,1,10,team2,Team 2 (E/W),59,61,37,♠,finished,2026-05-18T16:07:48.878561+00:00
9755,INPROC_6E3BB8,1,10,team2,Team 2 (E/W),23,97,22,♥,finished,2026-05-18T16:07:48.894324+00:00
9756,INPROC_A110D7,1,10,team2,Team 2 (E/W),40,80,19,♦,finished,2026-05-18T16:07:48.905978+00:00
9757,INPROC_BD0EE7,1,10,team2,Team 2 (E/W),14,106,23,♥,finished,2026-05-18T16:07:48.919208+00:00
9758,INPROC_E87653,1,10,team2,Team 2 (E/W),41,79,7,♣,finished,2026-05-18T16:07:48.932169+00:00
9759,INPROC_BF2954,1,10,team2,Team 2 (E/W),44,76,24,♥,finished,2026-05-18T16:07:48.941688+00:00
9760,INPROC_C41D5B,1,10,team1,Team 1 (N/S),66,54,33,♠,finished,2026-05-18T16:07:48.956266+00:00
9761,INPROC_EDAA39,1,10,team2,Team 2 (E/W),46,74,15,♦,finished,2026-05-18T16:07:48.971915+00:00
9762,INPROC_3EC3BF,1,10,team2,Team 2 (E/W),59,61,33,♠,finished,2026-05-18T16:07:48.986649+00:00
9763,INPROC_D17371,1,10,team2,Team 2 (E/W),34,86,21,♥,finished,2026-05-18T16:07:49.001569+00:00
9764,INPROC_E0A79A,1,10,team1,Team 1 (N/S),80,40,5,♣,finished,2026-05-18T16:07:49.017761+00:00
9765,INPROC_55439C,1,10,team2,Team 2 (E/W),24,96,8,♣,finished,2026-05-18T16:07:49.033432+00:00
9766,INPROC_EA6A0E,1,10,team1,Team 1 (N/S),65,55,11,♦,finished,2026-05-18T16:07:49.046359+00:00
9767,INPROC_514971,1,10,team1,Team 1 (N/S),95,25,12,♦,finished,2026-05-18T16:07:49.061994+00:00
9768,INPROC_AA279E,1,10,team2,Team 2 (E/W),29,91,28,♥,finished,2026-05-18T16:07:49.076487+00:00
9769,INPROC_388ECF,1,10,team1,Team 1 (N/S),73,47,11,♦,finished,2026-05-18T16:07:49.091841+00:00
9770,INPROC_914F86,1,10,team1,Team 1 (N/S),61,59,9,♣,finished,2026-05-18T16:07:49.109440+00:00
9771,INPROC_32B331,1,10,team1,Team 1 (N/S),63,57,9,♣,finished,2026-05-18T16:07:49.127415+00:00
9772,INPROC_417DF3,1,10,team1,Team 1 (N/S),67,53,16,♦,finished,2026-05-18T16:07:49.144066+00:00
9773,INPROC_4D0318,1,10,team1,Team 1 (N/S),61,59,34,♠,finished,2026-05-18T16:07:49.154991+00:00
9774,INPROC_5B49CA,1,10,team1,Team 1 (N/S),75,45,36,♠,finished,2026-05-18T16:07:49.168568+00:00
9775,INPROC_56F051,1,10,team1,Team 1 (N/S),97,23,34,♠,finished,2026-05-18T16:07:49.182001+00:00
9776,INPROC_20B5D8,1,10,team2,Team 2 (E/W),28,92,20,♥,finished,2026-05-18T16:07:49.196238+00:00
9777,INPROC_9DF787,1,10,team1,Team 1 (N/S),104,16,3,♣,finished,2026-05-18T16:07:49.206898+00:00
9778,INPROC_E65348,1,10,team2,Team 2 (E/W),49,71,24,♥,finished,2026-05-18T16:07:49.220996+00:00
9779,INPROC_CAFF3D,1,10,team2,Team 2 (E/W),44,76,25,♥,finished,2026-05-18T16:07:49.237272+00:00
9780,INPROC_3EE95B,1,10,team1,Team 1 (N/S),97,23,5,♣,finished,2026-05-18T16:07:49.249606+00:00
9781,INPROC_AB8625,1,10,team1,Team 1 (N/S),63,57,11,♦,finished,2026-05-18T16:07:49.262546+00:00
9782,INPROC_D5AD5E,1,10,team2,Team 2 (E/W),17,103,11,♦,finished,2026-05-18T16:07:49.275869+00:00
9783,INPROC_0A0D30,1,10,team1,Team 1 (N/S),68,52,38,♠,finished,2026-05-18T16:07:49.292569+00:00
9784,INPROC_9E6F11,1,10,team2,Team 2 (E/W),49,71,38,♠,finished,2026-05-18T16:07:49.308443+00:00
9785,INPROC_9A72FF,1,10,team2,Team 2 (E/W),43,77,22,♥,finished,2026-05-18T16:07:49.327271+00:00
9786,INPROC_D2C2FD,1,10,team2,Team 2 (E/W),42,78,31,♠,finished,2026-05-18T16:07:49.347793+00:00
9787,INPROC_61DAA2,1,10,team2,Team 2 (E/W),33,87,29,♥,finished,2026-05-18T16:07:49.366571+00:00
9788,INPROC_7969B0,1,10,team2,Team 2 (E/W),53,67,25,♥,finished,2026-05-18T16:07:49.384540+00:00
9789,INPROC_E8F22D,1,10,team1,Team 1 (N/S),82,38,1,♣,finished,2026-05-18T16:07:49.401914+00:00
9790,INPROC_5CD3B2,1,10,team1,Team 1 (N/S),61,59,21,♥,finished,2026-05-18T16:07:49.420298+00:00
9791,INPROC_5B0FE0,1,10,team1,Team 1 (N/S),104,16,4,♣,finished,2026-05-18T16:07:49.430032+00:00
9792,INPROC_C066FF,1,10,team2,Team 2 (E/W),21,99,1,♣,finished,2026-05-18T16:07:49.442469+00:00
9793,INPROC_6B8121,1,10,team2,Team 2 (E/W),25,95,39,♠,finished,2026-05-18T16:07:49.455857+00:00
9794,INPROC_FAF701,1,10,team2,Team 2 (E/W),46,74,14,♦,finished,2026-05-18T16:07:49.469284+00:00
9795,INPROC_7D9401,1,10,team1,Team 1 (N/S),72,48,38,♠,finished,2026-05-18T16:07:49.483098+00:00
9796,INPROC_F68AC3,1,10,team2,Team 2 (E/W),44,76,3,♣,finished,2026-05-18T16:07:49.500549+00:00
9797,INPROC_851B5C,1,10,team2,Team 2 (E/W),59,61,24,♥,finished,2026-05-18T16:07:49.517090+00:00
9798,INPROC_383BE4,1,10,team2,Team 2 (E/W),32,88,14,♦,finished,2026-05-18T16:07:49.532780+00:00
9799,INPROC_B31E6A,1,10,team1,Team 1 (N/S),74,46,27,♥,finished,2026-05-18T16:07:49.549232+00:00
9800,INPROC_437E09,1,10,team2,Team 2 (E/W),34,86,32,♠,finished,2026-05-18T16:07:49.567024+00:00
9801,INPROC_B96063,1,10,team2,Team 2 (E/W),37,83,25,♥,finished,2026-05-18T16:07:49.583607+00:00
9802,INPROC_2B685A,1,10,team1,Team 1 (N/S),92,28,3,♣,finished,2026-05-18T16:07:49.599809+00:00
9803,INPROC_CB370F,1,10,team1,Team 1 (N/S),88,32,1,♣,finished,2026-05-18T16:07:49.620005+00:00
9804,INPROC_C0AACB,1,10,team1,Team 1 (N/S),82,38,16,♦,finished,2026-05-18T16:07:49.641057+00:00
9805,INPROC_ABAFF5,1,10,team2,Team 2 (E/W),21,99,0,♣,finished,2026-05-18T16:07:49.660102+00:00
9806,INPROC_218C48,1,10,team1,Team 1 (N/S),83,37,7,♣,finished,2026-05-18T16:07:49.677320+00:00
9807,INPROC_EC5B3D,1,10,team2,Team 2 (E/W),21,99,27,♥,finished,2026-05-18T16:07:49.692717+00:00
9808,INPROC_B48019,1,10,team2,Team 2 (E/W),47,73,0,♣,finished,2026-05-18T16:07:49.704164+00:00
9809,INPROC_CDED06,1,10,team2,Team 2 (E/W),50,70,5,♣,finished,2026-05-18T16:07:49.722768+00:00
9810,INPROC_06A253,1,10,team2,Team 2 (E/W),47,73,17,♦,finished,2026-05-18T16:07:49.739609+00:00
9811,INPROC_43E123,1,10,team2,Team 2 (E/W),17,103,36,♠,finished,2026-05-18T16:07:49.753401+00:00
9812,INPROC_8A83D2,1,10,team2,Team 2 (E/W),47,73,6,♣,finished,2026-05-18T16:07:49.768329+00:00
9813,INPROC_76BDE4,1,10,team2,Team 2 (E/W),29,91,21,♥,finished,2026-05-18T16:07:49.783684+00:00
9814,INPROC_CDBCF7,1,10,team2,Team 2 (E/W),23,97,37,♠,finished,2026-05-18T16:07:49.796754+00:00
9815,INPROC_EA5D2C,1,10,team2,Team 2 (E/W),52,68,27,♥,finished,2026-05-18T16:07:49.811714+00:00
9816,INPROC_9B42B5,1,10,team2,Team 2 (E/W),16,104,7,♣,finished,2026-05-18T16:07:49.825642+00:00
9817,INPROC_6EECA8,1,10,team2,Team 2 (E/W),49,71,36,♠,finished,2026-05-18T16:07:49.842532+00:00
9818,INPROC_D9A9D9,1,10,team1,Team 1 (N/S),112,8,4,♣,finished,2026-05-18T16:07:49.857763+00:00
9819,INPROC_F4886B,1,10,team2,Team 2 (E/W),38,82,3,♣,finished,2026-05-18T16:07:49.872820+00:00
9820,INPROC_789CED,1,10,draw,draw,60,60,4,♣,finished,2026-05-18T16:07:49.885775+00:00
9821,INPROC_1C326C,1,10,team2,Team 2 (E/W),48,72,28,♥,finished,2026-05-18T16:07:49.895150+00:00
9822,INPROC_210FA1,1,10,team1,Team 1 (N/S),87,33,30,♠,finished,2026-05-18T16:07:49.903960+00:00
9823,INPROC_B91FD8,1,10,team2,Team 2 (E/W),58,62,12,♦,finished,2026-05-18T16:07:49.914721+00:00
9824,INPROC_F2EDF2,1,10,team1,Team 1 (N/S),71,49,6,♣,finished,2026-05-18T16:07:49.928249+00:00
9825,INPROC_0C21FB,1,10,team1,Team 1 (N/S),90,30,33,♠,finished,2026-05-18T16:07:49.942215+00:00
9826,INPROC_343FFF,1,10,team1,Team 1 (N/S),83,37,33,♠,finished,2026-05-18T16:07:49.956035+00:00
9827,INPROC_118569,1,10,draw,draw,60,60,13,♦,finished,2026-05-18T16:07:49.972866+00:00
9828,INPROC_DA9B7A,1,10,team2,Team 2 (E/W),39,81,15,♦,finished,2026-05-18T16:07:49.987862+00:00
9829,INPROC_D8679B,1,10,team2,Team 2 (E/W),48,72,15,♦,finished,2026-05-18T16:07:50.002181+00:00
9830,INPROC_F2DB1A,1,10,team1,Team 1 (N/S),86,34,33,♠,finished,2026-05-18T16:07:50.018787+00:00
9831,INPROC_B3026B,1,10,team1,Team 1 (N/S),65,55,34,♠,finished,2026-05-18T16:07:50.034465+00:00
9832,INPROC_2EAFA5,1,10,team2,Team 2 (E/W),48,72,37,♠,finished,2026-05-18T16:07:50.048692+00:00
9833,INPROC_000A75,1,10,team1,Team 1 (N/S),63,57,35,♠,finished,2026-05-18T16:07:50.062028+00:00
9834,INPROC_5EE39F,1,10,team1,Team 1 (N/S),86,34,19,♦,finished,2026-05-18T16:07:50.080896+00:00
9835,INPROC_EFA5A3,1,10,team2,Team 2 (E/W),17,103,29,♥,finished,2026-05-18T16:07:50.096280+00:00
9836,INPROC_ED9C4D,1,10,team2,Team 2 (E/W),50,70,3,♣,finished,2026-05-18T16:07:50.113935+00:00
9837,INPROC_A1C564,1,10,team1,Team 1 (N/S),72,48,14,♦,finished,2026-05-18T16:07:50.132029+00:00
9838,INPROC_F37DBC,1,10,team1,Team 1 (N/S),72,48,16,♦,finished,2026-05-18T16:07:50.151726+00:00
9839,INPROC_04A9C3,1,10,team2,Team 2 (E/W),31,89,38,♠,finished,2026-05-18T16:07:50.172006+00:00
9840,INPROC_AAF67D,1,10,team2,Team 2 (E/W),17,103,11,♦,finished,2026-05-18T16:07:50.188286+00:00
9841,INPROC_535A3E,1,10,team2,Team 2 (E/W),35,85,18,♦,finished,2026-05-18T16:07:50.203427+00:00
9842,INPROC_DDDE04,1,10,team2,Team 2 (E/W),39,81,7,♣,finished,2026-05-18T16:07:50.220715+00:00
9843,INPROC_7877FF,1,10,team2,Team 2 (E/W),30,90,4,♣,finished,2026-05-18T16:07:50.234003+00:00
9844,INPROC_AE0747,1,10,team2,Team 2 (E/W),31,89,23,♥,finished,2026-05-18T16:07:50.247621+00:00
9845,INPROC_92CE75,1,10,team2,Team 2 (E/W),33,87,18,♦,finished,2026-05-18T16:07:50.261758+00:00
9846,INPROC_36C679,1,10,team2,Team 2 (E/W),41,79,0,♣,finished,2026-05-18T16:07:50.273775+00:00
9847,INPROC_BB18C9,1,10,team2,Team 2 (E/W),38,82,31,♠,finished,2026-05-18T16:07:50.288084+00:00
9848,INPROC_6F5A3E,1,10,team1,Team 1 (N/S),72,48,33,♠,finished,2026-05-18T16:07:50.301329+00:00
9849,INPROC_2C9502,1,10,team1,Team 1 (N/S),72,48,7,♣,finished,2026-05-18T16:07:50.316006+00:00
9850,INPROC_69D86A,1,10,team1,Team 1 (N/S),73,47,10,♦,finished,2026-05-18T16:07:50.330780+00:00
9851,INPROC_441E15,1,10,team2,Team 2 (E/W),29,91,38,♠,finished,2026-05-18T16:07:50.341807+00:00
9852,INPROC_180273,1,10,team1,Team 1 (N/S),91,29,8,♣,finished,2026-05-18T16:07:50.356270+00:00
9853,INPROC_D4567A,1,10,team2,Team 2 (E/W),10,110,22,♥,finished,2026-05-18T16:07:50.370344+00:00
9854,INPROC_7925C0,1,10,team2,Team 2 (E/W),28,92,15,♦,finished,2026-05-18T16:07:50.382033+00:00
9855,INPROC_6602C8,1,10,team2,Team 2 (E/W),40,80,22,♥,finished,2026-05-18T16:07:50.392335+00:00
9856,INPROC_54E039,1,10,team2,Team 2 (E/W),56,64,25,♥,finished,2026-05-18T16:07:50.404568+00:00
9857,INPROC_A9507E,1,10,team1,Team 1 (N/S),65,55,36,♠,finished,2026-05-18T16:07:50.418006+00:00
9858,INPROC_0C1FF7,1,10,team2,Team 2 (E/W),37,83,9,♣,finished,2026-05-18T16:07:50.430885+00:00
9859,INPROC_1558F7,1,10,team1,Team 1 (N/S),94,26,22,♥,finished,2026-05-18T16:07:50.445550+00:00
9860,INPROC_9D917B,1,10,team2,Team 2 (E/W),48,72,4,♣,finished,2026-05-18T16:07:50.460518+00:00
9861,INPROC_B26D2C,1,10,team2,Team 2 (E/W),58,62,7,♣,finished,2026-05-18T16:07:50.474027+00:00
9862,INPROC_6D0059,1,10,team2,Team 2 (E/W),33,87,0,♣,finished,2026-05-18T16:07:50.482690+00:00
9863,INPROC_E11EE0,1,10,team1,Team 1 (N/S),66,54,23,♥,finished,2026-05-18T16:07:50.494130+00:00
9864,INPROC_AE6B66,1,10,team2,Team 2 (E/W),12,108,26,♥,finished,2026-05-18T16:07:50.501846+00:00
9865,INPROC_B405FC,1,10,team2,Team 2 (E/W),59,61,10,♦,finished,2026-05-18T16:07:50.515528+00:00
9866,INPROC_4F3D0A,1,10,team2,Team 2 (E/W),54,66,17,♦,finished,2026-05-18T16:07:50.525535+00:00
9867,INPROC_E31A34,1,10,team2,Team 2 (E/W),23,97,26,♥,finished,2026-05-18T16:07:50.536871+00:00
9868,INPROC_FBB601,1,10,team2,Team 2 (E/W),43,77,27,♥,finished,2026-05-18T16:07:50.550461+00:00
9869,INPROC_A85BAE,1,10,team1,Team 1 (N/S),71,49,36,♠,finished,2026-05-18T16:07:50.564958+00:00
9870,INPROC_8A6F12,1,10,team2,Team 2 (E/W),56,64,7,♣,finished,2026-05-18T16:07:50.581658+00:00
9871,INPROC_E992A5,1,10,team2,Team 2 (E/W),36,84,25,♥,finished,2026-05-18T16:07:50.596377+00:00
9872,INPROC_44099C,1,10,team2,Team 2 (E/W),47,73,8,♣,finished,2026-05-18T16:07:50.613582+00:00
9873,INPROC_D86FB4,1,10,team2,Team 2 (E/W),29,91,27,♥,finished,2026-05-18T16:07:50.627704+00:00
9874,INPROC_5A8776,1,10,team1,Team 1 (N/S),96,24,25,♥,finished,2026-05-18T16:07:50.642811+00:00
9875,INPROC_D0C86E,1,10,team1,Team 1 (N/S),86,34,1,♣,finished,2026-05-18T16:07:50.658575+00:00
9876,INPROC_7A1DC1,1,10,team2,Team 2 (E/W),27,93,38,♠,finished,2026-05-18T16:07:50.675127+00:00
9877,INPROC_2B8FB9,1,10,team2,Team 2 (E/W),54,66,36,♠,finished,2026-05-18T16:07:50.690565+00:00
9878,INPROC_80C460,1,10,team1,Team 1 (N/S),68,52,12,♦,finished,2026-05-18T16:07:50.706442+00:00
9879,INPROC_A9D4CE,1,10,team2,Team 2 (E/W),50,70,12,♦,finished,2026-05-18T16:07:50.719742+00:00
9880,INPROC_27C76B,1,10,draw,draw,60,60,17,♦,finished,2026-05-18T16:07:50.733271+00:00
9881,INPROC_0C02D3,1,10,team1,Team 1 (N/S),77,43,8,♣,finished,2026-05-18T16:07:50.748848+00:00
9882,INPROC_70CCF5,1,10,team2,Team 2 (E/W),41,79,24,♥,finished,2026-05-18T16:07:50.757802+00:00
9883,INPROC_9DE979,1,10,team2,Team 2 (E/W),11,109,0,♣,finished,2026-05-18T16:07:50.770366+00:00
9884,INPROC_DE19E0,1,10,team1,Team 1 (N/S),64,56,35,♠,finished,2026-05-18T16:07:50.782662+00:00
9885,INPROC_BB2E78,1,10,team2,Team 2 (E/W),38,82,17,♦,finished,2026-05-18T16:07:50.796314+00:00
9886,INPROC_B0BE45,1,10,team2,Team 2 (E/W),0,120,2,♣,finished,2026-05-18T16:07:50.807134+00:00
9887,INPROC_AA54E1,1,10,team1,Team 1 (N/S),66,54,16,♦,finished,2026-05-18T16:07:50.819753+00:00
9888,INPROC_145303,1,10,team2,Team 2 (E/W),25,95,25,♥,finished,2026-05-18T16:07:50.834271+00:00
9889,INPROC_774116,1,10,team1,Team 1 (N/S),65,55,31,♠,finished,2026-05-18T16:07:50.848914+00:00
9890,INPROC_F56371,1,10,team2,Team 2 (E/W),45,75,5,♣,finished,2026-05-18T16:07:50.863699+00:00
9891,INPROC_A722CF,1,10,team2,Team 2 (E/W),46,74,26,♥,finished,2026-05-18T16:07:50.881240+00:00
9892,INPROC_9A6E10,1,10,team1,Team 1 (N/S),77,43,5,♣,finished,2026-05-18T16:07:50.897144+00:00
9893,INPROC_C58144,1,10,team1,Team 1 (N/S),112,8,30,♠,finished,2026-05-18T16:07:50.912396+00:00
9894,INPROC_E777F9,1,10,team1,Team 1 (N/S),87,33,35,♠,finished,2026-05-18T16:07:50.920892+00:00
9895,INPROC_8B0F6C,1,10,team2,Team 2 (E/W),56,64,13,♦,finished,2026-05-18T16:07:50.930868+00:00
9896,INPROC_6FF0C4,1,10,team1,Team 1 (N/S),68,52,16,♦,finished,2026-05-18T16:07:50.939169+00:00
9897,INPROC_63C9F5,1,10,team2,Team 2 (E/W),27,93,6,♣,finished,2026-05-18T16:07:50.954304+00:00
9898,INPROC_DA4C54,1,10,team2,Team 2 (E/W),33,87,4,♣,finished,2026-05-18T16:07:50.964278+00:00
9899,INPROC_2EDBFB,1,10,team1,Team 1 (N/S),64,56,27,♥,finished,2026-05-18T16:07:50.977157+00:00
9900,INPROC_0BF79E,1,10,team2,Team 2 (E/W),59,61,35,♠,finished,2026-05-18T16:07:50.991294+00:00
9901,INPROC_24B36C,1,10,team1,Team 1 (N/S),114,6,20,♥,finished,2026-05-18T16:07:51.008840+00:00
9902,INPROC_F19098,1,10,team2,Team 2 (E/W),58,62,9,♣,finished,2026-05-18T16:07:51.027121+00:00
9903,INPROC_2CEFC7,1,10,team1,Team 1 (N/S),61,59,31,♠,finished,2026-05-18T16:07:51.044314+00:00
9904,INPROC_D93452,1,10,team2,Team 2 (E/W),55,65,1,♣,finished,2026-05-18T16:07:51.061013+00:00
9905,INPROC_E84A92,1,10,team2,Team 2 (E/W),15,105,4,♣,finished,2026-05-18T16:07:51.080906+00:00
9906,INPROC_AB4553,1,10,team2,Team 2 (E/W),55,65,22,♥,finished,2026-05-18T16:07:51.100413+00:00
9907,INPROC_6C195B,1,10,team2,Team 2 (E/W),40,80,27,♥,finished,2026-05-18T16:07:51.112732+00:00
9908,INPROC_26C9E3,1,10,team2,Team 2 (E/W),32,88,15,♦,finished,2026-05-18T16:07:51.128501+00:00
9909,INPROC_316B3E,1,10,team2,Team 2 (E/W),45,75,16,♦,finished,2026-05-18T16:07:51.144618+00:00
9910,INPROC_032EA5,1,10,team1,Team 1 (N/S),117,3,33,♠,finished,2026-05-18T16:07:51.159322+00:00
9911,INPROC_6791BD,1,10,team1,Team 1 (N/S),82,38,13,♦,finished,2026-05-18T16:07:51.176621+00:00
9912,INPROC_FC20FB,1,10,team2,Team 2 (E/W),54,66,2,♣,finished,2026-05-18T16:07:51.193362+00:00
9913,INPROC_65584C,1,10,team2,Team 2 (E/W),35,85,13,♦,finished,2026-05-18T16:07:51.210567+00:00
9914,INPROC_2D398F,1,10,team1,Team 1 (N/S),83,37,24,♥,finished,2026-05-18T16:07:51.227976+00:00
9915,INPROC_C32442,1,10,team1,Team 1 (N/S),74,46,36,♠,finished,2026-05-18T16:07:51.245911+00:00
9916,INPROC_3ADED9,1,10,team1,Team 1 (N/S),88,32,3,♣,finished,2026-05-18T16:07:51.262192+00:00
9917,INPROC_2BB1D1,1,10,team2,Team 2 (E/W),52,68,35,♠,finished,2026-05-18T16:07:51.270740+00:00
9918,INPROC_59A1AE,1,10,team2,Team 2 (E/W),54,66,0,♣,finished,2026-05-18T16:07:51.284275+00:00
9919,INPROC_6C2728,1,10,team2,Team 2 (E/W),51,69,33,♠,finished,2026-05-18T16:07:51.296672+00:00
9920,INPROC_D93E51,1,10,draw,draw,60,60,26,♥,finished,2026-05-18T16:07:51.308199+00:00
9921,INPROC_6CFA9B,1,10,team1,Team 1 (N/S),79,41,1,♣,finished,2026-05-18T16:07:51.325721+00:00
9922,INPROC_717E57,1,10,team2,Team 2 (E/W),47,73,28,♥,finished,2026-05-18T16:07:51.339927+00:00
9923,INPROC_E4AB60,1,10,team2,Team 2 (E/W),42,78,38,♠,finished,2026-05-18T16:07:51.355170+00:00
9924,INPROC_20215A,1,10,team2,Team 2 (E/W),48,72,13,♦,finished,2026-05-18T16:07:51.370876+00:00
9925,INPROC_3D2BB7,1,10,team2,Team 2 (E/W),9,111,38,♠,finished,2026-05-18T16:07:51.381763+00:00
9926,INPROC_6499D8,1,10,team1,Team 1 (N/S),78,42,36,♠,finished,2026-05-18T16:07:51.391222+00:00
9927,INPROC_BB038E,1,10,team1,Team 1 (N/S),62,58,29,♥,finished,2026-05-18T16:07:51.399879+00:00
9928,INPROC_1CCB1F,1,10,team1,Team 1 (N/S),86,34,27,♥,finished,2026-05-18T16:07:51.414711+00:00
9929,INPROC_E81F60,1,10,team1,Team 1 (N/S),94,26,15,♦,finished,2026-05-18T16:07:51.428372+00:00
9930,INPROC_43549C,1,10,team1,Team 1 (N/S),68,52,11,♦,finished,2026-05-18T16:07:51.444084+00:00
9931,INPROC_85BDDE,1,10,team1,Team 1 (N/S),73,47,11,♦,finished,2026-05-18T16:07:51.459757+00:00
9932,INPROC_134673,1,10,team1,Team 1 (N/S),95,25,15,♦,finished,2026-05-18T16:07:51.475816+00:00
9933,INPROC_032A14,1,10,team1,Team 1 (N/S),65,55,15,♦,finished,2026-05-18T16:07:51.492522+00:00
9934,INPROC_6544B4,1,10,team2,Team 2 (E/W),46,74,23,♥,finished,2026-05-18T16:07:51.507564+00:00
9935,INPROC_D25E63,1,10,team1,Team 1 (N/S),81,39,18,♦,finished,2026-05-18T16:07:51.521718+00:00
9936,INPROC_3BB776,1,10,team1,Team 1 (N/S),81,39,37,♠,finished,2026-05-18T16:07:51.540307+00:00
9937,INPROC_81E648,1,10,team1,Team 1 (N/S),99,21,21,♥,finished,2026-05-18T16:07:51.557673+00:00
9938,INPROC_964BD6,1,10,team2,Team 2 (E/W),51,69,5,♣,finished,2026-05-18T16:07:51.574612+00:00
9939,INPROC_4F28C0,1,10,team1,Team 1 (N/S),66,54,36,♠,finished,2026-05-18T16:07:51.590013+00:00
9940,INPROC_C2ED8D,1,10,team1,Team 1 (N/S),64,56,25,♥,finished,2026-05-18T16:07:51.605075+00:00
9941,INPROC_BB2A85,1,10,team1,Team 1 (N/S),63,57,20,♥,finished,2026-05-18T16:07:51.620038+00:00
9942,INPROC_A4C938,1,10,team2,Team 2 (E/W),57,63,22,♥,finished,2026-05-18T16:07:51.629276+00:00
9943,INPROC_E4CE14,1,10,team2,Team 2 (E/W),33,87,21,♥,finished,2026-05-18T16:07:51.642397+00:00
9944,INPROC_63EFB5,1,10,team2,Team 2 (E/W),59,61,23,♥,finished,2026-05-18T16:07:51.658598+00:00
9945,INPROC_07E079,1,10,team2,Team 2 (E/W),42,78,33,♠,finished,2026-05-18T16:07:51.673251+00:00
9946,INPROC_955551,1,10,team1,Team 1 (N/S),104,16,13,♦,finished,2026-05-18T16:07:51.689072+00:00
9947,INPROC_86E2B5,1,10,team1,Team 1 (N/S),90,30,14,♦,finished,2026-05-18T16:07:51.703732+00:00
9948,INPROC_DB2F9D,1,10,team2,Team 2 (E/W),45,75,9,♣,finished,2026-05-18T16:07:51.717667+00:00
9949,INPROC_AF5B3C,1,10,team2,Team 2 (E/W),25,95,30,♠,finished,2026-05-18T16:07:51.731036+00:00
9950,INPROC_EED556,1,10,team2,Team 2 (E/W),50,70,34,♠,finished,2026-05-18T16:07:51.752994+00:00
9951,INPROC_01F272,1,10,team1,Team 1 (N/S),63,57,39,♠,finished,2026-05-18T16:07:51.770325+00:00
9952,INPROC_8A12B2,1,10,team2,Team 2 (E/W),41,79,39,♠,finished,2026-05-18T16:07:51.782405+00:00
9953,INPROC_ACD1B3,1,10,team2,Team 2 (E/W),41,79,29,♥,finished,2026-05-18T16:07:51.798678+00:00
9954,INPROC_C61BED,1,10,team1,Team 1 (N/S),86,34,10,♦,finished,2026-05-18T16:07:51.811603+00:00
9955,INPROC_949389,1,10,team2,Team 2 (E/W),43,77,3,♣,finished,2026-05-18T16:07:51.834094+00:00
9956,INPROC_E7B823,1,10,draw,draw,60,60,28,♥,finished,2026-05-18T16:07:51.855530+00:00
9957,INPROC_D2224A,1,10,team1,Team 1 (N/S),65,55,31,♠,finished,2026-05-18T16:07:51.867385+00:00
9958,INPROC_1877A0,1,10,team1,Team 1 (N/S),69,51,24,♥,finished,2026-05-18T16:07:51.879217+00:00
9959,INPROC_6599C4,1,10,team2,Team 2 (E/W),56,64,36,♠,finished,2026-05-18T16:07:51.892170+00:00
9960,INPROC_3642E4,1,10,team2,Team 2 (E/W),57,63,29,♥,finished,2026-05-18T16:07:51.908895+00:00
9961,INPROC_B95831,1,10,team1,Team 1 (N/S),84,36,24,♥,finished,2026-05-18T16:07:51.925111+00:00
9962,INPROC_D80DD2,1,10,team2,Team 2 (E/W),54,66,33,♠,finished,2026-05-18T16:07:51.940301+00:00
9963,INPROC_5B0004,1,10,team1,Team 1 (N/S),103,17,23,♥,finished,2026-05-18T16:07:51.957689+00:00
9964,INPROC_70F7D3,1,10,team2,Team 2 (E/W),59,61,20,♥,finished,2026-05-18T16:07:51.975127+00:00
9965,INPROC_1D4CF0,1,10,team2,Team 2 (E/W),24,96,10,♦,finished,2026-05-18T16:07:51.983559+00:00
9966,INPROC_4F4731,1,10,team2,Team 2 (E/W),34,86,38,♠,finished,2026-05-18T16:07:51.995440+00:00
9967,INPROC_647F5C,1,10,team2,Team 2 (E/W),36,84,37,♠,finished,2026-05-18T16:07:52.006493+00:00
9968,INPROC_25ADA2,1,10,team2,Team 2 (E/W),40,80,11,♦,finished,2026-05-18T16:07:52.016035+00:00
9969,INPROC_2702F0,1,10,team1,Team 1 (N/S),66,54,3,♣,finished,2026-05-18T16:07:52.029721+00:00
9970,INPROC_E18AED,1,10,team1,Team 1 (N/S),90,30,15,♦,finished,2026-05-18T16:07:52.044245+00:00
9971,INPROC_32CC23,1,10,team2,Team 2 (E/W),49,71,14,♦,finished,2026-05-18T16:07:52.058017+00:00
9972,INPROC_07FD41,1,10,team1,Team 1 (N/S),73,47,16,♦,finished,2026-05-18T16:07:52.073108+00:00
9973,INPROC_487B5E,1,10,team1,Team 1 (N/S),65,55,13,♦,finished,2026-05-18T16:07:52.088844+00:00
9974,INPROC_6803E9,1,10,team2,Team 2 (E/W),23,97,35,♠,finished,2026-05-18T16:07:52.105880+00:00
9975,INPROC_B8EB18,1,10,team1,Team 1 (N/S),70,50,2,♣,finished,2026-05-18T16:07:52.121643+00:00
9976,INPROC_B536E0,1,10,team2,Team 2 (E/W),59,61,33,♠,finished,2026-05-18T16:07:52.139150+00:00
9977,INPROC_05AC45,1,10,team2,Team 2 (E/W),31,89,31,♠,finished,2026-05-18T16:07:52.155131+00:00
9978,INPROC_7E7EFC,1,10,team2,Team 2 (E/W),27,93,10,♦,finished,2026-05-18T16:07:52.169744+00:00
9979,INPROC_EB83C7,1,10,team2,Team 2 (E/W),28,92,7,♣,finished,2026-05-18T16:07:52.185241+00:00
9980,INPROC_F77F6B,1,10,team1,Team 1 (N/S),75,45,39,♠,finished,2026-05-18T16:07:52.200196+00:00
9981,INPROC_071DA5,1,10,team2,Team 2 (E/W),55,65,3,♣,finished,2026-05-18T16:07:52.213598+00:00
9982,INPROC_8294A0,1,10,team2,Team 2 (E/W),14,106,14,♦,finished,2026-05-18T16:07:52.224672+00:00
9983,INPROC_1B6AAB,1,10,team2,Team 2 (E/W),17,103,27,♥,finished,2026-05-18T16:07:52.240442+00:00
9984,INPROC_F64AB2,1,10,team2,Team 2 (E/W),19,101,29,♥,finished,2026-05-18T16:07:52.256449+00:00
9985,INPROC_9896B0,1,10,team2,Team 2 (E/W),50,70,22,♥,finished,2026-05-18T16:07:52.273816+00:00
9986,INPROC_C47B9F,1,10,team1,Team 1 (N/S),74,46,6,♣,finished,2026-05-18T16:07:52.289150+00:00
9987,INPROC_007E27,1,10,team1,Team 1 (N/S),69,51,12,♦,finished,2026-05-18T16:07:52.307108+00:00
9988,INPROC_109A13,1,10,team2,Team 2 (E/W),55,65,38,♠,finished,2026-05-18T16:07:52.316253+00:00
9989,INPROC_26F086,1,10,team1,Team 1 (N/S),97,23,16,♦,finished,2026-05-18T16:07:52.332441+00:00
9990,INPROC_C32AA8,1,10,team2,Team 2 (E/W),53,67,32,♠,finished,2026-05-18T16:07:52.349183+00:00
9991,INPROC_E73E6D,1,10,team2,Team 2 (E/W),53,67,8,♣,finished,2026-05-18T16:07:52.365645+00:00
9992,INPROC_D96AAF,1,10,team1,Team 1 (N/S),66,54,36,♠,finished,2026-05-18T16:07:52.377287+00:00
9993,INPROC_742CA6,1,10,team2,Team 2 (E/W),43,77,19,♦,finished,2026-05-18T16:07:52.392347+00:00
9994,INPROC_417CDD,1,10,team1,Team 1 (N/S),105,15,10,♦,finished,2026-05-18T16:07:52.410059+00:00
9995,INPROC_B50E93,1,10,team2,Team 2 (E/W),40,80,27,♥,finished,2026-05-18T16:07:52.428265+00:00
9996,INPROC_931B39,1,10,team2,Team 2 (E/W),51,69,26,♥,finished,2026-05-18T16:07:52.444606+00:00
9997,INPROC_7A0245,1,10,team2,Team 2 (E/W),43,77,30,♠,finished,2026-05-18T16:07:52.460894+00:00
9998,INPROC_231B7F,1,10,team1,Team 1 (N/S),75,45,33,♠,finished,2026-05-18T16:07:52.471910+00:00
9999,INPROC_6B380E,1,10,team1,Team 1 (N/S),98,22,16,♦,finished,2026-05-18T16:07:52.485999+00:00
10000,INPROC_3B41D6,1,10,team2,Team 2 (E/W),43,77,31,♠,finished,2026-05-18T16:07:52.499104+00:00
