game_number,game_id,match_number,rounds_played,winner_team,winner_label,team1_score,team2_score,trump_card,trump_suit,phase,finished_at
1,INPROC_91C1C2,1,10,team2,Team 2 (E/W),43,77,33,♠,finished,2026-05-17T16:35:47.154598+00:00
2,INPROC_B19B3A,1,10,team1,Team 1 (N/S),75,45,16,♦,finished,2026-05-17T16:35:47.171254+00:00
3,INPROC_C92FE8,1,10,team2,Team 2 (E/W),37,83,6,♣,finished,2026-05-17T16:35:47.187347+00:00
4,INPROC_B8A4C9,1,10,team2,Team 2 (E/W),30,90,16,♦,finished,2026-05-17T16:35:47.202365+00:00
5,INPROC_A409D4,1,10,team1,Team 1 (N/S),81,39,14,♦,finished,2026-05-17T16:35:47.217726+00:00
6,INPROC_9D1021,1,10,team1,Team 1 (N/S),80,40,6,♣,finished,2026-05-17T16:35:47.232789+00:00
7,INPROC_051FAB,1,10,team1,Team 1 (N/S),91,29,33,♠,finished,2026-05-17T16:35:47.247892+00:00
8,INPROC_8431B2,1,10,team1,Team 1 (N/S),75,45,2,♣,finished,2026-05-17T16:35:47.263772+00:00
9,INPROC_2BEFCA,1,10,team1,Team 1 (N/S),74,46,27,♥,finished,2026-05-17T16:35:47.279540+00:00
10,INPROC_DCEB36,1,10,team1,Team 1 (N/S),83,37,34,♠,finished,2026-05-17T16:35:47.295277+00:00
11,INPROC_F4F5DB,1,10,team1,Team 1 (N/S),70,50,25,♥,finished,2026-05-17T16:35:47.311680+00:00
12,INPROC_FA4497,1,10,team1,Team 1 (N/S),90,30,13,♦,finished,2026-05-17T16:35:47.327348+00:00
13,INPROC_0E7FFF,1,10,team2,Team 2 (E/W),35,85,33,♠,finished,2026-05-17T16:35:47.343311+00:00
14,INPROC_533D9C,1,10,team1,Team 1 (N/S),110,10,7,♣,finished,2026-05-17T16:35:47.360510+00:00
15,INPROC_EBEA71,1,10,team1,Team 1 (N/S),86,34,39,♠,finished,2026-05-17T16:35:47.377261+00:00
16,INPROC_D015E1,1,10,team1,Team 1 (N/S),96,24,26,♥,finished,2026-05-17T16:35:47.394124+00:00
17,INPROC_E290DF,1,10,team2,Team 2 (E/W),21,99,8,♣,finished,2026-05-17T16:35:47.411361+00:00
18,INPROC_C176A9,1,10,team1,Team 1 (N/S),99,21,18,♦,finished,2026-05-17T16:35:47.428186+00:00
19,INPROC_6DB1BD,1,10,team2,Team 2 (E/W),25,95,13,♦,finished,2026-05-17T16:35:47.442363+00:00
20,INPROC_67B2FC,1,10,draw,draw,60,60,23,♥,finished,2026-05-17T16:35:47.457054+00:00
21,INPROC_F8648C,1,10,team2,Team 2 (E/W),28,92,2,♣,finished,2026-05-17T16:35:47.474811+00:00
22,INPROC_5C6EEE,1,10,team1,Team 1 (N/S),69,51,0,♣,finished,2026-05-17T16:35:47.491891+00:00
23,INPROC_8FC428,1,10,team2,Team 2 (E/W),9,111,23,♥,finished,2026-05-17T16:35:47.506039+00:00
24,INPROC_DF24EA,1,10,team1,Team 1 (N/S),76,44,16,♦,finished,2026-05-17T16:35:47.521542+00:00
25,INPROC_B6468F,1,10,team2,Team 2 (E/W),23,97,30,♠,finished,2026-05-17T16:35:47.536443+00:00
26,INPROC_4FDAEA,1,10,team1,Team 1 (N/S),64,56,18,♦,finished,2026-05-17T16:35:47.550252+00:00
27,INPROC_550F65,1,10,team1,Team 1 (N/S),76,44,1,♣,finished,2026-05-17T16:35:47.566023+00:00
28,INPROC_BDB09C,1,10,team2,Team 2 (E/W),53,67,32,♠,finished,2026-05-17T16:35:47.582561+00:00
29,INPROC_0560A5,1,10,team2,Team 2 (E/W),52,68,7,♣,finished,2026-05-17T16:35:47.601206+00:00
30,INPROC_0DE07A,1,10,team2,Team 2 (E/W),49,71,4,♣,finished,2026-05-17T16:35:47.617137+00:00
31,INPROC_9DC24E,1,10,team1,Team 1 (N/S),73,47,17,♦,finished,2026-05-17T16:35:47.631591+00:00
32,INPROC_AEEE3E,1,10,team2,Team 2 (E/W),36,84,30,♠,finished,2026-05-17T16:35:47.648249+00:00
33,INPROC_AF8EA1,1,10,team1,Team 1 (N/S),73,47,15,♦,finished,2026-05-17T16:35:47.665160+00:00
34,INPROC_DD1C99,1,10,team1,Team 1 (N/S),62,58,25,♥,finished,2026-05-17T16:35:47.679525+00:00
35,INPROC_BC95A1,1,10,team2,Team 2 (E/W),36,84,18,♦,finished,2026-05-17T16:35:47.695703+00:00
36,INPROC_1B7155,1,10,team2,Team 2 (E/W),46,74,12,♦,finished,2026-05-17T16:35:47.712062+00:00
37,INPROC_0D58C5,1,10,team1,Team 1 (N/S),79,41,30,♠,finished,2026-05-17T16:35:47.727421+00:00
38,INPROC_8694DE,1,10,team1,Team 1 (N/S),69,51,10,♦,finished,2026-05-17T16:35:47.742769+00:00
39,INPROC_FE27FF,1,10,team2,Team 2 (E/W),42,78,8,♣,finished,2026-05-17T16:35:47.760522+00:00
40,INPROC_5832BB,1,10,team2,Team 2 (E/W),49,71,1,♣,finished,2026-05-17T16:35:47.775043+00:00
41,INPROC_1759D3,1,10,draw,draw,60,60,29,♥,finished,2026-05-17T16:35:47.788908+00:00
42,INPROC_1B2D51,1,10,team2,Team 2 (E/W),11,109,20,♥,finished,2026-05-17T16:35:47.805144+00:00
43,INPROC_4A2201,1,10,team1,Team 1 (N/S),82,38,20,♥,finished,2026-05-17T16:35:47.819828+00:00
44,INPROC_CB446B,1,10,team2,Team 2 (E/W),32,88,20,♥,finished,2026-05-17T16:35:47.832908+00:00
45,INPROC_13206E,1,10,team1,Team 1 (N/S),87,33,5,♣,finished,2026-05-17T16:35:47.850187+00:00
46,INPROC_245CF9,1,10,team1,Team 1 (N/S),80,40,19,♦,finished,2026-05-17T16:35:47.866034+00:00
47,INPROC_94400C,1,10,team1,Team 1 (N/S),68,52,2,♣,finished,2026-05-17T16:35:47.880653+00:00
48,INPROC_242715,1,10,team2,Team 2 (E/W),52,68,27,♥,finished,2026-05-17T16:35:47.896197+00:00
49,INPROC_E96897,1,10,team1,Team 1 (N/S),83,37,14,♦,finished,2026-05-17T16:35:47.911770+00:00
50,INPROC_C06789,1,10,team1,Team 1 (N/S),73,47,16,♦,finished,2026-05-17T16:35:47.927810+00:00
51,INPROC_9425B4,1,10,team2,Team 2 (E/W),0,120,21,♥,finished,2026-05-17T16:35:47.942925+00:00
52,INPROC_74E209,1,10,team2,Team 2 (E/W),55,65,16,♦,finished,2026-05-17T16:35:47.958563+00:00
53,INPROC_ED6D93,1,10,team1,Team 1 (N/S),75,45,39,♠,finished,2026-05-17T16:35:47.973989+00:00
54,INPROC_88BF2E,1,10,team1,Team 1 (N/S),69,51,20,♥,finished,2026-05-17T16:35:47.988915+00:00
55,INPROC_8B6AFE,1,10,team2,Team 2 (E/W),37,83,21,♥,finished,2026-05-17T16:35:48.003568+00:00
56,INPROC_C89DF1,1,10,team1,Team 1 (N/S),88,32,38,♠,finished,2026-05-17T16:35:48.017428+00:00
57,INPROC_9B83D0,1,10,team2,Team 2 (E/W),58,62,28,♥,finished,2026-05-17T16:35:48.032987+00:00
58,INPROC_0F580F,1,10,team1,Team 1 (N/S),101,19,3,♣,finished,2026-05-17T16:35:48.048352+00:00
59,INPROC_207E31,1,10,team2,Team 2 (E/W),59,61,11,♦,finished,2026-05-17T16:35:48.065879+00:00
60,INPROC_F2ED5B,1,10,team1,Team 1 (N/S),89,31,32,♠,finished,2026-05-17T16:35:48.081600+00:00
61,INPROC_B4A677,1,10,team1,Team 1 (N/S),77,43,38,♠,finished,2026-05-17T16:35:48.096141+00:00
62,INPROC_214207,1,10,team1,Team 1 (N/S),87,33,13,♦,finished,2026-05-17T16:35:48.109944+00:00
63,INPROC_9AE684,1,10,team2,Team 2 (E/W),56,64,4,♣,finished,2026-05-17T16:35:48.125238+00:00
64,INPROC_DE70B2,1,10,team2,Team 2 (E/W),28,92,23,♥,finished,2026-05-17T16:35:48.140784+00:00
65,INPROC_DF65CA,1,10,team2,Team 2 (E/W),45,75,13,♦,finished,2026-05-17T16:35:48.158090+00:00
66,INPROC_A138AF,1,10,team2,Team 2 (E/W),38,82,37,♠,finished,2026-05-17T16:35:48.176989+00:00
67,INPROC_384389,1,10,team1,Team 1 (N/S),76,44,11,♦,finished,2026-05-17T16:35:48.197467+00:00
68,INPROC_FCEA26,1,10,team1,Team 1 (N/S),83,37,16,♦,finished,2026-05-17T16:35:48.214668+00:00
69,INPROC_612DAB,1,10,team1,Team 1 (N/S),64,56,20,♥,finished,2026-05-17T16:35:48.231890+00:00
70,INPROC_7BC09B,1,10,team1,Team 1 (N/S),73,47,38,♠,finished,2026-05-17T16:35:48.248807+00:00
71,INPROC_4819D9,1,10,team2,Team 2 (E/W),57,63,2,♣,finished,2026-05-17T16:35:48.266388+00:00
72,INPROC_FAE07F,1,10,team2,Team 2 (E/W),51,69,8,♣,finished,2026-05-17T16:35:48.283491+00:00
73,INPROC_95A767,1,10,team2,Team 2 (E/W),47,73,22,♥,finished,2026-05-17T16:35:48.299440+00:00
74,INPROC_7D41C2,1,10,team1,Team 1 (N/S),101,19,30,♠,finished,2026-05-17T16:35:48.314270+00:00
75,INPROC_41B6F3,1,10,team2,Team 2 (E/W),39,81,24,♥,finished,2026-05-17T16:35:48.331398+00:00
76,INPROC_82A182,1,10,team1,Team 1 (N/S),66,54,25,♥,finished,2026-05-17T16:35:48.348181+00:00
77,INPROC_BB6B95,1,10,team2,Team 2 (E/W),49,71,32,♠,finished,2026-05-17T16:35:48.363586+00:00
78,INPROC_C31EE6,1,10,team2,Team 2 (E/W),50,70,38,♠,finished,2026-05-17T16:35:48.378291+00:00
79,INPROC_937B26,1,10,team1,Team 1 (N/S),66,54,39,♠,finished,2026-05-17T16:35:48.393362+00:00
80,INPROC_864A8E,1,10,team1,Team 1 (N/S),90,30,38,♠,finished,2026-05-17T16:35:48.409325+00:00
81,INPROC_E8992E,1,10,team2,Team 2 (E/W),59,61,15,♦,finished,2026-05-17T16:35:48.425450+00:00
82,INPROC_C3A161,1,10,team2,Team 2 (E/W),43,77,15,♦,finished,2026-05-17T16:35:48.442771+00:00
83,INPROC_DC7DEE,1,10,team2,Team 2 (E/W),57,63,6,♣,finished,2026-05-17T16:35:48.459030+00:00
84,INPROC_024878,1,10,team2,Team 2 (E/W),15,105,28,♥,finished,2026-05-17T16:35:48.474431+00:00
85,INPROC_E192A8,1,10,team2,Team 2 (E/W),25,95,37,♠,finished,2026-05-17T16:35:48.493119+00:00
86,INPROC_E0542E,1,10,team2,Team 2 (E/W),42,78,36,♠,finished,2026-05-17T16:35:48.511485+00:00
87,INPROC_FA4D56,1,10,team1,Team 1 (N/S),63,57,27,♥,finished,2026-05-17T16:35:48.523755+00:00
88,INPROC_0F73C2,1,10,team2,Team 2 (E/W),59,61,17,♦,finished,2026-05-17T16:35:48.536680+00:00
89,INPROC_09BEBC,1,10,team1,Team 1 (N/S),90,30,14,♦,finished,2026-05-17T16:35:48.549564+00:00
90,INPROC_69EC85,1,10,team1,Team 1 (N/S),69,51,5,♣,finished,2026-05-17T16:35:48.560641+00:00
91,INPROC_7133EC,1,10,team2,Team 2 (E/W),58,62,14,♦,finished,2026-05-17T16:35:48.579967+00:00
92,INPROC_F521C7,1,10,team1,Team 1 (N/S),70,50,33,♠,finished,2026-05-17T16:35:48.595228+00:00
93,INPROC_5A2D11,1,10,team1,Team 1 (N/S),85,35,28,♥,finished,2026-05-17T16:35:48.610392+00:00
94,INPROC_7BF854,1,10,team1,Team 1 (N/S),76,44,12,♦,finished,2026-05-17T16:35:48.627942+00:00
95,INPROC_C54859,1,10,draw,draw,60,60,4,♣,finished,2026-05-17T16:35:48.643007+00:00
96,INPROC_2AC614,1,10,team1,Team 1 (N/S),70,50,32,♠,finished,2026-05-17T16:35:48.657994+00:00
97,INPROC_034659,1,10,team1,Team 1 (N/S),77,43,24,♥,finished,2026-05-17T16:35:48.673465+00:00
98,INPROC_5C1B58,1,10,team1,Team 1 (N/S),69,51,12,♦,finished,2026-05-17T16:35:48.687977+00:00
99,INPROC_B37C61,1,10,team2,Team 2 (E/W),55,65,19,♦,finished,2026-05-17T16:35:48.702797+00:00
100,INPROC_DDCDA1,1,10,team1,Team 1 (N/S),81,39,1,♣,finished,2026-05-17T16:35:48.717690+00:00
101,INPROC_B02C28,1,10,team1,Team 1 (N/S),76,44,25,♥,finished,2026-05-17T16:35:48.733074+00:00
102,INPROC_298CEB,1,10,team2,Team 2 (E/W),54,66,8,♣,finished,2026-05-17T16:35:48.747546+00:00
103,INPROC_2810C8,1,10,team1,Team 1 (N/S),65,55,1,♣,finished,2026-05-17T16:35:48.761389+00:00
104,INPROC_5BD967,1,10,team2,Team 2 (E/W),43,77,19,♦,finished,2026-05-17T16:35:48.777370+00:00
105,INPROC_4DB291,1,10,team1,Team 1 (N/S),66,54,20,♥,finished,2026-05-17T16:35:48.791652+00:00
106,INPROC_AF2F86,1,10,team2,Team 2 (E/W),48,72,28,♥,finished,2026-05-17T16:35:48.808237+00:00
107,INPROC_9B2C0F,1,10,team1,Team 1 (N/S),73,47,15,♦,finished,2026-05-17T16:35:48.822835+00:00
108,INPROC_1C5854,1,10,team1,Team 1 (N/S),62,58,24,♥,finished,2026-05-17T16:35:48.837278+00:00
109,INPROC_77C70C,1,10,team2,Team 2 (E/W),37,83,11,♦,finished,2026-05-17T16:35:48.854387+00:00
110,INPROC_49A829,1,10,team2,Team 2 (E/W),24,96,19,♦,finished,2026-05-17T16:35:48.870110+00:00
111,INPROC_123D21,1,10,team2,Team 2 (E/W),37,83,21,♥,finished,2026-05-17T16:35:48.886294+00:00
112,INPROC_87AE87,1,10,team1,Team 1 (N/S),70,50,32,♠,finished,2026-05-17T16:35:48.900734+00:00
113,INPROC_398174,1,10,team2,Team 2 (E/W),26,94,24,♥,finished,2026-05-17T16:35:48.914946+00:00
114,INPROC_4F8659,1,10,team1,Team 1 (N/S),101,19,21,♥,finished,2026-05-17T16:35:48.927420+00:00
115,INPROC_13287A,1,10,team1,Team 1 (N/S),74,46,4,♣,finished,2026-05-17T16:35:48.942807+00:00
116,INPROC_354427,1,10,team2,Team 2 (E/W),32,88,22,♥,finished,2026-05-17T16:35:48.957893+00:00
117,INPROC_1D14A1,1,10,team2,Team 2 (E/W),37,83,17,♦,finished,2026-05-17T16:35:48.973561+00:00
118,INPROC_6F6A11,1,10,team2,Team 2 (E/W),7,113,18,♦,finished,2026-05-17T16:35:48.990940+00:00
119,INPROC_45F761,1,10,team1,Team 1 (N/S),72,48,28,♥,finished,2026-05-17T16:35:49.007621+00:00
120,INPROC_95AD3F,1,10,team2,Team 2 (E/W),59,61,13,♦,finished,2026-05-17T16:35:49.023440+00:00
121,INPROC_3CB066,1,10,team1,Team 1 (N/S),114,6,13,♦,finished,2026-05-17T16:35:49.042927+00:00
122,INPROC_9893CD,1,10,team2,Team 2 (E/W),36,84,0,♣,finished,2026-05-17T16:35:49.060817+00:00
123,INPROC_02127C,1,10,team2,Team 2 (E/W),20,100,30,♠,finished,2026-05-17T16:35:49.074896+00:00
124,INPROC_B79618,1,10,team1,Team 1 (N/S),86,34,8,♣,finished,2026-05-17T16:35:49.090808+00:00
125,INPROC_369FC1,1,10,team1,Team 1 (N/S),64,56,28,♥,finished,2026-05-17T16:35:49.106490+00:00
126,INPROC_5EFF20,1,10,team2,Team 2 (E/W),54,66,18,♦,finished,2026-05-17T16:35:49.124206+00:00
127,INPROC_8AC0A3,1,10,team1,Team 1 (N/S),74,46,1,♣,finished,2026-05-17T16:35:49.140033+00:00
128,INPROC_F19415,1,10,team2,Team 2 (E/W),49,71,18,♦,finished,2026-05-17T16:35:49.156690+00:00
129,INPROC_E6ECDF,1,10,team2,Team 2 (E/W),49,71,19,♦,finished,2026-05-17T16:35:49.173715+00:00
130,INPROC_7778D0,1,10,team2,Team 2 (E/W),14,106,6,♣,finished,2026-05-17T16:35:49.190908+00:00
131,INPROC_136F08,1,10,team1,Team 1 (N/S),86,34,25,♥,finished,2026-05-17T16:35:49.207343+00:00
132,INPROC_FB852F,1,10,team2,Team 2 (E/W),46,74,3,♣,finished,2026-05-17T16:35:49.223562+00:00
133,INPROC_D606B8,1,10,team2,Team 2 (E/W),30,90,6,♣,finished,2026-05-17T16:35:49.242198+00:00
134,INPROC_BF221A,1,10,team2,Team 2 (E/W),55,65,5,♣,finished,2026-05-17T16:35:49.260979+00:00
135,INPROC_7775D8,1,10,team1,Team 1 (N/S),99,21,13,♦,finished,2026-05-17T16:35:49.278983+00:00
136,INPROC_8F94BD,1,10,team2,Team 2 (E/W),52,68,38,♠,finished,2026-05-17T16:35:49.298518+00:00
137,INPROC_50C867,1,10,team2,Team 2 (E/W),54,66,36,♠,finished,2026-05-17T16:35:49.315927+00:00
138,INPROC_DE6285,1,10,team1,Team 1 (N/S),87,33,32,♠,finished,2026-05-17T16:35:49.332794+00:00
139,INPROC_A33567,1,10,team2,Team 2 (E/W),58,62,30,♠,finished,2026-05-17T16:35:49.347766+00:00
140,INPROC_FDAB31,1,10,team2,Team 2 (E/W),19,101,18,♦,finished,2026-05-17T16:35:49.363463+00:00
141,INPROC_F963B5,1,10,team1,Team 1 (N/S),62,58,33,♠,finished,2026-05-17T16:35:49.377977+00:00
142,INPROC_3888D7,1,10,team1,Team 1 (N/S),88,32,35,♠,finished,2026-05-17T16:35:49.392604+00:00
143,INPROC_E7DDD8,1,10,team1,Team 1 (N/S),72,48,14,♦,finished,2026-05-17T16:35:49.407137+00:00
144,INPROC_BE0CEF,1,10,team1,Team 1 (N/S),87,33,18,♦,finished,2026-05-17T16:35:49.421903+00:00
145,INPROC_84507A,1,10,team1,Team 1 (N/S),90,30,21,♥,finished,2026-05-17T16:35:49.435157+00:00
146,INPROC_9736D7,1,10,team1,Team 1 (N/S),62,58,24,♥,finished,2026-05-17T16:35:49.451648+00:00
147,INPROC_205F87,1,10,team1,Team 1 (N/S),93,27,16,♦,finished,2026-05-17T16:35:49.466563+00:00
148,INPROC_A1BF6B,1,10,team2,Team 2 (E/W),11,109,22,♥,finished,2026-05-17T16:35:49.481965+00:00
149,INPROC_E496C5,1,10,team2,Team 2 (E/W),58,62,17,♦,finished,2026-05-17T16:35:49.497219+00:00
150,INPROC_4F0CEA,1,10,team2,Team 2 (E/W),44,76,9,♣,finished,2026-05-17T16:35:49.513733+00:00
151,INPROC_D2F79D,1,10,team2,Team 2 (E/W),37,83,31,♠,finished,2026-05-17T16:35:49.529150+00:00
152,INPROC_9146DD,1,10,team1,Team 1 (N/S),113,7,16,♦,finished,2026-05-17T16:35:49.543839+00:00
153,INPROC_8092EF,1,10,team2,Team 2 (E/W),24,96,29,♥,finished,2026-05-17T16:35:49.556685+00:00
154,INPROC_D3283B,1,10,team2,Team 2 (E/W),52,68,4,♣,finished,2026-05-17T16:35:49.568870+00:00
155,INPROC_5B5B49,1,10,team1,Team 1 (N/S),85,35,12,♦,finished,2026-05-17T16:35:49.585242+00:00
156,INPROC_D06073,1,10,team2,Team 2 (E/W),56,64,16,♦,finished,2026-05-17T16:35:49.596565+00:00
157,INPROC_C94F96,1,10,team2,Team 2 (E/W),46,74,33,♠,finished,2026-05-17T16:35:49.612475+00:00
158,INPROC_850C84,1,10,team1,Team 1 (N/S),109,11,23,♥,finished,2026-05-17T16:35:49.626997+00:00
159,INPROC_7E74A1,1,10,team1,Team 1 (N/S),83,37,33,♠,finished,2026-05-17T16:35:49.642897+00:00
160,INPROC_E90916,1,10,team2,Team 2 (E/W),51,69,30,♠,finished,2026-05-17T16:35:49.657740+00:00
161,INPROC_9A2E13,1,10,team1,Team 1 (N/S),86,34,3,♣,finished,2026-05-17T16:35:49.673343+00:00
162,INPROC_B2BCF2,1,10,team1,Team 1 (N/S),66,54,8,♣,finished,2026-05-17T16:35:49.694061+00:00
163,INPROC_20624B,1,10,team1,Team 1 (N/S),74,46,13,♦,finished,2026-05-17T16:35:49.714336+00:00
164,INPROC_1D2273,1,10,team2,Team 2 (E/W),30,90,26,♥,finished,2026-05-17T16:35:49.731311+00:00
165,INPROC_C3CD71,1,10,team1,Team 1 (N/S),73,47,18,♦,finished,2026-05-17T16:35:49.748632+00:00
166,INPROC_956414,1,10,team2,Team 2 (E/W),37,83,31,♠,finished,2026-05-17T16:35:49.764088+00:00
167,INPROC_937404,1,10,team1,Team 1 (N/S),83,37,24,♥,finished,2026-05-17T16:35:49.778171+00:00
168,INPROC_57CA2B,1,10,team1,Team 1 (N/S),72,48,13,♦,finished,2026-05-17T16:35:49.791829+00:00
169,INPROC_231626,1,10,team2,Team 2 (E/W),49,71,21,♥,finished,2026-05-17T16:35:49.806927+00:00
170,INPROC_2BAD3F,1,10,team1,Team 1 (N/S),92,28,8,♣,finished,2026-05-17T16:35:49.822959+00:00
171,INPROC_750D11,1,10,team1,Team 1 (N/S),61,59,15,♦,finished,2026-05-17T16:35:49.836236+00:00
172,INPROC_7DBBD2,1,10,team2,Team 2 (E/W),25,95,2,♣,finished,2026-05-17T16:35:49.850780+00:00
173,INPROC_A9A0E6,1,10,team2,Team 2 (E/W),30,90,19,♦,finished,2026-05-17T16:35:49.866591+00:00
174,INPROC_799912,1,10,team1,Team 1 (N/S),75,45,19,♦,finished,2026-05-17T16:35:49.882938+00:00
175,INPROC_54D957,1,10,team2,Team 2 (E/W),48,72,19,♦,finished,2026-05-17T16:35:49.898509+00:00
176,INPROC_5656A0,1,10,team2,Team 2 (E/W),57,63,32,♠,finished,2026-05-17T16:35:49.915576+00:00
177,INPROC_983691,1,10,team2,Team 2 (E/W),57,63,28,♥,finished,2026-05-17T16:35:49.931567+00:00
178,INPROC_2F5B05,1,10,team2,Team 2 (E/W),52,68,10,♦,finished,2026-05-17T16:35:49.947522+00:00
179,INPROC_D63DCB,1,10,team1,Team 1 (N/S),64,56,2,♣,finished,2026-05-17T16:35:49.964045+00:00
180,INPROC_2FD7C2,1,10,team2,Team 2 (E/W),51,69,3,♣,finished,2026-05-17T16:35:49.981933+00:00
181,INPROC_C6573D,1,10,team2,Team 2 (E/W),57,63,13,♦,finished,2026-05-17T16:35:49.997539+00:00
182,INPROC_B2A151,1,10,team1,Team 1 (N/S),74,46,14,♦,finished,2026-05-17T16:35:50.016676+00:00
183,INPROC_0899E2,1,10,team1,Team 1 (N/S),74,46,29,♥,finished,2026-05-17T16:35:50.032894+00:00
184,INPROC_011F1A,1,10,team2,Team 2 (E/W),37,83,11,♦,finished,2026-05-17T16:35:50.045874+00:00
185,INPROC_86560F,1,10,team1,Team 1 (N/S),94,26,8,♣,finished,2026-05-17T16:35:50.060931+00:00
186,INPROC_1BA8EC,1,10,team1,Team 1 (N/S),86,34,38,♠,finished,2026-05-17T16:35:50.075360+00:00
187,INPROC_6A614D,1,10,team2,Team 2 (E/W),54,66,8,♣,finished,2026-05-17T16:35:50.092250+00:00
188,INPROC_16F0BE,1,10,team2,Team 2 (E/W),49,71,14,♦,finished,2026-05-17T16:35:50.108302+00:00
189,INPROC_9ABAC7,1,10,team2,Team 2 (E/W),58,62,5,♣,finished,2026-05-17T16:35:50.123131+00:00
190,INPROC_64FF8C,1,10,team2,Team 2 (E/W),50,70,6,♣,finished,2026-05-17T16:35:50.139031+00:00
191,INPROC_5DC75A,1,10,team2,Team 2 (E/W),22,98,16,♦,finished,2026-05-17T16:35:50.153669+00:00
192,INPROC_69230B,1,10,team1,Team 1 (N/S),71,49,38,♠,finished,2026-05-17T16:35:50.170225+00:00
193,INPROC_C52656,1,10,team2,Team 2 (E/W),51,69,0,♣,finished,2026-05-17T16:35:50.186244+00:00
194,INPROC_E35048,1,10,team1,Team 1 (N/S),72,48,22,♥,finished,2026-05-17T16:35:50.203502+00:00
195,INPROC_CA1BBB,1,10,team2,Team 2 (E/W),54,66,16,♦,finished,2026-05-17T16:35:50.220401+00:00
196,INPROC_B58ABE,1,10,team2,Team 2 (E/W),0,120,24,♥,finished,2026-05-17T16:35:50.236565+00:00
197,INPROC_930E7C,1,10,team1,Team 1 (N/S),78,42,16,♦,finished,2026-05-17T16:35:50.254417+00:00
198,INPROC_D4C5B0,1,10,team1,Team 1 (N/S),73,47,17,♦,finished,2026-05-17T16:35:50.270349+00:00
199,INPROC_741DDD,1,10,team2,Team 2 (E/W),59,61,12,♦,finished,2026-05-17T16:35:50.286362+00:00
200,INPROC_ABAA7F,1,10,team2,Team 2 (E/W),41,79,10,♦,finished,2026-05-17T16:35:50.303342+00:00
201,INPROC_0C9956,1,10,team2,Team 2 (E/W),51,69,32,♠,finished,2026-05-17T16:35:50.321044+00:00
202,INPROC_BC4B5C,1,10,team1,Team 1 (N/S),63,57,6,♣,finished,2026-05-17T16:35:50.338491+00:00
203,INPROC_BFDAC7,1,10,team2,Team 2 (E/W),28,92,26,♥,finished,2026-05-17T16:35:50.355785+00:00
204,INPROC_93E66D,1,10,team2,Team 2 (E/W),35,85,38,♠,finished,2026-05-17T16:35:50.372272+00:00
205,INPROC_22A5A7,1,10,team2,Team 2 (E/W),51,69,34,♠,finished,2026-05-17T16:35:50.390378+00:00
206,INPROC_1E8D20,1,10,team1,Team 1 (N/S),73,47,4,♣,finished,2026-05-17T16:35:50.407516+00:00
207,INPROC_7D07BD,1,10,team2,Team 2 (E/W),42,78,36,♠,finished,2026-05-17T16:35:50.425396+00:00
208,INPROC_1D85FB,1,10,team2,Team 2 (E/W),58,62,33,♠,finished,2026-05-17T16:35:50.442229+00:00
209,INPROC_C44CB8,1,10,team2,Team 2 (E/W),58,62,8,♣,finished,2026-05-17T16:35:50.457814+00:00
210,INPROC_5E9006,1,10,team2,Team 2 (E/W),9,111,28,♥,finished,2026-05-17T16:35:50.473208+00:00
211,INPROC_7C991B,1,10,team2,Team 2 (E/W),55,65,29,♥,finished,2026-05-17T16:35:50.489344+00:00
212,INPROC_7786A8,1,10,team1,Team 1 (N/S),94,26,3,♣,finished,2026-05-17T16:35:50.505430+00:00
213,INPROC_BA3A3D,1,10,team2,Team 2 (E/W),47,73,29,♥,finished,2026-05-17T16:35:50.522231+00:00
214,INPROC_A415B4,1,10,team2,Team 2 (E/W),21,99,23,♥,finished,2026-05-17T16:35:50.537622+00:00
215,INPROC_533FB6,1,10,team2,Team 2 (E/W),55,65,13,♦,finished,2026-05-17T16:35:50.552168+00:00
216,INPROC_0ACC21,1,10,team2,Team 2 (E/W),23,97,18,♦,finished,2026-05-17T16:35:50.568600+00:00
217,INPROC_149CEF,1,10,team1,Team 1 (N/S),76,44,23,♥,finished,2026-05-17T16:35:50.583439+00:00
218,INPROC_BA2B75,1,10,team2,Team 2 (E/W),46,74,37,♠,finished,2026-05-17T16:35:50.599357+00:00
219,INPROC_0400B8,1,10,team2,Team 2 (E/W),54,66,23,♥,finished,2026-05-17T16:35:50.614454+00:00
220,INPROC_9CE81F,1,10,team1,Team 1 (N/S),66,54,29,♥,finished,2026-05-17T16:35:50.631733+00:00
221,INPROC_B08034,1,10,team2,Team 2 (E/W),45,75,3,♣,finished,2026-05-17T16:35:50.644917+00:00
222,INPROC_6ECC56,1,10,team2,Team 2 (E/W),0,120,31,♠,finished,2026-05-17T16:35:50.662204+00:00
223,INPROC_8ABBB4,1,10,team2,Team 2 (E/W),22,98,19,♦,finished,2026-05-17T16:35:50.678327+00:00
224,INPROC_EE5CFD,1,10,team2,Team 2 (E/W),46,74,20,♥,finished,2026-05-17T16:35:50.694708+00:00
225,INPROC_814767,1,10,team2,Team 2 (E/W),31,89,37,♠,finished,2026-05-17T16:35:50.711586+00:00
226,INPROC_97A4D4,1,10,team1,Team 1 (N/S),76,44,34,♠,finished,2026-05-17T16:35:50.726652+00:00
227,INPROC_673A9C,1,10,team1,Team 1 (N/S),76,44,20,♥,finished,2026-05-17T16:35:50.739515+00:00
228,INPROC_AA75A2,1,10,team2,Team 2 (E/W),29,91,16,♦,finished,2026-05-17T16:35:50.751288+00:00
229,INPROC_C73DE8,1,10,team2,Team 2 (E/W),14,106,38,♠,finished,2026-05-17T16:35:50.767403+00:00
230,INPROC_BECB14,1,10,team1,Team 1 (N/S),72,48,26,♥,finished,2026-05-17T16:35:50.781325+00:00
231,INPROC_36074A,1,10,team1,Team 1 (N/S),86,34,3,♣,finished,2026-05-17T16:35:50.796624+00:00
232,INPROC_2E1833,1,10,team2,Team 2 (E/W),34,86,20,♥,finished,2026-05-17T16:35:50.813888+00:00
233,INPROC_A7AA73,1,10,team1,Team 1 (N/S),104,16,22,♥,finished,2026-05-17T16:35:50.830926+00:00
234,INPROC_5B3142,1,10,team1,Team 1 (N/S),62,58,33,♠,finished,2026-05-17T16:35:50.846606+00:00
235,INPROC_A1F1DD,1,10,team1,Team 1 (N/S),79,41,32,♠,finished,2026-05-17T16:35:50.865894+00:00
236,INPROC_2E816F,1,10,team1,Team 1 (N/S),73,47,36,♠,finished,2026-05-17T16:35:50.882867+00:00
237,INPROC_5976D4,1,10,team1,Team 1 (N/S),89,31,10,♦,finished,2026-05-17T16:35:50.900480+00:00
238,INPROC_6B4895,1,10,team1,Team 1 (N/S),84,36,20,♥,finished,2026-05-17T16:35:50.914153+00:00
239,INPROC_35E02C,1,10,team1,Team 1 (N/S),63,57,29,♥,finished,2026-05-17T16:35:50.931016+00:00
240,INPROC_F0306E,1,10,team2,Team 2 (E/W),52,68,4,♣,finished,2026-05-17T16:35:50.946298+00:00
241,INPROC_C46811,1,10,team2,Team 2 (E/W),21,99,19,♦,finished,2026-05-17T16:35:50.964511+00:00
242,INPROC_9E6C2E,1,10,team1,Team 1 (N/S),73,47,12,♦,finished,2026-05-17T16:35:50.978625+00:00
243,INPROC_F61A7A,1,10,team1,Team 1 (N/S),70,50,13,♦,finished,2026-05-17T16:35:50.995005+00:00
244,INPROC_30BBFE,1,10,team1,Team 1 (N/S),62,58,38,♠,finished,2026-05-17T16:35:51.011786+00:00
245,INPROC_193C1C,1,10,team2,Team 2 (E/W),48,72,15,♦,finished,2026-05-17T16:35:51.030897+00:00
246,INPROC_D01A72,1,10,team1,Team 1 (N/S),89,31,39,♠,finished,2026-05-17T16:35:51.047614+00:00
247,INPROC_DBC3ED,1,10,team2,Team 2 (E/W),30,90,17,♦,finished,2026-05-17T16:35:51.064519+00:00
248,INPROC_422668,1,10,team2,Team 2 (E/W),55,65,4,♣,finished,2026-05-17T16:35:51.080470+00:00
249,INPROC_740404,1,10,team2,Team 2 (E/W),56,64,25,♥,finished,2026-05-17T16:35:51.096077+00:00
250,INPROC_22CA55,1,10,team1,Team 1 (N/S),65,55,23,♥,finished,2026-05-17T16:35:51.112691+00:00
251,INPROC_D578D9,1,10,team1,Team 1 (N/S),77,43,35,♠,finished,2026-05-17T16:35:51.130557+00:00
252,INPROC_2D8848,1,10,team2,Team 2 (E/W),49,71,36,♠,finished,2026-05-17T16:35:51.146296+00:00
253,INPROC_9FF253,1,10,team2,Team 2 (E/W),8,112,16,♦,finished,2026-05-17T16:35:51.162594+00:00
254,INPROC_275609,1,10,team1,Team 1 (N/S),94,26,26,♥,finished,2026-05-17T16:35:51.178069+00:00
255,INPROC_6B686A,1,10,team2,Team 2 (E/W),52,68,28,♥,finished,2026-05-17T16:35:51.195035+00:00
256,INPROC_09B592,1,10,team2,Team 2 (E/W),52,68,38,♠,finished,2026-05-17T16:35:51.211375+00:00
257,INPROC_2229F3,1,10,team2,Team 2 (E/W),58,62,25,♥,finished,2026-05-17T16:35:51.227987+00:00
258,INPROC_E54AF4,1,10,team2,Team 2 (E/W),28,92,38,♠,finished,2026-05-17T16:35:51.247011+00:00
259,INPROC_471B2B,1,10,team1,Team 1 (N/S),78,42,10,♦,finished,2026-05-17T16:35:51.262227+00:00
260,INPROC_A0DB57,1,10,team2,Team 2 (E/W),22,98,31,♠,finished,2026-05-17T16:35:51.281658+00:00
261,INPROC_7FD5D4,1,10,team2,Team 2 (E/W),43,77,1,♣,finished,2026-05-17T16:35:51.301625+00:00
262,INPROC_EB60F3,1,10,team2,Team 2 (E/W),57,63,33,♠,finished,2026-05-17T16:35:51.320854+00:00
263,INPROC_E2D5F0,1,10,team2,Team 2 (E/W),54,66,2,♣,finished,2026-05-17T16:35:51.339619+00:00
264,INPROC_2E7B20,1,10,team1,Team 1 (N/S),87,33,15,♦,finished,2026-05-17T16:35:51.356029+00:00
265,INPROC_15CDDC,1,10,team2,Team 2 (E/W),30,90,38,♠,finished,2026-05-17T16:35:51.372018+00:00
266,INPROC_78E6FD,1,10,team1,Team 1 (N/S),80,40,27,♥,finished,2026-05-17T16:35:51.387261+00:00
267,INPROC_F36D67,1,10,team1,Team 1 (N/S),82,38,28,♥,finished,2026-05-17T16:35:51.403544+00:00
268,INPROC_0ABE3F,1,10,team2,Team 2 (E/W),59,61,22,♥,finished,2026-05-17T16:35:51.419697+00:00
269,INPROC_4CC1E4,1,10,team1,Team 1 (N/S),76,44,1,♣,finished,2026-05-17T16:35:51.435656+00:00
270,INPROC_F799A1,1,10,team2,Team 2 (E/W),57,63,2,♣,finished,2026-05-17T16:35:51.451586+00:00
271,INPROC_5C08CF,1,10,team1,Team 1 (N/S),102,18,14,♦,finished,2026-05-17T16:35:51.466815+00:00
272,INPROC_DF341E,1,10,draw,draw,60,60,26,♥,finished,2026-05-17T16:35:51.483769+00:00
273,INPROC_5197A8,1,10,team1,Team 1 (N/S),97,23,38,♠,finished,2026-05-17T16:35:51.500814+00:00
274,INPROC_D2056E,1,10,team1,Team 1 (N/S),95,25,16,♦,finished,2026-05-17T16:35:51.518135+00:00
275,INPROC_BD6D07,1,10,team1,Team 1 (N/S),93,27,32,♠,finished,2026-05-17T16:35:51.535755+00:00
276,INPROC_40E0AA,1,10,team1,Team 1 (N/S),73,47,34,♠,finished,2026-05-17T16:35:51.551683+00:00
277,INPROC_79054D,1,10,team2,Team 2 (E/W),42,78,34,♠,finished,2026-05-17T16:35:51.566530+00:00
278,INPROC_C698E8,1,10,team1,Team 1 (N/S),76,44,19,♦,finished,2026-05-17T16:35:51.583806+00:00
279,INPROC_7CD0C7,1,10,team1,Team 1 (N/S),75,45,24,♥,finished,2026-05-17T16:35:51.599845+00:00
280,INPROC_91FBC8,1,10,team2,Team 2 (E/W),56,64,34,♠,finished,2026-05-17T16:35:51.614437+00:00
281,INPROC_7FD798,1,10,team2,Team 2 (E/W),18,102,32,♠,finished,2026-05-17T16:35:51.630192+00:00
282,INPROC_1019C3,1,10,team2,Team 2 (E/W),54,66,27,♥,finished,2026-05-17T16:35:51.646902+00:00
283,INPROC_E620C3,1,10,team2,Team 2 (E/W),46,74,2,♣,finished,2026-05-17T16:35:51.662714+00:00
284,INPROC_D7E89D,1,10,team1,Team 1 (N/S),77,43,31,♠,finished,2026-05-17T16:35:51.675381+00:00
285,INPROC_76AF0F,1,10,team1,Team 1 (N/S),73,47,34,♠,finished,2026-05-17T16:35:51.691871+00:00
286,INPROC_CB3A63,1,10,team1,Team 1 (N/S),62,58,24,♥,finished,2026-05-17T16:35:51.707971+00:00
287,INPROC_812193,1,10,team2,Team 2 (E/W),39,81,29,♥,finished,2026-05-17T16:35:51.726885+00:00
288,INPROC_C0C6FA,1,10,team1,Team 1 (N/S),66,54,35,♠,finished,2026-05-17T16:35:51.744267+00:00
289,INPROC_B3D3C3,1,10,team1,Team 1 (N/S),96,24,18,♦,finished,2026-05-17T16:35:51.759564+00:00
290,INPROC_5C56C5,1,10,team1,Team 1 (N/S),62,58,19,♦,finished,2026-05-17T16:35:51.775516+00:00
291,INPROC_34280A,1,10,team2,Team 2 (E/W),57,63,25,♥,finished,2026-05-17T16:35:51.791360+00:00
292,INPROC_75BEC6,1,10,team1,Team 1 (N/S),76,44,32,♠,finished,2026-05-17T16:35:51.808150+00:00
293,INPROC_DC7E9D,1,10,team2,Team 2 (E/W),45,75,36,♠,finished,2026-05-17T16:35:51.822364+00:00
294,INPROC_1AAED6,1,10,team2,Team 2 (E/W),17,103,6,♣,finished,2026-05-17T16:35:51.838423+00:00
295,INPROC_9DBFE7,1,10,team2,Team 2 (E/W),14,106,19,♦,finished,2026-05-17T16:35:51.853217+00:00
296,INPROC_AA09F3,1,10,team2,Team 2 (E/W),58,62,8,♣,finished,2026-05-17T16:35:51.868449+00:00
297,INPROC_7F8BB0,1,10,team1,Team 1 (N/S),66,54,32,♠,finished,2026-05-17T16:35:51.884214+00:00
298,INPROC_068107,1,10,team2,Team 2 (E/W),55,65,35,♠,finished,2026-05-17T16:35:51.899216+00:00
299,INPROC_E670CF,1,10,team1,Team 1 (N/S),74,46,35,♠,finished,2026-05-17T16:35:51.912918+00:00
300,INPROC_141288,1,10,team1,Team 1 (N/S),101,19,21,♥,finished,2026-05-17T16:35:51.929870+00:00
301,INPROC_D21DFC,1,10,team1,Team 1 (N/S),76,44,27,♥,finished,2026-05-17T16:35:51.946228+00:00
302,INPROC_F6FA86,1,10,team2,Team 2 (E/W),58,62,11,♦,finished,2026-05-17T16:35:51.961063+00:00
303,INPROC_EA1685,1,10,team1,Team 1 (N/S),75,45,2,♣,finished,2026-05-17T16:35:51.977581+00:00
304,INPROC_C48862,1,10,team2,Team 2 (E/W),32,88,13,♦,finished,2026-05-17T16:35:51.991586+00:00
305,INPROC_A6A431,1,10,team2,Team 2 (E/W),44,76,38,♠,finished,2026-05-17T16:35:52.006851+00:00
306,INPROC_0E1566,1,10,team1,Team 1 (N/S),92,28,31,♠,finished,2026-05-17T16:35:52.022743+00:00
307,INPROC_3F6038,1,10,team2,Team 2 (E/W),31,89,10,♦,finished,2026-05-17T16:35:52.037783+00:00
308,INPROC_122ECE,1,10,team2,Team 2 (E/W),30,90,5,♣,finished,2026-05-17T16:35:52.054146+00:00
309,INPROC_D8E918,1,10,team2,Team 2 (E/W),57,63,15,♦,finished,2026-05-17T16:35:52.070287+00:00
310,INPROC_9F8B5B,1,10,team1,Team 1 (N/S),94,26,19,♦,finished,2026-05-17T16:35:52.086543+00:00
311,INPROC_A33A63,1,10,team2,Team 2 (E/W),41,79,18,♦,finished,2026-05-17T16:35:52.102096+00:00
312,INPROC_EFF799,1,10,team1,Team 1 (N/S),67,53,17,♦,finished,2026-05-17T16:35:52.118870+00:00
313,INPROC_CE7E5D,1,10,team1,Team 1 (N/S),102,18,17,♦,finished,2026-05-17T16:35:52.134815+00:00
314,INPROC_9857F4,1,10,team2,Team 2 (E/W),30,90,20,♥,finished,2026-05-17T16:35:52.150179+00:00
315,INPROC_684A24,1,10,team1,Team 1 (N/S),69,51,39,♠,finished,2026-05-17T16:35:52.165905+00:00
316,INPROC_6374EB,1,10,team2,Team 2 (E/W),43,77,26,♥,finished,2026-05-17T16:35:52.183148+00:00
317,INPROC_4C273B,1,10,team1,Team 1 (N/S),74,46,22,♥,finished,2026-05-17T16:35:52.198537+00:00
318,INPROC_7F759C,1,10,team1,Team 1 (N/S),69,51,27,♥,finished,2026-05-17T16:35:52.214679+00:00
319,INPROC_0FD868,1,10,team1,Team 1 (N/S),74,46,18,♦,finished,2026-05-17T16:35:52.230314+00:00
320,INPROC_83C310,1,10,team1,Team 1 (N/S),74,46,19,♦,finished,2026-05-17T16:35:52.244820+00:00
321,INPROC_3BEC76,1,10,team2,Team 2 (E/W),53,67,12,♦,finished,2026-05-17T16:35:52.263708+00:00
322,INPROC_3FE78D,1,10,team2,Team 2 (E/W),56,64,24,♥,finished,2026-05-17T16:35:52.281789+00:00
323,INPROC_73CFC2,1,10,team2,Team 2 (E/W),15,105,20,♥,finished,2026-05-17T16:35:52.296301+00:00
324,INPROC_5979A3,1,10,team2,Team 2 (E/W),26,94,31,♠,finished,2026-05-17T16:35:52.312844+00:00
325,INPROC_343308,1,10,team1,Team 1 (N/S),68,52,27,♥,finished,2026-05-17T16:35:52.329296+00:00
326,INPROC_865849,1,10,team1,Team 1 (N/S),66,54,12,♦,finished,2026-05-17T16:35:52.345253+00:00
327,INPROC_22467F,1,10,team2,Team 2 (E/W),41,79,13,♦,finished,2026-05-17T16:35:52.363217+00:00
328,INPROC_13838A,1,10,team2,Team 2 (E/W),39,81,5,♣,finished,2026-05-17T16:35:52.381857+00:00
329,INPROC_F8A13A,1,10,team1,Team 1 (N/S),64,56,39,♠,finished,2026-05-17T16:35:52.398981+00:00
330,INPROC_1466D4,1,10,team2,Team 2 (E/W),31,89,10,♦,finished,2026-05-17T16:35:52.416968+00:00
331,INPROC_C4E00A,1,10,team1,Team 1 (N/S),87,33,11,♦,finished,2026-05-17T16:35:52.433078+00:00
332,INPROC_BF740F,1,10,team1,Team 1 (N/S),65,55,4,♣,finished,2026-05-17T16:35:52.449133+00:00
333,INPROC_7EF5FD,1,10,team2,Team 2 (E/W),57,63,29,♥,finished,2026-05-17T16:35:52.465154+00:00
334,INPROC_858EB8,1,10,team2,Team 2 (E/W),51,69,2,♣,finished,2026-05-17T16:35:52.480754+00:00
335,INPROC_385559,1,10,team1,Team 1 (N/S),63,57,16,♦,finished,2026-05-17T16:35:52.497042+00:00
336,INPROC_421EA4,1,10,team2,Team 2 (E/W),33,87,29,♥,finished,2026-05-17T16:35:52.512586+00:00
337,INPROC_F88A4C,1,10,team1,Team 1 (N/S),117,3,7,♣,finished,2026-05-17T16:35:52.528088+00:00
338,INPROC_670D4D,1,10,team2,Team 2 (E/W),39,81,0,♣,finished,2026-05-17T16:35:52.542245+00:00
339,INPROC_5550A8,1,10,team2,Team 2 (E/W),0,120,22,♥,finished,2026-05-17T16:35:52.558773+00:00
340,INPROC_48CF06,1,10,team1,Team 1 (N/S),66,54,18,♦,finished,2026-05-17T16:35:52.575875+00:00
341,INPROC_FE237B,1,10,team1,Team 1 (N/S),107,13,31,♠,finished,2026-05-17T16:35:52.592185+00:00
342,INPROC_6E2486,1,10,team1,Team 1 (N/S),107,13,5,♣,finished,2026-05-17T16:35:52.607094+00:00
343,INPROC_4A45C0,1,10,team2,Team 2 (E/W),37,83,16,♦,finished,2026-05-17T16:35:52.622096+00:00
344,INPROC_602A9E,1,10,draw,draw,60,60,26,♥,finished,2026-05-17T16:35:52.637756+00:00
345,INPROC_659D5A,1,10,team1,Team 1 (N/S),66,54,28,♥,finished,2026-05-17T16:35:52.653749+00:00
346,INPROC_CD92E2,1,10,team1,Team 1 (N/S),74,46,1,♣,finished,2026-05-17T16:35:52.669537+00:00
347,INPROC_3A6309,1,10,team2,Team 2 (E/W),35,85,27,♥,finished,2026-05-17T16:35:52.686144+00:00
348,INPROC_3583D7,1,10,team2,Team 2 (E/W),46,74,34,♠,finished,2026-05-17T16:35:52.705017+00:00
349,INPROC_0DDDFE,1,10,team2,Team 2 (E/W),49,71,24,♥,finished,2026-05-17T16:35:52.720540+00:00
350,INPROC_72960B,1,10,team2,Team 2 (E/W),35,85,35,♠,finished,2026-05-17T16:35:52.734062+00:00
351,INPROC_4CA356,1,10,team2,Team 2 (E/W),42,78,0,♣,finished,2026-05-17T16:35:52.749569+00:00
352,INPROC_988103,1,10,team2,Team 2 (E/W),28,92,2,♣,finished,2026-05-17T16:35:52.765251+00:00
353,INPROC_002B03,1,10,team1,Team 1 (N/S),69,51,1,♣,finished,2026-05-17T16:35:52.780159+00:00
354,INPROC_3BCD1F,1,10,team2,Team 2 (E/W),53,67,30,♠,finished,2026-05-17T16:35:52.797262+00:00
355,INPROC_14F542,1,10,team2,Team 2 (E/W),26,94,11,♦,finished,2026-05-17T16:35:52.813892+00:00
356,INPROC_BA4931,1,10,team2,Team 2 (E/W),50,70,32,♠,finished,2026-05-17T16:35:52.831085+00:00
357,INPROC_07C1B4,1,10,team2,Team 2 (E/W),18,102,26,♥,finished,2026-05-17T16:35:52.846074+00:00
358,INPROC_95E8C1,1,10,team1,Team 1 (N/S),73,47,26,♥,finished,2026-05-17T16:35:52.862520+00:00
359,INPROC_99184A,1,10,team2,Team 2 (E/W),38,82,28,♥,finished,2026-05-17T16:35:52.878497+00:00
360,INPROC_AC2222,1,10,team2,Team 2 (E/W),28,92,6,♣,finished,2026-05-17T16:35:52.894028+00:00
361,INPROC_EB9321,1,10,team1,Team 1 (N/S),73,47,12,♦,finished,2026-05-17T16:35:52.909357+00:00
362,INPROC_0C49BF,1,10,team1,Team 1 (N/S),90,30,29,♥,finished,2026-05-17T16:35:52.924954+00:00
363,INPROC_F1EE7D,1,10,team1,Team 1 (N/S),61,59,24,♥,finished,2026-05-17T16:35:52.939565+00:00
364,INPROC_B24CF2,1,10,team1,Team 1 (N/S),85,35,34,♠,finished,2026-05-17T16:35:52.955981+00:00
365,INPROC_5F3FFB,1,10,team2,Team 2 (E/W),43,77,36,♠,finished,2026-05-17T16:35:52.972234+00:00
366,INPROC_BC5E52,1,10,team2,Team 2 (E/W),59,61,0,♣,finished,2026-05-17T16:35:52.986227+00:00
367,INPROC_FD1BD6,1,10,team2,Team 2 (E/W),17,103,2,♣,finished,2026-05-17T16:35:53.002465+00:00
368,INPROC_7B4948,1,10,team1,Team 1 (N/S),77,43,12,♦,finished,2026-05-17T16:35:53.018941+00:00
369,INPROC_C51C95,1,10,team2,Team 2 (E/W),35,85,7,♣,finished,2026-05-17T16:35:53.033821+00:00
370,INPROC_A90E63,1,10,team2,Team 2 (E/W),44,76,25,♥,finished,2026-05-17T16:35:53.049069+00:00
371,INPROC_F85197,1,10,team1,Team 1 (N/S),74,46,2,♣,finished,2026-05-17T16:35:53.065420+00:00
372,INPROC_8A5E02,1,10,team1,Team 1 (N/S),62,58,34,♠,finished,2026-05-17T16:35:53.080394+00:00
373,INPROC_80B462,1,10,team2,Team 2 (E/W),36,84,15,♦,finished,2026-05-17T16:35:53.098510+00:00
374,INPROC_729035,1,10,team1,Team 1 (N/S),76,44,28,♥,finished,2026-05-17T16:35:53.113870+00:00
375,INPROC_9C2765,1,10,team1,Team 1 (N/S),68,52,6,♣,finished,2026-05-17T16:35:53.127335+00:00
376,INPROC_565376,1,10,team2,Team 2 (E/W),33,87,36,♠,finished,2026-05-17T16:35:53.145245+00:00
377,INPROC_B8EA9F,1,10,team1,Team 1 (N/S),62,58,26,♥,finished,2026-05-17T16:35:53.161553+00:00
378,INPROC_960037,1,10,team2,Team 2 (E/W),35,85,10,♦,finished,2026-05-17T16:35:53.175372+00:00
379,INPROC_F04A25,1,10,team1,Team 1 (N/S),78,42,4,♣,finished,2026-05-17T16:35:53.189990+00:00
380,INPROC_0A8AC6,1,10,team2,Team 2 (E/W),34,86,3,♣,finished,2026-05-17T16:35:53.206857+00:00
381,INPROC_C1EE72,1,10,team2,Team 2 (E/W),23,97,3,♣,finished,2026-05-17T16:35:53.222425+00:00
382,INPROC_795E16,1,10,team2,Team 2 (E/W),46,74,22,♥,finished,2026-05-17T16:35:53.238615+00:00
383,INPROC_4A09AB,1,10,team1,Team 1 (N/S),88,32,24,♥,finished,2026-05-17T16:35:53.282708+00:00
384,INPROC_31ED90,1,10,team2,Team 2 (E/W),16,104,18,♦,finished,2026-05-17T16:35:53.308610+00:00
385,INPROC_D965B9,1,10,team1,Team 1 (N/S),61,59,8,♣,finished,2026-05-17T16:35:53.325581+00:00
386,INPROC_136A11,1,10,team2,Team 2 (E/W),20,100,38,♠,finished,2026-05-17T16:35:53.343591+00:00
387,INPROC_1AB1AE,1,10,team1,Team 1 (N/S),101,19,33,♠,finished,2026-05-17T16:35:53.359530+00:00
388,INPROC_720ADF,1,10,team2,Team 2 (E/W),18,102,2,♣,finished,2026-05-17T16:35:53.375993+00:00
389,INPROC_0656DA,1,10,team2,Team 2 (E/W),51,69,29,♥,finished,2026-05-17T16:35:53.392749+00:00
390,INPROC_7A659D,1,10,team2,Team 2 (E/W),29,91,2,♣,finished,2026-05-17T16:35:53.412920+00:00
391,INPROC_ED6E2F,1,10,team2,Team 2 (E/W),51,69,34,♠,finished,2026-05-17T16:35:53.433002+00:00
392,INPROC_FFC2BD,1,10,team1,Team 1 (N/S),82,38,21,♥,finished,2026-05-17T16:35:53.451821+00:00
393,INPROC_7D49E6,1,10,team1,Team 1 (N/S),103,17,36,♠,finished,2026-05-17T16:35:53.470446+00:00
394,INPROC_DC5F03,1,10,team1,Team 1 (N/S),83,37,37,♠,finished,2026-05-17T16:35:53.489684+00:00
395,INPROC_EDF806,1,10,team2,Team 2 (E/W),35,85,29,♥,finished,2026-05-17T16:35:53.508536+00:00
396,INPROC_41019F,1,10,team2,Team 2 (E/W),34,86,11,♦,finished,2026-05-17T16:35:53.526548+00:00
397,INPROC_8B8C11,1,10,team1,Team 1 (N/S),81,39,4,♣,finished,2026-05-17T16:35:53.543365+00:00
398,INPROC_7FC98E,1,10,team2,Team 2 (E/W),30,90,27,♥,finished,2026-05-17T16:35:53.561267+00:00
399,INPROC_C78B9B,1,10,team2,Team 2 (E/W),24,96,8,♣,finished,2026-05-17T16:35:53.581052+00:00
400,INPROC_6F2058,1,10,team1,Team 1 (N/S),72,48,6,♣,finished,2026-05-17T16:35:53.598864+00:00
401,INPROC_C36EBF,1,10,team1,Team 1 (N/S),117,3,36,♠,finished,2026-05-17T16:35:53.616138+00:00
402,INPROC_1317EA,1,10,team2,Team 2 (E/W),26,94,24,♥,finished,2026-05-17T16:35:53.633649+00:00
403,INPROC_C4F0AC,1,10,team2,Team 2 (E/W),4,116,8,♣,finished,2026-05-17T16:35:53.648663+00:00
404,INPROC_F52AAF,1,10,team1,Team 1 (N/S),92,28,5,♣,finished,2026-05-17T16:35:53.664785+00:00
405,INPROC_6FF3B9,1,10,team2,Team 2 (E/W),26,94,25,♥,finished,2026-05-17T16:35:53.680990+00:00
406,INPROC_D76B6B,1,10,team2,Team 2 (E/W),56,64,26,♥,finished,2026-05-17T16:35:53.698680+00:00
407,INPROC_B0954F,1,10,team1,Team 1 (N/S),75,45,34,♠,finished,2026-05-17T16:35:53.716501+00:00
408,INPROC_74E8DC,1,10,team1,Team 1 (N/S),72,48,16,♦,finished,2026-05-17T16:35:53.736688+00:00
409,INPROC_122698,1,10,team2,Team 2 (E/W),31,89,17,♦,finished,2026-05-17T16:35:53.751298+00:00
410,INPROC_D72832,1,10,team2,Team 2 (E/W),48,72,7,♣,finished,2026-05-17T16:35:53.771405+00:00
411,INPROC_CF3D59,1,10,team2,Team 2 (E/W),17,103,18,♦,finished,2026-05-17T16:35:53.789196+00:00
412,INPROC_DB7DDF,1,10,team2,Team 2 (E/W),32,88,16,♦,finished,2026-05-17T16:35:53.807358+00:00
413,INPROC_63F66A,1,10,team2,Team 2 (E/W),31,89,4,♣,finished,2026-05-17T16:35:53.824887+00:00
414,INPROC_843DF4,1,10,team2,Team 2 (E/W),28,92,2,♣,finished,2026-05-17T16:35:53.841657+00:00
415,INPROC_D41582,1,10,team2,Team 2 (E/W),51,69,37,♠,finished,2026-05-17T16:35:53.860591+00:00
416,INPROC_36B584,1,10,team2,Team 2 (E/W),43,77,16,♦,finished,2026-05-17T16:35:53.878819+00:00
417,INPROC_726675,1,10,team1,Team 1 (N/S),79,41,17,♦,finished,2026-05-17T16:35:53.897329+00:00
418,INPROC_0DD657,1,10,team2,Team 2 (E/W),58,62,17,♦,finished,2026-05-17T16:35:53.913927+00:00
419,INPROC_925EA6,1,10,team1,Team 1 (N/S),74,46,30,♠,finished,2026-05-17T16:35:53.929434+00:00
420,INPROC_477176,1,10,team2,Team 2 (E/W),24,96,8,♣,finished,2026-05-17T16:35:53.948807+00:00
421,INPROC_E6F524,1,10,team1,Team 1 (N/S),87,33,16,♦,finished,2026-05-17T16:35:53.966645+00:00
422,INPROC_4C83AB,1,10,team2,Team 2 (E/W),42,78,13,♦,finished,2026-05-17T16:35:53.983460+00:00
423,INPROC_30413F,1,10,team2,Team 2 (E/W),39,81,7,♣,finished,2026-05-17T16:35:54.004068+00:00
424,INPROC_D48F93,1,10,team1,Team 1 (N/S),69,51,20,♥,finished,2026-05-17T16:35:54.025414+00:00
425,INPROC_EB43E2,1,10,team1,Team 1 (N/S),104,16,25,♥,finished,2026-05-17T16:35:54.046247+00:00
426,INPROC_9E74C9,1,10,team2,Team 2 (E/W),53,67,38,♠,finished,2026-05-17T16:35:54.064807+00:00
427,INPROC_695234,1,10,team1,Team 1 (N/S),74,46,26,♥,finished,2026-05-17T16:35:54.081671+00:00
428,INPROC_6E4362,1,10,team2,Team 2 (E/W),37,83,2,♣,finished,2026-05-17T16:35:54.101671+00:00
429,INPROC_B4C893,1,10,team2,Team 2 (E/W),38,82,11,♦,finished,2026-05-17T16:35:54.117668+00:00
430,INPROC_E69FA5,1,10,team1,Team 1 (N/S),73,47,30,♠,finished,2026-05-17T16:35:54.131373+00:00
431,INPROC_ADE74A,1,10,team1,Team 1 (N/S),98,22,10,♦,finished,2026-05-17T16:35:54.148977+00:00
432,INPROC_1E3096,1,10,team2,Team 2 (E/W),44,76,4,♣,finished,2026-05-17T16:35:54.163718+00:00
433,INPROC_E1D616,1,10,team2,Team 2 (E/W),58,62,36,♠,finished,2026-05-17T16:35:54.181465+00:00
434,INPROC_644771,1,10,team2,Team 2 (E/W),48,72,15,♦,finished,2026-05-17T16:35:54.205365+00:00
435,INPROC_DCC064,1,10,team2,Team 2 (E/W),37,83,15,♦,finished,2026-05-17T16:35:54.222981+00:00
436,INPROC_C040CE,1,10,team1,Team 1 (N/S),94,26,15,♦,finished,2026-05-17T16:35:54.240827+00:00
437,INPROC_9BDDCF,1,10,team2,Team 2 (E/W),5,115,39,♠,finished,2026-05-17T16:35:54.257615+00:00
438,INPROC_3FD005,1,10,team2,Team 2 (E/W),58,62,29,♥,finished,2026-05-17T16:35:54.273432+00:00
439,INPROC_89E097,1,10,team2,Team 2 (E/W),25,95,7,♣,finished,2026-05-17T16:35:54.292528+00:00
440,INPROC_D8B7EF,1,10,team2,Team 2 (E/W),47,73,17,♦,finished,2026-05-17T16:35:54.313779+00:00
441,INPROC_AFDD61,1,10,team1,Team 1 (N/S),85,35,5,♣,finished,2026-05-17T16:35:54.335754+00:00
442,INPROC_462832,1,10,team1,Team 1 (N/S),84,36,6,♣,finished,2026-05-17T16:35:54.357401+00:00
443,INPROC_FDDACC,1,10,team2,Team 2 (E/W),51,69,23,♥,finished,2026-05-17T16:35:54.376186+00:00
444,INPROC_6C91BB,1,10,team1,Team 1 (N/S),73,47,19,♦,finished,2026-05-17T16:35:54.396223+00:00
445,INPROC_6E293A,1,10,team2,Team 2 (E/W),51,69,5,♣,finished,2026-05-17T16:35:54.415959+00:00
446,INPROC_802BA7,1,10,team1,Team 1 (N/S),120,0,0,♣,finished,2026-05-17T16:35:54.435622+00:00
447,INPROC_5671C4,1,10,team1,Team 1 (N/S),90,30,6,♣,finished,2026-05-17T16:35:54.457630+00:00
448,INPROC_382EA9,1,10,team1,Team 1 (N/S),103,17,21,♥,finished,2026-05-17T16:35:54.475138+00:00
449,INPROC_F7E116,1,10,team2,Team 2 (E/W),52,68,29,♥,finished,2026-05-17T16:35:54.493276+00:00
450,INPROC_5B8ECE,1,10,team1,Team 1 (N/S),78,42,35,♠,finished,2026-05-17T16:35:54.508187+00:00
451,INPROC_DA026B,1,10,team2,Team 2 (E/W),13,107,13,♦,finished,2026-05-17T16:35:54.527329+00:00
452,INPROC_A7AA70,1,10,team1,Team 1 (N/S),91,29,22,♥,finished,2026-05-17T16:35:54.543940+00:00
453,INPROC_7E8CD0,1,10,team2,Team 2 (E/W),35,85,1,♣,finished,2026-05-17T16:35:54.562077+00:00
454,INPROC_62CFF8,1,10,team1,Team 1 (N/S),82,38,16,♦,finished,2026-05-17T16:35:54.576031+00:00
455,INPROC_5FBB5C,1,10,team2,Team 2 (E/W),57,63,25,♥,finished,2026-05-17T16:35:54.592352+00:00
456,INPROC_FF63E1,1,10,team1,Team 1 (N/S),64,56,18,♦,finished,2026-05-17T16:35:54.607658+00:00
457,INPROC_AAB100,1,10,team2,Team 2 (E/W),41,79,30,♠,finished,2026-05-17T16:35:54.623586+00:00
458,INPROC_400F7B,1,10,team2,Team 2 (E/W),25,95,19,♦,finished,2026-05-17T16:35:54.640053+00:00
459,INPROC_9D5F0A,1,10,team2,Team 2 (E/W),14,106,34,♠,finished,2026-05-17T16:35:54.656875+00:00
460,INPROC_4605B2,1,10,team2,Team 2 (E/W),35,85,4,♣,finished,2026-05-17T16:35:54.675539+00:00
461,INPROC_95403D,1,10,team1,Team 1 (N/S),71,49,1,♣,finished,2026-05-17T16:35:54.691701+00:00
462,INPROC_050535,1,10,team1,Team 1 (N/S),67,53,38,♠,finished,2026-05-17T16:35:54.706760+00:00
463,INPROC_B42CF5,1,10,team1,Team 1 (N/S),73,47,22,♥,finished,2026-05-17T16:35:54.723766+00:00
464,INPROC_E652A4,1,10,team1,Team 1 (N/S),78,42,31,♠,finished,2026-05-17T16:35:54.742936+00:00
465,INPROC_4CA323,1,10,team1,Team 1 (N/S),68,52,38,♠,finished,2026-05-17T16:35:54.761646+00:00
466,INPROC_B6460C,1,10,team2,Team 2 (E/W),41,79,20,♥,finished,2026-05-17T16:35:54.777530+00:00
467,INPROC_69D7F4,1,10,team1,Team 1 (N/S),74,46,7,♣,finished,2026-05-17T16:35:54.791245+00:00
468,INPROC_B55B3D,1,10,team2,Team 2 (E/W),36,84,19,♦,finished,2026-05-17T16:35:54.807059+00:00
469,INPROC_EF21F1,1,10,team2,Team 2 (E/W),34,86,26,♥,finished,2026-05-17T16:35:54.823927+00:00
470,INPROC_C4217F,1,10,team2,Team 2 (E/W),32,88,18,♦,finished,2026-05-17T16:35:54.840252+00:00
471,INPROC_53D4EF,1,10,team2,Team 2 (E/W),26,94,12,♦,finished,2026-05-17T16:35:54.858060+00:00
472,INPROC_052BF7,1,10,team1,Team 1 (N/S),80,40,28,♥,finished,2026-05-17T16:35:54.873554+00:00
473,INPROC_44B8DD,1,10,team1,Team 1 (N/S),79,41,12,♦,finished,2026-05-17T16:35:54.890692+00:00
474,INPROC_123DBE,1,10,team1,Team 1 (N/S),82,38,25,♥,finished,2026-05-17T16:35:54.906012+00:00
475,INPROC_2D70AD,1,10,team1,Team 1 (N/S),99,21,19,♦,finished,2026-05-17T16:35:54.923129+00:00
476,INPROC_83FA28,1,10,team2,Team 2 (E/W),27,93,1,♣,finished,2026-05-17T16:35:54.939143+00:00
477,INPROC_49025B,1,10,team1,Team 1 (N/S),84,36,38,♠,finished,2026-05-17T16:35:54.955065+00:00
478,INPROC_038E69,1,10,team1,Team 1 (N/S),97,23,14,♦,finished,2026-05-17T16:35:54.971739+00:00
479,INPROC_426ADF,1,10,team2,Team 2 (E/W),32,88,0,♣,finished,2026-05-17T16:35:54.987563+00:00
480,INPROC_53EC0F,1,10,team1,Team 1 (N/S),61,59,25,♥,finished,2026-05-17T16:35:55.004738+00:00
481,INPROC_2482F4,1,10,team1,Team 1 (N/S),64,56,29,♥,finished,2026-05-17T16:35:55.020129+00:00
482,INPROC_228B88,1,10,team1,Team 1 (N/S),94,26,34,♠,finished,2026-05-17T16:35:55.035699+00:00
483,INPROC_295EC0,1,10,team1,Team 1 (N/S),85,35,11,♦,finished,2026-05-17T16:35:55.049844+00:00
484,INPROC_013C94,1,10,team1,Team 1 (N/S),69,51,26,♥,finished,2026-05-17T16:35:55.065746+00:00
485,INPROC_D9AAD2,1,10,team2,Team 2 (E/W),57,63,10,♦,finished,2026-05-17T16:35:55.081601+00:00
486,INPROC_B5841B,1,10,team2,Team 2 (E/W),54,66,14,♦,finished,2026-05-17T16:35:55.097526+00:00
487,INPROC_B60789,1,10,team2,Team 2 (E/W),26,94,36,♠,finished,2026-05-17T16:35:55.112895+00:00
488,INPROC_4E5181,1,10,team2,Team 2 (E/W),39,81,17,♦,finished,2026-05-17T16:35:55.129153+00:00
489,INPROC_3533C4,1,10,team2,Team 2 (E/W),32,88,32,♠,finished,2026-05-17T16:35:55.146715+00:00
490,INPROC_A31525,1,10,team1,Team 1 (N/S),71,49,19,♦,finished,2026-05-17T16:35:55.163290+00:00
491,INPROC_DD5BAA,1,10,team2,Team 2 (E/W),46,74,24,♥,finished,2026-05-17T16:35:55.180083+00:00
492,INPROC_00A61C,1,10,team1,Team 1 (N/S),63,57,24,♥,finished,2026-05-17T16:35:55.197023+00:00
493,INPROC_A74FBE,1,10,team2,Team 2 (E/W),57,63,26,♥,finished,2026-05-17T16:35:55.213361+00:00
494,INPROC_3C43A8,1,10,team1,Team 1 (N/S),90,30,34,♠,finished,2026-05-17T16:35:55.228290+00:00
495,INPROC_09E44E,1,10,team2,Team 2 (E/W),43,77,8,♣,finished,2026-05-17T16:35:55.244721+00:00
496,INPROC_E1E8AD,1,10,team2,Team 2 (E/W),49,71,1,♣,finished,2026-05-17T16:35:55.260615+00:00
497,INPROC_51611D,1,10,team2,Team 2 (E/W),29,91,28,♥,finished,2026-05-17T16:35:55.277163+00:00
498,INPROC_821111,1,10,team2,Team 2 (E/W),48,72,0,♣,finished,2026-05-17T16:35:55.292755+00:00
499,INPROC_DFF4BE,1,10,team1,Team 1 (N/S),72,48,1,♣,finished,2026-05-17T16:35:55.308792+00:00
500,INPROC_354198,1,10,team2,Team 2 (E/W),21,99,7,♣,finished,2026-05-17T16:35:55.328285+00:00
501,INPROC_CF2782,1,10,team2,Team 2 (E/W),56,64,19,♦,finished,2026-05-17T16:35:55.345017+00:00
502,INPROC_D68DC5,1,10,team2,Team 2 (E/W),47,73,16,♦,finished,2026-05-17T16:35:55.362598+00:00
503,INPROC_707C9F,1,10,team1,Team 1 (N/S),62,58,20,♥,finished,2026-05-17T16:35:55.381376+00:00
504,INPROC_A8926C,1,10,team2,Team 2 (E/W),48,72,34,♠,finished,2026-05-17T16:35:55.401426+00:00
505,INPROC_F77949,1,10,team2,Team 2 (E/W),59,61,13,♦,finished,2026-05-17T16:35:55.420031+00:00
506,INPROC_ECEE60,1,10,team1,Team 1 (N/S),85,35,2,♣,finished,2026-05-17T16:35:55.438052+00:00
507,INPROC_8F5419,1,10,team1,Team 1 (N/S),84,36,35,♠,finished,2026-05-17T16:35:55.453742+00:00
508,INPROC_56CF34,1,10,team2,Team 2 (E/W),55,65,12,♦,finished,2026-05-17T16:35:55.469900+00:00
509,INPROC_DFB7D3,1,10,team2,Team 2 (E/W),16,104,25,♥,finished,2026-05-17T16:35:55.486214+00:00
510,INPROC_30EFA9,1,10,team2,Team 2 (E/W),42,78,1,♣,finished,2026-05-17T16:35:55.503982+00:00
511,INPROC_EC90B7,1,10,team2,Team 2 (E/W),45,75,33,♠,finished,2026-05-17T16:35:55.521355+00:00
512,INPROC_2694C3,1,10,team1,Team 1 (N/S),65,55,22,♥,finished,2026-05-17T16:35:55.537172+00:00
513,INPROC_1FDD2D,1,10,team1,Team 1 (N/S),81,39,20,♥,finished,2026-05-17T16:35:55.552694+00:00
514,INPROC_977E70,1,10,team1,Team 1 (N/S),84,36,34,♠,finished,2026-05-17T16:35:55.570576+00:00
515,INPROC_DD1626,1,10,team2,Team 2 (E/W),33,87,27,♥,finished,2026-05-17T16:35:55.585806+00:00
516,INPROC_64C337,1,10,team1,Team 1 (N/S),82,38,8,♣,finished,2026-05-17T16:35:55.601374+00:00
517,INPROC_761BF3,1,10,team1,Team 1 (N/S),117,3,33,♠,finished,2026-05-17T16:35:55.617524+00:00
518,INPROC_DA2229,1,10,team2,Team 2 (E/W),40,80,24,♥,finished,2026-05-17T16:35:55.633888+00:00
519,INPROC_5F0A18,1,10,team2,Team 2 (E/W),58,62,1,♣,finished,2026-05-17T16:35:55.649996+00:00
520,INPROC_A38F5D,1,10,team1,Team 1 (N/S),86,34,28,♥,finished,2026-05-17T16:35:55.666455+00:00
521,INPROC_2FF7E1,1,10,team2,Team 2 (E/W),58,62,16,♦,finished,2026-05-17T16:35:55.683618+00:00
522,INPROC_9E7840,1,10,team2,Team 2 (E/W),24,96,27,♥,finished,2026-05-17T16:35:55.700220+00:00
523,INPROC_C5CA83,1,10,team2,Team 2 (E/W),56,64,22,♥,finished,2026-05-17T16:35:55.713447+00:00
524,INPROC_CC193D,1,10,team2,Team 2 (E/W),25,95,33,♠,finished,2026-05-17T16:35:55.728483+00:00
525,INPROC_CE6C7A,1,10,team1,Team 1 (N/S),77,43,36,♠,finished,2026-05-17T16:35:55.746026+00:00
526,INPROC_DC5792,1,10,team2,Team 2 (E/W),42,78,22,♥,finished,2026-05-17T16:35:55.761950+00:00
527,INPROC_BAA992,1,10,team2,Team 2 (E/W),37,83,2,♣,finished,2026-05-17T16:35:55.778610+00:00
528,INPROC_202A42,1,10,team2,Team 2 (E/W),54,66,20,♥,finished,2026-05-17T16:35:55.793670+00:00
529,INPROC_CD717E,1,10,team2,Team 2 (E/W),25,95,28,♥,finished,2026-05-17T16:35:55.809986+00:00
530,INPROC_F160A7,1,10,draw,draw,60,60,10,♦,finished,2026-05-17T16:35:55.824946+00:00
531,INPROC_E110D0,1,10,team2,Team 2 (E/W),20,100,22,♥,finished,2026-05-17T16:35:55.837322+00:00
532,INPROC_E0E84E,1,10,team2,Team 2 (E/W),15,105,12,♦,finished,2026-05-17T16:35:55.853592+00:00
533,INPROC_E403A7,1,10,team2,Team 2 (E/W),43,77,12,♦,finished,2026-05-17T16:35:55.869528+00:00
534,INPROC_BB9377,1,10,team2,Team 2 (E/W),54,66,26,♥,finished,2026-05-17T16:35:55.880655+00:00
535,INPROC_4E31E7,1,10,draw,draw,60,60,28,♥,finished,2026-05-17T16:35:55.894843+00:00
536,INPROC_58A85B,1,10,team2,Team 2 (E/W),50,70,33,♠,finished,2026-05-17T16:35:55.908531+00:00
537,INPROC_6FEF8D,1,10,team1,Team 1 (N/S),71,49,5,♣,finished,2026-05-17T16:35:55.920056+00:00
538,INPROC_0155D6,1,10,team2,Team 2 (E/W),54,66,25,♥,finished,2026-05-17T16:35:55.937560+00:00
539,INPROC_F7F454,1,10,team1,Team 1 (N/S),65,55,12,♦,finished,2026-05-17T16:35:55.953740+00:00
540,INPROC_EE2A2F,1,10,team1,Team 1 (N/S),73,47,12,♦,finished,2026-05-17T16:35:55.972872+00:00
541,INPROC_E40E26,1,10,team1,Team 1 (N/S),88,32,27,♥,finished,2026-05-17T16:35:55.988026+00:00
542,INPROC_FDDB62,1,10,team2,Team 2 (E/W),25,95,0,♣,finished,2026-05-17T16:35:56.004106+00:00
543,INPROC_9C71A6,1,10,team2,Team 2 (E/W),59,61,37,♠,finished,2026-05-17T16:35:56.018864+00:00
544,INPROC_2A06A2,1,10,team2,Team 2 (E/W),55,65,18,♦,finished,2026-05-17T16:35:56.036806+00:00
545,INPROC_5A087D,1,10,team2,Team 2 (E/W),50,70,36,♠,finished,2026-05-17T16:35:56.049746+00:00
546,INPROC_C3E85B,1,10,team1,Team 1 (N/S),65,55,30,♠,finished,2026-05-17T16:35:56.064422+00:00
547,INPROC_44D02D,1,10,team1,Team 1 (N/S),67,53,9,♣,finished,2026-05-17T16:35:56.082449+00:00
548,INPROC_455DA6,1,10,team2,Team 2 (E/W),59,61,3,♣,finished,2026-05-17T16:35:56.097198+00:00
549,INPROC_DD042A,1,10,team2,Team 2 (E/W),55,65,19,♦,finished,2026-05-17T16:35:56.113257+00:00
550,INPROC_96069A,1,10,team2,Team 2 (E/W),49,71,22,♥,finished,2026-05-17T16:35:56.128180+00:00
551,INPROC_9519BA,1,10,team2,Team 2 (E/W),54,66,39,♠,finished,2026-05-17T16:35:56.144242+00:00
552,INPROC_8A2F48,1,10,team2,Team 2 (E/W),41,79,8,♣,finished,2026-05-17T16:35:56.160487+00:00
553,INPROC_71F754,1,10,team1,Team 1 (N/S),81,39,22,♥,finished,2026-05-17T16:35:56.177777+00:00
554,INPROC_6935B4,1,10,team2,Team 2 (E/W),53,67,19,♦,finished,2026-05-17T16:35:56.192039+00:00
555,INPROC_15F488,1,10,team2,Team 2 (E/W),43,77,9,♣,finished,2026-05-17T16:35:56.207564+00:00
556,INPROC_BA3641,1,10,team1,Team 1 (N/S),102,18,4,♣,finished,2026-05-17T16:35:56.224902+00:00
557,INPROC_449A1B,1,10,team1,Team 1 (N/S),88,32,17,♦,finished,2026-05-17T16:35:56.241407+00:00
558,INPROC_C2DA7A,1,10,team1,Team 1 (N/S),88,32,29,♥,finished,2026-05-17T16:35:56.255493+00:00
559,INPROC_4AD2C9,1,10,team1,Team 1 (N/S),77,43,15,♦,finished,2026-05-17T16:35:56.270525+00:00
560,INPROC_666F38,1,10,team2,Team 2 (E/W),23,97,32,♠,finished,2026-05-17T16:35:56.289493+00:00
561,INPROC_0A8693,1,10,team2,Team 2 (E/W),51,69,2,♣,finished,2026-05-17T16:35:56.304302+00:00
562,INPROC_4104A3,1,10,team1,Team 1 (N/S),67,53,0,♣,finished,2026-05-17T16:35:56.325812+00:00
563,INPROC_5AA068,1,10,team1,Team 1 (N/S),67,53,34,♠,finished,2026-05-17T16:35:56.345215+00:00
564,INPROC_9F671C,1,10,team2,Team 2 (E/W),47,73,29,♥,finished,2026-05-17T16:35:56.362559+00:00
565,INPROC_72A907,1,10,team2,Team 2 (E/W),54,66,23,♥,finished,2026-05-17T16:35:56.378734+00:00
566,INPROC_5C5A32,1,10,team1,Team 1 (N/S),70,50,26,♥,finished,2026-05-17T16:35:56.394248+00:00
567,INPROC_A41F61,1,10,team1,Team 1 (N/S),85,35,29,♥,finished,2026-05-17T16:35:56.412874+00:00
568,INPROC_0B1645,1,10,team1,Team 1 (N/S),88,32,29,♥,finished,2026-05-17T16:35:56.429534+00:00
569,INPROC_F6C894,1,10,team2,Team 2 (E/W),36,84,33,♠,finished,2026-05-17T16:35:56.444073+00:00
570,INPROC_72792D,1,10,team2,Team 2 (E/W),39,81,39,♠,finished,2026-05-17T16:35:56.461569+00:00
571,INPROC_4A5AC7,1,10,team2,Team 2 (E/W),31,89,29,♥,finished,2026-05-17T16:35:56.478574+00:00
572,INPROC_FDDFBA,1,10,team1,Team 1 (N/S),86,34,20,♥,finished,2026-05-17T16:35:56.495510+00:00
573,INPROC_D16F29,1,10,team2,Team 2 (E/W),39,81,21,♥,finished,2026-05-17T16:35:56.513304+00:00
574,INPROC_DD6330,1,10,team2,Team 2 (E/W),4,116,11,♦,finished,2026-05-17T16:35:56.531143+00:00
575,INPROC_0FE6B6,1,10,team1,Team 1 (N/S),81,39,20,♥,finished,2026-05-17T16:35:56.550809+00:00
576,INPROC_2F7DC9,1,10,team1,Team 1 (N/S),65,55,20,♥,finished,2026-05-17T16:35:56.567034+00:00
577,INPROC_67436C,1,10,team1,Team 1 (N/S),74,46,3,♣,finished,2026-05-17T16:35:56.585577+00:00
578,INPROC_5879AF,1,10,team2,Team 2 (E/W),23,97,8,♣,finished,2026-05-17T16:35:56.599234+00:00
579,INPROC_BF390C,1,10,team1,Team 1 (N/S),93,27,15,♦,finished,2026-05-17T16:35:56.614414+00:00
580,INPROC_23ADEB,1,10,team2,Team 2 (E/W),28,92,10,♦,finished,2026-05-17T16:35:56.628714+00:00
581,INPROC_FE38EC,1,10,team1,Team 1 (N/S),84,36,15,♦,finished,2026-05-17T16:35:56.644423+00:00
582,INPROC_12BD78,1,10,team1,Team 1 (N/S),83,37,2,♣,finished,2026-05-17T16:35:56.659526+00:00
583,INPROC_A90270,1,10,team2,Team 2 (E/W),45,75,24,♥,finished,2026-05-17T16:35:56.673390+00:00
584,INPROC_D63A83,1,10,team2,Team 2 (E/W),35,85,6,♣,finished,2026-05-17T16:35:56.689641+00:00
585,INPROC_8A411B,1,10,team1,Team 1 (N/S),75,45,30,♠,finished,2026-05-17T16:35:56.705763+00:00
586,INPROC_DD17D5,1,10,team1,Team 1 (N/S),93,27,5,♣,finished,2026-05-17T16:35:56.719880+00:00
587,INPROC_9C1DCF,1,10,team2,Team 2 (E/W),52,68,1,♣,finished,2026-05-17T16:35:56.734071+00:00
588,INPROC_0BBA7F,1,10,team2,Team 2 (E/W),38,82,27,♥,finished,2026-05-17T16:35:56.750295+00:00
589,INPROC_DED4D0,1,10,team1,Team 1 (N/S),87,33,6,♣,finished,2026-05-17T16:35:56.767365+00:00
590,INPROC_569704,1,10,team1,Team 1 (N/S),77,43,11,♦,finished,2026-05-17T16:35:56.779894+00:00
591,INPROC_FB43B6,1,10,team1,Team 1 (N/S),70,50,4,♣,finished,2026-05-17T16:35:56.796315+00:00
592,INPROC_B438FF,1,10,team1,Team 1 (N/S),90,30,17,♦,finished,2026-05-17T16:35:56.813592+00:00
593,INPROC_8CB1BC,1,10,team2,Team 2 (E/W),27,93,9,♣,finished,2026-05-17T16:35:56.829920+00:00
594,INPROC_532B37,1,10,team2,Team 2 (E/W),58,62,2,♣,finished,2026-05-17T16:35:56.846201+00:00
595,INPROC_555AA8,1,10,team1,Team 1 (N/S),89,31,24,♥,finished,2026-05-17T16:35:56.861434+00:00
596,INPROC_FB2098,1,10,team2,Team 2 (E/W),32,88,13,♦,finished,2026-05-17T16:35:56.873012+00:00
597,INPROC_3E26E4,1,10,team2,Team 2 (E/W),50,70,25,♥,finished,2026-05-17T16:35:56.889536+00:00
598,INPROC_B19A1A,1,10,team2,Team 2 (E/W),9,111,39,♠,finished,2026-05-17T16:35:56.914411+00:00
599,INPROC_D2AE84,1,10,team1,Team 1 (N/S),64,56,22,♥,finished,2026-05-17T16:35:56.934923+00:00
600,INPROC_13D241,1,10,team1,Team 1 (N/S),88,32,27,♥,finished,2026-05-17T16:35:56.954132+00:00
601,INPROC_D4614D,1,10,team2,Team 2 (E/W),57,63,25,♥,finished,2026-05-17T16:35:56.969422+00:00
602,INPROC_EE1934,1,10,team2,Team 2 (E/W),18,102,25,♥,finished,2026-05-17T16:35:56.985971+00:00
603,INPROC_9748D1,1,10,team1,Team 1 (N/S),105,15,37,♠,finished,2026-05-17T16:35:57.000765+00:00
604,INPROC_8D3EB2,1,10,team2,Team 2 (E/W),16,104,3,♣,finished,2026-05-17T16:35:57.016513+00:00
605,INPROC_6D7311,1,10,team2,Team 2 (E/W),55,65,6,♣,finished,2026-05-17T16:35:57.032973+00:00
606,INPROC_1A7BFE,1,10,team2,Team 2 (E/W),57,63,3,♣,finished,2026-05-17T16:35:57.050591+00:00
607,INPROC_70E25D,1,10,team1,Team 1 (N/S),69,51,15,♦,finished,2026-05-17T16:35:57.066059+00:00
608,INPROC_9C2296,1,10,team1,Team 1 (N/S),83,37,35,♠,finished,2026-05-17T16:35:57.082036+00:00
609,INPROC_1DD58B,1,10,team1,Team 1 (N/S),82,38,0,♣,finished,2026-05-17T16:35:57.100300+00:00
610,INPROC_8E56D8,1,10,team2,Team 2 (E/W),41,79,32,♠,finished,2026-05-17T16:35:57.116456+00:00
611,INPROC_7363EE,1,10,team1,Team 1 (N/S),74,46,17,♦,finished,2026-05-17T16:35:57.134384+00:00
612,INPROC_9903B2,1,10,team2,Team 2 (E/W),9,111,9,♣,finished,2026-05-17T16:35:57.153179+00:00
613,INPROC_632B02,1,10,team1,Team 1 (N/S),78,42,26,♥,finished,2026-05-17T16:35:57.169935+00:00
614,INPROC_F2C9FF,1,10,team2,Team 2 (E/W),2,118,32,♠,finished,2026-05-17T16:35:57.185270+00:00
615,INPROC_3C5E05,1,10,team1,Team 1 (N/S),63,57,16,♦,finished,2026-05-17T16:35:57.201385+00:00
616,INPROC_A80DC3,1,10,team1,Team 1 (N/S),61,59,34,♠,finished,2026-05-17T16:35:57.216195+00:00
617,INPROC_F0C13A,1,10,team2,Team 2 (E/W),10,110,8,♣,finished,2026-05-17T16:35:57.231734+00:00
618,INPROC_32486F,1,10,team2,Team 2 (E/W),58,62,35,♠,finished,2026-05-17T16:35:57.245634+00:00
619,INPROC_F3C63D,1,10,team2,Team 2 (E/W),49,71,17,♦,finished,2026-05-17T16:35:57.261161+00:00
620,INPROC_EADDEA,1,10,team2,Team 2 (E/W),38,82,27,♥,finished,2026-05-17T16:35:57.276813+00:00
621,INPROC_3E03EE,1,10,team1,Team 1 (N/S),90,30,31,♠,finished,2026-05-17T16:35:57.292486+00:00
622,INPROC_70D239,1,10,team1,Team 1 (N/S),120,0,22,♥,finished,2026-05-17T16:35:57.307369+00:00
623,INPROC_74232E,1,10,team2,Team 2 (E/W),44,76,2,♣,finished,2026-05-17T16:35:57.324106+00:00
624,INPROC_D1851E,1,10,team1,Team 1 (N/S),87,33,3,♣,finished,2026-05-17T16:35:57.339216+00:00
625,INPROC_D44151,1,10,team2,Team 2 (E/W),45,75,35,♠,finished,2026-05-17T16:35:57.355751+00:00
626,INPROC_FE1D2D,1,10,team1,Team 1 (N/S),70,50,12,♦,finished,2026-05-17T16:35:57.371402+00:00
627,INPROC_74B7E0,1,10,team2,Team 2 (E/W),28,92,38,♠,finished,2026-05-17T16:35:57.389535+00:00
628,INPROC_F2229D,1,10,team2,Team 2 (E/W),38,82,21,♥,finished,2026-05-17T16:35:57.404272+00:00
629,INPROC_D2F5CE,1,10,team1,Team 1 (N/S),82,38,12,♦,finished,2026-05-17T16:35:57.424416+00:00
630,INPROC_16C861,1,10,team2,Team 2 (E/W),41,79,31,♠,finished,2026-05-17T16:35:57.443090+00:00
631,INPROC_AE99EB,1,10,team2,Team 2 (E/W),47,73,4,♣,finished,2026-05-17T16:35:57.461044+00:00
632,INPROC_175FF5,1,10,team1,Team 1 (N/S),61,59,25,♥,finished,2026-05-17T16:35:57.478965+00:00
633,INPROC_273B8B,1,10,team2,Team 2 (E/W),47,73,31,♠,finished,2026-05-17T16:35:57.495015+00:00
634,INPROC_637839,1,10,team2,Team 2 (E/W),31,89,11,♦,finished,2026-05-17T16:35:57.508626+00:00
635,INPROC_E8AB9E,1,10,team1,Team 1 (N/S),78,42,2,♣,finished,2026-05-17T16:35:57.523810+00:00
636,INPROC_A72AA6,1,10,team2,Team 2 (E/W),34,86,1,♣,finished,2026-05-17T16:35:57.539370+00:00
637,INPROC_5F00A1,1,10,team1,Team 1 (N/S),66,54,11,♦,finished,2026-05-17T16:35:57.554565+00:00
638,INPROC_6719B2,1,10,team2,Team 2 (E/W),36,84,18,♦,finished,2026-05-17T16:35:57.571057+00:00
639,INPROC_7F9681,1,10,team2,Team 2 (E/W),36,84,31,♠,finished,2026-05-17T16:35:57.586466+00:00
640,INPROC_1CC3EE,1,10,team1,Team 1 (N/S),71,49,30,♠,finished,2026-05-17T16:35:57.603503+00:00
641,INPROC_B160A3,1,10,team2,Team 2 (E/W),39,81,4,♣,finished,2026-05-17T16:35:57.617606+00:00
642,INPROC_5C2208,1,10,team2,Team 2 (E/W),43,77,10,♦,finished,2026-05-17T16:35:57.635019+00:00
643,INPROC_7B099E,1,10,team1,Team 1 (N/S),77,43,36,♠,finished,2026-05-17T16:35:57.650229+00:00
644,INPROC_4FF538,1,10,team2,Team 2 (E/W),42,78,11,♦,finished,2026-05-17T16:35:57.665214+00:00
645,INPROC_89B046,1,10,team2,Team 2 (E/W),17,103,29,♥,finished,2026-05-17T16:35:57.680219+00:00
646,INPROC_73BE97,1,10,team2,Team 2 (E/W),37,83,33,♠,finished,2026-05-17T16:35:57.696994+00:00
647,INPROC_635E41,1,10,team1,Team 1 (N/S),95,25,33,♠,finished,2026-05-17T16:35:57.713868+00:00
648,INPROC_287BFE,1,10,team2,Team 2 (E/W),40,80,18,♦,finished,2026-05-17T16:35:57.729049+00:00
649,INPROC_8127C3,1,10,team1,Team 1 (N/S),61,59,9,♣,finished,2026-05-17T16:35:57.745222+00:00
650,INPROC_4C73A5,1,10,team1,Team 1 (N/S),73,47,22,♥,finished,2026-05-17T16:35:57.759567+00:00
651,INPROC_9352D2,1,10,team1,Team 1 (N/S),62,58,36,♠,finished,2026-05-17T16:35:57.776074+00:00
652,INPROC_D68AD3,1,10,team1,Team 1 (N/S),90,30,11,♦,finished,2026-05-17T16:35:57.791831+00:00
653,INPROC_BA81D9,1,10,team2,Team 2 (E/W),47,73,18,♦,finished,2026-05-17T16:35:57.807803+00:00
654,INPROC_970BD0,1,10,team1,Team 1 (N/S),78,42,13,♦,finished,2026-05-17T16:35:57.823500+00:00
655,INPROC_8C2AD0,1,10,team2,Team 2 (E/W),41,79,28,♥,finished,2026-05-17T16:35:57.839664+00:00
656,INPROC_1AF4D2,1,10,team2,Team 2 (E/W),49,71,19,♦,finished,2026-05-17T16:35:57.854082+00:00
657,INPROC_15E40A,1,10,team1,Team 1 (N/S),64,56,17,♦,finished,2026-05-17T16:35:57.868994+00:00
658,INPROC_513AEF,1,10,team1,Team 1 (N/S),62,58,8,♣,finished,2026-05-17T16:35:57.885146+00:00
659,INPROC_AC1D47,1,10,team1,Team 1 (N/S),103,17,27,♥,finished,2026-05-17T16:35:57.904427+00:00
660,INPROC_0EF649,1,10,team1,Team 1 (N/S),67,53,7,♣,finished,2026-05-17T16:35:57.917968+00:00
661,INPROC_DBF81D,1,10,team1,Team 1 (N/S),77,43,36,♠,finished,2026-05-17T16:35:57.935505+00:00
662,INPROC_1A97D3,1,10,team2,Team 2 (E/W),37,83,8,♣,finished,2026-05-17T16:35:57.952361+00:00
663,INPROC_85D049,1,10,team2,Team 2 (E/W),29,91,9,♣,finished,2026-05-17T16:35:57.968897+00:00
664,INPROC_404797,1,10,team2,Team 2 (E/W),53,67,28,♥,finished,2026-05-17T16:35:57.983449+00:00
665,INPROC_0D9CD3,1,10,team1,Team 1 (N/S),118,2,12,♦,finished,2026-05-17T16:35:57.999500+00:00
666,INPROC_A96CF3,1,10,team2,Team 2 (E/W),43,77,11,♦,finished,2026-05-17T16:35:58.013036+00:00
667,INPROC_B27069,1,10,team2,Team 2 (E/W),56,64,19,♦,finished,2026-05-17T16:35:58.030501+00:00
668,INPROC_5A8FC5,1,10,team2,Team 2 (E/W),11,109,5,♣,finished,2026-05-17T16:35:58.048028+00:00
669,INPROC_58476F,1,10,team1,Team 1 (N/S),69,51,24,♥,finished,2026-05-17T16:35:58.062198+00:00
670,INPROC_54099C,1,10,team1,Team 1 (N/S),62,58,37,♠,finished,2026-05-17T16:35:58.079722+00:00
671,INPROC_FC7C31,1,10,team2,Team 2 (E/W),57,63,19,♦,finished,2026-05-17T16:35:58.095959+00:00
672,INPROC_7C6CAD,1,10,team2,Team 2 (E/W),2,118,8,♣,finished,2026-05-17T16:35:58.111519+00:00
673,INPROC_7D7BE9,1,10,team1,Team 1 (N/S),82,38,5,♣,finished,2026-05-17T16:35:58.127247+00:00
674,INPROC_74FF6C,1,10,team1,Team 1 (N/S),77,43,33,♠,finished,2026-05-17T16:35:58.143435+00:00
675,INPROC_66DA20,1,10,team2,Team 2 (E/W),47,73,21,♥,finished,2026-05-17T16:35:58.160308+00:00
676,INPROC_E84B5C,1,10,team2,Team 2 (E/W),17,103,33,♠,finished,2026-05-17T16:35:58.177930+00:00
677,INPROC_738A33,1,10,team1,Team 1 (N/S),105,15,38,♠,finished,2026-05-17T16:35:58.190628+00:00
678,INPROC_24CE92,1,10,team2,Team 2 (E/W),30,90,7,♣,finished,2026-05-17T16:35:58.203514+00:00
679,INPROC_87C54D,1,10,team1,Team 1 (N/S),61,59,19,♦,finished,2026-05-17T16:35:58.217524+00:00
680,INPROC_8E0220,1,10,team1,Team 1 (N/S),99,21,33,♠,finished,2026-05-17T16:35:58.231908+00:00
681,INPROC_5642D2,1,10,team1,Team 1 (N/S),61,59,21,♥,finished,2026-05-17T16:35:58.247218+00:00
682,INPROC_25BC29,1,10,team2,Team 2 (E/W),59,61,6,♣,finished,2026-05-17T16:35:58.260097+00:00
683,INPROC_38A4BB,1,10,team2,Team 2 (E/W),35,85,20,♥,finished,2026-05-17T16:35:58.275074+00:00
684,INPROC_849A51,1,10,team1,Team 1 (N/S),71,49,13,♦,finished,2026-05-17T16:35:58.291169+00:00
685,INPROC_BA31B5,1,10,team1,Team 1 (N/S),70,50,33,♠,finished,2026-05-17T16:35:58.302871+00:00
686,INPROC_86685F,1,10,team2,Team 2 (E/W),55,65,35,♠,finished,2026-05-17T16:35:58.318261+00:00
687,INPROC_5788BE,1,10,team2,Team 2 (E/W),41,79,31,♠,finished,2026-05-17T16:35:58.335477+00:00
688,INPROC_7908D4,1,10,team1,Team 1 (N/S),63,57,12,♦,finished,2026-05-17T16:35:58.349562+00:00
689,INPROC_B87DDA,1,10,team1,Team 1 (N/S),73,47,21,♥,finished,2026-05-17T16:35:58.364792+00:00
690,INPROC_66FD7E,1,10,team1,Team 1 (N/S),90,30,36,♠,finished,2026-05-17T16:35:58.383060+00:00
691,INPROC_DFC9DA,1,10,team2,Team 2 (E/W),46,74,27,♥,finished,2026-05-17T16:35:58.398431+00:00
692,INPROC_258962,1,10,team2,Team 2 (E/W),19,101,11,♦,finished,2026-05-17T16:35:58.415022+00:00
693,INPROC_D6E7C8,1,10,team1,Team 1 (N/S),68,52,39,♠,finished,2026-05-17T16:35:58.431741+00:00
694,INPROC_1989D8,1,10,team2,Team 2 (E/W),49,71,39,♠,finished,2026-05-17T16:35:58.447740+00:00
695,INPROC_916383,1,10,team1,Team 1 (N/S),90,30,22,♥,finished,2026-05-17T16:35:58.465062+00:00
696,INPROC_E9AD9F,1,10,team1,Team 1 (N/S),89,31,34,♠,finished,2026-05-17T16:35:58.481173+00:00
697,INPROC_CF65FF,1,10,team2,Team 2 (E/W),55,65,34,♠,finished,2026-05-17T16:35:58.499206+00:00
698,INPROC_0B8B86,1,10,team2,Team 2 (E/W),48,72,21,♥,finished,2026-05-17T16:35:58.516097+00:00
699,INPROC_C0EC8B,1,10,team1,Team 1 (N/S),70,50,38,♠,finished,2026-05-17T16:35:58.532513+00:00
700,INPROC_209E97,1,10,team1,Team 1 (N/S),75,45,35,♠,finished,2026-05-17T16:35:58.549313+00:00
701,INPROC_8E6539,1,10,team2,Team 2 (E/W),46,74,19,♦,finished,2026-05-17T16:35:58.567493+00:00
702,INPROC_4FA4A1,1,10,team1,Team 1 (N/S),76,44,4,♣,finished,2026-05-17T16:35:58.584288+00:00
703,INPROC_F5E173,1,10,team1,Team 1 (N/S),84,36,21,♥,finished,2026-05-17T16:35:58.601031+00:00
704,INPROC_99CE75,1,10,team1,Team 1 (N/S),65,55,8,♣,finished,2026-05-17T16:35:58.617354+00:00
705,INPROC_517024,1,10,team2,Team 2 (E/W),56,64,5,♣,finished,2026-05-17T16:35:58.633236+00:00
706,INPROC_DB7B7A,1,10,team2,Team 2 (E/W),44,76,39,♠,finished,2026-05-17T16:35:58.648678+00:00
707,INPROC_CE354B,1,10,team1,Team 1 (N/S),69,51,28,♥,finished,2026-05-17T16:35:58.665709+00:00
708,INPROC_3C7B02,1,10,team2,Team 2 (E/W),59,61,38,♠,finished,2026-05-17T16:35:58.679372+00:00
709,INPROC_E08C29,1,10,team2,Team 2 (E/W),0,120,24,♥,finished,2026-05-17T16:35:58.694008+00:00
710,INPROC_5104A1,1,10,team1,Team 1 (N/S),68,52,4,♣,finished,2026-05-17T16:35:58.710791+00:00
711,INPROC_19A32C,1,10,team1,Team 1 (N/S),74,46,26,♥,finished,2026-05-17T16:35:58.724911+00:00
712,INPROC_B21F32,1,10,team1,Team 1 (N/S),62,58,0,♣,finished,2026-05-17T16:35:58.741246+00:00
713,INPROC_7CC729,1,10,team2,Team 2 (E/W),17,103,1,♣,finished,2026-05-17T16:35:58.754951+00:00
714,INPROC_7ABB3D,1,10,team1,Team 1 (N/S),67,53,18,♦,finished,2026-05-17T16:35:58.769739+00:00
715,INPROC_4AB91F,1,10,team1,Team 1 (N/S),62,58,20,♥,finished,2026-05-17T16:35:58.784503+00:00
716,INPROC_163713,1,10,team2,Team 2 (E/W),10,110,28,♥,finished,2026-05-17T16:35:58.799775+00:00
717,INPROC_F14D30,1,10,team2,Team 2 (E/W),37,83,18,♦,finished,2026-05-17T16:35:58.817507+00:00
718,INPROC_078E6F,1,10,team2,Team 2 (E/W),33,87,5,♣,finished,2026-05-17T16:35:58.835155+00:00
719,INPROC_39757A,1,10,draw,draw,60,60,20,♥,finished,2026-05-17T16:35:58.852915+00:00
720,INPROC_F9BAB5,1,10,team2,Team 2 (E/W),37,83,13,♦,finished,2026-05-17T16:35:58.866766+00:00
721,INPROC_972CA9,1,10,team1,Team 1 (N/S),65,55,23,♥,finished,2026-05-17T16:35:58.882266+00:00
722,INPROC_F67B98,1,10,team1,Team 1 (N/S),69,51,12,♦,finished,2026-05-17T16:35:58.896982+00:00
723,INPROC_E50FF7,1,10,team1,Team 1 (N/S),84,36,37,♠,finished,2026-05-17T16:35:58.912617+00:00
724,INPROC_6BE741,1,10,team1,Team 1 (N/S),81,39,30,♠,finished,2026-05-17T16:35:58.927760+00:00
725,INPROC_4074E5,1,10,team1,Team 1 (N/S),66,54,38,♠,finished,2026-05-17T16:35:58.941948+00:00
726,INPROC_62E58A,1,10,team2,Team 2 (E/W),58,62,28,♥,finished,2026-05-17T16:35:58.953778+00:00
727,INPROC_64FA67,1,10,team2,Team 2 (E/W),42,78,27,♥,finished,2026-05-17T16:35:58.968261+00:00
728,INPROC_0F1A87,1,10,team1,Team 1 (N/S),81,39,9,♣,finished,2026-05-17T16:35:58.985726+00:00
729,INPROC_718DA0,1,10,team2,Team 2 (E/W),58,62,23,♥,finished,2026-05-17T16:35:59.003173+00:00
730,INPROC_F3525F,1,10,team1,Team 1 (N/S),88,32,19,♦,finished,2026-05-17T16:35:59.019327+00:00
731,INPROC_C61534,1,10,team2,Team 2 (E/W),39,81,16,♦,finished,2026-05-17T16:35:59.035396+00:00
732,INPROC_7EE704,1,10,team2,Team 2 (E/W),55,65,39,♠,finished,2026-05-17T16:35:59.051867+00:00
733,INPROC_0CEB91,1,10,team2,Team 2 (E/W),35,85,7,♣,finished,2026-05-17T16:35:59.067640+00:00
734,INPROC_3CF9BC,1,10,team2,Team 2 (E/W),42,78,2,♣,finished,2026-05-17T16:35:59.084514+00:00
735,INPROC_4EFA7D,1,10,team2,Team 2 (E/W),26,94,39,♠,finished,2026-05-17T16:35:59.100071+00:00
736,INPROC_0F34D1,1,10,team2,Team 2 (E/W),54,66,17,♦,finished,2026-05-17T16:35:59.117593+00:00
737,INPROC_F44E49,1,10,team2,Team 2 (E/W),36,84,9,♣,finished,2026-05-17T16:35:59.132798+00:00
738,INPROC_87C86E,1,10,team2,Team 2 (E/W),43,77,24,♥,finished,2026-05-17T16:35:59.149475+00:00
739,INPROC_076537,1,10,team2,Team 2 (E/W),46,74,36,♠,finished,2026-05-17T16:35:59.165350+00:00
740,INPROC_58B8C3,1,10,team1,Team 1 (N/S),61,59,25,♥,finished,2026-05-17T16:35:59.180892+00:00
741,INPROC_153212,1,10,team2,Team 2 (E/W),31,89,0,♣,finished,2026-05-17T16:35:59.197670+00:00
742,INPROC_D88B4B,1,10,team1,Team 1 (N/S),86,34,20,♥,finished,2026-05-17T16:35:59.213358+00:00
743,INPROC_B74164,1,10,team2,Team 2 (E/W),24,96,21,♥,finished,2026-05-17T16:35:59.228732+00:00
744,INPROC_77C444,1,10,team1,Team 1 (N/S),62,58,4,♣,finished,2026-05-17T16:35:59.242646+00:00
745,INPROC_7347ED,1,10,team1,Team 1 (N/S),89,31,16,♦,finished,2026-05-17T16:35:59.257700+00:00
746,INPROC_51C2CD,1,10,team2,Team 2 (E/W),50,70,20,♥,finished,2026-05-17T16:35:59.272916+00:00
747,INPROC_49CD7D,1,10,team1,Team 1 (N/S),80,40,38,♠,finished,2026-05-17T16:35:59.290927+00:00
748,INPROC_A54B69,1,10,team2,Team 2 (E/W),14,106,13,♦,finished,2026-05-17T16:35:59.306205+00:00
749,INPROC_B89A40,1,10,team2,Team 2 (E/W),31,89,28,♥,finished,2026-05-17T16:35:59.323375+00:00
750,INPROC_529840,1,10,team2,Team 2 (E/W),21,99,34,♠,finished,2026-05-17T16:35:59.340648+00:00
751,INPROC_8D6372,1,10,team2,Team 2 (E/W),49,71,10,♦,finished,2026-05-17T16:35:59.359447+00:00
752,INPROC_A1CDE2,1,10,team2,Team 2 (E/W),25,95,38,♠,finished,2026-05-17T16:35:59.373524+00:00
753,INPROC_4E6D21,1,10,team2,Team 2 (E/W),37,83,11,♦,finished,2026-05-17T16:35:59.389178+00:00
754,INPROC_64994B,1,10,team2,Team 2 (E/W),29,91,6,♣,finished,2026-05-17T16:35:59.406045+00:00
755,INPROC_E5EAE5,1,10,team2,Team 2 (E/W),55,65,26,♥,finished,2026-05-17T16:35:59.423186+00:00
756,INPROC_AC9552,1,10,team1,Team 1 (N/S),87,33,20,♥,finished,2026-05-17T16:35:59.441334+00:00
757,INPROC_A89F52,1,10,team2,Team 2 (E/W),33,87,38,♠,finished,2026-05-17T16:35:59.459353+00:00
758,INPROC_EEBA3B,1,10,team1,Team 1 (N/S),73,47,29,♥,finished,2026-05-17T16:35:59.473873+00:00
759,INPROC_1D1D52,1,10,team1,Team 1 (N/S),81,39,10,♦,finished,2026-05-17T16:35:59.492563+00:00
760,INPROC_CE466F,1,10,team2,Team 2 (E/W),39,81,32,♠,finished,2026-05-17T16:35:59.509439+00:00
761,INPROC_B35B59,1,10,team2,Team 2 (E/W),44,76,38,♠,finished,2026-05-17T16:35:59.526406+00:00
762,INPROC_5D2E20,1,10,team2,Team 2 (E/W),46,74,12,♦,finished,2026-05-17T16:35:59.541419+00:00
763,INPROC_5AC73C,1,10,team2,Team 2 (E/W),41,79,1,♣,finished,2026-05-17T16:35:59.558480+00:00
764,INPROC_EB0F7B,1,10,team2,Team 2 (E/W),16,104,18,♦,finished,2026-05-17T16:35:59.573785+00:00
765,INPROC_B6E6F2,1,10,team2,Team 2 (E/W),56,64,10,♦,finished,2026-05-17T16:35:59.586273+00:00
766,INPROC_DDDB2B,1,10,team1,Team 1 (N/S),87,33,36,♠,finished,2026-05-17T16:35:59.601475+00:00
767,INPROC_88F1D2,1,10,team1,Team 1 (N/S),79,41,22,♥,finished,2026-05-17T16:35:59.615272+00:00
768,INPROC_392762,1,10,team2,Team 2 (E/W),45,75,7,♣,finished,2026-05-17T16:35:59.630435+00:00
769,INPROC_BBBFD8,1,10,team1,Team 1 (N/S),62,58,29,♥,finished,2026-05-17T16:35:59.646750+00:00
770,INPROC_E4AD2F,1,10,team2,Team 2 (E/W),38,82,24,♥,finished,2026-05-17T16:35:59.661970+00:00
771,INPROC_938647,1,10,team1,Team 1 (N/S),77,43,26,♥,finished,2026-05-17T16:35:59.678545+00:00
772,INPROC_AE0A77,1,10,team1,Team 1 (N/S),68,52,27,♥,finished,2026-05-17T16:35:59.694801+00:00
773,INPROC_20CA32,1,10,team1,Team 1 (N/S),61,59,12,♦,finished,2026-05-17T16:35:59.712059+00:00
774,INPROC_655B75,1,10,team2,Team 2 (E/W),47,73,8,♣,finished,2026-05-17T16:35:59.728517+00:00
775,INPROC_DFC257,1,10,team1,Team 1 (N/S),75,45,24,♥,finished,2026-05-17T16:35:59.743254+00:00
776,INPROC_E0BF99,1,10,team2,Team 2 (E/W),22,98,28,♥,finished,2026-05-17T16:35:59.758443+00:00
777,INPROC_C7B335,1,10,team1,Team 1 (N/S),89,31,16,♦,finished,2026-05-17T16:35:59.773773+00:00
778,INPROC_54A143,1,10,team1,Team 1 (N/S),89,31,7,♣,finished,2026-05-17T16:35:59.789738+00:00
779,INPROC_EAFCBB,1,10,team1,Team 1 (N/S),91,29,21,♥,finished,2026-05-17T16:35:59.807203+00:00
780,INPROC_BA19D9,1,10,team2,Team 2 (E/W),13,107,8,♣,finished,2026-05-17T16:35:59.822600+00:00
781,INPROC_21C49C,1,10,team2,Team 2 (E/W),48,72,5,♣,finished,2026-05-17T16:35:59.838237+00:00
782,INPROC_79DDA9,1,10,team2,Team 2 (E/W),47,73,39,♠,finished,2026-05-17T16:35:59.853656+00:00
783,INPROC_F610B6,1,10,team1,Team 1 (N/S),72,48,32,♠,finished,2026-05-17T16:35:59.870328+00:00
784,INPROC_1BBBDC,1,10,team1,Team 1 (N/S),77,43,38,♠,finished,2026-05-17T16:35:59.884942+00:00
785,INPROC_EE727E,1,10,team2,Team 2 (E/W),59,61,39,♠,finished,2026-05-17T16:35:59.901522+00:00
786,INPROC_74C3A6,1,10,team1,Team 1 (N/S),74,46,36,♠,finished,2026-05-17T16:35:59.916940+00:00
787,INPROC_F7F204,1,10,team2,Team 2 (E/W),34,86,28,♥,finished,2026-05-17T16:35:59.932779+00:00
788,INPROC_9AC61C,1,10,team2,Team 2 (E/W),34,86,38,♠,finished,2026-05-17T16:35:59.948311+00:00
789,INPROC_F3F571,1,10,team1,Team 1 (N/S),82,38,22,♥,finished,2026-05-17T16:35:59.961905+00:00
790,INPROC_7C25DC,1,10,team1,Team 1 (N/S),70,50,13,♦,finished,2026-05-17T16:35:59.979345+00:00
791,INPROC_3A4C70,1,10,team1,Team 1 (N/S),88,32,12,♦,finished,2026-05-17T16:35:59.997291+00:00
792,INPROC_499BDF,1,10,team2,Team 2 (E/W),50,70,18,♦,finished,2026-05-17T16:36:00.014391+00:00
793,INPROC_DE01C0,1,10,team2,Team 2 (E/W),51,69,32,♠,finished,2026-05-17T16:36:00.029488+00:00
794,INPROC_6A35FA,1,10,team2,Team 2 (E/W),58,62,17,♦,finished,2026-05-17T16:36:00.047295+00:00
795,INPROC_6A72FF,1,10,team1,Team 1 (N/S),64,56,16,♦,finished,2026-05-17T16:36:00.060744+00:00
796,INPROC_32DDB5,1,10,team1,Team 1 (N/S),69,51,16,♦,finished,2026-05-17T16:36:00.075668+00:00
797,INPROC_5EA5BC,1,10,team2,Team 2 (E/W),14,106,39,♠,finished,2026-05-17T16:36:00.091487+00:00
798,INPROC_975C95,1,10,team2,Team 2 (E/W),53,67,6,♣,finished,2026-05-17T16:36:00.107302+00:00
799,INPROC_58E368,1,10,team2,Team 2 (E/W),35,85,27,♥,finished,2026-05-17T16:36:00.123410+00:00
800,INPROC_D5B507,1,10,team2,Team 2 (E/W),38,82,11,♦,finished,2026-05-17T16:36:00.136771+00:00
801,INPROC_1678C1,1,10,team1,Team 1 (N/S),77,43,27,♥,finished,2026-05-17T16:36:00.151512+00:00
802,INPROC_F2458C,1,10,team2,Team 2 (E/W),55,65,22,♥,finished,2026-05-17T16:36:00.166093+00:00
803,INPROC_9E6015,1,10,team2,Team 2 (E/W),49,71,36,♠,finished,2026-05-17T16:36:00.180752+00:00
804,INPROC_2E2911,1,10,team1,Team 1 (N/S),62,58,10,♦,finished,2026-05-17T16:36:00.195888+00:00
805,INPROC_B02BFD,1,10,team2,Team 2 (E/W),20,100,16,♦,finished,2026-05-17T16:36:00.211125+00:00
806,INPROC_8CF3CF,1,10,team1,Team 1 (N/S),100,20,7,♣,finished,2026-05-17T16:36:00.226786+00:00
807,INPROC_4DA237,1,10,team1,Team 1 (N/S),101,19,25,♥,finished,2026-05-17T16:36:00.242029+00:00
808,INPROC_F66CFC,1,10,team1,Team 1 (N/S),62,58,28,♥,finished,2026-05-17T16:36:00.257024+00:00
809,INPROC_A18933,1,10,team2,Team 2 (E/W),26,94,24,♥,finished,2026-05-17T16:36:00.276159+00:00
810,INPROC_6867DE,1,10,team2,Team 2 (E/W),29,91,5,♣,finished,2026-05-17T16:36:00.292039+00:00
811,INPROC_777AD4,1,10,team2,Team 2 (E/W),47,73,18,♦,finished,2026-05-17T16:36:00.307341+00:00
812,INPROC_924000,1,10,team1,Team 1 (N/S),64,56,20,♥,finished,2026-05-17T16:36:00.323160+00:00
813,INPROC_313034,1,10,team2,Team 2 (E/W),11,109,5,♣,finished,2026-05-17T16:36:00.338978+00:00
814,INPROC_FCFCCA,1,10,team2,Team 2 (E/W),6,114,7,♣,finished,2026-05-17T16:36:00.354193+00:00
815,INPROC_DBF062,1,10,team1,Team 1 (N/S),65,55,35,♠,finished,2026-05-17T16:36:00.376753+00:00
816,INPROC_93CCE0,1,10,team1,Team 1 (N/S),66,54,27,♥,finished,2026-05-17T16:36:00.395831+00:00
817,INPROC_D1BDD1,1,10,team2,Team 2 (E/W),26,94,17,♦,finished,2026-05-17T16:36:00.423200+00:00
818,INPROC_23F543,1,10,team2,Team 2 (E/W),30,90,33,♠,finished,2026-05-17T16:36:00.439487+00:00
819,INPROC_3D68ED,1,10,team2,Team 2 (E/W),46,74,38,♠,finished,2026-05-17T16:36:00.455701+00:00
820,INPROC_681C0C,1,10,team2,Team 2 (E/W),48,72,33,♠,finished,2026-05-17T16:36:00.473114+00:00
821,INPROC_015FF1,1,10,team1,Team 1 (N/S),97,23,15,♦,finished,2026-05-17T16:36:00.490550+00:00
822,INPROC_98D925,1,10,team1,Team 1 (N/S),77,43,10,♦,finished,2026-05-17T16:36:00.507659+00:00
823,INPROC_62053E,1,10,team1,Team 1 (N/S),76,44,26,♥,finished,2026-05-17T16:36:00.524392+00:00
824,INPROC_9CBF13,1,10,team1,Team 1 (N/S),63,57,18,♦,finished,2026-05-17T16:36:00.541552+00:00
825,INPROC_F048CE,1,10,draw,draw,60,60,0,♣,finished,2026-05-17T16:36:00.558806+00:00
826,INPROC_ADC551,1,10,team1,Team 1 (N/S),78,42,37,♠,finished,2026-05-17T16:36:00.576745+00:00
827,INPROC_3B3C21,1,10,team2,Team 2 (E/W),51,69,34,♠,finished,2026-05-17T16:36:00.593369+00:00
828,INPROC_AAE743,1,10,team1,Team 1 (N/S),97,23,21,♥,finished,2026-05-17T16:36:00.609260+00:00
829,INPROC_FD5637,1,10,team1,Team 1 (N/S),81,39,39,♠,finished,2026-05-17T16:36:00.625444+00:00
830,INPROC_B8E853,1,10,team2,Team 2 (E/W),59,61,11,♦,finished,2026-05-17T16:36:00.642314+00:00
831,INPROC_87B43D,1,10,team1,Team 1 (N/S),74,46,26,♥,finished,2026-05-17T16:36:00.658146+00:00
832,INPROC_998D34,1,10,team1,Team 1 (N/S),63,57,28,♥,finished,2026-05-17T16:36:00.675375+00:00
833,INPROC_B3D6DE,1,10,team2,Team 2 (E/W),43,77,11,♦,finished,2026-05-17T16:36:00.689919+00:00
834,INPROC_E1EAA8,1,10,team2,Team 2 (E/W),53,67,7,♣,finished,2026-05-17T16:36:00.705529+00:00
835,INPROC_3D0490,1,10,team2,Team 2 (E/W),0,120,10,♦,finished,2026-05-17T16:36:00.721739+00:00
836,INPROC_1CF128,1,10,team1,Team 1 (N/S),70,50,19,♦,finished,2026-05-17T16:36:00.737585+00:00
837,INPROC_448C60,1,10,team2,Team 2 (E/W),55,65,13,♦,finished,2026-05-17T16:36:00.753460+00:00
838,INPROC_773FFE,1,10,team1,Team 1 (N/S),92,28,38,♠,finished,2026-05-17T16:36:00.769063+00:00
839,INPROC_2AFA76,1,10,draw,draw,60,60,28,♥,finished,2026-05-17T16:36:00.783097+00:00
840,INPROC_DB3089,1,10,team1,Team 1 (N/S),84,36,16,♦,finished,2026-05-17T16:36:00.795933+00:00
841,INPROC_4737E1,1,10,team1,Team 1 (N/S),95,25,33,♠,finished,2026-05-17T16:36:00.810396+00:00
842,INPROC_C6FC75,1,10,team1,Team 1 (N/S),90,30,22,♥,finished,2026-05-17T16:36:00.822816+00:00
843,INPROC_26FB77,1,10,team1,Team 1 (N/S),68,52,17,♦,finished,2026-05-17T16:36:00.837085+00:00
844,INPROC_8AFC46,1,10,team2,Team 2 (E/W),26,94,1,♣,finished,2026-05-17T16:36:00.853019+00:00
845,INPROC_5887D9,1,10,team2,Team 2 (E/W),45,75,11,♦,finished,2026-05-17T16:36:00.867492+00:00
846,INPROC_B37607,1,10,team2,Team 2 (E/W),52,68,20,♥,finished,2026-05-17T16:36:00.883800+00:00
847,INPROC_E49230,1,10,team2,Team 2 (E/W),49,71,34,♠,finished,2026-05-17T16:36:00.900616+00:00
848,INPROC_DC5367,1,10,team2,Team 2 (E/W),30,90,9,♣,finished,2026-05-17T16:36:00.916241+00:00
849,INPROC_110B32,1,10,team1,Team 1 (N/S),83,37,5,♣,finished,2026-05-17T16:36:00.930923+00:00
850,INPROC_85B676,1,10,team2,Team 2 (E/W),26,94,36,♠,finished,2026-05-17T16:36:00.946066+00:00
851,INPROC_8B3CA7,1,10,team2,Team 2 (E/W),54,66,7,♣,finished,2026-05-17T16:36:00.961625+00:00
852,INPROC_A64717,1,10,team2,Team 2 (E/W),38,82,8,♣,finished,2026-05-17T16:36:00.976053+00:00
853,INPROC_72614E,1,10,team2,Team 2 (E/W),29,91,32,♠,finished,2026-05-17T16:36:00.992310+00:00
854,INPROC_729B51,1,10,team1,Team 1 (N/S),67,53,26,♥,finished,2026-05-17T16:36:01.009650+00:00
855,INPROC_74F3F4,1,10,team2,Team 2 (E/W),50,70,35,♠,finished,2026-05-17T16:36:01.024798+00:00
856,INPROC_ECD3DB,1,10,team2,Team 2 (E/W),43,77,39,♠,finished,2026-05-17T16:36:01.038517+00:00
857,INPROC_FA5C20,1,10,team1,Team 1 (N/S),64,56,2,♣,finished,2026-05-17T16:36:01.053334+00:00
858,INPROC_DF514F,1,10,team1,Team 1 (N/S),84,36,11,♦,finished,2026-05-17T16:36:01.064479+00:00
859,INPROC_492B48,1,10,team2,Team 2 (E/W),19,101,24,♥,finished,2026-05-17T16:36:01.078071+00:00
860,INPROC_411346,1,10,team2,Team 2 (E/W),26,94,5,♣,finished,2026-05-17T16:36:01.092722+00:00
861,INPROC_2AFC79,1,10,team1,Team 1 (N/S),63,57,27,♥,finished,2026-05-17T16:36:01.107890+00:00
862,INPROC_5205B5,1,10,team2,Team 2 (E/W),26,94,35,♠,finished,2026-05-17T16:36:01.122952+00:00
863,INPROC_24A86D,1,10,team1,Team 1 (N/S),79,41,9,♣,finished,2026-05-17T16:36:01.137595+00:00
864,INPROC_405965,1,10,team1,Team 1 (N/S),68,52,37,♠,finished,2026-05-17T16:36:01.153223+00:00
865,INPROC_00AF43,1,10,team1,Team 1 (N/S),64,56,22,♥,finished,2026-05-17T16:36:01.168613+00:00
866,INPROC_BAA9C1,1,10,team1,Team 1 (N/S),61,59,7,♣,finished,2026-05-17T16:36:01.183827+00:00
867,INPROC_1D729B,1,10,team2,Team 2 (E/W),52,68,26,♥,finished,2026-05-17T16:36:01.199159+00:00
868,INPROC_9A1115,1,10,team1,Team 1 (N/S),65,55,31,♠,finished,2026-05-17T16:36:01.214949+00:00
869,INPROC_2CB25A,1,10,team2,Team 2 (E/W),40,80,12,♦,finished,2026-05-17T16:36:01.230382+00:00
870,INPROC_7C739A,1,10,team1,Team 1 (N/S),63,57,7,♣,finished,2026-05-17T16:36:01.245628+00:00
871,INPROC_97BD49,1,10,team1,Team 1 (N/S),76,44,14,♦,finished,2026-05-17T16:36:01.261139+00:00
872,INPROC_BE7C6D,1,10,team2,Team 2 (E/W),15,105,37,♠,finished,2026-05-17T16:36:01.276103+00:00
873,INPROC_07FE15,1,10,team2,Team 2 (E/W),53,67,0,♣,finished,2026-05-17T16:36:01.293433+00:00
874,INPROC_C85B92,1,10,team1,Team 1 (N/S),76,44,35,♠,finished,2026-05-17T16:36:01.308509+00:00
875,INPROC_2A5D45,1,10,team1,Team 1 (N/S),69,51,31,♠,finished,2026-05-17T16:36:01.325106+00:00
876,INPROC_52F075,1,10,team1,Team 1 (N/S),91,29,13,♦,finished,2026-05-17T16:36:01.339261+00:00
877,INPROC_4C325E,1,10,team1,Team 1 (N/S),62,58,38,♠,finished,2026-05-17T16:36:01.355420+00:00
878,INPROC_C85023,1,10,team2,Team 2 (E/W),37,83,1,♣,finished,2026-05-17T16:36:01.371373+00:00
879,INPROC_CD61A8,1,10,team1,Team 1 (N/S),67,53,0,♣,finished,2026-05-17T16:36:01.385892+00:00
880,INPROC_3990C4,1,10,team1,Team 1 (N/S),83,37,16,♦,finished,2026-05-17T16:36:01.402070+00:00
881,INPROC_C34E3B,1,10,team2,Team 2 (E/W),13,107,6,♣,finished,2026-05-17T16:36:01.417292+00:00
882,INPROC_535EBC,1,10,team1,Team 1 (N/S),99,21,22,♥,finished,2026-05-17T16:36:01.433310+00:00
883,INPROC_3D0EF1,1,10,team2,Team 2 (E/W),40,80,17,♦,finished,2026-05-17T16:36:01.452167+00:00
884,INPROC_1CEAE9,1,10,team1,Team 1 (N/S),78,42,0,♣,finished,2026-05-17T16:36:01.470190+00:00
885,INPROC_91DE15,1,10,team1,Team 1 (N/S),80,40,30,♠,finished,2026-05-17T16:36:01.487164+00:00
886,INPROC_71262A,1,10,team1,Team 1 (N/S),82,38,36,♠,finished,2026-05-17T16:36:01.503553+00:00
887,INPROC_DE0378,1,10,team2,Team 2 (E/W),15,105,2,♣,finished,2026-05-17T16:36:01.519933+00:00
888,INPROC_9788EE,1,10,team2,Team 2 (E/W),53,67,30,♠,finished,2026-05-17T16:36:01.537760+00:00
889,INPROC_C95599,1,10,team1,Team 1 (N/S),70,50,32,♠,finished,2026-05-17T16:36:01.555036+00:00
890,INPROC_CF673A,1,10,team1,Team 1 (N/S),79,41,15,♦,finished,2026-05-17T16:36:01.571075+00:00
891,INPROC_BC2ECD,1,10,team2,Team 2 (E/W),12,108,31,♠,finished,2026-05-17T16:36:01.586590+00:00
892,INPROC_1EF757,1,10,team2,Team 2 (E/W),33,87,7,♣,finished,2026-05-17T16:36:01.604065+00:00
893,INPROC_747F77,1,10,team1,Team 1 (N/S),81,39,17,♦,finished,2026-05-17T16:36:01.621172+00:00
894,INPROC_2EB368,1,10,team1,Team 1 (N/S),103,17,38,♠,finished,2026-05-17T16:36:01.638619+00:00
895,INPROC_5719EA,1,10,team2,Team 2 (E/W),46,74,26,♥,finished,2026-05-17T16:36:01.654264+00:00
896,INPROC_D4A673,1,10,team2,Team 2 (E/W),48,72,38,♠,finished,2026-05-17T16:36:01.669518+00:00
897,INPROC_8A910B,1,10,team1,Team 1 (N/S),75,45,24,♥,finished,2026-05-17T16:36:01.686544+00:00
898,INPROC_9051F5,1,10,team1,Team 1 (N/S),61,59,14,♦,finished,2026-05-17T16:36:01.702444+00:00
899,INPROC_7A93E0,1,10,team2,Team 2 (E/W),34,86,19,♦,finished,2026-05-17T16:36:01.719045+00:00
900,INPROC_786D60,1,10,team2,Team 2 (E/W),14,106,22,♥,finished,2026-05-17T16:36:01.736364+00:00
901,INPROC_7733CB,1,10,team2,Team 2 (E/W),34,86,22,♥,finished,2026-05-17T16:36:01.753831+00:00
902,INPROC_CF17CF,1,10,team1,Team 1 (N/S),65,55,20,♥,finished,2026-05-17T16:36:01.770309+00:00
903,INPROC_39258E,1,10,team2,Team 2 (E/W),35,85,13,♦,finished,2026-05-17T16:36:01.788625+00:00
904,INPROC_61E87B,1,10,team1,Team 1 (N/S),90,30,2,♣,finished,2026-05-17T16:36:01.803957+00:00
905,INPROC_4318EB,1,10,team2,Team 2 (E/W),21,99,23,♥,finished,2026-05-17T16:36:01.819996+00:00
906,INPROC_2B8B19,1,10,team2,Team 2 (E/W),58,62,24,♥,finished,2026-05-17T16:36:01.833893+00:00
907,INPROC_364022,1,10,team2,Team 2 (E/W),41,79,0,♣,finished,2026-05-17T16:36:01.849608+00:00
908,INPROC_E9A43C,1,10,team2,Team 2 (E/W),42,78,30,♠,finished,2026-05-17T16:36:01.866393+00:00
909,INPROC_5F61D8,1,10,team2,Team 2 (E/W),29,91,15,♦,finished,2026-05-17T16:36:01.882706+00:00
910,INPROC_92346C,1,10,team2,Team 2 (E/W),48,72,36,♠,finished,2026-05-17T16:36:01.900735+00:00
911,INPROC_89BEE0,1,10,team1,Team 1 (N/S),83,37,11,♦,finished,2026-05-17T16:36:01.915389+00:00
912,INPROC_4E663B,1,10,team1,Team 1 (N/S),72,48,0,♣,finished,2026-05-17T16:36:01.930737+00:00
913,INPROC_858842,1,10,team1,Team 1 (N/S),81,39,0,♣,finished,2026-05-17T16:36:01.947834+00:00
914,INPROC_7A7382,1,10,team1,Team 1 (N/S),104,16,22,♥,finished,2026-05-17T16:36:01.964853+00:00
915,INPROC_CACEB4,1,10,team2,Team 2 (E/W),41,79,38,♠,finished,2026-05-17T16:36:01.980859+00:00
916,INPROC_1AB5B5,1,10,team2,Team 2 (E/W),33,87,3,♣,finished,2026-05-17T16:36:01.997909+00:00
917,INPROC_02B459,1,10,team2,Team 2 (E/W),45,75,38,♠,finished,2026-05-17T16:36:02.015208+00:00
918,INPROC_EC54D1,1,10,draw,draw,60,60,6,♣,finished,2026-05-17T16:36:02.033963+00:00
919,INPROC_93602E,1,10,team2,Team 2 (E/W),50,70,3,♣,finished,2026-05-17T16:36:02.049294+00:00
920,INPROC_5E4908,1,10,draw,draw,60,60,20,♥,finished,2026-05-17T16:36:02.063435+00:00
921,INPROC_F1F70C,1,10,team2,Team 2 (E/W),29,91,24,♥,finished,2026-05-17T16:36:02.079885+00:00
922,INPROC_33A132,1,10,team1,Team 1 (N/S),100,20,32,♠,finished,2026-05-17T16:36:02.097698+00:00
923,INPROC_A9A6B9,1,10,team2,Team 2 (E/W),53,67,35,♠,finished,2026-05-17T16:36:02.114168+00:00
924,INPROC_F85142,1,10,team1,Team 1 (N/S),108,12,36,♠,finished,2026-05-17T16:36:02.130519+00:00
925,INPROC_9693D3,1,10,team1,Team 1 (N/S),93,27,22,♥,finished,2026-05-17T16:36:02.146910+00:00
926,INPROC_B007E4,1,10,team2,Team 2 (E/W),58,62,17,♦,finished,2026-05-17T16:36:02.164262+00:00
927,INPROC_272951,1,10,team1,Team 1 (N/S),109,11,27,♥,finished,2026-05-17T16:36:02.179143+00:00
928,INPROC_C398A1,1,10,team1,Team 1 (N/S),78,42,12,♦,finished,2026-05-17T16:36:02.197965+00:00
929,INPROC_EB4940,1,10,team2,Team 2 (E/W),56,64,31,♠,finished,2026-05-17T16:36:02.213801+00:00
930,INPROC_B1572A,1,10,team1,Team 1 (N/S),74,46,27,♥,finished,2026-05-17T16:36:02.229979+00:00
931,INPROC_4678BB,1,10,team2,Team 2 (E/W),37,83,16,♦,finished,2026-05-17T16:36:02.247898+00:00
932,INPROC_B46E08,1,10,team1,Team 1 (N/S),78,42,13,♦,finished,2026-05-17T16:36:02.263238+00:00
933,INPROC_E8EA58,1,10,team1,Team 1 (N/S),78,42,7,♣,finished,2026-05-17T16:36:02.281311+00:00
934,INPROC_801EE3,1,10,team1,Team 1 (N/S),64,56,36,♠,finished,2026-05-17T16:36:02.297054+00:00
935,INPROC_D9FBF3,1,10,team2,Team 2 (E/W),18,102,27,♥,finished,2026-05-17T16:36:02.314636+00:00
936,INPROC_87C3B5,1,10,team2,Team 2 (E/W),42,78,37,♠,finished,2026-05-17T16:36:02.330562+00:00
937,INPROC_463CDB,1,10,team1,Team 1 (N/S),68,52,29,♥,finished,2026-05-17T16:36:02.347219+00:00
938,INPROC_1894B7,1,10,team2,Team 2 (E/W),44,76,19,♦,finished,2026-05-17T16:36:02.364177+00:00
939,INPROC_47AB67,1,10,team2,Team 2 (E/W),55,65,27,♥,finished,2026-05-17T16:36:02.382061+00:00
940,INPROC_14D793,1,10,team2,Team 2 (E/W),46,74,16,♦,finished,2026-05-17T16:36:02.398761+00:00
941,INPROC_454E6B,1,10,team2,Team 2 (E/W),18,102,16,♦,finished,2026-05-17T16:36:02.416142+00:00
942,INPROC_B2303B,1,10,team1,Team 1 (N/S),77,43,9,♣,finished,2026-05-17T16:36:02.431252+00:00
943,INPROC_54E695,1,10,team1,Team 1 (N/S),70,50,34,♠,finished,2026-05-17T16:36:02.448843+00:00
944,INPROC_91F4A2,1,10,team2,Team 2 (E/W),59,61,30,♠,finished,2026-05-17T16:36:02.469795+00:00
945,INPROC_B7229E,1,10,team2,Team 2 (E/W),32,88,15,♦,finished,2026-05-17T16:36:02.490170+00:00
946,INPROC_A1B6D7,1,10,team2,Team 2 (E/W),49,71,26,♥,finished,2026-05-17T16:36:02.510160+00:00
947,INPROC_468130,1,10,team1,Team 1 (N/S),105,15,0,♣,finished,2026-05-17T16:36:02.529797+00:00
948,INPROC_92FB45,1,10,team2,Team 2 (E/W),49,71,35,♠,finished,2026-05-17T16:36:02.552011+00:00
949,INPROC_FFD0C5,1,10,team2,Team 2 (E/W),57,63,29,♥,finished,2026-05-17T16:36:02.576445+00:00
950,INPROC_840017,1,10,team2,Team 2 (E/W),47,73,34,♠,finished,2026-05-17T16:36:02.595100+00:00
951,INPROC_2468CF,1,10,team2,Team 2 (E/W),42,78,29,♥,finished,2026-05-17T16:36:02.610924+00:00
952,INPROC_D23700,1,10,team1,Team 1 (N/S),66,54,20,♥,finished,2026-05-17T16:36:02.627270+00:00
953,INPROC_AFF4C3,1,10,team2,Team 2 (E/W),40,80,25,♥,finished,2026-05-17T16:36:02.643784+00:00
954,INPROC_ADC13B,1,10,team2,Team 2 (E/W),40,80,37,♠,finished,2026-05-17T16:36:02.663415+00:00
955,INPROC_3AF49D,1,10,team1,Team 1 (N/S),94,26,1,♣,finished,2026-05-17T16:36:02.681228+00:00
956,INPROC_274292,1,10,team1,Team 1 (N/S),82,38,20,♥,finished,2026-05-17T16:36:02.697704+00:00
957,INPROC_F8BDDE,1,10,team1,Team 1 (N/S),79,41,5,♣,finished,2026-05-17T16:36:02.714605+00:00
958,INPROC_980B62,1,10,team2,Team 2 (E/W),57,63,9,♣,finished,2026-05-17T16:36:02.730458+00:00
959,INPROC_85A1D4,1,10,team2,Team 2 (E/W),57,63,11,♦,finished,2026-05-17T16:36:02.747855+00:00
960,INPROC_E28641,1,10,team1,Team 1 (N/S),83,37,7,♣,finished,2026-05-17T16:36:02.762986+00:00
961,INPROC_60947D,1,10,team2,Team 2 (E/W),30,90,26,♥,finished,2026-05-17T16:36:02.780281+00:00
962,INPROC_B7EAC3,1,10,team1,Team 1 (N/S),64,56,3,♣,finished,2026-05-17T16:36:02.797019+00:00
963,INPROC_EA91AF,1,10,team2,Team 2 (E/W),32,88,26,♥,finished,2026-05-17T16:36:02.815986+00:00
964,INPROC_C93142,1,10,team1,Team 1 (N/S),91,29,3,♣,finished,2026-05-17T16:36:02.832082+00:00
965,INPROC_19B1D3,1,10,team1,Team 1 (N/S),87,33,1,♣,finished,2026-05-17T16:36:02.849817+00:00
966,INPROC_B0D79D,1,10,team2,Team 2 (E/W),55,65,29,♥,finished,2026-05-17T16:36:02.865167+00:00
967,INPROC_BC5EBD,1,10,team1,Team 1 (N/S),64,56,29,♥,finished,2026-05-17T16:36:02.880672+00:00
968,INPROC_80EB19,1,10,team2,Team 2 (E/W),46,74,38,♠,finished,2026-05-17T16:36:02.894939+00:00
969,INPROC_E20E4F,1,10,team2,Team 2 (E/W),36,84,32,♠,finished,2026-05-17T16:36:02.909902+00:00
970,INPROC_AE8F0D,1,10,team2,Team 2 (E/W),3,117,20,♥,finished,2026-05-17T16:36:02.925666+00:00
971,INPROC_4017F4,1,10,team2,Team 2 (E/W),46,74,16,♦,finished,2026-05-17T16:36:02.940934+00:00
972,INPROC_8C1948,1,10,team2,Team 2 (E/W),56,64,29,♥,finished,2026-05-17T16:36:02.957586+00:00
973,INPROC_03677E,1,10,team2,Team 2 (E/W),23,97,20,♥,finished,2026-05-17T16:36:02.973967+00:00
974,INPROC_6E72A7,1,10,team2,Team 2 (E/W),47,73,16,♦,finished,2026-05-17T16:36:02.989245+00:00
975,INPROC_4D183D,1,10,team2,Team 2 (E/W),29,91,28,♥,finished,2026-05-17T16:36:03.005837+00:00
976,INPROC_254578,1,10,team1,Team 1 (N/S),74,46,20,♥,finished,2026-05-17T16:36:03.022730+00:00
977,INPROC_A38356,1,10,team1,Team 1 (N/S),69,51,3,♣,finished,2026-05-17T16:36:03.039544+00:00
978,INPROC_2E5D37,1,10,team2,Team 2 (E/W),55,65,37,♠,finished,2026-05-17T16:36:03.055895+00:00
979,INPROC_18EB70,1,10,team2,Team 2 (E/W),34,86,0,♣,finished,2026-05-17T16:36:03.070628+00:00
980,INPROC_C8F94D,1,10,team1,Team 1 (N/S),67,53,4,♣,finished,2026-05-17T16:36:03.084167+00:00
981,INPROC_AFE4A5,1,10,team2,Team 2 (E/W),13,107,15,♦,finished,2026-05-17T16:36:03.096164+00:00
982,INPROC_B895D6,1,10,team1,Team 1 (N/S),91,29,5,♣,finished,2026-05-17T16:36:03.110480+00:00
983,INPROC_47A974,1,10,team1,Team 1 (N/S),75,45,29,♥,finished,2026-05-17T16:36:03.128394+00:00
984,INPROC_719D1E,1,10,team2,Team 2 (E/W),24,96,30,♠,finished,2026-05-17T16:36:03.144647+00:00
985,INPROC_0912BA,1,10,team2,Team 2 (E/W),21,99,17,♦,finished,2026-05-17T16:36:03.161411+00:00
986,INPROC_30AA6E,1,10,team2,Team 2 (E/W),32,88,36,♠,finished,2026-05-17T16:36:03.177984+00:00
987,INPROC_526AD9,1,10,team1,Team 1 (N/S),65,55,34,♠,finished,2026-05-17T16:36:03.193424+00:00
988,INPROC_354DFF,1,10,team2,Team 2 (E/W),53,67,10,♦,finished,2026-05-17T16:36:03.208141+00:00
989,INPROC_1CCF63,1,10,team1,Team 1 (N/S),70,50,23,♥,finished,2026-05-17T16:36:03.223592+00:00
990,INPROC_BA2D26,1,10,team1,Team 1 (N/S),81,39,23,♥,finished,2026-05-17T16:36:03.237677+00:00
991,INPROC_B515B3,1,10,team1,Team 1 (N/S),69,51,21,♥,finished,2026-05-17T16:36:03.252662+00:00
992,INPROC_3DDD2A,1,10,team1,Team 1 (N/S),61,59,2,♣,finished,2026-05-17T16:36:03.266175+00:00
993,INPROC_B64565,1,10,team1,Team 1 (N/S),75,45,18,♦,finished,2026-05-17T16:36:03.281091+00:00
994,INPROC_1F2FA9,1,10,team1,Team 1 (N/S),61,59,11,♦,finished,2026-05-17T16:36:03.295659+00:00
995,INPROC_103E53,1,10,team2,Team 2 (E/W),39,81,36,♠,finished,2026-05-17T16:36:03.310711+00:00
996,INPROC_3436D9,1,10,team1,Team 1 (N/S),75,45,16,♦,finished,2026-05-17T16:36:03.326433+00:00
997,INPROC_B781D4,1,10,team1,Team 1 (N/S),71,49,23,♥,finished,2026-05-17T16:36:03.341859+00:00
998,INPROC_49A6F5,1,10,team1,Team 1 (N/S),73,47,38,♠,finished,2026-05-17T16:36:03.357186+00:00
999,INPROC_139765,1,10,team2,Team 2 (E/W),22,98,39,♠,finished,2026-05-17T16:36:03.372160+00:00
1000,INPROC_6CA3D7,1,10,team2,Team 2 (E/W),48,72,8,♣,finished,2026-05-17T16:36:03.386450+00:00
1001,INPROC_892852,1,10,team2,Team 2 (E/W),32,88,18,♦,finished,2026-05-17T16:36:03.407671+00:00
1002,INPROC_529F32,1,10,team1,Team 1 (N/S),74,46,9,♣,finished,2026-05-17T16:36:03.433258+00:00
1003,INPROC_EC318F,1,10,team2,Team 2 (E/W),43,77,15,♦,finished,2026-05-17T16:36:03.452685+00:00
1004,INPROC_E0E96C,1,10,team1,Team 1 (N/S),71,49,17,♦,finished,2026-05-17T16:36:03.467609+00:00
1005,INPROC_20B3A7,1,10,team1,Team 1 (N/S),77,43,12,♦,finished,2026-05-17T16:36:03.484913+00:00
1006,INPROC_01AA11,1,10,team2,Team 2 (E/W),16,104,38,♠,finished,2026-05-17T16:36:03.502589+00:00
1007,INPROC_6B5DD1,1,10,team1,Team 1 (N/S),76,44,39,♠,finished,2026-05-17T16:36:03.521035+00:00
1008,INPROC_60771D,1,10,team1,Team 1 (N/S),76,44,22,♥,finished,2026-05-17T16:36:03.537610+00:00
1009,INPROC_530E91,1,10,team1,Team 1 (N/S),87,33,17,♦,finished,2026-05-17T16:36:03.555701+00:00
1010,INPROC_D1B894,1,10,team2,Team 2 (E/W),54,66,38,♠,finished,2026-05-17T16:36:03.571594+00:00
1011,INPROC_40AC47,1,10,team2,Team 2 (E/W),33,87,23,♥,finished,2026-05-17T16:36:03.587716+00:00
1012,INPROC_78C20A,1,10,team1,Team 1 (N/S),66,54,31,♠,finished,2026-05-17T16:36:03.604074+00:00
1013,INPROC_9C09F9,1,10,team1,Team 1 (N/S),84,36,10,♦,finished,2026-05-17T16:36:03.620104+00:00
1014,INPROC_77EE08,1,10,team2,Team 2 (E/W),57,63,33,♠,finished,2026-05-17T16:36:03.635925+00:00
1015,INPROC_C6A9C5,1,10,team2,Team 2 (E/W),46,74,19,♦,finished,2026-05-17T16:36:03.651422+00:00
1016,INPROC_65975A,1,10,team1,Team 1 (N/S),61,59,3,♣,finished,2026-05-17T16:36:03.668340+00:00
1017,INPROC_AE26BE,1,10,team2,Team 2 (E/W),29,91,11,♦,finished,2026-05-17T16:36:03.684714+00:00
1018,INPROC_B62370,1,10,team1,Team 1 (N/S),103,17,25,♥,finished,2026-05-17T16:36:03.701219+00:00
1019,INPROC_2BB692,1,10,team1,Team 1 (N/S),61,59,12,♦,finished,2026-05-17T16:36:03.718607+00:00
1020,INPROC_832B89,1,10,team1,Team 1 (N/S),61,59,33,♠,finished,2026-05-17T16:36:03.734532+00:00
1021,INPROC_47465B,1,10,team2,Team 2 (E/W),44,76,29,♥,finished,2026-05-17T16:36:03.752471+00:00
1022,INPROC_8AC78E,1,10,team2,Team 2 (E/W),29,91,19,♦,finished,2026-05-17T16:36:03.767803+00:00
1023,INPROC_793295,1,10,team1,Team 1 (N/S),90,30,14,♦,finished,2026-05-17T16:36:03.783935+00:00
1024,INPROC_1C1D44,1,10,team1,Team 1 (N/S),65,55,32,♠,finished,2026-05-17T16:36:03.799046+00:00
1025,INPROC_23FF36,1,10,team1,Team 1 (N/S),71,49,31,♠,finished,2026-05-17T16:36:03.814185+00:00
1026,INPROC_B52BF1,1,10,team1,Team 1 (N/S),69,51,1,♣,finished,2026-05-17T16:36:03.830275+00:00
1027,INPROC_224B02,1,10,team2,Team 2 (E/W),53,67,4,♣,finished,2026-05-17T16:36:03.846995+00:00
1028,INPROC_E1F175,1,10,team1,Team 1 (N/S),67,53,33,♠,finished,2026-05-17T16:36:03.862732+00:00
1029,INPROC_045E9E,1,10,team2,Team 2 (E/W),42,78,27,♥,finished,2026-05-17T16:36:03.877030+00:00
1030,INPROC_39B9C6,1,10,team2,Team 2 (E/W),52,68,14,♦,finished,2026-05-17T16:36:03.894371+00:00
1031,INPROC_6511F0,1,10,team2,Team 2 (E/W),55,65,37,♠,finished,2026-05-17T16:36:03.908271+00:00
1032,INPROC_C10101,1,10,team1,Team 1 (N/S),61,59,23,♥,finished,2026-05-17T16:36:03.925454+00:00
1033,INPROC_90BF32,1,10,team2,Team 2 (E/W),39,81,31,♠,finished,2026-05-17T16:36:03.942387+00:00
1034,INPROC_5CF63E,1,10,team2,Team 2 (E/W),45,75,15,♦,finished,2026-05-17T16:36:03.958768+00:00
1035,INPROC_061C80,1,10,team2,Team 2 (E/W),31,89,39,♠,finished,2026-05-17T16:36:03.975317+00:00
1036,INPROC_B6D41F,1,10,team1,Team 1 (N/S),66,54,14,♦,finished,2026-05-17T16:36:03.991953+00:00
1037,INPROC_88EB75,1,10,team1,Team 1 (N/S),94,26,34,♠,finished,2026-05-17T16:36:04.008457+00:00
1038,INPROC_427847,1,10,team2,Team 2 (E/W),51,69,26,♥,finished,2026-05-17T16:36:04.024134+00:00
1039,INPROC_9F2A3F,1,10,team2,Team 2 (E/W),58,62,11,♦,finished,2026-05-17T16:36:04.037427+00:00
1040,INPROC_BB0654,1,10,team2,Team 2 (E/W),11,109,0,♣,finished,2026-05-17T16:36:04.051727+00:00
1041,INPROC_B977A1,1,10,team1,Team 1 (N/S),97,23,23,♥,finished,2026-05-17T16:36:04.066875+00:00
1042,INPROC_78843E,1,10,team2,Team 2 (E/W),40,80,35,♠,finished,2026-05-17T16:36:04.080996+00:00
1043,INPROC_F74B5D,1,10,team1,Team 1 (N/S),89,31,32,♠,finished,2026-05-17T16:36:04.097499+00:00
1044,INPROC_5366F5,1,10,team2,Team 2 (E/W),48,72,15,♦,finished,2026-05-17T16:36:04.111842+00:00
1045,INPROC_D38099,1,10,team1,Team 1 (N/S),63,57,12,♦,finished,2026-05-17T16:36:04.128789+00:00
1046,INPROC_A04251,1,10,team1,Team 1 (N/S),99,21,15,♦,finished,2026-05-17T16:36:04.140170+00:00
1047,INPROC_0D431E,1,10,team2,Team 2 (E/W),44,76,38,♠,finished,2026-05-17T16:36:04.156558+00:00
1048,INPROC_4627D4,1,10,team1,Team 1 (N/S),76,44,18,♦,finished,2026-05-17T16:36:04.172466+00:00
1049,INPROC_F3C488,1,10,team1,Team 1 (N/S),63,57,23,♥,finished,2026-05-17T16:36:04.187736+00:00
1050,INPROC_BC6D5E,1,10,team1,Team 1 (N/S),81,39,35,♠,finished,2026-05-17T16:36:04.204957+00:00
1051,INPROC_99D478,1,10,team1,Team 1 (N/S),67,53,20,♥,finished,2026-05-17T16:36:04.221420+00:00
1052,INPROC_5B64D3,1,10,team2,Team 2 (E/W),50,70,9,♣,finished,2026-05-17T16:36:04.237286+00:00
1053,INPROC_A35628,1,10,team2,Team 2 (E/W),37,83,2,♣,finished,2026-05-17T16:36:04.251597+00:00
1054,INPROC_5887F8,1,10,team1,Team 1 (N/S),62,58,20,♥,finished,2026-05-17T16:36:04.267209+00:00
1055,INPROC_8BDBC5,1,10,team2,Team 2 (E/W),53,67,33,♠,finished,2026-05-17T16:36:04.282367+00:00
1056,INPROC_430F28,1,10,team1,Team 1 (N/S),65,55,11,♦,finished,2026-05-17T16:36:04.298326+00:00
1057,INPROC_C220CC,1,10,team1,Team 1 (N/S),62,58,18,♦,finished,2026-05-17T16:36:04.313769+00:00
1058,INPROC_E1517A,1,10,team2,Team 2 (E/W),42,78,25,♥,finished,2026-05-17T16:36:04.326867+00:00
1059,INPROC_1B286E,1,10,team1,Team 1 (N/S),80,40,12,♦,finished,2026-05-17T16:36:04.340768+00:00
1060,INPROC_F086CC,1,10,team2,Team 2 (E/W),37,83,10,♦,finished,2026-05-17T16:36:04.356848+00:00
1061,INPROC_49508A,1,10,team1,Team 1 (N/S),67,53,29,♥,finished,2026-05-17T16:36:04.370185+00:00
1062,INPROC_3EE919,1,10,team2,Team 2 (E/W),35,85,9,♣,finished,2026-05-17T16:36:04.384154+00:00
1063,INPROC_57B06A,1,10,team2,Team 2 (E/W),17,103,4,♣,finished,2026-05-17T16:36:04.401087+00:00
1064,INPROC_B747AA,1,10,team2,Team 2 (E/W),38,82,5,♣,finished,2026-05-17T16:36:04.415518+00:00
1065,INPROC_900A71,1,10,team2,Team 2 (E/W),41,79,4,♣,finished,2026-05-17T16:36:04.430682+00:00
1066,INPROC_9A4F55,1,10,team2,Team 2 (E/W),21,99,24,♥,finished,2026-05-17T16:36:04.445159+00:00
1067,INPROC_FF3EE4,1,10,team2,Team 2 (E/W),47,73,1,♣,finished,2026-05-17T16:36:04.460799+00:00
1068,INPROC_049E3D,1,10,team2,Team 2 (E/W),24,96,37,♠,finished,2026-05-17T16:36:04.476489+00:00
1069,INPROC_CCFD7C,1,10,team2,Team 2 (E/W),53,67,19,♦,finished,2026-05-17T16:36:04.492730+00:00
1070,INPROC_528D26,1,10,team2,Team 2 (E/W),30,90,3,♣,finished,2026-05-17T16:36:04.509666+00:00
1071,INPROC_BA8BB0,1,10,team1,Team 1 (N/S),76,44,4,♣,finished,2026-05-17T16:36:04.529828+00:00
1072,INPROC_66B65B,1,10,team1,Team 1 (N/S),82,38,4,♣,finished,2026-05-17T16:36:04.547034+00:00
1073,INPROC_834074,1,10,draw,draw,60,60,30,♠,finished,2026-05-17T16:36:04.563912+00:00
1074,INPROC_127ACD,1,10,team2,Team 2 (E/W),58,62,9,♣,finished,2026-05-17T16:36:04.580973+00:00
1075,INPROC_869655,1,10,team1,Team 1 (N/S),98,22,7,♣,finished,2026-05-17T16:36:04.597679+00:00
1076,INPROC_0299A0,1,10,team2,Team 2 (E/W),43,77,8,♣,finished,2026-05-17T16:36:04.613686+00:00
1077,INPROC_D7B585,1,10,team2,Team 2 (E/W),31,89,6,♣,finished,2026-05-17T16:36:04.630701+00:00
1078,INPROC_C4A3D3,1,10,team1,Team 1 (N/S),81,39,28,♥,finished,2026-05-17T16:36:04.646335+00:00
1079,INPROC_64E8FB,1,10,team1,Team 1 (N/S),78,42,35,♠,finished,2026-05-17T16:36:04.661521+00:00
1080,INPROC_34E647,1,10,team2,Team 2 (E/W),42,78,2,♣,finished,2026-05-17T16:36:04.677692+00:00
1081,INPROC_9AF476,1,10,team2,Team 2 (E/W),33,87,9,♣,finished,2026-05-17T16:36:04.693217+00:00
1082,INPROC_A081B0,1,10,team1,Team 1 (N/S),80,40,18,♦,finished,2026-05-17T16:36:04.709885+00:00
1083,INPROC_D9C182,1,10,team2,Team 2 (E/W),30,90,18,♦,finished,2026-05-17T16:36:04.725740+00:00
1084,INPROC_ED3063,1,10,team1,Team 1 (N/S),107,13,11,♦,finished,2026-05-17T16:36:04.741107+00:00
1085,INPROC_730F69,1,10,team2,Team 2 (E/W),40,80,9,♣,finished,2026-05-17T16:36:04.757028+00:00
1086,INPROC_9B0BA9,1,10,team2,Team 2 (E/W),52,68,6,♣,finished,2026-05-17T16:36:04.773684+00:00
1087,INPROC_493A97,1,10,team2,Team 2 (E/W),29,91,6,♣,finished,2026-05-17T16:36:04.790571+00:00
1088,INPROC_EAA31A,1,10,team1,Team 1 (N/S),92,28,38,♠,finished,2026-05-17T16:36:04.805980+00:00
1089,INPROC_69DEDB,1,10,team2,Team 2 (E/W),34,86,10,♦,finished,2026-05-17T16:36:04.820657+00:00
1090,INPROC_173FAE,1,10,team2,Team 2 (E/W),59,61,3,♣,finished,2026-05-17T16:36:04.836663+00:00
1091,INPROC_EEE9E5,1,10,team2,Team 2 (E/W),49,71,21,♥,finished,2026-05-17T16:36:04.853649+00:00
1092,INPROC_715BCA,1,10,team1,Team 1 (N/S),62,58,21,♥,finished,2026-05-17T16:36:04.869181+00:00
1093,INPROC_9F1383,1,10,team2,Team 2 (E/W),49,71,27,♥,finished,2026-05-17T16:36:04.884708+00:00
1094,INPROC_25A744,1,10,team2,Team 2 (E/W),38,82,27,♥,finished,2026-05-17T16:36:04.897449+00:00
1095,INPROC_2F8135,1,10,team1,Team 1 (N/S),70,50,20,♥,finished,2026-05-17T16:36:04.913481+00:00
1096,INPROC_506599,1,10,team2,Team 2 (E/W),36,84,24,♥,finished,2026-05-17T16:36:04.928509+00:00
1097,INPROC_E9191E,1,10,team1,Team 1 (N/S),67,53,30,♠,finished,2026-05-17T16:36:04.943829+00:00
1098,INPROC_434F0C,1,10,team2,Team 2 (E/W),46,74,30,♠,finished,2026-05-17T16:36:04.958755+00:00
1099,INPROC_4A9A5C,1,10,team2,Team 2 (E/W),37,83,37,♠,finished,2026-05-17T16:36:04.974240+00:00
1100,INPROC_2FFC2B,1,10,team2,Team 2 (E/W),16,104,6,♣,finished,2026-05-17T16:36:04.989609+00:00
1101,INPROC_4F3904,1,10,team1,Team 1 (N/S),91,29,17,♦,finished,2026-05-17T16:36:05.004964+00:00
1102,INPROC_51DDB8,1,10,team2,Team 2 (E/W),47,73,31,♠,finished,2026-05-17T16:36:05.020478+00:00
1103,INPROC_BD8271,1,10,team1,Team 1 (N/S),62,58,39,♠,finished,2026-05-17T16:36:05.036103+00:00
1104,INPROC_3E58C5,1,10,team1,Team 1 (N/S),83,37,10,♦,finished,2026-05-17T16:36:05.052223+00:00
1105,INPROC_4EB158,1,10,team1,Team 1 (N/S),100,20,34,♠,finished,2026-05-17T16:36:05.066771+00:00
1106,INPROC_3B8CDD,1,10,team1,Team 1 (N/S),62,58,32,♠,finished,2026-05-17T16:36:05.080863+00:00
1107,INPROC_6A9901,1,10,team1,Team 1 (N/S),73,47,25,♥,finished,2026-05-17T16:36:05.096002+00:00
1108,INPROC_5BD8E2,1,10,team1,Team 1 (N/S),92,28,6,♣,finished,2026-05-17T16:36:05.111987+00:00
1109,INPROC_5C799C,1,10,team1,Team 1 (N/S),93,27,10,♦,finished,2026-05-17T16:36:05.126244+00:00
1110,INPROC_FA7D18,1,10,team2,Team 2 (E/W),11,109,32,♠,finished,2026-05-17T16:36:05.140677+00:00
1111,INPROC_A3A6CD,1,10,team2,Team 2 (E/W),48,72,5,♣,finished,2026-05-17T16:36:05.154012+00:00
1112,INPROC_5577BA,1,10,team1,Team 1 (N/S),68,52,20,♥,finished,2026-05-17T16:36:05.168201+00:00
1113,INPROC_4F2597,1,10,team1,Team 1 (N/S),68,52,5,♣,finished,2026-05-17T16:36:05.180392+00:00
1114,INPROC_412410,1,10,team1,Team 1 (N/S),94,26,20,♥,finished,2026-05-17T16:36:05.196660+00:00
1115,INPROC_BFC2EE,1,10,team2,Team 2 (E/W),36,84,25,♥,finished,2026-05-17T16:36:05.212789+00:00
1116,INPROC_B1F6D6,1,10,team2,Team 2 (E/W),59,61,32,♠,finished,2026-05-17T16:36:05.228566+00:00
1117,INPROC_255816,1,10,team2,Team 2 (E/W),47,73,28,♥,finished,2026-05-17T16:36:05.245007+00:00
1118,INPROC_142269,1,10,team1,Team 1 (N/S),103,17,13,♦,finished,2026-05-17T16:36:05.261697+00:00
1119,INPROC_4F7064,1,10,team1,Team 1 (N/S),85,35,18,♦,finished,2026-05-17T16:36:05.278981+00:00
1120,INPROC_FD5B1B,1,10,team1,Team 1 (N/S),61,59,21,♥,finished,2026-05-17T16:36:05.293894+00:00
1121,INPROC_7CD4AE,1,10,team2,Team 2 (E/W),50,70,37,♠,finished,2026-05-17T16:36:05.309908+00:00
1122,INPROC_B8D2E1,1,10,team2,Team 2 (E/W),0,120,16,♦,finished,2026-05-17T16:36:05.324069+00:00
1123,INPROC_C7410C,1,10,team2,Team 2 (E/W),27,93,15,♦,finished,2026-05-17T16:36:05.342363+00:00
1124,INPROC_9BCAC7,1,10,team2,Team 2 (E/W),16,104,9,♣,finished,2026-05-17T16:36:05.357272+00:00
1125,INPROC_2A3F93,1,10,team2,Team 2 (E/W),23,97,10,♦,finished,2026-05-17T16:36:05.372382+00:00
1126,INPROC_FD70DD,1,10,team2,Team 2 (E/W),58,62,29,♥,finished,2026-05-17T16:36:05.388337+00:00
1127,INPROC_E60611,1,10,team1,Team 1 (N/S),90,30,3,♣,finished,2026-05-17T16:36:05.403172+00:00
1128,INPROC_B40313,1,10,team1,Team 1 (N/S),70,50,36,♠,finished,2026-05-17T16:36:05.420174+00:00
1129,INPROC_3D905A,1,10,team1,Team 1 (N/S),81,39,32,♠,finished,2026-05-17T16:36:05.436067+00:00
1130,INPROC_2DA18D,1,10,team1,Team 1 (N/S),63,57,1,♣,finished,2026-05-17T16:36:05.453671+00:00
1131,INPROC_9A3436,1,10,team1,Team 1 (N/S),68,52,12,♦,finished,2026-05-17T16:36:05.470043+00:00
1132,INPROC_DBE3D7,1,10,team2,Team 2 (E/W),31,89,7,♣,finished,2026-05-17T16:36:05.486837+00:00
1133,INPROC_430403,1,10,team2,Team 2 (E/W),42,78,37,♠,finished,2026-05-17T16:36:05.500190+00:00
1134,INPROC_830690,1,10,team1,Team 1 (N/S),104,16,24,♥,finished,2026-05-17T16:36:05.515352+00:00
1135,INPROC_269376,1,10,team1,Team 1 (N/S),95,25,7,♣,finished,2026-05-17T16:36:05.530824+00:00
1136,INPROC_DECF0C,1,10,team1,Team 1 (N/S),71,49,6,♣,finished,2026-05-17T16:36:05.547945+00:00
1137,INPROC_68DE0E,1,10,team2,Team 2 (E/W),25,95,6,♣,finished,2026-05-17T16:36:05.563788+00:00
1138,INPROC_E87716,1,10,team2,Team 2 (E/W),59,61,8,♣,finished,2026-05-17T16:36:05.582199+00:00
1139,INPROC_5D0488,1,10,team2,Team 2 (E/W),58,62,19,♦,finished,2026-05-17T16:36:05.598901+00:00
1140,INPROC_9ACFF7,1,10,team2,Team 2 (E/W),22,98,13,♦,finished,2026-05-17T16:36:05.612420+00:00
1141,INPROC_55A2D0,1,10,team2,Team 2 (E/W),25,95,38,♠,finished,2026-05-17T16:36:05.628037+00:00
1142,INPROC_F3FF26,1,10,team1,Team 1 (N/S),65,55,14,♦,finished,2026-05-17T16:36:05.644942+00:00
1143,INPROC_B7C2A8,1,10,team1,Team 1 (N/S),86,34,12,♦,finished,2026-05-17T16:36:05.660382+00:00
1144,INPROC_C48FEA,1,10,team2,Team 2 (E/W),38,82,22,♥,finished,2026-05-17T16:36:05.675361+00:00
1145,INPROC_07188D,1,10,team2,Team 2 (E/W),41,79,9,♣,finished,2026-05-17T16:36:05.688762+00:00
1146,INPROC_2C0C49,1,10,team2,Team 2 (E/W),23,97,18,♦,finished,2026-05-17T16:36:05.703215+00:00
1147,INPROC_59B526,1,10,team2,Team 2 (E/W),56,64,37,♠,finished,2026-05-17T16:36:05.719239+00:00
1148,INPROC_D76971,1,10,team1,Team 1 (N/S),64,56,17,♦,finished,2026-05-17T16:36:05.735254+00:00
1149,INPROC_12D549,1,10,team2,Team 2 (E/W),33,87,24,♥,finished,2026-05-17T16:36:05.752901+00:00
1150,INPROC_11C5B7,1,10,team2,Team 2 (E/W),55,65,34,♠,finished,2026-05-17T16:36:05.772271+00:00
1151,INPROC_14CBFB,1,10,team1,Team 1 (N/S),81,39,34,♠,finished,2026-05-17T16:36:05.790174+00:00
1152,INPROC_A57D14,1,10,team2,Team 2 (E/W),21,99,38,♠,finished,2026-05-17T16:36:05.807748+00:00
1153,INPROC_5ED286,1,10,team2,Team 2 (E/W),58,62,21,♥,finished,2026-05-17T16:36:05.825438+00:00
1154,INPROC_A92EB6,1,10,team1,Team 1 (N/S),89,31,19,♦,finished,2026-05-17T16:36:05.841290+00:00
1155,INPROC_E208B2,1,10,team2,Team 2 (E/W),47,73,15,♦,finished,2026-05-17T16:36:05.859014+00:00
1156,INPROC_D9B8CD,1,10,team1,Team 1 (N/S),76,44,7,♣,finished,2026-05-17T16:36:05.875559+00:00
1157,INPROC_95BA5B,1,10,draw,draw,60,60,10,♦,finished,2026-05-17T16:36:05.891714+00:00
1158,INPROC_1AC445,1,10,team2,Team 2 (E/W),42,78,11,♦,finished,2026-05-17T16:36:05.907644+00:00
1159,INPROC_AD1040,1,10,team1,Team 1 (N/S),66,54,39,♠,finished,2026-05-17T16:36:05.922798+00:00
1160,INPROC_4EBD66,1,10,team2,Team 2 (E/W),17,103,7,♣,finished,2026-05-17T16:36:05.937716+00:00
1161,INPROC_030E17,1,10,team2,Team 2 (E/W),51,69,0,♣,finished,2026-05-17T16:36:05.956109+00:00
1162,INPROC_AEAD2C,1,10,team1,Team 1 (N/S),70,50,22,♥,finished,2026-05-17T16:36:05.971487+00:00
1163,INPROC_31CA27,1,10,team1,Team 1 (N/S),62,58,4,♣,finished,2026-05-17T16:36:05.985356+00:00
1164,INPROC_301997,1,10,team2,Team 2 (E/W),13,107,7,♣,finished,2026-05-17T16:36:06.000591+00:00
1165,INPROC_2D28FF,1,10,team2,Team 2 (E/W),48,72,25,♥,finished,2026-05-17T16:36:06.014794+00:00
1166,INPROC_2CF7C5,1,10,team1,Team 1 (N/S),74,46,13,♦,finished,2026-05-17T16:36:06.030546+00:00
1167,INPROC_9681B8,1,10,team1,Team 1 (N/S),80,40,3,♣,finished,2026-05-17T16:36:06.045060+00:00
1168,INPROC_6E0D9B,1,10,team2,Team 2 (E/W),54,66,25,♥,finished,2026-05-17T16:36:06.061518+00:00
1169,INPROC_250C72,1,10,team2,Team 2 (E/W),49,71,29,♥,finished,2026-05-17T16:36:06.077536+00:00
1170,INPROC_044FBD,1,10,team1,Team 1 (N/S),92,28,29,♥,finished,2026-05-17T16:36:06.092970+00:00
1171,INPROC_B2ABB1,1,10,team2,Team 2 (E/W),48,72,10,♦,finished,2026-05-17T16:36:06.108737+00:00
1172,INPROC_5E10D9,1,10,team2,Team 2 (E/W),35,85,11,♦,finished,2026-05-17T16:36:06.126201+00:00
1173,INPROC_682CC6,1,10,team1,Team 1 (N/S),83,37,12,♦,finished,2026-05-17T16:36:06.145605+00:00
1174,INPROC_953E84,1,10,team2,Team 2 (E/W),59,61,9,♣,finished,2026-05-17T16:36:06.159967+00:00
1175,INPROC_71E7A1,1,10,team2,Team 2 (E/W),59,61,32,♠,finished,2026-05-17T16:36:06.174429+00:00
1176,INPROC_9BE25A,1,10,team2,Team 2 (E/W),12,108,10,♦,finished,2026-05-17T16:36:06.187194+00:00
1177,INPROC_291787,1,10,team2,Team 2 (E/W),26,94,36,♠,finished,2026-05-17T16:36:06.198469+00:00
1178,INPROC_1A3697,1,10,team2,Team 2 (E/W),44,76,8,♣,finished,2026-05-17T16:36:06.212910+00:00
1179,INPROC_1361EC,1,10,team1,Team 1 (N/S),65,55,21,♥,finished,2026-05-17T16:36:06.227980+00:00
1180,INPROC_85998B,1,10,team1,Team 1 (N/S),87,33,7,♣,finished,2026-05-17T16:36:06.243310+00:00
1181,INPROC_82EC98,1,10,team1,Team 1 (N/S),88,32,30,♠,finished,2026-05-17T16:36:06.255133+00:00
1182,INPROC_F42B92,1,10,team1,Team 1 (N/S),70,50,19,♦,finished,2026-05-17T16:36:06.270811+00:00
1183,INPROC_79A57E,1,10,team2,Team 2 (E/W),35,85,34,♠,finished,2026-05-17T16:36:06.286067+00:00
1184,INPROC_07C8B3,1,10,team1,Team 1 (N/S),97,23,29,♥,finished,2026-05-17T16:36:06.302212+00:00
1185,INPROC_6A82D8,1,10,team1,Team 1 (N/S),96,24,38,♠,finished,2026-05-17T16:36:06.317672+00:00
1186,INPROC_EA321D,1,10,team2,Team 2 (E/W),33,87,23,♥,finished,2026-05-17T16:36:06.333993+00:00
1187,INPROC_4D48D3,1,10,team2,Team 2 (E/W),38,82,3,♣,finished,2026-05-17T16:36:06.348890+00:00
1188,INPROC_7A1FAD,1,10,team2,Team 2 (E/W),44,76,18,♦,finished,2026-05-17T16:36:06.364387+00:00
1189,INPROC_323BC9,1,10,team2,Team 2 (E/W),37,83,37,♠,finished,2026-05-17T16:36:06.379497+00:00
1190,INPROC_0500A6,1,10,team2,Team 2 (E/W),35,85,10,♦,finished,2026-05-17T16:36:06.394613+00:00
1191,INPROC_27EAB9,1,10,team1,Team 1 (N/S),94,26,26,♥,finished,2026-05-17T16:36:06.408991+00:00
1192,INPROC_28B560,1,10,team1,Team 1 (N/S),76,44,33,♠,finished,2026-05-17T16:36:06.425871+00:00
1193,INPROC_6A327A,1,10,team2,Team 2 (E/W),52,68,31,♠,finished,2026-05-17T16:36:06.443786+00:00
1194,INPROC_0A4331,1,10,team1,Team 1 (N/S),71,49,9,♣,finished,2026-05-17T16:36:06.459891+00:00
1195,INPROC_F71328,1,10,team2,Team 2 (E/W),22,98,2,♣,finished,2026-05-17T16:36:06.476037+00:00
1196,INPROC_B54E17,1,10,team2,Team 2 (E/W),41,79,14,♦,finished,2026-05-17T16:36:06.493032+00:00
1197,INPROC_CB220F,1,10,team1,Team 1 (N/S),87,33,18,♦,finished,2026-05-17T16:36:06.507572+00:00
1198,INPROC_30120E,1,10,team1,Team 1 (N/S),63,57,29,♥,finished,2026-05-17T16:36:06.520550+00:00
1199,INPROC_E0A970,1,10,team2,Team 2 (E/W),54,66,26,♥,finished,2026-05-17T16:36:06.536187+00:00
1200,INPROC_B0094C,1,10,team2,Team 2 (E/W),46,74,13,♦,finished,2026-05-17T16:36:06.552558+00:00
1201,INPROC_AEA198,1,10,team1,Team 1 (N/S),78,42,21,♥,finished,2026-05-17T16:36:06.569764+00:00
1202,INPROC_29FD3A,1,10,team2,Team 2 (E/W),42,78,28,♥,finished,2026-05-17T16:36:06.586641+00:00
1203,INPROC_0A1115,1,10,team1,Team 1 (N/S),76,44,35,♠,finished,2026-05-17T16:36:06.602999+00:00
1204,INPROC_A102AD,1,10,team1,Team 1 (N/S),78,42,33,♠,finished,2026-05-17T16:36:06.620847+00:00
1205,INPROC_D8D2C5,1,10,team2,Team 2 (E/W),53,67,8,♣,finished,2026-05-17T16:36:06.640210+00:00
1206,INPROC_D8F51A,1,10,team1,Team 1 (N/S),88,32,10,♦,finished,2026-05-17T16:36:06.657160+00:00
1207,INPROC_A35096,1,10,team2,Team 2 (E/W),48,72,0,♣,finished,2026-05-17T16:36:06.675026+00:00
1208,INPROC_4C347F,1,10,team2,Team 2 (E/W),20,100,9,♣,finished,2026-05-17T16:36:06.691429+00:00
1209,INPROC_067921,1,10,team1,Team 1 (N/S),89,31,15,♦,finished,2026-05-17T16:36:06.707618+00:00
1210,INPROC_5188D6,1,10,team2,Team 2 (E/W),27,93,37,♠,finished,2026-05-17T16:36:06.722333+00:00
1211,INPROC_B154B3,1,10,team2,Team 2 (E/W),20,100,21,♥,finished,2026-05-17T16:36:06.741232+00:00
1212,INPROC_162E99,1,10,team1,Team 1 (N/S),69,51,25,♥,finished,2026-05-17T16:36:06.759592+00:00
1213,INPROC_EDE7AA,1,10,team1,Team 1 (N/S),107,13,22,♥,finished,2026-05-17T16:36:06.777485+00:00
1214,INPROC_6245A0,1,10,team2,Team 2 (E/W),40,80,8,♣,finished,2026-05-17T16:36:06.796713+00:00
1215,INPROC_982677,1,10,team1,Team 1 (N/S),81,39,16,♦,finished,2026-05-17T16:36:06.813687+00:00
1216,INPROC_61308F,1,10,team2,Team 2 (E/W),26,94,5,♣,finished,2026-05-17T16:36:06.832053+00:00
1217,INPROC_60E790,1,10,team1,Team 1 (N/S),72,48,29,♥,finished,2026-05-17T16:36:06.848321+00:00
1218,INPROC_09D86C,1,10,team1,Team 1 (N/S),61,59,7,♣,finished,2026-05-17T16:36:06.865341+00:00
1219,INPROC_63F4DF,1,10,team2,Team 2 (E/W),19,101,13,♦,finished,2026-05-17T16:36:06.882531+00:00
1220,INPROC_56E3A9,1,10,team1,Team 1 (N/S),65,55,12,♦,finished,2026-05-17T16:36:06.906954+00:00
1221,INPROC_EAC34C,1,10,team2,Team 2 (E/W),15,105,22,♥,finished,2026-05-17T16:36:06.930264+00:00
1222,INPROC_1088F6,1,10,team2,Team 2 (E/W),21,99,22,♥,finished,2026-05-17T16:36:06.945492+00:00
1223,INPROC_FB2A41,1,10,team2,Team 2 (E/W),13,107,39,♠,finished,2026-05-17T16:36:06.959317+00:00
1224,INPROC_1272C4,1,10,team1,Team 1 (N/S),64,56,34,♠,finished,2026-05-17T16:36:06.976066+00:00
1225,INPROC_CB0ADD,1,10,team2,Team 2 (E/W),31,89,3,♣,finished,2026-05-17T16:36:06.991499+00:00
1226,INPROC_6275DF,1,10,team1,Team 1 (N/S),68,52,17,♦,finished,2026-05-17T16:36:07.007351+00:00
1227,INPROC_DD49BF,1,10,team1,Team 1 (N/S),99,21,23,♥,finished,2026-05-17T16:36:07.022428+00:00
1228,INPROC_673F27,1,10,team2,Team 2 (E/W),41,79,9,♣,finished,2026-05-17T16:36:07.037194+00:00
1229,INPROC_AD4CEB,1,10,team1,Team 1 (N/S),71,49,21,♥,finished,2026-05-17T16:36:07.051686+00:00
1230,INPROC_D32A5D,1,10,team1,Team 1 (N/S),84,36,28,♥,finished,2026-05-17T16:36:07.068493+00:00
1231,INPROC_925CDA,1,10,team1,Team 1 (N/S),65,55,2,♣,finished,2026-05-17T16:36:07.084187+00:00
1232,INPROC_AA05F2,1,10,team2,Team 2 (E/W),32,88,11,♦,finished,2026-05-17T16:36:07.101695+00:00
1233,INPROC_DFAC2A,1,10,team2,Team 2 (E/W),56,64,17,♦,finished,2026-05-17T16:36:07.119879+00:00
1234,INPROC_A65436,1,10,team1,Team 1 (N/S),80,40,22,♥,finished,2026-05-17T16:36:07.133671+00:00
1235,INPROC_74856D,1,10,team2,Team 2 (E/W),32,88,5,♣,finished,2026-05-17T16:36:07.147428+00:00
1236,INPROC_59315B,1,10,team1,Team 1 (N/S),104,16,33,♠,finished,2026-05-17T16:36:07.160532+00:00
1237,INPROC_591718,1,10,team1,Team 1 (N/S),69,51,38,♠,finished,2026-05-17T16:36:07.177606+00:00
1238,INPROC_4F52BC,1,10,team1,Team 1 (N/S),95,25,11,♦,finished,2026-05-17T16:36:07.192525+00:00
1239,INPROC_D3DCE7,1,10,team1,Team 1 (N/S),69,51,34,♠,finished,2026-05-17T16:36:07.207942+00:00
1240,INPROC_F0C532,1,10,draw,draw,60,60,5,♣,finished,2026-05-17T16:36:07.225395+00:00
1241,INPROC_1DBE28,1,10,team2,Team 2 (E/W),48,72,23,♥,finished,2026-05-17T16:36:07.241921+00:00
1242,INPROC_4D66AB,1,10,team2,Team 2 (E/W),57,63,30,♠,finished,2026-05-17T16:36:07.253251+00:00
1243,INPROC_14367D,1,10,team1,Team 1 (N/S),108,12,25,♥,finished,2026-05-17T16:36:07.266138+00:00
1244,INPROC_8B467C,1,10,team2,Team 2 (E/W),7,113,28,♥,finished,2026-05-17T16:36:07.278546+00:00
1245,INPROC_8BAEAB,1,10,team1,Team 1 (N/S),84,36,20,♥,finished,2026-05-17T16:36:07.293133+00:00
1246,INPROC_4DA02F,1,10,team1,Team 1 (N/S),100,20,24,♥,finished,2026-05-17T16:36:07.309734+00:00
1247,INPROC_1BF83A,1,10,team2,Team 2 (E/W),40,80,12,♦,finished,2026-05-17T16:36:07.324156+00:00
1248,INPROC_9407EA,1,10,team2,Team 2 (E/W),27,93,9,♣,finished,2026-05-17T16:36:07.340002+00:00
1249,INPROC_42B067,1,10,team1,Team 1 (N/S),68,52,33,♠,finished,2026-05-17T16:36:07.355276+00:00
1250,INPROC_5A3157,1,10,team1,Team 1 (N/S),65,55,37,♠,finished,2026-05-17T16:36:07.371343+00:00
1251,INPROC_F12D09,1,10,team2,Team 2 (E/W),21,99,29,♥,finished,2026-05-17T16:36:07.386399+00:00
1252,INPROC_0B217A,1,10,team1,Team 1 (N/S),63,57,38,♠,finished,2026-05-17T16:36:07.400529+00:00
1253,INPROC_3B76D4,1,10,team1,Team 1 (N/S),80,40,0,♣,finished,2026-05-17T16:36:07.415802+00:00
1254,INPROC_23B490,1,10,team2,Team 2 (E/W),49,71,12,♦,finished,2026-05-17T16:36:07.430845+00:00
1255,INPROC_4E079B,1,10,team2,Team 2 (E/W),58,62,27,♥,finished,2026-05-17T16:36:07.447555+00:00
1256,INPROC_20C0CE,1,10,team1,Team 1 (N/S),66,54,28,♥,finished,2026-05-17T16:36:07.464438+00:00
1257,INPROC_EA4077,1,10,team1,Team 1 (N/S),86,34,1,♣,finished,2026-05-17T16:36:07.479067+00:00
1258,INPROC_446267,1,10,team2,Team 2 (E/W),30,90,28,♥,finished,2026-05-17T16:36:07.494675+00:00
1259,INPROC_B66E7B,1,10,team2,Team 2 (E/W),42,78,12,♦,finished,2026-05-17T16:36:07.508524+00:00
1260,INPROC_C4BA8C,1,10,team2,Team 2 (E/W),34,86,6,♣,finished,2026-05-17T16:36:07.522307+00:00
1261,INPROC_150EC1,1,10,team2,Team 2 (E/W),46,74,38,♠,finished,2026-05-17T16:36:07.537019+00:00
1262,INPROC_EFA500,1,10,team2,Team 2 (E/W),30,90,25,♥,finished,2026-05-17T16:36:07.552300+00:00
1263,INPROC_2E2C2C,1,10,team1,Team 1 (N/S),85,35,30,♠,finished,2026-05-17T16:36:07.566966+00:00
1264,INPROC_4CF9F1,1,10,team2,Team 2 (E/W),24,96,26,♥,finished,2026-05-17T16:36:07.585840+00:00
1265,INPROC_F00075,1,10,team1,Team 1 (N/S),88,32,2,♣,finished,2026-05-17T16:36:07.603939+00:00
1266,INPROC_193210,1,10,team1,Team 1 (N/S),73,47,37,♠,finished,2026-05-17T16:36:07.620330+00:00
1267,INPROC_6E7F91,1,10,team2,Team 2 (E/W),55,65,26,♥,finished,2026-05-17T16:36:07.634943+00:00
1268,INPROC_E8E8EF,1,10,team1,Team 1 (N/S),104,16,0,♣,finished,2026-05-17T16:36:07.650906+00:00
1269,INPROC_3FC69B,1,10,team2,Team 2 (E/W),58,62,31,♠,finished,2026-05-17T16:36:07.667047+00:00
1270,INPROC_2C51C8,1,10,team2,Team 2 (E/W),53,67,8,♣,finished,2026-05-17T16:36:07.682171+00:00
1271,INPROC_380023,1,10,team2,Team 2 (E/W),26,94,23,♥,finished,2026-05-17T16:36:07.697013+00:00
1272,INPROC_29F55B,1,10,team1,Team 1 (N/S),92,28,32,♠,finished,2026-05-17T16:36:07.713075+00:00
1273,INPROC_CA95A0,1,10,team1,Team 1 (N/S),95,25,2,♣,finished,2026-05-17T16:36:07.729102+00:00
1274,INPROC_14066F,1,10,team1,Team 1 (N/S),71,49,31,♠,finished,2026-05-17T16:36:07.745265+00:00
1275,INPROC_70865E,1,10,team1,Team 1 (N/S),81,39,35,♠,finished,2026-05-17T16:36:07.763003+00:00
1276,INPROC_D003EA,1,10,team2,Team 2 (E/W),53,67,21,♥,finished,2026-05-17T16:36:07.779512+00:00
1277,INPROC_67B5F2,1,10,team1,Team 1 (N/S),68,52,17,♦,finished,2026-05-17T16:36:07.792845+00:00
1278,INPROC_01279D,1,10,team1,Team 1 (N/S),70,50,33,♠,finished,2026-05-17T16:36:07.808858+00:00
1279,INPROC_5B9BB0,1,10,team2,Team 2 (E/W),12,108,28,♥,finished,2026-05-17T16:36:07.823072+00:00
1280,INPROC_9816CE,1,10,team2,Team 2 (E/W),49,71,11,♦,finished,2026-05-17T16:36:07.838723+00:00
1281,INPROC_9C8DC0,1,10,team1,Team 1 (N/S),81,39,11,♦,finished,2026-05-17T16:36:07.855688+00:00
1282,INPROC_09559F,1,10,team1,Team 1 (N/S),74,46,1,♣,finished,2026-05-17T16:36:07.872466+00:00
1283,INPROC_2D9CD9,1,10,team1,Team 1 (N/S),61,59,37,♠,finished,2026-05-17T16:36:07.887300+00:00
1284,INPROC_B16451,1,10,team1,Team 1 (N/S),79,41,13,♦,finished,2026-05-17T16:36:07.900995+00:00
1285,INPROC_DA73EE,1,10,team2,Team 2 (E/W),53,67,35,♠,finished,2026-05-17T16:36:07.917889+00:00
1286,INPROC_04E907,1,10,team1,Team 1 (N/S),65,55,13,♦,finished,2026-05-17T16:36:07.933620+00:00
1287,INPROC_D59A94,1,10,team2,Team 2 (E/W),40,80,17,♦,finished,2026-05-17T16:36:07.949588+00:00
1288,INPROC_2618B4,1,10,team2,Team 2 (E/W),39,81,34,♠,finished,2026-05-17T16:36:07.961767+00:00
1289,INPROC_B1AEC7,1,10,team2,Team 2 (E/W),46,74,0,♣,finished,2026-05-17T16:36:07.978061+00:00
1290,INPROC_772FC0,1,10,team2,Team 2 (E/W),46,74,6,♣,finished,2026-05-17T16:36:07.992876+00:00
1291,INPROC_71E980,1,10,team2,Team 2 (E/W),54,66,5,♣,finished,2026-05-17T16:36:08.007708+00:00
1292,INPROC_F16B1C,1,10,team1,Team 1 (N/S),74,46,26,♥,finished,2026-05-17T16:36:08.022998+00:00
1293,INPROC_664B22,1,10,team1,Team 1 (N/S),62,58,22,♥,finished,2026-05-17T16:36:08.039662+00:00
1294,INPROC_4046FB,1,10,team1,Team 1 (N/S),71,49,12,♦,finished,2026-05-17T16:36:08.056215+00:00
1295,INPROC_F7FBD9,1,10,team2,Team 2 (E/W),31,89,38,♠,finished,2026-05-17T16:36:08.073109+00:00
1296,INPROC_2FEF51,1,10,team2,Team 2 (E/W),40,80,23,♥,finished,2026-05-17T16:36:08.088813+00:00
1297,INPROC_FBF188,1,10,team1,Team 1 (N/S),70,50,15,♦,finished,2026-05-17T16:36:08.105356+00:00
1298,INPROC_E3F8BC,1,10,team1,Team 1 (N/S),72,48,12,♦,finished,2026-05-17T16:36:08.122686+00:00
1299,INPROC_380C37,1,10,team2,Team 2 (E/W),23,97,0,♣,finished,2026-05-17T16:36:08.138072+00:00
1300,INPROC_DDAB9D,1,10,draw,draw,60,60,15,♦,finished,2026-05-17T16:36:08.152837+00:00
1301,INPROC_13F8C0,1,10,team2,Team 2 (E/W),27,93,15,♦,finished,2026-05-17T16:36:08.166213+00:00
1302,INPROC_3BC942,1,10,team2,Team 2 (E/W),50,70,0,♣,finished,2026-05-17T16:36:08.182889+00:00
1303,INPROC_BAD04D,1,10,team2,Team 2 (E/W),55,65,39,♠,finished,2026-05-17T16:36:08.198979+00:00
1304,INPROC_CF32C7,1,10,team1,Team 1 (N/S),76,44,5,♣,finished,2026-05-17T16:36:08.217235+00:00
1305,INPROC_1B4B81,1,10,team1,Team 1 (N/S),87,33,9,♣,finished,2026-05-17T16:36:08.234134+00:00
1306,INPROC_2E32F7,1,10,team1,Team 1 (N/S),84,36,12,♦,finished,2026-05-17T16:36:08.251227+00:00
1307,INPROC_3E1C44,1,10,team2,Team 2 (E/W),50,70,33,♠,finished,2026-05-17T16:36:08.265900+00:00
1308,INPROC_F8035E,1,10,team2,Team 2 (E/W),49,71,8,♣,finished,2026-05-17T16:36:08.279228+00:00
1309,INPROC_F026C1,1,10,team2,Team 2 (E/W),46,74,0,♣,finished,2026-05-17T16:36:08.294629+00:00
1310,INPROC_A5F3FB,1,10,team2,Team 2 (E/W),46,74,23,♥,finished,2026-05-17T16:36:08.307920+00:00
1311,INPROC_E2D608,1,10,team1,Team 1 (N/S),68,52,21,♥,finished,2026-05-17T16:36:08.322399+00:00
1312,INPROC_40F874,1,10,team2,Team 2 (E/W),6,114,19,♦,finished,2026-05-17T16:36:08.337612+00:00
1313,INPROC_867130,1,10,team2,Team 2 (E/W),52,68,14,♦,finished,2026-05-17T16:36:08.353547+00:00
1314,INPROC_9184B2,1,10,team1,Team 1 (N/S),91,29,36,♠,finished,2026-05-17T16:36:08.369869+00:00
1315,INPROC_54D4FC,1,10,team2,Team 2 (E/W),40,80,35,♠,finished,2026-05-17T16:36:08.387372+00:00
1316,INPROC_552739,1,10,team1,Team 1 (N/S),62,58,29,♥,finished,2026-05-17T16:36:08.403540+00:00
1317,INPROC_AFDA14,1,10,team2,Team 2 (E/W),39,81,38,♠,finished,2026-05-17T16:36:08.419488+00:00
1318,INPROC_2F3542,1,10,team2,Team 2 (E/W),58,62,21,♥,finished,2026-05-17T16:36:08.434018+00:00
1319,INPROC_A2BDF8,1,10,team2,Team 2 (E/W),56,64,37,♠,finished,2026-05-17T16:36:08.450300+00:00
1320,INPROC_0F6301,1,10,team2,Team 2 (E/W),41,79,29,♥,finished,2026-05-17T16:36:08.464933+00:00
1321,INPROC_0EA8FA,1,10,team2,Team 2 (E/W),47,73,36,♠,finished,2026-05-17T16:36:08.479828+00:00
1322,INPROC_1E60AE,1,10,team2,Team 2 (E/W),43,77,26,♥,finished,2026-05-17T16:36:08.495687+00:00
1323,INPROC_644F2E,1,10,team2,Team 2 (E/W),47,73,25,♥,finished,2026-05-17T16:36:08.513033+00:00
1324,INPROC_3E7470,1,10,team2,Team 2 (E/W),56,64,15,♦,finished,2026-05-17T16:36:08.529407+00:00
1325,INPROC_F2C239,1,10,draw,draw,60,60,21,♥,finished,2026-05-17T16:36:08.546375+00:00
1326,INPROC_43617B,1,10,team2,Team 2 (E/W),22,98,23,♥,finished,2026-05-17T16:36:08.562724+00:00
1327,INPROC_5ABBE7,1,10,team1,Team 1 (N/S),68,52,5,♣,finished,2026-05-17T16:36:08.579459+00:00
1328,INPROC_BBCAC2,1,10,team2,Team 2 (E/W),45,75,37,♠,finished,2026-05-17T16:36:08.599064+00:00
1329,INPROC_0BE4AB,1,10,team2,Team 2 (E/W),49,71,23,♥,finished,2026-05-17T16:36:08.614000+00:00
1330,INPROC_2C74CD,1,10,team2,Team 2 (E/W),50,70,28,♥,finished,2026-05-17T16:36:08.631367+00:00
1331,INPROC_5D4AF7,1,10,team2,Team 2 (E/W),51,69,39,♠,finished,2026-05-17T16:36:08.646556+00:00
1332,INPROC_1CCB40,1,10,team2,Team 2 (E/W),26,94,29,♥,finished,2026-05-17T16:36:08.664528+00:00
1333,INPROC_9672E7,1,10,team2,Team 2 (E/W),39,81,8,♣,finished,2026-05-17T16:36:08.681030+00:00
1334,INPROC_6D1FB6,1,10,team1,Team 1 (N/S),61,59,33,♠,finished,2026-05-17T16:36:08.697449+00:00
1335,INPROC_1161F7,1,10,team1,Team 1 (N/S),61,59,28,♥,finished,2026-05-17T16:36:08.714083+00:00
1336,INPROC_216620,1,10,team2,Team 2 (E/W),25,95,16,♦,finished,2026-05-17T16:36:08.731875+00:00
1337,INPROC_4C6D54,1,10,team1,Team 1 (N/S),76,44,27,♥,finished,2026-05-17T16:36:08.747722+00:00
1338,INPROC_9924B1,1,10,team2,Team 2 (E/W),19,101,8,♣,finished,2026-05-17T16:36:08.765208+00:00
1339,INPROC_2E789D,1,10,team1,Team 1 (N/S),91,29,33,♠,finished,2026-05-17T16:36:08.781321+00:00
1340,INPROC_EA2F65,1,10,team1,Team 1 (N/S),62,58,10,♦,finished,2026-05-17T16:36:08.796957+00:00
1341,INPROC_E6B9A0,1,10,team2,Team 2 (E/W),44,76,36,♠,finished,2026-05-17T16:36:08.812241+00:00
1342,INPROC_91AC50,1,10,team2,Team 2 (E/W),5,115,26,♥,finished,2026-05-17T16:36:08.827002+00:00
1343,INPROC_5D335D,1,10,team2,Team 2 (E/W),38,82,3,♣,finished,2026-05-17T16:36:08.843666+00:00
1344,INPROC_96DC8C,1,10,draw,draw,60,60,13,♦,finished,2026-05-17T16:36:08.858620+00:00
1345,INPROC_70C209,1,10,team1,Team 1 (N/S),70,50,30,♠,finished,2026-05-17T16:36:08.876181+00:00
1346,INPROC_32F15B,1,10,team1,Team 1 (N/S),120,0,34,♠,finished,2026-05-17T16:36:08.890573+00:00
1347,INPROC_377088,1,10,team1,Team 1 (N/S),78,42,7,♣,finished,2026-05-17T16:36:08.906176+00:00
1348,INPROC_22262C,1,10,team1,Team 1 (N/S),86,34,13,♦,finished,2026-05-17T16:36:08.920652+00:00
1349,INPROC_1FEB7F,1,10,team2,Team 2 (E/W),51,69,12,♦,finished,2026-05-17T16:36:08.935949+00:00
1350,INPROC_CD9E47,1,10,team1,Team 1 (N/S),73,47,13,♦,finished,2026-05-17T16:36:08.950663+00:00
1351,INPROC_B83C3B,1,10,team2,Team 2 (E/W),51,69,34,♠,finished,2026-05-17T16:36:08.966595+00:00
1352,INPROC_4B90CA,1,10,team2,Team 2 (E/W),30,90,26,♥,finished,2026-05-17T16:36:08.979106+00:00
1353,INPROC_2942A8,1,10,team1,Team 1 (N/S),83,37,1,♣,finished,2026-05-17T16:36:08.994680+00:00
1354,INPROC_9CE6B9,1,10,team2,Team 2 (E/W),57,63,29,♥,finished,2026-05-17T16:36:09.011307+00:00
1355,INPROC_7AA16B,1,10,team2,Team 2 (E/W),47,73,13,♦,finished,2026-05-17T16:36:09.025865+00:00
1356,INPROC_431F89,1,10,team1,Team 1 (N/S),89,31,2,♣,finished,2026-05-17T16:36:09.041248+00:00
1357,INPROC_C3647C,1,10,team2,Team 2 (E/W),46,74,28,♥,finished,2026-05-17T16:36:09.056299+00:00
1358,INPROC_329731,1,10,team2,Team 2 (E/W),43,77,38,♠,finished,2026-05-17T16:36:09.071730+00:00
1359,INPROC_960BCD,1,10,team2,Team 2 (E/W),55,65,13,♦,finished,2026-05-17T16:36:09.086449+00:00
1360,INPROC_943D71,1,10,team1,Team 1 (N/S),89,31,5,♣,finished,2026-05-17T16:36:09.101746+00:00
1361,INPROC_6DCE7B,1,10,team1,Team 1 (N/S),67,53,38,♠,finished,2026-05-17T16:36:09.116214+00:00
1362,INPROC_FD39BB,1,10,team2,Team 2 (E/W),59,61,20,♥,finished,2026-05-17T16:36:09.132656+00:00
1363,INPROC_6D4077,1,10,team1,Team 1 (N/S),71,49,36,♠,finished,2026-05-17T16:36:09.147740+00:00
1364,INPROC_63567A,1,10,team1,Team 1 (N/S),75,45,32,♠,finished,2026-05-17T16:36:09.163196+00:00
1365,INPROC_C2866E,1,10,team2,Team 2 (E/W),49,71,9,♣,finished,2026-05-17T16:36:09.181104+00:00
1366,INPROC_E7A985,1,10,team1,Team 1 (N/S),116,4,5,♣,finished,2026-05-17T16:36:09.195090+00:00
1367,INPROC_FF772C,1,10,team2,Team 2 (E/W),43,77,7,♣,finished,2026-05-17T16:36:09.208389+00:00
1368,INPROC_73F3CA,1,10,team2,Team 2 (E/W),23,97,0,♣,finished,2026-05-17T16:36:09.223038+00:00
1369,INPROC_C5D080,1,10,team2,Team 2 (E/W),56,64,32,♠,finished,2026-05-17T16:36:09.239155+00:00
1370,INPROC_C2B5B3,1,10,team2,Team 2 (E/W),46,74,33,♠,finished,2026-05-17T16:36:09.254011+00:00
1371,INPROC_E2FFD1,1,10,team1,Team 1 (N/S),73,47,3,♣,finished,2026-05-17T16:36:09.268614+00:00
1372,INPROC_74FA82,1,10,team1,Team 1 (N/S),62,58,38,♠,finished,2026-05-17T16:36:09.282846+00:00
1373,INPROC_CA8783,1,10,team1,Team 1 (N/S),104,16,16,♦,finished,2026-05-17T16:36:09.300255+00:00
1374,INPROC_DC7585,1,10,team1,Team 1 (N/S),65,55,21,♥,finished,2026-05-17T16:36:09.318059+00:00
1375,INPROC_E06AE1,1,10,team1,Team 1 (N/S),79,41,24,♥,finished,2026-05-17T16:36:09.335937+00:00
1376,INPROC_AF2FB6,1,10,team1,Team 1 (N/S),89,31,27,♥,finished,2026-05-17T16:36:09.349293+00:00
1377,INPROC_F135A8,1,10,team1,Team 1 (N/S),84,36,13,♦,finished,2026-05-17T16:36:09.363547+00:00
1378,INPROC_5505CC,1,10,team2,Team 2 (E/W),32,88,7,♣,finished,2026-05-17T16:36:09.379198+00:00
1379,INPROC_F30AD9,1,10,team2,Team 2 (E/W),41,79,38,♠,finished,2026-05-17T16:36:09.392905+00:00
1380,INPROC_FF2432,1,10,team1,Team 1 (N/S),62,58,23,♥,finished,2026-05-17T16:36:09.408149+00:00
1381,INPROC_4E41B1,1,10,team1,Team 1 (N/S),85,35,31,♠,finished,2026-05-17T16:36:09.429630+00:00
1382,INPROC_5BFF7A,1,10,draw,draw,60,60,1,♣,finished,2026-05-17T16:36:09.446142+00:00
1383,INPROC_AB1B6D,1,10,team2,Team 2 (E/W),13,107,37,♠,finished,2026-05-17T16:36:09.460548+00:00
1384,INPROC_078E6F,1,10,team2,Team 2 (E/W),23,97,2,♣,finished,2026-05-17T16:36:09.477739+00:00
1385,INPROC_AC3844,1,10,team2,Team 2 (E/W),55,65,20,♥,finished,2026-05-17T16:36:09.491597+00:00
1386,INPROC_FABBB3,1,10,team1,Team 1 (N/S),68,52,35,♠,finished,2026-05-17T16:36:09.507212+00:00
1387,INPROC_372FE5,1,10,team2,Team 2 (E/W),59,61,34,♠,finished,2026-05-17T16:36:09.530600+00:00
1388,INPROC_44F2D6,1,10,team2,Team 2 (E/W),48,72,2,♣,finished,2026-05-17T16:36:09.547013+00:00
1389,INPROC_02BE71,1,10,team1,Team 1 (N/S),102,18,34,♠,finished,2026-05-17T16:36:09.563342+00:00
1390,INPROC_CC6E5F,1,10,team2,Team 2 (E/W),24,96,13,♦,finished,2026-05-17T16:36:09.579925+00:00
1391,INPROC_F740B4,1,10,team2,Team 2 (E/W),47,73,20,♥,finished,2026-05-17T16:36:09.596173+00:00
1392,INPROC_C7CA8F,1,10,team2,Team 2 (E/W),49,71,16,♦,finished,2026-05-17T16:36:09.613366+00:00
1393,INPROC_830A90,1,10,team2,Team 2 (E/W),6,114,36,♠,finished,2026-05-17T16:36:09.629258+00:00
1394,INPROC_8DB2BC,1,10,team2,Team 2 (E/W),57,63,33,♠,finished,2026-05-17T16:36:09.647691+00:00
1395,INPROC_5504A1,1,10,team1,Team 1 (N/S),71,49,24,♥,finished,2026-05-17T16:36:09.665001+00:00
1396,INPROC_2A296E,1,10,team1,Team 1 (N/S),81,39,31,♠,finished,2026-05-17T16:36:09.683033+00:00
1397,INPROC_8D05AA,1,10,team1,Team 1 (N/S),71,49,29,♥,finished,2026-05-17T16:36:09.699350+00:00
1398,INPROC_BB075B,1,10,team1,Team 1 (N/S),61,59,38,♠,finished,2026-05-17T16:36:09.718597+00:00
1399,INPROC_47DCB2,1,10,team1,Team 1 (N/S),81,39,38,♠,finished,2026-05-17T16:36:09.735982+00:00
1400,INPROC_F86E16,1,10,team1,Team 1 (N/S),63,57,19,♦,finished,2026-05-17T16:36:09.755610+00:00
1401,INPROC_46BA02,1,10,team2,Team 2 (E/W),56,64,0,♣,finished,2026-05-17T16:36:09.775809+00:00
1402,INPROC_449A46,1,10,team2,Team 2 (E/W),50,70,14,♦,finished,2026-05-17T16:36:09.793771+00:00
1403,INPROC_AFF1CE,1,10,team2,Team 2 (E/W),23,97,25,♥,finished,2026-05-17T16:36:09.810030+00:00
1404,INPROC_785B6E,1,10,team2,Team 2 (E/W),40,80,37,♠,finished,2026-05-17T16:36:09.827395+00:00
1405,INPROC_530030,1,10,team2,Team 2 (E/W),38,82,15,♦,finished,2026-05-17T16:36:09.846795+00:00
1406,INPROC_8312F8,1,10,team1,Team 1 (N/S),80,40,6,♣,finished,2026-05-17T16:36:09.865339+00:00
1407,INPROC_A3927B,1,10,team2,Team 2 (E/W),0,120,8,♣,finished,2026-05-17T16:36:09.881994+00:00
1408,INPROC_1FCAE4,1,10,team1,Team 1 (N/S),98,22,31,♠,finished,2026-05-17T16:36:09.898587+00:00
1409,INPROC_FBDEBE,1,10,team1,Team 1 (N/S),81,39,16,♦,finished,2026-05-17T16:36:09.915479+00:00
1410,INPROC_F9BA85,1,10,team2,Team 2 (E/W),49,71,29,♥,finished,2026-05-17T16:36:09.932531+00:00
1411,INPROC_68E612,1,10,team1,Team 1 (N/S),93,27,19,♦,finished,2026-05-17T16:36:09.949206+00:00
1412,INPROC_222A9B,1,10,team2,Team 2 (E/W),27,93,13,♦,finished,2026-05-17T16:36:09.964148+00:00
1413,INPROC_FBA2A3,1,10,team1,Team 1 (N/S),71,49,5,♣,finished,2026-05-17T16:36:09.978702+00:00
1414,INPROC_9D41D0,1,10,team2,Team 2 (E/W),39,81,19,♦,finished,2026-05-17T16:36:09.994311+00:00
1415,INPROC_7F5BD3,1,10,team1,Team 1 (N/S),69,51,9,♣,finished,2026-05-17T16:36:10.010398+00:00
1416,INPROC_2E0C9F,1,10,team1,Team 1 (N/S),61,59,0,♣,finished,2026-05-17T16:36:10.028149+00:00
1417,INPROC_04D2DE,1,10,team1,Team 1 (N/S),89,31,34,♠,finished,2026-05-17T16:36:10.045023+00:00
1418,INPROC_F44E43,1,10,team1,Team 1 (N/S),66,54,14,♦,finished,2026-05-17T16:36:10.060706+00:00
1419,INPROC_102A89,1,10,team1,Team 1 (N/S),95,25,14,♦,finished,2026-05-17T16:36:10.075221+00:00
1420,INPROC_EC66FC,1,10,team2,Team 2 (E/W),31,89,13,♦,finished,2026-05-17T16:36:10.091091+00:00
1421,INPROC_065A17,1,10,team2,Team 2 (E/W),37,83,11,♦,finished,2026-05-17T16:36:10.105358+00:00
1422,INPROC_9FA003,1,10,team2,Team 2 (E/W),50,70,11,♦,finished,2026-05-17T16:36:10.119530+00:00
1423,INPROC_09476A,1,10,team1,Team 1 (N/S),120,0,33,♠,finished,2026-05-17T16:36:10.135592+00:00
1424,INPROC_ABC5B0,1,10,team1,Team 1 (N/S),86,34,10,♦,finished,2026-05-17T16:36:10.152586+00:00
1425,INPROC_5550C6,1,10,team1,Team 1 (N/S),61,59,23,♥,finished,2026-05-17T16:36:10.168181+00:00
1426,INPROC_5AEF85,1,10,team2,Team 2 (E/W),36,84,15,♦,finished,2026-05-17T16:36:10.186066+00:00
1427,INPROC_DFC788,1,10,team2,Team 2 (E/W),19,101,36,♠,finished,2026-05-17T16:36:10.203970+00:00
1428,INPROC_B3DDE7,1,10,team1,Team 1 (N/S),66,54,21,♥,finished,2026-05-17T16:36:10.223778+00:00
1429,INPROC_85ABCF,1,10,draw,draw,60,60,38,♠,finished,2026-05-17T16:36:10.241899+00:00
1430,INPROC_274FB1,1,10,team1,Team 1 (N/S),81,39,10,♦,finished,2026-05-17T16:36:10.259410+00:00
1431,INPROC_C32C75,1,10,team2,Team 2 (E/W),51,69,8,♣,finished,2026-05-17T16:36:10.275204+00:00
1432,INPROC_F2DBFD,1,10,team2,Team 2 (E/W),37,83,11,♦,finished,2026-05-17T16:36:10.292781+00:00
1433,INPROC_E3ABAD,1,10,team1,Team 1 (N/S),82,38,34,♠,finished,2026-05-17T16:36:10.308343+00:00
1434,INPROC_17FB19,1,10,team2,Team 2 (E/W),35,85,8,♣,finished,2026-05-17T16:36:10.324721+00:00
1435,INPROC_600AD9,1,10,team2,Team 2 (E/W),36,84,8,♣,finished,2026-05-17T16:36:10.340619+00:00
1436,INPROC_C7C578,1,10,team1,Team 1 (N/S),97,23,11,♦,finished,2026-05-17T16:36:10.356666+00:00
1437,INPROC_7AF535,1,10,team2,Team 2 (E/W),56,64,31,♠,finished,2026-05-17T16:36:10.373310+00:00
1438,INPROC_E33375,1,10,team2,Team 2 (E/W),59,61,20,♥,finished,2026-05-17T16:36:10.389918+00:00
1439,INPROC_D9972A,1,10,team1,Team 1 (N/S),93,27,25,♥,finished,2026-05-17T16:36:10.405659+00:00
1440,INPROC_2AD3AC,1,10,team2,Team 2 (E/W),53,67,34,♠,finished,2026-05-17T16:36:10.421804+00:00
1441,INPROC_BE2A04,1,10,team1,Team 1 (N/S),69,51,25,♥,finished,2026-05-17T16:36:10.440158+00:00
1442,INPROC_8A1360,1,10,team1,Team 1 (N/S),117,3,8,♣,finished,2026-05-17T16:36:10.480025+00:00
1443,INPROC_A72F44,1,10,team2,Team 2 (E/W),55,65,31,♠,finished,2026-05-17T16:36:10.501817+00:00
1444,INPROC_49E62C,1,10,team1,Team 1 (N/S),103,17,1,♣,finished,2026-05-17T16:36:10.518157+00:00
1445,INPROC_67BA39,1,10,team1,Team 1 (N/S),67,53,32,♠,finished,2026-05-17T16:36:10.534933+00:00
1446,INPROC_72CEB7,1,10,team1,Team 1 (N/S),77,43,4,♣,finished,2026-05-17T16:36:10.555050+00:00
1447,INPROC_040365,1,10,team1,Team 1 (N/S),83,37,2,♣,finished,2026-05-17T16:36:10.570479+00:00
1448,INPROC_29C74D,1,10,team1,Team 1 (N/S),80,40,10,♦,finished,2026-05-17T16:36:10.591333+00:00
1449,INPROC_147481,1,10,team1,Team 1 (N/S),70,50,23,♥,finished,2026-05-17T16:36:10.610033+00:00
1450,INPROC_AAD41B,1,10,team2,Team 2 (E/W),31,89,34,♠,finished,2026-05-17T16:36:10.626442+00:00
1451,INPROC_C2AC83,1,10,team1,Team 1 (N/S),84,36,39,♠,finished,2026-05-17T16:36:10.645175+00:00
1452,INPROC_0C7D3C,1,10,team2,Team 2 (E/W),51,69,5,♣,finished,2026-05-17T16:36:10.665507+00:00
1453,INPROC_9CD197,1,10,team2,Team 2 (E/W),57,63,31,♠,finished,2026-05-17T16:36:10.683208+00:00
1454,INPROC_871B99,1,10,team2,Team 2 (E/W),33,87,31,♠,finished,2026-05-17T16:36:10.702406+00:00
1455,INPROC_93EA8C,1,10,team2,Team 2 (E/W),44,76,11,♦,finished,2026-05-17T16:36:10.720653+00:00
1456,INPROC_E38097,1,10,team1,Team 1 (N/S),71,49,10,♦,finished,2026-05-17T16:36:10.737915+00:00
1457,INPROC_82AAF4,1,10,team2,Team 2 (E/W),52,68,0,♣,finished,2026-05-17T16:36:10.752190+00:00
1458,INPROC_93210D,1,10,team2,Team 2 (E/W),51,69,9,♣,finished,2026-05-17T16:36:10.767386+00:00
1459,INPROC_900AA0,1,10,team1,Team 1 (N/S),61,59,5,♣,finished,2026-05-17T16:36:10.783388+00:00
1460,INPROC_D447F3,1,10,team1,Team 1 (N/S),64,56,1,♣,finished,2026-05-17T16:36:10.800919+00:00
1461,INPROC_7A1526,1,10,team2,Team 2 (E/W),58,62,13,♦,finished,2026-05-17T16:36:10.817329+00:00
1462,INPROC_86BD04,1,10,team1,Team 1 (N/S),88,32,6,♣,finished,2026-05-17T16:36:10.835146+00:00
1463,INPROC_92E9B9,1,10,team1,Team 1 (N/S),86,34,14,♦,finished,2026-05-17T16:36:10.851097+00:00
1464,INPROC_1CA0FF,1,10,team2,Team 2 (E/W),15,105,27,♥,finished,2026-05-17T16:36:10.868516+00:00
1465,INPROC_8C3389,1,10,team1,Team 1 (N/S),81,39,22,♥,finished,2026-05-17T16:36:10.887254+00:00
1466,INPROC_806DCF,1,10,team2,Team 2 (E/W),32,88,24,♥,finished,2026-05-17T16:36:10.903092+00:00
1467,INPROC_A25E69,1,10,team1,Team 1 (N/S),92,28,38,♠,finished,2026-05-17T16:36:10.917870+00:00
1468,INPROC_C3DFEB,1,10,team2,Team 2 (E/W),29,91,21,♥,finished,2026-05-17T16:36:10.932359+00:00
1469,INPROC_B83C3E,1,10,team1,Team 1 (N/S),93,27,17,♦,finished,2026-05-17T16:36:10.948655+00:00
1470,INPROC_75CF49,1,10,team2,Team 2 (E/W),41,79,31,♠,finished,2026-05-17T16:36:10.965111+00:00
1471,INPROC_5912DD,1,10,team2,Team 2 (E/W),0,120,3,♣,finished,2026-05-17T16:36:10.979922+00:00
1472,INPROC_F18EBE,1,10,team2,Team 2 (E/W),34,86,4,♣,finished,2026-05-17T16:36:10.995784+00:00
1473,INPROC_1C910B,1,10,team1,Team 1 (N/S),75,45,19,♦,finished,2026-05-17T16:36:11.012891+00:00
1474,INPROC_261666,1,10,team2,Team 2 (E/W),22,98,24,♥,finished,2026-05-17T16:36:11.030059+00:00
1475,INPROC_BC2E54,1,10,team1,Team 1 (N/S),91,29,39,♠,finished,2026-05-17T16:36:11.048333+00:00
1476,INPROC_E0C3EE,1,10,team2,Team 2 (E/W),47,73,23,♥,finished,2026-05-17T16:36:11.062726+00:00
1477,INPROC_B6BB94,1,10,draw,draw,60,60,16,♦,finished,2026-05-17T16:36:11.077136+00:00
1478,INPROC_2E7D80,1,10,team2,Team 2 (E/W),59,61,10,♦,finished,2026-05-17T16:36:11.094723+00:00
1479,INPROC_7E6522,1,10,team2,Team 2 (E/W),55,65,12,♦,finished,2026-05-17T16:36:11.111208+00:00
1480,INPROC_1CF462,1,10,team2,Team 2 (E/W),18,102,17,♦,finished,2026-05-17T16:36:11.128457+00:00
1481,INPROC_7F598D,1,10,team2,Team 2 (E/W),38,82,25,♥,finished,2026-05-17T16:36:11.141345+00:00
1482,INPROC_63E6D0,1,10,team2,Team 2 (E/W),52,68,36,♠,finished,2026-05-17T16:36:11.154593+00:00
1483,INPROC_5F5B9A,1,10,team1,Team 1 (N/S),91,29,16,♦,finished,2026-05-17T16:36:11.168552+00:00
1484,INPROC_390503,1,10,team2,Team 2 (E/W),37,83,13,♦,finished,2026-05-17T16:36:11.179577+00:00
1485,INPROC_AB5A4C,1,10,team2,Team 2 (E/W),59,61,16,♦,finished,2026-05-17T16:36:11.191315+00:00
1486,INPROC_F61EEF,1,10,team1,Team 1 (N/S),66,54,31,♠,finished,2026-05-17T16:36:11.203858+00:00
1487,INPROC_D990CF,1,10,team1,Team 1 (N/S),78,42,1,♣,finished,2026-05-17T16:36:11.217588+00:00
1488,INPROC_D40379,1,10,team1,Team 1 (N/S),78,42,26,♥,finished,2026-05-17T16:36:11.234605+00:00
1489,INPROC_D081FF,1,10,team1,Team 1 (N/S),111,9,34,♠,finished,2026-05-17T16:36:11.251194+00:00
1490,INPROC_1F6612,1,10,team2,Team 2 (E/W),51,69,18,♦,finished,2026-05-17T16:36:11.266266+00:00
1491,INPROC_FE88F2,1,10,team2,Team 2 (E/W),34,86,23,♥,finished,2026-05-17T16:36:11.279478+00:00
1492,INPROC_0AE81C,1,10,team2,Team 2 (E/W),57,63,7,♣,finished,2026-05-17T16:36:11.293742+00:00
1493,INPROC_05366B,1,10,team2,Team 2 (E/W),53,67,35,♠,finished,2026-05-17T16:36:11.310078+00:00
1494,INPROC_022B0A,1,10,team1,Team 1 (N/S),68,52,30,♠,finished,2026-05-17T16:36:11.324419+00:00
1495,INPROC_2F2357,1,10,team1,Team 1 (N/S),82,38,34,♠,finished,2026-05-17T16:36:11.337527+00:00
1496,INPROC_FEEF89,1,10,team2,Team 2 (E/W),40,80,8,♣,finished,2026-05-17T16:36:11.348841+00:00
1497,INPROC_CA8765,1,10,team1,Team 1 (N/S),76,44,22,♥,finished,2026-05-17T16:36:11.361143+00:00
1498,INPROC_A5B446,1,10,team1,Team 1 (N/S),65,55,12,♦,finished,2026-05-17T16:36:11.376578+00:00
1499,INPROC_DCAC55,1,10,team1,Team 1 (N/S),71,49,22,♥,finished,2026-05-17T16:36:11.391476+00:00
1500,INPROC_5BC0B2,1,10,team1,Team 1 (N/S),109,11,28,♥,finished,2026-05-17T16:36:11.404407+00:00
1501,INPROC_311625,1,10,team1,Team 1 (N/S),66,54,31,♠,finished,2026-05-17T16:36:10.940439+00:00
1502,INPROC_03E105,1,10,team1,Team 1 (N/S),65,55,17,♦,finished,2026-05-17T16:36:10.957034+00:00
1503,INPROC_0F2BD0,1,10,team2,Team 2 (E/W),26,94,16,♦,finished,2026-05-17T16:36:10.970637+00:00
1504,INPROC_122E7F,1,10,team2,Team 2 (E/W),22,98,19,♦,finished,2026-05-17T16:36:10.985430+00:00
1505,INPROC_9CB11D,1,10,team2,Team 2 (E/W),33,87,34,♠,finished,2026-05-17T16:36:11.002045+00:00
1506,INPROC_AAEB0F,1,10,team1,Team 1 (N/S),62,58,16,♦,finished,2026-05-17T16:36:11.017005+00:00
1507,INPROC_DD525E,1,10,team2,Team 2 (E/W),42,78,14,♦,finished,2026-05-17T16:36:11.032662+00:00
1508,INPROC_F01E45,1,10,team2,Team 2 (E/W),53,67,6,♣,finished,2026-05-17T16:36:11.047630+00:00
1509,INPROC_2C7F17,1,10,team1,Team 1 (N/S),94,26,34,♠,finished,2026-05-17T16:36:11.063177+00:00
1510,INPROC_476FE6,1,10,team1,Team 1 (N/S),97,23,17,♦,finished,2026-05-17T16:36:11.078065+00:00
1511,INPROC_BE411A,1,10,team2,Team 2 (E/W),31,89,28,♥,finished,2026-05-17T16:36:11.093831+00:00
1512,INPROC_9E5A36,1,10,team1,Team 1 (N/S),63,57,39,♠,finished,2026-05-17T16:36:11.109319+00:00
1513,INPROC_4EA9CD,1,10,team1,Team 1 (N/S),99,21,20,♥,finished,2026-05-17T16:36:11.124591+00:00
1514,INPROC_21322A,1,10,team1,Team 1 (N/S),73,47,18,♦,finished,2026-05-17T16:36:11.141859+00:00
1515,INPROC_F5E569,1,10,team2,Team 2 (E/W),47,73,22,♥,finished,2026-05-17T16:36:11.159943+00:00
1516,INPROC_847BB3,1,10,team2,Team 2 (E/W),33,87,24,♥,finished,2026-05-17T16:36:11.177388+00:00
1517,INPROC_8C9E13,1,10,team1,Team 1 (N/S),79,41,10,♦,finished,2026-05-17T16:36:11.195269+00:00
1518,INPROC_908FF9,1,10,team2,Team 2 (E/W),34,86,27,♥,finished,2026-05-17T16:36:11.212723+00:00
1519,INPROC_F8BAA4,1,10,team2,Team 2 (E/W),54,66,21,♥,finished,2026-05-17T16:36:11.229162+00:00
1520,INPROC_EEDE55,1,10,team1,Team 1 (N/S),62,58,13,♦,finished,2026-05-17T16:36:11.246680+00:00
1521,INPROC_0193AA,1,10,team2,Team 2 (E/W),49,71,10,♦,finished,2026-05-17T16:36:11.264545+00:00
1522,INPROC_86C7E3,1,10,team1,Team 1 (N/S),67,53,19,♦,finished,2026-05-17T16:36:11.281895+00:00
1523,INPROC_9EA03A,1,10,team1,Team 1 (N/S),82,38,2,♣,finished,2026-05-17T16:36:11.300716+00:00
1524,INPROC_DE0B66,1,10,team1,Team 1 (N/S),70,50,38,♠,finished,2026-05-17T16:36:11.318844+00:00
1525,INPROC_5FD4B4,1,10,team1,Team 1 (N/S),83,37,24,♥,finished,2026-05-17T16:36:11.337923+00:00
1526,INPROC_DC3C62,1,10,team2,Team 2 (E/W),46,74,21,♥,finished,2026-05-17T16:36:11.353583+00:00
1527,INPROC_3D31D9,1,10,draw,draw,60,60,30,♠,finished,2026-05-17T16:36:11.368070+00:00
1528,INPROC_77B5A6,1,10,team2,Team 2 (E/W),47,73,34,♠,finished,2026-05-17T16:36:11.382972+00:00
1529,INPROC_C5BC0D,1,10,team1,Team 1 (N/S),84,36,11,♦,finished,2026-05-17T16:36:11.402650+00:00
1530,INPROC_A19D98,1,10,team2,Team 2 (E/W),49,71,31,♠,finished,2026-05-17T16:36:11.420807+00:00
1531,INPROC_D4E385,1,10,team1,Team 1 (N/S),77,43,3,♣,finished,2026-05-17T16:36:11.438477+00:00
1532,INPROC_E1BF85,1,10,team2,Team 2 (E/W),55,65,5,♣,finished,2026-05-17T16:36:11.454209+00:00
1533,INPROC_82B273,1,10,team1,Team 1 (N/S),81,39,25,♥,finished,2026-05-17T16:36:11.471238+00:00
1534,INPROC_B2B04B,1,10,team1,Team 1 (N/S),64,56,8,♣,finished,2026-05-17T16:36:11.487088+00:00
1535,INPROC_30B2EC,1,10,team2,Team 2 (E/W),49,71,3,♣,finished,2026-05-17T16:36:11.503634+00:00
1536,INPROC_4CB7DA,1,10,team1,Team 1 (N/S),62,58,22,♥,finished,2026-05-17T16:36:11.519220+00:00
1537,INPROC_E33990,1,10,team1,Team 1 (N/S),75,45,37,♠,finished,2026-05-17T16:36:11.535774+00:00
1538,INPROC_971F21,1,10,team1,Team 1 (N/S),67,53,8,♣,finished,2026-05-17T16:36:11.550871+00:00
1539,INPROC_02E3BD,1,10,team2,Team 2 (E/W),56,64,2,♣,finished,2026-05-17T16:36:11.563416+00:00
1540,INPROC_754B42,1,10,team1,Team 1 (N/S),66,54,15,♦,finished,2026-05-17T16:36:11.579666+00:00
1541,INPROC_8A6EA3,1,10,team2,Team 2 (E/W),48,72,35,♠,finished,2026-05-17T16:36:11.596835+00:00
1542,INPROC_6A4A8E,1,10,team2,Team 2 (E/W),27,93,27,♥,finished,2026-05-17T16:36:11.614746+00:00
1543,INPROC_C19F5A,1,10,team2,Team 2 (E/W),59,61,27,♥,finished,2026-05-17T16:36:11.632728+00:00
1544,INPROC_3F4A75,1,10,team2,Team 2 (E/W),48,72,30,♠,finished,2026-05-17T16:36:11.648620+00:00
1545,INPROC_6DC36F,1,10,team1,Team 1 (N/S),78,42,35,♠,finished,2026-05-17T16:36:11.665253+00:00
1546,INPROC_11F2E1,1,10,team1,Team 1 (N/S),109,11,22,♥,finished,2026-05-17T16:36:11.683196+00:00
1547,INPROC_42BBB3,1,10,team1,Team 1 (N/S),103,17,30,♠,finished,2026-05-17T16:36:11.698871+00:00
1548,INPROC_C93ADD,1,10,team1,Team 1 (N/S),79,41,8,♣,finished,2026-05-17T16:36:11.714647+00:00
1549,INPROC_37EDC8,1,10,team1,Team 1 (N/S),82,38,18,♦,finished,2026-05-17T16:36:11.730422+00:00
1550,INPROC_09F3E7,1,10,team2,Team 2 (E/W),41,79,10,♦,finished,2026-05-17T16:36:11.746484+00:00
1551,INPROC_3D7D08,1,10,team2,Team 2 (E/W),51,69,19,♦,finished,2026-05-17T16:36:11.763183+00:00
1552,INPROC_66875E,1,10,team1,Team 1 (N/S),79,41,36,♠,finished,2026-05-17T16:36:11.780556+00:00
1553,INPROC_CF5E07,1,10,team2,Team 2 (E/W),35,85,11,♦,finished,2026-05-17T16:36:11.797027+00:00
1554,INPROC_3454AA,1,10,team2,Team 2 (E/W),40,80,15,♦,finished,2026-05-17T16:36:11.811053+00:00
1555,INPROC_E04E3B,1,10,team1,Team 1 (N/S),67,53,24,♥,finished,2026-05-17T16:36:11.825606+00:00
1556,INPROC_74FBFD,1,10,team2,Team 2 (E/W),46,74,1,♣,finished,2026-05-17T16:36:11.841941+00:00
1557,INPROC_C9B93F,1,10,team2,Team 2 (E/W),15,105,30,♠,finished,2026-05-17T16:36:11.855589+00:00
1558,INPROC_76A57C,1,10,team1,Team 1 (N/S),69,51,0,♣,finished,2026-05-17T16:36:11.871403+00:00
1559,INPROC_DAFC28,1,10,team1,Team 1 (N/S),62,58,30,♠,finished,2026-05-17T16:36:11.888157+00:00
1560,INPROC_B634DC,1,10,team1,Team 1 (N/S),79,41,34,♠,finished,2026-05-17T16:36:11.905022+00:00
1561,INPROC_B68720,1,10,team2,Team 2 (E/W),33,87,2,♣,finished,2026-05-17T16:36:11.921765+00:00
1562,INPROC_C94572,1,10,team2,Team 2 (E/W),43,77,30,♠,finished,2026-05-17T16:36:11.939493+00:00
1563,INPROC_92CB93,1,10,team1,Team 1 (N/S),79,41,33,♠,finished,2026-05-17T16:36:11.955641+00:00
1564,INPROC_4E11E4,1,10,team2,Team 2 (E/W),59,61,21,♥,finished,2026-05-17T16:36:11.971012+00:00
1565,INPROC_2CF2CF,1,10,team1,Team 1 (N/S),89,31,3,♣,finished,2026-05-17T16:36:11.988742+00:00
1566,INPROC_2C9791,1,10,team1,Team 1 (N/S),72,48,16,♦,finished,2026-05-17T16:36:12.007496+00:00
1567,INPROC_91B8D2,1,10,team2,Team 2 (E/W),15,105,33,♠,finished,2026-05-17T16:36:12.023305+00:00
1568,INPROC_082CBE,1,10,team2,Team 2 (E/W),25,95,18,♦,finished,2026-05-17T16:36:12.039603+00:00
1569,INPROC_61CF91,1,10,team2,Team 2 (E/W),24,96,8,♣,finished,2026-05-17T16:36:12.054752+00:00
1570,INPROC_AF4F9E,1,10,team1,Team 1 (N/S),77,43,39,♠,finished,2026-05-17T16:36:12.070759+00:00
1571,INPROC_9569A9,1,10,team2,Team 2 (E/W),46,74,19,♦,finished,2026-05-17T16:36:12.086935+00:00
1572,INPROC_3CF33C,1,10,team2,Team 2 (E/W),31,89,16,♦,finished,2026-05-17T16:36:12.102528+00:00
1573,INPROC_8D6AED,1,10,team1,Team 1 (N/S),65,55,36,♠,finished,2026-05-17T16:36:12.121084+00:00
1574,INPROC_F8299E,1,10,team1,Team 1 (N/S),69,51,27,♥,finished,2026-05-17T16:36:12.136340+00:00
1575,INPROC_C50C38,1,10,team2,Team 2 (E/W),49,71,29,♥,finished,2026-05-17T16:36:12.151899+00:00
1576,INPROC_C697C8,1,10,team2,Team 2 (E/W),40,80,21,♥,finished,2026-05-17T16:36:12.166647+00:00
1577,INPROC_2DB548,1,10,team1,Team 1 (N/S),102,18,33,♠,finished,2026-05-17T16:36:12.182617+00:00
1578,INPROC_E8A419,1,10,team2,Team 2 (E/W),36,84,38,♠,finished,2026-05-17T16:36:12.198796+00:00
1579,INPROC_C4EB6A,1,10,team1,Team 1 (N/S),63,57,8,♣,finished,2026-05-17T16:36:12.214153+00:00
1580,INPROC_378DFB,1,10,team1,Team 1 (N/S),105,15,1,♣,finished,2026-05-17T16:36:12.232444+00:00
1581,INPROC_AC3EA7,1,10,team2,Team 2 (E/W),47,73,13,♦,finished,2026-05-17T16:36:12.249817+00:00
1582,INPROC_6F8674,1,10,team2,Team 2 (E/W),34,86,17,♦,finished,2026-05-17T16:36:12.267420+00:00
1583,INPROC_D52A6E,1,10,team2,Team 2 (E/W),54,66,6,♣,finished,2026-05-17T16:36:12.284773+00:00
1584,INPROC_6E3B7F,1,10,team2,Team 2 (E/W),52,68,36,♠,finished,2026-05-17T16:36:12.300283+00:00
1585,INPROC_D3EBA8,1,10,team1,Team 1 (N/S),100,20,10,♦,finished,2026-05-17T16:36:12.319625+00:00
1586,INPROC_91B74B,1,10,team2,Team 2 (E/W),49,71,7,♣,finished,2026-05-17T16:36:12.343919+00:00
1587,INPROC_4D51F9,1,10,team2,Team 2 (E/W),8,112,19,♦,finished,2026-05-17T16:36:12.362088+00:00
1588,INPROC_ECA4F9,1,10,team2,Team 2 (E/W),37,83,35,♠,finished,2026-05-17T16:36:12.378944+00:00
1589,INPROC_A7EFA3,1,10,team2,Team 2 (E/W),32,88,38,♠,finished,2026-05-17T16:36:12.397250+00:00
1590,INPROC_126F94,1,10,team2,Team 2 (E/W),38,82,12,♦,finished,2026-05-17T16:36:12.414277+00:00
1591,INPROC_CF78D8,1,10,team2,Team 2 (E/W),50,70,26,♥,finished,2026-05-17T16:36:12.432155+00:00
1592,INPROC_FF22C7,1,10,team2,Team 2 (E/W),57,63,24,♥,finished,2026-05-17T16:36:12.448286+00:00
1593,INPROC_60335B,1,10,team2,Team 2 (E/W),46,74,3,♣,finished,2026-05-17T16:36:12.465757+00:00
1594,INPROC_523E34,1,10,team2,Team 2 (E/W),14,106,39,♠,finished,2026-05-17T16:36:12.482305+00:00
1595,INPROC_B875C6,1,10,team1,Team 1 (N/S),75,45,8,♣,finished,2026-05-17T16:36:12.498347+00:00
1596,INPROC_CBCE85,1,10,team1,Team 1 (N/S),74,46,33,♠,finished,2026-05-17T16:36:12.515181+00:00
1597,INPROC_A45E51,1,10,team2,Team 2 (E/W),37,83,34,♠,finished,2026-05-17T16:36:12.532274+00:00
1598,INPROC_A0365E,1,10,team1,Team 1 (N/S),70,50,19,♦,finished,2026-05-17T16:36:12.549242+00:00
1599,INPROC_C01535,1,10,team2,Team 2 (E/W),44,76,29,♥,finished,2026-05-17T16:36:12.564987+00:00
1600,INPROC_A753F6,1,10,team1,Team 1 (N/S),97,23,27,♥,finished,2026-05-17T16:36:12.580645+00:00
1601,INPROC_D7165F,1,10,team2,Team 2 (E/W),24,96,32,♠,finished,2026-05-17T16:36:12.593712+00:00
1602,INPROC_2CB489,1,10,team2,Team 2 (E/W),52,68,8,♣,finished,2026-05-17T16:36:12.608650+00:00
1603,INPROC_F6D112,1,10,team2,Team 2 (E/W),46,74,34,♠,finished,2026-05-17T16:36:12.624301+00:00
1604,INPROC_354C9A,1,10,team1,Team 1 (N/S),82,38,36,♠,finished,2026-05-17T16:36:12.639234+00:00
1605,INPROC_07BD8C,1,10,team2,Team 2 (E/W),22,98,13,♦,finished,2026-05-17T16:36:12.654886+00:00
1606,INPROC_828DDA,1,10,team2,Team 2 (E/W),36,84,29,♥,finished,2026-05-17T16:36:12.669536+00:00
1607,INPROC_4A86F7,1,10,team2,Team 2 (E/W),54,66,11,♦,finished,2026-05-17T16:36:12.684391+00:00
1608,INPROC_341BFC,1,10,team2,Team 2 (E/W),43,77,23,♥,finished,2026-05-17T16:36:12.700956+00:00
1609,INPROC_E447CE,1,10,team1,Team 1 (N/S),78,42,32,♠,finished,2026-05-17T16:36:12.715856+00:00
1610,INPROC_F21AB6,1,10,team2,Team 2 (E/W),47,73,8,♣,finished,2026-05-17T16:36:12.729499+00:00
1611,INPROC_FFE888,1,10,team2,Team 2 (E/W),30,90,19,♦,finished,2026-05-17T16:36:12.744060+00:00
1612,INPROC_660B8B,1,10,team2,Team 2 (E/W),37,83,9,♣,finished,2026-05-17T16:36:12.760511+00:00
1613,INPROC_880414,1,10,team1,Team 1 (N/S),62,58,23,♥,finished,2026-05-17T16:36:12.773454+00:00
1614,INPROC_20FFBA,1,10,team1,Team 1 (N/S),70,50,36,♠,finished,2026-05-17T16:36:12.787654+00:00
1615,INPROC_CAD5EA,1,10,team2,Team 2 (E/W),18,102,34,♠,finished,2026-05-17T16:36:12.800843+00:00
1616,INPROC_38AD04,1,10,team1,Team 1 (N/S),88,32,30,♠,finished,2026-05-17T16:36:12.815018+00:00
1617,INPROC_71FCBD,1,10,team1,Team 1 (N/S),69,51,1,♣,finished,2026-05-17T16:36:12.827797+00:00
1618,INPROC_B538FA,1,10,team2,Team 2 (E/W),54,66,33,♠,finished,2026-05-17T16:36:12.842454+00:00
1619,INPROC_530771,1,10,team2,Team 2 (E/W),14,106,34,♠,finished,2026-05-17T16:36:12.857540+00:00
1620,INPROC_10CAF2,1,10,team2,Team 2 (E/W),37,83,17,♦,finished,2026-05-17T16:36:12.872191+00:00
1621,INPROC_721804,1,10,team2,Team 2 (E/W),56,64,35,♠,finished,2026-05-17T16:36:12.888112+00:00
1622,INPROC_F71F59,1,10,team2,Team 2 (E/W),0,120,21,♥,finished,2026-05-17T16:36:12.902857+00:00
1623,INPROC_763B4A,1,10,team1,Team 1 (N/S),73,47,39,♠,finished,2026-05-17T16:36:12.917156+00:00
1624,INPROC_B70208,1,10,team2,Team 2 (E/W),57,63,2,♣,finished,2026-05-17T16:36:12.928707+00:00
1625,INPROC_18B979,1,10,team1,Team 1 (N/S),99,21,35,♠,finished,2026-05-17T16:36:12.942813+00:00
1626,INPROC_AFB0A2,1,10,draw,draw,60,60,29,♥,finished,2026-05-17T16:36:12.958303+00:00
1627,INPROC_D1412F,1,10,team1,Team 1 (N/S),70,50,14,♦,finished,2026-05-17T16:36:12.974888+00:00
1628,INPROC_6A0E09,1,10,team1,Team 1 (N/S),68,52,17,♦,finished,2026-05-17T16:36:12.991674+00:00
1629,INPROC_E5C91C,1,10,team2,Team 2 (E/W),7,113,33,♠,finished,2026-05-17T16:36:13.005427+00:00
1630,INPROC_EB8652,1,10,team2,Team 2 (E/W),47,73,25,♥,finished,2026-05-17T16:36:13.022073+00:00
1631,INPROC_06BD30,1,10,team2,Team 2 (E/W),50,70,22,♥,finished,2026-05-17T16:36:13.037335+00:00
1632,INPROC_2D877A,1,10,team2,Team 2 (E/W),42,78,12,♦,finished,2026-05-17T16:36:13.053959+00:00
1633,INPROC_0C9A84,1,10,team1,Team 1 (N/S),74,46,15,♦,finished,2026-05-17T16:36:13.070266+00:00
1634,INPROC_1061A5,1,10,team2,Team 2 (E/W),32,88,21,♥,finished,2026-05-17T16:36:13.086161+00:00
1635,INPROC_F092DA,1,10,team2,Team 2 (E/W),39,81,26,♥,finished,2026-05-17T16:36:13.100597+00:00
1636,INPROC_9B5EA2,1,10,team2,Team 2 (E/W),46,74,9,♣,finished,2026-05-17T16:36:13.116337+00:00
1637,INPROC_D28AEA,1,10,team2,Team 2 (E/W),27,93,16,♦,finished,2026-05-17T16:36:13.132208+00:00
1638,INPROC_2D5907,1,10,team2,Team 2 (E/W),28,92,29,♥,finished,2026-05-17T16:36:13.148569+00:00
1639,INPROC_B2FBFA,1,10,team1,Team 1 (N/S),67,53,31,♠,finished,2026-05-17T16:36:13.165329+00:00
1640,INPROC_D4B33D,1,10,team2,Team 2 (E/W),54,66,26,♥,finished,2026-05-17T16:36:13.179661+00:00
1641,INPROC_98DF9C,1,10,team2,Team 2 (E/W),48,72,36,♠,finished,2026-05-17T16:36:13.196301+00:00
1642,INPROC_3BC507,1,10,team2,Team 2 (E/W),12,108,26,♥,finished,2026-05-17T16:36:13.212826+00:00
1643,INPROC_27BCC9,1,10,team1,Team 1 (N/S),74,46,19,♦,finished,2026-05-17T16:36:13.228301+00:00
1644,INPROC_C790AC,1,10,team2,Team 2 (E/W),29,91,30,♠,finished,2026-05-17T16:36:13.244661+00:00
1645,INPROC_2F9664,1,10,team2,Team 2 (E/W),21,99,17,♦,finished,2026-05-17T16:36:13.261245+00:00
1646,INPROC_68C7C7,1,10,team2,Team 2 (E/W),38,82,22,♥,finished,2026-05-17T16:36:13.276905+00:00
1647,INPROC_929DA5,1,10,team2,Team 2 (E/W),57,63,21,♥,finished,2026-05-17T16:36:13.294291+00:00
1648,INPROC_4BF674,1,10,team2,Team 2 (E/W),14,106,17,♦,finished,2026-05-17T16:36:13.310008+00:00
1649,INPROC_18FABE,1,10,team1,Team 1 (N/S),61,59,24,♥,finished,2026-05-17T16:36:13.327622+00:00
1650,INPROC_E9387E,1,10,team2,Team 2 (E/W),28,92,19,♦,finished,2026-05-17T16:36:13.344270+00:00
1651,INPROC_7A2659,1,10,team1,Team 1 (N/S),102,18,24,♥,finished,2026-05-17T16:36:13.359360+00:00
1652,INPROC_9DB51B,1,10,team2,Team 2 (E/W),27,93,30,♠,finished,2026-05-17T16:36:13.375015+00:00
1653,INPROC_A4A7BD,1,10,team2,Team 2 (E/W),11,109,36,♠,finished,2026-05-17T16:36:13.390042+00:00
1654,INPROC_7F162F,1,10,team1,Team 1 (N/S),82,38,4,♣,finished,2026-05-17T16:36:13.405533+00:00
1655,INPROC_D084B5,1,10,team1,Team 1 (N/S),77,43,2,♣,finished,2026-05-17T16:36:13.420537+00:00
1656,INPROC_DB6F78,1,10,team2,Team 2 (E/W),19,101,18,♦,finished,2026-05-17T16:36:13.434056+00:00
1657,INPROC_AA1B6F,1,10,team1,Team 1 (N/S),85,35,2,♣,finished,2026-05-17T16:36:13.448225+00:00
1658,INPROC_0745BA,1,10,team2,Team 2 (E/W),47,73,33,♠,finished,2026-05-17T16:36:13.472180+00:00
1659,INPROC_1F35BE,1,10,team1,Team 1 (N/S),88,32,27,♥,finished,2026-05-17T16:36:13.488725+00:00
1660,INPROC_608BA5,1,10,team2,Team 2 (E/W),45,75,13,♦,finished,2026-05-17T16:36:13.505743+00:00
1661,INPROC_20384B,1,10,team1,Team 1 (N/S),64,56,0,♣,finished,2026-05-17T16:36:13.522838+00:00
1662,INPROC_B6924C,1,10,team2,Team 2 (E/W),38,82,9,♣,finished,2026-05-17T16:36:13.539494+00:00
1663,INPROC_C5BB8F,1,10,team1,Team 1 (N/S),92,28,2,♣,finished,2026-05-17T16:36:13.555249+00:00
1664,INPROC_32F9AF,1,10,team1,Team 1 (N/S),87,33,2,♣,finished,2026-05-17T16:36:13.570037+00:00
1665,INPROC_363E2C,1,10,team2,Team 2 (E/W),49,71,34,♠,finished,2026-05-17T16:36:13.585626+00:00
1666,INPROC_5F7C92,1,10,team2,Team 2 (E/W),37,83,3,♣,finished,2026-05-17T16:36:13.605436+00:00
1667,INPROC_9F8BB8,1,10,team2,Team 2 (E/W),20,100,19,♦,finished,2026-05-17T16:36:13.622747+00:00
1668,INPROC_D941CB,1,10,team2,Team 2 (E/W),24,96,21,♥,finished,2026-05-17T16:36:13.639083+00:00
1669,INPROC_ED62CC,1,10,team2,Team 2 (E/W),22,98,13,♦,finished,2026-05-17T16:36:13.655442+00:00
1670,INPROC_C99825,1,10,team2,Team 2 (E/W),53,67,29,♥,finished,2026-05-17T16:36:13.670936+00:00
1671,INPROC_18B565,1,10,team1,Team 1 (N/S),68,52,32,♠,finished,2026-05-17T16:36:13.685396+00:00
1672,INPROC_676D5A,1,10,team2,Team 2 (E/W),51,69,3,♣,finished,2026-05-17T16:36:13.700191+00:00
1673,INPROC_9BEEB5,1,10,team2,Team 2 (E/W),42,78,36,♠,finished,2026-05-17T16:36:13.716219+00:00
1674,INPROC_49CA2B,1,10,team2,Team 2 (E/W),19,101,18,♦,finished,2026-05-17T16:36:13.732563+00:00
1675,INPROC_E1CC0E,1,10,team1,Team 1 (N/S),92,28,13,♦,finished,2026-05-17T16:36:13.744854+00:00
1676,INPROC_A65F5D,1,10,team1,Team 1 (N/S),74,46,13,♦,finished,2026-05-17T16:36:13.761749+00:00
1677,INPROC_455668,1,10,team2,Team 2 (E/W),58,62,9,♣,finished,2026-05-17T16:36:13.776909+00:00
1678,INPROC_49112A,1,10,team1,Team 1 (N/S),86,34,0,♣,finished,2026-05-17T16:36:13.793010+00:00
1679,INPROC_068EEB,1,10,team2,Team 2 (E/W),58,62,20,♥,finished,2026-05-17T16:36:13.807879+00:00
1680,INPROC_2A009C,1,10,team1,Team 1 (N/S),70,50,37,♠,finished,2026-05-17T16:36:13.824192+00:00
1681,INPROC_12D972,1,10,team2,Team 2 (E/W),45,75,36,♠,finished,2026-05-17T16:36:13.840244+00:00
1682,INPROC_0DEE5B,1,10,team2,Team 2 (E/W),2,118,28,♥,finished,2026-05-17T16:36:13.855956+00:00
1683,INPROC_222702,1,10,team2,Team 2 (E/W),17,103,0,♣,finished,2026-05-17T16:36:13.871419+00:00
1684,INPROC_75514F,1,10,team1,Team 1 (N/S),80,40,4,♣,finished,2026-05-17T16:36:13.885462+00:00
1685,INPROC_FAAA35,1,10,team2,Team 2 (E/W),48,72,23,♥,finished,2026-05-17T16:36:13.902625+00:00
1686,INPROC_471CD6,1,10,team2,Team 2 (E/W),57,63,31,♠,finished,2026-05-17T16:36:13.916426+00:00
1687,INPROC_E1CF23,1,10,team2,Team 2 (E/W),39,81,31,♠,finished,2026-05-17T16:36:13.931574+00:00
1688,INPROC_DDFB09,1,10,team1,Team 1 (N/S),105,15,24,♥,finished,2026-05-17T16:36:13.946513+00:00
1689,INPROC_1D12AD,1,10,team1,Team 1 (N/S),64,56,4,♣,finished,2026-05-17T16:36:13.961123+00:00
1690,INPROC_4FD30F,1,10,team1,Team 1 (N/S),65,55,1,♣,finished,2026-05-17T16:36:13.975366+00:00
1691,INPROC_1E1C4D,1,10,team2,Team 2 (E/W),44,76,32,♠,finished,2026-05-17T16:36:13.990385+00:00
1692,INPROC_F36969,1,10,team2,Team 2 (E/W),13,107,12,♦,finished,2026-05-17T16:36:14.004598+00:00
1693,INPROC_5076FE,1,10,team2,Team 2 (E/W),34,86,16,♦,finished,2026-05-17T16:36:14.022519+00:00
1694,INPROC_7FD27B,1,10,team2,Team 2 (E/W),49,71,4,♣,finished,2026-05-17T16:36:14.037183+00:00
1695,INPROC_122D6F,1,10,team2,Team 2 (E/W),33,87,5,♣,finished,2026-05-17T16:36:14.051437+00:00
1696,INPROC_077212,1,10,team1,Team 1 (N/S),96,24,17,♦,finished,2026-05-17T16:36:14.065080+00:00
1697,INPROC_46CEF5,1,10,team1,Team 1 (N/S),76,44,33,♠,finished,2026-05-17T16:36:14.080802+00:00
1698,INPROC_9EC6CB,1,10,team2,Team 2 (E/W),50,70,6,♣,finished,2026-05-17T16:36:14.095681+00:00
1699,INPROC_1A0AF0,1,10,team1,Team 1 (N/S),62,58,8,♣,finished,2026-05-17T16:36:14.111469+00:00
1700,INPROC_1A176F,1,10,team2,Team 2 (E/W),17,103,10,♦,finished,2026-05-17T16:36:14.126143+00:00
1701,INPROC_24EE65,1,10,team2,Team 2 (E/W),55,65,31,♠,finished,2026-05-17T16:36:14.141595+00:00
1702,INPROC_155AC5,1,10,team2,Team 2 (E/W),29,91,9,♣,finished,2026-05-17T16:36:14.156308+00:00
1703,INPROC_2664D2,1,10,team2,Team 2 (E/W),30,90,30,♠,finished,2026-05-17T16:36:14.171441+00:00
1704,INPROC_9F9F4C,1,10,team2,Team 2 (E/W),45,75,5,♣,finished,2026-05-17T16:36:14.188889+00:00
1705,INPROC_79778F,1,10,team2,Team 2 (E/W),4,116,30,♠,finished,2026-05-17T16:36:14.204183+00:00
1706,INPROC_6F18D6,1,10,team2,Team 2 (E/W),41,79,1,♣,finished,2026-05-17T16:36:14.219962+00:00
1707,INPROC_C22064,1,10,draw,draw,60,60,11,♦,finished,2026-05-17T16:36:14.235413+00:00
1708,INPROC_CEFCEF,1,10,team2,Team 2 (E/W),54,66,30,♠,finished,2026-05-17T16:36:14.250732+00:00
1709,INPROC_B70E3E,1,10,team2,Team 2 (E/W),54,66,8,♣,finished,2026-05-17T16:36:14.268872+00:00
1710,INPROC_2B1796,1,10,team1,Team 1 (N/S),69,51,25,♥,finished,2026-05-17T16:36:14.289332+00:00
1711,INPROC_9176FD,1,10,team2,Team 2 (E/W),43,77,24,♥,finished,2026-05-17T16:36:14.305799+00:00
1712,INPROC_01D64C,1,10,team1,Team 1 (N/S),92,28,3,♣,finished,2026-05-17T16:36:14.321504+00:00
1713,INPROC_404202,1,10,team2,Team 2 (E/W),51,69,3,♣,finished,2026-05-17T16:36:14.339927+00:00
1714,INPROC_C6D9AA,1,10,team2,Team 2 (E/W),54,66,3,♣,finished,2026-05-17T16:36:14.353936+00:00
1715,INPROC_CB0BE8,1,10,team2,Team 2 (E/W),41,79,19,♦,finished,2026-05-17T16:36:14.370522+00:00
1716,INPROC_BF01AC,1,10,team2,Team 2 (E/W),33,87,15,♦,finished,2026-05-17T16:36:14.389035+00:00
1717,INPROC_3CDF58,1,10,team2,Team 2 (E/W),31,89,18,♦,finished,2026-05-17T16:36:14.404596+00:00
1718,INPROC_C0182D,1,10,team2,Team 2 (E/W),15,105,6,♣,finished,2026-05-17T16:36:14.421132+00:00
1719,INPROC_056209,1,10,team1,Team 1 (N/S),72,48,32,♠,finished,2026-05-17T16:36:14.437990+00:00
1720,INPROC_A293D1,1,10,team2,Team 2 (E/W),48,72,16,♦,finished,2026-05-17T16:36:14.454079+00:00
1721,INPROC_745BEB,1,10,team2,Team 2 (E/W),44,76,24,♥,finished,2026-05-17T16:36:14.469169+00:00
1722,INPROC_AB3470,1,10,team2,Team 2 (E/W),41,79,18,♦,finished,2026-05-17T16:36:14.486916+00:00
1723,INPROC_48D21E,1,10,team2,Team 2 (E/W),43,77,22,♥,finished,2026-05-17T16:36:14.504895+00:00
1724,INPROC_7F7D6E,1,10,team2,Team 2 (E/W),49,71,7,♣,finished,2026-05-17T16:36:14.520555+00:00
1725,INPROC_3C6644,1,10,team2,Team 2 (E/W),53,67,36,♠,finished,2026-05-17T16:36:14.537017+00:00
1726,INPROC_4C597D,1,10,team1,Team 1 (N/S),81,39,23,♥,finished,2026-05-17T16:36:14.553324+00:00
1727,INPROC_BBBA62,1,10,team1,Team 1 (N/S),68,52,0,♣,finished,2026-05-17T16:36:14.568262+00:00
1728,INPROC_C1E583,1,10,team2,Team 2 (E/W),23,97,38,♠,finished,2026-05-17T16:36:14.583951+00:00
1729,INPROC_AFBF81,1,10,team2,Team 2 (E/W),25,95,5,♣,finished,2026-05-17T16:36:14.597578+00:00
1730,INPROC_324231,1,10,team1,Team 1 (N/S),97,23,1,♣,finished,2026-05-17T16:36:14.616480+00:00
1731,INPROC_34C940,1,10,team2,Team 2 (E/W),32,88,2,♣,finished,2026-05-17T16:36:14.632547+00:00
1732,INPROC_6865F6,1,10,team2,Team 2 (E/W),32,88,16,♦,finished,2026-05-17T16:36:14.648886+00:00
1733,INPROC_73D9D4,1,10,team1,Team 1 (N/S),99,21,12,♦,finished,2026-05-17T16:36:14.665105+00:00
1734,INPROC_34F1FF,1,10,team1,Team 1 (N/S),77,43,15,♦,finished,2026-05-17T16:36:14.678503+00:00
1735,INPROC_A80D2A,1,10,team1,Team 1 (N/S),73,47,3,♣,finished,2026-05-17T16:36:14.692746+00:00
1736,INPROC_CDC5C1,1,10,team2,Team 2 (E/W),46,74,39,♠,finished,2026-05-17T16:36:14.707720+00:00
1737,INPROC_BF2E46,1,10,team1,Team 1 (N/S),70,50,37,♠,finished,2026-05-17T16:36:14.724241+00:00
1738,INPROC_2D1F9B,1,10,team1,Team 1 (N/S),76,44,19,♦,finished,2026-05-17T16:36:14.738243+00:00
1739,INPROC_BB3BE1,1,10,team1,Team 1 (N/S),94,26,16,♦,finished,2026-05-17T16:36:14.753562+00:00
1740,INPROC_756C05,1,10,team1,Team 1 (N/S),91,29,21,♥,finished,2026-05-17T16:36:14.768705+00:00
1741,INPROC_08FE80,1,10,team1,Team 1 (N/S),64,56,7,♣,finished,2026-05-17T16:36:14.784441+00:00
1742,INPROC_AF1515,1,10,team1,Team 1 (N/S),65,55,14,♦,finished,2026-05-17T16:36:14.799441+00:00
1743,INPROC_B57B93,1,10,team2,Team 2 (E/W),45,75,12,♦,finished,2026-05-17T16:36:14.816535+00:00
1744,INPROC_861284,1,10,team1,Team 1 (N/S),88,32,37,♠,finished,2026-05-17T16:36:14.831997+00:00
1745,INPROC_3F925E,1,10,team1,Team 1 (N/S),102,18,25,♥,finished,2026-05-17T16:36:14.848618+00:00
1746,INPROC_9FD506,1,10,team2,Team 2 (E/W),31,89,31,♠,finished,2026-05-17T16:36:14.864566+00:00
1747,INPROC_C5B1B4,1,10,team1,Team 1 (N/S),105,15,21,♥,finished,2026-05-17T16:36:14.881076+00:00
1748,INPROC_0FF22D,1,10,team2,Team 2 (E/W),23,97,19,♦,finished,2026-05-17T16:36:14.896567+00:00
1749,INPROC_A8B9C8,1,10,team1,Team 1 (N/S),79,41,18,♦,finished,2026-05-17T16:36:14.912396+00:00
1750,INPROC_AA13C3,1,10,team2,Team 2 (E/W),53,67,34,♠,finished,2026-05-17T16:36:14.929403+00:00
1751,INPROC_2FCA87,1,10,team1,Team 1 (N/S),69,51,31,♠,finished,2026-05-17T16:36:14.946189+00:00
1752,INPROC_57F911,1,10,team2,Team 2 (E/W),16,104,15,♦,finished,2026-05-17T16:36:14.961602+00:00
1753,INPROC_F550B5,1,10,team2,Team 2 (E/W),37,83,6,♣,finished,2026-05-17T16:36:14.974553+00:00
1754,INPROC_1290A7,1,10,team2,Team 2 (E/W),19,101,21,♥,finished,2026-05-17T16:36:14.990825+00:00
1755,INPROC_3D5481,1,10,team1,Team 1 (N/S),65,55,5,♣,finished,2026-05-17T16:36:15.005302+00:00
1756,INPROC_D86AD8,1,10,team2,Team 2 (E/W),41,79,6,♣,finished,2026-05-17T16:36:15.020380+00:00
1757,INPROC_5AAE14,1,10,team2,Team 2 (E/W),59,61,20,♥,finished,2026-05-17T16:36:15.037743+00:00
1758,INPROC_5BDB85,1,10,team1,Team 1 (N/S),69,51,5,♣,finished,2026-05-17T16:36:15.052948+00:00
1759,INPROC_B12BCC,1,10,team1,Team 1 (N/S),65,55,24,♥,finished,2026-05-17T16:36:15.068351+00:00
1760,INPROC_29FCE7,1,10,team2,Team 2 (E/W),57,63,33,♠,finished,2026-05-17T16:36:15.083190+00:00
1761,INPROC_E2E269,1,10,team2,Team 2 (E/W),35,85,16,♦,finished,2026-05-17T16:36:15.095161+00:00
1762,INPROC_7181A1,1,10,team2,Team 2 (E/W),29,91,4,♣,finished,2026-05-17T16:36:15.109445+00:00
1763,INPROC_41E1A5,1,10,team2,Team 2 (E/W),37,83,38,♠,finished,2026-05-17T16:36:15.125199+00:00
1764,INPROC_E28B56,1,10,team2,Team 2 (E/W),45,75,5,♣,finished,2026-05-17T16:36:15.139987+00:00
1765,INPROC_14A373,1,10,draw,draw,60,60,30,♠,finished,2026-05-17T16:36:15.154024+00:00
1766,INPROC_89E625,1,10,team2,Team 2 (E/W),54,66,29,♥,finished,2026-05-17T16:36:15.169990+00:00
1767,INPROC_418C17,1,10,team1,Team 1 (N/S),61,59,4,♣,finished,2026-05-17T16:36:15.184461+00:00
1768,INPROC_29C8C5,1,10,team2,Team 2 (E/W),47,73,18,♦,finished,2026-05-17T16:36:15.201101+00:00
1769,INPROC_3D6121,1,10,team1,Team 1 (N/S),74,46,17,♦,finished,2026-05-17T16:36:15.218363+00:00
1770,INPROC_DF7775,1,10,team2,Team 2 (E/W),57,63,33,♠,finished,2026-05-17T16:36:15.232865+00:00
1771,INPROC_5589DC,1,10,team2,Team 2 (E/W),17,103,29,♥,finished,2026-05-17T16:36:15.246748+00:00
1772,INPROC_676D86,1,10,team2,Team 2 (E/W),47,73,30,♠,finished,2026-05-17T16:36:15.263355+00:00
1773,INPROC_49D7FF,1,10,team2,Team 2 (E/W),51,69,33,♠,finished,2026-05-17T16:36:15.278762+00:00
1774,INPROC_60120C,1,10,team2,Team 2 (E/W),43,77,19,♦,finished,2026-05-17T16:36:15.297409+00:00
1775,INPROC_59898D,1,10,team2,Team 2 (E/W),46,74,26,♥,finished,2026-05-17T16:36:15.312107+00:00
1776,INPROC_F69139,1,10,team1,Team 1 (N/S),88,32,4,♣,finished,2026-05-17T16:36:15.331151+00:00
1777,INPROC_0387DE,1,10,team2,Team 2 (E/W),45,75,24,♥,finished,2026-05-17T16:36:15.350416+00:00
1778,INPROC_71CD96,1,10,team1,Team 1 (N/S),66,54,0,♣,finished,2026-05-17T16:36:15.367286+00:00
1779,INPROC_62F214,1,10,team1,Team 1 (N/S),70,50,26,♥,finished,2026-05-17T16:36:15.384785+00:00
1780,INPROC_A897EE,1,10,draw,draw,60,60,3,♣,finished,2026-05-17T16:36:15.403041+00:00
1781,INPROC_61E4B2,1,10,team1,Team 1 (N/S),65,55,2,♣,finished,2026-05-17T16:36:15.420157+00:00
1782,INPROC_550952,1,10,team2,Team 2 (E/W),57,63,36,♠,finished,2026-05-17T16:36:15.437423+00:00
1783,INPROC_10EE48,1,10,team1,Team 1 (N/S),78,42,17,♦,finished,2026-05-17T16:36:15.455910+00:00
1784,INPROC_090698,1,10,team2,Team 2 (E/W),46,74,31,♠,finished,2026-05-17T16:36:15.473241+00:00
1785,INPROC_6D3716,1,10,team2,Team 2 (E/W),49,71,5,♣,finished,2026-05-17T16:36:15.488412+00:00
1786,INPROC_64AA65,1,10,draw,draw,60,60,18,♦,finished,2026-05-17T16:36:15.503948+00:00
1787,INPROC_EEF947,1,10,team2,Team 2 (E/W),57,63,38,♠,finished,2026-05-17T16:36:15.519132+00:00
1788,INPROC_285B9F,1,10,team1,Team 1 (N/S),61,59,23,♥,finished,2026-05-17T16:36:15.535116+00:00
1789,INPROC_726288,1,10,team1,Team 1 (N/S),74,46,34,♠,finished,2026-05-17T16:36:15.551817+00:00
1790,INPROC_9A6C3E,1,10,team2,Team 2 (E/W),29,91,2,♣,finished,2026-05-17T16:36:15.567391+00:00
1791,INPROC_430A70,1,10,team1,Team 1 (N/S),109,11,32,♠,finished,2026-05-17T16:36:15.583267+00:00
1792,INPROC_D9544F,1,10,team1,Team 1 (N/S),80,40,12,♦,finished,2026-05-17T16:36:15.598595+00:00
1793,INPROC_FC9DE1,1,10,team2,Team 2 (E/W),26,94,15,♦,finished,2026-05-17T16:36:15.612835+00:00
1794,INPROC_077F04,1,10,team1,Team 1 (N/S),64,56,13,♦,finished,2026-05-17T16:36:15.629881+00:00
1795,INPROC_0ED98D,1,10,team1,Team 1 (N/S),69,51,23,♥,finished,2026-05-17T16:36:15.646461+00:00
1796,INPROC_D4793D,1,10,team1,Team 1 (N/S),86,34,18,♦,finished,2026-05-17T16:36:15.663428+00:00
1797,INPROC_51BB42,1,10,team1,Team 1 (N/S),88,32,23,♥,finished,2026-05-17T16:36:15.678907+00:00
1798,INPROC_921540,1,10,team1,Team 1 (N/S),72,48,31,♠,finished,2026-05-17T16:36:15.694891+00:00
1799,INPROC_C01BAD,1,10,team1,Team 1 (N/S),65,55,24,♥,finished,2026-05-17T16:36:15.710018+00:00
1800,INPROC_936A84,1,10,team1,Team 1 (N/S),77,43,18,♦,finished,2026-05-17T16:36:15.727315+00:00
1801,INPROC_28B1F9,1,10,team2,Team 2 (E/W),35,85,16,♦,finished,2026-05-17T16:36:15.741645+00:00
1802,INPROC_C0D8B5,1,10,draw,draw,60,60,3,♣,finished,2026-05-17T16:36:15.759991+00:00
1803,INPROC_9D418C,1,10,team2,Team 2 (E/W),39,81,6,♣,finished,2026-05-17T16:36:15.776514+00:00
1804,INPROC_6FCA7C,1,10,team1,Team 1 (N/S),69,51,14,♦,finished,2026-05-17T16:36:15.795578+00:00
1805,INPROC_A6EFF5,1,10,team2,Team 2 (E/W),39,81,35,♠,finished,2026-05-17T16:36:15.812603+00:00
1806,INPROC_A4AD94,1,10,team2,Team 2 (E/W),10,110,21,♥,finished,2026-05-17T16:36:15.826960+00:00
1807,INPROC_48E75E,1,10,team2,Team 2 (E/W),9,111,22,♥,finished,2026-05-17T16:36:15.844167+00:00
1808,INPROC_176042,1,10,team2,Team 2 (E/W),33,87,35,♠,finished,2026-05-17T16:36:15.859699+00:00
1809,INPROC_C0D62F,1,10,team2,Team 2 (E/W),59,61,29,♥,finished,2026-05-17T16:36:15.876256+00:00
1810,INPROC_2B98D5,1,10,team2,Team 2 (E/W),28,92,20,♥,finished,2026-05-17T16:36:15.890553+00:00
1811,INPROC_4A9EAF,1,10,team1,Team 1 (N/S),61,59,39,♠,finished,2026-05-17T16:36:15.905038+00:00
1812,INPROC_033D9A,1,10,team2,Team 2 (E/W),48,72,0,♣,finished,2026-05-17T16:36:15.920183+00:00
1813,INPROC_1F86F6,1,10,team2,Team 2 (E/W),2,118,9,♣,finished,2026-05-17T16:36:15.936456+00:00
1814,INPROC_53DF06,1,10,team2,Team 2 (E/W),51,69,29,♥,finished,2026-05-17T16:36:15.950409+00:00
1815,INPROC_D82C40,1,10,team1,Team 1 (N/S),89,31,10,♦,finished,2026-05-17T16:36:15.966226+00:00
1816,INPROC_D8E2D3,1,10,team1,Team 1 (N/S),63,57,33,♠,finished,2026-05-17T16:36:15.979288+00:00
1817,INPROC_5E4EAD,1,10,team2,Team 2 (E/W),15,105,28,♥,finished,2026-05-17T16:36:15.991702+00:00
1818,INPROC_03F9E9,1,10,draw,draw,60,60,11,♦,finished,2026-05-17T16:36:16.008131+00:00
1819,INPROC_6B585F,1,10,team2,Team 2 (E/W),34,86,20,♥,finished,2026-05-17T16:36:16.023443+00:00
1820,INPROC_C5A655,1,10,team1,Team 1 (N/S),76,44,16,♦,finished,2026-05-17T16:36:16.041170+00:00
1821,INPROC_E46E1A,1,10,team1,Team 1 (N/S),72,48,16,♦,finished,2026-05-17T16:36:16.055812+00:00
1822,INPROC_E0603D,1,10,team2,Team 2 (E/W),49,71,17,♦,finished,2026-05-17T16:36:16.072102+00:00
1823,INPROC_A21FCE,1,10,team2,Team 2 (E/W),58,62,25,♥,finished,2026-05-17T16:36:16.089337+00:00
1824,INPROC_32DF36,1,10,team1,Team 1 (N/S),105,15,35,♠,finished,2026-05-17T16:36:16.105228+00:00
1825,INPROC_3C5621,1,10,team2,Team 2 (E/W),48,72,23,♥,finished,2026-05-17T16:36:16.119258+00:00
1826,INPROC_F9A796,1,10,team2,Team 2 (E/W),35,85,30,♠,finished,2026-05-17T16:36:16.136447+00:00
1827,INPROC_1CA9D3,1,10,team1,Team 1 (N/S),62,58,4,♣,finished,2026-05-17T16:36:16.151931+00:00
1828,INPROC_2310CC,1,10,team2,Team 2 (E/W),44,76,1,♣,finished,2026-05-17T16:36:16.166980+00:00
1829,INPROC_DB1EE2,1,10,team1,Team 1 (N/S),62,58,1,♣,finished,2026-05-17T16:36:16.183481+00:00
1830,INPROC_04ABDF,1,10,team2,Team 2 (E/W),50,70,32,♠,finished,2026-05-17T16:36:16.199068+00:00
1831,INPROC_065585,1,10,team1,Team 1 (N/S),62,58,35,♠,finished,2026-05-17T16:36:16.214667+00:00
1832,INPROC_A577EF,1,10,team2,Team 2 (E/W),51,69,6,♣,finished,2026-05-17T16:36:16.230178+00:00
1833,INPROC_D712D9,1,10,team2,Team 2 (E/W),33,87,21,♥,finished,2026-05-17T16:36:16.247855+00:00
1834,INPROC_34B62E,1,10,team2,Team 2 (E/W),39,81,2,♣,finished,2026-05-17T16:36:16.264511+00:00
1835,INPROC_349558,1,10,team2,Team 2 (E/W),29,91,25,♥,finished,2026-05-17T16:36:16.278425+00:00
1836,INPROC_6BC51E,1,10,draw,draw,60,60,17,♦,finished,2026-05-17T16:36:16.293298+00:00
1837,INPROC_E4CC21,1,10,team2,Team 2 (E/W),59,61,5,♣,finished,2026-05-17T16:36:16.309252+00:00
1838,INPROC_C555F0,1,10,team2,Team 2 (E/W),52,68,12,♦,finished,2026-05-17T16:36:16.324947+00:00
1839,INPROC_AFD4B1,1,10,team1,Team 1 (N/S),66,54,38,♠,finished,2026-05-17T16:36:16.341787+00:00
1840,INPROC_A68B2B,1,10,team2,Team 2 (E/W),40,80,23,♥,finished,2026-05-17T16:36:16.358030+00:00
1841,INPROC_37A5CB,1,10,team2,Team 2 (E/W),48,72,33,♠,finished,2026-05-17T16:36:16.375535+00:00
1842,INPROC_82B19D,1,10,team1,Team 1 (N/S),90,30,15,♦,finished,2026-05-17T16:36:16.391483+00:00
1843,INPROC_8178AD,1,10,team1,Team 1 (N/S),84,36,10,♦,finished,2026-05-17T16:36:16.407327+00:00
1844,INPROC_2F424E,1,10,team1,Team 1 (N/S),96,24,6,♣,finished,2026-05-17T16:36:16.424230+00:00
1845,INPROC_95736A,1,10,team1,Team 1 (N/S),66,54,36,♠,finished,2026-05-17T16:36:16.441321+00:00
1846,INPROC_A327D1,1,10,team2,Team 2 (E/W),50,70,38,♠,finished,2026-05-17T16:36:16.456553+00:00
1847,INPROC_14184F,1,10,team1,Team 1 (N/S),61,59,39,♠,finished,2026-05-17T16:36:16.472411+00:00
1848,INPROC_44096F,1,10,team2,Team 2 (E/W),17,103,38,♠,finished,2026-05-17T16:36:16.488694+00:00
1849,INPROC_2C6BA0,1,10,team1,Team 1 (N/S),69,51,38,♠,finished,2026-05-17T16:36:16.504497+00:00
1850,INPROC_6A289F,1,10,team2,Team 2 (E/W),42,78,20,♥,finished,2026-05-17T16:36:16.518945+00:00
1851,INPROC_AB8CF0,1,10,team2,Team 2 (E/W),56,64,6,♣,finished,2026-05-17T16:36:16.534315+00:00
1852,INPROC_202B53,1,10,team2,Team 2 (E/W),52,68,38,♠,finished,2026-05-17T16:36:16.550800+00:00
1853,INPROC_2E2379,1,10,team2,Team 2 (E/W),33,87,10,♦,finished,2026-05-17T16:36:16.566775+00:00
1854,INPROC_A5DBD4,1,10,team2,Team 2 (E/W),53,67,30,♠,finished,2026-05-17T16:36:16.581358+00:00
1855,INPROC_B430BB,1,10,team1,Team 1 (N/S),73,47,34,♠,finished,2026-05-17T16:36:16.599511+00:00
1856,INPROC_1811E1,1,10,team2,Team 2 (E/W),58,62,36,♠,finished,2026-05-17T16:36:16.613093+00:00
1857,INPROC_01F322,1,10,draw,draw,60,60,35,♠,finished,2026-05-17T16:36:16.627967+00:00
1858,INPROC_66F628,1,10,team1,Team 1 (N/S),88,32,2,♣,finished,2026-05-17T16:36:16.643231+00:00
1859,INPROC_4C2A9E,1,10,team2,Team 2 (E/W),44,76,30,♠,finished,2026-05-17T16:36:16.658241+00:00
1860,INPROC_E7C8CB,1,10,team1,Team 1 (N/S),105,15,23,♥,finished,2026-05-17T16:36:16.672796+00:00
1861,INPROC_EF8949,1,10,team1,Team 1 (N/S),83,37,24,♥,finished,2026-05-17T16:36:16.686651+00:00
1862,INPROC_A0A8B8,1,10,team2,Team 2 (E/W),49,71,9,♣,finished,2026-05-17T16:36:16.703627+00:00
1863,INPROC_49A979,1,10,team2,Team 2 (E/W),47,73,11,♦,finished,2026-05-17T16:36:16.719534+00:00
1864,INPROC_293F24,1,10,team2,Team 2 (E/W),29,91,39,♠,finished,2026-05-17T16:36:16.735367+00:00
1865,INPROC_C61F6B,1,10,team2,Team 2 (E/W),41,79,17,♦,finished,2026-05-17T16:36:16.750273+00:00
1866,INPROC_67240D,1,10,team2,Team 2 (E/W),51,69,35,♠,finished,2026-05-17T16:36:16.766502+00:00
1867,INPROC_1F03CF,1,10,team2,Team 2 (E/W),53,67,20,♥,finished,2026-05-17T16:36:16.782871+00:00
1868,INPROC_0FC3C1,1,10,team1,Team 1 (N/S),72,48,35,♠,finished,2026-05-17T16:36:16.798915+00:00
1869,INPROC_BE5E09,1,10,team1,Team 1 (N/S),95,25,13,♦,finished,2026-05-17T16:36:16.816064+00:00
1870,INPROC_EEBF54,1,10,team2,Team 2 (E/W),17,103,13,♦,finished,2026-05-17T16:36:16.831936+00:00
1871,INPROC_557F89,1,10,team1,Team 1 (N/S),67,53,5,♣,finished,2026-05-17T16:36:16.854526+00:00
1872,INPROC_871C49,1,10,team1,Team 1 (N/S),88,32,27,♥,finished,2026-05-17T16:36:16.872865+00:00
1873,INPROC_921CE9,1,10,team2,Team 2 (E/W),45,75,32,♠,finished,2026-05-17T16:36:16.895019+00:00
1874,INPROC_B9AD6A,1,10,team2,Team 2 (E/W),42,78,2,♣,finished,2026-05-17T16:36:16.911662+00:00
1875,INPROC_8D6F19,1,10,team2,Team 2 (E/W),29,91,38,♠,finished,2026-05-17T16:36:16.927544+00:00
1876,INPROC_AB886B,1,10,draw,draw,60,60,10,♦,finished,2026-05-17T16:36:16.941827+00:00
1877,INPROC_083C2D,1,10,team1,Team 1 (N/S),61,59,22,♥,finished,2026-05-17T16:36:16.958193+00:00
1878,INPROC_32E554,1,10,team2,Team 2 (E/W),29,91,38,♠,finished,2026-05-17T16:36:16.973807+00:00
1879,INPROC_397CF7,1,10,team1,Team 1 (N/S),63,57,28,♥,finished,2026-05-17T16:36:16.990906+00:00
1880,INPROC_935D70,1,10,team2,Team 2 (E/W),55,65,37,♠,finished,2026-05-17T16:36:17.008283+00:00
1881,INPROC_6124AD,1,10,team2,Team 2 (E/W),51,69,23,♥,finished,2026-05-17T16:36:17.022582+00:00
1882,INPROC_C842FF,1,10,team1,Team 1 (N/S),100,20,1,♣,finished,2026-05-17T16:36:17.038844+00:00
1883,INPROC_6D98CC,1,10,team2,Team 2 (E/W),43,77,32,♠,finished,2026-05-17T16:36:17.056404+00:00
1884,INPROC_00951B,1,10,team2,Team 2 (E/W),52,68,19,♦,finished,2026-05-17T16:36:17.074921+00:00
1885,INPROC_AFCCC2,1,10,team1,Team 1 (N/S),70,50,32,♠,finished,2026-05-17T16:36:17.089383+00:00
1886,INPROC_F2248B,1,10,team2,Team 2 (E/W),59,61,24,♥,finished,2026-05-17T16:36:17.104923+00:00
1887,INPROC_E8391B,1,10,team2,Team 2 (E/W),37,83,18,♦,finished,2026-05-17T16:36:17.119815+00:00
1888,INPROC_487BC9,1,10,team2,Team 2 (E/W),37,83,10,♦,finished,2026-05-17T16:36:17.134182+00:00
1889,INPROC_050BA6,1,10,team2,Team 2 (E/W),47,73,35,♠,finished,2026-05-17T16:36:17.149002+00:00
1890,INPROC_3F117E,1,10,team1,Team 1 (N/S),91,29,33,♠,finished,2026-05-17T16:36:17.162269+00:00
1891,INPROC_6647F7,1,10,team1,Team 1 (N/S),75,45,27,♥,finished,2026-05-17T16:36:17.173968+00:00
1892,INPROC_46D032,1,10,team2,Team 2 (E/W),26,94,9,♣,finished,2026-05-17T16:36:17.190907+00:00
1893,INPROC_555DAE,1,10,team2,Team 2 (E/W),45,75,9,♣,finished,2026-05-17T16:36:17.205703+00:00
1894,INPROC_87F0E4,1,10,team1,Team 1 (N/S),65,55,28,♥,finished,2026-05-17T16:36:17.221804+00:00
1895,INPROC_87B7D9,1,10,team1,Team 1 (N/S),74,46,25,♥,finished,2026-05-17T16:36:17.236706+00:00
1896,INPROC_4C1558,1,10,team1,Team 1 (N/S),84,36,27,♥,finished,2026-05-17T16:36:17.252713+00:00
1897,INPROC_3AD3E0,1,10,team2,Team 2 (E/W),20,100,29,♥,finished,2026-05-17T16:36:17.269150+00:00
1898,INPROC_475CEC,1,10,team2,Team 2 (E/W),53,67,19,♦,finished,2026-05-17T16:36:17.285802+00:00
1899,INPROC_74FE3E,1,10,team1,Team 1 (N/S),94,26,19,♦,finished,2026-05-17T16:36:17.301633+00:00
1900,INPROC_4B81F1,1,10,draw,draw,60,60,18,♦,finished,2026-05-17T16:36:17.319888+00:00
1901,INPROC_431359,1,10,team2,Team 2 (E/W),57,63,35,♠,finished,2026-05-17T16:36:17.341448+00:00
1902,INPROC_D49646,1,10,team2,Team 2 (E/W),21,99,32,♠,finished,2026-05-17T16:36:17.364071+00:00
1903,INPROC_796EF8,1,10,team2,Team 2 (E/W),40,80,36,♠,finished,2026-05-17T16:36:17.382779+00:00
1904,INPROC_CC3F11,1,10,team2,Team 2 (E/W),29,91,3,♣,finished,2026-05-17T16:36:17.403413+00:00
1905,INPROC_3BD1F4,1,10,team2,Team 2 (E/W),57,63,28,♥,finished,2026-05-17T16:36:17.421425+00:00
1906,INPROC_C892AB,1,10,team1,Team 1 (N/S),74,46,38,♠,finished,2026-05-17T16:36:17.441845+00:00
1907,INPROC_F08DE9,1,10,team1,Team 1 (N/S),87,33,5,♣,finished,2026-05-17T16:36:17.461301+00:00
1908,INPROC_4CF48D,1,10,team1,Team 1 (N/S),78,42,34,♠,finished,2026-05-17T16:36:17.478446+00:00
1909,INPROC_571EAF,1,10,team2,Team 2 (E/W),47,73,35,♠,finished,2026-05-17T16:36:17.496606+00:00
1910,INPROC_B008AD,1,10,team1,Team 1 (N/S),79,41,29,♥,finished,2026-05-17T16:36:17.512776+00:00
1911,INPROC_F7F4ED,1,10,team1,Team 1 (N/S),79,41,5,♣,finished,2026-05-17T16:36:17.532127+00:00
1912,INPROC_011C20,1,10,team2,Team 2 (E/W),49,71,33,♠,finished,2026-05-17T16:36:17.551277+00:00
1913,INPROC_78B5A8,1,10,team1,Team 1 (N/S),77,43,17,♦,finished,2026-05-17T16:36:17.570079+00:00
1914,INPROC_33517E,1,10,team2,Team 2 (E/W),56,64,11,♦,finished,2026-05-17T16:36:17.589296+00:00
1915,INPROC_16CAFF,1,10,team2,Team 2 (E/W),0,120,35,♠,finished,2026-05-17T16:36:17.606213+00:00
1916,INPROC_2537E6,1,10,team1,Team 1 (N/S),82,38,6,♣,finished,2026-05-17T16:36:17.621415+00:00
1917,INPROC_2D7027,1,10,team1,Team 1 (N/S),64,56,5,♣,finished,2026-05-17T16:36:17.637408+00:00
1918,INPROC_EBBFEF,1,10,team1,Team 1 (N/S),69,51,6,♣,finished,2026-05-17T16:36:17.653904+00:00
1919,INPROC_8A9D8B,1,10,team1,Team 1 (N/S),69,51,15,♦,finished,2026-05-17T16:36:17.669829+00:00
1920,INPROC_37AC2F,1,10,team1,Team 1 (N/S),80,40,28,♥,finished,2026-05-17T16:36:17.685641+00:00
1921,INPROC_270051,1,10,team1,Team 1 (N/S),68,52,20,♥,finished,2026-05-17T16:36:17.699175+00:00
1922,INPROC_3501C6,1,10,team2,Team 2 (E/W),59,61,4,♣,finished,2026-05-17T16:36:17.718944+00:00
1923,INPROC_EDA5C9,1,10,team2,Team 2 (E/W),53,67,7,♣,finished,2026-05-17T16:36:17.735241+00:00
1924,INPROC_460363,1,10,team2,Team 2 (E/W),52,68,36,♠,finished,2026-05-17T16:36:17.752760+00:00
1925,INPROC_9CF178,1,10,team1,Team 1 (N/S),90,30,36,♠,finished,2026-05-17T16:36:17.769599+00:00
1926,INPROC_BFFE4A,1,10,team1,Team 1 (N/S),78,42,32,♠,finished,2026-05-17T16:36:17.786678+00:00
1927,INPROC_98AA07,1,10,team2,Team 2 (E/W),37,83,1,♣,finished,2026-05-17T16:36:17.804104+00:00
1928,INPROC_E1197F,1,10,team1,Team 1 (N/S),88,32,27,♥,finished,2026-05-17T16:36:17.821208+00:00
1929,INPROC_C2C493,1,10,team1,Team 1 (N/S),65,55,14,♦,finished,2026-05-17T16:36:17.837830+00:00
1930,INPROC_CE11EF,1,10,team2,Team 2 (E/W),33,87,33,♠,finished,2026-05-17T16:36:17.855682+00:00
1931,INPROC_BC02E2,1,10,team2,Team 2 (E/W),39,81,24,♥,finished,2026-05-17T16:36:17.873819+00:00
1932,INPROC_FA7498,1,10,team2,Team 2 (E/W),39,81,38,♠,finished,2026-05-17T16:36:17.889299+00:00
1933,INPROC_AC747B,1,10,team2,Team 2 (E/W),51,69,8,♣,finished,2026-05-17T16:36:17.909397+00:00
1934,INPROC_F11A46,1,10,team2,Team 2 (E/W),19,101,24,♥,finished,2026-05-17T16:36:17.931163+00:00
1935,INPROC_3E19D5,1,10,team1,Team 1 (N/S),97,23,21,♥,finished,2026-05-17T16:36:17.950507+00:00
1936,INPROC_694DAD,1,10,team1,Team 1 (N/S),72,48,14,♦,finished,2026-05-17T16:36:17.968236+00:00
1937,INPROC_AD92CE,1,10,team2,Team 2 (E/W),45,75,25,♥,finished,2026-05-17T16:36:17.984957+00:00
1938,INPROC_FC77C4,1,10,team2,Team 2 (E/W),40,80,32,♠,finished,2026-05-17T16:36:18.001416+00:00
1939,INPROC_A56168,1,10,team1,Team 1 (N/S),63,57,27,♥,finished,2026-05-17T16:36:18.017851+00:00
1940,INPROC_6010B3,1,10,team2,Team 2 (E/W),49,71,29,♥,finished,2026-05-17T16:36:18.035861+00:00
1941,INPROC_CED588,1,10,team2,Team 2 (E/W),55,65,9,♣,finished,2026-05-17T16:36:18.052483+00:00
1942,INPROC_0516A5,1,10,team2,Team 2 (E/W),58,62,3,♣,finished,2026-05-17T16:36:18.070044+00:00
1943,INPROC_F12301,1,10,team1,Team 1 (N/S),96,24,12,♦,finished,2026-05-17T16:36:18.087311+00:00
1944,INPROC_EB9146,1,10,team2,Team 2 (E/W),10,110,1,♣,finished,2026-05-17T16:36:18.105109+00:00
1945,INPROC_50610D,1,10,team2,Team 2 (E/W),56,64,26,♥,finished,2026-05-17T16:36:18.120940+00:00
1946,INPROC_A5DE78,1,10,team2,Team 2 (E/W),36,84,22,♥,finished,2026-05-17T16:36:18.138396+00:00
1947,INPROC_367260,1,10,team1,Team 1 (N/S),78,42,36,♠,finished,2026-05-17T16:36:18.155165+00:00
1948,INPROC_81E48D,1,10,team1,Team 1 (N/S),71,49,8,♣,finished,2026-05-17T16:36:18.171536+00:00
1949,INPROC_BC0F6F,1,10,team2,Team 2 (E/W),17,103,29,♥,finished,2026-05-17T16:36:18.190811+00:00
1950,INPROC_5A6401,1,10,team2,Team 2 (E/W),53,67,4,♣,finished,2026-05-17T16:36:18.213496+00:00
1951,INPROC_14AF7D,1,10,team2,Team 2 (E/W),37,83,4,♣,finished,2026-05-17T16:36:18.233181+00:00
1952,INPROC_80AE14,1,10,team2,Team 2 (E/W),41,79,12,♦,finished,2026-05-17T16:36:18.249979+00:00
1953,INPROC_BE2876,1,10,team1,Team 1 (N/S),68,52,3,♣,finished,2026-05-17T16:36:18.266905+00:00
1954,INPROC_5A2097,1,10,team1,Team 1 (N/S),85,35,11,♦,finished,2026-05-17T16:36:18.284205+00:00
1955,INPROC_59DD3C,1,10,team2,Team 2 (E/W),52,68,0,♣,finished,2026-05-17T16:36:18.305292+00:00
1956,INPROC_F67123,1,10,team2,Team 2 (E/W),51,69,9,♣,finished,2026-05-17T16:36:18.324974+00:00
1957,INPROC_76B8AA,1,10,team2,Team 2 (E/W),42,78,3,♣,finished,2026-05-17T16:36:18.343416+00:00
1958,INPROC_E2CAF1,1,10,team2,Team 2 (E/W),44,76,15,♦,finished,2026-05-17T16:36:18.361513+00:00
1959,INPROC_1715C7,1,10,team2,Team 2 (E/W),23,97,26,♥,finished,2026-05-17T16:36:18.382102+00:00
1960,INPROC_976D16,1,10,team2,Team 2 (E/W),41,79,1,♣,finished,2026-05-17T16:36:18.398945+00:00
1961,INPROC_9DC660,1,10,team1,Team 1 (N/S),88,32,37,♠,finished,2026-05-17T16:36:18.417990+00:00
1962,INPROC_8A3DCD,1,10,team2,Team 2 (E/W),53,67,1,♣,finished,2026-05-17T16:36:18.437101+00:00
1963,INPROC_F8BA80,1,10,team2,Team 2 (E/W),9,111,9,♣,finished,2026-05-17T16:36:18.453394+00:00
1964,INPROC_1CF572,1,10,team2,Team 2 (E/W),26,94,38,♠,finished,2026-05-17T16:36:18.468544+00:00
1965,INPROC_C5E4AE,1,10,draw,draw,60,60,25,♥,finished,2026-05-17T16:36:18.484691+00:00
1966,INPROC_F5D7E7,1,10,team1,Team 1 (N/S),64,56,36,♠,finished,2026-05-17T16:36:18.500363+00:00
1967,INPROC_81D58F,1,10,team1,Team 1 (N/S),64,56,29,♥,finished,2026-05-17T16:36:18.516245+00:00
1968,INPROC_5F72CB,1,10,team2,Team 2 (E/W),54,66,0,♣,finished,2026-05-17T16:36:18.534308+00:00
1969,INPROC_1F6537,1,10,team2,Team 2 (E/W),27,93,15,♦,finished,2026-05-17T16:36:18.551635+00:00
1970,INPROC_EAA49D,1,10,team1,Team 1 (N/S),94,26,5,♣,finished,2026-05-17T16:36:18.564293+00:00
1971,INPROC_6F39C7,1,10,team1,Team 1 (N/S),62,58,37,♠,finished,2026-05-17T16:36:18.579236+00:00
1972,INPROC_D488E9,1,10,team1,Team 1 (N/S),81,39,24,♥,finished,2026-05-17T16:36:18.593541+00:00
1973,INPROC_597502,1,10,team2,Team 2 (E/W),59,61,38,♠,finished,2026-05-17T16:36:18.609322+00:00
1974,INPROC_7E0AAD,1,10,team2,Team 2 (E/W),39,81,34,♠,finished,2026-05-17T16:36:18.625311+00:00
1975,INPROC_D4DF19,1,10,team2,Team 2 (E/W),52,68,24,♥,finished,2026-05-17T16:36:18.641096+00:00
1976,INPROC_2B7B57,1,10,team2,Team 2 (E/W),49,71,34,♠,finished,2026-05-17T16:36:18.655816+00:00
1977,INPROC_7C9208,1,10,team2,Team 2 (E/W),51,69,36,♠,finished,2026-05-17T16:36:18.671034+00:00
1978,INPROC_0B3B51,1,10,team1,Team 1 (N/S),67,53,34,♠,finished,2026-05-17T16:36:18.686496+00:00
1979,INPROC_E57E8A,1,10,team2,Team 2 (E/W),50,70,17,♦,finished,2026-05-17T16:36:18.700021+00:00
1980,INPROC_9DB725,1,10,team2,Team 2 (E/W),52,68,17,♦,finished,2026-05-17T16:36:18.716290+00:00
1981,INPROC_A485AF,1,10,team1,Team 1 (N/S),77,43,35,♠,finished,2026-05-17T16:36:18.730293+00:00
1982,INPROC_22745F,1,10,team1,Team 1 (N/S),76,44,10,♦,finished,2026-05-17T16:36:18.746124+00:00
1983,INPROC_A2D125,1,10,team1,Team 1 (N/S),87,33,10,♦,finished,2026-05-17T16:36:18.762279+00:00
1984,INPROC_CFFE56,1,10,team2,Team 2 (E/W),55,65,24,♥,finished,2026-05-17T16:36:18.779929+00:00
1985,INPROC_FDA1BB,1,10,team2,Team 2 (E/W),59,61,8,♣,finished,2026-05-17T16:36:18.796367+00:00
1986,INPROC_42DC0D,1,10,team1,Team 1 (N/S),72,48,22,♥,finished,2026-05-17T16:36:18.812963+00:00
1987,INPROC_5FDDF6,1,10,team1,Team 1 (N/S),78,42,0,♣,finished,2026-05-17T16:36:18.827231+00:00
1988,INPROC_493169,1,10,team2,Team 2 (E/W),44,76,21,♥,finished,2026-05-17T16:36:18.843965+00:00
1989,INPROC_2420A4,1,10,team2,Team 2 (E/W),32,88,14,♦,finished,2026-05-17T16:36:18.859712+00:00
1990,INPROC_F227C2,1,10,team2,Team 2 (E/W),35,85,22,♥,finished,2026-05-17T16:36:18.874620+00:00
1991,INPROC_18E278,1,10,team1,Team 1 (N/S),66,54,33,♠,finished,2026-05-17T16:36:18.889779+00:00
1992,INPROC_01733A,1,10,team1,Team 1 (N/S),61,59,19,♦,finished,2026-05-17T16:36:18.905987+00:00
1993,INPROC_2FC448,1,10,team1,Team 1 (N/S),85,35,13,♦,finished,2026-05-17T16:36:18.921450+00:00
1994,INPROC_B103D0,1,10,team2,Team 2 (E/W),58,62,2,♣,finished,2026-05-17T16:36:18.936721+00:00
1995,INPROC_46369F,1,10,team2,Team 2 (E/W),55,65,20,♥,finished,2026-05-17T16:36:18.952002+00:00
1996,INPROC_E1B113,1,10,team2,Team 2 (E/W),44,76,4,♣,finished,2026-05-17T16:36:18.968094+00:00
1997,INPROC_AA7998,1,10,team2,Team 2 (E/W),42,78,31,♠,finished,2026-05-17T16:36:18.985489+00:00
1998,INPROC_998253,1,10,team2,Team 2 (E/W),55,65,34,♠,finished,2026-05-17T16:36:19.001048+00:00
1999,INPROC_32232F,1,10,team2,Team 2 (E/W),55,65,33,♠,finished,2026-05-17T16:36:19.016434+00:00
2000,INPROC_9919E5,1,10,team2,Team 2 (E/W),43,77,39,♠,finished,2026-05-17T16:36:19.031987+00:00
2001,INPROC_C8C799,1,10,team2,Team 2 (E/W),50,70,31,♠,finished,2026-05-17T16:36:19.047908+00:00
2002,INPROC_26ED88,1,10,team2,Team 2 (E/W),27,93,16,♦,finished,2026-05-17T16:36:19.062378+00:00
2003,INPROC_84B4A0,1,10,team2,Team 2 (E/W),17,103,37,♠,finished,2026-05-17T16:36:19.077919+00:00
2004,INPROC_B4151A,1,10,team2,Team 2 (E/W),37,83,2,♣,finished,2026-05-17T16:36:19.095886+00:00
2005,INPROC_6449CD,1,10,team1,Team 1 (N/S),61,59,31,♠,finished,2026-05-17T16:36:19.112948+00:00
2006,INPROC_AA60B8,1,10,team1,Team 1 (N/S),89,31,25,♥,finished,2026-05-17T16:36:19.128717+00:00
2007,INPROC_977A56,1,10,team1,Team 1 (N/S),63,57,27,♥,finished,2026-05-17T16:36:19.145621+00:00
2008,INPROC_7D3761,1,10,team1,Team 1 (N/S),111,9,17,♦,finished,2026-05-17T16:36:19.162172+00:00
2009,INPROC_4FC579,1,10,team2,Team 2 (E/W),20,100,3,♣,finished,2026-05-17T16:36:19.178532+00:00
2010,INPROC_C85067,1,10,team1,Team 1 (N/S),104,16,26,♥,finished,2026-05-17T16:36:19.194441+00:00
2011,INPROC_592224,1,10,team1,Team 1 (N/S),79,41,28,♥,finished,2026-05-17T16:36:19.211700+00:00
2012,INPROC_E8092D,1,10,team2,Team 2 (E/W),37,83,2,♣,finished,2026-05-17T16:36:19.224285+00:00
2013,INPROC_84A549,1,10,team2,Team 2 (E/W),48,72,11,♦,finished,2026-05-17T16:36:19.237117+00:00
2014,INPROC_7E36B8,1,10,team2,Team 2 (E/W),24,96,27,♥,finished,2026-05-17T16:36:19.253385+00:00
2015,INPROC_0DE18D,1,10,team2,Team 2 (E/W),32,88,7,♣,finished,2026-05-17T16:36:19.268445+00:00
2016,INPROC_C7850D,1,10,team1,Team 1 (N/S),73,47,2,♣,finished,2026-05-17T16:36:19.284671+00:00
2017,INPROC_303C5A,1,10,team1,Team 1 (N/S),98,22,31,♠,finished,2026-05-17T16:36:19.301020+00:00
2018,INPROC_6E8829,1,10,team2,Team 2 (E/W),0,120,28,♥,finished,2026-05-17T16:36:19.316669+00:00
2019,INPROC_DCB329,1,10,team2,Team 2 (E/W),8,112,20,♥,finished,2026-05-17T16:36:19.332207+00:00
2020,INPROC_D85CA7,1,10,team2,Team 2 (E/W),27,93,39,♠,finished,2026-05-17T16:36:19.348090+00:00
2021,INPROC_467168,1,10,team2,Team 2 (E/W),51,69,7,♣,finished,2026-05-17T16:36:19.363116+00:00
2022,INPROC_6619F9,1,10,team2,Team 2 (E/W),31,89,34,♠,finished,2026-05-17T16:36:19.380441+00:00
2023,INPROC_F149BE,1,10,team1,Team 1 (N/S),102,18,33,♠,finished,2026-05-17T16:36:19.397513+00:00
2024,INPROC_D3F644,1,10,team1,Team 1 (N/S),64,56,13,♦,finished,2026-05-17T16:36:19.414152+00:00
2025,INPROC_906DDE,1,10,team2,Team 2 (E/W),39,81,2,♣,finished,2026-05-17T16:36:19.429629+00:00
2026,INPROC_4E1D46,1,10,team2,Team 2 (E/W),50,70,8,♣,finished,2026-05-17T16:36:19.444597+00:00
2027,INPROC_FBF283,1,10,team1,Team 1 (N/S),62,58,0,♣,finished,2026-05-17T16:36:19.462259+00:00
2028,INPROC_806179,1,10,team1,Team 1 (N/S),67,53,35,♠,finished,2026-05-17T16:36:19.477935+00:00
2029,INPROC_CAB5C0,1,10,team1,Team 1 (N/S),88,32,16,♦,finished,2026-05-17T16:36:19.494309+00:00
2030,INPROC_36194A,1,10,team2,Team 2 (E/W),34,86,22,♥,finished,2026-05-17T16:36:19.511901+00:00
2031,INPROC_B44D41,1,10,team1,Team 1 (N/S),77,43,4,♣,finished,2026-05-17T16:36:19.528584+00:00
2032,INPROC_E91928,1,10,team2,Team 2 (E/W),55,65,26,♥,finished,2026-05-17T16:36:19.545799+00:00
2033,INPROC_C330CA,1,10,team2,Team 2 (E/W),59,61,3,♣,finished,2026-05-17T16:36:19.562044+00:00
2034,INPROC_229FC0,1,10,team1,Team 1 (N/S),120,0,17,♦,finished,2026-05-17T16:36:19.577030+00:00
2035,INPROC_0594EB,1,10,team2,Team 2 (E/W),35,85,10,♦,finished,2026-05-17T16:36:19.593192+00:00
2036,INPROC_8A58FC,1,10,team2,Team 2 (E/W),34,86,27,♥,finished,2026-05-17T16:36:19.610130+00:00
2037,INPROC_B204C8,1,10,team2,Team 2 (E/W),55,65,6,♣,finished,2026-05-17T16:36:19.625838+00:00
2038,INPROC_42A7BC,1,10,team2,Team 2 (E/W),31,89,9,♣,finished,2026-05-17T16:36:19.639868+00:00
2039,INPROC_A6F9C3,1,10,team1,Team 1 (N/S),85,35,38,♠,finished,2026-05-17T16:36:19.655824+00:00
2040,INPROC_E28B11,1,10,team2,Team 2 (E/W),57,63,3,♣,finished,2026-05-17T16:36:19.671129+00:00
2041,INPROC_889FBE,1,10,team2,Team 2 (E/W),48,72,8,♣,finished,2026-05-17T16:36:19.687893+00:00
2042,INPROC_5FC3D3,1,10,team2,Team 2 (E/W),17,103,35,♠,finished,2026-05-17T16:36:19.704872+00:00
2043,INPROC_845FA8,1,10,team2,Team 2 (E/W),24,96,35,♠,finished,2026-05-17T16:36:19.721172+00:00
2044,INPROC_CAC598,1,10,team1,Team 1 (N/S),100,20,34,♠,finished,2026-05-17T16:36:19.738439+00:00
2045,INPROC_9D7E04,1,10,team2,Team 2 (E/W),34,86,7,♣,finished,2026-05-17T16:36:19.754574+00:00
2046,INPROC_70BEA0,1,10,team2,Team 2 (E/W),18,102,34,♠,finished,2026-05-17T16:36:19.768803+00:00
2047,INPROC_71E8A9,1,10,team2,Team 2 (E/W),9,111,29,♥,finished,2026-05-17T16:36:19.786851+00:00
2048,INPROC_0A46E8,1,10,team2,Team 2 (E/W),23,97,24,♥,finished,2026-05-17T16:36:19.805620+00:00
2049,INPROC_5D0F3D,1,10,team2,Team 2 (E/W),50,70,0,♣,finished,2026-05-17T16:36:19.821408+00:00
2050,INPROC_5B06D8,1,10,team2,Team 2 (E/W),27,93,4,♣,finished,2026-05-17T16:36:19.837766+00:00
2051,INPROC_04FCD7,1,10,team2,Team 2 (E/W),42,78,27,♥,finished,2026-05-17T16:36:19.852494+00:00
2052,INPROC_8E6078,1,10,team1,Team 1 (N/S),74,46,0,♣,finished,2026-05-17T16:36:19.867137+00:00
2053,INPROC_1E0F8D,1,10,team1,Team 1 (N/S),66,54,25,♥,finished,2026-05-17T16:36:19.881621+00:00
2054,INPROC_EDD9B4,1,10,team1,Team 1 (N/S),75,45,17,♦,finished,2026-05-17T16:36:19.898864+00:00
2055,INPROC_29A7D0,1,10,team2,Team 2 (E/W),38,82,18,♦,finished,2026-05-17T16:36:19.913073+00:00
2056,INPROC_627C30,1,10,team1,Team 1 (N/S),102,18,16,♦,finished,2026-05-17T16:36:19.928240+00:00
2057,INPROC_9FEAE8,1,10,team1,Team 1 (N/S),91,29,36,♠,finished,2026-05-17T16:36:19.945589+00:00
2058,INPROC_CC4FDD,1,10,team2,Team 2 (E/W),52,68,34,♠,finished,2026-05-17T16:36:19.963372+00:00
2059,INPROC_1ED354,1,10,team1,Team 1 (N/S),82,38,36,♠,finished,2026-05-17T16:36:19.979318+00:00
2060,INPROC_CD1C23,1,10,team1,Team 1 (N/S),91,29,16,♦,finished,2026-05-17T16:36:19.996473+00:00
2061,INPROC_76ABC8,1,10,team2,Team 2 (E/W),45,75,1,♣,finished,2026-05-17T16:36:20.010615+00:00
2062,INPROC_89B6CF,1,10,team2,Team 2 (E/W),54,66,11,♦,finished,2026-05-17T16:36:20.025633+00:00
2063,INPROC_C44057,1,10,team1,Team 1 (N/S),116,4,24,♥,finished,2026-05-17T16:36:20.037641+00:00
2064,INPROC_EFEC87,1,10,team1,Team 1 (N/S),88,32,24,♥,finished,2026-05-17T16:36:20.053324+00:00
2065,INPROC_24E37C,1,10,team2,Team 2 (E/W),57,63,36,♠,finished,2026-05-17T16:36:20.068715+00:00
2066,INPROC_254DCD,1,10,team1,Team 1 (N/S),71,49,31,♠,finished,2026-05-17T16:36:20.083395+00:00
2067,INPROC_A09254,1,10,team1,Team 1 (N/S),76,44,24,♥,finished,2026-05-17T16:36:20.099756+00:00
2068,INPROC_3DE346,1,10,team1,Team 1 (N/S),67,53,2,♣,finished,2026-05-17T16:36:20.115396+00:00
2069,INPROC_C4DB50,1,10,team2,Team 2 (E/W),42,78,9,♣,finished,2026-05-17T16:36:20.133241+00:00
2070,INPROC_ACC6ED,1,10,team1,Team 1 (N/S),67,53,1,♣,finished,2026-05-17T16:36:20.149414+00:00
2071,INPROC_4AD11C,1,10,team1,Team 1 (N/S),83,37,8,♣,finished,2026-05-17T16:36:20.165852+00:00
2072,INPROC_5E2FFB,1,10,team1,Team 1 (N/S),61,59,24,♥,finished,2026-05-17T16:36:20.183533+00:00
2073,INPROC_D9A92A,1,10,team2,Team 2 (E/W),22,98,18,♦,finished,2026-05-17T16:36:20.199718+00:00
2074,INPROC_EB1870,1,10,team2,Team 2 (E/W),44,76,3,♣,finished,2026-05-17T16:36:20.214594+00:00
2075,INPROC_D9DC92,1,10,team1,Team 1 (N/S),90,30,21,♥,finished,2026-05-17T16:36:20.230056+00:00
2076,INPROC_770F7F,1,10,team1,Team 1 (N/S),89,31,19,♦,finished,2026-05-17T16:36:20.243316+00:00
2077,INPROC_2CE52A,1,10,team2,Team 2 (E/W),0,120,13,♦,finished,2026-05-17T16:36:20.260196+00:00
2078,INPROC_2CF4EB,1,10,team1,Team 1 (N/S),100,20,31,♠,finished,2026-05-17T16:36:20.276730+00:00
2079,INPROC_49BDDE,1,10,team2,Team 2 (E/W),55,65,34,♠,finished,2026-05-17T16:36:20.292855+00:00
2080,INPROC_FF1DE3,1,10,team2,Team 2 (E/W),29,91,37,♠,finished,2026-05-17T16:36:20.303300+00:00
2081,INPROC_D1AB8D,1,10,team2,Team 2 (E/W),16,104,27,♥,finished,2026-05-17T16:36:20.320091+00:00
2082,INPROC_E66BDF,1,10,team2,Team 2 (E/W),41,79,38,♠,finished,2026-05-17T16:36:20.336945+00:00
2083,INPROC_5BA7D3,1,10,team2,Team 2 (E/W),52,68,20,♥,finished,2026-05-17T16:36:20.351487+00:00
2084,INPROC_C8FBAB,1,10,team1,Team 1 (N/S),100,20,0,♣,finished,2026-05-17T16:36:20.367753+00:00
2085,INPROC_98B41F,1,10,team2,Team 2 (E/W),40,80,0,♣,finished,2026-05-17T16:36:20.382709+00:00
2086,INPROC_4C4A12,1,10,team2,Team 2 (E/W),52,68,0,♣,finished,2026-05-17T16:36:20.405274+00:00
2087,INPROC_C60D0F,1,10,team2,Team 2 (E/W),49,71,24,♥,finished,2026-05-17T16:36:20.427649+00:00
2088,INPROC_A2ABB1,1,10,team2,Team 2 (E/W),49,71,18,♦,finished,2026-05-17T16:36:20.447636+00:00
2089,INPROC_B3E053,1,10,team2,Team 2 (E/W),34,86,2,♣,finished,2026-05-17T16:36:20.467495+00:00
2090,INPROC_A4ED18,1,10,team1,Team 1 (N/S),66,54,21,♥,finished,2026-05-17T16:36:20.483744+00:00
2091,INPROC_48CFA1,1,10,team1,Team 1 (N/S),69,51,4,♣,finished,2026-05-17T16:36:20.501016+00:00
2092,INPROC_7556E6,1,10,team2,Team 2 (E/W),16,104,8,♣,finished,2026-05-17T16:36:20.517399+00:00
2093,INPROC_009F67,1,10,team1,Team 1 (N/S),88,32,16,♦,finished,2026-05-17T16:36:20.547158+00:00
2094,INPROC_776118,1,10,team1,Team 1 (N/S),109,11,20,♥,finished,2026-05-17T16:36:20.566892+00:00
2095,INPROC_51C21A,1,10,team1,Team 1 (N/S),69,51,14,♦,finished,2026-05-17T16:36:20.582995+00:00
2096,INPROC_E2D4A4,1,10,team1,Team 1 (N/S),89,31,32,♠,finished,2026-05-17T16:36:20.600242+00:00
2097,INPROC_C9AE27,1,10,draw,draw,60,60,32,♠,finished,2026-05-17T16:36:20.617638+00:00
2098,INPROC_269611,1,10,draw,draw,60,60,23,♥,finished,2026-05-17T16:36:20.635279+00:00
2099,INPROC_CEA214,1,10,team2,Team 2 (E/W),22,98,34,♠,finished,2026-05-17T16:36:20.651887+00:00
2100,INPROC_31C2BC,1,10,team1,Team 1 (N/S),74,46,11,♦,finished,2026-05-17T16:36:20.667306+00:00
2101,INPROC_BE27D6,1,10,team2,Team 2 (E/W),26,94,37,♠,finished,2026-05-17T16:36:20.682864+00:00
2102,INPROC_35E19E,1,10,team1,Team 1 (N/S),72,48,22,♥,finished,2026-05-17T16:36:20.699355+00:00
2103,INPROC_487710,1,10,team1,Team 1 (N/S),102,18,30,♠,finished,2026-05-17T16:36:20.716442+00:00
2104,INPROC_10D401,1,10,team1,Team 1 (N/S),79,41,23,♥,finished,2026-05-17T16:36:20.733127+00:00
2105,INPROC_875EDA,1,10,team1,Team 1 (N/S),81,39,13,♦,finished,2026-05-17T16:36:20.748609+00:00
2106,INPROC_B43876,1,10,team2,Team 2 (E/W),23,97,30,♠,finished,2026-05-17T16:36:20.765039+00:00
2107,INPROC_8A9031,1,10,team2,Team 2 (E/W),32,88,21,♥,finished,2026-05-17T16:36:20.780138+00:00
2108,INPROC_04D1A7,1,10,team1,Team 1 (N/S),83,37,4,♣,finished,2026-05-17T16:36:20.793709+00:00
2109,INPROC_896A27,1,10,team2,Team 2 (E/W),42,78,15,♦,finished,2026-05-17T16:36:20.807606+00:00
2110,INPROC_D75861,1,10,team2,Team 2 (E/W),43,77,32,♠,finished,2026-05-17T16:36:20.820204+00:00
2111,INPROC_829643,1,10,team1,Team 1 (N/S),65,55,31,♠,finished,2026-05-17T16:36:20.833774+00:00
2112,INPROC_6344A8,1,10,team2,Team 2 (E/W),29,91,17,♦,finished,2026-05-17T16:36:20.846504+00:00
2113,INPROC_896987,1,10,team2,Team 2 (E/W),46,74,18,♦,finished,2026-05-17T16:36:20.859358+00:00
2114,INPROC_DC8D66,1,10,team2,Team 2 (E/W),43,77,22,♥,finished,2026-05-17T16:36:20.876616+00:00
2115,INPROC_5D1E82,1,10,team2,Team 2 (E/W),43,77,28,♥,finished,2026-05-17T16:36:20.890458+00:00
2116,INPROC_C23E40,1,10,team2,Team 2 (E/W),54,66,36,♠,finished,2026-05-17T16:36:20.905493+00:00
2117,INPROC_587319,1,10,team2,Team 2 (E/W),14,106,39,♠,finished,2026-05-17T16:36:20.916535+00:00
2118,INPROC_138B42,1,10,team2,Team 2 (E/W),58,62,28,♥,finished,2026-05-17T16:36:20.929359+00:00
2119,INPROC_0D3A1B,1,10,team2,Team 2 (E/W),43,77,13,♦,finished,2026-05-17T16:36:20.943212+00:00
2120,INPROC_046458,1,10,team2,Team 2 (E/W),28,92,14,♦,finished,2026-05-17T16:36:20.956344+00:00
2121,INPROC_425802,1,10,team1,Team 1 (N/S),70,50,28,♥,finished,2026-05-17T16:36:20.972171+00:00
2122,INPROC_2F1DBB,1,10,team1,Team 1 (N/S),90,30,2,♣,finished,2026-05-17T16:36:20.986992+00:00
2123,INPROC_827281,1,10,team2,Team 2 (E/W),53,67,13,♦,finished,2026-05-17T16:36:21.001990+00:00
2124,INPROC_A33A1F,1,10,team1,Team 1 (N/S),87,33,14,♦,finished,2026-05-17T16:36:21.018114+00:00
2125,INPROC_50CA41,1,10,team1,Team 1 (N/S),69,51,31,♠,finished,2026-05-17T16:36:21.034096+00:00
2126,INPROC_109384,1,10,team2,Team 2 (E/W),20,100,3,♣,finished,2026-05-17T16:36:21.049215+00:00
2127,INPROC_CCDF06,1,10,team2,Team 2 (E/W),48,72,0,♣,finished,2026-05-17T16:36:21.063481+00:00
2128,INPROC_44C8A9,1,10,team2,Team 2 (E/W),45,75,31,♠,finished,2026-05-17T16:36:21.079326+00:00
2129,INPROC_0B8725,1,10,team2,Team 2 (E/W),51,69,34,♠,finished,2026-05-17T16:36:21.096265+00:00
2130,INPROC_2A216D,1,10,team1,Team 1 (N/S),93,27,32,♠,finished,2026-05-17T16:36:21.109073+00:00
2131,INPROC_971437,1,10,team2,Team 2 (E/W),48,72,19,♦,finished,2026-05-17T16:36:21.126128+00:00
2132,INPROC_34D9CF,1,10,team2,Team 2 (E/W),51,69,26,♥,finished,2026-05-17T16:36:21.139520+00:00
2133,INPROC_196ABC,1,10,team1,Team 1 (N/S),71,49,26,♥,finished,2026-05-17T16:36:21.152438+00:00
2134,INPROC_8D7FC2,1,10,team1,Team 1 (N/S),80,40,12,♦,finished,2026-05-17T16:36:21.168598+00:00
2135,INPROC_4ABE7B,1,10,team1,Team 1 (N/S),62,58,26,♥,finished,2026-05-17T16:36:21.184348+00:00
2136,INPROC_42350E,1,10,team2,Team 2 (E/W),48,72,4,♣,finished,2026-05-17T16:36:21.199503+00:00
2137,INPROC_88618E,1,10,team2,Team 2 (E/W),4,116,18,♦,finished,2026-05-17T16:36:21.216450+00:00
2138,INPROC_67E121,1,10,team2,Team 2 (E/W),24,96,36,♠,finished,2026-05-17T16:36:21.231602+00:00
2139,INPROC_56BA09,1,10,team2,Team 2 (E/W),48,72,6,♣,finished,2026-05-17T16:36:21.247475+00:00
2140,INPROC_BD61A3,1,10,team1,Team 1 (N/S),65,55,10,♦,finished,2026-05-17T16:36:21.263394+00:00
2141,INPROC_1E3C4E,1,10,team1,Team 1 (N/S),74,46,3,♣,finished,2026-05-17T16:36:21.279204+00:00
2142,INPROC_F23A23,1,10,team2,Team 2 (E/W),57,63,3,♣,finished,2026-05-17T16:36:21.294324+00:00
2143,INPROC_3A8949,1,10,team2,Team 2 (E/W),13,107,38,♠,finished,2026-05-17T16:36:21.310363+00:00
2144,INPROC_8CA691,1,10,team1,Team 1 (N/S),76,44,26,♥,finished,2026-05-17T16:36:21.326350+00:00
2145,INPROC_173449,1,10,team2,Team 2 (E/W),47,73,29,♥,finished,2026-05-17T16:36:21.339252+00:00
2146,INPROC_97F540,1,10,team1,Team 1 (N/S),81,39,22,♥,finished,2026-05-17T16:36:21.355911+00:00
2147,INPROC_0C2E0C,1,10,team2,Team 2 (E/W),2,118,27,♥,finished,2026-05-17T16:36:21.370745+00:00
2148,INPROC_CBF4FD,1,10,team1,Team 1 (N/S),64,56,17,♦,finished,2026-05-17T16:36:21.386898+00:00
2149,INPROC_A78876,1,10,team1,Team 1 (N/S),99,21,25,♥,finished,2026-05-17T16:36:21.403009+00:00
2150,INPROC_2AEF2D,1,10,team2,Team 2 (E/W),41,79,18,♦,finished,2026-05-17T16:36:21.422568+00:00
2151,INPROC_5B52AE,1,10,team1,Team 1 (N/S),99,21,10,♦,finished,2026-05-17T16:36:21.439119+00:00
2152,INPROC_4EDDA1,1,10,team1,Team 1 (N/S),61,59,37,♠,finished,2026-05-17T16:36:21.456773+00:00
2153,INPROC_7A658F,1,10,team2,Team 2 (E/W),37,83,25,♥,finished,2026-05-17T16:36:21.473285+00:00
2154,INPROC_E30395,1,10,team1,Team 1 (N/S),81,39,1,♣,finished,2026-05-17T16:36:21.488552+00:00
2155,INPROC_C83107,1,10,team2,Team 2 (E/W),21,99,26,♥,finished,2026-05-17T16:36:21.504236+00:00
2156,INPROC_D02D4F,1,10,team1,Team 1 (N/S),89,31,28,♥,finished,2026-05-17T16:36:21.521185+00:00
2157,INPROC_6B0634,1,10,team2,Team 2 (E/W),16,104,14,♦,finished,2026-05-17T16:36:21.537433+00:00
2158,INPROC_9244B0,1,10,team1,Team 1 (N/S),87,33,22,♥,finished,2026-05-17T16:36:21.553690+00:00
2159,INPROC_E0C689,1,10,team1,Team 1 (N/S),65,55,11,♦,finished,2026-05-17T16:36:21.568004+00:00
2160,INPROC_8307D0,1,10,team2,Team 2 (E/W),21,99,39,♠,finished,2026-05-17T16:36:21.584088+00:00
2161,INPROC_A95DB0,1,10,team1,Team 1 (N/S),82,38,0,♣,finished,2026-05-17T16:36:21.599591+00:00
2162,INPROC_764ECD,1,10,team2,Team 2 (E/W),37,83,20,♥,finished,2026-05-17T16:36:21.615735+00:00
2163,INPROC_843AAC,1,10,team1,Team 1 (N/S),65,55,25,♥,finished,2026-05-17T16:36:21.631805+00:00
2164,INPROC_34DAD9,1,10,team2,Team 2 (E/W),54,66,19,♦,finished,2026-05-17T16:36:21.646837+00:00
2165,INPROC_BB76E7,1,10,team1,Team 1 (N/S),64,56,28,♥,finished,2026-05-17T16:36:21.662535+00:00
2166,INPROC_F61E8E,1,10,team1,Team 1 (N/S),65,55,37,♠,finished,2026-05-17T16:36:21.676453+00:00
2167,INPROC_EF996E,1,10,team1,Team 1 (N/S),61,59,10,♦,finished,2026-05-17T16:36:21.691019+00:00
2168,INPROC_8C302D,1,10,team1,Team 1 (N/S),61,59,32,♠,finished,2026-05-17T16:36:21.704542+00:00
2169,INPROC_E25F18,1,10,team1,Team 1 (N/S),68,52,31,♠,finished,2026-05-17T16:36:21.718907+00:00
2170,INPROC_9EEB4D,1,10,team2,Team 2 (E/W),54,66,22,♥,finished,2026-05-17T16:36:21.733951+00:00
2171,INPROC_A1ABD1,1,10,team2,Team 2 (E/W),52,68,31,♠,finished,2026-05-17T16:36:21.751226+00:00
2172,INPROC_EB2F7A,1,10,team1,Team 1 (N/S),75,45,10,♦,finished,2026-05-17T16:36:21.767645+00:00
2173,INPROC_C45810,1,10,team1,Team 1 (N/S),73,47,0,♣,finished,2026-05-17T16:36:21.783924+00:00
2174,INPROC_8AD3B2,1,10,team2,Team 2 (E/W),31,89,13,♦,finished,2026-05-17T16:36:21.799736+00:00
2175,INPROC_83E66D,1,10,team1,Team 1 (N/S),86,34,3,♣,finished,2026-05-17T16:36:21.815027+00:00
2176,INPROC_B2D6C9,1,10,team1,Team 1 (N/S),78,42,18,♦,finished,2026-05-17T16:36:21.830340+00:00
2177,INPROC_08BCFC,1,10,team1,Team 1 (N/S),73,47,20,♥,finished,2026-05-17T16:36:21.845878+00:00
2178,INPROC_9613FC,1,10,team1,Team 1 (N/S),113,7,18,♦,finished,2026-05-17T16:36:21.864700+00:00
2179,INPROC_7E1EDD,1,10,team1,Team 1 (N/S),74,46,2,♣,finished,2026-05-17T16:36:21.878701+00:00
2180,INPROC_85DC60,1,10,team2,Team 2 (E/W),24,96,30,♠,finished,2026-05-17T16:36:21.893869+00:00
2181,INPROC_C858B2,1,10,team1,Team 1 (N/S),74,46,14,♦,finished,2026-05-17T16:36:21.909096+00:00
2182,INPROC_771E6B,1,10,team2,Team 2 (E/W),35,85,3,♣,finished,2026-05-17T16:36:21.924047+00:00
2183,INPROC_D6597A,1,10,team2,Team 2 (E/W),53,67,17,♦,finished,2026-05-17T16:36:21.940100+00:00
2184,INPROC_796E84,1,10,draw,draw,60,60,37,♠,finished,2026-05-17T16:36:21.955139+00:00
2185,INPROC_57DB57,1,10,team2,Team 2 (E/W),57,63,32,♠,finished,2026-05-17T16:36:21.971671+00:00
2186,INPROC_67FC65,1,10,team2,Team 2 (E/W),39,81,8,♣,finished,2026-05-17T16:36:21.988345+00:00
2187,INPROC_2812F4,1,10,team1,Team 1 (N/S),109,11,24,♥,finished,2026-05-17T16:36:22.003760+00:00
2188,INPROC_B06A34,1,10,team2,Team 2 (E/W),13,107,19,♦,finished,2026-05-17T16:36:22.019778+00:00
2189,INPROC_8FE549,1,10,team2,Team 2 (E/W),34,86,14,♦,finished,2026-05-17T16:36:22.035956+00:00
2190,INPROC_BD141F,1,10,team1,Team 1 (N/S),89,31,37,♠,finished,2026-05-17T16:36:22.053025+00:00
2191,INPROC_ED30A7,1,10,team1,Team 1 (N/S),79,41,32,♠,finished,2026-05-17T16:36:22.067348+00:00
2192,INPROC_13A440,1,10,team1,Team 1 (N/S),67,53,0,♣,finished,2026-05-17T16:36:22.083190+00:00
2193,INPROC_C24CE5,1,10,team2,Team 2 (E/W),58,62,37,♠,finished,2026-05-17T16:36:22.101810+00:00
2194,INPROC_B781F4,1,10,team1,Team 1 (N/S),88,32,17,♦,finished,2026-05-17T16:36:22.119144+00:00
2195,INPROC_F1EEB2,1,10,team1,Team 1 (N/S),64,56,4,♣,finished,2026-05-17T16:36:22.135425+00:00
2196,INPROC_49D9F6,1,10,team2,Team 2 (E/W),43,77,36,♠,finished,2026-05-17T16:36:22.151704+00:00
2197,INPROC_E5B3DC,1,10,team1,Team 1 (N/S),64,56,30,♠,finished,2026-05-17T16:36:22.166662+00:00
2198,INPROC_BBC7C6,1,10,team1,Team 1 (N/S),73,47,30,♠,finished,2026-05-17T16:36:22.182925+00:00
2199,INPROC_E5832D,1,10,team1,Team 1 (N/S),88,32,7,♣,finished,2026-05-17T16:36:22.198391+00:00
2200,INPROC_2D61A5,1,10,team1,Team 1 (N/S),74,46,5,♣,finished,2026-05-17T16:36:22.212986+00:00
2201,INPROC_CF8496,1,10,team1,Team 1 (N/S),62,58,29,♥,finished,2026-05-17T16:36:22.229491+00:00
2202,INPROC_C8D7EA,1,10,team2,Team 2 (E/W),49,71,6,♣,finished,2026-05-17T16:36:22.244658+00:00
2203,INPROC_88F333,1,10,team2,Team 2 (E/W),44,76,28,♥,finished,2026-05-17T16:36:22.261579+00:00
2204,INPROC_289EB2,1,10,team2,Team 2 (E/W),22,98,18,♦,finished,2026-05-17T16:36:22.277643+00:00
2205,INPROC_07A6AE,1,10,team2,Team 2 (E/W),50,70,8,♣,finished,2026-05-17T16:36:22.295899+00:00
2206,INPROC_F501D4,1,10,team1,Team 1 (N/S),71,49,31,♠,finished,2026-05-17T16:36:22.313281+00:00
2207,INPROC_FB901B,1,10,team2,Team 2 (E/W),31,89,7,♣,finished,2026-05-17T16:36:22.327747+00:00
2208,INPROC_136CC6,1,10,team1,Team 1 (N/S),103,17,35,♠,finished,2026-05-17T16:36:22.342220+00:00
2209,INPROC_72C9F9,1,10,team2,Team 2 (E/W),0,120,27,♥,finished,2026-05-17T16:36:22.357863+00:00
2210,INPROC_5980BF,1,10,team1,Team 1 (N/S),65,55,34,♠,finished,2026-05-17T16:36:22.370349+00:00
2211,INPROC_744297,1,10,team2,Team 2 (E/W),54,66,16,♦,finished,2026-05-17T16:36:22.383767+00:00
2212,INPROC_17FFB3,1,10,team1,Team 1 (N/S),67,53,22,♥,finished,2026-05-17T16:36:22.399477+00:00
2213,INPROC_6DD92D,1,10,team1,Team 1 (N/S),74,46,34,♠,finished,2026-05-17T16:36:22.415807+00:00
2214,INPROC_D085F0,1,10,team1,Team 1 (N/S),108,12,0,♣,finished,2026-05-17T16:36:22.432423+00:00
2215,INPROC_6B53E6,1,10,team1,Team 1 (N/S),120,0,15,♦,finished,2026-05-17T16:36:22.449435+00:00
2216,INPROC_1C6B31,1,10,team2,Team 2 (E/W),28,92,25,♥,finished,2026-05-17T16:36:22.465713+00:00
2217,INPROC_0C7C66,1,10,team2,Team 2 (E/W),38,82,26,♥,finished,2026-05-17T16:36:22.482919+00:00
2218,INPROC_ADF89A,1,10,team2,Team 2 (E/W),45,75,35,♠,finished,2026-05-17T16:36:22.502857+00:00
2219,INPROC_B6EE92,1,10,team1,Team 1 (N/S),86,34,32,♠,finished,2026-05-17T16:36:22.520796+00:00
2220,INPROC_B5A10C,1,10,team1,Team 1 (N/S),75,45,26,♥,finished,2026-05-17T16:36:22.541189+00:00
2221,INPROC_B4E914,1,10,team2,Team 2 (E/W),28,92,38,♠,finished,2026-05-17T16:36:22.561476+00:00
2222,INPROC_55C850,1,10,team1,Team 1 (N/S),85,35,7,♣,finished,2026-05-17T16:36:22.579492+00:00
2223,INPROC_FCF37C,1,10,team2,Team 2 (E/W),27,93,37,♠,finished,2026-05-17T16:36:22.598602+00:00
2224,INPROC_0232A4,1,10,team2,Team 2 (E/W),57,63,11,♦,finished,2026-05-17T16:36:22.617547+00:00
2225,INPROC_1B3D7F,1,10,team1,Team 1 (N/S),82,38,30,♠,finished,2026-05-17T16:36:22.634321+00:00
2226,INPROC_4729B3,1,10,team2,Team 2 (E/W),33,87,29,♥,finished,2026-05-17T16:36:22.651681+00:00
2227,INPROC_9353D4,1,10,team1,Team 1 (N/S),77,43,34,♠,finished,2026-05-17T16:36:22.668873+00:00
2228,INPROC_267354,1,10,team1,Team 1 (N/S),90,30,18,♦,finished,2026-05-17T16:36:22.683606+00:00
2229,INPROC_736CDA,1,10,team1,Team 1 (N/S),62,58,28,♥,finished,2026-05-17T16:36:22.699524+00:00
2230,INPROC_F89F2D,1,10,team1,Team 1 (N/S),65,55,8,♣,finished,2026-05-17T16:36:22.716901+00:00
2231,INPROC_016446,1,10,team1,Team 1 (N/S),90,30,7,♣,finished,2026-05-17T16:36:22.733448+00:00
2232,INPROC_5AC8BC,1,10,team1,Team 1 (N/S),73,47,6,♣,finished,2026-05-17T16:36:22.752020+00:00
2233,INPROC_D30FC0,1,10,team1,Team 1 (N/S),69,51,37,♠,finished,2026-05-17T16:36:22.769226+00:00
2234,INPROC_2B3AE7,1,10,team1,Team 1 (N/S),89,31,28,♥,finished,2026-05-17T16:36:22.785874+00:00
2235,INPROC_E0E686,1,10,team1,Team 1 (N/S),64,56,13,♦,finished,2026-05-17T16:36:22.803449+00:00
2236,INPROC_756D83,1,10,team2,Team 2 (E/W),54,66,21,♥,finished,2026-05-17T16:36:22.816411+00:00
2237,INPROC_B5C440,1,10,team2,Team 2 (E/W),30,90,5,♣,finished,2026-05-17T16:36:22.834272+00:00
2238,INPROC_D705DC,1,10,team2,Team 2 (E/W),15,105,29,♥,finished,2026-05-17T16:36:22.851692+00:00
2239,INPROC_5857C1,1,10,team2,Team 2 (E/W),32,88,32,♠,finished,2026-05-17T16:36:22.867617+00:00
2240,INPROC_CE7F00,1,10,team2,Team 2 (E/W),48,72,6,♣,finished,2026-05-17T16:36:22.884958+00:00
2241,INPROC_89D0D5,1,10,team2,Team 2 (E/W),29,91,25,♥,finished,2026-05-17T16:36:22.903363+00:00
2242,INPROC_1B30E3,1,10,team2,Team 2 (E/W),35,85,33,♠,finished,2026-05-17T16:36:22.917218+00:00
2243,INPROC_7CEC32,1,10,team1,Team 1 (N/S),69,51,32,♠,finished,2026-05-17T16:36:22.934046+00:00
2244,INPROC_DC596C,1,10,team1,Team 1 (N/S),71,49,16,♦,finished,2026-05-17T16:36:22.951316+00:00
2245,INPROC_7661DD,1,10,team2,Team 2 (E/W),6,114,29,♥,finished,2026-05-17T16:36:22.972050+00:00
2246,INPROC_5B624D,1,10,team2,Team 2 (E/W),52,68,22,♥,finished,2026-05-17T16:36:22.989096+00:00
2247,INPROC_11B33B,1,10,team2,Team 2 (E/W),58,62,5,♣,finished,2026-05-17T16:36:23.006147+00:00
2248,INPROC_959C87,1,10,team1,Team 1 (N/S),66,54,27,♥,finished,2026-05-17T16:36:23.023004+00:00
2249,INPROC_4FFBDB,1,10,team2,Team 2 (E/W),54,66,34,♠,finished,2026-05-17T16:36:23.042674+00:00
2250,INPROC_D0BF7F,1,10,team1,Team 1 (N/S),69,51,36,♠,finished,2026-05-17T16:36:23.060184+00:00
2251,INPROC_F3F140,1,10,team1,Team 1 (N/S),76,44,29,♥,finished,2026-05-17T16:36:23.074842+00:00
2252,INPROC_CCC694,1,10,team2,Team 2 (E/W),20,100,10,♦,finished,2026-05-17T16:36:23.091495+00:00
2253,INPROC_730576,1,10,team1,Team 1 (N/S),87,33,6,♣,finished,2026-05-17T16:36:23.108740+00:00
2254,INPROC_E48FEA,1,10,team2,Team 2 (E/W),39,81,28,♥,finished,2026-05-17T16:36:23.126814+00:00
2255,INPROC_B15AD9,1,10,team2,Team 2 (E/W),52,68,23,♥,finished,2026-05-17T16:36:23.142536+00:00
2256,INPROC_61ABF8,1,10,team2,Team 2 (E/W),41,79,13,♦,finished,2026-05-17T16:36:23.154597+00:00
2257,INPROC_27375B,1,10,team2,Team 2 (E/W),29,91,33,♠,finished,2026-05-17T16:36:23.169183+00:00
2258,INPROC_427448,1,10,team1,Team 1 (N/S),80,40,18,♦,finished,2026-05-17T16:36:23.186360+00:00
2259,INPROC_EFEE2E,1,10,team2,Team 2 (E/W),38,82,22,♥,finished,2026-05-17T16:36:23.204974+00:00
2260,INPROC_C9C707,1,10,team1,Team 1 (N/S),87,33,20,♥,finished,2026-05-17T16:36:23.220219+00:00
2261,INPROC_53FC8E,1,10,team2,Team 2 (E/W),49,71,22,♥,finished,2026-05-17T16:36:23.237143+00:00
2262,INPROC_F3C829,1,10,team1,Team 1 (N/S),118,2,30,♠,finished,2026-05-17T16:36:23.254769+00:00
2263,INPROC_D28C0A,1,10,team1,Team 1 (N/S),64,56,27,♥,finished,2026-05-17T16:36:23.271166+00:00
2264,INPROC_458C17,1,10,team1,Team 1 (N/S),66,54,22,♥,finished,2026-05-17T16:36:23.286598+00:00
2265,INPROC_B9530B,1,10,team2,Team 2 (E/W),55,65,15,♦,finished,2026-05-17T16:36:23.304170+00:00
2266,INPROC_098B2C,1,10,team2,Team 2 (E/W),43,77,32,♠,finished,2026-05-17T16:36:23.321959+00:00
2267,INPROC_818846,1,10,team2,Team 2 (E/W),51,69,16,♦,finished,2026-05-17T16:36:23.339407+00:00
2268,INPROC_C90B11,1,10,team2,Team 2 (E/W),39,81,20,♥,finished,2026-05-17T16:36:23.354496+00:00
2269,INPROC_993641,1,10,team2,Team 2 (E/W),14,106,37,♠,finished,2026-05-17T16:36:23.383649+00:00
2270,INPROC_9680EE,1,10,team2,Team 2 (E/W),32,88,13,♦,finished,2026-05-17T16:36:23.403680+00:00
2271,INPROC_359750,1,10,team2,Team 2 (E/W),48,72,39,♠,finished,2026-05-17T16:36:23.425995+00:00
2272,INPROC_93DE4F,1,10,team2,Team 2 (E/W),56,64,22,♥,finished,2026-05-17T16:36:23.447473+00:00
2273,INPROC_C51243,1,10,team2,Team 2 (E/W),31,89,7,♣,finished,2026-05-17T16:36:23.465087+00:00
2274,INPROC_6664D6,1,10,team2,Team 2 (E/W),59,61,12,♦,finished,2026-05-17T16:36:23.482851+00:00
2275,INPROC_934DCF,1,10,team2,Team 2 (E/W),49,71,21,♥,finished,2026-05-17T16:36:23.500470+00:00
2276,INPROC_AA3A28,1,10,team1,Team 1 (N/S),99,21,14,♦,finished,2026-05-17T16:36:23.518572+00:00
2277,INPROC_307FA9,1,10,team2,Team 2 (E/W),20,100,23,♥,finished,2026-05-17T16:36:23.537474+00:00
2278,INPROC_B264FB,1,10,team1,Team 1 (N/S),69,51,3,♣,finished,2026-05-17T16:36:23.557529+00:00
2279,INPROC_77EB2F,1,10,team1,Team 1 (N/S),81,39,27,♥,finished,2026-05-17T16:36:23.575311+00:00
2280,INPROC_25AEBD,1,10,team1,Team 1 (N/S),89,31,20,♥,finished,2026-05-17T16:36:23.591245+00:00
2281,INPROC_DE49FF,1,10,team1,Team 1 (N/S),62,58,36,♠,finished,2026-05-17T16:36:23.611810+00:00
2282,INPROC_AE065C,1,10,team1,Team 1 (N/S),89,31,1,♣,finished,2026-05-17T16:36:23.629308+00:00
2283,INPROC_4A6C39,1,10,team2,Team 2 (E/W),41,79,5,♣,finished,2026-05-17T16:36:23.647662+00:00
2284,INPROC_333B8E,1,10,team2,Team 2 (E/W),45,75,2,♣,finished,2026-05-17T16:36:23.664063+00:00
2285,INPROC_2356D2,1,10,team2,Team 2 (E/W),27,93,15,♦,finished,2026-05-17T16:36:23.681154+00:00
2286,INPROC_72B441,1,10,team2,Team 2 (E/W),48,72,25,♥,finished,2026-05-17T16:36:23.696597+00:00
2287,INPROC_F35F2F,1,10,team2,Team 2 (E/W),20,100,5,♣,finished,2026-05-17T16:36:23.711693+00:00
2288,INPROC_FFB821,1,10,team1,Team 1 (N/S),94,26,21,♥,finished,2026-05-17T16:36:23.726728+00:00
2289,INPROC_342392,1,10,team2,Team 2 (E/W),36,84,21,♥,finished,2026-05-17T16:36:23.742236+00:00
2290,INPROC_A589A5,1,10,team2,Team 2 (E/W),39,81,3,♣,finished,2026-05-17T16:36:23.758182+00:00
2291,INPROC_284885,1,10,team1,Team 1 (N/S),88,32,0,♣,finished,2026-05-17T16:36:23.775537+00:00
2292,INPROC_31F90F,1,10,team2,Team 2 (E/W),50,70,5,♣,finished,2026-05-17T16:36:23.791487+00:00
2293,INPROC_8483E3,1,10,team1,Team 1 (N/S),78,42,22,♥,finished,2026-05-17T16:36:23.809251+00:00
2294,INPROC_855C9D,1,10,team1,Team 1 (N/S),61,59,38,♠,finished,2026-05-17T16:36:23.823304+00:00
2295,INPROC_2B0C66,1,10,team2,Team 2 (E/W),49,71,4,♣,finished,2026-05-17T16:36:23.837706+00:00
2296,INPROC_53A5A9,1,10,team2,Team 2 (E/W),53,67,39,♠,finished,2026-05-17T16:36:23.853701+00:00
2297,INPROC_589608,1,10,team2,Team 2 (E/W),20,100,0,♣,finished,2026-05-17T16:36:23.868980+00:00
2298,INPROC_9CE919,1,10,team2,Team 2 (E/W),44,76,1,♣,finished,2026-05-17T16:36:23.885560+00:00
2299,INPROC_764AA4,1,10,team2,Team 2 (E/W),49,71,2,♣,finished,2026-05-17T16:36:23.900784+00:00
2300,INPROC_352911,1,10,team2,Team 2 (E/W),42,78,31,♠,finished,2026-05-17T16:36:23.916046+00:00
2301,INPROC_69A440,1,10,team2,Team 2 (E/W),37,83,4,♣,finished,2026-05-17T16:36:23.934007+00:00
2302,INPROC_C781B3,1,10,team1,Team 1 (N/S),98,22,10,♦,finished,2026-05-17T16:36:23.950068+00:00
2303,INPROC_7C820B,1,10,team1,Team 1 (N/S),88,32,37,♠,finished,2026-05-17T16:36:23.966124+00:00
2304,INPROC_1426C6,1,10,team2,Team 2 (E/W),34,86,13,♦,finished,2026-05-17T16:36:23.982828+00:00
2305,INPROC_43A86C,1,10,team2,Team 2 (E/W),37,83,9,♣,finished,2026-05-17T16:36:23.996654+00:00
2306,INPROC_FB7106,1,10,team1,Team 1 (N/S),64,56,7,♣,finished,2026-05-17T16:36:24.010716+00:00
2307,INPROC_7A13E1,1,10,team1,Team 1 (N/S),72,48,3,♣,finished,2026-05-17T16:36:24.026145+00:00
2308,INPROC_6A866D,1,10,team2,Team 2 (E/W),11,109,4,♣,finished,2026-05-17T16:36:24.040918+00:00
2309,INPROC_82BB27,1,10,team2,Team 2 (E/W),42,78,28,♥,finished,2026-05-17T16:36:24.056973+00:00
2310,INPROC_727F9B,1,10,team2,Team 2 (E/W),44,76,14,♦,finished,2026-05-17T16:36:24.071443+00:00
2311,INPROC_F51E70,1,10,team1,Team 1 (N/S),68,52,15,♦,finished,2026-05-17T16:36:24.088669+00:00
2312,INPROC_5CE2D5,1,10,team1,Team 1 (N/S),64,56,26,♥,finished,2026-05-17T16:36:24.103910+00:00
2313,INPROC_CBC406,1,10,team2,Team 2 (E/W),37,83,37,♠,finished,2026-05-17T16:36:24.120875+00:00
2314,INPROC_FF0160,1,10,team1,Team 1 (N/S),87,33,32,♠,finished,2026-05-17T16:36:24.136870+00:00
2315,INPROC_030F4D,1,10,team2,Team 2 (E/W),51,69,28,♥,finished,2026-05-17T16:36:24.153357+00:00
2316,INPROC_FF7113,1,10,team1,Team 1 (N/S),66,54,23,♥,finished,2026-05-17T16:36:24.172124+00:00
2317,INPROC_E8B2AD,1,10,team2,Team 2 (E/W),0,120,26,♥,finished,2026-05-17T16:36:24.188552+00:00
2318,INPROC_E22786,1,10,team2,Team 2 (E/W),49,71,6,♣,finished,2026-05-17T16:36:24.210953+00:00
2319,INPROC_DC994C,1,10,team2,Team 2 (E/W),52,68,29,♥,finished,2026-05-17T16:36:24.235282+00:00
2320,INPROC_9459A0,1,10,team1,Team 1 (N/S),80,40,5,♣,finished,2026-05-17T16:36:24.253396+00:00
2321,INPROC_1918F1,1,10,team1,Team 1 (N/S),84,36,7,♣,finished,2026-05-17T16:36:24.266998+00:00
2322,INPROC_F454B1,1,10,team2,Team 2 (E/W),43,77,34,♠,finished,2026-05-17T16:36:24.284817+00:00
2323,INPROC_FDCD7F,1,10,team2,Team 2 (E/W),39,81,10,♦,finished,2026-05-17T16:36:24.298875+00:00
2324,INPROC_DA11BA,1,10,team1,Team 1 (N/S),80,40,16,♦,finished,2026-05-17T16:36:24.314858+00:00
2325,INPROC_610CD6,1,10,team1,Team 1 (N/S),85,35,23,♥,finished,2026-05-17T16:36:24.329633+00:00
2326,INPROC_56381E,1,10,team1,Team 1 (N/S),97,23,4,♣,finished,2026-05-17T16:36:24.342183+00:00
2327,INPROC_CD0664,1,10,team2,Team 2 (E/W),46,74,32,♠,finished,2026-05-17T16:36:24.357636+00:00
2328,INPROC_FC43A6,1,10,team1,Team 1 (N/S),71,49,0,♣,finished,2026-05-17T16:36:24.372879+00:00
2329,INPROC_CB95D5,1,10,team1,Team 1 (N/S),71,49,9,♣,finished,2026-05-17T16:36:24.388686+00:00
2330,INPROC_CD60DA,1,10,team1,Team 1 (N/S),74,46,4,♣,finished,2026-05-17T16:36:24.403812+00:00
2331,INPROC_EEDB60,1,10,team1,Team 1 (N/S),67,53,32,♠,finished,2026-05-17T16:36:24.419552+00:00
2332,INPROC_6FE71F,1,10,team1,Team 1 (N/S),67,53,11,♦,finished,2026-05-17T16:36:24.433826+00:00
2333,INPROC_59400E,1,10,team1,Team 1 (N/S),80,40,34,♠,finished,2026-05-17T16:36:24.446170+00:00
2334,INPROC_A4B24F,1,10,team1,Team 1 (N/S),84,36,8,♣,finished,2026-05-17T16:36:24.459691+00:00
2335,INPROC_6BDAEA,1,10,team1,Team 1 (N/S),67,53,38,♠,finished,2026-05-17T16:36:24.474648+00:00
2336,INPROC_F260B0,1,10,team2,Team 2 (E/W),31,89,6,♣,finished,2026-05-17T16:36:24.492278+00:00
2337,INPROC_6BB218,1,10,team1,Team 1 (N/S),73,47,35,♠,finished,2026-05-17T16:36:24.510705+00:00
2338,INPROC_3627F1,1,10,team2,Team 2 (E/W),40,80,33,♠,finished,2026-05-17T16:36:24.528217+00:00
2339,INPROC_213835,1,10,team2,Team 2 (E/W),57,63,5,♣,finished,2026-05-17T16:36:24.544126+00:00
2340,INPROC_46AC54,1,10,team2,Team 2 (E/W),40,80,26,♥,finished,2026-05-17T16:36:24.561924+00:00
2341,INPROC_2DAB31,1,10,team1,Team 1 (N/S),76,44,22,♥,finished,2026-05-17T16:36:24.577894+00:00
2342,INPROC_16BBF6,1,10,team1,Team 1 (N/S),61,59,36,♠,finished,2026-05-17T16:36:24.594398+00:00
2343,INPROC_0569BB,1,10,team2,Team 2 (E/W),52,68,34,♠,finished,2026-05-17T16:36:24.610240+00:00
2344,INPROC_714CC6,1,10,team2,Team 2 (E/W),0,120,19,♦,finished,2026-05-17T16:36:24.626480+00:00
2345,INPROC_5B1981,1,10,team1,Team 1 (N/S),81,39,31,♠,finished,2026-05-17T16:36:24.642799+00:00
2346,INPROC_1EF1EE,1,10,team1,Team 1 (N/S),73,47,15,♦,finished,2026-05-17T16:36:24.658517+00:00
2347,INPROC_B75499,1,10,team1,Team 1 (N/S),101,19,8,♣,finished,2026-05-17T16:36:24.674170+00:00
2348,INPROC_1C90A8,1,10,team1,Team 1 (N/S),96,24,37,♠,finished,2026-05-17T16:36:24.689208+00:00
2349,INPROC_35FA65,1,10,team2,Team 2 (E/W),50,70,21,♥,finished,2026-05-17T16:36:24.704478+00:00
2350,INPROC_BA9F60,1,10,team2,Team 2 (E/W),29,91,39,♠,finished,2026-05-17T16:36:24.719628+00:00
2351,INPROC_09555E,1,10,team2,Team 2 (E/W),49,71,16,♦,finished,2026-05-17T16:36:24.736555+00:00
2352,INPROC_E5E06F,1,10,team2,Team 2 (E/W),41,79,1,♣,finished,2026-05-17T16:36:24.751264+00:00
2353,INPROC_5B7E4E,1,10,team2,Team 2 (E/W),52,68,35,♠,finished,2026-05-17T16:36:24.766472+00:00
2354,INPROC_362BED,1,10,team1,Team 1 (N/S),103,17,13,♦,finished,2026-05-17T16:36:24.783398+00:00
2355,INPROC_D9DFF3,1,10,team2,Team 2 (E/W),38,82,4,♣,finished,2026-05-17T16:36:24.798932+00:00
2356,INPROC_AB81F1,1,10,team2,Team 2 (E/W),41,79,33,♠,finished,2026-05-17T16:36:24.815542+00:00
2357,INPROC_433D2A,1,10,team2,Team 2 (E/W),29,91,37,♠,finished,2026-05-17T16:36:24.834241+00:00
2358,INPROC_E7B0CD,1,10,team2,Team 2 (E/W),14,106,12,♦,finished,2026-05-17T16:36:24.847896+00:00
2359,INPROC_26C83C,1,10,team1,Team 1 (N/S),103,17,1,♣,finished,2026-05-17T16:36:24.863594+00:00
2360,INPROC_ADCC25,1,10,team1,Team 1 (N/S),66,54,38,♠,finished,2026-05-17T16:36:24.878001+00:00
2361,INPROC_A60257,1,10,team2,Team 2 (E/W),57,63,8,♣,finished,2026-05-17T16:36:24.896128+00:00
2362,INPROC_52F475,1,10,team2,Team 2 (E/W),0,120,12,♦,finished,2026-05-17T16:36:24.908404+00:00
2363,INPROC_547EC8,1,10,team2,Team 2 (E/W),24,96,29,♥,finished,2026-05-17T16:36:24.924008+00:00
2364,INPROC_F35391,1,10,team1,Team 1 (N/S),89,31,12,♦,finished,2026-05-17T16:36:24.939047+00:00
2365,INPROC_38F5FC,1,10,team1,Team 1 (N/S),71,49,37,♠,finished,2026-05-17T16:36:24.955648+00:00
2366,INPROC_F1650B,1,10,team2,Team 2 (E/W),24,96,9,♣,finished,2026-05-17T16:36:24.970896+00:00
2367,INPROC_AFEDB8,1,10,team1,Team 1 (N/S),72,48,39,♠,finished,2026-05-17T16:36:24.986332+00:00
2368,INPROC_220C21,1,10,team1,Team 1 (N/S),96,24,29,♥,finished,2026-05-17T16:36:25.002163+00:00
2369,INPROC_F30190,1,10,team2,Team 2 (E/W),48,72,15,♦,finished,2026-05-17T16:36:25.016519+00:00
2370,INPROC_49EB74,1,10,team2,Team 2 (E/W),30,90,22,♥,finished,2026-05-17T16:36:25.032468+00:00
2371,INPROC_DD4CDC,1,10,team1,Team 1 (N/S),79,41,8,♣,finished,2026-05-17T16:36:25.047389+00:00
2372,INPROC_F1DE60,1,10,team1,Team 1 (N/S),68,52,23,♥,finished,2026-05-17T16:36:25.062253+00:00
2373,INPROC_9DE4A9,1,10,team2,Team 2 (E/W),34,86,21,♥,finished,2026-05-17T16:36:25.078277+00:00
2374,INPROC_7F89D1,1,10,team2,Team 2 (E/W),37,83,23,♥,finished,2026-05-17T16:36:25.095131+00:00
2375,INPROC_7AE1B7,1,10,team2,Team 2 (E/W),40,80,1,♣,finished,2026-05-17T16:36:25.110816+00:00
2376,INPROC_63F0F0,1,10,team1,Team 1 (N/S),116,4,12,♦,finished,2026-05-17T16:36:25.126869+00:00
2377,INPROC_7ED6F3,1,10,team1,Team 1 (N/S),72,48,24,♥,finished,2026-05-17T16:36:25.142198+00:00
2378,INPROC_B5EEA9,1,10,team2,Team 2 (E/W),58,62,31,♠,finished,2026-05-17T16:36:25.157207+00:00
2379,INPROC_02932A,1,10,team2,Team 2 (E/W),4,116,18,♦,finished,2026-05-17T16:36:25.174087+00:00
2380,INPROC_36E48B,1,10,team2,Team 2 (E/W),43,77,15,♦,finished,2026-05-17T16:36:25.188971+00:00
2381,INPROC_53C608,1,10,team1,Team 1 (N/S),65,55,14,♦,finished,2026-05-17T16:36:25.203739+00:00
2382,INPROC_E67780,1,10,team2,Team 2 (E/W),48,72,19,♦,finished,2026-05-17T16:36:25.218633+00:00
2383,INPROC_B50A90,1,10,team2,Team 2 (E/W),33,87,25,♥,finished,2026-05-17T16:36:25.233866+00:00
2384,INPROC_C7CDCA,1,10,team2,Team 2 (E/W),52,68,23,♥,finished,2026-05-17T16:36:25.250810+00:00
2385,INPROC_0ACE06,1,10,team1,Team 1 (N/S),71,49,18,♦,finished,2026-05-17T16:36:25.267076+00:00
2386,INPROC_665C73,1,10,team2,Team 2 (E/W),14,106,21,♥,finished,2026-05-17T16:36:25.282606+00:00
2387,INPROC_B0C3DA,1,10,team1,Team 1 (N/S),79,41,27,♥,finished,2026-05-17T16:36:25.297272+00:00
2388,INPROC_3191DD,1,10,team1,Team 1 (N/S),81,39,17,♦,finished,2026-05-17T16:36:25.313640+00:00
2389,INPROC_2A11B7,1,10,draw,draw,60,60,1,♣,finished,2026-05-17T16:36:25.328359+00:00
2390,INPROC_B6A43B,1,10,team2,Team 2 (E/W),34,86,3,♣,finished,2026-05-17T16:36:25.343660+00:00
2391,INPROC_6C242D,1,10,team1,Team 1 (N/S),67,53,37,♠,finished,2026-05-17T16:36:25.359478+00:00
2392,INPROC_BAF62D,1,10,team2,Team 2 (E/W),42,78,14,♦,finished,2026-05-17T16:36:25.375224+00:00
2393,INPROC_A36F50,1,10,team1,Team 1 (N/S),73,47,30,♠,finished,2026-05-17T16:36:25.393865+00:00
2394,INPROC_2826BE,1,10,team2,Team 2 (E/W),49,71,21,♥,finished,2026-05-17T16:36:25.410988+00:00
2395,INPROC_EE79A2,1,10,team2,Team 2 (E/W),58,62,29,♥,finished,2026-05-17T16:36:25.428436+00:00
2396,INPROC_57D34B,1,10,team1,Team 1 (N/S),77,43,14,♦,finished,2026-05-17T16:36:25.444871+00:00
2397,INPROC_A77E60,1,10,team1,Team 1 (N/S),78,42,33,♠,finished,2026-05-17T16:36:25.461372+00:00
2398,INPROC_1B34C7,1,10,team2,Team 2 (E/W),59,61,11,♦,finished,2026-05-17T16:36:25.479996+00:00
2399,INPROC_C451B2,1,10,team2,Team 2 (E/W),54,66,6,♣,finished,2026-05-17T16:36:25.494873+00:00
2400,INPROC_0F39A3,1,10,team2,Team 2 (E/W),57,63,11,♦,finished,2026-05-17T16:36:25.513726+00:00
2401,INPROC_2A7DAF,1,10,team1,Team 1 (N/S),70,50,1,♣,finished,2026-05-17T16:36:25.531109+00:00
2402,INPROC_5A377F,1,10,team2,Team 2 (E/W),45,75,26,♥,finished,2026-05-17T16:36:25.550584+00:00
2403,INPROC_4BD31B,1,10,team2,Team 2 (E/W),12,108,11,♦,finished,2026-05-17T16:36:25.570076+00:00
2404,INPROC_87A648,1,10,team2,Team 2 (E/W),57,63,0,♣,finished,2026-05-17T16:36:25.587182+00:00
2405,INPROC_E022F4,1,10,team2,Team 2 (E/W),19,101,5,♣,finished,2026-05-17T16:36:25.604970+00:00
2406,INPROC_E2BA6F,1,10,team2,Team 2 (E/W),17,103,6,♣,finished,2026-05-17T16:36:25.622674+00:00
2407,INPROC_EBB5AF,1,10,draw,draw,60,60,16,♦,finished,2026-05-17T16:36:25.640582+00:00
2408,INPROC_5683FB,1,10,team2,Team 2 (E/W),19,101,19,♦,finished,2026-05-17T16:36:25.657756+00:00
2409,INPROC_C6D04A,1,10,team1,Team 1 (N/S),73,47,9,♣,finished,2026-05-17T16:36:25.674376+00:00
2410,INPROC_91F691,1,10,draw,draw,60,60,39,♠,finished,2026-05-17T16:36:25.691083+00:00
2411,INPROC_4DFAAD,1,10,team2,Team 2 (E/W),33,87,13,♦,finished,2026-05-17T16:36:25.710057+00:00
2412,INPROC_2DD28E,1,10,team2,Team 2 (E/W),34,86,37,♠,finished,2026-05-17T16:36:25.727715+00:00
2413,INPROC_80C064,1,10,team1,Team 1 (N/S),69,51,23,♥,finished,2026-05-17T16:36:25.743348+00:00
2414,INPROC_FCE182,1,10,team2,Team 2 (E/W),22,98,9,♣,finished,2026-05-17T16:36:25.757178+00:00
2415,INPROC_8CC6D5,1,10,team1,Team 1 (N/S),97,23,25,♥,finished,2026-05-17T16:36:25.774209+00:00
2416,INPROC_102408,1,10,team1,Team 1 (N/S),73,47,2,♣,finished,2026-05-17T16:36:25.791166+00:00
2417,INPROC_B150CA,1,10,team2,Team 2 (E/W),45,75,6,♣,finished,2026-05-17T16:36:25.807260+00:00
2418,INPROC_5EF0B6,1,10,team2,Team 2 (E/W),36,84,17,♦,finished,2026-05-17T16:36:25.823525+00:00
2419,INPROC_E91941,1,10,team1,Team 1 (N/S),72,48,11,♦,finished,2026-05-17T16:36:25.840109+00:00
2420,INPROC_2E4E63,1,10,team2,Team 2 (E/W),46,74,21,♥,finished,2026-05-17T16:36:25.857984+00:00
2421,INPROC_513E9D,1,10,team2,Team 2 (E/W),58,62,12,♦,finished,2026-05-17T16:36:25.873215+00:00
2422,INPROC_B11C95,1,10,team2,Team 2 (E/W),11,109,38,♠,finished,2026-05-17T16:36:25.889845+00:00
2423,INPROC_1C61BF,1,10,team2,Team 2 (E/W),27,93,4,♣,finished,2026-05-17T16:36:25.906892+00:00
2424,INPROC_10998B,1,10,team1,Team 1 (N/S),80,40,1,♣,finished,2026-05-17T16:36:25.923425+00:00
2425,INPROC_6C31ED,1,10,team1,Team 1 (N/S),96,24,11,♦,finished,2026-05-17T16:36:25.941430+00:00
2426,INPROC_BD01E4,1,10,team1,Team 1 (N/S),75,45,37,♠,finished,2026-05-17T16:36:25.959781+00:00
2427,INPROC_D325DD,1,10,team1,Team 1 (N/S),68,52,2,♣,finished,2026-05-17T16:36:25.979659+00:00
2428,INPROC_98D9CF,1,10,team2,Team 2 (E/W),56,64,1,♣,finished,2026-05-17T16:36:26.000326+00:00
2429,INPROC_4C41EB,1,10,team1,Team 1 (N/S),79,41,4,♣,finished,2026-05-17T16:36:26.017539+00:00
2430,INPROC_53C89F,1,10,team1,Team 1 (N/S),76,44,34,♠,finished,2026-05-17T16:36:26.039285+00:00
2431,INPROC_9174F2,1,10,team1,Team 1 (N/S),107,13,16,♦,finished,2026-05-17T16:36:26.057777+00:00
2432,INPROC_84F594,1,10,team1,Team 1 (N/S),116,4,14,♦,finished,2026-05-17T16:36:26.078473+00:00
2433,INPROC_255633,1,10,team2,Team 2 (E/W),26,94,16,♦,finished,2026-05-17T16:36:26.095914+00:00
2434,INPROC_ED36B5,1,10,team1,Team 1 (N/S),73,47,20,♥,finished,2026-05-17T16:36:26.112275+00:00
2435,INPROC_9B66D5,1,10,team1,Team 1 (N/S),108,12,36,♠,finished,2026-05-17T16:36:26.129203+00:00
2436,INPROC_48A729,1,10,team1,Team 1 (N/S),80,40,34,♠,finished,2026-05-17T16:36:26.146307+00:00
2437,INPROC_3604DA,1,10,team1,Team 1 (N/S),70,50,38,♠,finished,2026-05-17T16:36:26.162633+00:00
2438,INPROC_DB56DF,1,10,team2,Team 2 (E/W),30,90,15,♦,finished,2026-05-17T16:36:26.179794+00:00
2439,INPROC_8CE4EC,1,10,team2,Team 2 (E/W),51,69,25,♥,finished,2026-05-17T16:36:26.192623+00:00
2440,INPROC_7514D6,1,10,team2,Team 2 (E/W),17,103,19,♦,finished,2026-05-17T16:36:26.211786+00:00
2441,INPROC_9C5B28,1,10,team1,Team 1 (N/S),79,41,10,♦,finished,2026-05-17T16:36:26.228661+00:00
2442,INPROC_C42FD7,1,10,team1,Team 1 (N/S),69,51,24,♥,finished,2026-05-17T16:36:26.245123+00:00
2443,INPROC_B678D1,1,10,draw,draw,60,60,14,♦,finished,2026-05-17T16:36:26.260842+00:00
2444,INPROC_635F96,1,10,team2,Team 2 (E/W),25,95,16,♦,finished,2026-05-17T16:36:26.275418+00:00
2445,INPROC_0D37D2,1,10,team2,Team 2 (E/W),45,75,16,♦,finished,2026-05-17T16:36:26.296221+00:00
2446,INPROC_AB04B3,1,10,team2,Team 2 (E/W),48,72,15,♦,finished,2026-05-17T16:36:26.316629+00:00
2447,INPROC_168CC7,1,10,team1,Team 1 (N/S),64,56,12,♦,finished,2026-05-17T16:36:26.337866+00:00
2448,INPROC_A0A7B9,1,10,team1,Team 1 (N/S),72,48,24,♥,finished,2026-05-17T16:36:26.357368+00:00
2449,INPROC_0A64E6,1,10,team2,Team 2 (E/W),15,105,2,♣,finished,2026-05-17T16:36:26.375307+00:00
2450,INPROC_0048E0,1,10,team2,Team 2 (E/W),19,101,10,♦,finished,2026-05-17T16:36:26.396479+00:00
2451,INPROC_BF15B0,1,10,team1,Team 1 (N/S),94,26,13,♦,finished,2026-05-17T16:36:26.413589+00:00
2452,INPROC_EBFEA4,1,10,team1,Team 1 (N/S),95,25,8,♣,finished,2026-05-17T16:36:26.435286+00:00
2453,INPROC_342874,1,10,team1,Team 1 (N/S),88,32,25,♥,finished,2026-05-17T16:36:26.454919+00:00
2454,INPROC_E3B370,1,10,team2,Team 2 (E/W),36,84,18,♦,finished,2026-05-17T16:36:26.472566+00:00
2455,INPROC_4B3351,1,10,team2,Team 2 (E/W),40,80,19,♦,finished,2026-05-17T16:36:26.489773+00:00
2456,INPROC_F15666,1,10,team2,Team 2 (E/W),5,115,28,♥,finished,2026-05-17T16:36:26.505458+00:00
2457,INPROC_413EA5,1,10,team2,Team 2 (E/W),59,61,36,♠,finished,2026-05-17T16:36:26.522793+00:00
2458,INPROC_B23078,1,10,team1,Team 1 (N/S),72,48,2,♣,finished,2026-05-17T16:36:26.540821+00:00
2459,INPROC_B1921A,1,10,team2,Team 2 (E/W),55,65,35,♠,finished,2026-05-17T16:36:26.560052+00:00
2460,INPROC_9EDF2F,1,10,team2,Team 2 (E/W),36,84,1,♣,finished,2026-05-17T16:36:26.577488+00:00
2461,INPROC_CB388C,1,10,team1,Team 1 (N/S),67,53,7,♣,finished,2026-05-17T16:36:26.597028+00:00
2462,INPROC_2006F7,1,10,team1,Team 1 (N/S),75,45,23,♥,finished,2026-05-17T16:36:26.613450+00:00
2463,INPROC_B884B0,1,10,team2,Team 2 (E/W),32,88,38,♠,finished,2026-05-17T16:36:26.633009+00:00
2464,INPROC_EAD271,1,10,team2,Team 2 (E/W),56,64,8,♣,finished,2026-05-17T16:36:26.651836+00:00
2465,INPROC_4F71ED,1,10,team1,Team 1 (N/S),65,55,3,♣,finished,2026-05-17T16:36:26.669185+00:00
2466,INPROC_FCDB4D,1,10,team2,Team 2 (E/W),41,79,7,♣,finished,2026-05-17T16:36:26.688679+00:00
2467,INPROC_92AEAB,1,10,team2,Team 2 (E/W),45,75,1,♣,finished,2026-05-17T16:36:26.704698+00:00
2468,INPROC_0680BC,1,10,team2,Team 2 (E/W),54,66,6,♣,finished,2026-05-17T16:36:26.720239+00:00
2469,INPROC_B65FBA,1,10,team2,Team 2 (E/W),57,63,30,♠,finished,2026-05-17T16:36:26.738831+00:00
2470,INPROC_717FBF,1,10,team1,Team 1 (N/S),67,53,34,♠,finished,2026-05-17T16:36:26.756425+00:00
2471,INPROC_102508,1,10,team2,Team 2 (E/W),51,69,23,♥,finished,2026-05-17T16:36:26.774196+00:00
2472,INPROC_DB485B,1,10,team1,Team 1 (N/S),66,54,2,♣,finished,2026-05-17T16:36:26.793020+00:00
2473,INPROC_8997D6,1,10,team2,Team 2 (E/W),42,78,1,♣,finished,2026-05-17T16:36:26.810239+00:00
2474,INPROC_1E621F,1,10,team2,Team 2 (E/W),46,74,7,♣,finished,2026-05-17T16:36:26.828341+00:00
2475,INPROC_51A8C4,1,10,team2,Team 2 (E/W),44,76,35,♠,finished,2026-05-17T16:36:26.844296+00:00
2476,INPROC_83BC77,1,10,team2,Team 2 (E/W),56,64,7,♣,finished,2026-05-17T16:36:26.859494+00:00
2477,INPROC_762F26,1,10,team2,Team 2 (E/W),23,97,37,♠,finished,2026-05-17T16:36:26.874499+00:00
2478,INPROC_32B409,1,10,team2,Team 2 (E/W),20,100,17,♦,finished,2026-05-17T16:36:26.889921+00:00
2479,INPROC_7FB655,1,10,team1,Team 1 (N/S),70,50,17,♦,finished,2026-05-17T16:36:26.905695+00:00
2480,INPROC_72FECA,1,10,team1,Team 1 (N/S),73,47,11,♦,finished,2026-05-17T16:36:26.924984+00:00
2481,INPROC_94E921,1,10,team1,Team 1 (N/S),94,26,20,♥,finished,2026-05-17T16:36:26.940527+00:00
2482,INPROC_DD1E70,1,10,team1,Team 1 (N/S),99,21,6,♣,finished,2026-05-17T16:36:26.954805+00:00
2483,INPROC_4E43B3,1,10,team2,Team 2 (E/W),36,84,17,♦,finished,2026-05-17T16:36:26.970790+00:00
2484,INPROC_D579FC,1,10,team1,Team 1 (N/S),74,46,37,♠,finished,2026-05-17T16:36:26.983645+00:00
2485,INPROC_FCC709,1,10,draw,draw,60,60,0,♣,finished,2026-05-17T16:36:27.001680+00:00
2486,INPROC_0FB43F,1,10,team1,Team 1 (N/S),111,9,35,♠,finished,2026-05-17T16:36:27.014506+00:00
2487,INPROC_ACD7F7,1,10,team1,Team 1 (N/S),72,48,27,♥,finished,2026-05-17T16:36:27.030604+00:00
2488,INPROC_09819E,1,10,team1,Team 1 (N/S),64,56,7,♣,finished,2026-05-17T16:36:27.046620+00:00
2489,INPROC_9D813D,1,10,team1,Team 1 (N/S),63,57,5,♣,finished,2026-05-17T16:36:27.064469+00:00
2490,INPROC_23162D,1,10,team2,Team 2 (E/W),41,79,30,♠,finished,2026-05-17T16:36:27.080806+00:00
2491,INPROC_EE192B,1,10,team1,Team 1 (N/S),78,42,8,♣,finished,2026-05-17T16:36:27.096374+00:00
2492,INPROC_7AA12D,1,10,team2,Team 2 (E/W),24,96,4,♣,finished,2026-05-17T16:36:27.113315+00:00
2493,INPROC_31E1C3,1,10,team2,Team 2 (E/W),25,95,9,♣,finished,2026-05-17T16:36:27.126678+00:00
2494,INPROC_B91BDD,1,10,team1,Team 1 (N/S),61,59,37,♠,finished,2026-05-17T16:36:27.143768+00:00
2495,INPROC_F075E9,1,10,team2,Team 2 (E/W),56,64,39,♠,finished,2026-05-17T16:36:27.158888+00:00
2496,INPROC_886E91,1,10,team1,Team 1 (N/S),107,13,21,♥,finished,2026-05-17T16:36:27.174369+00:00
2497,INPROC_FC3AA0,1,10,team2,Team 2 (E/W),32,88,21,♥,finished,2026-05-17T16:36:27.188850+00:00
2498,INPROC_818557,1,10,team2,Team 2 (E/W),18,102,27,♥,finished,2026-05-17T16:36:27.207107+00:00
2499,INPROC_A07384,1,10,team2,Team 2 (E/W),48,72,17,♦,finished,2026-05-17T16:36:27.221579+00:00
2500,INPROC_8E0AB4,1,10,team2,Team 2 (E/W),39,81,10,♦,finished,2026-05-17T16:36:27.236117+00:00
2501,INPROC_170464,1,10,team1,Team 1 (N/S),68,52,0,♣,finished,2026-05-17T16:36:27.250751+00:00
2502,INPROC_A406C1,1,10,team1,Team 1 (N/S),106,14,23,♥,finished,2026-05-17T16:36:27.267177+00:00
2503,INPROC_4C26F5,1,10,team2,Team 2 (E/W),50,70,27,♥,finished,2026-05-17T16:36:27.283753+00:00
2504,INPROC_B9A389,1,10,team1,Team 1 (N/S),95,25,15,♦,finished,2026-05-17T16:36:27.298352+00:00
2505,INPROC_0E17CD,1,10,team1,Team 1 (N/S),65,55,8,♣,finished,2026-05-17T16:36:27.314304+00:00
2506,INPROC_82AFD6,1,10,team2,Team 2 (E/W),34,86,18,♦,finished,2026-05-17T16:36:27.332276+00:00
2507,INPROC_47865D,1,10,team2,Team 2 (E/W),28,92,29,♥,finished,2026-05-17T16:36:27.350558+00:00
2508,INPROC_B99EEA,1,10,team2,Team 2 (E/W),41,79,25,♥,finished,2026-05-17T16:36:27.366825+00:00
2509,INPROC_292619,1,10,team1,Team 1 (N/S),75,45,34,♠,finished,2026-05-17T16:36:27.383667+00:00
2510,INPROC_6B1B80,1,10,team1,Team 1 (N/S),73,47,2,♣,finished,2026-05-17T16:36:27.400671+00:00
2511,INPROC_4E526E,1,10,team1,Team 1 (N/S),95,25,33,♠,finished,2026-05-17T16:36:27.413546+00:00
2512,INPROC_AD86CE,1,10,team2,Team 2 (E/W),39,81,14,♦,finished,2026-05-17T16:36:27.432188+00:00
2513,INPROC_A2A92C,1,10,team2,Team 2 (E/W),21,99,15,♦,finished,2026-05-17T16:36:27.450517+00:00
2514,INPROC_BD7EC6,1,10,team2,Team 2 (E/W),25,95,19,♦,finished,2026-05-17T16:36:27.468957+00:00
2515,INPROC_E01222,1,10,team2,Team 2 (E/W),47,73,16,♦,finished,2026-05-17T16:36:27.485502+00:00
2516,INPROC_CCC5E4,1,10,team1,Team 1 (N/S),79,41,36,♠,finished,2026-05-17T16:36:27.502872+00:00
2517,INPROC_B25397,1,10,team2,Team 2 (E/W),57,63,9,♣,finished,2026-05-17T16:36:27.517859+00:00
2518,INPROC_6C7498,1,10,team1,Team 1 (N/S),72,48,18,♦,finished,2026-05-17T16:36:27.534717+00:00
2519,INPROC_618B69,1,10,team2,Team 2 (E/W),42,78,12,♦,finished,2026-05-17T16:36:27.552467+00:00
2520,INPROC_86B077,1,10,team2,Team 2 (E/W),45,75,11,♦,finished,2026-05-17T16:36:27.569808+00:00
2521,INPROC_52D5BF,1,10,team2,Team 2 (E/W),50,70,7,♣,finished,2026-05-17T16:36:27.587032+00:00
2522,INPROC_97D3F2,1,10,team2,Team 2 (E/W),39,81,23,♥,finished,2026-05-17T16:36:27.604923+00:00
2523,INPROC_B643C4,1,10,team1,Team 1 (N/S),72,48,23,♥,finished,2026-05-17T16:36:27.624253+00:00
2524,INPROC_B94C92,1,10,team2,Team 2 (E/W),50,70,4,♣,finished,2026-05-17T16:36:27.642544+00:00
2525,INPROC_76CCF8,1,10,team2,Team 2 (E/W),34,86,12,♦,finished,2026-05-17T16:36:27.659089+00:00
2526,INPROC_E0C455,1,10,team2,Team 2 (E/W),35,85,29,♥,finished,2026-05-17T16:36:27.676819+00:00
2527,INPROC_82344C,1,10,team1,Team 1 (N/S),70,50,15,♦,finished,2026-05-17T16:36:27.693287+00:00
2528,INPROC_F2A2F8,1,10,team1,Team 1 (N/S),87,33,30,♠,finished,2026-05-17T16:36:27.710509+00:00
2529,INPROC_FFAD6B,1,10,team1,Team 1 (N/S),74,46,31,♠,finished,2026-05-17T16:36:27.726988+00:00
2530,INPROC_04D7F0,1,10,team2,Team 2 (E/W),55,65,27,♥,finished,2026-05-17T16:36:27.744014+00:00
2531,INPROC_73B1F1,1,10,team2,Team 2 (E/W),59,61,15,♦,finished,2026-05-17T16:36:27.760767+00:00
2532,INPROC_3FD605,1,10,team1,Team 1 (N/S),71,49,10,♦,finished,2026-05-17T16:36:27.778045+00:00
2533,INPROC_9C7A06,1,10,team2,Team 2 (E/W),41,79,8,♣,finished,2026-05-17T16:36:27.795023+00:00
2534,INPROC_3E9146,1,10,team2,Team 2 (E/W),58,62,29,♥,finished,2026-05-17T16:36:27.812279+00:00
2535,INPROC_786B6D,1,10,team1,Team 1 (N/S),76,44,29,♥,finished,2026-05-17T16:36:27.830009+00:00
2536,INPROC_865707,1,10,team1,Team 1 (N/S),75,45,36,♠,finished,2026-05-17T16:36:27.847885+00:00
2537,INPROC_7959CA,1,10,team1,Team 1 (N/S),89,31,3,♣,finished,2026-05-17T16:36:27.862449+00:00
2538,INPROC_65C653,1,10,team1,Team 1 (N/S),79,41,5,♣,finished,2026-05-17T16:36:27.879173+00:00
2539,INPROC_89BAEB,1,10,team1,Team 1 (N/S),70,50,3,♣,finished,2026-05-17T16:36:27.896686+00:00
2540,INPROC_820D3B,1,10,team1,Team 1 (N/S),87,33,26,♥,finished,2026-05-17T16:36:27.919908+00:00
2541,INPROC_633BFC,1,10,team1,Team 1 (N/S),64,56,39,♠,finished,2026-05-17T16:36:27.943062+00:00
2542,INPROC_FFA483,1,10,team2,Team 2 (E/W),54,66,17,♦,finished,2026-05-17T16:36:27.961401+00:00
2543,INPROC_B1960A,1,10,team1,Team 1 (N/S),65,55,2,♣,finished,2026-05-17T16:36:27.979860+00:00
2544,INPROC_B6DDDF,1,10,team2,Team 2 (E/W),42,78,14,♦,finished,2026-05-17T16:36:27.996938+00:00
2545,INPROC_9D413B,1,10,team1,Team 1 (N/S),67,53,9,♣,finished,2026-05-17T16:36:28.012293+00:00
2546,INPROC_973BD0,1,10,team2,Team 2 (E/W),56,64,3,♣,finished,2026-05-17T16:36:28.028887+00:00
2547,INPROC_8F830E,1,10,team1,Team 1 (N/S),80,40,3,♣,finished,2026-05-17T16:36:28.044692+00:00
2548,INPROC_3C26F0,1,10,team1,Team 1 (N/S),79,41,36,♠,finished,2026-05-17T16:36:28.060718+00:00
2549,INPROC_E4C794,1,10,team1,Team 1 (N/S),79,41,23,♥,finished,2026-05-17T16:36:28.078508+00:00
2550,INPROC_7CC210,1,10,team1,Team 1 (N/S),61,59,3,♣,finished,2026-05-17T16:36:28.094431+00:00
2551,INPROC_A26B1B,1,10,team2,Team 2 (E/W),26,94,30,♠,finished,2026-05-17T16:36:28.108838+00:00
2552,INPROC_1C213A,1,10,team2,Team 2 (E/W),36,84,8,♣,finished,2026-05-17T16:36:28.125948+00:00
2553,INPROC_42F1ED,1,10,team2,Team 2 (E/W),59,61,35,♠,finished,2026-05-17T16:36:28.140861+00:00
2554,INPROC_8065C1,1,10,team2,Team 2 (E/W),53,67,4,♣,finished,2026-05-17T16:36:28.156601+00:00
2555,INPROC_D7A54A,1,10,team1,Team 1 (N/S),69,51,28,♥,finished,2026-05-17T16:36:28.174478+00:00
2556,INPROC_A4F56B,1,10,team1,Team 1 (N/S),83,37,2,♣,finished,2026-05-17T16:36:28.188138+00:00
2557,INPROC_B7BD18,1,10,team1,Team 1 (N/S),64,56,18,♦,finished,2026-05-17T16:36:28.203569+00:00
2558,INPROC_0AEFB2,1,10,team1,Team 1 (N/S),80,40,2,♣,finished,2026-05-17T16:36:28.219984+00:00
2559,INPROC_C4178A,1,10,team1,Team 1 (N/S),62,58,7,♣,finished,2026-05-17T16:36:28.238933+00:00
2560,INPROC_C8FEE3,1,10,team1,Team 1 (N/S),72,48,2,♣,finished,2026-05-17T16:36:28.251423+00:00
2561,INPROC_436C2C,1,10,team2,Team 2 (E/W),20,100,12,♦,finished,2026-05-17T16:36:28.265879+00:00
2562,INPROC_3B49D9,1,10,team2,Team 2 (E/W),41,79,17,♦,finished,2026-05-17T16:36:28.282140+00:00
2563,INPROC_A91DC1,1,10,team2,Team 2 (E/W),36,84,4,♣,finished,2026-05-17T16:36:28.297538+00:00
2564,INPROC_AEEB20,1,10,team2,Team 2 (E/W),52,68,2,♣,finished,2026-05-17T16:36:28.312822+00:00
2565,INPROC_60C0DC,1,10,team1,Team 1 (N/S),91,29,25,♥,finished,2026-05-17T16:36:28.326912+00:00
2566,INPROC_8DD33E,1,10,team1,Team 1 (N/S),66,54,3,♣,finished,2026-05-17T16:36:28.340700+00:00
2567,INPROC_F63705,1,10,team1,Team 1 (N/S),73,47,17,♦,finished,2026-05-17T16:36:28.358184+00:00
2568,INPROC_2D6173,1,10,team2,Team 2 (E/W),40,80,4,♣,finished,2026-05-17T16:36:28.373515+00:00
2569,INPROC_85FDDB,1,10,team1,Team 1 (N/S),97,23,10,♦,finished,2026-05-17T16:36:28.391421+00:00
2570,INPROC_D71250,1,10,team2,Team 2 (E/W),49,71,1,♣,finished,2026-05-17T16:36:28.404119+00:00
2571,INPROC_B56BC9,1,10,team1,Team 1 (N/S),82,38,2,♣,finished,2026-05-17T16:36:28.419292+00:00
2572,INPROC_DF6376,1,10,team2,Team 2 (E/W),37,83,10,♦,finished,2026-05-17T16:36:28.433410+00:00
2573,INPROC_CE9AFC,1,10,team2,Team 2 (E/W),58,62,36,♠,finished,2026-05-17T16:36:28.448799+00:00
2574,INPROC_761D23,1,10,team2,Team 2 (E/W),37,83,23,♥,finished,2026-05-17T16:36:28.464213+00:00
2575,INPROC_1425E6,1,10,team1,Team 1 (N/S),62,58,26,♥,finished,2026-05-17T16:36:28.480897+00:00
2576,INPROC_86A83E,1,10,team1,Team 1 (N/S),79,41,34,♠,finished,2026-05-17T16:36:28.497165+00:00
2577,INPROC_3BA10F,1,10,team1,Team 1 (N/S),89,31,12,♦,finished,2026-05-17T16:36:28.515309+00:00
2578,INPROC_C50731,1,10,team2,Team 2 (E/W),25,95,32,♠,finished,2026-05-17T16:36:28.534322+00:00
2579,INPROC_7DE9B9,1,10,team1,Team 1 (N/S),66,54,23,♥,finished,2026-05-17T16:36:28.552409+00:00
2580,INPROC_52FA8A,1,10,team1,Team 1 (N/S),98,22,3,♣,finished,2026-05-17T16:36:28.569779+00:00
2581,INPROC_A607CE,1,10,team2,Team 2 (E/W),53,67,25,♥,finished,2026-05-17T16:36:28.589011+00:00
2582,INPROC_11668E,1,10,team1,Team 1 (N/S),80,40,4,♣,finished,2026-05-17T16:36:28.607346+00:00
2583,INPROC_07D6B3,1,10,team1,Team 1 (N/S),90,30,31,♠,finished,2026-05-17T16:36:28.625348+00:00
2584,INPROC_280ED2,1,10,team1,Team 1 (N/S),81,39,1,♣,finished,2026-05-17T16:36:28.642790+00:00
2585,INPROC_1B7E4A,1,10,team1,Team 1 (N/S),62,58,10,♦,finished,2026-05-17T16:36:28.660737+00:00
2586,INPROC_79F0A2,1,10,team1,Team 1 (N/S),69,51,38,♠,finished,2026-05-17T16:36:28.677929+00:00
2587,INPROC_78158A,1,10,team2,Team 2 (E/W),40,80,27,♥,finished,2026-05-17T16:36:28.694998+00:00
2588,INPROC_703726,1,10,team2,Team 2 (E/W),54,66,12,♦,finished,2026-05-17T16:36:28.714056+00:00
2589,INPROC_63B634,1,10,team1,Team 1 (N/S),79,41,33,♠,finished,2026-05-17T16:36:28.731466+00:00
2590,INPROC_197277,1,10,team2,Team 2 (E/W),19,101,23,♥,finished,2026-05-17T16:36:28.746319+00:00
2591,INPROC_4937B8,1,10,team1,Team 1 (N/S),91,29,23,♥,finished,2026-05-17T16:36:28.762305+00:00
2592,INPROC_B75FCD,1,10,team2,Team 2 (E/W),26,94,39,♠,finished,2026-05-17T16:36:28.779364+00:00
2593,INPROC_DE3E5A,1,10,team2,Team 2 (E/W),43,77,5,♣,finished,2026-05-17T16:36:28.796306+00:00
2594,INPROC_A968DB,1,10,team2,Team 2 (E/W),21,99,29,♥,finished,2026-05-17T16:36:28.814913+00:00
2595,INPROC_B3DB3D,1,10,team2,Team 2 (E/W),17,103,22,♥,finished,2026-05-17T16:36:28.829456+00:00
2596,INPROC_8725EE,1,10,team1,Team 1 (N/S),68,52,26,♥,finished,2026-05-17T16:36:28.843641+00:00
2597,INPROC_F5ED3C,1,10,team1,Team 1 (N/S),76,44,8,♣,finished,2026-05-17T16:36:28.859989+00:00
2598,INPROC_64E643,1,10,team2,Team 2 (E/W),58,62,4,♣,finished,2026-05-17T16:36:28.878329+00:00
2599,INPROC_80BFB4,1,10,team1,Team 1 (N/S),85,35,35,♠,finished,2026-05-17T16:36:28.894128+00:00
2600,INPROC_604D33,1,10,team1,Team 1 (N/S),90,30,0,♣,finished,2026-05-17T16:36:28.911175+00:00
2601,INPROC_F8D953,1,10,team1,Team 1 (N/S),89,31,13,♦,finished,2026-05-17T16:36:28.928034+00:00
2602,INPROC_B9A5AE,1,10,team2,Team 2 (E/W),33,87,20,♥,finished,2026-05-17T16:36:28.944352+00:00
2603,INPROC_A5EAEE,1,10,team2,Team 2 (E/W),49,71,34,♠,finished,2026-05-17T16:36:28.959410+00:00
2604,INPROC_83870D,1,10,team2,Team 2 (E/W),45,75,1,♣,finished,2026-05-17T16:36:28.975552+00:00
2605,INPROC_4C1EDB,1,10,team2,Team 2 (E/W),54,66,21,♥,finished,2026-05-17T16:36:28.993096+00:00
2606,INPROC_95F864,1,10,team1,Team 1 (N/S),83,37,1,♣,finished,2026-05-17T16:36:29.008548+00:00
2607,INPROC_4B0B08,1,10,team2,Team 2 (E/W),47,73,26,♥,finished,2026-05-17T16:36:29.025729+00:00
2608,INPROC_2C5D9B,1,10,team2,Team 2 (E/W),33,87,32,♠,finished,2026-05-17T16:36:29.042189+00:00
2609,INPROC_578F48,1,10,team1,Team 1 (N/S),73,47,22,♥,finished,2026-05-17T16:36:29.058815+00:00
2610,INPROC_7855D9,1,10,team2,Team 2 (E/W),32,88,0,♣,finished,2026-05-17T16:36:29.078148+00:00
2611,INPROC_1C62D2,1,10,team2,Team 2 (E/W),0,120,30,♠,finished,2026-05-17T16:36:29.095671+00:00
2612,INPROC_6FF7F5,1,10,team1,Team 1 (N/S),120,0,32,♠,finished,2026-05-17T16:36:29.110072+00:00
2613,INPROC_E94FCA,1,10,team2,Team 2 (E/W),41,79,22,♥,finished,2026-05-17T16:36:29.126845+00:00
2614,INPROC_6D9417,1,10,team1,Team 1 (N/S),63,57,35,♠,finished,2026-05-17T16:36:29.142740+00:00
2615,INPROC_BD781E,1,10,team1,Team 1 (N/S),93,27,24,♥,finished,2026-05-17T16:36:29.158288+00:00
2616,INPROC_7EEA19,1,10,team1,Team 1 (N/S),62,58,27,♥,finished,2026-05-17T16:36:29.175137+00:00
2617,INPROC_7BE35C,1,10,team1,Team 1 (N/S),79,41,20,♥,finished,2026-05-17T16:36:29.193228+00:00
2618,INPROC_1FADE6,1,10,team2,Team 2 (E/W),30,90,10,♦,finished,2026-05-17T16:36:29.207606+00:00
2619,INPROC_21486E,1,10,team1,Team 1 (N/S),72,48,19,♦,finished,2026-05-17T16:36:29.224198+00:00
2620,INPROC_6015BB,1,10,team1,Team 1 (N/S),77,43,10,♦,finished,2026-05-17T16:36:29.239392+00:00
2621,INPROC_E77223,1,10,team1,Team 1 (N/S),65,55,13,♦,finished,2026-05-17T16:36:29.258694+00:00
2622,INPROC_43997B,1,10,team2,Team 2 (E/W),30,90,29,♥,finished,2026-05-17T16:36:29.276185+00:00
2623,INPROC_41137B,1,10,team2,Team 2 (E/W),4,116,34,♠,finished,2026-05-17T16:36:29.288821+00:00
2624,INPROC_0E9436,1,10,team1,Team 1 (N/S),82,38,22,♥,finished,2026-05-17T16:36:29.306357+00:00
2625,INPROC_E032D6,1,10,team2,Team 2 (E/W),32,88,32,♠,finished,2026-05-17T16:36:29.322896+00:00
2626,INPROC_B47A4A,1,10,team2,Team 2 (E/W),16,104,5,♣,finished,2026-05-17T16:36:29.339711+00:00
2627,INPROC_75D2CA,1,10,team1,Team 1 (N/S),87,33,39,♠,finished,2026-05-17T16:36:29.358989+00:00
2628,INPROC_1CC8F3,1,10,team1,Team 1 (N/S),76,44,37,♠,finished,2026-05-17T16:36:29.378662+00:00
2629,INPROC_3AC19C,1,10,team2,Team 2 (E/W),6,114,14,♦,finished,2026-05-17T16:36:29.396263+00:00
2630,INPROC_E37E01,1,10,draw,draw,60,60,17,♦,finished,2026-05-17T16:36:29.412853+00:00
2631,INPROC_9DB348,1,10,team2,Team 2 (E/W),53,67,31,♠,finished,2026-05-17T16:36:29.430999+00:00
2632,INPROC_4FD231,1,10,team1,Team 1 (N/S),84,36,15,♦,finished,2026-05-17T16:36:29.447759+00:00
2633,INPROC_D0720C,1,10,team2,Team 2 (E/W),59,61,8,♣,finished,2026-05-17T16:36:29.466179+00:00
2634,INPROC_FA488B,1,10,team2,Team 2 (E/W),43,77,29,♥,finished,2026-05-17T16:36:29.482428+00:00
2635,INPROC_CA4D48,1,10,team1,Team 1 (N/S),84,36,16,♦,finished,2026-05-17T16:36:29.500841+00:00
2636,INPROC_05C8A6,1,10,team2,Team 2 (E/W),15,105,7,♣,finished,2026-05-17T16:36:29.516708+00:00
2637,INPROC_944700,1,10,team1,Team 1 (N/S),72,48,10,♦,finished,2026-05-17T16:36:29.534678+00:00
2638,INPROC_0BCD78,1,10,team2,Team 2 (E/W),44,76,16,♦,finished,2026-05-17T16:36:29.550149+00:00
2639,INPROC_188617,1,10,team2,Team 2 (E/W),41,79,21,♥,finished,2026-05-17T16:36:29.569042+00:00
2640,INPROC_E6E385,1,10,team1,Team 1 (N/S),62,58,23,♥,finished,2026-05-17T16:36:29.584799+00:00
2641,INPROC_219F40,1,10,team2,Team 2 (E/W),51,69,8,♣,finished,2026-05-17T16:36:29.602423+00:00
2642,INPROC_F4AB72,1,10,team2,Team 2 (E/W),25,95,18,♦,finished,2026-05-17T16:36:29.621286+00:00
2643,INPROC_6FF231,1,10,team2,Team 2 (E/W),46,74,15,♦,finished,2026-05-17T16:36:29.639396+00:00
2644,INPROC_0733F0,1,10,team1,Team 1 (N/S),93,27,7,♣,finished,2026-05-17T16:36:29.656548+00:00
2645,INPROC_208B0D,1,10,team1,Team 1 (N/S),120,0,12,♦,finished,2026-05-17T16:36:29.671226+00:00
2646,INPROC_7D7A6F,1,10,team2,Team 2 (E/W),33,87,14,♦,finished,2026-05-17T16:36:29.687723+00:00
2647,INPROC_12171F,1,10,team1,Team 1 (N/S),83,37,28,♥,finished,2026-05-17T16:36:29.705546+00:00
2648,INPROC_26A0A2,1,10,team1,Team 1 (N/S),63,57,14,♦,finished,2026-05-17T16:36:29.722922+00:00
2649,INPROC_D8D0CF,1,10,team2,Team 2 (E/W),47,73,1,♣,finished,2026-05-17T16:36:29.741451+00:00
2650,INPROC_A0B7DC,1,10,team2,Team 2 (E/W),48,72,39,♠,finished,2026-05-17T16:36:29.755464+00:00
2651,INPROC_63EEFC,1,10,team2,Team 2 (E/W),20,100,25,♥,finished,2026-05-17T16:36:29.771896+00:00
2652,INPROC_86A48B,1,10,team2,Team 2 (E/W),27,93,35,♠,finished,2026-05-17T16:36:29.786475+00:00
2653,INPROC_5C19A1,1,10,team2,Team 2 (E/W),36,84,31,♠,finished,2026-05-17T16:36:29.802439+00:00
2654,INPROC_EB6E22,1,10,team2,Team 2 (E/W),52,68,26,♥,finished,2026-05-17T16:36:29.819541+00:00
2655,INPROC_523DF6,1,10,team2,Team 2 (E/W),56,64,24,♥,finished,2026-05-17T16:36:29.833962+00:00
2656,INPROC_ADE25D,1,10,team2,Team 2 (E/W),41,79,3,♣,finished,2026-05-17T16:36:29.850754+00:00
2657,INPROC_CE1E46,1,10,team2,Team 2 (E/W),4,116,16,♦,finished,2026-05-17T16:36:29.868266+00:00
2658,INPROC_938715,1,10,team1,Team 1 (N/S),109,11,34,♠,finished,2026-05-17T16:36:29.883068+00:00
2659,INPROC_627A6A,1,10,team2,Team 2 (E/W),30,90,26,♥,finished,2026-05-17T16:36:29.900201+00:00
2660,INPROC_35FDAC,1,10,team2,Team 2 (E/W),47,73,33,♠,finished,2026-05-17T16:36:29.918754+00:00
2661,INPROC_A8E126,1,10,team1,Team 1 (N/S),84,36,37,♠,finished,2026-05-17T16:36:29.937509+00:00
2662,INPROC_FFE134,1,10,team2,Team 2 (E/W),22,98,6,♣,finished,2026-05-17T16:36:29.953181+00:00
2663,INPROC_77EF7A,1,10,team2,Team 2 (E/W),41,79,1,♣,finished,2026-05-17T16:36:29.966624+00:00
2664,INPROC_98CB62,1,10,team2,Team 2 (E/W),39,81,14,♦,finished,2026-05-17T16:36:29.984707+00:00
2665,INPROC_2E2D5F,1,10,team2,Team 2 (E/W),24,96,23,♥,finished,2026-05-17T16:36:30.000314+00:00
2666,INPROC_D0F643,1,10,team2,Team 2 (E/W),50,70,13,♦,finished,2026-05-17T16:36:30.019060+00:00
2667,INPROC_FD8FA8,1,10,team2,Team 2 (E/W),36,84,8,♣,finished,2026-05-17T16:36:30.038482+00:00
2668,INPROC_999BE5,1,10,team1,Team 1 (N/S),66,54,25,♥,finished,2026-05-17T16:36:30.053988+00:00
2669,INPROC_3F38C6,1,10,team2,Team 2 (E/W),43,77,19,♦,finished,2026-05-17T16:36:30.071592+00:00
2670,INPROC_5E0A12,1,10,team1,Team 1 (N/S),69,51,21,♥,finished,2026-05-17T16:36:30.086230+00:00
2671,INPROC_606040,1,10,team1,Team 1 (N/S),115,5,31,♠,finished,2026-05-17T16:36:30.102314+00:00
2672,INPROC_CE4C3C,1,10,team2,Team 2 (E/W),54,66,29,♥,finished,2026-05-17T16:36:30.118880+00:00
2673,INPROC_5488C7,1,10,team2,Team 2 (E/W),57,63,32,♠,finished,2026-05-17T16:36:30.137069+00:00
2674,INPROC_D2146C,1,10,team2,Team 2 (E/W),49,71,12,♦,finished,2026-05-17T16:36:30.154303+00:00
2675,INPROC_0641AF,1,10,team2,Team 2 (E/W),27,93,21,♥,finished,2026-05-17T16:36:30.171803+00:00
2676,INPROC_A4840A,1,10,team2,Team 2 (E/W),43,77,10,♦,finished,2026-05-17T16:36:30.187165+00:00
2677,INPROC_7D86BE,1,10,team2,Team 2 (E/W),13,107,22,♥,finished,2026-05-17T16:36:30.203755+00:00
2678,INPROC_F18690,1,10,team2,Team 2 (E/W),44,76,3,♣,finished,2026-05-17T16:36:30.220956+00:00
2679,INPROC_E63DDE,1,10,team1,Team 1 (N/S),74,46,30,♠,finished,2026-05-17T16:36:30.236614+00:00
2680,INPROC_ED388B,1,10,team1,Team 1 (N/S),69,51,3,♣,finished,2026-05-17T16:36:30.252772+00:00
2681,INPROC_0967A3,1,10,team2,Team 2 (E/W),44,76,25,♥,finished,2026-05-17T16:36:30.270413+00:00
2682,INPROC_726286,1,10,team2,Team 2 (E/W),37,83,22,♥,finished,2026-05-17T16:36:30.286973+00:00
2683,INPROC_9792A5,1,10,team2,Team 2 (E/W),54,66,9,♣,finished,2026-05-17T16:36:30.305469+00:00
2684,INPROC_5A187C,1,10,team1,Team 1 (N/S),71,49,14,♦,finished,2026-05-17T16:36:30.319875+00:00
2685,INPROC_BCBEF4,1,10,team2,Team 2 (E/W),58,62,5,♣,finished,2026-05-17T16:36:30.336491+00:00
2686,INPROC_4EB4D8,1,10,team2,Team 2 (E/W),37,83,24,♥,finished,2026-05-17T16:36:30.354000+00:00
2687,INPROC_FF6025,1,10,team1,Team 1 (N/S),103,17,35,♠,finished,2026-05-17T16:36:30.372731+00:00
2688,INPROC_B54A4A,1,10,team1,Team 1 (N/S),61,59,23,♥,finished,2026-05-17T16:36:30.387995+00:00
2689,INPROC_9D5865,1,10,team1,Team 1 (N/S),85,35,1,♣,finished,2026-05-17T16:36:30.406104+00:00
2690,INPROC_BC6938,1,10,team2,Team 2 (E/W),53,67,36,♠,finished,2026-05-17T16:36:30.424090+00:00
2691,INPROC_3128FC,1,10,team2,Team 2 (E/W),47,73,35,♠,finished,2026-05-17T16:36:30.443667+00:00
2692,INPROC_EA1C4B,1,10,team2,Team 2 (E/W),54,66,12,♦,finished,2026-05-17T16:36:30.461900+00:00
2693,INPROC_BE6DB6,1,10,team2,Team 2 (E/W),48,72,1,♣,finished,2026-05-17T16:36:30.479188+00:00
2694,INPROC_DAB5D4,1,10,team1,Team 1 (N/S),64,56,19,♦,finished,2026-05-17T16:36:30.493679+00:00
2695,INPROC_0ADFA5,1,10,team1,Team 1 (N/S),65,55,12,♦,finished,2026-05-17T16:36:30.511035+00:00
2696,INPROC_FB74A7,1,10,team1,Team 1 (N/S),82,38,30,♠,finished,2026-05-17T16:36:30.528394+00:00
2697,INPROC_EF2648,1,10,team2,Team 2 (E/W),58,62,31,♠,finished,2026-05-17T16:36:30.542915+00:00
2698,INPROC_C03B1D,1,10,team2,Team 2 (E/W),57,63,30,♠,finished,2026-05-17T16:36:30.563750+00:00
2699,INPROC_A7F4F1,1,10,team1,Team 1 (N/S),96,24,29,♥,finished,2026-05-17T16:36:30.581158+00:00
2700,INPROC_3D4521,1,10,draw,draw,60,60,12,♦,finished,2026-05-17T16:36:30.597970+00:00
2701,INPROC_8FA746,1,10,team1,Team 1 (N/S),80,40,28,♥,finished,2026-05-17T16:36:30.615117+00:00
2702,INPROC_B20296,1,10,team2,Team 2 (E/W),35,85,12,♦,finished,2026-05-17T16:36:30.632661+00:00
2703,INPROC_064D4F,1,10,draw,draw,60,60,17,♦,finished,2026-05-17T16:36:30.651601+00:00
2704,INPROC_F9FAE4,1,10,team1,Team 1 (N/S),75,45,30,♠,finished,2026-05-17T16:36:30.669889+00:00
2705,INPROC_3DD038,1,10,team2,Team 2 (E/W),50,70,25,♥,finished,2026-05-17T16:36:30.688032+00:00
2706,INPROC_2BABBF,1,10,team1,Team 1 (N/S),80,40,34,♠,finished,2026-05-17T16:36:30.704502+00:00
2707,INPROC_997BBD,1,10,team1,Team 1 (N/S),98,22,12,♦,finished,2026-05-17T16:36:30.723149+00:00
2708,INPROC_B7FCE4,1,10,team2,Team 2 (E/W),54,66,23,♥,finished,2026-05-17T16:36:30.740830+00:00
2709,INPROC_AD66CD,1,10,team2,Team 2 (E/W),15,105,14,♦,finished,2026-05-17T16:36:30.760102+00:00
2710,INPROC_B8C26E,1,10,draw,draw,60,60,2,♣,finished,2026-05-17T16:36:30.773300+00:00
2711,INPROC_B7C66B,1,10,team1,Team 1 (N/S),68,52,1,♣,finished,2026-05-17T16:36:30.791347+00:00
2712,INPROC_0A1D72,1,10,team2,Team 2 (E/W),51,69,4,♣,finished,2026-05-17T16:36:30.809206+00:00
2713,INPROC_80841B,1,10,team2,Team 2 (E/W),16,104,2,♣,finished,2026-05-17T16:36:30.822950+00:00
2714,INPROC_70B1DA,1,10,team2,Team 2 (E/W),31,89,27,♥,finished,2026-05-17T16:36:30.841249+00:00
2715,INPROC_27A321,1,10,team1,Team 1 (N/S),106,14,31,♠,finished,2026-05-17T16:36:30.857321+00:00
2716,INPROC_CC3D72,1,10,team1,Team 1 (N/S),99,21,27,♥,finished,2026-05-17T16:36:30.873234+00:00
2717,INPROC_19B385,1,10,team2,Team 2 (E/W),57,63,26,♥,finished,2026-05-17T16:36:30.888626+00:00
2718,INPROC_AF721C,1,10,team2,Team 2 (E/W),38,82,23,♥,finished,2026-05-17T16:36:30.901953+00:00
2719,INPROC_4A4126,1,10,team1,Team 1 (N/S),78,42,38,♠,finished,2026-05-17T16:36:30.918901+00:00
2720,INPROC_5CAFC0,1,10,team1,Team 1 (N/S),70,50,14,♦,finished,2026-05-17T16:36:30.936569+00:00
2721,INPROC_A884E9,1,10,team2,Team 2 (E/W),19,101,37,♠,finished,2026-05-17T16:36:30.951029+00:00
2722,INPROC_4C9AA2,1,10,team1,Team 1 (N/S),83,37,34,♠,finished,2026-05-17T16:36:30.965396+00:00
2723,INPROC_2A8C1D,1,10,team2,Team 2 (E/W),28,92,8,♣,finished,2026-05-17T16:36:30.981812+00:00
2724,INPROC_15B867,1,10,team2,Team 2 (E/W),56,64,0,♣,finished,2026-05-17T16:36:30.997005+00:00
2725,INPROC_78DB63,1,10,team1,Team 1 (N/S),67,53,10,♦,finished,2026-05-17T16:36:31.015592+00:00
2726,INPROC_D0017C,1,10,team2,Team 2 (E/W),32,88,24,♥,finished,2026-05-17T16:36:31.031895+00:00
2727,INPROC_7CBA2F,1,10,team1,Team 1 (N/S),67,53,8,♣,finished,2026-05-17T16:36:31.048949+00:00
2728,INPROC_17A036,1,10,team1,Team 1 (N/S),69,51,12,♦,finished,2026-05-17T16:36:31.068920+00:00
2729,INPROC_FDB393,1,10,team2,Team 2 (E/W),56,64,36,♠,finished,2026-05-17T16:36:31.087284+00:00
2730,INPROC_B9A66B,1,10,team1,Team 1 (N/S),76,44,26,♥,finished,2026-05-17T16:36:31.104017+00:00
2731,INPROC_F60C5E,1,10,team1,Team 1 (N/S),90,30,15,♦,finished,2026-05-17T16:36:31.118771+00:00
2732,INPROC_7B6425,1,10,team1,Team 1 (N/S),92,28,35,♠,finished,2026-05-17T16:36:31.134190+00:00
2733,INPROC_8FDAD9,1,10,team2,Team 2 (E/W),46,74,25,♥,finished,2026-05-17T16:36:31.152636+00:00
2734,INPROC_FAE1F6,1,10,team1,Team 1 (N/S),72,48,23,♥,finished,2026-05-17T16:36:31.167339+00:00
2735,INPROC_B15BB0,1,10,team1,Team 1 (N/S),81,39,29,♥,finished,2026-05-17T16:36:31.183693+00:00
2736,INPROC_33CA17,1,10,team1,Team 1 (N/S),103,17,4,♣,finished,2026-05-17T16:36:31.200881+00:00
2737,INPROC_CB29EC,1,10,team2,Team 2 (E/W),56,64,27,♥,finished,2026-05-17T16:36:31.216924+00:00
2738,INPROC_326CE8,1,10,team2,Team 2 (E/W),28,92,11,♦,finished,2026-05-17T16:36:31.232597+00:00
2739,INPROC_D2623F,1,10,team2,Team 2 (E/W),46,74,4,♣,finished,2026-05-17T16:36:31.248760+00:00
2740,INPROC_F6E3E6,1,10,team2,Team 2 (E/W),50,70,35,♠,finished,2026-05-17T16:36:31.266864+00:00
2741,INPROC_A6E508,1,10,team2,Team 2 (E/W),57,63,1,♣,finished,2026-05-17T16:36:31.281069+00:00
2742,INPROC_5CD014,1,10,team2,Team 2 (E/W),45,75,5,♣,finished,2026-05-17T16:36:31.298230+00:00
2743,INPROC_C0580C,1,10,team2,Team 2 (E/W),46,74,38,♠,finished,2026-05-17T16:36:31.314912+00:00
2744,INPROC_05CD62,1,10,draw,draw,60,60,6,♣,finished,2026-05-17T16:36:31.331941+00:00
2745,INPROC_BAC776,1,10,team2,Team 2 (E/W),39,81,6,♣,finished,2026-05-17T16:36:31.346913+00:00
2746,INPROC_F476BB,1,10,team2,Team 2 (E/W),19,101,20,♥,finished,2026-05-17T16:36:31.365297+00:00
2747,INPROC_D887DB,1,10,team1,Team 1 (N/S),73,47,15,♦,finished,2026-05-17T16:36:31.378089+00:00
2748,INPROC_6E2819,1,10,team1,Team 1 (N/S),76,44,13,♦,finished,2026-05-17T16:36:31.393545+00:00
2749,INPROC_C0FEE1,1,10,team1,Team 1 (N/S),75,45,31,♠,finished,2026-05-17T16:36:31.407816+00:00
2750,INPROC_9CFD6B,1,10,team2,Team 2 (E/W),20,100,26,♥,finished,2026-05-17T16:36:31.422170+00:00
2751,INPROC_3A661B,1,10,team2,Team 2 (E/W),34,86,17,♦,finished,2026-05-17T16:36:31.437351+00:00
2752,INPROC_42AE65,1,10,team2,Team 2 (E/W),17,103,22,♥,finished,2026-05-17T16:36:31.453426+00:00
2753,INPROC_F37F20,1,10,team2,Team 2 (E/W),21,99,8,♣,finished,2026-05-17T16:36:31.468609+00:00
2754,INPROC_14A81B,1,10,team1,Team 1 (N/S),73,47,3,♣,finished,2026-05-17T16:36:31.485107+00:00
2755,INPROC_0B23BE,1,10,draw,draw,60,60,36,♠,finished,2026-05-17T16:36:31.502275+00:00
2756,INPROC_6A4C50,1,10,team1,Team 1 (N/S),96,24,6,♣,finished,2026-05-17T16:36:31.517251+00:00
2757,INPROC_D87A4C,1,10,team2,Team 2 (E/W),34,86,11,♦,finished,2026-05-17T16:36:31.533082+00:00
2758,INPROC_CEADF9,1,10,team2,Team 2 (E/W),26,94,13,♦,finished,2026-05-17T16:36:31.553827+00:00
2759,INPROC_FEEDC5,1,10,team1,Team 1 (N/S),74,46,30,♠,finished,2026-05-17T16:36:31.590375+00:00
2760,INPROC_496B57,1,10,team1,Team 1 (N/S),100,20,0,♣,finished,2026-05-17T16:36:31.610089+00:00
2761,INPROC_67659E,1,10,team2,Team 2 (E/W),12,108,37,♠,finished,2026-05-17T16:36:31.630589+00:00
2762,INPROC_4AFA31,1,10,team1,Team 1 (N/S),70,50,37,♠,finished,2026-05-17T16:36:31.647398+00:00
2763,INPROC_96C519,1,10,team2,Team 2 (E/W),35,85,22,♥,finished,2026-05-17T16:36:31.666490+00:00
2764,INPROC_01B7DE,1,10,team2,Team 2 (E/W),55,65,5,♣,finished,2026-05-17T16:36:31.685504+00:00
2765,INPROC_8AE0AE,1,10,team1,Team 1 (N/S),88,32,31,♠,finished,2026-05-17T16:36:31.702973+00:00
2766,INPROC_06B075,1,10,team1,Team 1 (N/S),72,48,26,♥,finished,2026-05-17T16:36:31.718154+00:00
2767,INPROC_3D29E3,1,10,team2,Team 2 (E/W),55,65,16,♦,finished,2026-05-17T16:36:31.734586+00:00
2768,INPROC_74DA98,1,10,team2,Team 2 (E/W),16,104,14,♦,finished,2026-05-17T16:36:31.749948+00:00
2769,INPROC_CD1714,1,10,team2,Team 2 (E/W),25,95,13,♦,finished,2026-05-17T16:36:31.766903+00:00
2770,INPROC_A8CFDB,1,10,team1,Team 1 (N/S),64,56,1,♣,finished,2026-05-17T16:36:31.783674+00:00
2771,INPROC_99B6A2,1,10,team2,Team 2 (E/W),34,86,16,♦,finished,2026-05-17T16:36:31.800312+00:00
2772,INPROC_6761C2,1,10,team2,Team 2 (E/W),52,68,6,♣,finished,2026-05-17T16:36:31.816802+00:00
2773,INPROC_963D41,1,10,team2,Team 2 (E/W),57,63,4,♣,finished,2026-05-17T16:36:31.834130+00:00
2774,INPROC_CCA75E,1,10,team2,Team 2 (E/W),57,63,19,♦,finished,2026-05-17T16:36:31.850194+00:00
2775,INPROC_2D03CE,1,10,team1,Team 1 (N/S),69,51,34,♠,finished,2026-05-17T16:36:31.867444+00:00
2776,INPROC_EB8ACF,1,10,team2,Team 2 (E/W),58,62,4,♣,finished,2026-05-17T16:36:31.883384+00:00
2777,INPROC_17D63D,1,10,team2,Team 2 (E/W),55,65,10,♦,finished,2026-05-17T16:36:31.896695+00:00
2778,INPROC_5BE49B,1,10,team2,Team 2 (E/W),54,66,39,♠,finished,2026-05-17T16:36:31.914403+00:00
2779,INPROC_62ED18,1,10,team1,Team 1 (N/S),62,58,8,♣,finished,2026-05-17T16:36:31.931031+00:00
2780,INPROC_533CAD,1,10,team1,Team 1 (N/S),61,59,32,♠,finished,2026-05-17T16:36:31.948099+00:00
2781,INPROC_8DF927,1,10,team2,Team 2 (E/W),33,87,23,♥,finished,2026-05-17T16:36:31.964412+00:00
2782,INPROC_A998C1,1,10,team1,Team 1 (N/S),71,49,35,♠,finished,2026-05-17T16:36:31.979427+00:00
2783,INPROC_E5E47F,1,10,team2,Team 2 (E/W),29,91,0,♣,finished,2026-05-17T16:36:31.996511+00:00
2784,INPROC_781EDB,1,10,team2,Team 2 (E/W),28,92,30,♠,finished,2026-05-17T16:36:32.010450+00:00
2785,INPROC_94EB01,1,10,team2,Team 2 (E/W),56,64,27,♥,finished,2026-05-17T16:36:32.027418+00:00
2786,INPROC_E6E05D,1,10,team2,Team 2 (E/W),50,70,16,♦,finished,2026-05-17T16:36:32.043571+00:00
2787,INPROC_7CF380,1,10,team1,Team 1 (N/S),111,9,30,♠,finished,2026-05-17T16:36:32.058557+00:00
2788,INPROC_9A50CD,1,10,team2,Team 2 (E/W),48,72,10,♦,finished,2026-05-17T16:36:32.077082+00:00
2789,INPROC_3C586F,1,10,team2,Team 2 (E/W),16,104,38,♠,finished,2026-05-17T16:36:32.094331+00:00
2790,INPROC_91C7D0,1,10,team2,Team 2 (E/W),26,94,4,♣,finished,2026-05-17T16:36:32.112242+00:00
2791,INPROC_A6B240,1,10,team2,Team 2 (E/W),56,64,25,♥,finished,2026-05-17T16:36:32.129363+00:00
2792,INPROC_F6B536,1,10,team2,Team 2 (E/W),25,95,18,♦,finished,2026-05-17T16:36:32.144744+00:00
2793,INPROC_E58FCA,1,10,team2,Team 2 (E/W),58,62,0,♣,finished,2026-05-17T16:36:32.158672+00:00
2794,INPROC_986832,1,10,team2,Team 2 (E/W),50,70,24,♥,finished,2026-05-17T16:36:32.177811+00:00
2795,INPROC_0792A2,1,10,team2,Team 2 (E/W),11,109,24,♥,finished,2026-05-17T16:36:32.192954+00:00
2796,INPROC_8FF87F,1,10,team1,Team 1 (N/S),88,32,38,♠,finished,2026-05-17T16:36:32.208160+00:00
2797,INPROC_AB9567,1,10,team1,Team 1 (N/S),61,59,35,♠,finished,2026-05-17T16:36:32.225207+00:00
2798,INPROC_3D5A96,1,10,team2,Team 2 (E/W),54,66,21,♥,finished,2026-05-17T16:36:32.240572+00:00
2799,INPROC_67FDB2,1,10,team1,Team 1 (N/S),65,55,30,♠,finished,2026-05-17T16:36:32.256557+00:00
2800,INPROC_569276,1,10,team2,Team 2 (E/W),39,81,15,♦,finished,2026-05-17T16:36:32.272879+00:00
2801,INPROC_341FC1,1,10,team1,Team 1 (N/S),75,45,35,♠,finished,2026-05-17T16:36:32.288554+00:00
2802,INPROC_1693A2,1,10,team1,Team 1 (N/S),91,29,23,♥,finished,2026-05-17T16:36:32.305436+00:00
2803,INPROC_61F759,1,10,team1,Team 1 (N/S),100,20,20,♥,finished,2026-05-17T16:36:32.319956+00:00
2804,INPROC_7A29DD,1,10,team2,Team 2 (E/W),52,68,18,♦,finished,2026-05-17T16:36:32.337432+00:00
2805,INPROC_A8DDA2,1,10,team1,Team 1 (N/S),62,58,27,♥,finished,2026-05-17T16:36:32.351995+00:00
2806,INPROC_C4817B,1,10,team2,Team 2 (E/W),24,96,31,♠,finished,2026-05-17T16:36:32.369114+00:00
2807,INPROC_2072E7,1,10,team2,Team 2 (E/W),53,67,8,♣,finished,2026-05-17T16:36:32.385863+00:00
2808,INPROC_F808F4,1,10,team2,Team 2 (E/W),43,77,27,♥,finished,2026-05-17T16:36:32.404234+00:00
2809,INPROC_855317,1,10,team2,Team 2 (E/W),34,86,26,♥,finished,2026-05-17T16:36:32.418431+00:00
2810,INPROC_9B755B,1,10,team1,Team 1 (N/S),87,33,37,♠,finished,2026-05-17T16:36:32.434099+00:00
2811,INPROC_BCF148,1,10,team2,Team 2 (E/W),50,70,7,♣,finished,2026-05-17T16:36:32.450018+00:00
2812,INPROC_E0EECE,1,10,team2,Team 2 (E/W),50,70,27,♥,finished,2026-05-17T16:36:32.464583+00:00
2813,INPROC_82BECA,1,10,team2,Team 2 (E/W),37,83,30,♠,finished,2026-05-17T16:36:32.481689+00:00
2814,INPROC_C90ADD,1,10,team1,Team 1 (N/S),64,56,27,♥,finished,2026-05-17T16:36:32.498634+00:00
2815,INPROC_E8750E,1,10,team2,Team 2 (E/W),28,92,24,♥,finished,2026-05-17T16:36:32.513897+00:00
2816,INPROC_94C721,1,10,team2,Team 2 (E/W),16,104,12,♦,finished,2026-05-17T16:36:32.529411+00:00
2817,INPROC_2FFFBD,1,10,team1,Team 1 (N/S),75,45,8,♣,finished,2026-05-17T16:36:32.545410+00:00
2818,INPROC_59DCF1,1,10,team2,Team 2 (E/W),2,118,11,♦,finished,2026-05-17T16:36:32.561793+00:00
2819,INPROC_659E68,1,10,team1,Team 1 (N/S),91,29,16,♦,finished,2026-05-17T16:36:32.579926+00:00
2820,INPROC_EBDFA0,1,10,team1,Team 1 (N/S),65,55,21,♥,finished,2026-05-17T16:36:32.596350+00:00
2821,INPROC_5CFE1C,1,10,team1,Team 1 (N/S),97,23,2,♣,finished,2026-05-17T16:36:32.611019+00:00
2822,INPROC_954555,1,10,team2,Team 2 (E/W),42,78,4,♣,finished,2026-05-17T16:36:32.626848+00:00
2823,INPROC_81BDCC,1,10,team1,Team 1 (N/S),85,35,1,♣,finished,2026-05-17T16:36:32.643038+00:00
2824,INPROC_FAAB43,1,10,team1,Team 1 (N/S),73,47,8,♣,finished,2026-05-17T16:36:32.660715+00:00
2825,INPROC_2F404F,1,10,team2,Team 2 (E/W),58,62,31,♠,finished,2026-05-17T16:36:32.679358+00:00
2826,INPROC_057543,1,10,team1,Team 1 (N/S),64,56,24,♥,finished,2026-05-17T16:36:32.697939+00:00
2827,INPROC_E4641F,1,10,team1,Team 1 (N/S),107,13,2,♣,finished,2026-05-17T16:36:32.718195+00:00
2828,INPROC_E86BC1,1,10,team2,Team 2 (E/W),50,70,33,♠,finished,2026-05-17T16:36:32.739005+00:00
2829,INPROC_598B75,1,10,team1,Team 1 (N/S),68,52,36,♠,finished,2026-05-17T16:36:32.758728+00:00
2830,INPROC_609C7F,1,10,team2,Team 2 (E/W),56,64,5,♣,finished,2026-05-17T16:36:32.776713+00:00
2831,INPROC_1EB831,1,10,team1,Team 1 (N/S),90,30,36,♠,finished,2026-05-17T16:36:32.795758+00:00
2832,INPROC_B9A0D0,1,10,team2,Team 2 (E/W),56,64,31,♠,finished,2026-05-17T16:36:32.815589+00:00
2833,INPROC_FFE2BF,1,10,team2,Team 2 (E/W),3,117,16,♦,finished,2026-05-17T16:36:32.832430+00:00
2834,INPROC_D1F39B,1,10,draw,draw,60,60,38,♠,finished,2026-05-17T16:36:32.849936+00:00
2835,INPROC_365952,1,10,team2,Team 2 (E/W),48,72,6,♣,finished,2026-05-17T16:36:32.867929+00:00
2836,INPROC_CE688C,1,10,team1,Team 1 (N/S),97,23,35,♠,finished,2026-05-17T16:36:32.885265+00:00
2837,INPROC_5BD8EF,1,10,team2,Team 2 (E/W),39,81,34,♠,finished,2026-05-17T16:36:32.902567+00:00
2838,INPROC_CB32A3,1,10,team2,Team 2 (E/W),57,63,23,♥,finished,2026-05-17T16:36:32.917294+00:00
2839,INPROC_85A2D5,1,10,team2,Team 2 (E/W),58,62,14,♦,finished,2026-05-17T16:36:32.933073+00:00
2840,INPROC_F1DD3E,1,10,team1,Team 1 (N/S),103,17,0,♣,finished,2026-05-17T16:36:32.947699+00:00
2841,INPROC_634769,1,10,team2,Team 2 (E/W),14,106,39,♠,finished,2026-05-17T16:36:32.962613+00:00
2842,INPROC_FE388D,1,10,team2,Team 2 (E/W),56,64,31,♠,finished,2026-05-17T16:36:32.981414+00:00
2843,INPROC_691636,1,10,team2,Team 2 (E/W),52,68,7,♣,finished,2026-05-17T16:36:32.994973+00:00
2844,INPROC_AFAD1B,1,10,team1,Team 1 (N/S),63,57,18,♦,finished,2026-05-17T16:36:33.009697+00:00
2845,INPROC_989E76,1,10,team2,Team 2 (E/W),32,88,1,♣,finished,2026-05-17T16:36:33.025079+00:00
2846,INPROC_258EB9,1,10,team1,Team 1 (N/S),98,22,37,♠,finished,2026-05-17T16:36:33.039611+00:00
2847,INPROC_F9968F,1,10,team2,Team 2 (E/W),28,92,18,♦,finished,2026-05-17T16:36:33.055796+00:00
2848,INPROC_923A3F,1,10,team1,Team 1 (N/S),65,55,25,♥,finished,2026-05-17T16:36:33.069798+00:00
2849,INPROC_BEC73C,1,10,team1,Team 1 (N/S),90,30,19,♦,finished,2026-05-17T16:36:33.084881+00:00
2850,INPROC_EE63B4,1,10,team2,Team 2 (E/W),37,83,32,♠,finished,2026-05-17T16:36:33.099512+00:00
2851,INPROC_8F0C4D,1,10,team2,Team 2 (E/W),52,68,26,♥,finished,2026-05-17T16:36:33.114530+00:00
2852,INPROC_7C58F2,1,10,team2,Team 2 (E/W),58,62,25,♥,finished,2026-05-17T16:36:33.129996+00:00
2853,INPROC_958476,1,10,team1,Team 1 (N/S),61,59,2,♣,finished,2026-05-17T16:36:33.145006+00:00
2854,INPROC_68A1BB,1,10,team1,Team 1 (N/S),64,56,3,♣,finished,2026-05-17T16:36:33.161434+00:00
2855,INPROC_9697E8,1,10,team2,Team 2 (E/W),27,93,29,♥,finished,2026-05-17T16:36:33.182177+00:00
2856,INPROC_9DD170,1,10,team2,Team 2 (E/W),35,85,17,♦,finished,2026-05-17T16:36:33.201567+00:00
2857,INPROC_D2313B,1,10,team1,Team 1 (N/S),66,54,24,♥,finished,2026-05-17T16:36:33.217457+00:00
2858,INPROC_0DBBAE,1,10,team2,Team 2 (E/W),49,71,16,♦,finished,2026-05-17T16:36:33.232023+00:00
2859,INPROC_C4DFCE,1,10,team2,Team 2 (E/W),31,89,7,♣,finished,2026-05-17T16:36:33.248155+00:00
2860,INPROC_F0112B,1,10,team2,Team 2 (E/W),52,68,33,♠,finished,2026-05-17T16:36:33.265208+00:00
2861,INPROC_61A130,1,10,team1,Team 1 (N/S),66,54,7,♣,finished,2026-05-17T16:36:33.280501+00:00
2862,INPROC_068F45,1,10,team2,Team 2 (E/W),49,71,35,♠,finished,2026-05-17T16:36:33.297182+00:00
2863,INPROC_92AAC6,1,10,team2,Team 2 (E/W),52,68,15,♦,finished,2026-05-17T16:36:33.311773+00:00
2864,INPROC_688CE2,1,10,draw,draw,60,60,30,♠,finished,2026-05-17T16:36:33.326391+00:00
2865,INPROC_3D7A59,1,10,team2,Team 2 (E/W),51,69,4,♣,finished,2026-05-17T16:36:33.340808+00:00
2866,INPROC_CA3D19,1,10,team2,Team 2 (E/W),44,76,23,♥,finished,2026-05-17T16:36:33.355008+00:00
2867,INPROC_8B9123,1,10,team1,Team 1 (N/S),79,41,14,♦,finished,2026-05-17T16:36:33.369396+00:00
2868,INPROC_3CB0E0,1,10,team2,Team 2 (E/W),43,77,18,♦,finished,2026-05-17T16:36:33.385281+00:00
2869,INPROC_D82362,1,10,team2,Team 2 (E/W),27,93,19,♦,finished,2026-05-17T16:36:33.400157+00:00
2870,INPROC_95DEEF,1,10,team2,Team 2 (E/W),58,62,16,♦,finished,2026-05-17T16:36:33.414875+00:00
2871,INPROC_5AD327,1,10,team2,Team 2 (E/W),44,76,20,♥,finished,2026-05-17T16:36:33.430557+00:00
2872,INPROC_E8AED4,1,10,team2,Team 2 (E/W),57,63,20,♥,finished,2026-05-17T16:36:33.445701+00:00
2873,INPROC_F61445,1,10,team1,Team 1 (N/S),101,19,27,♥,finished,2026-05-17T16:36:33.461002+00:00
2874,INPROC_CC92AE,1,10,team2,Team 2 (E/W),19,101,32,♠,finished,2026-05-17T16:36:33.476842+00:00
2875,INPROC_D286C6,1,10,team2,Team 2 (E/W),40,80,16,♦,finished,2026-05-17T16:36:33.491790+00:00
2876,INPROC_885FFF,1,10,team2,Team 2 (E/W),24,96,36,♠,finished,2026-05-17T16:36:33.507067+00:00
2877,INPROC_434A38,1,10,team1,Team 1 (N/S),73,47,35,♠,finished,2026-05-17T16:36:33.525179+00:00
2878,INPROC_4586F4,1,10,team2,Team 2 (E/W),46,74,39,♠,finished,2026-05-17T16:36:33.539158+00:00
2879,INPROC_BA5BB1,1,10,team1,Team 1 (N/S),70,50,26,♥,finished,2026-05-17T16:36:33.554839+00:00
2880,INPROC_85E0FA,1,10,team2,Team 2 (E/W),18,102,17,♦,finished,2026-05-17T16:36:33.571735+00:00
2881,INPROC_999539,1,10,team2,Team 2 (E/W),42,78,14,♦,finished,2026-05-17T16:36:33.588917+00:00
2882,INPROC_9BBD55,1,10,team2,Team 2 (E/W),41,79,3,♣,finished,2026-05-17T16:36:33.616945+00:00
2883,INPROC_8B5362,1,10,team1,Team 1 (N/S),109,11,11,♦,finished,2026-05-17T16:36:33.639430+00:00
2884,INPROC_0AF9C0,1,10,team1,Team 1 (N/S),82,38,9,♣,finished,2026-05-17T16:36:33.659545+00:00
2885,INPROC_BCAF28,1,10,team1,Team 1 (N/S),68,52,38,♠,finished,2026-05-17T16:36:33.679793+00:00
2886,INPROC_043D0A,1,10,team1,Team 1 (N/S),90,30,5,♣,finished,2026-05-17T16:36:33.698192+00:00
2887,INPROC_62E136,1,10,team1,Team 1 (N/S),82,38,11,♦,finished,2026-05-17T16:36:33.713613+00:00
2888,INPROC_19A1C4,1,10,team2,Team 2 (E/W),42,78,9,♣,finished,2026-05-17T16:36:33.735665+00:00
2889,INPROC_6B6A8D,1,10,team2,Team 2 (E/W),48,72,37,♠,finished,2026-05-17T16:36:33.754151+00:00
2890,INPROC_6DC1C2,1,10,team2,Team 2 (E/W),31,89,32,♠,finished,2026-05-17T16:36:33.775742+00:00
2891,INPROC_4F4EA5,1,10,team1,Team 1 (N/S),77,43,35,♠,finished,2026-05-17T16:36:33.794590+00:00
2892,INPROC_F1F882,1,10,team1,Team 1 (N/S),86,34,1,♣,finished,2026-05-17T16:36:33.813197+00:00
2893,INPROC_F70057,1,10,team2,Team 2 (E/W),38,82,17,♦,finished,2026-05-17T16:36:33.832978+00:00
2894,INPROC_20062F,1,10,team1,Team 1 (N/S),71,49,17,♦,finished,2026-05-17T16:36:33.852645+00:00
2895,INPROC_2CA8AB,1,10,team1,Team 1 (N/S),102,18,28,♥,finished,2026-05-17T16:36:33.873927+00:00
2896,INPROC_E3BD60,1,10,team2,Team 2 (E/W),55,65,29,♥,finished,2026-05-17T16:36:33.890946+00:00
2897,INPROC_09B833,1,10,team1,Team 1 (N/S),101,19,22,♥,finished,2026-05-17T16:36:33.910922+00:00
2898,INPROC_872776,1,10,team2,Team 2 (E/W),21,99,6,♣,finished,2026-05-17T16:36:33.931494+00:00
2899,INPROC_9EE790,1,10,team1,Team 1 (N/S),74,46,16,♦,finished,2026-05-17T16:36:33.949044+00:00
2900,INPROC_CDEFAA,1,10,team1,Team 1 (N/S),84,36,7,♣,finished,2026-05-17T16:36:33.963894+00:00
2901,INPROC_E95EC8,1,10,team2,Team 2 (E/W),48,72,23,♥,finished,2026-05-17T16:36:33.982146+00:00
2902,INPROC_4915B5,1,10,team2,Team 2 (E/W),17,103,16,♦,finished,2026-05-17T16:36:33.998044+00:00
2903,INPROC_DA7BE4,1,10,team1,Team 1 (N/S),86,34,7,♣,finished,2026-05-17T16:36:34.013518+00:00
2904,INPROC_960F2A,1,10,team2,Team 2 (E/W),23,97,8,♣,finished,2026-05-17T16:36:34.029630+00:00
2905,INPROC_B85806,1,10,team2,Team 2 (E/W),52,68,35,♠,finished,2026-05-17T16:36:34.044904+00:00
2906,INPROC_6522F7,1,10,team2,Team 2 (E/W),55,65,11,♦,finished,2026-05-17T16:36:34.062444+00:00
2907,INPROC_6AB593,1,10,team2,Team 2 (E/W),48,72,35,♠,finished,2026-05-17T16:36:34.080358+00:00
2908,INPROC_F07BAF,1,10,team2,Team 2 (E/W),24,96,27,♥,finished,2026-05-17T16:36:34.101241+00:00
2909,INPROC_A3168C,1,10,team2,Team 2 (E/W),32,88,3,♣,finished,2026-05-17T16:36:34.118636+00:00
2910,INPROC_B1F829,1,10,team2,Team 2 (E/W),13,107,38,♠,finished,2026-05-17T16:36:34.137084+00:00
2911,INPROC_70B941,1,10,team2,Team 2 (E/W),44,76,19,♦,finished,2026-05-17T16:36:34.153174+00:00
2912,INPROC_42A626,1,10,team2,Team 2 (E/W),29,91,6,♣,finished,2026-05-17T16:36:34.169745+00:00
2913,INPROC_0A07C7,1,10,team1,Team 1 (N/S),61,59,12,♦,finished,2026-05-17T16:36:34.188610+00:00
2914,INPROC_376B4E,1,10,team2,Team 2 (E/W),48,72,21,♥,finished,2026-05-17T16:36:34.207020+00:00
2915,INPROC_1A502C,1,10,team2,Team 2 (E/W),48,72,11,♦,finished,2026-05-17T16:36:34.222753+00:00
2916,INPROC_05F13E,1,10,team2,Team 2 (E/W),50,70,13,♦,finished,2026-05-17T16:36:34.240068+00:00
2917,INPROC_24051C,1,10,team2,Team 2 (E/W),55,65,5,♣,finished,2026-05-17T16:36:34.255545+00:00
2918,INPROC_4F3CDD,1,10,team1,Team 1 (N/S),75,45,26,♥,finished,2026-05-17T16:36:34.272187+00:00
2919,INPROC_5F3068,1,10,team2,Team 2 (E/W),43,77,27,♥,finished,2026-05-17T16:36:34.287860+00:00
2920,INPROC_075BDE,1,10,team1,Team 1 (N/S),63,57,3,♣,finished,2026-05-17T16:36:34.305871+00:00
2921,INPROC_3BE695,1,10,team2,Team 2 (E/W),53,67,21,♥,finished,2026-05-17T16:36:34.321937+00:00
2922,INPROC_BCC6A2,1,10,team2,Team 2 (E/W),58,62,23,♥,finished,2026-05-17T16:36:34.340645+00:00
2923,INPROC_11E6B6,1,10,team1,Team 1 (N/S),96,24,13,♦,finished,2026-05-17T16:36:34.358784+00:00
2924,INPROC_17338D,1,10,team1,Team 1 (N/S),82,38,6,♣,finished,2026-05-17T16:36:34.376211+00:00
2925,INPROC_40401E,1,10,team2,Team 2 (E/W),37,83,13,♦,finished,2026-05-17T16:36:34.392546+00:00
2926,INPROC_FB23EC,1,10,team1,Team 1 (N/S),63,57,24,♥,finished,2026-05-17T16:36:34.411214+00:00
2927,INPROC_3D1A6F,1,10,team2,Team 2 (E/W),28,92,38,♠,finished,2026-05-17T16:36:34.426688+00:00
2928,INPROC_FDB9F2,1,10,team1,Team 1 (N/S),64,56,21,♥,finished,2026-05-17T16:36:34.443018+00:00
2929,INPROC_96527A,1,10,team2,Team 2 (E/W),46,74,16,♦,finished,2026-05-17T16:36:34.458674+00:00
2930,INPROC_3761F9,1,10,team1,Team 1 (N/S),94,26,10,♦,finished,2026-05-17T16:36:34.476231+00:00
2931,INPROC_7C20FD,1,10,team2,Team 2 (E/W),43,77,35,♠,finished,2026-05-17T16:36:34.492372+00:00
2932,INPROC_37C50F,1,10,team1,Team 1 (N/S),108,12,21,♥,finished,2026-05-17T16:36:34.508851+00:00
2933,INPROC_72439E,1,10,team1,Team 1 (N/S),71,49,26,♥,finished,2026-05-17T16:36:34.524119+00:00
2934,INPROC_766369,1,10,team2,Team 2 (E/W),45,75,27,♥,finished,2026-05-17T16:36:34.540203+00:00
2935,INPROC_51EEFC,1,10,team2,Team 2 (E/W),24,96,16,♦,finished,2026-05-17T16:36:34.554805+00:00
2936,INPROC_E5078A,1,10,team1,Team 1 (N/S),77,43,26,♥,finished,2026-05-17T16:36:34.571850+00:00
2937,INPROC_831B53,1,10,team1,Team 1 (N/S),77,43,11,♦,finished,2026-05-17T16:36:34.589228+00:00
2938,INPROC_6D27F3,1,10,team2,Team 2 (E/W),49,71,34,♠,finished,2026-05-17T16:36:34.606421+00:00
2939,INPROC_0BA39A,1,10,team2,Team 2 (E/W),45,75,4,♣,finished,2026-05-17T16:36:34.622616+00:00
2940,INPROC_DB55A5,1,10,team2,Team 2 (E/W),52,68,29,♥,finished,2026-05-17T16:36:34.638656+00:00
2941,INPROC_581FA0,1,10,team1,Team 1 (N/S),61,59,28,♥,finished,2026-05-17T16:36:34.653174+00:00
2942,INPROC_D17D1F,1,10,team2,Team 2 (E/W),50,70,21,♥,finished,2026-05-17T16:36:34.668078+00:00
2943,INPROC_1A81C9,1,10,team1,Team 1 (N/S),61,59,38,♠,finished,2026-05-17T16:36:34.682195+00:00
2944,INPROC_5567A3,1,10,team1,Team 1 (N/S),98,22,19,♦,finished,2026-05-17T16:36:34.698538+00:00
2945,INPROC_D766C0,1,10,team1,Team 1 (N/S),89,31,18,♦,finished,2026-05-17T16:36:34.715100+00:00
2946,INPROC_AAB943,1,10,team2,Team 2 (E/W),44,76,15,♦,finished,2026-05-17T16:36:34.731487+00:00
2947,INPROC_29E6F8,1,10,team2,Team 2 (E/W),20,100,25,♥,finished,2026-05-17T16:36:34.748130+00:00
2948,INPROC_AE8F39,1,10,team2,Team 2 (E/W),59,61,38,♠,finished,2026-05-17T16:36:34.764981+00:00
2949,INPROC_088120,1,10,team1,Team 1 (N/S),80,40,6,♣,finished,2026-05-17T16:36:34.781005+00:00
2950,INPROC_CABFBE,1,10,team2,Team 2 (E/W),29,91,18,♦,finished,2026-05-17T16:36:34.797239+00:00
2951,INPROC_903DB1,1,10,team2,Team 2 (E/W),59,61,23,♥,finished,2026-05-17T16:36:34.813747+00:00
2952,INPROC_5DFC48,1,10,team2,Team 2 (E/W),53,67,22,♥,finished,2026-05-17T16:36:34.833105+00:00
2953,INPROC_3FD61B,1,10,team1,Team 1 (N/S),63,57,23,♥,finished,2026-05-17T16:36:34.852425+00:00
2954,INPROC_ED9E94,1,10,team1,Team 1 (N/S),80,40,25,♥,finished,2026-05-17T16:36:34.869546+00:00
2955,INPROC_4192B1,1,10,team2,Team 2 (E/W),37,83,36,♠,finished,2026-05-17T16:36:34.889893+00:00
2956,INPROC_5EAFA2,1,10,team1,Team 1 (N/S),85,35,4,♣,finished,2026-05-17T16:36:34.905743+00:00
2957,INPROC_0DAA98,1,10,team1,Team 1 (N/S),71,49,27,♥,finished,2026-05-17T16:36:34.920271+00:00
2958,INPROC_3B8870,1,10,team1,Team 1 (N/S),69,51,6,♣,finished,2026-05-17T16:36:34.939043+00:00
2959,INPROC_A1716C,1,10,team2,Team 2 (E/W),46,74,16,♦,finished,2026-05-17T16:36:34.956905+00:00
2960,INPROC_1E0569,1,10,team2,Team 2 (E/W),56,64,15,♦,finished,2026-05-17T16:36:34.970377+00:00
2961,INPROC_0A6F1C,1,10,team2,Team 2 (E/W),58,62,10,♦,finished,2026-05-17T16:36:34.984521+00:00
2962,INPROC_7D62F0,1,10,team1,Team 1 (N/S),66,54,26,♥,finished,2026-05-17T16:36:34.998051+00:00
2963,INPROC_701250,1,10,team1,Team 1 (N/S),76,44,33,♠,finished,2026-05-17T16:36:35.014459+00:00
2964,INPROC_AECF97,1,10,team1,Team 1 (N/S),76,44,33,♠,finished,2026-05-17T16:36:35.030029+00:00
2965,INPROC_49D3DE,1,10,team1,Team 1 (N/S),61,59,14,♦,finished,2026-05-17T16:36:35.046421+00:00
2966,INPROC_CCBF4D,1,10,team1,Team 1 (N/S),77,43,23,♥,finished,2026-05-17T16:36:35.060353+00:00
2967,INPROC_E08215,1,10,team1,Team 1 (N/S),63,57,24,♥,finished,2026-05-17T16:36:35.076565+00:00
2968,INPROC_2CA7B0,1,10,team2,Team 2 (E/W),34,86,25,♥,finished,2026-05-17T16:36:35.095116+00:00
2969,INPROC_B2DB26,1,10,team2,Team 2 (E/W),57,63,16,♦,finished,2026-05-17T16:36:35.110478+00:00
2970,INPROC_266798,1,10,team1,Team 1 (N/S),106,14,13,♦,finished,2026-05-17T16:36:35.125076+00:00
2971,INPROC_6154DE,1,10,team2,Team 2 (E/W),58,62,19,♦,finished,2026-05-17T16:36:35.140305+00:00
2972,INPROC_400374,1,10,team2,Team 2 (E/W),36,84,5,♣,finished,2026-05-17T16:36:35.157394+00:00
2973,INPROC_00F101,1,10,team1,Team 1 (N/S),84,36,15,♦,finished,2026-05-17T16:36:35.172168+00:00
2974,INPROC_0D7860,1,10,team1,Team 1 (N/S),109,11,31,♠,finished,2026-05-17T16:36:35.189814+00:00
2975,INPROC_C579E7,1,10,team2,Team 2 (E/W),36,84,24,♥,finished,2026-05-17T16:36:35.207458+00:00
2976,INPROC_FDC743,1,10,team1,Team 1 (N/S),111,9,1,♣,finished,2026-05-17T16:36:35.222482+00:00
2977,INPROC_BFE8D8,1,10,team2,Team 2 (E/W),43,77,20,♥,finished,2026-05-17T16:36:35.238221+00:00
2978,INPROC_73AA05,1,10,team1,Team 1 (N/S),76,44,4,♣,finished,2026-05-17T16:36:35.254958+00:00
2979,INPROC_A417E8,1,10,team2,Team 2 (E/W),18,102,37,♠,finished,2026-05-17T16:36:35.273489+00:00
2980,INPROC_1AA939,1,10,team1,Team 1 (N/S),66,54,11,♦,finished,2026-05-17T16:36:35.290696+00:00
2981,INPROC_DBD226,1,10,team1,Team 1 (N/S),96,24,4,♣,finished,2026-05-17T16:36:35.307530+00:00
2982,INPROC_5E1966,1,10,team2,Team 2 (E/W),47,73,30,♠,finished,2026-05-17T16:36:35.324558+00:00
2983,INPROC_B491A9,1,10,team1,Team 1 (N/S),80,40,24,♥,finished,2026-05-17T16:36:35.341039+00:00
2984,INPROC_58C1D4,1,10,team2,Team 2 (E/W),31,89,29,♥,finished,2026-05-17T16:36:35.357692+00:00
2985,INPROC_354C6A,1,10,team2,Team 2 (E/W),16,104,27,♥,finished,2026-05-17T16:36:35.374081+00:00
2986,INPROC_EF0D02,1,10,team1,Team 1 (N/S),65,55,32,♠,finished,2026-05-17T16:36:35.391343+00:00
2987,INPROC_2F6536,1,10,team1,Team 1 (N/S),73,47,14,♦,finished,2026-05-17T16:36:35.406274+00:00
2988,INPROC_FFC5D2,1,10,team1,Team 1 (N/S),66,54,4,♣,finished,2026-05-17T16:36:35.421757+00:00
2989,INPROC_EEC326,1,10,team1,Team 1 (N/S),117,3,22,♥,finished,2026-05-17T16:36:35.436324+00:00
2990,INPROC_0CFD5C,1,10,team2,Team 2 (E/W),59,61,21,♥,finished,2026-05-17T16:36:35.452965+00:00
2991,INPROC_CB9BA2,1,10,team2,Team 2 (E/W),52,68,39,♠,finished,2026-05-17T16:36:35.467282+00:00
2992,INPROC_71F10C,1,10,team1,Team 1 (N/S),103,17,26,♥,finished,2026-05-17T16:36:35.483628+00:00
2993,INPROC_708952,1,10,team2,Team 2 (E/W),31,89,12,♦,finished,2026-05-17T16:36:35.499504+00:00
2994,INPROC_3DF9CE,1,10,team2,Team 2 (E/W),39,81,6,♣,finished,2026-05-17T16:36:35.515636+00:00
2995,INPROC_5ABC82,1,10,team1,Team 1 (N/S),68,52,20,♥,finished,2026-05-17T16:36:35.529768+00:00
2996,INPROC_93C2FF,1,10,team2,Team 2 (E/W),42,78,32,♠,finished,2026-05-17T16:36:35.545783+00:00
2997,INPROC_B9020A,1,10,team2,Team 2 (E/W),58,62,17,♦,finished,2026-05-17T16:36:35.562236+00:00
2998,INPROC_D5AF4C,1,10,team1,Team 1 (N/S),67,53,31,♠,finished,2026-05-17T16:36:35.576190+00:00
2999,INPROC_759FB5,1,10,team2,Team 2 (E/W),28,92,2,♣,finished,2026-05-17T16:36:35.592462+00:00
3000,INPROC_231220,1,10,team1,Team 1 (N/S),83,37,8,♣,finished,2026-05-17T16:36:35.609008+00:00
3001,INPROC_975D99,1,10,team2,Team 2 (E/W),31,89,1,♣,finished,2026-05-17T16:36:35.625395+00:00
3002,INPROC_B2C7D2,1,10,team1,Team 1 (N/S),68,52,26,♥,finished,2026-05-17T16:36:35.644291+00:00
3003,INPROC_FC9D66,1,10,draw,draw,60,60,28,♥,finished,2026-05-17T16:36:35.660487+00:00
3004,INPROC_127385,1,10,team2,Team 2 (E/W),41,79,39,♠,finished,2026-05-17T16:36:35.672433+00:00
3005,INPROC_C5D1EB,1,10,team2,Team 2 (E/W),43,77,6,♣,finished,2026-05-17T16:36:35.687730+00:00
3006,INPROC_6CF3F1,1,10,team1,Team 1 (N/S),110,10,2,♣,finished,2026-05-17T16:36:35.702004+00:00
3007,INPROC_9C4F95,1,10,team1,Team 1 (N/S),79,41,20,♥,finished,2026-05-17T16:36:35.717089+00:00
3008,INPROC_A441AA,1,10,team2,Team 2 (E/W),26,94,18,♦,finished,2026-05-17T16:36:35.732692+00:00
3009,INPROC_C2B2B9,1,10,team2,Team 2 (E/W),17,103,35,♠,finished,2026-05-17T16:36:35.749107+00:00
3010,INPROC_E3ADE8,1,10,team1,Team 1 (N/S),82,38,7,♣,finished,2026-05-17T16:36:35.766632+00:00
3011,INPROC_CC7A4C,1,10,team1,Team 1 (N/S),65,55,2,♣,finished,2026-05-17T16:36:35.782133+00:00
3012,INPROC_B335FB,1,10,team2,Team 2 (E/W),58,62,38,♠,finished,2026-05-17T16:36:35.798679+00:00
3013,INPROC_D1D3C0,1,10,team2,Team 2 (E/W),0,120,32,♠,finished,2026-05-17T16:36:35.819046+00:00
3014,INPROC_801662,1,10,team2,Team 2 (E/W),32,88,15,♦,finished,2026-05-17T16:36:35.837065+00:00
3015,INPROC_8D9639,1,10,team2,Team 2 (E/W),25,95,2,♣,finished,2026-05-17T16:36:35.855952+00:00
3016,INPROC_17FF4C,1,10,team1,Team 1 (N/S),92,28,5,♣,finished,2026-05-17T16:36:35.875017+00:00
3017,INPROC_F88287,1,10,team2,Team 2 (E/W),19,101,5,♣,finished,2026-05-17T16:36:35.892879+00:00
3018,INPROC_95D635,1,10,team2,Team 2 (E/W),31,89,24,♥,finished,2026-05-17T16:36:35.906184+00:00
3019,INPROC_F9717B,1,10,team2,Team 2 (E/W),11,109,19,♦,finished,2026-05-17T16:36:35.923996+00:00
3020,INPROC_610CFE,1,10,team2,Team 2 (E/W),33,87,1,♣,finished,2026-05-17T16:36:35.938207+00:00
3021,INPROC_C5527B,1,10,team2,Team 2 (E/W),27,93,12,♦,finished,2026-05-17T16:36:35.954276+00:00
3022,INPROC_2C1EF7,1,10,team2,Team 2 (E/W),48,72,18,♦,finished,2026-05-17T16:36:35.970317+00:00
3023,INPROC_5A5599,1,10,team1,Team 1 (N/S),114,6,4,♣,finished,2026-05-17T16:36:35.984326+00:00
3024,INPROC_192B6B,1,10,team1,Team 1 (N/S),75,45,12,♦,finished,2026-05-17T16:36:35.999702+00:00
3025,INPROC_6134DD,1,10,team1,Team 1 (N/S),91,29,14,♦,finished,2026-05-17T16:36:36.016731+00:00
3026,INPROC_CF873E,1,10,team1,Team 1 (N/S),68,52,39,♠,finished,2026-05-17T16:36:36.033812+00:00
3027,INPROC_55BBF1,1,10,team1,Team 1 (N/S),74,46,6,♣,finished,2026-05-17T16:36:36.048935+00:00
3028,INPROC_E56501,1,10,team2,Team 2 (E/W),36,84,2,♣,finished,2026-05-17T16:36:36.065574+00:00
3029,INPROC_477CFB,1,10,team1,Team 1 (N/S),93,27,7,♣,finished,2026-05-17T16:36:36.079292+00:00
3030,INPROC_892A51,1,10,team2,Team 2 (E/W),21,99,39,♠,finished,2026-05-17T16:36:36.094019+00:00
3031,INPROC_8323E2,1,10,team1,Team 1 (N/S),70,50,16,♦,finished,2026-05-17T16:36:36.111018+00:00
3032,INPROC_9780F2,1,10,team1,Team 1 (N/S),74,46,1,♣,finished,2026-05-17T16:36:36.127777+00:00
3033,INPROC_A23D8A,1,10,team2,Team 2 (E/W),28,92,35,♠,finished,2026-05-17T16:36:36.144152+00:00
3034,INPROC_98C017,1,10,team2,Team 2 (E/W),53,67,1,♣,finished,2026-05-17T16:36:36.160960+00:00
3035,INPROC_F0CCBA,1,10,team2,Team 2 (E/W),11,109,11,♦,finished,2026-05-17T16:36:36.178136+00:00
3036,INPROC_AAFB3C,1,10,team1,Team 1 (N/S),81,39,7,♣,finished,2026-05-17T16:36:36.195572+00:00
3037,INPROC_A1E914,1,10,team2,Team 2 (E/W),31,89,36,♠,finished,2026-05-17T16:36:36.212323+00:00
3038,INPROC_494084,1,10,team2,Team 2 (E/W),58,62,33,♠,finished,2026-05-17T16:36:36.227376+00:00
3039,INPROC_2A419F,1,10,team2,Team 2 (E/W),59,61,21,♥,finished,2026-05-17T16:36:36.242896+00:00
3040,INPROC_C651BE,1,10,team2,Team 2 (E/W),26,94,28,♥,finished,2026-05-17T16:36:36.258108+00:00
3041,INPROC_EDFC84,1,10,team2,Team 2 (E/W),11,109,19,♦,finished,2026-05-17T16:36:36.274677+00:00
3042,INPROC_FA87E7,1,10,team1,Team 1 (N/S),71,49,14,♦,finished,2026-05-17T16:36:36.291102+00:00
3043,INPROC_1006A4,1,10,team1,Team 1 (N/S),76,44,25,♥,finished,2026-05-17T16:36:36.307124+00:00
3044,INPROC_4346CF,1,10,team2,Team 2 (E/W),51,69,34,♠,finished,2026-05-17T16:36:36.322124+00:00
3045,INPROC_35E890,1,10,team1,Team 1 (N/S),78,42,31,♠,finished,2026-05-17T16:36:36.339083+00:00
3046,INPROC_F66510,1,10,team1,Team 1 (N/S),87,33,8,♣,finished,2026-05-17T16:36:36.356014+00:00
3047,INPROC_5ED007,1,10,team1,Team 1 (N/S),82,38,31,♠,finished,2026-05-17T16:36:36.371764+00:00
3048,INPROC_CE2647,1,10,team2,Team 2 (E/W),30,90,26,♥,finished,2026-05-17T16:36:36.386665+00:00
3049,INPROC_DD10DB,1,10,team2,Team 2 (E/W),48,72,20,♥,finished,2026-05-17T16:36:36.401885+00:00
3050,INPROC_177DE4,1,10,team2,Team 2 (E/W),53,67,2,♣,finished,2026-05-17T16:36:36.418770+00:00
3051,INPROC_8ACEF6,1,10,team2,Team 2 (E/W),37,83,17,♦,finished,2026-05-17T16:36:36.432940+00:00
3052,INPROC_C64BAD,1,10,draw,draw,60,60,9,♣,finished,2026-05-17T16:36:36.448914+00:00
3053,INPROC_D522DD,1,10,team1,Team 1 (N/S),68,52,31,♠,finished,2026-05-17T16:36:36.464219+00:00
3054,INPROC_804C5C,1,10,team2,Team 2 (E/W),40,80,19,♦,finished,2026-05-17T16:36:36.480340+00:00
3055,INPROC_A3C2B4,1,10,team1,Team 1 (N/S),61,59,17,♦,finished,2026-05-17T16:36:36.496852+00:00
3056,INPROC_B9901A,1,10,team1,Team 1 (N/S),65,55,33,♠,finished,2026-05-17T16:36:36.509596+00:00
3057,INPROC_D99A52,1,10,team2,Team 2 (E/W),18,102,23,♥,finished,2026-05-17T16:36:36.522101+00:00
3058,INPROC_7DCCA2,1,10,team1,Team 1 (N/S),65,55,19,♦,finished,2026-05-17T16:36:36.540455+00:00
3059,INPROC_432CAA,1,10,team1,Team 1 (N/S),76,44,8,♣,finished,2026-05-17T16:36:36.553139+00:00
3060,INPROC_23C24A,1,10,team1,Team 1 (N/S),67,53,4,♣,finished,2026-05-17T16:36:36.568221+00:00
3061,INPROC_CF5191,1,10,team2,Team 2 (E/W),41,79,34,♠,finished,2026-05-17T16:36:36.584631+00:00
3062,INPROC_E0959C,1,10,team1,Team 1 (N/S),92,28,14,♦,finished,2026-05-17T16:36:36.600547+00:00
3063,INPROC_EE660C,1,10,team2,Team 2 (E/W),50,70,24,♥,finished,2026-05-17T16:36:36.618965+00:00
3064,INPROC_A39802,1,10,team2,Team 2 (E/W),56,64,10,♦,finished,2026-05-17T16:36:36.636031+00:00
3065,INPROC_816AF0,1,10,team2,Team 2 (E/W),37,83,31,♠,finished,2026-05-17T16:36:36.653286+00:00
3066,INPROC_2FF65C,1,10,team2,Team 2 (E/W),55,65,16,♦,finished,2026-05-17T16:36:36.670173+00:00
3067,INPROC_A953D0,1,10,team2,Team 2 (E/W),42,78,29,♥,finished,2026-05-17T16:36:36.684219+00:00
3068,INPROC_644BD2,1,10,team2,Team 2 (E/W),36,84,11,♦,finished,2026-05-17T16:36:36.700046+00:00
3069,INPROC_1C2286,1,10,team1,Team 1 (N/S),78,42,32,♠,finished,2026-05-17T16:36:36.715794+00:00
3070,INPROC_EA679C,1,10,team2,Team 2 (E/W),0,120,20,♥,finished,2026-05-17T16:36:36.731356+00:00
3071,INPROC_C08242,1,10,team1,Team 1 (N/S),68,52,25,♥,finished,2026-05-17T16:36:36.748810+00:00
3072,INPROC_8B928F,1,10,team2,Team 2 (E/W),24,96,15,♦,finished,2026-05-17T16:36:36.766297+00:00
3073,INPROC_FE7400,1,10,team1,Team 1 (N/S),81,39,20,♥,finished,2026-05-17T16:36:36.785009+00:00
3074,INPROC_21387B,1,10,team2,Team 2 (E/W),32,88,22,♥,finished,2026-05-17T16:36:36.804486+00:00
3075,INPROC_4650C5,1,10,team2,Team 2 (E/W),30,90,14,♦,finished,2026-05-17T16:36:36.824233+00:00
3076,INPROC_735A56,1,10,team2,Team 2 (E/W),51,69,34,♠,finished,2026-05-17T16:36:36.842874+00:00
3077,INPROC_CC75A4,1,10,team2,Team 2 (E/W),36,84,9,♣,finished,2026-05-17T16:36:36.857393+00:00
3078,INPROC_9C5E90,1,10,team2,Team 2 (E/W),40,80,8,♣,finished,2026-05-17T16:36:36.875311+00:00
3079,INPROC_1E80F5,1,10,team1,Team 1 (N/S),73,47,28,♥,finished,2026-05-17T16:36:36.892106+00:00
3080,INPROC_A50F4E,1,10,team2,Team 2 (E/W),44,76,26,♥,finished,2026-05-17T16:36:36.907301+00:00
3081,INPROC_833A51,1,10,team1,Team 1 (N/S),78,42,20,♥,finished,2026-05-17T16:36:36.922681+00:00
3082,INPROC_FBE19B,1,10,team1,Team 1 (N/S),65,55,8,♣,finished,2026-05-17T16:36:36.934484+00:00
3083,INPROC_6EE7D4,1,10,team1,Team 1 (N/S),82,38,2,♣,finished,2026-05-17T16:36:36.949218+00:00
3084,INPROC_2930FA,1,10,team2,Team 2 (E/W),57,63,24,♥,finished,2026-05-17T16:36:36.964686+00:00
3085,INPROC_5D0ED1,1,10,team1,Team 1 (N/S),66,54,38,♠,finished,2026-05-17T16:36:36.981213+00:00
3086,INPROC_D41C12,1,10,team1,Team 1 (N/S),66,54,1,♣,finished,2026-05-17T16:36:36.996739+00:00
3087,INPROC_57E303,1,10,team2,Team 2 (E/W),27,93,17,♦,finished,2026-05-17T16:36:37.013073+00:00
3088,INPROC_B3CDC9,1,10,team1,Team 1 (N/S),70,50,18,♦,finished,2026-05-17T16:36:37.028284+00:00
3089,INPROC_BD01BD,1,10,team1,Team 1 (N/S),77,43,11,♦,finished,2026-05-17T16:36:37.046600+00:00
3090,INPROC_D6D190,1,10,team1,Team 1 (N/S),64,56,38,♠,finished,2026-05-17T16:36:37.059792+00:00
3091,INPROC_683EEB,1,10,draw,draw,60,60,27,♥,finished,2026-05-17T16:36:37.077592+00:00
3092,INPROC_EDE934,1,10,team2,Team 2 (E/W),39,81,24,♥,finished,2026-05-17T16:36:37.093915+00:00
3093,INPROC_45E6FB,1,10,team2,Team 2 (E/W),47,73,24,♥,finished,2026-05-17T16:36:37.105996+00:00
3094,INPROC_2C76E3,1,10,team2,Team 2 (E/W),33,87,4,♣,finished,2026-05-17T16:36:37.118755+00:00
3095,INPROC_537146,1,10,team1,Team 1 (N/S),71,49,15,♦,finished,2026-05-17T16:36:37.132712+00:00
3096,INPROC_0C8971,1,10,team2,Team 2 (E/W),2,118,11,♦,finished,2026-05-17T16:36:37.147491+00:00
3097,INPROC_12C485,1,10,team2,Team 2 (E/W),23,97,17,♦,finished,2026-05-17T16:36:37.163072+00:00
3098,INPROC_88D873,1,10,team2,Team 2 (E/W),38,82,19,♦,finished,2026-05-17T16:36:37.175552+00:00
3099,INPROC_E17DDC,1,10,team1,Team 1 (N/S),85,35,18,♦,finished,2026-05-17T16:36:37.192825+00:00
3100,INPROC_CAE6C2,1,10,team1,Team 1 (N/S),71,49,27,♥,finished,2026-05-17T16:36:37.208520+00:00
3101,INPROC_648E6F,1,10,team1,Team 1 (N/S),91,29,0,♣,finished,2026-05-17T16:36:37.223876+00:00
3102,INPROC_666884,1,10,team1,Team 1 (N/S),101,19,27,♥,finished,2026-05-17T16:36:37.238618+00:00
3103,INPROC_7F3D76,1,10,team2,Team 2 (E/W),57,63,15,♦,finished,2026-05-17T16:36:37.255856+00:00
3104,INPROC_D27D6C,1,10,team1,Team 1 (N/S),93,27,10,♦,finished,2026-05-17T16:36:37.271166+00:00
3105,INPROC_219B35,1,10,team1,Team 1 (N/S),65,55,37,♠,finished,2026-05-17T16:36:37.286175+00:00
3106,INPROC_FFFCDC,1,10,team2,Team 2 (E/W),55,65,0,♣,finished,2026-05-17T16:36:37.300323+00:00
3107,INPROC_CDB542,1,10,team2,Team 2 (E/W),51,69,33,♠,finished,2026-05-17T16:36:37.324333+00:00
3108,INPROC_A09E47,1,10,team1,Team 1 (N/S),118,2,15,♦,finished,2026-05-17T16:36:37.341347+00:00
3109,INPROC_07E32B,1,10,team1,Team 1 (N/S),84,36,25,♥,finished,2026-05-17T16:36:37.357994+00:00
3110,INPROC_18235D,1,10,team1,Team 1 (N/S),71,49,22,♥,finished,2026-05-17T16:36:37.374905+00:00
3111,INPROC_ECAA6F,1,10,team2,Team 2 (E/W),59,61,19,♦,finished,2026-05-17T16:36:37.390059+00:00
3112,INPROC_9BF63B,1,10,team2,Team 2 (E/W),49,71,35,♠,finished,2026-05-17T16:36:37.406017+00:00
3113,INPROC_8809DB,1,10,team1,Team 1 (N/S),65,55,23,♥,finished,2026-05-17T16:36:37.421129+00:00
3114,INPROC_90BFEA,1,10,team1,Team 1 (N/S),79,41,0,♣,finished,2026-05-17T16:36:37.434654+00:00
3115,INPROC_2ADBBE,1,10,team1,Team 1 (N/S),74,46,35,♠,finished,2026-05-17T16:36:37.449168+00:00
3116,INPROC_2A1AB8,1,10,team2,Team 2 (E/W),19,101,8,♣,finished,2026-05-17T16:36:37.464040+00:00
3117,INPROC_788A39,1,10,team2,Team 2 (E/W),16,104,6,♣,finished,2026-05-17T16:36:37.479273+00:00
3118,INPROC_9A5E31,1,10,team2,Team 2 (E/W),50,70,10,♦,finished,2026-05-17T16:36:37.495110+00:00
3119,INPROC_0E15CE,1,10,team2,Team 2 (E/W),34,86,8,♣,finished,2026-05-17T16:36:37.511493+00:00
3120,INPROC_81C3F3,1,10,team1,Team 1 (N/S),61,59,5,♣,finished,2026-05-17T16:36:37.526050+00:00
3121,INPROC_BDCFF8,1,10,team1,Team 1 (N/S),71,49,37,♠,finished,2026-05-17T16:36:37.540367+00:00
3122,INPROC_8B4776,1,10,team1,Team 1 (N/S),67,53,33,♠,finished,2026-05-17T16:36:37.555420+00:00
3123,INPROC_EDCA9A,1,10,team2,Team 2 (E/W),56,64,36,♠,finished,2026-05-17T16:36:37.572109+00:00
3124,INPROC_E7FD9D,1,10,team1,Team 1 (N/S),88,32,3,♣,finished,2026-05-17T16:36:37.589505+00:00
3125,INPROC_F4EE31,1,10,team1,Team 1 (N/S),62,58,7,♣,finished,2026-05-17T16:36:37.604223+00:00
3126,INPROC_BA1525,1,10,team2,Team 2 (E/W),50,70,6,♣,finished,2026-05-17T16:36:37.621761+00:00
3127,INPROC_B87C01,1,10,team1,Team 1 (N/S),75,45,32,♠,finished,2026-05-17T16:36:37.637570+00:00
3128,INPROC_2A2FD1,1,10,team1,Team 1 (N/S),95,25,36,♠,finished,2026-05-17T16:36:37.652602+00:00
3129,INPROC_7D43B0,1,10,team2,Team 2 (E/W),49,71,15,♦,finished,2026-05-17T16:36:37.666872+00:00
3130,INPROC_1144DD,1,10,team2,Team 2 (E/W),18,102,25,♥,finished,2026-05-17T16:36:37.683931+00:00
3131,INPROC_329F5C,1,10,team2,Team 2 (E/W),54,66,22,♥,finished,2026-05-17T16:36:37.700026+00:00
3132,INPROC_538985,1,10,team1,Team 1 (N/S),66,54,29,♥,finished,2026-05-17T16:36:37.716077+00:00
3133,INPROC_15646B,1,10,team2,Team 2 (E/W),53,67,10,♦,finished,2026-05-17T16:36:37.732189+00:00
3134,INPROC_62BEA8,1,10,team2,Team 2 (E/W),37,83,29,♥,finished,2026-05-17T16:36:37.750683+00:00
3135,INPROC_A0567F,1,10,team1,Team 1 (N/S),84,36,26,♥,finished,2026-05-17T16:36:37.767298+00:00
3136,INPROC_742E59,1,10,team2,Team 2 (E/W),12,108,38,♠,finished,2026-05-17T16:36:37.782862+00:00
3137,INPROC_AD0DA7,1,10,team1,Team 1 (N/S),86,34,15,♦,finished,2026-05-17T16:36:37.797111+00:00
3138,INPROC_4E48F4,1,10,team1,Team 1 (N/S),115,5,14,♦,finished,2026-05-17T16:36:37.814624+00:00
3139,INPROC_7F7650,1,10,team2,Team 2 (E/W),33,87,15,♦,finished,2026-05-17T16:36:37.831458+00:00
3140,INPROC_403E8A,1,10,team2,Team 2 (E/W),50,70,4,♣,finished,2026-05-17T16:36:37.847493+00:00
3141,INPROC_11216C,1,10,team2,Team 2 (E/W),57,63,2,♣,finished,2026-05-17T16:36:37.864811+00:00
3142,INPROC_7759AB,1,10,team2,Team 2 (E/W),45,75,37,♠,finished,2026-05-17T16:36:37.880156+00:00
3143,INPROC_5E787F,1,10,team2,Team 2 (E/W),40,80,5,♣,finished,2026-05-17T16:36:37.900907+00:00
3144,INPROC_FD9820,1,10,team1,Team 1 (N/S),97,23,10,♦,finished,2026-05-17T16:36:37.918644+00:00
3145,INPROC_C61B7D,1,10,team1,Team 1 (N/S),67,53,2,♣,finished,2026-05-17T16:36:37.934202+00:00
3146,INPROC_6B80BE,1,10,team1,Team 1 (N/S),63,57,2,♣,finished,2026-05-17T16:36:37.950187+00:00
3147,INPROC_3C48FC,1,10,team2,Team 2 (E/W),39,81,38,♠,finished,2026-05-17T16:36:37.964556+00:00
3148,INPROC_6D024D,1,10,team1,Team 1 (N/S),73,47,29,♥,finished,2026-05-17T16:36:37.977288+00:00
3149,INPROC_FC02D5,1,10,team2,Team 2 (E/W),44,76,36,♠,finished,2026-05-17T16:36:37.993512+00:00
3150,INPROC_173F24,1,10,team1,Team 1 (N/S),74,46,14,♦,finished,2026-05-17T16:36:38.009478+00:00
3151,INPROC_3FFBBC,1,10,team2,Team 2 (E/W),45,75,15,♦,finished,2026-05-17T16:36:38.026381+00:00
3152,INPROC_952735,1,10,team1,Team 1 (N/S),86,34,3,♣,finished,2026-05-17T16:36:38.042637+00:00
3153,INPROC_66E6E5,1,10,team1,Team 1 (N/S),83,37,36,♠,finished,2026-05-17T16:36:38.059287+00:00
3154,INPROC_F891BA,1,10,team2,Team 2 (E/W),32,88,13,♦,finished,2026-05-17T16:36:38.075323+00:00
3155,INPROC_4F321B,1,10,team1,Team 1 (N/S),96,24,24,♥,finished,2026-05-17T16:36:38.091128+00:00
3156,INPROC_060FC8,1,10,team1,Team 1 (N/S),62,58,34,♠,finished,2026-05-17T16:36:38.106869+00:00
3157,INPROC_4DC75D,1,10,team2,Team 2 (E/W),2,118,9,♣,finished,2026-05-17T16:36:38.124227+00:00
3158,INPROC_E6A22A,1,10,team1,Team 1 (N/S),63,57,12,♦,finished,2026-05-17T16:36:38.137781+00:00
3159,INPROC_639E40,1,10,team2,Team 2 (E/W),20,100,1,♣,finished,2026-05-17T16:36:38.152818+00:00
3160,INPROC_DD3B1D,1,10,team2,Team 2 (E/W),28,92,14,♦,finished,2026-05-17T16:36:38.170707+00:00
3161,INPROC_F4A19F,1,10,team2,Team 2 (E/W),50,70,7,♣,finished,2026-05-17T16:36:38.186216+00:00
3162,INPROC_4CF367,1,10,team1,Team 1 (N/S),74,46,6,♣,finished,2026-05-17T16:36:38.202780+00:00
3163,INPROC_2B5725,1,10,team1,Team 1 (N/S),66,54,9,♣,finished,2026-05-17T16:36:38.217516+00:00
3164,INPROC_16E78C,1,10,team2,Team 2 (E/W),56,64,33,♠,finished,2026-05-17T16:36:38.233575+00:00
3165,INPROC_4AA2DB,1,10,team2,Team 2 (E/W),23,97,9,♣,finished,2026-05-17T16:36:38.251344+00:00
3166,INPROC_B5E5B0,1,10,team2,Team 2 (E/W),49,71,30,♠,finished,2026-05-17T16:36:38.268248+00:00
3167,INPROC_9DB180,1,10,team2,Team 2 (E/W),52,68,38,♠,finished,2026-05-17T16:36:38.282641+00:00
3168,INPROC_59D56F,1,10,team1,Team 1 (N/S),97,23,8,♣,finished,2026-05-17T16:36:38.298464+00:00
3169,INPROC_4D6320,1,10,team2,Team 2 (E/W),29,91,9,♣,finished,2026-05-17T16:36:38.314989+00:00
3170,INPROC_4CCF35,1,10,team1,Team 1 (N/S),99,21,22,♥,finished,2026-05-17T16:36:38.328802+00:00
3171,INPROC_3770D3,1,10,team2,Team 2 (E/W),39,81,39,♠,finished,2026-05-17T16:36:38.343971+00:00
3172,INPROC_B5B19D,1,10,team2,Team 2 (E/W),53,67,5,♣,finished,2026-05-17T16:36:38.359772+00:00
3173,INPROC_98DA5B,1,10,team2,Team 2 (E/W),56,64,0,♣,finished,2026-05-17T16:36:38.375516+00:00
3174,INPROC_216E18,1,10,team2,Team 2 (E/W),32,88,35,♠,finished,2026-05-17T16:36:38.391624+00:00
3175,INPROC_888204,1,10,team1,Team 1 (N/S),91,29,24,♥,finished,2026-05-17T16:36:38.408608+00:00
3176,INPROC_9A3A14,1,10,team2,Team 2 (E/W),59,61,13,♦,finished,2026-05-17T16:36:38.421000+00:00
3177,INPROC_AB9308,1,10,team1,Team 1 (N/S),66,54,18,♦,finished,2026-05-17T16:36:38.436213+00:00
3178,INPROC_782AC3,1,10,team2,Team 2 (E/W),20,100,33,♠,finished,2026-05-17T16:36:38.452696+00:00
3179,INPROC_558D2B,1,10,team2,Team 2 (E/W),59,61,38,♠,finished,2026-05-17T16:36:38.468278+00:00
3180,INPROC_2ABE98,1,10,team1,Team 1 (N/S),70,50,29,♥,finished,2026-05-17T16:36:38.482418+00:00
3181,INPROC_A9521E,1,10,team2,Team 2 (E/W),59,61,5,♣,finished,2026-05-17T16:36:38.499969+00:00
3182,INPROC_5BA0FD,1,10,team1,Team 1 (N/S),77,43,36,♠,finished,2026-05-17T16:36:38.516254+00:00
3183,INPROC_C20EB3,1,10,team2,Team 2 (E/W),24,96,5,♣,finished,2026-05-17T16:36:38.533925+00:00
3184,INPROC_65D717,1,10,team2,Team 2 (E/W),56,64,9,♣,finished,2026-05-17T16:36:38.548153+00:00
3185,INPROC_B6808B,1,10,team2,Team 2 (E/W),39,81,9,♣,finished,2026-05-17T16:36:38.562116+00:00
3186,INPROC_B5E10B,1,10,draw,draw,60,60,24,♥,finished,2026-05-17T16:36:38.577293+00:00
3187,INPROC_102977,1,10,team2,Team 2 (E/W),56,64,2,♣,finished,2026-05-17T16:36:38.594788+00:00
3188,INPROC_DE3826,1,10,team2,Team 2 (E/W),18,102,27,♥,finished,2026-05-17T16:36:38.613581+00:00
3189,INPROC_1EE6B2,1,10,team1,Team 1 (N/S),120,0,35,♠,finished,2026-05-17T16:36:38.628768+00:00
3190,INPROC_AA4BC4,1,10,team2,Team 2 (E/W),23,97,39,♠,finished,2026-05-17T16:36:38.644450+00:00
3191,INPROC_30D559,1,10,team2,Team 2 (E/W),50,70,32,♠,finished,2026-05-17T16:36:38.659050+00:00
3192,INPROC_80EBD1,1,10,team2,Team 2 (E/W),41,79,30,♠,finished,2026-05-17T16:36:38.675103+00:00
3193,INPROC_EB2A19,1,10,team1,Team 1 (N/S),88,32,10,♦,finished,2026-05-17T16:36:38.691671+00:00
3194,INPROC_00A167,1,10,team2,Team 2 (E/W),36,84,16,♦,finished,2026-05-17T16:36:38.708450+00:00
3195,INPROC_2F20DA,1,10,team1,Team 1 (N/S),89,31,8,♣,finished,2026-05-17T16:36:38.727647+00:00
3196,INPROC_271D60,1,10,team2,Team 2 (E/W),49,71,29,♥,finished,2026-05-17T16:36:38.743300+00:00
3197,INPROC_A3881F,1,10,team1,Team 1 (N/S),86,34,2,♣,finished,2026-05-17T16:36:38.758475+00:00
3198,INPROC_8C6726,1,10,team2,Team 2 (E/W),35,85,6,♣,finished,2026-05-17T16:36:38.775108+00:00
3199,INPROC_56617C,1,10,team1,Team 1 (N/S),91,29,33,♠,finished,2026-05-17T16:36:38.792230+00:00
3200,INPROC_0EB227,1,10,team1,Team 1 (N/S),84,36,3,♣,finished,2026-05-17T16:36:38.809824+00:00
3201,INPROC_D543ED,1,10,team1,Team 1 (N/S),104,16,1,♣,finished,2026-05-17T16:36:38.825399+00:00
3202,INPROC_9B7ECE,1,10,team2,Team 2 (E/W),32,88,36,♠,finished,2026-05-17T16:36:38.841094+00:00
3203,INPROC_A68588,1,10,team1,Team 1 (N/S),71,49,0,♣,finished,2026-05-17T16:36:38.857044+00:00
3204,INPROC_BF8F3B,1,10,team1,Team 1 (N/S),62,58,22,♥,finished,2026-05-17T16:36:38.873332+00:00
3205,INPROC_25BEE2,1,10,team2,Team 2 (E/W),47,73,12,♦,finished,2026-05-17T16:36:38.888432+00:00
3206,INPROC_883276,1,10,team2,Team 2 (E/W),6,114,32,♠,finished,2026-05-17T16:36:38.904417+00:00
3207,INPROC_6FFE07,1,10,team2,Team 2 (E/W),30,90,0,♣,finished,2026-05-17T16:36:38.921198+00:00
3208,INPROC_AE0FCE,1,10,team2,Team 2 (E/W),25,95,32,♠,finished,2026-05-17T16:36:38.937256+00:00
3209,INPROC_BA1177,1,10,team1,Team 1 (N/S),92,28,32,♠,finished,2026-05-17T16:36:38.953224+00:00
3210,INPROC_69B4FB,1,10,team2,Team 2 (E/W),58,62,27,♥,finished,2026-05-17T16:36:38.969994+00:00
3211,INPROC_66B3C6,1,10,team1,Team 1 (N/S),79,41,18,♦,finished,2026-05-17T16:36:38.986273+00:00
3212,INPROC_980229,1,10,team1,Team 1 (N/S),73,47,22,♥,finished,2026-05-17T16:36:39.001322+00:00
3213,INPROC_6A6575,1,10,team2,Team 2 (E/W),23,97,3,♣,finished,2026-05-17T16:36:39.018368+00:00
3214,INPROC_62CAC7,1,10,team2,Team 2 (E/W),49,71,12,♦,finished,2026-05-17T16:36:39.033856+00:00
3215,INPROC_3B450E,1,10,team2,Team 2 (E/W),54,66,5,♣,finished,2026-05-17T16:36:39.050898+00:00
3216,INPROC_9189DD,1,10,team2,Team 2 (E/W),31,89,9,♣,finished,2026-05-17T16:36:39.067408+00:00
3217,INPROC_ECF669,1,10,team2,Team 2 (E/W),2,118,16,♦,finished,2026-05-17T16:36:39.085897+00:00
3218,INPROC_85201B,1,10,team1,Team 1 (N/S),65,55,5,♣,finished,2026-05-17T16:36:39.099630+00:00
3219,INPROC_379958,1,10,team1,Team 1 (N/S),71,49,33,♠,finished,2026-05-17T16:36:39.114722+00:00
3220,INPROC_30932D,1,10,team2,Team 2 (E/W),32,88,16,♦,finished,2026-05-17T16:36:39.129919+00:00
3221,INPROC_D7A84E,1,10,team1,Team 1 (N/S),104,16,17,♦,finished,2026-05-17T16:36:39.145714+00:00
3222,INPROC_C77FBA,1,10,team1,Team 1 (N/S),101,19,9,♣,finished,2026-05-17T16:36:39.160265+00:00
3223,INPROC_0228E1,1,10,team2,Team 2 (E/W),21,99,0,♣,finished,2026-05-17T16:36:39.175514+00:00
3224,INPROC_F5974C,1,10,team2,Team 2 (E/W),40,80,4,♣,finished,2026-05-17T16:36:39.190913+00:00
3225,INPROC_55BAFA,1,10,team1,Team 1 (N/S),83,37,20,♥,finished,2026-05-17T16:36:39.207845+00:00
3226,INPROC_18C7E3,1,10,team2,Team 2 (E/W),12,108,16,♦,finished,2026-05-17T16:36:39.222790+00:00
3227,INPROC_EE65EF,1,10,team2,Team 2 (E/W),58,62,35,♠,finished,2026-05-17T16:36:39.239388+00:00
3228,INPROC_0141A7,1,10,team1,Team 1 (N/S),70,50,10,♦,finished,2026-05-17T16:36:39.258142+00:00
3229,INPROC_5E6AD4,1,10,team1,Team 1 (N/S),82,38,17,♦,finished,2026-05-17T16:36:39.275267+00:00
3230,INPROC_D3BF2B,1,10,team2,Team 2 (E/W),13,107,15,♦,finished,2026-05-17T16:36:39.289784+00:00
3231,INPROC_B71107,1,10,team1,Team 1 (N/S),62,58,19,♦,finished,2026-05-17T16:36:39.305437+00:00
3232,INPROC_B50EEB,1,10,team2,Team 2 (E/W),30,90,32,♠,finished,2026-05-17T16:36:39.319479+00:00
3233,INPROC_5D699D,1,10,team2,Team 2 (E/W),56,64,35,♠,finished,2026-05-17T16:36:39.336623+00:00
3234,INPROC_8FCC1C,1,10,team2,Team 2 (E/W),45,75,9,♣,finished,2026-05-17T16:36:39.350618+00:00
3235,INPROC_FBBBBD,1,10,team1,Team 1 (N/S),67,53,11,♦,finished,2026-05-17T16:36:39.365961+00:00
3236,INPROC_879F4A,1,10,team2,Team 2 (E/W),51,69,10,♦,finished,2026-05-17T16:36:39.381094+00:00
3237,INPROC_308DF4,1,10,team2,Team 2 (E/W),13,107,6,♣,finished,2026-05-17T16:36:39.398352+00:00
3238,INPROC_63951A,1,10,team1,Team 1 (N/S),88,32,26,♥,finished,2026-05-17T16:36:39.414631+00:00
3239,INPROC_DDCF5E,1,10,team2,Team 2 (E/W),44,76,2,♣,finished,2026-05-17T16:36:39.430416+00:00
3240,INPROC_9267A3,1,10,team2,Team 2 (E/W),56,64,4,♣,finished,2026-05-17T16:36:39.444535+00:00
3241,INPROC_729AF3,1,10,team2,Team 2 (E/W),50,70,10,♦,finished,2026-05-17T16:36:39.459909+00:00
3242,INPROC_3A5647,1,10,team2,Team 2 (E/W),36,84,18,♦,finished,2026-05-17T16:36:39.474054+00:00
3243,INPROC_E7B6C1,1,10,team1,Team 1 (N/S),74,46,30,♠,finished,2026-05-17T16:36:39.488377+00:00
3244,INPROC_CF73D2,1,10,team2,Team 2 (E/W),56,64,24,♥,finished,2026-05-17T16:36:39.503372+00:00
3245,INPROC_52270D,1,10,team2,Team 2 (E/W),49,71,14,♦,finished,2026-05-17T16:36:39.519145+00:00
3246,INPROC_CDBF7C,1,10,team2,Team 2 (E/W),43,77,6,♣,finished,2026-05-17T16:36:39.534581+00:00
3247,INPROC_188CA1,1,10,team1,Team 1 (N/S),69,51,38,♠,finished,2026-05-17T16:36:39.550073+00:00
3248,INPROC_1803C8,1,10,team1,Team 1 (N/S),62,58,13,♦,finished,2026-05-17T16:36:39.565457+00:00
3249,INPROC_E7A39A,1,10,team2,Team 2 (E/W),59,61,32,♠,finished,2026-05-17T16:36:39.582100+00:00
3250,INPROC_057C37,1,10,draw,draw,60,60,24,♥,finished,2026-05-17T16:36:39.598505+00:00
3251,INPROC_9F1B28,1,10,team1,Team 1 (N/S),92,28,4,♣,finished,2026-05-17T16:36:39.615326+00:00
3252,INPROC_15F77F,1,10,team2,Team 2 (E/W),57,63,13,♦,finished,2026-05-17T16:36:39.631306+00:00
3253,INPROC_68F21C,1,10,team1,Team 1 (N/S),88,32,8,♣,finished,2026-05-17T16:36:39.647953+00:00
3254,INPROC_07A52D,1,10,team1,Team 1 (N/S),81,39,7,♣,finished,2026-05-17T16:36:39.665617+00:00
3255,INPROC_37FD24,1,10,team2,Team 2 (E/W),20,100,11,♦,finished,2026-05-17T16:36:39.684318+00:00
3256,INPROC_848EE8,1,10,team2,Team 2 (E/W),42,78,6,♣,finished,2026-05-17T16:36:39.698337+00:00
3257,INPROC_60D7D0,1,10,team2,Team 2 (E/W),37,83,5,♣,finished,2026-05-17T16:36:39.714971+00:00
3258,INPROC_1F7076,1,10,team1,Team 1 (N/S),70,50,35,♠,finished,2026-05-17T16:36:39.728023+00:00
3259,INPROC_21BB99,1,10,team2,Team 2 (E/W),50,70,0,♣,finished,2026-05-17T16:36:39.743848+00:00
3260,INPROC_0BC658,1,10,team1,Team 1 (N/S),100,20,6,♣,finished,2026-05-17T16:36:39.759141+00:00
3261,INPROC_6427D8,1,10,team1,Team 1 (N/S),78,42,11,♦,finished,2026-05-17T16:36:39.773718+00:00
3262,INPROC_750327,1,10,team2,Team 2 (E/W),55,65,2,♣,finished,2026-05-17T16:36:39.790816+00:00
3263,INPROC_54CB4F,1,10,team1,Team 1 (N/S),72,48,4,♣,finished,2026-05-17T16:36:39.806418+00:00
3264,INPROC_5180C1,1,10,team2,Team 2 (E/W),56,64,35,♠,finished,2026-05-17T16:36:39.822691+00:00
3265,INPROC_6D4A27,1,10,team2,Team 2 (E/W),38,82,21,♥,finished,2026-05-17T16:36:39.838359+00:00
3266,INPROC_1731E9,1,10,team1,Team 1 (N/S),64,56,39,♠,finished,2026-05-17T16:36:39.857945+00:00
3267,INPROC_A3D8CB,1,10,team2,Team 2 (E/W),41,79,0,♣,finished,2026-05-17T16:36:39.874857+00:00
3268,INPROC_053FF4,1,10,team1,Team 1 (N/S),75,45,18,♦,finished,2026-05-17T16:36:39.891231+00:00
3269,INPROC_D27AB5,1,10,team2,Team 2 (E/W),42,78,7,♣,finished,2026-05-17T16:36:39.907366+00:00
3270,INPROC_AB3A76,1,10,team1,Team 1 (N/S),83,37,28,♥,finished,2026-05-17T16:36:39.922882+00:00
3271,INPROC_8DC210,1,10,team2,Team 2 (E/W),38,82,31,♠,finished,2026-05-17T16:36:39.940998+00:00
3272,INPROC_4429C7,1,10,team1,Team 1 (N/S),63,57,2,♣,finished,2026-05-17T16:36:39.959489+00:00
3273,INPROC_148379,1,10,team2,Team 2 (E/W),38,82,16,♦,finished,2026-05-17T16:36:39.978135+00:00
3274,INPROC_7085F7,1,10,team1,Team 1 (N/S),66,54,13,♦,finished,2026-05-17T16:36:39.998720+00:00
3275,INPROC_C5BEC7,1,10,team2,Team 2 (E/W),56,64,33,♠,finished,2026-05-17T16:36:40.014416+00:00
3276,INPROC_B124AD,1,10,team1,Team 1 (N/S),99,21,28,♥,finished,2026-05-17T16:36:40.029219+00:00
3277,INPROC_BFD472,1,10,team2,Team 2 (E/W),53,67,17,♦,finished,2026-05-17T16:36:40.042874+00:00
3278,INPROC_645A39,1,10,team1,Team 1 (N/S),78,42,17,♦,finished,2026-05-17T16:36:40.058160+00:00
3279,INPROC_F6C6E8,1,10,team2,Team 2 (E/W),0,120,9,♣,finished,2026-05-17T16:36:40.073610+00:00
3280,INPROC_F9A5B7,1,10,team2,Team 2 (E/W),37,83,11,♦,finished,2026-05-17T16:36:40.088339+00:00
3281,INPROC_6C7E1A,1,10,team1,Team 1 (N/S),90,30,17,♦,finished,2026-05-17T16:36:40.104693+00:00
3282,INPROC_3B94DE,1,10,team2,Team 2 (E/W),35,85,16,♦,finished,2026-05-17T16:36:40.123907+00:00
3283,INPROC_327AE7,1,10,team1,Team 1 (N/S),64,56,35,♠,finished,2026-05-17T16:36:40.143128+00:00
3284,INPROC_828D40,1,10,team2,Team 2 (E/W),48,72,9,♣,finished,2026-05-17T16:36:40.159842+00:00
3285,INPROC_3F604D,1,10,team2,Team 2 (E/W),53,67,28,♥,finished,2026-05-17T16:36:40.171682+00:00
3286,INPROC_39F154,1,10,team2,Team 2 (E/W),21,99,28,♥,finished,2026-05-17T16:36:40.185158+00:00
3287,INPROC_F47EFC,1,10,team2,Team 2 (E/W),50,70,5,♣,finished,2026-05-17T16:36:40.201596+00:00
3288,INPROC_ED6004,1,10,team2,Team 2 (E/W),9,111,5,♣,finished,2026-05-17T16:36:40.216478+00:00
3289,INPROC_106753,1,10,team2,Team 2 (E/W),30,90,36,♠,finished,2026-05-17T16:36:40.232331+00:00
3290,INPROC_CB26CE,1,10,team2,Team 2 (E/W),47,73,28,♥,finished,2026-05-17T16:36:40.247333+00:00
3291,INPROC_8B09F5,1,10,team2,Team 2 (E/W),56,64,21,♥,finished,2026-05-17T16:36:40.263230+00:00
3292,INPROC_1C3259,1,10,team2,Team 2 (E/W),54,66,21,♥,finished,2026-05-17T16:36:40.279074+00:00
3293,INPROC_DA6045,1,10,team1,Team 1 (N/S),64,56,14,♦,finished,2026-05-17T16:36:40.295341+00:00
3294,INPROC_6334F3,1,10,team2,Team 2 (E/W),53,67,4,♣,finished,2026-05-17T16:36:40.310035+00:00
3295,INPROC_FE6BA3,1,10,team1,Team 1 (N/S),81,39,1,♣,finished,2026-05-17T16:36:40.328968+00:00
3296,INPROC_25F398,1,10,team1,Team 1 (N/S),80,40,3,♣,finished,2026-05-17T16:36:40.344287+00:00
3297,INPROC_DA254F,1,10,team2,Team 2 (E/W),47,73,36,♠,finished,2026-05-17T16:36:40.360230+00:00
3298,INPROC_ABDE92,1,10,team2,Team 2 (E/W),44,76,15,♦,finished,2026-05-17T16:36:40.375173+00:00
3299,INPROC_F859C4,1,10,team2,Team 2 (E/W),43,77,21,♥,finished,2026-05-17T16:36:40.392337+00:00
3300,INPROC_21B5D8,1,10,team2,Team 2 (E/W),40,80,16,♦,finished,2026-05-17T16:36:40.407935+00:00
3301,INPROC_EA9E2E,1,10,team2,Team 2 (E/W),31,89,6,♣,finished,2026-05-17T16:36:40.420166+00:00
3302,INPROC_7AAF3F,1,10,team1,Team 1 (N/S),67,53,0,♣,finished,2026-05-17T16:36:40.434346+00:00
3303,INPROC_92E8ED,1,10,team2,Team 2 (E/W),30,90,10,♦,finished,2026-05-17T16:36:40.448698+00:00
3304,INPROC_9368A6,1,10,team2,Team 2 (E/W),58,62,30,♠,finished,2026-05-17T16:36:40.463895+00:00
3305,INPROC_2F74DF,1,10,team1,Team 1 (N/S),80,40,12,♦,finished,2026-05-17T16:36:40.479602+00:00
3306,INPROC_4C7B7A,1,10,team2,Team 2 (E/W),56,64,36,♠,finished,2026-05-17T16:36:40.495898+00:00
3307,INPROC_1B6CAC,1,10,team2,Team 2 (E/W),53,67,36,♠,finished,2026-05-17T16:36:40.510175+00:00
3308,INPROC_ECBE80,1,10,team2,Team 2 (E/W),36,84,32,♠,finished,2026-05-17T16:36:40.525362+00:00
3309,INPROC_651A1A,1,10,team1,Team 1 (N/S),112,8,11,♦,finished,2026-05-17T16:36:40.540183+00:00
3310,INPROC_84E5AA,1,10,team2,Team 2 (E/W),17,103,34,♠,finished,2026-05-17T16:36:40.555068+00:00
3311,INPROC_FDBD8D,1,10,team2,Team 2 (E/W),49,71,28,♥,finished,2026-05-17T16:36:40.571034+00:00
3312,INPROC_AC6868,1,10,team2,Team 2 (E/W),28,92,21,♥,finished,2026-05-17T16:36:40.585488+00:00
3313,INPROC_AA582B,1,10,team2,Team 2 (E/W),36,84,35,♠,finished,2026-05-17T16:36:40.601307+00:00
3314,INPROC_C66EA7,1,10,team2,Team 2 (E/W),55,65,37,♠,finished,2026-05-17T16:36:40.615822+00:00
3315,INPROC_64C7A3,1,10,team1,Team 1 (N/S),71,49,37,♠,finished,2026-05-17T16:36:40.632603+00:00
3316,INPROC_480241,1,10,team1,Team 1 (N/S),95,25,28,♥,finished,2026-05-17T16:36:40.647563+00:00
3317,INPROC_C63CA0,1,10,team1,Team 1 (N/S),84,36,33,♠,finished,2026-05-17T16:36:40.665031+00:00
3318,INPROC_BAE8D1,1,10,team1,Team 1 (N/S),70,50,16,♦,finished,2026-05-17T16:36:40.682156+00:00
3319,INPROC_CED40B,1,10,team1,Team 1 (N/S),90,30,0,♣,finished,2026-05-17T16:36:40.701295+00:00
3320,INPROC_657F20,1,10,team1,Team 1 (N/S),73,47,3,♣,finished,2026-05-17T16:36:40.716676+00:00
3321,INPROC_116471,1,10,team1,Team 1 (N/S),79,41,20,♥,finished,2026-05-17T16:36:40.732122+00:00
3322,INPROC_81785D,1,10,team2,Team 2 (E/W),35,85,31,♠,finished,2026-05-17T16:36:40.748350+00:00
3323,INPROC_76DD41,1,10,team2,Team 2 (E/W),58,62,27,♥,finished,2026-05-17T16:36:40.764826+00:00
3324,INPROC_69D1F9,1,10,team1,Team 1 (N/S),92,28,8,♣,finished,2026-05-17T16:36:40.779832+00:00
3325,INPROC_5E9B50,1,10,team2,Team 2 (E/W),18,102,24,♥,finished,2026-05-17T16:36:40.806013+00:00
3326,INPROC_A3FF7D,1,10,team1,Team 1 (N/S),63,57,15,♦,finished,2026-05-17T16:36:40.823490+00:00
3327,INPROC_63DCC7,1,10,team2,Team 2 (E/W),42,78,1,♣,finished,2026-05-17T16:36:40.843808+00:00
3328,INPROC_6299E0,1,10,team1,Team 1 (N/S),87,33,38,♠,finished,2026-05-17T16:36:40.862711+00:00
3329,INPROC_AA55FC,1,10,team2,Team 2 (E/W),24,96,26,♥,finished,2026-05-17T16:36:40.877527+00:00
3330,INPROC_CB164A,1,10,team1,Team 1 (N/S),83,37,12,♦,finished,2026-05-17T16:36:40.893255+00:00
3331,INPROC_FD0986,1,10,team2,Team 2 (E/W),58,62,27,♥,finished,2026-05-17T16:36:40.910282+00:00
3332,INPROC_CC07B0,1,10,team2,Team 2 (E/W),58,62,35,♠,finished,2026-05-17T16:36:40.927906+00:00
3333,INPROC_FC4A2A,1,10,team2,Team 2 (E/W),54,66,28,♥,finished,2026-05-17T16:36:40.943948+00:00
3334,INPROC_9B2C25,1,10,team2,Team 2 (E/W),54,66,25,♥,finished,2026-05-17T16:36:40.959765+00:00
3335,INPROC_FD591C,1,10,team2,Team 2 (E/W),44,76,0,♣,finished,2026-05-17T16:36:40.976590+00:00
3336,INPROC_10791C,1,10,team2,Team 2 (E/W),51,69,2,♣,finished,2026-05-17T16:36:40.994239+00:00
3337,INPROC_6AF425,1,10,team2,Team 2 (E/W),32,88,4,♣,finished,2026-05-17T16:36:41.012687+00:00
3338,INPROC_92B335,1,10,team2,Team 2 (E/W),38,82,9,♣,finished,2026-05-17T16:36:41.028849+00:00
3339,INPROC_17398E,1,10,team1,Team 1 (N/S),69,51,12,♦,finished,2026-05-17T16:36:41.046477+00:00
3340,INPROC_288281,1,10,team2,Team 2 (E/W),45,75,2,♣,finished,2026-05-17T16:36:41.063589+00:00
3341,INPROC_1B73F1,1,10,team1,Team 1 (N/S),83,37,20,♥,finished,2026-05-17T16:36:41.076993+00:00
3342,INPROC_60216E,1,10,team2,Team 2 (E/W),55,65,19,♦,finished,2026-05-17T16:36:41.091802+00:00
3343,INPROC_05BB43,1,10,team1,Team 1 (N/S),82,38,38,♠,finished,2026-05-17T16:36:41.108632+00:00
3344,INPROC_0B1BBA,1,10,team1,Team 1 (N/S),95,25,6,♣,finished,2026-05-17T16:36:41.123295+00:00
3345,INPROC_47779D,1,10,team1,Team 1 (N/S),64,56,2,♣,finished,2026-05-17T16:36:41.137513+00:00
3346,INPROC_2A9081,1,10,team1,Team 1 (N/S),67,53,37,♠,finished,2026-05-17T16:36:41.152441+00:00
3347,INPROC_099594,1,10,draw,draw,60,60,5,♣,finished,2026-05-17T16:36:41.167475+00:00
3348,INPROC_B6A550,1,10,team2,Team 2 (E/W),56,64,19,♦,finished,2026-05-17T16:36:41.183392+00:00
3349,INPROC_799056,1,10,team1,Team 1 (N/S),75,45,3,♣,finished,2026-05-17T16:36:41.195494+00:00
3350,INPROC_597D7A,1,10,team2,Team 2 (E/W),21,99,31,♠,finished,2026-05-17T16:36:41.213274+00:00
3351,INPROC_80F9D5,1,10,team1,Team 1 (N/S),73,47,35,♠,finished,2026-05-17T16:36:41.230847+00:00
3352,INPROC_894F01,1,10,team2,Team 2 (E/W),41,79,15,♦,finished,2026-05-17T16:36:41.249301+00:00
3353,INPROC_2D97B3,1,10,team1,Team 1 (N/S),73,47,2,♣,finished,2026-05-17T16:36:41.267993+00:00
3354,INPROC_450F06,1,10,team1,Team 1 (N/S),84,36,15,♦,finished,2026-05-17T16:36:41.285086+00:00
3355,INPROC_B5C0C7,1,10,team1,Team 1 (N/S),74,46,38,♠,finished,2026-05-17T16:36:41.298926+00:00
3356,INPROC_A37FB9,1,10,team2,Team 2 (E/W),28,92,24,♥,finished,2026-05-17T16:36:41.314717+00:00
3357,INPROC_CEB583,1,10,team2,Team 2 (E/W),53,67,32,♠,finished,2026-05-17T16:36:41.329363+00:00
3358,INPROC_FDD737,1,10,team1,Team 1 (N/S),63,57,1,♣,finished,2026-05-17T16:36:41.343097+00:00
3359,INPROC_772B4C,1,10,team2,Team 2 (E/W),29,91,23,♥,finished,2026-05-17T16:36:41.358857+00:00
3360,INPROC_28726E,1,10,team1,Team 1 (N/S),73,47,5,♣,finished,2026-05-17T16:36:41.377322+00:00
3361,INPROC_71D30F,1,10,team1,Team 1 (N/S),75,45,35,♠,finished,2026-05-17T16:36:41.391483+00:00
3362,INPROC_419794,1,10,draw,draw,60,60,35,♠,finished,2026-05-17T16:36:41.406984+00:00
3363,INPROC_A2B450,1,10,team2,Team 2 (E/W),39,81,29,♥,finished,2026-05-17T16:36:41.422345+00:00
3364,INPROC_44657E,1,10,team2,Team 2 (E/W),35,85,6,♣,finished,2026-05-17T16:36:41.437513+00:00
3365,INPROC_D552C1,1,10,team2,Team 2 (E/W),25,95,1,♣,finished,2026-05-17T16:36:41.454404+00:00
3366,INPROC_D6D6E9,1,10,team2,Team 2 (E/W),29,91,28,♥,finished,2026-05-17T16:36:41.472054+00:00
3367,INPROC_86ACE7,1,10,team2,Team 2 (E/W),24,96,26,♥,finished,2026-05-17T16:36:41.487869+00:00
3368,INPROC_5085E1,1,10,team1,Team 1 (N/S),69,51,0,♣,finished,2026-05-17T16:36:41.502974+00:00
3369,INPROC_74DC60,1,10,team2,Team 2 (E/W),49,71,11,♦,finished,2026-05-17T16:36:41.517869+00:00
3370,INPROC_E767B6,1,10,team2,Team 2 (E/W),48,72,9,♣,finished,2026-05-17T16:36:41.531808+00:00
3371,INPROC_B98DCB,1,10,team2,Team 2 (E/W),13,107,22,♥,finished,2026-05-17T16:36:41.547360+00:00
3372,INPROC_0891A2,1,10,team2,Team 2 (E/W),43,77,16,♦,finished,2026-05-17T16:36:41.562744+00:00
3373,INPROC_5E889B,1,10,team1,Team 1 (N/S),68,52,15,♦,finished,2026-05-17T16:36:41.578734+00:00
3374,INPROC_60DF39,1,10,team1,Team 1 (N/S),74,46,4,♣,finished,2026-05-17T16:36:41.596414+00:00
3375,INPROC_447D81,1,10,team1,Team 1 (N/S),106,14,25,♥,finished,2026-05-17T16:36:41.611167+00:00
3376,INPROC_ABC816,1,10,team2,Team 2 (E/W),15,105,31,♠,finished,2026-05-17T16:36:41.626146+00:00
3377,INPROC_9192D4,1,10,team2,Team 2 (E/W),28,92,13,♦,finished,2026-05-17T16:36:41.641373+00:00
3378,INPROC_DAB96C,1,10,team2,Team 2 (E/W),42,78,38,♠,finished,2026-05-17T16:36:41.652236+00:00
3379,INPROC_6CBF32,1,10,team2,Team 2 (E/W),59,61,13,♦,finished,2026-05-17T16:36:41.666305+00:00
3380,INPROC_DE5784,1,10,draw,draw,60,60,26,♥,finished,2026-05-17T16:36:41.679282+00:00
3381,INPROC_A9A2B9,1,10,team2,Team 2 (E/W),23,97,7,♣,finished,2026-05-17T16:36:41.695340+00:00
3382,INPROC_AEFED8,1,10,team2,Team 2 (E/W),42,78,11,♦,finished,2026-05-17T16:36:41.711381+00:00
3383,INPROC_D356AB,1,10,team2,Team 2 (E/W),49,71,22,♥,finished,2026-05-17T16:36:41.728532+00:00
3384,INPROC_A5B075,1,10,team2,Team 2 (E/W),55,65,21,♥,finished,2026-05-17T16:36:41.745914+00:00
3385,INPROC_9E46EF,1,10,team2,Team 2 (E/W),34,86,34,♠,finished,2026-05-17T16:36:41.764242+00:00
3386,INPROC_977334,1,10,team2,Team 2 (E/W),28,92,39,♠,finished,2026-05-17T16:36:41.781041+00:00
3387,INPROC_BCDC76,1,10,team1,Team 1 (N/S),95,25,26,♥,finished,2026-05-17T16:36:41.796428+00:00
3388,INPROC_9D4086,1,10,team2,Team 2 (E/W),45,75,28,♥,finished,2026-05-17T16:36:41.814457+00:00
3389,INPROC_9EB197,1,10,team2,Team 2 (E/W),35,85,37,♠,finished,2026-05-17T16:36:41.830494+00:00
3390,INPROC_E302E6,1,10,team1,Team 1 (N/S),75,45,16,♦,finished,2026-05-17T16:36:41.849629+00:00
3391,INPROC_E9E9BB,1,10,team1,Team 1 (N/S),78,42,13,♦,finished,2026-05-17T16:36:41.867302+00:00
3392,INPROC_A1B214,1,10,team1,Team 1 (N/S),75,45,6,♣,finished,2026-05-17T16:36:41.886485+00:00
3393,INPROC_3BB63A,1,10,team2,Team 2 (E/W),41,79,31,♠,finished,2026-05-17T16:36:41.906233+00:00
3394,INPROC_63377C,1,10,team1,Team 1 (N/S),63,57,30,♠,finished,2026-05-17T16:36:41.924394+00:00
3395,INPROC_0AAAEB,1,10,team1,Team 1 (N/S),94,26,5,♣,finished,2026-05-17T16:36:41.941703+00:00
3396,INPROC_17F94E,1,10,team1,Team 1 (N/S),87,33,35,♠,finished,2026-05-17T16:36:41.959136+00:00
3397,INPROC_E77D87,1,10,team1,Team 1 (N/S),95,25,19,♦,finished,2026-05-17T16:36:41.976722+00:00
3398,INPROC_F96212,1,10,team1,Team 1 (N/S),100,20,15,♦,finished,2026-05-17T16:36:41.995593+00:00
3399,INPROC_AC7A3C,1,10,team1,Team 1 (N/S),87,33,35,♠,finished,2026-05-17T16:36:42.013362+00:00
3400,INPROC_8545CC,1,10,team1,Team 1 (N/S),94,26,0,♣,finished,2026-05-17T16:36:42.033192+00:00
3401,INPROC_1FADD3,1,10,team2,Team 2 (E/W),31,89,4,♣,finished,2026-05-17T16:36:42.054678+00:00
3402,INPROC_DF689C,1,10,team2,Team 2 (E/W),15,105,28,♥,finished,2026-05-17T16:36:42.071791+00:00
3403,INPROC_A71105,1,10,team2,Team 2 (E/W),12,108,31,♠,finished,2026-05-17T16:36:42.088852+00:00
3404,INPROC_9AA86E,1,10,team1,Team 1 (N/S),91,29,32,♠,finished,2026-05-17T16:36:42.106366+00:00
3405,INPROC_7EC000,1,10,team2,Team 2 (E/W),39,81,36,♠,finished,2026-05-17T16:36:42.120954+00:00
3406,INPROC_9C04AF,1,10,team1,Team 1 (N/S),104,16,0,♣,finished,2026-05-17T16:36:42.137598+00:00
3407,INPROC_A0E4BF,1,10,team2,Team 2 (E/W),22,98,12,♦,finished,2026-05-17T16:36:42.154723+00:00
3408,INPROC_5F7057,1,10,team1,Team 1 (N/S),71,49,36,♠,finished,2026-05-17T16:36:42.171430+00:00
3409,INPROC_6183E2,1,10,team1,Team 1 (N/S),76,44,7,♣,finished,2026-05-17T16:36:42.188924+00:00
3410,INPROC_C8637A,1,10,team2,Team 2 (E/W),37,83,29,♥,finished,2026-05-17T16:36:42.205622+00:00
3411,INPROC_2210EC,1,10,team2,Team 2 (E/W),37,83,39,♠,finished,2026-05-17T16:36:42.221580+00:00
3412,INPROC_FE45BE,1,10,team2,Team 2 (E/W),45,75,10,♦,finished,2026-05-17T16:36:42.238454+00:00
3413,INPROC_CDA879,1,10,team2,Team 2 (E/W),21,99,24,♥,finished,2026-05-17T16:36:42.255641+00:00
3414,INPROC_77A835,1,10,team2,Team 2 (E/W),51,69,16,♦,finished,2026-05-17T16:36:42.273163+00:00
3415,INPROC_EFAAB0,1,10,team1,Team 1 (N/S),68,52,1,♣,finished,2026-05-17T16:36:42.289022+00:00
3416,INPROC_18ADFA,1,10,team2,Team 2 (E/W),40,80,13,♦,finished,2026-05-17T16:36:42.303697+00:00
3417,INPROC_B22C2D,1,10,team2,Team 2 (E/W),39,81,5,♣,finished,2026-05-17T16:36:42.320896+00:00
3418,INPROC_C69E77,1,10,team2,Team 2 (E/W),55,65,3,♣,finished,2026-05-17T16:36:42.338019+00:00
3419,INPROC_FDB0DC,1,10,team2,Team 2 (E/W),51,69,18,♦,finished,2026-05-17T16:36:42.354186+00:00
3420,INPROC_5B5DF6,1,10,team2,Team 2 (E/W),43,77,36,♠,finished,2026-05-17T16:36:42.371033+00:00
3421,INPROC_A25B5F,1,10,team2,Team 2 (E/W),38,82,4,♣,finished,2026-05-17T16:36:42.385362+00:00
3422,INPROC_F5AB88,1,10,team2,Team 2 (E/W),51,69,7,♣,finished,2026-05-17T16:36:42.402131+00:00
3423,INPROC_E5DD82,1,10,team1,Team 1 (N/S),70,50,0,♣,finished,2026-05-17T16:36:42.418971+00:00
3424,INPROC_CD6C5F,1,10,team1,Team 1 (N/S),85,35,4,♣,finished,2026-05-17T16:36:42.435107+00:00
3425,INPROC_F8D104,1,10,team2,Team 2 (E/W),33,87,17,♦,finished,2026-05-17T16:36:42.451050+00:00
3426,INPROC_853526,1,10,team1,Team 1 (N/S),76,44,1,♣,finished,2026-05-17T16:36:42.467817+00:00
3427,INPROC_992898,1,10,team1,Team 1 (N/S),96,24,12,♦,finished,2026-05-17T16:36:42.483684+00:00
3428,INPROC_C1D613,1,10,team2,Team 2 (E/W),54,66,14,♦,finished,2026-05-17T16:36:42.500154+00:00
3429,INPROC_5855B3,1,10,team1,Team 1 (N/S),84,36,7,♣,finished,2026-05-17T16:36:42.517752+00:00
3430,INPROC_FD80CD,1,10,team2,Team 2 (E/W),46,74,39,♠,finished,2026-05-17T16:36:42.534617+00:00
3431,INPROC_394D85,1,10,team1,Team 1 (N/S),83,37,6,♣,finished,2026-05-17T16:36:42.551063+00:00
3432,INPROC_D31D52,1,10,draw,draw,60,60,10,♦,finished,2026-05-17T16:36:42.564103+00:00
3433,INPROC_BE99AC,1,10,team2,Team 2 (E/W),48,72,32,♠,finished,2026-05-17T16:36:42.581020+00:00
3434,INPROC_576B7D,1,10,team1,Team 1 (N/S),67,53,33,♠,finished,2026-05-17T16:36:42.598048+00:00
3435,INPROC_AFD837,1,10,team1,Team 1 (N/S),68,52,13,♦,finished,2026-05-17T16:36:42.616605+00:00
3436,INPROC_625740,1,10,team1,Team 1 (N/S),81,39,39,♠,finished,2026-05-17T16:36:42.634238+00:00
3437,INPROC_551C07,1,10,team1,Team 1 (N/S),65,55,29,♥,finished,2026-05-17T16:36:42.651351+00:00
3438,INPROC_E1BC94,1,10,team2,Team 2 (E/W),51,69,10,♦,finished,2026-05-17T16:36:42.669969+00:00
3439,INPROC_C14D07,1,10,team1,Team 1 (N/S),64,56,13,♦,finished,2026-05-17T16:36:42.687839+00:00
3440,INPROC_4F27F0,1,10,team1,Team 1 (N/S),68,52,5,♣,finished,2026-05-17T16:36:42.703665+00:00
3441,INPROC_C239E6,1,10,team1,Team 1 (N/S),105,15,0,♣,finished,2026-05-17T16:36:42.720388+00:00
3442,INPROC_0FF0D0,1,10,team2,Team 2 (E/W),25,95,15,♦,finished,2026-05-17T16:36:42.737610+00:00
3443,INPROC_29614F,1,10,draw,draw,60,60,25,♥,finished,2026-05-17T16:36:42.752735+00:00
3444,INPROC_BB598C,1,10,team1,Team 1 (N/S),67,53,5,♣,finished,2026-05-17T16:36:42.769483+00:00
3445,INPROC_226ACF,1,10,team2,Team 2 (E/W),28,92,7,♣,finished,2026-05-17T16:36:42.784313+00:00
3446,INPROC_713143,1,10,team1,Team 1 (N/S),74,46,24,♥,finished,2026-05-17T16:36:42.799601+00:00
3447,INPROC_D30880,1,10,team2,Team 2 (E/W),38,82,33,♠,finished,2026-05-17T16:36:42.815530+00:00
3448,INPROC_E1BD1E,1,10,team1,Team 1 (N/S),76,44,31,♠,finished,2026-05-17T16:36:42.831843+00:00
3449,INPROC_82BC93,1,10,team1,Team 1 (N/S),80,40,26,♥,finished,2026-05-17T16:36:42.847653+00:00
3450,INPROC_17C9B9,1,10,team2,Team 2 (E/W),45,75,35,♠,finished,2026-05-17T16:36:42.863497+00:00
3451,INPROC_DA37FE,1,10,team1,Team 1 (N/S),99,21,23,♥,finished,2026-05-17T16:36:42.879891+00:00
3452,INPROC_EBA916,1,10,team1,Team 1 (N/S),67,53,1,♣,finished,2026-05-17T16:36:42.896751+00:00
3453,INPROC_656073,1,10,team1,Team 1 (N/S),91,29,20,♥,finished,2026-05-17T16:36:42.914118+00:00
3454,INPROC_D97204,1,10,team2,Team 2 (E/W),5,115,8,♣,finished,2026-05-17T16:36:42.932630+00:00
3455,INPROC_870833,1,10,team2,Team 2 (E/W),18,102,5,♣,finished,2026-05-17T16:36:42.949117+00:00
3456,INPROC_B5207A,1,10,team1,Team 1 (N/S),67,53,26,♥,finished,2026-05-17T16:36:42.966813+00:00
3457,INPROC_AD4FAA,1,10,team1,Team 1 (N/S),61,59,9,♣,finished,2026-05-17T16:36:42.983320+00:00
3458,INPROC_D052B2,1,10,team2,Team 2 (E/W),33,87,19,♦,finished,2026-05-17T16:36:42.996969+00:00
3459,INPROC_83BFBD,1,10,team2,Team 2 (E/W),16,104,20,♥,finished,2026-05-17T16:36:43.012023+00:00
3460,INPROC_19BB6F,1,10,team1,Team 1 (N/S),61,59,13,♦,finished,2026-05-17T16:36:43.028273+00:00
3461,INPROC_A10464,1,10,team1,Team 1 (N/S),81,39,30,♠,finished,2026-05-17T16:36:43.044761+00:00
3462,INPROC_1532DC,1,10,team2,Team 2 (E/W),53,67,4,♣,finished,2026-05-17T16:36:43.057934+00:00
3463,INPROC_765BBA,1,10,team1,Team 1 (N/S),77,43,29,♥,finished,2026-05-17T16:36:43.074419+00:00
3464,INPROC_053AEB,1,10,team1,Team 1 (N/S),85,35,0,♣,finished,2026-05-17T16:36:43.089098+00:00
3465,INPROC_9BCC23,1,10,team2,Team 2 (E/W),40,80,26,♥,finished,2026-05-17T16:36:43.105390+00:00
3466,INPROC_B47402,1,10,team1,Team 1 (N/S),98,22,36,♠,finished,2026-05-17T16:36:43.120570+00:00
3467,INPROC_CC3B9F,1,10,team2,Team 2 (E/W),20,100,39,♠,finished,2026-05-17T16:36:43.136016+00:00
3468,INPROC_880559,1,10,team2,Team 2 (E/W),53,67,27,♥,finished,2026-05-17T16:36:43.149847+00:00
3469,INPROC_47D29A,1,10,team1,Team 1 (N/S),67,53,26,♥,finished,2026-05-17T16:36:43.160297+00:00
3470,INPROC_2DBFD3,1,10,team2,Team 2 (E/W),57,63,2,♣,finished,2026-05-17T16:36:42.702183+00:00
3471,INPROC_377BCA,1,10,team1,Team 1 (N/S),74,46,17,♦,finished,2026-05-17T16:36:42.716899+00:00
3472,INPROC_3EC975,1,10,team1,Team 1 (N/S),104,16,4,♣,finished,2026-05-17T16:36:42.732250+00:00
3473,INPROC_B7CB87,1,10,team1,Team 1 (N/S),88,32,31,♠,finished,2026-05-17T16:36:42.747599+00:00
3474,INPROC_C2709D,1,10,team1,Team 1 (N/S),77,43,6,♣,finished,2026-05-17T16:36:42.761928+00:00
3475,INPROC_BAC96D,1,10,team1,Team 1 (N/S),75,45,13,♦,finished,2026-05-17T16:36:42.776031+00:00
3476,INPROC_EC5E89,1,10,team2,Team 2 (E/W),34,86,1,♣,finished,2026-05-17T16:36:42.789892+00:00
3477,INPROC_6EE66E,1,10,team2,Team 2 (E/W),41,79,25,♥,finished,2026-05-17T16:36:42.806242+00:00
3478,INPROC_8DDB86,1,10,team2,Team 2 (E/W),31,89,33,♠,finished,2026-05-17T16:36:42.823507+00:00
3479,INPROC_583FA4,1,10,team2,Team 2 (E/W),29,91,12,♦,finished,2026-05-17T16:36:42.839279+00:00
3480,INPROC_96240A,1,10,team1,Team 1 (N/S),102,18,14,♦,finished,2026-05-17T16:36:42.854658+00:00
3481,INPROC_5CDE03,1,10,team2,Team 2 (E/W),23,97,38,♠,finished,2026-05-17T16:36:42.870846+00:00
3482,INPROC_E13911,1,10,team1,Team 1 (N/S),100,20,37,♠,finished,2026-05-17T16:36:42.886738+00:00
3483,INPROC_6582E3,1,10,team2,Team 2 (E/W),54,66,29,♥,finished,2026-05-17T16:36:42.904422+00:00
3484,INPROC_2C8C77,1,10,team2,Team 2 (E/W),59,61,1,♣,finished,2026-05-17T16:36:42.921645+00:00
3485,INPROC_E4677A,1,10,team1,Team 1 (N/S),88,32,23,♥,finished,2026-05-17T16:36:42.935414+00:00
3486,INPROC_5BABCF,1,10,team2,Team 2 (E/W),57,63,10,♦,finished,2026-05-17T16:36:42.948892+00:00
3487,INPROC_3BAC6F,1,10,team2,Team 2 (E/W),36,84,36,♠,finished,2026-05-17T16:36:42.964190+00:00
3488,INPROC_13DDF0,1,10,team1,Team 1 (N/S),87,33,6,♣,finished,2026-05-17T16:36:42.978779+00:00
3489,INPROC_17FEA7,1,10,team1,Team 1 (N/S),65,55,38,♠,finished,2026-05-17T16:36:42.995441+00:00
3490,INPROC_C08D5C,1,10,team1,Team 1 (N/S),75,45,9,♣,finished,2026-05-17T16:36:43.010381+00:00
3491,INPROC_AF06DC,1,10,team2,Team 2 (E/W),29,91,26,♥,finished,2026-05-17T16:36:43.026343+00:00
3492,INPROC_D485B6,1,10,team1,Team 1 (N/S),93,27,3,♣,finished,2026-05-17T16:36:43.040739+00:00
3493,INPROC_68874E,1,10,team2,Team 2 (E/W),36,84,33,♠,finished,2026-05-17T16:36:43.056511+00:00
3494,INPROC_59FB5B,1,10,team2,Team 2 (E/W),48,72,27,♥,finished,2026-05-17T16:36:43.071057+00:00
3495,INPROC_4C4196,1,10,team1,Team 1 (N/S),94,26,39,♠,finished,2026-05-17T16:36:43.086160+00:00
3496,INPROC_6A1968,1,10,team1,Team 1 (N/S),70,50,26,♥,finished,2026-05-17T16:36:43.101618+00:00
3497,INPROC_0E359C,1,10,team1,Team 1 (N/S),92,28,15,♦,finished,2026-05-17T16:36:43.117076+00:00
3498,INPROC_70D4FC,1,10,team2,Team 2 (E/W),29,91,1,♣,finished,2026-05-17T16:36:43.134156+00:00
3499,INPROC_8A9E8B,1,10,team1,Team 1 (N/S),111,9,17,♦,finished,2026-05-17T16:36:43.149395+00:00
3500,INPROC_F94D87,1,10,team1,Team 1 (N/S),64,56,18,♦,finished,2026-05-17T16:36:43.166537+00:00
3501,INPROC_65E400,1,10,team2,Team 2 (E/W),59,61,7,♣,finished,2026-05-17T16:36:43.181861+00:00
3502,INPROC_C6AB72,1,10,team2,Team 2 (E/W),11,109,38,♠,finished,2026-05-17T16:36:43.196307+00:00
3503,INPROC_6CB5D6,1,10,team2,Team 2 (E/W),58,62,29,♥,finished,2026-05-17T16:36:43.210404+00:00
3504,INPROC_1F9939,1,10,team2,Team 2 (E/W),17,103,22,♥,finished,2026-05-17T16:36:43.225742+00:00
3505,INPROC_BA4B97,1,10,draw,draw,60,60,23,♥,finished,2026-05-17T16:36:43.240966+00:00
3506,INPROC_1B8525,1,10,team2,Team 2 (E/W),32,88,36,♠,finished,2026-05-17T16:36:43.256053+00:00
3507,INPROC_92CD1C,1,10,team2,Team 2 (E/W),49,71,22,♥,finished,2026-05-17T16:36:43.271731+00:00
3508,INPROC_F02060,1,10,team1,Team 1 (N/S),67,53,39,♠,finished,2026-05-17T16:36:43.287372+00:00
3509,INPROC_B3F7D4,1,10,team2,Team 2 (E/W),56,64,13,♦,finished,2026-05-17T16:36:43.302953+00:00
3510,INPROC_BD42FB,1,10,team1,Team 1 (N/S),71,49,33,♠,finished,2026-05-17T16:36:43.319196+00:00
3511,INPROC_7A426B,1,10,team2,Team 2 (E/W),45,75,29,♥,finished,2026-05-17T16:36:43.335506+00:00
3512,INPROC_6052CF,1,10,team2,Team 2 (E/W),11,109,4,♣,finished,2026-05-17T16:36:43.351636+00:00
3513,INPROC_61CF45,1,10,team1,Team 1 (N/S),70,50,35,♠,finished,2026-05-17T16:36:43.367682+00:00
3514,INPROC_BBD5D9,1,10,team1,Team 1 (N/S),84,36,11,♦,finished,2026-05-17T16:36:43.382891+00:00
3515,INPROC_B2C390,1,10,team1,Team 1 (N/S),66,54,9,♣,finished,2026-05-17T16:36:43.400974+00:00
3516,INPROC_F4C2C9,1,10,team2,Team 2 (E/W),52,68,14,♦,finished,2026-05-17T16:36:43.417073+00:00
3517,INPROC_73126C,1,10,team1,Team 1 (N/S),93,27,12,♦,finished,2026-05-17T16:36:43.434956+00:00
3518,INPROC_DF33B1,1,10,team2,Team 2 (E/W),54,66,24,♥,finished,2026-05-17T16:36:43.452689+00:00
3519,INPROC_F06830,1,10,team2,Team 2 (E/W),50,70,27,♥,finished,2026-05-17T16:36:43.468993+00:00
3520,INPROC_5405C9,1,10,team1,Team 1 (N/S),76,44,29,♥,finished,2026-05-17T16:36:43.485402+00:00
3521,INPROC_9789AE,1,10,team1,Team 1 (N/S),81,39,32,♠,finished,2026-05-17T16:36:43.504692+00:00
3522,INPROC_F389EA,1,10,team1,Team 1 (N/S),66,54,27,♥,finished,2026-05-17T16:36:43.521098+00:00
3523,INPROC_209B62,1,10,team1,Team 1 (N/S),78,42,1,♣,finished,2026-05-17T16:36:43.537134+00:00
3524,INPROC_7CB5E9,1,10,draw,draw,60,60,26,♥,finished,2026-05-17T16:36:43.554726+00:00
3525,INPROC_01FC91,1,10,team1,Team 1 (N/S),72,48,22,♥,finished,2026-05-17T16:36:43.571771+00:00
3526,INPROC_B4E737,1,10,team2,Team 2 (E/W),56,64,10,♦,finished,2026-05-17T16:36:43.588117+00:00
3527,INPROC_3AE479,1,10,team1,Team 1 (N/S),107,13,4,♣,finished,2026-05-17T16:36:43.606847+00:00
3528,INPROC_D94661,1,10,team2,Team 2 (E/W),34,86,9,♣,finished,2026-05-17T16:36:43.622968+00:00
3529,INPROC_79FC48,1,10,team1,Team 1 (N/S),84,36,24,♥,finished,2026-05-17T16:36:43.638468+00:00
3530,INPROC_65DF27,1,10,team2,Team 2 (E/W),36,84,22,♥,finished,2026-05-17T16:36:43.655242+00:00
3531,INPROC_A6A7D1,1,10,team2,Team 2 (E/W),52,68,7,♣,finished,2026-05-17T16:36:43.672622+00:00
3532,INPROC_0E8B73,1,10,team1,Team 1 (N/S),61,59,5,♣,finished,2026-05-17T16:36:43.689645+00:00
3533,INPROC_94DCC1,1,10,team1,Team 1 (N/S),69,51,38,♠,finished,2026-05-17T16:36:43.707547+00:00
3534,INPROC_5F413F,1,10,team1,Team 1 (N/S),100,20,30,♠,finished,2026-05-17T16:36:43.722085+00:00
3535,INPROC_37F376,1,10,team2,Team 2 (E/W),43,77,26,♥,finished,2026-05-17T16:36:43.736877+00:00
3536,INPROC_9F71E4,1,10,team1,Team 1 (N/S),101,19,11,♦,finished,2026-05-17T16:36:43.752546+00:00
3537,INPROC_D863F0,1,10,team1,Team 1 (N/S),75,45,39,♠,finished,2026-05-17T16:36:43.768105+00:00
3538,INPROC_008FA8,1,10,team2,Team 2 (E/W),58,62,9,♣,finished,2026-05-17T16:36:43.782960+00:00
3539,INPROC_01597C,1,10,team1,Team 1 (N/S),65,55,32,♠,finished,2026-05-17T16:36:43.798790+00:00
3540,INPROC_CEF107,1,10,team2,Team 2 (E/W),41,79,10,♦,finished,2026-05-17T16:36:43.823752+00:00
3541,INPROC_B12B55,1,10,team1,Team 1 (N/S),81,39,9,♣,finished,2026-05-17T16:36:43.844107+00:00
3542,INPROC_145144,1,10,team1,Team 1 (N/S),96,24,28,♥,finished,2026-05-17T16:36:43.861878+00:00
3543,INPROC_EE41E4,1,10,team1,Team 1 (N/S),93,27,14,♦,finished,2026-05-17T16:36:43.879864+00:00
3544,INPROC_5F2596,1,10,team2,Team 2 (E/W),57,63,12,♦,finished,2026-05-17T16:36:43.896296+00:00
3545,INPROC_554DB0,1,10,team2,Team 2 (E/W),43,77,24,♥,finished,2026-05-17T16:36:43.912065+00:00
3546,INPROC_272F53,1,10,team1,Team 1 (N/S),65,55,17,♦,finished,2026-05-17T16:36:43.926595+00:00
3547,INPROC_1FD2A6,1,10,team2,Team 2 (E/W),25,95,39,♠,finished,2026-05-17T16:36:43.943077+00:00
3548,INPROC_EEEE76,1,10,team2,Team 2 (E/W),27,93,4,♣,finished,2026-05-17T16:36:43.959667+00:00
3549,INPROC_F6C158,1,10,team2,Team 2 (E/W),45,75,20,♥,finished,2026-05-17T16:36:43.975498+00:00
3550,INPROC_6FA180,1,10,team2,Team 2 (E/W),20,100,5,♣,finished,2026-05-17T16:36:43.991666+00:00
3551,INPROC_733E04,1,10,team2,Team 2 (E/W),59,61,27,♥,finished,2026-05-17T16:36:44.009079+00:00
3552,INPROC_02BD4A,1,10,team2,Team 2 (E/W),22,98,31,♠,finished,2026-05-17T16:36:44.024359+00:00
3553,INPROC_75E0E4,1,10,draw,draw,60,60,33,♠,finished,2026-05-17T16:36:44.039914+00:00
3554,INPROC_770006,1,10,team2,Team 2 (E/W),20,100,37,♠,finished,2026-05-17T16:36:44.056179+00:00
3555,INPROC_124EC0,1,10,team2,Team 2 (E/W),47,73,0,♣,finished,2026-05-17T16:36:44.072290+00:00
3556,INPROC_AE94BA,1,10,team2,Team 2 (E/W),55,65,20,♥,finished,2026-05-17T16:36:44.086497+00:00
3557,INPROC_2B891C,1,10,team1,Team 1 (N/S),95,25,34,♠,finished,2026-05-17T16:36:44.099434+00:00
3558,INPROC_EB56E7,1,10,team2,Team 2 (E/W),50,70,5,♣,finished,2026-05-17T16:36:44.114122+00:00
3559,INPROC_F21225,1,10,team1,Team 1 (N/S),67,53,14,♦,finished,2026-05-17T16:36:44.126974+00:00
3560,INPROC_CFBE6C,1,10,team2,Team 2 (E/W),27,93,39,♠,finished,2026-05-17T16:36:44.142533+00:00
3561,INPROC_55440E,1,10,team2,Team 2 (E/W),29,91,28,♥,finished,2026-05-17T16:36:44.158926+00:00
3562,INPROC_A88112,1,10,team1,Team 1 (N/S),67,53,17,♦,finished,2026-05-17T16:36:44.178279+00:00
3563,INPROC_EF8CA8,1,10,team1,Team 1 (N/S),77,43,32,♠,finished,2026-05-17T16:36:44.198227+00:00
3564,INPROC_878AA2,1,10,team2,Team 2 (E/W),59,61,17,♦,finished,2026-05-17T16:36:44.210911+00:00
3565,INPROC_607720,1,10,team2,Team 2 (E/W),58,62,10,♦,finished,2026-05-17T16:36:44.226671+00:00
3566,INPROC_5974C8,1,10,team2,Team 2 (E/W),21,99,1,♣,finished,2026-05-17T16:36:44.241263+00:00
3567,INPROC_A7D6EB,1,10,team2,Team 2 (E/W),40,80,37,♠,finished,2026-05-17T16:36:44.258342+00:00
3568,INPROC_400A76,1,10,team2,Team 2 (E/W),44,76,22,♥,finished,2026-05-17T16:36:44.273861+00:00
3569,INPROC_E64B32,1,10,team1,Team 1 (N/S),67,53,25,♥,finished,2026-05-17T16:36:44.287829+00:00
3570,INPROC_04B281,1,10,team2,Team 2 (E/W),13,107,1,♣,finished,2026-05-17T16:36:44.302347+00:00
3571,INPROC_7101BF,1,10,team1,Team 1 (N/S),62,58,18,♦,finished,2026-05-17T16:36:44.317968+00:00
3572,INPROC_F4A781,1,10,team2,Team 2 (E/W),14,106,22,♥,finished,2026-05-17T16:36:44.334560+00:00
3573,INPROC_BA6749,1,10,team2,Team 2 (E/W),29,91,16,♦,finished,2026-05-17T16:36:44.349819+00:00
3574,INPROC_0DB5C7,1,10,team1,Team 1 (N/S),66,54,39,♠,finished,2026-05-17T16:36:44.367164+00:00
3575,INPROC_C0DCEB,1,10,team2,Team 2 (E/W),45,75,23,♥,finished,2026-05-17T16:36:44.384887+00:00
3576,INPROC_C2D0C6,1,10,team1,Team 1 (N/S),81,39,3,♣,finished,2026-05-17T16:36:44.400770+00:00
3577,INPROC_D37D96,1,10,team1,Team 1 (N/S),66,54,2,♣,finished,2026-05-17T16:36:44.416477+00:00
3578,INPROC_40FCAA,1,10,team2,Team 2 (E/W),51,69,19,♦,finished,2026-05-17T16:36:44.432231+00:00
3579,INPROC_CC5F24,1,10,team1,Team 1 (N/S),100,20,37,♠,finished,2026-05-17T16:36:44.449901+00:00
3580,INPROC_07B004,1,10,team2,Team 2 (E/W),54,66,35,♠,finished,2026-05-17T16:36:44.467158+00:00
3581,INPROC_3CB66F,1,10,team2,Team 2 (E/W),59,61,21,♥,finished,2026-05-17T16:36:44.484353+00:00
3582,INPROC_69FF49,1,10,team2,Team 2 (E/W),39,81,11,♦,finished,2026-05-17T16:36:44.500712+00:00
3583,INPROC_C3C3C8,1,10,team1,Team 1 (N/S),79,41,33,♠,finished,2026-05-17T16:36:44.517821+00:00
3584,INPROC_06163A,1,10,team2,Team 2 (E/W),44,76,13,♦,finished,2026-05-17T16:36:44.533978+00:00
3585,INPROC_C34572,1,10,team2,Team 2 (E/W),39,81,8,♣,finished,2026-05-17T16:36:44.552333+00:00
3586,INPROC_7B3837,1,10,team1,Team 1 (N/S),83,37,38,♠,finished,2026-05-17T16:36:44.570459+00:00
3587,INPROC_F15EF5,1,10,team2,Team 2 (E/W),41,79,37,♠,finished,2026-05-17T16:36:44.586238+00:00
3588,INPROC_E097B6,1,10,team2,Team 2 (E/W),51,69,17,♦,finished,2026-05-17T16:36:44.603379+00:00
3589,INPROC_2BD90C,1,10,team1,Team 1 (N/S),90,30,20,♥,finished,2026-05-17T16:36:44.622521+00:00
3590,INPROC_0E38E2,1,10,team1,Team 1 (N/S),85,35,7,♣,finished,2026-05-17T16:36:44.639646+00:00
3591,INPROC_7E67A4,1,10,team1,Team 1 (N/S),85,35,38,♠,finished,2026-05-17T16:36:44.653811+00:00
3592,INPROC_7C02FD,1,10,team2,Team 2 (E/W),43,77,29,♥,finished,2026-05-17T16:36:44.668841+00:00
3593,INPROC_6A9597,1,10,team2,Team 2 (E/W),28,92,28,♥,finished,2026-05-17T16:36:44.684982+00:00
3594,INPROC_8F3B17,1,10,team1,Team 1 (N/S),76,44,17,♦,finished,2026-05-17T16:36:44.701956+00:00
3595,INPROC_8CF5E7,1,10,team1,Team 1 (N/S),72,48,9,♣,finished,2026-05-17T16:36:44.718408+00:00
3596,INPROC_98EA29,1,10,team2,Team 2 (E/W),53,67,27,♥,finished,2026-05-17T16:36:44.733629+00:00
3597,INPROC_09EF2A,1,10,team2,Team 2 (E/W),59,61,0,♣,finished,2026-05-17T16:36:44.749313+00:00
3598,INPROC_1C1BAE,1,10,team2,Team 2 (E/W),14,106,39,♠,finished,2026-05-17T16:36:44.762342+00:00
3599,INPROC_B781D3,1,10,team2,Team 2 (E/W),59,61,24,♥,finished,2026-05-17T16:36:44.777764+00:00
3600,INPROC_E18194,1,10,team2,Team 2 (E/W),57,63,14,♦,finished,2026-05-17T16:36:44.794437+00:00
3601,INPROC_B91986,1,10,team2,Team 2 (E/W),49,71,23,♥,finished,2026-05-17T16:36:44.809825+00:00
3602,INPROC_E1680D,1,10,team2,Team 2 (E/W),48,72,16,♦,finished,2026-05-17T16:36:44.824766+00:00
3603,INPROC_58CBD3,1,10,team2,Team 2 (E/W),44,76,23,♥,finished,2026-05-17T16:36:44.841806+00:00
3604,INPROC_01CB1E,1,10,team2,Team 2 (E/W),42,78,36,♠,finished,2026-05-17T16:36:44.858896+00:00
3605,INPROC_30507A,1,10,team2,Team 2 (E/W),45,75,38,♠,finished,2026-05-17T16:36:44.872466+00:00
3606,INPROC_C90E47,1,10,team2,Team 2 (E/W),38,82,28,♥,finished,2026-05-17T16:36:44.885817+00:00
3607,INPROC_8FBEC0,1,10,team1,Team 1 (N/S),95,25,5,♣,finished,2026-05-17T16:36:44.901561+00:00
3608,INPROC_02841C,1,10,team1,Team 1 (N/S),68,52,31,♠,finished,2026-05-17T16:36:44.916670+00:00
3609,INPROC_D3EE4F,1,10,team2,Team 2 (E/W),49,71,34,♠,finished,2026-05-17T16:36:44.932222+00:00
3610,INPROC_209FA4,1,10,team2,Team 2 (E/W),44,76,38,♠,finished,2026-05-17T16:36:44.948212+00:00
3611,INPROC_598856,1,10,team2,Team 2 (E/W),25,95,39,♠,finished,2026-05-17T16:36:44.965007+00:00
3612,INPROC_6C587D,1,10,team2,Team 2 (E/W),54,66,29,♥,finished,2026-05-17T16:36:44.979377+00:00
3613,INPROC_D80083,1,10,team2,Team 2 (E/W),36,84,0,♣,finished,2026-05-17T16:36:44.995447+00:00
3614,INPROC_0A7573,1,10,team1,Team 1 (N/S),83,37,30,♠,finished,2026-05-17T16:36:45.010117+00:00
3615,INPROC_13773D,1,10,team2,Team 2 (E/W),53,67,23,♥,finished,2026-05-17T16:36:45.025630+00:00
3616,INPROC_A21397,1,10,team2,Team 2 (E/W),14,106,3,♣,finished,2026-05-17T16:36:45.043489+00:00
3617,INPROC_325870,1,10,team2,Team 2 (E/W),45,75,28,♥,finished,2026-05-17T16:36:45.058062+00:00
3618,INPROC_05C49E,1,10,team1,Team 1 (N/S),74,46,7,♣,finished,2026-05-17T16:36:45.075040+00:00
3619,INPROC_690F6E,1,10,team1,Team 1 (N/S),84,36,27,♥,finished,2026-05-17T16:36:45.092221+00:00
3620,INPROC_9E4B41,1,10,team1,Team 1 (N/S),63,57,21,♥,finished,2026-05-17T16:36:45.105422+00:00
3621,INPROC_873677,1,10,team1,Team 1 (N/S),74,46,28,♥,finished,2026-05-17T16:36:45.121837+00:00
3622,INPROC_78CA6A,1,10,team2,Team 2 (E/W),46,74,11,♦,finished,2026-05-17T16:36:45.138145+00:00
3623,INPROC_08A86E,1,10,team1,Team 1 (N/S),68,52,21,♥,finished,2026-05-17T16:36:45.150645+00:00
3624,INPROC_5A130F,1,10,team1,Team 1 (N/S),90,30,15,♦,finished,2026-05-17T16:36:45.165856+00:00
3625,INPROC_17FC66,1,10,team2,Team 2 (E/W),39,81,10,♦,finished,2026-05-17T16:36:45.180487+00:00
3626,INPROC_406CC4,1,10,team2,Team 2 (E/W),53,67,21,♥,finished,2026-05-17T16:36:45.195392+00:00
3627,INPROC_39343C,1,10,team1,Team 1 (N/S),87,33,31,♠,finished,2026-05-17T16:36:45.211285+00:00
3628,INPROC_4DD5B7,1,10,team1,Team 1 (N/S),87,33,2,♣,finished,2026-05-17T16:36:45.227163+00:00
3629,INPROC_D9AEF6,1,10,team2,Team 2 (E/W),44,76,23,♥,finished,2026-05-17T16:36:45.241939+00:00
3630,INPROC_F71C54,1,10,team2,Team 2 (E/W),36,84,19,♦,finished,2026-05-17T16:36:45.258009+00:00
3631,INPROC_389409,1,10,team2,Team 2 (E/W),43,77,37,♠,finished,2026-05-17T16:36:45.272591+00:00
3632,INPROC_F9CAA4,1,10,team2,Team 2 (E/W),31,89,19,♦,finished,2026-05-17T16:36:45.286743+00:00
3633,INPROC_4308FE,1,10,team2,Team 2 (E/W),29,91,14,♦,finished,2026-05-17T16:36:45.300990+00:00
3634,INPROC_258C68,1,10,team2,Team 2 (E/W),48,72,19,♦,finished,2026-05-17T16:36:45.315348+00:00
3635,INPROC_E6BD5B,1,10,team2,Team 2 (E/W),51,69,34,♠,finished,2026-05-17T16:36:45.330275+00:00
3636,INPROC_F6062A,1,10,team2,Team 2 (E/W),5,115,27,♥,finished,2026-05-17T16:36:45.345345+00:00
3637,INPROC_127739,1,10,team2,Team 2 (E/W),45,75,35,♠,finished,2026-05-17T16:36:45.360349+00:00
3638,INPROC_7B63D1,1,10,team1,Team 1 (N/S),65,55,33,♠,finished,2026-05-17T16:36:45.375386+00:00
3639,INPROC_E60557,1,10,team2,Team 2 (E/W),46,74,7,♣,finished,2026-05-17T16:36:45.390749+00:00
3640,INPROC_A3CFDD,1,10,team1,Team 1 (N/S),71,49,11,♦,finished,2026-05-17T16:36:45.406864+00:00
3641,INPROC_213162,1,10,team2,Team 2 (E/W),58,62,5,♣,finished,2026-05-17T16:36:45.421894+00:00
3642,INPROC_DAC5A1,1,10,team1,Team 1 (N/S),83,37,30,♠,finished,2026-05-17T16:36:45.437928+00:00
3643,INPROC_CDAF97,1,10,team1,Team 1 (N/S),66,54,33,♠,finished,2026-05-17T16:36:45.452348+00:00
3644,INPROC_C46ECF,1,10,team1,Team 1 (N/S),93,27,30,♠,finished,2026-05-17T16:36:45.468360+00:00
3645,INPROC_193E4F,1,10,team1,Team 1 (N/S),61,59,5,♣,finished,2026-05-17T16:36:45.485691+00:00
3646,INPROC_2F6334,1,10,team2,Team 2 (E/W),41,79,1,♣,finished,2026-05-17T16:36:45.502295+00:00
3647,INPROC_1634D7,1,10,team1,Team 1 (N/S),72,48,5,♣,finished,2026-05-17T16:36:45.518264+00:00
3648,INPROC_8224CF,1,10,team2,Team 2 (E/W),59,61,15,♦,finished,2026-05-17T16:36:45.535522+00:00
3649,INPROC_FE38C8,1,10,team1,Team 1 (N/S),66,54,20,♥,finished,2026-05-17T16:36:45.551617+00:00
3650,INPROC_4D267B,1,10,team2,Team 2 (E/W),22,98,28,♥,finished,2026-05-17T16:36:45.567854+00:00
3651,INPROC_48BD34,1,10,team2,Team 2 (E/W),48,72,2,♣,finished,2026-05-17T16:36:45.584013+00:00
3652,INPROC_6329E1,1,10,team1,Team 1 (N/S),87,33,37,♠,finished,2026-05-17T16:36:45.601278+00:00
3653,INPROC_922FE6,1,10,team1,Team 1 (N/S),78,42,24,♥,finished,2026-05-17T16:36:45.617421+00:00
3654,INPROC_EF8DF6,1,10,team2,Team 2 (E/W),34,86,22,♥,finished,2026-05-17T16:36:45.634251+00:00
3655,INPROC_C65811,1,10,team2,Team 2 (E/W),29,91,30,♠,finished,2026-05-17T16:36:45.650098+00:00
3656,INPROC_B80DBE,1,10,team2,Team 2 (E/W),37,83,35,♠,finished,2026-05-17T16:36:45.665893+00:00
3657,INPROC_F9D5DE,1,10,team2,Team 2 (E/W),27,93,12,♦,finished,2026-05-17T16:36:45.682307+00:00
3658,INPROC_96D0E2,1,10,team1,Team 1 (N/S),89,31,36,♠,finished,2026-05-17T16:36:45.696668+00:00
3659,INPROC_2CB846,1,10,team2,Team 2 (E/W),56,64,28,♥,finished,2026-05-17T16:36:45.713884+00:00
3660,INPROC_385737,1,10,team2,Team 2 (E/W),7,113,28,♥,finished,2026-05-17T16:36:45.732688+00:00
3661,INPROC_B6DDAC,1,10,team1,Team 1 (N/S),75,45,14,♦,finished,2026-05-17T16:36:45.748244+00:00
3662,INPROC_6AEEC1,1,10,team2,Team 2 (E/W),37,83,1,♣,finished,2026-05-17T16:36:45.765809+00:00
3663,INPROC_2E8219,1,10,team1,Team 1 (N/S),92,28,28,♥,finished,2026-05-17T16:36:45.782823+00:00
3664,INPROC_6B9DD2,1,10,team1,Team 1 (N/S),65,55,10,♦,finished,2026-05-17T16:36:45.800765+00:00
3665,INPROC_43FA29,1,10,team2,Team 2 (E/W),45,75,13,♦,finished,2026-05-17T16:36:45.818174+00:00
3666,INPROC_C2E4ED,1,10,team2,Team 2 (E/W),41,79,16,♦,finished,2026-05-17T16:36:45.830784+00:00
3667,INPROC_963A74,1,10,team2,Team 2 (E/W),31,89,13,♦,finished,2026-05-17T16:36:45.845895+00:00
3668,INPROC_2B61EE,1,10,team2,Team 2 (E/W),59,61,1,♣,finished,2026-05-17T16:36:45.861578+00:00
3669,INPROC_E52212,1,10,team1,Team 1 (N/S),87,33,0,♣,finished,2026-05-17T16:36:45.877631+00:00
3670,INPROC_6D60B8,1,10,team2,Team 2 (E/W),19,101,14,♦,finished,2026-05-17T16:36:45.891679+00:00
3671,INPROC_D36E23,1,10,team1,Team 1 (N/S),85,35,12,♦,finished,2026-05-17T16:36:45.907527+00:00
3672,INPROC_176C8C,1,10,team1,Team 1 (N/S),70,50,34,♠,finished,2026-05-17T16:36:45.923768+00:00
3673,INPROC_6DA0B2,1,10,team1,Team 1 (N/S),76,44,28,♥,finished,2026-05-17T16:36:45.941339+00:00
3674,INPROC_7A2228,1,10,team1,Team 1 (N/S),62,58,4,♣,finished,2026-05-17T16:36:45.956864+00:00
3675,INPROC_9142D8,1,10,team1,Team 1 (N/S),68,52,6,♣,finished,2026-05-17T16:36:45.974185+00:00
3676,INPROC_6FF688,1,10,team1,Team 1 (N/S),70,50,19,♦,finished,2026-05-17T16:36:45.989394+00:00
3677,INPROC_68A87F,1,10,team2,Team 2 (E/W),41,79,35,♠,finished,2026-05-17T16:36:46.003238+00:00
3678,INPROC_37FADC,1,10,team2,Team 2 (E/W),24,96,36,♠,finished,2026-05-17T16:36:46.019935+00:00
3679,INPROC_4450EC,1,10,team1,Team 1 (N/S),118,2,23,♥,finished,2026-05-17T16:36:46.034275+00:00
3680,INPROC_3F99DE,1,10,team2,Team 2 (E/W),9,111,15,♦,finished,2026-05-17T16:36:46.049117+00:00
3681,INPROC_65588F,1,10,team1,Team 1 (N/S),79,41,31,♠,finished,2026-05-17T16:36:46.063425+00:00
3682,INPROC_26623D,1,10,team2,Team 2 (E/W),28,92,2,♣,finished,2026-05-17T16:36:46.078475+00:00
3683,INPROC_F58F12,1,10,team1,Team 1 (N/S),62,58,17,♦,finished,2026-05-17T16:36:46.093453+00:00
3684,INPROC_11E659,1,10,team1,Team 1 (N/S),65,55,27,♥,finished,2026-05-17T16:36:46.110814+00:00
3685,INPROC_195A14,1,10,team2,Team 2 (E/W),7,113,9,♣,finished,2026-05-17T16:36:46.126651+00:00
3686,INPROC_A7D1DE,1,10,team2,Team 2 (E/W),55,65,15,♦,finished,2026-05-17T16:36:46.142449+00:00
3687,INPROC_12D759,1,10,team1,Team 1 (N/S),80,40,12,♦,finished,2026-05-17T16:36:46.160179+00:00
3688,INPROC_8CF700,1,10,team2,Team 2 (E/W),27,93,27,♥,finished,2026-05-17T16:36:46.175894+00:00
3689,INPROC_8AA543,1,10,team2,Team 2 (E/W),35,85,31,♠,finished,2026-05-17T16:36:46.187050+00:00
3690,INPROC_D8BD51,1,10,team1,Team 1 (N/S),67,53,10,♦,finished,2026-05-17T16:36:46.202884+00:00
3691,INPROC_750A39,1,10,team2,Team 2 (E/W),0,120,24,♥,finished,2026-05-17T16:36:46.217533+00:00
3692,INPROC_8E6A29,1,10,team2,Team 2 (E/W),50,70,27,♥,finished,2026-05-17T16:36:46.233903+00:00
3693,INPROC_BC96BE,1,10,team2,Team 2 (E/W),0,120,27,♥,finished,2026-05-17T16:36:46.251654+00:00
3694,INPROC_D0DACE,1,10,team2,Team 2 (E/W),32,88,4,♣,finished,2026-05-17T16:36:46.266996+00:00
3695,INPROC_862BE8,1,10,team2,Team 2 (E/W),40,80,22,♥,finished,2026-05-17T16:36:46.282715+00:00
3696,INPROC_0EAB1F,1,10,team2,Team 2 (E/W),27,93,33,♠,finished,2026-05-17T16:36:46.297610+00:00
3697,INPROC_C96017,1,10,team1,Team 1 (N/S),97,23,4,♣,finished,2026-05-17T16:36:46.309678+00:00
3698,INPROC_47B51F,1,10,team1,Team 1 (N/S),98,22,3,♣,finished,2026-05-17T16:36:46.321045+00:00
3699,INPROC_E90722,1,10,team2,Team 2 (E/W),50,70,26,♥,finished,2026-05-17T16:36:46.335027+00:00
3700,INPROC_3F8C81,1,10,team2,Team 2 (E/W),25,95,5,♣,finished,2026-05-17T16:36:46.350128+00:00
3701,INPROC_008206,1,10,team2,Team 2 (E/W),47,73,0,♣,finished,2026-05-17T16:36:46.364946+00:00
3702,INPROC_2979F5,1,10,team1,Team 1 (N/S),82,38,36,♠,finished,2026-05-17T16:36:46.381586+00:00
3703,INPROC_8CDE8C,1,10,team2,Team 2 (E/W),46,74,14,♦,finished,2026-05-17T16:36:46.397742+00:00
3704,INPROC_8CF0A5,1,10,team1,Team 1 (N/S),113,7,21,♥,finished,2026-05-17T16:36:46.412997+00:00
3705,INPROC_2750AA,1,10,team1,Team 1 (N/S),89,31,24,♥,finished,2026-05-17T16:36:46.429584+00:00
3706,INPROC_62CE62,1,10,team1,Team 1 (N/S),85,35,12,♦,finished,2026-05-17T16:36:46.444442+00:00
3707,INPROC_06E950,1,10,team2,Team 2 (E/W),42,78,7,♣,finished,2026-05-17T16:36:46.459783+00:00
3708,INPROC_2F283D,1,10,team2,Team 2 (E/W),38,82,1,♣,finished,2026-05-17T16:36:46.475150+00:00
3709,INPROC_0D7CE6,1,10,team2,Team 2 (E/W),36,84,19,♦,finished,2026-05-17T16:36:46.491593+00:00
3710,INPROC_6B0228,1,10,team1,Team 1 (N/S),65,55,17,♦,finished,2026-05-17T16:36:46.509167+00:00
3711,INPROC_ADA108,1,10,team2,Team 2 (E/W),14,106,39,♠,finished,2026-05-17T16:36:46.526405+00:00
3712,INPROC_017913,1,10,team2,Team 2 (E/W),40,80,3,♣,finished,2026-05-17T16:36:46.542909+00:00
3713,INPROC_AC738D,1,10,team2,Team 2 (E/W),56,64,33,♠,finished,2026-05-17T16:36:46.558725+00:00
3714,INPROC_517D27,1,10,team2,Team 2 (E/W),44,76,15,♦,finished,2026-05-17T16:36:46.572843+00:00
3715,INPROC_4E682D,1,10,team2,Team 2 (E/W),40,80,21,♥,finished,2026-05-17T16:36:46.587247+00:00
3716,INPROC_96A7EC,1,10,team2,Team 2 (E/W),48,72,14,♦,finished,2026-05-17T16:36:46.602811+00:00
3717,INPROC_F90809,1,10,team1,Team 1 (N/S),63,57,15,♦,finished,2026-05-17T16:36:46.618520+00:00
3718,INPROC_080301,1,10,team2,Team 2 (E/W),54,66,9,♣,finished,2026-05-17T16:36:46.634497+00:00
3719,INPROC_3858B0,1,10,team2,Team 2 (E/W),46,74,38,♠,finished,2026-05-17T16:36:46.651206+00:00
3720,INPROC_4FCA4A,1,10,team1,Team 1 (N/S),66,54,24,♥,finished,2026-05-17T16:36:46.668127+00:00
3721,INPROC_BA8391,1,10,team2,Team 2 (E/W),25,95,6,♣,finished,2026-05-17T16:36:46.682274+00:00
3722,INPROC_194E4F,1,10,team1,Team 1 (N/S),69,51,24,♥,finished,2026-05-17T16:36:46.695564+00:00
3723,INPROC_1A5A8A,1,10,team1,Team 1 (N/S),63,57,28,♥,finished,2026-05-17T16:36:46.711460+00:00
3724,INPROC_7ACDDB,1,10,team2,Team 2 (E/W),23,97,35,♠,finished,2026-05-17T16:36:46.726710+00:00
3725,INPROC_ED1178,1,10,team1,Team 1 (N/S),81,39,39,♠,finished,2026-05-17T16:36:46.741531+00:00
3726,INPROC_2BC9D1,1,10,team2,Team 2 (E/W),32,88,8,♣,finished,2026-05-17T16:36:46.758583+00:00
3727,INPROC_E53BE1,1,10,team1,Team 1 (N/S),82,38,37,♠,finished,2026-05-17T16:36:46.773373+00:00
3728,INPROC_661DAA,1,10,team2,Team 2 (E/W),53,67,2,♣,finished,2026-05-17T16:36:46.789561+00:00
3729,INPROC_E36143,1,10,team2,Team 2 (E/W),51,69,24,♥,finished,2026-05-17T16:36:46.805041+00:00
3730,INPROC_8DF720,1,10,team1,Team 1 (N/S),78,42,33,♠,finished,2026-05-17T16:36:46.821874+00:00
3731,INPROC_6F9BA0,1,10,team2,Team 2 (E/W),49,71,2,♣,finished,2026-05-17T16:36:46.836252+00:00
3732,INPROC_0C9D24,1,10,team2,Team 2 (E/W),38,82,1,♣,finished,2026-05-17T16:36:46.849688+00:00
3733,INPROC_6A90C3,1,10,team1,Team 1 (N/S),72,48,2,♣,finished,2026-05-17T16:36:46.864675+00:00
3734,INPROC_5A8A8D,1,10,team2,Team 2 (E/W),56,64,24,♥,finished,2026-05-17T16:36:46.880140+00:00
3735,INPROC_86EFC3,1,10,team2,Team 2 (E/W),45,75,29,♥,finished,2026-05-17T16:36:46.896614+00:00
3736,INPROC_A3C36A,1,10,team2,Team 2 (E/W),50,70,26,♥,finished,2026-05-17T16:36:46.910978+00:00
3737,INPROC_E61459,1,10,team1,Team 1 (N/S),65,55,7,♣,finished,2026-05-17T16:36:46.926102+00:00
3738,INPROC_5AE3B9,1,10,team2,Team 2 (E/W),43,77,22,♥,finished,2026-05-17T16:36:46.941826+00:00
3739,INPROC_4D0714,1,10,team1,Team 1 (N/S),62,58,18,♦,finished,2026-05-17T16:36:46.958677+00:00
3740,INPROC_00C7FA,1,10,team1,Team 1 (N/S),98,22,25,♥,finished,2026-05-17T16:36:46.974913+00:00
3741,INPROC_F8823B,1,10,team1,Team 1 (N/S),77,43,38,♠,finished,2026-05-17T16:36:46.991875+00:00
3742,INPROC_9D6DE8,1,10,team2,Team 2 (E/W),52,68,21,♥,finished,2026-05-17T16:36:47.006876+00:00
3743,INPROC_2A6673,1,10,team2,Team 2 (E/W),36,84,16,♦,finished,2026-05-17T16:36:47.022158+00:00
3744,INPROC_53A927,1,10,team1,Team 1 (N/S),64,56,33,♠,finished,2026-05-17T16:36:47.037422+00:00
3745,INPROC_A1DD69,1,10,team2,Team 2 (E/W),57,63,5,♣,finished,2026-05-17T16:36:47.053670+00:00
3746,INPROC_6D0564,1,10,team2,Team 2 (E/W),16,104,38,♠,finished,2026-05-17T16:36:47.069116+00:00
3747,INPROC_B0AC77,1,10,team2,Team 2 (E/W),30,90,9,♣,finished,2026-05-17T16:36:47.084079+00:00
3748,INPROC_88BF37,1,10,team2,Team 2 (E/W),40,80,26,♥,finished,2026-05-17T16:36:47.100343+00:00
3749,INPROC_390D59,1,10,team1,Team 1 (N/S),100,20,16,♦,finished,2026-05-17T16:36:47.117297+00:00
3750,INPROC_FEF238,1,10,team2,Team 2 (E/W),53,67,3,♣,finished,2026-05-17T16:36:47.132951+00:00
3751,INPROC_CD7678,1,10,team2,Team 2 (E/W),38,82,38,♠,finished,2026-05-17T16:36:47.150573+00:00
3752,INPROC_E7B29E,1,10,team2,Team 2 (E/W),7,113,19,♦,finished,2026-05-17T16:36:47.166646+00:00
3753,INPROC_D4CE9D,1,10,team2,Team 2 (E/W),26,94,21,♥,finished,2026-05-17T16:36:47.180440+00:00
3754,INPROC_506DE6,1,10,team1,Team 1 (N/S),62,58,1,♣,finished,2026-05-17T16:36:47.195209+00:00
3755,INPROC_4DD230,1,10,team2,Team 2 (E/W),28,92,33,♠,finished,2026-05-17T16:36:47.208999+00:00
3756,INPROC_86BE61,1,10,team1,Team 1 (N/S),64,56,37,♠,finished,2026-05-17T16:36:47.224808+00:00
3757,INPROC_B1FA0C,1,10,team2,Team 2 (E/W),44,76,15,♦,finished,2026-05-17T16:36:47.239258+00:00
3758,INPROC_02DEFA,1,10,team1,Team 1 (N/S),93,27,37,♠,finished,2026-05-17T16:36:47.254516+00:00
3759,INPROC_76BEF9,1,10,team1,Team 1 (N/S),79,41,3,♣,finished,2026-05-17T16:36:47.268748+00:00
3760,INPROC_0DDB07,1,10,team2,Team 2 (E/W),36,84,35,♠,finished,2026-05-17T16:36:47.285109+00:00
3761,INPROC_BCE9A0,1,10,team1,Team 1 (N/S),90,30,21,♥,finished,2026-05-17T16:36:47.308553+00:00
3762,INPROC_51D5EE,1,10,draw,draw,60,60,23,♥,finished,2026-05-17T16:36:47.330546+00:00
3763,INPROC_253BDD,1,10,team2,Team 2 (E/W),27,93,18,♦,finished,2026-05-17T16:36:47.347799+00:00
3764,INPROC_C9D9D5,1,10,team2,Team 2 (E/W),50,70,18,♦,finished,2026-05-17T16:36:47.365774+00:00
3765,INPROC_3272AA,1,10,team2,Team 2 (E/W),11,109,38,♠,finished,2026-05-17T16:36:47.382133+00:00
3766,INPROC_9516B2,1,10,team2,Team 2 (E/W),44,76,31,♠,finished,2026-05-17T16:36:47.398930+00:00
3767,INPROC_2EC00C,1,10,team1,Team 1 (N/S),86,34,17,♦,finished,2026-05-17T16:36:47.416686+00:00
3768,INPROC_EA111E,1,10,team1,Team 1 (N/S),94,26,9,♣,finished,2026-05-17T16:36:47.436378+00:00
3769,INPROC_E67BAD,1,10,team2,Team 2 (E/W),49,71,6,♣,finished,2026-05-17T16:36:47.452346+00:00
3770,INPROC_9F99F5,1,10,team2,Team 2 (E/W),28,92,37,♠,finished,2026-05-17T16:36:47.468694+00:00
3771,INPROC_A86D71,1,10,team2,Team 2 (E/W),19,101,13,♦,finished,2026-05-17T16:36:47.486635+00:00
3772,INPROC_ADAD1B,1,10,team1,Team 1 (N/S),68,52,27,♥,finished,2026-05-17T16:36:47.504003+00:00
3773,INPROC_ECCE22,1,10,team2,Team 2 (E/W),46,74,35,♠,finished,2026-05-17T16:36:47.521131+00:00
3774,INPROC_AFD8D5,1,10,team1,Team 1 (N/S),61,59,24,♥,finished,2026-05-17T16:36:47.540185+00:00
3775,INPROC_686617,1,10,team1,Team 1 (N/S),79,41,14,♦,finished,2026-05-17T16:36:47.560153+00:00
3776,INPROC_8A8953,1,10,team1,Team 1 (N/S),71,49,39,♠,finished,2026-05-17T16:36:47.577703+00:00
3777,INPROC_9A0314,1,10,team2,Team 2 (E/W),54,66,19,♦,finished,2026-05-17T16:36:47.595065+00:00
3778,INPROC_EC83ED,1,10,team2,Team 2 (E/W),35,85,31,♠,finished,2026-05-17T16:36:47.611536+00:00
3779,INPROC_A0922E,1,10,team1,Team 1 (N/S),80,40,25,♥,finished,2026-05-17T16:36:47.627431+00:00
3780,INPROC_3EF90E,1,10,team1,Team 1 (N/S),65,55,34,♠,finished,2026-05-17T16:36:47.646478+00:00
3781,INPROC_63D0A5,1,10,team2,Team 2 (E/W),12,108,29,♥,finished,2026-05-17T16:36:47.663234+00:00
3782,INPROC_AB9B8A,1,10,team2,Team 2 (E/W),48,72,2,♣,finished,2026-05-17T16:36:47.679647+00:00
3783,INPROC_429C01,1,10,team2,Team 2 (E/W),4,116,18,♦,finished,2026-05-17T16:36:47.697817+00:00
3784,INPROC_A2C900,1,10,team2,Team 2 (E/W),56,64,26,♥,finished,2026-05-17T16:36:47.716575+00:00
3785,INPROC_2E275D,1,10,team2,Team 2 (E/W),43,77,36,♠,finished,2026-05-17T16:36:47.734521+00:00
3786,INPROC_740364,1,10,team1,Team 1 (N/S),68,52,4,♣,finished,2026-05-17T16:36:47.751731+00:00
3787,INPROC_8A681E,1,10,team2,Team 2 (E/W),35,85,6,♣,finished,2026-05-17T16:36:47.767980+00:00
3788,INPROC_18155B,1,10,team1,Team 1 (N/S),84,36,23,♥,finished,2026-05-17T16:36:47.781660+00:00
3789,INPROC_E84066,1,10,draw,draw,60,60,38,♠,finished,2026-05-17T16:36:47.797337+00:00
3790,INPROC_34E27A,1,10,team1,Team 1 (N/S),99,21,4,♣,finished,2026-05-17T16:36:47.812827+00:00
3791,INPROC_EEBB20,1,10,team2,Team 2 (E/W),10,110,31,♠,finished,2026-05-17T16:36:47.829563+00:00
3792,INPROC_6EBEE5,1,10,team2,Team 2 (E/W),15,105,1,♣,finished,2026-05-17T16:36:47.845252+00:00
3793,INPROC_47CECC,1,10,team1,Team 1 (N/S),83,37,3,♣,finished,2026-05-17T16:36:47.860531+00:00
3794,INPROC_F44DC2,1,10,team1,Team 1 (N/S),70,50,15,♦,finished,2026-05-17T16:36:47.874660+00:00
3795,INPROC_D3A763,1,10,team1,Team 1 (N/S),73,47,36,♠,finished,2026-05-17T16:36:47.888124+00:00
3796,INPROC_D6470F,1,10,draw,draw,60,60,24,♥,finished,2026-05-17T16:36:47.904143+00:00
3797,INPROC_9CF646,1,10,team2,Team 2 (E/W),42,78,13,♦,finished,2026-05-17T16:36:47.921164+00:00
3798,INPROC_B2E97C,1,10,team2,Team 2 (E/W),0,120,18,♦,finished,2026-05-17T16:36:47.939046+00:00
3799,INPROC_96CB3C,1,10,team2,Team 2 (E/W),7,113,8,♣,finished,2026-05-17T16:36:47.957843+00:00
3800,INPROC_947560,1,10,team2,Team 2 (E/W),50,70,36,♠,finished,2026-05-17T16:36:47.976400+00:00
3801,INPROC_D7F4FE,1,10,team2,Team 2 (E/W),45,75,7,♣,finished,2026-05-17T16:36:47.990116+00:00
3802,INPROC_3FA8AB,1,10,team1,Team 1 (N/S),86,34,20,♥,finished,2026-05-17T16:36:48.007186+00:00
3803,INPROC_657952,1,10,team1,Team 1 (N/S),76,44,23,♥,finished,2026-05-17T16:36:48.022573+00:00
3804,INPROC_31E379,1,10,team2,Team 2 (E/W),39,81,10,♦,finished,2026-05-17T16:36:48.037751+00:00
3805,INPROC_BBA267,1,10,team2,Team 2 (E/W),50,70,10,♦,finished,2026-05-17T16:36:48.053850+00:00
3806,INPROC_FC27F0,1,10,team2,Team 2 (E/W),39,81,22,♥,finished,2026-05-17T16:36:48.067991+00:00
3807,INPROC_285FF8,1,10,team2,Team 2 (E/W),27,93,9,♣,finished,2026-05-17T16:36:48.083838+00:00
3808,INPROC_4DCFA6,1,10,team2,Team 2 (E/W),49,71,3,♣,finished,2026-05-17T16:36:48.099097+00:00
3809,INPROC_017FC5,1,10,team1,Team 1 (N/S),104,16,27,♥,finished,2026-05-17T16:36:48.117403+00:00
3810,INPROC_C52FC3,1,10,team2,Team 2 (E/W),55,65,30,♠,finished,2026-05-17T16:36:48.134227+00:00
3811,INPROC_53B167,1,10,team1,Team 1 (N/S),71,49,21,♥,finished,2026-05-17T16:36:48.147503+00:00
3812,INPROC_C0BCDE,1,10,team1,Team 1 (N/S),65,55,31,♠,finished,2026-05-17T16:36:48.161053+00:00
3813,INPROC_5F41A4,1,10,team2,Team 2 (E/W),38,82,32,♠,finished,2026-05-17T16:36:48.177175+00:00
3814,INPROC_E23A03,1,10,team2,Team 2 (E/W),53,67,5,♣,finished,2026-05-17T16:36:48.191698+00:00
3815,INPROC_779595,1,10,team2,Team 2 (E/W),24,96,31,♠,finished,2026-05-17T16:36:48.208524+00:00
3816,INPROC_81BA57,1,10,team1,Team 1 (N/S),72,48,35,♠,finished,2026-05-17T16:36:48.221488+00:00
3817,INPROC_116ADA,1,10,team1,Team 1 (N/S),79,41,3,♣,finished,2026-05-17T16:36:48.234790+00:00
3818,INPROC_551242,1,10,team2,Team 2 (E/W),44,76,36,♠,finished,2026-05-17T16:36:48.247160+00:00
3819,INPROC_381C69,1,10,team2,Team 2 (E/W),59,61,7,♣,finished,2026-05-17T16:36:48.260989+00:00
3820,INPROC_240671,1,10,team2,Team 2 (E/W),13,107,7,♣,finished,2026-05-17T16:36:48.277384+00:00
3821,INPROC_B27B58,1,10,team2,Team 2 (E/W),38,82,18,♦,finished,2026-05-17T16:36:48.293401+00:00
3822,INPROC_DC541D,1,10,team2,Team 2 (E/W),46,74,26,♥,finished,2026-05-17T16:36:48.311201+00:00
3823,INPROC_A075AB,1,10,team2,Team 2 (E/W),56,64,17,♦,finished,2026-05-17T16:36:48.330353+00:00
3824,INPROC_BB9A36,1,10,team2,Team 2 (E/W),51,69,1,♣,finished,2026-05-17T16:36:48.347445+00:00
3825,INPROC_DFD99B,1,10,team1,Team 1 (N/S),97,23,0,♣,finished,2026-05-17T16:36:48.364721+00:00
3826,INPROC_9C9CCE,1,10,team1,Team 1 (N/S),94,26,25,♥,finished,2026-05-17T16:36:48.380565+00:00
3827,INPROC_FAEEF3,1,10,team1,Team 1 (N/S),70,50,23,♥,finished,2026-05-17T16:36:48.396326+00:00
3828,INPROC_44A287,1,10,team2,Team 2 (E/W),30,90,30,♠,finished,2026-05-17T16:36:48.412133+00:00
3829,INPROC_232AEF,1,10,team1,Team 1 (N/S),91,29,4,♣,finished,2026-05-17T16:36:48.428321+00:00
3830,INPROC_672C9D,1,10,team2,Team 2 (E/W),51,69,30,♠,finished,2026-05-17T16:36:48.442790+00:00
3831,INPROC_9B3A7C,1,10,team2,Team 2 (E/W),16,104,24,♥,finished,2026-05-17T16:36:48.456987+00:00
3832,INPROC_9D9BEF,1,10,team2,Team 2 (E/W),44,76,6,♣,finished,2026-05-17T16:36:48.475168+00:00
3833,INPROC_FC244F,1,10,team1,Team 1 (N/S),87,33,2,♣,finished,2026-05-17T16:36:48.490843+00:00
3834,INPROC_D77600,1,10,team2,Team 2 (E/W),55,65,14,♦,finished,2026-05-17T16:36:48.505395+00:00
3835,INPROC_F3278E,1,10,team1,Team 1 (N/S),70,50,11,♦,finished,2026-05-17T16:36:48.520980+00:00
3836,INPROC_17DF1E,1,10,team1,Team 1 (N/S),70,50,0,♣,finished,2026-05-17T16:36:48.536837+00:00
3837,INPROC_7CE44D,1,10,team1,Team 1 (N/S),91,29,4,♣,finished,2026-05-17T16:36:48.552585+00:00
3838,INPROC_E98906,1,10,team1,Team 1 (N/S),95,25,34,♠,finished,2026-05-17T16:36:48.569352+00:00
3839,INPROC_64BCBF,1,10,team1,Team 1 (N/S),80,40,4,♣,finished,2026-05-17T16:36:48.587059+00:00
3840,INPROC_359846,1,10,team1,Team 1 (N/S),67,53,4,♣,finished,2026-05-17T16:36:48.602196+00:00
3841,INPROC_C02C5E,1,10,team2,Team 2 (E/W),22,98,25,♥,finished,2026-05-17T16:36:48.620267+00:00
3842,INPROC_FFDC93,1,10,team1,Team 1 (N/S),67,53,1,♣,finished,2026-05-17T16:36:48.637738+00:00
3843,INPROC_EE5FAB,1,10,team2,Team 2 (E/W),19,101,8,♣,finished,2026-05-17T16:36:48.657190+00:00
3844,INPROC_1499A4,1,10,team1,Team 1 (N/S),84,36,23,♥,finished,2026-05-17T16:36:48.674846+00:00
3845,INPROC_7DBD60,1,10,team2,Team 2 (E/W),54,66,1,♣,finished,2026-05-17T16:36:48.691563+00:00
3846,INPROC_04DC8F,1,10,team1,Team 1 (N/S),71,49,17,♦,finished,2026-05-17T16:36:48.707204+00:00
3847,INPROC_1DEAD3,1,10,team2,Team 2 (E/W),56,64,9,♣,finished,2026-05-17T16:36:48.723019+00:00
3848,INPROC_A918E5,1,10,team2,Team 2 (E/W),30,90,35,♠,finished,2026-05-17T16:36:48.737288+00:00
3849,INPROC_A50565,1,10,team2,Team 2 (E/W),44,76,31,♠,finished,2026-05-17T16:36:48.751350+00:00
3850,INPROC_C9807D,1,10,team1,Team 1 (N/S),81,39,2,♣,finished,2026-05-17T16:36:48.766115+00:00
3851,INPROC_A1F8D9,1,10,team1,Team 1 (N/S),74,46,35,♠,finished,2026-05-17T16:36:48.781248+00:00
3852,INPROC_F91FA2,1,10,team1,Team 1 (N/S),87,33,0,♣,finished,2026-05-17T16:36:48.796927+00:00
3853,INPROC_7A3027,1,10,team1,Team 1 (N/S),81,39,17,♦,finished,2026-05-17T16:36:48.812751+00:00
3854,INPROC_F310D3,1,10,team2,Team 2 (E/W),36,84,28,♥,finished,2026-05-17T16:36:48.827650+00:00
3855,INPROC_95E1E6,1,10,team2,Team 2 (E/W),33,87,11,♦,finished,2026-05-17T16:36:48.842209+00:00
3856,INPROC_1FF29E,1,10,team2,Team 2 (E/W),53,67,17,♦,finished,2026-05-17T16:36:48.857652+00:00
3857,INPROC_DA364B,1,10,team1,Team 1 (N/S),71,49,30,♠,finished,2026-05-17T16:36:48.872900+00:00
3858,INPROC_41F5AA,1,10,team2,Team 2 (E/W),31,89,20,♥,finished,2026-05-17T16:36:48.889695+00:00
3859,INPROC_107C4C,1,10,team1,Team 1 (N/S),86,34,34,♠,finished,2026-05-17T16:36:48.901808+00:00
3860,INPROC_7D01C6,1,10,team2,Team 2 (E/W),21,99,38,♠,finished,2026-05-17T16:36:48.917100+00:00
3861,INPROC_9DD4EA,1,10,team2,Team 2 (E/W),16,104,24,♥,finished,2026-05-17T16:36:48.933290+00:00
3862,INPROC_E9291E,1,10,team2,Team 2 (E/W),29,91,33,♠,finished,2026-05-17T16:36:48.947728+00:00
3863,INPROC_EC0D1F,1,10,team2,Team 2 (E/W),58,62,29,♥,finished,2026-05-17T16:36:48.965385+00:00
3864,INPROC_1AEA43,1,10,team1,Team 1 (N/S),75,45,26,♥,finished,2026-05-17T16:36:48.982180+00:00
3865,INPROC_C45E14,1,10,team1,Team 1 (N/S),70,50,24,♥,finished,2026-05-17T16:36:48.999255+00:00
3866,INPROC_F019E8,1,10,team1,Team 1 (N/S),66,54,29,♥,finished,2026-05-17T16:36:49.016846+00:00
3867,INPROC_628A01,1,10,team2,Team 2 (E/W),55,65,26,♥,finished,2026-05-17T16:36:49.033108+00:00
3868,INPROC_D0D118,1,10,team2,Team 2 (E/W),57,63,26,♥,finished,2026-05-17T16:36:49.049617+00:00
3869,INPROC_668431,1,10,team1,Team 1 (N/S),62,58,10,♦,finished,2026-05-17T16:36:49.075188+00:00
3870,INPROC_BA058B,1,10,team2,Team 2 (E/W),34,86,23,♥,finished,2026-05-17T16:36:49.093381+00:00
3871,INPROC_9D6B03,1,10,team1,Team 1 (N/S),93,27,25,♥,finished,2026-05-17T16:36:49.111448+00:00
3872,INPROC_1AFD04,1,10,team2,Team 2 (E/W),17,103,20,♥,finished,2026-05-17T16:36:49.128588+00:00
3873,INPROC_647B68,1,10,team2,Team 2 (E/W),50,70,8,♣,finished,2026-05-17T16:36:49.143368+00:00
3874,INPROC_AB0F64,1,10,team1,Team 1 (N/S),68,52,32,♠,finished,2026-05-17T16:36:49.159358+00:00
3875,INPROC_EEDB35,1,10,team2,Team 2 (E/W),22,98,18,♦,finished,2026-05-17T16:36:49.175260+00:00
3876,INPROC_AA311B,1,10,team2,Team 2 (E/W),37,83,6,♣,finished,2026-05-17T16:36:49.190906+00:00
3877,INPROC_B106E0,1,10,team2,Team 2 (E/W),35,85,5,♣,finished,2026-05-17T16:36:49.207535+00:00
3878,INPROC_C6A3FC,1,10,team1,Team 1 (N/S),75,45,1,♣,finished,2026-05-17T16:36:49.223261+00:00
3879,INPROC_F80301,1,10,team2,Team 2 (E/W),32,88,15,♦,finished,2026-05-17T16:36:49.238009+00:00
3880,INPROC_390BD4,1,10,team2,Team 2 (E/W),20,100,38,♠,finished,2026-05-17T16:36:49.253342+00:00
3881,INPROC_4EC2A2,1,10,team1,Team 1 (N/S),66,54,14,♦,finished,2026-05-17T16:36:49.268491+00:00
3882,INPROC_08D343,1,10,team1,Team 1 (N/S),61,59,2,♣,finished,2026-05-17T16:36:49.284456+00:00
3883,INPROC_674972,1,10,team2,Team 2 (E/W),51,69,22,♥,finished,2026-05-17T16:36:49.301683+00:00
3884,INPROC_32B9B6,1,10,team1,Team 1 (N/S),73,47,19,♦,finished,2026-05-17T16:36:49.319217+00:00
3885,INPROC_EED1CA,1,10,team2,Team 2 (E/W),36,84,16,♦,finished,2026-05-17T16:36:49.336457+00:00
3886,INPROC_DD8F0B,1,10,team1,Team 1 (N/S),78,42,20,♥,finished,2026-05-17T16:36:49.351812+00:00
3887,INPROC_F4E526,1,10,team2,Team 2 (E/W),15,105,32,♠,finished,2026-05-17T16:36:49.367459+00:00
3888,INPROC_F318AC,1,10,team2,Team 2 (E/W),56,64,29,♥,finished,2026-05-17T16:36:49.383259+00:00
3889,INPROC_B55289,1,10,team1,Team 1 (N/S),98,22,30,♠,finished,2026-05-17T16:36:49.400094+00:00
3890,INPROC_B26310,1,10,team2,Team 2 (E/W),21,99,2,♣,finished,2026-05-17T16:36:49.415576+00:00
3891,INPROC_109C60,1,10,team2,Team 2 (E/W),52,68,10,♦,finished,2026-05-17T16:36:49.431305+00:00
3892,INPROC_C216AD,1,10,team2,Team 2 (E/W),17,103,15,♦,finished,2026-05-17T16:36:49.447251+00:00
3893,INPROC_38E8F4,1,10,team2,Team 2 (E/W),47,73,6,♣,finished,2026-05-17T16:36:49.463007+00:00
3894,INPROC_CA185D,1,10,team2,Team 2 (E/W),56,64,4,♣,finished,2026-05-17T16:36:49.479571+00:00
3895,INPROC_29348D,1,10,team2,Team 2 (E/W),34,86,26,♥,finished,2026-05-17T16:36:49.497215+00:00
3896,INPROC_07FCD0,1,10,team2,Team 2 (E/W),50,70,12,♦,finished,2026-05-17T16:36:49.511496+00:00
3897,INPROC_A1922F,1,10,team2,Team 2 (E/W),51,69,16,♦,finished,2026-05-17T16:36:49.526708+00:00
3898,INPROC_6934A0,1,10,team1,Team 1 (N/S),79,41,8,♣,finished,2026-05-17T16:36:49.542850+00:00
3899,INPROC_2C619A,1,10,team1,Team 1 (N/S),65,55,21,♥,finished,2026-05-17T16:36:49.560973+00:00
3900,INPROC_43A807,1,10,team2,Team 2 (E/W),41,79,33,♠,finished,2026-05-17T16:36:49.577844+00:00
3901,INPROC_46BE9F,1,10,team2,Team 2 (E/W),19,101,21,♥,finished,2026-05-17T16:36:49.597142+00:00
3902,INPROC_26385B,1,10,team1,Team 1 (N/S),95,25,3,♣,finished,2026-05-17T16:36:49.616127+00:00
3903,INPROC_9FFBEE,1,10,team1,Team 1 (N/S),72,48,19,♦,finished,2026-05-17T16:36:49.634867+00:00
3904,INPROC_999757,1,10,team2,Team 2 (E/W),38,82,23,♥,finished,2026-05-17T16:36:49.651704+00:00
3905,INPROC_5CA86D,1,10,team1,Team 1 (N/S),83,37,30,♠,finished,2026-05-17T16:36:49.669471+00:00
3906,INPROC_E96C4E,1,10,team2,Team 2 (E/W),52,68,17,♦,finished,2026-05-17T16:36:49.689848+00:00
3907,INPROC_86F2BD,1,10,team2,Team 2 (E/W),50,70,16,♦,finished,2026-05-17T16:36:49.713611+00:00
3908,INPROC_CFC45E,1,10,team1,Team 1 (N/S),95,25,30,♠,finished,2026-05-17T16:36:49.732089+00:00
3909,INPROC_D577FB,1,10,team1,Team 1 (N/S),67,53,37,♠,finished,2026-05-17T16:36:49.750012+00:00
3910,INPROC_7C274F,1,10,team1,Team 1 (N/S),71,49,18,♦,finished,2026-05-17T16:36:49.768864+00:00
3911,INPROC_09E1AC,1,10,team1,Team 1 (N/S),73,47,39,♠,finished,2026-05-17T16:36:49.788368+00:00
3912,INPROC_002363,1,10,team1,Team 1 (N/S),64,56,34,♠,finished,2026-05-17T16:36:49.806016+00:00
3913,INPROC_5F67BD,1,10,team1,Team 1 (N/S),92,28,23,♥,finished,2026-05-17T16:36:49.822300+00:00
3914,INPROC_2BC99E,1,10,team2,Team 2 (E/W),52,68,39,♠,finished,2026-05-17T16:36:49.840058+00:00
3915,INPROC_71E94F,1,10,team2,Team 2 (E/W),39,81,3,♣,finished,2026-05-17T16:36:49.858797+00:00
3916,INPROC_083C29,1,10,team2,Team 2 (E/W),37,83,37,♠,finished,2026-05-17T16:36:49.874016+00:00
3917,INPROC_530052,1,10,team1,Team 1 (N/S),87,33,6,♣,finished,2026-05-17T16:36:49.891151+00:00
3918,INPROC_F39911,1,10,team1,Team 1 (N/S),65,55,22,♥,finished,2026-05-17T16:36:49.907242+00:00
3919,INPROC_721700,1,10,team2,Team 2 (E/W),42,78,16,♦,finished,2026-05-17T16:36:49.921002+00:00
3920,INPROC_F505C1,1,10,team1,Team 1 (N/S),80,40,34,♠,finished,2026-05-17T16:36:49.938842+00:00
3921,INPROC_F88B30,1,10,team2,Team 2 (E/W),51,69,29,♥,finished,2026-05-17T16:36:49.952939+00:00
3922,INPROC_5DD8A6,1,10,team1,Team 1 (N/S),76,44,15,♦,finished,2026-05-17T16:36:49.969178+00:00
3923,INPROC_3BC035,1,10,team1,Team 1 (N/S),78,42,7,♣,finished,2026-05-17T16:36:49.983904+00:00
3924,INPROC_849AC4,1,10,team2,Team 2 (E/W),45,75,20,♥,finished,2026-05-17T16:36:50.000106+00:00
3925,INPROC_F60369,1,10,team2,Team 2 (E/W),36,84,30,♠,finished,2026-05-17T16:36:50.015853+00:00
3926,INPROC_640487,1,10,team2,Team 2 (E/W),57,63,2,♣,finished,2026-05-17T16:36:50.031071+00:00
3927,INPROC_0CD74D,1,10,team2,Team 2 (E/W),57,63,3,♣,finished,2026-05-17T16:36:50.047188+00:00
3928,INPROC_361B67,1,10,team2,Team 2 (E/W),51,69,1,♣,finished,2026-05-17T16:36:50.064452+00:00
3929,INPROC_6FDDC4,1,10,team2,Team 2 (E/W),50,70,36,♠,finished,2026-05-17T16:36:50.080620+00:00
3930,INPROC_F050A7,1,10,team2,Team 2 (E/W),56,64,29,♥,finished,2026-05-17T16:36:50.098733+00:00
3931,INPROC_78EF4B,1,10,team2,Team 2 (E/W),56,64,26,♥,finished,2026-05-17T16:36:50.113882+00:00
3932,INPROC_5296F2,1,10,team1,Team 1 (N/S),75,45,3,♣,finished,2026-05-17T16:36:50.132815+00:00
3933,INPROC_C1B9AE,1,10,team2,Team 2 (E/W),16,104,27,♥,finished,2026-05-17T16:36:50.149233+00:00
3934,INPROC_EB81AA,1,10,team2,Team 2 (E/W),55,65,15,♦,finished,2026-05-17T16:36:50.166858+00:00
3935,INPROC_C3A0F9,1,10,team1,Team 1 (N/S),70,50,16,♦,finished,2026-05-17T16:36:50.185770+00:00
3936,INPROC_0E438A,1,10,team2,Team 2 (E/W),58,62,39,♠,finished,2026-05-17T16:36:50.204996+00:00
3937,INPROC_64AE66,1,10,team1,Team 1 (N/S),66,54,16,♦,finished,2026-05-17T16:36:50.220807+00:00
3938,INPROC_8F9033,1,10,team1,Team 1 (N/S),65,55,34,♠,finished,2026-05-17T16:36:50.235499+00:00
3939,INPROC_95B5FE,1,10,team2,Team 2 (E/W),29,91,36,♠,finished,2026-05-17T16:36:50.251980+00:00
3940,INPROC_8A8B3B,1,10,team1,Team 1 (N/S),83,37,28,♥,finished,2026-05-17T16:36:50.266736+00:00
3941,INPROC_D96C1D,1,10,team2,Team 2 (E/W),48,72,7,♣,finished,2026-05-17T16:36:50.284005+00:00
3942,INPROC_DCEB89,1,10,team2,Team 2 (E/W),50,70,11,♦,finished,2026-05-17T16:36:50.300497+00:00
3943,INPROC_CE0B5F,1,10,team2,Team 2 (E/W),59,61,15,♦,finished,2026-05-17T16:36:50.317425+00:00
3944,INPROC_2F4302,1,10,team1,Team 1 (N/S),78,42,29,♥,finished,2026-05-17T16:36:50.333381+00:00
3945,INPROC_01CDA5,1,10,team1,Team 1 (N/S),97,23,5,♣,finished,2026-05-17T16:36:50.351980+00:00
3946,INPROC_866E48,1,10,team1,Team 1 (N/S),79,41,9,♣,finished,2026-05-17T16:36:50.369052+00:00
3947,INPROC_2A733D,1,10,team2,Team 2 (E/W),46,74,11,♦,finished,2026-05-17T16:36:50.384343+00:00
3948,INPROC_B8414D,1,10,team2,Team 2 (E/W),51,69,24,♥,finished,2026-05-17T16:36:50.398983+00:00
3949,INPROC_0EB5AB,1,10,team2,Team 2 (E/W),37,83,18,♦,finished,2026-05-17T16:36:50.414482+00:00
3950,INPROC_9E02D7,1,10,team2,Team 2 (E/W),58,62,3,♣,finished,2026-05-17T16:36:50.430072+00:00
3951,INPROC_438AD1,1,10,team1,Team 1 (N/S),80,40,36,♠,finished,2026-05-17T16:36:50.446709+00:00
3952,INPROC_02C1D7,1,10,team1,Team 1 (N/S),66,54,30,♠,finished,2026-05-17T16:36:50.461147+00:00
3953,INPROC_97DD9B,1,10,team1,Team 1 (N/S),79,41,16,♦,finished,2026-05-17T16:36:50.477904+00:00
3954,INPROC_1D8E25,1,10,team1,Team 1 (N/S),69,51,17,♦,finished,2026-05-17T16:36:50.494257+00:00
3955,INPROC_FB26CF,1,10,team2,Team 2 (E/W),47,73,12,♦,finished,2026-05-17T16:36:50.511386+00:00
3956,INPROC_BDB0BE,1,10,team2,Team 2 (E/W),40,80,5,♣,finished,2026-05-17T16:36:50.526469+00:00
3957,INPROC_37BB10,1,10,team2,Team 2 (E/W),53,67,35,♠,finished,2026-05-17T16:36:50.541831+00:00
3958,INPROC_9BB77C,1,10,team2,Team 2 (E/W),29,91,28,♥,finished,2026-05-17T16:36:50.558749+00:00
3959,INPROC_9021B3,1,10,team2,Team 2 (E/W),21,99,16,♦,finished,2026-05-17T16:36:50.574644+00:00
3960,INPROC_A026DE,1,10,team1,Team 1 (N/S),66,54,1,♣,finished,2026-05-17T16:36:50.591013+00:00
3961,INPROC_361478,1,10,team2,Team 2 (E/W),13,107,39,♠,finished,2026-05-17T16:36:50.609372+00:00
3962,INPROC_D91943,1,10,team1,Team 1 (N/S),85,35,3,♣,finished,2026-05-17T16:36:50.626341+00:00
3963,INPROC_F9BB78,1,10,team2,Team 2 (E/W),37,83,4,♣,finished,2026-05-17T16:36:50.643400+00:00
3964,INPROC_4DD2C4,1,10,team2,Team 2 (E/W),57,63,28,♥,finished,2026-05-17T16:36:50.660804+00:00
3965,INPROC_7BE4AF,1,10,team1,Team 1 (N/S),64,56,3,♣,finished,2026-05-17T16:36:50.677742+00:00
3966,INPROC_636267,1,10,team1,Team 1 (N/S),61,59,21,♥,finished,2026-05-17T16:36:50.695990+00:00
3967,INPROC_2B25B1,1,10,team2,Team 2 (E/W),31,89,23,♥,finished,2026-05-17T16:36:50.713285+00:00
3968,INPROC_A14A56,1,10,team2,Team 2 (E/W),29,91,6,♣,finished,2026-05-17T16:36:50.730709+00:00
3969,INPROC_F7416D,1,10,team1,Team 1 (N/S),84,36,12,♦,finished,2026-05-17T16:36:50.748320+00:00
3970,INPROC_6C0265,1,10,team1,Team 1 (N/S),74,46,15,♦,finished,2026-05-17T16:36:50.766966+00:00
3971,INPROC_0B5E0B,1,10,team2,Team 2 (E/W),44,76,33,♠,finished,2026-05-17T16:36:50.781885+00:00
3972,INPROC_D30DE6,1,10,team1,Team 1 (N/S),84,36,13,♦,finished,2026-05-17T16:36:50.795242+00:00
3973,INPROC_5F77DF,1,10,team1,Team 1 (N/S),69,51,2,♣,finished,2026-05-17T16:36:50.811990+00:00
3974,INPROC_5B13D8,1,10,team2,Team 2 (E/W),38,82,30,♠,finished,2026-05-17T16:36:50.828045+00:00
3975,INPROC_59DE60,1,10,team1,Team 1 (N/S),76,44,7,♣,finished,2026-05-17T16:36:50.845047+00:00
3976,INPROC_95225C,1,10,team2,Team 2 (E/W),53,67,16,♦,finished,2026-05-17T16:36:50.862117+00:00
3977,INPROC_0E0964,1,10,team1,Team 1 (N/S),76,44,19,♦,finished,2026-05-17T16:36:50.880981+00:00
3978,INPROC_CBF633,1,10,team1,Team 1 (N/S),61,59,13,♦,finished,2026-05-17T16:36:50.897934+00:00
3979,INPROC_4CCB90,1,10,draw,draw,60,60,20,♥,finished,2026-05-17T16:36:50.924379+00:00
3980,INPROC_4B0737,1,10,team2,Team 2 (E/W),34,86,24,♥,finished,2026-05-17T16:36:50.951517+00:00
3981,INPROC_8A38CD,1,10,team2,Team 2 (E/W),38,82,35,♠,finished,2026-05-17T16:36:50.969461+00:00
3982,INPROC_EEA3B3,1,10,team1,Team 1 (N/S),73,47,8,♣,finished,2026-05-17T16:36:50.985942+00:00
3983,INPROC_D19AD2,1,10,team2,Team 2 (E/W),54,66,26,♥,finished,2026-05-17T16:36:50.998106+00:00
3984,INPROC_4E41FD,1,10,team2,Team 2 (E/W),41,79,9,♣,finished,2026-05-17T16:36:51.014001+00:00
3985,INPROC_F1C276,1,10,team2,Team 2 (E/W),56,64,25,♥,finished,2026-05-17T16:36:51.027387+00:00
3986,INPROC_5DC582,1,10,team2,Team 2 (E/W),54,66,30,♠,finished,2026-05-17T16:36:51.042330+00:00
3987,INPROC_892103,1,10,team1,Team 1 (N/S),87,33,16,♦,finished,2026-05-17T16:36:51.056255+00:00
3988,INPROC_1693C3,1,10,team2,Team 2 (E/W),30,90,4,♣,finished,2026-05-17T16:36:51.070437+00:00
3989,INPROC_2BF138,1,10,team1,Team 1 (N/S),61,59,0,♣,finished,2026-05-17T16:36:51.085049+00:00
3990,INPROC_352F2C,1,10,team2,Team 2 (E/W),49,71,21,♥,finished,2026-05-17T16:36:51.099040+00:00
3991,INPROC_D44176,1,10,team2,Team 2 (E/W),21,99,39,♠,finished,2026-05-17T16:36:51.115437+00:00
3992,INPROC_A60F58,1,10,team2,Team 2 (E/W),38,82,29,♥,finished,2026-05-17T16:36:51.131553+00:00
3993,INPROC_660C41,1,10,team1,Team 1 (N/S),102,18,10,♦,finished,2026-05-17T16:36:51.146672+00:00
3994,INPROC_B3FE89,1,10,team1,Team 1 (N/S),77,43,25,♥,finished,2026-05-17T16:36:51.161599+00:00
3995,INPROC_D578DE,1,10,team1,Team 1 (N/S),69,51,3,♣,finished,2026-05-17T16:36:51.177084+00:00
3996,INPROC_051737,1,10,team1,Team 1 (N/S),70,50,4,♣,finished,2026-05-17T16:36:51.193066+00:00
3997,INPROC_8FB8C0,1,10,team1,Team 1 (N/S),64,56,9,♣,finished,2026-05-17T16:36:51.208939+00:00
3998,INPROC_FF9885,1,10,team2,Team 2 (E/W),46,74,37,♠,finished,2026-05-17T16:36:51.224363+00:00
3999,INPROC_C15305,1,10,team1,Team 1 (N/S),92,28,34,♠,finished,2026-05-17T16:36:51.239747+00:00
4000,INPROC_981DD0,1,10,team1,Team 1 (N/S),87,33,38,♠,finished,2026-05-17T16:36:51.255566+00:00
4001,INPROC_DF7B68,1,10,team2,Team 2 (E/W),38,82,19,♦,finished,2026-05-17T16:36:51.270880+00:00
4002,INPROC_6D936B,1,10,team1,Team 1 (N/S),72,48,3,♣,finished,2026-05-17T16:36:51.285783+00:00
4003,INPROC_A9811C,1,10,team1,Team 1 (N/S),63,57,2,♣,finished,2026-05-17T16:36:51.302335+00:00
4004,INPROC_526B46,1,10,team2,Team 2 (E/W),42,78,20,♥,finished,2026-05-17T16:36:51.320357+00:00
4005,INPROC_121F2F,1,10,team1,Team 1 (N/S),64,56,11,♦,finished,2026-05-17T16:36:51.337597+00:00
4006,INPROC_6F9524,1,10,team1,Team 1 (N/S),83,37,10,♦,finished,2026-05-17T16:36:51.351676+00:00
4007,INPROC_45631E,1,10,team2,Team 2 (E/W),21,99,30,♠,finished,2026-05-17T16:36:51.366069+00:00
4008,INPROC_127DFF,1,10,team2,Team 2 (E/W),12,108,31,♠,finished,2026-05-17T16:36:51.380657+00:00
4009,INPROC_C572FA,1,10,team2,Team 2 (E/W),30,90,17,♦,finished,2026-05-17T16:36:51.395918+00:00
4010,INPROC_207226,1,10,team1,Team 1 (N/S),61,59,31,♠,finished,2026-05-17T16:36:51.409714+00:00
4011,INPROC_E33E36,1,10,team2,Team 2 (E/W),22,98,34,♠,finished,2026-05-17T16:36:51.424918+00:00
4012,INPROC_90EC9C,1,10,team1,Team 1 (N/S),67,53,1,♣,finished,2026-05-17T16:36:51.437715+00:00
4013,INPROC_E0EF11,1,10,team2,Team 2 (E/W),3,117,17,♦,finished,2026-05-17T16:36:51.453282+00:00
4014,INPROC_89176E,1,10,team2,Team 2 (E/W),6,114,25,♥,finished,2026-05-17T16:36:51.465370+00:00
4015,INPROC_43A297,1,10,team2,Team 2 (E/W),40,80,12,♦,finished,2026-05-17T16:36:51.481591+00:00
4016,INPROC_D6D089,1,10,team2,Team 2 (E/W),54,66,15,♦,finished,2026-05-17T16:36:51.498106+00:00
4017,INPROC_DB80F8,1,10,team2,Team 2 (E/W),51,69,1,♣,finished,2026-05-17T16:36:51.513416+00:00
4018,INPROC_32A224,1,10,team2,Team 2 (E/W),34,86,18,♦,finished,2026-05-17T16:36:51.529257+00:00
4019,INPROC_CAC9E1,1,10,team2,Team 2 (E/W),50,70,26,♥,finished,2026-05-17T16:36:51.545563+00:00
4020,INPROC_29484F,1,10,team1,Team 1 (N/S),88,32,8,♣,finished,2026-05-17T16:36:51.561069+00:00
4021,INPROC_8CCBFA,1,10,team2,Team 2 (E/W),49,71,18,♦,finished,2026-05-17T16:36:51.575298+00:00
4022,INPROC_219B1A,1,10,team2,Team 2 (E/W),44,76,2,♣,finished,2026-05-17T16:36:51.590315+00:00
4023,INPROC_43DB96,1,10,team2,Team 2 (E/W),47,73,29,♥,finished,2026-05-17T16:36:51.605981+00:00
4024,INPROC_50CEE8,1,10,team2,Team 2 (E/W),50,70,29,♥,finished,2026-05-17T16:36:51.623059+00:00
4025,INPROC_AB44DD,1,10,team2,Team 2 (E/W),15,105,32,♠,finished,2026-05-17T16:36:51.640873+00:00
4026,INPROC_C1969D,1,10,team1,Team 1 (N/S),85,35,15,♦,finished,2026-05-17T16:36:51.657148+00:00
4027,INPROC_27CA3B,1,10,team2,Team 2 (E/W),21,99,34,♠,finished,2026-05-17T16:36:51.680002+00:00
4028,INPROC_E4DF90,1,10,draw,draw,60,60,28,♥,finished,2026-05-17T16:36:51.697787+00:00
4029,INPROC_0219B6,1,10,team1,Team 1 (N/S),99,21,28,♥,finished,2026-05-17T16:36:51.715682+00:00
4030,INPROC_FD6587,1,10,team1,Team 1 (N/S),65,55,28,♥,finished,2026-05-17T16:36:51.733261+00:00
4031,INPROC_061240,1,10,team2,Team 2 (E/W),55,65,13,♦,finished,2026-05-17T16:36:51.749344+00:00
4032,INPROC_B7BD04,1,10,team2,Team 2 (E/W),43,77,15,♦,finished,2026-05-17T16:36:51.763543+00:00
4033,INPROC_6C1A1A,1,10,team2,Team 2 (E/W),38,82,7,♣,finished,2026-05-17T16:36:51.778674+00:00
4034,INPROC_54900B,1,10,team1,Team 1 (N/S),104,16,6,♣,finished,2026-05-17T16:36:51.794404+00:00
4035,INPROC_ED4B8F,1,10,team2,Team 2 (E/W),27,93,23,♥,finished,2026-05-17T16:36:51.810057+00:00
4036,INPROC_2A1E92,1,10,team2,Team 2 (E/W),38,82,6,♣,finished,2026-05-17T16:36:51.826702+00:00
4037,INPROC_D7E27D,1,10,team1,Team 1 (N/S),87,33,14,♦,finished,2026-05-17T16:36:51.844168+00:00
4038,INPROC_36571C,1,10,team2,Team 2 (E/W),34,86,32,♠,finished,2026-05-17T16:36:51.858371+00:00
4039,INPROC_862CB8,1,10,team2,Team 2 (E/W),46,74,31,♠,finished,2026-05-17T16:36:51.873259+00:00
4040,INPROC_5B2EE1,1,10,team1,Team 1 (N/S),62,58,28,♥,finished,2026-05-17T16:36:51.886683+00:00
4041,INPROC_672235,1,10,team2,Team 2 (E/W),52,68,33,♠,finished,2026-05-17T16:36:51.902511+00:00
4042,INPROC_462E1F,1,10,team2,Team 2 (E/W),20,100,23,♥,finished,2026-05-17T16:36:51.917366+00:00
4043,INPROC_8578EC,1,10,team1,Team 1 (N/S),92,28,34,♠,finished,2026-05-17T16:36:51.933206+00:00
4044,INPROC_7020EA,1,10,team1,Team 1 (N/S),71,49,37,♠,finished,2026-05-17T16:36:51.949298+00:00
4045,INPROC_0DE465,1,10,team2,Team 2 (E/W),21,99,25,♥,finished,2026-05-17T16:36:51.964155+00:00
4046,INPROC_116C63,1,10,team1,Team 1 (N/S),77,43,26,♥,finished,2026-05-17T16:36:51.979842+00:00
4047,INPROC_3AB271,1,10,team2,Team 2 (E/W),23,97,36,♠,finished,2026-05-17T16:36:51.996305+00:00
4048,INPROC_2A2A78,1,10,team1,Team 1 (N/S),77,43,28,♥,finished,2026-05-17T16:36:52.010280+00:00
4049,INPROC_89EF5A,1,10,team2,Team 2 (E/W),28,92,35,♠,finished,2026-05-17T16:36:52.024308+00:00
4050,INPROC_884855,1,10,team2,Team 2 (E/W),56,64,6,♣,finished,2026-05-17T16:36:52.035948+00:00
4051,INPROC_3B37F7,1,10,team1,Team 1 (N/S),72,48,14,♦,finished,2026-05-17T16:36:52.049651+00:00
4052,INPROC_D4065F,1,10,team2,Team 2 (E/W),57,63,38,♠,finished,2026-05-17T16:36:52.068904+00:00
4053,INPROC_D8531A,1,10,team1,Team 1 (N/S),82,38,25,♥,finished,2026-05-17T16:36:52.084777+00:00
4054,INPROC_B8733A,1,10,team2,Team 2 (E/W),49,71,12,♦,finished,2026-05-17T16:36:52.101832+00:00
4055,INPROC_79C8E5,1,10,team1,Team 1 (N/S),66,54,26,♥,finished,2026-05-17T16:36:52.117461+00:00
4056,INPROC_56B38E,1,10,team2,Team 2 (E/W),37,83,7,♣,finished,2026-05-17T16:36:52.132949+00:00
4057,INPROC_F959CC,1,10,team1,Team 1 (N/S),77,43,38,♠,finished,2026-05-17T16:36:52.149275+00:00
4058,INPROC_76F081,1,10,team1,Team 1 (N/S),69,51,26,♥,finished,2026-05-17T16:36:52.165056+00:00
4059,INPROC_4BE6CC,1,10,team1,Team 1 (N/S),104,16,7,♣,finished,2026-05-17T16:36:52.180500+00:00
4060,INPROC_D38AFE,1,10,team1,Team 1 (N/S),77,43,14,♦,finished,2026-05-17T16:36:52.196090+00:00
4061,INPROC_51C523,1,10,team2,Team 2 (E/W),38,82,38,♠,finished,2026-05-17T16:36:52.210810+00:00
4062,INPROC_C36310,1,10,team2,Team 2 (E/W),10,110,14,♦,finished,2026-05-17T16:36:52.227938+00:00
4063,INPROC_9D15D2,1,10,team2,Team 2 (E/W),56,64,22,♥,finished,2026-05-17T16:36:52.243881+00:00
4064,INPROC_C54134,1,10,team2,Team 2 (E/W),48,72,1,♣,finished,2026-05-17T16:36:52.261451+00:00
4065,INPROC_4097C8,1,10,team2,Team 2 (E/W),44,76,21,♥,finished,2026-05-17T16:36:52.280260+00:00
4066,INPROC_00A944,1,10,team2,Team 2 (E/W),28,92,32,♠,finished,2026-05-17T16:36:52.296441+00:00
4067,INPROC_F48E6E,1,10,team1,Team 1 (N/S),87,33,30,♠,finished,2026-05-17T16:36:52.309356+00:00
4068,INPROC_65C623,1,10,team2,Team 2 (E/W),16,104,14,♦,finished,2026-05-17T16:36:52.323491+00:00
4069,INPROC_2FDBEA,1,10,team1,Team 1 (N/S),76,44,30,♠,finished,2026-05-17T16:36:52.338759+00:00
4070,INPROC_91F90A,1,10,team2,Team 2 (E/W),57,63,29,♥,finished,2026-05-17T16:36:52.355917+00:00
4071,INPROC_9085D0,1,10,team2,Team 2 (E/W),20,100,37,♠,finished,2026-05-17T16:36:52.372028+00:00
4072,INPROC_26A539,1,10,draw,draw,60,60,34,♠,finished,2026-05-17T16:36:52.387058+00:00
4073,INPROC_15BDF4,1,10,team1,Team 1 (N/S),73,47,1,♣,finished,2026-05-17T16:36:52.404096+00:00
4074,INPROC_E124D9,1,10,team2,Team 2 (E/W),33,87,19,♦,finished,2026-05-17T16:36:52.419798+00:00
4075,INPROC_DB9488,1,10,team1,Team 1 (N/S),65,55,5,♣,finished,2026-05-17T16:36:52.435723+00:00
4076,INPROC_BADEB6,1,10,team2,Team 2 (E/W),10,110,3,♣,finished,2026-05-17T16:36:52.451077+00:00
4077,INPROC_FA119F,1,10,team1,Team 1 (N/S),89,31,33,♠,finished,2026-05-17T16:36:52.469540+00:00
4078,INPROC_09D097,1,10,team2,Team 2 (E/W),53,67,31,♠,finished,2026-05-17T16:36:52.485661+00:00
4079,INPROC_8C10BB,1,10,team1,Team 1 (N/S),72,48,20,♥,finished,2026-05-17T16:36:52.499532+00:00
4080,INPROC_65FC5B,1,10,team1,Team 1 (N/S),61,59,0,♣,finished,2026-05-17T16:36:52.514775+00:00
4081,INPROC_F4D680,1,10,team1,Team 1 (N/S),93,27,17,♦,finished,2026-05-17T16:36:52.529596+00:00
4082,INPROC_C94B82,1,10,draw,draw,60,60,7,♣,finished,2026-05-17T16:36:52.544999+00:00
4083,INPROC_54F4F5,1,10,team2,Team 2 (E/W),51,69,26,♥,finished,2026-05-17T16:36:52.560417+00:00
4084,INPROC_509277,1,10,team1,Team 1 (N/S),84,36,15,♦,finished,2026-05-17T16:36:52.575452+00:00
4085,INPROC_9E805C,1,10,team2,Team 2 (E/W),44,76,14,♦,finished,2026-05-17T16:36:52.589971+00:00
4086,INPROC_1F6739,1,10,team2,Team 2 (E/W),44,76,8,♣,finished,2026-05-17T16:36:52.605455+00:00
4087,INPROC_B67A35,1,10,team2,Team 2 (E/W),52,68,9,♣,finished,2026-05-17T16:36:52.620400+00:00
4088,INPROC_4E846D,1,10,team2,Team 2 (E/W),13,107,27,♥,finished,2026-05-17T16:36:52.636497+00:00
4089,INPROC_CFE7B3,1,10,team1,Team 1 (N/S),66,54,23,♥,finished,2026-05-17T16:36:52.652368+00:00
4090,INPROC_9B7C1E,1,10,team1,Team 1 (N/S),65,55,11,♦,finished,2026-05-17T16:36:52.671037+00:00
4091,INPROC_44AEA6,1,10,team2,Team 2 (E/W),56,64,11,♦,finished,2026-05-17T16:36:52.688504+00:00
4092,INPROC_D82733,1,10,team1,Team 1 (N/S),66,54,23,♥,finished,2026-05-17T16:36:52.705304+00:00
4093,INPROC_DC1FB9,1,10,team2,Team 2 (E/W),21,99,4,♣,finished,2026-05-17T16:36:52.721705+00:00
4094,INPROC_7CF030,1,10,team1,Team 1 (N/S),104,16,31,♠,finished,2026-05-17T16:36:52.736420+00:00
4095,INPROC_955B77,1,10,team2,Team 2 (E/W),46,74,29,♥,finished,2026-05-17T16:36:52.753832+00:00
4096,INPROC_5C1302,1,10,team2,Team 2 (E/W),53,67,30,♠,finished,2026-05-17T16:36:52.770806+00:00
4097,INPROC_8976EE,1,10,team2,Team 2 (E/W),58,62,31,♠,finished,2026-05-17T16:36:52.785816+00:00
4098,INPROC_41DC3F,1,10,team2,Team 2 (E/W),47,73,26,♥,finished,2026-05-17T16:36:52.802669+00:00
4099,INPROC_0B4D6F,1,10,team2,Team 2 (E/W),38,82,14,♦,finished,2026-05-17T16:36:52.818181+00:00
4100,INPROC_9CC9D2,1,10,team1,Team 1 (N/S),62,58,17,♦,finished,2026-05-17T16:36:52.832773+00:00
4101,INPROC_09881C,1,10,team2,Team 2 (E/W),56,64,24,♥,finished,2026-05-17T16:36:52.848861+00:00
4102,INPROC_B74BA7,1,10,team1,Team 1 (N/S),69,51,0,♣,finished,2026-05-17T16:36:52.864707+00:00
4103,INPROC_6F2852,1,10,team2,Team 2 (E/W),28,92,15,♦,finished,2026-05-17T16:36:52.881180+00:00
4104,INPROC_00A94D,1,10,team2,Team 2 (E/W),56,64,24,♥,finished,2026-05-17T16:36:52.897663+00:00
4105,INPROC_D57B08,1,10,team2,Team 2 (E/W),40,80,7,♣,finished,2026-05-17T16:36:52.913852+00:00
4106,INPROC_01F069,1,10,team1,Team 1 (N/S),109,11,15,♦,finished,2026-05-17T16:36:52.929195+00:00
4107,INPROC_4721DF,1,10,team1,Team 1 (N/S),65,55,34,♠,finished,2026-05-17T16:36:52.944344+00:00
4108,INPROC_05CED0,1,10,team1,Team 1 (N/S),85,35,8,♣,finished,2026-05-17T16:36:52.958875+00:00
4109,INPROC_90FFE2,1,10,team2,Team 2 (E/W),58,62,21,♥,finished,2026-05-17T16:36:52.974764+00:00
4110,INPROC_0969E1,1,10,team2,Team 2 (E/W),40,80,14,♦,finished,2026-05-17T16:36:52.988546+00:00
4111,INPROC_E34E5E,1,10,team1,Team 1 (N/S),82,38,23,♥,finished,2026-05-17T16:36:53.003521+00:00
4112,INPROC_963820,1,10,team2,Team 2 (E/W),54,66,26,♥,finished,2026-05-17T16:36:53.018691+00:00
4113,INPROC_78B7FE,1,10,team2,Team 2 (E/W),42,78,28,♥,finished,2026-05-17T16:36:53.034987+00:00
4114,INPROC_F07477,1,10,team1,Team 1 (N/S),97,23,30,♠,finished,2026-05-17T16:36:53.051262+00:00
4115,INPROC_930375,1,10,team1,Team 1 (N/S),103,17,11,♦,finished,2026-05-17T16:36:53.065874+00:00
4116,INPROC_AE7187,1,10,team2,Team 2 (E/W),39,81,32,♠,finished,2026-05-17T16:36:53.078505+00:00
4117,INPROC_5E9E87,1,10,team1,Team 1 (N/S),63,57,23,♥,finished,2026-05-17T16:36:53.095339+00:00
4118,INPROC_176DB0,1,10,team1,Team 1 (N/S),86,34,37,♠,finished,2026-05-17T16:36:53.113551+00:00
4119,INPROC_D4A001,1,10,team2,Team 2 (E/W),57,63,15,♦,finished,2026-05-17T16:36:53.132172+00:00
4120,INPROC_C011ED,1,10,team1,Team 1 (N/S),83,37,10,♦,finished,2026-05-17T16:36:53.147094+00:00
4121,INPROC_C5417C,1,10,team2,Team 2 (E/W),41,79,0,♣,finished,2026-05-17T16:36:53.160875+00:00
4122,INPROC_F8DBD5,1,10,team1,Team 1 (N/S),89,31,14,♦,finished,2026-05-17T16:36:53.175572+00:00
4123,INPROC_B27969,1,10,team1,Team 1 (N/S),86,34,27,♥,finished,2026-05-17T16:36:53.190874+00:00
4124,INPROC_CC3409,1,10,team1,Team 1 (N/S),75,45,16,♦,finished,2026-05-17T16:36:53.207793+00:00
4125,INPROC_5A3BED,1,10,team2,Team 2 (E/W),53,67,18,♦,finished,2026-05-17T16:36:53.223427+00:00
4126,INPROC_DB7A2E,1,10,team2,Team 2 (E/W),33,87,26,♥,finished,2026-05-17T16:36:53.239595+00:00
4127,INPROC_AE9663,1,10,team2,Team 2 (E/W),38,82,25,♥,finished,2026-05-17T16:36:53.254850+00:00
4128,INPROC_180E9D,1,10,team1,Team 1 (N/S),76,44,7,♣,finished,2026-05-17T16:36:53.269581+00:00
4129,INPROC_E6F97C,1,10,team1,Team 1 (N/S),66,54,4,♣,finished,2026-05-17T16:36:53.285085+00:00
4130,INPROC_015360,1,10,team2,Team 2 (E/W),8,112,6,♣,finished,2026-05-17T16:36:53.301447+00:00
4131,INPROC_AA7515,1,10,team2,Team 2 (E/W),51,69,38,♠,finished,2026-05-17T16:36:53.318195+00:00
4132,INPROC_53CCC7,1,10,team2,Team 2 (E/W),54,66,13,♦,finished,2026-05-17T16:36:53.334667+00:00
4133,INPROC_88B763,1,10,team2,Team 2 (E/W),50,70,36,♠,finished,2026-05-17T16:36:53.351713+00:00
4134,INPROC_9C95B7,1,10,team1,Team 1 (N/S),73,47,25,♥,finished,2026-05-17T16:36:53.365366+00:00
4135,INPROC_6342EC,1,10,team1,Team 1 (N/S),76,44,33,♠,finished,2026-05-17T16:36:53.381211+00:00
4136,INPROC_C04DBD,1,10,team2,Team 2 (E/W),56,64,14,♦,finished,2026-05-17T16:36:53.396633+00:00
4137,INPROC_DFEA02,1,10,team1,Team 1 (N/S),73,47,15,♦,finished,2026-05-17T16:36:53.412372+00:00
4138,INPROC_041690,1,10,team1,Team 1 (N/S),83,37,6,♣,finished,2026-05-17T16:36:53.428108+00:00
4139,INPROC_F98CD5,1,10,team1,Team 1 (N/S),73,47,38,♠,finished,2026-05-17T16:36:53.445421+00:00
4140,INPROC_1CD652,1,10,team2,Team 2 (E/W),50,70,25,♥,finished,2026-05-17T16:36:53.459847+00:00
4141,INPROC_897A63,1,10,team2,Team 2 (E/W),51,69,28,♥,finished,2026-05-17T16:36:53.474675+00:00
4142,INPROC_16569E,1,10,team1,Team 1 (N/S),82,38,30,♠,finished,2026-05-17T16:36:53.490923+00:00
4143,INPROC_E91073,1,10,team2,Team 2 (E/W),24,96,10,♦,finished,2026-05-17T16:36:53.506621+00:00
4144,INPROC_178484,1,10,team1,Team 1 (N/S),75,45,7,♣,finished,2026-05-17T16:36:53.521950+00:00
4145,INPROC_6CDEBF,1,10,team1,Team 1 (N/S),77,43,20,♥,finished,2026-05-17T16:36:53.536063+00:00
4146,INPROC_AA5E41,1,10,team1,Team 1 (N/S),102,18,27,♥,finished,2026-05-17T16:36:53.553411+00:00
4147,INPROC_66F7D1,1,10,team1,Team 1 (N/S),72,48,21,♥,finished,2026-05-17T16:36:53.568794+00:00
4148,INPROC_770C03,1,10,team2,Team 2 (E/W),43,77,8,♣,finished,2026-05-17T16:36:53.585775+00:00
4149,INPROC_46CAC1,1,10,team1,Team 1 (N/S),79,41,26,♥,finished,2026-05-17T16:36:53.600212+00:00
4150,INPROC_824C4F,1,10,team1,Team 1 (N/S),70,50,0,♣,finished,2026-05-17T16:36:53.612315+00:00
4151,INPROC_BF1F27,1,10,team2,Team 2 (E/W),58,62,4,♣,finished,2026-05-17T16:36:53.628708+00:00
4152,INPROC_38FD1E,1,10,team2,Team 2 (E/W),43,77,29,♥,finished,2026-05-17T16:36:53.645057+00:00
4153,INPROC_D3B0A0,1,10,team1,Team 1 (N/S),69,51,21,♥,finished,2026-05-17T16:36:53.661257+00:00
4154,INPROC_3FAC63,1,10,team2,Team 2 (E/W),40,80,33,♠,finished,2026-05-17T16:36:53.676457+00:00
4155,INPROC_8B7B93,1,10,team2,Team 2 (E/W),43,77,11,♦,finished,2026-05-17T16:36:53.693696+00:00
4156,INPROC_8C573E,1,10,team2,Team 2 (E/W),29,91,8,♣,finished,2026-05-17T16:36:53.709833+00:00
4157,INPROC_AC4829,1,10,team1,Team 1 (N/S),86,34,0,♣,finished,2026-05-17T16:36:53.727668+00:00
4158,INPROC_D74FC2,1,10,team2,Team 2 (E/W),46,74,28,♥,finished,2026-05-17T16:36:53.765545+00:00
4159,INPROC_28315A,1,10,team2,Team 2 (E/W),56,64,15,♦,finished,2026-05-17T16:36:53.801612+00:00
4160,INPROC_0ADE48,1,10,team2,Team 2 (E/W),57,63,35,♠,finished,2026-05-17T16:36:53.823572+00:00
4161,INPROC_F26CE1,1,10,team2,Team 2 (E/W),34,86,16,♦,finished,2026-05-17T16:36:53.844491+00:00
4162,INPROC_4A4545,1,10,team2,Team 2 (E/W),41,79,14,♦,finished,2026-05-17T16:36:53.861290+00:00
4163,INPROC_CEE5C5,1,10,team2,Team 2 (E/W),48,72,21,♥,finished,2026-05-17T16:36:53.875275+00:00
4164,INPROC_59DC62,1,10,team1,Team 1 (N/S),63,57,30,♠,finished,2026-05-17T16:36:53.890735+00:00
4165,INPROC_9FB307,1,10,team1,Team 1 (N/S),63,57,12,♦,finished,2026-05-17T16:36:53.906512+00:00
4166,INPROC_36E11C,1,10,team2,Team 2 (E/W),57,63,9,♣,finished,2026-05-17T16:36:53.921535+00:00
4167,INPROC_F715A9,1,10,team2,Team 2 (E/W),51,69,22,♥,finished,2026-05-17T16:36:53.938092+00:00
4168,INPROC_CC46D2,1,10,team1,Team 1 (N/S),110,10,15,♦,finished,2026-05-17T16:36:53.956284+00:00
4169,INPROC_06D5A1,1,10,team2,Team 2 (E/W),30,90,20,♥,finished,2026-05-17T16:36:53.972398+00:00
4170,INPROC_BB6367,1,10,draw,draw,60,60,21,♥,finished,2026-05-17T16:36:53.988438+00:00
4171,INPROC_3800F7,1,10,team2,Team 2 (E/W),18,102,17,♦,finished,2026-05-17T16:36:54.003610+00:00
4172,INPROC_1C2950,1,10,team1,Team 1 (N/S),73,47,20,♥,finished,2026-05-17T16:36:54.019713+00:00
4173,INPROC_1DAE38,1,10,team1,Team 1 (N/S),61,59,6,♣,finished,2026-05-17T16:36:54.035063+00:00
4174,INPROC_122F52,1,10,team2,Team 2 (E/W),55,65,7,♣,finished,2026-05-17T16:36:54.053235+00:00
4175,INPROC_A4A4ED,1,10,team2,Team 2 (E/W),52,68,9,♣,finished,2026-05-17T16:36:54.069821+00:00
4176,INPROC_9E2675,1,10,team1,Team 1 (N/S),105,15,11,♦,finished,2026-05-17T16:36:54.086192+00:00
4177,INPROC_7F1DC3,1,10,team1,Team 1 (N/S),72,48,34,♠,finished,2026-05-17T16:36:54.101135+00:00
4178,INPROC_D85898,1,10,team1,Team 1 (N/S),73,47,2,♣,finished,2026-05-17T16:36:54.111873+00:00
4179,INPROC_EA1F47,1,10,team1,Team 1 (N/S),65,55,20,♥,finished,2026-05-17T16:36:54.127711+00:00
4180,INPROC_46C3D0,1,10,team2,Team 2 (E/W),26,94,0,♣,finished,2026-05-17T16:36:54.143550+00:00
4181,INPROC_BF0AC2,1,10,team1,Team 1 (N/S),62,58,19,♦,finished,2026-05-17T16:36:54.164830+00:00
4182,INPROC_6560A6,1,10,team1,Team 1 (N/S),69,51,10,♦,finished,2026-05-17T16:36:54.180315+00:00
4183,INPROC_A918DF,1,10,team1,Team 1 (N/S),71,49,11,♦,finished,2026-05-17T16:36:54.196657+00:00
4184,INPROC_8392F1,1,10,team1,Team 1 (N/S),93,27,0,♣,finished,2026-05-17T16:36:54.213386+00:00
4185,INPROC_7B45EF,1,10,team1,Team 1 (N/S),67,53,10,♦,finished,2026-05-17T16:36:54.230470+00:00
4186,INPROC_5392A0,1,10,team2,Team 2 (E/W),38,82,17,♦,finished,2026-05-17T16:36:54.244872+00:00
4187,INPROC_32B4A3,1,10,team2,Team 2 (E/W),42,78,1,♣,finished,2026-05-17T16:36:54.259476+00:00
4188,INPROC_DDCDED,1,10,team2,Team 2 (E/W),39,81,15,♦,finished,2026-05-17T16:36:54.274970+00:00
4189,INPROC_AD5DC7,1,10,team1,Team 1 (N/S),63,57,38,♠,finished,2026-05-17T16:36:54.290577+00:00
4190,INPROC_3F85C6,1,10,team1,Team 1 (N/S),99,21,33,♠,finished,2026-05-17T16:36:54.305869+00:00
4191,INPROC_583809,1,10,team2,Team 2 (E/W),30,90,9,♣,finished,2026-05-17T16:36:54.320987+00:00
4192,INPROC_2F2349,1,10,team2,Team 2 (E/W),15,105,26,♥,finished,2026-05-17T16:36:54.336822+00:00
4193,INPROC_516B8B,1,10,team1,Team 1 (N/S),80,40,10,♦,finished,2026-05-17T16:36:54.351599+00:00
4194,INPROC_5B532D,1,10,team1,Team 1 (N/S),67,53,16,♦,finished,2026-05-17T16:36:54.367935+00:00
4195,INPROC_C8DBD6,1,10,team2,Team 2 (E/W),44,76,11,♦,finished,2026-05-17T16:36:54.385408+00:00
4196,INPROC_954A8E,1,10,team2,Team 2 (E/W),40,80,11,♦,finished,2026-05-17T16:36:54.402073+00:00
4197,INPROC_8924FD,1,10,team1,Team 1 (N/S),73,47,11,♦,finished,2026-05-17T16:36:54.420398+00:00
4198,INPROC_64F403,1,10,draw,draw,60,60,21,♥,finished,2026-05-17T16:36:54.435233+00:00
4199,INPROC_7CAFFA,1,10,team2,Team 2 (E/W),24,96,11,♦,finished,2026-05-17T16:36:54.451072+00:00
4200,INPROC_108FB7,1,10,team1,Team 1 (N/S),69,51,32,♠,finished,2026-05-17T16:36:54.466914+00:00
4201,INPROC_EF2C07,1,10,team1,Team 1 (N/S),74,46,3,♣,finished,2026-05-17T16:36:54.490163+00:00
4202,INPROC_B8D0CD,1,10,team1,Team 1 (N/S),76,44,19,♦,finished,2026-05-17T16:36:54.510611+00:00
4203,INPROC_241D9C,1,10,team1,Team 1 (N/S),73,47,37,♠,finished,2026-05-17T16:36:54.528216+00:00
4204,INPROC_9CAD48,1,10,team1,Team 1 (N/S),81,39,15,♦,finished,2026-05-17T16:36:54.544081+00:00
4205,INPROC_7F5139,1,10,team2,Team 2 (E/W),41,79,5,♣,finished,2026-05-17T16:36:54.558595+00:00
4206,INPROC_1A4BD3,1,10,team2,Team 2 (E/W),44,76,32,♠,finished,2026-05-17T16:36:54.572924+00:00
4207,INPROC_6B6900,1,10,draw,draw,60,60,9,♣,finished,2026-05-17T16:36:54.586972+00:00
4208,INPROC_DEAC15,1,10,team1,Team 1 (N/S),99,21,35,♠,finished,2026-05-17T16:36:54.602332+00:00
4209,INPROC_3BD618,1,10,team1,Team 1 (N/S),68,52,37,♠,finished,2026-05-17T16:36:54.615329+00:00
4210,INPROC_7DC955,1,10,team2,Team 2 (E/W),44,76,30,♠,finished,2026-05-17T16:36:54.630866+00:00
4211,INPROC_79619A,1,10,team1,Team 1 (N/S),105,15,34,♠,finished,2026-05-17T16:36:54.646293+00:00
4212,INPROC_3BAAF7,1,10,team2,Team 2 (E/W),47,73,19,♦,finished,2026-05-17T16:36:54.661130+00:00
4213,INPROC_86B783,1,10,team1,Team 1 (N/S),61,59,14,♦,finished,2026-05-17T16:36:54.678474+00:00
4214,INPROC_6A95DD,1,10,team2,Team 2 (E/W),43,77,21,♥,finished,2026-05-17T16:36:54.695192+00:00
4215,INPROC_BB9F50,1,10,team2,Team 2 (E/W),54,66,3,♣,finished,2026-05-17T16:36:54.713377+00:00
4216,INPROC_C38F85,1,10,team2,Team 2 (E/W),48,72,33,♠,finished,2026-05-17T16:36:54.729505+00:00
4217,INPROC_6461F8,1,10,team2,Team 2 (E/W),18,102,37,♠,finished,2026-05-17T16:36:54.746666+00:00
4218,INPROC_7ECA69,1,10,team1,Team 1 (N/S),77,43,34,♠,finished,2026-05-17T16:36:54.763269+00:00
4219,INPROC_41C252,1,10,team2,Team 2 (E/W),51,69,33,♠,finished,2026-05-17T16:36:54.779641+00:00
4220,INPROC_0EA40F,1,10,team1,Team 1 (N/S),68,52,35,♠,finished,2026-05-17T16:36:54.794727+00:00
4221,INPROC_290D97,1,10,team2,Team 2 (E/W),29,91,9,♣,finished,2026-05-17T16:36:54.812004+00:00
4222,INPROC_F26310,1,10,team2,Team 2 (E/W),22,98,2,♣,finished,2026-05-17T16:36:54.827936+00:00
4223,INPROC_034D99,1,10,team2,Team 2 (E/W),29,91,28,♥,finished,2026-05-17T16:36:54.842138+00:00
4224,INPROC_4F6E30,1,10,team2,Team 2 (E/W),31,89,24,♥,finished,2026-05-17T16:36:54.855955+00:00
4225,INPROC_BE283A,1,10,team2,Team 2 (E/W),26,94,16,♦,finished,2026-05-17T16:36:54.871679+00:00
4226,INPROC_5093AE,1,10,team2,Team 2 (E/W),59,61,4,♣,finished,2026-05-17T16:36:54.885864+00:00
4227,INPROC_84C65F,1,10,team2,Team 2 (E/W),56,64,27,♥,finished,2026-05-17T16:36:54.902233+00:00
4228,INPROC_E59C7B,1,10,team2,Team 2 (E/W),41,79,21,♥,finished,2026-05-17T16:36:54.918217+00:00
4229,INPROC_27D3E3,1,10,team2,Team 2 (E/W),34,86,14,♦,finished,2026-05-17T16:36:54.935415+00:00
4230,INPROC_740496,1,10,team1,Team 1 (N/S),64,56,11,♦,finished,2026-05-17T16:36:54.953035+00:00
4231,INPROC_14733D,1,10,team1,Team 1 (N/S),63,57,5,♣,finished,2026-05-17T16:36:54.969166+00:00
4232,INPROC_0497DD,1,10,team1,Team 1 (N/S),64,56,13,♦,finished,2026-05-17T16:36:54.982959+00:00
4233,INPROC_B6080A,1,10,team2,Team 2 (E/W),47,73,4,♣,finished,2026-05-17T16:36:54.998773+00:00
4234,INPROC_9069DE,1,10,team2,Team 2 (E/W),44,76,27,♥,finished,2026-05-17T16:36:55.014949+00:00
4235,INPROC_D771BF,1,10,team2,Team 2 (E/W),37,83,26,♥,finished,2026-05-17T16:36:55.029674+00:00
4236,INPROC_CCD45F,1,10,team2,Team 2 (E/W),57,63,31,♠,finished,2026-05-17T16:36:55.044679+00:00
4237,INPROC_118AF0,1,10,team2,Team 2 (E/W),55,65,12,♦,finished,2026-05-17T16:36:55.060865+00:00
4238,INPROC_C97115,1,10,team1,Team 1 (N/S),84,36,26,♥,finished,2026-05-17T16:36:55.077141+00:00
4239,INPROC_B85F3F,1,10,team1,Team 1 (N/S),79,41,16,♦,finished,2026-05-17T16:36:55.094635+00:00
4240,INPROC_03E3F1,1,10,team1,Team 1 (N/S),74,46,28,♥,finished,2026-05-17T16:36:55.112060+00:00
4241,INPROC_151C21,1,10,team2,Team 2 (E/W),2,118,9,♣,finished,2026-05-17T16:36:55.127876+00:00
4242,INPROC_21DA37,1,10,team1,Team 1 (N/S),112,8,36,♠,finished,2026-05-17T16:36:55.143430+00:00
4243,INPROC_24311F,1,10,team1,Team 1 (N/S),89,31,29,♥,finished,2026-05-17T16:36:55.157912+00:00
4244,INPROC_8B46DA,1,10,team1,Team 1 (N/S),72,48,14,♦,finished,2026-05-17T16:36:55.173324+00:00
4245,INPROC_A55623,1,10,team2,Team 2 (E/W),38,82,1,♣,finished,2026-05-17T16:36:55.187215+00:00
4246,INPROC_145453,1,10,team2,Team 2 (E/W),38,82,39,♠,finished,2026-05-17T16:36:55.203618+00:00
4247,INPROC_1462F9,1,10,team1,Team 1 (N/S),81,39,17,♦,finished,2026-05-17T16:36:55.219677+00:00
4248,INPROC_3F43BA,1,10,team2,Team 2 (E/W),57,63,33,♠,finished,2026-05-17T16:36:55.235435+00:00
4249,INPROC_F627B3,1,10,team2,Team 2 (E/W),45,75,10,♦,finished,2026-05-17T16:36:55.252161+00:00
4250,INPROC_FAC502,1,10,team1,Team 1 (N/S),80,40,1,♣,finished,2026-05-17T16:36:55.267406+00:00
4251,INPROC_043209,1,10,team2,Team 2 (E/W),28,92,17,♦,finished,2026-05-17T16:36:55.280951+00:00
4252,INPROC_C871EA,1,10,team1,Team 1 (N/S),104,16,21,♥,finished,2026-05-17T16:36:55.295956+00:00
4253,INPROC_6C4A74,1,10,team2,Team 2 (E/W),48,72,33,♠,finished,2026-05-17T16:36:55.310679+00:00
4254,INPROC_A7A91A,1,10,team1,Team 1 (N/S),74,46,13,♦,finished,2026-05-17T16:36:55.326619+00:00
4255,INPROC_F66C6B,1,10,team2,Team 2 (E/W),35,85,23,♥,finished,2026-05-17T16:36:55.343319+00:00
4256,INPROC_7012D0,1,10,team2,Team 2 (E/W),26,94,32,♠,finished,2026-05-17T16:36:55.356607+00:00
4257,INPROC_312236,1,10,team2,Team 2 (E/W),48,72,20,♥,finished,2026-05-17T16:36:55.372765+00:00
4258,INPROC_A2A1D4,1,10,team2,Team 2 (E/W),50,70,16,♦,finished,2026-05-17T16:36:55.386788+00:00
4259,INPROC_694AC8,1,10,team1,Team 1 (N/S),82,38,34,♠,finished,2026-05-17T16:36:55.403046+00:00
4260,INPROC_3E695E,1,10,team1,Team 1 (N/S),95,25,31,♠,finished,2026-05-17T16:36:55.417955+00:00
4261,INPROC_4405AE,1,10,team1,Team 1 (N/S),88,32,21,♥,finished,2026-05-17T16:36:55.432142+00:00
4262,INPROC_43A95A,1,10,team1,Team 1 (N/S),96,24,4,♣,finished,2026-05-17T16:36:55.447110+00:00
4263,INPROC_AC003E,1,10,team1,Team 1 (N/S),84,36,34,♠,finished,2026-05-17T16:36:55.462217+00:00
4264,INPROC_334B0E,1,10,team1,Team 1 (N/S),94,26,12,♦,finished,2026-05-17T16:36:55.478689+00:00
4265,INPROC_510259,1,10,team2,Team 2 (E/W),59,61,39,♠,finished,2026-05-17T16:36:55.494703+00:00
4266,INPROC_9764B9,1,10,team2,Team 2 (E/W),57,63,23,♥,finished,2026-05-17T16:36:55.511917+00:00
4267,INPROC_542DCC,1,10,team1,Team 1 (N/S),70,50,12,♦,finished,2026-05-17T16:36:55.527772+00:00
4268,INPROC_6475DD,1,10,team2,Team 2 (E/W),33,87,4,♣,finished,2026-05-17T16:36:55.543083+00:00
4269,INPROC_B2B146,1,10,team2,Team 2 (E/W),30,90,27,♥,finished,2026-05-17T16:36:55.558562+00:00
4270,INPROC_1C3162,1,10,team1,Team 1 (N/S),86,34,6,♣,finished,2026-05-17T16:36:55.573655+00:00
4271,INPROC_98A0DC,1,10,team1,Team 1 (N/S),71,49,6,♣,finished,2026-05-17T16:36:55.590331+00:00
4272,INPROC_125182,1,10,team1,Team 1 (N/S),68,52,12,♦,finished,2026-05-17T16:36:55.605722+00:00
4273,INPROC_63B7C5,1,10,team1,Team 1 (N/S),62,58,14,♦,finished,2026-05-17T16:36:55.621160+00:00
4274,INPROC_350B1C,1,10,team2,Team 2 (E/W),56,64,6,♣,finished,2026-05-17T16:36:55.639513+00:00
4275,INPROC_2FC42F,1,10,team2,Team 2 (E/W),34,86,23,♥,finished,2026-05-17T16:36:55.655062+00:00
4276,INPROC_19A405,1,10,team1,Team 1 (N/S),78,42,3,♣,finished,2026-05-17T16:36:55.671393+00:00
4277,INPROC_9EBD3F,1,10,team2,Team 2 (E/W),48,72,7,♣,finished,2026-05-17T16:36:55.688693+00:00
4278,INPROC_79BEEC,1,10,team2,Team 2 (E/W),31,89,36,♠,finished,2026-05-17T16:36:55.705822+00:00
4279,INPROC_EA8E06,1,10,team2,Team 2 (E/W),32,88,17,♦,finished,2026-05-17T16:36:55.724105+00:00
4280,INPROC_0B6AD8,1,10,team1,Team 1 (N/S),90,30,17,♦,finished,2026-05-17T16:36:55.740692+00:00
4281,INPROC_C68907,1,10,team2,Team 2 (E/W),53,67,16,♦,finished,2026-05-17T16:36:55.758834+00:00
4282,INPROC_83027A,1,10,team1,Team 1 (N/S),61,59,19,♦,finished,2026-05-17T16:36:55.774289+00:00
4283,INPROC_C7B7D5,1,10,team1,Team 1 (N/S),76,44,25,♥,finished,2026-05-17T16:36:55.791513+00:00
4284,INPROC_C0C0D5,1,10,team1,Team 1 (N/S),94,26,6,♣,finished,2026-05-17T16:36:55.807865+00:00
4285,INPROC_D3A2C0,1,10,team1,Team 1 (N/S),83,37,27,♥,finished,2026-05-17T16:36:55.825415+00:00
4286,INPROC_5030E6,1,10,team2,Team 2 (E/W),42,78,25,♥,finished,2026-05-17T16:36:55.842398+00:00
4287,INPROC_08B4D8,1,10,team2,Team 2 (E/W),59,61,34,♠,finished,2026-05-17T16:36:55.858925+00:00
4288,INPROC_794F52,1,10,team2,Team 2 (E/W),33,87,21,♥,finished,2026-05-17T16:36:55.875408+00:00
4289,INPROC_1D9E2F,1,10,team2,Team 2 (E/W),45,75,27,♥,finished,2026-05-17T16:36:55.891426+00:00
4290,INPROC_A9238D,1,10,team1,Team 1 (N/S),76,44,28,♥,finished,2026-05-17T16:36:55.907398+00:00
4291,INPROC_069AD3,1,10,team2,Team 2 (E/W),24,96,12,♦,finished,2026-05-17T16:36:55.923074+00:00
4292,INPROC_9EB210,1,10,team1,Team 1 (N/S),81,39,28,♥,finished,2026-05-17T16:36:55.938793+00:00
4293,INPROC_644C25,1,10,team2,Team 2 (E/W),52,68,23,♥,finished,2026-05-17T16:36:55.954401+00:00
4294,INPROC_595DA7,1,10,team1,Team 1 (N/S),68,52,6,♣,finished,2026-05-17T16:36:55.971765+00:00
4295,INPROC_0DA41A,1,10,team2,Team 2 (E/W),24,96,33,♠,finished,2026-05-17T16:36:55.991055+00:00
4296,INPROC_70014C,1,10,team2,Team 2 (E/W),31,89,20,♥,finished,2026-05-17T16:36:56.010357+00:00
4297,INPROC_59F538,1,10,team1,Team 1 (N/S),114,6,3,♣,finished,2026-05-17T16:36:56.026899+00:00
4298,INPROC_96005E,1,10,team1,Team 1 (N/S),65,55,28,♥,finished,2026-05-17T16:36:56.040528+00:00
4299,INPROC_6C9E39,1,10,team1,Team 1 (N/S),84,36,23,♥,finished,2026-05-17T16:36:56.055804+00:00
4300,INPROC_19BFE4,1,10,team1,Team 1 (N/S),70,50,20,♥,finished,2026-05-17T16:36:56.072526+00:00
4301,INPROC_87AB2B,1,10,team1,Team 1 (N/S),93,27,1,♣,finished,2026-05-17T16:36:56.090199+00:00
4302,INPROC_B5C551,1,10,team1,Team 1 (N/S),86,34,3,♣,finished,2026-05-17T16:36:56.103776+00:00
4303,INPROC_5FB6D8,1,10,team1,Team 1 (N/S),85,35,11,♦,finished,2026-05-17T16:36:56.117474+00:00
4304,INPROC_34164A,1,10,team1,Team 1 (N/S),63,57,18,♦,finished,2026-05-17T16:36:56.132970+00:00
4305,INPROC_17240B,1,10,team1,Team 1 (N/S),63,57,3,♣,finished,2026-05-17T16:36:56.148012+00:00
4306,INPROC_5AFD1D,1,10,team1,Team 1 (N/S),77,43,24,♥,finished,2026-05-17T16:36:56.163087+00:00
4307,INPROC_4B6A82,1,10,team2,Team 2 (E/W),37,83,14,♦,finished,2026-05-17T16:36:56.177682+00:00
4308,INPROC_366E27,1,10,team1,Team 1 (N/S),72,48,22,♥,finished,2026-05-17T16:36:56.190571+00:00
4309,INPROC_7C0D01,1,10,team1,Team 1 (N/S),96,24,19,♦,finished,2026-05-17T16:36:56.206167+00:00
4310,INPROC_0FA832,1,10,team1,Team 1 (N/S),79,41,36,♠,finished,2026-05-17T16:36:56.223984+00:00
4311,INPROC_A011D4,1,10,team2,Team 2 (E/W),19,101,20,♥,finished,2026-05-17T16:36:56.239481+00:00
4312,INPROC_B3FC25,1,10,team2,Team 2 (E/W),45,75,13,♦,finished,2026-05-17T16:36:56.254751+00:00
4313,INPROC_4F39EA,1,10,team2,Team 2 (E/W),57,63,13,♦,finished,2026-05-17T16:36:56.269513+00:00
4314,INPROC_CC686E,1,10,team2,Team 2 (E/W),39,81,21,♥,finished,2026-05-17T16:36:56.284118+00:00
4315,INPROC_29D157,1,10,draw,draw,60,60,33,♠,finished,2026-05-17T16:36:56.299549+00:00
4316,INPROC_F832FB,1,10,team1,Team 1 (N/S),81,39,3,♣,finished,2026-05-17T16:36:56.316385+00:00
4317,INPROC_3DF0E9,1,10,team2,Team 2 (E/W),59,61,28,♥,finished,2026-05-17T16:36:56.333369+00:00
4318,INPROC_48FE51,1,10,team1,Team 1 (N/S),91,29,2,♣,finished,2026-05-17T16:36:56.348993+00:00
4319,INPROC_8CF41F,1,10,team1,Team 1 (N/S),111,9,32,♠,finished,2026-05-17T16:36:56.366913+00:00
4320,INPROC_B8905D,1,10,team2,Team 2 (E/W),57,63,38,♠,finished,2026-05-17T16:36:56.384011+00:00
4321,INPROC_1B3EEF,1,10,team2,Team 2 (E/W),20,100,5,♣,finished,2026-05-17T16:36:56.398540+00:00
4322,INPROC_3771BD,1,10,team2,Team 2 (E/W),42,78,1,♣,finished,2026-05-17T16:36:56.412400+00:00
4323,INPROC_FFDF7A,1,10,team1,Team 1 (N/S),72,48,29,♥,finished,2026-05-17T16:36:56.427977+00:00
4324,INPROC_3B4644,1,10,team1,Team 1 (N/S),68,52,31,♠,finished,2026-05-17T16:36:56.441759+00:00
4325,INPROC_442F29,1,10,team2,Team 2 (E/W),31,89,23,♥,finished,2026-05-17T16:36:56.457752+00:00
4326,INPROC_2A6B6D,1,10,team2,Team 2 (E/W),52,68,19,♦,finished,2026-05-17T16:36:56.472339+00:00
4327,INPROC_67751C,1,10,team1,Team 1 (N/S),91,29,6,♣,finished,2026-05-17T16:36:56.488053+00:00
4328,INPROC_3023F2,1,10,team1,Team 1 (N/S),61,59,35,♠,finished,2026-05-17T16:36:56.504307+00:00
4329,INPROC_39805C,1,10,team2,Team 2 (E/W),34,86,22,♥,finished,2026-05-17T16:36:56.520742+00:00
4330,INPROC_50049E,1,10,team1,Team 1 (N/S),88,32,39,♠,finished,2026-05-17T16:36:56.536682+00:00
4331,INPROC_8B3C6B,1,10,team1,Team 1 (N/S),67,53,12,♦,finished,2026-05-17T16:36:56.549592+00:00
4332,INPROC_5C83F3,1,10,team2,Team 2 (E/W),50,70,16,♦,finished,2026-05-17T16:36:56.562095+00:00
4333,INPROC_7D1BF4,1,10,team2,Team 2 (E/W),37,83,20,♥,finished,2026-05-17T16:36:56.574219+00:00
4334,INPROC_E8988C,1,10,team1,Team 1 (N/S),83,37,34,♠,finished,2026-05-17T16:36:56.589450+00:00
4335,INPROC_457F54,1,10,team2,Team 2 (E/W),54,66,32,♠,finished,2026-05-17T16:36:56.602810+00:00
4336,INPROC_40BA3C,1,10,team1,Team 1 (N/S),70,50,33,♠,finished,2026-05-17T16:36:56.619483+00:00
4337,INPROC_2BE0E5,1,10,team1,Team 1 (N/S),100,20,22,♥,finished,2026-05-17T16:36:56.634646+00:00
4338,INPROC_49EABD,1,10,team2,Team 2 (E/W),37,83,37,♠,finished,2026-05-17T16:36:56.651623+00:00
4339,INPROC_0C567C,1,10,team1,Team 1 (N/S),71,49,25,♥,finished,2026-05-17T16:36:56.667473+00:00
4340,INPROC_6960F8,1,10,team1,Team 1 (N/S),84,36,26,♥,finished,2026-05-17T16:36:56.683944+00:00
4341,INPROC_242282,1,10,team1,Team 1 (N/S),66,54,26,♥,finished,2026-05-17T16:36:56.700916+00:00
4342,INPROC_4FDE92,1,10,team2,Team 2 (E/W),35,85,30,♠,finished,2026-05-17T16:36:56.716990+00:00
4343,INPROC_BE3AE9,1,10,team2,Team 2 (E/W),48,72,25,♥,finished,2026-05-17T16:36:56.733244+00:00
4344,INPROC_4A977A,1,10,team2,Team 2 (E/W),47,73,38,♠,finished,2026-05-17T16:36:56.749646+00:00
4345,INPROC_6470A0,1,10,team2,Team 2 (E/W),24,96,3,♣,finished,2026-05-17T16:36:56.767131+00:00
4346,INPROC_B63326,1,10,team2,Team 2 (E/W),32,88,26,♥,finished,2026-05-17T16:36:56.781651+00:00
4347,INPROC_AF7F47,1,10,team1,Team 1 (N/S),63,57,38,♠,finished,2026-05-17T16:36:56.798122+00:00
4348,INPROC_91830A,1,10,team2,Team 2 (E/W),52,68,38,♠,finished,2026-05-17T16:36:56.814067+00:00
4349,INPROC_9851BC,1,10,team1,Team 1 (N/S),62,58,0,♣,finished,2026-05-17T16:36:56.830281+00:00
4350,INPROC_D1C515,1,10,team1,Team 1 (N/S),77,43,6,♣,finished,2026-05-17T16:36:56.845726+00:00
4351,INPROC_058C7C,1,10,draw,draw,60,60,9,♣,finished,2026-05-17T16:36:56.862230+00:00
4352,INPROC_1D5334,1,10,team2,Team 2 (E/W),47,73,9,♣,finished,2026-05-17T16:36:56.878651+00:00
4353,INPROC_5E2A4D,1,10,team1,Team 1 (N/S),65,55,1,♣,finished,2026-05-17T16:36:56.893725+00:00
4354,INPROC_3D1EF3,1,10,team1,Team 1 (N/S),79,41,24,♥,finished,2026-05-17T16:36:56.910817+00:00
4355,INPROC_248557,1,10,team1,Team 1 (N/S),84,36,4,♣,finished,2026-05-17T16:36:56.926605+00:00
4356,INPROC_5E0803,1,10,team1,Team 1 (N/S),78,42,32,♠,finished,2026-05-17T16:36:56.943664+00:00
4357,INPROC_C3C6A0,1,10,team1,Team 1 (N/S),63,57,9,♣,finished,2026-05-17T16:36:56.959575+00:00
4358,INPROC_E91228,1,10,team1,Team 1 (N/S),71,49,24,♥,finished,2026-05-17T16:36:56.976546+00:00
4359,INPROC_DAECA4,1,10,team2,Team 2 (E/W),28,92,18,♦,finished,2026-05-17T16:36:56.994260+00:00
4360,INPROC_0F876E,1,10,team1,Team 1 (N/S),71,49,7,♣,finished,2026-05-17T16:36:57.010175+00:00
4361,INPROC_F80BCB,1,10,team2,Team 2 (E/W),40,80,27,♥,finished,2026-05-17T16:36:57.026741+00:00
4362,INPROC_9D558C,1,10,team2,Team 2 (E/W),51,69,33,♠,finished,2026-05-17T16:36:57.043245+00:00
4363,INPROC_0B8DAE,1,10,team1,Team 1 (N/S),75,45,34,♠,finished,2026-05-17T16:36:57.057260+00:00
4364,INPROC_A42C14,1,10,team2,Team 2 (E/W),42,78,26,♥,finished,2026-05-17T16:36:57.072917+00:00
4365,INPROC_C69E5F,1,10,team1,Team 1 (N/S),77,43,29,♥,finished,2026-05-17T16:36:57.088605+00:00
4366,INPROC_0E8604,1,10,team1,Team 1 (N/S),85,35,0,♣,finished,2026-05-17T16:36:57.104292+00:00
4367,INPROC_FDDB73,1,10,team1,Team 1 (N/S),77,43,16,♦,finished,2026-05-17T16:36:57.118999+00:00
4368,INPROC_D17870,1,10,team2,Team 2 (E/W),15,105,22,♥,finished,2026-05-17T16:36:57.134263+00:00
4369,INPROC_DA2BA9,1,10,team1,Team 1 (N/S),86,34,15,♦,finished,2026-05-17T16:36:57.149830+00:00
4370,INPROC_406D37,1,10,team2,Team 2 (E/W),28,92,29,♥,finished,2026-05-17T16:36:57.166215+00:00
4371,INPROC_492208,1,10,team2,Team 2 (E/W),57,63,12,♦,finished,2026-05-17T16:36:57.182275+00:00
4372,INPROC_6F99B9,1,10,team2,Team 2 (E/W),29,91,29,♥,finished,2026-05-17T16:36:57.197465+00:00
4373,INPROC_A7027D,1,10,team2,Team 2 (E/W),12,108,25,♥,finished,2026-05-17T16:36:57.213458+00:00
4374,INPROC_468451,1,10,team1,Team 1 (N/S),63,57,9,♣,finished,2026-05-17T16:36:57.224058+00:00
4375,INPROC_C728AB,1,10,team1,Team 1 (N/S),76,44,11,♦,finished,2026-05-17T16:36:57.240425+00:00
4376,INPROC_E2A6E9,1,10,team1,Team 1 (N/S),74,46,34,♠,finished,2026-05-17T16:36:57.255570+00:00
4377,INPROC_684143,1,10,team2,Team 2 (E/W),0,120,32,♠,finished,2026-05-17T16:36:57.271712+00:00
4378,INPROC_16CB0F,1,10,team1,Team 1 (N/S),90,30,30,♠,finished,2026-05-17T16:36:57.287384+00:00
4379,INPROC_02BFE5,1,10,team2,Team 2 (E/W),9,111,7,♣,finished,2026-05-17T16:36:57.304686+00:00
4380,INPROC_25C235,1,10,team1,Team 1 (N/S),109,11,5,♣,finished,2026-05-17T16:36:57.321271+00:00
4381,INPROC_5E83AA,1,10,team1,Team 1 (N/S),82,38,30,♠,finished,2026-05-17T16:36:57.337289+00:00
4382,INPROC_573A9F,1,10,team2,Team 2 (E/W),21,99,23,♥,finished,2026-05-17T16:36:57.352822+00:00
4383,INPROC_0CC2B1,1,10,team1,Team 1 (N/S),111,9,36,♠,finished,2026-05-17T16:36:57.369295+00:00
4384,INPROC_676530,1,10,team2,Team 2 (E/W),44,76,39,♠,finished,2026-05-17T16:36:57.385829+00:00
4385,INPROC_91AE60,1,10,team2,Team 2 (E/W),49,71,32,♠,finished,2026-05-17T16:36:57.403869+00:00
4386,INPROC_B1F129,1,10,team1,Team 1 (N/S),76,44,18,♦,finished,2026-05-17T16:36:57.418514+00:00
4387,INPROC_574989,1,10,team2,Team 2 (E/W),29,91,25,♥,finished,2026-05-17T16:36:57.434981+00:00
4388,INPROC_D0FFCF,1,10,team2,Team 2 (E/W),44,76,26,♥,finished,2026-05-17T16:36:57.451038+00:00
4389,INPROC_764EF1,1,10,team1,Team 1 (N/S),88,32,2,♣,finished,2026-05-17T16:36:57.469560+00:00
4390,INPROC_548239,1,10,team2,Team 2 (E/W),41,79,7,♣,finished,2026-05-17T16:36:57.485782+00:00
4391,INPROC_921D48,1,10,team1,Team 1 (N/S),71,49,19,♦,finished,2026-05-17T16:36:57.501352+00:00
4392,INPROC_058EB6,1,10,team2,Team 2 (E/W),24,96,33,♠,finished,2026-05-17T16:36:57.517948+00:00
4393,INPROC_5741F4,1,10,team1,Team 1 (N/S),61,59,0,♣,finished,2026-05-17T16:36:57.533764+00:00
4394,INPROC_3857EC,1,10,team1,Team 1 (N/S),64,56,38,♠,finished,2026-05-17T16:36:57.549611+00:00
4395,INPROC_745E6D,1,10,team1,Team 1 (N/S),70,50,16,♦,finished,2026-05-17T16:36:57.565572+00:00
4396,INPROC_996AFA,1,10,team2,Team 2 (E/W),19,101,17,♦,finished,2026-05-17T16:36:57.583385+00:00
4397,INPROC_B83819,1,10,team2,Team 2 (E/W),19,101,16,♦,finished,2026-05-17T16:36:57.599325+00:00
4398,INPROC_E6EE81,1,10,team1,Team 1 (N/S),94,26,4,♣,finished,2026-05-17T16:36:57.617494+00:00
4399,INPROC_84F935,1,10,team2,Team 2 (E/W),36,84,20,♥,finished,2026-05-17T16:36:57.633601+00:00
4400,INPROC_819B5D,1,10,team2,Team 2 (E/W),35,85,22,♥,finished,2026-05-17T16:36:57.651640+00:00
4401,INPROC_0A6300,1,10,team2,Team 2 (E/W),41,79,16,♦,finished,2026-05-17T16:36:57.670374+00:00
4402,INPROC_9C7A5F,1,10,team2,Team 2 (E/W),33,87,26,♥,finished,2026-05-17T16:36:57.687418+00:00
4403,INPROC_870500,1,10,team2,Team 2 (E/W),36,84,14,♦,finished,2026-05-17T16:36:57.703685+00:00
4404,INPROC_68E2EE,1,10,team2,Team 2 (E/W),43,77,36,♠,finished,2026-05-17T16:36:57.720166+00:00
4405,INPROC_3D1130,1,10,team1,Team 1 (N/S),109,11,13,♦,finished,2026-05-17T16:36:57.736920+00:00
4406,INPROC_69EF12,1,10,team2,Team 2 (E/W),55,65,30,♠,finished,2026-05-17T16:36:57.755610+00:00
4407,INPROC_3941EA,1,10,team2,Team 2 (E/W),58,62,26,♥,finished,2026-05-17T16:36:57.773362+00:00
4408,INPROC_D47A58,1,10,team1,Team 1 (N/S),110,10,17,♦,finished,2026-05-17T16:36:57.793560+00:00
4409,INPROC_E144B1,1,10,team2,Team 2 (E/W),28,92,31,♠,finished,2026-05-17T16:36:57.809497+00:00
4410,INPROC_FFEB30,1,10,team1,Team 1 (N/S),64,56,16,♦,finished,2026-05-17T16:36:57.829726+00:00
4411,INPROC_812D8C,1,10,team2,Team 2 (E/W),24,96,30,♠,finished,2026-05-17T16:36:57.848442+00:00
4412,INPROC_98BB61,1,10,team2,Team 2 (E/W),26,94,33,♠,finished,2026-05-17T16:36:57.866281+00:00
4413,INPROC_394174,1,10,team1,Team 1 (N/S),64,56,22,♥,finished,2026-05-17T16:36:57.883392+00:00
4414,INPROC_BB3BFD,1,10,team1,Team 1 (N/S),67,53,33,♠,finished,2026-05-17T16:36:57.902269+00:00
4415,INPROC_6ACA5E,1,10,team2,Team 2 (E/W),46,74,29,♥,finished,2026-05-17T16:36:57.923192+00:00
4416,INPROC_37D4C3,1,10,team2,Team 2 (E/W),0,120,28,♥,finished,2026-05-17T16:36:57.945617+00:00
4417,INPROC_08E1FE,1,10,team1,Team 1 (N/S),61,59,18,♦,finished,2026-05-17T16:36:57.965714+00:00
4418,INPROC_3722BC,1,10,team2,Team 2 (E/W),39,81,30,♠,finished,2026-05-17T16:36:57.985149+00:00
4419,INPROC_435732,1,10,team2,Team 2 (E/W),31,89,6,♣,finished,2026-05-17T16:36:58.002647+00:00
4420,INPROC_9E4B07,1,10,team2,Team 2 (E/W),3,117,39,♠,finished,2026-05-17T16:36:58.020680+00:00
4421,INPROC_F61B91,1,10,team1,Team 1 (N/S),83,37,26,♥,finished,2026-05-17T16:36:58.048484+00:00
4422,INPROC_25F705,1,10,draw,draw,60,60,19,♦,finished,2026-05-17T16:36:58.069705+00:00
4423,INPROC_99CB45,1,10,team2,Team 2 (E/W),26,94,3,♣,finished,2026-05-17T16:36:58.088678+00:00
4424,INPROC_E99F8A,1,10,team1,Team 1 (N/S),118,2,30,♠,finished,2026-05-17T16:36:58.103097+00:00
4425,INPROC_EE20F1,1,10,team1,Team 1 (N/S),103,17,26,♥,finished,2026-05-17T16:36:58.118839+00:00
4426,INPROC_4F3CAD,1,10,team2,Team 2 (E/W),13,107,12,♦,finished,2026-05-17T16:36:58.134717+00:00
4427,INPROC_5E6266,1,10,team1,Team 1 (N/S),85,35,22,♥,finished,2026-05-17T16:36:58.151702+00:00
4428,INPROC_A09742,1,10,team2,Team 2 (E/W),44,76,22,♥,finished,2026-05-17T16:36:58.168588+00:00
4429,INPROC_B103FC,1,10,team1,Team 1 (N/S),75,45,32,♠,finished,2026-05-17T16:36:58.185827+00:00
4430,INPROC_C53749,1,10,team1,Team 1 (N/S),69,51,10,♦,finished,2026-05-17T16:36:58.202433+00:00
4431,INPROC_FD24B0,1,10,team2,Team 2 (E/W),40,80,10,♦,finished,2026-05-17T16:36:58.220665+00:00
4432,INPROC_0277D0,1,10,team2,Team 2 (E/W),36,84,32,♠,finished,2026-05-17T16:36:58.237830+00:00
4433,INPROC_F0F355,1,10,team1,Team 1 (N/S),72,48,31,♠,finished,2026-05-17T16:36:58.255671+00:00
4434,INPROC_D67967,1,10,team2,Team 2 (E/W),49,71,15,♦,finished,2026-05-17T16:36:58.268407+00:00
4435,INPROC_610C60,1,10,team1,Team 1 (N/S),76,44,34,♠,finished,2026-05-17T16:36:58.286779+00:00
4436,INPROC_7F8461,1,10,team1,Team 1 (N/S),79,41,28,♥,finished,2026-05-17T16:36:58.303556+00:00
4437,INPROC_1E8342,1,10,team2,Team 2 (E/W),21,99,4,♣,finished,2026-05-17T16:36:58.320209+00:00
4438,INPROC_8431C3,1,10,team2,Team 2 (E/W),22,98,14,♦,finished,2026-05-17T16:36:58.337488+00:00
4439,INPROC_A116DF,1,10,team1,Team 1 (N/S),76,44,24,♥,finished,2026-05-17T16:36:58.353472+00:00
4440,INPROC_95381D,1,10,team1,Team 1 (N/S),92,28,25,♥,finished,2026-05-17T16:36:58.371800+00:00
4441,INPROC_68E267,1,10,team2,Team 2 (E/W),42,78,1,♣,finished,2026-05-17T16:36:58.387792+00:00
4442,INPROC_B0B62B,1,10,team1,Team 1 (N/S),70,50,27,♥,finished,2026-05-17T16:36:58.403947+00:00
4443,INPROC_0DC6D4,1,10,team2,Team 2 (E/W),38,82,9,♣,finished,2026-05-17T16:36:58.420996+00:00
4444,INPROC_97AED6,1,10,team2,Team 2 (E/W),55,65,20,♥,finished,2026-05-17T16:36:58.438202+00:00
4445,INPROC_008300,1,10,team2,Team 2 (E/W),36,84,2,♣,finished,2026-05-17T16:36:58.458458+00:00
4446,INPROC_9691B1,1,10,team2,Team 2 (E/W),44,76,5,♣,finished,2026-05-17T16:36:58.475502+00:00
4447,INPROC_11DE15,1,10,team1,Team 1 (N/S),69,51,35,♠,finished,2026-05-17T16:36:58.492109+00:00
4448,INPROC_9EB87F,1,10,team1,Team 1 (N/S),93,27,37,♠,finished,2026-05-17T16:36:58.509560+00:00
4449,INPROC_BD1129,1,10,team2,Team 2 (E/W),48,72,36,♠,finished,2026-05-17T16:36:58.525702+00:00
4450,INPROC_86FAB5,1,10,team2,Team 2 (E/W),39,81,30,♠,finished,2026-05-17T16:36:58.540299+00:00
4451,INPROC_7BD766,1,10,team2,Team 2 (E/W),42,78,6,♣,finished,2026-05-17T16:36:58.554374+00:00
4452,INPROC_2BD63A,1,10,team1,Team 1 (N/S),92,28,20,♥,finished,2026-05-17T16:36:58.569468+00:00
4453,INPROC_EBBE33,1,10,team1,Team 1 (N/S),65,55,31,♠,finished,2026-05-17T16:36:58.585242+00:00
4454,INPROC_036201,1,10,team1,Team 1 (N/S),88,32,25,♥,finished,2026-05-17T16:36:58.602927+00:00
4455,INPROC_5F74BF,1,10,team2,Team 2 (E/W),49,71,23,♥,finished,2026-05-17T16:36:58.619939+00:00
4456,INPROC_44559D,1,10,team1,Team 1 (N/S),66,54,22,♥,finished,2026-05-17T16:36:58.636223+00:00
4457,INPROC_06A92E,1,10,team1,Team 1 (N/S),80,40,21,♥,finished,2026-05-17T16:36:58.651274+00:00
4458,INPROC_0773DA,1,10,team1,Team 1 (N/S),81,39,15,♦,finished,2026-05-17T16:36:58.667831+00:00
4459,INPROC_92BED0,1,10,team1,Team 1 (N/S),94,26,20,♥,finished,2026-05-17T16:36:58.682590+00:00
4460,INPROC_99C9DD,1,10,team1,Team 1 (N/S),65,55,20,♥,finished,2026-05-17T16:36:58.697505+00:00
4461,INPROC_F30DBD,1,10,team2,Team 2 (E/W),7,113,35,♠,finished,2026-05-17T16:36:58.712372+00:00
4462,INPROC_04054B,1,10,team2,Team 2 (E/W),59,61,32,♠,finished,2026-05-17T16:36:58.728020+00:00
4463,INPROC_89504A,1,10,team2,Team 2 (E/W),47,73,18,♦,finished,2026-05-17T16:36:58.745050+00:00
4464,INPROC_9B608A,1,10,team1,Team 1 (N/S),104,16,16,♦,finished,2026-05-17T16:36:58.763552+00:00
4465,INPROC_152F17,1,10,draw,draw,60,60,38,♠,finished,2026-05-17T16:36:58.779645+00:00
4466,INPROC_532FD4,1,10,team1,Team 1 (N/S),83,37,1,♣,finished,2026-05-17T16:36:58.796296+00:00
4467,INPROC_55423E,1,10,team2,Team 2 (E/W),34,86,27,♥,finished,2026-05-17T16:36:58.812644+00:00
4468,INPROC_06A4A5,1,10,team2,Team 2 (E/W),49,71,34,♠,finished,2026-05-17T16:36:58.830299+00:00
4469,INPROC_BD76B7,1,10,team1,Team 1 (N/S),82,38,6,♣,finished,2026-05-17T16:36:58.848306+00:00
4470,INPROC_B7C1D7,1,10,team2,Team 2 (E/W),47,73,1,♣,finished,2026-05-17T16:36:58.866512+00:00
4471,INPROC_DF5821,1,10,team1,Team 1 (N/S),67,53,16,♦,finished,2026-05-17T16:36:58.882814+00:00
4472,INPROC_B39D55,1,10,team2,Team 2 (E/W),37,83,13,♦,finished,2026-05-17T16:36:58.901142+00:00
4473,INPROC_FAF78A,1,10,team1,Team 1 (N/S),61,59,16,♦,finished,2026-05-17T16:36:58.917110+00:00
4474,INPROC_441B72,1,10,team2,Team 2 (E/W),39,81,4,♣,finished,2026-05-17T16:36:58.931927+00:00
4475,INPROC_60B9CE,1,10,team1,Team 1 (N/S),64,56,18,♦,finished,2026-05-17T16:36:58.946480+00:00
4476,INPROC_65F3B0,1,10,team2,Team 2 (E/W),6,114,29,♥,finished,2026-05-17T16:36:58.964461+00:00
4477,INPROC_E9280A,1,10,team2,Team 2 (E/W),32,88,32,♠,finished,2026-05-17T16:36:58.980394+00:00
4478,INPROC_445675,1,10,team2,Team 2 (E/W),52,68,36,♠,finished,2026-05-17T16:36:58.997495+00:00
4479,INPROC_E1D4B6,1,10,team1,Team 1 (N/S),82,38,27,♥,finished,2026-05-17T16:36:59.010371+00:00
4480,INPROC_03FC06,1,10,team1,Team 1 (N/S),65,55,23,♥,finished,2026-05-17T16:36:59.025811+00:00
4481,INPROC_C92F25,1,10,team2,Team 2 (E/W),42,78,36,♠,finished,2026-05-17T16:36:59.040935+00:00
4482,INPROC_4D2DEC,1,10,team1,Team 1 (N/S),95,25,7,♣,finished,2026-05-17T16:36:59.056794+00:00
4483,INPROC_CD643F,1,10,team1,Team 1 (N/S),91,29,27,♥,finished,2026-05-17T16:36:59.072801+00:00
4484,INPROC_3E2DCC,1,10,team2,Team 2 (E/W),39,81,21,♥,finished,2026-05-17T16:36:59.088858+00:00
4485,INPROC_AC6734,1,10,team2,Team 2 (E/W),58,62,18,♦,finished,2026-05-17T16:36:59.105063+00:00
4486,INPROC_22FFAF,1,10,team1,Team 1 (N/S),65,55,36,♠,finished,2026-05-17T16:36:59.119378+00:00
4487,INPROC_FBDED2,1,10,team2,Team 2 (E/W),27,93,9,♣,finished,2026-05-17T16:36:59.135673+00:00
4488,INPROC_7670D0,1,10,team2,Team 2 (E/W),34,86,7,♣,finished,2026-05-17T16:36:59.152925+00:00
4489,INPROC_3DB0EB,1,10,team2,Team 2 (E/W),31,89,19,♦,finished,2026-05-17T16:36:59.171477+00:00
4490,INPROC_468021,1,10,team1,Team 1 (N/S),61,59,28,♥,finished,2026-05-17T16:36:59.187016+00:00
4491,INPROC_ED56CA,1,10,team2,Team 2 (E/W),48,72,30,♠,finished,2026-05-17T16:36:59.204068+00:00
4492,INPROC_E82BB2,1,10,team2,Team 2 (E/W),37,83,10,♦,finished,2026-05-17T16:36:59.223355+00:00
4493,INPROC_B4C6B7,1,10,team2,Team 2 (E/W),2,118,9,♣,finished,2026-05-17T16:36:59.240452+00:00
4494,INPROC_440322,1,10,team2,Team 2 (E/W),39,81,12,♦,finished,2026-05-17T16:36:59.259150+00:00
4495,INPROC_F6D758,1,10,team2,Team 2 (E/W),53,67,30,♠,finished,2026-05-17T16:36:59.273704+00:00
4496,INPROC_10C560,1,10,team1,Team 1 (N/S),64,56,33,♠,finished,2026-05-17T16:36:59.289998+00:00
4497,INPROC_AA54ED,1,10,team1,Team 1 (N/S),61,59,3,♣,finished,2026-05-17T16:36:59.303536+00:00
4498,INPROC_C252FE,1,10,team2,Team 2 (E/W),54,66,14,♦,finished,2026-05-17T16:36:59.320647+00:00
4499,INPROC_D399AD,1,10,team1,Team 1 (N/S),73,47,33,♠,finished,2026-05-17T16:36:59.335570+00:00
4500,INPROC_E9ACB8,1,10,team2,Team 2 (E/W),53,67,21,♥,finished,2026-05-17T16:36:59.350874+00:00
4501,INPROC_BC6B81,1,10,team2,Team 2 (E/W),54,66,30,♠,finished,2026-05-17T16:36:59.369807+00:00
4502,INPROC_5FC757,1,10,team2,Team 2 (E/W),28,92,39,♠,finished,2026-05-17T16:36:59.386445+00:00
4503,INPROC_B79986,1,10,team2,Team 2 (E/W),47,73,13,♦,finished,2026-05-17T16:36:59.403512+00:00
4504,INPROC_F7AC9A,1,10,team1,Team 1 (N/S),80,40,13,♦,finished,2026-05-17T16:36:59.418852+00:00
4505,INPROC_DCC563,1,10,team2,Team 2 (E/W),22,98,34,♠,finished,2026-05-17T16:36:59.436236+00:00
4506,INPROC_B68F0D,1,10,team2,Team 2 (E/W),18,102,29,♥,finished,2026-05-17T16:36:59.453534+00:00
4507,INPROC_2CECA0,1,10,team2,Team 2 (E/W),25,95,29,♥,finished,2026-05-17T16:36:59.468444+00:00
4508,INPROC_46CCA1,1,10,team2,Team 2 (E/W),55,65,12,♦,finished,2026-05-17T16:36:59.482889+00:00
4509,INPROC_C0AB95,1,10,team1,Team 1 (N/S),72,48,22,♥,finished,2026-05-17T16:36:59.499572+00:00
4510,INPROC_BC28ED,1,10,team1,Team 1 (N/S),84,36,10,♦,finished,2026-05-17T16:36:59.515451+00:00
4511,INPROC_2210D5,1,10,team2,Team 2 (E/W),15,105,0,♣,finished,2026-05-17T16:36:59.530611+00:00
4512,INPROC_4E7413,1,10,team1,Team 1 (N/S),63,57,34,♠,finished,2026-05-17T16:36:59.546993+00:00
4513,INPROC_15183B,1,10,team2,Team 2 (E/W),48,72,22,♥,finished,2026-05-17T16:36:59.562153+00:00
4514,INPROC_04E09C,1,10,team1,Team 1 (N/S),74,46,23,♥,finished,2026-05-17T16:36:59.577629+00:00
4515,INPROC_98BF29,1,10,team1,Team 1 (N/S),101,19,19,♦,finished,2026-05-17T16:36:59.593665+00:00
4516,INPROC_609F52,1,10,team1,Team 1 (N/S),76,44,27,♥,finished,2026-05-17T16:36:59.610743+00:00
4517,INPROC_99CBC5,1,10,team2,Team 2 (E/W),56,64,17,♦,finished,2026-05-17T16:36:59.627417+00:00
4518,INPROC_039567,1,10,team1,Team 1 (N/S),84,36,14,♦,finished,2026-05-17T16:36:59.643678+00:00
4519,INPROC_BA35FE,1,10,team2,Team 2 (E/W),28,92,6,♣,finished,2026-05-17T16:36:59.659290+00:00
4520,INPROC_C86482,1,10,team1,Team 1 (N/S),95,25,32,♠,finished,2026-05-17T16:36:59.673340+00:00
4521,INPROC_9E9A80,1,10,team2,Team 2 (E/W),41,79,17,♦,finished,2026-05-17T16:36:59.689722+00:00
4522,INPROC_AB1370,1,10,team2,Team 2 (E/W),46,74,5,♣,finished,2026-05-17T16:36:59.705464+00:00
4523,INPROC_AC3AEC,1,10,team2,Team 2 (E/W),56,64,37,♠,finished,2026-05-17T16:36:59.721042+00:00
4524,INPROC_A01FE7,1,10,team2,Team 2 (E/W),42,78,6,♣,finished,2026-05-17T16:36:59.734838+00:00
4525,INPROC_3F5D6C,1,10,team2,Team 2 (E/W),47,73,33,♠,finished,2026-05-17T16:36:59.749687+00:00
4526,INPROC_DB9F36,1,10,team2,Team 2 (E/W),49,71,15,♦,finished,2026-05-17T16:36:59.765624+00:00
4527,INPROC_60AACA,1,10,team2,Team 2 (E/W),55,65,0,♣,finished,2026-05-17T16:36:59.781552+00:00
4528,INPROC_4072BA,1,10,team1,Team 1 (N/S),86,34,7,♣,finished,2026-05-17T16:36:59.797876+00:00
4529,INPROC_54432B,1,10,team1,Team 1 (N/S),74,46,9,♣,finished,2026-05-17T16:36:59.815826+00:00
4530,INPROC_1E00FE,1,10,team1,Team 1 (N/S),66,54,17,♦,finished,2026-05-17T16:36:59.831643+00:00
4531,INPROC_AEA1D1,1,10,team2,Team 2 (E/W),44,76,20,♥,finished,2026-05-17T16:36:59.849705+00:00
4532,INPROC_B8467D,1,10,team1,Team 1 (N/S),70,50,1,♣,finished,2026-05-17T16:36:59.864899+00:00
4533,INPROC_D379B3,1,10,team1,Team 1 (N/S),81,39,31,♠,finished,2026-05-17T16:36:59.880460+00:00
4534,INPROC_76894C,1,10,team1,Team 1 (N/S),61,59,4,♣,finished,2026-05-17T16:36:59.897845+00:00
4535,INPROC_59EFCF,1,10,team2,Team 2 (E/W),50,70,22,♥,finished,2026-05-17T16:36:59.915505+00:00
4536,INPROC_8B067F,1,10,team2,Team 2 (E/W),32,88,34,♠,finished,2026-05-17T16:36:59.935241+00:00
4537,INPROC_4027E9,1,10,team1,Team 1 (N/S),75,45,0,♣,finished,2026-05-17T16:36:59.956273+00:00
4538,INPROC_4B5E5A,1,10,team1,Team 1 (N/S),92,28,9,♣,finished,2026-05-17T16:36:59.974255+00:00
4539,INPROC_C99635,1,10,team1,Team 1 (N/S),83,37,21,♥,finished,2026-05-17T16:36:59.988387+00:00
4540,INPROC_41889E,1,10,team1,Team 1 (N/S),70,50,21,♥,finished,2026-05-17T16:37:00.002677+00:00
4541,INPROC_253C07,1,10,team2,Team 2 (E/W),27,93,36,♠,finished,2026-05-17T16:37:00.020208+00:00
4542,INPROC_2A5789,1,10,team2,Team 2 (E/W),52,68,29,♥,finished,2026-05-17T16:37:00.037049+00:00
4543,INPROC_4F919A,1,10,team1,Team 1 (N/S),64,56,6,♣,finished,2026-05-17T16:37:00.054194+00:00
4544,INPROC_876EC8,1,10,team1,Team 1 (N/S),74,46,1,♣,finished,2026-05-17T16:37:00.069344+00:00
4545,INPROC_05168F,1,10,draw,draw,60,60,39,♠,finished,2026-05-17T16:37:00.085164+00:00
4546,INPROC_E7AC73,1,10,team1,Team 1 (N/S),87,33,2,♣,finished,2026-05-17T16:37:00.100074+00:00
4547,INPROC_BFAD95,1,10,team1,Team 1 (N/S),108,12,24,♥,finished,2026-05-17T16:37:00.117446+00:00
4548,INPROC_3C07B6,1,10,team2,Team 2 (E/W),31,89,28,♥,finished,2026-05-17T16:37:00.134566+00:00
4549,INPROC_CB8973,1,10,team1,Team 1 (N/S),64,56,13,♦,finished,2026-05-17T16:37:00.148968+00:00
4550,INPROC_2E70AE,1,10,team2,Team 2 (E/W),55,65,13,♦,finished,2026-05-17T16:37:00.166998+00:00
4551,INPROC_963061,1,10,team2,Team 2 (E/W),44,76,6,♣,finished,2026-05-17T16:37:00.180837+00:00
4552,INPROC_3676D4,1,10,team2,Team 2 (E/W),43,77,26,♥,finished,2026-05-17T16:37:00.194867+00:00
4553,INPROC_2B8CBA,1,10,team1,Team 1 (N/S),105,15,23,♥,finished,2026-05-17T16:37:00.210350+00:00
4554,INPROC_91BB6B,1,10,team1,Team 1 (N/S),79,41,21,♥,finished,2026-05-17T16:37:00.225543+00:00
4555,INPROC_B3B0E7,1,10,team2,Team 2 (E/W),30,90,38,♠,finished,2026-05-17T16:37:00.241095+00:00
4556,INPROC_158F9B,1,10,team2,Team 2 (E/W),46,74,7,♣,finished,2026-05-17T16:37:00.255858+00:00
4557,INPROC_0E5B70,1,10,team2,Team 2 (E/W),27,93,14,♦,finished,2026-05-17T16:37:00.269468+00:00
4558,INPROC_060613,1,10,team2,Team 2 (E/W),45,75,23,♥,finished,2026-05-17T16:37:00.284387+00:00
4559,INPROC_A7AD96,1,10,team2,Team 2 (E/W),46,74,15,♦,finished,2026-05-17T16:37:00.298505+00:00
4560,INPROC_A99190,1,10,team1,Team 1 (N/S),73,47,22,♥,finished,2026-05-17T16:37:00.310663+00:00
4561,INPROC_F9859A,1,10,team2,Team 2 (E/W),59,61,24,♥,finished,2026-05-17T16:37:00.325178+00:00
4562,INPROC_4D556E,1,10,team2,Team 2 (E/W),25,95,37,♠,finished,2026-05-17T16:37:00.336569+00:00
4563,INPROC_01C989,1,10,team1,Team 1 (N/S),65,55,29,♥,finished,2026-05-17T16:37:00.349704+00:00
4564,INPROC_A63877,1,10,team2,Team 2 (E/W),34,86,25,♥,finished,2026-05-17T16:37:00.364375+00:00
4565,INPROC_30A8CD,1,10,team2,Team 2 (E/W),47,73,6,♣,finished,2026-05-17T16:37:00.378005+00:00
4566,INPROC_5834EE,1,10,team1,Team 1 (N/S),73,47,6,♣,finished,2026-05-17T16:37:00.394185+00:00
4567,INPROC_2BFF48,1,10,team1,Team 1 (N/S),91,29,2,♣,finished,2026-05-17T16:37:00.407917+00:00
4568,INPROC_9FF310,1,10,team1,Team 1 (N/S),83,37,16,♦,finished,2026-05-17T16:37:00.423745+00:00
4569,INPROC_F96C9B,1,10,team1,Team 1 (N/S),77,43,21,♥,finished,2026-05-17T16:37:00.438633+00:00
4570,INPROC_9B273C,1,10,team2,Team 2 (E/W),9,111,19,♦,finished,2026-05-17T16:37:00.452326+00:00
4571,INPROC_DB420B,1,10,team2,Team 2 (E/W),16,104,7,♣,finished,2026-05-17T16:37:00.467269+00:00
4572,INPROC_69ECBC,1,10,team2,Team 2 (E/W),35,85,37,♠,finished,2026-05-17T16:37:00.480064+00:00
4573,INPROC_8A8224,1,10,team2,Team 2 (E/W),27,93,20,♥,finished,2026-05-17T16:37:00.493363+00:00
4574,INPROC_ADAB6D,1,10,team1,Team 1 (N/S),73,47,3,♣,finished,2026-05-17T16:37:00.508288+00:00
4575,INPROC_605A97,1,10,team2,Team 2 (E/W),44,76,18,♦,finished,2026-05-17T16:37:00.523402+00:00
4576,INPROC_6EEEED,1,10,team2,Team 2 (E/W),42,78,27,♥,finished,2026-05-17T16:37:00.539462+00:00
4577,INPROC_EE50A0,1,10,team2,Team 2 (E/W),43,77,37,♠,finished,2026-05-17T16:37:00.554365+00:00
4578,INPROC_B0FCC9,1,10,team1,Team 1 (N/S),69,51,18,♦,finished,2026-05-17T16:37:00.571068+00:00
4579,INPROC_0768A9,1,10,team1,Team 1 (N/S),69,51,38,♠,finished,2026-05-17T16:37:00.587577+00:00
4580,INPROC_5BDB14,1,10,team2,Team 2 (E/W),26,94,29,♥,finished,2026-05-17T16:37:00.604556+00:00
4581,INPROC_5BDA9A,1,10,team2,Team 2 (E/W),57,63,20,♥,finished,2026-05-17T16:37:00.621937+00:00
4582,INPROC_B4AA94,1,10,team2,Team 2 (E/W),6,114,4,♣,finished,2026-05-17T16:37:00.634401+00:00
4583,INPROC_FD32D4,1,10,team2,Team 2 (E/W),58,62,23,♥,finished,2026-05-17T16:37:00.649301+00:00
4584,INPROC_8F3423,1,10,team2,Team 2 (E/W),55,65,37,♠,finished,2026-05-17T16:37:00.664385+00:00
4585,INPROC_7A3D8F,1,10,team1,Team 1 (N/S),88,32,25,♥,finished,2026-05-17T16:37:00.678972+00:00
4586,INPROC_FFB142,1,10,team2,Team 2 (E/W),34,86,17,♦,finished,2026-05-17T16:37:00.694951+00:00
4587,INPROC_AB8308,1,10,team2,Team 2 (E/W),52,68,32,♠,finished,2026-05-17T16:37:00.710647+00:00
4588,INPROC_31FBB7,1,10,team1,Team 1 (N/S),64,56,39,♠,finished,2026-05-17T16:37:00.727672+00:00
4589,INPROC_B618D3,1,10,team2,Team 2 (E/W),49,71,32,♠,finished,2026-05-17T16:37:00.744937+00:00
4590,INPROC_AC29DE,1,10,team2,Team 2 (E/W),24,96,0,♣,finished,2026-05-17T16:37:00.761972+00:00
4591,INPROC_AE2897,1,10,team1,Team 1 (N/S),83,37,19,♦,finished,2026-05-17T16:37:00.774713+00:00
4592,INPROC_A0FBB3,1,10,team2,Team 2 (E/W),26,94,15,♦,finished,2026-05-17T16:37:00.789529+00:00
4593,INPROC_07C557,1,10,team2,Team 2 (E/W),28,92,37,♠,finished,2026-05-17T16:37:00.804744+00:00
4594,INPROC_B91A9C,1,10,team2,Team 2 (E/W),41,79,12,♦,finished,2026-05-17T16:37:00.822473+00:00
4595,INPROC_FE1BC3,1,10,team2,Team 2 (E/W),6,114,17,♦,finished,2026-05-17T16:37:00.838698+00:00
4596,INPROC_1EBF6C,1,10,team1,Team 1 (N/S),68,52,14,♦,finished,2026-05-17T16:37:00.854380+00:00
4597,INPROC_DC15D9,1,10,team1,Team 1 (N/S),88,32,4,♣,finished,2026-05-17T16:37:00.871311+00:00
4598,INPROC_1EC348,1,10,team2,Team 2 (E/W),15,105,17,♦,finished,2026-05-17T16:37:00.886058+00:00
4599,INPROC_432263,1,10,team1,Team 1 (N/S),79,41,22,♥,finished,2026-05-17T16:37:00.903575+00:00
4600,INPROC_27ECD3,1,10,team2,Team 2 (E/W),48,72,34,♠,finished,2026-05-17T16:37:00.919705+00:00
4601,INPROC_D3DE7C,1,10,team1,Team 1 (N/S),75,45,22,♥,finished,2026-05-17T16:37:00.936439+00:00
4602,INPROC_F946DC,1,10,team2,Team 2 (E/W),48,72,24,♥,finished,2026-05-17T16:37:00.952193+00:00
4603,INPROC_DB6494,1,10,team2,Team 2 (E/W),54,66,14,♦,finished,2026-05-17T16:37:00.967148+00:00
4604,INPROC_D54AF2,1,10,team2,Team 2 (E/W),51,69,16,♦,finished,2026-05-17T16:37:00.979655+00:00
4605,INPROC_DEA2A9,1,10,team1,Team 1 (N/S),61,59,28,♥,finished,2026-05-17T16:37:00.995472+00:00
4606,INPROC_5853D9,1,10,draw,draw,60,60,33,♠,finished,2026-05-17T16:37:01.009885+00:00
4607,INPROC_FCB86B,1,10,team2,Team 2 (E/W),47,73,30,♠,finished,2026-05-17T16:37:01.025338+00:00
4608,INPROC_DE0363,1,10,team2,Team 2 (E/W),28,92,31,♠,finished,2026-05-17T16:37:01.041596+00:00
4609,INPROC_BB8380,1,10,team2,Team 2 (E/W),53,67,11,♦,finished,2026-05-17T16:37:01.062436+00:00
4610,INPROC_9DB520,1,10,team1,Team 1 (N/S),87,33,18,♦,finished,2026-05-17T16:37:01.077532+00:00
4611,INPROC_D37C82,1,10,team1,Team 1 (N/S),99,21,0,♣,finished,2026-05-17T16:37:01.092260+00:00
4612,INPROC_E352B5,1,10,team1,Team 1 (N/S),100,20,8,♣,finished,2026-05-17T16:37:01.109354+00:00
4613,INPROC_BF8B4C,1,10,team2,Team 2 (E/W),28,92,37,♠,finished,2026-05-17T16:37:01.123376+00:00
4614,INPROC_86B51A,1,10,draw,draw,60,60,28,♥,finished,2026-05-17T16:37:01.137618+00:00
4615,INPROC_34C9AB,1,10,team2,Team 2 (E/W),21,99,22,♥,finished,2026-05-17T16:37:01.153120+00:00
4616,INPROC_718474,1,10,team2,Team 2 (E/W),35,85,38,♠,finished,2026-05-17T16:37:01.169040+00:00
4617,INPROC_0C52FF,1,10,team1,Team 1 (N/S),95,25,21,♥,finished,2026-05-17T16:37:01.185604+00:00
4618,INPROC_F1B974,1,10,team1,Team 1 (N/S),62,58,31,♠,finished,2026-05-17T16:37:01.202140+00:00
4619,INPROC_F5F82E,1,10,team2,Team 2 (E/W),54,66,26,♥,finished,2026-05-17T16:37:01.216976+00:00
4620,INPROC_50213F,1,10,draw,draw,60,60,7,♣,finished,2026-05-17T16:37:01.233293+00:00
4621,INPROC_9008D9,1,10,team1,Team 1 (N/S),100,20,6,♣,finished,2026-05-17T16:37:01.245952+00:00
4622,INPROC_B25D0A,1,10,team1,Team 1 (N/S),85,35,0,♣,finished,2026-05-17T16:37:01.259527+00:00
4623,INPROC_6888C8,1,10,team1,Team 1 (N/S),88,32,14,♦,finished,2026-05-17T16:37:01.275946+00:00
4624,INPROC_60FD96,1,10,draw,draw,60,60,30,♠,finished,2026-05-17T16:37:01.290425+00:00
4625,INPROC_3E6B8D,1,10,team2,Team 2 (E/W),57,63,13,♦,finished,2026-05-17T16:37:01.305832+00:00
4626,INPROC_D86B0C,1,10,team1,Team 1 (N/S),86,34,18,♦,finished,2026-05-17T16:37:01.321640+00:00
4627,INPROC_54A3F2,1,10,team2,Team 2 (E/W),26,94,26,♥,finished,2026-05-17T16:37:01.338436+00:00
4628,INPROC_F562B1,1,10,team2,Team 2 (E/W),53,67,13,♦,finished,2026-05-17T16:37:01.353463+00:00
4629,INPROC_E91DEE,1,10,team2,Team 2 (E/W),50,70,39,♠,finished,2026-05-17T16:37:01.368952+00:00
4630,INPROC_C97E33,1,10,team1,Team 1 (N/S),84,36,8,♣,finished,2026-05-17T16:37:01.379612+00:00
4631,INPROC_3C4FA4,1,10,team2,Team 2 (E/W),57,63,9,♣,finished,2026-05-17T16:37:01.395130+00:00
4632,INPROC_88D03E,1,10,team2,Team 2 (E/W),54,66,32,♠,finished,2026-05-17T16:37:01.411082+00:00
4633,INPROC_BF1610,1,10,team2,Team 2 (E/W),44,76,10,♦,finished,2026-05-17T16:37:01.425778+00:00
4634,INPROC_FDE70E,1,10,team2,Team 2 (E/W),56,64,1,♣,finished,2026-05-17T16:37:01.441248+00:00
4635,INPROC_5D55AF,1,10,team2,Team 2 (E/W),39,81,27,♥,finished,2026-05-17T16:37:01.456200+00:00
4636,INPROC_67CC78,1,10,team2,Team 2 (E/W),56,64,9,♣,finished,2026-05-17T16:37:01.471088+00:00
4637,INPROC_673589,1,10,team2,Team 2 (E/W),48,72,24,♥,finished,2026-05-17T16:37:01.485123+00:00
4638,INPROC_5666A1,1,10,team2,Team 2 (E/W),27,93,12,♦,finished,2026-05-17T16:37:01.500649+00:00
4639,INPROC_79CDAF,1,10,team2,Team 2 (E/W),50,70,9,♣,finished,2026-05-17T16:37:01.527477+00:00
4640,INPROC_91FE95,1,10,team2,Team 2 (E/W),24,96,4,♣,finished,2026-05-17T16:37:01.550316+00:00
4641,INPROC_FF4FDF,1,10,team1,Team 1 (N/S),79,41,24,♥,finished,2026-05-17T16:37:01.569670+00:00
4642,INPROC_5F6443,1,10,team1,Team 1 (N/S),76,44,33,♠,finished,2026-05-17T16:37:01.585326+00:00
4643,INPROC_78D75B,1,10,team2,Team 2 (E/W),46,74,5,♣,finished,2026-05-17T16:37:01.603548+00:00
4644,INPROC_EF7BA9,1,10,team1,Team 1 (N/S),82,38,0,♣,finished,2026-05-17T16:37:01.618742+00:00
4645,INPROC_158496,1,10,team1,Team 1 (N/S),86,34,17,♦,finished,2026-05-17T16:37:01.633879+00:00
4646,INPROC_A74A23,1,10,team2,Team 2 (E/W),58,62,23,♥,finished,2026-05-17T16:37:01.648481+00:00
4647,INPROC_A08078,1,10,team2,Team 2 (E/W),49,71,27,♥,finished,2026-05-17T16:37:01.665450+00:00
4648,INPROC_4A436F,1,10,team1,Team 1 (N/S),70,50,7,♣,finished,2026-05-17T16:37:01.682564+00:00
4649,INPROC_708C62,1,10,team1,Team 1 (N/S),71,49,36,♠,finished,2026-05-17T16:37:01.698511+00:00
4650,INPROC_985222,1,10,team1,Team 1 (N/S),116,4,37,♠,finished,2026-05-17T16:37:01.714248+00:00
4651,INPROC_A7067B,1,10,team2,Team 2 (E/W),44,76,25,♥,finished,2026-05-17T16:37:01.728261+00:00
4652,INPROC_2C2D5B,1,10,team2,Team 2 (E/W),57,63,6,♣,finished,2026-05-17T16:37:01.739451+00:00
4653,INPROC_847F16,1,10,team1,Team 1 (N/S),66,54,39,♠,finished,2026-05-17T16:37:01.755216+00:00
4654,INPROC_5747D4,1,10,team2,Team 2 (E/W),40,80,1,♣,finished,2026-05-17T16:37:01.771023+00:00
4655,INPROC_DE85EC,1,10,draw,draw,60,60,11,♦,finished,2026-05-17T16:37:01.786616+00:00
4656,INPROC_8C9758,1,10,team2,Team 2 (E/W),29,91,31,♠,finished,2026-05-17T16:37:01.801819+00:00
4657,INPROC_01E981,1,10,team1,Team 1 (N/S),91,29,22,♥,finished,2026-05-17T16:37:01.817211+00:00
4658,INPROC_DA2D97,1,10,team1,Team 1 (N/S),99,21,32,♠,finished,2026-05-17T16:37:01.833202+00:00
4659,INPROC_5CE47C,1,10,team2,Team 2 (E/W),58,62,32,♠,finished,2026-05-17T16:37:01.850496+00:00
4660,INPROC_13F965,1,10,team1,Team 1 (N/S),104,16,31,♠,finished,2026-05-17T16:37:01.866599+00:00
4661,INPROC_34F241,1,10,team2,Team 2 (E/W),59,61,2,♣,finished,2026-05-17T16:37:01.884068+00:00
4662,INPROC_1E21BE,1,10,team2,Team 2 (E/W),0,120,10,♦,finished,2026-05-17T16:37:01.900266+00:00
4663,INPROC_70CBE6,1,10,team2,Team 2 (E/W),40,80,11,♦,finished,2026-05-17T16:37:01.916574+00:00
4664,INPROC_687F5F,1,10,team2,Team 2 (E/W),40,80,33,♠,finished,2026-05-17T16:37:01.931219+00:00
4665,INPROC_F1B336,1,10,team1,Team 1 (N/S),95,25,26,♥,finished,2026-05-17T16:37:01.949090+00:00
4666,INPROC_7BCC8D,1,10,team1,Team 1 (N/S),70,50,7,♣,finished,2026-05-17T16:37:01.966522+00:00
4667,INPROC_1897DA,1,10,team2,Team 2 (E/W),49,71,37,♠,finished,2026-05-17T16:37:01.983582+00:00
4668,INPROC_E9CF8D,1,10,team1,Team 1 (N/S),97,23,4,♣,finished,2026-05-17T16:37:01.998263+00:00
4669,INPROC_26D236,1,10,team2,Team 2 (E/W),45,75,31,♠,finished,2026-05-17T16:37:02.014942+00:00
4670,INPROC_82C8B9,1,10,team2,Team 2 (E/W),37,83,31,♠,finished,2026-05-17T16:37:02.031182+00:00
4671,INPROC_3C1024,1,10,team2,Team 2 (E/W),16,104,27,♥,finished,2026-05-17T16:37:02.046942+00:00
4672,INPROC_D29C5B,1,10,team2,Team 2 (E/W),56,64,17,♦,finished,2026-05-17T16:37:02.063094+00:00
4673,INPROC_9CE4D0,1,10,team1,Team 1 (N/S),65,55,21,♥,finished,2026-05-17T16:37:02.079253+00:00
4674,INPROC_B88FDB,1,10,team1,Team 1 (N/S),61,59,5,♣,finished,2026-05-17T16:37:02.094492+00:00
4675,INPROC_6AD099,1,10,team1,Team 1 (N/S),74,46,17,♦,finished,2026-05-17T16:37:02.110274+00:00
4676,INPROC_002499,1,10,team1,Team 1 (N/S),65,55,20,♥,finished,2026-05-17T16:37:02.126576+00:00
4677,INPROC_EA2288,1,10,team1,Team 1 (N/S),89,31,36,♠,finished,2026-05-17T16:37:02.141586+00:00
4678,INPROC_8F5C6D,1,10,team1,Team 1 (N/S),75,45,17,♦,finished,2026-05-17T16:37:02.157137+00:00
4679,INPROC_8F833C,1,10,team2,Team 2 (E/W),56,64,38,♠,finished,2026-05-17T16:37:02.172170+00:00
4680,INPROC_1E4648,1,10,team2,Team 2 (E/W),38,82,19,♦,finished,2026-05-17T16:37:02.186532+00:00
4681,INPROC_399835,1,10,team2,Team 2 (E/W),34,86,22,♥,finished,2026-05-17T16:37:02.200440+00:00
4682,INPROC_5D5195,1,10,team1,Team 1 (N/S),92,28,31,♠,finished,2026-05-17T16:37:02.217030+00:00
4683,INPROC_5A2C22,1,10,team1,Team 1 (N/S),79,41,34,♠,finished,2026-05-17T16:37:02.232832+00:00
4684,INPROC_D9CDD8,1,10,team1,Team 1 (N/S),73,47,2,♣,finished,2026-05-17T16:37:02.259659+00:00
4685,INPROC_43E1A0,1,10,team2,Team 2 (E/W),52,68,37,♠,finished,2026-05-17T16:37:02.276752+00:00
4686,INPROC_7FED8E,1,10,team2,Team 2 (E/W),39,81,30,♠,finished,2026-05-17T16:37:02.292462+00:00
4687,INPROC_41D085,1,10,team2,Team 2 (E/W),15,105,14,♦,finished,2026-05-17T16:37:02.309820+00:00
4688,INPROC_7AA5D2,1,10,team2,Team 2 (E/W),28,92,32,♠,finished,2026-05-17T16:37:02.326469+00:00
4689,INPROC_EEAAE9,1,10,team1,Team 1 (N/S),73,47,12,♦,finished,2026-05-17T16:37:02.343616+00:00
4690,INPROC_7EEAC6,1,10,team1,Team 1 (N/S),74,46,10,♦,finished,2026-05-17T16:37:02.359597+00:00
4691,INPROC_D98C60,1,10,team2,Team 2 (E/W),49,71,30,♠,finished,2026-05-17T16:37:02.374076+00:00
4692,INPROC_0A3E5F,1,10,team1,Team 1 (N/S),79,41,15,♦,finished,2026-05-17T16:37:02.389823+00:00
4693,INPROC_E9B027,1,10,team2,Team 2 (E/W),55,65,20,♥,finished,2026-05-17T16:37:02.404157+00:00
4694,INPROC_EB718F,1,10,team2,Team 2 (E/W),24,96,19,♦,finished,2026-05-17T16:37:02.420984+00:00
4695,INPROC_3B63EF,1,10,team2,Team 2 (E/W),57,63,25,♥,finished,2026-05-17T16:37:02.436999+00:00
4696,INPROC_CDACF6,1,10,team2,Team 2 (E/W),43,77,22,♥,finished,2026-05-17T16:37:02.452352+00:00
4697,INPROC_408555,1,10,team1,Team 1 (N/S),81,39,12,♦,finished,2026-05-17T16:37:02.469219+00:00
4698,INPROC_558B61,1,10,team1,Team 1 (N/S),62,58,11,♦,finished,2026-05-17T16:37:02.486611+00:00
4699,INPROC_794D54,1,10,team2,Team 2 (E/W),35,85,22,♥,finished,2026-05-17T16:37:02.504315+00:00
4700,INPROC_95C127,1,10,team2,Team 2 (E/W),37,83,18,♦,finished,2026-05-17T16:37:02.519129+00:00
4701,INPROC_7AD85D,1,10,team1,Team 1 (N/S),89,31,36,♠,finished,2026-05-17T16:37:02.534983+00:00
4702,INPROC_99169C,1,10,team2,Team 2 (E/W),56,64,34,♠,finished,2026-05-17T16:37:02.553958+00:00
4703,INPROC_89258A,1,10,team2,Team 2 (E/W),40,80,15,♦,finished,2026-05-17T16:37:02.573993+00:00
4704,INPROC_10C63C,1,10,team1,Team 1 (N/S),72,48,8,♣,finished,2026-05-17T16:37:02.591491+00:00
4705,INPROC_9EF1EC,1,10,team1,Team 1 (N/S),68,52,35,♠,finished,2026-05-17T16:37:02.606729+00:00
4706,INPROC_524327,1,10,team2,Team 2 (E/W),35,85,32,♠,finished,2026-05-17T16:37:02.624601+00:00
4707,INPROC_8F4ADA,1,10,team2,Team 2 (E/W),51,69,21,♥,finished,2026-05-17T16:37:02.642153+00:00
4708,INPROC_D362D2,1,10,team2,Team 2 (E/W),55,65,17,♦,finished,2026-05-17T16:37:02.659182+00:00
4709,INPROC_09051D,1,10,team1,Team 1 (N/S),67,53,31,♠,finished,2026-05-17T16:37:02.678139+00:00
4710,INPROC_B22660,1,10,team2,Team 2 (E/W),59,61,30,♠,finished,2026-05-17T16:37:02.693009+00:00
4711,INPROC_24CC4E,1,10,team2,Team 2 (E/W),42,78,4,♣,finished,2026-05-17T16:37:02.707916+00:00
4712,INPROC_EED603,1,10,team1,Team 1 (N/S),75,45,29,♥,finished,2026-05-17T16:37:02.724607+00:00
4713,INPROC_9603F0,1,10,team1,Team 1 (N/S),70,50,22,♥,finished,2026-05-17T16:37:02.740712+00:00
4714,INPROC_E79587,1,10,team1,Team 1 (N/S),79,41,6,♣,finished,2026-05-17T16:37:02.755860+00:00
4715,INPROC_06956B,1,10,team2,Team 2 (E/W),46,74,28,♥,finished,2026-05-17T16:37:02.773485+00:00
4716,INPROC_3D72A6,1,10,team1,Team 1 (N/S),81,39,38,♠,finished,2026-05-17T16:37:02.791606+00:00
4717,INPROC_65BB27,1,10,team2,Team 2 (E/W),38,82,2,♣,finished,2026-05-17T16:37:02.806423+00:00
4718,INPROC_13DBA7,1,10,team2,Team 2 (E/W),0,120,11,♦,finished,2026-05-17T16:37:02.822574+00:00
4719,INPROC_8AD3DF,1,10,team2,Team 2 (E/W),34,86,33,♠,finished,2026-05-17T16:37:02.841929+00:00
4720,INPROC_606582,1,10,team1,Team 1 (N/S),109,11,33,♠,finished,2026-05-17T16:37:02.861380+00:00
4721,INPROC_67C3BA,1,10,team2,Team 2 (E/W),54,66,16,♦,finished,2026-05-17T16:37:02.878391+00:00
4722,INPROC_811C34,1,10,team1,Team 1 (N/S),64,56,37,♠,finished,2026-05-17T16:37:02.896232+00:00
4723,INPROC_780E42,1,10,team2,Team 2 (E/W),53,67,10,♦,finished,2026-05-17T16:37:02.914229+00:00
4724,INPROC_7C8E65,1,10,team1,Team 1 (N/S),100,20,5,♣,finished,2026-05-17T16:37:02.931405+00:00
4725,INPROC_E32709,1,10,team2,Team 2 (E/W),48,72,36,♠,finished,2026-05-17T16:37:02.952190+00:00
4726,INPROC_2D7E15,1,10,team2,Team 2 (E/W),56,64,2,♣,finished,2026-05-17T16:37:02.972374+00:00
4727,INPROC_BF6823,1,10,team2,Team 2 (E/W),24,96,15,♦,finished,2026-05-17T16:37:02.991572+00:00
4728,INPROC_C3A8E0,1,10,team1,Team 1 (N/S),64,56,4,♣,finished,2026-05-17T16:37:03.010463+00:00
4729,INPROC_C52CDF,1,10,team2,Team 2 (E/W),37,83,5,♣,finished,2026-05-17T16:37:03.024939+00:00
4730,INPROC_33F215,1,10,team2,Team 2 (E/W),44,76,23,♥,finished,2026-05-17T16:37:03.042262+00:00
4731,INPROC_E5D3DC,1,10,team2,Team 2 (E/W),58,62,1,♣,finished,2026-05-17T16:37:03.058504+00:00
4732,INPROC_7AB846,1,10,team2,Team 2 (E/W),38,82,5,♣,finished,2026-05-17T16:37:03.071556+00:00
4733,INPROC_423DC3,1,10,team2,Team 2 (E/W),50,70,25,♥,finished,2026-05-17T16:37:03.084416+00:00
4734,INPROC_F7447F,1,10,team2,Team 2 (E/W),42,78,9,♣,finished,2026-05-17T16:37:03.100563+00:00
4735,INPROC_C67F1E,1,10,team1,Team 1 (N/S),74,46,20,♥,finished,2026-05-17T16:37:03.116263+00:00
4736,INPROC_7637EB,1,10,team1,Team 1 (N/S),100,20,27,♥,finished,2026-05-17T16:37:03.131090+00:00
4737,INPROC_7B4C45,1,10,team2,Team 2 (E/W),48,72,8,♣,finished,2026-05-17T16:37:03.147059+00:00
4738,INPROC_20BF64,1,10,team1,Team 1 (N/S),63,57,2,♣,finished,2026-05-17T16:37:03.163136+00:00
4739,INPROC_EF7781,1,10,team2,Team 2 (E/W),38,82,29,♥,finished,2026-05-17T16:37:03.180731+00:00
4740,INPROC_A53B20,1,10,team2,Team 2 (E/W),28,92,28,♥,finished,2026-05-17T16:37:03.196498+00:00
4741,INPROC_89456C,1,10,team1,Team 1 (N/S),86,34,31,♠,finished,2026-05-17T16:37:03.208807+00:00
4742,INPROC_19691D,1,10,team1,Team 1 (N/S),67,53,5,♣,finished,2026-05-17T16:37:03.227530+00:00
4743,INPROC_CF77A3,1,10,team2,Team 2 (E/W),48,72,13,♦,finished,2026-05-17T16:37:03.243920+00:00
4744,INPROC_2838C7,1,10,team1,Team 1 (N/S),98,22,28,♥,finished,2026-05-17T16:37:03.259761+00:00
4745,INPROC_3B99E1,1,10,team2,Team 2 (E/W),15,105,25,♥,finished,2026-05-17T16:37:03.275957+00:00
4746,INPROC_1D8E4E,1,10,team2,Team 2 (E/W),35,85,23,♥,finished,2026-05-17T16:37:03.291656+00:00
4747,INPROC_83F133,1,10,team2,Team 2 (E/W),45,75,10,♦,finished,2026-05-17T16:37:03.310310+00:00
4748,INPROC_080EDA,1,10,team2,Team 2 (E/W),39,81,26,♥,finished,2026-05-17T16:37:03.324552+00:00
4749,INPROC_1E05E6,1,10,team2,Team 2 (E/W),6,114,15,♦,finished,2026-05-17T16:37:03.339377+00:00
4750,INPROC_434664,1,10,team2,Team 2 (E/W),51,69,4,♣,finished,2026-05-17T16:37:03.355020+00:00
4751,INPROC_D08151,1,10,team1,Team 1 (N/S),67,53,0,♣,finished,2026-05-17T16:37:03.371811+00:00
4752,INPROC_CEA83C,1,10,team2,Team 2 (E/W),47,73,17,♦,finished,2026-05-17T16:37:03.387458+00:00
4753,INPROC_56F725,1,10,team2,Team 2 (E/W),58,62,24,♥,finished,2026-05-17T16:37:03.403340+00:00
4754,INPROC_C0B61E,1,10,team2,Team 2 (E/W),20,100,38,♠,finished,2026-05-17T16:37:03.419173+00:00
4755,INPROC_407B12,1,10,team2,Team 2 (E/W),27,93,7,♣,finished,2026-05-17T16:37:03.436856+00:00
4756,INPROC_8F6A60,1,10,team1,Team 1 (N/S),74,46,9,♣,finished,2026-05-17T16:37:03.450869+00:00
4757,INPROC_40331C,1,10,team2,Team 2 (E/W),10,110,27,♥,finished,2026-05-17T16:37:03.467528+00:00
4758,INPROC_29D00A,1,10,team1,Team 1 (N/S),73,47,21,♥,finished,2026-05-17T16:37:03.483617+00:00
4759,INPROC_D2EFB6,1,10,team2,Team 2 (E/W),43,77,5,♣,finished,2026-05-17T16:37:03.501324+00:00
4760,INPROC_D21BE1,1,10,team2,Team 2 (E/W),40,80,5,♣,finished,2026-05-17T16:37:03.517980+00:00
4761,INPROC_DA9E35,1,10,team1,Team 1 (N/S),70,50,1,♣,finished,2026-05-17T16:37:03.534175+00:00
4762,INPROC_8BC9A1,1,10,team2,Team 2 (E/W),20,100,8,♣,finished,2026-05-17T16:37:03.550478+00:00
4763,INPROC_30F06E,1,10,team2,Team 2 (E/W),40,80,28,♥,finished,2026-05-17T16:37:03.565962+00:00
4764,INPROC_BBAED8,1,10,team1,Team 1 (N/S),104,16,16,♦,finished,2026-05-17T16:37:03.583728+00:00
4765,INPROC_D59445,1,10,team2,Team 2 (E/W),29,91,34,♠,finished,2026-05-17T16:37:03.601460+00:00
4766,INPROC_902877,1,10,team1,Team 1 (N/S),95,25,20,♥,finished,2026-05-17T16:37:03.618128+00:00
4767,INPROC_58D50D,1,10,team2,Team 2 (E/W),30,90,21,♥,finished,2026-05-17T16:37:03.633829+00:00
4768,INPROC_404D75,1,10,team1,Team 1 (N/S),77,43,28,♥,finished,2026-05-17T16:37:03.647604+00:00
4769,INPROC_7B02A2,1,10,team1,Team 1 (N/S),80,40,12,♦,finished,2026-05-17T16:37:03.663943+00:00
4770,INPROC_65F77D,1,10,team1,Team 1 (N/S),103,17,35,♠,finished,2026-05-17T16:37:03.680238+00:00
4771,INPROC_CA4C47,1,10,team2,Team 2 (E/W),44,76,10,♦,finished,2026-05-17T16:37:03.693207+00:00
4772,INPROC_F8CA1B,1,10,team2,Team 2 (E/W),30,90,9,♣,finished,2026-05-17T16:37:03.708800+00:00
4773,INPROC_5C786D,1,10,team2,Team 2 (E/W),26,94,18,♦,finished,2026-05-17T16:37:03.724779+00:00
4774,INPROC_732CCE,1,10,team1,Team 1 (N/S),62,58,6,♣,finished,2026-05-17T16:37:03.741022+00:00
4775,INPROC_221985,1,10,team1,Team 1 (N/S),78,42,9,♣,finished,2026-05-17T16:37:03.757078+00:00
4776,INPROC_0C58EE,1,10,team1,Team 1 (N/S),64,56,0,♣,finished,2026-05-17T16:37:03.773507+00:00
4777,INPROC_A11926,1,10,team2,Team 2 (E/W),54,66,37,♠,finished,2026-05-17T16:37:03.789947+00:00
4778,INPROC_B27C72,1,10,team2,Team 2 (E/W),48,72,12,♦,finished,2026-05-17T16:37:03.807382+00:00
4779,INPROC_4BCC9A,1,10,team1,Team 1 (N/S),63,57,32,♠,finished,2026-05-17T16:37:03.825725+00:00
4780,INPROC_FC245E,1,10,team1,Team 1 (N/S),82,38,33,♠,finished,2026-05-17T16:37:03.840885+00:00
4781,INPROC_967502,1,10,team2,Team 2 (E/W),58,62,16,♦,finished,2026-05-17T16:37:03.858109+00:00
4782,INPROC_E29BDE,1,10,team1,Team 1 (N/S),65,55,19,♦,finished,2026-05-17T16:37:03.877680+00:00
4783,INPROC_75383A,1,10,team2,Team 2 (E/W),23,97,16,♦,finished,2026-05-17T16:37:03.894969+00:00
4784,INPROC_A0CF9D,1,10,team1,Team 1 (N/S),102,18,33,♠,finished,2026-05-17T16:37:03.913083+00:00
4785,INPROC_C62571,1,10,team2,Team 2 (E/W),26,94,15,♦,finished,2026-05-17T16:37:03.930340+00:00
4786,INPROC_EB0DBB,1,10,team1,Team 1 (N/S),77,43,9,♣,finished,2026-05-17T16:37:03.948454+00:00
4787,INPROC_B513F4,1,10,team2,Team 2 (E/W),35,85,0,♣,finished,2026-05-17T16:37:03.965285+00:00
4788,INPROC_96CFDD,1,10,team1,Team 1 (N/S),62,58,22,♥,finished,2026-05-17T16:37:03.981827+00:00
4789,INPROC_846223,1,10,team1,Team 1 (N/S),81,39,1,♣,finished,2026-05-17T16:37:04.000939+00:00
4790,INPROC_1CBCDA,1,10,team1,Team 1 (N/S),64,56,2,♣,finished,2026-05-17T16:37:04.018592+00:00
4791,INPROC_3BF4C4,1,10,team1,Team 1 (N/S),76,44,11,♦,finished,2026-05-17T16:37:04.037350+00:00
4792,INPROC_A58090,1,10,team2,Team 2 (E/W),4,116,31,♠,finished,2026-05-17T16:37:04.054309+00:00
4793,INPROC_F2CDBD,1,10,team2,Team 2 (E/W),13,107,28,♥,finished,2026-05-17T16:37:04.072492+00:00
4794,INPROC_E0A9C1,1,10,team1,Team 1 (N/S),83,37,16,♦,finished,2026-05-17T16:37:04.090696+00:00
4795,INPROC_E4469C,1,10,team2,Team 2 (E/W),39,81,12,♦,finished,2026-05-17T16:37:04.106943+00:00
4796,INPROC_44A2E1,1,10,team2,Team 2 (E/W),54,66,24,♥,finished,2026-05-17T16:37:04.120176+00:00
4797,INPROC_5FE6E3,1,10,team2,Team 2 (E/W),26,94,11,♦,finished,2026-05-17T16:37:04.135210+00:00
4798,INPROC_90DC06,1,10,team2,Team 2 (E/W),33,87,31,♠,finished,2026-05-17T16:37:04.150932+00:00
4799,INPROC_DCF1BF,1,10,team1,Team 1 (N/S),74,46,27,♥,finished,2026-05-17T16:37:04.167984+00:00
4800,INPROC_E192D6,1,10,team2,Team 2 (E/W),49,71,33,♠,finished,2026-05-17T16:37:04.183437+00:00
4801,INPROC_029AE4,1,10,team1,Team 1 (N/S),99,21,27,♥,finished,2026-05-17T16:37:04.199553+00:00
4802,INPROC_D8A229,1,10,team2,Team 2 (E/W),32,88,30,♠,finished,2026-05-17T16:37:04.214456+00:00
4803,INPROC_2009A1,1,10,team1,Team 1 (N/S),65,55,5,♣,finished,2026-05-17T16:37:04.230260+00:00
4804,INPROC_FFCFD3,1,10,team1,Team 1 (N/S),97,23,2,♣,finished,2026-05-17T16:37:04.243887+00:00
4805,INPROC_C5B33C,1,10,team1,Team 1 (N/S),70,50,4,♣,finished,2026-05-17T16:37:04.259840+00:00
4806,INPROC_047C01,1,10,team1,Team 1 (N/S),75,45,24,♥,finished,2026-05-17T16:37:04.274782+00:00
4807,INPROC_6D1439,1,10,team2,Team 2 (E/W),16,104,21,♥,finished,2026-05-17T16:37:04.294943+00:00
4808,INPROC_6228B5,1,10,team1,Team 1 (N/S),76,44,32,♠,finished,2026-05-17T16:37:04.310023+00:00
4809,INPROC_501CE6,1,10,draw,draw,60,60,21,♥,finished,2026-05-17T16:37:04.324984+00:00
4810,INPROC_EDAA5F,1,10,team1,Team 1 (N/S),72,48,28,♥,finished,2026-05-17T16:37:04.341820+00:00
4811,INPROC_39983A,1,10,team1,Team 1 (N/S),101,19,20,♥,finished,2026-05-17T16:37:04.357954+00:00
4812,INPROC_96E02E,1,10,team2,Team 2 (E/W),56,64,12,♦,finished,2026-05-17T16:37:04.373564+00:00
4813,INPROC_6E6CA9,1,10,team1,Team 1 (N/S),62,58,16,♦,finished,2026-05-17T16:37:04.390298+00:00
4814,INPROC_FF6127,1,10,team1,Team 1 (N/S),62,58,38,♠,finished,2026-05-17T16:37:04.405509+00:00
4815,INPROC_DC93B1,1,10,team1,Team 1 (N/S),63,57,17,♦,finished,2026-05-17T16:37:04.421035+00:00
4816,INPROC_5D5E51,1,10,team1,Team 1 (N/S),61,59,22,♥,finished,2026-05-17T16:37:04.437458+00:00
4817,INPROC_2DF917,1,10,team1,Team 1 (N/S),67,53,3,♣,finished,2026-05-17T16:37:04.453724+00:00
4818,INPROC_23951B,1,10,team2,Team 2 (E/W),20,100,19,♦,finished,2026-05-17T16:37:04.469710+00:00
4819,INPROC_AEC844,1,10,team1,Team 1 (N/S),83,37,13,♦,finished,2026-05-17T16:37:04.486534+00:00
4820,INPROC_2F3CED,1,10,team1,Team 1 (N/S),78,42,10,♦,finished,2026-05-17T16:37:04.501498+00:00
4821,INPROC_77AC7E,1,10,team1,Team 1 (N/S),78,42,10,♦,finished,2026-05-17T16:37:04.517758+00:00
4822,INPROC_889FF3,1,10,team1,Team 1 (N/S),66,54,26,♥,finished,2026-05-17T16:37:04.533554+00:00
4823,INPROC_350987,1,10,team2,Team 2 (E/W),55,65,3,♣,finished,2026-05-17T16:37:04.550368+00:00
4824,INPROC_25180D,1,10,team2,Team 2 (E/W),53,67,19,♦,finished,2026-05-17T16:37:04.565700+00:00
4825,INPROC_5809F2,1,10,team2,Team 2 (E/W),40,80,8,♣,finished,2026-05-17T16:37:04.582769+00:00
4826,INPROC_7AF0E8,1,10,team1,Team 1 (N/S),106,14,37,♠,finished,2026-05-17T16:37:04.596880+00:00
4827,INPROC_4BF04D,1,10,team2,Team 2 (E/W),59,61,5,♣,finished,2026-05-17T16:37:04.612056+00:00
4828,INPROC_B52A50,1,10,team1,Team 1 (N/S),63,57,23,♥,finished,2026-05-17T16:37:04.626451+00:00
4829,INPROC_645FEA,1,10,team2,Team 2 (E/W),53,67,24,♥,finished,2026-05-17T16:37:04.643334+00:00
4830,INPROC_CDB1A9,1,10,team1,Team 1 (N/S),75,45,14,♦,finished,2026-05-17T16:37:04.656566+00:00
4831,INPROC_AFFB8F,1,10,team1,Team 1 (N/S),62,58,8,♣,finished,2026-05-17T16:37:04.672154+00:00
4832,INPROC_46AD09,1,10,team1,Team 1 (N/S),83,37,5,♣,finished,2026-05-17T16:37:04.689059+00:00
4833,INPROC_774FB8,1,10,team2,Team 2 (E/W),54,66,1,♣,finished,2026-05-17T16:37:04.705257+00:00
4834,INPROC_228E75,1,10,team2,Team 2 (E/W),38,82,35,♠,finished,2026-05-17T16:37:04.722182+00:00
4835,INPROC_E80D26,1,10,team1,Team 1 (N/S),69,51,1,♣,finished,2026-05-17T16:37:04.736683+00:00
4836,INPROC_3AF2D2,1,10,team2,Team 2 (E/W),27,93,18,♦,finished,2026-05-17T16:37:04.754606+00:00
4837,INPROC_2668A1,1,10,team1,Team 1 (N/S),72,48,37,♠,finished,2026-05-17T16:37:04.770576+00:00
4838,INPROC_61A71E,1,10,team1,Team 1 (N/S),70,50,8,♣,finished,2026-05-17T16:37:04.785249+00:00
4839,INPROC_DD5C80,1,10,team1,Team 1 (N/S),81,39,8,♣,finished,2026-05-17T16:37:04.798023+00:00
4840,INPROC_B2BF23,1,10,team1,Team 1 (N/S),74,46,31,♠,finished,2026-05-17T16:37:04.812940+00:00
4841,INPROC_D16CED,1,10,team2,Team 2 (E/W),36,84,31,♠,finished,2026-05-17T16:37:04.828977+00:00
4842,INPROC_F42B92,1,10,team2,Team 2 (E/W),31,89,5,♣,finished,2026-05-17T16:37:04.845118+00:00
4843,INPROC_8BE861,1,10,team2,Team 2 (E/W),49,71,27,♥,finished,2026-05-17T16:37:04.861048+00:00
4844,INPROC_9A6E6E,1,10,team2,Team 2 (E/W),26,94,19,♦,finished,2026-05-17T16:37:04.874865+00:00
4845,INPROC_22F8E9,1,10,team2,Team 2 (E/W),17,103,9,♣,finished,2026-05-17T16:37:04.891781+00:00
4846,INPROC_35E486,1,10,team1,Team 1 (N/S),84,36,14,♦,finished,2026-05-17T16:37:04.909866+00:00
4847,INPROC_2C09E8,1,10,team2,Team 2 (E/W),56,64,21,♥,finished,2026-05-17T16:37:04.927269+00:00
4848,INPROC_129F39,1,10,team2,Team 2 (E/W),33,87,35,♠,finished,2026-05-17T16:37:04.941570+00:00
4849,INPROC_D57FEF,1,10,team2,Team 2 (E/W),51,69,36,♠,finished,2026-05-17T16:37:04.958475+00:00
4850,INPROC_F44EFF,1,10,team1,Team 1 (N/S),100,20,2,♣,finished,2026-05-17T16:37:04.975619+00:00
4851,INPROC_8C0933,1,10,team1,Team 1 (N/S),70,50,37,♠,finished,2026-05-17T16:37:04.992091+00:00
4852,INPROC_4FE2D2,1,10,team2,Team 2 (E/W),46,74,17,♦,finished,2026-05-17T16:37:05.008294+00:00
4853,INPROC_F45889,1,10,team2,Team 2 (E/W),35,85,23,♥,finished,2026-05-17T16:37:05.024241+00:00
4854,INPROC_D1C694,1,10,team1,Team 1 (N/S),81,39,22,♥,finished,2026-05-17T16:37:05.047095+00:00
4855,INPROC_C30B63,1,10,team1,Team 1 (N/S),103,17,13,♦,finished,2026-05-17T16:37:05.068574+00:00
4856,INPROC_0CB8D5,1,10,team2,Team 2 (E/W),49,71,36,♠,finished,2026-05-17T16:37:05.084644+00:00
4857,INPROC_0F6B09,1,10,team2,Team 2 (E/W),50,70,0,♣,finished,2026-05-17T16:37:05.099802+00:00
4858,INPROC_A90D9B,1,10,team2,Team 2 (E/W),43,77,32,♠,finished,2026-05-17T16:37:05.113274+00:00
4859,INPROC_627CAA,1,10,team2,Team 2 (E/W),0,120,15,♦,finished,2026-05-17T16:37:05.129019+00:00
4860,INPROC_5CB39D,1,10,team2,Team 2 (E/W),26,94,8,♣,finished,2026-05-17T16:37:05.142202+00:00
4861,INPROC_E0EAB9,1,10,team2,Team 2 (E/W),50,70,37,♠,finished,2026-05-17T16:37:05.158982+00:00
4862,INPROC_674F86,1,10,team2,Team 2 (E/W),4,116,8,♣,finished,2026-05-17T16:37:05.174570+00:00
4863,INPROC_801DCB,1,10,team2,Team 2 (E/W),45,75,26,♥,finished,2026-05-17T16:37:05.190225+00:00
4864,INPROC_3B67BC,1,10,team1,Team 1 (N/S),76,44,7,♣,finished,2026-05-17T16:37:05.205544+00:00
4865,INPROC_67D90D,1,10,team2,Team 2 (E/W),39,81,11,♦,finished,2026-05-17T16:37:05.221042+00:00
4866,INPROC_D5B213,1,10,team1,Team 1 (N/S),72,48,20,♥,finished,2026-05-17T16:37:05.236199+00:00
4867,INPROC_EBA0C9,1,10,team2,Team 2 (E/W),34,86,31,♠,finished,2026-05-17T16:37:05.251224+00:00
4868,INPROC_61AD5C,1,10,team2,Team 2 (E/W),15,105,32,♠,finished,2026-05-17T16:37:05.265609+00:00
4869,INPROC_01D3A5,1,10,team2,Team 2 (E/W),28,92,23,♥,finished,2026-05-17T16:37:05.282168+00:00
4870,INPROC_A232B5,1,10,team1,Team 1 (N/S),86,34,26,♥,finished,2026-05-17T16:37:05.297183+00:00
4871,INPROC_88A416,1,10,team1,Team 1 (N/S),100,20,37,♠,finished,2026-05-17T16:37:05.313052+00:00
4872,INPROC_2F50E1,1,10,team1,Team 1 (N/S),84,36,24,♥,finished,2026-05-17T16:37:05.329361+00:00
4873,INPROC_945A94,1,10,team1,Team 1 (N/S),71,49,37,♠,finished,2026-05-17T16:37:05.345534+00:00
4874,INPROC_0519F6,1,10,team1,Team 1 (N/S),98,22,38,♠,finished,2026-05-17T16:37:05.362651+00:00
4875,INPROC_8F043A,1,10,team2,Team 2 (E/W),39,81,29,♥,finished,2026-05-17T16:37:05.380184+00:00
4876,INPROC_D8F979,1,10,team2,Team 2 (E/W),27,93,15,♦,finished,2026-05-17T16:37:05.395461+00:00
4877,INPROC_A23DB3,1,10,team1,Team 1 (N/S),73,47,5,♣,finished,2026-05-17T16:37:05.408383+00:00
4878,INPROC_2B4289,1,10,team2,Team 2 (E/W),56,64,31,♠,finished,2026-05-17T16:37:05.422947+00:00
4879,INPROC_1D6C30,1,10,team2,Team 2 (E/W),17,103,25,♥,finished,2026-05-17T16:37:05.437275+00:00
4880,INPROC_8E47DA,1,10,team2,Team 2 (E/W),45,75,14,♦,finished,2026-05-17T16:37:05.451884+00:00
4881,INPROC_E57BA0,1,10,team2,Team 2 (E/W),41,79,9,♣,finished,2026-05-17T16:37:05.468194+00:00
4882,INPROC_5AC6E2,1,10,team2,Team 2 (E/W),24,96,13,♦,finished,2026-05-17T16:37:05.484180+00:00
4883,INPROC_5EF1E9,1,10,team1,Team 1 (N/S),76,44,28,♥,finished,2026-05-17T16:37:05.501520+00:00
4884,INPROC_6A65EE,1,10,team2,Team 2 (E/W),20,100,35,♠,finished,2026-05-17T16:37:05.517664+00:00
4885,INPROC_406E0E,1,10,team1,Team 1 (N/S),64,56,27,♥,finished,2026-05-17T16:37:05.530651+00:00
4886,INPROC_934057,1,10,team2,Team 2 (E/W),55,65,2,♣,finished,2026-05-17T16:37:05.547748+00:00
4887,INPROC_5C07E8,1,10,team2,Team 2 (E/W),0,120,6,♣,finished,2026-05-17T16:37:05.566272+00:00
4888,INPROC_80B1D1,1,10,team1,Team 1 (N/S),70,50,23,♥,finished,2026-05-17T16:37:05.583315+00:00
4889,INPROC_691597,1,10,team2,Team 2 (E/W),50,70,5,♣,finished,2026-05-17T16:37:05.601250+00:00
4890,INPROC_D45497,1,10,team2,Team 2 (E/W),35,85,18,♦,finished,2026-05-17T16:37:05.618516+00:00
4891,INPROC_91FC12,1,10,team1,Team 1 (N/S),104,16,27,♥,finished,2026-05-17T16:37:05.636346+00:00
4892,INPROC_4BB8D1,1,10,team2,Team 2 (E/W),14,106,6,♣,finished,2026-05-17T16:37:05.652738+00:00
4893,INPROC_0C58DE,1,10,team2,Team 2 (E/W),53,67,24,♥,finished,2026-05-17T16:37:05.674007+00:00
4894,INPROC_B5B3EA,1,10,team1,Team 1 (N/S),114,6,26,♥,finished,2026-05-17T16:37:05.692529+00:00
4895,INPROC_28A1D8,1,10,team1,Team 1 (N/S),62,58,5,♣,finished,2026-05-17T16:37:05.709494+00:00
4896,INPROC_B38535,1,10,team2,Team 2 (E/W),35,85,3,♣,finished,2026-05-17T16:37:05.727740+00:00
4897,INPROC_8E127E,1,10,team2,Team 2 (E/W),45,75,23,♥,finished,2026-05-17T16:37:05.746707+00:00
4898,INPROC_D859C1,1,10,team1,Team 1 (N/S),62,58,14,♦,finished,2026-05-17T16:37:05.762481+00:00
4899,INPROC_09238B,1,10,team1,Team 1 (N/S),92,28,4,♣,finished,2026-05-17T16:37:05.780015+00:00
4900,INPROC_013E66,1,10,team2,Team 2 (E/W),27,93,21,♥,finished,2026-05-17T16:37:05.797135+00:00
4901,INPROC_4761DB,1,10,team2,Team 2 (E/W),15,105,36,♠,finished,2026-05-17T16:37:05.814444+00:00
4902,INPROC_72C415,1,10,team1,Team 1 (N/S),107,13,34,♠,finished,2026-05-17T16:37:05.834209+00:00
4903,INPROC_195A0B,1,10,team1,Team 1 (N/S),65,55,3,♣,finished,2026-05-17T16:37:05.853287+00:00
4904,INPROC_B79B02,1,10,team1,Team 1 (N/S),75,45,21,♥,finished,2026-05-17T16:37:05.870463+00:00
4905,INPROC_70CFB9,1,10,team1,Team 1 (N/S),63,57,16,♦,finished,2026-05-17T16:37:05.886647+00:00
4906,INPROC_8EB4F7,1,10,team2,Team 2 (E/W),8,112,16,♦,finished,2026-05-17T16:37:05.903782+00:00
4907,INPROC_1955F7,1,10,team2,Team 2 (E/W),58,62,20,♥,finished,2026-05-17T16:37:05.923605+00:00
4908,INPROC_94A845,1,10,team2,Team 2 (E/W),32,88,22,♥,finished,2026-05-17T16:37:05.945600+00:00
4909,INPROC_27D695,1,10,team2,Team 2 (E/W),42,78,8,♣,finished,2026-05-17T16:37:05.965260+00:00
4910,INPROC_411266,1,10,team2,Team 2 (E/W),54,66,17,♦,finished,2026-05-17T16:37:05.984562+00:00
4911,INPROC_B4F571,1,10,team2,Team 2 (E/W),29,91,33,♠,finished,2026-05-17T16:37:06.004103+00:00
4912,INPROC_59AAE1,1,10,team2,Team 2 (E/W),49,71,35,♠,finished,2026-05-17T16:37:06.025330+00:00
4913,INPROC_870118,1,10,team1,Team 1 (N/S),103,17,7,♣,finished,2026-05-17T16:37:06.046347+00:00
4914,INPROC_B77EEC,1,10,team2,Team 2 (E/W),35,85,22,♥,finished,2026-05-17T16:37:06.067289+00:00
4915,INPROC_E3AD36,1,10,team2,Team 2 (E/W),32,88,2,♣,finished,2026-05-17T16:37:06.089373+00:00
4916,INPROC_9B2884,1,10,team1,Team 1 (N/S),77,43,6,♣,finished,2026-05-17T16:37:06.109088+00:00
4917,INPROC_2D276C,1,10,team1,Team 1 (N/S),99,21,1,♣,finished,2026-05-17T16:37:06.129659+00:00
4918,INPROC_F0E25F,1,10,team2,Team 2 (E/W),16,104,9,♣,finished,2026-05-17T16:37:06.151005+00:00
4919,INPROC_82B23F,1,10,team2,Team 2 (E/W),45,75,37,♠,finished,2026-05-17T16:37:06.172158+00:00
4920,INPROC_BEB964,1,10,team1,Team 1 (N/S),74,46,19,♦,finished,2026-05-17T16:37:06.193869+00:00
4921,INPROC_40E1D0,1,10,team2,Team 2 (E/W),49,71,37,♠,finished,2026-05-17T16:37:06.215691+00:00
4922,INPROC_75DF89,1,10,team1,Team 1 (N/S),85,35,5,♣,finished,2026-05-17T16:37:06.232334+00:00
4923,INPROC_B2D631,1,10,team1,Team 1 (N/S),86,34,27,♥,finished,2026-05-17T16:37:06.251567+00:00
4924,INPROC_8C2118,1,10,team2,Team 2 (E/W),36,84,33,♠,finished,2026-05-17T16:37:06.268902+00:00
4925,INPROC_676A50,1,10,team1,Team 1 (N/S),94,26,26,♥,finished,2026-05-17T16:37:06.282368+00:00
4926,INPROC_92B50A,1,10,team1,Team 1 (N/S),68,52,37,♠,finished,2026-05-17T16:37:06.303720+00:00
4927,INPROC_B7C597,1,10,team2,Team 2 (E/W),53,67,32,♠,finished,2026-05-17T16:37:06.321539+00:00
4928,INPROC_A99052,1,10,team2,Team 2 (E/W),57,63,29,♥,finished,2026-05-17T16:37:06.337842+00:00
4929,INPROC_F8A221,1,10,team1,Team 1 (N/S),61,59,0,♣,finished,2026-05-17T16:37:06.354933+00:00
4930,INPROC_9598F0,1,10,team1,Team 1 (N/S),65,55,1,♣,finished,2026-05-17T16:37:06.370652+00:00
4931,INPROC_F46C51,1,10,team2,Team 2 (E/W),25,95,35,♠,finished,2026-05-17T16:37:06.388546+00:00
4932,INPROC_01FA83,1,10,team2,Team 2 (E/W),34,86,16,♦,finished,2026-05-17T16:37:06.404801+00:00
4933,INPROC_2EB46E,1,10,team1,Team 1 (N/S),64,56,8,♣,finished,2026-05-17T16:37:06.420850+00:00
4934,INPROC_E39B78,1,10,team1,Team 1 (N/S),64,56,26,♥,finished,2026-05-17T16:37:06.438808+00:00
4935,INPROC_77D240,1,10,team2,Team 2 (E/W),55,65,30,♠,finished,2026-05-17T16:37:06.457246+00:00
4936,INPROC_EAEF72,1,10,team1,Team 1 (N/S),73,47,11,♦,finished,2026-05-17T16:37:06.477039+00:00
4937,INPROC_24A9DF,1,10,team2,Team 2 (E/W),38,82,22,♥,finished,2026-05-17T16:37:06.495371+00:00
4938,INPROC_2B01BF,1,10,team1,Team 1 (N/S),83,37,25,♥,finished,2026-05-17T16:37:06.512146+00:00
4939,INPROC_BA135A,1,10,team1,Team 1 (N/S),62,58,4,♣,finished,2026-05-17T16:37:06.526424+00:00
4940,INPROC_02B28D,1,10,team1,Team 1 (N/S),70,50,13,♦,finished,2026-05-17T16:37:06.545785+00:00
4941,INPROC_656F58,1,10,team2,Team 2 (E/W),36,84,7,♣,finished,2026-05-17T16:37:06.560530+00:00
4942,INPROC_3664D1,1,10,team1,Team 1 (N/S),67,53,7,♣,finished,2026-05-17T16:37:06.575932+00:00
4943,INPROC_B8B23A,1,10,team2,Team 2 (E/W),44,76,26,♥,finished,2026-05-17T16:37:06.592593+00:00
4944,INPROC_456785,1,10,team2,Team 2 (E/W),47,73,13,♦,finished,2026-05-17T16:37:06.607396+00:00
4945,INPROC_89F20D,1,10,team1,Team 1 (N/S),64,56,34,♠,finished,2026-05-17T16:37:06.624763+00:00
4946,INPROC_1202C5,1,10,team2,Team 2 (E/W),51,69,11,♦,finished,2026-05-17T16:37:06.639264+00:00
4947,INPROC_8EFC57,1,10,team1,Team 1 (N/S),80,40,36,♠,finished,2026-05-17T16:37:06.654978+00:00
4948,INPROC_3075D1,1,10,team2,Team 2 (E/W),53,67,33,♠,finished,2026-05-17T16:37:06.669511+00:00
4949,INPROC_FB3D15,1,10,team1,Team 1 (N/S),67,53,29,♥,finished,2026-05-17T16:37:06.684943+00:00
4950,INPROC_5DD43E,1,10,team2,Team 2 (E/W),30,90,32,♠,finished,2026-05-17T16:37:06.702087+00:00
4951,INPROC_C90917,1,10,team2,Team 2 (E/W),55,65,2,♣,finished,2026-05-17T16:37:06.719341+00:00
4952,INPROC_D2B186,1,10,team1,Team 1 (N/S),68,52,32,♠,finished,2026-05-17T16:37:06.731996+00:00
4953,INPROC_340344,1,10,team2,Team 2 (E/W),59,61,17,♦,finished,2026-05-17T16:37:06.749736+00:00
4954,INPROC_723047,1,10,team1,Team 1 (N/S),83,37,7,♣,finished,2026-05-17T16:37:06.766318+00:00
4955,INPROC_EA9CE0,1,10,team1,Team 1 (N/S),65,55,5,♣,finished,2026-05-17T16:37:06.781082+00:00
4956,INPROC_AE8CA2,1,10,team1,Team 1 (N/S),61,59,33,♠,finished,2026-05-17T16:37:06.798345+00:00
4957,INPROC_2BC242,1,10,team2,Team 2 (E/W),56,64,21,♥,finished,2026-05-17T16:37:06.814587+00:00
4958,INPROC_CED88B,1,10,team2,Team 2 (E/W),41,79,19,♦,finished,2026-05-17T16:37:06.827557+00:00
4959,INPROC_3BB890,1,10,team2,Team 2 (E/W),5,115,39,♠,finished,2026-05-17T16:37:06.840974+00:00
4960,INPROC_ADF060,1,10,team1,Team 1 (N/S),88,32,32,♠,finished,2026-05-17T16:37:06.856041+00:00
4961,INPROC_F84A38,1,10,team2,Team 2 (E/W),36,84,4,♣,finished,2026-05-17T16:37:06.867796+00:00
4962,INPROC_1D1AD9,1,10,team1,Team 1 (N/S),61,59,29,♥,finished,2026-05-17T16:37:06.884130+00:00
4963,INPROC_F1BF9E,1,10,team2,Team 2 (E/W),59,61,35,♠,finished,2026-05-17T16:37:06.901147+00:00
4964,INPROC_F8A4AD,1,10,team2,Team 2 (E/W),38,82,12,♦,finished,2026-05-17T16:37:06.917536+00:00
4965,INPROC_2123E4,1,10,team1,Team 1 (N/S),74,46,3,♣,finished,2026-05-17T16:37:06.934250+00:00
4966,INPROC_0189E7,1,10,team2,Team 2 (E/W),55,65,23,♥,finished,2026-05-17T16:37:06.952515+00:00
4967,INPROC_903D9B,1,10,draw,draw,60,60,4,♣,finished,2026-05-17T16:37:06.970238+00:00
4968,INPROC_9AF427,1,10,team1,Team 1 (N/S),63,57,20,♥,finished,2026-05-17T16:37:06.987486+00:00
4969,INPROC_9282C2,1,10,team2,Team 2 (E/W),25,95,22,♥,finished,2026-05-17T16:37:07.002837+00:00
4970,INPROC_8DFCD7,1,10,team1,Team 1 (N/S),78,42,20,♥,finished,2026-05-17T16:37:07.021265+00:00
4971,INPROC_3D5BDF,1,10,team1,Team 1 (N/S),92,28,23,♥,finished,2026-05-17T16:37:07.038994+00:00
4972,INPROC_696421,1,10,team2,Team 2 (E/W),38,82,13,♦,finished,2026-05-17T16:37:07.057744+00:00
4973,INPROC_683D02,1,10,team1,Team 1 (N/S),69,51,35,♠,finished,2026-05-17T16:37:07.077011+00:00
4974,INPROC_BB7319,1,10,team1,Team 1 (N/S),81,39,16,♦,finished,2026-05-17T16:37:07.097758+00:00
4975,INPROC_5E19CB,1,10,team1,Team 1 (N/S),79,41,30,♠,finished,2026-05-17T16:37:07.115332+00:00
4976,INPROC_1006C3,1,10,team2,Team 2 (E/W),13,107,24,♥,finished,2026-05-17T16:37:07.134333+00:00
4977,INPROC_27226B,1,10,team1,Team 1 (N/S),65,55,37,♠,finished,2026-05-17T16:37:07.150821+00:00
4978,INPROC_A0D417,1,10,team2,Team 2 (E/W),24,96,36,♠,finished,2026-05-17T16:37:07.166175+00:00
4979,INPROC_F72161,1,10,team2,Team 2 (E/W),2,118,36,♠,finished,2026-05-17T16:37:07.182102+00:00
4980,INPROC_7C79CA,1,10,team2,Team 2 (E/W),30,90,14,♦,finished,2026-05-17T16:37:07.199193+00:00
4981,INPROC_46C914,1,10,team1,Team 1 (N/S),62,58,18,♦,finished,2026-05-17T16:37:07.214767+00:00
4982,INPROC_80B390,1,10,team2,Team 2 (E/W),42,78,14,♦,finished,2026-05-17T16:37:07.231470+00:00
4983,INPROC_C82E64,1,10,team1,Team 1 (N/S),102,18,5,♣,finished,2026-05-17T16:37:07.247378+00:00
4984,INPROC_1247D7,1,10,team2,Team 2 (E/W),6,114,21,♥,finished,2026-05-17T16:37:07.263446+00:00
4985,INPROC_8A555D,1,10,team1,Team 1 (N/S),86,34,9,♣,finished,2026-05-17T16:37:07.279484+00:00
4986,INPROC_D8EC98,1,10,team1,Team 1 (N/S),85,35,33,♠,finished,2026-05-17T16:37:07.296434+00:00
4987,INPROC_3EBD67,1,10,team1,Team 1 (N/S),95,25,27,♥,finished,2026-05-17T16:37:07.311898+00:00
4988,INPROC_0D23BA,1,10,team1,Team 1 (N/S),98,22,23,♥,finished,2026-05-17T16:37:07.328059+00:00
4989,INPROC_D2D6D9,1,10,team1,Team 1 (N/S),68,52,9,♣,finished,2026-05-17T16:37:07.345449+00:00
4990,INPROC_C777F3,1,10,team2,Team 2 (E/W),2,118,24,♥,finished,2026-05-17T16:37:07.362629+00:00
4991,INPROC_E1179C,1,10,team2,Team 2 (E/W),32,88,33,♠,finished,2026-05-17T16:37:07.377627+00:00
4992,INPROC_4B01BE,1,10,team2,Team 2 (E/W),45,75,14,♦,finished,2026-05-17T16:37:07.394734+00:00
4993,INPROC_E2235C,1,10,team1,Team 1 (N/S),88,32,7,♣,finished,2026-05-17T16:37:07.411734+00:00
4994,INPROC_8AA018,1,10,team1,Team 1 (N/S),80,40,28,♥,finished,2026-05-17T16:37:07.425688+00:00
4995,INPROC_1ABB15,1,10,team2,Team 2 (E/W),21,99,19,♦,finished,2026-05-17T16:37:07.439358+00:00
4996,INPROC_9B0D22,1,10,team2,Team 2 (E/W),20,100,19,♦,finished,2026-05-17T16:37:07.456366+00:00
4997,INPROC_2ED038,1,10,team2,Team 2 (E/W),33,87,11,♦,finished,2026-05-17T16:37:07.472592+00:00
4998,INPROC_744C22,1,10,team2,Team 2 (E/W),37,83,8,♣,finished,2026-05-17T16:37:07.487771+00:00
4999,INPROC_854653,1,10,team1,Team 1 (N/S),64,56,15,♦,finished,2026-05-17T16:37:07.504498+00:00
5000,INPROC_61A49D,1,10,team2,Team 2 (E/W),39,81,4,♣,finished,2026-05-17T16:37:07.520205+00:00
5001,INPROC_7B9180,1,10,team1,Team 1 (N/S),104,16,10,♦,finished,2026-05-17T16:37:07.534853+00:00
5002,INPROC_6FA0C9,1,10,team2,Team 2 (E/W),59,61,2,♣,finished,2026-05-17T16:37:07.549476+00:00
5003,INPROC_B0D9CC,1,10,team2,Team 2 (E/W),51,69,22,♥,finished,2026-05-17T16:37:07.565594+00:00
5004,INPROC_D72DCB,1,10,team2,Team 2 (E/W),25,95,16,♦,finished,2026-05-17T16:37:07.581213+00:00
5005,INPROC_A23878,1,10,team2,Team 2 (E/W),46,74,21,♥,finished,2026-05-17T16:37:07.596851+00:00
5006,INPROC_F81B31,1,10,team2,Team 2 (E/W),34,86,11,♦,finished,2026-05-17T16:37:07.609486+00:00
5007,INPROC_4E5DAD,1,10,team1,Team 1 (N/S),78,42,22,♥,finished,2026-05-17T16:37:07.627663+00:00
5008,INPROC_1F7FC5,1,10,team2,Team 2 (E/W),52,68,18,♦,finished,2026-05-17T16:37:07.642926+00:00
5009,INPROC_49E474,1,10,team2,Team 2 (E/W),44,76,34,♠,finished,2026-05-17T16:37:07.659778+00:00
5010,INPROC_351F69,1,10,team1,Team 1 (N/S),82,38,8,♣,finished,2026-05-17T16:37:07.676184+00:00
5011,INPROC_710389,1,10,team2,Team 2 (E/W),12,108,34,♠,finished,2026-05-17T16:37:07.692052+00:00
5012,INPROC_99873B,1,10,team1,Team 1 (N/S),84,36,21,♥,finished,2026-05-17T16:37:07.706474+00:00
5013,INPROC_EC34EE,1,10,team2,Team 2 (E/W),38,82,7,♣,finished,2026-05-17T16:37:07.722250+00:00
5014,INPROC_CA2AB5,1,10,team1,Team 1 (N/S),85,35,7,♣,finished,2026-05-17T16:37:07.739861+00:00
5015,INPROC_7251FA,1,10,team2,Team 2 (E/W),40,80,29,♥,finished,2026-05-17T16:37:07.753347+00:00
5016,INPROC_9EAEBC,1,10,team2,Team 2 (E/W),23,97,37,♠,finished,2026-05-17T16:37:07.769557+00:00
5017,INPROC_0F87CA,1,10,team2,Team 2 (E/W),26,94,18,♦,finished,2026-05-17T16:37:07.784531+00:00
5018,INPROC_D9A389,1,10,draw,draw,60,60,15,♦,finished,2026-05-17T16:37:07.798500+00:00
5019,INPROC_42CE54,1,10,team1,Team 1 (N/S),66,54,0,♣,finished,2026-05-17T16:37:07.813169+00:00
5020,INPROC_3E06BA,1,10,team2,Team 2 (E/W),50,70,26,♥,finished,2026-05-17T16:37:07.829794+00:00
5021,INPROC_C74FDD,1,10,team2,Team 2 (E/W),59,61,7,♣,finished,2026-05-17T16:37:07.844599+00:00
5022,INPROC_D8B69E,1,10,team2,Team 2 (E/W),43,77,28,♥,finished,2026-05-17T16:37:07.860313+00:00
5023,INPROC_37BDAF,1,10,team2,Team 2 (E/W),34,86,18,♦,finished,2026-05-17T16:37:07.876189+00:00
5024,INPROC_5DF10C,1,10,team2,Team 2 (E/W),20,100,39,♠,finished,2026-05-17T16:37:07.892346+00:00
5025,INPROC_316039,1,10,team2,Team 2 (E/W),26,94,2,♣,finished,2026-05-17T16:37:07.909587+00:00
5026,INPROC_967AC5,1,10,team1,Team 1 (N/S),85,35,10,♦,finished,2026-05-17T16:37:07.925200+00:00
5027,INPROC_75A2CA,1,10,team1,Team 1 (N/S),61,59,10,♦,finished,2026-05-17T16:37:07.939936+00:00
5028,INPROC_98B536,1,10,team1,Team 1 (N/S),72,48,10,♦,finished,2026-05-17T16:37:07.957002+00:00
5029,INPROC_2D699B,1,10,team2,Team 2 (E/W),9,111,5,♣,finished,2026-05-17T16:37:07.975155+00:00
5030,INPROC_B5F51E,1,10,team2,Team 2 (E/W),59,61,22,♥,finished,2026-05-17T16:37:07.992187+00:00
5031,INPROC_88A0A0,1,10,team1,Team 1 (N/S),66,54,22,♥,finished,2026-05-17T16:37:08.009452+00:00
5032,INPROC_4CD30A,1,10,team1,Team 1 (N/S),73,47,5,♣,finished,2026-05-17T16:37:08.024545+00:00
5033,INPROC_48B0B4,1,10,team1,Team 1 (N/S),62,58,5,♣,finished,2026-05-17T16:37:08.040931+00:00
5034,INPROC_48233D,1,10,team2,Team 2 (E/W),44,76,36,♠,finished,2026-05-17T16:37:08.058823+00:00
5035,INPROC_0BD917,1,10,team2,Team 2 (E/W),44,76,31,♠,finished,2026-05-17T16:37:08.076907+00:00
5036,INPROC_099B9A,1,10,team2,Team 2 (E/W),49,71,21,♥,finished,2026-05-17T16:37:08.094837+00:00
5037,INPROC_06E889,1,10,team2,Team 2 (E/W),25,95,36,♠,finished,2026-05-17T16:37:08.113150+00:00
5038,INPROC_81D38F,1,10,team2,Team 2 (E/W),45,75,24,♥,finished,2026-05-17T16:37:08.128940+00:00
5039,INPROC_F185A4,1,10,team2,Team 2 (E/W),51,69,23,♥,finished,2026-05-17T16:37:08.144091+00:00
5040,INPROC_894E49,1,10,team2,Team 2 (E/W),43,77,30,♠,finished,2026-05-17T16:37:08.158456+00:00
5041,INPROC_E2B094,1,10,team2,Team 2 (E/W),43,77,10,♦,finished,2026-05-17T16:37:08.174768+00:00
5042,INPROC_210D55,1,10,team1,Team 1 (N/S),62,58,10,♦,finished,2026-05-17T16:37:08.192241+00:00
5043,INPROC_39E7E6,1,10,team2,Team 2 (E/W),45,75,14,♦,finished,2026-05-17T16:37:08.209052+00:00
5044,INPROC_7D4E0B,1,10,team2,Team 2 (E/W),56,64,15,♦,finished,2026-05-17T16:37:08.226821+00:00
5045,INPROC_18BB97,1,10,team2,Team 2 (E/W),57,63,39,♠,finished,2026-05-17T16:37:08.244793+00:00
5046,INPROC_2B6DDE,1,10,team2,Team 2 (E/W),24,96,39,♠,finished,2026-05-17T16:37:08.259652+00:00
5047,INPROC_35C4E2,1,10,team2,Team 2 (E/W),11,109,23,♥,finished,2026-05-17T16:37:08.278197+00:00
5048,INPROC_733975,1,10,team2,Team 2 (E/W),46,74,12,♦,finished,2026-05-17T16:37:08.295383+00:00
5049,INPROC_2315EF,1,10,team2,Team 2 (E/W),49,71,22,♥,finished,2026-05-17T16:37:08.311332+00:00
5050,INPROC_866E30,1,10,team2,Team 2 (E/W),57,63,33,♠,finished,2026-05-17T16:37:08.323160+00:00
5051,INPROC_476C32,1,10,team1,Team 1 (N/S),65,55,16,♦,finished,2026-05-17T16:37:08.336456+00:00
5052,INPROC_4F706D,1,10,team2,Team 2 (E/W),23,97,4,♣,finished,2026-05-17T16:37:08.352955+00:00
5053,INPROC_E649AF,1,10,team2,Team 2 (E/W),35,85,16,♦,finished,2026-05-17T16:37:08.368470+00:00
5054,INPROC_C39C79,1,10,team1,Team 1 (N/S),86,34,7,♣,finished,2026-05-17T16:37:08.384905+00:00
5055,INPROC_8C3B85,1,10,team1,Team 1 (N/S),84,36,31,♠,finished,2026-05-17T16:37:08.399566+00:00
5056,INPROC_BEC04E,1,10,team2,Team 2 (E/W),44,76,5,♣,finished,2026-05-17T16:37:08.415599+00:00
5057,INPROC_A17FD6,1,10,team1,Team 1 (N/S),82,38,5,♣,finished,2026-05-17T16:37:08.431237+00:00
5058,INPROC_11FC5F,1,10,team2,Team 2 (E/W),47,73,24,♥,finished,2026-05-17T16:37:08.447191+00:00
5059,INPROC_6AD2A4,1,10,team2,Team 2 (E/W),35,85,16,♦,finished,2026-05-17T16:37:08.462319+00:00
5060,INPROC_92C51F,1,10,team1,Team 1 (N/S),84,36,13,♦,finished,2026-05-17T16:37:08.478870+00:00
5061,INPROC_3A19B8,1,10,team1,Team 1 (N/S),72,48,2,♣,finished,2026-05-17T16:37:08.495301+00:00
5062,INPROC_D0BD8A,1,10,team1,Team 1 (N/S),120,0,21,♥,finished,2026-05-17T16:37:08.513269+00:00
5063,INPROC_A45B40,1,10,team2,Team 2 (E/W),18,102,8,♣,finished,2026-05-17T16:37:08.527221+00:00
5064,INPROC_096CB2,1,10,team2,Team 2 (E/W),30,90,19,♦,finished,2026-05-17T16:37:08.543738+00:00
5065,INPROC_4879AD,1,10,team2,Team 2 (E/W),54,66,5,♣,finished,2026-05-17T16:37:08.559328+00:00
5066,INPROC_AC89C9,1,10,team2,Team 2 (E/W),34,86,15,♦,finished,2026-05-17T16:37:08.576455+00:00
5067,INPROC_4DBF73,1,10,team2,Team 2 (E/W),43,77,34,♠,finished,2026-05-17T16:37:08.594748+00:00
5068,INPROC_BBC0B8,1,10,team2,Team 2 (E/W),56,64,3,♣,finished,2026-05-17T16:37:08.607810+00:00
5069,INPROC_6B2E38,1,10,team2,Team 2 (E/W),59,61,39,♠,finished,2026-05-17T16:37:08.621312+00:00
5070,INPROC_585F75,1,10,team1,Team 1 (N/S),84,36,25,♥,finished,2026-05-17T16:37:08.634696+00:00
5071,INPROC_51665C,1,10,team2,Team 2 (E/W),31,89,29,♥,finished,2026-05-17T16:37:08.650650+00:00
5072,INPROC_DB9733,1,10,team1,Team 1 (N/S),94,26,35,♠,finished,2026-05-17T16:37:08.688330+00:00
5073,INPROC_40C42F,1,10,team2,Team 2 (E/W),28,92,34,♠,finished,2026-05-17T16:37:08.704673+00:00
5074,INPROC_C07E52,1,10,team1,Team 1 (N/S),72,48,29,♥,finished,2026-05-17T16:37:08.720704+00:00
5075,INPROC_58EAC1,1,10,team2,Team 2 (E/W),54,66,22,♥,finished,2026-05-17T16:37:08.735106+00:00
5076,INPROC_FE25B5,1,10,team1,Team 1 (N/S),63,57,13,♦,finished,2026-05-17T16:37:08.750657+00:00
5077,INPROC_0FF43F,1,10,team2,Team 2 (E/W),52,68,9,♣,finished,2026-05-17T16:37:08.765854+00:00
5078,INPROC_DBB66F,1,10,team1,Team 1 (N/S),68,52,0,♣,finished,2026-05-17T16:37:08.781686+00:00
5079,INPROC_E6B1F3,1,10,team1,Team 1 (N/S),78,42,0,♣,finished,2026-05-17T16:37:08.797456+00:00
5080,INPROC_123A8F,1,10,team2,Team 2 (E/W),48,72,34,♠,finished,2026-05-17T16:37:08.813180+00:00
5081,INPROC_DE1B69,1,10,team2,Team 2 (E/W),35,85,30,♠,finished,2026-05-17T16:37:08.827758+00:00
5082,INPROC_EEC767,1,10,team2,Team 2 (E/W),48,72,15,♦,finished,2026-05-17T16:37:08.843876+00:00
5083,INPROC_EDA86A,1,10,team1,Team 1 (N/S),103,17,32,♠,finished,2026-05-17T16:37:08.860242+00:00
5084,INPROC_2E48EC,1,10,team1,Team 1 (N/S),77,43,35,♠,finished,2026-05-17T16:37:08.877141+00:00
5085,INPROC_290F9B,1,10,team2,Team 2 (E/W),59,61,1,♣,finished,2026-05-17T16:37:08.895313+00:00
5086,INPROC_71BB21,1,10,team1,Team 1 (N/S),87,33,2,♣,finished,2026-05-17T16:37:08.910665+00:00
5087,INPROC_C9D926,1,10,team2,Team 2 (E/W),54,66,36,♠,finished,2026-05-17T16:37:08.927892+00:00
5088,INPROC_519F0F,1,10,team2,Team 2 (E/W),16,104,37,♠,finished,2026-05-17T16:37:08.943265+00:00
5089,INPROC_F8CFFD,1,10,team1,Team 1 (N/S),64,56,16,♦,finished,2026-05-17T16:37:08.957140+00:00
5090,INPROC_2CC581,1,10,team2,Team 2 (E/W),55,65,38,♠,finished,2026-05-17T16:37:08.969703+00:00
5091,INPROC_42EB3F,1,10,team1,Team 1 (N/S),88,32,32,♠,finished,2026-05-17T16:37:08.989116+00:00
5092,INPROC_BDCC9C,1,10,team2,Team 2 (E/W),24,96,28,♥,finished,2026-05-17T16:37:09.004767+00:00
5093,INPROC_DF6BE6,1,10,team2,Team 2 (E/W),56,64,33,♠,finished,2026-05-17T16:37:09.022211+00:00
5094,INPROC_D91403,1,10,team2,Team 2 (E/W),30,90,0,♣,finished,2026-05-17T16:37:09.038364+00:00
5095,INPROC_E377BA,1,10,team1,Team 1 (N/S),97,23,12,♦,finished,2026-05-17T16:37:09.055326+00:00
5096,INPROC_6ED367,1,10,team2,Team 2 (E/W),48,72,30,♠,finished,2026-05-17T16:37:09.072292+00:00
5097,INPROC_DEEB13,1,10,team1,Team 1 (N/S),73,47,34,♠,finished,2026-05-17T16:37:09.089425+00:00
5098,INPROC_F87CBD,1,10,team2,Team 2 (E/W),27,93,15,♦,finished,2026-05-17T16:37:09.105807+00:00
5099,INPROC_8F0083,1,10,team1,Team 1 (N/S),70,50,12,♦,finished,2026-05-17T16:37:09.122924+00:00
5100,INPROC_93E85D,1,10,team2,Team 2 (E/W),58,62,8,♣,finished,2026-05-17T16:37:09.138306+00:00
5101,INPROC_566227,1,10,team2,Team 2 (E/W),37,83,38,♠,finished,2026-05-17T16:37:09.152229+00:00
5102,INPROC_2B0278,1,10,team2,Team 2 (E/W),56,64,32,♠,finished,2026-05-17T16:37:09.168118+00:00
5103,INPROC_697BFE,1,10,team2,Team 2 (E/W),34,86,25,♥,finished,2026-05-17T16:37:09.184356+00:00
5104,INPROC_A46B4F,1,10,team2,Team 2 (E/W),57,63,2,♣,finished,2026-05-17T16:37:09.200165+00:00
5105,INPROC_EA1D41,1,10,team2,Team 2 (E/W),40,80,21,♥,finished,2026-05-17T16:37:09.215976+00:00
5106,INPROC_F2D50B,1,10,team1,Team 1 (N/S),90,30,3,♣,finished,2026-05-17T16:37:09.234012+00:00
5107,INPROC_A3ED08,1,10,team1,Team 1 (N/S),75,45,26,♥,finished,2026-05-17T16:37:09.252921+00:00
5108,INPROC_4C0CF9,1,10,team1,Team 1 (N/S),82,38,38,♠,finished,2026-05-17T16:37:09.267420+00:00
5109,INPROC_465FE5,1,10,team1,Team 1 (N/S),101,19,22,♥,finished,2026-05-17T16:37:09.281112+00:00
5110,INPROC_CE36DF,1,10,team1,Team 1 (N/S),61,59,28,♥,finished,2026-05-17T16:37:09.297144+00:00
5111,INPROC_364BD7,1,10,team1,Team 1 (N/S),73,47,22,♥,finished,2026-05-17T16:37:09.311635+00:00
5112,INPROC_01039D,1,10,team2,Team 2 (E/W),26,94,10,♦,finished,2026-05-17T16:37:09.327184+00:00
5113,INPROC_010AF0,1,10,team1,Team 1 (N/S),76,44,38,♠,finished,2026-05-17T16:37:09.341387+00:00
5114,INPROC_7C2E89,1,10,team1,Team 1 (N/S),76,44,34,♠,finished,2026-05-17T16:37:09.355147+00:00
5115,INPROC_445940,1,10,team1,Team 1 (N/S),80,40,34,♠,finished,2026-05-17T16:37:09.371544+00:00
5116,INPROC_453537,1,10,team2,Team 2 (E/W),48,72,17,♦,finished,2026-05-17T16:37:09.389827+00:00
5117,INPROC_D83357,1,10,team2,Team 2 (E/W),51,69,2,♣,finished,2026-05-17T16:37:09.405991+00:00
5118,INPROC_1158DD,1,10,team2,Team 2 (E/W),53,67,22,♥,finished,2026-05-17T16:37:09.423084+00:00
5119,INPROC_17B062,1,10,team2,Team 2 (E/W),43,77,21,♥,finished,2026-05-17T16:37:09.440155+00:00
5120,INPROC_862831,1,10,team1,Team 1 (N/S),62,58,16,♦,finished,2026-05-17T16:37:09.457296+00:00
5121,INPROC_812BAF,1,10,team1,Team 1 (N/S),109,11,28,♥,finished,2026-05-17T16:37:09.471176+00:00
5122,INPROC_FF0900,1,10,team1,Team 1 (N/S),83,37,1,♣,finished,2026-05-17T16:37:09.486401+00:00
5123,INPROC_DE9317,1,10,team2,Team 2 (E/W),55,65,20,♥,finished,2026-05-17T16:37:09.501218+00:00
5124,INPROC_ED445B,1,10,team2,Team 2 (E/W),20,100,28,♥,finished,2026-05-17T16:37:09.516567+00:00
5125,INPROC_BC2960,1,10,team1,Team 1 (N/S),72,48,0,♣,finished,2026-05-17T16:37:09.532634+00:00
5126,INPROC_BE44FD,1,10,team2,Team 2 (E/W),28,92,0,♣,finished,2026-05-17T16:37:09.547440+00:00
5127,INPROC_5B0416,1,10,team2,Team 2 (E/W),55,65,0,♣,finished,2026-05-17T16:37:09.563727+00:00
5128,INPROC_A5CA29,1,10,team1,Team 1 (N/S),74,46,13,♦,finished,2026-05-17T16:37:09.578865+00:00
5129,INPROC_D12477,1,10,team2,Team 2 (E/W),57,63,3,♣,finished,2026-05-17T16:37:09.595356+00:00
5130,INPROC_70C8B4,1,10,team2,Team 2 (E/W),50,70,10,♦,finished,2026-05-17T16:37:09.611120+00:00
5131,INPROC_FC8A14,1,10,team2,Team 2 (E/W),9,111,7,♣,finished,2026-05-17T16:37:09.627574+00:00
5132,INPROC_C40483,1,10,team2,Team 2 (E/W),50,70,16,♦,finished,2026-05-17T16:37:09.642934+00:00
5133,INPROC_E80E8E,1,10,team1,Team 1 (N/S),66,54,28,♥,finished,2026-05-17T16:37:09.655912+00:00
5134,INPROC_7B0419,1,10,team2,Team 2 (E/W),39,81,27,♥,finished,2026-05-17T16:37:09.671571+00:00
5135,INPROC_443649,1,10,team2,Team 2 (E/W),49,71,29,♥,finished,2026-05-17T16:37:09.683464+00:00
5136,INPROC_F2E42E,1,10,team2,Team 2 (E/W),33,87,30,♠,finished,2026-05-17T16:37:09.699615+00:00
5137,INPROC_0FDAD9,1,10,team2,Team 2 (E/W),52,68,12,♦,finished,2026-05-17T16:37:09.717184+00:00
5138,INPROC_692740,1,10,team2,Team 2 (E/W),55,65,0,♣,finished,2026-05-17T16:37:09.732747+00:00
5139,INPROC_62428A,1,10,team2,Team 2 (E/W),50,70,38,♠,finished,2026-05-17T16:37:09.747090+00:00
5140,INPROC_F339EE,1,10,team1,Team 1 (N/S),70,50,9,♣,finished,2026-05-17T16:37:09.764173+00:00
5141,INPROC_FC2896,1,10,team1,Team 1 (N/S),67,53,24,♥,finished,2026-05-17T16:37:09.780712+00:00
5142,INPROC_A8E1BC,1,10,team1,Team 1 (N/S),65,55,12,♦,finished,2026-05-17T16:37:09.796315+00:00
5143,INPROC_08873C,1,10,team1,Team 1 (N/S),66,54,34,♠,finished,2026-05-17T16:37:09.811687+00:00
5144,INPROC_F3B27C,1,10,team2,Team 2 (E/W),29,91,6,♣,finished,2026-05-17T16:37:09.828996+00:00
5145,INPROC_E516DA,1,10,team2,Team 2 (E/W),57,63,28,♥,finished,2026-05-17T16:37:09.847085+00:00
5146,INPROC_4E7E77,1,10,team1,Team 1 (N/S),74,46,13,♦,finished,2026-05-17T16:37:09.864670+00:00
5147,INPROC_990AFC,1,10,team2,Team 2 (E/W),55,65,15,♦,finished,2026-05-17T16:37:09.883167+00:00
5148,INPROC_13B84F,1,10,team1,Team 1 (N/S),94,26,25,♥,finished,2026-05-17T16:37:09.902481+00:00
5149,INPROC_B0FFFF,1,10,team1,Team 1 (N/S),76,44,38,♠,finished,2026-05-17T16:37:09.919237+00:00
5150,INPROC_70FEAF,1,10,team1,Team 1 (N/S),72,48,6,♣,finished,2026-05-17T16:37:09.935695+00:00
5151,INPROC_6C6380,1,10,team1,Team 1 (N/S),95,25,4,♣,finished,2026-05-17T16:37:09.952755+00:00
5152,INPROC_998BE2,1,10,team1,Team 1 (N/S),89,31,3,♣,finished,2026-05-17T16:37:09.969465+00:00
5153,INPROC_72B2BE,1,10,team2,Team 2 (E/W),49,71,35,♠,finished,2026-05-17T16:37:09.985610+00:00
5154,INPROC_AF14CC,1,10,team1,Team 1 (N/S),68,52,32,♠,finished,2026-05-17T16:37:10.003097+00:00
5155,INPROC_8FE25A,1,10,team2,Team 2 (E/W),28,92,23,♥,finished,2026-05-17T16:37:10.018990+00:00
5156,INPROC_5DC608,1,10,team2,Team 2 (E/W),35,85,7,♣,finished,2026-05-17T16:37:10.038964+00:00
5157,INPROC_45B0AD,1,10,team1,Team 1 (N/S),81,39,29,♥,finished,2026-05-17T16:37:10.055611+00:00
5158,INPROC_AEAB4A,1,10,team2,Team 2 (E/W),23,97,33,♠,finished,2026-05-17T16:37:10.073789+00:00
5159,INPROC_973C68,1,10,team1,Team 1 (N/S),63,57,22,♥,finished,2026-05-17T16:37:10.089152+00:00
5160,INPROC_5F9B64,1,10,team1,Team 1 (N/S),79,41,6,♣,finished,2026-05-17T16:37:10.107691+00:00
5161,INPROC_0E50C4,1,10,team2,Team 2 (E/W),32,88,13,♦,finished,2026-05-17T16:37:10.125451+00:00
5162,INPROC_EE736F,1,10,team2,Team 2 (E/W),53,67,16,♦,finished,2026-05-17T16:37:10.142385+00:00
5163,INPROC_19E6D9,1,10,team1,Team 1 (N/S),61,59,23,♥,finished,2026-05-17T16:37:10.157172+00:00
5164,INPROC_A8271E,1,10,team1,Team 1 (N/S),62,58,6,♣,finished,2026-05-17T16:37:10.172861+00:00
5165,INPROC_B095C2,1,10,team2,Team 2 (E/W),59,61,13,♦,finished,2026-05-17T16:37:10.188299+00:00
5166,INPROC_262CAE,1,10,team2,Team 2 (E/W),43,77,23,♥,finished,2026-05-17T16:37:10.205550+00:00
5167,INPROC_4FF261,1,10,team2,Team 2 (E/W),24,96,26,♥,finished,2026-05-17T16:37:10.220119+00:00
5168,INPROC_0DCB17,1,10,team2,Team 2 (E/W),45,75,5,♣,finished,2026-05-17T16:37:10.238785+00:00
5169,INPROC_992BEB,1,10,team2,Team 2 (E/W),23,97,6,♣,finished,2026-05-17T16:37:10.255634+00:00
5170,INPROC_CD0F8D,1,10,team1,Team 1 (N/S),63,57,14,♦,finished,2026-05-17T16:37:10.274255+00:00
5171,INPROC_7C4360,1,10,team1,Team 1 (N/S),73,47,6,♣,finished,2026-05-17T16:37:10.288237+00:00
5172,INPROC_3B6244,1,10,team2,Team 2 (E/W),58,62,6,♣,finished,2026-05-17T16:37:10.304258+00:00
5173,INPROC_378829,1,10,team2,Team 2 (E/W),19,101,6,♣,finished,2026-05-17T16:37:10.319829+00:00
5174,INPROC_C29A3A,1,10,team2,Team 2 (E/W),57,63,7,♣,finished,2026-05-17T16:37:10.335517+00:00
5175,INPROC_59FA54,1,10,team2,Team 2 (E/W),59,61,2,♣,finished,2026-05-17T16:37:10.351606+00:00
5176,INPROC_FC7F3F,1,10,team1,Team 1 (N/S),115,5,25,♥,finished,2026-05-17T16:37:10.368941+00:00
5177,INPROC_20251D,1,10,team1,Team 1 (N/S),84,36,17,♦,finished,2026-05-17T16:37:10.381671+00:00
5178,INPROC_2D1A40,1,10,team2,Team 2 (E/W),47,73,38,♠,finished,2026-05-17T16:37:10.397227+00:00
5179,INPROC_98D8E2,1,10,team2,Team 2 (E/W),56,64,1,♣,finished,2026-05-17T16:37:10.411034+00:00
5180,INPROC_FD16A4,1,10,team1,Team 1 (N/S),78,42,28,♥,finished,2026-05-17T16:37:10.427543+00:00
5181,INPROC_422860,1,10,team1,Team 1 (N/S),78,42,32,♠,finished,2026-05-17T16:37:10.442691+00:00
5182,INPROC_1617AF,1,10,team1,Team 1 (N/S),94,26,28,♥,finished,2026-05-17T16:37:10.457678+00:00
5183,INPROC_4F7D9C,1,10,team2,Team 2 (E/W),13,107,35,♠,finished,2026-05-17T16:37:10.473505+00:00
5184,INPROC_A5CDB8,1,10,team1,Team 1 (N/S),92,28,38,♠,finished,2026-05-17T16:37:10.489846+00:00
5185,INPROC_9FB6AA,1,10,team2,Team 2 (E/W),7,113,26,♥,finished,2026-05-17T16:37:10.507068+00:00
5186,INPROC_E09A03,1,10,team1,Team 1 (N/S),83,37,20,♥,finished,2026-05-17T16:37:10.522875+00:00
5187,INPROC_DC6CB3,1,10,team1,Team 1 (N/S),79,41,26,♥,finished,2026-05-17T16:37:10.537274+00:00
5188,INPROC_37EE83,1,10,team1,Team 1 (N/S),63,57,5,♣,finished,2026-05-17T16:37:10.552642+00:00
5189,INPROC_21CEF1,1,10,team2,Team 2 (E/W),18,102,6,♣,finished,2026-05-17T16:37:10.567558+00:00
5190,INPROC_17703E,1,10,team2,Team 2 (E/W),39,81,19,♦,finished,2026-05-17T16:37:10.583722+00:00
5191,INPROC_C14326,1,10,team1,Team 1 (N/S),64,56,7,♣,finished,2026-05-17T16:37:10.597757+00:00
5192,INPROC_8CEBCF,1,10,team2,Team 2 (E/W),40,80,27,♥,finished,2026-05-17T16:37:10.614006+00:00
5193,INPROC_21F21D,1,10,team1,Team 1 (N/S),68,52,26,♥,finished,2026-05-17T16:37:10.631081+00:00
5194,INPROC_EF27C8,1,10,team1,Team 1 (N/S),85,35,17,♦,finished,2026-05-17T16:37:10.647339+00:00
5195,INPROC_58C012,1,10,team2,Team 2 (E/W),49,71,12,♦,finished,2026-05-17T16:37:10.663474+00:00
5196,INPROC_DA8BB2,1,10,team1,Team 1 (N/S),70,50,34,♠,finished,2026-05-17T16:37:10.678741+00:00
5197,INPROC_27C273,1,10,team2,Team 2 (E/W),46,74,32,♠,finished,2026-05-17T16:37:10.693101+00:00
5198,INPROC_483284,1,10,team2,Team 2 (E/W),41,79,36,♠,finished,2026-05-17T16:37:10.708414+00:00
5199,INPROC_034CC9,1,10,team1,Team 1 (N/S),92,28,25,♥,finished,2026-05-17T16:37:10.723582+00:00
5200,INPROC_7E566E,1,10,team1,Team 1 (N/S),103,17,24,♥,finished,2026-05-17T16:37:10.739274+00:00
5201,INPROC_1734BA,1,10,team2,Team 2 (E/W),49,71,2,♣,finished,2026-05-17T16:37:10.755865+00:00
5202,INPROC_1A8D83,1,10,team1,Team 1 (N/S),64,56,31,♠,finished,2026-05-17T16:37:10.770962+00:00
5203,INPROC_BC8899,1,10,team2,Team 2 (E/W),8,112,36,♠,finished,2026-05-17T16:37:10.785901+00:00
5204,INPROC_5A2439,1,10,team2,Team 2 (E/W),28,92,38,♠,finished,2026-05-17T16:37:10.802442+00:00
5205,INPROC_C4AE75,1,10,team1,Team 1 (N/S),81,39,39,♠,finished,2026-05-17T16:37:10.818560+00:00
5206,INPROC_DBF303,1,10,team2,Team 2 (E/W),56,64,7,♣,finished,2026-05-17T16:37:10.833985+00:00
5207,INPROC_ACC03C,1,10,team1,Team 1 (N/S),86,34,32,♠,finished,2026-05-17T16:37:10.850915+00:00
5208,INPROC_97639E,1,10,team2,Team 2 (E/W),18,102,27,♥,finished,2026-05-17T16:37:10.867529+00:00
5209,INPROC_FAE2EC,1,10,team1,Team 1 (N/S),65,55,10,♦,finished,2026-05-17T16:37:10.883965+00:00
5210,INPROC_B6E844,1,10,team1,Team 1 (N/S),68,52,33,♠,finished,2026-05-17T16:37:10.898525+00:00
5211,INPROC_08FC77,1,10,team1,Team 1 (N/S),70,50,24,♥,finished,2026-05-17T16:37:10.913425+00:00
5212,INPROC_FD3F59,1,10,team1,Team 1 (N/S),88,32,17,♦,finished,2026-05-17T16:37:10.931200+00:00
5213,INPROC_D0638E,1,10,team2,Team 2 (E/W),45,75,37,♠,finished,2026-05-17T16:37:10.947172+00:00
5214,INPROC_D6F45B,1,10,team2,Team 2 (E/W),25,95,5,♣,finished,2026-05-17T16:37:10.963487+00:00
5215,INPROC_8F5E3C,1,10,team1,Team 1 (N/S),100,20,14,♦,finished,2026-05-17T16:37:10.980436+00:00
5216,INPROC_3A29FC,1,10,team1,Team 1 (N/S),107,13,30,♠,finished,2026-05-17T16:37:10.996628+00:00
5217,INPROC_CB4888,1,10,team1,Team 1 (N/S),68,52,1,♣,finished,2026-05-17T16:37:11.013318+00:00
5218,INPROC_68A2CE,1,10,team2,Team 2 (E/W),37,83,5,♣,finished,2026-05-17T16:37:11.030821+00:00
5219,INPROC_1D2D64,1,10,team2,Team 2 (E/W),13,107,5,♣,finished,2026-05-17T16:37:11.048697+00:00
5220,INPROC_F11958,1,10,team2,Team 2 (E/W),51,69,8,♣,finished,2026-05-17T16:37:11.067818+00:00
5221,INPROC_59EFBD,1,10,team2,Team 2 (E/W),36,84,5,♣,finished,2026-05-17T16:37:11.087223+00:00
5222,INPROC_D55807,1,10,team2,Team 2 (E/W),34,86,12,♦,finished,2026-05-17T16:37:11.100939+00:00
5223,INPROC_DD5834,1,10,team2,Team 2 (E/W),37,83,20,♥,finished,2026-05-17T16:37:11.113772+00:00
5224,INPROC_2080BB,1,10,team1,Team 1 (N/S),79,41,2,♣,finished,2026-05-17T16:37:11.129546+00:00
5225,INPROC_3EAC8F,1,10,team2,Team 2 (E/W),44,76,27,♥,finished,2026-05-17T16:37:11.141662+00:00
5226,INPROC_1D3BEE,1,10,team2,Team 2 (E/W),33,87,5,♣,finished,2026-05-17T16:37:11.157662+00:00
5227,INPROC_6DEA02,1,10,team1,Team 1 (N/S),102,18,7,♣,finished,2026-05-17T16:37:11.171155+00:00
5228,INPROC_98BEAE,1,10,team2,Team 2 (E/W),39,81,39,♠,finished,2026-05-17T16:37:11.185034+00:00
5229,INPROC_825CC5,1,10,team1,Team 1 (N/S),114,6,23,♥,finished,2026-05-17T16:37:11.198494+00:00
5230,INPROC_536071,1,10,team1,Team 1 (N/S),98,22,36,♠,finished,2026-05-17T16:37:11.211867+00:00
5231,INPROC_9C8474,1,10,draw,draw,60,60,24,♥,finished,2026-05-17T16:37:11.226480+00:00
5232,INPROC_5DC536,1,10,team1,Team 1 (N/S),80,40,18,♦,finished,2026-05-17T16:37:11.238134+00:00
5233,INPROC_41B977,1,10,team1,Team 1 (N/S),74,46,36,♠,finished,2026-05-17T16:37:11.250803+00:00
5234,INPROC_B8D975,1,10,team2,Team 2 (E/W),41,79,4,♣,finished,2026-05-17T16:37:11.261862+00:00
5235,INPROC_7DCAAF,1,10,team1,Team 1 (N/S),83,37,30,♠,finished,2026-05-17T16:37:11.272939+00:00
5236,INPROC_315D4C,1,10,team1,Team 1 (N/S),100,20,33,♠,finished,2026-05-17T16:37:11.285604+00:00
5237,INPROC_550BD9,1,10,team1,Team 1 (N/S),68,52,18,♦,finished,2026-05-17T16:37:11.296756+00:00
5238,INPROC_11F372,1,10,team1,Team 1 (N/S),72,48,0,♣,finished,2026-05-17T16:37:11.309526+00:00
5239,INPROC_883681,1,10,team1,Team 1 (N/S),81,39,28,♥,finished,2026-05-17T16:37:11.325288+00:00
5240,INPROC_5F700B,1,10,team1,Team 1 (N/S),73,47,11,♦,finished,2026-05-17T16:37:11.340359+00:00
5241,INPROC_DEB56E,1,10,team1,Team 1 (N/S),82,38,5,♣,finished,2026-05-17T16:37:11.355743+00:00
5242,INPROC_7E12A5,1,10,team2,Team 2 (E/W),9,111,30,♠,finished,2026-05-17T16:37:11.371450+00:00
5243,INPROC_EC7DD9,1,10,team2,Team 2 (E/W),41,79,12,♦,finished,2026-05-17T16:37:11.388179+00:00
5244,INPROC_0A5803,1,10,team2,Team 2 (E/W),59,61,38,♠,finished,2026-05-17T16:37:11.400533+00:00
5245,INPROC_C166F4,1,10,team2,Team 2 (E/W),46,74,37,♠,finished,2026-05-17T16:37:11.419976+00:00
5246,INPROC_290217,1,10,team2,Team 2 (E/W),42,78,23,♥,finished,2026-05-17T16:37:11.436245+00:00
5247,INPROC_A0AADB,1,10,team1,Team 1 (N/S),82,38,4,♣,finished,2026-05-17T16:37:11.450606+00:00
5248,INPROC_9F72CB,1,10,team2,Team 2 (E/W),2,118,6,♣,finished,2026-05-17T16:37:11.468719+00:00
5249,INPROC_7F92F7,1,10,team1,Team 1 (N/S),77,43,14,♦,finished,2026-05-17T16:37:11.481556+00:00
5250,INPROC_D3993A,1,10,team2,Team 2 (E/W),23,97,39,♠,finished,2026-05-17T16:37:11.497101+00:00
5251,INPROC_2A0210,1,10,team1,Team 1 (N/S),68,52,14,♦,finished,2026-05-17T16:37:11.512938+00:00
5252,INPROC_7DE387,1,10,team1,Team 1 (N/S),92,28,1,♣,finished,2026-05-17T16:37:11.530581+00:00
5253,INPROC_AF6B60,1,10,team2,Team 2 (E/W),49,71,16,♦,finished,2026-05-17T16:37:11.545596+00:00
5254,INPROC_7E9B81,1,10,team1,Team 1 (N/S),81,39,31,♠,finished,2026-05-17T16:37:11.561273+00:00
5255,INPROC_81F355,1,10,team2,Team 2 (E/W),50,70,15,♦,finished,2026-05-17T16:37:11.577343+00:00
5256,INPROC_545385,1,10,team1,Team 1 (N/S),67,53,16,♦,finished,2026-05-17T16:37:11.592880+00:00
5257,INPROC_2FF8EE,1,10,team2,Team 2 (E/W),30,90,36,♠,finished,2026-05-17T16:37:11.609293+00:00
5258,INPROC_A06771,1,10,team1,Team 1 (N/S),65,55,34,♠,finished,2026-05-17T16:37:11.627232+00:00
5259,INPROC_F5093F,1,10,team2,Team 2 (E/W),38,82,1,♣,finished,2026-05-17T16:37:11.643825+00:00
5260,INPROC_9A251F,1,10,team2,Team 2 (E/W),42,78,9,♣,finished,2026-05-17T16:37:11.660020+00:00
5261,INPROC_D97D17,1,10,team2,Team 2 (E/W),19,101,15,♦,finished,2026-05-17T16:37:11.676867+00:00
5262,INPROC_BD636C,1,10,team1,Team 1 (N/S),89,31,0,♣,finished,2026-05-17T16:37:11.690943+00:00
5263,INPROC_25BED5,1,10,team2,Team 2 (E/W),33,87,4,♣,finished,2026-05-17T16:37:11.705443+00:00
5264,INPROC_9C625A,1,10,team1,Team 1 (N/S),83,37,16,♦,finished,2026-05-17T16:37:11.721425+00:00
5265,INPROC_ABBB31,1,10,team2,Team 2 (E/W),42,78,21,♥,finished,2026-05-17T16:37:11.734438+00:00
5266,INPROC_25C016,1,10,team1,Team 1 (N/S),77,43,11,♦,finished,2026-05-17T16:37:11.747843+00:00
5267,INPROC_D22EB7,1,10,team1,Team 1 (N/S),92,28,34,♠,finished,2026-05-17T16:37:11.760979+00:00
5268,INPROC_B80068,1,10,team1,Team 1 (N/S),78,42,0,♣,finished,2026-05-17T16:37:11.774546+00:00
5269,INPROC_A1F778,1,10,team2,Team 2 (E/W),48,72,4,♣,finished,2026-05-17T16:37:11.788594+00:00
5270,INPROC_97335D,1,10,team1,Team 1 (N/S),66,54,11,♦,finished,2026-05-17T16:37:11.805050+00:00
5271,INPROC_6DC24B,1,10,team2,Team 2 (E/W),51,69,10,♦,finished,2026-05-17T16:37:11.818618+00:00
5272,INPROC_49F08C,1,10,team2,Team 2 (E/W),47,73,17,♦,finished,2026-05-17T16:37:11.836102+00:00
5273,INPROC_CCFB55,1,10,team1,Team 1 (N/S),96,24,36,♠,finished,2026-05-17T16:37:11.853605+00:00
5274,INPROC_C2A990,1,10,team2,Team 2 (E/W),25,95,16,♦,finished,2026-05-17T16:37:11.870436+00:00
5275,INPROC_EE05F0,1,10,team1,Team 1 (N/S),77,43,3,♣,finished,2026-05-17T16:37:11.886648+00:00
5276,INPROC_6CE291,1,10,team2,Team 2 (E/W),30,90,25,♥,finished,2026-05-17T16:37:11.903960+00:00
5277,INPROC_AB53B6,1,10,team1,Team 1 (N/S),69,51,30,♠,finished,2026-05-17T16:37:11.919974+00:00
5278,INPROC_F94EAE,1,10,team1,Team 1 (N/S),67,53,16,♦,finished,2026-05-17T16:37:11.937096+00:00
5279,INPROC_CF6B53,1,10,team1,Team 1 (N/S),100,20,12,♦,finished,2026-05-17T16:37:11.953707+00:00
5280,INPROC_6F2D9C,1,10,team2,Team 2 (E/W),48,72,24,♥,finished,2026-05-17T16:37:11.969809+00:00
5281,INPROC_4AB6AF,1,10,team2,Team 2 (E/W),32,88,25,♥,finished,2026-05-17T16:37:11.980733+00:00
5282,INPROC_5772EC,1,10,team1,Team 1 (N/S),70,50,36,♠,finished,2026-05-17T16:37:11.993097+00:00
5283,INPROC_EEF138,1,10,team1,Team 1 (N/S),84,36,25,♥,finished,2026-05-17T16:37:12.006249+00:00
5284,INPROC_2B1BE4,1,10,team2,Team 2 (E/W),41,79,12,♦,finished,2026-05-17T16:37:12.021755+00:00
5285,INPROC_C295E5,1,10,team1,Team 1 (N/S),74,46,36,♠,finished,2026-05-17T16:37:12.038020+00:00
5286,INPROC_6D7A6C,1,10,team2,Team 2 (E/W),49,71,15,♦,finished,2026-05-17T16:37:12.053556+00:00
5287,INPROC_562EC1,1,10,team2,Team 2 (E/W),19,101,24,♥,finished,2026-05-17T16:37:12.070896+00:00
5288,INPROC_0D75BD,1,10,team2,Team 2 (E/W),39,81,14,♦,finished,2026-05-17T16:37:12.087107+00:00
5289,INPROC_54036B,1,10,team2,Team 2 (E/W),14,106,39,♠,finished,2026-05-17T16:37:12.116388+00:00
5290,INPROC_8AA338,1,10,team2,Team 2 (E/W),57,63,18,♦,finished,2026-05-17T16:37:12.136635+00:00
5291,INPROC_65283C,1,10,team1,Team 1 (N/S),73,47,35,♠,finished,2026-05-17T16:37:12.157027+00:00
5292,INPROC_3EF966,1,10,team1,Team 1 (N/S),100,20,21,♥,finished,2026-05-17T16:37:12.174496+00:00
5293,INPROC_56A232,1,10,draw,draw,60,60,27,♥,finished,2026-05-17T16:37:12.190442+00:00
5294,INPROC_584DD4,1,10,team1,Team 1 (N/S),78,42,0,♣,finished,2026-05-17T16:37:12.206380+00:00
5295,INPROC_A6888A,1,10,team1,Team 1 (N/S),88,32,4,♣,finished,2026-05-17T16:37:12.221915+00:00
5296,INPROC_4031C6,1,10,team1,Team 1 (N/S),74,46,12,♦,finished,2026-05-17T16:37:12.239209+00:00
5297,INPROC_7DBB9A,1,10,team1,Team 1 (N/S),117,3,30,♠,finished,2026-05-17T16:37:12.254556+00:00
5298,INPROC_BB4E78,1,10,team1,Team 1 (N/S),71,49,25,♥,finished,2026-05-17T16:37:12.271346+00:00
5299,INPROC_DECA3F,1,10,team2,Team 2 (E/W),42,78,0,♣,finished,2026-05-17T16:37:12.287132+00:00
5300,INPROC_56AD2A,1,10,team1,Team 1 (N/S),75,45,22,♥,finished,2026-05-17T16:37:12.302583+00:00
5301,INPROC_370DCC,1,10,team2,Team 2 (E/W),41,79,37,♠,finished,2026-05-17T16:37:12.317990+00:00
5302,INPROC_E5F5DD,1,10,team2,Team 2 (E/W),53,67,9,♣,finished,2026-05-17T16:37:12.333332+00:00
5303,INPROC_9BD189,1,10,team2,Team 2 (E/W),38,82,4,♣,finished,2026-05-17T16:37:12.347621+00:00
5304,INPROC_DE6F7D,1,10,team2,Team 2 (E/W),49,71,6,♣,finished,2026-05-17T16:37:12.361805+00:00
5305,INPROC_43ED3B,1,10,team2,Team 2 (E/W),33,87,13,♦,finished,2026-05-17T16:37:12.377594+00:00
5306,INPROC_3420B0,1,10,team2,Team 2 (E/W),21,99,0,♣,finished,2026-05-17T16:37:12.392209+00:00
5307,INPROC_76C664,1,10,team2,Team 2 (E/W),20,100,31,♠,finished,2026-05-17T16:37:12.408270+00:00
5308,INPROC_4E6298,1,10,team1,Team 1 (N/S),70,50,13,♦,finished,2026-05-17T16:37:12.424467+00:00
5309,INPROC_40B7B5,1,10,team2,Team 2 (E/W),53,67,4,♣,finished,2026-05-17T16:37:12.441768+00:00
5310,INPROC_57265A,1,10,team2,Team 2 (E/W),45,75,34,♠,finished,2026-05-17T16:37:12.457545+00:00
5311,INPROC_0EA564,1,10,team1,Team 1 (N/S),74,46,38,♠,finished,2026-05-17T16:37:12.474547+00:00
5312,INPROC_BCE035,1,10,team2,Team 2 (E/W),53,67,8,♣,finished,2026-05-17T16:37:12.490180+00:00
5313,INPROC_069D71,1,10,team1,Team 1 (N/S),62,58,4,♣,finished,2026-05-17T16:37:12.505658+00:00
5314,INPROC_D90046,1,10,team2,Team 2 (E/W),4,116,27,♥,finished,2026-05-17T16:37:12.520855+00:00
5315,INPROC_E1C3AA,1,10,team2,Team 2 (E/W),27,93,35,♠,finished,2026-05-17T16:37:12.536212+00:00
5316,INPROC_BA9744,1,10,team2,Team 2 (E/W),59,61,26,♥,finished,2026-05-17T16:37:12.551991+00:00
5317,INPROC_14BE32,1,10,team1,Team 1 (N/S),70,50,28,♥,finished,2026-05-17T16:37:12.567125+00:00
5318,INPROC_01D9A7,1,10,team2,Team 2 (E/W),42,78,2,♣,finished,2026-05-17T16:37:12.584490+00:00
5319,INPROC_DC172F,1,10,team1,Team 1 (N/S),86,34,15,♦,finished,2026-05-17T16:37:12.601379+00:00
5320,INPROC_B593BB,1,10,team1,Team 1 (N/S),63,57,0,♣,finished,2026-05-17T16:37:12.617902+00:00
5321,INPROC_31D9BB,1,10,team2,Team 2 (E/W),21,99,2,♣,finished,2026-05-17T16:37:12.633634+00:00
5322,INPROC_5FC11F,1,10,team2,Team 2 (E/W),35,85,37,♠,finished,2026-05-17T16:37:12.649327+00:00
5323,INPROC_852812,1,10,team1,Team 1 (N/S),78,42,32,♠,finished,2026-05-17T16:37:12.665071+00:00
5324,INPROC_EB1E16,1,10,team1,Team 1 (N/S),103,17,22,♥,finished,2026-05-17T16:37:12.680045+00:00
5325,INPROC_8FDAF8,1,10,team2,Team 2 (E/W),39,81,12,♦,finished,2026-05-17T16:37:12.695270+00:00
5326,INPROC_F000F1,1,10,team1,Team 1 (N/S),70,50,14,♦,finished,2026-05-17T16:37:12.714181+00:00
5327,INPROC_9529D8,1,10,team2,Team 2 (E/W),53,67,4,♣,finished,2026-05-17T16:37:12.729784+00:00
5328,INPROC_ED670A,1,10,team1,Team 1 (N/S),74,46,25,♥,finished,2026-05-17T16:37:12.744956+00:00
5329,INPROC_C4C270,1,10,team2,Team 2 (E/W),27,93,11,♦,finished,2026-05-17T16:37:12.759892+00:00
5330,INPROC_8F7D00,1,10,team2,Team 2 (E/W),53,67,28,♥,finished,2026-05-17T16:37:12.773990+00:00
5331,INPROC_C74DCC,1,10,team2,Team 2 (E/W),20,100,2,♣,finished,2026-05-17T16:37:12.788283+00:00
5332,INPROC_094A8F,1,10,team2,Team 2 (E/W),53,67,22,♥,finished,2026-05-17T16:37:12.800072+00:00
5333,INPROC_C3B9D8,1,10,team2,Team 2 (E/W),57,63,18,♦,finished,2026-05-17T16:37:12.817317+00:00
5334,INPROC_4633C5,1,10,team1,Team 1 (N/S),69,51,4,♣,finished,2026-05-17T16:37:12.832116+00:00
5335,INPROC_CC129C,1,10,team1,Team 1 (N/S),101,19,17,♦,finished,2026-05-17T16:37:12.847714+00:00
5336,INPROC_92C3F1,1,10,team2,Team 2 (E/W),33,87,30,♠,finished,2026-05-17T16:37:12.861599+00:00
5337,INPROC_FE467F,1,10,team1,Team 1 (N/S),78,42,8,♣,finished,2026-05-17T16:37:12.877055+00:00
5338,INPROC_343154,1,10,team2,Team 2 (E/W),38,82,6,♣,finished,2026-05-17T16:37:12.892300+00:00
5339,INPROC_7CF9EA,1,10,team2,Team 2 (E/W),36,84,28,♥,finished,2026-05-17T16:37:12.906465+00:00
5340,INPROC_113B67,1,10,team2,Team 2 (E/W),24,96,29,♥,finished,2026-05-17T16:37:12.922351+00:00
5341,INPROC_B03AB6,1,10,team1,Team 1 (N/S),120,0,11,♦,finished,2026-05-17T16:37:12.937551+00:00
5342,INPROC_36E7DE,1,10,team1,Team 1 (N/S),69,51,6,♣,finished,2026-05-17T16:37:12.954905+00:00
5343,INPROC_27A5A4,1,10,team2,Team 2 (E/W),53,67,21,♥,finished,2026-05-17T16:37:12.971100+00:00
5344,INPROC_41B491,1,10,team2,Team 2 (E/W),51,69,30,♠,finished,2026-05-17T16:37:12.988703+00:00
5345,INPROC_53AE69,1,10,team1,Team 1 (N/S),78,42,11,♦,finished,2026-05-17T16:37:13.001822+00:00
5346,INPROC_67D135,1,10,team2,Team 2 (E/W),59,61,25,♥,finished,2026-05-17T16:37:13.016571+00:00
5347,INPROC_CEF4D3,1,10,team1,Team 1 (N/S),63,57,34,♠,finished,2026-05-17T16:37:13.029842+00:00
5348,INPROC_AA10BA,1,10,team2,Team 2 (E/W),58,62,6,♣,finished,2026-05-17T16:37:13.044829+00:00
5349,INPROC_EBF01C,1,10,team2,Team 2 (E/W),46,74,13,♦,finished,2026-05-17T16:37:13.058282+00:00
5350,INPROC_6F8B66,1,10,team2,Team 2 (E/W),31,89,29,♥,finished,2026-05-17T16:37:13.071874+00:00
5351,INPROC_561C1A,1,10,team1,Team 1 (N/S),107,13,26,♥,finished,2026-05-17T16:37:13.091732+00:00
5352,INPROC_692CED,1,10,team2,Team 2 (E/W),40,80,10,♦,finished,2026-05-17T16:37:13.107431+00:00
5353,INPROC_8E1247,1,10,team2,Team 2 (E/W),28,92,17,♦,finished,2026-05-17T16:37:13.126020+00:00
5354,INPROC_31A003,1,10,team1,Team 1 (N/S),76,44,1,♣,finished,2026-05-17T16:37:13.143428+00:00
5355,INPROC_F7CF0B,1,10,team1,Team 1 (N/S),97,23,16,♦,finished,2026-05-17T16:37:13.158697+00:00
5356,INPROC_890E05,1,10,team1,Team 1 (N/S),87,33,31,♠,finished,2026-05-17T16:37:13.173838+00:00
5357,INPROC_B41093,1,10,team2,Team 2 (E/W),30,90,36,♠,finished,2026-05-17T16:37:13.189997+00:00
5358,INPROC_7824B7,1,10,team2,Team 2 (E/W),38,82,9,♣,finished,2026-05-17T16:37:13.206691+00:00
5359,INPROC_752D1A,1,10,team2,Team 2 (E/W),14,106,28,♥,finished,2026-05-17T16:37:13.224246+00:00
5360,INPROC_49E5B1,1,10,team1,Team 1 (N/S),78,42,6,♣,finished,2026-05-17T16:37:13.240954+00:00
5361,INPROC_ED6593,1,10,team2,Team 2 (E/W),0,120,29,♥,finished,2026-05-17T16:37:13.259058+00:00
5362,INPROC_91CC86,1,10,team2,Team 2 (E/W),14,106,21,♥,finished,2026-05-17T16:37:13.275430+00:00
5363,INPROC_E71835,1,10,team1,Team 1 (N/S),91,29,22,♥,finished,2026-05-17T16:37:13.293237+00:00
5364,INPROC_4E1028,1,10,team2,Team 2 (E/W),45,75,4,♣,finished,2026-05-17T16:37:13.309234+00:00
5365,INPROC_517E3E,1,10,team1,Team 1 (N/S),90,30,8,♣,finished,2026-05-17T16:37:13.325299+00:00
5366,INPROC_7FEC58,1,10,team2,Team 2 (E/W),22,98,9,♣,finished,2026-05-17T16:37:13.342537+00:00
5367,INPROC_B83B76,1,10,team2,Team 2 (E/W),37,83,4,♣,finished,2026-05-17T16:37:13.358175+00:00
5368,INPROC_6E18A0,1,10,team2,Team 2 (E/W),48,72,28,♥,finished,2026-05-17T16:37:13.374182+00:00
5369,INPROC_388633,1,10,team2,Team 2 (E/W),25,95,39,♠,finished,2026-05-17T16:37:13.392012+00:00
5370,INPROC_28F536,1,10,team2,Team 2 (E/W),15,105,36,♠,finished,2026-05-17T16:37:13.407285+00:00
5371,INPROC_B34246,1,10,team1,Team 1 (N/S),86,34,20,♥,finished,2026-05-17T16:37:13.421571+00:00
5372,INPROC_9D53B3,1,10,team1,Team 1 (N/S),71,49,11,♦,finished,2026-05-17T16:37:13.437530+00:00
5373,INPROC_04AEBB,1,10,team2,Team 2 (E/W),11,109,29,♥,finished,2026-05-17T16:37:13.449493+00:00
5374,INPROC_158D26,1,10,team1,Team 1 (N/S),85,35,14,♦,finished,2026-05-17T16:37:13.465585+00:00
5375,INPROC_FC1F5D,1,10,team2,Team 2 (E/W),55,65,1,♣,finished,2026-05-17T16:37:13.481211+00:00
5376,INPROC_094E7C,1,10,team1,Team 1 (N/S),63,57,14,♦,finished,2026-05-17T16:37:13.496802+00:00
5377,INPROC_8EE54D,1,10,team2,Team 2 (E/W),41,79,17,♦,finished,2026-05-17T16:37:13.513136+00:00
5378,INPROC_971412,1,10,team1,Team 1 (N/S),65,55,24,♥,finished,2026-05-17T16:37:13.530419+00:00
5379,INPROC_13316A,1,10,team2,Team 2 (E/W),46,74,31,♠,finished,2026-05-17T16:37:13.545283+00:00
5380,INPROC_2945EB,1,10,team2,Team 2 (E/W),47,73,31,♠,finished,2026-05-17T16:37:13.562485+00:00
5381,INPROC_935F5B,1,10,team1,Team 1 (N/S),90,30,38,♠,finished,2026-05-17T16:37:13.578643+00:00
5382,INPROC_F63007,1,10,team2,Team 2 (E/W),46,74,10,♦,finished,2026-05-17T16:37:13.596500+00:00
5383,INPROC_C1EF09,1,10,team1,Team 1 (N/S),74,46,26,♥,finished,2026-05-17T16:37:13.612378+00:00
5384,INPROC_E94BF5,1,10,team2,Team 2 (E/W),36,84,37,♠,finished,2026-05-17T16:37:13.629322+00:00
5385,INPROC_F266E7,1,10,draw,draw,60,60,3,♣,finished,2026-05-17T16:37:13.645595+00:00
5386,INPROC_EF3EEB,1,10,team2,Team 2 (E/W),45,75,39,♠,finished,2026-05-17T16:37:13.662248+00:00
5387,INPROC_3A536A,1,10,team2,Team 2 (E/W),40,80,31,♠,finished,2026-05-17T16:37:13.677289+00:00
5388,INPROC_D9412C,1,10,draw,draw,60,60,8,♣,finished,2026-05-17T16:37:13.692778+00:00
5389,INPROC_B4B559,1,10,team2,Team 2 (E/W),27,93,1,♣,finished,2026-05-17T16:37:13.707812+00:00
5390,INPROC_45E795,1,10,team2,Team 2 (E/W),38,82,34,♠,finished,2026-05-17T16:37:13.724895+00:00
5391,INPROC_22F9E1,1,10,team1,Team 1 (N/S),75,45,15,♦,finished,2026-05-17T16:37:13.741400+00:00
5392,INPROC_D3BA31,1,10,team2,Team 2 (E/W),34,86,39,♠,finished,2026-05-17T16:37:13.756092+00:00
5393,INPROC_E71984,1,10,team2,Team 2 (E/W),38,82,21,♥,finished,2026-05-17T16:37:13.772923+00:00
5394,INPROC_1675D3,1,10,team2,Team 2 (E/W),56,64,9,♣,finished,2026-05-17T16:37:13.787276+00:00
5395,INPROC_131339,1,10,team2,Team 2 (E/W),41,79,9,♣,finished,2026-05-17T16:37:13.802372+00:00
5396,INPROC_442329,1,10,team2,Team 2 (E/W),48,72,6,♣,finished,2026-05-17T16:37:13.817974+00:00
5397,INPROC_F3C40F,1,10,team1,Team 1 (N/S),89,31,19,♦,finished,2026-05-17T16:37:13.833685+00:00
5398,INPROC_0CF94D,1,10,team1,Team 1 (N/S),110,10,31,♠,finished,2026-05-17T16:37:13.849592+00:00
5399,INPROC_36BBFD,1,10,team2,Team 2 (E/W),53,67,10,♦,finished,2026-05-17T16:37:13.866959+00:00
5400,INPROC_FA8601,1,10,team2,Team 2 (E/W),59,61,15,♦,finished,2026-05-17T16:37:13.883821+00:00
5401,INPROC_F0B8AF,1,10,draw,draw,60,60,30,♠,finished,2026-05-17T16:37:13.898616+00:00
5402,INPROC_A757F5,1,10,team1,Team 1 (N/S),65,55,7,♣,finished,2026-05-17T16:37:13.916425+00:00
5403,INPROC_3F138B,1,10,team1,Team 1 (N/S),70,50,8,♣,finished,2026-05-17T16:37:13.933563+00:00
5404,INPROC_6DD7CE,1,10,team2,Team 2 (E/W),16,104,25,♥,finished,2026-05-17T16:37:13.949723+00:00
5405,INPROC_89A560,1,10,team1,Team 1 (N/S),73,47,3,♣,finished,2026-05-17T16:37:13.966660+00:00
5406,INPROC_883F41,1,10,team2,Team 2 (E/W),51,69,24,♥,finished,2026-05-17T16:37:13.982815+00:00
5407,INPROC_F4785C,1,10,team2,Team 2 (E/W),49,71,0,♣,finished,2026-05-17T16:37:14.001128+00:00
5408,INPROC_2E4DD9,1,10,team2,Team 2 (E/W),55,65,23,♥,finished,2026-05-17T16:37:14.018416+00:00
5409,INPROC_B69DA7,1,10,team2,Team 2 (E/W),54,66,3,♣,finished,2026-05-17T16:37:14.036748+00:00
5410,INPROC_80E576,1,10,team1,Team 1 (N/S),68,52,36,♠,finished,2026-05-17T16:37:14.053722+00:00
5411,INPROC_358F55,1,10,team1,Team 1 (N/S),85,35,18,♦,finished,2026-05-17T16:37:14.070752+00:00
5412,INPROC_DC2F9D,1,10,team2,Team 2 (E/W),41,79,2,♣,finished,2026-05-17T16:37:14.086533+00:00
5413,INPROC_5504D7,1,10,team2,Team 2 (E/W),38,82,21,♥,finished,2026-05-17T16:37:14.103887+00:00
5414,INPROC_559882,1,10,team1,Team 1 (N/S),62,58,2,♣,finished,2026-05-17T16:37:14.120655+00:00
5415,INPROC_BA970F,1,10,team2,Team 2 (E/W),23,97,34,♠,finished,2026-05-17T16:37:14.138803+00:00
5416,INPROC_83A15B,1,10,team1,Team 1 (N/S),74,46,6,♣,finished,2026-05-17T16:37:14.158526+00:00
5417,INPROC_B09273,1,10,team1,Team 1 (N/S),86,34,33,♠,finished,2026-05-17T16:37:14.179574+00:00
5418,INPROC_7FDFD1,1,10,team1,Team 1 (N/S),87,33,15,♦,finished,2026-05-17T16:37:14.196459+00:00
5419,INPROC_DCAEDA,1,10,team2,Team 2 (E/W),44,76,13,♦,finished,2026-05-17T16:37:14.215532+00:00
5420,INPROC_A59E79,1,10,team1,Team 1 (N/S),97,23,1,♣,finished,2026-05-17T16:37:14.233623+00:00
5421,INPROC_58B2B3,1,10,team2,Team 2 (E/W),57,63,23,♥,finished,2026-05-17T16:37:14.249355+00:00
5422,INPROC_34B00F,1,10,team1,Team 1 (N/S),65,55,24,♥,finished,2026-05-17T16:37:14.266629+00:00
5423,INPROC_6CC293,1,10,team2,Team 2 (E/W),52,68,14,♦,finished,2026-05-17T16:37:14.285687+00:00
5424,INPROC_436CFB,1,10,team1,Team 1 (N/S),71,49,22,♥,finished,2026-05-17T16:37:14.302725+00:00
5425,INPROC_F77C6B,1,10,team1,Team 1 (N/S),74,46,24,♥,finished,2026-05-17T16:37:14.320252+00:00
5426,INPROC_BD8C54,1,10,team1,Team 1 (N/S),65,55,2,♣,finished,2026-05-17T16:37:14.337625+00:00
5427,INPROC_2BB4FB,1,10,team2,Team 2 (E/W),42,78,14,♦,finished,2026-05-17T16:37:14.354837+00:00
5428,INPROC_7FE698,1,10,team2,Team 2 (E/W),44,76,25,♥,finished,2026-05-17T16:37:14.372352+00:00
5429,INPROC_C6196D,1,10,team2,Team 2 (E/W),45,75,32,♠,finished,2026-05-17T16:37:14.390141+00:00
5430,INPROC_9CD149,1,10,team1,Team 1 (N/S),101,19,21,♥,finished,2026-05-17T16:37:14.405644+00:00
5431,INPROC_709020,1,10,team2,Team 2 (E/W),6,114,16,♦,finished,2026-05-17T16:37:14.420489+00:00
5432,INPROC_4774CF,1,10,team2,Team 2 (E/W),46,74,28,♥,finished,2026-05-17T16:37:14.437342+00:00
5433,INPROC_C94CE6,1,10,team2,Team 2 (E/W),39,81,30,♠,finished,2026-05-17T16:37:14.454799+00:00
5434,INPROC_576835,1,10,team1,Team 1 (N/S),62,58,21,♥,finished,2026-05-17T16:37:14.468700+00:00
5435,INPROC_8B5268,1,10,team2,Team 2 (E/W),24,96,9,♣,finished,2026-05-17T16:37:14.483693+00:00
5436,INPROC_D80B2D,1,10,team2,Team 2 (E/W),34,86,39,♠,finished,2026-05-17T16:37:14.499894+00:00
5437,INPROC_C22310,1,10,team2,Team 2 (E/W),14,106,18,♦,finished,2026-05-17T16:37:14.516028+00:00
5438,INPROC_79C652,1,10,team2,Team 2 (E/W),49,71,22,♥,finished,2026-05-17T16:37:14.532897+00:00
5439,INPROC_C76DB0,1,10,team1,Team 1 (N/S),88,32,0,♣,finished,2026-05-17T16:37:14.549521+00:00
5440,INPROC_D379E0,1,10,team2,Team 2 (E/W),36,84,38,♠,finished,2026-05-17T16:37:14.565134+00:00
5441,INPROC_EE0E97,1,10,team2,Team 2 (E/W),58,62,20,♥,finished,2026-05-17T16:37:14.582172+00:00
5442,INPROC_5A9A14,1,10,team2,Team 2 (E/W),54,66,22,♥,finished,2026-05-17T16:37:14.599565+00:00
5443,INPROC_6CA4B5,1,10,team2,Team 2 (E/W),30,90,17,♦,finished,2026-05-17T16:37:14.614630+00:00
5444,INPROC_0D38E5,1,10,team2,Team 2 (E/W),26,94,6,♣,finished,2026-05-17T16:37:14.631201+00:00
5445,INPROC_62A501,1,10,team1,Team 1 (N/S),80,40,13,♦,finished,2026-05-17T16:37:14.649046+00:00
5446,INPROC_D0A9BF,1,10,team2,Team 2 (E/W),4,116,27,♥,finished,2026-05-17T16:37:14.666621+00:00
5447,INPROC_0E1E6E,1,10,team1,Team 1 (N/S),86,34,34,♠,finished,2026-05-17T16:37:14.683571+00:00
5448,INPROC_12C313,1,10,team1,Team 1 (N/S),75,45,16,♦,finished,2026-05-17T16:37:14.702911+00:00
5449,INPROC_E45539,1,10,team2,Team 2 (E/W),30,90,33,♠,finished,2026-05-17T16:37:14.720798+00:00
5450,INPROC_50C4C4,1,10,team1,Team 1 (N/S),62,58,23,♥,finished,2026-05-17T16:37:14.737875+00:00
5451,INPROC_87B4F9,1,10,team1,Team 1 (N/S),72,48,8,♣,finished,2026-05-17T16:37:14.755931+00:00
5452,INPROC_F7EB74,1,10,team1,Team 1 (N/S),69,51,6,♣,finished,2026-05-17T16:37:14.772983+00:00
5453,INPROC_73CE22,1,10,team1,Team 1 (N/S),62,58,3,♣,finished,2026-05-17T16:37:14.788592+00:00
5454,INPROC_52B511,1,10,team2,Team 2 (E/W),42,78,25,♥,finished,2026-05-17T16:37:14.804956+00:00
5455,INPROC_FCABE8,1,10,team1,Team 1 (N/S),107,13,1,♣,finished,2026-05-17T16:37:14.818824+00:00
5456,INPROC_6ACD02,1,10,team2,Team 2 (E/W),42,78,38,♠,finished,2026-05-17T16:37:14.835962+00:00
5457,INPROC_DE5A28,1,10,team2,Team 2 (E/W),59,61,27,♥,finished,2026-05-17T16:37:14.851989+00:00
5458,INPROC_8358D6,1,10,team1,Team 1 (N/S),63,57,7,♣,finished,2026-05-17T16:37:14.869934+00:00
5459,INPROC_738E8A,1,10,team1,Team 1 (N/S),66,54,3,♣,finished,2026-05-17T16:37:14.883499+00:00
5460,INPROC_FF0733,1,10,team1,Team 1 (N/S),74,46,27,♥,finished,2026-05-17T16:37:14.898607+00:00
5461,INPROC_852A30,1,10,team1,Team 1 (N/S),68,52,33,♠,finished,2026-05-17T16:37:14.913552+00:00
5462,INPROC_D9C16E,1,10,team1,Team 1 (N/S),78,42,30,♠,finished,2026-05-17T16:37:14.928827+00:00
5463,INPROC_37907C,1,10,team2,Team 2 (E/W),35,85,10,♦,finished,2026-05-17T16:37:14.460755+00:00
5464,INPROC_B65F56,1,10,team2,Team 2 (E/W),24,96,16,♦,finished,2026-05-17T16:37:14.475939+00:00
5465,INPROC_BBEA5F,1,10,team2,Team 2 (E/W),49,71,11,♦,finished,2026-05-17T16:37:14.491438+00:00
5466,INPROC_91830D,1,10,team1,Team 1 (N/S),83,37,6,♣,finished,2026-05-17T16:37:14.507003+00:00
5467,INPROC_8D92F6,1,10,team2,Team 2 (E/W),3,117,35,♠,finished,2026-05-17T16:37:14.520683+00:00
5468,INPROC_435D62,1,10,team1,Team 1 (N/S),71,49,14,♦,finished,2026-05-17T16:37:14.534639+00:00
5469,INPROC_29392B,1,10,team1,Team 1 (N/S),70,50,37,♠,finished,2026-05-17T16:37:14.548925+00:00
5470,INPROC_1B61E3,1,10,team1,Team 1 (N/S),81,39,21,♥,finished,2026-05-17T16:37:14.565526+00:00
5471,INPROC_D62B15,1,10,team1,Team 1 (N/S),102,18,20,♥,finished,2026-05-17T16:37:14.580675+00:00
5472,INPROC_407009,1,10,team2,Team 2 (E/W),52,68,14,♦,finished,2026-05-17T16:37:14.597661+00:00
5473,INPROC_843928,1,10,team2,Team 2 (E/W),49,71,5,♣,finished,2026-05-17T16:37:14.613328+00:00
5474,INPROC_A55840,1,10,team2,Team 2 (E/W),28,92,10,♦,finished,2026-05-17T16:37:14.629215+00:00
5475,INPROC_CA3AA9,1,10,team2,Team 2 (E/W),57,63,32,♠,finished,2026-05-17T16:37:14.644210+00:00
5476,INPROC_8A64A9,1,10,team2,Team 2 (E/W),59,61,25,♥,finished,2026-05-17T16:37:14.661422+00:00
5477,INPROC_FE4967,1,10,team1,Team 1 (N/S),103,17,22,♥,finished,2026-05-17T16:37:14.676871+00:00
5478,INPROC_4C7129,1,10,team2,Team 2 (E/W),24,96,26,♥,finished,2026-05-17T16:37:14.692732+00:00
5479,INPROC_9D0638,1,10,team2,Team 2 (E/W),26,94,34,♠,finished,2026-05-17T16:37:14.708524+00:00
5480,INPROC_ABB354,1,10,team2,Team 2 (E/W),44,76,15,♦,finished,2026-05-17T16:37:14.725375+00:00
5481,INPROC_058E75,1,10,team1,Team 1 (N/S),72,48,33,♠,finished,2026-05-17T16:37:14.742528+00:00
5482,INPROC_7FF928,1,10,team1,Team 1 (N/S),63,57,37,♠,finished,2026-05-17T16:37:14.759610+00:00
5483,INPROC_EB5794,1,10,team2,Team 2 (E/W),21,99,31,♠,finished,2026-05-17T16:37:14.776538+00:00
5484,INPROC_C33089,1,10,team1,Team 1 (N/S),86,34,13,♦,finished,2026-05-17T16:37:14.792205+00:00
5485,INPROC_BD7943,1,10,team2,Team 2 (E/W),28,92,27,♥,finished,2026-05-17T16:37:14.810525+00:00
5486,INPROC_0F91D0,1,10,team2,Team 2 (E/W),27,93,8,♣,finished,2026-05-17T16:37:14.825980+00:00
5487,INPROC_BF8C7A,1,10,team2,Team 2 (E/W),45,75,2,♣,finished,2026-05-17T16:37:14.842901+00:00
5488,INPROC_0F7FED,1,10,team1,Team 1 (N/S),89,31,14,♦,finished,2026-05-17T16:37:14.859502+00:00
5489,INPROC_498FBD,1,10,team2,Team 2 (E/W),46,74,8,♣,finished,2026-05-17T16:37:14.875952+00:00
5490,INPROC_454AE0,1,10,team2,Team 2 (E/W),47,73,24,♥,finished,2026-05-17T16:37:14.886693+00:00
5491,INPROC_27F88A,1,10,team2,Team 2 (E/W),20,100,11,♦,finished,2026-05-17T16:37:14.902723+00:00
5492,INPROC_D61D87,1,10,team2,Team 2 (E/W),39,81,26,♥,finished,2026-05-17T16:37:14.920720+00:00
5493,INPROC_FEA4EF,1,10,team2,Team 2 (E/W),54,66,20,♥,finished,2026-05-17T16:37:14.937130+00:00
5494,INPROC_D2411F,1,10,team2,Team 2 (E/W),22,98,8,♣,finished,2026-05-17T16:37:14.951157+00:00
5495,INPROC_73FD2E,1,10,team2,Team 2 (E/W),35,85,8,♣,finished,2026-05-17T16:37:14.968415+00:00
5496,INPROC_71BFFC,1,10,team1,Team 1 (N/S),86,34,37,♠,finished,2026-05-17T16:37:14.984250+00:00
5497,INPROC_CCCB7F,1,10,team2,Team 2 (E/W),34,86,21,♥,finished,2026-05-17T16:37:15.002109+00:00
5498,INPROC_151569,1,10,team1,Team 1 (N/S),75,45,5,♣,finished,2026-05-17T16:37:15.014610+00:00
5499,INPROC_31C862,1,10,team2,Team 2 (E/W),27,93,24,♥,finished,2026-05-17T16:37:15.030689+00:00
5500,INPROC_1209C3,1,10,team2,Team 2 (E/W),50,70,14,♦,finished,2026-05-17T16:37:15.046322+00:00
5501,INPROC_450763,1,10,team1,Team 1 (N/S),106,14,22,♥,finished,2026-05-17T16:37:15.062430+00:00
5502,INPROC_8DB6CC,1,10,team1,Team 1 (N/S),82,38,5,♣,finished,2026-05-17T16:37:15.077546+00:00
5503,INPROC_F19E00,1,10,team2,Team 2 (E/W),58,62,28,♥,finished,2026-05-17T16:37:15.093046+00:00
5504,INPROC_5A2FE2,1,10,team1,Team 1 (N/S),72,48,11,♦,finished,2026-05-17T16:37:15.111550+00:00
5505,INPROC_DECB96,1,10,draw,draw,60,60,24,♥,finished,2026-05-17T16:37:15.129530+00:00
5506,INPROC_62CC61,1,10,team1,Team 1 (N/S),78,42,34,♠,finished,2026-05-17T16:37:15.144692+00:00
5507,INPROC_8B16CF,1,10,team1,Team 1 (N/S),74,46,16,♦,finished,2026-05-17T16:37:15.172608+00:00
5508,INPROC_E64389,1,10,team2,Team 2 (E/W),25,95,34,♠,finished,2026-05-17T16:37:15.188854+00:00
5509,INPROC_F4AFA4,1,10,team2,Team 2 (E/W),33,87,8,♣,finished,2026-05-17T16:37:15.207505+00:00
5510,INPROC_29A0E4,1,10,team2,Team 2 (E/W),35,85,34,♠,finished,2026-05-17T16:37:15.221848+00:00
5511,INPROC_322AC8,1,10,team1,Team 1 (N/S),109,11,8,♣,finished,2026-05-17T16:37:15.237353+00:00
5512,INPROC_E40060,1,10,team2,Team 2 (E/W),17,103,25,♥,finished,2026-05-17T16:37:15.252655+00:00
5513,INPROC_30AAD0,1,10,team1,Team 1 (N/S),101,19,21,♥,finished,2026-05-17T16:37:15.269803+00:00
5514,INPROC_8A00BB,1,10,team1,Team 1 (N/S),81,39,9,♣,finished,2026-05-17T16:37:15.286045+00:00
5515,INPROC_3BE0BD,1,10,team2,Team 2 (E/W),59,61,21,♥,finished,2026-05-17T16:37:15.302076+00:00
5516,INPROC_8DBF9B,1,10,team2,Team 2 (E/W),58,62,36,♠,finished,2026-05-17T16:37:15.319087+00:00
5517,INPROC_95957D,1,10,team1,Team 1 (N/S),95,25,19,♦,finished,2026-05-17T16:37:15.335309+00:00
5518,INPROC_A69FEE,1,10,team1,Team 1 (N/S),101,19,4,♣,finished,2026-05-17T16:37:15.350335+00:00
5519,INPROC_F3EE6B,1,10,team1,Team 1 (N/S),70,50,32,♠,finished,2026-05-17T16:37:15.365801+00:00
5520,INPROC_355432,1,10,team2,Team 2 (E/W),37,83,19,♦,finished,2026-05-17T16:37:15.381047+00:00
5521,INPROC_F3AA5D,1,10,team2,Team 2 (E/W),55,65,19,♦,finished,2026-05-17T16:37:15.395958+00:00
5522,INPROC_210918,1,10,team1,Team 1 (N/S),73,47,25,♥,finished,2026-05-17T16:37:15.413793+00:00
5523,INPROC_8D47A7,1,10,team2,Team 2 (E/W),33,87,6,♣,finished,2026-05-17T16:37:15.428867+00:00
5524,INPROC_2AE196,1,10,team1,Team 1 (N/S),61,59,21,♥,finished,2026-05-17T16:37:15.442756+00:00
5525,INPROC_AB4425,1,10,team2,Team 2 (E/W),28,92,9,♣,finished,2026-05-17T16:37:15.461738+00:00
5526,INPROC_33B41F,1,10,team1,Team 1 (N/S),62,58,26,♥,finished,2026-05-17T16:37:15.479751+00:00
5527,INPROC_41B14D,1,10,team2,Team 2 (E/W),16,104,17,♦,finished,2026-05-17T16:37:15.496395+00:00
5528,INPROC_E72463,1,10,team2,Team 2 (E/W),53,67,2,♣,finished,2026-05-17T16:37:15.510223+00:00
5529,INPROC_273262,1,10,team1,Team 1 (N/S),63,57,17,♦,finished,2026-05-17T16:37:15.525726+00:00
5530,INPROC_E33268,1,10,team1,Team 1 (N/S),80,40,1,♣,finished,2026-05-17T16:37:15.541690+00:00
5531,INPROC_1B8D9C,1,10,team2,Team 2 (E/W),28,92,22,♥,finished,2026-05-17T16:37:15.557178+00:00
5532,INPROC_04DAFC,1,10,team2,Team 2 (E/W),30,90,28,♥,finished,2026-05-17T16:37:15.572030+00:00
5533,INPROC_3E1726,1,10,team1,Team 1 (N/S),65,55,38,♠,finished,2026-05-17T16:37:15.587824+00:00
5534,INPROC_72F118,1,10,team2,Team 2 (E/W),48,72,14,♦,finished,2026-05-17T16:37:15.602704+00:00
5535,INPROC_864541,1,10,team1,Team 1 (N/S),73,47,8,♣,finished,2026-05-17T16:37:15.618308+00:00
5536,INPROC_B425C1,1,10,team2,Team 2 (E/W),39,81,20,♥,finished,2026-05-17T16:37:15.633999+00:00
5537,INPROC_D033FE,1,10,team1,Team 1 (N/S),86,34,4,♣,finished,2026-05-17T16:37:15.648499+00:00
5538,INPROC_B62828,1,10,team2,Team 2 (E/W),0,120,38,♠,finished,2026-05-17T16:37:15.662712+00:00
5539,INPROC_448EB6,1,10,team2,Team 2 (E/W),53,67,4,♣,finished,2026-05-17T16:37:15.681601+00:00
5540,INPROC_94E613,1,10,team1,Team 1 (N/S),110,10,3,♣,finished,2026-05-17T16:37:15.696843+00:00
5541,INPROC_D6039C,1,10,team1,Team 1 (N/S),64,56,37,♠,finished,2026-05-17T16:37:15.714182+00:00
5542,INPROC_DC243F,1,10,team1,Team 1 (N/S),77,43,1,♣,finished,2026-05-17T16:37:15.730523+00:00
5543,INPROC_1F47A1,1,10,team2,Team 2 (E/W),19,101,25,♥,finished,2026-05-17T16:37:15.746973+00:00
5544,INPROC_6853C4,1,10,team2,Team 2 (E/W),10,110,5,♣,finished,2026-05-17T16:37:15.762971+00:00
5545,INPROC_AD2CF8,1,10,team2,Team 2 (E/W),54,66,35,♠,finished,2026-05-17T16:37:15.780009+00:00
5546,INPROC_DAD11A,1,10,team1,Team 1 (N/S),105,15,12,♦,finished,2026-05-17T16:37:15.797909+00:00
5547,INPROC_A742F6,1,10,team1,Team 1 (N/S),74,46,16,♦,finished,2026-05-17T16:37:15.817063+00:00
5548,INPROC_686CE2,1,10,team2,Team 2 (E/W),14,106,24,♥,finished,2026-05-17T16:37:15.834395+00:00
5549,INPROC_CC0D6A,1,10,team1,Team 1 (N/S),96,24,34,♠,finished,2026-05-17T16:37:15.850831+00:00
5550,INPROC_BA6A3B,1,10,team1,Team 1 (N/S),79,41,6,♣,finished,2026-05-17T16:37:15.866073+00:00
5551,INPROC_D38194,1,10,team2,Team 2 (E/W),44,76,27,♥,finished,2026-05-17T16:37:15.882531+00:00
5552,INPROC_FCEE32,1,10,team2,Team 2 (E/W),50,70,20,♥,finished,2026-05-17T16:37:15.897743+00:00
5553,INPROC_E1EE01,1,10,team2,Team 2 (E/W),33,87,17,♦,finished,2026-05-17T16:37:15.913897+00:00
5554,INPROC_D288C1,1,10,team2,Team 2 (E/W),16,104,23,♥,finished,2026-05-17T16:37:15.929109+00:00
5555,INPROC_BB8CC8,1,10,team1,Team 1 (N/S),101,19,36,♠,finished,2026-05-17T16:37:15.945718+00:00
5556,INPROC_A27792,1,10,team2,Team 2 (E/W),57,63,24,♥,finished,2026-05-17T16:37:15.961218+00:00
5557,INPROC_4EF046,1,10,team2,Team 2 (E/W),57,63,19,♦,finished,2026-05-17T16:37:15.978177+00:00
5558,INPROC_EF7BA5,1,10,team2,Team 2 (E/W),46,74,10,♦,finished,2026-05-17T16:37:15.993897+00:00
5559,INPROC_749144,1,10,team2,Team 2 (E/W),25,95,13,♦,finished,2026-05-17T16:37:16.010474+00:00
5560,INPROC_BB1BB6,1,10,team2,Team 2 (E/W),31,89,11,♦,finished,2026-05-17T16:37:16.025772+00:00
5561,INPROC_1204DB,1,10,team1,Team 1 (N/S),71,49,0,♣,finished,2026-05-17T16:37:16.038950+00:00
5562,INPROC_38F6A3,1,10,team2,Team 2 (E/W),59,61,25,♥,finished,2026-05-17T16:37:16.054539+00:00
5563,INPROC_82FDE9,1,10,team1,Team 1 (N/S),67,53,19,♦,finished,2026-05-17T16:37:16.068113+00:00
5564,INPROC_2BC500,1,10,team2,Team 2 (E/W),43,77,12,♦,finished,2026-05-17T16:37:16.084543+00:00
5565,INPROC_24C5E7,1,10,team2,Team 2 (E/W),35,85,35,♠,finished,2026-05-17T16:37:16.100107+00:00
5566,INPROC_CAFE2F,1,10,team1,Team 1 (N/S),77,43,29,♥,finished,2026-05-17T16:37:16.116160+00:00
5567,INPROC_F13380,1,10,team2,Team 2 (E/W),44,76,9,♣,finished,2026-05-17T16:37:16.133785+00:00
5568,INPROC_823641,1,10,team2,Team 2 (E/W),44,76,23,♥,finished,2026-05-17T16:37:16.151464+00:00
5569,INPROC_73B86B,1,10,team2,Team 2 (E/W),59,61,3,♣,finished,2026-05-17T16:37:16.167419+00:00
5570,INPROC_3BB848,1,10,team2,Team 2 (E/W),47,73,2,♣,finished,2026-05-17T16:37:16.184402+00:00
5571,INPROC_23B707,1,10,team2,Team 2 (E/W),47,73,26,♥,finished,2026-05-17T16:37:16.198787+00:00
5572,INPROC_3ECDFB,1,10,team2,Team 2 (E/W),11,109,35,♠,finished,2026-05-17T16:37:16.215900+00:00
5573,INPROC_493F76,1,10,team2,Team 2 (E/W),49,71,0,♣,finished,2026-05-17T16:37:16.233164+00:00
5574,INPROC_28EE1D,1,10,team2,Team 2 (E/W),50,70,32,♠,finished,2026-05-17T16:37:16.250597+00:00
5575,INPROC_9220F9,1,10,team1,Team 1 (N/S),86,34,34,♠,finished,2026-05-17T16:37:16.266510+00:00
5576,INPROC_A69EB3,1,10,team2,Team 2 (E/W),52,68,1,♣,finished,2026-05-17T16:37:16.279605+00:00
5577,INPROC_34E4DD,1,10,team2,Team 2 (E/W),29,91,30,♠,finished,2026-05-17T16:37:16.295068+00:00
5578,INPROC_F61F62,1,10,team2,Team 2 (E/W),31,89,31,♠,finished,2026-05-17T16:37:16.309302+00:00
5579,INPROC_482FD3,1,10,team2,Team 2 (E/W),41,79,14,♦,finished,2026-05-17T16:37:16.326664+00:00
5580,INPROC_FFDB6E,1,10,team1,Team 1 (N/S),81,39,36,♠,finished,2026-05-17T16:37:16.342897+00:00
5581,INPROC_6CF311,1,10,team2,Team 2 (E/W),57,63,38,♠,finished,2026-05-17T16:37:16.359187+00:00
5582,INPROC_163F38,1,10,team1,Team 1 (N/S),86,34,23,♥,finished,2026-05-17T16:37:16.377445+00:00
5583,INPROC_DBE81C,1,10,team1,Team 1 (N/S),65,55,27,♥,finished,2026-05-17T16:37:16.391973+00:00
5584,INPROC_17DED1,1,10,team1,Team 1 (N/S),65,55,10,♦,finished,2026-05-17T16:37:16.406941+00:00
5585,INPROC_137159,1,10,team1,Team 1 (N/S),99,21,16,♦,finished,2026-05-17T16:37:16.422930+00:00
5586,INPROC_5E96C7,1,10,draw,draw,60,60,13,♦,finished,2026-05-17T16:37:16.436854+00:00
5587,INPROC_A98833,1,10,team1,Team 1 (N/S),76,44,17,♦,finished,2026-05-17T16:37:16.453434+00:00
5588,INPROC_3DED8C,1,10,team2,Team 2 (E/W),52,68,9,♣,finished,2026-05-17T16:37:16.467845+00:00
5589,INPROC_3F4E94,1,10,team2,Team 2 (E/W),58,62,17,♦,finished,2026-05-17T16:37:16.480369+00:00
5590,INPROC_E932A0,1,10,team1,Team 1 (N/S),62,58,6,♣,finished,2026-05-17T16:37:16.497394+00:00
5591,INPROC_F54EE1,1,10,team2,Team 2 (E/W),32,88,16,♦,finished,2026-05-17T16:37:16.512531+00:00
5592,INPROC_9F9599,1,10,team1,Team 1 (N/S),79,41,35,♠,finished,2026-05-17T16:37:16.528858+00:00
5593,INPROC_E389A5,1,10,team1,Team 1 (N/S),63,57,37,♠,finished,2026-05-17T16:37:16.544361+00:00
5594,INPROC_F97393,1,10,team1,Team 1 (N/S),71,49,4,♣,finished,2026-05-17T16:37:16.561191+00:00
5595,INPROC_162E5E,1,10,team1,Team 1 (N/S),65,55,11,♦,finished,2026-05-17T16:37:16.575454+00:00
5596,INPROC_0456EA,1,10,team2,Team 2 (E/W),41,79,9,♣,finished,2026-05-17T16:37:16.591870+00:00
5597,INPROC_9F6D4F,1,10,team1,Team 1 (N/S),101,19,11,♦,finished,2026-05-17T16:37:16.606384+00:00
5598,INPROC_320064,1,10,team2,Team 2 (E/W),58,62,13,♦,finished,2026-05-17T16:37:16.617163+00:00
5599,INPROC_6F101F,1,10,team1,Team 1 (N/S),67,53,0,♣,finished,2026-05-17T16:37:16.632205+00:00
5600,INPROC_89A16E,1,10,team1,Team 1 (N/S),71,49,39,♠,finished,2026-05-17T16:37:16.644253+00:00
5601,INPROC_50A593,1,10,team2,Team 2 (E/W),24,96,34,♠,finished,2026-05-17T16:37:16.655131+00:00
5602,INPROC_89B875,1,10,draw,draw,60,60,29,♥,finished,2026-05-17T16:37:16.669122+00:00
5603,INPROC_E83A17,1,10,team2,Team 2 (E/W),45,75,31,♠,finished,2026-05-17T16:37:16.684809+00:00
5604,INPROC_78D86A,1,10,team1,Team 1 (N/S),91,29,21,♥,finished,2026-05-17T16:37:16.702057+00:00
5605,INPROC_692974,1,10,team2,Team 2 (E/W),33,87,30,♠,finished,2026-05-17T16:37:16.720009+00:00
5606,INPROC_252F16,1,10,team1,Team 1 (N/S),82,38,27,♥,finished,2026-05-17T16:37:16.736492+00:00
5607,INPROC_3F409D,1,10,team2,Team 2 (E/W),45,75,22,♥,finished,2026-05-17T16:37:16.752289+00:00
5608,INPROC_28E36C,1,10,team2,Team 2 (E/W),59,61,7,♣,finished,2026-05-17T16:37:16.770798+00:00
5609,INPROC_149E1D,1,10,draw,draw,60,60,1,♣,finished,2026-05-17T16:37:16.789732+00:00
5610,INPROC_9CDCEA,1,10,team2,Team 2 (E/W),3,117,24,♥,finished,2026-05-17T16:37:16.808250+00:00
5611,INPROC_C6B3DF,1,10,team1,Team 1 (N/S),71,49,27,♥,finished,2026-05-17T16:37:16.822909+00:00
5612,INPROC_733715,1,10,team1,Team 1 (N/S),76,44,28,♥,finished,2026-05-17T16:37:16.839967+00:00
5613,INPROC_9B0346,1,10,team2,Team 2 (E/W),18,102,36,♠,finished,2026-05-17T16:37:16.856996+00:00
5614,INPROC_14E47A,1,10,team2,Team 2 (E/W),35,85,7,♣,finished,2026-05-17T16:37:16.874336+00:00
5615,INPROC_63DB20,1,10,team1,Team 1 (N/S),83,37,26,♥,finished,2026-05-17T16:37:16.893264+00:00
5616,INPROC_6BFCBD,1,10,team2,Team 2 (E/W),49,71,12,♦,finished,2026-05-17T16:37:16.910873+00:00
5617,INPROC_ED7C95,1,10,team1,Team 1 (N/S),90,30,34,♠,finished,2026-05-17T16:37:16.927495+00:00
5618,INPROC_6CDA97,1,10,team1,Team 1 (N/S),78,42,30,♠,finished,2026-05-17T16:37:16.942170+00:00
5619,INPROC_95B1D6,1,10,team1,Team 1 (N/S),82,38,23,♥,finished,2026-05-17T16:37:16.957993+00:00
5620,INPROC_B16D7C,1,10,team1,Team 1 (N/S),64,56,20,♥,finished,2026-05-17T16:37:16.974696+00:00
5621,INPROC_426282,1,10,team1,Team 1 (N/S),76,44,13,♦,finished,2026-05-17T16:37:16.991395+00:00
5622,INPROC_ABFDB2,1,10,team2,Team 2 (E/W),31,89,11,♦,finished,2026-05-17T16:37:17.007196+00:00
5623,INPROC_8D4B27,1,10,team2,Team 2 (E/W),40,80,15,♦,finished,2026-05-17T16:37:17.021590+00:00
5624,INPROC_F05DA2,1,10,team2,Team 2 (E/W),29,91,29,♥,finished,2026-05-17T16:37:17.035712+00:00
5625,INPROC_4E6F75,1,10,team1,Team 1 (N/S),73,47,12,♦,finished,2026-05-17T16:37:17.050157+00:00
5626,INPROC_6B60FE,1,10,team1,Team 1 (N/S),64,56,7,♣,finished,2026-05-17T16:37:17.066064+00:00
5627,INPROC_9FE13B,1,10,team2,Team 2 (E/W),45,75,1,♣,finished,2026-05-17T16:37:17.080931+00:00
5628,INPROC_8ED594,1,10,team2,Team 2 (E/W),56,64,36,♠,finished,2026-05-17T16:37:17.098944+00:00
5629,INPROC_A880DF,1,10,team2,Team 2 (E/W),29,91,14,♦,finished,2026-05-17T16:37:17.115404+00:00
5630,INPROC_77FFCD,1,10,team2,Team 2 (E/W),56,64,9,♣,finished,2026-05-17T16:37:17.131590+00:00
5631,INPROC_5D6D8B,1,10,team1,Team 1 (N/S),73,47,15,♦,finished,2026-05-17T16:37:17.147868+00:00
5632,INPROC_C901E4,1,10,team2,Team 2 (E/W),48,72,12,♦,finished,2026-05-17T16:37:17.163968+00:00
5633,INPROC_332C27,1,10,team2,Team 2 (E/W),50,70,22,♥,finished,2026-05-17T16:37:17.180082+00:00
5634,INPROC_76A7C6,1,10,team2,Team 2 (E/W),58,62,10,♦,finished,2026-05-17T16:37:17.194192+00:00
5635,INPROC_6E60B1,1,10,team1,Team 1 (N/S),77,43,10,♦,finished,2026-05-17T16:37:17.210865+00:00
5636,INPROC_6EB64E,1,10,team1,Team 1 (N/S),75,45,15,♦,finished,2026-05-17T16:37:17.227065+00:00
5637,INPROC_A527D2,1,10,team1,Team 1 (N/S),77,43,33,♠,finished,2026-05-17T16:37:17.243100+00:00
5638,INPROC_E39D03,1,10,team2,Team 2 (E/W),43,77,39,♠,finished,2026-05-17T16:37:17.258310+00:00
5639,INPROC_9C4D02,1,10,team1,Team 1 (N/S),66,54,11,♦,finished,2026-05-17T16:37:17.274549+00:00
5640,INPROC_B6E863,1,10,team1,Team 1 (N/S),77,43,30,♠,finished,2026-05-17T16:37:17.292303+00:00
5641,INPROC_D8A597,1,10,team1,Team 1 (N/S),89,31,23,♥,finished,2026-05-17T16:37:17.310176+00:00
5642,INPROC_0299CD,1,10,team1,Team 1 (N/S),86,34,28,♥,finished,2026-05-17T16:37:17.325014+00:00
5643,INPROC_8F5541,1,10,team2,Team 2 (E/W),28,92,13,♦,finished,2026-05-17T16:37:17.339980+00:00
5644,INPROC_1012B3,1,10,team2,Team 2 (E/W),34,86,12,♦,finished,2026-05-17T16:37:17.355809+00:00
5645,INPROC_FEF014,1,10,team1,Team 1 (N/S),63,57,1,♣,finished,2026-05-17T16:37:17.372305+00:00
5646,INPROC_AB3822,1,10,team2,Team 2 (E/W),45,75,29,♥,finished,2026-05-17T16:37:17.387828+00:00
5647,INPROC_130CFC,1,10,team2,Team 2 (E/W),54,66,18,♦,finished,2026-05-17T16:37:17.404379+00:00
5648,INPROC_8D5934,1,10,team1,Team 1 (N/S),87,33,5,♣,finished,2026-05-17T16:37:17.419125+00:00
5649,INPROC_6BFD8F,1,10,team1,Team 1 (N/S),68,52,38,♠,finished,2026-05-17T16:37:17.433809+00:00
5650,INPROC_FA2A73,1,10,team2,Team 2 (E/W),43,77,36,♠,finished,2026-05-17T16:37:17.449634+00:00
5651,INPROC_6529A9,1,10,team1,Team 1 (N/S),111,9,38,♠,finished,2026-05-17T16:37:17.465033+00:00
5652,INPROC_DA9185,1,10,team1,Team 1 (N/S),101,19,12,♦,finished,2026-05-17T16:37:17.481517+00:00
5653,INPROC_B77AB0,1,10,team2,Team 2 (E/W),3,117,26,♥,finished,2026-05-17T16:37:17.497005+00:00
5654,INPROC_F13078,1,10,team2,Team 2 (E/W),48,72,11,♦,finished,2026-05-17T16:37:17.512785+00:00
5655,INPROC_A7CCC0,1,10,team2,Team 2 (E/W),40,80,22,♥,finished,2026-05-17T16:37:17.527622+00:00
5656,INPROC_CEA770,1,10,team2,Team 2 (E/W),33,87,1,♣,finished,2026-05-17T16:37:17.544132+00:00
5657,INPROC_2E6283,1,10,team1,Team 1 (N/S),82,38,19,♦,finished,2026-05-17T16:37:17.558863+00:00
5658,INPROC_5E07FC,1,10,team2,Team 2 (E/W),56,64,15,♦,finished,2026-05-17T16:37:17.573083+00:00
5659,INPROC_1B2733,1,10,team2,Team 2 (E/W),43,77,9,♣,finished,2026-05-17T16:37:17.587154+00:00
5660,INPROC_348CEF,1,10,team1,Team 1 (N/S),73,47,30,♠,finished,2026-05-17T16:37:17.603488+00:00
5661,INPROC_792081,1,10,team2,Team 2 (E/W),32,88,15,♦,finished,2026-05-17T16:37:17.619775+00:00
5662,INPROC_63E84E,1,10,team2,Team 2 (E/W),51,69,37,♠,finished,2026-05-17T16:37:17.637151+00:00
5663,INPROC_C61E1B,1,10,team2,Team 2 (E/W),25,95,2,♣,finished,2026-05-17T16:37:17.654838+00:00
5664,INPROC_B4A592,1,10,team2,Team 2 (E/W),13,107,4,♣,finished,2026-05-17T16:37:17.671256+00:00
5665,INPROC_D96548,1,10,team2,Team 2 (E/W),37,83,35,♠,finished,2026-05-17T16:37:17.685621+00:00
5666,INPROC_55B50A,1,10,team1,Team 1 (N/S),91,29,2,♣,finished,2026-05-17T16:37:17.701085+00:00
5667,INPROC_FEAB3D,1,10,team2,Team 2 (E/W),54,66,0,♣,finished,2026-05-17T16:37:17.716693+00:00
5668,INPROC_7738EF,1,10,team1,Team 1 (N/S),70,50,32,♠,finished,2026-05-17T16:37:17.732284+00:00
5669,INPROC_B3471A,1,10,team1,Team 1 (N/S),78,42,21,♥,finished,2026-05-17T16:37:17.749145+00:00
5670,INPROC_8E558B,1,10,team2,Team 2 (E/W),30,90,19,♦,finished,2026-05-17T16:37:17.764627+00:00
5671,INPROC_F3BF43,1,10,team2,Team 2 (E/W),25,95,16,♦,finished,2026-05-17T16:37:17.779536+00:00
5672,INPROC_A57C88,1,10,team1,Team 1 (N/S),67,53,31,♠,finished,2026-05-17T16:37:17.795760+00:00
5673,INPROC_EA430E,1,10,team2,Team 2 (E/W),53,67,35,♠,finished,2026-05-17T16:37:17.812476+00:00
5674,INPROC_8ADD04,1,10,team2,Team 2 (E/W),41,79,9,♣,finished,2026-05-17T16:37:17.829379+00:00
5675,INPROC_9295A9,1,10,team2,Team 2 (E/W),42,78,16,♦,finished,2026-05-17T16:37:17.843900+00:00
5676,INPROC_53699E,1,10,team2,Team 2 (E/W),38,82,5,♣,finished,2026-05-17T16:37:17.858655+00:00
5677,INPROC_350779,1,10,team2,Team 2 (E/W),53,67,24,♥,finished,2026-05-17T16:37:17.874835+00:00
5678,INPROC_2CAB89,1,10,team2,Team 2 (E/W),17,103,16,♦,finished,2026-05-17T16:37:17.890401+00:00
5679,INPROC_DF7104,1,10,team2,Team 2 (E/W),53,67,28,♥,finished,2026-05-17T16:37:17.907598+00:00
5680,INPROC_A077DE,1,10,team2,Team 2 (E/W),36,84,15,♦,finished,2026-05-17T16:37:17.920012+00:00
5681,INPROC_0067B0,1,10,team1,Team 1 (N/S),71,49,8,♣,finished,2026-05-17T16:37:17.934940+00:00
5682,INPROC_145FB2,1,10,team2,Team 2 (E/W),43,77,36,♠,finished,2026-05-17T16:37:17.950827+00:00
5683,INPROC_486CF7,1,10,team2,Team 2 (E/W),34,86,28,♥,finished,2026-05-17T16:37:17.965669+00:00
5684,INPROC_629EF0,1,10,draw,draw,60,60,17,♦,finished,2026-05-17T16:37:17.982561+00:00
5685,INPROC_8A1F45,1,10,team2,Team 2 (E/W),58,62,16,♦,finished,2026-05-17T16:37:17.999266+00:00
5686,INPROC_BB8DC7,1,10,team1,Team 1 (N/S),116,4,21,♥,finished,2026-05-17T16:37:18.017398+00:00
5687,INPROC_61AED9,1,10,team2,Team 2 (E/W),52,68,20,♥,finished,2026-05-17T16:37:18.036338+00:00
5688,INPROC_2F2E7E,1,10,team1,Team 1 (N/S),75,45,11,♦,finished,2026-05-17T16:37:18.052708+00:00
5689,INPROC_1DEF9F,1,10,team2,Team 2 (E/W),42,78,11,♦,finished,2026-05-17T16:37:18.066848+00:00
5690,INPROC_4AB860,1,10,team2,Team 2 (E/W),35,85,7,♣,finished,2026-05-17T16:37:18.080585+00:00
5691,INPROC_5B136D,1,10,team2,Team 2 (E/W),39,81,8,♣,finished,2026-05-17T16:37:18.097164+00:00
5692,INPROC_5220F7,1,10,team1,Team 1 (N/S),75,45,34,♠,finished,2026-05-17T16:37:18.113540+00:00
5693,INPROC_6D684A,1,10,team2,Team 2 (E/W),40,80,37,♠,finished,2026-05-17T16:37:18.128831+00:00
5694,INPROC_87A25B,1,10,team2,Team 2 (E/W),48,72,6,♣,finished,2026-05-17T16:37:18.144375+00:00
5695,INPROC_24374A,1,10,team2,Team 2 (E/W),30,90,28,♥,finished,2026-05-17T16:37:18.159483+00:00
5696,INPROC_9D80F6,1,10,team1,Team 1 (N/S),86,34,10,♦,finished,2026-05-17T16:37:18.176667+00:00
5697,INPROC_6B2F98,1,10,team2,Team 2 (E/W),35,85,5,♣,finished,2026-05-17T16:37:18.193803+00:00
5698,INPROC_B07134,1,10,team1,Team 1 (N/S),64,56,10,♦,finished,2026-05-17T16:37:18.207858+00:00
5699,INPROC_10B27B,1,10,team1,Team 1 (N/S),72,48,9,♣,finished,2026-05-17T16:37:18.224359+00:00
5700,INPROC_B436EF,1,10,team1,Team 1 (N/S),71,49,26,♥,finished,2026-05-17T16:37:18.239301+00:00
5701,INPROC_D4387A,1,10,team1,Team 1 (N/S),71,49,6,♣,finished,2026-05-17T16:37:18.254824+00:00
5702,INPROC_AAD16A,1,10,team1,Team 1 (N/S),76,44,2,♣,finished,2026-05-17T16:37:18.269873+00:00
5703,INPROC_0D42E3,1,10,team1,Team 1 (N/S),88,32,26,♥,finished,2026-05-17T16:37:18.287466+00:00
5704,INPROC_1DBB58,1,10,team2,Team 2 (E/W),58,62,9,♣,finished,2026-05-17T16:37:18.302100+00:00
5705,INPROC_F28BB6,1,10,team2,Team 2 (E/W),17,103,39,♠,finished,2026-05-17T16:37:18.317365+00:00
5706,INPROC_ACB41E,1,10,team2,Team 2 (E/W),31,89,27,♥,finished,2026-05-17T16:37:18.334630+00:00
5707,INPROC_1A9388,1,10,team1,Team 1 (N/S),76,44,33,♠,finished,2026-05-17T16:37:18.352959+00:00
5708,INPROC_15246E,1,10,team1,Team 1 (N/S),120,0,22,♥,finished,2026-05-17T16:37:18.369863+00:00
5709,INPROC_3C9CDC,1,10,team2,Team 2 (E/W),39,81,11,♦,finished,2026-05-17T16:37:18.385153+00:00
5710,INPROC_42EBEA,1,10,team2,Team 2 (E/W),50,70,32,♠,finished,2026-05-17T16:37:18.400259+00:00
5711,INPROC_92867B,1,10,team2,Team 2 (E/W),23,97,3,♣,finished,2026-05-17T16:37:18.413422+00:00
5712,INPROC_569000,1,10,team1,Team 1 (N/S),98,22,16,♦,finished,2026-05-17T16:37:18.427009+00:00
5713,INPROC_7B907A,1,10,team2,Team 2 (E/W),48,72,0,♣,finished,2026-05-17T16:37:18.442927+00:00
5714,INPROC_CE4157,1,10,team1,Team 1 (N/S),77,43,6,♣,finished,2026-05-17T16:37:18.459300+00:00
5715,INPROC_BAB58F,1,10,team1,Team 1 (N/S),102,18,13,♦,finished,2026-05-17T16:37:18.475457+00:00
5716,INPROC_B4043E,1,10,team2,Team 2 (E/W),27,93,9,♣,finished,2026-05-17T16:37:18.492098+00:00
5717,INPROC_A9DC66,1,10,team1,Team 1 (N/S),63,57,17,♦,finished,2026-05-17T16:37:18.507975+00:00
5718,INPROC_BFD637,1,10,team2,Team 2 (E/W),48,72,3,♣,finished,2026-05-17T16:37:18.522919+00:00
5719,INPROC_23D970,1,10,team1,Team 1 (N/S),104,16,18,♦,finished,2026-05-17T16:37:18.538258+00:00
5720,INPROC_BC37F3,1,10,team1,Team 1 (N/S),104,16,15,♦,finished,2026-05-17T16:37:18.554056+00:00
5721,INPROC_EF6A36,1,10,team2,Team 2 (E/W),41,79,10,♦,finished,2026-05-17T16:37:18.568395+00:00
5722,INPROC_6341C8,1,10,team1,Team 1 (N/S),87,33,2,♣,finished,2026-05-17T16:37:18.584114+00:00
5723,INPROC_F51A55,1,10,team1,Team 1 (N/S),66,54,22,♥,finished,2026-05-17T16:37:18.601730+00:00
5724,INPROC_CA0772,1,10,team2,Team 2 (E/W),33,87,5,♣,finished,2026-05-17T16:37:18.617390+00:00
5725,INPROC_6FE90C,1,10,team1,Team 1 (N/S),93,27,33,♠,finished,2026-05-17T16:37:18.634162+00:00
5726,INPROC_CF152E,1,10,team1,Team 1 (N/S),69,51,31,♠,finished,2026-05-17T16:37:18.656988+00:00
5727,INPROC_526CB0,1,10,team2,Team 2 (E/W),46,74,9,♣,finished,2026-05-17T16:37:18.679866+00:00
5728,INPROC_95FF78,1,10,team2,Team 2 (E/W),54,66,9,♣,finished,2026-05-17T16:37:18.697850+00:00
5729,INPROC_853C1C,1,10,team2,Team 2 (E/W),57,63,36,♠,finished,2026-05-17T16:37:18.712116+00:00
5730,INPROC_F8E1D9,1,10,team1,Team 1 (N/S),71,49,15,♦,finished,2026-05-17T16:37:18.729963+00:00
5731,INPROC_8B59DF,1,10,team1,Team 1 (N/S),69,51,29,♥,finished,2026-05-17T16:37:18.745331+00:00
5732,INPROC_D86351,1,10,team2,Team 2 (E/W),32,88,38,♠,finished,2026-05-17T16:37:18.765254+00:00
5733,INPROC_6F8CEC,1,10,team1,Team 1 (N/S),106,14,34,♠,finished,2026-05-17T16:37:18.785829+00:00
5734,INPROC_753CBE,1,10,team2,Team 2 (E/W),47,73,5,♣,finished,2026-05-17T16:37:18.804359+00:00
5735,INPROC_38AA87,1,10,team1,Team 1 (N/S),79,41,14,♦,finished,2026-05-17T16:37:18.822079+00:00
5736,INPROC_72E736,1,10,team1,Team 1 (N/S),102,18,16,♦,finished,2026-05-17T16:37:18.837942+00:00
5737,INPROC_8FF38F,1,10,team1,Team 1 (N/S),73,47,22,♥,finished,2026-05-17T16:37:18.855570+00:00
5738,INPROC_06523D,1,10,team1,Team 1 (N/S),99,21,15,♦,finished,2026-05-17T16:37:18.871433+00:00
5739,INPROC_D0F11B,1,10,team2,Team 2 (E/W),32,88,20,♥,finished,2026-05-17T16:37:18.888225+00:00
5740,INPROC_AF8BA5,1,10,team2,Team 2 (E/W),36,84,6,♣,finished,2026-05-17T16:37:18.906675+00:00
5741,INPROC_0AFDC0,1,10,team1,Team 1 (N/S),102,18,26,♥,finished,2026-05-17T16:37:18.924227+00:00
5742,INPROC_C29AA6,1,10,team1,Team 1 (N/S),69,51,20,♥,finished,2026-05-17T16:37:18.942059+00:00
5743,INPROC_B342B3,1,10,team1,Team 1 (N/S),85,35,22,♥,finished,2026-05-17T16:37:18.957997+00:00
5744,INPROC_B147EE,1,10,team1,Team 1 (N/S),96,24,9,♣,finished,2026-05-17T16:37:18.973437+00:00
5745,INPROC_038A93,1,10,team2,Team 2 (E/W),40,80,36,♠,finished,2026-05-17T16:37:18.989230+00:00
5746,INPROC_179F60,1,10,team2,Team 2 (E/W),21,99,4,♣,finished,2026-05-17T16:37:19.006030+00:00
5747,INPROC_DD68C2,1,10,team1,Team 1 (N/S),74,46,19,♦,finished,2026-05-17T16:37:19.022239+00:00
5748,INPROC_88B37C,1,10,team2,Team 2 (E/W),44,76,10,♦,finished,2026-05-17T16:37:19.038057+00:00
5749,INPROC_11C4AA,1,10,team2,Team 2 (E/W),55,65,19,♦,finished,2026-05-17T16:37:19.056310+00:00
5750,INPROC_8CD382,1,10,team2,Team 2 (E/W),35,85,15,♦,finished,2026-05-17T16:37:19.071259+00:00
5751,INPROC_7EF6B7,1,10,team2,Team 2 (E/W),46,74,37,♠,finished,2026-05-17T16:37:19.087204+00:00
5752,INPROC_15CCAE,1,10,team2,Team 2 (E/W),59,61,21,♥,finished,2026-05-17T16:37:19.101906+00:00
5753,INPROC_B27638,1,10,team1,Team 1 (N/S),73,47,18,♦,finished,2026-05-17T16:37:19.114063+00:00
5754,INPROC_8AF034,1,10,team1,Team 1 (N/S),83,37,12,♦,finished,2026-05-17T16:37:19.131403+00:00
5755,INPROC_913684,1,10,team2,Team 2 (E/W),57,63,20,♥,finished,2026-05-17T16:37:19.148966+00:00
5756,INPROC_7D20B5,1,10,team2,Team 2 (E/W),16,104,19,♦,finished,2026-05-17T16:37:19.164612+00:00
5757,INPROC_EC1934,1,10,team1,Team 1 (N/S),106,14,0,♣,finished,2026-05-17T16:37:19.178944+00:00
5758,INPROC_5DA869,1,10,team2,Team 2 (E/W),45,75,39,♠,finished,2026-05-17T16:37:19.197172+00:00
5759,INPROC_3819C1,1,10,team2,Team 2 (E/W),59,61,39,♠,finished,2026-05-17T16:37:19.215218+00:00
5760,INPROC_749868,1,10,team2,Team 2 (E/W),23,97,23,♥,finished,2026-05-17T16:37:19.230888+00:00
5761,INPROC_25FCA6,1,10,team2,Team 2 (E/W),30,90,6,♣,finished,2026-05-17T16:37:19.246777+00:00
5762,INPROC_5F55FD,1,10,team2,Team 2 (E/W),19,101,28,♥,finished,2026-05-17T16:37:19.262551+00:00
5763,INPROC_01AA25,1,10,team2,Team 2 (E/W),25,95,23,♥,finished,2026-05-17T16:37:19.279349+00:00
5764,INPROC_D04D73,1,10,team1,Team 1 (N/S),73,47,25,♥,finished,2026-05-17T16:37:19.294514+00:00
5765,INPROC_DFE404,1,10,team2,Team 2 (E/W),38,82,33,♠,finished,2026-05-17T16:37:19.308438+00:00
5766,INPROC_F314D1,1,10,team1,Team 1 (N/S),83,37,10,♦,finished,2026-05-17T16:37:19.324153+00:00
5767,INPROC_2555C9,1,10,team2,Team 2 (E/W),54,66,29,♥,finished,2026-05-17T16:37:19.339167+00:00
5768,INPROC_3373CF,1,10,team1,Team 1 (N/S),84,36,3,♣,finished,2026-05-17T16:37:19.355509+00:00
5769,INPROC_0AE64A,1,10,team1,Team 1 (N/S),65,55,33,♠,finished,2026-05-17T16:37:19.371878+00:00
5770,INPROC_D71877,1,10,team1,Team 1 (N/S),88,32,18,♦,finished,2026-05-17T16:37:19.388042+00:00
5771,INPROC_E7A889,1,10,team1,Team 1 (N/S),87,33,2,♣,finished,2026-05-17T16:37:19.404351+00:00
5772,INPROC_E903A1,1,10,team2,Team 2 (E/W),23,97,20,♥,finished,2026-05-17T16:37:19.420355+00:00
5773,INPROC_07DDF3,1,10,team2,Team 2 (E/W),28,92,1,♣,finished,2026-05-17T16:37:19.435123+00:00
5774,INPROC_2988B2,1,10,team1,Team 1 (N/S),78,42,35,♠,finished,2026-05-17T16:37:19.450955+00:00
5775,INPROC_CD0BA3,1,10,team2,Team 2 (E/W),0,120,28,♥,finished,2026-05-17T16:37:19.467115+00:00
5776,INPROC_CA354F,1,10,team1,Team 1 (N/S),69,51,21,♥,finished,2026-05-17T16:37:19.483302+00:00
5777,INPROC_382C80,1,10,team2,Team 2 (E/W),49,71,25,♥,finished,2026-05-17T16:37:19.499170+00:00
5778,INPROC_E29B3E,1,10,team1,Team 1 (N/S),85,35,9,♣,finished,2026-05-17T16:37:19.515054+00:00
5779,INPROC_324255,1,10,team2,Team 2 (E/W),37,83,4,♣,finished,2026-05-17T16:37:19.532624+00:00
5780,INPROC_0C5BAC,1,10,team2,Team 2 (E/W),47,73,20,♥,finished,2026-05-17T16:37:19.546099+00:00
5781,INPROC_C4A402,1,10,team2,Team 2 (E/W),28,92,18,♦,finished,2026-05-17T16:37:19.559884+00:00
5782,INPROC_64656C,1,10,team2,Team 2 (E/W),45,75,35,♠,finished,2026-05-17T16:37:19.575624+00:00
5783,INPROC_E5E03D,1,10,team1,Team 1 (N/S),64,56,23,♥,finished,2026-05-17T16:37:19.589010+00:00
5784,INPROC_2FB7E9,1,10,team1,Team 1 (N/S),79,41,21,♥,finished,2026-05-17T16:37:19.603761+00:00
5785,INPROC_5D509F,1,10,team2,Team 2 (E/W),17,103,22,♥,finished,2026-05-17T16:37:19.620301+00:00
5786,INPROC_51FCC2,1,10,team2,Team 2 (E/W),49,71,29,♥,finished,2026-05-17T16:37:19.635788+00:00
5787,INPROC_022AB6,1,10,team1,Team 1 (N/S),81,39,28,♥,finished,2026-05-17T16:37:19.650486+00:00
5788,INPROC_31B67F,1,10,team1,Team 1 (N/S),90,30,6,♣,finished,2026-05-17T16:37:19.667258+00:00
5789,INPROC_0CCC71,1,10,team1,Team 1 (N/S),62,58,6,♣,finished,2026-05-17T16:37:19.682454+00:00
5790,INPROC_09AF36,1,10,team1,Team 1 (N/S),73,47,20,♥,finished,2026-05-17T16:37:19.699870+00:00
5791,INPROC_C24209,1,10,team1,Team 1 (N/S),68,52,8,♣,finished,2026-05-17T16:37:19.717667+00:00
5792,INPROC_44E4AC,1,10,team2,Team 2 (E/W),42,78,2,♣,finished,2026-05-17T16:37:19.730165+00:00
5793,INPROC_99D91A,1,10,team1,Team 1 (N/S),92,28,5,♣,finished,2026-05-17T16:37:19.744486+00:00
5794,INPROC_91AC74,1,10,team2,Team 2 (E/W),53,67,18,♦,finished,2026-05-17T16:37:19.760763+00:00
5795,INPROC_1328BB,1,10,team2,Team 2 (E/W),56,64,13,♦,finished,2026-05-17T16:37:19.778083+00:00
5796,INPROC_C99DFD,1,10,team1,Team 1 (N/S),74,46,31,♠,finished,2026-05-17T16:37:19.795984+00:00
5797,INPROC_54C4E4,1,10,team1,Team 1 (N/S),67,53,38,♠,finished,2026-05-17T16:37:19.813435+00:00
5798,INPROC_5A756C,1,10,team1,Team 1 (N/S),62,58,31,♠,finished,2026-05-17T16:37:19.827650+00:00
5799,INPROC_EBE497,1,10,team2,Team 2 (E/W),26,94,26,♥,finished,2026-05-17T16:37:19.844573+00:00
5800,INPROC_BDE6B0,1,10,team2,Team 2 (E/W),44,76,14,♦,finished,2026-05-17T16:37:19.860687+00:00
5801,INPROC_E71397,1,10,team2,Team 2 (E/W),28,92,39,♠,finished,2026-05-17T16:37:19.878640+00:00
5802,INPROC_71872B,1,10,team1,Team 1 (N/S),73,47,25,♥,finished,2026-05-17T16:37:19.894856+00:00
5803,INPROC_47D658,1,10,team1,Team 1 (N/S),82,38,12,♦,finished,2026-05-17T16:37:19.912410+00:00
5804,INPROC_D935D6,1,10,team2,Team 2 (E/W),21,99,29,♥,finished,2026-05-17T16:37:19.927429+00:00
5805,INPROC_DB8ABE,1,10,team2,Team 2 (E/W),33,87,32,♠,finished,2026-05-17T16:37:19.942454+00:00
5806,INPROC_BE9687,1,10,team2,Team 2 (E/W),27,93,33,♠,finished,2026-05-17T16:37:19.957441+00:00
5807,INPROC_F32254,1,10,team1,Team 1 (N/S),82,38,7,♣,finished,2026-05-17T16:37:19.971118+00:00
5808,INPROC_16A5AD,1,10,team2,Team 2 (E/W),47,73,17,♦,finished,2026-05-17T16:37:19.983659+00:00
5809,INPROC_CF822D,1,10,team2,Team 2 (E/W),20,100,27,♥,finished,2026-05-17T16:37:19.999419+00:00
5810,INPROC_8A5AD7,1,10,team1,Team 1 (N/S),75,45,32,♠,finished,2026-05-17T16:37:20.015847+00:00
5811,INPROC_5B7293,1,10,team2,Team 2 (E/W),36,84,11,♦,finished,2026-05-17T16:37:20.031582+00:00
5812,INPROC_06E216,1,10,team1,Team 1 (N/S),105,15,26,♥,finished,2026-05-17T16:37:20.047088+00:00
5813,INPROC_983B4E,1,10,team1,Team 1 (N/S),72,48,8,♣,finished,2026-05-17T16:37:20.062459+00:00
5814,INPROC_BA5DD5,1,10,team2,Team 2 (E/W),36,84,21,♥,finished,2026-05-17T16:37:20.077353+00:00
5815,INPROC_1BEF66,1,10,team1,Team 1 (N/S),94,26,2,♣,finished,2026-05-17T16:37:20.093134+00:00
5816,INPROC_944090,1,10,team1,Team 1 (N/S),104,16,22,♥,finished,2026-05-17T16:37:20.109845+00:00
5817,INPROC_97DA6C,1,10,team2,Team 2 (E/W),34,86,32,♠,finished,2026-05-17T16:37:20.125735+00:00
5818,INPROC_57F1A4,1,10,team1,Team 1 (N/S),105,15,22,♥,finished,2026-05-17T16:37:20.141384+00:00
5819,INPROC_C4A023,1,10,team1,Team 1 (N/S),79,41,7,♣,finished,2026-05-17T16:37:20.157720+00:00
5820,INPROC_158BAE,1,10,team2,Team 2 (E/W),45,75,27,♥,finished,2026-05-17T16:37:20.174235+00:00
5821,INPROC_B1B4CA,1,10,team1,Team 1 (N/S),79,41,28,♥,finished,2026-05-17T16:37:20.190222+00:00
5822,INPROC_9F7417,1,10,team2,Team 2 (E/W),57,63,8,♣,finished,2026-05-17T16:37:20.204092+00:00
5823,INPROC_66040C,1,10,team2,Team 2 (E/W),33,87,14,♦,finished,2026-05-17T16:37:20.219671+00:00
5824,INPROC_F61AC2,1,10,team2,Team 2 (E/W),32,88,37,♠,finished,2026-05-17T16:37:20.234470+00:00
5825,INPROC_9CA06B,1,10,team1,Team 1 (N/S),68,52,3,♣,finished,2026-05-17T16:37:20.248517+00:00
5826,INPROC_E4A97A,1,10,team1,Team 1 (N/S),65,55,29,♥,finished,2026-05-17T16:37:20.264092+00:00
5827,INPROC_40D20B,1,10,team1,Team 1 (N/S),120,0,15,♦,finished,2026-05-17T16:37:20.280354+00:00
5828,INPROC_40FEC4,1,10,team1,Team 1 (N/S),108,12,5,♣,finished,2026-05-17T16:37:20.296794+00:00
5829,INPROC_05D18C,1,10,team1,Team 1 (N/S),69,51,17,♦,finished,2026-05-17T16:37:20.314727+00:00
5830,INPROC_162F1D,1,10,team2,Team 2 (E/W),39,81,20,♥,finished,2026-05-17T16:37:20.330355+00:00
5831,INPROC_BE71D2,1,10,team2,Team 2 (E/W),37,83,19,♦,finished,2026-05-17T16:37:20.345519+00:00
5832,INPROC_70504A,1,10,team1,Team 1 (N/S),85,35,28,♥,finished,2026-05-17T16:37:20.361155+00:00
5833,INPROC_A0C54E,1,10,team2,Team 2 (E/W),58,62,34,♠,finished,2026-05-17T16:37:20.378075+00:00
5834,INPROC_9E6F09,1,10,team1,Team 1 (N/S),63,57,18,♦,finished,2026-05-17T16:37:20.394317+00:00
5835,INPROC_850800,1,10,team2,Team 2 (E/W),23,97,34,♠,finished,2026-05-17T16:37:20.411255+00:00
5836,INPROC_F5EA5A,1,10,team2,Team 2 (E/W),39,81,18,♦,finished,2026-05-17T16:37:20.425986+00:00
5837,INPROC_685ACA,1,10,team2,Team 2 (E/W),50,70,2,♣,finished,2026-05-17T16:37:20.441437+00:00
5838,INPROC_5C0123,1,10,team2,Team 2 (E/W),42,78,17,♦,finished,2026-05-17T16:37:20.455917+00:00
5839,INPROC_1C2EFF,1,10,team2,Team 2 (E/W),57,63,6,♣,finished,2026-05-17T16:37:20.470196+00:00
5840,INPROC_2A6BCF,1,10,team2,Team 2 (E/W),46,74,30,♠,finished,2026-05-17T16:37:20.486391+00:00
5841,INPROC_74357D,1,10,team1,Team 1 (N/S),66,54,19,♦,finished,2026-05-17T16:37:20.501960+00:00
5842,INPROC_2B8DFF,1,10,team2,Team 2 (E/W),34,86,30,♠,finished,2026-05-17T16:37:20.518444+00:00
5843,INPROC_E10C51,1,10,team2,Team 2 (E/W),49,71,5,♣,finished,2026-05-17T16:37:20.532973+00:00
5844,INPROC_E9E840,1,10,draw,draw,60,60,14,♦,finished,2026-05-17T16:37:20.548873+00:00
5845,INPROC_4BA1D4,1,10,team1,Team 1 (N/S),109,11,3,♣,finished,2026-05-17T16:37:20.563975+00:00
5846,INPROC_3DB132,1,10,team1,Team 1 (N/S),98,22,23,♥,finished,2026-05-17T16:37:20.581153+00:00
5847,INPROC_751926,1,10,team2,Team 2 (E/W),38,82,27,♥,finished,2026-05-17T16:37:20.596771+00:00
5848,INPROC_BFB204,1,10,team2,Team 2 (E/W),58,62,8,♣,finished,2026-05-17T16:37:20.612156+00:00
5849,INPROC_B04A9B,1,10,team2,Team 2 (E/W),55,65,2,♣,finished,2026-05-17T16:37:20.627669+00:00
5850,INPROC_D0CDB0,1,10,team2,Team 2 (E/W),41,79,1,♣,finished,2026-05-17T16:37:20.638746+00:00
5851,INPROC_B4B449,1,10,team2,Team 2 (E/W),45,75,33,♠,finished,2026-05-17T16:37:20.655637+00:00
5852,INPROC_ECE853,1,10,team2,Team 2 (E/W),32,88,12,♦,finished,2026-05-17T16:37:20.671424+00:00
5853,INPROC_6094B6,1,10,team2,Team 2 (E/W),47,73,5,♣,finished,2026-05-17T16:37:20.687152+00:00
5854,INPROC_27933B,1,10,team1,Team 1 (N/S),69,51,26,♥,finished,2026-05-17T16:37:20.702807+00:00
5855,INPROC_0D3406,1,10,team2,Team 2 (E/W),59,61,30,♠,finished,2026-05-17T16:37:20.718621+00:00
5856,INPROC_13EF2E,1,10,team2,Team 2 (E/W),10,110,0,♣,finished,2026-05-17T16:37:20.733726+00:00
5857,INPROC_02E2F9,1,10,team1,Team 1 (N/S),95,25,13,♦,finished,2026-05-17T16:37:20.743995+00:00
5858,INPROC_6E7171,1,10,team2,Team 2 (E/W),44,76,32,♠,finished,2026-05-17T16:37:20.758160+00:00
5859,INPROC_659A6E,1,10,team2,Team 2 (E/W),36,84,39,♠,finished,2026-05-17T16:37:20.773308+00:00
5860,INPROC_A8EA9E,1,10,team2,Team 2 (E/W),35,85,9,♣,finished,2026-05-17T16:37:20.788446+00:00
5861,INPROC_429C61,1,10,team1,Team 1 (N/S),88,32,7,♣,finished,2026-05-17T16:37:20.803360+00:00
5862,INPROC_2C8D3C,1,10,team1,Team 1 (N/S),74,46,13,♦,finished,2026-05-17T16:37:20.818800+00:00
5863,INPROC_6E17CA,1,10,team1,Team 1 (N/S),78,42,35,♠,finished,2026-05-17T16:37:20.834151+00:00
5864,INPROC_90B4AE,1,10,team2,Team 2 (E/W),56,64,6,♣,finished,2026-05-17T16:37:20.848032+00:00
5865,INPROC_0C287E,1,10,team2,Team 2 (E/W),34,86,22,♥,finished,2026-05-17T16:37:20.863146+00:00
5866,INPROC_A28992,1,10,team2,Team 2 (E/W),44,76,11,♦,finished,2026-05-17T16:37:20.876336+00:00
5867,INPROC_31564D,1,10,team1,Team 1 (N/S),72,48,24,♥,finished,2026-05-17T16:37:20.894462+00:00
5868,INPROC_424230,1,10,team1,Team 1 (N/S),87,33,13,♦,finished,2026-05-17T16:37:20.912293+00:00
5869,INPROC_327169,1,10,team2,Team 2 (E/W),25,95,18,♦,finished,2026-05-17T16:37:20.931483+00:00
5870,INPROC_34B4AF,1,10,team1,Team 1 (N/S),86,34,11,♦,finished,2026-05-17T16:37:20.949110+00:00
5871,INPROC_F53963,1,10,team2,Team 2 (E/W),43,77,12,♦,finished,2026-05-17T16:37:20.964323+00:00
5872,INPROC_DFD98E,1,10,team1,Team 1 (N/S),70,50,3,♣,finished,2026-05-17T16:37:20.979070+00:00
5873,INPROC_A5C4DB,1,10,team1,Team 1 (N/S),74,46,20,♥,finished,2026-05-17T16:37:20.994933+00:00
5874,INPROC_752913,1,10,team2,Team 2 (E/W),53,67,9,♣,finished,2026-05-17T16:37:21.011682+00:00
5875,INPROC_33D2EA,1,10,team1,Team 1 (N/S),86,34,27,♥,finished,2026-05-17T16:37:21.025548+00:00
5876,INPROC_E6CF2F,1,10,team1,Team 1 (N/S),100,20,23,♥,finished,2026-05-17T16:37:21.037986+00:00
5877,INPROC_70FC38,1,10,team2,Team 2 (E/W),32,88,23,♥,finished,2026-05-17T16:37:21.053201+00:00
5878,INPROC_A08532,1,10,team2,Team 2 (E/W),14,106,34,♠,finished,2026-05-17T16:37:21.068770+00:00
5879,INPROC_DE969F,1,10,team1,Team 1 (N/S),112,8,21,♥,finished,2026-05-17T16:37:21.082799+00:00
5880,INPROC_910686,1,10,team2,Team 2 (E/W),52,68,38,♠,finished,2026-05-17T16:37:21.097746+00:00
5881,INPROC_9262D4,1,10,team2,Team 2 (E/W),38,82,25,♥,finished,2026-05-17T16:37:21.112655+00:00
5882,INPROC_24881D,1,10,team1,Team 1 (N/S),63,57,10,♦,finished,2026-05-17T16:37:21.128343+00:00
5883,INPROC_35A3C5,1,10,team1,Team 1 (N/S),86,34,26,♥,finished,2026-05-17T16:37:21.144312+00:00
5884,INPROC_138EE3,1,10,team2,Team 2 (E/W),28,92,37,♠,finished,2026-05-17T16:37:21.157308+00:00
5885,INPROC_A55632,1,10,team1,Team 1 (N/S),81,39,33,♠,finished,2026-05-17T16:37:21.172304+00:00
5886,INPROC_40769E,1,10,team1,Team 1 (N/S),77,43,20,♥,finished,2026-05-17T16:37:21.190068+00:00
5887,INPROC_14DFD3,1,10,team2,Team 2 (E/W),56,64,32,♠,finished,2026-05-17T16:37:21.204831+00:00
5888,INPROC_14E5E7,1,10,draw,draw,60,60,22,♥,finished,2026-05-17T16:37:21.221519+00:00
5889,INPROC_D000A2,1,10,team2,Team 2 (E/W),36,84,29,♥,finished,2026-05-17T16:37:21.237072+00:00
5890,INPROC_7DD82B,1,10,team2,Team 2 (E/W),43,77,6,♣,finished,2026-05-17T16:37:21.252818+00:00
5891,INPROC_E3AC73,1,10,team1,Team 1 (N/S),89,31,7,♣,finished,2026-05-17T16:37:21.268769+00:00
5892,INPROC_48FE32,1,10,team1,Team 1 (N/S),72,48,22,♥,finished,2026-05-17T16:37:21.285503+00:00
5893,INPROC_D11EA3,1,10,team1,Team 1 (N/S),65,55,0,♣,finished,2026-05-17T16:37:21.301081+00:00
5894,INPROC_B6CAB8,1,10,team1,Team 1 (N/S),66,54,10,♦,finished,2026-05-17T16:37:21.315842+00:00
5895,INPROC_C75399,1,10,team2,Team 2 (E/W),32,88,29,♥,finished,2026-05-17T16:37:21.331076+00:00
5896,INPROC_0A36BE,1,10,team1,Team 1 (N/S),78,42,31,♠,finished,2026-05-17T16:37:21.346093+00:00
5897,INPROC_94A321,1,10,team1,Team 1 (N/S),89,31,34,♠,finished,2026-05-17T16:37:21.361708+00:00
5898,INPROC_A3D395,1,10,team2,Team 2 (E/W),59,61,32,♠,finished,2026-05-17T16:37:21.378533+00:00
5899,INPROC_FBAAAD,1,10,team2,Team 2 (E/W),50,70,10,♦,finished,2026-05-17T16:37:21.395153+00:00
5900,INPROC_27097A,1,10,team1,Team 1 (N/S),70,50,38,♠,finished,2026-05-17T16:37:21.412058+00:00
5901,INPROC_07C55F,1,10,team2,Team 2 (E/W),39,81,9,♣,finished,2026-05-17T16:37:21.427927+00:00
5902,INPROC_14F42A,1,10,team2,Team 2 (E/W),49,71,23,♥,finished,2026-05-17T16:37:21.444343+00:00
5903,INPROC_0BAE67,1,10,team1,Team 1 (N/S),76,44,1,♣,finished,2026-05-17T16:37:21.461177+00:00
5904,INPROC_C0FC05,1,10,team1,Team 1 (N/S),73,47,16,♦,finished,2026-05-17T16:37:21.479349+00:00
5905,INPROC_E0B3A6,1,10,team2,Team 2 (E/W),0,120,33,♠,finished,2026-05-17T16:37:21.493809+00:00
5906,INPROC_EC0008,1,10,team2,Team 2 (E/W),39,81,9,♣,finished,2026-05-17T16:37:21.507118+00:00
5907,INPROC_F57E43,1,10,team2,Team 2 (E/W),43,77,3,♣,finished,2026-05-17T16:37:21.524620+00:00
5908,INPROC_8538D5,1,10,team2,Team 2 (E/W),43,77,1,♣,finished,2026-05-17T16:37:21.540559+00:00
5909,INPROC_2496B3,1,10,team1,Team 1 (N/S),73,47,28,♥,finished,2026-05-17T16:37:21.557266+00:00
5910,INPROC_335334,1,10,team2,Team 2 (E/W),31,89,15,♦,finished,2026-05-17T16:37:21.574086+00:00
5911,INPROC_391669,1,10,draw,draw,60,60,33,♠,finished,2026-05-17T16:37:21.588616+00:00
5912,INPROC_3D583D,1,10,team1,Team 1 (N/S),68,52,14,♦,finished,2026-05-17T16:37:21.604295+00:00
5913,INPROC_A6DFF2,1,10,team1,Team 1 (N/S),73,47,5,♣,finished,2026-05-17T16:37:21.621750+00:00
5914,INPROC_75A544,1,10,team2,Team 2 (E/W),29,91,8,♣,finished,2026-05-17T16:37:21.638869+00:00
5915,INPROC_E67F4E,1,10,team1,Team 1 (N/S),93,27,33,♠,finished,2026-05-17T16:37:21.654950+00:00
5916,INPROC_740A90,1,10,team2,Team 2 (E/W),25,95,4,♣,finished,2026-05-17T16:37:21.670094+00:00
5917,INPROC_D46172,1,10,team2,Team 2 (E/W),26,94,33,♠,finished,2026-05-17T16:37:21.686025+00:00
5918,INPROC_F18999,1,10,team1,Team 1 (N/S),82,38,3,♣,finished,2026-05-17T16:37:21.703464+00:00
5919,INPROC_729677,1,10,team1,Team 1 (N/S),62,58,8,♣,finished,2026-05-17T16:37:21.719041+00:00
5920,INPROC_C4039C,1,10,team2,Team 2 (E/W),54,66,8,♣,finished,2026-05-17T16:37:21.735715+00:00
5921,INPROC_6E1E8C,1,10,team1,Team 1 (N/S),75,45,25,♥,finished,2026-05-17T16:37:21.751733+00:00
5922,INPROC_2544DA,1,10,team1,Team 1 (N/S),74,46,33,♠,finished,2026-05-17T16:37:21.767181+00:00
5923,INPROC_73B82A,1,10,team1,Team 1 (N/S),101,19,14,♦,finished,2026-05-17T16:37:21.781041+00:00
5924,INPROC_33F29B,1,10,team1,Team 1 (N/S),99,21,32,♠,finished,2026-05-17T16:37:21.798082+00:00
5925,INPROC_05A36B,1,10,team2,Team 2 (E/W),28,92,32,♠,finished,2026-05-17T16:37:21.817021+00:00
5926,INPROC_BEA229,1,10,team2,Team 2 (E/W),53,67,20,♥,finished,2026-05-17T16:37:21.835242+00:00
5927,INPROC_48594E,1,10,team1,Team 1 (N/S),65,55,33,♠,finished,2026-05-17T16:37:21.854996+00:00
5928,INPROC_A5B1DE,1,10,team2,Team 2 (E/W),20,100,36,♠,finished,2026-05-17T16:37:21.873437+00:00
5929,INPROC_121302,1,10,team2,Team 2 (E/W),50,70,19,♦,finished,2026-05-17T16:37:21.890573+00:00
5930,INPROC_F2FC6D,1,10,team1,Team 1 (N/S),88,32,33,♠,finished,2026-05-17T16:37:21.908568+00:00
5931,INPROC_DA620D,1,10,team2,Team 2 (E/W),22,98,36,♠,finished,2026-05-17T16:37:21.928480+00:00
5932,INPROC_0D9365,1,10,team2,Team 2 (E/W),33,87,37,♠,finished,2026-05-17T16:37:21.948024+00:00
5933,INPROC_065129,1,10,team1,Team 1 (N/S),70,50,11,♦,finished,2026-05-17T16:37:21.968150+00:00
5934,INPROC_7A683F,1,10,team2,Team 2 (E/W),46,74,3,♣,finished,2026-05-17T16:37:21.987029+00:00
5935,INPROC_4E881B,1,10,team1,Team 1 (N/S),77,43,23,♥,finished,2026-05-17T16:37:22.005103+00:00
5936,INPROC_29BA9F,1,10,team2,Team 2 (E/W),42,78,36,♠,finished,2026-05-17T16:37:22.024978+00:00
5937,INPROC_CF0DF5,1,10,team2,Team 2 (E/W),56,64,0,♣,finished,2026-05-17T16:37:22.044980+00:00
5938,INPROC_89D37C,1,10,team2,Team 2 (E/W),13,107,12,♦,finished,2026-05-17T16:37:22.062700+00:00
5939,INPROC_D09CB9,1,10,team1,Team 1 (N/S),78,42,13,♦,finished,2026-05-17T16:37:22.079474+00:00
5940,INPROC_B411EF,1,10,team2,Team 2 (E/W),42,78,15,♦,finished,2026-05-17T16:37:22.095388+00:00
5941,INPROC_B21819,1,10,team2,Team 2 (E/W),35,85,26,♥,finished,2026-05-17T16:37:22.112039+00:00
5942,INPROC_88C228,1,10,team1,Team 1 (N/S),61,59,26,♥,finished,2026-05-17T16:37:22.128926+00:00
5943,INPROC_A1908D,1,10,team2,Team 2 (E/W),28,92,17,♦,finished,2026-05-17T16:37:22.147082+00:00
5944,INPROC_57BB59,1,10,team2,Team 2 (E/W),14,106,25,♥,finished,2026-05-17T16:37:22.189757+00:00
5945,INPROC_17D990,1,10,team2,Team 2 (E/W),49,71,13,♦,finished,2026-05-17T16:37:22.208200+00:00
5946,INPROC_7A327B,1,10,team1,Team 1 (N/S),77,43,4,♣,finished,2026-05-17T16:37:22.228814+00:00
5947,INPROC_6A7383,1,10,team1,Team 1 (N/S),97,23,6,♣,finished,2026-05-17T16:37:22.245177+00:00
5948,INPROC_263264,1,10,team2,Team 2 (E/W),51,69,6,♣,finished,2026-05-17T16:37:22.260612+00:00
5949,INPROC_043B6E,1,10,team2,Team 2 (E/W),22,98,31,♠,finished,2026-05-17T16:37:22.276900+00:00
5950,INPROC_9CBF43,1,10,team2,Team 2 (E/W),52,68,3,♣,finished,2026-05-17T16:37:22.295111+00:00
5951,INPROC_6AD537,1,10,team2,Team 2 (E/W),32,88,14,♦,finished,2026-05-17T16:37:22.313277+00:00
5952,INPROC_DEA84D,1,10,team2,Team 2 (E/W),22,98,18,♦,finished,2026-05-17T16:37:22.329517+00:00
5953,INPROC_3647A9,1,10,team1,Team 1 (N/S),90,30,38,♠,finished,2026-05-17T16:37:22.346113+00:00
5954,INPROC_9D81C0,1,10,team1,Team 1 (N/S),89,31,22,♥,finished,2026-05-17T16:37:22.363957+00:00
5955,INPROC_596399,1,10,team2,Team 2 (E/W),55,65,38,♠,finished,2026-05-17T16:37:22.382276+00:00
5956,INPROC_AA471D,1,10,team1,Team 1 (N/S),62,58,11,♦,finished,2026-05-17T16:37:22.396673+00:00
5957,INPROC_E89113,1,10,team2,Team 2 (E/W),39,81,27,♥,finished,2026-05-17T16:37:22.412746+00:00
5958,INPROC_482669,1,10,team1,Team 1 (N/S),64,56,17,♦,finished,2026-05-17T16:37:22.430867+00:00
5959,INPROC_6A3330,1,10,team1,Team 1 (N/S),71,49,11,♦,finished,2026-05-17T16:37:22.447174+00:00
5960,INPROC_1F26E4,1,10,team1,Team 1 (N/S),71,49,30,♠,finished,2026-05-17T16:37:22.461824+00:00
5961,INPROC_56E5D7,1,10,team2,Team 2 (E/W),25,95,24,♥,finished,2026-05-17T16:37:22.477014+00:00
5962,INPROC_A7F1D2,1,10,team2,Team 2 (E/W),26,94,32,♠,finished,2026-05-17T16:37:22.492226+00:00
5963,INPROC_F57ED4,1,10,team1,Team 1 (N/S),82,38,16,♦,finished,2026-05-17T16:37:22.508992+00:00
5964,INPROC_F23661,1,10,team2,Team 2 (E/W),58,62,10,♦,finished,2026-05-17T16:37:22.524297+00:00
5965,INPROC_3F0473,1,10,team1,Team 1 (N/S),88,32,17,♦,finished,2026-05-17T16:37:22.540520+00:00
5966,INPROC_B91518,1,10,team2,Team 2 (E/W),30,90,7,♣,finished,2026-05-17T16:37:22.555975+00:00
5967,INPROC_E3B74C,1,10,team2,Team 2 (E/W),41,79,38,♠,finished,2026-05-17T16:37:22.571860+00:00
5968,INPROC_F3426F,1,10,team2,Team 2 (E/W),24,96,11,♦,finished,2026-05-17T16:37:22.587217+00:00
5969,INPROC_BCFDF2,1,10,team1,Team 1 (N/S),74,46,19,♦,finished,2026-05-17T16:37:22.601424+00:00
5970,INPROC_19FF10,1,10,team1,Team 1 (N/S),76,44,13,♦,finished,2026-05-17T16:37:22.616420+00:00
5971,INPROC_D95D43,1,10,team1,Team 1 (N/S),69,51,33,♠,finished,2026-05-17T16:37:22.630174+00:00
5972,INPROC_9785B4,1,10,team2,Team 2 (E/W),55,65,27,♥,finished,2026-05-17T16:37:22.646644+00:00
5973,INPROC_2A9F01,1,10,team1,Team 1 (N/S),118,2,32,♠,finished,2026-05-17T16:37:22.661978+00:00
5974,INPROC_734484,1,10,team2,Team 2 (E/W),42,78,38,♠,finished,2026-05-17T16:37:22.679600+00:00
5975,INPROC_309576,1,10,team2,Team 2 (E/W),34,86,19,♦,finished,2026-05-17T16:37:22.696100+00:00
5976,INPROC_4FCE73,1,10,team2,Team 2 (E/W),8,112,22,♥,finished,2026-05-17T16:37:22.711318+00:00
5977,INPROC_8578D7,1,10,team1,Team 1 (N/S),89,31,5,♣,finished,2026-05-17T16:37:22.724911+00:00
5978,INPROC_44E28B,1,10,team2,Team 2 (E/W),29,91,29,♥,finished,2026-05-17T16:37:22.740683+00:00
5979,INPROC_C6FEF1,1,10,team2,Team 2 (E/W),57,63,29,♥,finished,2026-05-17T16:37:22.757234+00:00
5980,INPROC_5E4020,1,10,team2,Team 2 (E/W),13,107,26,♥,finished,2026-05-17T16:37:22.773569+00:00
5981,INPROC_CDD1F6,1,10,team2,Team 2 (E/W),49,71,26,♥,finished,2026-05-17T16:37:22.788994+00:00
5982,INPROC_B86F90,1,10,team2,Team 2 (E/W),28,92,36,♠,finished,2026-05-17T16:37:22.804813+00:00
5983,INPROC_204370,1,10,team2,Team 2 (E/W),49,71,28,♥,finished,2026-05-17T16:37:22.820820+00:00
5984,INPROC_08E334,1,10,team1,Team 1 (N/S),64,56,38,♠,finished,2026-05-17T16:37:22.838283+00:00
5985,INPROC_C4C46A,1,10,team1,Team 1 (N/S),68,52,10,♦,finished,2026-05-17T16:37:22.855055+00:00
5986,INPROC_C7DF95,1,10,team2,Team 2 (E/W),54,66,19,♦,finished,2026-05-17T16:37:22.870815+00:00
5987,INPROC_42B9FE,1,10,team1,Team 1 (N/S),66,54,2,♣,finished,2026-05-17T16:37:22.886839+00:00
5988,INPROC_838BAA,1,10,team1,Team 1 (N/S),67,53,24,♥,finished,2026-05-17T16:37:22.903099+00:00
5989,INPROC_CECA22,1,10,team2,Team 2 (E/W),45,75,36,♠,finished,2026-05-17T16:37:22.921166+00:00
5990,INPROC_BEBD65,1,10,team2,Team 2 (E/W),38,82,29,♥,finished,2026-05-17T16:37:22.936972+00:00
5991,INPROC_EE9778,1,10,team2,Team 2 (E/W),53,67,18,♦,finished,2026-05-17T16:37:22.953155+00:00
5992,INPROC_FFBD93,1,10,team1,Team 1 (N/S),87,33,25,♥,finished,2026-05-17T16:37:22.969024+00:00
5993,INPROC_B185EF,1,10,team1,Team 1 (N/S),67,53,10,♦,finished,2026-05-17T16:37:22.985197+00:00
5994,INPROC_DA7D1B,1,10,team2,Team 2 (E/W),25,95,39,♠,finished,2026-05-17T16:37:23.001955+00:00
5995,INPROC_7A925A,1,10,team1,Team 1 (N/S),78,42,26,♥,finished,2026-05-17T16:37:23.018395+00:00
5996,INPROC_A4B0E0,1,10,team2,Team 2 (E/W),45,75,7,♣,finished,2026-05-17T16:37:23.032338+00:00
5997,INPROC_F6EF50,1,10,team1,Team 1 (N/S),96,24,31,♠,finished,2026-05-17T16:37:23.046222+00:00
5998,INPROC_0B8F5F,1,10,team2,Team 2 (E/W),48,72,23,♥,finished,2026-05-17T16:37:23.061329+00:00
5999,INPROC_AB092D,1,10,team2,Team 2 (E/W),46,74,38,♠,finished,2026-05-17T16:37:23.078330+00:00
6000,INPROC_E85478,1,10,team2,Team 2 (E/W),55,65,30,♠,finished,2026-05-17T16:37:23.095769+00:00
6001,INPROC_BE8B5F,1,10,team2,Team 2 (E/W),53,67,6,♣,finished,2026-05-17T16:37:23.112995+00:00
6002,INPROC_556973,1,10,team2,Team 2 (E/W),41,79,22,♥,finished,2026-05-17T16:37:23.127806+00:00
6003,INPROC_2D00F6,1,10,team2,Team 2 (E/W),57,63,15,♦,finished,2026-05-17T16:37:23.139989+00:00
6004,INPROC_259790,1,10,team2,Team 2 (E/W),52,68,1,♣,finished,2026-05-17T16:37:23.154301+00:00
6005,INPROC_3DEED5,1,10,team2,Team 2 (E/W),54,66,37,♠,finished,2026-05-17T16:37:23.169743+00:00
6006,INPROC_B0F4F4,1,10,team1,Team 1 (N/S),71,49,9,♣,finished,2026-05-17T16:37:23.184246+00:00
6007,INPROC_7600AB,1,10,team2,Team 2 (E/W),34,86,6,♣,finished,2026-05-17T16:37:23.199965+00:00
6008,INPROC_D0CF5B,1,10,team2,Team 2 (E/W),53,67,14,♦,finished,2026-05-17T16:37:23.215851+00:00
6009,INPROC_E51097,1,10,team1,Team 1 (N/S),65,55,3,♣,finished,2026-05-17T16:37:23.233796+00:00
6010,INPROC_36C6FB,1,10,team1,Team 1 (N/S),118,2,14,♦,finished,2026-05-17T16:37:23.248495+00:00
6011,INPROC_6B7F04,1,10,team1,Team 1 (N/S),62,58,4,♣,finished,2026-05-17T16:37:23.265335+00:00
6012,INPROC_F3F224,1,10,team2,Team 2 (E/W),56,64,17,♦,finished,2026-05-17T16:37:23.283651+00:00
6013,INPROC_26A0CD,1,10,team1,Team 1 (N/S),66,54,27,♥,finished,2026-05-17T16:37:23.300375+00:00
6014,INPROC_F74D62,1,10,draw,draw,60,60,34,♠,finished,2026-05-17T16:37:23.314769+00:00
6015,INPROC_038361,1,10,team1,Team 1 (N/S),82,38,36,♠,finished,2026-05-17T16:37:23.330438+00:00
6016,INPROC_E41623,1,10,team1,Team 1 (N/S),77,43,25,♥,finished,2026-05-17T16:37:23.344822+00:00
6017,INPROC_B714A1,1,10,draw,draw,60,60,37,♠,finished,2026-05-17T16:37:23.360308+00:00
6018,INPROC_E4D1B3,1,10,team2,Team 2 (E/W),53,67,19,♦,finished,2026-05-17T16:37:23.376182+00:00
6019,INPROC_79BC5D,1,10,team2,Team 2 (E/W),39,81,39,♠,finished,2026-05-17T16:37:23.391199+00:00
6020,INPROC_EDF006,1,10,team2,Team 2 (E/W),9,111,18,♦,finished,2026-05-17T16:37:23.406471+00:00
6021,INPROC_EC5AEA,1,10,team1,Team 1 (N/S),88,32,3,♣,finished,2026-05-17T16:37:23.423702+00:00
6022,INPROC_EB13EC,1,10,team2,Team 2 (E/W),38,82,3,♣,finished,2026-05-17T16:37:23.438189+00:00
6023,INPROC_9950CA,1,10,team1,Team 1 (N/S),61,59,25,♥,finished,2026-05-17T16:37:23.451996+00:00
6024,INPROC_CC44C8,1,10,team2,Team 2 (E/W),42,78,21,♥,finished,2026-05-17T16:37:23.468401+00:00
6025,INPROC_83F61C,1,10,team2,Team 2 (E/W),59,61,37,♠,finished,2026-05-17T16:37:23.483596+00:00
6026,INPROC_39B0EE,1,10,team2,Team 2 (E/W),0,120,15,♦,finished,2026-05-17T16:37:23.499289+00:00
6027,INPROC_A5F263,1,10,team1,Team 1 (N/S),86,34,26,♥,finished,2026-05-17T16:37:23.513549+00:00
6028,INPROC_A3CEAF,1,10,team2,Team 2 (E/W),41,79,24,♥,finished,2026-05-17T16:37:23.532186+00:00
6029,INPROC_6F8D62,1,10,team1,Team 1 (N/S),69,51,30,♠,finished,2026-05-17T16:37:23.548722+00:00
6030,INPROC_E29443,1,10,team2,Team 2 (E/W),55,65,34,♠,finished,2026-05-17T16:37:23.564677+00:00
6031,INPROC_265021,1,10,team2,Team 2 (E/W),23,97,26,♥,finished,2026-05-17T16:37:23.581421+00:00
6032,INPROC_E71419,1,10,team2,Team 2 (E/W),32,88,5,♣,finished,2026-05-17T16:37:23.599067+00:00
6033,INPROC_DD6B73,1,10,team1,Team 1 (N/S),63,57,34,♠,finished,2026-05-17T16:37:23.615859+00:00
6034,INPROC_97FC1C,1,10,team1,Team 1 (N/S),61,59,26,♥,finished,2026-05-17T16:37:23.629223+00:00
6035,INPROC_205F58,1,10,team1,Team 1 (N/S),64,56,25,♥,finished,2026-05-17T16:37:23.643910+00:00
6036,INPROC_9EB954,1,10,team2,Team 2 (E/W),56,64,22,♥,finished,2026-05-17T16:37:23.659383+00:00
6037,INPROC_98F4DF,1,10,team2,Team 2 (E/W),37,83,30,♠,finished,2026-05-17T16:37:23.675106+00:00
6038,INPROC_5749C2,1,10,team1,Team 1 (N/S),76,44,23,♥,finished,2026-05-17T16:37:23.690825+00:00
6039,INPROC_2F825F,1,10,team2,Team 2 (E/W),54,66,38,♠,finished,2026-05-17T16:37:23.707247+00:00
6040,INPROC_54E8D7,1,10,team1,Team 1 (N/S),75,45,30,♠,finished,2026-05-17T16:37:23.721841+00:00
6041,INPROC_A7E76E,1,10,team1,Team 1 (N/S),66,54,27,♥,finished,2026-05-17T16:37:23.736673+00:00
6042,INPROC_8664B7,1,10,team1,Team 1 (N/S),73,47,8,♣,finished,2026-05-17T16:37:23.752346+00:00
6043,INPROC_8D16DE,1,10,team1,Team 1 (N/S),71,49,18,♦,finished,2026-05-17T16:37:23.766400+00:00
6044,INPROC_AA3DA8,1,10,team2,Team 2 (E/W),45,75,37,♠,finished,2026-05-17T16:37:23.782772+00:00
6045,INPROC_D71A2B,1,10,team1,Team 1 (N/S),97,23,16,♦,finished,2026-05-17T16:37:23.800426+00:00
6046,INPROC_5C88F4,1,10,team2,Team 2 (E/W),56,64,26,♥,finished,2026-05-17T16:37:23.817013+00:00
6047,INPROC_8DD33E,1,10,team1,Team 1 (N/S),80,40,2,♣,finished,2026-05-17T16:37:23.833439+00:00
6048,INPROC_055889,1,10,team2,Team 2 (E/W),50,70,18,♦,finished,2026-05-17T16:37:23.849785+00:00
6049,INPROC_87C74F,1,10,team1,Team 1 (N/S),76,44,8,♣,finished,2026-05-17T16:37:23.868067+00:00
6050,INPROC_18A974,1,10,team1,Team 1 (N/S),86,34,7,♣,finished,2026-05-17T16:37:23.884260+00:00
6051,INPROC_5B0477,1,10,team2,Team 2 (E/W),9,111,39,♠,finished,2026-05-17T16:37:23.900914+00:00
6052,INPROC_142095,1,10,team1,Team 1 (N/S),107,13,3,♣,finished,2026-05-17T16:37:23.915270+00:00
6053,INPROC_564F25,1,10,team1,Team 1 (N/S),82,38,10,♦,finished,2026-05-17T16:37:23.932146+00:00
6054,INPROC_2F7DE9,1,10,team1,Team 1 (N/S),63,57,26,♥,finished,2026-05-17T16:37:23.948605+00:00
6055,INPROC_06FE52,1,10,team2,Team 2 (E/W),30,90,32,♠,finished,2026-05-17T16:37:23.965017+00:00
6056,INPROC_15C590,1,10,team1,Team 1 (N/S),75,45,20,♥,finished,2026-05-17T16:37:23.980568+00:00
6057,INPROC_6B0E1D,1,10,team2,Team 2 (E/W),50,70,35,♠,finished,2026-05-17T16:37:23.995830+00:00
6058,INPROC_1A0A71,1,10,team2,Team 2 (E/W),26,94,30,♠,finished,2026-05-17T16:37:24.011177+00:00
6059,INPROC_AEF8F0,1,10,team2,Team 2 (E/W),17,103,22,♥,finished,2026-05-17T16:37:24.025977+00:00
6060,INPROC_B218EF,1,10,team1,Team 1 (N/S),101,19,23,♥,finished,2026-05-17T16:37:24.041954+00:00
6061,INPROC_319E9A,1,10,team2,Team 2 (E/W),41,79,12,♦,finished,2026-05-17T16:37:24.056880+00:00
6062,INPROC_16D9A1,1,10,team1,Team 1 (N/S),62,58,39,♠,finished,2026-05-17T16:37:24.071534+00:00
6063,INPROC_43C82F,1,10,team2,Team 2 (E/W),10,110,39,♠,finished,2026-05-17T16:37:24.087381+00:00
6064,INPROC_3D466F,1,10,team2,Team 2 (E/W),52,68,24,♥,finished,2026-05-17T16:37:24.103038+00:00
6065,INPROC_C6B9CD,1,10,team2,Team 2 (E/W),58,62,1,♣,finished,2026-05-17T16:37:24.121259+00:00
6066,INPROC_5ECF5B,1,10,team1,Team 1 (N/S),92,28,25,♥,finished,2026-05-17T16:37:24.137791+00:00
6067,INPROC_F2A2BB,1,10,team1,Team 1 (N/S),74,46,4,♣,finished,2026-05-17T16:37:24.149856+00:00
6068,INPROC_0F5A30,1,10,team1,Team 1 (N/S),73,47,14,♦,finished,2026-05-17T16:37:24.165390+00:00
6069,INPROC_DE1636,1,10,team2,Team 2 (E/W),24,96,3,♣,finished,2026-05-17T16:37:24.180801+00:00
6070,INPROC_D1B25A,1,10,team2,Team 2 (E/W),30,90,26,♥,finished,2026-05-17T16:37:24.197379+00:00
6071,INPROC_2993ED,1,10,team2,Team 2 (E/W),37,83,8,♣,finished,2026-05-17T16:37:24.212658+00:00
6072,INPROC_B7C17B,1,10,team2,Team 2 (E/W),32,88,13,♦,finished,2026-05-17T16:37:24.227307+00:00
6073,INPROC_9979BE,1,10,team2,Team 2 (E/W),48,72,19,♦,finished,2026-05-17T16:37:24.242535+00:00
6074,INPROC_248ED5,1,10,team1,Team 1 (N/S),72,48,24,♥,finished,2026-05-17T16:37:24.257080+00:00
6075,INPROC_7E9BA3,1,10,team2,Team 2 (E/W),46,74,3,♣,finished,2026-05-17T16:37:24.272266+00:00
6076,INPROC_CF4B20,1,10,team2,Team 2 (E/W),57,63,32,♠,finished,2026-05-17T16:37:24.291105+00:00
6077,INPROC_844CC5,1,10,team1,Team 1 (N/S),70,50,9,♣,finished,2026-05-17T16:37:24.307021+00:00
6078,INPROC_CBF88D,1,10,team1,Team 1 (N/S),61,59,22,♥,finished,2026-05-17T16:37:24.324466+00:00
6079,INPROC_7D5C2D,1,10,team1,Team 1 (N/S),82,38,2,♣,finished,2026-05-17T16:37:24.342349+00:00
6080,INPROC_6DCA76,1,10,team1,Team 1 (N/S),104,16,4,♣,finished,2026-05-17T16:37:24.358774+00:00
6081,INPROC_9F2A58,1,10,team2,Team 2 (E/W),39,81,2,♣,finished,2026-05-17T16:37:24.373879+00:00
6082,INPROC_274474,1,10,team1,Team 1 (N/S),84,36,27,♥,finished,2026-05-17T16:37:24.388776+00:00
6083,INPROC_B5FC14,1,10,team2,Team 2 (E/W),45,75,25,♥,finished,2026-05-17T16:37:24.404017+00:00
6084,INPROC_B70D9A,1,10,team2,Team 2 (E/W),29,91,17,♦,finished,2026-05-17T16:37:24.418974+00:00
6085,INPROC_011E09,1,10,team1,Team 1 (N/S),79,41,32,♠,finished,2026-05-17T16:37:24.434902+00:00
6086,INPROC_08C097,1,10,team1,Team 1 (N/S),88,32,21,♥,finished,2026-05-17T16:37:24.451497+00:00
6087,INPROC_7659C8,1,10,team2,Team 2 (E/W),23,97,21,♥,finished,2026-05-17T16:37:24.466196+00:00
6088,INPROC_1B4934,1,10,team1,Team 1 (N/S),75,45,7,♣,finished,2026-05-17T16:37:24.478920+00:00
6089,INPROC_2B44FC,1,10,team2,Team 2 (E/W),55,65,28,♥,finished,2026-05-17T16:37:24.498217+00:00
6090,INPROC_C8A201,1,10,team1,Team 1 (N/S),111,9,12,♦,finished,2026-05-17T16:37:24.515385+00:00
6091,INPROC_CA41FF,1,10,team2,Team 2 (E/W),18,102,6,♣,finished,2026-05-17T16:37:24.530084+00:00
6092,INPROC_ED9EDD,1,10,team1,Team 1 (N/S),67,53,21,♥,finished,2026-05-17T16:37:24.546563+00:00
6093,INPROC_1A191B,1,10,team1,Team 1 (N/S),68,52,6,♣,finished,2026-05-17T16:37:24.562093+00:00
6094,INPROC_3A5927,1,10,team1,Team 1 (N/S),63,57,21,♥,finished,2026-05-17T16:37:24.577718+00:00
6095,INPROC_BDF1DB,1,10,team2,Team 2 (E/W),45,75,18,♦,finished,2026-05-17T16:37:24.595295+00:00
6096,INPROC_BE039F,1,10,team2,Team 2 (E/W),30,90,29,♥,finished,2026-05-17T16:37:24.610120+00:00
6097,INPROC_AF040D,1,10,team1,Team 1 (N/S),87,33,30,♠,finished,2026-05-17T16:37:24.623605+00:00
6098,INPROC_5D82F9,1,10,team2,Team 2 (E/W),53,67,6,♣,finished,2026-05-17T16:37:24.637905+00:00
6099,INPROC_CECB55,1,10,team1,Team 1 (N/S),75,45,21,♥,finished,2026-05-17T16:37:24.654356+00:00
6100,INPROC_2ED795,1,10,team2,Team 2 (E/W),24,96,15,♦,finished,2026-05-17T16:37:24.670002+00:00
6101,INPROC_FA8DA2,1,10,team1,Team 1 (N/S),80,40,16,♦,finished,2026-05-17T16:37:24.686584+00:00
6102,INPROC_1DC2BA,1,10,team1,Team 1 (N/S),77,43,17,♦,finished,2026-05-17T16:37:24.703787+00:00
6103,INPROC_4829DC,1,10,team2,Team 2 (E/W),43,77,32,♠,finished,2026-05-17T16:37:24.720100+00:00
6104,INPROC_A59402,1,10,team2,Team 2 (E/W),59,61,33,♠,finished,2026-05-17T16:37:24.735296+00:00
6105,INPROC_B99ED1,1,10,team2,Team 2 (E/W),30,90,33,♠,finished,2026-05-17T16:37:24.751882+00:00
6106,INPROC_27A8DD,1,10,team1,Team 1 (N/S),86,34,1,♣,finished,2026-05-17T16:37:24.768390+00:00
6107,INPROC_02F0D2,1,10,team2,Team 2 (E/W),59,61,12,♦,finished,2026-05-17T16:37:24.783518+00:00
6108,INPROC_9840C4,1,10,team2,Team 2 (E/W),39,81,6,♣,finished,2026-05-17T16:37:24.799094+00:00
6109,INPROC_367AF4,1,10,team2,Team 2 (E/W),35,85,28,♥,finished,2026-05-17T16:37:24.810520+00:00
6110,INPROC_31900D,1,10,team1,Team 1 (N/S),61,59,1,♣,finished,2026-05-17T16:37:24.826514+00:00
6111,INPROC_E044B2,1,10,team1,Team 1 (N/S),62,58,7,♣,finished,2026-05-17T16:37:24.843363+00:00
6112,INPROC_C5B32C,1,10,team1,Team 1 (N/S),90,30,20,♥,finished,2026-05-17T16:37:24.859102+00:00
6113,INPROC_054856,1,10,team2,Team 2 (E/W),52,68,10,♦,finished,2026-05-17T16:37:24.874262+00:00
6114,INPROC_20FC76,1,10,team2,Team 2 (E/W),53,67,39,♠,finished,2026-05-17T16:37:24.890220+00:00
6115,INPROC_EFA81E,1,10,team2,Team 2 (E/W),4,116,39,♠,finished,2026-05-17T16:37:24.906342+00:00
6116,INPROC_1FAD59,1,10,team1,Team 1 (N/S),66,54,30,♠,finished,2026-05-17T16:37:24.923126+00:00
6117,INPROC_6154B8,1,10,team2,Team 2 (E/W),57,63,15,♦,finished,2026-05-17T16:37:24.940508+00:00
6118,INPROC_591BA1,1,10,team2,Team 2 (E/W),49,71,0,♣,finished,2026-05-17T16:37:24.957632+00:00
6119,INPROC_7D1F53,1,10,team2,Team 2 (E/W),24,96,21,♥,finished,2026-05-17T16:37:24.974023+00:00
6120,INPROC_B7DAA5,1,10,team2,Team 2 (E/W),32,88,0,♣,finished,2026-05-17T16:37:24.991603+00:00
6121,INPROC_135D9C,1,10,team2,Team 2 (E/W),41,79,26,♥,finished,2026-05-17T16:37:25.009366+00:00
6122,INPROC_60C643,1,10,team1,Team 1 (N/S),75,45,16,♦,finished,2026-05-17T16:37:25.026957+00:00
6123,INPROC_881F86,1,10,team1,Team 1 (N/S),67,53,3,♣,finished,2026-05-17T16:37:25.043466+00:00
6124,INPROC_227E98,1,10,team1,Team 1 (N/S),105,15,32,♠,finished,2026-05-17T16:37:25.060998+00:00
6125,INPROC_6EC290,1,10,team1,Team 1 (N/S),68,52,28,♥,finished,2026-05-17T16:37:25.077958+00:00
6126,INPROC_61A42E,1,10,draw,draw,60,60,9,♣,finished,2026-05-17T16:37:25.095597+00:00
6127,INPROC_84D8D7,1,10,team1,Team 1 (N/S),85,35,32,♠,finished,2026-05-17T16:37:25.115683+00:00
6128,INPROC_D918A9,1,10,team2,Team 2 (E/W),50,70,27,♥,finished,2026-05-17T16:37:25.132090+00:00
6129,INPROC_7B1B58,1,10,team2,Team 2 (E/W),17,103,24,♥,finished,2026-05-17T16:37:25.149271+00:00
6130,INPROC_40F226,1,10,team2,Team 2 (E/W),55,65,0,♣,finished,2026-05-17T16:37:25.165951+00:00
6131,INPROC_1FD999,1,10,team2,Team 2 (E/W),21,99,38,♠,finished,2026-05-17T16:37:25.180247+00:00
6132,INPROC_46E343,1,10,team2,Team 2 (E/W),49,71,34,♠,finished,2026-05-17T16:37:25.196124+00:00
6133,INPROC_C7AFCD,1,10,team2,Team 2 (E/W),43,77,38,♠,finished,2026-05-17T16:37:25.209621+00:00
6134,INPROC_9D81CF,1,10,team2,Team 2 (E/W),43,77,26,♥,finished,2026-05-17T16:37:25.227408+00:00
6135,INPROC_5D3870,1,10,team2,Team 2 (E/W),45,75,18,♦,finished,2026-05-17T16:37:25.243116+00:00
6136,INPROC_66AE4D,1,10,team1,Team 1 (N/S),75,45,11,♦,finished,2026-05-17T16:37:25.259218+00:00
6137,INPROC_75E949,1,10,team2,Team 2 (E/W),35,85,24,♥,finished,2026-05-17T16:37:25.274306+00:00
6138,INPROC_7D3AA8,1,10,team2,Team 2 (E/W),58,62,21,♥,finished,2026-05-17T16:37:25.291742+00:00
6139,INPROC_348431,1,10,team2,Team 2 (E/W),42,78,29,♥,finished,2026-05-17T16:37:25.308582+00:00
6140,INPROC_3E0CD5,1,10,team1,Team 1 (N/S),100,20,37,♠,finished,2026-05-17T16:37:25.325610+00:00
6141,INPROC_86CCF4,1,10,team2,Team 2 (E/W),29,91,0,♣,finished,2026-05-17T16:37:25.342062+00:00
6142,INPROC_F573AD,1,10,team2,Team 2 (E/W),0,120,20,♥,finished,2026-05-17T16:37:25.358181+00:00
6143,INPROC_351F20,1,10,team2,Team 2 (E/W),51,69,37,♠,finished,2026-05-17T16:37:25.373258+00:00
6144,INPROC_F9532C,1,10,team2,Team 2 (E/W),47,73,20,♥,finished,2026-05-17T16:37:25.389845+00:00
6145,INPROC_AAE022,1,10,team1,Team 1 (N/S),97,23,5,♣,finished,2026-05-17T16:37:25.405458+00:00
6146,INPROC_F67872,1,10,team1,Team 1 (N/S),75,45,3,♣,finished,2026-05-17T16:37:25.420414+00:00
6147,INPROC_C7D998,1,10,team1,Team 1 (N/S),68,52,26,♥,finished,2026-05-17T16:37:25.436725+00:00
6148,INPROC_575CF9,1,10,team1,Team 1 (N/S),98,22,20,♥,finished,2026-05-17T16:37:25.453150+00:00
6149,INPROC_3646B6,1,10,team1,Team 1 (N/S),91,29,37,♠,finished,2026-05-17T16:37:25.468586+00:00
6150,INPROC_4ABA09,1,10,team2,Team 2 (E/W),55,65,13,♦,finished,2026-05-17T16:37:25.482910+00:00
6151,INPROC_7E02F6,1,10,team2,Team 2 (E/W),34,86,36,♠,finished,2026-05-17T16:37:25.501672+00:00
6152,INPROC_BBC84C,1,10,team1,Team 1 (N/S),74,46,5,♣,finished,2026-05-17T16:37:25.516186+00:00
6153,INPROC_72319D,1,10,team2,Team 2 (E/W),30,90,7,♣,finished,2026-05-17T16:37:25.531585+00:00
6154,INPROC_1FF020,1,10,team1,Team 1 (N/S),65,55,37,♠,finished,2026-05-17T16:37:25.546631+00:00
6155,INPROC_1FB535,1,10,team1,Team 1 (N/S),80,40,12,♦,finished,2026-05-17T16:37:25.561839+00:00
6156,INPROC_F93A07,1,10,team1,Team 1 (N/S),107,13,3,♣,finished,2026-05-17T16:37:25.577171+00:00
6157,INPROC_E16E2F,1,10,team2,Team 2 (E/W),38,82,21,♥,finished,2026-05-17T16:37:25.594298+00:00
6158,INPROC_FC4109,1,10,team1,Team 1 (N/S),102,18,23,♥,finished,2026-05-17T16:37:25.606499+00:00
6159,INPROC_E2A2C1,1,10,team2,Team 2 (E/W),48,72,39,♠,finished,2026-05-17T16:37:25.622142+00:00
6160,INPROC_CEA19D,1,10,team1,Team 1 (N/S),120,0,35,♠,finished,2026-05-17T16:37:25.647628+00:00
6161,INPROC_E90D7C,1,10,team1,Team 1 (N/S),108,12,3,♣,finished,2026-05-17T16:37:25.667109+00:00
6162,INPROC_5727D8,1,10,team2,Team 2 (E/W),20,100,39,♠,finished,2026-05-17T16:37:25.682353+00:00
6163,INPROC_5437E8,1,10,team2,Team 2 (E/W),36,84,27,♥,finished,2026-05-17T16:37:25.700283+00:00
6164,INPROC_DE4311,1,10,team2,Team 2 (E/W),32,88,16,♦,finished,2026-05-17T16:37:25.716231+00:00
6165,INPROC_E200A3,1,10,team2,Team 2 (E/W),58,62,28,♥,finished,2026-05-17T16:37:25.731658+00:00
6166,INPROC_8153C0,1,10,team1,Team 1 (N/S),68,52,20,♥,finished,2026-05-17T16:37:25.747365+00:00
6167,INPROC_8F0B12,1,10,team2,Team 2 (E/W),45,75,21,♥,finished,2026-05-17T16:37:25.764642+00:00
6168,INPROC_C168FC,1,10,team2,Team 2 (E/W),59,61,29,♥,finished,2026-05-17T16:37:25.783493+00:00
6169,INPROC_AB6DFB,1,10,team1,Team 1 (N/S),75,45,27,♥,finished,2026-05-17T16:37:25.800005+00:00
6170,INPROC_162A39,1,10,team2,Team 2 (E/W),43,77,30,♠,finished,2026-05-17T16:37:25.813860+00:00
6171,INPROC_B95F09,1,10,team2,Team 2 (E/W),35,85,36,♠,finished,2026-05-17T16:37:25.829826+00:00
6172,INPROC_48EDB4,1,10,team1,Team 1 (N/S),73,47,21,♥,finished,2026-05-17T16:37:25.843988+00:00
6173,INPROC_B0E668,1,10,team2,Team 2 (E/W),22,98,28,♥,finished,2026-05-17T16:37:25.858121+00:00
6174,INPROC_9EE57F,1,10,team1,Team 1 (N/S),104,16,37,♠,finished,2026-05-17T16:37:25.872935+00:00
6175,INPROC_6EE089,1,10,team1,Team 1 (N/S),67,53,22,♥,finished,2026-05-17T16:37:25.891585+00:00
6176,INPROC_86239F,1,10,team2,Team 2 (E/W),51,69,25,♥,finished,2026-05-17T16:37:25.906953+00:00
6177,INPROC_8D32A4,1,10,team1,Team 1 (N/S),75,45,35,♠,finished,2026-05-17T16:37:25.923068+00:00
6178,INPROC_0640F5,1,10,team1,Team 1 (N/S),64,56,17,♦,finished,2026-05-17T16:37:25.940488+00:00
6179,INPROC_2EB50C,1,10,team2,Team 2 (E/W),51,69,24,♥,finished,2026-05-17T16:37:25.957233+00:00
6180,INPROC_B31E4F,1,10,team1,Team 1 (N/S),63,57,33,♠,finished,2026-05-17T16:37:25.975361+00:00
6181,INPROC_7D99DF,1,10,team1,Team 1 (N/S),89,31,11,♦,finished,2026-05-17T16:37:25.992175+00:00
6182,INPROC_3334BC,1,10,team1,Team 1 (N/S),64,56,38,♠,finished,2026-05-17T16:37:26.011247+00:00
6183,INPROC_16860B,1,10,team1,Team 1 (N/S),69,51,28,♥,finished,2026-05-17T16:37:26.028027+00:00
6184,INPROC_0B2993,1,10,team2,Team 2 (E/W),43,77,28,♥,finished,2026-05-17T16:37:26.045004+00:00
6185,INPROC_ABF1B3,1,10,team2,Team 2 (E/W),21,99,5,♣,finished,2026-05-17T16:37:26.061239+00:00
6186,INPROC_338DC7,1,10,team2,Team 2 (E/W),28,92,20,♥,finished,2026-05-17T16:37:26.079144+00:00
6187,INPROC_732D82,1,10,team1,Team 1 (N/S),62,58,15,♦,finished,2026-05-17T16:37:26.093020+00:00
6188,INPROC_4B9CB8,1,10,team2,Team 2 (E/W),41,79,27,♥,finished,2026-05-17T16:37:26.109294+00:00
6189,INPROC_7F0921,1,10,team2,Team 2 (E/W),50,70,0,♣,finished,2026-05-17T16:37:26.123282+00:00
6190,INPROC_4C8B53,1,10,team1,Team 1 (N/S),65,55,38,♠,finished,2026-05-17T16:37:26.140539+00:00
6191,INPROC_987225,1,10,team1,Team 1 (N/S),81,39,17,♦,finished,2026-05-17T16:37:26.157287+00:00
6192,INPROC_AD2F4D,1,10,team2,Team 2 (E/W),37,83,23,♥,finished,2026-05-17T16:37:26.174129+00:00
6193,INPROC_FDF80D,1,10,team2,Team 2 (E/W),29,91,27,♥,finished,2026-05-17T16:37:26.187538+00:00
6194,INPROC_41170D,1,10,team2,Team 2 (E/W),41,79,37,♠,finished,2026-05-17T16:37:26.206013+00:00
6195,INPROC_45972A,1,10,team2,Team 2 (E/W),47,73,26,♥,finished,2026-05-17T16:37:26.221049+00:00
6196,INPROC_1205CF,1,10,team2,Team 2 (E/W),42,78,38,♠,finished,2026-05-17T16:37:26.235109+00:00
6197,INPROC_13BDD1,1,10,team1,Team 1 (N/S),90,30,37,♠,finished,2026-05-17T16:37:26.250610+00:00
6198,INPROC_22DA54,1,10,team2,Team 2 (E/W),11,109,24,♥,finished,2026-05-17T16:37:26.266029+00:00
6199,INPROC_2AA0CF,1,10,team1,Team 1 (N/S),64,56,9,♣,finished,2026-05-17T16:37:26.281312+00:00
6200,INPROC_02AC5F,1,10,team1,Team 1 (N/S),82,38,36,♠,finished,2026-05-17T16:37:26.293042+00:00
6201,INPROC_E2E374,1,10,team1,Team 1 (N/S),71,49,2,♣,finished,2026-05-17T16:37:26.310603+00:00
6202,INPROC_DABE9E,1,10,team1,Team 1 (N/S),96,24,16,♦,finished,2026-05-17T16:37:26.327757+00:00
6203,INPROC_5AF0C9,1,10,team1,Team 1 (N/S),81,39,4,♣,finished,2026-05-17T16:37:26.345259+00:00
6204,INPROC_F721B4,1,10,team2,Team 2 (E/W),32,88,31,♠,finished,2026-05-17T16:37:26.362049+00:00
6205,INPROC_EC9D28,1,10,team2,Team 2 (E/W),41,79,7,♣,finished,2026-05-17T16:37:26.379811+00:00
6206,INPROC_CDC759,1,10,team1,Team 1 (N/S),84,36,13,♦,finished,2026-05-17T16:37:26.395660+00:00
6207,INPROC_5DA97F,1,10,team2,Team 2 (E/W),31,89,2,♣,finished,2026-05-17T16:37:26.411524+00:00
6208,INPROC_A22886,1,10,team2,Team 2 (E/W),52,68,27,♥,finished,2026-05-17T16:37:26.426390+00:00
6209,INPROC_C97012,1,10,team1,Team 1 (N/S),68,52,32,♠,finished,2026-05-17T16:37:26.443157+00:00
6210,INPROC_88280B,1,10,team2,Team 2 (E/W),10,110,6,♣,finished,2026-05-17T16:37:26.459850+00:00
6211,INPROC_FF144E,1,10,team1,Team 1 (N/S),82,38,22,♥,finished,2026-05-17T16:37:26.476066+00:00
6212,INPROC_024B8B,1,10,team1,Team 1 (N/S),82,38,4,♣,finished,2026-05-17T16:37:26.489796+00:00
6213,INPROC_D11467,1,10,team2,Team 2 (E/W),41,79,12,♦,finished,2026-05-17T16:37:26.506143+00:00
6214,INPROC_2EB260,1,10,team2,Team 2 (E/W),47,73,29,♥,finished,2026-05-17T16:37:26.521342+00:00
6215,INPROC_E7F34B,1,10,team2,Team 2 (E/W),53,67,20,♥,finished,2026-05-17T16:37:26.537186+00:00
6216,INPROC_A9BC34,1,10,team2,Team 2 (E/W),45,75,13,♦,finished,2026-05-17T16:37:26.551955+00:00
6217,INPROC_F256D3,1,10,team1,Team 1 (N/S),72,48,37,♠,finished,2026-05-17T16:37:26.565681+00:00
6218,INPROC_CC883C,1,10,team2,Team 2 (E/W),44,76,11,♦,finished,2026-05-17T16:37:26.582695+00:00
6219,INPROC_68F1FB,1,10,team2,Team 2 (E/W),52,68,30,♠,finished,2026-05-17T16:37:26.597545+00:00
6220,INPROC_5C9F8D,1,10,team1,Team 1 (N/S),69,51,16,♦,finished,2026-05-17T16:37:26.614311+00:00
6221,INPROC_CAF43F,1,10,team1,Team 1 (N/S),74,46,11,♦,finished,2026-05-17T16:37:26.628956+00:00
6222,INPROC_69EC16,1,10,team1,Team 1 (N/S),81,39,30,♠,finished,2026-05-17T16:37:26.644645+00:00
6223,INPROC_50B9A5,1,10,team1,Team 1 (N/S),85,35,25,♥,finished,2026-05-17T16:37:26.660039+00:00
6224,INPROC_5C23D8,1,10,team1,Team 1 (N/S),67,53,12,♦,finished,2026-05-17T16:37:26.675959+00:00
6225,INPROC_3B8F56,1,10,team1,Team 1 (N/S),71,49,13,♦,finished,2026-05-17T16:37:26.692047+00:00
6226,INPROC_074F0B,1,10,team1,Team 1 (N/S),89,31,22,♥,finished,2026-05-17T16:37:26.708193+00:00
6227,INPROC_83B07F,1,10,team2,Team 2 (E/W),51,69,37,♠,finished,2026-05-17T16:37:26.724938+00:00
6228,INPROC_E5161F,1,10,team1,Team 1 (N/S),105,15,34,♠,finished,2026-05-17T16:37:26.741628+00:00
6229,INPROC_76B9A7,1,10,team1,Team 1 (N/S),106,14,32,♠,finished,2026-05-17T16:37:26.757801+00:00
6230,INPROC_1A682B,1,10,team1,Team 1 (N/S),65,55,22,♥,finished,2026-05-17T16:37:26.772817+00:00
6231,INPROC_CEB8E9,1,10,team1,Team 1 (N/S),81,39,18,♦,finished,2026-05-17T16:37:26.788245+00:00
6232,INPROC_2A2151,1,10,team1,Team 1 (N/S),64,56,32,♠,finished,2026-05-17T16:37:26.802871+00:00
6233,INPROC_22C003,1,10,team2,Team 2 (E/W),16,104,20,♥,finished,2026-05-17T16:37:26.817682+00:00
6234,INPROC_1530A0,1,10,team2,Team 2 (E/W),52,68,9,♣,finished,2026-05-17T16:37:26.835599+00:00
6235,INPROC_B10F8C,1,10,team1,Team 1 (N/S),62,58,13,♦,finished,2026-05-17T16:37:26.853676+00:00
6236,INPROC_6F0BF3,1,10,team2,Team 2 (E/W),24,96,7,♣,finished,2026-05-17T16:37:26.869090+00:00
6237,INPROC_BDB486,1,10,team2,Team 2 (E/W),58,62,25,♥,finished,2026-05-17T16:37:26.884872+00:00
6238,INPROC_09700F,1,10,team2,Team 2 (E/W),44,76,20,♥,finished,2026-05-17T16:37:26.896871+00:00
6239,INPROC_CC248F,1,10,team2,Team 2 (E/W),44,76,29,♥,finished,2026-05-17T16:37:26.909169+00:00
6240,INPROC_95BD39,1,10,team2,Team 2 (E/W),58,62,21,♥,finished,2026-05-17T16:37:26.922148+00:00
6241,INPROC_21693C,1,10,team1,Team 1 (N/S),78,42,9,♣,finished,2026-05-17T16:37:26.937042+00:00
6242,INPROC_49BECE,1,10,team2,Team 2 (E/W),53,67,35,♠,finished,2026-05-17T16:37:26.952758+00:00
6243,INPROC_40C3E5,1,10,team1,Team 1 (N/S),81,39,36,♠,finished,2026-05-17T16:37:26.969724+00:00
6244,INPROC_BFF8F4,1,10,team2,Team 2 (E/W),28,92,31,♠,finished,2026-05-17T16:37:26.986379+00:00
6245,INPROC_6336ED,1,10,team2,Team 2 (E/W),33,87,18,♦,finished,2026-05-17T16:37:27.003606+00:00
6246,INPROC_A4CEE4,1,10,team1,Team 1 (N/S),84,36,6,♣,finished,2026-05-17T16:37:27.022108+00:00
6247,INPROC_B4C562,1,10,team1,Team 1 (N/S),77,43,31,♠,finished,2026-05-17T16:37:27.038960+00:00
6248,INPROC_2BA211,1,10,team2,Team 2 (E/W),42,78,7,♣,finished,2026-05-17T16:37:27.055386+00:00
6249,INPROC_A69547,1,10,team1,Team 1 (N/S),71,49,20,♥,finished,2026-05-17T16:37:27.071552+00:00
6250,INPROC_7972DD,1,10,team2,Team 2 (E/W),45,75,28,♥,finished,2026-05-17T16:37:27.088431+00:00
6251,INPROC_E37AB9,1,10,team1,Team 1 (N/S),82,38,35,♠,finished,2026-05-17T16:37:27.103408+00:00
6252,INPROC_D383AE,1,10,draw,draw,60,60,16,♦,finished,2026-05-17T16:37:27.119523+00:00
6253,INPROC_AE938F,1,10,team2,Team 2 (E/W),10,110,28,♥,finished,2026-05-17T16:37:27.135712+00:00
6254,INPROC_D81D7A,1,10,team2,Team 2 (E/W),38,82,29,♥,finished,2026-05-17T16:37:27.153329+00:00
6255,INPROC_40471B,1,10,team1,Team 1 (N/S),64,56,39,♠,finished,2026-05-17T16:37:27.169680+00:00
6256,INPROC_47C427,1,10,team1,Team 1 (N/S),120,0,23,♥,finished,2026-05-17T16:37:27.185837+00:00
6257,INPROC_AE8B5C,1,10,team2,Team 2 (E/W),42,78,16,♦,finished,2026-05-17T16:37:27.201373+00:00
6258,INPROC_9A61E5,1,10,team1,Team 1 (N/S),82,38,35,♠,finished,2026-05-17T16:37:27.216861+00:00
6259,INPROC_49B7A1,1,10,team1,Team 1 (N/S),63,57,20,♥,finished,2026-05-17T16:37:27.229962+00:00
6260,INPROC_CA5B06,1,10,team2,Team 2 (E/W),54,66,27,♥,finished,2026-05-17T16:37:27.245352+00:00
6261,INPROC_3DEC53,1,10,team2,Team 2 (E/W),36,84,32,♠,finished,2026-05-17T16:37:27.261166+00:00
6262,INPROC_E56EC2,1,10,team2,Team 2 (E/W),49,71,6,♣,finished,2026-05-17T16:37:27.275940+00:00
6263,INPROC_9DE8BC,1,10,team1,Team 1 (N/S),79,41,9,♣,finished,2026-05-17T16:37:27.291061+00:00
6264,INPROC_A4275F,1,10,team2,Team 2 (E/W),48,72,12,♦,finished,2026-05-17T16:37:27.306646+00:00
6265,INPROC_C0307F,1,10,team2,Team 2 (E/W),32,88,19,♦,finished,2026-05-17T16:37:27.324925+00:00
6266,INPROC_3B7170,1,10,team1,Team 1 (N/S),74,46,31,♠,finished,2026-05-17T16:37:27.338727+00:00
6267,INPROC_5D57E5,1,10,team2,Team 2 (E/W),43,77,26,♥,finished,2026-05-17T16:37:27.353725+00:00
6268,INPROC_6A5A74,1,10,team2,Team 2 (E/W),41,79,24,♥,finished,2026-05-17T16:37:27.368646+00:00
6269,INPROC_799844,1,10,team2,Team 2 (E/W),2,118,39,♠,finished,2026-05-17T16:37:27.383603+00:00
6270,INPROC_036F7C,1,10,team1,Team 1 (N/S),96,24,27,♥,finished,2026-05-17T16:37:27.399944+00:00
6271,INPROC_3F042D,1,10,team2,Team 2 (E/W),34,86,5,♣,finished,2026-05-17T16:37:27.415158+00:00
6272,INPROC_0790A2,1,10,team2,Team 2 (E/W),55,65,19,♦,finished,2026-05-17T16:37:27.430835+00:00
6273,INPROC_C338CC,1,10,team2,Team 2 (E/W),40,80,33,♠,finished,2026-05-17T16:37:27.445567+00:00
6274,INPROC_8D7636,1,10,team2,Team 2 (E/W),55,65,2,♣,finished,2026-05-17T16:37:27.460791+00:00
6275,INPROC_D4F49D,1,10,team2,Team 2 (E/W),35,85,12,♦,finished,2026-05-17T16:37:27.476857+00:00
6276,INPROC_C61FC8,1,10,team2,Team 2 (E/W),22,98,39,♠,finished,2026-05-17T16:37:27.494484+00:00
6277,INPROC_EE1407,1,10,team2,Team 2 (E/W),56,64,28,♥,finished,2026-05-17T16:37:27.511468+00:00
6278,INPROC_BA9282,1,10,team2,Team 2 (E/W),36,84,11,♦,finished,2026-05-17T16:37:27.530152+00:00
6279,INPROC_2DAC3F,1,10,team1,Team 1 (N/S),73,47,8,♣,finished,2026-05-17T16:37:27.548217+00:00
6280,INPROC_3BC93D,1,10,team2,Team 2 (E/W),38,82,19,♦,finished,2026-05-17T16:37:27.567567+00:00
6281,INPROC_8C2C9D,1,10,team2,Team 2 (E/W),51,69,37,♠,finished,2026-05-17T16:37:27.586031+00:00
6282,INPROC_592508,1,10,team1,Team 1 (N/S),66,54,16,♦,finished,2026-05-17T16:37:27.604898+00:00
6283,INPROC_6F0DDF,1,10,team1,Team 1 (N/S),61,59,7,♣,finished,2026-05-17T16:37:27.624473+00:00
6284,INPROC_AC05EE,1,10,team2,Team 2 (E/W),35,85,22,♥,finished,2026-05-17T16:37:27.643166+00:00
6285,INPROC_A16928,1,10,team1,Team 1 (N/S),87,33,3,♣,finished,2026-05-17T16:37:27.659461+00:00
6286,INPROC_DBE9E3,1,10,team2,Team 2 (E/W),47,73,38,♠,finished,2026-05-17T16:37:27.675463+00:00
6287,INPROC_811826,1,10,draw,draw,60,60,5,♣,finished,2026-05-17T16:37:27.690375+00:00
6288,INPROC_966D51,1,10,team2,Team 2 (E/W),50,70,29,♥,finished,2026-05-17T16:37:27.706379+00:00
6289,INPROC_7834AB,1,10,team2,Team 2 (E/W),9,111,21,♥,finished,2026-05-17T16:37:27.721985+00:00
6290,INPROC_8E21F0,1,10,team2,Team 2 (E/W),42,78,31,♠,finished,2026-05-17T16:37:27.737328+00:00
6291,INPROC_D441F4,1,10,team1,Team 1 (N/S),84,36,16,♦,finished,2026-05-17T16:37:27.750954+00:00
6292,INPROC_E8AC20,1,10,team2,Team 2 (E/W),52,68,10,♦,finished,2026-05-17T16:37:27.769152+00:00
6293,INPROC_64CAEC,1,10,team1,Team 1 (N/S),72,48,3,♣,finished,2026-05-17T16:37:27.785062+00:00
6294,INPROC_3DDEBC,1,10,team2,Team 2 (E/W),29,91,23,♥,finished,2026-05-17T16:37:27.801578+00:00
6295,INPROC_D54CBB,1,10,team1,Team 1 (N/S),91,29,15,♦,finished,2026-05-17T16:37:27.818322+00:00
6296,INPROC_74B160,1,10,team1,Team 1 (N/S),81,39,1,♣,finished,2026-05-17T16:37:27.835079+00:00
6297,INPROC_717009,1,10,team2,Team 2 (E/W),46,74,12,♦,finished,2026-05-17T16:37:27.853763+00:00
6298,INPROC_AF9A5A,1,10,team2,Team 2 (E/W),52,68,10,♦,finished,2026-05-17T16:37:27.869980+00:00
6299,INPROC_83844D,1,10,team2,Team 2 (E/W),36,84,11,♦,finished,2026-05-17T16:37:27.886559+00:00
6300,INPROC_F00641,1,10,team2,Team 2 (E/W),52,68,30,♠,finished,2026-05-17T16:37:27.904601+00:00
6301,INPROC_AB09C8,1,10,team2,Team 2 (E/W),30,90,19,♦,finished,2026-05-17T16:37:27.922161+00:00
6302,INPROC_2DEFC1,1,10,team2,Team 2 (E/W),51,69,28,♥,finished,2026-05-17T16:37:27.935795+00:00
6303,INPROC_74AA93,1,10,team1,Team 1 (N/S),67,53,21,♥,finished,2026-05-17T16:37:27.953534+00:00
6304,INPROC_2114F0,1,10,team1,Team 1 (N/S),93,27,0,♣,finished,2026-05-17T16:37:27.971755+00:00
6305,INPROC_478F45,1,10,team2,Team 2 (E/W),53,67,34,♠,finished,2026-05-17T16:37:27.990945+00:00
6306,INPROC_8677C8,1,10,team2,Team 2 (E/W),46,74,5,♣,finished,2026-05-17T16:37:28.009813+00:00
6307,INPROC_A843B9,1,10,team2,Team 2 (E/W),11,109,32,♠,finished,2026-05-17T16:37:28.027838+00:00
6308,INPROC_1BD89B,1,10,team1,Team 1 (N/S),62,58,1,♣,finished,2026-05-17T16:37:28.046156+00:00
6309,INPROC_EAF8A1,1,10,team2,Team 2 (E/W),55,65,36,♠,finished,2026-05-17T16:37:28.062452+00:00
6310,INPROC_9E9BFA,1,10,team1,Team 1 (N/S),69,51,10,♦,finished,2026-05-17T16:37:28.080381+00:00
6311,INPROC_16E4DB,1,10,team1,Team 1 (N/S),62,58,16,♦,finished,2026-05-17T16:37:28.096870+00:00
6312,INPROC_478989,1,10,team2,Team 2 (E/W),36,84,34,♠,finished,2026-05-17T16:37:28.114709+00:00
6313,INPROC_D30EA3,1,10,team1,Team 1 (N/S),70,50,6,♣,finished,2026-05-17T16:37:28.130016+00:00
6314,INPROC_63B0D0,1,10,team1,Team 1 (N/S),70,50,3,♣,finished,2026-05-17T16:37:28.147081+00:00
6315,INPROC_212D89,1,10,team1,Team 1 (N/S),73,47,16,♦,finished,2026-05-17T16:37:28.163052+00:00
6316,INPROC_A119F7,1,10,team2,Team 2 (E/W),53,67,12,♦,finished,2026-05-17T16:37:28.179127+00:00
6317,INPROC_FF8B50,1,10,team2,Team 2 (E/W),37,83,8,♣,finished,2026-05-17T16:37:28.195289+00:00
6318,INPROC_AAC272,1,10,team1,Team 1 (N/S),80,40,17,♦,finished,2026-05-17T16:37:28.211331+00:00
6319,INPROC_62E5AC,1,10,team1,Team 1 (N/S),62,58,12,♦,finished,2026-05-17T16:37:28.230983+00:00
6320,INPROC_A8DBAC,1,10,team1,Team 1 (N/S),74,46,20,♥,finished,2026-05-17T16:37:28.265271+00:00
6321,INPROC_895BCD,1,10,team2,Team 2 (E/W),38,82,8,♣,finished,2026-05-17T16:37:28.287204+00:00
6322,INPROC_16D8AB,1,10,team2,Team 2 (E/W),19,101,0,♣,finished,2026-05-17T16:37:28.304862+00:00
6323,INPROC_251809,1,10,team1,Team 1 (N/S),77,43,15,♦,finished,2026-05-17T16:37:28.323735+00:00
6324,INPROC_60B963,1,10,team2,Team 2 (E/W),37,83,0,♣,finished,2026-05-17T16:37:28.334074+00:00
6325,INPROC_63BE92,1,10,team1,Team 1 (N/S),67,53,1,♣,finished,2026-05-17T16:37:28.349288+00:00
6326,INPROC_CC1110,1,10,team2,Team 2 (E/W),42,78,24,♥,finished,2026-05-17T16:37:28.363077+00:00
6327,INPROC_456C5F,1,10,team2,Team 2 (E/W),30,90,7,♣,finished,2026-05-17T16:37:28.378138+00:00
6328,INPROC_87302F,1,10,team1,Team 1 (N/S),67,53,23,♥,finished,2026-05-17T16:37:28.392866+00:00
6329,INPROC_693D74,1,10,team2,Team 2 (E/W),45,75,35,♠,finished,2026-05-17T16:37:28.410392+00:00
6330,INPROC_D46C95,1,10,team1,Team 1 (N/S),77,43,34,♠,finished,2026-05-17T16:37:28.424935+00:00
6331,INPROC_4BA6F7,1,10,team1,Team 1 (N/S),93,27,20,♥,finished,2026-05-17T16:37:28.441328+00:00
6332,INPROC_4DB4AF,1,10,team1,Team 1 (N/S),74,46,29,♥,finished,2026-05-17T16:37:28.457151+00:00
6333,INPROC_2DC8BB,1,10,team2,Team 2 (E/W),48,72,7,♣,finished,2026-05-17T16:37:28.472952+00:00
6334,INPROC_3022D5,1,10,team2,Team 2 (E/W),57,63,27,♥,finished,2026-05-17T16:37:28.489790+00:00
6335,INPROC_05440C,1,10,team2,Team 2 (E/W),29,91,36,♠,finished,2026-05-17T16:37:28.505636+00:00
6336,INPROC_A27D19,1,10,team2,Team 2 (E/W),47,73,18,♦,finished,2026-05-17T16:37:28.522589+00:00
6337,INPROC_B9F338,1,10,draw,draw,60,60,22,♥,finished,2026-05-17T16:37:28.538007+00:00
6338,INPROC_E09C02,1,10,team2,Team 2 (E/W),52,68,37,♠,finished,2026-05-17T16:37:28.555967+00:00
6339,INPROC_733392,1,10,team1,Team 1 (N/S),117,3,2,♣,finished,2026-05-17T16:37:28.571720+00:00
6340,INPROC_906B49,1,10,team1,Team 1 (N/S),77,43,1,♣,finished,2026-05-17T16:37:28.587868+00:00
6341,INPROC_CFBC54,1,10,team2,Team 2 (E/W),37,83,0,♣,finished,2026-05-17T16:37:28.602817+00:00
6342,INPROC_573D74,1,10,team2,Team 2 (E/W),55,65,4,♣,finished,2026-05-17T16:37:28.617179+00:00
6343,INPROC_5DE333,1,10,team2,Team 2 (E/W),39,81,19,♦,finished,2026-05-17T16:37:28.632971+00:00
6344,INPROC_7AE9BF,1,10,draw,draw,60,60,20,♥,finished,2026-05-17T16:37:28.648461+00:00
6345,INPROC_48ABB5,1,10,team1,Team 1 (N/S),65,55,6,♣,finished,2026-05-17T16:37:28.664779+00:00
6346,INPROC_AC04B0,1,10,team1,Team 1 (N/S),70,50,31,♠,finished,2026-05-17T16:37:28.681005+00:00
6347,INPROC_A636CC,1,10,team2,Team 2 (E/W),58,62,22,♥,finished,2026-05-17T16:37:28.698922+00:00
6348,INPROC_53C687,1,10,team2,Team 2 (E/W),33,87,10,♦,finished,2026-05-17T16:37:28.715075+00:00
6349,INPROC_FB8F30,1,10,team2,Team 2 (E/W),33,87,29,♥,finished,2026-05-17T16:37:28.729432+00:00
6350,INPROC_515BA0,1,10,team1,Team 1 (N/S),77,43,1,♣,finished,2026-05-17T16:37:28.745922+00:00
6351,INPROC_662055,1,10,team1,Team 1 (N/S),88,32,14,♦,finished,2026-05-17T16:37:28.761851+00:00
6352,INPROC_8ADA59,1,10,team1,Team 1 (N/S),87,33,16,♦,finished,2026-05-17T16:37:28.779861+00:00
6353,INPROC_9AA280,1,10,team1,Team 1 (N/S),68,52,3,♣,finished,2026-05-17T16:37:28.796491+00:00
6354,INPROC_ECE93A,1,10,team1,Team 1 (N/S),95,25,30,♠,finished,2026-05-17T16:37:28.813812+00:00
6355,INPROC_B31D71,1,10,team1,Team 1 (N/S),69,51,2,♣,finished,2026-05-17T16:37:28.827329+00:00
6356,INPROC_520CE9,1,10,team1,Team 1 (N/S),99,21,27,♥,finished,2026-05-17T16:37:28.842786+00:00
6357,INPROC_8D23B4,1,10,team2,Team 2 (E/W),36,84,10,♦,finished,2026-05-17T16:37:28.858977+00:00
6358,INPROC_CF23A9,1,10,team1,Team 1 (N/S),77,43,29,♥,finished,2026-05-17T16:37:28.874790+00:00
6359,INPROC_3D597B,1,10,team1,Team 1 (N/S),70,50,12,♦,finished,2026-05-17T16:37:28.891539+00:00
6360,INPROC_993F09,1,10,team2,Team 2 (E/W),43,77,11,♦,finished,2026-05-17T16:37:28.905235+00:00
6361,INPROC_71A729,1,10,team1,Team 1 (N/S),62,58,10,♦,finished,2026-05-17T16:37:28.919054+00:00
6362,INPROC_46C893,1,10,team1,Team 1 (N/S),77,43,20,♥,finished,2026-05-17T16:37:28.935044+00:00
6363,INPROC_DDADEC,1,10,team1,Team 1 (N/S),71,49,6,♣,finished,2026-05-17T16:37:28.950537+00:00
6364,INPROC_7AF5EA,1,10,team1,Team 1 (N/S),85,35,36,♠,finished,2026-05-17T16:37:28.963336+00:00
6365,INPROC_E2C191,1,10,team2,Team 2 (E/W),49,71,36,♠,finished,2026-05-17T16:37:28.976641+00:00
6366,INPROC_531470,1,10,team2,Team 2 (E/W),46,74,28,♥,finished,2026-05-17T16:37:28.993928+00:00
6367,INPROC_9F3144,1,10,team2,Team 2 (E/W),28,92,38,♠,finished,2026-05-17T16:37:29.011282+00:00
6368,INPROC_BC9F77,1,10,team1,Team 1 (N/S),106,14,34,♠,finished,2026-05-17T16:37:29.028637+00:00
6369,INPROC_C570B6,1,10,team2,Team 2 (E/W),34,86,14,♦,finished,2026-05-17T16:37:29.046133+00:00
6370,INPROC_5725ED,1,10,team1,Team 1 (N/S),90,30,19,♦,finished,2026-05-17T16:37:29.063083+00:00
6371,INPROC_FFC258,1,10,team1,Team 1 (N/S),91,29,0,♣,finished,2026-05-17T16:37:29.078853+00:00
6372,INPROC_87CF83,1,10,team2,Team 2 (E/W),54,66,22,♥,finished,2026-05-17T16:37:29.094834+00:00
6373,INPROC_F11326,1,10,team1,Team 1 (N/S),89,31,26,♥,finished,2026-05-17T16:37:29.108426+00:00
6374,INPROC_C443B5,1,10,team1,Team 1 (N/S),73,47,18,♦,finished,2026-05-17T16:37:29.122634+00:00
6375,INPROC_A648EB,1,10,team2,Team 2 (E/W),51,69,4,♣,finished,2026-05-17T16:37:29.136712+00:00
6376,INPROC_779A40,1,10,team1,Team 1 (N/S),90,30,3,♣,finished,2026-05-17T16:37:29.153174+00:00
6377,INPROC_E9BB6D,1,10,team2,Team 2 (E/W),52,68,7,♣,finished,2026-05-17T16:37:29.168033+00:00
6378,INPROC_CEE195,1,10,team2,Team 2 (E/W),47,73,3,♣,finished,2026-05-17T16:37:29.184376+00:00
6379,INPROC_FF2ACD,1,10,team2,Team 2 (E/W),46,74,24,♥,finished,2026-05-17T16:37:29.209155+00:00
6380,INPROC_0E57D2,1,10,team2,Team 2 (E/W),58,62,1,♣,finished,2026-05-17T16:37:29.228374+00:00
6381,INPROC_642642,1,10,team2,Team 2 (E/W),41,79,17,♦,finished,2026-05-17T16:37:29.247429+00:00
6382,INPROC_11E56A,1,10,team2,Team 2 (E/W),49,71,4,♣,finished,2026-05-17T16:37:29.264558+00:00
6383,INPROC_6C38C0,1,10,team2,Team 2 (E/W),3,117,9,♣,finished,2026-05-17T16:37:29.279750+00:00
6384,INPROC_8D443E,1,10,team1,Team 1 (N/S),89,31,34,♠,finished,2026-05-17T16:37:29.294204+00:00
6385,INPROC_F2E29A,1,10,team1,Team 1 (N/S),78,42,29,♥,finished,2026-05-17T16:37:29.309630+00:00
6386,INPROC_4C06C6,1,10,team2,Team 2 (E/W),34,86,0,♣,finished,2026-05-17T16:37:29.323712+00:00
6387,INPROC_156639,1,10,team1,Team 1 (N/S),62,58,16,♦,finished,2026-05-17T16:37:29.338956+00:00
6388,INPROC_64DF14,1,10,team2,Team 2 (E/W),17,103,19,♦,finished,2026-05-17T16:37:29.357377+00:00
6389,INPROC_5F7C06,1,10,team2,Team 2 (E/W),52,68,35,♠,finished,2026-05-17T16:37:29.371273+00:00
6390,INPROC_CFC06E,1,10,team1,Team 1 (N/S),88,32,20,♥,finished,2026-05-17T16:37:29.385547+00:00
6391,INPROC_A9677A,1,10,team2,Team 2 (E/W),30,90,2,♣,finished,2026-05-17T16:37:29.401362+00:00
6392,INPROC_5047D2,1,10,team2,Team 2 (E/W),40,80,20,♥,finished,2026-05-17T16:37:29.417495+00:00
6393,INPROC_A37E35,1,10,team1,Team 1 (N/S),71,49,25,♥,finished,2026-05-17T16:37:29.434333+00:00
6394,INPROC_DAFA8F,1,10,team2,Team 2 (E/W),22,98,38,♠,finished,2026-05-17T16:37:29.451262+00:00
6395,INPROC_BAA0AA,1,10,team2,Team 2 (E/W),58,62,21,♥,finished,2026-05-17T16:37:29.467056+00:00
6396,INPROC_934A99,1,10,team1,Team 1 (N/S),101,19,11,♦,finished,2026-05-17T16:37:29.482921+00:00
6397,INPROC_ED0407,1,10,team1,Team 1 (N/S),82,38,32,♠,finished,2026-05-17T16:37:29.500228+00:00
6398,INPROC_BA5259,1,10,team2,Team 2 (E/W),38,82,4,♣,finished,2026-05-17T16:37:29.518532+00:00
6399,INPROC_C8BFE4,1,10,team2,Team 2 (E/W),21,99,28,♥,finished,2026-05-17T16:37:29.535499+00:00
6400,INPROC_594969,1,10,team1,Team 1 (N/S),77,43,31,♠,finished,2026-05-17T16:37:29.550586+00:00
6401,INPROC_DEA424,1,10,team1,Team 1 (N/S),71,49,13,♦,finished,2026-05-17T16:37:29.566711+00:00
6402,INPROC_A8AEAF,1,10,team2,Team 2 (E/W),10,110,38,♠,finished,2026-05-17T16:37:29.582285+00:00
6403,INPROC_84D4A4,1,10,team2,Team 2 (E/W),21,99,18,♦,finished,2026-05-17T16:37:29.599648+00:00
6404,INPROC_605EA3,1,10,team2,Team 2 (E/W),52,68,8,♣,finished,2026-05-17T16:37:29.615623+00:00
6405,INPROC_F7E7A7,1,10,team1,Team 1 (N/S),109,11,38,♠,finished,2026-05-17T16:37:29.632790+00:00
6406,INPROC_9F7A92,1,10,team2,Team 2 (E/W),26,94,27,♥,finished,2026-05-17T16:37:29.647438+00:00
6407,INPROC_E766E0,1,10,team2,Team 2 (E/W),47,73,1,♣,finished,2026-05-17T16:37:29.662704+00:00
6408,INPROC_E8FF23,1,10,team2,Team 2 (E/W),31,89,10,♦,finished,2026-05-17T16:37:29.679451+00:00
6409,INPROC_8545E6,1,10,team1,Team 1 (N/S),67,53,14,♦,finished,2026-05-17T16:37:29.695997+00:00
6410,INPROC_5D4B14,1,10,team1,Team 1 (N/S),64,56,3,♣,finished,2026-05-17T16:37:29.711832+00:00
6411,INPROC_699670,1,10,team2,Team 2 (E/W),18,102,17,♦,finished,2026-05-17T16:37:29.730190+00:00
6412,INPROC_B41659,1,10,team2,Team 2 (E/W),26,94,9,♣,finished,2026-05-17T16:37:29.748901+00:00
6413,INPROC_9B23BA,1,10,team2,Team 2 (E/W),58,62,5,♣,finished,2026-05-17T16:37:29.765638+00:00
6414,INPROC_6EFB6C,1,10,team1,Team 1 (N/S),96,24,32,♠,finished,2026-05-17T16:37:29.783392+00:00
6415,INPROC_0CDC83,1,10,team2,Team 2 (E/W),40,80,31,♠,finished,2026-05-17T16:37:29.800276+00:00
6416,INPROC_407762,1,10,team1,Team 1 (N/S),70,50,34,♠,finished,2026-05-17T16:37:29.813811+00:00
6417,INPROC_BC82BD,1,10,team1,Team 1 (N/S),94,26,39,♠,finished,2026-05-17T16:37:29.831949+00:00
6418,INPROC_86CA36,1,10,team1,Team 1 (N/S),66,54,3,♣,finished,2026-05-17T16:37:29.847946+00:00
6419,INPROC_BD7D58,1,10,team2,Team 2 (E/W),54,66,17,♦,finished,2026-05-17T16:37:29.862946+00:00
6420,INPROC_238F90,1,10,team2,Team 2 (E/W),34,86,33,♠,finished,2026-05-17T16:37:29.879171+00:00
6421,INPROC_91AA4F,1,10,team2,Team 2 (E/W),24,96,24,♥,finished,2026-05-17T16:37:29.894571+00:00
6422,INPROC_EC4638,1,10,team2,Team 2 (E/W),41,79,24,♥,finished,2026-05-17T16:37:29.911426+00:00
6423,INPROC_4DE3DC,1,10,team2,Team 2 (E/W),57,63,30,♠,finished,2026-05-17T16:37:29.928377+00:00
6424,INPROC_9FB7A8,1,10,team1,Team 1 (N/S),71,49,16,♦,finished,2026-05-17T16:37:29.946387+00:00
6425,INPROC_3CA945,1,10,team1,Team 1 (N/S),70,50,2,♣,finished,2026-05-17T16:37:29.962272+00:00
6426,INPROC_19F835,1,10,team2,Team 2 (E/W),53,67,11,♦,finished,2026-05-17T16:37:29.979247+00:00
6427,INPROC_B9172B,1,10,team2,Team 2 (E/W),15,105,8,♣,finished,2026-05-17T16:37:29.996309+00:00
6428,INPROC_CD0E11,1,10,team2,Team 2 (E/W),56,64,10,♦,finished,2026-05-17T16:37:30.013331+00:00
6429,INPROC_0A6228,1,10,team2,Team 2 (E/W),46,74,1,♣,finished,2026-05-17T16:37:30.033262+00:00
6430,INPROC_9925E1,1,10,team1,Team 1 (N/S),63,57,35,♠,finished,2026-05-17T16:37:30.051604+00:00
6431,INPROC_FDAE2C,1,10,team1,Team 1 (N/S),64,56,30,♠,finished,2026-05-17T16:37:30.071240+00:00
6432,INPROC_A3FF18,1,10,team2,Team 2 (E/W),32,88,10,♦,finished,2026-05-17T16:37:30.091306+00:00
6433,INPROC_82AEF5,1,10,team1,Team 1 (N/S),87,33,33,♠,finished,2026-05-17T16:37:30.110813+00:00
6434,INPROC_713727,1,10,team2,Team 2 (E/W),18,102,15,♦,finished,2026-05-17T16:37:30.127510+00:00
6435,INPROC_FB8575,1,10,team2,Team 2 (E/W),42,78,23,♥,finished,2026-05-17T16:37:30.145701+00:00
6436,INPROC_57FFF9,1,10,team1,Team 1 (N/S),105,15,10,♦,finished,2026-05-17T16:37:30.164060+00:00
6437,INPROC_DB97F3,1,10,team1,Team 1 (N/S),104,16,21,♥,finished,2026-05-17T16:37:30.186065+00:00
6438,INPROC_A6C54E,1,10,team1,Team 1 (N/S),66,54,19,♦,finished,2026-05-17T16:37:30.204756+00:00
6439,INPROC_44ACCB,1,10,team2,Team 2 (E/W),51,69,15,♦,finished,2026-05-17T16:37:30.222008+00:00
6440,INPROC_32A8BF,1,10,team2,Team 2 (E/W),39,81,39,♠,finished,2026-05-17T16:37:30.240922+00:00
6441,INPROC_E3E23E,1,10,team2,Team 2 (E/W),49,71,25,♥,finished,2026-05-17T16:37:30.260458+00:00
6442,INPROC_28A12A,1,10,team2,Team 2 (E/W),58,62,36,♠,finished,2026-05-17T16:37:30.279392+00:00
6443,INPROC_747321,1,10,team1,Team 1 (N/S),92,28,11,♦,finished,2026-05-17T16:37:30.297552+00:00
6444,INPROC_CAAB34,1,10,team2,Team 2 (E/W),34,86,26,♥,finished,2026-05-17T16:37:30.317072+00:00
6445,INPROC_09AB44,1,10,team2,Team 2 (E/W),51,69,13,♦,finished,2026-05-17T16:37:30.332928+00:00
6446,INPROC_3A016B,1,10,team1,Team 1 (N/S),63,57,9,♣,finished,2026-05-17T16:37:30.348619+00:00
6447,INPROC_7A9C35,1,10,team2,Team 2 (E/W),59,61,12,♦,finished,2026-05-17T16:37:30.366051+00:00
6448,INPROC_0E9149,1,10,team2,Team 2 (E/W),45,75,23,♥,finished,2026-05-17T16:37:30.383250+00:00
6449,INPROC_57B159,1,10,team2,Team 2 (E/W),5,115,9,♣,finished,2026-05-17T16:37:30.400779+00:00
6450,INPROC_8DD778,1,10,team1,Team 1 (N/S),70,50,14,♦,finished,2026-05-17T16:37:30.417896+00:00
6451,INPROC_65E53C,1,10,team1,Team 1 (N/S),63,57,37,♠,finished,2026-05-17T16:37:30.435581+00:00
6452,INPROC_C34ACF,1,10,team1,Team 1 (N/S),62,58,21,♥,finished,2026-05-17T16:37:30.452055+00:00
6453,INPROC_97AFA1,1,10,team1,Team 1 (N/S),67,53,16,♦,finished,2026-05-17T16:37:30.467814+00:00
6454,INPROC_A0738E,1,10,team2,Team 2 (E/W),42,78,8,♣,finished,2026-05-17T16:37:30.485061+00:00
6455,INPROC_954105,1,10,team1,Team 1 (N/S),61,59,28,♥,finished,2026-05-17T16:37:30.500564+00:00
6456,INPROC_71588C,1,10,team1,Team 1 (N/S),72,48,37,♠,finished,2026-05-17T16:37:30.517242+00:00
6457,INPROC_C02932,1,10,team1,Team 1 (N/S),89,31,25,♥,finished,2026-05-17T16:37:30.535175+00:00
6458,INPROC_D1A815,1,10,team1,Team 1 (N/S),65,55,35,♠,finished,2026-05-17T16:37:30.553322+00:00
6459,INPROC_9CC2DB,1,10,team1,Team 1 (N/S),96,24,10,♦,finished,2026-05-17T16:37:30.567841+00:00
6460,INPROC_263228,1,10,team2,Team 2 (E/W),52,68,33,♠,finished,2026-05-17T16:37:30.583012+00:00
6461,INPROC_68D6B3,1,10,team2,Team 2 (E/W),49,71,28,♥,finished,2026-05-17T16:37:30.597749+00:00
6462,INPROC_481796,1,10,team2,Team 2 (E/W),42,78,17,♦,finished,2026-05-17T16:37:30.613558+00:00
6463,INPROC_A3B381,1,10,team2,Team 2 (E/W),31,89,32,♠,finished,2026-05-17T16:37:30.628591+00:00
6464,INPROC_A46DBB,1,10,team1,Team 1 (N/S),81,39,18,♦,finished,2026-05-17T16:37:30.645982+00:00
6465,INPROC_22817C,1,10,team1,Team 1 (N/S),69,51,38,♠,finished,2026-05-17T16:37:30.660570+00:00
6466,INPROC_FD4FD2,1,10,team2,Team 2 (E/W),28,92,33,♠,finished,2026-05-17T16:37:30.675577+00:00
6467,INPROC_EAED56,1,10,team2,Team 2 (E/W),55,65,11,♦,finished,2026-05-17T16:37:30.691677+00:00
6468,INPROC_26F1EE,1,10,team1,Team 1 (N/S),108,12,15,♦,finished,2026-05-17T16:37:30.707722+00:00
6469,INPROC_26B491,1,10,team2,Team 2 (E/W),48,72,34,♠,finished,2026-05-17T16:37:30.724028+00:00
6470,INPROC_DC29E1,1,10,team1,Team 1 (N/S),94,26,2,♣,finished,2026-05-17T16:37:30.739991+00:00
6471,INPROC_CAFA65,1,10,team1,Team 1 (N/S),80,40,33,♠,finished,2026-05-17T16:37:30.755723+00:00
6472,INPROC_EDE52F,1,10,team2,Team 2 (E/W),0,120,2,♣,finished,2026-05-17T16:37:30.768278+00:00
6473,INPROC_B597C2,1,10,team1,Team 1 (N/S),64,56,17,♦,finished,2026-05-17T16:37:30.784031+00:00
6474,INPROC_134B0F,1,10,team2,Team 2 (E/W),21,99,7,♣,finished,2026-05-17T16:37:30.799697+00:00
6475,INPROC_6400F4,1,10,team1,Team 1 (N/S),73,47,11,♦,finished,2026-05-17T16:37:30.817352+00:00
6476,INPROC_D06F6F,1,10,team1,Team 1 (N/S),70,50,16,♦,finished,2026-05-17T16:37:30.832909+00:00
6477,INPROC_BC469B,1,10,team2,Team 2 (E/W),25,95,13,♦,finished,2026-05-17T16:37:30.849601+00:00
6478,INPROC_FA1123,1,10,team2,Team 2 (E/W),58,62,21,♥,finished,2026-05-17T16:37:30.867220+00:00
6479,INPROC_860D7B,1,10,team1,Team 1 (N/S),73,47,2,♣,finished,2026-05-17T16:37:30.883872+00:00
6480,INPROC_43831F,1,10,team2,Team 2 (E/W),51,69,6,♣,finished,2026-05-17T16:37:30.899213+00:00
6481,INPROC_CD5B01,1,10,team2,Team 2 (E/W),25,95,6,♣,finished,2026-05-17T16:37:30.914181+00:00
6482,INPROC_6D5708,1,10,team2,Team 2 (E/W),35,85,20,♥,finished,2026-05-17T16:37:30.930338+00:00
6483,INPROC_AEE37A,1,10,team2,Team 2 (E/W),35,85,13,♦,finished,2026-05-17T16:37:30.946084+00:00
6484,INPROC_72A142,1,10,team2,Team 2 (E/W),0,120,9,♣,finished,2026-05-17T16:37:30.963823+00:00
6485,INPROC_D681E0,1,10,team2,Team 2 (E/W),56,64,2,♣,finished,2026-05-17T16:37:30.981035+00:00
6486,INPROC_A8AEF2,1,10,team1,Team 1 (N/S),65,55,11,♦,finished,2026-05-17T16:37:30.997744+00:00
6487,INPROC_D4142E,1,10,team1,Team 1 (N/S),89,31,12,♦,finished,2026-05-17T16:37:31.012561+00:00
6488,INPROC_4ED533,1,10,team1,Team 1 (N/S),86,34,1,♣,finished,2026-05-17T16:37:31.027660+00:00
6489,INPROC_2C66B2,1,10,team2,Team 2 (E/W),42,78,23,♥,finished,2026-05-17T16:37:31.044150+00:00
6490,INPROC_00DEA6,1,10,team2,Team 2 (E/W),45,75,23,♥,finished,2026-05-17T16:37:31.063490+00:00
6491,INPROC_7A1FE4,1,10,team2,Team 2 (E/W),35,85,36,♠,finished,2026-05-17T16:37:31.082810+00:00
6492,INPROC_30F2C6,1,10,team1,Team 1 (N/S),65,55,4,♣,finished,2026-05-17T16:37:31.100478+00:00
6493,INPROC_8C6E16,1,10,team2,Team 2 (E/W),46,74,17,♦,finished,2026-05-17T16:37:31.118989+00:00
6494,INPROC_BB015C,1,10,team2,Team 2 (E/W),53,67,27,♥,finished,2026-05-17T16:37:31.136911+00:00
6495,INPROC_7115D2,1,10,team1,Team 1 (N/S),106,14,5,♣,finished,2026-05-17T16:37:31.154759+00:00
6496,INPROC_431C94,1,10,team2,Team 2 (E/W),36,84,0,♣,finished,2026-05-17T16:37:31.168988+00:00
6497,INPROC_6787AB,1,10,team1,Team 1 (N/S),80,40,2,♣,finished,2026-05-17T16:37:31.185205+00:00
6498,INPROC_15B11D,1,10,team2,Team 2 (E/W),36,84,16,♦,finished,2026-05-17T16:37:31.202081+00:00
6499,INPROC_D28D74,1,10,team1,Team 1 (N/S),67,53,5,♣,finished,2026-05-17T16:37:31.219908+00:00
6500,INPROC_94AC9C,1,10,team2,Team 2 (E/W),59,61,26,♥,finished,2026-05-17T16:37:31.237454+00:00
6501,INPROC_8B970F,1,10,team2,Team 2 (E/W),34,86,9,♣,finished,2026-05-17T16:37:31.253023+00:00
6502,INPROC_102A2F,1,10,team2,Team 2 (E/W),57,63,20,♥,finished,2026-05-17T16:37:31.270251+00:00
6503,INPROC_AD4587,1,10,team1,Team 1 (N/S),70,50,4,♣,finished,2026-05-17T16:37:31.287460+00:00
6504,INPROC_7FEEC9,1,10,team2,Team 2 (E/W),49,71,12,♦,finished,2026-05-17T16:37:31.303959+00:00
6505,INPROC_9D737E,1,10,team2,Team 2 (E/W),32,88,20,♥,finished,2026-05-17T16:37:31.319094+00:00
6506,INPROC_96D269,1,10,team2,Team 2 (E/W),22,98,32,♠,finished,2026-05-17T16:37:31.335883+00:00
6507,INPROC_2478D9,1,10,team2,Team 2 (E/W),22,98,13,♦,finished,2026-05-17T16:37:31.350970+00:00
6508,INPROC_41F27B,1,10,team2,Team 2 (E/W),35,85,25,♥,finished,2026-05-17T16:37:31.367216+00:00
6509,INPROC_908AAB,1,10,team1,Team 1 (N/S),66,54,28,♥,finished,2026-05-17T16:37:31.382901+00:00
6510,INPROC_80F952,1,10,team2,Team 2 (E/W),26,94,25,♥,finished,2026-05-17T16:37:31.398190+00:00
6511,INPROC_873E2E,1,10,team2,Team 2 (E/W),49,71,13,♦,finished,2026-05-17T16:37:31.410585+00:00
6512,INPROC_ED0AD9,1,10,team2,Team 2 (E/W),36,84,8,♣,finished,2026-05-17T16:37:31.424945+00:00
6513,INPROC_0BD34A,1,10,draw,draw,60,60,9,♣,finished,2026-05-17T16:37:31.440894+00:00
6514,INPROC_435381,1,10,team2,Team 2 (E/W),42,78,10,♦,finished,2026-05-17T16:37:31.457387+00:00
6515,INPROC_62A8C7,1,10,team1,Team 1 (N/S),92,28,22,♥,finished,2026-05-17T16:37:31.473433+00:00
6516,INPROC_17AD1B,1,10,team1,Team 1 (N/S),99,21,18,♦,finished,2026-05-17T16:37:31.487097+00:00
6517,INPROC_F2EF35,1,10,team1,Team 1 (N/S),82,38,20,♥,finished,2026-05-17T16:37:31.502498+00:00
6518,INPROC_CE8DEA,1,10,team2,Team 2 (E/W),50,70,7,♣,finished,2026-05-17T16:37:31.515778+00:00
6519,INPROC_F10355,1,10,team2,Team 2 (E/W),18,102,38,♠,finished,2026-05-17T16:37:31.531489+00:00
6520,INPROC_119195,1,10,team1,Team 1 (N/S),90,30,13,♦,finished,2026-05-17T16:37:31.546746+00:00
6521,INPROC_5EA6DD,1,10,team1,Team 1 (N/S),80,40,1,♣,finished,2026-05-17T16:37:31.562755+00:00
6522,INPROC_572B82,1,10,team2,Team 2 (E/W),58,62,36,♠,finished,2026-05-17T16:37:31.580003+00:00
6523,INPROC_013805,1,10,team1,Team 1 (N/S),72,48,29,♥,finished,2026-05-17T16:37:31.597149+00:00
6524,INPROC_BBE91E,1,10,team2,Team 2 (E/W),41,79,0,♣,finished,2026-05-17T16:37:31.612944+00:00
6525,INPROC_5108FA,1,10,team2,Team 2 (E/W),42,78,2,♣,finished,2026-05-17T16:37:31.628160+00:00
6526,INPROC_42A99D,1,10,team1,Team 1 (N/S),90,30,12,♦,finished,2026-05-17T16:37:31.642226+00:00
6527,INPROC_4478AE,1,10,team1,Team 1 (N/S),120,0,32,♠,finished,2026-05-17T16:37:31.655567+00:00
6528,INPROC_FAD200,1,10,team2,Team 2 (E/W),44,76,27,♥,finished,2026-05-17T16:37:31.671784+00:00
6529,INPROC_B9A6D7,1,10,team2,Team 2 (E/W),16,104,16,♦,finished,2026-05-17T16:37:31.686903+00:00
6530,INPROC_C204AB,1,10,team2,Team 2 (E/W),26,94,13,♦,finished,2026-05-17T16:37:31.702501+00:00
6531,INPROC_6B9194,1,10,team2,Team 2 (E/W),22,98,34,♠,finished,2026-05-17T16:37:31.717786+00:00
6532,INPROC_9F079E,1,10,team2,Team 2 (E/W),35,85,32,♠,finished,2026-05-17T16:37:31.733161+00:00
6533,INPROC_6F0524,1,10,team1,Team 1 (N/S),87,33,33,♠,finished,2026-05-17T16:37:31.747534+00:00
6534,INPROC_C58B86,1,10,team2,Team 2 (E/W),39,81,4,♣,finished,2026-05-17T16:37:31.762639+00:00
6535,INPROC_E6860C,1,10,team1,Team 1 (N/S),93,27,26,♥,finished,2026-05-17T16:37:31.776695+00:00
6536,INPROC_A86F46,1,10,team2,Team 2 (E/W),40,80,22,♥,finished,2026-05-17T16:37:31.791462+00:00
6537,INPROC_C57F8A,1,10,team2,Team 2 (E/W),26,94,28,♥,finished,2026-05-17T16:37:31.808247+00:00
6538,INPROC_D266CD,1,10,team1,Team 1 (N/S),62,58,17,♦,finished,2026-05-17T16:37:31.824113+00:00
6539,INPROC_F05DA1,1,10,team1,Team 1 (N/S),100,20,27,♥,finished,2026-05-17T16:37:31.839362+00:00
6540,INPROC_26B4B2,1,10,team1,Team 1 (N/S),120,0,32,♠,finished,2026-05-17T16:37:31.855332+00:00
6541,INPROC_C5BC2F,1,10,team1,Team 1 (N/S),78,42,10,♦,finished,2026-05-17T16:37:31.870825+00:00
6542,INPROC_2D1BB5,1,10,team2,Team 2 (E/W),57,63,31,♠,finished,2026-05-17T16:37:31.885801+00:00
6543,INPROC_2E99C3,1,10,team1,Team 1 (N/S),62,58,11,♦,finished,2026-05-17T16:37:31.903305+00:00
6544,INPROC_35D3F3,1,10,team1,Team 1 (N/S),62,58,14,♦,finished,2026-05-17T16:37:31.920441+00:00
6545,INPROC_6D26B5,1,10,team2,Team 2 (E/W),38,82,5,♣,finished,2026-05-17T16:37:31.939254+00:00
6546,INPROC_72DF31,1,10,team2,Team 2 (E/W),13,107,38,♠,finished,2026-05-17T16:37:31.953873+00:00
6547,INPROC_D1887F,1,10,team1,Team 1 (N/S),85,35,16,♦,finished,2026-05-17T16:37:31.969314+00:00
6548,INPROC_B475FA,1,10,team2,Team 2 (E/W),37,83,10,♦,finished,2026-05-17T16:37:31.984873+00:00
6549,INPROC_992153,1,10,team1,Team 1 (N/S),81,39,35,♠,finished,2026-05-17T16:37:32.001793+00:00
6550,INPROC_CAD1BA,1,10,team2,Team 2 (E/W),46,74,4,♣,finished,2026-05-17T16:37:32.017328+00:00
6551,INPROC_79FE2E,1,10,team2,Team 2 (E/W),35,85,0,♣,finished,2026-05-17T16:37:32.031880+00:00
6552,INPROC_1D4E68,1,10,team2,Team 2 (E/W),27,93,12,♦,finished,2026-05-17T16:37:32.048215+00:00
6553,INPROC_1ACC32,1,10,team2,Team 2 (E/W),48,72,14,♦,finished,2026-05-17T16:37:32.062329+00:00
6554,INPROC_27ABB2,1,10,team2,Team 2 (E/W),21,99,0,♣,finished,2026-05-17T16:37:32.078095+00:00
6555,INPROC_47818A,1,10,draw,draw,60,60,34,♠,finished,2026-05-17T16:37:32.093785+00:00
6556,INPROC_5E5743,1,10,team1,Team 1 (N/S),82,38,2,♣,finished,2026-05-17T16:37:32.108914+00:00
6557,INPROC_87E1BB,1,10,team2,Team 2 (E/W),46,74,38,♠,finished,2026-05-17T16:37:32.125415+00:00
6558,INPROC_5DD98D,1,10,team2,Team 2 (E/W),52,68,31,♠,finished,2026-05-17T16:37:32.141978+00:00
6559,INPROC_4458E7,1,10,team1,Team 1 (N/S),62,58,38,♠,finished,2026-05-17T16:37:32.158077+00:00
6560,INPROC_6E65AF,1,10,team1,Team 1 (N/S),67,53,18,♦,finished,2026-05-17T16:37:32.174570+00:00
6561,INPROC_2D0516,1,10,team1,Team 1 (N/S),85,35,22,♥,finished,2026-05-17T16:37:32.189591+00:00
6562,INPROC_B79CB7,1,10,team1,Team 1 (N/S),62,58,29,♥,finished,2026-05-17T16:37:32.205347+00:00
6563,INPROC_282456,1,10,team2,Team 2 (E/W),58,62,10,♦,finished,2026-05-17T16:37:32.222173+00:00
6564,INPROC_533D06,1,10,team1,Team 1 (N/S),74,46,29,♥,finished,2026-05-17T16:37:32.240379+00:00
6565,INPROC_C7FD2A,1,10,team1,Team 1 (N/S),61,59,37,♠,finished,2026-05-17T16:37:32.258819+00:00
6566,INPROC_6B147F,1,10,team1,Team 1 (N/S),65,55,17,♦,finished,2026-05-17T16:37:32.276285+00:00
6567,INPROC_458D75,1,10,team2,Team 2 (E/W),46,74,18,♦,finished,2026-05-17T16:37:32.294149+00:00
6568,INPROC_07B4FE,1,10,team2,Team 2 (E/W),34,86,19,♦,finished,2026-05-17T16:37:32.310108+00:00
6569,INPROC_E18D99,1,10,team1,Team 1 (N/S),74,46,19,♦,finished,2026-05-17T16:37:32.323422+00:00
6570,INPROC_2CC351,1,10,team1,Team 1 (N/S),64,56,21,♥,finished,2026-05-17T16:37:32.339979+00:00
6571,INPROC_984811,1,10,team2,Team 2 (E/W),30,90,7,♣,finished,2026-05-17T16:37:32.354746+00:00
6572,INPROC_76EF07,1,10,team2,Team 2 (E/W),54,66,1,♣,finished,2026-05-17T16:37:32.368324+00:00
6573,INPROC_F805FC,1,10,team1,Team 1 (N/S),68,52,32,♠,finished,2026-05-17T16:37:32.383458+00:00
6574,INPROC_88EE25,1,10,team2,Team 2 (E/W),0,120,13,♦,finished,2026-05-17T16:37:32.400117+00:00
6575,INPROC_672807,1,10,team2,Team 2 (E/W),28,92,21,♥,finished,2026-05-17T16:37:32.417371+00:00
6576,INPROC_BB08D0,1,10,team2,Team 2 (E/W),49,71,39,♠,finished,2026-05-17T16:37:32.435490+00:00
6577,INPROC_081222,1,10,team2,Team 2 (E/W),31,89,13,♦,finished,2026-05-17T16:37:32.451323+00:00
6578,INPROC_4B5A49,1,10,team1,Team 1 (N/S),77,43,25,♥,finished,2026-05-17T16:37:32.463823+00:00
6579,INPROC_19E945,1,10,team1,Team 1 (N/S),111,9,35,♠,finished,2026-05-17T16:37:32.479066+00:00
6580,INPROC_924E5C,1,10,team1,Team 1 (N/S),76,44,21,♥,finished,2026-05-17T16:37:32.495303+00:00
6581,INPROC_18AC3B,1,10,team2,Team 2 (E/W),45,75,14,♦,finished,2026-05-17T16:37:32.512776+00:00
6582,INPROC_CE1D3C,1,10,team2,Team 2 (E/W),45,75,25,♥,finished,2026-05-17T16:37:32.528549+00:00
6583,INPROC_5B4424,1,10,team2,Team 2 (E/W),31,89,33,♠,finished,2026-05-17T16:37:32.546108+00:00
6584,INPROC_934E8A,1,10,team2,Team 2 (E/W),33,87,39,♠,finished,2026-05-17T16:37:32.559487+00:00
6585,INPROC_CD4721,1,10,team1,Team 1 (N/S),97,23,38,♠,finished,2026-05-17T16:37:32.576087+00:00
6586,INPROC_60067D,1,10,team1,Team 1 (N/S),101,19,22,♥,finished,2026-05-17T16:37:32.592151+00:00
6587,INPROC_DBCF18,1,10,team2,Team 2 (E/W),32,88,17,♦,finished,2026-05-17T16:37:32.607117+00:00
6588,INPROC_52CBD0,1,10,team2,Team 2 (E/W),52,68,19,♦,finished,2026-05-17T16:37:32.623357+00:00
6589,INPROC_A479AC,1,10,team2,Team 2 (E/W),29,91,22,♥,finished,2026-05-17T16:37:32.640134+00:00
6590,INPROC_D66969,1,10,team2,Team 2 (E/W),59,61,2,♣,finished,2026-05-17T16:37:32.657190+00:00
6591,INPROC_A06247,1,10,team2,Team 2 (E/W),14,106,19,♦,finished,2026-05-17T16:37:32.675061+00:00
6592,INPROC_1AE2D4,1,10,team2,Team 2 (E/W),49,71,11,♦,finished,2026-05-17T16:37:32.691176+00:00
6593,INPROC_A523AF,1,10,team2,Team 2 (E/W),56,64,9,♣,finished,2026-05-17T16:37:32.706134+00:00
6594,INPROC_9D6BBA,1,10,team2,Team 2 (E/W),56,64,36,♠,finished,2026-05-17T16:37:32.722140+00:00
6595,INPROC_F51A95,1,10,team2,Team 2 (E/W),39,81,29,♥,finished,2026-05-17T16:37:32.737097+00:00
6596,INPROC_639F2F,1,10,team2,Team 2 (E/W),14,106,16,♦,finished,2026-05-17T16:37:32.753847+00:00
6597,INPROC_8BA1FB,1,10,team2,Team 2 (E/W),27,93,30,♠,finished,2026-05-17T16:37:32.769106+00:00
6598,INPROC_36AF05,1,10,team1,Team 1 (N/S),79,41,20,♥,finished,2026-05-17T16:37:32.782678+00:00
6599,INPROC_C0016A,1,10,team2,Team 2 (E/W),59,61,27,♥,finished,2026-05-17T16:37:32.799138+00:00
6600,INPROC_A6ED57,1,10,team1,Team 1 (N/S),78,42,3,♣,finished,2026-05-17T16:37:32.816136+00:00
6601,INPROC_D274AE,1,10,team2,Team 2 (E/W),47,73,13,♦,finished,2026-05-17T16:37:32.831278+00:00
6602,INPROC_95CE6D,1,10,team1,Team 1 (N/S),75,45,32,♠,finished,2026-05-17T16:37:32.848640+00:00
6603,INPROC_049959,1,10,team1,Team 1 (N/S),67,53,33,♠,finished,2026-05-17T16:37:32.865908+00:00
6604,INPROC_2166C5,1,10,team2,Team 2 (E/W),56,64,2,♣,finished,2026-05-17T16:37:32.881524+00:00
6605,INPROC_AD826A,1,10,team2,Team 2 (E/W),34,86,37,♠,finished,2026-05-17T16:37:32.897955+00:00
6606,INPROC_C14229,1,10,team1,Team 1 (N/S),68,52,38,♠,finished,2026-05-17T16:37:32.912765+00:00
6607,INPROC_914CF2,1,10,team2,Team 2 (E/W),23,97,21,♥,finished,2026-05-17T16:37:32.928826+00:00
6608,INPROC_6E65E2,1,10,team1,Team 1 (N/S),69,51,22,♥,finished,2026-05-17T16:37:32.944541+00:00
6609,INPROC_54E75F,1,10,team2,Team 2 (E/W),40,80,25,♥,finished,2026-05-17T16:37:32.959498+00:00
6610,INPROC_548393,1,10,team2,Team 2 (E/W),51,69,32,♠,finished,2026-05-17T16:37:32.974007+00:00
6611,INPROC_002363,1,10,team1,Team 1 (N/S),97,23,35,♠,finished,2026-05-17T16:37:32.989388+00:00
6612,INPROC_158613,1,10,team1,Team 1 (N/S),98,22,7,♣,finished,2026-05-17T16:37:33.012977+00:00
6613,INPROC_71BF7D,1,10,team1,Team 1 (N/S),69,51,31,♠,finished,2026-05-17T16:37:33.037698+00:00
6614,INPROC_BDFC1C,1,10,team2,Team 2 (E/W),30,90,18,♦,finished,2026-05-17T16:37:33.056202+00:00
6615,INPROC_6D1910,1,10,team2,Team 2 (E/W),50,70,32,♠,finished,2026-05-17T16:37:33.073404+00:00
6616,INPROC_11BF29,1,10,team2,Team 2 (E/W),58,62,9,♣,finished,2026-05-17T16:37:33.092275+00:00
6617,INPROC_4D7B6F,1,10,team2,Team 2 (E/W),54,66,21,♥,finished,2026-05-17T16:37:33.107303+00:00
6618,INPROC_556BC3,1,10,team2,Team 2 (E/W),7,113,5,♣,finished,2026-05-17T16:37:33.122679+00:00
6619,INPROC_FF7D96,1,10,team1,Team 1 (N/S),63,57,22,♥,finished,2026-05-17T16:37:33.139255+00:00
6620,INPROC_ECC8B4,1,10,team2,Team 2 (E/W),0,120,37,♠,finished,2026-05-17T16:37:33.153755+00:00
6621,INPROC_869DA6,1,10,team1,Team 1 (N/S),80,40,7,♣,finished,2026-05-17T16:37:33.171046+00:00
6622,INPROC_4F14CA,1,10,team1,Team 1 (N/S),100,20,22,♥,finished,2026-05-17T16:37:33.188291+00:00
6623,INPROC_825ABA,1,10,team1,Team 1 (N/S),80,40,21,♥,finished,2026-05-17T16:37:33.206365+00:00
6624,INPROC_70BD36,1,10,team1,Team 1 (N/S),65,55,37,♠,finished,2026-05-17T16:37:33.223730+00:00
6625,INPROC_73B7B0,1,10,team2,Team 2 (E/W),44,76,33,♠,finished,2026-05-17T16:37:33.243446+00:00
6626,INPROC_64C5AD,1,10,team1,Team 1 (N/S),62,58,1,♣,finished,2026-05-17T16:37:33.262290+00:00
6627,INPROC_396FC6,1,10,team1,Team 1 (N/S),64,56,16,♦,finished,2026-05-17T16:37:33.279217+00:00
6628,INPROC_71F7F4,1,10,team1,Team 1 (N/S),84,36,2,♣,finished,2026-05-17T16:37:33.295320+00:00
6629,INPROC_356841,1,10,team2,Team 2 (E/W),55,65,27,♥,finished,2026-05-17T16:37:33.310548+00:00
6630,INPROC_B9E0ED,1,10,team1,Team 1 (N/S),69,51,23,♥,finished,2026-05-17T16:37:33.326868+00:00
6631,INPROC_5AFFFF,1,10,team2,Team 2 (E/W),52,68,2,♣,finished,2026-05-17T16:37:33.341194+00:00
6632,INPROC_5A8A3B,1,10,team1,Team 1 (N/S),99,21,2,♣,finished,2026-05-17T16:37:33.354249+00:00
6633,INPROC_B12AEF,1,10,team2,Team 2 (E/W),51,69,36,♠,finished,2026-05-17T16:37:33.368323+00:00
6634,INPROC_3E995D,1,10,team1,Team 1 (N/S),65,55,24,♥,finished,2026-05-17T16:37:33.382047+00:00
6635,INPROC_02AEA8,1,10,team2,Team 2 (E/W),19,101,36,♠,finished,2026-05-17T16:37:33.397835+00:00
6636,INPROC_C2040D,1,10,team2,Team 2 (E/W),40,80,5,♣,finished,2026-05-17T16:37:33.414334+00:00
6637,INPROC_D3CF68,1,10,team2,Team 2 (E/W),50,70,25,♥,finished,2026-05-17T16:37:33.431268+00:00
6638,INPROC_51058B,1,10,team1,Team 1 (N/S),83,37,23,♥,finished,2026-05-17T16:37:33.448900+00:00
6639,INPROC_1A646D,1,10,team1,Team 1 (N/S),69,51,15,♦,finished,2026-05-17T16:37:33.465900+00:00
6640,INPROC_8419D8,1,10,team1,Team 1 (N/S),120,0,25,♥,finished,2026-05-17T16:37:33.482931+00:00
6641,INPROC_0D0ACF,1,10,team2,Team 2 (E/W),55,65,9,♣,finished,2026-05-17T16:37:33.498265+00:00
6642,INPROC_6F6FC8,1,10,team2,Team 2 (E/W),52,68,24,♥,finished,2026-05-17T16:37:33.515399+00:00
6643,INPROC_609F83,1,10,team2,Team 2 (E/W),45,75,31,♠,finished,2026-05-17T16:37:33.532560+00:00
6644,INPROC_54F9C8,1,10,team2,Team 2 (E/W),10,110,9,♣,finished,2026-05-17T16:37:33.548153+00:00
6645,INPROC_6A477C,1,10,team1,Team 1 (N/S),107,13,22,♥,finished,2026-05-17T16:37:33.564338+00:00
6646,INPROC_3F7B21,1,10,team1,Team 1 (N/S),64,56,10,♦,finished,2026-05-17T16:37:33.579966+00:00
6647,INPROC_D549CB,1,10,team2,Team 2 (E/W),19,101,36,♠,finished,2026-05-17T16:37:33.596956+00:00
6648,INPROC_03A78D,1,10,team2,Team 2 (E/W),42,78,2,♣,finished,2026-05-17T16:37:33.613603+00:00
6649,INPROC_3C4E90,1,10,team2,Team 2 (E/W),7,113,32,♠,finished,2026-05-17T16:37:33.626761+00:00
6650,INPROC_777DD0,1,10,team1,Team 1 (N/S),72,48,25,♥,finished,2026-05-17T16:37:33.640754+00:00
6651,INPROC_EB8951,1,10,draw,draw,60,60,6,♣,finished,2026-05-17T16:37:33.656597+00:00
6652,INPROC_60F99B,1,10,team1,Team 1 (N/S),68,52,8,♣,finished,2026-05-17T16:37:33.671577+00:00
6653,INPROC_1B4B2C,1,10,team2,Team 2 (E/W),39,81,13,♦,finished,2026-05-17T16:37:33.687713+00:00
6654,INPROC_2923EA,1,10,team2,Team 2 (E/W),29,91,37,♠,finished,2026-05-17T16:37:33.705903+00:00
6655,INPROC_4B7680,1,10,team1,Team 1 (N/S),64,56,21,♥,finished,2026-05-17T16:37:33.723840+00:00
6656,INPROC_AD22A6,1,10,team1,Team 1 (N/S),98,22,3,♣,finished,2026-05-17T16:37:33.737912+00:00
6657,INPROC_DB8BC4,1,10,team2,Team 2 (E/W),54,66,21,♥,finished,2026-05-17T16:37:33.751223+00:00
6658,INPROC_4CBA90,1,10,team1,Team 1 (N/S),81,39,1,♣,finished,2026-05-17T16:37:33.767029+00:00
6659,INPROC_68BF7E,1,10,team1,Team 1 (N/S),69,51,24,♥,finished,2026-05-17T16:37:33.781290+00:00
6660,INPROC_BBBEC4,1,10,team1,Team 1 (N/S),68,52,37,♠,finished,2026-05-17T16:37:33.797929+00:00
6661,INPROC_382DF3,1,10,draw,draw,60,60,29,♥,finished,2026-05-17T16:37:33.812692+00:00
6662,INPROC_BDFE3A,1,10,team2,Team 2 (E/W),34,86,6,♣,finished,2026-05-17T16:37:33.828219+00:00
6663,INPROC_FC8EC0,1,10,team2,Team 2 (E/W),38,82,33,♠,finished,2026-05-17T16:37:33.844570+00:00
6664,INPROC_BF39D2,1,10,team1,Team 1 (N/S),66,54,34,♠,finished,2026-05-17T16:37:33.861287+00:00
6665,INPROC_18E1C0,1,10,team2,Team 2 (E/W),49,71,34,♠,finished,2026-05-17T16:37:33.876679+00:00
6666,INPROC_87D18B,1,10,team2,Team 2 (E/W),47,73,25,♥,finished,2026-05-17T16:37:33.891222+00:00
6667,INPROC_74C293,1,10,team1,Team 1 (N/S),75,45,19,♦,finished,2026-05-17T16:37:33.907582+00:00
6668,INPROC_E5EB12,1,10,team2,Team 2 (E/W),59,61,12,♦,finished,2026-05-17T16:37:33.923278+00:00
6669,INPROC_A5B1D6,1,10,team1,Team 1 (N/S),90,30,37,♠,finished,2026-05-17T16:37:33.939416+00:00
6670,INPROC_068440,1,10,team1,Team 1 (N/S),70,50,15,♦,finished,2026-05-17T16:37:33.957457+00:00
6671,INPROC_0310E9,1,10,team1,Team 1 (N/S),73,47,14,♦,finished,2026-05-17T16:37:33.974845+00:00
6672,INPROC_980255,1,10,team2,Team 2 (E/W),48,72,3,♣,finished,2026-05-17T16:37:33.987711+00:00
6673,INPROC_0D1145,1,10,draw,draw,60,60,31,♠,finished,2026-05-17T16:37:34.001922+00:00
6674,INPROC_F95926,1,10,team2,Team 2 (E/W),29,91,14,♦,finished,2026-05-17T16:37:34.016679+00:00
6675,INPROC_B52830,1,10,team2,Team 2 (E/W),50,70,25,♥,finished,2026-05-17T16:37:34.030674+00:00
6676,INPROC_92345C,1,10,team1,Team 1 (N/S),89,31,13,♦,finished,2026-05-17T16:37:34.048180+00:00
6677,INPROC_BB021B,1,10,team2,Team 2 (E/W),48,72,38,♠,finished,2026-05-17T16:37:34.065287+00:00
6678,INPROC_E70512,1,10,team2,Team 2 (E/W),56,64,25,♥,finished,2026-05-17T16:37:34.081753+00:00
6679,INPROC_03C7FD,1,10,team2,Team 2 (E/W),43,77,30,♠,finished,2026-05-17T16:37:34.095812+00:00
6680,INPROC_4884E5,1,10,team2,Team 2 (E/W),20,100,14,♦,finished,2026-05-17T16:37:34.110354+00:00
6681,INPROC_7435E2,1,10,team2,Team 2 (E/W),59,61,4,♣,finished,2026-05-17T16:37:34.127585+00:00
6682,INPROC_E0D1EE,1,10,team2,Team 2 (E/W),59,61,12,♦,finished,2026-05-17T16:37:34.145801+00:00
6683,INPROC_AAE4E9,1,10,team2,Team 2 (E/W),55,65,4,♣,finished,2026-05-17T16:37:34.163410+00:00
6684,INPROC_406EA9,1,10,team2,Team 2 (E/W),41,79,27,♥,finished,2026-05-17T16:37:34.180320+00:00
6685,INPROC_89A33E,1,10,team2,Team 2 (E/W),52,68,14,♦,finished,2026-05-17T16:37:34.194065+00:00
6686,INPROC_5F5A8A,1,10,team1,Team 1 (N/S),64,56,13,♦,finished,2026-05-17T16:37:34.209182+00:00
6687,INPROC_774690,1,10,team2,Team 2 (E/W),30,90,26,♥,finished,2026-05-17T16:37:34.225387+00:00
6688,INPROC_3E832F,1,10,team2,Team 2 (E/W),30,90,24,♥,finished,2026-05-17T16:37:34.242421+00:00
6689,INPROC_3A9BD9,1,10,team2,Team 2 (E/W),41,79,4,♣,finished,2026-05-17T16:37:34.257813+00:00
6690,INPROC_D1C33C,1,10,team2,Team 2 (E/W),15,105,31,♠,finished,2026-05-17T16:37:34.272364+00:00
6691,INPROC_1839A4,1,10,team1,Team 1 (N/S),69,51,25,♥,finished,2026-05-17T16:37:34.288127+00:00
6692,INPROC_1806DA,1,10,team2,Team 2 (E/W),53,67,20,♥,finished,2026-05-17T16:37:34.301427+00:00
6693,INPROC_2C2FD3,1,10,draw,draw,60,60,20,♥,finished,2026-05-17T16:37:34.316494+00:00
6694,INPROC_B54B3A,1,10,team1,Team 1 (N/S),73,47,24,♥,finished,2026-05-17T16:37:34.329456+00:00
6695,INPROC_E317CB,1,10,draw,draw,60,60,15,♦,finished,2026-05-17T16:37:34.345747+00:00
6696,INPROC_FAD289,1,10,draw,draw,60,60,32,♠,finished,2026-05-17T16:37:34.360643+00:00
6697,INPROC_BF5093,1,10,team2,Team 2 (E/W),37,83,11,♦,finished,2026-05-17T16:37:34.378405+00:00
6698,INPROC_75BE55,1,10,team1,Team 1 (N/S),85,35,37,♠,finished,2026-05-17T16:37:34.397597+00:00
6699,INPROC_05E68E,1,10,team1,Team 1 (N/S),63,57,36,♠,finished,2026-05-17T16:37:34.416964+00:00
6700,INPROC_B1FA37,1,10,team1,Team 1 (N/S),63,57,31,♠,finished,2026-05-17T16:37:34.435995+00:00
6701,INPROC_4C4DE6,1,10,team2,Team 2 (E/W),19,101,36,♠,finished,2026-05-17T16:37:34.452904+00:00
6702,INPROC_500775,1,10,team2,Team 2 (E/W),30,90,16,♦,finished,2026-05-17T16:37:34.468448+00:00
6703,INPROC_2A82B0,1,10,team2,Team 2 (E/W),18,102,3,♣,finished,2026-05-17T16:37:34.482050+00:00
6704,INPROC_95C4CA,1,10,team2,Team 2 (E/W),57,63,34,♠,finished,2026-05-17T16:37:34.495466+00:00
6705,INPROC_42286F,1,10,team2,Team 2 (E/W),27,93,23,♥,finished,2026-05-17T16:37:34.511966+00:00
6706,INPROC_264953,1,10,team2,Team 2 (E/W),34,86,24,♥,finished,2026-05-17T16:37:34.528169+00:00
6707,INPROC_3F10CF,1,10,team2,Team 2 (E/W),22,98,13,♦,finished,2026-05-17T16:37:34.545118+00:00
6708,INPROC_8121B0,1,10,team1,Team 1 (N/S),85,35,35,♠,finished,2026-05-17T16:37:34.560406+00:00
6709,INPROC_5DD15D,1,10,team1,Team 1 (N/S),87,33,13,♦,finished,2026-05-17T16:37:34.577083+00:00
6710,INPROC_D9861D,1,10,team1,Team 1 (N/S),70,50,38,♠,finished,2026-05-17T16:37:34.593049+00:00
6711,INPROC_46D27C,1,10,team2,Team 2 (E/W),45,75,37,♠,finished,2026-05-17T16:37:34.606326+00:00
6712,INPROC_DB2A50,1,10,team2,Team 2 (E/W),46,74,0,♣,finished,2026-05-17T16:37:34.622322+00:00
6713,INPROC_C1A53A,1,10,team1,Team 1 (N/S),78,42,38,♠,finished,2026-05-17T16:37:34.639430+00:00
6714,INPROC_753583,1,10,team2,Team 2 (E/W),29,91,22,♥,finished,2026-05-17T16:37:34.654199+00:00
6715,INPROC_3643D2,1,10,team2,Team 2 (E/W),58,62,4,♣,finished,2026-05-17T16:37:34.669233+00:00
6716,INPROC_6351F9,1,10,team1,Team 1 (N/S),63,57,31,♠,finished,2026-05-17T16:37:34.684036+00:00
6717,INPROC_6ACC38,1,10,team2,Team 2 (E/W),58,62,28,♥,finished,2026-05-17T16:37:34.699229+00:00
6718,INPROC_3820E4,1,10,team1,Team 1 (N/S),78,42,24,♥,finished,2026-05-17T16:37:34.714369+00:00
6719,INPROC_7B1B73,1,10,team1,Team 1 (N/S),79,41,11,♦,finished,2026-05-17T16:37:34.728730+00:00
6720,INPROC_327F9B,1,10,team1,Team 1 (N/S),63,57,37,♠,finished,2026-05-17T16:37:34.743551+00:00
6721,INPROC_45263A,1,10,team1,Team 1 (N/S),72,48,0,♣,finished,2026-05-17T16:37:34.758525+00:00
6722,INPROC_A6C070,1,10,team1,Team 1 (N/S),65,55,27,♥,finished,2026-05-17T16:37:34.774042+00:00
6723,INPROC_1E6523,1,10,team2,Team 2 (E/W),53,67,3,♣,finished,2026-05-17T16:37:34.788945+00:00
6724,INPROC_18CAE8,1,10,team2,Team 2 (E/W),16,104,25,♥,finished,2026-05-17T16:37:34.803928+00:00
6725,INPROC_B918D1,1,10,team2,Team 2 (E/W),2,118,11,♦,finished,2026-05-17T16:37:34.820265+00:00
6726,INPROC_1609A6,1,10,team2,Team 2 (E/W),30,90,11,♦,finished,2026-05-17T16:37:34.836344+00:00
6727,INPROC_A5674D,1,10,team2,Team 2 (E/W),34,86,29,♥,finished,2026-05-17T16:37:34.851980+00:00
6728,INPROC_A5CF3E,1,10,team1,Team 1 (N/S),66,54,13,♦,finished,2026-05-17T16:37:34.867183+00:00
6729,INPROC_3D64BF,1,10,team1,Team 1 (N/S),81,39,30,♠,finished,2026-05-17T16:37:34.883748+00:00
6730,INPROC_910966,1,10,team2,Team 2 (E/W),42,78,36,♠,finished,2026-05-17T16:37:34.899331+00:00
6731,INPROC_F3BF3F,1,10,team2,Team 2 (E/W),29,91,17,♦,finished,2026-05-17T16:37:34.917829+00:00
6732,INPROC_5D92B4,1,10,team1,Team 1 (N/S),86,34,12,♦,finished,2026-05-17T16:37:34.935285+00:00
6733,INPROC_0856DB,1,10,team2,Team 2 (E/W),48,72,2,♣,finished,2026-05-17T16:37:34.950011+00:00
6734,INPROC_FFAFFB,1,10,team1,Team 1 (N/S),73,47,15,♦,finished,2026-05-17T16:37:34.966574+00:00
6735,INPROC_03DD8B,1,10,team2,Team 2 (E/W),49,71,6,♣,finished,2026-05-17T16:37:34.982375+00:00
6736,INPROC_C22EC5,1,10,team2,Team 2 (E/W),33,87,20,♥,finished,2026-05-17T16:37:34.998472+00:00
6737,INPROC_45F31C,1,10,team1,Team 1 (N/S),63,57,0,♣,finished,2026-05-17T16:37:35.012786+00:00
6738,INPROC_A12554,1,10,team2,Team 2 (E/W),19,101,13,♦,finished,2026-05-17T16:37:35.027289+00:00
6739,INPROC_6BC9F9,1,10,team1,Team 1 (N/S),92,28,19,♦,finished,2026-05-17T16:37:35.041146+00:00
6740,INPROC_B84A69,1,10,team2,Team 2 (E/W),46,74,27,♥,finished,2026-05-17T16:37:35.055872+00:00
6741,INPROC_12294A,1,10,team1,Team 1 (N/S),72,48,31,♠,finished,2026-05-17T16:37:35.073348+00:00
6742,INPROC_838E4E,1,10,team2,Team 2 (E/W),32,88,26,♥,finished,2026-05-17T16:37:35.092373+00:00
6743,INPROC_079A92,1,10,team1,Team 1 (N/S),66,54,21,♥,finished,2026-05-17T16:37:35.108930+00:00
6744,INPROC_AD95D4,1,10,team2,Team 2 (E/W),52,68,2,♣,finished,2026-05-17T16:37:35.126483+00:00
6745,INPROC_3A24FF,1,10,team2,Team 2 (E/W),51,69,32,♠,finished,2026-05-17T16:37:35.141415+00:00
6746,INPROC_F93819,1,10,team1,Team 1 (N/S),76,44,5,♣,finished,2026-05-17T16:37:35.157248+00:00
6747,INPROC_2752A7,1,10,team2,Team 2 (E/W),18,102,27,♥,finished,2026-05-17T16:37:35.175151+00:00
6748,INPROC_FF0617,1,10,team2,Team 2 (E/W),54,66,10,♦,finished,2026-05-17T16:37:35.192361+00:00
6749,INPROC_ADD96C,1,10,team1,Team 1 (N/S),91,29,8,♣,finished,2026-05-17T16:37:35.209935+00:00
6750,INPROC_0363F2,1,10,team2,Team 2 (E/W),59,61,32,♠,finished,2026-05-17T16:37:35.225311+00:00
6751,INPROC_4D6C17,1,10,team1,Team 1 (N/S),104,16,5,♣,finished,2026-05-17T16:37:35.241682+00:00
6752,INPROC_ABA0D8,1,10,team1,Team 1 (N/S),64,56,27,♥,finished,2026-05-17T16:37:35.260702+00:00
6753,INPROC_44E0C4,1,10,team1,Team 1 (N/S),70,50,35,♠,finished,2026-05-17T16:37:35.278283+00:00
6754,INPROC_7208B8,1,10,team1,Team 1 (N/S),95,25,14,♦,finished,2026-05-17T16:37:35.296734+00:00
6755,INPROC_59BBAE,1,10,team2,Team 2 (E/W),28,92,25,♥,finished,2026-05-17T16:37:35.313396+00:00
6756,INPROC_B6C1B4,1,10,team2,Team 2 (E/W),6,114,17,♦,finished,2026-05-17T16:37:35.330903+00:00
6757,INPROC_A894AE,1,10,team2,Team 2 (E/W),22,98,25,♥,finished,2026-05-17T16:37:35.347312+00:00
6758,INPROC_0F2123,1,10,team1,Team 1 (N/S),70,50,30,♠,finished,2026-05-17T16:37:35.363313+00:00
6759,INPROC_0C9B89,1,10,team2,Team 2 (E/W),56,64,9,♣,finished,2026-05-17T16:37:35.380204+00:00
6760,INPROC_987574,1,10,team2,Team 2 (E/W),31,89,15,♦,finished,2026-05-17T16:37:35.396827+00:00
6761,INPROC_C75D74,1,10,team1,Team 1 (N/S),104,16,16,♦,finished,2026-05-17T16:37:35.412934+00:00
6762,INPROC_EB24A9,1,10,team2,Team 2 (E/W),56,64,29,♥,finished,2026-05-17T16:37:35.431337+00:00
6763,INPROC_D060F5,1,10,team2,Team 2 (E/W),34,86,6,♣,finished,2026-05-17T16:37:35.445191+00:00
6764,INPROC_F1F464,1,10,team1,Team 1 (N/S),99,21,21,♥,finished,2026-05-17T16:37:35.462752+00:00
6765,INPROC_E4494C,1,10,team2,Team 2 (E/W),59,61,8,♣,finished,2026-05-17T16:37:35.478289+00:00
6766,INPROC_272C81,1,10,team1,Team 1 (N/S),67,53,35,♠,finished,2026-05-17T16:37:35.493259+00:00
6767,INPROC_5EFEB2,1,10,team1,Team 1 (N/S),88,32,22,♥,finished,2026-05-17T16:37:35.508847+00:00
6768,INPROC_2512FC,1,10,team1,Team 1 (N/S),75,45,9,♣,finished,2026-05-17T16:37:35.524774+00:00
6769,INPROC_856749,1,10,team2,Team 2 (E/W),30,90,18,♦,finished,2026-05-17T16:37:35.541983+00:00
6770,INPROC_BABB0E,1,10,team2,Team 2 (E/W),5,115,16,♦,finished,2026-05-17T16:37:35.557265+00:00
6771,INPROC_CA5AB7,1,10,team1,Team 1 (N/S),66,54,36,♠,finished,2026-05-17T16:37:35.573991+00:00
6772,INPROC_4749AF,1,10,team1,Team 1 (N/S),70,50,3,♣,finished,2026-05-17T16:37:35.590379+00:00
6773,INPROC_3664AB,1,10,team1,Team 1 (N/S),62,58,20,♥,finished,2026-05-17T16:37:35.606608+00:00
6774,INPROC_83BC61,1,10,team1,Team 1 (N/S),74,46,30,♠,finished,2026-05-17T16:37:35.622682+00:00
6775,INPROC_13E699,1,10,team1,Team 1 (N/S),114,6,38,♠,finished,2026-05-17T16:37:35.639186+00:00
6776,INPROC_2AE9F0,1,10,team1,Team 1 (N/S),81,39,2,♣,finished,2026-05-17T16:37:35.655427+00:00
6777,INPROC_6E5460,1,10,team1,Team 1 (N/S),63,57,10,♦,finished,2026-05-17T16:37:35.671853+00:00
6778,INPROC_491E22,1,10,team2,Team 2 (E/W),47,73,19,♦,finished,2026-05-17T16:37:35.688836+00:00
6779,INPROC_BF46FF,1,10,team1,Team 1 (N/S),90,30,29,♥,finished,2026-05-17T16:37:35.702096+00:00
6780,INPROC_F5A477,1,10,team1,Team 1 (N/S),65,55,36,♠,finished,2026-05-17T16:37:35.717267+00:00
6781,INPROC_990180,1,10,team2,Team 2 (E/W),37,83,1,♣,finished,2026-05-17T16:37:35.733692+00:00
6782,INPROC_661A27,1,10,team2,Team 2 (E/W),56,64,4,♣,finished,2026-05-17T16:37:35.748649+00:00
6783,INPROC_EAFA61,1,10,team2,Team 2 (E/W),7,113,33,♠,finished,2026-05-17T16:37:35.765977+00:00
6784,INPROC_2CE408,1,10,team1,Team 1 (N/S),78,42,15,♦,finished,2026-05-17T16:37:35.782589+00:00
6785,INPROC_18547B,1,10,team1,Team 1 (N/S),68,52,2,♣,finished,2026-05-17T16:37:35.800393+00:00
6786,INPROC_CB8507,1,10,team2,Team 2 (E/W),43,77,39,♠,finished,2026-05-17T16:37:35.815297+00:00
6787,INPROC_EE017B,1,10,team1,Team 1 (N/S),98,22,2,♣,finished,2026-05-17T16:37:35.832117+00:00
6788,INPROC_9F3BE9,1,10,team2,Team 2 (E/W),33,87,31,♠,finished,2026-05-17T16:37:35.848478+00:00
6789,INPROC_39C81D,1,10,team1,Team 1 (N/S),63,57,1,♣,finished,2026-05-17T16:37:35.862217+00:00
6790,INPROC_CEF600,1,10,team1,Team 1 (N/S),84,36,35,♠,finished,2026-05-17T16:37:35.877181+00:00
6791,INPROC_A2E59D,1,10,team1,Team 1 (N/S),74,46,37,♠,finished,2026-05-17T16:37:35.892240+00:00
6792,INPROC_49ABD6,1,10,team2,Team 2 (E/W),49,71,29,♥,finished,2026-05-17T16:37:35.908134+00:00
6793,INPROC_108881,1,10,team1,Team 1 (N/S),76,44,38,♠,finished,2026-05-17T16:37:35.925014+00:00
6794,INPROC_CA97C5,1,10,team2,Team 2 (E/W),48,72,7,♣,finished,2026-05-17T16:37:35.941049+00:00
6795,INPROC_54D608,1,10,team2,Team 2 (E/W),44,76,6,♣,finished,2026-05-17T16:37:35.957997+00:00
6796,INPROC_C7FC69,1,10,team2,Team 2 (E/W),38,82,37,♠,finished,2026-05-17T16:37:35.974905+00:00
6797,INPROC_5EECF7,1,10,team2,Team 2 (E/W),40,80,10,♦,finished,2026-05-17T16:37:35.991093+00:00
6798,INPROC_9EE973,1,10,team1,Team 1 (N/S),86,34,32,♠,finished,2026-05-17T16:37:36.006899+00:00
6799,INPROC_5DB5A3,1,10,team2,Team 2 (E/W),27,93,12,♦,finished,2026-05-17T16:37:36.022674+00:00
6800,INPROC_B6BB87,1,10,team2,Team 2 (E/W),55,65,37,♠,finished,2026-05-17T16:37:36.039372+00:00
6801,INPROC_D5D55B,1,10,team2,Team 2 (E/W),37,83,9,♣,finished,2026-05-17T16:37:36.055865+00:00
6802,INPROC_7C6FC9,1,10,team2,Team 2 (E/W),36,84,19,♦,finished,2026-05-17T16:37:36.072335+00:00
6803,INPROC_050073,1,10,team1,Team 1 (N/S),85,35,38,♠,finished,2026-05-17T16:37:36.086336+00:00
6804,INPROC_5C9952,1,10,team1,Team 1 (N/S),62,58,13,♦,finished,2026-05-17T16:37:36.102010+00:00
6805,INPROC_9F3D99,1,10,team1,Team 1 (N/S),61,59,14,♦,finished,2026-05-17T16:37:36.116717+00:00
6806,INPROC_96D39E,1,10,team2,Team 2 (E/W),42,78,16,♦,finished,2026-05-17T16:37:36.132262+00:00
6807,INPROC_13E36D,1,10,team2,Team 2 (E/W),23,97,33,♠,finished,2026-05-17T16:37:36.148593+00:00
6808,INPROC_BE489A,1,10,team2,Team 2 (E/W),43,77,30,♠,finished,2026-05-17T16:37:36.165201+00:00
6809,INPROC_CD0FEA,1,10,team1,Team 1 (N/S),89,31,20,♥,finished,2026-05-17T16:37:36.182800+00:00
6810,INPROC_CAC7B5,1,10,team2,Team 2 (E/W),12,108,19,♦,finished,2026-05-17T16:37:36.199468+00:00
6811,INPROC_ABB086,1,10,team1,Team 1 (N/S),69,51,37,♠,finished,2026-05-17T16:37:36.218282+00:00
6812,INPROC_1D0B94,1,10,team1,Team 1 (N/S),91,29,21,♥,finished,2026-05-17T16:37:36.232821+00:00
6813,INPROC_CF14FC,1,10,team2,Team 2 (E/W),35,85,22,♥,finished,2026-05-17T16:37:36.248358+00:00
6814,INPROC_224AFE,1,10,team1,Team 1 (N/S),64,56,21,♥,finished,2026-05-17T16:37:36.264568+00:00
6815,INPROC_93C490,1,10,team2,Team 2 (E/W),29,91,29,♥,finished,2026-05-17T16:37:36.278017+00:00
6816,INPROC_B4DF50,1,10,team1,Team 1 (N/S),80,40,22,♥,finished,2026-05-17T16:37:36.292933+00:00
6817,INPROC_7A5841,1,10,team2,Team 2 (E/W),50,70,24,♥,finished,2026-05-17T16:37:36.307832+00:00
6818,INPROC_ECD6AA,1,10,team2,Team 2 (E/W),43,77,2,♣,finished,2026-05-17T16:37:36.324178+00:00
6819,INPROC_6491F8,1,10,team2,Team 2 (E/W),56,64,1,♣,finished,2026-05-17T16:37:36.338543+00:00
6820,INPROC_43E0B7,1,10,team1,Team 1 (N/S),84,36,32,♠,finished,2026-05-17T16:37:36.353123+00:00
6821,INPROC_A94B45,1,10,team2,Team 2 (E/W),57,63,26,♥,finished,2026-05-17T16:37:36.368866+00:00
6822,INPROC_DC38BC,1,10,team2,Team 2 (E/W),41,79,17,♦,finished,2026-05-17T16:37:36.384789+00:00
6823,INPROC_440427,1,10,team1,Team 1 (N/S),71,49,5,♣,finished,2026-05-17T16:37:36.399301+00:00
6824,INPROC_DCAD65,1,10,team1,Team 1 (N/S),74,46,24,♥,finished,2026-05-17T16:37:36.414897+00:00
6825,INPROC_5DBA92,1,10,team1,Team 1 (N/S),66,54,9,♣,finished,2026-05-17T16:37:36.430997+00:00
6826,INPROC_279F64,1,10,team1,Team 1 (N/S),81,39,5,♣,finished,2026-05-17T16:37:36.447301+00:00
6827,INPROC_13F887,1,10,team2,Team 2 (E/W),59,61,25,♥,finished,2026-05-17T16:37:36.462255+00:00
6828,INPROC_A3C143,1,10,team2,Team 2 (E/W),28,92,13,♦,finished,2026-05-17T16:37:36.480564+00:00
6829,INPROC_716C26,1,10,team1,Team 1 (N/S),72,48,18,♦,finished,2026-05-17T16:37:36.504311+00:00
6830,INPROC_77FBC8,1,10,team1,Team 1 (N/S),92,28,3,♣,finished,2026-05-17T16:37:36.523060+00:00
6831,INPROC_341493,1,10,team2,Team 2 (E/W),49,71,22,♥,finished,2026-05-17T16:37:36.540411+00:00
6832,INPROC_8C9CE7,1,10,team1,Team 1 (N/S),87,33,25,♥,finished,2026-05-17T16:37:36.556351+00:00
6833,INPROC_B5194E,1,10,team2,Team 2 (E/W),55,65,17,♦,finished,2026-05-17T16:37:36.574462+00:00
6834,INPROC_90E82F,1,10,team1,Team 1 (N/S),75,45,21,♥,finished,2026-05-17T16:37:36.590447+00:00
6835,INPROC_481CE2,1,10,team1,Team 1 (N/S),110,10,11,♦,finished,2026-05-17T16:37:36.605401+00:00
6836,INPROC_6BFE4B,1,10,team1,Team 1 (N/S),61,59,9,♣,finished,2026-05-17T16:37:36.621625+00:00
6837,INPROC_F8BC95,1,10,team1,Team 1 (N/S),68,52,8,♣,finished,2026-05-17T16:37:36.638246+00:00
6838,INPROC_6DF82C,1,10,team2,Team 2 (E/W),43,77,38,♠,finished,2026-05-17T16:37:36.654658+00:00
6839,INPROC_5BEFCD,1,10,team2,Team 2 (E/W),33,87,7,♣,finished,2026-05-17T16:37:36.671015+00:00
6840,INPROC_EA26AD,1,10,team1,Team 1 (N/S),100,20,11,♦,finished,2026-05-17T16:37:36.687800+00:00
6841,INPROC_A8670B,1,10,team2,Team 2 (E/W),52,68,7,♣,finished,2026-05-17T16:37:36.704137+00:00
6842,INPROC_3F4ECE,1,10,team2,Team 2 (E/W),31,89,28,♥,finished,2026-05-17T16:37:36.720832+00:00
6843,INPROC_0E6CF4,1,10,team1,Team 1 (N/S),63,57,9,♣,finished,2026-05-17T16:37:36.736650+00:00
6844,INPROC_32306C,1,10,team1,Team 1 (N/S),66,54,9,♣,finished,2026-05-17T16:37:36.752641+00:00
6845,INPROC_2FD316,1,10,team2,Team 2 (E/W),55,65,38,♠,finished,2026-05-17T16:37:36.767220+00:00
6846,INPROC_17B333,1,10,team1,Team 1 (N/S),96,24,37,♠,finished,2026-05-17T16:37:36.782582+00:00
6847,INPROC_C39361,1,10,team2,Team 2 (E/W),36,84,34,♠,finished,2026-05-17T16:37:36.797376+00:00
6848,INPROC_733EE2,1,10,team2,Team 2 (E/W),50,70,28,♥,finished,2026-05-17T16:37:36.815385+00:00
6849,INPROC_97F6D9,1,10,team2,Team 2 (E/W),56,64,30,♠,finished,2026-05-17T16:37:36.830858+00:00
6850,INPROC_1A7DFD,1,10,team2,Team 2 (E/W),31,89,12,♦,finished,2026-05-17T16:37:36.846541+00:00
6851,INPROC_637F52,1,10,team1,Team 1 (N/S),75,45,13,♦,finished,2026-05-17T16:37:36.864156+00:00
6852,INPROC_555446,1,10,team2,Team 2 (E/W),6,114,6,♣,finished,2026-05-17T16:37:36.878140+00:00
6853,INPROC_C8A059,1,10,team1,Team 1 (N/S),88,32,22,♥,finished,2026-05-17T16:37:36.895353+00:00
6854,INPROC_81D986,1,10,team1,Team 1 (N/S),62,58,2,♣,finished,2026-05-17T16:37:36.912075+00:00
6855,INPROC_F44670,1,10,team2,Team 2 (E/W),22,98,0,♣,finished,2026-05-17T16:37:36.927257+00:00
6856,INPROC_9EF456,1,10,team1,Team 1 (N/S),69,51,12,♦,finished,2026-05-17T16:37:36.941895+00:00
6857,INPROC_C9B3F2,1,10,team2,Team 2 (E/W),13,107,37,♠,finished,2026-05-17T16:37:36.958360+00:00
6858,INPROC_681F9E,1,10,team1,Team 1 (N/S),61,59,17,♦,finished,2026-05-17T16:37:36.973437+00:00
6859,INPROC_7D0833,1,10,team2,Team 2 (E/W),57,63,34,♠,finished,2026-05-17T16:37:36.991525+00:00
6860,INPROC_E87D64,1,10,team1,Team 1 (N/S),69,51,9,♣,finished,2026-05-17T16:37:37.006639+00:00
6861,INPROC_A159D8,1,10,team2,Team 2 (E/W),57,63,37,♠,finished,2026-05-17T16:37:37.023996+00:00
6862,INPROC_D3AC40,1,10,team2,Team 2 (E/W),26,94,20,♥,finished,2026-05-17T16:37:37.040034+00:00
6863,INPROC_99F6AA,1,10,team2,Team 2 (E/W),35,85,38,♠,finished,2026-05-17T16:37:37.058228+00:00
6864,INPROC_066514,1,10,team2,Team 2 (E/W),40,80,12,♦,finished,2026-05-17T16:37:37.070863+00:00
6865,INPROC_3668D5,1,10,team2,Team 2 (E/W),30,90,34,♠,finished,2026-05-17T16:37:37.084662+00:00
6866,INPROC_3CE8A8,1,10,team2,Team 2 (E/W),14,106,6,♣,finished,2026-05-17T16:37:37.098046+00:00
6867,INPROC_101C60,1,10,team2,Team 2 (E/W),43,77,4,♣,finished,2026-05-17T16:37:37.113828+00:00
6868,INPROC_46A70A,1,10,team1,Team 1 (N/S),86,34,31,♠,finished,2026-05-17T16:37:37.128487+00:00
6869,INPROC_A19C78,1,10,team1,Team 1 (N/S),76,44,0,♣,finished,2026-05-17T16:37:37.143800+00:00
6870,INPROC_AD2B5C,1,10,team2,Team 2 (E/W),43,77,6,♣,finished,2026-05-17T16:37:37.159906+00:00
6871,INPROC_042878,1,10,team2,Team 2 (E/W),48,72,25,♥,finished,2026-05-17T16:37:37.175344+00:00
6872,INPROC_13C5DC,1,10,team2,Team 2 (E/W),57,63,2,♣,finished,2026-05-17T16:37:37.189928+00:00
6873,INPROC_6EB914,1,10,team2,Team 2 (E/W),19,101,23,♥,finished,2026-05-17T16:37:37.207905+00:00
6874,INPROC_8D707B,1,10,team1,Team 1 (N/S),63,57,3,♣,finished,2026-05-17T16:37:37.224647+00:00
6875,INPROC_828E5D,1,10,team1,Team 1 (N/S),75,45,37,♠,finished,2026-05-17T16:37:37.241447+00:00
6876,INPROC_7AC0F4,1,10,team1,Team 1 (N/S),81,39,10,♦,finished,2026-05-17T16:37:37.255399+00:00
6877,INPROC_95118F,1,10,team2,Team 2 (E/W),59,61,27,♥,finished,2026-05-17T16:37:37.272192+00:00
6878,INPROC_1F97B0,1,10,team1,Team 1 (N/S),63,57,21,♥,finished,2026-05-17T16:37:37.288196+00:00
6879,INPROC_09D35E,1,10,team1,Team 1 (N/S),68,52,27,♥,finished,2026-05-17T16:37:37.306033+00:00
6880,INPROC_138827,1,10,team2,Team 2 (E/W),30,90,8,♣,finished,2026-05-17T16:37:37.321250+00:00
6881,INPROC_7B2117,1,10,team2,Team 2 (E/W),37,83,13,♦,finished,2026-05-17T16:37:37.339607+00:00
6882,INPROC_EF6091,1,10,team2,Team 2 (E/W),38,82,19,♦,finished,2026-05-17T16:37:37.356061+00:00
6883,INPROC_E55257,1,10,team1,Team 1 (N/S),74,46,39,♠,finished,2026-05-17T16:37:37.373529+00:00
6884,INPROC_A4C0BD,1,10,team2,Team 2 (E/W),6,114,29,♥,finished,2026-05-17T16:37:37.388921+00:00
6885,INPROC_C2463F,1,10,team1,Team 1 (N/S),68,52,38,♠,finished,2026-05-17T16:37:37.403901+00:00
6886,INPROC_BB372F,1,10,team2,Team 2 (E/W),14,106,19,♦,finished,2026-05-17T16:37:37.418498+00:00
6887,INPROC_4D28B2,1,10,team2,Team 2 (E/W),33,87,2,♣,finished,2026-05-17T16:37:37.432909+00:00
6888,INPROC_88233B,1,10,team1,Team 1 (N/S),66,54,5,♣,finished,2026-05-17T16:37:37.447381+00:00
6889,INPROC_C8D307,1,10,team2,Team 2 (E/W),52,68,14,♦,finished,2026-05-17T16:37:37.462647+00:00
6890,INPROC_0CD380,1,10,team2,Team 2 (E/W),28,92,2,♣,finished,2026-05-17T16:37:37.478101+00:00
6891,INPROC_3D21C7,1,10,team1,Team 1 (N/S),103,17,7,♣,finished,2026-05-17T16:37:37.493200+00:00
6892,INPROC_0ED887,1,10,team1,Team 1 (N/S),67,53,13,♦,finished,2026-05-17T16:37:37.509767+00:00
6893,INPROC_E9270E,1,10,team1,Team 1 (N/S),75,45,5,♣,finished,2026-05-17T16:37:37.525817+00:00
6894,INPROC_11EFF4,1,10,team1,Team 1 (N/S),72,48,24,♥,finished,2026-05-17T16:37:37.544156+00:00
6895,INPROC_7B70B2,1,10,team1,Team 1 (N/S),76,44,36,♠,finished,2026-05-17T16:37:37.557855+00:00
6896,INPROC_A1D226,1,10,team1,Team 1 (N/S),100,20,15,♦,finished,2026-05-17T16:37:37.574192+00:00
6897,INPROC_8A49A2,1,10,team2,Team 2 (E/W),55,65,10,♦,finished,2026-05-17T16:37:37.591547+00:00
6898,INPROC_DB8AD5,1,10,team2,Team 2 (E/W),41,79,23,♥,finished,2026-05-17T16:37:37.604940+00:00
6899,INPROC_B86A91,1,10,team2,Team 2 (E/W),56,64,39,♠,finished,2026-05-17T16:37:37.619579+00:00
6900,INPROC_85E662,1,10,team2,Team 2 (E/W),16,104,18,♦,finished,2026-05-17T16:37:37.634651+00:00
6901,INPROC_C77CB1,1,10,team2,Team 2 (E/W),51,69,9,♣,finished,2026-05-17T16:37:37.649999+00:00
6902,INPROC_F18212,1,10,team2,Team 2 (E/W),56,64,26,♥,finished,2026-05-17T16:37:37.668576+00:00
6903,INPROC_A66234,1,10,team1,Team 1 (N/S),105,15,14,♦,finished,2026-05-17T16:37:37.685573+00:00
6904,INPROC_ABFAA6,1,10,team1,Team 1 (N/S),94,26,0,♣,finished,2026-05-17T16:37:37.700380+00:00
6905,INPROC_158AAD,1,10,team2,Team 2 (E/W),34,86,32,♠,finished,2026-05-17T16:37:37.716693+00:00
6906,INPROC_9E0FCB,1,10,team2,Team 2 (E/W),41,79,8,♣,finished,2026-05-17T16:37:37.732760+00:00
6907,INPROC_DE79BE,1,10,team1,Team 1 (N/S),72,48,30,♠,finished,2026-05-17T16:37:37.749605+00:00
6908,INPROC_7B0364,1,10,team2,Team 2 (E/W),28,92,37,♠,finished,2026-05-17T16:37:37.764548+00:00
6909,INPROC_91EBE8,1,10,team2,Team 2 (E/W),8,112,2,♣,finished,2026-05-17T16:37:37.780497+00:00
6910,INPROC_4D5B38,1,10,team2,Team 2 (E/W),23,97,13,♦,finished,2026-05-17T16:37:37.796370+00:00
6911,INPROC_6180D8,1,10,team2,Team 2 (E/W),57,63,27,♥,finished,2026-05-17T16:37:37.813047+00:00
6912,INPROC_ADD4BF,1,10,team2,Team 2 (E/W),0,120,28,♥,finished,2026-05-17T16:37:37.828734+00:00
6913,INPROC_D8786D,1,10,team2,Team 2 (E/W),58,62,33,♠,finished,2026-05-17T16:37:37.845599+00:00
6914,INPROC_B7B2E4,1,10,team1,Team 1 (N/S),71,49,31,♠,finished,2026-05-17T16:37:37.859828+00:00
6915,INPROC_FD341D,1,10,team1,Team 1 (N/S),109,11,2,♣,finished,2026-05-17T16:37:37.875341+00:00
6916,INPROC_5AABDB,1,10,team1,Team 1 (N/S),65,55,12,♦,finished,2026-05-17T16:37:37.892363+00:00
6917,INPROC_41B533,1,10,team1,Team 1 (N/S),75,45,30,♠,finished,2026-05-17T16:37:37.907135+00:00
6918,INPROC_89E955,1,10,team1,Team 1 (N/S),78,42,8,♣,finished,2026-05-17T16:37:37.922320+00:00
6919,INPROC_CF31FC,1,10,team2,Team 2 (E/W),57,63,29,♥,finished,2026-05-17T16:37:37.938003+00:00
6920,INPROC_EC0254,1,10,team2,Team 2 (E/W),38,82,18,♦,finished,2026-05-17T16:37:37.953034+00:00
6921,INPROC_0A8A17,1,10,team2,Team 2 (E/W),26,94,32,♠,finished,2026-05-17T16:37:37.968455+00:00
6922,INPROC_CA0657,1,10,team1,Team 1 (N/S),85,35,5,♣,finished,2026-05-17T16:37:37.985161+00:00
6923,INPROC_7A1207,1,10,team1,Team 1 (N/S),107,13,18,♦,finished,2026-05-17T16:37:38.000767+00:00
6924,INPROC_11B506,1,10,team2,Team 2 (E/W),43,77,12,♦,finished,2026-05-17T16:37:38.015927+00:00
6925,INPROC_CF1BC9,1,10,team2,Team 2 (E/W),12,108,0,♣,finished,2026-05-17T16:37:38.031656+00:00
6926,INPROC_10AFC0,1,10,team1,Team 1 (N/S),75,45,39,♠,finished,2026-05-17T16:37:38.048006+00:00
6927,INPROC_7DB794,1,10,team2,Team 2 (E/W),7,113,9,♣,finished,2026-05-17T16:37:38.064295+00:00
6928,INPROC_999262,1,10,team1,Team 1 (N/S),66,54,22,♥,finished,2026-05-17T16:37:38.080896+00:00
6929,INPROC_A2B24C,1,10,team2,Team 2 (E/W),55,65,15,♦,finished,2026-05-17T16:37:38.096604+00:00
6930,INPROC_5183BD,1,10,team2,Team 2 (E/W),53,67,2,♣,finished,2026-05-17T16:37:38.116330+00:00
6931,INPROC_ECE1F7,1,10,team1,Team 1 (N/S),78,42,35,♠,finished,2026-05-17T16:37:38.135348+00:00
6932,INPROC_529F90,1,10,team1,Team 1 (N/S),78,42,8,♣,finished,2026-05-17T16:37:38.153282+00:00
6933,INPROC_F6D4C1,1,10,team2,Team 2 (E/W),44,76,29,♥,finished,2026-05-17T16:37:38.170374+00:00
6934,INPROC_08BDC8,1,10,team2,Team 2 (E/W),58,62,7,♣,finished,2026-05-17T16:37:38.186679+00:00
6935,INPROC_414D1A,1,10,team1,Team 1 (N/S),96,24,39,♠,finished,2026-05-17T16:37:38.203033+00:00
6936,INPROC_55C85F,1,10,team2,Team 2 (E/W),34,86,15,♦,finished,2026-05-17T16:37:38.221993+00:00
6937,INPROC_FB47B8,1,10,team1,Team 1 (N/S),70,50,7,♣,finished,2026-05-17T16:37:38.241555+00:00
6938,INPROC_D69A27,1,10,team2,Team 2 (E/W),28,92,3,♣,finished,2026-05-17T16:37:38.262974+00:00
6939,INPROC_950CA5,1,10,team1,Team 1 (N/S),77,43,23,♥,finished,2026-05-17T16:37:38.282646+00:00
6940,INPROC_71E5B8,1,10,team2,Team 2 (E/W),44,76,16,♦,finished,2026-05-17T16:37:38.301699+00:00
6941,INPROC_CB3CCB,1,10,team2,Team 2 (E/W),31,89,37,♠,finished,2026-05-17T16:37:38.319781+00:00
6942,INPROC_F75306,1,10,team2,Team 2 (E/W),13,107,26,♥,finished,2026-05-17T16:37:38.337620+00:00
6943,INPROC_A4BBE2,1,10,team2,Team 2 (E/W),59,61,31,♠,finished,2026-05-17T16:37:38.357337+00:00
6944,INPROC_A8F612,1,10,team2,Team 2 (E/W),51,69,20,♥,finished,2026-05-17T16:37:38.374897+00:00
6945,INPROC_BFC398,1,10,team2,Team 2 (E/W),57,63,1,♣,finished,2026-05-17T16:37:38.392835+00:00
6946,INPROC_E07B6B,1,10,team1,Team 1 (N/S),100,20,2,♣,finished,2026-05-17T16:37:38.411166+00:00
6947,INPROC_7A3C12,1,10,team2,Team 2 (E/W),48,72,35,♠,finished,2026-05-17T16:37:38.430878+00:00
6948,INPROC_D64DC3,1,10,team1,Team 1 (N/S),66,54,0,♣,finished,2026-05-17T16:37:38.450394+00:00
6949,INPROC_DF4921,1,10,team1,Team 1 (N/S),71,49,24,♥,finished,2026-05-17T16:37:38.468402+00:00
6950,INPROC_1D7BC6,1,10,team1,Team 1 (N/S),82,38,22,♥,finished,2026-05-17T16:37:38.487054+00:00
6951,INPROC_108C31,1,10,team2,Team 2 (E/W),57,63,28,♥,finished,2026-05-17T16:37:38.505885+00:00
6952,INPROC_E37AD0,1,10,team2,Team 2 (E/W),45,75,4,♣,finished,2026-05-17T16:37:38.525085+00:00
6953,INPROC_F71A1D,1,10,team2,Team 2 (E/W),40,80,6,♣,finished,2026-05-17T16:37:38.544510+00:00
6954,INPROC_0666F5,1,10,team1,Team 1 (N/S),96,24,6,♣,finished,2026-05-17T16:37:38.562909+00:00
6955,INPROC_F81A64,1,10,team1,Team 1 (N/S),63,57,4,♣,finished,2026-05-17T16:37:38.576829+00:00
6956,INPROC_54F3A7,1,10,team2,Team 2 (E/W),53,67,8,♣,finished,2026-05-17T16:37:38.595096+00:00
6957,INPROC_B2FDD6,1,10,team1,Team 1 (N/S),72,48,18,♦,finished,2026-05-17T16:37:38.612467+00:00
6958,INPROC_E8A435,1,10,team2,Team 2 (E/W),56,64,15,♦,finished,2026-05-17T16:37:38.630545+00:00
6959,INPROC_E3EB5A,1,10,team2,Team 2 (E/W),58,62,20,♥,finished,2026-05-17T16:37:38.652144+00:00
6960,INPROC_F47076,1,10,team1,Team 1 (N/S),73,47,29,♥,finished,2026-05-17T16:37:38.669557+00:00
6961,INPROC_108287,1,10,team1,Team 1 (N/S),115,5,30,♠,finished,2026-05-17T16:37:38.686044+00:00
6962,INPROC_42B657,1,10,team1,Team 1 (N/S),73,47,11,♦,finished,2026-05-17T16:37:38.712361+00:00
6963,INPROC_60DF4E,1,10,team2,Team 2 (E/W),16,104,3,♣,finished,2026-05-17T16:37:38.735040+00:00
6964,INPROC_345D9C,1,10,team1,Team 1 (N/S),66,54,28,♥,finished,2026-05-17T16:37:38.753905+00:00
6965,INPROC_2681BD,1,10,team2,Team 2 (E/W),52,68,13,♦,finished,2026-05-17T16:37:38.772682+00:00
6966,INPROC_04359A,1,10,team1,Team 1 (N/S),64,56,14,♦,finished,2026-05-17T16:37:38.786185+00:00
6967,INPROC_97CE88,1,10,team2,Team 2 (E/W),20,100,12,♦,finished,2026-05-17T16:37:38.803896+00:00
6968,INPROC_D2EB8A,1,10,team2,Team 2 (E/W),18,102,2,♣,finished,2026-05-17T16:37:38.822678+00:00
6969,INPROC_F51691,1,10,team2,Team 2 (E/W),17,103,39,♠,finished,2026-05-17T16:37:38.836687+00:00
6970,INPROC_0653FE,1,10,team2,Team 2 (E/W),11,109,35,♠,finished,2026-05-17T16:37:38.850834+00:00
6971,INPROC_7153A3,1,10,team1,Team 1 (N/S),69,51,32,♠,finished,2026-05-17T16:37:38.867865+00:00
6972,INPROC_688E4F,1,10,team1,Team 1 (N/S),78,42,25,♥,finished,2026-05-17T16:37:38.883040+00:00
6973,INPROC_8F6A63,1,10,team1,Team 1 (N/S),69,51,37,♠,finished,2026-05-17T16:37:38.899737+00:00
6974,INPROC_6BB5D5,1,10,team2,Team 2 (E/W),49,71,35,♠,finished,2026-05-17T16:37:38.914558+00:00
6975,INPROC_B722C6,1,10,team2,Team 2 (E/W),0,120,13,♦,finished,2026-05-17T16:37:38.930162+00:00
6976,INPROC_EDDBA9,1,10,team2,Team 2 (E/W),59,61,24,♥,finished,2026-05-17T16:37:38.946558+00:00
6977,INPROC_F701F2,1,10,team1,Team 1 (N/S),69,51,10,♦,finished,2026-05-17T16:37:38.963123+00:00
6978,INPROC_432808,1,10,team2,Team 2 (E/W),38,82,3,♣,finished,2026-05-17T16:37:38.980994+00:00
6979,INPROC_EAC68C,1,10,team1,Team 1 (N/S),66,54,28,♥,finished,2026-05-17T16:37:38.996495+00:00
6980,INPROC_21433B,1,10,team2,Team 2 (E/W),46,74,20,♥,finished,2026-05-17T16:37:39.012300+00:00
6981,INPROC_01B6E3,1,10,team1,Team 1 (N/S),80,40,0,♣,finished,2026-05-17T16:37:39.028323+00:00
6982,INPROC_597F19,1,10,team2,Team 2 (E/W),42,78,14,♦,finished,2026-05-17T16:37:39.045163+00:00
6983,INPROC_7888C6,1,10,team2,Team 2 (E/W),53,67,17,♦,finished,2026-05-17T16:37:39.062997+00:00
6984,INPROC_051DB6,1,10,team1,Team 1 (N/S),70,50,30,♠,finished,2026-05-17T16:37:39.080224+00:00
6985,INPROC_EAD3E8,1,10,team1,Team 1 (N/S),68,52,12,♦,finished,2026-05-17T16:37:39.096478+00:00
6986,INPROC_85907C,1,10,team2,Team 2 (E/W),55,65,11,♦,finished,2026-05-17T16:37:39.113980+00:00
6987,INPROC_A3A7A9,1,10,team1,Team 1 (N/S),69,51,13,♦,finished,2026-05-17T16:37:39.131253+00:00
6988,INPROC_A18DA3,1,10,team2,Team 2 (E/W),57,63,18,♦,finished,2026-05-17T16:37:39.147464+00:00
6989,INPROC_CB7F25,1,10,team2,Team 2 (E/W),39,81,20,♥,finished,2026-05-17T16:37:39.161340+00:00
6990,INPROC_1AB4E7,1,10,team2,Team 2 (E/W),26,94,10,♦,finished,2026-05-17T16:37:39.178296+00:00
6991,INPROC_60E01B,1,10,team1,Team 1 (N/S),88,32,31,♠,finished,2026-05-17T16:37:39.198786+00:00
6992,INPROC_A7301A,1,10,team2,Team 2 (E/W),38,82,33,♠,finished,2026-05-17T16:37:39.214543+00:00
6993,INPROC_52C9B4,1,10,team1,Team 1 (N/S),101,19,32,♠,finished,2026-05-17T16:37:39.230902+00:00
6994,INPROC_7D8033,1,10,team2,Team 2 (E/W),39,81,8,♣,finished,2026-05-17T16:37:39.248961+00:00
6995,INPROC_C39B0D,1,10,team2,Team 2 (E/W),39,81,19,♦,finished,2026-05-17T16:37:39.268099+00:00
6996,INPROC_26F315,1,10,team1,Team 1 (N/S),65,55,5,♣,finished,2026-05-17T16:37:39.286846+00:00
6997,INPROC_B9613C,1,10,team1,Team 1 (N/S),81,39,15,♦,finished,2026-05-17T16:37:39.305006+00:00
6998,INPROC_2FF269,1,10,team2,Team 2 (E/W),17,103,31,♠,finished,2026-05-17T16:37:39.321876+00:00
6999,INPROC_16F9AE,1,10,team2,Team 2 (E/W),30,90,39,♠,finished,2026-05-17T16:37:39.341225+00:00
7000,INPROC_044753,1,10,team1,Team 1 (N/S),67,53,18,♦,finished,2026-05-17T16:37:39.360232+00:00
7001,INPROC_2B27A3,1,10,team1,Team 1 (N/S),66,54,14,♦,finished,2026-05-17T16:37:39.383201+00:00
7002,INPROC_A661C2,1,10,team1,Team 1 (N/S),120,0,33,♠,finished,2026-05-17T16:37:39.403322+00:00
7003,INPROC_DA6436,1,10,team2,Team 2 (E/W),30,90,8,♣,finished,2026-05-17T16:37:39.416140+00:00
7004,INPROC_6E6FE8,1,10,team2,Team 2 (E/W),24,96,28,♥,finished,2026-05-17T16:37:39.430895+00:00
7005,INPROC_6E80C6,1,10,team1,Team 1 (N/S),77,43,25,♥,finished,2026-05-17T16:37:39.446454+00:00
7006,INPROC_A77A7A,1,10,team2,Team 2 (E/W),51,69,29,♥,finished,2026-05-17T16:37:39.462580+00:00
7007,INPROC_6E2A36,1,10,team1,Team 1 (N/S),65,55,29,♥,finished,2026-05-17T16:37:39.479943+00:00
7008,INPROC_8301B7,1,10,team2,Team 2 (E/W),31,89,33,♠,finished,2026-05-17T16:37:39.493849+00:00
7009,INPROC_7A3E3B,1,10,team1,Team 1 (N/S),118,2,24,♥,finished,2026-05-17T16:37:39.507569+00:00
7010,INPROC_B21AB6,1,10,team2,Team 2 (E/W),46,74,20,♥,finished,2026-05-17T16:37:39.523404+00:00
7011,INPROC_644F3D,1,10,team2,Team 2 (E/W),24,96,28,♥,finished,2026-05-17T16:37:39.537753+00:00
7012,INPROC_1E8AFC,1,10,team2,Team 2 (E/W),22,98,25,♥,finished,2026-05-17T16:37:39.555637+00:00
7013,INPROC_69FF65,1,10,team2,Team 2 (E/W),44,76,2,♣,finished,2026-05-17T16:37:39.571849+00:00
7014,INPROC_D69894,1,10,team2,Team 2 (E/W),38,82,24,♥,finished,2026-05-17T16:37:39.585593+00:00
7015,INPROC_6FF221,1,10,team2,Team 2 (E/W),28,92,12,♦,finished,2026-05-17T16:37:39.600268+00:00
7016,INPROC_B37DB7,1,10,team2,Team 2 (E/W),59,61,39,♠,finished,2026-05-17T16:37:39.614729+00:00
7017,INPROC_D93B07,1,10,team2,Team 2 (E/W),53,67,36,♠,finished,2026-05-17T16:37:39.630074+00:00
7018,INPROC_D41F97,1,10,team2,Team 2 (E/W),54,66,18,♦,finished,2026-05-17T16:37:39.646034+00:00
7019,INPROC_C23FA1,1,10,team2,Team 2 (E/W),47,73,20,♥,finished,2026-05-17T16:37:39.662369+00:00
7020,INPROC_D6ACAF,1,10,team1,Team 1 (N/S),74,46,2,♣,finished,2026-05-17T16:37:39.678997+00:00
7021,INPROC_E4EE13,1,10,team2,Team 2 (E/W),51,69,35,♠,finished,2026-05-17T16:37:39.694927+00:00
7022,INPROC_8B370F,1,10,team2,Team 2 (E/W),38,82,20,♥,finished,2026-05-17T16:37:39.711171+00:00
7023,INPROC_424A45,1,10,team2,Team 2 (E/W),46,74,27,♥,finished,2026-05-17T16:37:39.723959+00:00
7024,INPROC_51DF7B,1,10,team1,Team 1 (N/S),79,41,12,♦,finished,2026-05-17T16:37:39.740981+00:00
7025,INPROC_43B81C,1,10,team2,Team 2 (E/W),27,93,9,♣,finished,2026-05-17T16:37:39.756420+00:00
7026,INPROC_B2E2BC,1,10,team2,Team 2 (E/W),50,70,13,♦,finished,2026-05-17T16:37:39.772559+00:00
7027,INPROC_EF92EF,1,10,team1,Team 1 (N/S),80,40,7,♣,finished,2026-05-17T16:37:39.790368+00:00
7028,INPROC_305949,1,10,team1,Team 1 (N/S),67,53,29,♥,finished,2026-05-17T16:37:39.806371+00:00
7029,INPROC_7A18DA,1,10,team1,Team 1 (N/S),100,20,6,♣,finished,2026-05-17T16:37:39.822632+00:00
7030,INPROC_3B09E5,1,10,team1,Team 1 (N/S),71,49,22,♥,finished,2026-05-17T16:37:39.840327+00:00
7031,INPROC_9B6796,1,10,team2,Team 2 (E/W),33,87,2,♣,finished,2026-05-17T16:37:39.853303+00:00
7032,INPROC_8F6C1C,1,10,team2,Team 2 (E/W),33,87,23,♥,finished,2026-05-17T16:37:39.871098+00:00
7033,INPROC_0E936C,1,10,team2,Team 2 (E/W),24,96,34,♠,finished,2026-05-17T16:37:39.885003+00:00
7034,INPROC_833A16,1,10,team2,Team 2 (E/W),57,63,39,♠,finished,2026-05-17T16:37:39.900334+00:00
7035,INPROC_500D00,1,10,team1,Team 1 (N/S),65,55,10,♦,finished,2026-05-17T16:37:39.916921+00:00
7036,INPROC_C4EF04,1,10,team2,Team 2 (E/W),59,61,39,♠,finished,2026-05-17T16:37:39.934246+00:00
7037,INPROC_F9F4B5,1,10,team1,Team 1 (N/S),74,46,15,♦,finished,2026-05-17T16:37:39.947235+00:00
7038,INPROC_0CAE0D,1,10,team1,Team 1 (N/S),73,47,12,♦,finished,2026-05-17T16:37:39.962427+00:00
7039,INPROC_B6E925,1,10,team1,Team 1 (N/S),85,35,34,♠,finished,2026-05-17T16:37:39.979439+00:00
7040,INPROC_C8FA84,1,10,team2,Team 2 (E/W),32,88,12,♦,finished,2026-05-17T16:37:39.995388+00:00
7041,INPROC_D912F2,1,10,team1,Team 1 (N/S),82,38,39,♠,finished,2026-05-17T16:37:40.009856+00:00
7042,INPROC_2F2A06,1,10,team2,Team 2 (E/W),21,99,6,♣,finished,2026-05-17T16:37:40.026669+00:00
7043,INPROC_D0777C,1,10,team1,Team 1 (N/S),84,36,32,♠,finished,2026-05-17T16:37:40.043798+00:00
7044,INPROC_B0038C,1,10,team1,Team 1 (N/S),65,55,14,♦,finished,2026-05-17T16:37:40.059635+00:00
7045,INPROC_F6389D,1,10,team1,Team 1 (N/S),96,24,15,♦,finished,2026-05-17T16:37:40.076043+00:00
7046,INPROC_BB2AC6,1,10,team2,Team 2 (E/W),26,94,11,♦,finished,2026-05-17T16:37:40.093071+00:00
7047,INPROC_89BF6E,1,10,team2,Team 2 (E/W),42,78,2,♣,finished,2026-05-17T16:37:40.110103+00:00
7048,INPROC_69C7CE,1,10,team1,Team 1 (N/S),67,53,0,♣,finished,2026-05-17T16:37:40.125097+00:00
7049,INPROC_6BA519,1,10,draw,draw,60,60,32,♠,finished,2026-05-17T16:37:40.140530+00:00
7050,INPROC_A7DC1D,1,10,team2,Team 2 (E/W),58,62,27,♥,finished,2026-05-17T16:37:40.157216+00:00
7051,INPROC_224026,1,10,team2,Team 2 (E/W),31,89,30,♠,finished,2026-05-17T16:37:40.174870+00:00
7052,INPROC_6A4A6C,1,10,team1,Team 1 (N/S),63,57,21,♥,finished,2026-05-17T16:37:40.191089+00:00
7053,INPROC_F36B1A,1,10,team2,Team 2 (E/W),39,81,15,♦,finished,2026-05-17T16:37:40.209203+00:00
7054,INPROC_4E8B39,1,10,team1,Team 1 (N/S),67,53,20,♥,finished,2026-05-17T16:37:40.227026+00:00
7055,INPROC_2FA59A,1,10,team1,Team 1 (N/S),76,44,9,♣,finished,2026-05-17T16:37:40.244987+00:00
7056,INPROC_9A832E,1,10,team2,Team 2 (E/W),55,65,4,♣,finished,2026-05-17T16:37:40.262741+00:00
7057,INPROC_1266E8,1,10,team2,Team 2 (E/W),15,105,14,♦,finished,2026-05-17T16:37:40.282493+00:00
7058,INPROC_CA0516,1,10,team1,Team 1 (N/S),81,39,34,♠,finished,2026-05-17T16:37:40.301630+00:00
7059,INPROC_ADEB03,1,10,team2,Team 2 (E/W),27,93,20,♥,finished,2026-05-17T16:37:40.320268+00:00
7060,INPROC_627FC5,1,10,team2,Team 2 (E/W),55,65,5,♣,finished,2026-05-17T16:37:40.337692+00:00
7061,INPROC_3BF918,1,10,team2,Team 2 (E/W),35,85,6,♣,finished,2026-05-17T16:37:40.356732+00:00
7062,INPROC_2FF863,1,10,team2,Team 2 (E/W),16,104,24,♥,finished,2026-05-17T16:37:40.374155+00:00
7063,INPROC_0C1A4E,1,10,team2,Team 2 (E/W),33,87,27,♥,finished,2026-05-17T16:37:40.390595+00:00
7064,INPROC_7A8AA9,1,10,team2,Team 2 (E/W),29,91,32,♠,finished,2026-05-17T16:37:40.407845+00:00
7065,INPROC_C2A8F7,1,10,team2,Team 2 (E/W),54,66,32,♠,finished,2026-05-17T16:37:40.426264+00:00
7066,INPROC_BE2E4C,1,10,team1,Team 1 (N/S),83,37,16,♦,finished,2026-05-17T16:37:40.440358+00:00
7067,INPROC_B212E1,1,10,team2,Team 2 (E/W),43,77,23,♥,finished,2026-05-17T16:37:40.456943+00:00
7068,INPROC_22271E,1,10,team1,Team 1 (N/S),63,57,22,♥,finished,2026-05-17T16:37:40.473873+00:00
7069,INPROC_6C3512,1,10,team2,Team 2 (E/W),48,72,16,♦,finished,2026-05-17T16:37:40.490094+00:00
7070,INPROC_3C722B,1,10,team1,Team 1 (N/S),88,32,0,♣,finished,2026-05-17T16:37:40.506080+00:00
7071,INPROC_F10F4F,1,10,team2,Team 2 (E/W),32,88,21,♥,finished,2026-05-17T16:37:40.522738+00:00
7072,INPROC_18888E,1,10,team2,Team 2 (E/W),11,109,19,♦,finished,2026-05-17T16:37:40.539004+00:00
7073,INPROC_BE0EDB,1,10,team2,Team 2 (E/W),49,71,16,♦,finished,2026-05-17T16:37:40.555433+00:00
7074,INPROC_6D5D07,1,10,team2,Team 2 (E/W),47,73,27,♥,finished,2026-05-17T16:37:40.571334+00:00
7075,INPROC_3331C3,1,10,team1,Team 1 (N/S),71,49,35,♠,finished,2026-05-17T16:37:40.586964+00:00
7076,INPROC_196496,1,10,team2,Team 2 (E/W),54,66,33,♠,finished,2026-05-17T16:37:40.602870+00:00
7077,INPROC_3FDB1A,1,10,team2,Team 2 (E/W),33,87,15,♦,finished,2026-05-17T16:37:40.619169+00:00
7078,INPROC_866A13,1,10,team2,Team 2 (E/W),42,78,3,♣,finished,2026-05-17T16:37:40.630189+00:00
7079,INPROC_F1ECFA,1,10,team2,Team 2 (E/W),46,74,20,♥,finished,2026-05-17T16:37:40.647158+00:00
7080,INPROC_7ABEB2,1,10,team1,Team 1 (N/S),96,24,31,♠,finished,2026-05-17T16:37:40.664437+00:00
7081,INPROC_DB0361,1,10,team1,Team 1 (N/S),62,58,26,♥,finished,2026-05-17T16:37:40.681737+00:00
7082,INPROC_013A06,1,10,team2,Team 2 (E/W),29,91,17,♦,finished,2026-05-17T16:37:40.699573+00:00
7083,INPROC_FB8B5D,1,10,team1,Team 1 (N/S),61,59,7,♣,finished,2026-05-17T16:37:40.714927+00:00
7084,INPROC_967ECA,1,10,team1,Team 1 (N/S),92,28,3,♣,finished,2026-05-17T16:37:40.730395+00:00
7085,INPROC_5F1DF5,1,10,team1,Team 1 (N/S),64,56,16,♦,finished,2026-05-17T16:37:40.745724+00:00
7086,INPROC_70ED9E,1,10,team1,Team 1 (N/S),63,57,15,♦,finished,2026-05-17T16:37:40.763994+00:00
7087,INPROC_6B2EB3,1,10,team2,Team 2 (E/W),37,83,36,♠,finished,2026-05-17T16:37:40.779721+00:00
7088,INPROC_783FFD,1,10,team1,Team 1 (N/S),77,43,12,♦,finished,2026-05-17T16:37:40.795896+00:00
7089,INPROC_E5C268,1,10,team1,Team 1 (N/S),88,32,37,♠,finished,2026-05-17T16:37:40.812142+00:00
7090,INPROC_AB7505,1,10,team2,Team 2 (E/W),40,80,20,♥,finished,2026-05-17T16:37:40.827694+00:00
7091,INPROC_118314,1,10,team1,Team 1 (N/S),87,33,23,♥,finished,2026-05-17T16:37:40.841936+00:00
7092,INPROC_09B11F,1,10,team2,Team 2 (E/W),6,114,38,♠,finished,2026-05-17T16:37:40.859634+00:00
7093,INPROC_2F8191,1,10,team2,Team 2 (E/W),20,100,17,♦,finished,2026-05-17T16:37:40.876126+00:00
7094,INPROC_0F3D2B,1,10,team2,Team 2 (E/W),51,69,35,♠,finished,2026-05-17T16:37:40.891180+00:00
7095,INPROC_0C5601,1,10,team1,Team 1 (N/S),92,28,35,♠,finished,2026-05-17T16:37:40.909031+00:00
7096,INPROC_F7CF9E,1,10,team1,Team 1 (N/S),76,44,9,♣,finished,2026-05-17T16:37:40.926987+00:00
7097,INPROC_52A0CE,1,10,team1,Team 1 (N/S),118,2,15,♦,finished,2026-05-17T16:37:40.944471+00:00
7098,INPROC_24A0BE,1,10,team1,Team 1 (N/S),74,46,36,♠,finished,2026-05-17T16:37:40.960263+00:00
7099,INPROC_0E7C74,1,10,team1,Team 1 (N/S),72,48,33,♠,finished,2026-05-17T16:37:40.974243+00:00
7100,INPROC_FE7D1A,1,10,team1,Team 1 (N/S),76,44,5,♣,finished,2026-05-17T16:37:40.989085+00:00
7101,INPROC_E142F8,1,10,team2,Team 2 (E/W),55,65,8,♣,finished,2026-05-17T16:37:41.007120+00:00
7102,INPROC_504757,1,10,team1,Team 1 (N/S),86,34,7,♣,finished,2026-05-17T16:37:41.022956+00:00
7103,INPROC_888C5A,1,10,team2,Team 2 (E/W),41,79,28,♥,finished,2026-05-17T16:37:41.037422+00:00
7104,INPROC_55683E,1,10,team1,Team 1 (N/S),64,56,15,♦,finished,2026-05-17T16:37:41.052909+00:00
7105,INPROC_49FA74,1,10,team1,Team 1 (N/S),94,26,1,♣,finished,2026-05-17T16:37:41.069129+00:00
7106,INPROC_23A178,1,10,team2,Team 2 (E/W),37,83,15,♦,finished,2026-05-17T16:37:41.084558+00:00
7107,INPROC_287256,1,10,team1,Team 1 (N/S),62,58,10,♦,finished,2026-05-17T16:37:41.101795+00:00
7108,INPROC_E2210B,1,10,team2,Team 2 (E/W),59,61,2,♣,finished,2026-05-17T16:37:41.116672+00:00
7109,INPROC_F4A473,1,10,team2,Team 2 (E/W),54,66,28,♥,finished,2026-05-17T16:37:41.130418+00:00
7110,INPROC_6733C1,1,10,team2,Team 2 (E/W),51,69,4,♣,finished,2026-05-17T16:37:41.147574+00:00
7111,INPROC_9D0141,1,10,team2,Team 2 (E/W),56,64,36,♠,finished,2026-05-17T16:37:41.164250+00:00
7112,INPROC_5D21EF,1,10,team1,Team 1 (N/S),75,45,14,♦,finished,2026-05-17T16:37:41.177778+00:00
7113,INPROC_A80D46,1,10,team2,Team 2 (E/W),40,80,37,♠,finished,2026-05-17T16:37:41.191606+00:00
7114,INPROC_3C87A0,1,10,team1,Team 1 (N/S),101,19,0,♣,finished,2026-05-17T16:37:41.207530+00:00
7115,INPROC_D157F6,1,10,team2,Team 2 (E/W),33,87,26,♥,finished,2026-05-17T16:37:41.223767+00:00
7116,INPROC_CFADC5,1,10,team1,Team 1 (N/S),63,57,22,♥,finished,2026-05-17T16:37:41.239420+00:00
7117,INPROC_7B09CB,1,10,team2,Team 2 (E/W),10,110,15,♦,finished,2026-05-17T16:37:41.256867+00:00
7118,INPROC_8B15FE,1,10,team1,Team 1 (N/S),80,40,4,♣,finished,2026-05-17T16:37:41.270666+00:00
7119,INPROC_75117E,1,10,team1,Team 1 (N/S),102,18,24,♥,finished,2026-05-17T16:37:41.290231+00:00
7120,INPROC_96FD8A,1,10,team2,Team 2 (E/W),45,75,36,♠,finished,2026-05-17T16:37:41.309744+00:00
7121,INPROC_AF90B8,1,10,team2,Team 2 (E/W),46,74,32,♠,finished,2026-05-17T16:37:41.329707+00:00
7122,INPROC_CB791C,1,10,team1,Team 1 (N/S),61,59,23,♥,finished,2026-05-17T16:37:41.350094+00:00
7123,INPROC_EEACEF,1,10,team1,Team 1 (N/S),81,39,38,♠,finished,2026-05-17T16:37:41.365786+00:00
7124,INPROC_F051FC,1,10,team1,Team 1 (N/S),88,32,0,♣,finished,2026-05-17T16:37:41.383540+00:00
7125,INPROC_D266D0,1,10,team2,Team 2 (E/W),31,89,14,♦,finished,2026-05-17T16:37:41.399810+00:00
7126,INPROC_A6303F,1,10,team2,Team 2 (E/W),44,76,37,♠,finished,2026-05-17T16:37:41.418491+00:00
7127,INPROC_C3CD67,1,10,team1,Team 1 (N/S),77,43,39,♠,finished,2026-05-17T16:37:41.436273+00:00
7128,INPROC_A4F998,1,10,team2,Team 2 (E/W),56,64,11,♦,finished,2026-05-17T16:37:41.455003+00:00
7129,INPROC_D969BB,1,10,team1,Team 1 (N/S),64,56,9,♣,finished,2026-05-17T16:37:41.472264+00:00
7130,INPROC_56E219,1,10,team1,Team 1 (N/S),82,38,3,♣,finished,2026-05-17T16:37:41.487573+00:00
7131,INPROC_4EBC7C,1,10,team2,Team 2 (E/W),43,77,37,♠,finished,2026-05-17T16:37:41.501801+00:00
7132,INPROC_91307A,1,10,team2,Team 2 (E/W),55,65,29,♥,finished,2026-05-17T16:37:41.518722+00:00
7133,INPROC_5A8015,1,10,team2,Team 2 (E/W),51,69,21,♥,finished,2026-05-17T16:37:41.536678+00:00
7134,INPROC_8EB00E,1,10,team2,Team 2 (E/W),0,120,28,♥,finished,2026-05-17T16:37:41.553804+00:00
7135,INPROC_DA94EE,1,10,team2,Team 2 (E/W),37,83,30,♠,finished,2026-05-17T16:37:41.570013+00:00
7136,INPROC_E3C699,1,10,team1,Team 1 (N/S),79,41,23,♥,finished,2026-05-17T16:37:41.584645+00:00
7137,INPROC_F7F91D,1,10,team2,Team 2 (E/W),41,79,11,♦,finished,2026-05-17T16:37:41.599614+00:00
7138,INPROC_DE77B7,1,10,draw,draw,60,60,2,♣,finished,2026-05-17T16:37:41.615650+00:00
7139,INPROC_BFFCBF,1,10,team2,Team 2 (E/W),30,90,34,♠,finished,2026-05-17T16:37:41.630937+00:00
7140,INPROC_8788B7,1,10,team2,Team 2 (E/W),47,73,26,♥,finished,2026-05-17T16:37:41.644096+00:00
7141,INPROC_7BE79F,1,10,team2,Team 2 (E/W),48,72,38,♠,finished,2026-05-17T16:37:41.658221+00:00
7142,INPROC_0AA3B0,1,10,team2,Team 2 (E/W),29,91,25,♥,finished,2026-05-17T16:37:41.673131+00:00
7143,INPROC_BF71AC,1,10,team1,Team 1 (N/S),112,8,25,♥,finished,2026-05-17T16:37:41.690098+00:00
7144,INPROC_3BC5AE,1,10,team2,Team 2 (E/W),56,64,14,♦,finished,2026-05-17T16:37:41.708280+00:00
7145,INPROC_0AC5F9,1,10,team2,Team 2 (E/W),26,94,38,♠,finished,2026-05-17T16:37:41.724357+00:00
7146,INPROC_92FC2C,1,10,team2,Team 2 (E/W),41,79,29,♥,finished,2026-05-17T16:37:41.739837+00:00
7147,INPROC_22080B,1,10,team2,Team 2 (E/W),30,90,14,♦,finished,2026-05-17T16:37:41.755266+00:00
7148,INPROC_AF5FB0,1,10,team1,Team 1 (N/S),76,44,3,♣,finished,2026-05-17T16:37:41.771140+00:00
7149,INPROC_AA32BF,1,10,team1,Team 1 (N/S),89,31,33,♠,finished,2026-05-17T16:37:41.786925+00:00
7150,INPROC_DD6E99,1,10,team2,Team 2 (E/W),0,120,23,♥,finished,2026-05-17T16:37:41.804325+00:00
7151,INPROC_17B2BF,1,10,team2,Team 2 (E/W),46,74,6,♣,finished,2026-05-17T16:37:41.821147+00:00
7152,INPROC_06DFE0,1,10,team1,Team 1 (N/S),65,55,2,♣,finished,2026-05-17T16:37:41.840827+00:00
7153,INPROC_5DD43F,1,10,team1,Team 1 (N/S),87,33,16,♦,finished,2026-05-17T16:37:41.856961+00:00
7154,INPROC_EE67D5,1,10,team1,Team 1 (N/S),80,40,26,♥,finished,2026-05-17T16:37:41.876328+00:00
7155,INPROC_F40BDE,1,10,team2,Team 2 (E/W),42,78,8,♣,finished,2026-05-17T16:37:41.891444+00:00
7156,INPROC_4350E6,1,10,team2,Team 2 (E/W),18,102,23,♥,finished,2026-05-17T16:37:41.908631+00:00
7157,INPROC_B23448,1,10,team2,Team 2 (E/W),24,96,37,♠,finished,2026-05-17T16:37:41.925263+00:00
7158,INPROC_F63C4E,1,10,team2,Team 2 (E/W),41,79,24,♥,finished,2026-05-17T16:37:41.943655+00:00
7159,INPROC_1B2860,1,10,team1,Team 1 (N/S),62,58,38,♠,finished,2026-05-17T16:37:41.960927+00:00
7160,INPROC_DFF3A3,1,10,team1,Team 1 (N/S),66,54,38,♠,finished,2026-05-17T16:37:41.976626+00:00
7161,INPROC_84146F,1,10,team1,Team 1 (N/S),81,39,24,♥,finished,2026-05-17T16:37:41.991490+00:00
7162,INPROC_863B3E,1,10,team1,Team 1 (N/S),70,50,34,♠,finished,2026-05-17T16:37:42.007418+00:00
7163,INPROC_3DBC9C,1,10,team2,Team 2 (E/W),25,95,16,♦,finished,2026-05-17T16:37:42.022714+00:00
7164,INPROC_D5EA80,1,10,team2,Team 2 (E/W),41,79,19,♦,finished,2026-05-17T16:37:42.039526+00:00
7165,INPROC_9587A7,1,10,team2,Team 2 (E/W),50,70,33,♠,finished,2026-05-17T16:37:42.057605+00:00
7166,INPROC_5653E4,1,10,team2,Team 2 (E/W),28,92,19,♦,finished,2026-05-17T16:37:42.073667+00:00
7167,INPROC_CD062B,1,10,team2,Team 2 (E/W),22,98,13,♦,finished,2026-05-17T16:37:42.091063+00:00
7168,INPROC_BD638F,1,10,team2,Team 2 (E/W),19,101,4,♣,finished,2026-05-17T16:37:42.109225+00:00
7169,INPROC_FFD552,1,10,team1,Team 1 (N/S),84,36,27,♥,finished,2026-05-17T16:37:42.125074+00:00
7170,INPROC_E827CC,1,10,team1,Team 1 (N/S),61,59,28,♥,finished,2026-05-17T16:37:42.142772+00:00
7171,INPROC_985288,1,10,team2,Team 2 (E/W),36,84,10,♦,finished,2026-05-17T16:37:42.159468+00:00
7172,INPROC_9F4DE6,1,10,team2,Team 2 (E/W),59,61,3,♣,finished,2026-05-17T16:37:42.177507+00:00
7173,INPROC_5BE590,1,10,team1,Team 1 (N/S),61,59,38,♠,finished,2026-05-17T16:37:42.193567+00:00
7174,INPROC_04BFE8,1,10,team1,Team 1 (N/S),81,39,22,♥,finished,2026-05-17T16:37:42.210978+00:00
7175,INPROC_E04D69,1,10,team2,Team 2 (E/W),21,99,8,♣,finished,2026-05-17T16:37:42.226289+00:00
7176,INPROC_5E478C,1,10,team2,Team 2 (E/W),55,65,20,♥,finished,2026-05-17T16:37:42.243743+00:00
7177,INPROC_42C62E,1,10,team1,Team 1 (N/S),72,48,12,♦,finished,2026-05-17T16:37:42.258920+00:00
7178,INPROC_8D75B6,1,10,team1,Team 1 (N/S),74,46,10,♦,finished,2026-05-17T16:37:42.276544+00:00
7179,INPROC_59D9BD,1,10,team1,Team 1 (N/S),71,49,31,♠,finished,2026-05-17T16:37:42.291610+00:00
7180,INPROC_C6EC72,1,10,team2,Team 2 (E/W),33,87,26,♥,finished,2026-05-17T16:37:42.310216+00:00
7181,INPROC_9706F1,1,10,team2,Team 2 (E/W),31,89,15,♦,finished,2026-05-17T16:37:42.327045+00:00
7182,INPROC_849DAC,1,10,team1,Team 1 (N/S),63,57,7,♣,finished,2026-05-17T16:37:42.348017+00:00
7183,INPROC_F9EEDB,1,10,team2,Team 2 (E/W),19,101,0,♣,finished,2026-05-17T16:37:42.361550+00:00
7184,INPROC_9319A8,1,10,team1,Team 1 (N/S),79,41,6,♣,finished,2026-05-17T16:37:42.376092+00:00
7185,INPROC_5F08A7,1,10,team2,Team 2 (E/W),43,77,30,♠,finished,2026-05-17T16:37:42.392275+00:00
7186,INPROC_9BE6D4,1,10,team2,Team 2 (E/W),58,62,37,♠,finished,2026-05-17T16:37:42.405375+00:00
7187,INPROC_AA6721,1,10,team2,Team 2 (E/W),58,62,27,♥,finished,2026-05-17T16:37:42.423947+00:00
7188,INPROC_870DD0,1,10,team2,Team 2 (E/W),58,62,5,♣,finished,2026-05-17T16:37:42.441852+00:00
7189,INPROC_BAD7D5,1,10,team1,Team 1 (N/S),64,56,30,♠,finished,2026-05-17T16:37:42.459766+00:00
7190,INPROC_7A372A,1,10,team2,Team 2 (E/W),50,70,26,♥,finished,2026-05-17T16:37:42.477043+00:00
7191,INPROC_AF4389,1,10,team1,Team 1 (N/S),78,42,37,♠,finished,2026-05-17T16:37:42.494211+00:00
7192,INPROC_FC9A47,1,10,team1,Team 1 (N/S),80,40,0,♣,finished,2026-05-17T16:37:42.517680+00:00
7193,INPROC_EBCB00,1,10,team2,Team 2 (E/W),49,71,37,♠,finished,2026-05-17T16:37:42.542147+00:00
7194,INPROC_592144,1,10,team1,Team 1 (N/S),77,43,18,♦,finished,2026-05-17T16:37:42.559663+00:00
7195,INPROC_BF88E3,1,10,team1,Team 1 (N/S),82,38,17,♦,finished,2026-05-17T16:37:42.573845+00:00
7196,INPROC_364124,1,10,team2,Team 2 (E/W),52,68,15,♦,finished,2026-05-17T16:37:42.590727+00:00
7197,INPROC_EB1AC9,1,10,team2,Team 2 (E/W),53,67,37,♠,finished,2026-05-17T16:37:42.607377+00:00
7198,INPROC_707411,1,10,team2,Team 2 (E/W),23,97,28,♥,finished,2026-05-17T16:37:42.623610+00:00
7199,INPROC_833DAD,1,10,team1,Team 1 (N/S),79,41,13,♦,finished,2026-05-17T16:37:42.638813+00:00
7200,INPROC_518946,1,10,team2,Team 2 (E/W),36,84,31,♠,finished,2026-05-17T16:37:42.653987+00:00
7201,INPROC_4F2806,1,10,team2,Team 2 (E/W),34,86,37,♠,finished,2026-05-17T16:37:42.669062+00:00
7202,INPROC_5BFA31,1,10,team1,Team 1 (N/S),78,42,35,♠,finished,2026-05-17T16:37:42.685677+00:00
7203,INPROC_E52DE9,1,10,team1,Team 1 (N/S),73,47,7,♣,finished,2026-05-17T16:37:42.701630+00:00
7204,INPROC_131EAE,1,10,team1,Team 1 (N/S),72,48,23,♥,finished,2026-05-17T16:37:42.717895+00:00
7205,INPROC_51D7A5,1,10,team2,Team 2 (E/W),52,68,4,♣,finished,2026-05-17T16:37:42.736115+00:00
7206,INPROC_CF780B,1,10,team1,Team 1 (N/S),70,50,12,♦,finished,2026-05-17T16:37:42.750078+00:00
7207,INPROC_661D8D,1,10,team2,Team 2 (E/W),55,65,39,♠,finished,2026-05-17T16:37:42.767720+00:00
7208,INPROC_197303,1,10,team1,Team 1 (N/S),96,24,17,♦,finished,2026-05-17T16:37:42.785010+00:00
7209,INPROC_6FDD3E,1,10,team2,Team 2 (E/W),25,95,1,♣,finished,2026-05-17T16:37:42.803208+00:00
7210,INPROC_41DB53,1,10,team1,Team 1 (N/S),90,30,39,♠,finished,2026-05-17T16:37:42.818981+00:00
7211,INPROC_8441A7,1,10,team1,Team 1 (N/S),74,46,6,♣,finished,2026-05-17T16:37:42.835732+00:00
7212,INPROC_DB40D6,1,10,team2,Team 2 (E/W),38,82,39,♠,finished,2026-05-17T16:37:42.853705+00:00
7213,INPROC_8F40D9,1,10,team2,Team 2 (E/W),48,72,14,♦,finished,2026-05-17T16:37:42.870535+00:00
7214,INPROC_A7C73E,1,10,team1,Team 1 (N/S),71,49,25,♥,finished,2026-05-17T16:37:42.887381+00:00
7215,INPROC_428E1B,1,10,team2,Team 2 (E/W),44,76,1,♣,finished,2026-05-17T16:37:42.903998+00:00
7216,INPROC_FC41C9,1,10,team1,Team 1 (N/S),62,58,16,♦,finished,2026-05-17T16:37:42.918352+00:00
7217,INPROC_91E45E,1,10,team2,Team 2 (E/W),57,63,14,♦,finished,2026-05-17T16:37:42.935168+00:00
7218,INPROC_D7476D,1,10,team2,Team 2 (E/W),43,77,18,♦,finished,2026-05-17T16:37:42.951406+00:00
7219,INPROC_4AA48A,1,10,team2,Team 2 (E/W),51,69,33,♠,finished,2026-05-17T16:37:42.967055+00:00
7220,INPROC_04D248,1,10,team2,Team 2 (E/W),46,74,31,♠,finished,2026-05-17T16:37:42.983423+00:00
7221,INPROC_254652,1,10,team2,Team 2 (E/W),52,68,33,♠,finished,2026-05-17T16:37:43.000974+00:00
7222,INPROC_037A6A,1,10,draw,draw,60,60,39,♠,finished,2026-05-17T16:37:43.014255+00:00
7223,INPROC_A12ACF,1,10,team2,Team 2 (E/W),40,80,32,♠,finished,2026-05-17T16:37:43.029104+00:00
7224,INPROC_5C2B89,1,10,team1,Team 1 (N/S),80,40,22,♥,finished,2026-05-17T16:37:43.046111+00:00
7225,INPROC_446084,1,10,team1,Team 1 (N/S),68,52,21,♥,finished,2026-05-17T16:37:43.063111+00:00
7226,INPROC_79DB83,1,10,team1,Team 1 (N/S),65,55,28,♥,finished,2026-05-17T16:37:43.079256+00:00
7227,INPROC_F910C8,1,10,team2,Team 2 (E/W),54,66,39,♠,finished,2026-05-17T16:37:43.093754+00:00
7228,INPROC_DDF47E,1,10,team1,Team 1 (N/S),92,28,24,♥,finished,2026-05-17T16:37:43.110895+00:00
7229,INPROC_C84031,1,10,team2,Team 2 (E/W),34,86,16,♦,finished,2026-05-17T16:37:43.126955+00:00
7230,INPROC_E58166,1,10,team2,Team 2 (E/W),28,92,36,♠,finished,2026-05-17T16:37:43.142518+00:00
7231,INPROC_122CD9,1,10,team2,Team 2 (E/W),44,76,21,♥,finished,2026-05-17T16:37:43.158392+00:00
7232,INPROC_FDEF29,1,10,team1,Team 1 (N/S),120,0,22,♥,finished,2026-05-17T16:37:43.175662+00:00
7233,INPROC_1EBB53,1,10,team2,Team 2 (E/W),42,78,37,♠,finished,2026-05-17T16:37:43.192885+00:00
7234,INPROC_2BCCAF,1,10,team1,Team 1 (N/S),67,53,24,♥,finished,2026-05-17T16:37:43.206952+00:00
7235,INPROC_20CBEC,1,10,team2,Team 2 (E/W),30,90,3,♣,finished,2026-05-17T16:37:43.222341+00:00
7236,INPROC_5A762D,1,10,team1,Team 1 (N/S),68,52,11,♦,finished,2026-05-17T16:37:43.238573+00:00
7237,INPROC_D6A529,1,10,team1,Team 1 (N/S),73,47,39,♠,finished,2026-05-17T16:37:43.254664+00:00
7238,INPROC_4CB40C,1,10,team2,Team 2 (E/W),48,72,17,♦,finished,2026-05-17T16:37:43.271935+00:00
7239,INPROC_C11D1E,1,10,team2,Team 2 (E/W),35,85,1,♣,finished,2026-05-17T16:37:43.287709+00:00
7240,INPROC_C57BBE,1,10,team1,Team 1 (N/S),93,27,12,♦,finished,2026-05-17T16:37:43.304024+00:00
7241,INPROC_3CA279,1,10,team2,Team 2 (E/W),35,85,9,♣,finished,2026-05-17T16:37:43.318253+00:00
7242,INPROC_EEE316,1,10,team1,Team 1 (N/S),64,56,36,♠,finished,2026-05-17T16:37:43.335216+00:00
7243,INPROC_DA170A,1,10,team1,Team 1 (N/S),73,47,13,♦,finished,2026-05-17T16:37:43.352661+00:00
7244,INPROC_79CA88,1,10,team2,Team 2 (E/W),28,92,27,♥,finished,2026-05-17T16:37:43.372058+00:00
7245,INPROC_5D02F8,1,10,team1,Team 1 (N/S),84,36,0,♣,finished,2026-05-17T16:37:43.390038+00:00
7246,INPROC_CA91E8,1,10,team2,Team 2 (E/W),57,63,33,♠,finished,2026-05-17T16:37:43.408281+00:00
7247,INPROC_65F9D5,1,10,team1,Team 1 (N/S),73,47,16,♦,finished,2026-05-17T16:37:43.424992+00:00
7248,INPROC_9B4EF7,1,10,team2,Team 2 (E/W),57,63,14,♦,finished,2026-05-17T16:37:43.442011+00:00
7249,INPROC_42CE41,1,10,team2,Team 2 (E/W),45,75,26,♥,finished,2026-05-17T16:37:43.461147+00:00
7250,INPROC_2BC432,1,10,team2,Team 2 (E/W),58,62,27,♥,finished,2026-05-17T16:37:43.477715+00:00
7251,INPROC_14E07C,1,10,team1,Team 1 (N/S),85,35,21,♥,finished,2026-05-17T16:37:43.496344+00:00
7252,INPROC_E8D3D6,1,10,team2,Team 2 (E/W),17,103,28,♥,finished,2026-05-17T16:37:43.515500+00:00
7253,INPROC_0B87A3,1,10,team2,Team 2 (E/W),15,105,9,♣,finished,2026-05-17T16:37:43.532493+00:00
7254,INPROC_8C6987,1,10,team1,Team 1 (N/S),94,26,22,♥,finished,2026-05-17T16:37:43.548225+00:00
7255,INPROC_BB672D,1,10,team2,Team 2 (E/W),10,110,2,♣,finished,2026-05-17T16:37:43.565927+00:00
7256,INPROC_843C4E,1,10,team1,Team 1 (N/S),61,59,33,♠,finished,2026-05-17T16:37:43.582819+00:00
7257,INPROC_F198CC,1,10,team2,Team 2 (E/W),40,80,6,♣,finished,2026-05-17T16:37:43.600346+00:00
7258,INPROC_036062,1,10,team1,Team 1 (N/S),68,52,16,♦,finished,2026-05-17T16:37:43.615756+00:00
7259,INPROC_9295D3,1,10,team1,Team 1 (N/S),85,35,16,♦,finished,2026-05-17T16:37:43.631611+00:00
7260,INPROC_2EF0CB,1,10,team1,Team 1 (N/S),89,31,30,♠,finished,2026-05-17T16:37:43.647843+00:00
7261,INPROC_4BB095,1,10,team1,Team 1 (N/S),89,31,3,♣,finished,2026-05-17T16:37:43.664677+00:00
7262,INPROC_699678,1,10,team2,Team 2 (E/W),54,66,35,♠,finished,2026-05-17T16:37:43.681075+00:00
7263,INPROC_AAFB2E,1,10,team1,Team 1 (N/S),61,59,14,♦,finished,2026-05-17T16:37:43.693657+00:00
7264,INPROC_CA9257,1,10,team1,Team 1 (N/S),70,50,28,♥,finished,2026-05-17T16:37:43.709906+00:00
7265,INPROC_A25729,1,10,team1,Team 1 (N/S),63,57,22,♥,finished,2026-05-17T16:37:43.723210+00:00
7266,INPROC_EB3590,1,10,team1,Team 1 (N/S),69,51,19,♦,finished,2026-05-17T16:37:43.738294+00:00
7267,INPROC_875309,1,10,team2,Team 2 (E/W),6,114,29,♥,finished,2026-05-17T16:37:43.754450+00:00
7268,INPROC_C11162,1,10,team2,Team 2 (E/W),41,79,38,♠,finished,2026-05-17T16:37:43.772827+00:00
7269,INPROC_71DCFA,1,10,team1,Team 1 (N/S),79,41,8,♣,finished,2026-05-17T16:37:43.789444+00:00
7270,INPROC_C762A6,1,10,team2,Team 2 (E/W),18,102,37,♠,finished,2026-05-17T16:37:43.805135+00:00
7271,INPROC_38AF32,1,10,team2,Team 2 (E/W),17,103,33,♠,finished,2026-05-17T16:37:43.819861+00:00
7272,INPROC_B08681,1,10,team2,Team 2 (E/W),28,92,26,♥,finished,2026-05-17T16:37:43.837303+00:00
7273,INPROC_AB2286,1,10,team1,Team 1 (N/S),68,52,9,♣,finished,2026-05-17T16:37:43.853620+00:00
7274,INPROC_672B08,1,10,team1,Team 1 (N/S),72,48,13,♦,finished,2026-05-17T16:37:43.871170+00:00
7275,INPROC_54E26B,1,10,team1,Team 1 (N/S),76,44,25,♥,finished,2026-05-17T16:37:43.884809+00:00
7276,INPROC_D2A2C1,1,10,team2,Team 2 (E/W),28,92,17,♦,finished,2026-05-17T16:37:43.899600+00:00
7277,INPROC_7B52C2,1,10,team1,Team 1 (N/S),66,54,12,♦,finished,2026-05-17T16:37:43.916697+00:00
7278,INPROC_E150A1,1,10,team1,Team 1 (N/S),87,33,7,♣,finished,2026-05-17T16:37:43.931770+00:00
7279,INPROC_7F52C3,1,10,team2,Team 2 (E/W),59,61,31,♠,finished,2026-05-17T16:37:43.948468+00:00
7280,INPROC_7F32C0,1,10,team2,Team 2 (E/W),51,69,8,♣,finished,2026-05-17T16:37:43.967423+00:00
7281,INPROC_3CCDF1,1,10,team1,Team 1 (N/S),109,11,30,♠,finished,2026-05-17T16:37:43.982230+00:00
7282,INPROC_9F7136,1,10,team1,Team 1 (N/S),99,21,20,♥,finished,2026-05-17T16:37:43.997839+00:00
7283,INPROC_B2EE20,1,10,team2,Team 2 (E/W),37,83,38,♠,finished,2026-05-17T16:37:44.013613+00:00
7284,INPROC_2E49EA,1,10,team2,Team 2 (E/W),36,84,2,♣,finished,2026-05-17T16:37:44.028369+00:00
7285,INPROC_A657E3,1,10,team2,Team 2 (E/W),19,101,28,♥,finished,2026-05-17T16:37:44.043905+00:00
7286,INPROC_A53613,1,10,draw,draw,60,60,8,♣,finished,2026-05-17T16:37:44.059560+00:00
7287,INPROC_56C269,1,10,team2,Team 2 (E/W),41,79,28,♥,finished,2026-05-17T16:37:44.075172+00:00
7288,INPROC_413575,1,10,team1,Team 1 (N/S),84,36,13,♦,finished,2026-05-17T16:37:44.092412+00:00
7289,INPROC_734A0D,1,10,team2,Team 2 (E/W),36,84,20,♥,finished,2026-05-17T16:37:44.110269+00:00
7290,INPROC_291D28,1,10,team1,Team 1 (N/S),71,49,35,♠,finished,2026-05-17T16:37:44.126377+00:00
7291,INPROC_7C28D7,1,10,team1,Team 1 (N/S),85,35,3,♣,finished,2026-05-17T16:37:44.141011+00:00
7292,INPROC_5CA9F7,1,10,team2,Team 2 (E/W),40,80,36,♠,finished,2026-05-17T16:37:44.156743+00:00
7293,INPROC_27A324,1,10,team1,Team 1 (N/S),100,20,18,♦,finished,2026-05-17T16:37:44.175409+00:00
7294,INPROC_5BEB2D,1,10,team2,Team 2 (E/W),39,81,22,♥,finished,2026-05-17T16:37:44.191873+00:00
7295,INPROC_FAFDC3,1,10,team1,Team 1 (N/S),91,29,18,♦,finished,2026-05-17T16:37:44.207599+00:00
7296,INPROC_181A8B,1,10,team1,Team 1 (N/S),82,38,5,♣,finished,2026-05-17T16:37:44.224254+00:00
7297,INPROC_00710F,1,10,team2,Team 2 (E/W),7,113,26,♥,finished,2026-05-17T16:37:44.240101+00:00
7298,INPROC_CE9E4F,1,10,team2,Team 2 (E/W),48,72,30,♠,finished,2026-05-17T16:37:44.259381+00:00
7299,INPROC_35606B,1,10,team2,Team 2 (E/W),42,78,18,♦,finished,2026-05-17T16:37:44.276824+00:00
7300,INPROC_C3AD78,1,10,team1,Team 1 (N/S),71,49,22,♥,finished,2026-05-17T16:37:44.294167+00:00
7301,INPROC_5D2EFC,1,10,team1,Team 1 (N/S),63,57,20,♥,finished,2026-05-17T16:37:44.306564+00:00
7302,INPROC_689B68,1,10,team2,Team 2 (E/W),55,65,39,♠,finished,2026-05-17T16:37:44.323191+00:00
7303,INPROC_7EE3AF,1,10,team2,Team 2 (E/W),23,97,23,♥,finished,2026-05-17T16:37:44.339970+00:00
7304,INPROC_47F011,1,10,team1,Team 1 (N/S),80,40,8,♣,finished,2026-05-17T16:37:44.358472+00:00
7305,INPROC_E12166,1,10,team2,Team 2 (E/W),41,79,16,♦,finished,2026-05-17T16:37:44.375359+00:00
7306,INPROC_2AFA34,1,10,team2,Team 2 (E/W),51,69,13,♦,finished,2026-05-17T16:37:44.393313+00:00
7307,INPROC_645C3F,1,10,team1,Team 1 (N/S),63,57,8,♣,finished,2026-05-17T16:37:44.411630+00:00
7308,INPROC_37BF1B,1,10,team1,Team 1 (N/S),77,43,7,♣,finished,2026-05-17T16:37:44.430823+00:00
7309,INPROC_DCB052,1,10,team1,Team 1 (N/S),93,27,2,♣,finished,2026-05-17T16:37:44.448984+00:00
7310,INPROC_6C3821,1,10,team1,Team 1 (N/S),64,56,1,♣,finished,2026-05-17T16:37:44.470322+00:00
7311,INPROC_A554B3,1,10,team2,Team 2 (E/W),49,71,6,♣,finished,2026-05-17T16:37:44.488137+00:00
7312,INPROC_508384,1,10,team1,Team 1 (N/S),72,48,24,♥,finished,2026-05-17T16:37:44.506547+00:00
7313,INPROC_0C3729,1,10,team2,Team 2 (E/W),9,111,38,♠,finished,2026-05-17T16:37:44.523542+00:00
7314,INPROC_289B3B,1,10,team2,Team 2 (E/W),48,72,20,♥,finished,2026-05-17T16:37:44.539307+00:00
7315,INPROC_85E2CD,1,10,team2,Team 2 (E/W),45,75,12,♦,finished,2026-05-17T16:37:44.555667+00:00
7316,INPROC_329969,1,10,team2,Team 2 (E/W),42,78,18,♦,finished,2026-05-17T16:37:44.571343+00:00
7317,INPROC_9C2320,1,10,team2,Team 2 (E/W),51,69,38,♠,finished,2026-05-17T16:37:44.587171+00:00
7318,INPROC_9D5214,1,10,team1,Team 1 (N/S),67,53,6,♣,finished,2026-05-17T16:37:44.603415+00:00
7319,INPROC_B14A8F,1,10,team2,Team 2 (E/W),38,82,12,♦,finished,2026-05-17T16:37:44.617110+00:00
7320,INPROC_587F7D,1,10,team1,Team 1 (N/S),99,21,35,♠,finished,2026-05-17T16:37:44.632832+00:00
7321,INPROC_4CE9BC,1,10,team2,Team 2 (E/W),24,96,32,♠,finished,2026-05-17T16:37:44.654347+00:00
7322,INPROC_876BA1,1,10,team2,Team 2 (E/W),53,67,22,♥,finished,2026-05-17T16:37:44.670484+00:00
7323,INPROC_B1808C,1,10,team2,Team 2 (E/W),37,83,2,♣,finished,2026-05-17T16:37:44.688716+00:00
7324,INPROC_37FEC3,1,10,team2,Team 2 (E/W),42,78,0,♣,finished,2026-05-17T16:37:44.704367+00:00
7325,INPROC_E641BE,1,10,team1,Team 1 (N/S),62,58,12,♦,finished,2026-05-17T16:37:44.719573+00:00
7326,INPROC_A5996E,1,10,team2,Team 2 (E/W),57,63,26,♥,finished,2026-05-17T16:37:44.734208+00:00
7327,INPROC_F6F73A,1,10,team1,Team 1 (N/S),103,17,31,♠,finished,2026-05-17T16:37:44.751567+00:00
7328,INPROC_1A6839,1,10,team2,Team 2 (E/W),24,96,9,♣,finished,2026-05-17T16:37:44.766279+00:00
7329,INPROC_0933BB,1,10,team1,Team 1 (N/S),77,43,37,♠,finished,2026-05-17T16:37:44.780829+00:00
7330,INPROC_A7A028,1,10,team1,Team 1 (N/S),63,57,8,♣,finished,2026-05-17T16:37:44.796550+00:00
7331,INPROC_8529C4,1,10,team2,Team 2 (E/W),40,80,35,♠,finished,2026-05-17T16:37:44.811492+00:00
7332,INPROC_C09A86,1,10,team1,Team 1 (N/S),76,44,19,♦,finished,2026-05-17T16:37:44.827929+00:00
7333,INPROC_6E681E,1,10,team2,Team 2 (E/W),31,89,18,♦,finished,2026-05-17T16:37:44.843010+00:00
7334,INPROC_9CBDDB,1,10,team1,Team 1 (N/S),90,30,17,♦,finished,2026-05-17T16:37:44.857858+00:00
7335,INPROC_D8F570,1,10,team2,Team 2 (E/W),31,89,35,♠,finished,2026-05-17T16:37:44.871578+00:00
7336,INPROC_E42A34,1,10,team2,Team 2 (E/W),35,85,6,♣,finished,2026-05-17T16:37:44.888902+00:00
7337,INPROC_9BB95B,1,10,team1,Team 1 (N/S),61,59,35,♠,finished,2026-05-17T16:37:44.904684+00:00
7338,INPROC_139A75,1,10,team2,Team 2 (E/W),37,83,3,♣,finished,2026-05-17T16:37:44.922112+00:00
7339,INPROC_98C63D,1,10,team2,Team 2 (E/W),58,62,14,♦,finished,2026-05-17T16:37:44.937043+00:00
7340,INPROC_9145EC,1,10,team2,Team 2 (E/W),59,61,39,♠,finished,2026-05-17T16:37:44.953404+00:00
7341,INPROC_C0941A,1,10,team1,Team 1 (N/S),87,33,24,♥,finished,2026-05-17T16:37:44.970504+00:00
7342,INPROC_6E562A,1,10,draw,draw,60,60,18,♦,finished,2026-05-17T16:37:44.987623+00:00
7343,INPROC_920394,1,10,team1,Team 1 (N/S),65,55,9,♣,finished,2026-05-17T16:37:45.005898+00:00
7344,INPROC_317AAC,1,10,team2,Team 2 (E/W),48,72,9,♣,finished,2026-05-17T16:37:45.023241+00:00
7345,INPROC_8232A1,1,10,team1,Team 1 (N/S),116,4,10,♦,finished,2026-05-17T16:37:45.038079+00:00
7346,INPROC_966C4F,1,10,team1,Team 1 (N/S),66,54,6,♣,finished,2026-05-17T16:37:45.054701+00:00
7347,INPROC_385C0F,1,10,team1,Team 1 (N/S),69,51,9,♣,finished,2026-05-17T16:37:45.067510+00:00
7348,INPROC_198BF7,1,10,team2,Team 2 (E/W),30,90,30,♠,finished,2026-05-17T16:37:45.081357+00:00
7349,INPROC_94223E,1,10,team2,Team 2 (E/W),52,68,17,♦,finished,2026-05-17T16:37:45.097108+00:00
7350,INPROC_E56DC7,1,10,team2,Team 2 (E/W),34,86,38,♠,finished,2026-05-17T16:37:45.110687+00:00
7351,INPROC_5CDD3D,1,10,team1,Team 1 (N/S),97,23,17,♦,finished,2026-05-17T16:37:45.127106+00:00
7352,INPROC_7F9230,1,10,team2,Team 2 (E/W),30,90,8,♣,finished,2026-05-17T16:37:45.142097+00:00
7353,INPROC_024449,1,10,team1,Team 1 (N/S),63,57,27,♥,finished,2026-05-17T16:37:45.159189+00:00
7354,INPROC_A77F76,1,10,team1,Team 1 (N/S),93,27,25,♥,finished,2026-05-17T16:37:45.175585+00:00
7355,INPROC_77D76D,1,10,team2,Team 2 (E/W),28,92,18,♦,finished,2026-05-17T16:37:45.192310+00:00
7356,INPROC_840B4F,1,10,team1,Team 1 (N/S),102,18,20,♥,finished,2026-05-17T16:37:45.208389+00:00
7357,INPROC_6DF5F5,1,10,team1,Team 1 (N/S),104,16,32,♠,finished,2026-05-17T16:37:45.225417+00:00
7358,INPROC_1984E5,1,10,team2,Team 2 (E/W),14,106,18,♦,finished,2026-05-17T16:37:45.240058+00:00
7359,INPROC_32BE9E,1,10,team2,Team 2 (E/W),17,103,12,♦,finished,2026-05-17T16:37:45.255204+00:00
7360,INPROC_7E3CD1,1,10,team2,Team 2 (E/W),52,68,29,♥,finished,2026-05-17T16:37:45.271891+00:00
7361,INPROC_ED7991,1,10,draw,draw,60,60,17,♦,finished,2026-05-17T16:37:45.287336+00:00
7362,INPROC_E4128A,1,10,team1,Team 1 (N/S),75,45,33,♠,finished,2026-05-17T16:37:45.301937+00:00
7363,INPROC_26B01E,1,10,team1,Team 1 (N/S),89,31,24,♥,finished,2026-05-17T16:37:45.317074+00:00
7364,INPROC_638D92,1,10,team1,Team 1 (N/S),75,45,9,♣,finished,2026-05-17T16:37:45.332369+00:00
7365,INPROC_A38026,1,10,team2,Team 2 (E/W),46,74,35,♠,finished,2026-05-17T16:37:45.348367+00:00
7366,INPROC_BFB69C,1,10,team1,Team 1 (N/S),67,53,28,♥,finished,2026-05-17T16:37:45.363654+00:00
7367,INPROC_B742A3,1,10,team1,Team 1 (N/S),81,39,26,♥,finished,2026-05-17T16:37:45.379842+00:00
7368,INPROC_081634,1,10,team2,Team 2 (E/W),38,82,17,♦,finished,2026-05-17T16:37:45.398358+00:00
7369,INPROC_8BEFA5,1,10,team1,Team 1 (N/S),72,48,20,♥,finished,2026-05-17T16:37:45.415094+00:00
7370,INPROC_2A58F3,1,10,team2,Team 2 (E/W),34,86,14,♦,finished,2026-05-17T16:37:45.431648+00:00
7371,INPROC_FC46A2,1,10,team2,Team 2 (E/W),20,100,19,♦,finished,2026-05-17T16:37:45.450990+00:00
7372,INPROC_BA74AB,1,10,team2,Team 2 (E/W),51,69,34,♠,finished,2026-05-17T16:37:45.468916+00:00
7373,INPROC_FFDF4E,1,10,team2,Team 2 (E/W),48,72,31,♠,finished,2026-05-17T16:37:45.485145+00:00
7374,INPROC_BDB5BD,1,10,team1,Team 1 (N/S),79,41,23,♥,finished,2026-05-17T16:37:45.501021+00:00
7375,INPROC_BD239B,1,10,team2,Team 2 (E/W),13,107,24,♥,finished,2026-05-17T16:37:45.516595+00:00
7376,INPROC_72E2F0,1,10,team2,Team 2 (E/W),27,93,39,♠,finished,2026-05-17T16:37:45.531934+00:00
7377,INPROC_DD5817,1,10,team2,Team 2 (E/W),15,105,26,♥,finished,2026-05-17T16:37:45.546568+00:00
7378,INPROC_D63532,1,10,team1,Team 1 (N/S),94,26,24,♥,finished,2026-05-17T16:37:45.563909+00:00
7379,INPROC_5C75C7,1,10,team1,Team 1 (N/S),61,59,2,♣,finished,2026-05-17T16:37:45.580574+00:00
7380,INPROC_2AC3C5,1,10,team2,Team 2 (E/W),44,76,37,♠,finished,2026-05-17T16:37:45.597131+00:00
7381,INPROC_ED2B4F,1,10,team2,Team 2 (E/W),38,82,34,♠,finished,2026-05-17T16:37:45.612220+00:00
7382,INPROC_52A2D2,1,10,team2,Team 2 (E/W),44,76,31,♠,finished,2026-05-17T16:37:45.627132+00:00
7383,INPROC_470CEA,1,10,team1,Team 1 (N/S),115,5,24,♥,finished,2026-05-17T16:37:45.643761+00:00
7384,INPROC_2C3A75,1,10,team2,Team 2 (E/W),47,73,11,♦,finished,2026-05-17T16:37:45.656055+00:00
7385,INPROC_A564CC,1,10,team1,Team 1 (N/S),72,48,7,♣,finished,2026-05-17T16:37:45.672392+00:00
7386,INPROC_530A7C,1,10,team1,Team 1 (N/S),64,56,11,♦,finished,2026-05-17T16:37:45.687866+00:00
7387,INPROC_E31F10,1,10,team2,Team 2 (E/W),42,78,28,♥,finished,2026-05-17T16:37:45.703720+00:00
7388,INPROC_B331FB,1,10,team1,Team 1 (N/S),73,47,26,♥,finished,2026-05-17T16:37:45.718472+00:00
7389,INPROC_D107C2,1,10,team1,Team 1 (N/S),70,50,28,♥,finished,2026-05-17T16:37:45.735981+00:00
7390,INPROC_B76DDE,1,10,team1,Team 1 (N/S),66,54,23,♥,finished,2026-05-17T16:37:45.752182+00:00
7391,INPROC_7E2AD4,1,10,team2,Team 2 (E/W),35,85,36,♠,finished,2026-05-17T16:37:45.770382+00:00
7392,INPROC_64B999,1,10,team2,Team 2 (E/W),17,103,39,♠,finished,2026-05-17T16:37:45.788456+00:00
7393,INPROC_927390,1,10,team1,Team 1 (N/S),77,43,21,♥,finished,2026-05-17T16:37:45.806842+00:00
7394,INPROC_5F3832,1,10,team1,Team 1 (N/S),61,59,18,♦,finished,2026-05-17T16:37:45.822500+00:00
7395,INPROC_B37AEF,1,10,team1,Team 1 (N/S),75,45,26,♥,finished,2026-05-17T16:37:45.838168+00:00
7396,INPROC_F432AF,1,10,team2,Team 2 (E/W),15,105,36,♠,finished,2026-05-17T16:37:45.855115+00:00
7397,INPROC_5C8172,1,10,team2,Team 2 (E/W),48,72,22,♥,finished,2026-05-17T16:37:45.873800+00:00
7398,INPROC_4BDBC1,1,10,team1,Team 1 (N/S),70,50,35,♠,finished,2026-05-17T16:37:45.888923+00:00
7399,INPROC_1D7EB6,1,10,team1,Team 1 (N/S),63,57,8,♣,finished,2026-05-17T16:37:45.903680+00:00
7400,INPROC_437DAE,1,10,draw,draw,60,60,33,♠,finished,2026-05-17T16:37:45.920592+00:00
7401,INPROC_335D93,1,10,team2,Team 2 (E/W),34,86,7,♣,finished,2026-05-17T16:37:45.935911+00:00
7402,INPROC_EC9DE0,1,10,team1,Team 1 (N/S),71,49,21,♥,finished,2026-05-17T16:37:45.952525+00:00
7403,INPROC_2B5F86,1,10,team2,Team 2 (E/W),59,61,4,♣,finished,2026-05-17T16:37:45.970904+00:00
7404,INPROC_1B47F7,1,10,team2,Team 2 (E/W),42,78,7,♣,finished,2026-05-17T16:37:45.988096+00:00
7405,INPROC_7651AB,1,10,team2,Team 2 (E/W),54,66,21,♥,finished,2026-05-17T16:37:46.003605+00:00
7406,INPROC_A57068,1,10,team1,Team 1 (N/S),90,30,5,♣,finished,2026-05-17T16:37:46.019686+00:00
7407,INPROC_76146A,1,10,team1,Team 1 (N/S),64,56,25,♥,finished,2026-05-17T16:37:46.036809+00:00
7408,INPROC_0A874C,1,10,team1,Team 1 (N/S),91,29,11,♦,finished,2026-05-17T16:37:46.054398+00:00
7409,INPROC_27FF19,1,10,team2,Team 2 (E/W),32,88,34,♠,finished,2026-05-17T16:37:46.070778+00:00
7410,INPROC_61B653,1,10,team2,Team 2 (E/W),26,94,23,♥,finished,2026-05-17T16:37:46.086129+00:00
7411,INPROC_0958AB,1,10,team2,Team 2 (E/W),48,72,11,♦,finished,2026-05-17T16:37:46.102369+00:00
7412,INPROC_D57347,1,10,team2,Team 2 (E/W),29,91,28,♥,finished,2026-05-17T16:37:46.118393+00:00
7413,INPROC_B02485,1,10,team2,Team 2 (E/W),38,82,33,♠,finished,2026-05-17T16:37:46.144801+00:00
7414,INPROC_F9B327,1,10,team2,Team 2 (E/W),51,69,5,♣,finished,2026-05-17T16:37:46.165690+00:00
7415,INPROC_7FEBB3,1,10,team2,Team 2 (E/W),37,83,36,♠,finished,2026-05-17T16:37:46.189549+00:00
7416,INPROC_CF6898,1,10,team1,Team 1 (N/S),76,44,17,♦,finished,2026-05-17T16:37:46.208908+00:00
7417,INPROC_6A8BA1,1,10,team2,Team 2 (E/W),34,86,12,♦,finished,2026-05-17T16:37:46.225132+00:00
7418,INPROC_2F14DD,1,10,team2,Team 2 (E/W),58,62,22,♥,finished,2026-05-17T16:37:46.240634+00:00
7419,INPROC_A3BC39,1,10,team2,Team 2 (E/W),54,66,31,♠,finished,2026-05-17T16:37:46.257560+00:00
7420,INPROC_DB117B,1,10,team2,Team 2 (E/W),53,67,23,♥,finished,2026-05-17T16:37:46.275701+00:00
7421,INPROC_3EBCCA,1,10,team2,Team 2 (E/W),18,102,37,♠,finished,2026-05-17T16:37:46.291652+00:00
7422,INPROC_A25341,1,10,team1,Team 1 (N/S),73,47,21,♥,finished,2026-05-17T16:37:46.308825+00:00
7423,INPROC_5B9A6B,1,10,team2,Team 2 (E/W),49,71,14,♦,finished,2026-05-17T16:37:46.324976+00:00
7424,INPROC_7CF6C9,1,10,team1,Team 1 (N/S),92,28,31,♠,finished,2026-05-17T16:37:46.345635+00:00
7425,INPROC_FD34CF,1,10,team2,Team 2 (E/W),13,107,5,♣,finished,2026-05-17T16:37:46.365725+00:00
7426,INPROC_C7F0E1,1,10,draw,draw,60,60,18,♦,finished,2026-05-17T16:37:46.385059+00:00
7427,INPROC_804B9C,1,10,team1,Team 1 (N/S),80,40,23,♥,finished,2026-05-17T16:37:46.402780+00:00
7428,INPROC_8695F0,1,10,team2,Team 2 (E/W),18,102,23,♥,finished,2026-05-17T16:37:46.428407+00:00
7429,INPROC_BE7FD0,1,10,team2,Team 2 (E/W),41,79,32,♠,finished,2026-05-17T16:37:46.449247+00:00
7430,INPROC_C02AB7,1,10,team2,Team 2 (E/W),57,63,34,♠,finished,2026-05-17T16:37:46.467877+00:00
7431,INPROC_E6AC90,1,10,team1,Team 1 (N/S),83,37,33,♠,finished,2026-05-17T16:37:46.487284+00:00
7432,INPROC_6FE680,1,10,team1,Team 1 (N/S),64,56,21,♥,finished,2026-05-17T16:37:46.508477+00:00
7433,INPROC_3BA17D,1,10,team2,Team 2 (E/W),51,69,14,♦,finished,2026-05-17T16:37:46.528766+00:00
7434,INPROC_6ECF5B,1,10,team2,Team 2 (E/W),45,75,16,♦,finished,2026-05-17T16:37:46.551022+00:00
7435,INPROC_A64376,1,10,team2,Team 2 (E/W),53,67,36,♠,finished,2026-05-17T16:37:46.571840+00:00
7436,INPROC_06F4AF,1,10,team1,Team 1 (N/S),61,59,5,♣,finished,2026-05-17T16:37:46.593297+00:00
7437,INPROC_2F7CA8,1,10,team2,Team 2 (E/W),23,97,39,♠,finished,2026-05-17T16:37:46.614310+00:00
7438,INPROC_A08F62,1,10,team1,Team 1 (N/S),70,50,23,♥,finished,2026-05-17T16:37:46.635352+00:00
7439,INPROC_19A08A,1,10,team1,Team 1 (N/S),71,49,32,♠,finished,2026-05-17T16:37:46.659592+00:00
7440,INPROC_E400C8,1,10,team1,Team 1 (N/S),67,53,22,♥,finished,2026-05-17T16:37:46.681794+00:00
7441,INPROC_489EFA,1,10,team1,Team 1 (N/S),74,46,17,♦,finished,2026-05-17T16:37:46.701594+00:00
7442,INPROC_39207A,1,10,team2,Team 2 (E/W),48,72,35,♠,finished,2026-05-17T16:37:46.721631+00:00
7443,INPROC_3824BC,1,10,team1,Team 1 (N/S),85,35,8,♣,finished,2026-05-17T16:37:46.223422+00:00
7444,INPROC_1763E0,1,10,team2,Team 2 (E/W),18,102,22,♥,finished,2026-05-17T16:37:46.246657+00:00
7445,INPROC_EA0269,1,10,team1,Team 1 (N/S),73,47,20,♥,finished,2026-05-17T16:37:46.264036+00:00
7446,INPROC_E34B53,1,10,team2,Team 2 (E/W),46,74,11,♦,finished,2026-05-17T16:37:46.282758+00:00
7447,INPROC_9D40AB,1,10,team2,Team 2 (E/W),36,84,34,♠,finished,2026-05-17T16:37:46.300845+00:00
7448,INPROC_9B6CF6,1,10,team2,Team 2 (E/W),3,117,22,♥,finished,2026-05-17T16:37:46.316941+00:00
7449,INPROC_3DF94B,1,10,team1,Team 1 (N/S),98,22,24,♥,finished,2026-05-17T16:37:46.332823+00:00
7450,INPROC_BA7621,1,10,team1,Team 1 (N/S),65,55,12,♦,finished,2026-05-17T16:37:46.350414+00:00
7451,INPROC_9FACF7,1,10,team1,Team 1 (N/S),99,21,1,♣,finished,2026-05-17T16:37:46.367837+00:00
7452,INPROC_B54D1F,1,10,team2,Team 2 (E/W),47,73,2,♣,finished,2026-05-17T16:37:46.382395+00:00
7453,INPROC_69ADAA,1,10,team1,Team 1 (N/S),64,56,16,♦,finished,2026-05-17T16:37:46.398408+00:00
7454,INPROC_79C915,1,10,team2,Team 2 (E/W),47,73,17,♦,finished,2026-05-17T16:37:46.413605+00:00
7455,INPROC_6F3848,1,10,team1,Team 1 (N/S),89,31,32,♠,finished,2026-05-17T16:37:46.431799+00:00
7456,INPROC_148B69,1,10,team2,Team 2 (E/W),7,113,3,♣,finished,2026-05-17T16:37:46.448889+00:00
7457,INPROC_D7B1EC,1,10,team2,Team 2 (E/W),45,75,4,♣,finished,2026-05-17T16:37:46.463532+00:00
7458,INPROC_EEE4B4,1,10,team1,Team 1 (N/S),66,54,31,♠,finished,2026-05-17T16:37:46.481089+00:00
7459,INPROC_7ED0F6,1,10,team2,Team 2 (E/W),7,113,4,♣,finished,2026-05-17T16:37:46.497229+00:00
7460,INPROC_D931B9,1,10,team1,Team 1 (N/S),73,47,12,♦,finished,2026-05-17T16:37:46.511879+00:00
7461,INPROC_D12C73,1,10,team1,Team 1 (N/S),94,26,34,♠,finished,2026-05-17T16:37:46.530285+00:00
7462,INPROC_72B48C,1,10,team2,Team 2 (E/W),51,69,4,♣,finished,2026-05-17T16:37:46.546107+00:00
7463,INPROC_23000E,1,10,team2,Team 2 (E/W),36,84,21,♥,finished,2026-05-17T16:37:46.561304+00:00
7464,INPROC_3FA715,1,10,team2,Team 2 (E/W),45,75,33,♠,finished,2026-05-17T16:37:46.576730+00:00
7465,INPROC_4EEA10,1,10,team1,Team 1 (N/S),81,39,30,♠,finished,2026-05-17T16:37:46.592119+00:00
7466,INPROC_C8A1D7,1,10,team1,Team 1 (N/S),70,50,8,♣,finished,2026-05-17T16:37:46.606827+00:00
7467,INPROC_96EA8A,1,10,team2,Team 2 (E/W),4,116,9,♣,finished,2026-05-17T16:37:46.624496+00:00
7468,INPROC_B2727B,1,10,team2,Team 2 (E/W),13,107,7,♣,finished,2026-05-17T16:37:46.641500+00:00
7469,INPROC_401C1D,1,10,team1,Team 1 (N/S),82,38,36,♠,finished,2026-05-17T16:37:46.656833+00:00
7470,INPROC_A4B6E9,1,10,team2,Team 2 (E/W),58,62,4,♣,finished,2026-05-17T16:37:46.672511+00:00
7471,INPROC_684B4A,1,10,team2,Team 2 (E/W),39,81,3,♣,finished,2026-05-17T16:37:46.687126+00:00
7472,INPROC_A22995,1,10,team2,Team 2 (E/W),17,103,29,♥,finished,2026-05-17T16:37:46.702529+00:00
7473,INPROC_58C6A2,1,10,team2,Team 2 (E/W),43,77,31,♠,finished,2026-05-17T16:37:46.718844+00:00
7474,INPROC_C187DE,1,10,team2,Team 2 (E/W),34,86,4,♣,finished,2026-05-17T16:37:46.732165+00:00
7475,INPROC_D045EE,1,10,team1,Team 1 (N/S),74,46,10,♦,finished,2026-05-17T16:37:46.749007+00:00
7476,INPROC_0722FF,1,10,team2,Team 2 (E/W),26,94,23,♥,finished,2026-05-17T16:37:46.765837+00:00
7477,INPROC_D43751,1,10,team2,Team 2 (E/W),0,120,34,♠,finished,2026-05-17T16:37:46.781557+00:00
7478,INPROC_8359D1,1,10,team2,Team 2 (E/W),55,65,20,♥,finished,2026-05-17T16:37:46.797399+00:00
7479,INPROC_3996D0,1,10,team1,Team 1 (N/S),97,23,12,♦,finished,2026-05-17T16:37:46.813252+00:00
7480,INPROC_154761,1,10,team2,Team 2 (E/W),38,82,27,♥,finished,2026-05-17T16:37:46.827775+00:00
7481,INPROC_9D3667,1,10,team1,Team 1 (N/S),92,28,20,♥,finished,2026-05-17T16:37:46.846056+00:00
7482,INPROC_7C40E2,1,10,team1,Team 1 (N/S),111,9,6,♣,finished,2026-05-17T16:37:46.860399+00:00
7483,INPROC_615269,1,10,team1,Team 1 (N/S),75,45,36,♠,finished,2026-05-17T16:37:46.878386+00:00
7484,INPROC_861185,1,10,team1,Team 1 (N/S),85,35,21,♥,finished,2026-05-17T16:37:46.894609+00:00
7485,INPROC_952FD7,1,10,team1,Team 1 (N/S),74,46,4,♣,finished,2026-05-17T16:37:46.913922+00:00
7486,INPROC_6023A9,1,10,team2,Team 2 (E/W),29,91,9,♣,finished,2026-05-17T16:37:46.932562+00:00
7487,INPROC_73D98E,1,10,team2,Team 2 (E/W),12,108,11,♦,finished,2026-05-17T16:37:46.951337+00:00
7488,INPROC_661100,1,10,team2,Team 2 (E/W),34,86,14,♦,finished,2026-05-17T16:37:46.971275+00:00
7489,INPROC_5FA7FB,1,10,team1,Team 1 (N/S),75,45,36,♠,finished,2026-05-17T16:37:46.984440+00:00
7490,INPROC_659B3B,1,10,team2,Team 2 (E/W),53,67,25,♥,finished,2026-05-17T16:37:47.000323+00:00
7491,INPROC_B5ABD3,1,10,team2,Team 2 (E/W),8,112,3,♣,finished,2026-05-17T16:37:47.014595+00:00
7492,INPROC_C5120A,1,10,team1,Team 1 (N/S),74,46,11,♦,finished,2026-05-17T16:37:47.029316+00:00
7493,INPROC_1A2578,1,10,team2,Team 2 (E/W),31,89,19,♦,finished,2026-05-17T16:37:47.046550+00:00
7494,INPROC_FAEAD2,1,10,team1,Team 1 (N/S),95,25,13,♦,finished,2026-05-17T16:37:47.063257+00:00
7495,INPROC_DDE3C9,1,10,team1,Team 1 (N/S),74,46,33,♠,finished,2026-05-17T16:37:47.081013+00:00
7496,INPROC_81FA35,1,10,team2,Team 2 (E/W),43,77,3,♣,finished,2026-05-17T16:37:47.097773+00:00
7497,INPROC_57068F,1,10,team1,Team 1 (N/S),98,22,1,♣,finished,2026-05-17T16:37:47.112503+00:00
7498,INPROC_2D5474,1,10,team2,Team 2 (E/W),55,65,2,♣,finished,2026-05-17T16:37:47.125768+00:00
7499,INPROC_94128F,1,10,team2,Team 2 (E/W),58,62,28,♥,finished,2026-05-17T16:37:47.140643+00:00
7500,INPROC_0D32D4,1,10,team2,Team 2 (E/W),20,100,7,♣,finished,2026-05-17T16:37:47.155475+00:00
7501,INPROC_6AD0F8,1,10,team2,Team 2 (E/W),52,68,3,♣,finished,2026-05-17T16:37:47.170981+00:00
7502,INPROC_7030D7,1,10,team1,Team 1 (N/S),111,9,13,♦,finished,2026-05-17T16:37:47.184881+00:00
7503,INPROC_3A34D7,1,10,team2,Team 2 (E/W),28,92,35,♠,finished,2026-05-17T16:37:47.200844+00:00
7504,INPROC_0BB828,1,10,team2,Team 2 (E/W),45,75,38,♠,finished,2026-05-17T16:37:47.212765+00:00
7505,INPROC_D9A1D8,1,10,team1,Team 1 (N/S),74,46,16,♦,finished,2026-05-17T16:37:47.228364+00:00
7506,INPROC_B9D74F,1,10,team2,Team 2 (E/W),56,64,9,♣,finished,2026-05-17T16:37:47.244658+00:00
7507,INPROC_AD54F3,1,10,team2,Team 2 (E/W),38,82,19,♦,finished,2026-05-17T16:37:47.259616+00:00
7508,INPROC_A852A4,1,10,team2,Team 2 (E/W),49,71,37,♠,finished,2026-05-17T16:37:47.272449+00:00
7509,INPROC_CB3F2F,1,10,team2,Team 2 (E/W),35,85,7,♣,finished,2026-05-17T16:37:47.285654+00:00
7510,INPROC_FC02C0,1,10,team1,Team 1 (N/S),71,49,16,♦,finished,2026-05-17T16:37:47.300248+00:00
7511,INPROC_9A6B34,1,10,team2,Team 2 (E/W),37,83,14,♦,finished,2026-05-17T16:37:47.316600+00:00
7512,INPROC_7581CE,1,10,team2,Team 2 (E/W),37,83,36,♠,finished,2026-05-17T16:37:47.332467+00:00
7513,INPROC_5A4FF3,1,10,team2,Team 2 (E/W),7,113,25,♥,finished,2026-05-17T16:37:47.348518+00:00
7514,INPROC_378E4D,1,10,team1,Team 1 (N/S),82,38,10,♦,finished,2026-05-17T16:37:47.363485+00:00
7515,INPROC_C78EED,1,10,team1,Team 1 (N/S),83,37,25,♥,finished,2026-05-17T16:37:47.379538+00:00
7516,INPROC_5D9E90,1,10,team2,Team 2 (E/W),51,69,34,♠,finished,2026-05-17T16:37:47.395989+00:00
7517,INPROC_3A23C9,1,10,team2,Team 2 (E/W),49,71,37,♠,finished,2026-05-17T16:37:47.412294+00:00
7518,INPROC_B5A780,1,10,team2,Team 2 (E/W),44,76,5,♣,finished,2026-05-17T16:37:47.426061+00:00
7519,INPROC_436F65,1,10,team2,Team 2 (E/W),40,80,37,♠,finished,2026-05-17T16:37:47.443129+00:00
7520,INPROC_3527B1,1,10,team2,Team 2 (E/W),15,105,39,♠,finished,2026-05-17T16:37:47.456136+00:00
7521,INPROC_95D1BE,1,10,team2,Team 2 (E/W),53,67,16,♦,finished,2026-05-17T16:37:47.468620+00:00
7522,INPROC_49A176,1,10,team2,Team 2 (E/W),25,95,15,♦,finished,2026-05-17T16:37:47.483811+00:00
7523,INPROC_C007D7,1,10,team1,Team 1 (N/S),62,58,29,♥,finished,2026-05-17T16:37:47.500595+00:00
7524,INPROC_5EAB06,1,10,team2,Team 2 (E/W),45,75,32,♠,finished,2026-05-17T16:37:47.515105+00:00
7525,INPROC_B96A0C,1,10,team1,Team 1 (N/S),97,23,6,♣,finished,2026-05-17T16:37:47.529965+00:00
7526,INPROC_38D745,1,10,team2,Team 2 (E/W),48,72,32,♠,finished,2026-05-17T16:37:47.545248+00:00
7527,INPROC_3C2935,1,10,team1,Team 1 (N/S),74,46,4,♣,finished,2026-05-17T16:37:47.560932+00:00
7528,INPROC_6351BF,1,10,team2,Team 2 (E/W),10,110,31,♠,finished,2026-05-17T16:37:47.578060+00:00
7529,INPROC_1907D6,1,10,team2,Team 2 (E/W),26,94,16,♦,finished,2026-05-17T16:37:47.592704+00:00
7530,INPROC_105A25,1,10,team2,Team 2 (E/W),49,71,3,♣,finished,2026-05-17T16:37:47.609129+00:00
7531,INPROC_2828EB,1,10,team1,Team 1 (N/S),83,37,32,♠,finished,2026-05-17T16:37:47.620390+00:00
7532,INPROC_A61DFE,1,10,team1,Team 1 (N/S),71,49,8,♣,finished,2026-05-17T16:37:47.634244+00:00
7533,INPROC_E48EED,1,10,team2,Team 2 (E/W),43,77,13,♦,finished,2026-05-17T16:37:47.650602+00:00
7534,INPROC_5AF973,1,10,draw,draw,60,60,2,♣,finished,2026-05-17T16:37:47.666922+00:00
7535,INPROC_AE6507,1,10,team2,Team 2 (E/W),38,82,31,♠,finished,2026-05-17T16:37:47.683285+00:00
7536,INPROC_283AF9,1,10,team1,Team 1 (N/S),61,59,5,♣,finished,2026-05-17T16:37:47.700549+00:00
7537,INPROC_EF5ED1,1,10,team2,Team 2 (E/W),56,64,32,♠,finished,2026-05-17T16:37:47.716407+00:00
7538,INPROC_53D492,1,10,team2,Team 2 (E/W),13,107,4,♣,finished,2026-05-17T16:37:47.733223+00:00
7539,INPROC_63BC80,1,10,team2,Team 2 (E/W),41,79,30,♠,finished,2026-05-17T16:37:47.749766+00:00
7540,INPROC_7BA399,1,10,team1,Team 1 (N/S),84,36,0,♣,finished,2026-05-17T16:37:47.766613+00:00
7541,INPROC_90B649,1,10,team1,Team 1 (N/S),76,44,39,♠,finished,2026-05-17T16:37:47.783761+00:00
7542,INPROC_804CF1,1,10,team2,Team 2 (E/W),24,96,39,♠,finished,2026-05-17T16:37:47.799800+00:00
7543,INPROC_9409E8,1,10,team2,Team 2 (E/W),44,76,28,♥,finished,2026-05-17T16:37:47.816267+00:00
7544,INPROC_B9E507,1,10,team1,Team 1 (N/S),70,50,16,♦,finished,2026-05-17T16:37:47.832089+00:00
7545,INPROC_07ACDC,1,10,team2,Team 2 (E/W),55,65,2,♣,finished,2026-05-17T16:37:47.846787+00:00
7546,INPROC_6B3C1B,1,10,team2,Team 2 (E/W),33,87,32,♠,finished,2026-05-17T16:37:47.863111+00:00
7547,INPROC_8BF952,1,10,team2,Team 2 (E/W),54,66,35,♠,finished,2026-05-17T16:37:47.879412+00:00
7548,INPROC_9D2EEA,1,10,team2,Team 2 (E/W),43,77,33,♠,finished,2026-05-17T16:37:47.894468+00:00
7549,INPROC_7E2C04,1,10,team2,Team 2 (E/W),55,65,28,♥,finished,2026-05-17T16:37:47.912684+00:00
7550,INPROC_E55FC3,1,10,team2,Team 2 (E/W),55,65,17,♦,finished,2026-05-17T16:37:47.927736+00:00
7551,INPROC_2ED632,1,10,team1,Team 1 (N/S),61,59,26,♥,finished,2026-05-17T16:37:47.946115+00:00
7552,INPROC_10775B,1,10,team1,Team 1 (N/S),100,20,24,♥,finished,2026-05-17T16:37:47.963110+00:00
7553,INPROC_A44D44,1,10,team1,Team 1 (N/S),117,3,31,♠,finished,2026-05-17T16:37:47.981722+00:00
7554,INPROC_162168,1,10,draw,draw,60,60,7,♣,finished,2026-05-17T16:37:47.999680+00:00
7555,INPROC_790CFE,1,10,team2,Team 2 (E/W),42,78,1,♣,finished,2026-05-17T16:37:48.017903+00:00
7556,INPROC_051EED,1,10,team1,Team 1 (N/S),64,56,3,♣,finished,2026-05-17T16:37:48.033661+00:00
7557,INPROC_DD9C4C,1,10,team2,Team 2 (E/W),56,64,20,♥,finished,2026-05-17T16:37:48.048602+00:00
7558,INPROC_D9B8B7,1,10,team1,Team 1 (N/S),113,7,24,♥,finished,2026-05-17T16:37:48.066118+00:00
7559,INPROC_DCBFAE,1,10,team2,Team 2 (E/W),13,107,14,♦,finished,2026-05-17T16:37:48.083714+00:00
7560,INPROC_159D40,1,10,team2,Team 2 (E/W),31,89,0,♣,finished,2026-05-17T16:37:48.099460+00:00
7561,INPROC_B7D02B,1,10,team1,Team 1 (N/S),66,54,20,♥,finished,2026-05-17T16:37:48.115591+00:00
7562,INPROC_BA3782,1,10,team1,Team 1 (N/S),74,46,30,♠,finished,2026-05-17T16:37:48.130578+00:00
7563,INPROC_B2B03B,1,10,team2,Team 2 (E/W),42,78,21,♥,finished,2026-05-17T16:37:48.144966+00:00
7564,INPROC_4B2600,1,10,team2,Team 2 (E/W),58,62,36,♠,finished,2026-05-17T16:37:48.161132+00:00
7565,INPROC_944C30,1,10,team1,Team 1 (N/S),82,38,33,♠,finished,2026-05-17T16:37:48.176729+00:00
7566,INPROC_02C5A6,1,10,team2,Team 2 (E/W),33,87,31,♠,finished,2026-05-17T16:37:48.192769+00:00
7567,INPROC_BBEBCF,1,10,team1,Team 1 (N/S),75,45,22,♥,finished,2026-05-17T16:37:48.207951+00:00
7568,INPROC_830CDD,1,10,team1,Team 1 (N/S),67,53,22,♥,finished,2026-05-17T16:37:48.224540+00:00
7569,INPROC_75F64D,1,10,team1,Team 1 (N/S),96,24,8,♣,finished,2026-05-17T16:37:48.236371+00:00
7570,INPROC_762E0A,1,10,draw,draw,60,60,30,♠,finished,2026-05-17T16:37:48.251173+00:00
7571,INPROC_66A346,1,10,team2,Team 2 (E/W),22,98,32,♠,finished,2026-05-17T16:37:48.266593+00:00
7572,INPROC_99F226,1,10,team2,Team 2 (E/W),44,76,22,♥,finished,2026-05-17T16:37:48.281046+00:00
7573,INPROC_26D22B,1,10,team2,Team 2 (E/W),57,63,3,♣,finished,2026-05-17T16:37:48.297127+00:00
7574,INPROC_A9AC83,1,10,team1,Team 1 (N/S),67,53,22,♥,finished,2026-05-17T16:37:48.312170+00:00
7575,INPROC_EA80DF,1,10,team1,Team 1 (N/S),77,43,7,♣,finished,2026-05-17T16:37:48.328054+00:00
7576,INPROC_72046A,1,10,team2,Team 2 (E/W),58,62,18,♦,finished,2026-05-17T16:37:48.346850+00:00
7577,INPROC_1B86ED,1,10,team2,Team 2 (E/W),15,105,39,♠,finished,2026-05-17T16:37:48.364352+00:00
7578,INPROC_C20C19,1,10,draw,draw,60,60,14,♦,finished,2026-05-17T16:37:48.383216+00:00
7579,INPROC_FD625E,1,10,team2,Team 2 (E/W),50,70,7,♣,finished,2026-05-17T16:37:48.397685+00:00
7580,INPROC_67AA44,1,10,team2,Team 2 (E/W),53,67,26,♥,finished,2026-05-17T16:37:48.411773+00:00
7581,INPROC_407543,1,10,team2,Team 2 (E/W),53,67,36,♠,finished,2026-05-17T16:37:48.428210+00:00
7582,INPROC_2A1CD8,1,10,team2,Team 2 (E/W),12,108,30,♠,finished,2026-05-17T16:37:48.444489+00:00
7583,INPROC_D645BD,1,10,team2,Team 2 (E/W),57,63,30,♠,finished,2026-05-17T16:37:48.461889+00:00
7584,INPROC_AB944F,1,10,team1,Team 1 (N/S),82,38,38,♠,finished,2026-05-17T16:37:48.478719+00:00
7585,INPROC_65A479,1,10,team2,Team 2 (E/W),24,96,16,♦,finished,2026-05-17T16:37:48.495653+00:00
7586,INPROC_BB8939,1,10,team1,Team 1 (N/S),62,58,30,♠,finished,2026-05-17T16:37:48.512354+00:00
7587,INPROC_609363,1,10,team2,Team 2 (E/W),52,68,9,♣,finished,2026-05-17T16:37:48.527121+00:00
7588,INPROC_BD9AD0,1,10,team2,Team 2 (E/W),34,86,24,♥,finished,2026-05-17T16:37:48.542660+00:00
7589,INPROC_084FA6,1,10,team2,Team 2 (E/W),44,76,36,♠,finished,2026-05-17T16:37:48.559596+00:00
7590,INPROC_5758BC,1,10,team1,Team 1 (N/S),84,36,36,♠,finished,2026-05-17T16:37:48.575530+00:00
7591,INPROC_3DB75C,1,10,team2,Team 2 (E/W),25,95,20,♥,finished,2026-05-17T16:37:48.591773+00:00
7592,INPROC_F4944F,1,10,team1,Team 1 (N/S),113,7,33,♠,finished,2026-05-17T16:37:48.603843+00:00
7593,INPROC_FCBAC2,1,10,team2,Team 2 (E/W),57,63,9,♣,finished,2026-05-17T16:37:48.619459+00:00
7594,INPROC_8A4C50,1,10,team2,Team 2 (E/W),46,74,25,♥,finished,2026-05-17T16:37:48.635987+00:00
7595,INPROC_709377,1,10,team1,Team 1 (N/S),72,48,19,♦,finished,2026-05-17T16:37:48.651202+00:00
7596,INPROC_48806C,1,10,team2,Team 2 (E/W),12,108,2,♣,finished,2026-05-17T16:37:48.664760+00:00
7597,INPROC_1B2CF2,1,10,team2,Team 2 (E/W),49,71,15,♦,finished,2026-05-17T16:37:48.679069+00:00
7598,INPROC_7D1C11,1,10,team1,Team 1 (N/S),81,39,5,♣,finished,2026-05-17T16:37:48.695051+00:00
7599,INPROC_C7C617,1,10,team2,Team 2 (E/W),55,65,28,♥,finished,2026-05-17T16:37:48.709603+00:00
7600,INPROC_76AF0D,1,10,team2,Team 2 (E/W),57,63,16,♦,finished,2026-05-17T16:37:48.725866+00:00
7601,INPROC_563841,1,10,team2,Team 2 (E/W),42,78,2,♣,finished,2026-05-17T16:37:48.742092+00:00
7602,INPROC_924817,1,10,team2,Team 2 (E/W),42,78,4,♣,finished,2026-05-17T16:37:48.756345+00:00
7603,INPROC_CF0F77,1,10,team2,Team 2 (E/W),59,61,34,♠,finished,2026-05-17T16:37:48.770204+00:00
7604,INPROC_AA2ECC,1,10,team1,Team 1 (N/S),70,50,19,♦,finished,2026-05-17T16:37:48.785129+00:00
7605,INPROC_B44FF6,1,10,team2,Team 2 (E/W),56,64,6,♣,finished,2026-05-17T16:37:48.800169+00:00
7606,INPROC_ECE385,1,10,team2,Team 2 (E/W),55,65,15,♦,finished,2026-05-17T16:37:48.815693+00:00
7607,INPROC_013D6F,1,10,team1,Team 1 (N/S),70,50,14,♦,finished,2026-05-17T16:37:48.833015+00:00
7608,INPROC_19CC36,1,10,team2,Team 2 (E/W),18,102,33,♠,finished,2026-05-17T16:37:48.850632+00:00
7609,INPROC_F77827,1,10,team2,Team 2 (E/W),36,84,24,♥,finished,2026-05-17T16:37:48.869343+00:00
7610,INPROC_D4228C,1,10,team2,Team 2 (E/W),54,66,2,♣,finished,2026-05-17T16:37:48.888197+00:00
7611,INPROC_AF23EF,1,10,team2,Team 2 (E/W),50,70,18,♦,finished,2026-05-17T16:37:48.905317+00:00
7612,INPROC_D1E6FD,1,10,team1,Team 1 (N/S),94,26,11,♦,finished,2026-05-17T16:37:48.921841+00:00
7613,INPROC_4941FC,1,10,team2,Team 2 (E/W),31,89,29,♥,finished,2026-05-17T16:37:48.938124+00:00
7614,INPROC_156345,1,10,team2,Team 2 (E/W),38,82,29,♥,finished,2026-05-17T16:37:48.955371+00:00
7615,INPROC_CFF628,1,10,team2,Team 2 (E/W),27,93,18,♦,finished,2026-05-17T16:37:48.972414+00:00
7616,INPROC_353140,1,10,team1,Team 1 (N/S),78,42,4,♣,finished,2026-05-17T16:37:48.990226+00:00
7617,INPROC_222FDA,1,10,team1,Team 1 (N/S),64,56,7,♣,finished,2026-05-17T16:37:49.010263+00:00
7618,INPROC_2CB7FD,1,10,team2,Team 2 (E/W),39,81,35,♠,finished,2026-05-17T16:37:49.026470+00:00
7619,INPROC_DA85F5,1,10,team1,Team 1 (N/S),73,47,15,♦,finished,2026-05-17T16:37:49.042713+00:00
7620,INPROC_A97BD8,1,10,team1,Team 1 (N/S),90,30,17,♦,finished,2026-05-17T16:37:49.059768+00:00
7621,INPROC_BA2EA2,1,10,team2,Team 2 (E/W),51,69,2,♣,finished,2026-05-17T16:37:49.077018+00:00
7622,INPROC_9A8A9F,1,10,team2,Team 2 (E/W),33,87,6,♣,finished,2026-05-17T16:37:49.092567+00:00
7623,INPROC_5EE535,1,10,team2,Team 2 (E/W),54,66,23,♥,finished,2026-05-17T16:37:49.107444+00:00
7624,INPROC_28652C,1,10,team1,Team 1 (N/S),69,51,18,♦,finished,2026-05-17T16:37:49.122863+00:00
7625,INPROC_571BFC,1,10,team1,Team 1 (N/S),110,10,0,♣,finished,2026-05-17T16:37:49.140807+00:00
7626,INPROC_199FAD,1,10,team2,Team 2 (E/W),34,86,8,♣,finished,2026-05-17T16:37:49.157244+00:00
7627,INPROC_4F1AEC,1,10,team1,Team 1 (N/S),105,15,18,♦,finished,2026-05-17T16:37:49.173225+00:00
7628,INPROC_FABBB3,1,10,draw,draw,60,60,9,♣,finished,2026-05-17T16:37:49.188113+00:00
7629,INPROC_4DC6B9,1,10,team1,Team 1 (N/S),109,11,24,♥,finished,2026-05-17T16:37:49.205024+00:00
7630,INPROC_8D5092,1,10,team2,Team 2 (E/W),46,74,36,♠,finished,2026-05-17T16:37:49.223024+00:00
7631,INPROC_0B650E,1,10,team1,Team 1 (N/S),64,56,0,♣,finished,2026-05-17T16:37:49.241455+00:00
7632,INPROC_423B0D,1,10,team2,Team 2 (E/W),52,68,1,♣,finished,2026-05-17T16:37:49.258560+00:00
7633,INPROC_2E13F6,1,10,team1,Team 1 (N/S),97,23,21,♥,finished,2026-05-17T16:37:49.274361+00:00
7634,INPROC_0CCD21,1,10,team2,Team 2 (E/W),48,72,26,♥,finished,2026-05-17T16:37:49.286496+00:00
7635,INPROC_7E60D2,1,10,team1,Team 1 (N/S),73,47,22,♥,finished,2026-05-17T16:37:49.301542+00:00
7636,INPROC_547E74,1,10,team2,Team 2 (E/W),16,104,24,♥,finished,2026-05-17T16:37:49.313686+00:00
7637,INPROC_D6E780,1,10,team1,Team 1 (N/S),81,39,11,♦,finished,2026-05-17T16:37:49.341408+00:00
7638,INPROC_393113,1,10,team1,Team 1 (N/S),75,45,31,♠,finished,2026-05-17T16:37:49.359980+00:00
7639,INPROC_CB27C6,1,10,team2,Team 2 (E/W),34,86,23,♥,finished,2026-05-17T16:37:49.413202+00:00
7640,INPROC_A84555,1,10,team2,Team 2 (E/W),37,83,9,♣,finished,2026-05-17T16:37:49.432295+00:00
7641,INPROC_B5E563,1,10,team2,Team 2 (E/W),37,83,21,♥,finished,2026-05-17T16:37:49.451842+00:00
7642,INPROC_6713E2,1,10,team2,Team 2 (E/W),19,101,3,♣,finished,2026-05-17T16:37:49.467416+00:00
7643,INPROC_39A796,1,10,team2,Team 2 (E/W),27,93,14,♦,finished,2026-05-17T16:37:49.482815+00:00
7644,INPROC_D3944B,1,10,team1,Team 1 (N/S),69,51,3,♣,finished,2026-05-17T16:37:49.496725+00:00
7645,INPROC_067BDD,1,10,draw,draw,60,60,34,♠,finished,2026-05-17T16:37:49.512257+00:00
7646,INPROC_663A4F,1,10,team1,Team 1 (N/S),65,55,37,♠,finished,2026-05-17T16:37:49.526342+00:00
7647,INPROC_7E839A,1,10,team1,Team 1 (N/S),108,12,10,♦,finished,2026-05-17T16:37:49.541612+00:00
7648,INPROC_DE34B3,1,10,team1,Team 1 (N/S),62,58,26,♥,finished,2026-05-17T16:37:49.557679+00:00
7649,INPROC_C58F6A,1,10,team2,Team 2 (E/W),49,71,37,♠,finished,2026-05-17T16:37:49.575241+00:00
7650,INPROC_C20E06,1,10,team2,Team 2 (E/W),19,101,23,♥,finished,2026-05-17T16:37:49.592659+00:00
7651,INPROC_2CB029,1,10,team2,Team 2 (E/W),40,80,18,♦,finished,2026-05-17T16:37:49.608750+00:00
7652,INPROC_E8E10F,1,10,team2,Team 2 (E/W),37,83,37,♠,finished,2026-05-17T16:37:49.623325+00:00
7653,INPROC_2B9FBC,1,10,team2,Team 2 (E/W),12,108,14,♦,finished,2026-05-17T16:37:49.638147+00:00
7654,INPROC_1EE742,1,10,team2,Team 2 (E/W),38,82,17,♦,finished,2026-05-17T16:37:49.655907+00:00
7655,INPROC_8F6A85,1,10,team1,Team 1 (N/S),61,59,14,♦,finished,2026-05-17T16:37:49.672408+00:00
7656,INPROC_15B2F3,1,10,team1,Team 1 (N/S),78,42,17,♦,finished,2026-05-17T16:37:49.688785+00:00
7657,INPROC_AE9407,1,10,team2,Team 2 (E/W),58,62,1,♣,finished,2026-05-17T16:37:49.701985+00:00
7658,INPROC_2540CB,1,10,team2,Team 2 (E/W),31,89,14,♦,finished,2026-05-17T16:37:49.719139+00:00
7659,INPROC_2EF000,1,10,team2,Team 2 (E/W),55,65,4,♣,finished,2026-05-17T16:37:49.734940+00:00
7660,INPROC_E16CFB,1,10,team2,Team 2 (E/W),59,61,19,♦,finished,2026-05-17T16:37:49.749104+00:00
7661,INPROC_2A6CF7,1,10,team2,Team 2 (E/W),36,84,7,♣,finished,2026-05-17T16:37:49.764132+00:00
7662,INPROC_C5F71E,1,10,team2,Team 2 (E/W),35,85,30,♠,finished,2026-05-17T16:37:49.778764+00:00
7663,INPROC_EE4047,1,10,team1,Team 1 (N/S),61,59,29,♥,finished,2026-05-17T16:37:49.794662+00:00
7664,INPROC_3ADC83,1,10,team2,Team 2 (E/W),38,82,18,♦,finished,2026-05-17T16:37:49.813090+00:00
7665,INPROC_4ECCD0,1,10,team1,Team 1 (N/S),76,44,26,♥,finished,2026-05-17T16:37:49.828396+00:00
7666,INPROC_264048,1,10,team2,Team 2 (E/W),35,85,20,♥,finished,2026-05-17T16:37:49.841258+00:00
7667,INPROC_F02344,1,10,team1,Team 1 (N/S),78,42,1,♣,finished,2026-05-17T16:37:49.854728+00:00
7668,INPROC_027E41,1,10,team2,Team 2 (E/W),49,71,30,♠,finished,2026-05-17T16:37:49.870834+00:00
7669,INPROC_EC4592,1,10,team2,Team 2 (E/W),13,107,7,♣,finished,2026-05-17T16:37:49.887630+00:00
7670,INPROC_A1B555,1,10,team2,Team 2 (E/W),40,80,35,♠,finished,2026-05-17T16:37:49.903273+00:00
7671,INPROC_7C559C,1,10,team1,Team 1 (N/S),72,48,35,♠,finished,2026-05-17T16:37:49.919280+00:00
7672,INPROC_8420CA,1,10,team2,Team 2 (E/W),37,83,9,♣,finished,2026-05-17T16:37:49.932986+00:00
7673,INPROC_D00AFE,1,10,team2,Team 2 (E/W),43,77,23,♥,finished,2026-05-17T16:37:49.950136+00:00
7674,INPROC_B8DAF8,1,10,team1,Team 1 (N/S),83,37,18,♦,finished,2026-05-17T16:37:49.966663+00:00
7675,INPROC_73DA13,1,10,team2,Team 2 (E/W),30,90,31,♠,finished,2026-05-17T16:37:49.982820+00:00
7676,INPROC_5DDE14,1,10,team2,Team 2 (E/W),14,106,17,♦,finished,2026-05-17T16:37:49.999398+00:00
7677,INPROC_5145DE,1,10,team2,Team 2 (E/W),47,73,2,♣,finished,2026-05-17T16:37:50.017447+00:00
7678,INPROC_1F1FB0,1,10,team1,Team 1 (N/S),76,44,13,♦,finished,2026-05-17T16:37:50.033723+00:00
7679,INPROC_2789BD,1,10,team1,Team 1 (N/S),66,54,34,♠,finished,2026-05-17T16:37:50.049676+00:00
7680,INPROC_0C7D6D,1,10,team1,Team 1 (N/S),79,41,12,♦,finished,2026-05-17T16:37:50.064998+00:00
7681,INPROC_205BC6,1,10,team1,Team 1 (N/S),71,49,21,♥,finished,2026-05-17T16:37:50.081008+00:00
7682,INPROC_9F17AA,1,10,team1,Team 1 (N/S),64,56,13,♦,finished,2026-05-17T16:37:50.094604+00:00
7683,INPROC_4079E0,1,10,team1,Team 1 (N/S),63,57,20,♥,finished,2026-05-17T16:37:50.110944+00:00
7684,INPROC_D6601F,1,10,team2,Team 2 (E/W),46,74,1,♣,finished,2026-05-17T16:37:50.124951+00:00
7685,INPROC_3D0CA6,1,10,team1,Team 1 (N/S),67,53,23,♥,finished,2026-05-17T16:37:50.138174+00:00
7686,INPROC_033F79,1,10,team2,Team 2 (E/W),15,105,35,♠,finished,2026-05-17T16:37:50.154481+00:00
7687,INPROC_0B0BCD,1,10,team2,Team 2 (E/W),22,98,20,♥,finished,2026-05-17T16:37:50.171626+00:00
7688,INPROC_4F8FA4,1,10,team1,Team 1 (N/S),68,52,34,♠,finished,2026-05-17T16:37:50.187119+00:00
7689,INPROC_642F5C,1,10,team2,Team 2 (E/W),17,103,33,♠,finished,2026-05-17T16:37:50.201680+00:00
7690,INPROC_7CE679,1,10,team2,Team 2 (E/W),53,67,2,♣,finished,2026-05-17T16:37:50.217007+00:00
7691,INPROC_5C0F1B,1,10,team2,Team 2 (E/W),41,79,32,♠,finished,2026-05-17T16:37:50.231401+00:00
7692,INPROC_4325A2,1,10,team2,Team 2 (E/W),45,75,24,♥,finished,2026-05-17T16:37:50.246762+00:00
7693,INPROC_D22CC6,1,10,team1,Team 1 (N/S),64,56,36,♠,finished,2026-05-17T16:37:50.261840+00:00
7694,INPROC_B87FC4,1,10,team1,Team 1 (N/S),73,47,35,♠,finished,2026-05-17T16:37:50.277174+00:00
7695,INPROC_89E477,1,10,team2,Team 2 (E/W),17,103,5,♣,finished,2026-05-17T16:37:50.292437+00:00
7696,INPROC_9C479C,1,10,team1,Team 1 (N/S),98,22,6,♣,finished,2026-05-17T16:37:50.307303+00:00
7697,INPROC_8D9365,1,10,team2,Team 2 (E/W),36,84,1,♣,finished,2026-05-17T16:37:50.320884+00:00
7698,INPROC_18DB0E,1,10,team1,Team 1 (N/S),103,17,21,♥,finished,2026-05-17T16:37:50.335596+00:00
7699,INPROC_4A403B,1,10,team2,Team 2 (E/W),2,118,10,♦,finished,2026-05-17T16:37:50.353285+00:00
7700,INPROC_045573,1,10,team2,Team 2 (E/W),27,93,39,♠,finished,2026-05-17T16:37:50.370409+00:00
7701,INPROC_2E22A6,1,10,team2,Team 2 (E/W),36,84,25,♥,finished,2026-05-17T16:37:50.385398+00:00
7702,INPROC_763378,1,10,team1,Team 1 (N/S),101,19,17,♦,finished,2026-05-17T16:37:50.401415+00:00
7703,INPROC_4AB94D,1,10,team2,Team 2 (E/W),49,71,3,♣,finished,2026-05-17T16:37:50.416617+00:00
7704,INPROC_3FD2CC,1,10,team2,Team 2 (E/W),55,65,22,♥,finished,2026-05-17T16:37:50.432915+00:00
7705,INPROC_E421F1,1,10,team2,Team 2 (E/W),24,96,14,♦,finished,2026-05-17T16:37:50.449002+00:00
7706,INPROC_DFD1D3,1,10,team2,Team 2 (E/W),0,120,38,♠,finished,2026-05-17T16:37:50.465778+00:00
7707,INPROC_A75F5E,1,10,team2,Team 2 (E/W),26,94,6,♣,finished,2026-05-17T16:37:50.482604+00:00
7708,INPROC_B2FC79,1,10,team2,Team 2 (E/W),49,71,33,♠,finished,2026-05-17T16:37:50.498835+00:00
7709,INPROC_E599CD,1,10,team2,Team 2 (E/W),35,85,12,♦,finished,2026-05-17T16:37:50.517761+00:00
7710,INPROC_110A4D,1,10,team1,Team 1 (N/S),63,57,5,♣,finished,2026-05-17T16:37:50.532595+00:00
7711,INPROC_FFCC34,1,10,team1,Team 1 (N/S),71,49,7,♣,finished,2026-05-17T16:37:50.549247+00:00
7712,INPROC_421718,1,10,team2,Team 2 (E/W),33,87,15,♦,finished,2026-05-17T16:37:50.564028+00:00
7713,INPROC_496E98,1,10,team2,Team 2 (E/W),21,99,21,♥,finished,2026-05-17T16:37:50.579497+00:00
7714,INPROC_0DB518,1,10,team2,Team 2 (E/W),45,75,36,♠,finished,2026-05-17T16:37:50.594458+00:00
7715,INPROC_AE4D29,1,10,team2,Team 2 (E/W),50,70,22,♥,finished,2026-05-17T16:37:50.610021+00:00
7716,INPROC_136840,1,10,team2,Team 2 (E/W),43,77,6,♣,finished,2026-05-17T16:37:50.627769+00:00
7717,INPROC_D7D34B,1,10,team2,Team 2 (E/W),30,90,12,♦,finished,2026-05-17T16:37:50.642240+00:00
7718,INPROC_D83CA6,1,10,team1,Team 1 (N/S),83,37,30,♠,finished,2026-05-17T16:37:50.658502+00:00
7719,INPROC_B73C17,1,10,team2,Team 2 (E/W),22,98,37,♠,finished,2026-05-17T16:37:50.673523+00:00
7720,INPROC_FAE25B,1,10,team2,Team 2 (E/W),33,87,1,♣,finished,2026-05-17T16:37:50.689050+00:00
7721,INPROC_888ABD,1,10,team2,Team 2 (E/W),55,65,20,♥,finished,2026-05-17T16:37:50.704887+00:00
7722,INPROC_B70D87,1,10,team2,Team 2 (E/W),50,70,4,♣,finished,2026-05-17T16:37:50.721938+00:00
7723,INPROC_FC92F5,1,10,team1,Team 1 (N/S),86,34,0,♣,finished,2026-05-17T16:37:50.737495+00:00
7724,INPROC_22DB5F,1,10,team1,Team 1 (N/S),75,45,21,♥,finished,2026-05-17T16:37:50.752711+00:00
7725,INPROC_CA2DC3,1,10,team2,Team 2 (E/W),55,65,9,♣,finished,2026-05-17T16:37:50.768166+00:00
7726,INPROC_BB753D,1,10,team1,Team 1 (N/S),72,48,2,♣,finished,2026-05-17T16:37:50.784717+00:00
7727,INPROC_8BFC33,1,10,team2,Team 2 (E/W),40,80,9,♣,finished,2026-05-17T16:37:50.799102+00:00
7728,INPROC_E24B0B,1,10,team1,Team 1 (N/S),74,46,27,♥,finished,2026-05-17T16:37:50.813838+00:00
7729,INPROC_EBDBA2,1,10,team2,Team 2 (E/W),45,75,16,♦,finished,2026-05-17T16:37:50.829944+00:00
7730,INPROC_5495ED,1,10,team1,Team 1 (N/S),64,56,18,♦,finished,2026-05-17T16:37:50.843833+00:00
7731,INPROC_3F3325,1,10,team1,Team 1 (N/S),63,57,4,♣,finished,2026-05-17T16:37:50.859743+00:00
7732,INPROC_4C59CE,1,10,team2,Team 2 (E/W),50,70,7,♣,finished,2026-05-17T16:37:50.874881+00:00
7733,INPROC_E5EAE0,1,10,team2,Team 2 (E/W),58,62,20,♥,finished,2026-05-17T16:37:50.892339+00:00
7734,INPROC_AAB741,1,10,team2,Team 2 (E/W),55,65,39,♠,finished,2026-05-17T16:37:50.909516+00:00
7735,INPROC_49E880,1,10,team2,Team 2 (E/W),47,73,5,♣,finished,2026-05-17T16:37:50.927402+00:00
7736,INPROC_E29691,1,10,team2,Team 2 (E/W),42,78,8,♣,finished,2026-05-17T16:37:50.943895+00:00
7737,INPROC_6EC00C,1,10,team1,Team 1 (N/S),66,54,11,♦,finished,2026-05-17T16:37:50.962595+00:00
7738,INPROC_C62401,1,10,team2,Team 2 (E/W),29,91,4,♣,finished,2026-05-17T16:37:50.975635+00:00
7739,INPROC_0CDC62,1,10,team2,Team 2 (E/W),49,71,9,♣,finished,2026-05-17T16:37:50.992555+00:00
7740,INPROC_F59D04,1,10,team2,Team 2 (E/W),36,84,15,♦,finished,2026-05-17T16:37:51.009625+00:00
7741,INPROC_7BD8BE,1,10,team2,Team 2 (E/W),46,74,6,♣,finished,2026-05-17T16:37:51.024553+00:00
7742,INPROC_F6A229,1,10,team1,Team 1 (N/S),102,18,24,♥,finished,2026-05-17T16:37:51.040407+00:00
7743,INPROC_2D9F5A,1,10,team2,Team 2 (E/W),32,88,18,♦,finished,2026-05-17T16:37:51.056049+00:00
7744,INPROC_0ED85F,1,10,team1,Team 1 (N/S),66,54,4,♣,finished,2026-05-17T16:37:51.072470+00:00
7745,INPROC_1AF00C,1,10,team1,Team 1 (N/S),70,50,7,♣,finished,2026-05-17T16:37:51.088236+00:00
7746,INPROC_E4598D,1,10,team1,Team 1 (N/S),72,48,21,♥,finished,2026-05-17T16:37:51.104934+00:00
7747,INPROC_09F705,1,10,team2,Team 2 (E/W),39,81,19,♦,finished,2026-05-17T16:37:51.120858+00:00
7748,INPROC_E86FDD,1,10,team1,Team 1 (N/S),87,33,32,♠,finished,2026-05-17T16:37:51.138169+00:00
7749,INPROC_1F6C7E,1,10,team2,Team 2 (E/W),57,63,5,♣,finished,2026-05-17T16:37:51.151297+00:00
7750,INPROC_8C0D88,1,10,team2,Team 2 (E/W),44,76,22,♥,finished,2026-05-17T16:37:51.165324+00:00
7751,INPROC_3A6C6F,1,10,team1,Team 1 (N/S),89,31,13,♦,finished,2026-05-17T16:37:51.179975+00:00
7752,INPROC_B0918F,1,10,team2,Team 2 (E/W),50,70,10,♦,finished,2026-05-17T16:37:51.195840+00:00
7753,INPROC_5949DE,1,10,team1,Team 1 (N/S),108,12,20,♥,finished,2026-05-17T16:37:51.210339+00:00
7754,INPROC_DDD459,1,10,team1,Team 1 (N/S),83,37,6,♣,finished,2026-05-17T16:37:51.225429+00:00
7755,INPROC_5391EB,1,10,team2,Team 2 (E/W),8,112,18,♦,finished,2026-05-17T16:37:51.241578+00:00
7756,INPROC_F1EEC5,1,10,team1,Team 1 (N/S),106,14,36,♠,finished,2026-05-17T16:37:51.256512+00:00
7757,INPROC_32AC36,1,10,team2,Team 2 (E/W),45,75,1,♣,finished,2026-05-17T16:37:51.272191+00:00
7758,INPROC_BE9F76,1,10,team1,Team 1 (N/S),66,54,19,♦,finished,2026-05-17T16:37:51.287131+00:00
7759,INPROC_FFD3F3,1,10,team2,Team 2 (E/W),10,110,19,♦,finished,2026-05-17T16:37:51.303146+00:00
7760,INPROC_04BE5B,1,10,team2,Team 2 (E/W),57,63,3,♣,finished,2026-05-17T16:37:51.319203+00:00
7761,INPROC_3E598A,1,10,team2,Team 2 (E/W),41,79,22,♥,finished,2026-05-17T16:37:51.335254+00:00
7762,INPROC_5F8201,1,10,draw,draw,60,60,17,♦,finished,2026-05-17T16:37:51.351135+00:00
7763,INPROC_3947B3,1,10,team1,Team 1 (N/S),101,19,13,♦,finished,2026-05-17T16:37:51.364015+00:00
7764,INPROC_66928B,1,10,team1,Team 1 (N/S),69,51,16,♦,finished,2026-05-17T16:37:51.379939+00:00
7765,INPROC_CCA82B,1,10,team2,Team 2 (E/W),0,120,27,♥,finished,2026-05-17T16:37:51.397992+00:00
7766,INPROC_9A7DB6,1,10,team2,Team 2 (E/W),32,88,9,♣,finished,2026-05-17T16:37:51.416619+00:00
7767,INPROC_094D19,1,10,team2,Team 2 (E/W),16,104,38,♠,finished,2026-05-17T16:37:51.431999+00:00
7768,INPROC_F13D4E,1,10,team1,Team 1 (N/S),61,59,33,♠,finished,2026-05-17T16:37:51.445102+00:00
7769,INPROC_EF5278,1,10,team1,Team 1 (N/S),88,32,6,♣,finished,2026-05-17T16:37:51.460979+00:00
7770,INPROC_DC8086,1,10,team2,Team 2 (E/W),46,74,9,♣,finished,2026-05-17T16:37:51.476114+00:00
7771,INPROC_AA41F0,1,10,team2,Team 2 (E/W),50,70,8,♣,finished,2026-05-17T16:37:51.491021+00:00
7772,INPROC_2C1155,1,10,team2,Team 2 (E/W),42,78,23,♥,finished,2026-05-17T16:37:51.507023+00:00
7773,INPROC_F659BA,1,10,team1,Team 1 (N/S),61,59,23,♥,finished,2026-05-17T16:37:51.521184+00:00
7774,INPROC_82F4F3,1,10,team2,Team 2 (E/W),48,72,2,♣,finished,2026-05-17T16:37:51.536043+00:00
7775,INPROC_DBF9EF,1,10,team1,Team 1 (N/S),61,59,6,♣,finished,2026-05-17T16:37:51.553024+00:00
7776,INPROC_C30AD4,1,10,draw,draw,60,60,17,♦,finished,2026-05-17T16:37:51.569851+00:00
7777,INPROC_DAB989,1,10,team2,Team 2 (E/W),38,82,3,♣,finished,2026-05-17T16:37:51.585110+00:00
7778,INPROC_321B43,1,10,team2,Team 2 (E/W),14,106,29,♥,finished,2026-05-17T16:37:51.600107+00:00
7779,INPROC_E58CC2,1,10,team2,Team 2 (E/W),14,106,26,♥,finished,2026-05-17T16:37:51.614326+00:00
7780,INPROC_5C0447,1,10,team2,Team 2 (E/W),20,100,10,♦,finished,2026-05-17T16:37:51.634751+00:00
7781,INPROC_1DE711,1,10,team2,Team 2 (E/W),31,89,3,♣,finished,2026-05-17T16:37:51.651220+00:00
7782,INPROC_432FE7,1,10,team1,Team 1 (N/S),67,53,35,♠,finished,2026-05-17T16:37:51.666812+00:00
7783,INPROC_CC04E8,1,10,team2,Team 2 (E/W),31,89,38,♠,finished,2026-05-17T16:37:51.681751+00:00
7784,INPROC_334A19,1,10,team1,Team 1 (N/S),79,41,7,♣,finished,2026-05-17T16:37:51.696617+00:00
7785,INPROC_0BB63F,1,10,team2,Team 2 (E/W),57,63,22,♥,finished,2026-05-17T16:37:51.712492+00:00
7786,INPROC_E46633,1,10,team1,Team 1 (N/S),67,53,33,♠,finished,2026-05-17T16:37:51.728548+00:00
7787,INPROC_2CD773,1,10,team2,Team 2 (E/W),24,96,34,♠,finished,2026-05-17T16:37:51.744416+00:00
7788,INPROC_F7C9EF,1,10,team1,Team 1 (N/S),66,54,14,♦,finished,2026-05-17T16:37:51.760892+00:00
7789,INPROC_349EA7,1,10,team2,Team 2 (E/W),37,83,28,♥,finished,2026-05-17T16:37:51.776887+00:00
7790,INPROC_A11CA0,1,10,team2,Team 2 (E/W),16,104,39,♠,finished,2026-05-17T16:37:51.792733+00:00
7791,INPROC_BA8BCF,1,10,team1,Team 1 (N/S),72,48,24,♥,finished,2026-05-17T16:37:51.807735+00:00
7792,INPROC_136FF4,1,10,team2,Team 2 (E/W),20,100,21,♥,finished,2026-05-17T16:37:51.824075+00:00
7793,INPROC_C449E9,1,10,team1,Team 1 (N/S),120,0,22,♥,finished,2026-05-17T16:37:51.839782+00:00
7794,INPROC_3849DE,1,10,team1,Team 1 (N/S),61,59,10,♦,finished,2026-05-17T16:37:51.855721+00:00
7795,INPROC_F18EE0,1,10,team2,Team 2 (E/W),56,64,20,♥,finished,2026-05-17T16:37:51.870526+00:00
7796,INPROC_FD20C0,1,10,team2,Team 2 (E/W),35,85,38,♠,finished,2026-05-17T16:37:51.886192+00:00
7797,INPROC_AE5B74,1,10,team2,Team 2 (E/W),22,98,4,♣,finished,2026-05-17T16:37:51.903397+00:00
7798,INPROC_937FE6,1,10,team2,Team 2 (E/W),49,71,22,♥,finished,2026-05-17T16:37:51.920465+00:00
7799,INPROC_58201C,1,10,team1,Team 1 (N/S),105,15,26,♥,finished,2026-05-17T16:37:51.939199+00:00
7800,INPROC_0B73FF,1,10,team1,Team 1 (N/S),118,2,25,♥,finished,2026-05-17T16:37:51.952446+00:00
7801,INPROC_F8FC16,1,10,team1,Team 1 (N/S),77,43,37,♠,finished,2026-05-17T16:37:51.967595+00:00
7802,INPROC_4AE18A,1,10,team1,Team 1 (N/S),91,29,36,♠,finished,2026-05-17T16:37:51.983493+00:00
7803,INPROC_AD285D,1,10,team2,Team 2 (E/W),49,71,6,♣,finished,2026-05-17T16:37:51.998271+00:00
7804,INPROC_3B4429,1,10,team1,Team 1 (N/S),115,5,20,♥,finished,2026-05-17T16:37:52.014140+00:00
7805,INPROC_69B6A7,1,10,team2,Team 2 (E/W),44,76,15,♦,finished,2026-05-17T16:37:52.030627+00:00
7806,INPROC_7F4185,1,10,team1,Team 1 (N/S),82,38,20,♥,finished,2026-05-17T16:37:52.047609+00:00
7807,INPROC_A3C1B6,1,10,team2,Team 2 (E/W),33,87,19,♦,finished,2026-05-17T16:37:52.063485+00:00
7808,INPROC_063B70,1,10,team2,Team 2 (E/W),52,68,35,♠,finished,2026-05-17T16:37:52.080628+00:00
7809,INPROC_DEE299,1,10,team1,Team 1 (N/S),74,46,34,♠,finished,2026-05-17T16:37:52.095767+00:00
7810,INPROC_6B30FC,1,10,team2,Team 2 (E/W),47,73,11,♦,finished,2026-05-17T16:37:52.112503+00:00
7811,INPROC_EC593B,1,10,team1,Team 1 (N/S),107,13,35,♠,finished,2026-05-17T16:37:52.127912+00:00
7812,INPROC_49B351,1,10,team2,Team 2 (E/W),41,79,22,♥,finished,2026-05-17T16:37:52.145028+00:00
7813,INPROC_5A4143,1,10,team2,Team 2 (E/W),53,67,29,♥,finished,2026-05-17T16:37:52.161224+00:00
7814,INPROC_794E1E,1,10,team1,Team 1 (N/S),65,55,27,♥,finished,2026-05-17T16:37:52.178569+00:00
7815,INPROC_E4050C,1,10,team2,Team 2 (E/W),49,71,18,♦,finished,2026-05-17T16:37:52.192752+00:00
7816,INPROC_EA7457,1,10,team1,Team 1 (N/S),69,51,24,♥,finished,2026-05-17T16:37:52.205836+00:00
7817,INPROC_56C93A,1,10,team2,Team 2 (E/W),33,87,17,♦,finished,2026-05-17T16:37:52.220814+00:00
7818,INPROC_3797BF,1,10,team1,Team 1 (N/S),99,21,22,♥,finished,2026-05-17T16:37:52.236436+00:00
7819,INPROC_EA90CC,1,10,team2,Team 2 (E/W),48,72,3,♣,finished,2026-05-17T16:37:52.253687+00:00
7820,INPROC_AD021E,1,10,team2,Team 2 (E/W),25,95,38,♠,finished,2026-05-17T16:37:52.268003+00:00
7821,INPROC_40CAB0,1,10,team1,Team 1 (N/S),67,53,24,♥,finished,2026-05-17T16:37:52.284212+00:00
7822,INPROC_989B06,1,10,team1,Team 1 (N/S),97,23,12,♦,finished,2026-05-17T16:37:52.301318+00:00
7823,INPROC_43DE1D,1,10,team2,Team 2 (E/W),51,69,12,♦,finished,2026-05-17T16:37:52.317386+00:00
7824,INPROC_85CAC0,1,10,draw,draw,60,60,31,♠,finished,2026-05-17T16:37:52.332827+00:00
7825,INPROC_D0590E,1,10,team2,Team 2 (E/W),36,84,9,♣,finished,2026-05-17T16:37:52.348985+00:00
7826,INPROC_4C9AD5,1,10,team1,Team 1 (N/S),87,33,25,♥,finished,2026-05-17T16:37:52.365325+00:00
7827,INPROC_750C93,1,10,team1,Team 1 (N/S),63,57,9,♣,finished,2026-05-17T16:37:52.380603+00:00
7828,INPROC_5D2457,1,10,draw,draw,60,60,22,♥,finished,2026-05-17T16:37:52.393912+00:00
7829,INPROC_431C6C,1,10,team1,Team 1 (N/S),79,41,7,♣,finished,2026-05-17T16:37:52.406207+00:00
7830,INPROC_84C6FF,1,10,draw,draw,60,60,9,♣,finished,2026-05-17T16:37:52.424123+00:00
7831,INPROC_94FEE3,1,10,team1,Team 1 (N/S),72,48,23,♥,finished,2026-05-17T16:37:52.438969+00:00
7832,INPROC_597004,1,10,team2,Team 2 (E/W),22,98,17,♦,finished,2026-05-17T16:37:52.455129+00:00
7833,INPROC_459FC6,1,10,team1,Team 1 (N/S),69,51,27,♥,finished,2026-05-17T16:37:52.471205+00:00
7834,INPROC_780286,1,10,team1,Team 1 (N/S),70,50,18,♦,finished,2026-05-17T16:37:52.488246+00:00
7835,INPROC_10A1EA,1,10,team2,Team 2 (E/W),28,92,9,♣,finished,2026-05-17T16:37:52.502982+00:00
7836,INPROC_CF7D46,1,10,team2,Team 2 (E/W),34,86,22,♥,finished,2026-05-17T16:37:52.517758+00:00
7837,INPROC_4BF9DD,1,10,team2,Team 2 (E/W),55,65,1,♣,finished,2026-05-17T16:37:52.532051+00:00
7838,INPROC_4B4EB4,1,10,team2,Team 2 (E/W),27,93,29,♥,finished,2026-05-17T16:37:52.548614+00:00
7839,INPROC_892414,1,10,team2,Team 2 (E/W),56,64,2,♣,finished,2026-05-17T16:37:52.564214+00:00
7840,INPROC_293AA0,1,10,team1,Team 1 (N/S),61,59,13,♦,finished,2026-05-17T16:37:52.578868+00:00
7841,INPROC_62B8A1,1,10,team1,Team 1 (N/S),62,58,36,♠,finished,2026-05-17T16:37:52.594258+00:00
7842,INPROC_562C7E,1,10,team2,Team 2 (E/W),43,77,24,♥,finished,2026-05-17T16:37:52.609587+00:00
7843,INPROC_DB54A1,1,10,team1,Team 1 (N/S),70,50,30,♠,finished,2026-05-17T16:37:52.625659+00:00
7844,INPROC_C7CD47,1,10,team2,Team 2 (E/W),42,78,14,♦,finished,2026-05-17T16:37:52.643255+00:00
7845,INPROC_4AA39F,1,10,team1,Team 1 (N/S),103,17,36,♠,finished,2026-05-17T16:37:52.658949+00:00
7846,INPROC_C0F43E,1,10,team1,Team 1 (N/S),67,53,19,♦,finished,2026-05-17T16:37:52.675237+00:00
7847,INPROC_E4CA55,1,10,team1,Team 1 (N/S),68,52,18,♦,finished,2026-05-17T16:37:52.691412+00:00
7848,INPROC_F9FD6C,1,10,team2,Team 2 (E/W),44,76,29,♥,finished,2026-05-17T16:37:52.707322+00:00
7849,INPROC_8C8040,1,10,team2,Team 2 (E/W),19,101,16,♦,finished,2026-05-17T16:37:52.722038+00:00
7850,INPROC_361713,1,10,team1,Team 1 (N/S),84,36,24,♥,finished,2026-05-17T16:37:52.737129+00:00
7851,INPROC_A335E0,1,10,team1,Team 1 (N/S),70,50,37,♠,finished,2026-05-17T16:37:52.754088+00:00
7852,INPROC_27EA38,1,10,team2,Team 2 (E/W),46,74,25,♥,finished,2026-05-17T16:37:52.770215+00:00
7853,INPROC_33D243,1,10,team1,Team 1 (N/S),63,57,28,♥,finished,2026-05-17T16:37:52.787916+00:00
7854,INPROC_7EF61C,1,10,team1,Team 1 (N/S),73,47,10,♦,finished,2026-05-17T16:37:52.803974+00:00
7855,INPROC_211B9C,1,10,team2,Team 2 (E/W),47,73,37,♠,finished,2026-05-17T16:37:52.820163+00:00
7856,INPROC_2FEB98,1,10,team1,Team 1 (N/S),64,56,1,♣,finished,2026-05-17T16:37:52.837384+00:00
7857,INPROC_B2764E,1,10,team1,Team 1 (N/S),76,44,3,♣,finished,2026-05-17T16:37:52.851149+00:00
7858,INPROC_853DC7,1,10,team2,Team 2 (E/W),37,83,14,♦,finished,2026-05-17T16:37:52.872090+00:00
7859,INPROC_E3C0CF,1,10,team2,Team 2 (E/W),45,75,12,♦,finished,2026-05-17T16:37:52.894448+00:00
7860,INPROC_06B1F5,1,10,team2,Team 2 (E/W),56,64,31,♠,finished,2026-05-17T16:37:52.914448+00:00
7861,INPROC_97E7C6,1,10,draw,draw,60,60,1,♣,finished,2026-05-17T16:37:52.932830+00:00
7862,INPROC_78CECE,1,10,team2,Team 2 (E/W),42,78,21,♥,finished,2026-05-17T16:37:52.949027+00:00
7863,INPROC_157255,1,10,team2,Team 2 (E/W),57,63,31,♠,finished,2026-05-17T16:37:52.965984+00:00
7864,INPROC_6B641E,1,10,team2,Team 2 (E/W),55,65,4,♣,finished,2026-05-17T16:37:52.982977+00:00
7865,INPROC_040E7A,1,10,team2,Team 2 (E/W),37,83,39,♠,finished,2026-05-17T16:37:53.001495+00:00
7866,INPROC_6D1409,1,10,team1,Team 1 (N/S),67,53,17,♦,finished,2026-05-17T16:37:53.021372+00:00
7867,INPROC_BE4564,1,10,team2,Team 2 (E/W),35,85,34,♠,finished,2026-05-17T16:37:53.038474+00:00
7868,INPROC_8E8DC9,1,10,team1,Team 1 (N/S),62,58,2,♣,finished,2026-05-17T16:37:53.057211+00:00
7869,INPROC_1E7BA2,1,10,team1,Team 1 (N/S),63,57,16,♦,finished,2026-05-17T16:37:53.072745+00:00
7870,INPROC_7C21F7,1,10,team1,Team 1 (N/S),75,45,22,♥,finished,2026-05-17T16:37:53.090381+00:00
7871,INPROC_71BBDC,1,10,team2,Team 2 (E/W),48,72,25,♥,finished,2026-05-17T16:37:53.105860+00:00
7872,INPROC_D73E2C,1,10,team1,Team 1 (N/S),76,44,12,♦,finished,2026-05-17T16:37:53.122508+00:00
7873,INPROC_B06C85,1,10,team2,Team 2 (E/W),30,90,16,♦,finished,2026-05-17T16:37:53.138981+00:00
7874,INPROC_A86A6D,1,10,team2,Team 2 (E/W),50,70,31,♠,finished,2026-05-17T16:37:53.157026+00:00
7875,INPROC_26BD19,1,10,team2,Team 2 (E/W),54,66,29,♥,finished,2026-05-17T16:37:53.174332+00:00
7876,INPROC_669C15,1,10,team1,Team 1 (N/S),61,59,5,♣,finished,2026-05-17T16:37:53.193477+00:00
7877,INPROC_D5DBE5,1,10,team2,Team 2 (E/W),47,73,7,♣,finished,2026-05-17T16:37:53.209845+00:00
7878,INPROC_A5602B,1,10,team2,Team 2 (E/W),31,89,1,♣,finished,2026-05-17T16:37:53.226809+00:00
7879,INPROC_F84BAB,1,10,team2,Team 2 (E/W),47,73,27,♥,finished,2026-05-17T16:37:53.243155+00:00
7880,INPROC_5D938D,1,10,team2,Team 2 (E/W),43,77,2,♣,finished,2026-05-17T16:37:53.261123+00:00
7881,INPROC_8EFEFF,1,10,team2,Team 2 (E/W),51,69,36,♠,finished,2026-05-17T16:37:53.276981+00:00
7882,INPROC_24E42E,1,10,team1,Team 1 (N/S),63,57,15,♦,finished,2026-05-17T16:37:53.293128+00:00
7883,INPROC_010C43,1,10,team1,Team 1 (N/S),61,59,25,♥,finished,2026-05-17T16:37:53.309034+00:00
7884,INPROC_8A7934,1,10,team1,Team 1 (N/S),92,28,35,♠,finished,2026-05-17T16:37:53.323745+00:00
7885,INPROC_979698,1,10,team1,Team 1 (N/S),70,50,37,♠,finished,2026-05-17T16:37:53.339484+00:00
7886,INPROC_30AE5B,1,10,team1,Team 1 (N/S),75,45,16,♦,finished,2026-05-17T16:37:53.354021+00:00
7887,INPROC_4F0D29,1,10,team2,Team 2 (E/W),36,84,29,♥,finished,2026-05-17T16:37:53.369310+00:00
7888,INPROC_FA4116,1,10,team2,Team 2 (E/W),36,84,4,♣,finished,2026-05-17T16:37:53.385586+00:00
7889,INPROC_FAA8CA,1,10,team2,Team 2 (E/W),45,75,12,♦,finished,2026-05-17T16:37:53.401171+00:00
7890,INPROC_76F714,1,10,team2,Team 2 (E/W),37,83,22,♥,finished,2026-05-17T16:37:53.416993+00:00
7891,INPROC_6389F2,1,10,team1,Team 1 (N/S),69,51,13,♦,finished,2026-05-17T16:37:53.433861+00:00
7892,INPROC_216613,1,10,team1,Team 1 (N/S),72,48,19,♦,finished,2026-05-17T16:37:53.450809+00:00
7893,INPROC_CF9573,1,10,team1,Team 1 (N/S),97,23,1,♣,finished,2026-05-17T16:37:53.467787+00:00
7894,INPROC_51EC96,1,10,team1,Team 1 (N/S),73,47,7,♣,finished,2026-05-17T16:37:53.485422+00:00
7895,INPROC_57B34F,1,10,team1,Team 1 (N/S),73,47,33,♠,finished,2026-05-17T16:37:53.502387+00:00
7896,INPROC_BE03F2,1,10,team1,Team 1 (N/S),64,56,23,♥,finished,2026-05-17T16:37:53.519393+00:00
7897,INPROC_E49009,1,10,team1,Team 1 (N/S),62,58,28,♥,finished,2026-05-17T16:37:53.536530+00:00
7898,INPROC_80D783,1,10,team1,Team 1 (N/S),85,35,6,♣,finished,2026-05-17T16:37:53.551296+00:00
7899,INPROC_ECDF32,1,10,team1,Team 1 (N/S),69,51,39,♠,finished,2026-05-17T16:37:53.566752+00:00
7900,INPROC_1E4422,1,10,team2,Team 2 (E/W),57,63,22,♥,finished,2026-05-17T16:37:53.583524+00:00
7901,INPROC_432591,1,10,team1,Team 1 (N/S),66,54,2,♣,finished,2026-05-17T16:37:53.599694+00:00
7902,INPROC_8A506B,1,10,team1,Team 1 (N/S),63,57,27,♥,finished,2026-05-17T16:37:53.616037+00:00
7903,INPROC_A129E6,1,10,team2,Team 2 (E/W),20,100,27,♥,finished,2026-05-17T16:37:53.633738+00:00
7904,INPROC_1784A4,1,10,team1,Team 1 (N/S),93,27,35,♠,finished,2026-05-17T16:37:53.650725+00:00
7905,INPROC_3168A5,1,10,team1,Team 1 (N/S),89,31,37,♠,finished,2026-05-17T16:37:53.667299+00:00
7906,INPROC_4E4559,1,10,team1,Team 1 (N/S),61,59,39,♠,finished,2026-05-17T16:37:53.682480+00:00
7907,INPROC_90A83F,1,10,team2,Team 2 (E/W),17,103,28,♥,finished,2026-05-17T16:37:53.700136+00:00
7908,INPROC_0766F7,1,10,team1,Team 1 (N/S),78,42,21,♥,finished,2026-05-17T16:37:53.715444+00:00
7909,INPROC_E57163,1,10,team1,Team 1 (N/S),78,42,4,♣,finished,2026-05-17T16:37:53.731962+00:00
7910,INPROC_6D6817,1,10,team2,Team 2 (E/W),26,94,26,♥,finished,2026-05-17T16:37:53.747374+00:00
7911,INPROC_64392A,1,10,team1,Team 1 (N/S),82,38,16,♦,finished,2026-05-17T16:37:53.764451+00:00
7912,INPROC_240592,1,10,team2,Team 2 (E/W),28,92,36,♠,finished,2026-05-17T16:37:53.781547+00:00
7913,INPROC_D16401,1,10,team2,Team 2 (E/W),32,88,38,♠,finished,2026-05-17T16:37:53.797024+00:00
7914,INPROC_9FE135,1,10,team2,Team 2 (E/W),33,87,6,♣,finished,2026-05-17T16:37:53.812275+00:00
7915,INPROC_F4262B,1,10,team1,Team 1 (N/S),76,44,16,♦,finished,2026-05-17T16:37:53.827728+00:00
7916,INPROC_63A66E,1,10,team1,Team 1 (N/S),107,13,8,♣,finished,2026-05-17T16:37:53.845096+00:00
7917,INPROC_DA818C,1,10,team1,Team 1 (N/S),105,15,26,♥,finished,2026-05-17T16:37:53.860415+00:00
7918,INPROC_FFEACA,1,10,team2,Team 2 (E/W),52,68,0,♣,finished,2026-05-17T16:37:53.876877+00:00
7919,INPROC_8E8502,1,10,team2,Team 2 (E/W),59,61,4,♣,finished,2026-05-17T16:37:53.893741+00:00
7920,INPROC_76E302,1,10,team2,Team 2 (E/W),51,69,34,♠,finished,2026-05-17T16:37:53.911393+00:00
7921,INPROC_048D47,1,10,team2,Team 2 (E/W),27,93,17,♦,finished,2026-05-17T16:37:53.927783+00:00
7922,INPROC_913EB6,1,10,team2,Team 2 (E/W),43,77,36,♠,finished,2026-05-17T16:37:53.945380+00:00
7923,INPROC_B67E58,1,10,draw,draw,60,60,3,♣,finished,2026-05-17T16:37:53.960088+00:00
7924,INPROC_3DC4AA,1,10,team2,Team 2 (E/W),44,76,10,♦,finished,2026-05-17T16:37:53.976477+00:00
7925,INPROC_8EF930,1,10,team1,Team 1 (N/S),83,37,12,♦,finished,2026-05-17T16:37:53.993170+00:00
7926,INPROC_DFF3B4,1,10,team2,Team 2 (E/W),31,89,27,♥,finished,2026-05-17T16:37:54.009467+00:00
7927,INPROC_C97695,1,10,team1,Team 1 (N/S),78,42,24,♥,finished,2026-05-17T16:37:54.025246+00:00
7928,INPROC_C5D92B,1,10,team1,Team 1 (N/S),67,53,28,♥,finished,2026-05-17T16:37:54.041191+00:00
7929,INPROC_FDE17C,1,10,team1,Team 1 (N/S),72,48,3,♣,finished,2026-05-17T16:37:54.058101+00:00
7930,INPROC_27D474,1,10,team2,Team 2 (E/W),20,100,11,♦,finished,2026-05-17T16:37:54.076174+00:00
7931,INPROC_F6EDD6,1,10,team2,Team 2 (E/W),44,76,6,♣,finished,2026-05-17T16:37:54.098628+00:00
7932,INPROC_ACFF5A,1,10,team1,Team 1 (N/S),64,56,30,♠,finished,2026-05-17T16:37:54.116724+00:00
7933,INPROC_5E5AB0,1,10,team2,Team 2 (E/W),36,84,7,♣,finished,2026-05-17T16:37:54.136047+00:00
7934,INPROC_F13D13,1,10,team1,Team 1 (N/S),62,58,24,♥,finished,2026-05-17T16:37:54.155920+00:00
7935,INPROC_691D08,1,10,team1,Team 1 (N/S),90,30,24,♥,finished,2026-05-17T16:37:54.174510+00:00
7936,INPROC_3C091A,1,10,team2,Team 2 (E/W),37,83,10,♦,finished,2026-05-17T16:37:54.191530+00:00
7937,INPROC_2E9545,1,10,team2,Team 2 (E/W),25,95,31,♠,finished,2026-05-17T16:37:54.211010+00:00
7938,INPROC_20423D,1,10,team1,Team 1 (N/S),85,35,10,♦,finished,2026-05-17T16:37:54.230399+00:00
7939,INPROC_680F82,1,10,team2,Team 2 (E/W),29,91,20,♥,finished,2026-05-17T16:37:54.249555+00:00
7940,INPROC_593425,1,10,team2,Team 2 (E/W),49,71,7,♣,finished,2026-05-17T16:37:54.266774+00:00
7941,INPROC_719B56,1,10,team1,Team 1 (N/S),67,53,16,♦,finished,2026-05-17T16:37:54.285522+00:00
7942,INPROC_74E854,1,10,team1,Team 1 (N/S),72,48,38,♠,finished,2026-05-17T16:37:54.303793+00:00
7943,INPROC_FF956F,1,10,team2,Team 2 (E/W),9,111,24,♥,finished,2026-05-17T16:37:54.321063+00:00
7944,INPROC_FC82BC,1,10,team2,Team 2 (E/W),42,78,22,♥,finished,2026-05-17T16:37:54.336752+00:00
7945,INPROC_C5EDAE,1,10,team2,Team 2 (E/W),46,74,1,♣,finished,2026-05-17T16:37:54.354294+00:00
7946,INPROC_9F61B4,1,10,team1,Team 1 (N/S),85,35,3,♣,finished,2026-05-17T16:37:54.371710+00:00
7947,INPROC_F82027,1,10,team1,Team 1 (N/S),86,34,12,♦,finished,2026-05-17T16:37:54.387177+00:00
7948,INPROC_37EF71,1,10,team2,Team 2 (E/W),40,80,20,♥,finished,2026-05-17T16:37:54.402990+00:00
7949,INPROC_78F5B6,1,10,team1,Team 1 (N/S),84,36,12,♦,finished,2026-05-17T16:37:54.419528+00:00
7950,INPROC_FE3E13,1,10,team1,Team 1 (N/S),69,51,37,♠,finished,2026-05-17T16:37:54.433954+00:00
7951,INPROC_1E1C59,1,10,team1,Team 1 (N/S),86,34,5,♣,finished,2026-05-17T16:37:54.449693+00:00
7952,INPROC_A76390,1,10,team2,Team 2 (E/W),55,65,31,♠,finished,2026-05-17T16:37:54.467458+00:00
7953,INPROC_663444,1,10,team2,Team 2 (E/W),26,94,18,♦,finished,2026-05-17T16:37:54.481212+00:00
7954,INPROC_7AA017,1,10,draw,draw,60,60,14,♦,finished,2026-05-17T16:37:54.496746+00:00
7955,INPROC_73D21D,1,10,team1,Team 1 (N/S),67,53,9,♣,finished,2026-05-17T16:37:54.514003+00:00
7956,INPROC_5C6F7D,1,10,team2,Team 2 (E/W),3,117,19,♦,finished,2026-05-17T16:37:54.530954+00:00
7957,INPROC_44FC8E,1,10,team2,Team 2 (E/W),55,65,32,♠,finished,2026-05-17T16:37:54.547220+00:00
7958,INPROC_37CF63,1,10,team1,Team 1 (N/S),69,51,7,♣,finished,2026-05-17T16:37:54.562367+00:00
7959,INPROC_884760,1,10,team2,Team 2 (E/W),30,90,15,♦,finished,2026-05-17T16:37:54.579046+00:00
7960,INPROC_642A38,1,10,team2,Team 2 (E/W),44,76,17,♦,finished,2026-05-17T16:37:54.593739+00:00
7961,INPROC_F4809F,1,10,team2,Team 2 (E/W),39,81,9,♣,finished,2026-05-17T16:37:54.609765+00:00
7962,INPROC_02C77E,1,10,team1,Team 1 (N/S),75,45,23,♥,finished,2026-05-17T16:37:54.625095+00:00
7963,INPROC_302756,1,10,team1,Team 1 (N/S),88,32,0,♣,finished,2026-05-17T16:37:54.642115+00:00
7964,INPROC_C9ACC3,1,10,team1,Team 1 (N/S),81,39,3,♣,finished,2026-05-17T16:37:54.656622+00:00
7965,INPROC_9E123F,1,10,team2,Team 2 (E/W),51,69,31,♠,finished,2026-05-17T16:37:54.672081+00:00
7966,INPROC_802485,1,10,team2,Team 2 (E/W),32,88,22,♥,finished,2026-05-17T16:37:54.688134+00:00
7967,INPROC_9CD237,1,10,team1,Team 1 (N/S),63,57,10,♦,finished,2026-05-17T16:37:54.703452+00:00
7968,INPROC_D3B165,1,10,team1,Team 1 (N/S),71,49,3,♣,finished,2026-05-17T16:37:54.717998+00:00
7969,INPROC_C89D1C,1,10,team2,Team 2 (E/W),36,84,26,♥,finished,2026-05-17T16:37:54.735737+00:00
7970,INPROC_AE6BF5,1,10,team2,Team 2 (E/W),45,75,38,♠,finished,2026-05-17T16:37:54.752994+00:00
7971,INPROC_8C199B,1,10,team1,Team 1 (N/S),63,57,15,♦,finished,2026-05-17T16:37:54.767421+00:00
7972,INPROC_BC9DDE,1,10,team1,Team 1 (N/S),74,46,7,♣,finished,2026-05-17T16:37:54.784402+00:00
7973,INPROC_B385FB,1,10,team1,Team 1 (N/S),69,51,22,♥,finished,2026-05-17T16:37:54.800042+00:00
7974,INPROC_6DE8B0,1,10,team2,Team 2 (E/W),24,96,12,♦,finished,2026-05-17T16:37:54.816992+00:00
7975,INPROC_8E5359,1,10,team1,Team 1 (N/S),75,45,34,♠,finished,2026-05-17T16:37:54.834445+00:00
7976,INPROC_F5F2D5,1,10,team1,Team 1 (N/S),66,54,12,♦,finished,2026-05-17T16:37:54.848042+00:00
7977,INPROC_D8F325,1,10,team1,Team 1 (N/S),84,36,33,♠,finished,2026-05-17T16:37:54.861956+00:00
7978,INPROC_EA8105,1,10,team1,Team 1 (N/S),70,50,33,♠,finished,2026-05-17T16:37:54.878949+00:00
7979,INPROC_142E5C,1,10,team2,Team 2 (E/W),51,69,9,♣,finished,2026-05-17T16:37:54.895615+00:00
7980,INPROC_F250EB,1,10,team1,Team 1 (N/S),89,31,37,♠,finished,2026-05-17T16:37:54.912491+00:00
7981,INPROC_50BD18,1,10,team2,Team 2 (E/W),56,64,27,♥,finished,2026-05-17T16:37:54.927220+00:00
7982,INPROC_65A5B0,1,10,team2,Team 2 (E/W),59,61,37,♠,finished,2026-05-17T16:37:54.941268+00:00
7983,INPROC_7AA759,1,10,team1,Team 1 (N/S),96,24,12,♦,finished,2026-05-17T16:37:54.956242+00:00
7984,INPROC_2C2DCE,1,10,team2,Team 2 (E/W),19,101,38,♠,finished,2026-05-17T16:37:54.970954+00:00
7985,INPROC_FDF1E2,1,10,team2,Team 2 (E/W),43,77,8,♣,finished,2026-05-17T16:37:54.987908+00:00
7986,INPROC_54048F,1,10,team2,Team 2 (E/W),40,80,23,♥,finished,2026-05-17T16:37:55.004039+00:00
7987,INPROC_85E4AE,1,10,team1,Team 1 (N/S),88,32,19,♦,finished,2026-05-17T16:37:55.019224+00:00
7988,INPROC_4F6A6B,1,10,team1,Team 1 (N/S),87,33,37,♠,finished,2026-05-17T16:37:55.035304+00:00
7989,INPROC_2AEA07,1,10,team2,Team 2 (E/W),20,100,8,♣,finished,2026-05-17T16:37:55.052633+00:00
7990,INPROC_7E250C,1,10,team1,Team 1 (N/S),74,46,38,♠,finished,2026-05-17T16:37:55.067229+00:00
7991,INPROC_1CBFB0,1,10,team2,Team 2 (E/W),48,72,5,♣,finished,2026-05-17T16:37:55.083453+00:00
7992,INPROC_4AC562,1,10,team2,Team 2 (E/W),33,87,33,♠,finished,2026-05-17T16:37:55.098991+00:00
7993,INPROC_5B60D2,1,10,team1,Team 1 (N/S),117,3,25,♥,finished,2026-05-17T16:37:55.115402+00:00
7994,INPROC_BA77D9,1,10,team2,Team 2 (E/W),21,99,2,♣,finished,2026-05-17T16:37:55.132375+00:00
7995,INPROC_1639E7,1,10,team2,Team 2 (E/W),42,78,30,♠,finished,2026-05-17T16:37:55.148250+00:00
7996,INPROC_A2269D,1,10,team2,Team 2 (E/W),27,93,39,♠,finished,2026-05-17T16:37:55.165396+00:00
7997,INPROC_B9575E,1,10,team1,Team 1 (N/S),77,43,29,♥,finished,2026-05-17T16:37:55.180192+00:00
7998,INPROC_7027AF,1,10,team1,Team 1 (N/S),69,51,15,♦,finished,2026-05-17T16:37:55.197549+00:00
7999,INPROC_067862,1,10,team2,Team 2 (E/W),49,71,15,♦,finished,2026-05-17T16:37:55.214108+00:00
8000,INPROC_ACDE7B,1,10,team1,Team 1 (N/S),83,37,17,♦,finished,2026-05-17T16:37:55.231528+00:00
8001,INPROC_4F620B,1,10,team2,Team 2 (E/W),23,97,1,♣,finished,2026-05-17T16:37:55.249150+00:00
8002,INPROC_5E869E,1,10,team1,Team 1 (N/S),86,34,18,♦,finished,2026-05-17T16:37:55.265227+00:00
8003,INPROC_4D5142,1,10,team2,Team 2 (E/W),56,64,15,♦,finished,2026-05-17T16:37:55.278801+00:00
8004,INPROC_DF0489,1,10,team1,Team 1 (N/S),68,52,31,♠,finished,2026-05-17T16:37:55.295288+00:00
8005,INPROC_4E679E,1,10,team2,Team 2 (E/W),31,89,33,♠,finished,2026-05-17T16:37:55.311465+00:00
8006,INPROC_C47BBF,1,10,team2,Team 2 (E/W),31,89,3,♣,finished,2026-05-17T16:37:55.325146+00:00
8007,INPROC_14A65F,1,10,team2,Team 2 (E/W),37,83,32,♠,finished,2026-05-17T16:37:55.341155+00:00
8008,INPROC_65890C,1,10,team1,Team 1 (N/S),72,48,19,♦,finished,2026-05-17T16:37:55.354455+00:00
8009,INPROC_3724DD,1,10,team2,Team 2 (E/W),44,76,27,♥,finished,2026-05-17T16:37:55.370586+00:00
8010,INPROC_320826,1,10,team1,Team 1 (N/S),67,53,29,♥,finished,2026-05-17T16:37:55.386354+00:00
8011,INPROC_677632,1,10,team1,Team 1 (N/S),99,21,8,♣,finished,2026-05-17T16:37:55.400713+00:00
8012,INPROC_D27E46,1,10,team2,Team 2 (E/W),21,99,34,♠,finished,2026-05-17T16:37:55.417637+00:00
8013,INPROC_DD28A7,1,10,team1,Team 1 (N/S),83,37,31,♠,finished,2026-05-17T16:37:55.435139+00:00
8014,INPROC_CC3376,1,10,team2,Team 2 (E/W),57,63,24,♥,finished,2026-05-17T16:37:55.447125+00:00
8015,INPROC_A18C4A,1,10,team1,Team 1 (N/S),65,55,1,♣,finished,2026-05-17T16:37:55.462590+00:00
8016,INPROC_BB9914,1,10,team1,Team 1 (N/S),94,26,34,♠,finished,2026-05-17T16:37:55.477361+00:00
8017,INPROC_81EADE,1,10,team1,Team 1 (N/S),70,50,11,♦,finished,2026-05-17T16:37:55.495559+00:00
8018,INPROC_87BBF3,1,10,team2,Team 2 (E/W),48,72,31,♠,finished,2026-05-17T16:37:55.509905+00:00
8019,INPROC_6FC33F,1,10,team2,Team 2 (E/W),48,72,32,♠,finished,2026-05-17T16:37:55.520918+00:00
8020,INPROC_3991BE,1,10,team2,Team 2 (E/W),26,94,30,♠,finished,2026-05-17T16:37:55.536779+00:00
8021,INPROC_243A6C,1,10,team2,Team 2 (E/W),33,87,29,♥,finished,2026-05-17T16:37:55.551733+00:00
8022,INPROC_C03832,1,10,team2,Team 2 (E/W),29,91,0,♣,finished,2026-05-17T16:37:55.566741+00:00
8023,INPROC_F914D2,1,10,team1,Team 1 (N/S),82,38,0,♣,finished,2026-05-17T16:37:55.581885+00:00
8024,INPROC_D0D43D,1,10,team1,Team 1 (N/S),76,44,36,♠,finished,2026-05-17T16:37:55.598083+00:00
8025,INPROC_BE8EFA,1,10,team2,Team 2 (E/W),58,62,35,♠,finished,2026-05-17T16:37:55.615090+00:00
8026,INPROC_BE4825,1,10,team1,Team 1 (N/S),67,53,10,♦,finished,2026-05-17T16:37:55.633523+00:00
8027,INPROC_A1D5D3,1,10,team1,Team 1 (N/S),99,21,10,♦,finished,2026-05-17T16:37:55.648813+00:00
8028,INPROC_0B2261,1,10,team2,Team 2 (E/W),42,78,14,♦,finished,2026-05-17T16:37:55.665220+00:00
8029,INPROC_FEAAE4,1,10,team1,Team 1 (N/S),89,31,4,♣,finished,2026-05-17T16:37:55.682355+00:00
8030,INPROC_38EF42,1,10,team2,Team 2 (E/W),27,93,11,♦,finished,2026-05-17T16:37:55.700470+00:00
8031,INPROC_C201B3,1,10,team2,Team 2 (E/W),32,88,17,♦,finished,2026-05-17T16:37:55.718459+00:00
8032,INPROC_B6F58A,1,10,team2,Team 2 (E/W),33,87,32,♠,finished,2026-05-17T16:37:55.732224+00:00
8033,INPROC_87081F,1,10,team2,Team 2 (E/W),14,106,18,♦,finished,2026-05-17T16:37:55.747685+00:00
8034,INPROC_59FA56,1,10,team2,Team 2 (E/W),50,70,17,♦,finished,2026-05-17T16:37:55.762186+00:00
8035,INPROC_EFB202,1,10,team2,Team 2 (E/W),34,86,7,♣,finished,2026-05-17T16:37:55.777332+00:00
8036,INPROC_C6292F,1,10,team2,Team 2 (E/W),35,85,11,♦,finished,2026-05-17T16:37:55.791141+00:00
8037,INPROC_FD0A08,1,10,team1,Team 1 (N/S),62,58,36,♠,finished,2026-05-17T16:37:55.807074+00:00
8038,INPROC_D16952,1,10,team2,Team 2 (E/W),29,91,11,♦,finished,2026-05-17T16:37:55.823570+00:00
8039,INPROC_0A1248,1,10,team1,Team 1 (N/S),79,41,8,♣,finished,2026-05-17T16:37:55.841216+00:00
8040,INPROC_6C8A83,1,10,team1,Team 1 (N/S),65,55,17,♦,finished,2026-05-17T16:37:55.855707+00:00
8041,INPROC_E922AB,1,10,team2,Team 2 (E/W),47,73,16,♦,finished,2026-05-17T16:37:55.872163+00:00
8042,INPROC_0828B4,1,10,team2,Team 2 (E/W),29,91,7,♣,finished,2026-05-17T16:37:55.886160+00:00
8043,INPROC_50A165,1,10,team2,Team 2 (E/W),39,81,22,♥,finished,2026-05-17T16:37:55.901694+00:00
8044,INPROC_BBDC09,1,10,team2,Team 2 (E/W),32,88,35,♠,finished,2026-05-17T16:37:55.917363+00:00
8045,INPROC_9F814E,1,10,team2,Team 2 (E/W),41,79,29,♥,finished,2026-05-17T16:37:55.932699+00:00
8046,INPROC_7A9887,1,10,team2,Team 2 (E/W),57,63,10,♦,finished,2026-05-17T16:37:55.948912+00:00
8047,INPROC_A13629,1,10,team1,Team 1 (N/S),78,42,15,♦,finished,2026-05-17T16:37:55.967104+00:00
8048,INPROC_FBE78B,1,10,team2,Team 2 (E/W),43,77,8,♣,finished,2026-05-17T16:37:55.987745+00:00
8049,INPROC_1EE23F,1,10,team2,Team 2 (E/W),51,69,35,♠,finished,2026-05-17T16:37:56.007152+00:00
8050,INPROC_9BC863,1,10,team2,Team 2 (E/W),32,88,38,♠,finished,2026-05-17T16:37:56.025289+00:00
8051,INPROC_7364E9,1,10,team1,Team 1 (N/S),68,52,16,♦,finished,2026-05-17T16:37:56.045348+00:00
8052,INPROC_CBF45A,1,10,team2,Team 2 (E/W),28,92,9,♣,finished,2026-05-17T16:37:56.064448+00:00
8053,INPROC_BEA59D,1,10,team1,Team 1 (N/S),107,13,23,♥,finished,2026-05-17T16:37:56.082595+00:00
8054,INPROC_C60892,1,10,team1,Team 1 (N/S),64,56,26,♥,finished,2026-05-17T16:37:56.099114+00:00
8055,INPROC_4D8826,1,10,team1,Team 1 (N/S),67,53,17,♦,finished,2026-05-17T16:37:56.115482+00:00
8056,INPROC_2E7F41,1,10,team2,Team 2 (E/W),35,85,3,♣,finished,2026-05-17T16:37:56.133255+00:00
8057,INPROC_8DCEB8,1,10,team2,Team 2 (E/W),54,66,27,♥,finished,2026-05-17T16:37:56.150719+00:00
8058,INPROC_C121CD,1,10,team2,Team 2 (E/W),57,63,21,♥,finished,2026-05-17T16:37:56.165254+00:00
8059,INPROC_883407,1,10,team2,Team 2 (E/W),57,63,2,♣,finished,2026-05-17T16:37:56.182005+00:00
8060,INPROC_84C562,1,10,team2,Team 2 (E/W),25,95,36,♠,finished,2026-05-17T16:37:56.199232+00:00
8061,INPROC_A09F8D,1,10,team2,Team 2 (E/W),29,91,18,♦,finished,2026-05-17T16:37:56.217069+00:00
8062,INPROC_B3AF87,1,10,team2,Team 2 (E/W),3,117,14,♦,finished,2026-05-17T16:37:56.234071+00:00
8063,INPROC_1E4A1B,1,10,team1,Team 1 (N/S),68,52,22,♥,finished,2026-05-17T16:37:56.251255+00:00
8064,INPROC_BD3945,1,10,draw,draw,60,60,8,♣,finished,2026-05-17T16:37:56.270160+00:00
8065,INPROC_3F1A31,1,10,team1,Team 1 (N/S),88,32,21,♥,finished,2026-05-17T16:37:56.286800+00:00
8066,INPROC_B34ACA,1,10,team2,Team 2 (E/W),46,74,19,♦,finished,2026-05-17T16:37:56.299841+00:00
8067,INPROC_D63650,1,10,team2,Team 2 (E/W),21,99,17,♦,finished,2026-05-17T16:37:56.316843+00:00
8068,INPROC_036E20,1,10,team2,Team 2 (E/W),37,83,36,♠,finished,2026-05-17T16:37:56.332407+00:00
8069,INPROC_6ABDE5,1,10,team1,Team 1 (N/S),61,59,27,♥,finished,2026-05-17T16:37:56.347025+00:00
8070,INPROC_FFDF1C,1,10,team2,Team 2 (E/W),26,94,9,♣,finished,2026-05-17T16:37:56.363043+00:00
8071,INPROC_2CE278,1,10,team2,Team 2 (E/W),59,61,1,♣,finished,2026-05-17T16:37:56.377783+00:00
8072,INPROC_A7FC95,1,10,team2,Team 2 (E/W),20,100,39,♠,finished,2026-05-17T16:37:56.393756+00:00
8073,INPROC_A1E011,1,10,team2,Team 2 (E/W),34,86,6,♣,finished,2026-05-17T16:37:56.408459+00:00
8074,INPROC_C9C344,1,10,team2,Team 2 (E/W),39,81,0,♣,finished,2026-05-17T16:37:56.423484+00:00
8075,INPROC_7C9010,1,10,team1,Team 1 (N/S),84,36,22,♥,finished,2026-05-17T16:37:56.438640+00:00
8076,INPROC_A77E37,1,10,team2,Team 2 (E/W),53,67,39,♠,finished,2026-05-17T16:37:56.454518+00:00
8077,INPROC_BD2815,1,10,team1,Team 1 (N/S),99,21,16,♦,finished,2026-05-17T16:37:56.471658+00:00
8078,INPROC_2AF9FF,1,10,team2,Team 2 (E/W),22,98,21,♥,finished,2026-05-17T16:37:56.489159+00:00
8079,INPROC_C51C32,1,10,team2,Team 2 (E/W),59,61,12,♦,finished,2026-05-17T16:37:56.502262+00:00
8080,INPROC_72D9E5,1,10,team2,Team 2 (E/W),44,76,13,♦,finished,2026-05-17T16:37:56.526898+00:00
8081,INPROC_9980A1,1,10,team1,Team 1 (N/S),105,15,18,♦,finished,2026-05-17T16:37:56.545960+00:00
8082,INPROC_751329,1,10,team1,Team 1 (N/S),89,31,32,♠,finished,2026-05-17T16:37:56.562980+00:00
8083,INPROC_8D44DC,1,10,team2,Team 2 (E/W),48,72,33,♠,finished,2026-05-17T16:37:56.580696+00:00
8084,INPROC_F79504,1,10,team1,Team 1 (N/S),76,44,34,♠,finished,2026-05-17T16:37:56.597315+00:00
8085,INPROC_0FDC5D,1,10,team1,Team 1 (N/S),62,58,36,♠,finished,2026-05-17T16:37:56.612842+00:00
8086,INPROC_F193F2,1,10,team1,Team 1 (N/S),68,52,14,♦,finished,2026-05-17T16:37:56.630136+00:00
8087,INPROC_2E845D,1,10,team1,Team 1 (N/S),104,16,12,♦,finished,2026-05-17T16:37:56.645214+00:00
8088,INPROC_55FE2A,1,10,team2,Team 2 (E/W),55,65,10,♦,finished,2026-05-17T16:37:56.659858+00:00
8089,INPROC_D8E3A5,1,10,team2,Team 2 (E/W),24,96,8,♣,finished,2026-05-17T16:37:56.674901+00:00
8090,INPROC_D8E7AB,1,10,draw,draw,60,60,18,♦,finished,2026-05-17T16:37:56.690526+00:00
8091,INPROC_FCD9FC,1,10,team2,Team 2 (E/W),20,100,23,♥,finished,2026-05-17T16:37:56.705380+00:00
8092,INPROC_BFD926,1,10,team2,Team 2 (E/W),11,109,7,♣,finished,2026-05-17T16:37:56.720935+00:00
8093,INPROC_106AFC,1,10,team1,Team 1 (N/S),74,46,5,♣,finished,2026-05-17T16:37:56.736144+00:00
8094,INPROC_8B51E7,1,10,team2,Team 2 (E/W),40,80,8,♣,finished,2026-05-17T16:37:56.752033+00:00
8095,INPROC_4783A4,1,10,team2,Team 2 (E/W),59,61,15,♦,finished,2026-05-17T16:37:56.767794+00:00
8096,INPROC_0AF783,1,10,team2,Team 2 (E/W),45,75,32,♠,finished,2026-05-17T16:37:56.784586+00:00
8097,INPROC_DB744E,1,10,team2,Team 2 (E/W),49,71,34,♠,finished,2026-05-17T16:37:56.800733+00:00
8098,INPROC_EF6015,1,10,team2,Team 2 (E/W),19,101,9,♣,finished,2026-05-17T16:37:56.816422+00:00
8099,INPROC_163E90,1,10,team2,Team 2 (E/W),44,76,17,♦,finished,2026-05-17T16:37:56.833161+00:00
8100,INPROC_07BB49,1,10,team1,Team 1 (N/S),64,56,38,♠,finished,2026-05-17T16:37:56.849614+00:00
8101,INPROC_85A3CD,1,10,team1,Team 1 (N/S),79,41,21,♥,finished,2026-05-17T16:37:56.864215+00:00
8102,INPROC_EBDE5D,1,10,team1,Team 1 (N/S),65,55,3,♣,finished,2026-05-17T16:37:56.879303+00:00
8103,INPROC_52BF97,1,10,team2,Team 2 (E/W),39,81,28,♥,finished,2026-05-17T16:37:56.896229+00:00
8104,INPROC_4F3D31,1,10,team1,Team 1 (N/S),87,33,3,♣,finished,2026-05-17T16:37:56.912153+00:00
8105,INPROC_D6FD7D,1,10,team2,Team 2 (E/W),58,62,32,♠,finished,2026-05-17T16:37:56.928036+00:00
8106,INPROC_1AB010,1,10,team1,Team 1 (N/S),85,35,37,♠,finished,2026-05-17T16:37:56.943319+00:00
8107,INPROC_F272E8,1,10,team1,Team 1 (N/S),70,50,17,♦,finished,2026-05-17T16:37:56.956413+00:00
8108,INPROC_5C14D7,1,10,team2,Team 2 (E/W),38,82,27,♥,finished,2026-05-17T16:37:56.972179+00:00
8109,INPROC_1B5B15,1,10,team1,Team 1 (N/S),62,58,4,♣,finished,2026-05-17T16:37:56.988978+00:00
8110,INPROC_55AED9,1,10,team2,Team 2 (E/W),51,69,20,♥,finished,2026-05-17T16:37:57.005611+00:00
8111,INPROC_4DDF7C,1,10,team2,Team 2 (E/W),44,76,29,♥,finished,2026-05-17T16:37:57.022900+00:00
8112,INPROC_CA0693,1,10,team2,Team 2 (E/W),28,92,39,♠,finished,2026-05-17T16:37:57.039787+00:00
8113,INPROC_8CB222,1,10,team1,Team 1 (N/S),66,54,25,♥,finished,2026-05-17T16:37:57.058262+00:00
8114,INPROC_06E011,1,10,team2,Team 2 (E/W),56,64,34,♠,finished,2026-05-17T16:37:57.075864+00:00
8115,INPROC_698400,1,10,team1,Team 1 (N/S),79,41,29,♥,finished,2026-05-17T16:37:57.089275+00:00
8116,INPROC_CFFDC9,1,10,team1,Team 1 (N/S),77,43,11,♦,finished,2026-05-17T16:37:57.104200+00:00
8117,INPROC_B2DE53,1,10,team1,Team 1 (N/S),80,40,11,♦,finished,2026-05-17T16:37:57.119329+00:00
8118,INPROC_2B0B43,1,10,team1,Team 1 (N/S),68,52,33,♠,finished,2026-05-17T16:37:57.135649+00:00
8119,INPROC_2BD147,1,10,team2,Team 2 (E/W),40,80,39,♠,finished,2026-05-17T16:37:57.153409+00:00
8120,INPROC_EA5D5A,1,10,team2,Team 2 (E/W),43,77,17,♦,finished,2026-05-17T16:37:57.170959+00:00
8121,INPROC_DF70D5,1,10,team2,Team 2 (E/W),21,99,35,♠,finished,2026-05-17T16:37:57.187044+00:00
8122,INPROC_22335F,1,10,team2,Team 2 (E/W),59,61,27,♥,finished,2026-05-17T16:37:57.203358+00:00
8123,INPROC_956CB9,1,10,team2,Team 2 (E/W),37,83,1,♣,finished,2026-05-17T16:37:57.219352+00:00
8124,INPROC_641903,1,10,team1,Team 1 (N/S),75,45,11,♦,finished,2026-05-17T16:37:57.236258+00:00
8125,INPROC_4385AA,1,10,team1,Team 1 (N/S),81,39,37,♠,finished,2026-05-17T16:37:57.251374+00:00
8126,INPROC_2D5F10,1,10,team2,Team 2 (E/W),37,83,33,♠,finished,2026-05-17T16:37:57.267189+00:00
8127,INPROC_8928E4,1,10,team1,Team 1 (N/S),72,48,30,♠,finished,2026-05-17T16:37:57.279012+00:00
8128,INPROC_8F8B82,1,10,team2,Team 2 (E/W),37,83,29,♥,finished,2026-05-17T16:37:57.295529+00:00
8129,INPROC_0B0113,1,10,team2,Team 2 (E/W),33,87,23,♥,finished,2026-05-17T16:37:57.311216+00:00
8130,INPROC_BA85C2,1,10,team1,Team 1 (N/S),106,14,15,♦,finished,2026-05-17T16:37:57.323124+00:00
8131,INPROC_1CC807,1,10,team1,Team 1 (N/S),83,37,7,♣,finished,2026-05-17T16:37:57.339528+00:00
8132,INPROC_54A6E4,1,10,team1,Team 1 (N/S),70,50,2,♣,finished,2026-05-17T16:37:57.353874+00:00
8133,INPROC_92B8C4,1,10,team2,Team 2 (E/W),45,75,2,♣,finished,2026-05-17T16:37:57.371124+00:00
8134,INPROC_DF36B4,1,10,team2,Team 2 (E/W),27,93,38,♠,finished,2026-05-17T16:37:57.387204+00:00
8135,INPROC_CFD3D7,1,10,team2,Team 2 (E/W),48,72,23,♥,finished,2026-05-17T16:37:57.404367+00:00
8136,INPROC_DA5CB1,1,10,team2,Team 2 (E/W),30,90,7,♣,finished,2026-05-17T16:37:57.419292+00:00
8137,INPROC_167807,1,10,team2,Team 2 (E/W),43,77,5,♣,finished,2026-05-17T16:37:57.434109+00:00
8138,INPROC_2C77A2,1,10,team2,Team 2 (E/W),22,98,9,♣,finished,2026-05-17T16:37:57.447277+00:00
8139,INPROC_263E3C,1,10,team2,Team 2 (E/W),48,72,7,♣,finished,2026-05-17T16:37:57.463721+00:00
8140,INPROC_80E6EA,1,10,team2,Team 2 (E/W),40,80,25,♥,finished,2026-05-17T16:37:57.480405+00:00
8141,INPROC_97E233,1,10,team2,Team 2 (E/W),25,95,23,♥,finished,2026-05-17T16:37:57.494128+00:00
8142,INPROC_7A556C,1,10,team1,Team 1 (N/S),89,31,38,♠,finished,2026-05-17T16:37:57.506555+00:00
8143,INPROC_A265C1,1,10,team2,Team 2 (E/W),26,94,36,♠,finished,2026-05-17T16:37:57.522196+00:00
8144,INPROC_1955BA,1,10,team2,Team 2 (E/W),59,61,20,♥,finished,2026-05-17T16:37:57.538763+00:00
8145,INPROC_180043,1,10,team2,Team 2 (E/W),57,63,24,♥,finished,2026-05-17T16:37:57.554535+00:00
8146,INPROC_ACDC09,1,10,team2,Team 2 (E/W),46,74,33,♠,finished,2026-05-17T16:37:57.570532+00:00
8147,INPROC_91523F,1,10,team2,Team 2 (E/W),40,80,11,♦,finished,2026-05-17T16:37:57.585470+00:00
8148,INPROC_943BF1,1,10,team1,Team 1 (N/S),103,17,2,♣,finished,2026-05-17T16:37:57.597553+00:00
8149,INPROC_432980,1,10,team1,Team 1 (N/S),80,40,33,♠,finished,2026-05-17T16:37:57.612234+00:00
8150,INPROC_3EED34,1,10,draw,draw,60,60,34,♠,finished,2026-05-17T16:37:57.628115+00:00
8151,INPROC_911671,1,10,team1,Team 1 (N/S),66,54,29,♥,finished,2026-05-17T16:37:57.645054+00:00
8152,INPROC_E778F7,1,10,team1,Team 1 (N/S),85,35,17,♦,finished,2026-05-17T16:37:57.658831+00:00
8153,INPROC_649103,1,10,team1,Team 1 (N/S),72,48,34,♠,finished,2026-05-17T16:37:57.672593+00:00
8154,INPROC_FA4292,1,10,team2,Team 2 (E/W),23,97,5,♣,finished,2026-05-17T16:37:57.687612+00:00
8155,INPROC_CCDD10,1,10,team2,Team 2 (E/W),47,73,7,♣,finished,2026-05-17T16:37:57.704496+00:00
8156,INPROC_B9A9C6,1,10,team1,Team 1 (N/S),73,47,18,♦,finished,2026-05-17T16:37:57.719875+00:00
8157,INPROC_4097D5,1,10,team2,Team 2 (E/W),37,83,16,♦,finished,2026-05-17T16:37:57.737689+00:00
8158,INPROC_B43441,1,10,team2,Team 2 (E/W),25,95,39,♠,finished,2026-05-17T16:37:57.753885+00:00
8159,INPROC_9E11A8,1,10,team1,Team 1 (N/S),71,49,3,♣,finished,2026-05-17T16:37:57.768771+00:00
8160,INPROC_FFE8D2,1,10,team2,Team 2 (E/W),5,115,2,♣,finished,2026-05-17T16:37:57.784215+00:00
8161,INPROC_6B721B,1,10,team1,Team 1 (N/S),95,25,10,♦,finished,2026-05-17T16:37:57.799119+00:00
8162,INPROC_256386,1,10,team1,Team 1 (N/S),86,34,39,♠,finished,2026-05-17T16:37:57.815120+00:00
8163,INPROC_DD3C85,1,10,team1,Team 1 (N/S),80,40,3,♣,finished,2026-05-17T16:37:57.830293+00:00
8164,INPROC_073294,1,10,team1,Team 1 (N/S),85,35,23,♥,finished,2026-05-17T16:37:57.846959+00:00
8165,INPROC_2D7FC1,1,10,team1,Team 1 (N/S),61,59,7,♣,finished,2026-05-17T16:37:57.863957+00:00
8166,INPROC_259AE3,1,10,team1,Team 1 (N/S),73,47,16,♦,finished,2026-05-17T16:37:57.880870+00:00
8167,INPROC_448AE4,1,10,team1,Team 1 (N/S),65,55,18,♦,finished,2026-05-17T16:37:57.895179+00:00
8168,INPROC_974DDC,1,10,team1,Team 1 (N/S),72,48,32,♠,finished,2026-05-17T16:37:57.909376+00:00
8169,INPROC_5419B7,1,10,team1,Team 1 (N/S),76,44,15,♦,finished,2026-05-17T16:37:57.923933+00:00
8170,INPROC_26B7E8,1,10,team2,Team 2 (E/W),54,66,13,♦,finished,2026-05-17T16:37:57.939658+00:00
8171,INPROC_F8B32F,1,10,team1,Team 1 (N/S),102,18,17,♦,finished,2026-05-17T16:37:57.954378+00:00
8172,INPROC_EB60BD,1,10,team2,Team 2 (E/W),58,62,34,♠,finished,2026-05-17T16:37:57.969148+00:00
8173,INPROC_BD7B9C,1,10,team2,Team 2 (E/W),40,80,39,♠,finished,2026-05-17T16:37:57.984718+00:00
8174,INPROC_3BEC9C,1,10,team1,Team 1 (N/S),90,30,23,♥,finished,2026-05-17T16:37:57.999885+00:00
8175,INPROC_DFA05C,1,10,team2,Team 2 (E/W),11,109,36,♠,finished,2026-05-17T16:37:58.015167+00:00
8176,INPROC_2F58DE,1,10,team2,Team 2 (E/W),17,103,12,♦,finished,2026-05-17T16:37:58.031826+00:00
8177,INPROC_8377CF,1,10,team2,Team 2 (E/W),56,64,9,♣,finished,2026-05-17T16:37:58.048109+00:00
8178,INPROC_4CCBA8,1,10,team2,Team 2 (E/W),42,78,23,♥,finished,2026-05-17T16:37:58.065481+00:00
8179,INPROC_2107C3,1,10,team2,Team 2 (E/W),25,95,33,♠,finished,2026-05-17T16:37:58.081900+00:00
8180,INPROC_17154C,1,10,team1,Team 1 (N/S),85,35,13,♦,finished,2026-05-17T16:37:58.096011+00:00
8181,INPROC_D476EE,1,10,team1,Team 1 (N/S),85,35,39,♠,finished,2026-05-17T16:37:58.110441+00:00
8182,INPROC_605675,1,10,team1,Team 1 (N/S),69,51,10,♦,finished,2026-05-17T16:37:58.126078+00:00
8183,INPROC_7B3E0B,1,10,team2,Team 2 (E/W),52,68,20,♥,finished,2026-05-17T16:37:58.143953+00:00
8184,INPROC_4665E4,1,10,team2,Team 2 (E/W),26,94,5,♣,finished,2026-05-17T16:37:58.161741+00:00
8185,INPROC_E9985B,1,10,team2,Team 2 (E/W),14,106,29,♥,finished,2026-05-17T16:37:58.176612+00:00
8186,INPROC_05FA66,1,10,team1,Team 1 (N/S),70,50,29,♥,finished,2026-05-17T16:37:58.194828+00:00
8187,INPROC_EFADE5,1,10,team1,Team 1 (N/S),104,16,27,♥,finished,2026-05-17T16:37:58.210073+00:00
8188,INPROC_031411,1,10,team1,Team 1 (N/S),73,47,2,♣,finished,2026-05-17T16:37:58.228611+00:00
8189,INPROC_FBD1F2,1,10,team2,Team 2 (E/W),49,71,39,♠,finished,2026-05-17T16:37:58.245083+00:00
8190,INPROC_B5A95B,1,10,team2,Team 2 (E/W),40,80,3,♣,finished,2026-05-17T16:37:58.263068+00:00
8191,INPROC_6B1725,1,10,team1,Team 1 (N/S),105,15,23,♥,finished,2026-05-17T16:37:58.279564+00:00
8192,INPROC_6318B0,1,10,team2,Team 2 (E/W),58,62,5,♣,finished,2026-05-17T16:37:58.295909+00:00
8193,INPROC_A81873,1,10,team1,Team 1 (N/S),70,50,5,♣,finished,2026-05-17T16:37:58.311285+00:00
8194,INPROC_C43754,1,10,team1,Team 1 (N/S),89,31,37,♠,finished,2026-05-17T16:37:58.327860+00:00
8195,INPROC_81E8DC,1,10,team1,Team 1 (N/S),79,41,12,♦,finished,2026-05-17T16:37:58.343088+00:00
8196,INPROC_AABF20,1,10,team2,Team 2 (E/W),23,97,28,♥,finished,2026-05-17T16:37:58.358532+00:00
8197,INPROC_BDF55B,1,10,team2,Team 2 (E/W),30,90,3,♣,finished,2026-05-17T16:37:58.374896+00:00
8198,INPROC_34E276,1,10,team2,Team 2 (E/W),21,99,35,♠,finished,2026-05-17T16:37:58.389764+00:00
8199,INPROC_4AD6D9,1,10,draw,draw,60,60,21,♥,finished,2026-05-17T16:37:58.406645+00:00
8200,INPROC_4C1F35,1,10,team1,Team 1 (N/S),86,34,26,♥,finished,2026-05-17T16:37:58.422802+00:00
8201,INPROC_8FFB75,1,10,team1,Team 1 (N/S),80,40,14,♦,finished,2026-05-17T16:37:58.440815+00:00
8202,INPROC_4A3B0E,1,10,team1,Team 1 (N/S),65,55,25,♥,finished,2026-05-17T16:37:58.456103+00:00
8203,INPROC_A47BEC,1,10,team1,Team 1 (N/S),86,34,5,♣,finished,2026-05-17T16:37:58.472709+00:00
8204,INPROC_20D7F1,1,10,team1,Team 1 (N/S),97,23,21,♥,finished,2026-05-17T16:37:58.489773+00:00
8205,INPROC_6E0347,1,10,team2,Team 2 (E/W),53,67,7,♣,finished,2026-05-17T16:37:58.506232+00:00
8206,INPROC_DA2DE4,1,10,team2,Team 2 (E/W),21,99,18,♦,finished,2026-05-17T16:37:58.520830+00:00
8207,INPROC_9497C9,1,10,team2,Team 2 (E/W),22,98,16,♦,finished,2026-05-17T16:37:58.536516+00:00
8208,INPROC_6C4E5B,1,10,team2,Team 2 (E/W),43,77,0,♣,finished,2026-05-17T16:37:58.555267+00:00
8209,INPROC_9B4279,1,10,draw,draw,60,60,26,♥,finished,2026-05-17T16:37:58.570730+00:00
8210,INPROC_978522,1,10,team2,Team 2 (E/W),31,89,36,♠,finished,2026-05-17T16:37:58.583993+00:00
8211,INPROC_EAC50D,1,10,team2,Team 2 (E/W),54,66,38,♠,finished,2026-05-17T16:37:58.598009+00:00
8212,INPROC_A8FB23,1,10,team2,Team 2 (E/W),42,78,38,♠,finished,2026-05-17T16:37:58.610515+00:00
8213,INPROC_E25B04,1,10,team2,Team 2 (E/W),57,63,6,♣,finished,2026-05-17T16:37:58.626429+00:00
8214,INPROC_B5494D,1,10,team1,Team 1 (N/S),74,46,35,♠,finished,2026-05-17T16:37:58.637994+00:00
8215,INPROC_A4FB86,1,10,team2,Team 2 (E/W),58,62,30,♠,finished,2026-05-17T16:37:58.654419+00:00
8216,INPROC_F582B9,1,10,team2,Team 2 (E/W),55,65,36,♠,finished,2026-05-17T16:37:58.669780+00:00
8217,INPROC_946784,1,10,team1,Team 1 (N/S),67,53,27,♥,finished,2026-05-17T16:37:58.685129+00:00
8218,INPROC_9EBFCA,1,10,team2,Team 2 (E/W),26,94,27,♥,finished,2026-05-17T16:37:58.700084+00:00
8219,INPROC_382EDB,1,10,team2,Team 2 (E/W),39,81,18,♦,finished,2026-05-17T16:37:58.718199+00:00
8220,INPROC_917551,1,10,team2,Team 2 (E/W),56,64,23,♥,finished,2026-05-17T16:37:58.734764+00:00
8221,INPROC_77D2FF,1,10,team2,Team 2 (E/W),30,90,35,♠,finished,2026-05-17T16:37:58.749666+00:00
8222,INPROC_7B348D,1,10,team2,Team 2 (E/W),48,72,1,♣,finished,2026-05-17T16:37:58.765763+00:00
8223,INPROC_0979C6,1,10,team1,Team 1 (N/S),61,59,12,♦,finished,2026-05-17T16:37:58.781326+00:00
8224,INPROC_8C339C,1,10,team2,Team 2 (E/W),53,67,12,♦,finished,2026-05-17T16:37:58.796741+00:00
8225,INPROC_37076D,1,10,team1,Team 1 (N/S),77,43,30,♠,finished,2026-05-17T16:37:58.813844+00:00
8226,INPROC_84CA67,1,10,team1,Team 1 (N/S),86,34,10,♦,finished,2026-05-17T16:37:58.830045+00:00
8227,INPROC_9DD96D,1,10,team2,Team 2 (E/W),56,64,37,♠,finished,2026-05-17T16:37:58.845783+00:00
8228,INPROC_0DCA55,1,10,team1,Team 1 (N/S),69,51,4,♣,finished,2026-05-17T16:37:58.861002+00:00
8229,INPROC_2A6F07,1,10,team1,Team 1 (N/S),80,40,10,♦,finished,2026-05-17T16:37:58.876563+00:00
8230,INPROC_6D503A,1,10,team1,Team 1 (N/S),82,38,34,♠,finished,2026-05-17T16:37:58.893136+00:00
8231,INPROC_EF68B7,1,10,team1,Team 1 (N/S),69,51,8,♣,finished,2026-05-17T16:37:58.908597+00:00
8232,INPROC_9AA271,1,10,team1,Team 1 (N/S),80,40,23,♥,finished,2026-05-17T16:37:58.925567+00:00
8233,INPROC_A3BB12,1,10,team1,Team 1 (N/S),88,32,31,♠,finished,2026-05-17T16:37:58.955794+00:00
8234,INPROC_BA7CF5,1,10,team2,Team 2 (E/W),55,65,33,♠,finished,2026-05-17T16:37:58.972638+00:00
8235,INPROC_4E5363,1,10,team1,Team 1 (N/S),62,58,1,♣,finished,2026-05-17T16:37:58.989940+00:00
8236,INPROC_D21DB4,1,10,team2,Team 2 (E/W),56,64,34,♠,finished,2026-05-17T16:37:59.004724+00:00
8237,INPROC_E3B063,1,10,team2,Team 2 (E/W),31,89,34,♠,finished,2026-05-17T16:37:59.022216+00:00
8238,INPROC_ECA08C,1,10,team2,Team 2 (E/W),56,64,1,♣,finished,2026-05-17T16:37:59.038259+00:00
8239,INPROC_7B5134,1,10,team2,Team 2 (E/W),31,89,24,♥,finished,2026-05-17T16:37:59.056781+00:00
8240,INPROC_6783BA,1,10,team2,Team 2 (E/W),50,70,33,♠,finished,2026-05-17T16:37:59.074611+00:00
8241,INPROC_E324DF,1,10,team1,Team 1 (N/S),100,20,11,♦,finished,2026-05-17T16:37:59.089112+00:00
8242,INPROC_08BF60,1,10,team2,Team 2 (E/W),25,95,36,♠,finished,2026-05-17T16:37:59.106168+00:00
8243,INPROC_3C25C2,1,10,team1,Team 1 (N/S),65,55,12,♦,finished,2026-05-17T16:37:59.121990+00:00
8244,INPROC_603FDD,1,10,team1,Team 1 (N/S),69,51,21,♥,finished,2026-05-17T16:37:59.137671+00:00
8245,INPROC_EBBDDD,1,10,team1,Team 1 (N/S),104,16,25,♥,finished,2026-05-17T16:37:59.153357+00:00
8246,INPROC_F72B47,1,10,team2,Team 2 (E/W),43,77,10,♦,finished,2026-05-17T16:37:59.169704+00:00
8247,INPROC_75B41D,1,10,team2,Team 2 (E/W),39,81,36,♠,finished,2026-05-17T16:37:59.192293+00:00
8248,INPROC_7FA9A2,1,10,team2,Team 2 (E/W),47,73,27,♥,finished,2026-05-17T16:37:59.209375+00:00
8249,INPROC_4C32CD,1,10,team2,Team 2 (E/W),23,97,8,♣,finished,2026-05-17T16:37:59.226100+00:00
8250,INPROC_FB2E12,1,10,team1,Team 1 (N/S),79,41,16,♦,finished,2026-05-17T16:37:59.243651+00:00
8251,INPROC_DA7454,1,10,team1,Team 1 (N/S),71,49,37,♠,finished,2026-05-17T16:37:59.261435+00:00
8252,INPROC_768AC6,1,10,team1,Team 1 (N/S),99,21,26,♥,finished,2026-05-17T16:37:59.278450+00:00
8253,INPROC_6D2F7F,1,10,team1,Team 1 (N/S),89,31,34,♠,finished,2026-05-17T16:37:59.294407+00:00
8254,INPROC_437F31,1,10,team1,Team 1 (N/S),66,54,4,♣,finished,2026-05-17T16:37:59.312433+00:00
8255,INPROC_E40EE4,1,10,team2,Team 2 (E/W),30,90,5,♣,finished,2026-05-17T16:37:59.327810+00:00
8256,INPROC_D0493B,1,10,team1,Team 1 (N/S),61,59,16,♦,finished,2026-05-17T16:37:59.344994+00:00
8257,INPROC_F2E254,1,10,team2,Team 2 (E/W),30,90,33,♠,finished,2026-05-17T16:37:59.360442+00:00
8258,INPROC_C860AE,1,10,team2,Team 2 (E/W),48,72,39,♠,finished,2026-05-17T16:37:59.376416+00:00
8259,INPROC_B550D0,1,10,team1,Team 1 (N/S),66,54,11,♦,finished,2026-05-17T16:37:59.392659+00:00
8260,INPROC_2F49E3,1,10,team2,Team 2 (E/W),7,113,27,♥,finished,2026-05-17T16:37:59.408095+00:00
8261,INPROC_8E044F,1,10,team1,Team 1 (N/S),88,32,35,♠,finished,2026-05-17T16:37:59.423386+00:00
8262,INPROC_703CDF,1,10,draw,draw,60,60,30,♠,finished,2026-05-17T16:37:59.439495+00:00
8263,INPROC_9A5E3B,1,10,team2,Team 2 (E/W),43,77,1,♣,finished,2026-05-17T16:37:59.454183+00:00
8264,INPROC_EF67EB,1,10,team2,Team 2 (E/W),22,98,27,♥,finished,2026-05-17T16:37:59.470337+00:00
8265,INPROC_01EB48,1,10,team2,Team 2 (E/W),23,97,25,♥,finished,2026-05-17T16:37:59.485410+00:00
8266,INPROC_F028AD,1,10,team2,Team 2 (E/W),24,96,26,♥,finished,2026-05-17T16:37:59.500994+00:00
8267,INPROC_E45E8C,1,10,team1,Team 1 (N/S),76,44,36,♠,finished,2026-05-17T16:37:59.516099+00:00
8268,INPROC_0F520C,1,10,team1,Team 1 (N/S),61,59,38,♠,finished,2026-05-17T16:37:59.532519+00:00
8269,INPROC_E8E483,1,10,team2,Team 2 (E/W),0,120,9,♣,finished,2026-05-17T16:37:59.549689+00:00
8270,INPROC_986296,1,10,team2,Team 2 (E/W),44,76,31,♠,finished,2026-05-17T16:37:59.570292+00:00
8271,INPROC_647B94,1,10,team2,Team 2 (E/W),40,80,36,♠,finished,2026-05-17T16:37:59.587991+00:00
8272,INPROC_F41087,1,10,team1,Team 1 (N/S),76,44,38,♠,finished,2026-05-17T16:37:59.605417+00:00
8273,INPROC_F63ED3,1,10,team1,Team 1 (N/S),78,42,25,♥,finished,2026-05-17T16:37:59.622660+00:00
8274,INPROC_0622C7,1,10,team1,Team 1 (N/S),71,49,34,♠,finished,2026-05-17T16:37:59.640643+00:00
8275,INPROC_E9903D,1,10,draw,draw,60,60,16,♦,finished,2026-05-17T16:37:59.654834+00:00
8276,INPROC_18897A,1,10,team2,Team 2 (E/W),59,61,16,♦,finished,2026-05-17T16:37:59.669645+00:00
8277,INPROC_CF6497,1,10,team2,Team 2 (E/W),44,76,13,♦,finished,2026-05-17T16:37:59.683708+00:00
8278,INPROC_D40785,1,10,team2,Team 2 (E/W),33,87,27,♥,finished,2026-05-17T16:37:59.700840+00:00
8279,INPROC_47159B,1,10,team2,Team 2 (E/W),46,74,7,♣,finished,2026-05-17T16:37:59.716391+00:00
8280,INPROC_926D06,1,10,team1,Team 1 (N/S),86,34,31,♠,finished,2026-05-17T16:37:59.731362+00:00
8281,INPROC_378967,1,10,team1,Team 1 (N/S),101,19,16,♦,finished,2026-05-17T16:37:59.749084+00:00
8282,INPROC_CC9229,1,10,team1,Team 1 (N/S),62,58,17,♦,finished,2026-05-17T16:37:59.764327+00:00
8283,INPROC_C6C627,1,10,team1,Team 1 (N/S),72,48,7,♣,finished,2026-05-17T16:37:59.778904+00:00
8284,INPROC_6C6D6C,1,10,team2,Team 2 (E/W),38,82,6,♣,finished,2026-05-17T16:37:59.794087+00:00
8285,INPROC_1979D9,1,10,team2,Team 2 (E/W),13,107,12,♦,finished,2026-05-17T16:37:59.809840+00:00
8286,INPROC_5A2ABF,1,10,team1,Team 1 (N/S),72,48,10,♦,finished,2026-05-17T16:37:59.826298+00:00
8287,INPROC_8669E4,1,10,team1,Team 1 (N/S),65,55,35,♠,finished,2026-05-17T16:37:59.842353+00:00
8288,INPROC_7B22FC,1,10,team2,Team 2 (E/W),26,94,38,♠,finished,2026-05-17T16:37:59.857573+00:00
8289,INPROC_4E11AB,1,10,team2,Team 2 (E/W),36,84,3,♣,finished,2026-05-17T16:37:59.873745+00:00
8290,INPROC_6D5EE9,1,10,team2,Team 2 (E/W),29,91,27,♥,finished,2026-05-17T16:37:59.892619+00:00
8291,INPROC_D8E742,1,10,team2,Team 2 (E/W),53,67,33,♠,finished,2026-05-17T16:37:59.907661+00:00
8292,INPROC_DE04BC,1,10,team2,Team 2 (E/W),42,78,12,♦,finished,2026-05-17T16:37:59.924635+00:00
8293,INPROC_A83883,1,10,team1,Team 1 (N/S),83,37,29,♥,finished,2026-05-17T16:37:59.942952+00:00
8294,INPROC_884689,1,10,team1,Team 1 (N/S),71,49,29,♥,finished,2026-05-17T16:37:59.959476+00:00
8295,INPROC_EE8051,1,10,team2,Team 2 (E/W),42,78,11,♦,finished,2026-05-17T16:37:59.973724+00:00
8296,INPROC_573641,1,10,team2,Team 2 (E/W),21,99,32,♠,finished,2026-05-17T16:37:59.989887+00:00
8297,INPROC_7ACE4E,1,10,team1,Team 1 (N/S),72,48,17,♦,finished,2026-05-17T16:38:00.004626+00:00
8298,INPROC_85FDF5,1,10,team2,Team 2 (E/W),6,114,17,♦,finished,2026-05-17T16:38:00.020222+00:00
8299,INPROC_54B2F4,1,10,team1,Team 1 (N/S),61,59,28,♥,finished,2026-05-17T16:38:00.035882+00:00
8300,INPROC_EC4AD2,1,10,team2,Team 2 (E/W),23,97,11,♦,finished,2026-05-17T16:38:00.051451+00:00
8301,INPROC_5B94C4,1,10,team2,Team 2 (E/W),41,79,0,♣,finished,2026-05-17T16:38:00.067404+00:00
8302,INPROC_208683,1,10,team2,Team 2 (E/W),10,110,23,♥,finished,2026-05-17T16:38:00.083262+00:00
8303,INPROC_FAD2DE,1,10,team1,Team 1 (N/S),62,58,39,♠,finished,2026-05-17T16:38:00.099408+00:00
8304,INPROC_11AAC3,1,10,team1,Team 1 (N/S),68,52,12,♦,finished,2026-05-17T16:38:00.114409+00:00
8305,INPROC_1E9DC8,1,10,team2,Team 2 (E/W),32,88,15,♦,finished,2026-05-17T16:38:00.131023+00:00
8306,INPROC_5AC37B,1,10,draw,draw,60,60,8,♣,finished,2026-05-17T16:38:00.147169+00:00
8307,INPROC_51E371,1,10,team1,Team 1 (N/S),63,57,19,♦,finished,2026-05-17T16:38:00.163509+00:00
8308,INPROC_6EDE54,1,10,team1,Team 1 (N/S),92,28,29,♥,finished,2026-05-17T16:38:00.178702+00:00
8309,INPROC_A326FD,1,10,team2,Team 2 (E/W),50,70,14,♦,finished,2026-05-17T16:38:00.194961+00:00
8310,INPROC_E3227D,1,10,team2,Team 2 (E/W),33,87,39,♠,finished,2026-05-17T16:38:00.212423+00:00
8311,INPROC_88009E,1,10,team1,Team 1 (N/S),68,52,10,♦,finished,2026-05-17T16:38:00.239902+00:00
8312,INPROC_FF90A2,1,10,team2,Team 2 (E/W),36,84,32,♠,finished,2026-05-17T16:38:00.265191+00:00
8313,INPROC_4A3B12,1,10,team2,Team 2 (E/W),31,89,20,♥,finished,2026-05-17T16:38:00.283032+00:00
8314,INPROC_A784B4,1,10,team1,Team 1 (N/S),79,41,28,♥,finished,2026-05-17T16:38:00.302507+00:00
8315,INPROC_C2FFE3,1,10,team1,Team 1 (N/S),79,41,16,♦,finished,2026-05-17T16:38:00.319838+00:00
8316,INPROC_52D64F,1,10,team1,Team 1 (N/S),89,31,24,♥,finished,2026-05-17T16:38:00.336725+00:00
8317,INPROC_62AE89,1,10,team1,Team 1 (N/S),70,50,14,♦,finished,2026-05-17T16:38:00.352027+00:00
8318,INPROC_F198E8,1,10,team2,Team 2 (E/W),50,70,27,♥,finished,2026-05-17T16:38:00.367729+00:00
8319,INPROC_00427D,1,10,draw,draw,60,60,7,♣,finished,2026-05-17T16:38:00.382818+00:00
8320,INPROC_69F5F4,1,10,team2,Team 2 (E/W),55,65,16,♦,finished,2026-05-17T16:38:00.398113+00:00
8321,INPROC_44E357,1,10,team1,Team 1 (N/S),76,44,34,♠,finished,2026-05-17T16:38:00.412840+00:00
8322,INPROC_227AAD,1,10,team2,Team 2 (E/W),27,93,13,♦,finished,2026-05-17T16:38:00.429435+00:00
8323,INPROC_47349E,1,10,team1,Team 1 (N/S),90,30,2,♣,finished,2026-05-17T16:38:00.445761+00:00
8324,INPROC_E4CBE4,1,10,team2,Team 2 (E/W),16,104,36,♠,finished,2026-05-17T16:38:00.463381+00:00
8325,INPROC_E187A2,1,10,draw,draw,60,60,33,♠,finished,2026-05-17T16:38:00.480024+00:00
8326,INPROC_A2788A,1,10,team2,Team 2 (E/W),28,92,18,♦,finished,2026-05-17T16:38:00.498298+00:00
8327,INPROC_ECF83F,1,10,team1,Team 1 (N/S),75,45,10,♦,finished,2026-05-17T16:38:00.516448+00:00
8328,INPROC_5D518D,1,10,draw,draw,60,60,1,♣,finished,2026-05-17T16:38:00.531296+00:00
8329,INPROC_9502F6,1,10,team1,Team 1 (N/S),69,51,39,♠,finished,2026-05-17T16:38:00.545671+00:00
8330,INPROC_D5DBF4,1,10,team1,Team 1 (N/S),66,54,4,♣,finished,2026-05-17T16:38:00.561932+00:00
8331,INPROC_832791,1,10,team2,Team 2 (E/W),47,73,1,♣,finished,2026-05-17T16:38:00.577827+00:00
8332,INPROC_CAD841,1,10,team2,Team 2 (E/W),54,66,16,♦,finished,2026-05-17T16:38:00.593689+00:00
8333,INPROC_9464DB,1,10,team2,Team 2 (E/W),54,66,2,♣,finished,2026-05-17T16:38:00.609728+00:00
8334,INPROC_A2EE32,1,10,team1,Team 1 (N/S),64,56,6,♣,finished,2026-05-17T16:38:00.624560+00:00
8335,INPROC_67381C,1,10,team1,Team 1 (N/S),67,53,33,♠,finished,2026-05-17T16:38:00.639761+00:00
8336,INPROC_6B8158,1,10,team1,Team 1 (N/S),87,33,26,♥,finished,2026-05-17T16:38:00.656346+00:00
8337,INPROC_9C883D,1,10,team1,Team 1 (N/S),80,40,31,♠,finished,2026-05-17T16:38:00.669761+00:00
8338,INPROC_4B54CF,1,10,draw,draw,60,60,4,♣,finished,2026-05-17T16:38:00.684224+00:00
8339,INPROC_DB5397,1,10,draw,draw,60,60,18,♦,finished,2026-05-17T16:38:00.701330+00:00
8340,INPROC_176936,1,10,team1,Team 1 (N/S),61,59,7,♣,finished,2026-05-17T16:38:00.716140+00:00
8341,INPROC_54B60F,1,10,team1,Team 1 (N/S),77,43,33,♠,finished,2026-05-17T16:38:00.727781+00:00
8342,INPROC_4E21E0,1,10,team1,Team 1 (N/S),92,28,25,♥,finished,2026-05-17T16:38:00.744263+00:00
8343,INPROC_767DE5,1,10,team1,Team 1 (N/S),76,44,39,♠,finished,2026-05-17T16:38:00.761899+00:00
8344,INPROC_4E39E1,1,10,team2,Team 2 (E/W),41,79,39,♠,finished,2026-05-17T16:38:00.777127+00:00
8345,INPROC_833B40,1,10,team1,Team 1 (N/S),61,59,34,♠,finished,2026-05-17T16:38:00.794118+00:00
8346,INPROC_F4D41D,1,10,team1,Team 1 (N/S),62,58,20,♥,finished,2026-05-17T16:38:00.812221+00:00
8347,INPROC_40468C,1,10,team2,Team 2 (E/W),39,81,14,♦,finished,2026-05-17T16:38:00.829152+00:00
8348,INPROC_4ABD92,1,10,team1,Team 1 (N/S),90,30,28,♥,finished,2026-05-17T16:38:00.844933+00:00
8349,INPROC_9908A2,1,10,team1,Team 1 (N/S),105,15,26,♥,finished,2026-05-17T16:38:00.859754+00:00
8350,INPROC_7449B3,1,10,team2,Team 2 (E/W),8,112,34,♠,finished,2026-05-17T16:38:00.875612+00:00
8351,INPROC_3E61E9,1,10,team2,Team 2 (E/W),42,78,29,♥,finished,2026-05-17T16:38:00.890641+00:00
8352,INPROC_F08140,1,10,team2,Team 2 (E/W),49,71,0,♣,finished,2026-05-17T16:38:00.905818+00:00
8353,INPROC_C3C795,1,10,team2,Team 2 (E/W),48,72,5,♣,finished,2026-05-17T16:38:00.923713+00:00
8354,INPROC_80D543,1,10,team2,Team 2 (E/W),21,99,6,♣,finished,2026-05-17T16:38:00.940016+00:00
8355,INPROC_E20215,1,10,team1,Team 1 (N/S),63,57,7,♣,finished,2026-05-17T16:38:00.955960+00:00
8356,INPROC_CF6CD8,1,10,team1,Team 1 (N/S),81,39,23,♥,finished,2026-05-17T16:38:00.974105+00:00
8357,INPROC_658CDB,1,10,team2,Team 2 (E/W),44,76,3,♣,finished,2026-05-17T16:38:00.992198+00:00
8358,INPROC_8A6C54,1,10,team2,Team 2 (E/W),55,65,38,♠,finished,2026-05-17T16:38:01.008074+00:00
8359,INPROC_2F223F,1,10,team2,Team 2 (E/W),27,93,10,♦,finished,2026-05-17T16:38:01.022483+00:00
8360,INPROC_4E7648,1,10,team2,Team 2 (E/W),41,79,37,♠,finished,2026-05-17T16:38:01.037152+00:00
8361,INPROC_36FF7D,1,10,team2,Team 2 (E/W),56,64,27,♥,finished,2026-05-17T16:38:01.053222+00:00
8362,INPROC_81CDFF,1,10,team2,Team 2 (E/W),59,61,19,♦,finished,2026-05-17T16:38:01.071838+00:00
8363,INPROC_CF74E0,1,10,team2,Team 2 (E/W),51,69,38,♠,finished,2026-05-17T16:38:01.089334+00:00
8364,INPROC_79C6C4,1,10,team1,Team 1 (N/S),68,52,32,♠,finished,2026-05-17T16:38:01.107636+00:00
8365,INPROC_CE65A5,1,10,team2,Team 2 (E/W),40,80,17,♦,finished,2026-05-17T16:38:01.124791+00:00
8366,INPROC_661BBD,1,10,team2,Team 2 (E/W),20,100,23,♥,finished,2026-05-17T16:38:01.142517+00:00
8367,INPROC_2C318A,1,10,team2,Team 2 (E/W),24,96,29,♥,finished,2026-05-17T16:38:01.157149+00:00
8368,INPROC_B8EEF2,1,10,team1,Team 1 (N/S),71,49,28,♥,finished,2026-05-17T16:38:01.175385+00:00
8369,INPROC_B535AD,1,10,team1,Team 1 (N/S),85,35,33,♠,finished,2026-05-17T16:38:01.190731+00:00
8370,INPROC_6A4B84,1,10,team2,Team 2 (E/W),4,116,19,♦,finished,2026-05-17T16:38:01.204892+00:00
8371,INPROC_D7F8A5,1,10,team1,Team 1 (N/S),71,49,27,♥,finished,2026-05-17T16:38:01.221084+00:00
8372,INPROC_4638E5,1,10,team1,Team 1 (N/S),64,56,35,♠,finished,2026-05-17T16:38:01.236956+00:00
8373,INPROC_96E666,1,10,team1,Team 1 (N/S),84,36,35,♠,finished,2026-05-17T16:38:01.254313+00:00
8374,INPROC_BBE6B5,1,10,team2,Team 2 (E/W),38,82,29,♥,finished,2026-05-17T16:38:01.270013+00:00
8375,INPROC_A85795,1,10,team1,Team 1 (N/S),96,24,17,♦,finished,2026-05-17T16:38:01.286885+00:00
8376,INPROC_FA684A,1,10,team1,Team 1 (N/S),66,54,34,♠,finished,2026-05-17T16:38:01.303565+00:00
8377,INPROC_1E0F20,1,10,team2,Team 2 (E/W),57,63,35,♠,finished,2026-05-17T16:38:01.321315+00:00
8378,INPROC_C1765F,1,10,team1,Team 1 (N/S),63,57,24,♥,finished,2026-05-17T16:38:01.337345+00:00
8379,INPROC_600B1E,1,10,team1,Team 1 (N/S),92,28,2,♣,finished,2026-05-17T16:38:01.354956+00:00
8380,INPROC_9BA698,1,10,team1,Team 1 (N/S),69,51,20,♥,finished,2026-05-17T16:38:01.370794+00:00
8381,INPROC_94C925,1,10,team2,Team 2 (E/W),51,69,24,♥,finished,2026-05-17T16:38:01.387486+00:00
8382,INPROC_AF56E2,1,10,team2,Team 2 (E/W),43,77,4,♣,finished,2026-05-17T16:38:01.402883+00:00
8383,INPROC_AD8496,1,10,team1,Team 1 (N/S),120,0,14,♦,finished,2026-05-17T16:38:01.418868+00:00
8384,INPROC_2673C4,1,10,team2,Team 2 (E/W),40,80,31,♠,finished,2026-05-17T16:38:01.435082+00:00
8385,INPROC_A8FDF3,1,10,team2,Team 2 (E/W),49,71,16,♦,finished,2026-05-17T16:38:01.452072+00:00
8386,INPROC_D72721,1,10,team1,Team 1 (N/S),90,30,24,♥,finished,2026-05-17T16:38:01.467647+00:00
8387,INPROC_089189,1,10,team1,Team 1 (N/S),99,21,14,♦,finished,2026-05-17T16:38:01.483827+00:00
8388,INPROC_690B5E,1,10,team2,Team 2 (E/W),50,70,33,♠,finished,2026-05-17T16:38:01.499603+00:00
8389,INPROC_F2382B,1,10,team1,Team 1 (N/S),85,35,23,♥,finished,2026-05-17T16:38:01.515772+00:00
8390,INPROC_57423A,1,10,team2,Team 2 (E/W),25,95,34,♠,finished,2026-05-17T16:38:01.535112+00:00
8391,INPROC_B5FF6F,1,10,team2,Team 2 (E/W),34,86,18,♦,finished,2026-05-17T16:38:01.551466+00:00
8392,INPROC_526DAD,1,10,team2,Team 2 (E/W),52,68,39,♠,finished,2026-05-17T16:38:01.567811+00:00
8393,INPROC_F2B97F,1,10,team1,Team 1 (N/S),89,31,15,♦,finished,2026-05-17T16:38:01.584184+00:00
8394,INPROC_B17AEC,1,10,team1,Team 1 (N/S),68,52,18,♦,finished,2026-05-17T16:38:01.601373+00:00
8395,INPROC_72D0AF,1,10,team1,Team 1 (N/S),96,24,16,♦,finished,2026-05-17T16:38:01.618698+00:00
8396,INPROC_160CFC,1,10,team2,Team 2 (E/W),0,120,26,♥,finished,2026-05-17T16:38:01.633480+00:00
8397,INPROC_4E84AE,1,10,team1,Team 1 (N/S),76,44,32,♠,finished,2026-05-17T16:38:01.652529+00:00
8398,INPROC_485485,1,10,team2,Team 2 (E/W),51,69,8,♣,finished,2026-05-17T16:38:01.669090+00:00
8399,INPROC_7BDCB9,1,10,team2,Team 2 (E/W),53,67,24,♥,finished,2026-05-17T16:38:01.685648+00:00
8400,INPROC_727E41,1,10,team1,Team 1 (N/S),95,25,0,♣,finished,2026-05-17T16:38:01.702714+00:00
8401,INPROC_7C433A,1,10,team1,Team 1 (N/S),114,6,3,♣,finished,2026-05-17T16:38:01.719526+00:00
8402,INPROC_D4D28D,1,10,team1,Team 1 (N/S),74,46,20,♥,finished,2026-05-17T16:38:01.736528+00:00
8403,INPROC_C64B94,1,10,team1,Team 1 (N/S),61,59,7,♣,finished,2026-05-17T16:38:01.753709+00:00
8404,INPROC_23BD92,1,10,team1,Team 1 (N/S),69,51,15,♦,finished,2026-05-17T16:38:01.764433+00:00
8405,INPROC_1FC16D,1,10,team1,Team 1 (N/S),74,46,4,♣,finished,2026-05-17T16:38:01.779374+00:00
8406,INPROC_4BE3E8,1,10,team2,Team 2 (E/W),59,61,14,♦,finished,2026-05-17T16:38:01.795157+00:00
8407,INPROC_BA452E,1,10,team1,Team 1 (N/S),78,42,29,♥,finished,2026-05-17T16:38:01.810833+00:00
8408,INPROC_660529,1,10,team2,Team 2 (E/W),44,76,14,♦,finished,2026-05-17T16:38:01.828554+00:00
8409,INPROC_9E9BD4,1,10,team1,Team 1 (N/S),62,58,31,♠,finished,2026-05-17T16:38:01.843254+00:00
8410,INPROC_49703F,1,10,team2,Team 2 (E/W),49,71,34,♠,finished,2026-05-17T16:38:01.860636+00:00
8411,INPROC_03F1C4,1,10,team1,Team 1 (N/S),63,57,2,♣,finished,2026-05-17T16:38:01.875844+00:00
8412,INPROC_B043F3,1,10,team2,Team 2 (E/W),42,78,19,♦,finished,2026-05-17T16:38:01.893123+00:00
8413,INPROC_B3759F,1,10,team1,Team 1 (N/S),71,49,18,♦,finished,2026-05-17T16:38:01.909385+00:00
8414,INPROC_31D751,1,10,team2,Team 2 (E/W),12,108,5,♣,finished,2026-05-17T16:38:01.925238+00:00
8415,INPROC_C945EC,1,10,team2,Team 2 (E/W),49,71,10,♦,finished,2026-05-17T16:38:01.941400+00:00
8416,INPROC_C9D955,1,10,team2,Team 2 (E/W),56,64,14,♦,finished,2026-05-17T16:38:01.954101+00:00
8417,INPROC_BDDACE,1,10,team2,Team 2 (E/W),46,74,34,♠,finished,2026-05-17T16:38:01.968524+00:00
8418,INPROC_337136,1,10,team2,Team 2 (E/W),43,77,39,♠,finished,2026-05-17T16:38:01.983356+00:00
8419,INPROC_10225A,1,10,team2,Team 2 (E/W),27,93,0,♣,finished,2026-05-17T16:38:01.999416+00:00
8420,INPROC_3E4204,1,10,team2,Team 2 (E/W),45,75,31,♠,finished,2026-05-17T16:38:02.016149+00:00
8421,INPROC_25445C,1,10,team1,Team 1 (N/S),105,15,2,♣,finished,2026-05-17T16:38:02.033158+00:00
8422,INPROC_63791D,1,10,team1,Team 1 (N/S),80,40,24,♥,finished,2026-05-17T16:38:02.049569+00:00
8423,INPROC_2BEEDF,1,10,team2,Team 2 (E/W),52,68,10,♦,finished,2026-05-17T16:38:02.067318+00:00
8424,INPROC_867A98,1,10,team2,Team 2 (E/W),50,70,3,♣,finished,2026-05-17T16:38:02.083699+00:00
8425,INPROC_2B8C58,1,10,team2,Team 2 (E/W),35,85,35,♠,finished,2026-05-17T16:38:02.103032+00:00
8426,INPROC_A71181,1,10,team1,Team 1 (N/S),79,41,26,♥,finished,2026-05-17T16:38:02.120541+00:00
8427,INPROC_F19D30,1,10,draw,draw,60,60,32,♠,finished,2026-05-17T16:38:02.137169+00:00
8428,INPROC_95E54E,1,10,team1,Team 1 (N/S),70,50,34,♠,finished,2026-05-17T16:38:02.154087+00:00
8429,INPROC_858B66,1,10,team2,Team 2 (E/W),57,63,34,♠,finished,2026-05-17T16:38:02.171103+00:00
8430,INPROC_D351FA,1,10,team2,Team 2 (E/W),42,78,12,♦,finished,2026-05-17T16:38:02.187505+00:00
8431,INPROC_246994,1,10,team2,Team 2 (E/W),51,69,21,♥,finished,2026-05-17T16:38:02.206033+00:00
8432,INPROC_B9961E,1,10,team1,Team 1 (N/S),62,58,1,♣,finished,2026-05-17T16:38:02.224878+00:00
8433,INPROC_529088,1,10,team2,Team 2 (E/W),35,85,26,♥,finished,2026-05-17T16:38:02.239102+00:00
8434,INPROC_D68697,1,10,team2,Team 2 (E/W),35,85,3,♣,finished,2026-05-17T16:38:02.255788+00:00
8435,INPROC_381BAB,1,10,team2,Team 2 (E/W),54,66,23,♥,finished,2026-05-17T16:38:02.272857+00:00
8436,INPROC_EF994B,1,10,team1,Team 1 (N/S),100,20,31,♠,finished,2026-05-17T16:38:02.291971+00:00
8437,INPROC_B94D08,1,10,team2,Team 2 (E/W),47,73,37,♠,finished,2026-05-17T16:38:02.311266+00:00
8438,INPROC_DCA339,1,10,team2,Team 2 (E/W),58,62,0,♣,finished,2026-05-17T16:38:02.330668+00:00
8439,INPROC_3AF737,1,10,team2,Team 2 (E/W),12,108,19,♦,finished,2026-05-17T16:38:02.349508+00:00
8440,INPROC_7B201E,1,10,team2,Team 2 (E/W),44,76,14,♦,finished,2026-05-17T16:38:02.368033+00:00
8441,INPROC_842FDB,1,10,team2,Team 2 (E/W),44,76,6,♣,finished,2026-05-17T16:38:02.389203+00:00
8442,INPROC_1E2719,1,10,team1,Team 1 (N/S),73,47,27,♥,finished,2026-05-17T16:38:02.409503+00:00
8443,INPROC_C24706,1,10,team2,Team 2 (E/W),59,61,5,♣,finished,2026-05-17T16:38:02.428283+00:00
8444,INPROC_2FD35D,1,10,team1,Team 1 (N/S),64,56,38,♠,finished,2026-05-17T16:38:02.445862+00:00
8445,INPROC_263A65,1,10,team1,Team 1 (N/S),94,26,11,♦,finished,2026-05-17T16:38:02.465257+00:00
8446,INPROC_7C375E,1,10,team1,Team 1 (N/S),87,33,27,♥,finished,2026-05-17T16:38:02.483737+00:00
8447,INPROC_8A55B1,1,10,team1,Team 1 (N/S),88,32,36,♠,finished,2026-05-17T16:38:02.504009+00:00
8448,INPROC_A18DB6,1,10,team1,Team 1 (N/S),79,41,33,♠,finished,2026-05-17T16:38:02.525804+00:00
8449,INPROC_47A980,1,10,team1,Team 1 (N/S),71,49,9,♣,finished,2026-05-17T16:38:02.543024+00:00
8450,INPROC_DEA1E0,1,10,team1,Team 1 (N/S),71,49,6,♣,finished,2026-05-17T16:38:02.560396+00:00
8451,INPROC_013B21,1,10,team1,Team 1 (N/S),100,20,20,♥,finished,2026-05-17T16:38:02.578413+00:00
8452,INPROC_11B285,1,10,team1,Team 1 (N/S),92,28,27,♥,finished,2026-05-17T16:38:02.596000+00:00
8453,INPROC_234BA2,1,10,draw,draw,60,60,1,♣,finished,2026-05-17T16:38:02.611381+00:00
8454,INPROC_DC6644,1,10,team2,Team 2 (E/W),26,94,36,♠,finished,2026-05-17T16:38:02.625773+00:00
8455,INPROC_7383F9,1,10,team1,Team 1 (N/S),63,57,31,♠,finished,2026-05-17T16:38:02.639701+00:00
8456,INPROC_ECAA2C,1,10,team2,Team 2 (E/W),46,74,11,♦,finished,2026-05-17T16:38:02.656574+00:00
8457,INPROC_5E8045,1,10,team2,Team 2 (E/W),9,111,37,♠,finished,2026-05-17T16:38:02.675109+00:00
8458,INPROC_09BDE5,1,10,team2,Team 2 (E/W),54,66,10,♦,finished,2026-05-17T16:38:02.691070+00:00
8459,INPROC_172D17,1,10,team1,Team 1 (N/S),70,50,5,♣,finished,2026-05-17T16:38:02.707365+00:00
8460,INPROC_853C7F,1,10,team1,Team 1 (N/S),89,31,11,♦,finished,2026-05-17T16:38:02.725381+00:00
8461,INPROC_988AF4,1,10,team2,Team 2 (E/W),6,114,13,♦,finished,2026-05-17T16:38:02.741947+00:00
8462,INPROC_9B7C93,1,10,team1,Team 1 (N/S),92,28,21,♥,finished,2026-05-17T16:38:02.757711+00:00
8463,INPROC_FDB0D3,1,10,team2,Team 2 (E/W),53,67,9,♣,finished,2026-05-17T16:38:02.773472+00:00
8464,INPROC_2EC8EB,1,10,team2,Team 2 (E/W),37,83,2,♣,finished,2026-05-17T16:38:02.788589+00:00
8465,INPROC_BD7B3D,1,10,team2,Team 2 (E/W),39,81,19,♦,finished,2026-05-17T16:38:02.803506+00:00
8466,INPROC_F08B95,1,10,team1,Team 1 (N/S),92,28,14,♦,finished,2026-05-17T16:38:02.815576+00:00
8467,INPROC_588CA4,1,10,team2,Team 2 (E/W),53,67,36,♠,finished,2026-05-17T16:38:02.831179+00:00
8468,INPROC_84C24B,1,10,team2,Team 2 (E/W),57,63,7,♣,finished,2026-05-17T16:38:02.846966+00:00
8469,INPROC_BDE68D,1,10,team2,Team 2 (E/W),33,87,39,♠,finished,2026-05-17T16:38:02.862928+00:00
8470,INPROC_68AA26,1,10,team1,Team 1 (N/S),90,30,25,♥,finished,2026-05-17T16:38:02.878839+00:00
8471,INPROC_E490E9,1,10,team1,Team 1 (N/S),85,35,5,♣,finished,2026-05-17T16:38:02.896361+00:00
8472,INPROC_02E647,1,10,team2,Team 2 (E/W),55,65,37,♠,finished,2026-05-17T16:38:02.913616+00:00
8473,INPROC_DF4AFC,1,10,team2,Team 2 (E/W),58,62,32,♠,finished,2026-05-17T16:38:02.930596+00:00
8474,INPROC_65CB25,1,10,team1,Team 1 (N/S),74,46,25,♥,finished,2026-05-17T16:38:02.947297+00:00
8475,INPROC_C05EE2,1,10,team1,Team 1 (N/S),72,48,5,♣,finished,2026-05-17T16:38:02.962558+00:00
8476,INPROC_4A948E,1,10,team2,Team 2 (E/W),57,63,21,♥,finished,2026-05-17T16:38:02.979011+00:00
8477,INPROC_D72D5C,1,10,team1,Team 1 (N/S),66,54,31,♠,finished,2026-05-17T16:38:02.992605+00:00
8478,INPROC_B87CC5,1,10,team2,Team 2 (E/W),44,76,24,♥,finished,2026-05-17T16:38:03.011754+00:00
8479,INPROC_D1CC94,1,10,team2,Team 2 (E/W),22,98,39,♠,finished,2026-05-17T16:38:03.028599+00:00
8480,INPROC_040ECF,1,10,team1,Team 1 (N/S),61,59,26,♥,finished,2026-05-17T16:38:03.041735+00:00
8481,INPROC_623820,1,10,team1,Team 1 (N/S),66,54,28,♥,finished,2026-05-17T16:38:03.057482+00:00
8482,INPROC_9BA11B,1,10,team1,Team 1 (N/S),81,39,28,♥,finished,2026-05-17T16:38:03.073492+00:00
8483,INPROC_CEFB83,1,10,team2,Team 2 (E/W),58,62,13,♦,finished,2026-05-17T16:38:03.090137+00:00
8484,INPROC_3B322A,1,10,team2,Team 2 (E/W),24,96,12,♦,finished,2026-05-17T16:38:03.104675+00:00
8485,INPROC_41AA6C,1,10,team1,Team 1 (N/S),92,28,5,♣,finished,2026-05-17T16:38:03.121506+00:00
8486,INPROC_F1D67A,1,10,team2,Team 2 (E/W),54,66,15,♦,finished,2026-05-17T16:38:03.138483+00:00
8487,INPROC_7C9115,1,10,team1,Team 1 (N/S),66,54,8,♣,finished,2026-05-17T16:38:03.154060+00:00
8488,INPROC_6A4491,1,10,team2,Team 2 (E/W),44,76,34,♠,finished,2026-05-17T16:38:03.168734+00:00
8489,INPROC_F2702F,1,10,team2,Team 2 (E/W),51,69,13,♦,finished,2026-05-17T16:38:03.184450+00:00
8490,INPROC_2E20D1,1,10,team1,Team 1 (N/S),74,46,20,♥,finished,2026-05-17T16:38:03.201385+00:00
8491,INPROC_8384AE,1,10,team1,Team 1 (N/S),76,44,8,♣,finished,2026-05-17T16:38:03.219008+00:00
8492,INPROC_31D130,1,10,team1,Team 1 (N/S),74,46,21,♥,finished,2026-05-17T16:38:03.232974+00:00
8493,INPROC_58059A,1,10,team1,Team 1 (N/S),76,44,4,♣,finished,2026-05-17T16:38:03.250693+00:00
8494,INPROC_FBA6DE,1,10,team1,Team 1 (N/S),89,31,36,♠,finished,2026-05-17T16:38:03.266021+00:00
8495,INPROC_FE4EF2,1,10,team2,Team 2 (E/W),24,96,35,♠,finished,2026-05-17T16:38:03.281225+00:00
8496,INPROC_9DC05B,1,10,team1,Team 1 (N/S),64,56,25,♥,finished,2026-05-17T16:38:03.296955+00:00
8497,INPROC_637591,1,10,team2,Team 2 (E/W),56,64,22,♥,finished,2026-05-17T16:38:03.315526+00:00
8498,INPROC_D6BBEC,1,10,team2,Team 2 (E/W),41,79,9,♣,finished,2026-05-17T16:38:03.331514+00:00
8499,INPROC_CC98E0,1,10,team2,Team 2 (E/W),25,95,10,♦,finished,2026-05-17T16:38:03.347703+00:00
8500,INPROC_5609DC,1,10,team1,Team 1 (N/S),75,45,18,♦,finished,2026-05-17T16:38:03.364269+00:00
8501,INPROC_45C186,1,10,team1,Team 1 (N/S),101,19,1,♣,finished,2026-05-17T16:38:03.381828+00:00
8502,INPROC_4302EC,1,10,team2,Team 2 (E/W),49,71,0,♣,finished,2026-05-17T16:38:03.398257+00:00
8503,INPROC_45D233,1,10,team1,Team 1 (N/S),108,12,15,♦,finished,2026-05-17T16:38:03.416659+00:00
8504,INPROC_16D9D1,1,10,team1,Team 1 (N/S),103,17,31,♠,finished,2026-05-17T16:38:03.435565+00:00
8505,INPROC_78FB72,1,10,team2,Team 2 (E/W),46,74,16,♦,finished,2026-05-17T16:38:03.451941+00:00
8506,INPROC_FED78B,1,10,team2,Team 2 (E/W),48,72,29,♥,finished,2026-05-17T16:38:03.467845+00:00
8507,INPROC_F4245C,1,10,team1,Team 1 (N/S),87,33,20,♥,finished,2026-05-17T16:38:03.485172+00:00
8508,INPROC_546390,1,10,team2,Team 2 (E/W),39,81,15,♦,finished,2026-05-17T16:38:03.501467+00:00
8509,INPROC_759E81,1,10,team1,Team 1 (N/S),75,45,15,♦,finished,2026-05-17T16:38:03.517065+00:00
8510,INPROC_A929EF,1,10,team1,Team 1 (N/S),65,55,27,♥,finished,2026-05-17T16:38:03.533250+00:00
8511,INPROC_0A1476,1,10,team1,Team 1 (N/S),87,33,0,♣,finished,2026-05-17T16:38:03.548259+00:00
8512,INPROC_A088A7,1,10,team1,Team 1 (N/S),90,30,13,♦,finished,2026-05-17T16:38:03.562995+00:00
8513,INPROC_032457,1,10,team1,Team 1 (N/S),62,58,4,♣,finished,2026-05-17T16:38:03.579176+00:00
8514,INPROC_39AC56,1,10,team2,Team 2 (E/W),44,76,22,♥,finished,2026-05-17T16:38:03.596400+00:00
8515,INPROC_FC698A,1,10,team2,Team 2 (E/W),34,86,19,♦,finished,2026-05-17T16:38:03.613229+00:00
8516,INPROC_24BDA0,1,10,team2,Team 2 (E/W),42,78,28,♥,finished,2026-05-17T16:38:03.627358+00:00
8517,INPROC_23B826,1,10,team2,Team 2 (E/W),43,77,13,♦,finished,2026-05-17T16:38:03.641702+00:00
8518,INPROC_87A5D5,1,10,team2,Team 2 (E/W),55,65,30,♠,finished,2026-05-17T16:38:03.655704+00:00
8519,INPROC_349D71,1,10,team2,Team 2 (E/W),21,99,18,♦,finished,2026-05-17T16:38:03.672473+00:00
8520,INPROC_F5F320,1,10,team2,Team 2 (E/W),38,82,28,♥,finished,2026-05-17T16:38:03.689764+00:00
8521,INPROC_D5BC4F,1,10,team2,Team 2 (E/W),58,62,9,♣,finished,2026-05-17T16:38:03.703197+00:00
8522,INPROC_0402F1,1,10,team2,Team 2 (E/W),31,89,6,♣,finished,2026-05-17T16:38:03.718885+00:00
8523,INPROC_1EB855,1,10,team2,Team 2 (E/W),43,77,24,♥,finished,2026-05-17T16:38:03.731308+00:00
8524,INPROC_1CD88A,1,10,team2,Team 2 (E/W),37,83,36,♠,finished,2026-05-17T16:38:03.744627+00:00
8525,INPROC_0357F3,1,10,team2,Team 2 (E/W),58,62,30,♠,finished,2026-05-17T16:38:03.760910+00:00
8526,INPROC_B52895,1,10,team1,Team 1 (N/S),67,53,37,♠,finished,2026-05-17T16:38:03.776891+00:00
8527,INPROC_54C67F,1,10,team2,Team 2 (E/W),51,69,20,♥,finished,2026-05-17T16:38:03.791077+00:00
8528,INPROC_24679D,1,10,team1,Team 1 (N/S),70,50,11,♦,finished,2026-05-17T16:38:03.807605+00:00
8529,INPROC_5CC3BB,1,10,team2,Team 2 (E/W),35,85,11,♦,finished,2026-05-17T16:38:03.824125+00:00
8530,INPROC_7F3946,1,10,team1,Team 1 (N/S),74,46,27,♥,finished,2026-05-17T16:38:03.840679+00:00
8531,INPROC_76EB3B,1,10,team2,Team 2 (E/W),41,79,14,♦,finished,2026-05-17T16:38:03.852127+00:00
8532,INPROC_FCF0FB,1,10,team1,Team 1 (N/S),71,49,21,♥,finished,2026-05-17T16:38:03.869510+00:00
8533,INPROC_25A88B,1,10,team1,Team 1 (N/S),84,36,16,♦,finished,2026-05-17T16:38:03.884301+00:00
8534,INPROC_9F2A24,1,10,team2,Team 2 (E/W),28,92,8,♣,finished,2026-05-17T16:38:03.899583+00:00
8535,INPROC_7829BA,1,10,team2,Team 2 (E/W),26,94,20,♥,finished,2026-05-17T16:38:03.914407+00:00
8536,INPROC_49CBB7,1,10,team1,Team 1 (N/S),80,40,10,♦,finished,2026-05-17T16:38:03.930542+00:00
8537,INPROC_3CAE7F,1,10,team1,Team 1 (N/S),83,37,25,♥,finished,2026-05-17T16:38:03.949494+00:00
8538,INPROC_981227,1,10,team2,Team 2 (E/W),55,65,3,♣,finished,2026-05-17T16:38:03.966115+00:00
8539,INPROC_C3A5EA,1,10,team1,Team 1 (N/S),64,56,8,♣,finished,2026-05-17T16:38:03.981120+00:00
8540,INPROC_A39EED,1,10,team2,Team 2 (E/W),24,96,27,♥,finished,2026-05-17T16:38:03.996725+00:00
8541,INPROC_4A88CB,1,10,team1,Team 1 (N/S),63,57,11,♦,finished,2026-05-17T16:38:04.008337+00:00
8542,INPROC_E453DF,1,10,team1,Team 1 (N/S),61,59,10,♦,finished,2026-05-17T16:38:04.025562+00:00
8543,INPROC_9E37C7,1,10,team2,Team 2 (E/W),33,87,18,♦,finished,2026-05-17T16:38:04.042611+00:00
8544,INPROC_DA5488,1,10,team1,Team 1 (N/S),120,0,21,♥,finished,2026-05-17T16:38:04.061068+00:00
8545,INPROC_B6D120,1,10,team1,Team 1 (N/S),64,56,17,♦,finished,2026-05-17T16:38:04.077745+00:00
8546,INPROC_63D5A1,1,10,team2,Team 2 (E/W),18,102,30,♠,finished,2026-05-17T16:38:04.094424+00:00
8547,INPROC_1B7F06,1,10,team1,Team 1 (N/S),63,57,12,♦,finished,2026-05-17T16:38:04.109286+00:00
8548,INPROC_931869,1,10,team1,Team 1 (N/S),101,19,38,♠,finished,2026-05-17T16:38:04.128408+00:00
8549,INPROC_99A817,1,10,team1,Team 1 (N/S),75,45,33,♠,finished,2026-05-17T16:38:04.147023+00:00
8550,INPROC_13A239,1,10,team2,Team 2 (E/W),55,65,36,♠,finished,2026-05-17T16:38:04.172516+00:00
8551,INPROC_CAFD25,1,10,team2,Team 2 (E/W),19,101,25,♥,finished,2026-05-17T16:38:04.191522+00:00
8552,INPROC_8B71A6,1,10,team1,Team 1 (N/S),84,36,14,♦,finished,2026-05-17T16:38:04.208231+00:00
8553,INPROC_7210E4,1,10,team2,Team 2 (E/W),18,102,4,♣,finished,2026-05-17T16:38:04.226848+00:00
8554,INPROC_709AAE,1,10,team2,Team 2 (E/W),34,86,0,♣,finished,2026-05-17T16:38:04.242251+00:00
8555,INPROC_1156B6,1,10,team2,Team 2 (E/W),15,105,38,♠,finished,2026-05-17T16:38:04.257156+00:00
8556,INPROC_10F522,1,10,team2,Team 2 (E/W),30,90,28,♥,finished,2026-05-17T16:38:04.272197+00:00
8557,INPROC_693C50,1,10,team2,Team 2 (E/W),46,74,11,♦,finished,2026-05-17T16:38:04.289717+00:00
8558,INPROC_37858E,1,10,team2,Team 2 (E/W),24,96,3,♣,finished,2026-05-17T16:38:04.303681+00:00
8559,INPROC_DE3F37,1,10,team2,Team 2 (E/W),39,81,8,♣,finished,2026-05-17T16:38:04.318580+00:00
8560,INPROC_45197F,1,10,team1,Team 1 (N/S),61,59,15,♦,finished,2026-05-17T16:38:04.335393+00:00
8561,INPROC_201A1E,1,10,team2,Team 2 (E/W),49,71,12,♦,finished,2026-05-17T16:38:04.351645+00:00
8562,INPROC_3240DB,1,10,team1,Team 1 (N/S),92,28,26,♥,finished,2026-05-17T16:38:04.370082+00:00
8563,INPROC_F07758,1,10,team1,Team 1 (N/S),91,29,26,♥,finished,2026-05-17T16:38:04.386761+00:00
8564,INPROC_DFDAB7,1,10,team1,Team 1 (N/S),81,39,24,♥,finished,2026-05-17T16:38:04.400949+00:00
8565,INPROC_F5E9AF,1,10,team2,Team 2 (E/W),37,83,15,♦,finished,2026-05-17T16:38:04.415761+00:00
8566,INPROC_92CBA5,1,10,team1,Team 1 (N/S),75,45,9,♣,finished,2026-05-17T16:38:04.431884+00:00
8567,INPROC_3E6C45,1,10,team2,Team 2 (E/W),12,108,28,♥,finished,2026-05-17T16:38:04.447895+00:00
8568,INPROC_832E5C,1,10,team1,Team 1 (N/S),77,43,19,♦,finished,2026-05-17T16:38:04.464883+00:00
8569,INPROC_D65F8F,1,10,team2,Team 2 (E/W),40,80,28,♥,finished,2026-05-17T16:38:04.483337+00:00
8570,INPROC_F83BAD,1,10,team1,Team 1 (N/S),64,56,0,♣,finished,2026-05-17T16:38:04.500871+00:00
8571,INPROC_FFAF7D,1,10,team1,Team 1 (N/S),71,49,29,♥,finished,2026-05-17T16:38:04.519505+00:00
8572,INPROC_3EB6AD,1,10,team1,Team 1 (N/S),66,54,14,♦,finished,2026-05-17T16:38:04.535654+00:00
8573,INPROC_864624,1,10,team2,Team 2 (E/W),30,90,8,♣,finished,2026-05-17T16:38:04.552773+00:00
8574,INPROC_8F4A48,1,10,team1,Team 1 (N/S),68,52,22,♥,finished,2026-05-17T16:38:04.570055+00:00
8575,INPROC_B044EE,1,10,team2,Team 2 (E/W),49,71,1,♣,finished,2026-05-17T16:38:04.586588+00:00
8576,INPROC_892BB6,1,10,team2,Team 2 (E/W),44,76,29,♥,finished,2026-05-17T16:38:04.601785+00:00
8577,INPROC_683CEA,1,10,team1,Team 1 (N/S),81,39,11,♦,finished,2026-05-17T16:38:04.617258+00:00
8578,INPROC_CC4C86,1,10,team1,Team 1 (N/S),82,38,36,♠,finished,2026-05-17T16:38:04.634269+00:00
8579,INPROC_16227D,1,10,team2,Team 2 (E/W),25,95,18,♦,finished,2026-05-17T16:38:04.649473+00:00
8580,INPROC_6B8EDB,1,10,team1,Team 1 (N/S),66,54,22,♥,finished,2026-05-17T16:38:04.665931+00:00
8581,INPROC_58E20F,1,10,team1,Team 1 (N/S),86,34,15,♦,finished,2026-05-17T16:38:04.680056+00:00
8582,INPROC_C4B4C5,1,10,team2,Team 2 (E/W),44,76,34,♠,finished,2026-05-17T16:38:04.694437+00:00
8583,INPROC_611ADC,1,10,team2,Team 2 (E/W),43,77,10,♦,finished,2026-05-17T16:38:04.710590+00:00
8584,INPROC_C57DB6,1,10,team2,Team 2 (E/W),11,109,12,♦,finished,2026-05-17T16:38:04.725782+00:00
8585,INPROC_7DA794,1,10,team2,Team 2 (E/W),33,87,30,♠,finished,2026-05-17T16:38:04.741500+00:00
8586,INPROC_BBF492,1,10,team2,Team 2 (E/W),55,65,12,♦,finished,2026-05-17T16:38:04.758723+00:00
8587,INPROC_F23C9A,1,10,team2,Team 2 (E/W),39,81,23,♥,finished,2026-05-17T16:38:04.775418+00:00
8588,INPROC_458846,1,10,team1,Team 1 (N/S),111,9,36,♠,finished,2026-05-17T16:38:04.790925+00:00
8589,INPROC_5A1E41,1,10,team1,Team 1 (N/S),105,15,16,♦,finished,2026-05-17T16:38:04.806175+00:00
8590,INPROC_393D02,1,10,team1,Team 1 (N/S),61,59,14,♦,finished,2026-05-17T16:38:04.822711+00:00
8591,INPROC_8718F6,1,10,team2,Team 2 (E/W),57,63,23,♥,finished,2026-05-17T16:38:04.834658+00:00
8592,INPROC_240623,1,10,team1,Team 1 (N/S),117,3,3,♣,finished,2026-05-17T16:38:04.849970+00:00
8593,INPROC_D05582,1,10,team2,Team 2 (E/W),48,72,32,♠,finished,2026-05-17T16:38:04.864436+00:00
8594,INPROC_2B56F8,1,10,team1,Team 1 (N/S),75,45,31,♠,finished,2026-05-17T16:38:04.879841+00:00
8595,INPROC_8F2BAC,1,10,team2,Team 2 (E/W),59,61,25,♥,finished,2026-05-17T16:38:04.891634+00:00
8596,INPROC_8EBDA9,1,10,team2,Team 2 (E/W),53,67,13,♦,finished,2026-05-17T16:38:04.906207+00:00
8597,INPROC_68E0C5,1,10,team1,Team 1 (N/S),64,56,13,♦,finished,2026-05-17T16:38:04.921173+00:00
8598,INPROC_1E21B8,1,10,team1,Team 1 (N/S),68,52,26,♥,finished,2026-05-17T16:38:04.937447+00:00
8599,INPROC_2A0445,1,10,team1,Team 1 (N/S),61,59,19,♦,finished,2026-05-17T16:38:04.955305+00:00
8600,INPROC_E249F9,1,10,team1,Team 1 (N/S),80,40,36,♠,finished,2026-05-17T16:38:04.972383+00:00
8601,INPROC_43F3F8,1,10,team1,Team 1 (N/S),98,22,16,♦,finished,2026-05-17T16:38:04.988257+00:00
8602,INPROC_391B26,1,10,team1,Team 1 (N/S),100,20,3,♣,finished,2026-05-17T16:38:05.004991+00:00
8603,INPROC_8595C4,1,10,team2,Team 2 (E/W),58,62,27,♥,finished,2026-05-17T16:38:05.021254+00:00
8604,INPROC_D17B67,1,10,team2,Team 2 (E/W),58,62,0,♣,finished,2026-05-17T16:38:05.035410+00:00
8605,INPROC_383BF5,1,10,team1,Team 1 (N/S),101,19,32,♠,finished,2026-05-17T16:38:05.052737+00:00
8606,INPROC_DC9DBE,1,10,team1,Team 1 (N/S),81,39,15,♦,finished,2026-05-17T16:38:05.069963+00:00
8607,INPROC_C42C12,1,10,team2,Team 2 (E/W),38,82,22,♥,finished,2026-05-17T16:38:05.085933+00:00
8608,INPROC_9178C0,1,10,team1,Team 1 (N/S),65,55,16,♦,finished,2026-05-17T16:38:05.102055+00:00
8609,INPROC_27FDA5,1,10,team2,Team 2 (E/W),28,92,34,♠,finished,2026-05-17T16:38:05.116281+00:00
8610,INPROC_B302E9,1,10,team1,Team 1 (N/S),73,47,19,♦,finished,2026-05-17T16:38:05.131049+00:00
8611,INPROC_5B121C,1,10,team2,Team 2 (E/W),38,82,20,♥,finished,2026-05-17T16:38:05.144517+00:00
8612,INPROC_BEE015,1,10,team1,Team 1 (N/S),93,27,6,♣,finished,2026-05-17T16:38:05.159872+00:00
8613,INPROC_4B6950,1,10,team1,Team 1 (N/S),83,37,6,♣,finished,2026-05-17T16:38:05.175664+00:00
8614,INPROC_22C122,1,10,team1,Team 1 (N/S),80,40,32,♠,finished,2026-05-17T16:38:05.195202+00:00
8615,INPROC_209EAD,1,10,team2,Team 2 (E/W),30,90,6,♣,finished,2026-05-17T16:38:05.212761+00:00
8616,INPROC_7868D7,1,10,team1,Team 1 (N/S),87,33,25,♥,finished,2026-05-17T16:38:05.228255+00:00
8617,INPROC_AF123F,1,10,team2,Team 2 (E/W),57,63,29,♥,finished,2026-05-17T16:38:05.241032+00:00
8618,INPROC_CDA2E3,1,10,team1,Team 1 (N/S),76,44,1,♣,finished,2026-05-17T16:38:05.258024+00:00
8619,INPROC_DCE80A,1,10,team2,Team 2 (E/W),51,69,9,♣,finished,2026-05-17T16:38:05.273706+00:00
8620,INPROC_353EF8,1,10,team2,Team 2 (E/W),30,90,33,♠,finished,2026-05-17T16:38:05.286996+00:00
8621,INPROC_222964,1,10,team1,Team 1 (N/S),103,17,7,♣,finished,2026-05-17T16:38:05.302765+00:00
8622,INPROC_06D729,1,10,team1,Team 1 (N/S),100,20,21,♥,finished,2026-05-17T16:38:05.319521+00:00
8623,INPROC_08B1CE,1,10,team2,Team 2 (E/W),42,78,36,♠,finished,2026-05-17T16:38:05.334539+00:00
8624,INPROC_AEBB6F,1,10,team2,Team 2 (E/W),37,83,29,♥,finished,2026-05-17T16:38:05.352852+00:00
8625,INPROC_E2D17C,1,10,team2,Team 2 (E/W),37,83,32,♠,finished,2026-05-17T16:38:05.369005+00:00
8626,INPROC_948AFE,1,10,team2,Team 2 (E/W),47,73,8,♣,finished,2026-05-17T16:38:05.385178+00:00
8627,INPROC_106291,1,10,team2,Team 2 (E/W),40,80,9,♣,finished,2026-05-17T16:38:05.400002+00:00
8628,INPROC_190D84,1,10,team2,Team 2 (E/W),53,67,23,♥,finished,2026-05-17T16:38:05.415510+00:00
8629,INPROC_5B1106,1,10,team2,Team 2 (E/W),45,75,38,♠,finished,2026-05-17T16:38:05.431897+00:00
8630,INPROC_81ABE8,1,10,team1,Team 1 (N/S),62,58,11,♦,finished,2026-05-17T16:38:05.447917+00:00
8631,INPROC_4C9E90,1,10,team2,Team 2 (E/W),31,89,7,♣,finished,2026-05-17T16:38:05.463825+00:00
8632,INPROC_C5273D,1,10,team2,Team 2 (E/W),51,69,10,♦,finished,2026-05-17T16:38:05.477459+00:00
8633,INPROC_A27990,1,10,team2,Team 2 (E/W),40,80,37,♠,finished,2026-05-17T16:38:05.493439+00:00
8634,INPROC_9D63DA,1,10,team2,Team 2 (E/W),59,61,5,♣,finished,2026-05-17T16:38:05.508406+00:00
8635,INPROC_9BD883,1,10,team1,Team 1 (N/S),75,45,14,♦,finished,2026-05-17T16:38:05.523533+00:00
8636,INPROC_424FC0,1,10,team1,Team 1 (N/S),67,53,13,♦,finished,2026-05-17T16:38:05.539434+00:00
8637,INPROC_44375B,1,10,team1,Team 1 (N/S),96,24,10,♦,finished,2026-05-17T16:38:05.556319+00:00
8638,INPROC_BBF6FF,1,10,team2,Team 2 (E/W),26,94,18,♦,finished,2026-05-17T16:38:05.572423+00:00
8639,INPROC_6F3600,1,10,team2,Team 2 (E/W),32,88,15,♦,finished,2026-05-17T16:38:05.587737+00:00
8640,INPROC_5792C9,1,10,team2,Team 2 (E/W),31,89,34,♠,finished,2026-05-17T16:38:05.603054+00:00
8641,INPROC_D2DDE7,1,10,team2,Team 2 (E/W),39,81,24,♥,finished,2026-05-17T16:38:05.617396+00:00
8642,INPROC_79AC80,1,10,team2,Team 2 (E/W),27,93,5,♣,finished,2026-05-17T16:38:05.633752+00:00
8643,INPROC_65630C,1,10,team1,Team 1 (N/S),71,49,38,♠,finished,2026-05-17T16:38:05.649873+00:00
8644,INPROC_C5754C,1,10,draw,draw,60,60,37,♠,finished,2026-05-17T16:38:05.666490+00:00
8645,INPROC_DC84DD,1,10,team2,Team 2 (E/W),21,99,35,♠,finished,2026-05-17T16:38:05.683091+00:00
8646,INPROC_9F5D75,1,10,team1,Team 1 (N/S),100,20,21,♥,finished,2026-05-17T16:38:05.701286+00:00
8647,INPROC_E92551,1,10,team1,Team 1 (N/S),94,26,12,♦,finished,2026-05-17T16:38:05.717347+00:00
8648,INPROC_49E805,1,10,team1,Team 1 (N/S),74,46,39,♠,finished,2026-05-17T16:38:05.732881+00:00
8649,INPROC_E51221,1,10,team2,Team 2 (E/W),17,103,34,♠,finished,2026-05-17T16:38:05.748597+00:00
8650,INPROC_BDDA91,1,10,team2,Team 2 (E/W),29,91,32,♠,finished,2026-05-17T16:38:05.764333+00:00
8651,INPROC_58822F,1,10,team1,Team 1 (N/S),69,51,14,♦,finished,2026-05-17T16:38:05.778771+00:00
8652,INPROC_6955D5,1,10,team1,Team 1 (N/S),78,42,14,♦,finished,2026-05-17T16:38:05.793982+00:00
8653,INPROC_574AEB,1,10,team1,Team 1 (N/S),101,19,34,♠,finished,2026-05-17T16:38:05.809557+00:00
8654,INPROC_7DB6B9,1,10,team1,Team 1 (N/S),85,35,36,♠,finished,2026-05-17T16:38:05.828087+00:00
8655,INPROC_1DE944,1,10,team1,Team 1 (N/S),61,59,12,♦,finished,2026-05-17T16:38:05.843247+00:00
8656,INPROC_BC0E79,1,10,team2,Team 2 (E/W),27,93,1,♣,finished,2026-05-17T16:38:05.859408+00:00
8657,INPROC_44B990,1,10,team2,Team 2 (E/W),59,61,38,♠,finished,2026-05-17T16:38:05.875340+00:00
8658,INPROC_ACBD15,1,10,team2,Team 2 (E/W),46,74,29,♥,finished,2026-05-17T16:38:05.891210+00:00
8659,INPROC_FB1906,1,10,team1,Team 1 (N/S),78,42,28,♥,finished,2026-05-17T16:38:05.909034+00:00
8660,INPROC_E4F47C,1,10,draw,draw,60,60,3,♣,finished,2026-05-17T16:38:05.923840+00:00
8661,INPROC_4FCEF9,1,10,team1,Team 1 (N/S),95,25,27,♥,finished,2026-05-17T16:38:05.938487+00:00
8662,INPROC_7033BB,1,10,team2,Team 2 (E/W),41,79,21,♥,finished,2026-05-17T16:38:05.953826+00:00
8663,INPROC_1FEDDE,1,10,team1,Team 1 (N/S),80,40,34,♠,finished,2026-05-17T16:38:05.970615+00:00
8664,INPROC_088C60,1,10,team2,Team 2 (E/W),31,89,17,♦,finished,2026-05-17T16:38:05.986930+00:00
8665,INPROC_8ED087,1,10,team2,Team 2 (E/W),41,79,2,♣,finished,2026-05-17T16:38:06.002977+00:00
8666,INPROC_24F554,1,10,team1,Team 1 (N/S),72,48,31,♠,finished,2026-05-17T16:38:06.020598+00:00
8667,INPROC_2A91F1,1,10,team2,Team 2 (E/W),2,118,29,♥,finished,2026-05-17T16:38:06.038777+00:00
8668,INPROC_54F702,1,10,team2,Team 2 (E/W),43,77,18,♦,finished,2026-05-17T16:38:06.051540+00:00
8669,INPROC_05123C,1,10,team1,Team 1 (N/S),71,49,37,♠,finished,2026-05-17T16:38:06.066761+00:00
8670,INPROC_503194,1,10,team1,Team 1 (N/S),106,14,8,♣,finished,2026-05-17T16:38:06.081042+00:00
8671,INPROC_B6C305,1,10,team1,Team 1 (N/S),82,38,26,♥,finished,2026-05-17T16:38:06.096418+00:00
8672,INPROC_C84FBF,1,10,team2,Team 2 (E/W),45,75,14,♦,finished,2026-05-17T16:38:06.112205+00:00
8673,INPROC_525BC1,1,10,team1,Team 1 (N/S),120,0,30,♠,finished,2026-05-17T16:38:06.126095+00:00
8674,INPROC_EADB6D,1,10,team1,Team 1 (N/S),92,28,7,♣,finished,2026-05-17T16:38:06.142260+00:00
8675,INPROC_197642,1,10,team2,Team 2 (E/W),55,65,31,♠,finished,2026-05-17T16:38:06.158593+00:00
8676,INPROC_7E8D0B,1,10,team1,Team 1 (N/S),78,42,38,♠,finished,2026-05-17T16:38:06.176993+00:00
8677,INPROC_F4ED74,1,10,team2,Team 2 (E/W),33,87,30,♠,finished,2026-05-17T16:38:06.194621+00:00
8678,INPROC_9F4469,1,10,team1,Team 1 (N/S),77,43,28,♥,finished,2026-05-17T16:38:06.210256+00:00
8679,INPROC_5CF251,1,10,team2,Team 2 (E/W),38,82,19,♦,finished,2026-05-17T16:38:06.224877+00:00
8680,INPROC_415319,1,10,team1,Team 1 (N/S),70,50,18,♦,finished,2026-05-17T16:38:06.240593+00:00
8681,INPROC_8BBB87,1,10,team1,Team 1 (N/S),70,50,20,♥,finished,2026-05-17T16:38:06.256610+00:00
8682,INPROC_5B9726,1,10,team1,Team 1 (N/S),64,56,15,♦,finished,2026-05-17T16:38:06.273358+00:00
8683,INPROC_AA8904,1,10,team1,Team 1 (N/S),75,45,4,♣,finished,2026-05-17T16:38:06.287122+00:00
8684,INPROC_DAB808,1,10,team2,Team 2 (E/W),31,89,24,♥,finished,2026-05-17T16:38:06.300377+00:00
8685,INPROC_3C485C,1,10,team2,Team 2 (E/W),58,62,8,♣,finished,2026-05-17T16:38:06.315545+00:00
8686,INPROC_779E89,1,10,team2,Team 2 (E/W),49,71,35,♠,finished,2026-05-17T16:38:06.331224+00:00
8687,INPROC_87B6DC,1,10,team1,Team 1 (N/S),62,58,32,♠,finished,2026-05-17T16:38:06.346484+00:00
8688,INPROC_ABF61F,1,10,team2,Team 2 (E/W),50,70,24,♥,finished,2026-05-17T16:38:06.360664+00:00
8689,INPROC_71984C,1,10,team1,Team 1 (N/S),67,53,33,♠,finished,2026-05-17T16:38:06.378357+00:00
8690,INPROC_76FC72,1,10,team2,Team 2 (E/W),22,98,22,♥,finished,2026-05-17T16:38:06.395506+00:00
8691,INPROC_522997,1,10,team1,Team 1 (N/S),108,12,4,♣,finished,2026-05-17T16:38:06.412356+00:00
8692,INPROC_2508E4,1,10,team2,Team 2 (E/W),46,74,1,♣,finished,2026-05-17T16:38:06.428136+00:00
8693,INPROC_352E65,1,10,team1,Team 1 (N/S),112,8,25,♥,finished,2026-05-17T16:38:06.444366+00:00
8694,INPROC_C8E058,1,10,team1,Team 1 (N/S),61,59,39,♠,finished,2026-05-17T16:38:06.459645+00:00
8695,INPROC_440B52,1,10,team2,Team 2 (E/W),52,68,13,♦,finished,2026-05-17T16:38:06.476399+00:00
8696,INPROC_0D49A2,1,10,team1,Team 1 (N/S),97,23,14,♦,finished,2026-05-17T16:38:06.492562+00:00
8697,INPROC_BD0DBB,1,10,team2,Team 2 (E/W),49,71,32,♠,finished,2026-05-17T16:38:06.509540+00:00
8698,INPROC_2CC3D7,1,10,team2,Team 2 (E/W),51,69,24,♥,finished,2026-05-17T16:38:06.526280+00:00
8699,INPROC_658179,1,10,team2,Team 2 (E/W),23,97,30,♠,finished,2026-05-17T16:38:06.544363+00:00
8700,INPROC_C6859C,1,10,team2,Team 2 (E/W),28,92,26,♥,finished,2026-05-17T16:38:06.560758+00:00
8701,INPROC_19D520,1,10,team2,Team 2 (E/W),32,88,2,♣,finished,2026-05-17T16:38:06.576572+00:00
8702,INPROC_CBC546,1,10,team1,Team 1 (N/S),63,57,37,♠,finished,2026-05-17T16:38:06.592174+00:00
8703,INPROC_30D410,1,10,team2,Team 2 (E/W),59,61,18,♦,finished,2026-05-17T16:38:06.607553+00:00
8704,INPROC_36558F,1,10,team1,Team 1 (N/S),116,4,8,♣,finished,2026-05-17T16:38:06.622089+00:00
8705,INPROC_C4FAF0,1,10,team1,Team 1 (N/S),62,58,39,♠,finished,2026-05-17T16:38:06.637412+00:00
8706,INPROC_C7FFB1,1,10,team2,Team 2 (E/W),41,79,39,♠,finished,2026-05-17T16:38:06.653165+00:00
8707,INPROC_833C72,1,10,team1,Team 1 (N/S),83,37,20,♥,finished,2026-05-17T16:38:06.668355+00:00
8708,INPROC_CBDE64,1,10,team2,Team 2 (E/W),42,78,1,♣,finished,2026-05-17T16:38:06.684274+00:00
8709,INPROC_537AC9,1,10,team2,Team 2 (E/W),50,70,19,♦,finished,2026-05-17T16:38:06.699511+00:00
8710,INPROC_C72E1B,1,10,team2,Team 2 (E/W),39,81,6,♣,finished,2026-05-17T16:38:06.717121+00:00
8711,INPROC_067D03,1,10,team2,Team 2 (E/W),36,84,19,♦,finished,2026-05-17T16:38:06.731999+00:00
8712,INPROC_D754CA,1,10,team1,Team 1 (N/S),80,40,12,♦,finished,2026-05-17T16:38:06.746447+00:00
8713,INPROC_8371A6,1,10,team2,Team 2 (E/W),30,90,39,♠,finished,2026-05-17T16:38:06.761688+00:00
8714,INPROC_6870F9,1,10,team2,Team 2 (E/W),33,87,7,♣,finished,2026-05-17T16:38:06.778089+00:00
8715,INPROC_7B251B,1,10,team1,Team 1 (N/S),74,46,8,♣,finished,2026-05-17T16:38:06.795286+00:00
8716,INPROC_D3DFCD,1,10,team2,Team 2 (E/W),45,75,37,♠,finished,2026-05-17T16:38:06.810561+00:00
8717,INPROC_A6DAD5,1,10,draw,draw,60,60,31,♠,finished,2026-05-17T16:38:06.824276+00:00
8718,INPROC_D50F1F,1,10,team1,Team 1 (N/S),88,32,33,♠,finished,2026-05-17T16:38:06.838448+00:00
8719,INPROC_43B99D,1,10,team2,Team 2 (E/W),19,101,3,♣,finished,2026-05-17T16:38:06.854954+00:00
8720,INPROC_2B7A1D,1,10,team2,Team 2 (E/W),25,95,9,♣,finished,2026-05-17T16:38:06.873197+00:00
8721,INPROC_3569AD,1,10,team2,Team 2 (E/W),25,95,1,♣,finished,2026-05-17T16:38:06.891752+00:00
8722,INPROC_6BFBDF,1,10,team1,Team 1 (N/S),72,48,11,♦,finished,2026-05-17T16:38:06.909106+00:00
8723,INPROC_47AD58,1,10,team1,Team 1 (N/S),72,48,21,♥,finished,2026-05-17T16:38:06.923086+00:00
8724,INPROC_AA40E2,1,10,team1,Team 1 (N/S),90,30,11,♦,finished,2026-05-17T16:38:06.936657+00:00
8725,INPROC_0A6B4D,1,10,team1,Team 1 (N/S),71,49,11,♦,finished,2026-05-17T16:38:06.951692+00:00
8726,INPROC_B7415C,1,10,team2,Team 2 (E/W),45,75,34,♠,finished,2026-05-17T16:38:06.965027+00:00
8727,INPROC_1E7F05,1,10,team2,Team 2 (E/W),38,82,34,♠,finished,2026-05-17T16:38:06.976624+00:00
8728,INPROC_2C05AB,1,10,team2,Team 2 (E/W),7,113,18,♦,finished,2026-05-17T16:38:06.992270+00:00
8729,INPROC_A681C9,1,10,team2,Team 2 (E/W),15,105,2,♣,finished,2026-05-17T16:38:07.006854+00:00
8730,INPROC_ADE8ED,1,10,team2,Team 2 (E/W),59,61,28,♥,finished,2026-05-17T16:38:07.022529+00:00
8731,INPROC_049922,1,10,team1,Team 1 (N/S),62,58,2,♣,finished,2026-05-17T16:38:07.037417+00:00
8732,INPROC_9A8708,1,10,team1,Team 1 (N/S),76,44,34,♠,finished,2026-05-17T16:38:07.053007+00:00
8733,INPROC_C89E10,1,10,team2,Team 2 (E/W),18,102,17,♦,finished,2026-05-17T16:38:07.069268+00:00
8734,INPROC_F2C96E,1,10,team1,Team 1 (N/S),62,58,3,♣,finished,2026-05-17T16:38:07.086400+00:00
8735,INPROC_E4F113,1,10,team2,Team 2 (E/W),37,83,1,♣,finished,2026-05-17T16:38:07.103276+00:00
8736,INPROC_BD0EB1,1,10,team2,Team 2 (E/W),47,73,4,♣,finished,2026-05-17T16:38:07.121521+00:00
8737,INPROC_87C35D,1,10,team2,Team 2 (E/W),58,62,2,♣,finished,2026-05-17T16:38:07.136864+00:00
8738,INPROC_D5094E,1,10,team2,Team 2 (E/W),44,76,3,♣,finished,2026-05-17T16:38:07.155743+00:00
8739,INPROC_2025BB,1,10,team2,Team 2 (E/W),26,94,4,♣,finished,2026-05-17T16:38:07.173133+00:00
8740,INPROC_7830E5,1,10,team2,Team 2 (E/W),49,71,6,♣,finished,2026-05-17T16:38:07.189729+00:00
8741,INPROC_AEC86F,1,10,team1,Team 1 (N/S),81,39,38,♠,finished,2026-05-17T16:38:07.206311+00:00
8742,INPROC_04AE0D,1,10,team2,Team 2 (E/W),56,64,31,♠,finished,2026-05-17T16:38:07.220809+00:00
8743,INPROC_767510,1,10,team1,Team 1 (N/S),61,59,14,♦,finished,2026-05-17T16:38:07.237965+00:00
8744,INPROC_1ED736,1,10,team1,Team 1 (N/S),83,37,37,♠,finished,2026-05-17T16:38:07.253019+00:00
8745,INPROC_E332D0,1,10,team2,Team 2 (E/W),47,73,27,♥,finished,2026-05-17T16:38:07.268954+00:00
8746,INPROC_38BCD6,1,10,team2,Team 2 (E/W),46,74,19,♦,finished,2026-05-17T16:38:07.284092+00:00
8747,INPROC_3757CE,1,10,team2,Team 2 (E/W),16,104,17,♦,finished,2026-05-17T16:38:07.301154+00:00
8748,INPROC_E8D060,1,10,team1,Team 1 (N/S),67,53,22,♥,finished,2026-05-17T16:38:07.316602+00:00
8749,INPROC_F59473,1,10,team1,Team 1 (N/S),74,46,30,♠,finished,2026-05-17T16:38:07.333706+00:00
8750,INPROC_6772C9,1,10,team1,Team 1 (N/S),69,51,34,♠,finished,2026-05-17T16:38:07.352318+00:00
8751,INPROC_9E6EB8,1,10,team1,Team 1 (N/S),70,50,12,♦,finished,2026-05-17T16:38:07.368564+00:00
8752,INPROC_14AF02,1,10,team2,Team 2 (E/W),30,90,7,♣,finished,2026-05-17T16:38:07.384001+00:00
8753,INPROC_E29159,1,10,team1,Team 1 (N/S),82,38,14,♦,finished,2026-05-17T16:38:07.402230+00:00
8754,INPROC_953FBC,1,10,team1,Team 1 (N/S),90,30,7,♣,finished,2026-05-17T16:38:07.418629+00:00
8755,INPROC_209AD2,1,10,team1,Team 1 (N/S),114,6,1,♣,finished,2026-05-17T16:38:07.436617+00:00
8756,INPROC_247CE7,1,10,team2,Team 2 (E/W),45,75,8,♣,finished,2026-05-17T16:38:07.452311+00:00
8757,INPROC_AAFD62,1,10,team2,Team 2 (E/W),41,79,32,♠,finished,2026-05-17T16:38:07.468477+00:00
8758,INPROC_8D0BDC,1,10,team1,Team 1 (N/S),75,45,20,♥,finished,2026-05-17T16:38:07.484312+00:00
8759,INPROC_5BA9D2,1,10,team2,Team 2 (E/W),37,83,27,♥,finished,2026-05-17T16:38:07.500897+00:00
8760,INPROC_AE73A1,1,10,team2,Team 2 (E/W),25,95,20,♥,finished,2026-05-17T16:38:07.516665+00:00
8761,INPROC_18C77F,1,10,team1,Team 1 (N/S),91,29,0,♣,finished,2026-05-17T16:38:07.534718+00:00
8762,INPROC_677959,1,10,team2,Team 2 (E/W),27,93,7,♣,finished,2026-05-17T16:38:07.552703+00:00
8763,INPROC_E8D36F,1,10,team1,Team 1 (N/S),79,41,18,♦,finished,2026-05-17T16:38:07.568186+00:00
8764,INPROC_8F7480,1,10,team1,Team 1 (N/S),73,47,22,♥,finished,2026-05-17T16:38:07.581209+00:00
8765,INPROC_B1DF68,1,10,team2,Team 2 (E/W),15,105,32,♠,finished,2026-05-17T16:38:07.597308+00:00
8766,INPROC_448571,1,10,team2,Team 2 (E/W),54,66,39,♠,finished,2026-05-17T16:38:07.610893+00:00
8767,INPROC_741F88,1,10,team1,Team 1 (N/S),64,56,6,♣,finished,2026-05-17T16:38:07.622045+00:00
8768,INPROC_8E2185,1,10,team2,Team 2 (E/W),56,64,3,♣,finished,2026-05-17T16:38:07.636186+00:00
8769,INPROC_EB15E1,1,10,team2,Team 2 (E/W),58,62,19,♦,finished,2026-05-17T16:38:07.647946+00:00
8770,INPROC_1EC62D,1,10,team1,Team 1 (N/S),76,44,5,♣,finished,2026-05-17T16:38:07.658339+00:00
8771,INPROC_10D9EF,1,10,team1,Team 1 (N/S),82,38,17,♦,finished,2026-05-17T16:38:07.675216+00:00
8772,INPROC_57593C,1,10,team1,Team 1 (N/S),66,54,26,♥,finished,2026-05-17T16:38:07.702404+00:00
8773,INPROC_043298,1,10,team1,Team 1 (N/S),100,20,14,♦,finished,2026-05-17T16:38:07.720300+00:00
8774,INPROC_726555,1,10,team1,Team 1 (N/S),71,49,6,♣,finished,2026-05-17T16:38:07.742122+00:00
8775,INPROC_F8ECD8,1,10,team1,Team 1 (N/S),64,56,25,♥,finished,2026-05-17T16:38:07.754281+00:00
8776,INPROC_ADD86A,1,10,team1,Team 1 (N/S),71,49,26,♥,finished,2026-05-17T16:38:07.770976+00:00
8777,INPROC_5B6819,1,10,team1,Team 1 (N/S),65,55,32,♠,finished,2026-05-17T16:38:07.786263+00:00
8778,INPROC_758E6C,1,10,team2,Team 2 (E/W),58,62,21,♥,finished,2026-05-17T16:38:07.803415+00:00
8779,INPROC_2518D7,1,10,team1,Team 1 (N/S),93,27,38,♠,finished,2026-05-17T16:38:07.818488+00:00
8780,INPROC_F34BF8,1,10,team2,Team 2 (E/W),34,86,31,♠,finished,2026-05-17T16:38:07.835874+00:00
8781,INPROC_3E67BE,1,10,team2,Team 2 (E/W),59,61,16,♦,finished,2026-05-17T16:38:07.851610+00:00
8782,INPROC_CB97E3,1,10,team2,Team 2 (E/W),58,62,33,♠,finished,2026-05-17T16:38:07.867627+00:00
8783,INPROC_EC6F4B,1,10,team2,Team 2 (E/W),49,71,31,♠,finished,2026-05-17T16:38:07.884004+00:00
8784,INPROC_F2E66F,1,10,team2,Team 2 (E/W),56,64,3,♣,finished,2026-05-17T16:38:07.898974+00:00
8785,INPROC_184761,1,10,team1,Team 1 (N/S),86,34,12,♦,finished,2026-05-17T16:38:07.912266+00:00
8786,INPROC_DAAFFD,1,10,team2,Team 2 (E/W),53,67,24,♥,finished,2026-05-17T16:38:07.927631+00:00
8787,INPROC_54CA0E,1,10,team1,Team 1 (N/S),80,40,1,♣,finished,2026-05-17T16:38:07.943873+00:00
8788,INPROC_692A15,1,10,team1,Team 1 (N/S),93,27,38,♠,finished,2026-05-17T16:38:07.959058+00:00
8789,INPROC_7A0514,1,10,team2,Team 2 (E/W),46,74,16,♦,finished,2026-05-17T16:38:07.974401+00:00
8790,INPROC_6455AB,1,10,team2,Team 2 (E/W),54,66,37,♠,finished,2026-05-17T16:38:07.988181+00:00
8791,INPROC_1A715A,1,10,team2,Team 2 (E/W),14,106,27,♥,finished,2026-05-17T16:38:08.005536+00:00
8792,INPROC_2D34B7,1,10,team2,Team 2 (E/W),30,90,37,♠,finished,2026-05-17T16:38:08.017414+00:00
8793,INPROC_A2CC40,1,10,team1,Team 1 (N/S),62,58,18,♦,finished,2026-05-17T16:38:08.033952+00:00
8794,INPROC_A50FC2,1,10,team2,Team 2 (E/W),58,62,20,♥,finished,2026-05-17T16:38:08.049755+00:00
8795,INPROC_8B59D4,1,10,team1,Team 1 (N/S),70,50,24,♥,finished,2026-05-17T16:38:08.064189+00:00
8796,INPROC_E1137E,1,10,team2,Team 2 (E/W),46,74,26,♥,finished,2026-05-17T16:38:08.079147+00:00
8797,INPROC_53B685,1,10,team1,Team 1 (N/S),79,41,36,♠,finished,2026-05-17T16:38:08.094370+00:00
8798,INPROC_7B1A4A,1,10,team2,Team 2 (E/W),22,98,9,♣,finished,2026-05-17T16:38:08.109905+00:00
8799,INPROC_CE8789,1,10,team2,Team 2 (E/W),43,77,39,♠,finished,2026-05-17T16:38:08.125295+00:00
8800,INPROC_DDD209,1,10,team1,Team 1 (N/S),93,27,3,♣,finished,2026-05-17T16:38:08.141152+00:00
8801,INPROC_DD594C,1,10,team2,Team 2 (E/W),28,92,26,♥,finished,2026-05-17T16:38:08.155302+00:00
8802,INPROC_3F51F8,1,10,team1,Team 1 (N/S),65,55,0,♣,finished,2026-05-17T16:38:08.172072+00:00
8803,INPROC_CEAE23,1,10,team1,Team 1 (N/S),104,16,23,♥,finished,2026-05-17T16:38:08.185746+00:00
8804,INPROC_1D0341,1,10,team2,Team 2 (E/W),38,82,26,♥,finished,2026-05-17T16:38:08.199679+00:00
8805,INPROC_D49420,1,10,team1,Team 1 (N/S),78,42,23,♥,finished,2026-05-17T16:38:08.216141+00:00
8806,INPROC_FB8E19,1,10,team1,Team 1 (N/S),75,45,6,♣,finished,2026-05-17T16:38:08.230209+00:00
8807,INPROC_7035DA,1,10,team2,Team 2 (E/W),32,88,15,♦,finished,2026-05-17T16:38:08.245400+00:00
8808,INPROC_099C75,1,10,team1,Team 1 (N/S),64,56,6,♣,finished,2026-05-17T16:38:08.260723+00:00
8809,INPROC_AF0338,1,10,team2,Team 2 (E/W),43,77,28,♥,finished,2026-05-17T16:38:08.277062+00:00
8810,INPROC_5E123A,1,10,team1,Team 1 (N/S),93,27,32,♠,finished,2026-05-17T16:38:08.293790+00:00
8811,INPROC_71F918,1,10,team2,Team 2 (E/W),46,74,17,♦,finished,2026-05-17T16:38:08.309679+00:00
8812,INPROC_DD4F9C,1,10,team2,Team 2 (E/W),57,63,8,♣,finished,2026-05-17T16:38:08.325106+00:00
8813,INPROC_62D3E4,1,10,team2,Team 2 (E/W),25,95,27,♥,finished,2026-05-17T16:38:08.337218+00:00
8814,INPROC_00425E,1,10,team2,Team 2 (E/W),54,66,37,♠,finished,2026-05-17T16:38:08.352953+00:00
8815,INPROC_F06C18,1,10,team1,Team 1 (N/S),66,54,6,♣,finished,2026-05-17T16:38:08.368323+00:00
8816,INPROC_F1AF55,1,10,team1,Team 1 (N/S),117,3,32,♠,finished,2026-05-17T16:38:08.382479+00:00
8817,INPROC_93EAAC,1,10,team1,Team 1 (N/S),108,12,8,♣,finished,2026-05-17T16:38:08.398596+00:00
8818,INPROC_F59E80,1,10,team1,Team 1 (N/S),69,51,39,♠,finished,2026-05-17T16:38:08.416437+00:00
8819,INPROC_BD1438,1,10,team1,Team 1 (N/S),67,53,10,♦,finished,2026-05-17T16:38:08.435016+00:00
8820,INPROC_02D1A2,1,10,team2,Team 2 (E/W),30,90,6,♣,finished,2026-05-17T16:38:08.452700+00:00
8821,INPROC_27F9BE,1,10,team1,Team 1 (N/S),71,49,2,♣,finished,2026-05-17T16:38:08.470113+00:00
8822,INPROC_594503,1,10,team1,Team 1 (N/S),89,31,38,♠,finished,2026-05-17T16:38:08.487169+00:00
8823,INPROC_ACC48F,1,10,team2,Team 2 (E/W),36,84,38,♠,finished,2026-05-17T16:38:08.504600+00:00
8824,INPROC_8C7705,1,10,team2,Team 2 (E/W),30,90,9,♣,finished,2026-05-17T16:38:08.520956+00:00
8825,INPROC_1E4107,1,10,team1,Team 1 (N/S),74,46,37,♠,finished,2026-05-17T16:38:08.536338+00:00
8826,INPROC_1AD8C2,1,10,team2,Team 2 (E/W),30,90,26,♥,finished,2026-05-17T16:38:08.555199+00:00
8827,INPROC_D94065,1,10,team2,Team 2 (E/W),30,90,30,♠,finished,2026-05-17T16:38:08.571483+00:00
8828,INPROC_26FFEE,1,10,team2,Team 2 (E/W),31,89,29,♥,finished,2026-05-17T16:38:08.591036+00:00
8829,INPROC_A8E8F9,1,10,team2,Team 2 (E/W),55,65,31,♠,finished,2026-05-17T16:38:08.607112+00:00
8830,INPROC_F9AEF0,1,10,team1,Team 1 (N/S),78,42,38,♠,finished,2026-05-17T16:38:08.622056+00:00
8831,INPROC_001047,1,10,team2,Team 2 (E/W),32,88,13,♦,finished,2026-05-17T16:38:08.635240+00:00
8832,INPROC_E20B80,1,10,team1,Team 1 (N/S),95,25,8,♣,finished,2026-05-17T16:38:08.651182+00:00
8833,INPROC_D9E948,1,10,team1,Team 1 (N/S),100,20,29,♥,finished,2026-05-17T16:38:08.667159+00:00
8834,INPROC_F753AD,1,10,team2,Team 2 (E/W),50,70,1,♣,finished,2026-05-17T16:38:08.683685+00:00
8835,INPROC_CEC994,1,10,team1,Team 1 (N/S),88,32,34,♠,finished,2026-05-17T16:38:08.698292+00:00
8836,INPROC_0E9D6B,1,10,team2,Team 2 (E/W),39,81,24,♥,finished,2026-05-17T16:38:08.716860+00:00
8837,INPROC_B70081,1,10,team2,Team 2 (E/W),17,103,36,♠,finished,2026-05-17T16:38:08.735118+00:00
8838,INPROC_44E9B2,1,10,team1,Team 1 (N/S),87,33,6,♣,finished,2026-05-17T16:38:08.751221+00:00
8839,INPROC_46E2C8,1,10,team2,Team 2 (E/W),12,108,28,♥,finished,2026-05-17T16:38:08.766633+00:00
8840,INPROC_377064,1,10,team2,Team 2 (E/W),43,77,30,♠,finished,2026-05-17T16:38:08.781192+00:00
8841,INPROC_07CCFD,1,10,team1,Team 1 (N/S),71,49,27,♥,finished,2026-05-17T16:38:08.799993+00:00
8842,INPROC_463C3E,1,10,team1,Team 1 (N/S),69,51,34,♠,finished,2026-05-17T16:38:08.819326+00:00
8843,INPROC_CBB259,1,10,team2,Team 2 (E/W),29,91,9,♣,finished,2026-05-17T16:38:08.838316+00:00
8844,INPROC_421972,1,10,team2,Team 2 (E/W),44,76,18,♦,finished,2026-05-17T16:38:08.851441+00:00
8845,INPROC_C8DF81,1,10,team1,Team 1 (N/S),80,40,1,♣,finished,2026-05-17T16:38:08.865566+00:00
8846,INPROC_88DC99,1,10,team1,Team 1 (N/S),76,44,22,♥,finished,2026-05-17T16:38:08.880034+00:00
8847,INPROC_504AF6,1,10,team1,Team 1 (N/S),84,36,33,♠,finished,2026-05-17T16:38:08.897763+00:00
8848,INPROC_700D97,1,10,team1,Team 1 (N/S),67,53,22,♥,finished,2026-05-17T16:38:08.913338+00:00
8849,INPROC_E93B74,1,10,team2,Team 2 (E/W),43,77,24,♥,finished,2026-05-17T16:38:08.929077+00:00
8850,INPROC_5927EE,1,10,team1,Team 1 (N/S),81,39,20,♥,finished,2026-05-17T16:38:08.943584+00:00
8851,INPROC_3D7698,1,10,team2,Team 2 (E/W),38,82,3,♣,finished,2026-05-17T16:38:08.960386+00:00
8852,INPROC_BF9E93,1,10,team2,Team 2 (E/W),31,89,39,♠,finished,2026-05-17T16:38:08.976174+00:00
8853,INPROC_465252,1,10,team1,Team 1 (N/S),96,24,29,♥,finished,2026-05-17T16:38:08.992779+00:00
8854,INPROC_E8F57C,1,10,team1,Team 1 (N/S),61,59,9,♣,finished,2026-05-17T16:38:09.008264+00:00
8855,INPROC_8F64DD,1,10,team2,Team 2 (E/W),39,81,22,♥,finished,2026-05-17T16:38:09.023873+00:00
8856,INPROC_7079FC,1,10,team1,Team 1 (N/S),67,53,23,♥,finished,2026-05-17T16:38:09.038481+00:00
8857,INPROC_346E58,1,10,team2,Team 2 (E/W),51,69,14,♦,finished,2026-05-17T16:38:09.054026+00:00
8858,INPROC_132D95,1,10,team2,Team 2 (E/W),13,107,33,♠,finished,2026-05-17T16:38:09.065204+00:00
8859,INPROC_F5DB19,1,10,team2,Team 2 (E/W),59,61,15,♦,finished,2026-05-17T16:38:09.082423+00:00
8860,INPROC_39893D,1,10,team2,Team 2 (E/W),32,88,26,♥,finished,2026-05-17T16:38:09.097731+00:00
8861,INPROC_80E6FC,1,10,team1,Team 1 (N/S),114,6,13,♦,finished,2026-05-17T16:38:09.113897+00:00
8862,INPROC_19A373,1,10,team2,Team 2 (E/W),37,83,7,♣,finished,2026-05-17T16:38:09.130576+00:00
8863,INPROC_E1A9AA,1,10,team2,Team 2 (E/W),36,84,27,♥,finished,2026-05-17T16:38:09.146666+00:00
8864,INPROC_26C938,1,10,team1,Team 1 (N/S),68,52,26,♥,finished,2026-05-17T16:38:09.162836+00:00
8865,INPROC_1CC1B9,1,10,team1,Team 1 (N/S),75,45,3,♣,finished,2026-05-17T16:38:09.179158+00:00
8866,INPROC_4B32B7,1,10,team2,Team 2 (E/W),25,95,7,♣,finished,2026-05-17T16:38:09.195683+00:00
8867,INPROC_D32E65,1,10,team2,Team 2 (E/W),53,67,27,♥,finished,2026-05-17T16:38:09.211662+00:00
8868,INPROC_A803EE,1,10,team1,Team 1 (N/S),95,25,26,♥,finished,2026-05-17T16:38:09.226522+00:00
8869,INPROC_D9818D,1,10,team2,Team 2 (E/W),31,89,4,♣,finished,2026-05-17T16:38:09.241393+00:00
8870,INPROC_519795,1,10,team2,Team 2 (E/W),30,90,2,♣,finished,2026-05-17T16:38:09.257088+00:00
8871,INPROC_C4E75E,1,10,team1,Team 1 (N/S),87,33,10,♦,finished,2026-05-17T16:38:09.272583+00:00
8872,INPROC_9B68BA,1,10,team2,Team 2 (E/W),23,97,27,♥,finished,2026-05-17T16:38:09.285065+00:00
8873,INPROC_17AF5E,1,10,team2,Team 2 (E/W),26,94,5,♣,finished,2026-05-17T16:38:09.300122+00:00
8874,INPROC_3C0C4D,1,10,team2,Team 2 (E/W),53,67,38,♠,finished,2026-05-17T16:38:09.316039+00:00
8875,INPROC_DCFD07,1,10,team1,Team 1 (N/S),75,45,12,♦,finished,2026-05-17T16:38:09.332043+00:00
8876,INPROC_2AC0B6,1,10,team1,Team 1 (N/S),90,30,24,♥,finished,2026-05-17T16:38:09.347124+00:00
8877,INPROC_EC16AE,1,10,team2,Team 2 (E/W),59,61,25,♥,finished,2026-05-17T16:38:09.364122+00:00
8878,INPROC_1CB542,1,10,team2,Team 2 (E/W),49,71,31,♠,finished,2026-05-17T16:38:09.390501+00:00
8879,INPROC_23B64B,1,10,team2,Team 2 (E/W),54,66,4,♣,finished,2026-05-17T16:38:09.406310+00:00
8880,INPROC_922B17,1,10,team2,Team 2 (E/W),49,71,17,♦,finished,2026-05-17T16:38:09.419550+00:00
8881,INPROC_712A59,1,10,draw,draw,60,60,8,♣,finished,2026-05-17T16:38:09.434550+00:00
8882,INPROC_78D2DF,1,10,team1,Team 1 (N/S),78,42,27,♥,finished,2026-05-17T16:38:09.450073+00:00
8883,INPROC_901431,1,10,team1,Team 1 (N/S),78,42,35,♠,finished,2026-05-17T16:38:09.466373+00:00
8884,INPROC_8B384D,1,10,team2,Team 2 (E/W),55,65,15,♦,finished,2026-05-17T16:38:09.483202+00:00
8885,INPROC_A85E2F,1,10,team2,Team 2 (E/W),50,70,6,♣,finished,2026-05-17T16:38:09.500837+00:00
8886,INPROC_BFC405,1,10,team1,Team 1 (N/S),85,35,37,♠,finished,2026-05-17T16:38:09.517721+00:00
8887,INPROC_6B63C1,1,10,team2,Team 2 (E/W),42,78,22,♥,finished,2026-05-17T16:38:09.533507+00:00
8888,INPROC_03522B,1,10,team2,Team 2 (E/W),18,102,39,♠,finished,2026-05-17T16:38:09.550751+00:00
8889,INPROC_5AAFB8,1,10,team1,Team 1 (N/S),73,47,7,♣,finished,2026-05-17T16:38:09.568762+00:00
8890,INPROC_D9D046,1,10,team2,Team 2 (E/W),56,64,3,♣,finished,2026-05-17T16:38:09.585352+00:00
8891,INPROC_894666,1,10,team2,Team 2 (E/W),39,81,33,♠,finished,2026-05-17T16:38:09.603227+00:00
8892,INPROC_35D57F,1,10,team2,Team 2 (E/W),43,77,13,♦,finished,2026-05-17T16:38:09.620067+00:00
8893,INPROC_88C023,1,10,team2,Team 2 (E/W),54,66,11,♦,finished,2026-05-17T16:38:09.637290+00:00
8894,INPROC_0D4612,1,10,team1,Team 1 (N/S),110,10,4,♣,finished,2026-05-17T16:38:09.654863+00:00
8895,INPROC_417445,1,10,team2,Team 2 (E/W),24,96,4,♣,finished,2026-05-17T16:38:09.672678+00:00
8896,INPROC_AAC542,1,10,team1,Team 1 (N/S),100,20,34,♠,finished,2026-05-17T16:38:09.689907+00:00
8897,INPROC_CB3A1E,1,10,team1,Team 1 (N/S),84,36,2,♣,finished,2026-05-17T16:38:09.709195+00:00
8898,INPROC_3C1DF1,1,10,team1,Team 1 (N/S),63,57,35,♠,finished,2026-05-17T16:38:09.727338+00:00
8899,INPROC_BC618E,1,10,draw,draw,60,60,12,♦,finished,2026-05-17T16:38:09.744174+00:00
8900,INPROC_AC51EC,1,10,team2,Team 2 (E/W),37,83,1,♣,finished,2026-05-17T16:38:09.761477+00:00
8901,INPROC_471390,1,10,team2,Team 2 (E/W),32,88,3,♣,finished,2026-05-17T16:38:09.778787+00:00
8902,INPROC_50D537,1,10,team2,Team 2 (E/W),49,71,10,♦,finished,2026-05-17T16:38:09.796313+00:00
8903,INPROC_45A59A,1,10,team2,Team 2 (E/W),47,73,10,♦,finished,2026-05-17T16:38:09.812360+00:00
8904,INPROC_6F950F,1,10,team1,Team 1 (N/S),111,9,6,♣,finished,2026-05-17T16:38:09.826718+00:00
8905,INPROC_DFB210,1,10,team1,Team 1 (N/S),84,36,23,♥,finished,2026-05-17T16:38:09.844107+00:00
8906,INPROC_5157F3,1,10,team2,Team 2 (E/W),53,67,4,♣,finished,2026-05-17T16:38:09.861636+00:00
8907,INPROC_667580,1,10,team2,Team 2 (E/W),11,109,25,♥,finished,2026-05-17T16:38:09.879893+00:00
8908,INPROC_166C47,1,10,team1,Team 1 (N/S),84,36,5,♣,finished,2026-05-17T16:38:09.895409+00:00
8909,INPROC_ECA4ED,1,10,team1,Team 1 (N/S),84,36,32,♠,finished,2026-05-17T16:38:09.912718+00:00
8910,INPROC_089020,1,10,draw,draw,60,60,11,♦,finished,2026-05-17T16:38:09.928707+00:00
8911,INPROC_C50C4A,1,10,team1,Team 1 (N/S),97,23,26,♥,finished,2026-05-17T16:38:09.945433+00:00
8912,INPROC_6CF708,1,10,team2,Team 2 (E/W),20,100,22,♥,finished,2026-05-17T16:38:09.962691+00:00
8913,INPROC_1D337C,1,10,team2,Team 2 (E/W),50,70,27,♥,finished,2026-05-17T16:38:09.979364+00:00
8914,INPROC_F73548,1,10,team2,Team 2 (E/W),28,92,30,♠,finished,2026-05-17T16:38:09.998771+00:00
8915,INPROC_8CB646,1,10,team2,Team 2 (E/W),51,69,34,♠,finished,2026-05-17T16:38:10.017433+00:00
8916,INPROC_5DD85E,1,10,team2,Team 2 (E/W),25,95,9,♣,finished,2026-05-17T16:38:10.032430+00:00
8917,INPROC_51963C,1,10,team1,Team 1 (N/S),70,50,36,♠,finished,2026-05-17T16:38:10.049063+00:00
8918,INPROC_6418CC,1,10,team2,Team 2 (E/W),30,90,8,♣,finished,2026-05-17T16:38:10.066055+00:00
8919,INPROC_7428A1,1,10,team1,Team 1 (N/S),62,58,14,♦,finished,2026-05-17T16:38:10.083630+00:00
8920,INPROC_7BEC3B,1,10,team2,Team 2 (E/W),32,88,32,♠,finished,2026-05-17T16:38:10.097862+00:00
8921,INPROC_FE64B7,1,10,team2,Team 2 (E/W),56,64,9,♣,finished,2026-05-17T16:38:10.117027+00:00
8922,INPROC_A7D8F0,1,10,team2,Team 2 (E/W),48,72,21,♥,finished,2026-05-17T16:38:10.134539+00:00
8923,INPROC_5BBB6C,1,10,team2,Team 2 (E/W),27,93,28,♥,finished,2026-05-17T16:38:10.153085+00:00
8924,INPROC_B6E718,1,10,team1,Team 1 (N/S),79,41,11,♦,finished,2026-05-17T16:38:10.168991+00:00
8925,INPROC_834EE2,1,10,team1,Team 1 (N/S),63,57,1,♣,finished,2026-05-17T16:38:10.184463+00:00
8926,INPROC_7EB4E3,1,10,team1,Team 1 (N/S),115,5,10,♦,finished,2026-05-17T16:38:10.201037+00:00
8927,INPROC_77E31B,1,10,team2,Team 2 (E/W),47,73,17,♦,finished,2026-05-17T16:38:10.216996+00:00
8928,INPROC_2C2B88,1,10,team2,Team 2 (E/W),50,70,29,♥,finished,2026-05-17T16:38:10.231596+00:00
8929,INPROC_960D4D,1,10,team2,Team 2 (E/W),53,67,32,♠,finished,2026-05-17T16:38:10.250260+00:00
8930,INPROC_24D2F9,1,10,team2,Team 2 (E/W),37,83,23,♥,finished,2026-05-17T16:38:10.266933+00:00
8931,INPROC_24E700,1,10,team1,Team 1 (N/S),71,49,8,♣,finished,2026-05-17T16:38:10.282394+00:00
8932,INPROC_C6EB78,1,10,team2,Team 2 (E/W),42,78,10,♦,finished,2026-05-17T16:38:10.299359+00:00
8933,INPROC_9C7305,1,10,team2,Team 2 (E/W),46,74,8,♣,finished,2026-05-17T16:38:10.318366+00:00
8934,INPROC_CD2F74,1,10,team2,Team 2 (E/W),27,93,8,♣,finished,2026-05-17T16:38:10.335161+00:00
8935,INPROC_FA24EE,1,10,team2,Team 2 (E/W),33,87,39,♠,finished,2026-05-17T16:38:10.352705+00:00
8936,INPROC_18216D,1,10,team2,Team 2 (E/W),48,72,36,♠,finished,2026-05-17T16:38:10.369954+00:00
8937,INPROC_2B1176,1,10,team2,Team 2 (E/W),54,66,20,♥,finished,2026-05-17T16:38:10.388143+00:00
8938,INPROC_55135D,1,10,team1,Team 1 (N/S),71,49,35,♠,finished,2026-05-17T16:38:10.408160+00:00
8939,INPROC_789F4B,1,10,team2,Team 2 (E/W),34,86,33,♠,finished,2026-05-17T16:38:10.425668+00:00
8940,INPROC_B545B9,1,10,team2,Team 2 (E/W),31,89,4,♣,finished,2026-05-17T16:38:10.440545+00:00
8941,INPROC_6BF6DE,1,10,team1,Team 1 (N/S),95,25,30,♠,finished,2026-05-17T16:38:10.457540+00:00
8942,INPROC_B146C8,1,10,team2,Team 2 (E/W),40,80,3,♣,finished,2026-05-17T16:38:10.473775+00:00
8943,INPROC_BC0FAA,1,10,team1,Team 1 (N/S),96,24,10,♦,finished,2026-05-17T16:38:10.491377+00:00
8944,INPROC_850FA8,1,10,team2,Team 2 (E/W),47,73,39,♠,finished,2026-05-17T16:38:10.509452+00:00
8945,INPROC_5ACF51,1,10,team1,Team 1 (N/S),64,56,13,♦,finished,2026-05-17T16:38:10.529509+00:00
8946,INPROC_497FF9,1,10,team2,Team 2 (E/W),56,64,16,♦,finished,2026-05-17T16:38:10.549175+00:00
8947,INPROC_3A1567,1,10,team2,Team 2 (E/W),31,89,11,♦,finished,2026-05-17T16:38:10.568380+00:00
8948,INPROC_4C319E,1,10,team2,Team 2 (E/W),39,81,9,♣,finished,2026-05-17T16:38:10.586220+00:00
8949,INPROC_A47A4B,1,10,team1,Team 1 (N/S),73,47,32,♠,finished,2026-05-17T16:38:10.605423+00:00
8950,INPROC_29858E,1,10,team2,Team 2 (E/W),28,92,17,♦,finished,2026-05-17T16:38:10.622637+00:00
8951,INPROC_2C264B,1,10,team1,Team 1 (N/S),99,21,38,♠,finished,2026-05-17T16:38:10.640511+00:00
8952,INPROC_DF85C6,1,10,team2,Team 2 (E/W),47,73,39,♠,finished,2026-05-17T16:38:10.656887+00:00
8953,INPROC_730B79,1,10,team2,Team 2 (E/W),35,85,30,♠,finished,2026-05-17T16:38:10.674959+00:00
8954,INPROC_4FB6D7,1,10,team2,Team 2 (E/W),24,96,24,♥,finished,2026-05-17T16:38:10.692449+00:00
8955,INPROC_32E2D8,1,10,team1,Team 1 (N/S),120,0,13,♦,finished,2026-05-17T16:38:10.709179+00:00
8956,INPROC_02B078,1,10,team1,Team 1 (N/S),66,54,33,♠,finished,2026-05-17T16:38:10.727856+00:00
8957,INPROC_2ECB03,1,10,team2,Team 2 (E/W),43,77,26,♥,finished,2026-05-17T16:38:10.743609+00:00
8958,INPROC_754E89,1,10,team2,Team 2 (E/W),32,88,29,♥,finished,2026-05-17T16:38:10.761746+00:00
8959,INPROC_D68CA2,1,10,team1,Team 1 (N/S),78,42,30,♠,finished,2026-05-17T16:38:10.777049+00:00
8960,INPROC_A1E72E,1,10,team1,Team 1 (N/S),74,46,4,♣,finished,2026-05-17T16:38:10.793941+00:00
8961,INPROC_2887AE,1,10,draw,draw,60,60,7,♣,finished,2026-05-17T16:38:10.809685+00:00
8962,INPROC_CCAEE8,1,10,team1,Team 1 (N/S),66,54,3,♣,finished,2026-05-17T16:38:10.825331+00:00
8963,INPROC_A6CA3D,1,10,team1,Team 1 (N/S),72,48,36,♠,finished,2026-05-17T16:38:10.836693+00:00
8964,INPROC_7D558C,1,10,team1,Team 1 (N/S),61,59,23,♥,finished,2026-05-17T16:38:10.857618+00:00
8965,INPROC_E9C672,1,10,team2,Team 2 (E/W),55,65,12,♦,finished,2026-05-17T16:38:10.871333+00:00
8966,INPROC_3A8652,1,10,team2,Team 2 (E/W),50,70,21,♥,finished,2026-05-17T16:38:10.887563+00:00
8967,INPROC_24D74C,1,10,team2,Team 2 (E/W),56,64,20,♥,finished,2026-05-17T16:38:10.905246+00:00
8968,INPROC_CD1360,1,10,team1,Team 1 (N/S),84,36,7,♣,finished,2026-05-17T16:38:10.922831+00:00
8969,INPROC_1B3EA1,1,10,team2,Team 2 (E/W),54,66,38,♠,finished,2026-05-17T16:38:10.939476+00:00
8970,INPROC_A01F3C,1,10,team1,Team 1 (N/S),80,40,5,♣,finished,2026-05-17T16:38:10.954745+00:00
8971,INPROC_31A84B,1,10,team1,Team 1 (N/S),88,32,33,♠,finished,2026-05-17T16:38:10.970469+00:00
8972,INPROC_4480E3,1,10,team1,Team 1 (N/S),81,39,14,♦,finished,2026-05-17T16:38:10.987717+00:00
8973,INPROC_30039D,1,10,team1,Team 1 (N/S),67,53,14,♦,finished,2026-05-17T16:38:11.004771+00:00
8974,INPROC_D46F40,1,10,team2,Team 2 (E/W),56,64,16,♦,finished,2026-05-17T16:38:11.021466+00:00
8975,INPROC_3CDD10,1,10,team2,Team 2 (E/W),54,66,9,♣,finished,2026-05-17T16:38:11.037937+00:00
8976,INPROC_CC20C8,1,10,team2,Team 2 (E/W),27,93,3,♣,finished,2026-05-17T16:38:11.052095+00:00
8977,INPROC_E55673,1,10,team1,Team 1 (N/S),103,17,1,♣,finished,2026-05-17T16:38:11.069280+00:00
8978,INPROC_EDE9E9,1,10,team2,Team 2 (E/W),49,71,20,♥,finished,2026-05-17T16:38:11.086745+00:00
8979,INPROC_5DBF12,1,10,team1,Team 1 (N/S),71,49,19,♦,finished,2026-05-17T16:38:11.101313+00:00
8980,INPROC_48D456,1,10,team2,Team 2 (E/W),44,76,26,♥,finished,2026-05-17T16:38:11.115654+00:00
8981,INPROC_E67514,1,10,team2,Team 2 (E/W),11,109,22,♥,finished,2026-05-17T16:38:11.130004+00:00
8982,INPROC_3CBACA,1,10,team2,Team 2 (E/W),39,81,9,♣,finished,2026-05-17T16:38:11.143948+00:00
8983,INPROC_6754D3,1,10,team1,Team 1 (N/S),73,47,6,♣,finished,2026-05-17T16:38:11.155790+00:00
8984,INPROC_3D97D7,1,10,team2,Team 2 (E/W),37,83,30,♠,finished,2026-05-17T16:38:11.167684+00:00
8985,INPROC_B8C755,1,10,team2,Team 2 (E/W),52,68,3,♣,finished,2026-05-17T16:38:11.180267+00:00
8986,INPROC_41E8FB,1,10,team2,Team 2 (E/W),44,76,18,♦,finished,2026-05-17T16:38:11.193502+00:00
8987,INPROC_FEBDA0,1,10,team1,Team 1 (N/S),61,59,30,♠,finished,2026-05-17T16:38:11.207285+00:00
8988,INPROC_7255BA,1,10,team2,Team 2 (E/W),15,105,37,♠,finished,2026-05-17T16:38:11.220262+00:00
8989,INPROC_4A8884,1,10,team2,Team 2 (E/W),36,84,23,♥,finished,2026-05-17T16:38:11.234423+00:00
8990,INPROC_C62C85,1,10,team1,Team 1 (N/S),64,56,33,♠,finished,2026-05-17T16:38:11.246947+00:00
8991,INPROC_20A586,1,10,team2,Team 2 (E/W),50,70,8,♣,finished,2026-05-17T16:38:11.261743+00:00
8992,INPROC_5BE59D,1,10,team1,Team 1 (N/S),67,53,11,♦,finished,2026-05-17T16:38:11.277489+00:00
8993,INPROC_48E5E6,1,10,team2,Team 2 (E/W),51,69,1,♣,finished,2026-05-17T16:38:11.292369+00:00
8994,INPROC_2CA48E,1,10,team2,Team 2 (E/W),57,63,28,♥,finished,2026-05-17T16:38:11.304889+00:00
8995,INPROC_0B0FC9,1,10,team1,Team 1 (N/S),74,46,1,♣,finished,2026-05-17T16:38:11.318730+00:00
8996,INPROC_4104FF,1,10,team1,Team 1 (N/S),67,53,39,♠,finished,2026-05-17T16:38:11.346816+00:00
8997,INPROC_7B6486,1,10,team2,Team 2 (E/W),57,63,34,♠,finished,2026-05-17T16:38:11.367690+00:00
8998,INPROC_16921C,1,10,team2,Team 2 (E/W),36,84,21,♥,finished,2026-05-17T16:38:11.384841+00:00
8999,INPROC_F6EEAB,1,10,team1,Team 1 (N/S),77,43,7,♣,finished,2026-05-17T16:38:11.401012+00:00
9000,INPROC_99E8A1,1,10,team1,Team 1 (N/S),95,25,4,♣,finished,2026-05-17T16:38:11.416404+00:00
9001,INPROC_43B232,1,10,team1,Team 1 (N/S),93,27,27,♥,finished,2026-05-17T16:38:11.433966+00:00
9002,INPROC_547342,1,10,team1,Team 1 (N/S),73,47,25,♥,finished,2026-05-17T16:38:11.451706+00:00
9003,INPROC_3C6AB6,1,10,team2,Team 2 (E/W),44,76,27,♥,finished,2026-05-17T16:38:11.467286+00:00
9004,INPROC_53CD3F,1,10,team1,Team 1 (N/S),85,35,17,♦,finished,2026-05-17T16:38:11.483161+00:00
9005,INPROC_661CC1,1,10,team1,Team 1 (N/S),67,53,8,♣,finished,2026-05-17T16:38:11.499956+00:00
9006,INPROC_D0C460,1,10,team1,Team 1 (N/S),95,25,27,♥,finished,2026-05-17T16:38:11.516985+00:00
9007,INPROC_A010BB,1,10,team2,Team 2 (E/W),19,101,14,♦,finished,2026-05-17T16:38:11.534002+00:00
9008,INPROC_A8A99D,1,10,team1,Team 1 (N/S),66,54,8,♣,finished,2026-05-17T16:38:11.550150+00:00
9009,INPROC_775CA8,1,10,team2,Team 2 (E/W),59,61,39,♠,finished,2026-05-17T16:38:11.567812+00:00
9010,INPROC_A1D75F,1,10,team1,Team 1 (N/S),92,28,2,♣,finished,2026-05-17T16:38:11.585651+00:00
9011,INPROC_047507,1,10,team2,Team 2 (E/W),39,81,23,♥,finished,2026-05-17T16:38:11.606192+00:00
9012,INPROC_DF6DC6,1,10,team1,Team 1 (N/S),64,56,33,♠,finished,2026-05-17T16:38:11.623556+00:00
9013,INPROC_7F8C14,1,10,team2,Team 2 (E/W),18,102,28,♥,finished,2026-05-17T16:38:11.640181+00:00
9014,INPROC_5A8928,1,10,team1,Team 1 (N/S),88,32,2,♣,finished,2026-05-17T16:38:11.656587+00:00
9015,INPROC_AE62F4,1,10,team2,Team 2 (E/W),53,67,7,♣,finished,2026-05-17T16:38:11.672474+00:00
9016,INPROC_0664F9,1,10,team2,Team 2 (E/W),49,71,21,♥,finished,2026-05-17T16:38:11.687901+00:00
9017,INPROC_E207C8,1,10,team2,Team 2 (E/W),44,76,33,♠,finished,2026-05-17T16:38:11.704052+00:00
9018,INPROC_4FC46B,1,10,team2,Team 2 (E/W),59,61,9,♣,finished,2026-05-17T16:38:11.720936+00:00
9019,INPROC_758297,1,10,team2,Team 2 (E/W),27,93,28,♥,finished,2026-05-17T16:38:11.734127+00:00
9020,INPROC_95512C,1,10,team2,Team 2 (E/W),59,61,12,♦,finished,2026-05-17T16:38:11.748655+00:00
9021,INPROC_DED630,1,10,team2,Team 2 (E/W),54,66,18,♦,finished,2026-05-17T16:38:11.763479+00:00
9022,INPROC_6DD2DB,1,10,team1,Team 1 (N/S),86,34,10,♦,finished,2026-05-17T16:38:11.778170+00:00
9023,INPROC_8EECA7,1,10,team2,Team 2 (E/W),37,83,3,♣,finished,2026-05-17T16:38:11.794990+00:00
9024,INPROC_644F7F,1,10,team2,Team 2 (E/W),50,70,16,♦,finished,2026-05-17T16:38:11.812062+00:00
9025,INPROC_B3EBA7,1,10,team2,Team 2 (E/W),17,103,0,♣,finished,2026-05-17T16:38:11.828878+00:00
9026,INPROC_D108C2,1,10,team1,Team 1 (N/S),63,57,16,♦,finished,2026-05-17T16:38:11.845273+00:00
9027,INPROC_1D13D0,1,10,team2,Team 2 (E/W),40,80,8,♣,finished,2026-05-17T16:38:11.860355+00:00
9028,INPROC_F34CC5,1,10,team1,Team 1 (N/S),64,56,14,♦,finished,2026-05-17T16:38:11.877045+00:00
9029,INPROC_09030C,1,10,team2,Team 2 (E/W),50,70,36,♠,finished,2026-05-17T16:38:11.891024+00:00
9030,INPROC_096D49,1,10,team1,Team 1 (N/S),68,52,37,♠,finished,2026-05-17T16:38:11.904315+00:00
9031,INPROC_E41C25,1,10,team2,Team 2 (E/W),36,84,32,♠,finished,2026-05-17T16:38:11.920337+00:00
9032,INPROC_ACCD19,1,10,team1,Team 1 (N/S),65,55,31,♠,finished,2026-05-17T16:38:11.936584+00:00
9033,INPROC_074C43,1,10,team2,Team 2 (E/W),44,76,10,♦,finished,2026-05-17T16:38:11.952895+00:00
9034,INPROC_CAD8B8,1,10,team1,Team 1 (N/S),83,37,5,♣,finished,2026-05-17T16:38:11.970242+00:00
9035,INPROC_C1D103,1,10,team1,Team 1 (N/S),69,51,12,♦,finished,2026-05-17T16:38:11.984950+00:00
9036,INPROC_58F81D,1,10,team1,Team 1 (N/S),83,37,24,♥,finished,2026-05-17T16:38:11.998478+00:00
9037,INPROC_0EBB0F,1,10,team2,Team 2 (E/W),16,104,31,♠,finished,2026-05-17T16:38:12.014543+00:00
9038,INPROC_5D15FD,1,10,team2,Team 2 (E/W),27,93,38,♠,finished,2026-05-17T16:38:12.030928+00:00
9039,INPROC_06B725,1,10,team2,Team 2 (E/W),28,92,9,♣,finished,2026-05-17T16:38:12.047068+00:00
9040,INPROC_369BAA,1,10,draw,draw,60,60,20,♥,finished,2026-05-17T16:38:12.063483+00:00
9041,INPROC_FDDB31,1,10,team2,Team 2 (E/W),22,98,18,♦,finished,2026-05-17T16:38:12.078266+00:00
9042,INPROC_6FD746,1,10,team2,Team 2 (E/W),47,73,29,♥,finished,2026-05-17T16:38:12.092285+00:00
9043,INPROC_5D03A7,1,10,team2,Team 2 (E/W),4,116,23,♥,finished,2026-05-17T16:38:12.109727+00:00
9044,INPROC_BC42F6,1,10,team1,Team 1 (N/S),120,0,33,♠,finished,2026-05-17T16:38:12.125829+00:00
9045,INPROC_A9FB79,1,10,team2,Team 2 (E/W),44,76,39,♠,finished,2026-05-17T16:38:12.142482+00:00
9046,INPROC_D1DD51,1,10,team2,Team 2 (E/W),51,69,1,♣,finished,2026-05-17T16:38:12.158125+00:00
9047,INPROC_C7A29C,1,10,team1,Team 1 (N/S),87,33,24,♥,finished,2026-05-17T16:38:12.171409+00:00
9048,INPROC_821C33,1,10,team1,Team 1 (N/S),81,39,37,♠,finished,2026-05-17T16:38:12.185933+00:00
9049,INPROC_771336,1,10,team2,Team 2 (E/W),46,74,3,♣,finished,2026-05-17T16:38:12.200407+00:00
9050,INPROC_EC617E,1,10,team2,Team 2 (E/W),47,73,16,♦,finished,2026-05-17T16:38:12.214641+00:00
9051,INPROC_FA9D47,1,10,team1,Team 1 (N/S),64,56,26,♥,finished,2026-05-17T16:38:12.227653+00:00
9052,INPROC_DA693A,1,10,team1,Team 1 (N/S),97,23,33,♠,finished,2026-05-17T16:38:12.243369+00:00
9053,INPROC_8A605B,1,10,team1,Team 1 (N/S),65,55,13,♦,finished,2026-05-17T16:38:12.259046+00:00
9054,INPROC_89012F,1,10,team2,Team 2 (E/W),15,105,24,♥,finished,2026-05-17T16:38:12.276855+00:00
9055,INPROC_BFF1E6,1,10,team1,Team 1 (N/S),94,26,11,♦,finished,2026-05-17T16:38:12.293861+00:00
9056,INPROC_5FC598,1,10,team2,Team 2 (E/W),44,76,23,♥,finished,2026-05-17T16:38:12.310708+00:00
9057,INPROC_15E4C1,1,10,team1,Team 1 (N/S),113,7,27,♥,finished,2026-05-17T16:38:12.324347+00:00
9058,INPROC_0077B6,1,10,team1,Team 1 (N/S),71,49,17,♦,finished,2026-05-17T16:38:12.339000+00:00
9059,INPROC_326F1E,1,10,team2,Team 2 (E/W),54,66,6,♣,finished,2026-05-17T16:38:12.354406+00:00
9060,INPROC_0D1B9E,1,10,team2,Team 2 (E/W),40,80,38,♠,finished,2026-05-17T16:38:12.369408+00:00
9061,INPROC_A1AD30,1,10,team2,Team 2 (E/W),27,93,20,♥,finished,2026-05-17T16:38:12.384813+00:00
9062,INPROC_AB09A7,1,10,team2,Team 2 (E/W),47,73,9,♣,finished,2026-05-17T16:38:12.400751+00:00
9063,INPROC_C401C0,1,10,team2,Team 2 (E/W),45,75,24,♥,finished,2026-05-17T16:38:12.418054+00:00
9064,INPROC_49279E,1,10,team2,Team 2 (E/W),56,64,17,♦,finished,2026-05-17T16:38:12.433253+00:00
9065,INPROC_B8843E,1,10,team2,Team 2 (E/W),46,74,27,♥,finished,2026-05-17T16:38:12.449173+00:00
9066,INPROC_839EB3,1,10,team2,Team 2 (E/W),44,76,38,♠,finished,2026-05-17T16:38:12.466468+00:00
9067,INPROC_1B6A9F,1,10,team2,Team 2 (E/W),10,110,28,♥,finished,2026-05-17T16:38:12.483831+00:00
9068,INPROC_FEF11A,1,10,team2,Team 2 (E/W),47,73,35,♠,finished,2026-05-17T16:38:12.501316+00:00
9069,INPROC_84AFC3,1,10,team1,Team 1 (N/S),76,44,6,♣,finished,2026-05-17T16:38:12.519215+00:00
9070,INPROC_1D5FC0,1,10,team1,Team 1 (N/S),93,27,32,♠,finished,2026-05-17T16:38:12.533806+00:00
9071,INPROC_7EBCC3,1,10,team2,Team 2 (E/W),55,65,23,♥,finished,2026-05-17T16:38:12.551413+00:00
9072,INPROC_445F2C,1,10,team2,Team 2 (E/W),41,79,4,♣,finished,2026-05-17T16:38:12.565873+00:00
9073,INPROC_AA9AAF,1,10,team1,Team 1 (N/S),64,56,11,♦,finished,2026-05-17T16:38:12.580290+00:00
9074,INPROC_7B9AE1,1,10,team2,Team 2 (E/W),33,87,20,♥,finished,2026-05-17T16:38:12.596523+00:00
9075,INPROC_5F4C51,1,10,team2,Team 2 (E/W),49,71,16,♦,finished,2026-05-17T16:38:12.613945+00:00
9076,INPROC_057CCB,1,10,team1,Team 1 (N/S),93,27,13,♦,finished,2026-05-17T16:38:12.630971+00:00
9077,INPROC_DD39D6,1,10,draw,draw,60,60,37,♠,finished,2026-05-17T16:38:12.648565+00:00
9078,INPROC_9E862C,1,10,team1,Team 1 (N/S),61,59,33,♠,finished,2026-05-17T16:38:12.665456+00:00
9079,INPROC_778C77,1,10,team1,Team 1 (N/S),90,30,26,♥,finished,2026-05-17T16:38:12.682930+00:00
9080,INPROC_6548D0,1,10,team1,Team 1 (N/S),71,49,37,♠,finished,2026-05-17T16:38:12.700654+00:00
9081,INPROC_4FFB38,1,10,team2,Team 2 (E/W),15,105,27,♥,finished,2026-05-17T16:38:12.719245+00:00
9082,INPROC_4F7C73,1,10,team2,Team 2 (E/W),41,79,19,♦,finished,2026-05-17T16:38:12.735686+00:00
9083,INPROC_B9B1BF,1,10,team2,Team 2 (E/W),51,69,15,♦,finished,2026-05-17T16:38:12.753314+00:00
9084,INPROC_C403D9,1,10,team2,Team 2 (E/W),26,94,38,♠,finished,2026-05-17T16:38:12.769176+00:00
9085,INPROC_BD0C27,1,10,team2,Team 2 (E/W),35,85,10,♦,finished,2026-05-17T16:38:12.782541+00:00
9086,INPROC_FF1A74,1,10,team2,Team 2 (E/W),31,89,9,♣,finished,2026-05-17T16:38:12.795441+00:00
9087,INPROC_338086,1,10,team2,Team 2 (E/W),43,77,0,♣,finished,2026-05-17T16:38:12.808355+00:00
9088,INPROC_745CCC,1,10,team1,Team 1 (N/S),77,43,23,♥,finished,2026-05-17T16:38:12.824458+00:00
9089,INPROC_A6EDAD,1,10,team2,Team 2 (E/W),15,105,1,♣,finished,2026-05-17T16:38:12.839342+00:00
9090,INPROC_6DE9DE,1,10,team1,Team 1 (N/S),82,38,15,♦,finished,2026-05-17T16:38:12.856174+00:00
9091,INPROC_41C046,1,10,team1,Team 1 (N/S),120,0,37,♠,finished,2026-05-17T16:38:12.873464+00:00
9092,INPROC_E816B8,1,10,team2,Team 2 (E/W),45,75,39,♠,finished,2026-05-17T16:38:12.890774+00:00
9093,INPROC_CE2401,1,10,team2,Team 2 (E/W),52,68,11,♦,finished,2026-05-17T16:38:12.907091+00:00
9094,INPROC_04D365,1,10,team2,Team 2 (E/W),45,75,32,♠,finished,2026-05-17T16:38:12.923278+00:00
9095,INPROC_1C2880,1,10,team2,Team 2 (E/W),7,113,38,♠,finished,2026-05-17T16:38:12.938006+00:00
9096,INPROC_7981CF,1,10,team1,Team 1 (N/S),91,29,26,♥,finished,2026-05-17T16:38:12.954287+00:00
9097,INPROC_610384,1,10,team1,Team 1 (N/S),66,54,39,♠,finished,2026-05-17T16:38:12.969340+00:00
9098,INPROC_EB194C,1,10,team1,Team 1 (N/S),73,47,12,♦,finished,2026-05-17T16:38:12.985775+00:00
9099,INPROC_D08B29,1,10,team1,Team 1 (N/S),61,59,21,♥,finished,2026-05-17T16:38:13.002129+00:00
9100,INPROC_4FF8D3,1,10,team1,Team 1 (N/S),73,47,19,♦,finished,2026-05-17T16:38:13.017687+00:00
9101,INPROC_04944B,1,10,team1,Team 1 (N/S),116,4,20,♥,finished,2026-05-17T16:38:13.034124+00:00
9102,INPROC_F76EE5,1,10,team2,Team 2 (E/W),13,107,7,♣,finished,2026-05-17T16:38:13.048948+00:00
9103,INPROC_39F704,1,10,team1,Team 1 (N/S),73,47,15,♦,finished,2026-05-17T16:38:13.064466+00:00
9104,INPROC_276456,1,10,team2,Team 2 (E/W),53,67,2,♣,finished,2026-05-17T16:38:13.078523+00:00
9105,INPROC_C29C5B,1,10,team1,Team 1 (N/S),90,30,13,♦,finished,2026-05-17T16:38:13.094345+00:00
9106,INPROC_12C9AE,1,10,team2,Team 2 (E/W),53,67,8,♣,finished,2026-05-17T16:38:13.109809+00:00
9107,INPROC_1D40FF,1,10,team1,Team 1 (N/S),120,0,28,♥,finished,2026-05-17T16:38:13.126898+00:00
9108,INPROC_0D0878,1,10,team2,Team 2 (E/W),15,105,17,♦,finished,2026-05-17T16:38:13.143334+00:00
9109,INPROC_53D603,1,10,team1,Team 1 (N/S),93,27,31,♠,finished,2026-05-17T16:38:13.160926+00:00
9110,INPROC_7DC373,1,10,team2,Team 2 (E/W),48,72,2,♣,finished,2026-05-17T16:38:13.174998+00:00
9111,INPROC_AA73FF,1,10,team2,Team 2 (E/W),57,63,20,♥,finished,2026-05-17T16:38:13.190345+00:00
9112,INPROC_C86DF4,1,10,team1,Team 1 (N/S),76,44,26,♥,finished,2026-05-17T16:38:13.204324+00:00
9113,INPROC_D639D7,1,10,team1,Team 1 (N/S),82,38,8,♣,finished,2026-05-17T16:38:13.218689+00:00
9114,INPROC_21A65E,1,10,team2,Team 2 (E/W),47,73,23,♥,finished,2026-05-17T16:38:13.233857+00:00
9115,INPROC_90F669,1,10,team2,Team 2 (E/W),26,94,18,♦,finished,2026-05-17T16:38:13.248461+00:00
9116,INPROC_513249,1,10,team2,Team 2 (E/W),16,104,24,♥,finished,2026-05-17T16:38:13.264351+00:00
9117,INPROC_AC483F,1,10,team2,Team 2 (E/W),46,74,23,♥,finished,2026-05-17T16:38:13.281881+00:00
9118,INPROC_85DDBD,1,10,team1,Team 1 (N/S),89,31,31,♠,finished,2026-05-17T16:38:13.301973+00:00
9119,INPROC_8FDD6C,1,10,team2,Team 2 (E/W),48,72,28,♥,finished,2026-05-17T16:38:13.318944+00:00
9120,INPROC_C10ED5,1,10,team1,Team 1 (N/S),90,30,4,♣,finished,2026-05-17T16:38:13.333399+00:00
9121,INPROC_D6BED8,1,10,draw,draw,60,60,10,♦,finished,2026-05-17T16:38:13.348287+00:00
9122,INPROC_E3CD7A,1,10,team2,Team 2 (E/W),48,72,23,♥,finished,2026-05-17T16:38:13.363097+00:00
9123,INPROC_DD6222,1,10,team1,Team 1 (N/S),71,49,13,♦,finished,2026-05-17T16:38:13.378022+00:00
9124,INPROC_F2854C,1,10,team2,Team 2 (E/W),57,63,27,♥,finished,2026-05-17T16:38:13.392166+00:00
9125,INPROC_C9869F,1,10,team2,Team 2 (E/W),49,71,36,♠,finished,2026-05-17T16:38:13.404901+00:00
9126,INPROC_9020C9,1,10,team2,Team 2 (E/W),12,108,20,♥,finished,2026-05-17T16:38:13.420285+00:00
9127,INPROC_84D6FA,1,10,team1,Team 1 (N/S),96,24,24,♥,finished,2026-05-17T16:38:13.435241+00:00
9128,INPROC_8534CC,1,10,team1,Team 1 (N/S),91,29,36,♠,finished,2026-05-17T16:38:13.451222+00:00
9129,INPROC_20CB1C,1,10,team1,Team 1 (N/S),73,47,17,♦,finished,2026-05-17T16:38:13.467101+00:00
9130,INPROC_8EC4AE,1,10,team2,Team 2 (E/W),34,86,35,♠,finished,2026-05-17T16:38:13.482717+00:00
9131,INPROC_C8DB08,1,10,team2,Team 2 (E/W),59,61,0,♣,finished,2026-05-17T16:38:13.498524+00:00
9132,INPROC_4DF1CF,1,10,team2,Team 2 (E/W),59,61,14,♦,finished,2026-05-17T16:38:13.514636+00:00
9133,INPROC_87BAE1,1,10,team2,Team 2 (E/W),11,109,38,♠,finished,2026-05-17T16:38:13.532850+00:00
9134,INPROC_C3C7A5,1,10,team1,Team 1 (N/S),106,14,26,♥,finished,2026-05-17T16:38:13.549714+00:00
9135,INPROC_864FEC,1,10,team2,Team 2 (E/W),45,75,5,♣,finished,2026-05-17T16:38:13.567657+00:00
9136,INPROC_CCFF36,1,10,team1,Team 1 (N/S),69,51,6,♣,finished,2026-05-17T16:38:13.583579+00:00
9137,INPROC_757269,1,10,team2,Team 2 (E/W),40,80,36,♠,finished,2026-05-17T16:38:13.600737+00:00
9138,INPROC_784FBF,1,10,team2,Team 2 (E/W),50,70,5,♣,finished,2026-05-17T16:38:13.617163+00:00
9139,INPROC_D76B97,1,10,team2,Team 2 (E/W),24,96,17,♦,finished,2026-05-17T16:38:13.633457+00:00
9140,INPROC_7C1E31,1,10,team1,Team 1 (N/S),72,48,9,♣,finished,2026-05-17T16:38:13.649887+00:00
9141,INPROC_684811,1,10,team2,Team 2 (E/W),32,88,29,♥,finished,2026-05-17T16:38:13.667190+00:00
9142,INPROC_1B5EA5,1,10,team2,Team 2 (E/W),53,67,29,♥,finished,2026-05-17T16:38:13.684248+00:00
9143,INPROC_18E2ED,1,10,team2,Team 2 (E/W),50,70,18,♦,finished,2026-05-17T16:38:13.697948+00:00
9144,INPROC_04A114,1,10,team1,Team 1 (N/S),64,56,24,♥,finished,2026-05-17T16:38:13.710668+00:00
9145,INPROC_A97923,1,10,team1,Team 1 (N/S),77,43,28,♥,finished,2026-05-17T16:38:13.725282+00:00
9146,INPROC_A0085B,1,10,team1,Team 1 (N/S),61,59,9,♣,finished,2026-05-17T16:38:13.741069+00:00
9147,INPROC_F09E5B,1,10,team1,Team 1 (N/S),61,59,14,♦,finished,2026-05-17T16:38:13.756206+00:00
9148,INPROC_9F1537,1,10,team2,Team 2 (E/W),46,74,15,♦,finished,2026-05-17T16:38:13.772565+00:00
9149,INPROC_0AAAB2,1,10,team2,Team 2 (E/W),48,72,18,♦,finished,2026-05-17T16:38:13.789887+00:00
9150,INPROC_5076CA,1,10,team2,Team 2 (E/W),22,98,10,♦,finished,2026-05-17T16:38:13.806398+00:00
9151,INPROC_622604,1,10,team1,Team 1 (N/S),99,21,8,♣,finished,2026-05-17T16:38:13.820072+00:00
9152,INPROC_60AD14,1,10,team1,Team 1 (N/S),76,44,8,♣,finished,2026-05-17T16:38:13.835256+00:00
9153,INPROC_EFBACA,1,10,team1,Team 1 (N/S),79,41,32,♠,finished,2026-05-17T16:38:13.849513+00:00
9154,INPROC_7B8304,1,10,team2,Team 2 (E/W),57,63,21,♥,finished,2026-05-17T16:38:13.865537+00:00
9155,INPROC_FC0963,1,10,team2,Team 2 (E/W),10,110,8,♣,finished,2026-05-17T16:38:13.879371+00:00
9156,INPROC_AEE8FE,1,10,team1,Team 1 (N/S),68,52,32,♠,finished,2026-05-17T16:38:13.894946+00:00
9157,INPROC_28D452,1,10,team2,Team 2 (E/W),17,103,9,♣,finished,2026-05-17T16:38:13.911588+00:00
9158,INPROC_10D44F,1,10,team2,Team 2 (E/W),36,84,19,♦,finished,2026-05-17T16:38:13.928621+00:00
9159,INPROC_B94604,1,10,team1,Team 1 (N/S),66,54,16,♦,finished,2026-05-17T16:38:13.944942+00:00
9160,INPROC_D1988D,1,10,team2,Team 2 (E/W),18,102,1,♣,finished,2026-05-17T16:38:13.959100+00:00
9161,INPROC_CA7DE1,1,10,team2,Team 2 (E/W),45,75,7,♣,finished,2026-05-17T16:38:13.974658+00:00
9162,INPROC_6CBC04,1,10,team2,Team 2 (E/W),58,62,4,♣,finished,2026-05-17T16:38:13.989256+00:00
9163,INPROC_8CE0D5,1,10,team2,Team 2 (E/W),38,82,19,♦,finished,2026-05-17T16:38:14.005201+00:00
9164,INPROC_21D496,1,10,team1,Team 1 (N/S),110,10,34,♠,finished,2026-05-17T16:38:14.021170+00:00
9165,INPROC_F1002F,1,10,team1,Team 1 (N/S),64,56,32,♠,finished,2026-05-17T16:38:14.036765+00:00
9166,INPROC_186220,1,10,team1,Team 1 (N/S),78,42,5,♣,finished,2026-05-17T16:38:14.052250+00:00
9167,INPROC_0DF4D2,1,10,team1,Team 1 (N/S),97,23,14,♦,finished,2026-05-17T16:38:14.067210+00:00
9168,INPROC_A56330,1,10,team1,Team 1 (N/S),67,53,28,♥,finished,2026-05-17T16:38:14.084687+00:00
9169,INPROC_55DBB1,1,10,team1,Team 1 (N/S),87,33,0,♣,finished,2026-05-17T16:38:14.097746+00:00
9170,INPROC_C54E23,1,10,team2,Team 2 (E/W),57,63,24,♥,finished,2026-05-17T16:38:14.114864+00:00
9171,INPROC_E74AAC,1,10,team1,Team 1 (N/S),112,8,1,♣,finished,2026-05-17T16:38:14.129348+00:00
9172,INPROC_2FC2C6,1,10,team1,Team 1 (N/S),73,47,16,♦,finished,2026-05-17T16:38:14.145705+00:00
9173,INPROC_CDF702,1,10,team2,Team 2 (E/W),27,93,6,♣,finished,2026-05-17T16:38:14.164228+00:00
9174,INPROC_9173AC,1,10,team2,Team 2 (E/W),21,99,24,♥,finished,2026-05-17T16:38:14.180682+00:00
9175,INPROC_21AE9E,1,10,team1,Team 1 (N/S),71,49,26,♥,finished,2026-05-17T16:38:14.195134+00:00
9176,INPROC_9A9C5F,1,10,team2,Team 2 (E/W),43,77,25,♥,finished,2026-05-17T16:38:14.212154+00:00
9177,INPROC_864E50,1,10,team1,Team 1 (N/S),82,38,26,♥,finished,2026-05-17T16:38:14.228293+00:00
9178,INPROC_840941,1,10,team2,Team 2 (E/W),38,82,7,♣,finished,2026-05-17T16:38:14.242249+00:00
9179,INPROC_282582,1,10,team2,Team 2 (E/W),37,83,18,♦,finished,2026-05-17T16:38:14.257018+00:00
9180,INPROC_D8C1A3,1,10,team2,Team 2 (E/W),40,80,15,♦,finished,2026-05-17T16:38:14.272560+00:00
9181,INPROC_6F74B0,1,10,team2,Team 2 (E/W),45,75,34,♠,finished,2026-05-17T16:38:14.287864+00:00
9182,INPROC_1B3030,1,10,team2,Team 2 (E/W),43,77,21,♥,finished,2026-05-17T16:38:14.303305+00:00
9183,INPROC_B35743,1,10,team2,Team 2 (E/W),13,107,0,♣,finished,2026-05-17T16:38:14.320231+00:00
9184,INPROC_00392F,1,10,team1,Team 1 (N/S),75,45,25,♥,finished,2026-05-17T16:38:14.335569+00:00
9185,INPROC_3CDC8D,1,10,team1,Team 1 (N/S),61,59,35,♠,finished,2026-05-17T16:38:14.352756+00:00
9186,INPROC_BADD4B,1,10,team2,Team 2 (E/W),35,85,12,♦,finished,2026-05-17T16:38:14.367892+00:00
9187,INPROC_4331D8,1,10,team2,Team 2 (E/W),27,93,39,♠,finished,2026-05-17T16:38:14.383871+00:00
9188,INPROC_161576,1,10,team2,Team 2 (E/W),47,73,19,♦,finished,2026-05-17T16:38:14.399995+00:00
9189,INPROC_C0446B,1,10,team2,Team 2 (E/W),35,85,0,♣,finished,2026-05-17T16:38:14.415380+00:00
9190,INPROC_6E3725,1,10,team1,Team 1 (N/S),64,56,5,♣,finished,2026-05-17T16:38:14.431053+00:00
9191,INPROC_1139E9,1,10,team2,Team 2 (E/W),41,79,20,♥,finished,2026-05-17T16:38:14.447901+00:00
9192,INPROC_4A6E6C,1,10,team1,Team 1 (N/S),68,52,14,♦,finished,2026-05-17T16:38:14.467606+00:00
9193,INPROC_09BC48,1,10,team2,Team 2 (E/W),57,63,24,♥,finished,2026-05-17T16:38:14.486368+00:00
9194,INPROC_CC89FF,1,10,team1,Team 1 (N/S),67,53,24,♥,finished,2026-05-17T16:38:14.501488+00:00
9195,INPROC_08F271,1,10,team1,Team 1 (N/S),64,56,37,♠,finished,2026-05-17T16:38:14.518320+00:00
9196,INPROC_E8D06A,1,10,team2,Team 2 (E/W),23,97,12,♦,finished,2026-05-17T16:38:14.537362+00:00
9197,INPROC_0A2208,1,10,team2,Team 2 (E/W),43,77,24,♥,finished,2026-05-17T16:38:14.556253+00:00
9198,INPROC_9FCF12,1,10,team1,Team 1 (N/S),70,50,8,♣,finished,2026-05-17T16:38:14.573119+00:00
9199,INPROC_1DA9B7,1,10,team2,Team 2 (E/W),25,95,9,♣,finished,2026-05-17T16:38:14.590770+00:00
9200,INPROC_849C82,1,10,team1,Team 1 (N/S),91,29,20,♥,finished,2026-05-17T16:38:14.606486+00:00
9201,INPROC_F28C87,1,10,team2,Team 2 (E/W),43,77,4,♣,finished,2026-05-17T16:38:14.620762+00:00
9202,INPROC_D0D942,1,10,team1,Team 1 (N/S),69,51,9,♣,finished,2026-05-17T16:38:14.637161+00:00
9203,INPROC_60BD63,1,10,team2,Team 2 (E/W),58,62,13,♦,finished,2026-05-17T16:38:14.653025+00:00
9204,INPROC_EED367,1,10,team1,Team 1 (N/S),71,49,15,♦,finished,2026-05-17T16:38:14.668835+00:00
9205,INPROC_12D644,1,10,team1,Team 1 (N/S),87,33,7,♣,finished,2026-05-17T16:38:14.685498+00:00
9206,INPROC_425222,1,10,team1,Team 1 (N/S),77,43,32,♠,finished,2026-05-17T16:38:14.700603+00:00
9207,INPROC_6DEC90,1,10,team2,Team 2 (E/W),13,107,0,♣,finished,2026-05-17T16:38:14.718367+00:00
9208,INPROC_CD6F0A,1,10,team1,Team 1 (N/S),87,33,19,♦,finished,2026-05-17T16:38:14.736285+00:00
9209,INPROC_F9CDFB,1,10,team2,Team 2 (E/W),54,66,23,♥,finished,2026-05-17T16:38:14.750886+00:00
9210,INPROC_0E2144,1,10,team1,Team 1 (N/S),70,50,23,♥,finished,2026-05-17T16:38:14.766899+00:00
9211,INPROC_76E08C,1,10,team1,Team 1 (N/S),85,35,24,♥,finished,2026-05-17T16:38:14.784550+00:00
9212,INPROC_52605B,1,10,team2,Team 2 (E/W),31,89,25,♥,finished,2026-05-17T16:38:14.798448+00:00
9213,INPROC_7BABFC,1,10,team1,Team 1 (N/S),87,33,12,♦,finished,2026-05-17T16:38:14.813855+00:00
9214,INPROC_49ABB7,1,10,team2,Team 2 (E/W),21,99,26,♥,finished,2026-05-17T16:38:14.830597+00:00
9215,INPROC_D93D85,1,10,team2,Team 2 (E/W),18,102,39,♠,finished,2026-05-17T16:38:14.846777+00:00
9216,INPROC_D4FD54,1,10,team1,Team 1 (N/S),64,56,17,♦,finished,2026-05-17T16:38:14.864522+00:00
9217,INPROC_F95177,1,10,team2,Team 2 (E/W),41,79,31,♠,finished,2026-05-17T16:38:14.881237+00:00
9218,INPROC_1A7F88,1,10,team2,Team 2 (E/W),59,61,28,♥,finished,2026-05-17T16:38:14.898095+00:00
9219,INPROC_2858A6,1,10,team2,Team 2 (E/W),48,72,5,♣,finished,2026-05-17T16:38:14.915288+00:00
9220,INPROC_7029E8,1,10,team1,Team 1 (N/S),61,59,11,♦,finished,2026-05-17T16:38:14.931530+00:00
9221,INPROC_101005,1,10,team2,Team 2 (E/W),37,83,37,♠,finished,2026-05-17T16:38:14.947452+00:00
9222,INPROC_DB7710,1,10,draw,draw,60,60,6,♣,finished,2026-05-17T16:38:14.966023+00:00
9223,INPROC_D87C0F,1,10,team1,Team 1 (N/S),80,40,3,♣,finished,2026-05-17T16:38:14.984415+00:00
9224,INPROC_8C8A74,1,10,team2,Team 2 (E/W),53,67,23,♥,finished,2026-05-17T16:38:15.008322+00:00
9225,INPROC_CF416A,1,10,team2,Team 2 (E/W),45,75,1,♣,finished,2026-05-17T16:38:15.034349+00:00
9226,INPROC_58A0B0,1,10,team2,Team 2 (E/W),17,103,23,♥,finished,2026-05-17T16:38:15.051984+00:00
9227,INPROC_365139,1,10,team1,Team 1 (N/S),86,34,17,♦,finished,2026-05-17T16:38:15.070904+00:00
9228,INPROC_D2231B,1,10,team2,Team 2 (E/W),34,86,37,♠,finished,2026-05-17T16:38:15.088243+00:00
9229,INPROC_FA8D22,1,10,team1,Team 1 (N/S),77,43,23,♥,finished,2026-05-17T16:38:15.106346+00:00
9230,INPROC_EF9466,1,10,team2,Team 2 (E/W),56,64,35,♠,finished,2026-05-17T16:38:15.124109+00:00
9231,INPROC_FC436D,1,10,team1,Team 1 (N/S),91,29,22,♥,finished,2026-05-17T16:38:15.139782+00:00
9232,INPROC_F9AEE8,1,10,team1,Team 1 (N/S),67,53,4,♣,finished,2026-05-17T16:38:15.153967+00:00
9233,INPROC_F463C1,1,10,team2,Team 2 (E/W),56,64,37,♠,finished,2026-05-17T16:38:15.168544+00:00
9234,INPROC_62BBAD,1,10,team1,Team 1 (N/S),93,27,4,♣,finished,2026-05-17T16:38:15.184840+00:00
9235,INPROC_248297,1,10,team1,Team 1 (N/S),62,58,34,♠,finished,2026-05-17T16:38:15.200855+00:00
9236,INPROC_4973D6,1,10,team2,Team 2 (E/W),28,92,9,♣,finished,2026-05-17T16:38:15.215875+00:00
9237,INPROC_B16ED1,1,10,team2,Team 2 (E/W),43,77,39,♠,finished,2026-05-17T16:38:15.232338+00:00
9238,INPROC_AC8491,1,10,team1,Team 1 (N/S),62,58,12,♦,finished,2026-05-17T16:38:15.248519+00:00
9239,INPROC_0B9A3A,1,10,team1,Team 1 (N/S),76,44,18,♦,finished,2026-05-17T16:38:15.263109+00:00
9240,INPROC_D125B2,1,10,team1,Team 1 (N/S),100,20,9,♣,finished,2026-05-17T16:38:15.278515+00:00
9241,INPROC_A5DA6B,1,10,team1,Team 1 (N/S),68,52,5,♣,finished,2026-05-17T16:38:15.294411+00:00
9242,INPROC_1FE349,1,10,team2,Team 2 (E/W),41,79,34,♠,finished,2026-05-17T16:38:15.309684+00:00
9243,INPROC_492A37,1,10,team2,Team 2 (E/W),12,108,6,♣,finished,2026-05-17T16:38:15.324515+00:00
9244,INPROC_DFB183,1,10,team1,Team 1 (N/S),76,44,21,♥,finished,2026-05-17T16:38:15.339371+00:00
9245,INPROC_98161D,1,10,team2,Team 2 (E/W),52,68,32,♠,finished,2026-05-17T16:38:15.356712+00:00
9246,INPROC_31559F,1,10,team1,Team 1 (N/S),88,32,25,♥,finished,2026-05-17T16:38:15.373016+00:00
9247,INPROC_E08E1E,1,10,team2,Team 2 (E/W),29,91,27,♥,finished,2026-05-17T16:38:15.387665+00:00
9248,INPROC_F2FAAC,1,10,team2,Team 2 (E/W),55,65,38,♠,finished,2026-05-17T16:38:15.405357+00:00
9249,INPROC_E21496,1,10,team2,Team 2 (E/W),58,62,19,♦,finished,2026-05-17T16:38:15.419362+00:00
9250,INPROC_F3786C,1,10,team1,Team 1 (N/S),100,20,12,♦,finished,2026-05-17T16:38:15.436229+00:00
9251,INPROC_AE9CEB,1,10,team1,Team 1 (N/S),75,45,27,♥,finished,2026-05-17T16:38:15.452907+00:00
9252,INPROC_6BC52B,1,10,team1,Team 1 (N/S),69,51,16,♦,finished,2026-05-17T16:38:15.469398+00:00
9253,INPROC_4EED7A,1,10,team1,Team 1 (N/S),106,14,1,♣,finished,2026-05-17T16:38:15.485268+00:00
9254,INPROC_CC6D7A,1,10,team2,Team 2 (E/W),43,77,7,♣,finished,2026-05-17T16:38:15.502722+00:00
9255,INPROC_BAFC89,1,10,team2,Team 2 (E/W),25,95,33,♠,finished,2026-05-17T16:38:15.516852+00:00
9256,INPROC_661395,1,10,team2,Team 2 (E/W),39,81,5,♣,finished,2026-05-17T16:38:15.531896+00:00
9257,INPROC_CCF458,1,10,team1,Team 1 (N/S),84,36,26,♥,finished,2026-05-17T16:38:15.547620+00:00
9258,INPROC_FC646C,1,10,team2,Team 2 (E/W),59,61,25,♥,finished,2026-05-17T16:38:15.566326+00:00
9259,INPROC_CD8836,1,10,team1,Team 1 (N/S),115,5,17,♦,finished,2026-05-17T16:38:15.583031+00:00
9260,INPROC_FB7D4D,1,10,team2,Team 2 (E/W),36,84,3,♣,finished,2026-05-17T16:38:15.602070+00:00
9261,INPROC_7DA1AD,1,10,team2,Team 2 (E/W),43,77,32,♠,finished,2026-05-17T16:38:15.620013+00:00
9262,INPROC_643BBF,1,10,team2,Team 2 (E/W),32,88,28,♥,finished,2026-05-17T16:38:15.637293+00:00
9263,INPROC_221034,1,10,team1,Team 1 (N/S),77,43,31,♠,finished,2026-05-17T16:38:15.654917+00:00
9264,INPROC_B3DC40,1,10,team1,Team 1 (N/S),79,41,5,♣,finished,2026-05-17T16:38:15.671839+00:00
9265,INPROC_22F9F4,1,10,team2,Team 2 (E/W),36,84,11,♦,finished,2026-05-17T16:38:15.686274+00:00
9266,INPROC_16ADB5,1,10,team2,Team 2 (E/W),54,66,36,♠,finished,2026-05-17T16:38:15.704026+00:00
9267,INPROC_714B01,1,10,team1,Team 1 (N/S),88,32,14,♦,finished,2026-05-17T16:38:15.720629+00:00
9268,INPROC_CE557C,1,10,team1,Team 1 (N/S),104,16,6,♣,finished,2026-05-17T16:38:15.738410+00:00
9269,INPROC_5E17E5,1,10,team2,Team 2 (E/W),44,76,28,♥,finished,2026-05-17T16:38:15.755670+00:00
9270,INPROC_C3D621,1,10,team2,Team 2 (E/W),59,61,5,♣,finished,2026-05-17T16:38:15.774127+00:00
9271,INPROC_836AFB,1,10,team1,Team 1 (N/S),74,46,30,♠,finished,2026-05-17T16:38:15.791068+00:00
9272,INPROC_EE84B6,1,10,team2,Team 2 (E/W),35,85,11,♦,finished,2026-05-17T16:38:15.810416+00:00
9273,INPROC_975B4E,1,10,team2,Team 2 (E/W),39,81,33,♠,finished,2026-05-17T16:38:15.828112+00:00
9274,INPROC_763CBB,1,10,team2,Team 2 (E/W),47,73,22,♥,finished,2026-05-17T16:38:15.841957+00:00
9275,INPROC_15A31C,1,10,team1,Team 1 (N/S),85,35,12,♦,finished,2026-05-17T16:38:15.858909+00:00
9276,INPROC_2FC902,1,10,team1,Team 1 (N/S),63,57,16,♦,finished,2026-05-17T16:38:15.875723+00:00
9277,INPROC_04CE3E,1,10,team1,Team 1 (N/S),86,34,13,♦,finished,2026-05-17T16:38:15.891265+00:00
9278,INPROC_F20C7C,1,10,team2,Team 2 (E/W),37,83,29,♥,finished,2026-05-17T16:38:15.907511+00:00
9279,INPROC_67F78B,1,10,draw,draw,60,60,4,♣,finished,2026-05-17T16:38:15.922638+00:00
9280,INPROC_EBA10D,1,10,team1,Team 1 (N/S),106,14,3,♣,finished,2026-05-17T16:38:15.940508+00:00
9281,INPROC_EF6283,1,10,team2,Team 2 (E/W),48,72,8,♣,finished,2026-05-17T16:38:15.956512+00:00
9282,INPROC_CD6F87,1,10,team2,Team 2 (E/W),52,68,12,♦,finished,2026-05-17T16:38:15.974663+00:00
9283,INPROC_377366,1,10,team2,Team 2 (E/W),50,70,31,♠,finished,2026-05-17T16:38:15.991572+00:00
9284,INPROC_0FE971,1,10,team1,Team 1 (N/S),106,14,36,♠,finished,2026-05-17T16:38:16.009204+00:00
9285,INPROC_9B2B14,1,10,team1,Team 1 (N/S),62,58,28,♥,finished,2026-05-17T16:38:16.025511+00:00
9286,INPROC_1600F3,1,10,team2,Team 2 (E/W),19,101,36,♠,finished,2026-05-17T16:38:16.041036+00:00
9287,INPROC_AB255D,1,10,team2,Team 2 (E/W),50,70,30,♠,finished,2026-05-17T16:38:16.056755+00:00
9288,INPROC_0E1FA5,1,10,team1,Team 1 (N/S),63,57,9,♣,finished,2026-05-17T16:38:16.073090+00:00
9289,INPROC_5217EC,1,10,team2,Team 2 (E/W),58,62,8,♣,finished,2026-05-17T16:38:16.090677+00:00
9290,INPROC_0B1119,1,10,team2,Team 2 (E/W),24,96,17,♦,finished,2026-05-17T16:38:16.108171+00:00
9291,INPROC_5FDA50,1,10,draw,draw,60,60,25,♥,finished,2026-05-17T16:38:16.124809+00:00
9292,INPROC_715100,1,10,team2,Team 2 (E/W),48,72,9,♣,finished,2026-05-17T16:38:16.141290+00:00
9293,INPROC_E2B477,1,10,team1,Team 1 (N/S),85,35,33,♠,finished,2026-05-17T16:38:16.157674+00:00
9294,INPROC_C1E0CD,1,10,team2,Team 2 (E/W),54,66,30,♠,finished,2026-05-17T16:38:16.172195+00:00
9295,INPROC_010445,1,10,team1,Team 1 (N/S),91,29,23,♥,finished,2026-05-17T16:38:16.189016+00:00
9296,INPROC_1B682A,1,10,team2,Team 2 (E/W),15,105,37,♠,finished,2026-05-17T16:38:16.206644+00:00
9297,INPROC_D9182E,1,10,team2,Team 2 (E/W),46,74,22,♥,finished,2026-05-17T16:38:16.220343+00:00
9298,INPROC_B4D82B,1,10,team2,Team 2 (E/W),25,95,29,♥,finished,2026-05-17T16:38:16.235064+00:00
9299,INPROC_BCD504,1,10,team2,Team 2 (E/W),34,86,6,♣,finished,2026-05-17T16:38:16.251405+00:00
9300,INPROC_39E4E5,1,10,team1,Team 1 (N/S),62,58,20,♥,finished,2026-05-17T16:38:16.270163+00:00
9301,INPROC_A0EAB8,1,10,team2,Team 2 (E/W),14,106,7,♣,finished,2026-05-17T16:38:16.284277+00:00
9302,INPROC_A24C7D,1,10,team2,Team 2 (E/W),53,67,35,♠,finished,2026-05-17T16:38:16.298299+00:00
9303,INPROC_0996D1,1,10,team2,Team 2 (E/W),53,67,29,♥,finished,2026-05-17T16:38:16.315217+00:00
9304,INPROC_06F704,1,10,team1,Team 1 (N/S),91,29,39,♠,finished,2026-05-17T16:38:16.341997+00:00
9305,INPROC_FF136C,1,10,team2,Team 2 (E/W),44,76,14,♦,finished,2026-05-17T16:38:16.362023+00:00
9306,INPROC_E208D5,1,10,team2,Team 2 (E/W),40,80,36,♠,finished,2026-05-17T16:38:16.381145+00:00
9307,INPROC_B5A789,1,10,team1,Team 1 (N/S),87,33,31,♠,finished,2026-05-17T16:38:16.397719+00:00
9308,INPROC_6D6755,1,10,team2,Team 2 (E/W),56,64,7,♣,finished,2026-05-17T16:38:16.414936+00:00
9309,INPROC_4FDCB5,1,10,team2,Team 2 (E/W),54,66,4,♣,finished,2026-05-17T16:38:16.430151+00:00
9310,INPROC_B82A6F,1,10,team2,Team 2 (E/W),43,77,14,♦,finished,2026-05-17T16:38:16.447716+00:00
9311,INPROC_7FF932,1,10,team1,Team 1 (N/S),92,28,33,♠,finished,2026-05-17T16:38:16.464534+00:00
9312,INPROC_8B4B76,1,10,team1,Team 1 (N/S),68,52,14,♦,finished,2026-05-17T16:38:16.481082+00:00
9313,INPROC_CD18F1,1,10,team1,Team 1 (N/S),73,47,9,♣,finished,2026-05-17T16:38:16.497094+00:00
9314,INPROC_B20296,1,10,team2,Team 2 (E/W),44,76,0,♣,finished,2026-05-17T16:38:16.512653+00:00
9315,INPROC_50D051,1,10,team1,Team 1 (N/S),99,21,26,♥,finished,2026-05-17T16:38:16.528193+00:00
9316,INPROC_CE58E5,1,10,team2,Team 2 (E/W),36,84,16,♦,finished,2026-05-17T16:38:16.545431+00:00
9317,INPROC_D5D438,1,10,team2,Team 2 (E/W),15,105,17,♦,finished,2026-05-17T16:38:16.561679+00:00
9318,INPROC_0C5336,1,10,team2,Team 2 (E/W),49,71,31,♠,finished,2026-05-17T16:38:16.578259+00:00
9319,INPROC_3990E5,1,10,team2,Team 2 (E/W),51,69,38,♠,finished,2026-05-17T16:38:16.595227+00:00
9320,INPROC_9A5E27,1,10,draw,draw,60,60,13,♦,finished,2026-05-17T16:38:16.610578+00:00
9321,INPROC_0022BA,1,10,team2,Team 2 (E/W),28,92,10,♦,finished,2026-05-17T16:38:16.629356+00:00
9322,INPROC_C89B15,1,10,team2,Team 2 (E/W),32,88,0,♣,finished,2026-05-17T16:38:16.645902+00:00
9323,INPROC_DAE92D,1,10,team1,Team 1 (N/S),109,11,12,♦,finished,2026-05-17T16:38:16.663153+00:00
9324,INPROC_97DD7C,1,10,team1,Team 1 (N/S),74,46,13,♦,finished,2026-05-17T16:38:16.681387+00:00
9325,INPROC_B433BA,1,10,team2,Team 2 (E/W),27,93,26,♥,finished,2026-05-17T16:38:16.698265+00:00
9326,INPROC_63B70D,1,10,team2,Team 2 (E/W),44,76,11,♦,finished,2026-05-17T16:38:16.716184+00:00
9327,INPROC_59C531,1,10,team2,Team 2 (E/W),29,91,7,♣,finished,2026-05-17T16:38:16.733409+00:00
9328,INPROC_2F3414,1,10,team2,Team 2 (E/W),24,96,26,♥,finished,2026-05-17T16:38:16.749430+00:00
9329,INPROC_961AB5,1,10,team1,Team 1 (N/S),80,40,30,♠,finished,2026-05-17T16:38:16.764426+00:00
9330,INPROC_E1A47E,1,10,team1,Team 1 (N/S),65,55,21,♥,finished,2026-05-17T16:38:16.782131+00:00
9331,INPROC_F64E06,1,10,team2,Team 2 (E/W),33,87,10,♦,finished,2026-05-17T16:38:16.797983+00:00
9332,INPROC_2D9C63,1,10,team2,Team 2 (E/W),45,75,25,♥,finished,2026-05-17T16:38:16.817513+00:00
9333,INPROC_00A945,1,10,team2,Team 2 (E/W),50,70,28,♥,finished,2026-05-17T16:38:16.832902+00:00
9334,INPROC_65ED6F,1,10,team1,Team 1 (N/S),74,46,27,♥,finished,2026-05-17T16:38:16.848861+00:00
9335,INPROC_3C8CEF,1,10,team2,Team 2 (E/W),30,90,28,♥,finished,2026-05-17T16:38:16.864837+00:00
9336,INPROC_2E39BE,1,10,team1,Team 1 (N/S),65,55,15,♦,finished,2026-05-17T16:38:16.883040+00:00
9337,INPROC_0581B8,1,10,team1,Team 1 (N/S),90,30,0,♣,finished,2026-05-17T16:38:16.899510+00:00
9338,INPROC_A67249,1,10,team1,Team 1 (N/S),77,43,29,♥,finished,2026-05-17T16:38:16.914915+00:00
9339,INPROC_18EEC3,1,10,team1,Team 1 (N/S),63,57,9,♣,finished,2026-05-17T16:38:16.931134+00:00
9340,INPROC_9BA903,1,10,team2,Team 2 (E/W),46,74,17,♦,finished,2026-05-17T16:38:16.947601+00:00
9341,INPROC_094A82,1,10,team1,Team 1 (N/S),76,44,1,♣,finished,2026-05-17T16:38:16.959187+00:00
9342,INPROC_D54CC0,1,10,team2,Team 2 (E/W),49,71,5,♣,finished,2026-05-17T16:38:16.976425+00:00
9343,INPROC_2676EC,1,10,team1,Team 1 (N/S),96,24,9,♣,finished,2026-05-17T16:38:16.993422+00:00
9344,INPROC_FAA627,1,10,team1,Team 1 (N/S),91,29,32,♠,finished,2026-05-17T16:38:17.009022+00:00
9345,INPROC_F47C99,1,10,draw,draw,60,60,37,♠,finished,2026-05-17T16:38:17.026351+00:00
9346,INPROC_799347,1,10,team2,Team 2 (E/W),57,63,11,♦,finished,2026-05-17T16:38:17.043269+00:00
9347,INPROC_03ADDE,1,10,team1,Team 1 (N/S),80,40,11,♦,finished,2026-05-17T16:38:17.059686+00:00
9348,INPROC_436631,1,10,team1,Team 1 (N/S),108,12,36,♠,finished,2026-05-17T16:38:17.075829+00:00
9349,INPROC_8A8816,1,10,team1,Team 1 (N/S),106,14,23,♥,finished,2026-05-17T16:38:17.091647+00:00
9350,INPROC_1797AD,1,10,team2,Team 2 (E/W),52,68,38,♠,finished,2026-05-17T16:38:17.107606+00:00
9351,INPROC_68A215,1,10,team1,Team 1 (N/S),81,39,30,♠,finished,2026-05-17T16:38:17.122800+00:00
9352,INPROC_BD5923,1,10,team1,Team 1 (N/S),83,37,12,♦,finished,2026-05-17T16:38:17.139777+00:00
9353,INPROC_1B539E,1,10,team2,Team 2 (E/W),54,66,20,♥,finished,2026-05-17T16:38:17.157340+00:00
9354,INPROC_F3DC76,1,10,team2,Team 2 (E/W),41,79,10,♦,finished,2026-05-17T16:38:17.171895+00:00
9355,INPROC_0F42A3,1,10,team2,Team 2 (E/W),45,75,39,♠,finished,2026-05-17T16:38:17.188330+00:00
9356,INPROC_4068AB,1,10,team1,Team 1 (N/S),94,26,31,♠,finished,2026-05-17T16:38:17.204894+00:00
9357,INPROC_8409C1,1,10,team1,Team 1 (N/S),80,40,27,♥,finished,2026-05-17T16:38:17.221332+00:00
9358,INPROC_93FE5A,1,10,team2,Team 2 (E/W),29,91,3,♣,finished,2026-05-17T16:38:17.238569+00:00
9359,INPROC_EE38B8,1,10,team2,Team 2 (E/W),42,78,2,♣,finished,2026-05-17T16:38:17.254923+00:00
9360,INPROC_C137D5,1,10,team2,Team 2 (E/W),35,85,11,♦,finished,2026-05-17T16:38:17.268848+00:00
9361,INPROC_6E5321,1,10,team1,Team 1 (N/S),78,42,25,♥,finished,2026-05-17T16:38:17.285488+00:00
9362,INPROC_4CFCA4,1,10,team1,Team 1 (N/S),80,40,13,♦,finished,2026-05-17T16:38:17.298561+00:00
9363,INPROC_4C64A1,1,10,team2,Team 2 (E/W),30,90,15,♦,finished,2026-05-17T16:38:17.311615+00:00
9364,INPROC_A0002F,1,10,team2,Team 2 (E/W),53,67,39,♠,finished,2026-05-17T16:38:17.326647+00:00
9365,INPROC_B7BE5D,1,10,team1,Team 1 (N/S),86,34,16,♦,finished,2026-05-17T16:38:17.342134+00:00
9366,INPROC_4116B8,1,10,team2,Team 2 (E/W),30,90,7,♣,finished,2026-05-17T16:38:17.355655+00:00
9367,INPROC_9EC2A0,1,10,team1,Team 1 (N/S),96,24,35,♠,finished,2026-05-17T16:38:17.372132+00:00
9368,INPROC_7BFB96,1,10,team2,Team 2 (E/W),41,79,31,♠,finished,2026-05-17T16:38:17.389011+00:00
9369,INPROC_163A27,1,10,team1,Team 1 (N/S),72,48,3,♣,finished,2026-05-17T16:38:17.406178+00:00
9370,INPROC_FB9839,1,10,team2,Team 2 (E/W),46,74,6,♣,finished,2026-05-17T16:38:17.421529+00:00
9371,INPROC_E3D4EB,1,10,team1,Team 1 (N/S),84,36,18,♦,finished,2026-05-17T16:38:17.440416+00:00
9372,INPROC_29A091,1,10,team1,Team 1 (N/S),77,43,14,♦,finished,2026-05-17T16:38:17.457292+00:00
9373,INPROC_DD0BCF,1,10,team1,Team 1 (N/S),99,21,1,♣,finished,2026-05-17T16:38:17.471517+00:00
9374,INPROC_AACE3D,1,10,team1,Team 1 (N/S),74,46,25,♥,finished,2026-05-17T16:38:17.488279+00:00
9375,INPROC_F41D68,1,10,team2,Team 2 (E/W),54,66,12,♦,finished,2026-05-17T16:38:17.504577+00:00
9376,INPROC_F79D47,1,10,team1,Team 1 (N/S),65,55,7,♣,finished,2026-05-17T16:38:17.521351+00:00
9377,INPROC_BBADA2,1,10,team2,Team 2 (E/W),48,72,0,♣,finished,2026-05-17T16:38:17.537802+00:00
9378,INPROC_E1E225,1,10,team1,Team 1 (N/S),120,0,2,♣,finished,2026-05-17T16:38:17.552118+00:00
9379,INPROC_95AD01,1,10,team1,Team 1 (N/S),62,58,4,♣,finished,2026-05-17T16:38:17.568591+00:00
9380,INPROC_19EDEE,1,10,team1,Team 1 (N/S),76,44,16,♦,finished,2026-05-17T16:38:17.585647+00:00
9381,INPROC_DEFCDA,1,10,team2,Team 2 (E/W),58,62,32,♠,finished,2026-05-17T16:38:17.601045+00:00
9382,INPROC_DFCC27,1,10,team1,Team 1 (N/S),75,45,9,♣,finished,2026-05-17T16:38:17.618584+00:00
9383,INPROC_FAAF50,1,10,team1,Team 1 (N/S),105,15,17,♦,finished,2026-05-17T16:38:17.636913+00:00
9384,INPROC_3DD630,1,10,team1,Team 1 (N/S),90,30,13,♦,finished,2026-05-17T16:38:17.654708+00:00
9385,INPROC_717622,1,10,team2,Team 2 (E/W),27,93,7,♣,finished,2026-05-17T16:38:17.672939+00:00
9386,INPROC_1F46EA,1,10,team2,Team 2 (E/W),50,70,1,♣,finished,2026-05-17T16:38:17.691093+00:00
9387,INPROC_F60406,1,10,team1,Team 1 (N/S),71,49,23,♥,finished,2026-05-17T16:38:17.707025+00:00
9388,INPROC_104CB7,1,10,team2,Team 2 (E/W),44,76,21,♥,finished,2026-05-17T16:38:17.726503+00:00
9389,INPROC_5D90A0,1,10,team2,Team 2 (E/W),59,61,28,♥,finished,2026-05-17T16:38:17.744348+00:00
9390,INPROC_A7549F,1,10,team2,Team 2 (E/W),58,62,30,♠,finished,2026-05-17T16:38:17.762232+00:00
9391,INPROC_EC0D43,1,10,team2,Team 2 (E/W),48,72,14,♦,finished,2026-05-17T16:38:17.780164+00:00
9392,INPROC_93C49A,1,10,team2,Team 2 (E/W),51,69,16,♦,finished,2026-05-17T16:38:17.798465+00:00
9393,INPROC_5DCA6F,1,10,team1,Team 1 (N/S),99,21,33,♠,finished,2026-05-17T16:38:17.815272+00:00
9394,INPROC_8990E9,1,10,team1,Team 1 (N/S),86,34,32,♠,finished,2026-05-17T16:38:17.833550+00:00
9395,INPROC_A34531,1,10,team2,Team 2 (E/W),58,62,19,♦,finished,2026-05-17T16:38:17.851488+00:00
9396,INPROC_70A2B9,1,10,team1,Team 1 (N/S),73,47,35,♠,finished,2026-05-17T16:38:17.868757+00:00
9397,INPROC_A88CD4,1,10,team2,Team 2 (E/W),59,61,14,♦,finished,2026-05-17T16:38:17.886942+00:00
9398,INPROC_708DE8,1,10,team2,Team 2 (E/W),33,87,25,♥,finished,2026-05-17T16:38:17.901363+00:00
9399,INPROC_8889EA,1,10,team2,Team 2 (E/W),56,64,22,♥,finished,2026-05-17T16:38:17.915995+00:00
9400,INPROC_4E3D88,1,10,team2,Team 2 (E/W),37,83,28,♥,finished,2026-05-17T16:38:17.933238+00:00
9401,INPROC_1197BC,1,10,team2,Team 2 (E/W),34,86,18,♦,finished,2026-05-17T16:38:17.948971+00:00
9402,INPROC_B15047,1,10,team1,Team 1 (N/S),65,55,0,♣,finished,2026-05-17T16:38:17.967015+00:00
9403,INPROC_1EDBE7,1,10,team1,Team 1 (N/S),61,59,22,♥,finished,2026-05-17T16:38:17.981888+00:00
9404,INPROC_79312D,1,10,team1,Team 1 (N/S),99,21,30,♠,finished,2026-05-17T16:38:18.000673+00:00
9405,INPROC_6492F1,1,10,team2,Team 2 (E/W),41,79,0,♣,finished,2026-05-17T16:38:18.018618+00:00
9406,INPROC_F64A8B,1,10,team2,Team 2 (E/W),2,118,12,♦,finished,2026-05-17T16:38:18.036855+00:00
9407,INPROC_53A6F6,1,10,team2,Team 2 (E/W),47,73,35,♠,finished,2026-05-17T16:38:18.050844+00:00
9408,INPROC_7D9C35,1,10,team2,Team 2 (E/W),33,87,21,♥,finished,2026-05-17T16:38:18.068584+00:00
9409,INPROC_8E1297,1,10,team1,Team 1 (N/S),85,35,33,♠,finished,2026-05-17T16:38:18.086780+00:00
9410,INPROC_6EF088,1,10,team1,Team 1 (N/S),77,43,33,♠,finished,2026-05-17T16:38:18.107614+00:00
9411,INPROC_5A5F64,1,10,team1,Team 1 (N/S),80,40,19,♦,finished,2026-05-17T16:38:18.125511+00:00
9412,INPROC_FCEB59,1,10,team1,Team 1 (N/S),64,56,25,♥,finished,2026-05-17T16:38:18.143360+00:00
9413,INPROC_FE796B,1,10,team2,Team 2 (E/W),53,67,3,♣,finished,2026-05-17T16:38:18.160103+00:00
9414,INPROC_FB0B6E,1,10,team1,Team 1 (N/S),67,53,25,♥,finished,2026-05-17T16:38:18.175743+00:00
9415,INPROC_0EC5BA,1,10,team2,Team 2 (E/W),32,88,38,♠,finished,2026-05-17T16:38:18.193100+00:00
9416,INPROC_45D03D,1,10,team2,Team 2 (E/W),47,73,25,♥,finished,2026-05-17T16:38:18.210378+00:00
9417,INPROC_B3A777,1,10,team1,Team 1 (N/S),79,41,1,♣,finished,2026-05-17T16:38:18.228734+00:00
9418,INPROC_4D06FF,1,10,team2,Team 2 (E/W),35,85,12,♦,finished,2026-05-17T16:38:18.247290+00:00
9419,INPROC_5F8286,1,10,team1,Team 1 (N/S),81,39,31,♠,finished,2026-05-17T16:38:18.265526+00:00
9420,INPROC_F87F33,1,10,team2,Team 2 (E/W),59,61,4,♣,finished,2026-05-17T16:38:18.284933+00:00
9421,INPROC_C17E0F,1,10,team2,Team 2 (E/W),20,100,7,♣,finished,2026-05-17T16:38:18.303123+00:00
9422,INPROC_7C9EC3,1,10,team1,Team 1 (N/S),64,56,6,♣,finished,2026-05-17T16:38:18.320219+00:00
9423,INPROC_EE6A0C,1,10,team1,Team 1 (N/S),94,26,13,♦,finished,2026-05-17T16:38:18.336643+00:00
9424,INPROC_E40608,1,10,team2,Team 2 (E/W),37,83,28,♥,finished,2026-05-17T16:38:18.354486+00:00
9425,INPROC_E20430,1,10,team1,Team 1 (N/S),64,56,6,♣,finished,2026-05-17T16:38:18.370825+00:00
9426,INPROC_EB8F5C,1,10,team2,Team 2 (E/W),57,63,36,♠,finished,2026-05-17T16:38:18.386308+00:00
9427,INPROC_502AB4,1,10,team2,Team 2 (E/W),58,62,22,♥,finished,2026-05-17T16:38:18.403175+00:00
9428,INPROC_3DBED3,1,10,team1,Team 1 (N/S),106,14,37,♠,finished,2026-05-17T16:38:18.420847+00:00
9429,INPROC_F0FE95,1,10,team2,Team 2 (E/W),31,89,33,♠,finished,2026-05-17T16:38:17.891671+00:00
9430,INPROC_E7EAF2,1,10,team1,Team 1 (N/S),78,42,34,♠,finished,2026-05-17T16:38:17.910527+00:00
9431,INPROC_70FF8E,1,10,team2,Team 2 (E/W),28,92,8,♣,finished,2026-05-17T16:38:17.927306+00:00
9432,INPROC_B90F3D,1,10,team2,Team 2 (E/W),53,67,17,♦,finished,2026-05-17T16:38:17.946811+00:00
9433,INPROC_287900,1,10,team2,Team 2 (E/W),23,97,27,♥,finished,2026-05-17T16:38:17.966592+00:00
9434,INPROC_6B2A22,1,10,team2,Team 2 (E/W),46,74,35,♠,finished,2026-05-17T16:38:17.984272+00:00
9435,INPROC_40C2E0,1,10,team2,Team 2 (E/W),26,94,2,♣,finished,2026-05-17T16:38:18.003024+00:00
9436,INPROC_8F8EA7,1,10,team1,Team 1 (N/S),99,21,1,♣,finished,2026-05-17T16:38:18.020098+00:00
9437,INPROC_745EFE,1,10,team2,Team 2 (E/W),40,80,29,♥,finished,2026-05-17T16:38:18.035413+00:00
9438,INPROC_E6B0A6,1,10,team1,Team 1 (N/S),81,39,26,♥,finished,2026-05-17T16:38:18.052643+00:00
9439,INPROC_13DB56,1,10,team2,Team 2 (E/W),39,81,9,♣,finished,2026-05-17T16:38:18.069646+00:00
9440,INPROC_6816FB,1,10,team2,Team 2 (E/W),57,63,5,♣,finished,2026-05-17T16:38:18.089558+00:00
9441,INPROC_A09DB6,1,10,team2,Team 2 (E/W),49,71,27,♥,finished,2026-05-17T16:38:18.108145+00:00
9442,INPROC_B273C9,1,10,team1,Team 1 (N/S),92,28,36,♠,finished,2026-05-17T16:38:18.126947+00:00
9443,INPROC_FBA3F1,1,10,team1,Team 1 (N/S),78,42,10,♦,finished,2026-05-17T16:38:18.145763+00:00
9444,INPROC_9A3D84,1,10,team1,Team 1 (N/S),66,54,33,♠,finished,2026-05-17T16:38:18.164338+00:00
9445,INPROC_0AC516,1,10,team1,Team 1 (N/S),88,32,14,♦,finished,2026-05-17T16:38:18.214123+00:00
9446,INPROC_42F01B,1,10,team1,Team 1 (N/S),79,41,1,♣,finished,2026-05-17T16:38:18.244637+00:00
9447,INPROC_B70CBD,1,10,team1,Team 1 (N/S),73,47,2,♣,finished,2026-05-17T16:38:18.267025+00:00
9448,INPROC_357C61,1,10,team1,Team 1 (N/S),74,46,2,♣,finished,2026-05-17T16:38:18.289288+00:00
9449,INPROC_F82F95,1,10,team2,Team 2 (E/W),57,63,16,♦,finished,2026-05-17T16:38:18.311270+00:00
9450,INPROC_A1DB18,1,10,team2,Team 2 (E/W),58,62,1,♣,finished,2026-05-17T16:38:18.330740+00:00
9451,INPROC_F91741,1,10,team1,Team 1 (N/S),94,26,34,♠,finished,2026-05-17T16:38:18.349508+00:00
9452,INPROC_9D434E,1,10,team1,Team 1 (N/S),83,37,19,♦,finished,2026-05-17T16:38:18.365343+00:00
9453,INPROC_3BE4A9,1,10,team2,Team 2 (E/W),26,94,4,♣,finished,2026-05-17T16:38:18.380172+00:00
9454,INPROC_DB21E6,1,10,team2,Team 2 (E/W),55,65,28,♥,finished,2026-05-17T16:38:18.399464+00:00
9455,INPROC_2929D1,1,10,team1,Team 1 (N/S),61,59,17,♦,finished,2026-05-17T16:38:18.413384+00:00
9456,INPROC_F199EB,1,10,team1,Team 1 (N/S),104,16,32,♠,finished,2026-05-17T16:38:18.427145+00:00
9457,INPROC_ACA7B8,1,10,team2,Team 2 (E/W),59,61,36,♠,finished,2026-05-17T16:38:18.441652+00:00
9458,INPROC_AFC2A4,1,10,team1,Team 1 (N/S),90,30,33,♠,finished,2026-05-17T16:38:18.458508+00:00
9459,INPROC_FDF187,1,10,team1,Team 1 (N/S),76,44,30,♠,finished,2026-05-17T16:38:18.476019+00:00
9460,INPROC_2EA6C4,1,10,team2,Team 2 (E/W),39,81,23,♥,finished,2026-05-17T16:38:18.491862+00:00
9461,INPROC_B806A1,1,10,team1,Team 1 (N/S),65,55,35,♠,finished,2026-05-17T16:38:18.508558+00:00
9462,INPROC_432DC9,1,10,team2,Team 2 (E/W),59,61,3,♣,finished,2026-05-17T16:38:18.523445+00:00
9463,INPROC_3FE63A,1,10,team2,Team 2 (E/W),54,66,29,♥,finished,2026-05-17T16:38:18.538961+00:00
9464,INPROC_9C1A2C,1,10,team2,Team 2 (E/W),49,71,14,♦,finished,2026-05-17T16:38:18.553597+00:00
9465,INPROC_5E5BD6,1,10,team2,Team 2 (E/W),14,106,29,♥,finished,2026-05-17T16:38:18.572354+00:00
9466,INPROC_5BAE19,1,10,team1,Team 1 (N/S),102,18,25,♥,finished,2026-05-17T16:38:18.587753+00:00
9467,INPROC_61ECD0,1,10,team2,Team 2 (E/W),14,106,26,♥,finished,2026-05-17T16:38:18.605711+00:00
9468,INPROC_201503,1,10,team2,Team 2 (E/W),33,87,14,♦,finished,2026-05-17T16:38:18.624077+00:00
9469,INPROC_A9EC32,1,10,team1,Team 1 (N/S),86,34,34,♠,finished,2026-05-17T16:38:18.640981+00:00
9470,INPROC_ADC2DD,1,10,team2,Team 2 (E/W),56,64,9,♣,finished,2026-05-17T16:38:18.657619+00:00
9471,INPROC_29172F,1,10,team2,Team 2 (E/W),34,86,3,♣,finished,2026-05-17T16:38:18.674811+00:00
9472,INPROC_5E2F6E,1,10,team1,Team 1 (N/S),106,14,4,♣,finished,2026-05-17T16:38:18.692173+00:00
9473,INPROC_39E568,1,10,team2,Team 2 (E/W),49,71,22,♥,finished,2026-05-17T16:38:18.709439+00:00
9474,INPROC_B9A523,1,10,team1,Team 1 (N/S),73,47,36,♠,finished,2026-05-17T16:38:18.722646+00:00
9475,INPROC_0300C4,1,10,team2,Team 2 (E/W),40,80,17,♦,finished,2026-05-17T16:38:18.738527+00:00
9476,INPROC_859CB1,1,10,team1,Team 1 (N/S),94,26,25,♥,finished,2026-05-17T16:38:18.754671+00:00
9477,INPROC_89046D,1,10,team1,Team 1 (N/S),87,33,22,♥,finished,2026-05-17T16:38:18.770903+00:00
9478,INPROC_810E2E,1,10,team2,Team 2 (E/W),3,117,34,♠,finished,2026-05-17T16:38:18.785663+00:00
9479,INPROC_F9DEB6,1,10,team2,Team 2 (E/W),47,73,39,♠,finished,2026-05-17T16:38:18.799037+00:00
9480,INPROC_B3F599,1,10,team2,Team 2 (E/W),27,93,15,♦,finished,2026-05-17T16:38:18.813409+00:00
9481,INPROC_A4C5AF,1,10,team2,Team 2 (E/W),47,73,21,♥,finished,2026-05-17T16:38:18.830046+00:00
9482,INPROC_DFD3E2,1,10,team1,Team 1 (N/S),85,35,4,♣,finished,2026-05-17T16:38:18.848956+00:00
9483,INPROC_2889E8,1,10,team2,Team 2 (E/W),53,67,18,♦,finished,2026-05-17T16:38:18.864786+00:00
9484,INPROC_E7EB8A,1,10,team2,Team 2 (E/W),39,81,11,♦,finished,2026-05-17T16:38:18.880616+00:00
9485,INPROC_97A46B,1,10,team2,Team 2 (E/W),47,73,18,♦,finished,2026-05-17T16:38:18.896473+00:00
9486,INPROC_F6D371,1,10,team1,Team 1 (N/S),80,40,25,♥,finished,2026-05-17T16:38:18.912109+00:00
9487,INPROC_9EDE37,1,10,team1,Team 1 (N/S),68,52,20,♥,finished,2026-05-17T16:38:18.927389+00:00
9488,INPROC_AC5313,1,10,team2,Team 2 (E/W),39,81,34,♠,finished,2026-05-17T16:38:18.941049+00:00
9489,INPROC_5392D8,1,10,team2,Team 2 (E/W),37,83,16,♦,finished,2026-05-17T16:38:18.957189+00:00
9490,INPROC_EA7558,1,10,team2,Team 2 (E/W),42,78,33,♠,finished,2026-05-17T16:38:18.973937+00:00
9491,INPROC_FE5D01,1,10,team2,Team 2 (E/W),59,61,34,♠,finished,2026-05-17T16:38:18.992102+00:00
9492,INPROC_86113A,1,10,team1,Team 1 (N/S),90,30,4,♣,finished,2026-05-17T16:38:19.007283+00:00
9493,INPROC_BA10F3,1,10,team1,Team 1 (N/S),83,37,13,♦,finished,2026-05-17T16:38:19.022152+00:00
9494,INPROC_169D36,1,10,team1,Team 1 (N/S),81,39,19,♦,finished,2026-05-17T16:38:19.036280+00:00
9495,INPROC_534B35,1,10,team1,Team 1 (N/S),75,45,23,♥,finished,2026-05-17T16:38:19.049882+00:00
9496,INPROC_29BD01,1,10,team2,Team 2 (E/W),20,100,22,♥,finished,2026-05-17T16:38:19.064499+00:00
9497,INPROC_38E537,1,10,team2,Team 2 (E/W),32,88,36,♠,finished,2026-05-17T16:38:19.080270+00:00
9498,INPROC_3A8661,1,10,team1,Team 1 (N/S),66,54,16,♦,finished,2026-05-17T16:38:19.095459+00:00
9499,INPROC_AADC78,1,10,team2,Team 2 (E/W),46,74,17,♦,finished,2026-05-17T16:38:19.112381+00:00
9500,INPROC_43A8E7,1,10,team2,Team 2 (E/W),41,79,30,♠,finished,2026-05-17T16:38:19.129147+00:00
9501,INPROC_14CBC4,1,10,team2,Team 2 (E/W),47,73,11,♦,finished,2026-05-17T16:38:19.148730+00:00
9502,INPROC_2B7B50,1,10,team1,Team 1 (N/S),78,42,26,♥,finished,2026-05-17T16:38:19.165794+00:00
9503,INPROC_CD2EC9,1,10,team2,Team 2 (E/W),47,73,14,♦,finished,2026-05-17T16:38:19.184002+00:00
9504,INPROC_8FFACC,1,10,team2,Team 2 (E/W),50,70,21,♥,finished,2026-05-17T16:38:19.200753+00:00
9505,INPROC_79CFFB,1,10,team1,Team 1 (N/S),80,40,36,♠,finished,2026-05-17T16:38:19.218406+00:00
9506,INPROC_3BCE82,1,10,team2,Team 2 (E/W),37,83,4,♣,finished,2026-05-17T16:38:19.237008+00:00
9507,INPROC_5DF5C1,1,10,team2,Team 2 (E/W),48,72,1,♣,finished,2026-05-17T16:38:19.254532+00:00
9508,INPROC_021FFA,1,10,team1,Team 1 (N/S),85,35,6,♣,finished,2026-05-17T16:38:19.270135+00:00
9509,INPROC_E34BCE,1,10,team2,Team 2 (E/W),46,74,25,♥,finished,2026-05-17T16:38:19.287504+00:00
9510,INPROC_A9BB6B,1,10,team1,Team 1 (N/S),71,49,13,♦,finished,2026-05-17T16:38:19.304571+00:00
9511,INPROC_A61D1F,1,10,team1,Team 1 (N/S),85,35,38,♠,finished,2026-05-17T16:38:19.323465+00:00
9512,INPROC_18F2CB,1,10,team1,Team 1 (N/S),65,55,1,♣,finished,2026-05-17T16:38:19.341819+00:00
9513,INPROC_48A9EB,1,10,team2,Team 2 (E/W),23,97,15,♦,finished,2026-05-17T16:38:19.357907+00:00
9514,INPROC_E8E5D6,1,10,team2,Team 2 (E/W),51,69,11,♦,finished,2026-05-17T16:38:19.371847+00:00
9515,INPROC_B0EE11,1,10,team2,Team 2 (E/W),42,78,5,♣,finished,2026-05-17T16:38:19.389203+00:00
9516,INPROC_461180,1,10,team1,Team 1 (N/S),88,32,11,♦,finished,2026-05-17T16:38:19.404272+00:00
9517,INPROC_A6FAA3,1,10,team1,Team 1 (N/S),80,40,5,♣,finished,2026-05-17T16:38:19.420198+00:00
9518,INPROC_60A70B,1,10,team1,Team 1 (N/S),65,55,33,♠,finished,2026-05-17T16:38:19.435183+00:00
9519,INPROC_C353A9,1,10,team2,Team 2 (E/W),41,79,21,♥,finished,2026-05-17T16:38:19.450070+00:00
9520,INPROC_C661EE,1,10,team1,Team 1 (N/S),84,36,37,♠,finished,2026-05-17T16:38:19.460262+00:00
9521,INPROC_A1E633,1,10,team1,Team 1 (N/S),71,49,16,♦,finished,2026-05-17T16:38:19.474395+00:00
9522,INPROC_9C6D4D,1,10,team2,Team 2 (E/W),57,63,38,♠,finished,2026-05-17T16:38:19.490051+00:00
9523,INPROC_652DAD,1,10,team2,Team 2 (E/W),29,91,22,♥,finished,2026-05-17T16:38:19.504660+00:00
9524,INPROC_F42A71,1,10,team1,Team 1 (N/S),90,30,28,♥,finished,2026-05-17T16:38:19.520103+00:00
9525,INPROC_71AEA3,1,10,team2,Team 2 (E/W),48,72,37,♠,finished,2026-05-17T16:38:19.533813+00:00
9526,INPROC_EB121A,1,10,team2,Team 2 (E/W),16,104,37,♠,finished,2026-05-17T16:38:19.549908+00:00
9527,INPROC_A4308E,1,10,team2,Team 2 (E/W),42,78,32,♠,finished,2026-05-17T16:38:19.565617+00:00
9528,INPROC_7C941A,1,10,team2,Team 2 (E/W),45,75,28,♥,finished,2026-05-17T16:38:19.581234+00:00
9529,INPROC_C9F1FB,1,10,team2,Team 2 (E/W),53,67,12,♦,finished,2026-05-17T16:38:19.598458+00:00
9530,INPROC_4A822D,1,10,team2,Team 2 (E/W),17,103,29,♥,finished,2026-05-17T16:38:19.612218+00:00
9531,INPROC_385CD4,1,10,draw,draw,60,60,29,♥,finished,2026-05-17T16:38:19.629947+00:00
9532,INPROC_126BEE,1,10,team2,Team 2 (E/W),38,82,28,♥,finished,2026-05-17T16:38:19.645390+00:00
9533,INPROC_B9277C,1,10,team2,Team 2 (E/W),48,72,5,♣,finished,2026-05-17T16:38:19.658480+00:00
9534,INPROC_C810D8,1,10,team2,Team 2 (E/W),38,82,34,♠,finished,2026-05-17T16:38:19.675406+00:00
9535,INPROC_9F0D29,1,10,team2,Team 2 (E/W),48,72,4,♣,finished,2026-05-17T16:38:19.691582+00:00
9536,INPROC_1D50B6,1,10,team2,Team 2 (E/W),14,106,38,♠,finished,2026-05-17T16:38:19.706397+00:00
9537,INPROC_8BE0CB,1,10,team1,Team 1 (N/S),67,53,23,♥,finished,2026-05-17T16:38:19.723265+00:00
9538,INPROC_76CCEF,1,10,team2,Team 2 (E/W),28,92,20,♥,finished,2026-05-17T16:38:19.740150+00:00
9539,INPROC_EE7705,1,10,team1,Team 1 (N/S),69,51,23,♥,finished,2026-05-17T16:38:19.753429+00:00
9540,INPROC_700BF9,1,10,draw,draw,60,60,13,♦,finished,2026-05-17T16:38:19.769294+00:00
9541,INPROC_57E2F8,1,10,team2,Team 2 (E/W),25,95,23,♥,finished,2026-05-17T16:38:19.786024+00:00
9542,INPROC_7BC09D,1,10,team2,Team 2 (E/W),27,93,11,♦,finished,2026-05-17T16:38:19.802642+00:00
9543,INPROC_273E24,1,10,team2,Team 2 (E/W),48,72,26,♥,finished,2026-05-17T16:38:19.818537+00:00
9544,INPROC_E61A78,1,10,team2,Team 2 (E/W),30,90,18,♦,finished,2026-05-17T16:38:19.832683+00:00
9545,INPROC_647F9A,1,10,draw,draw,60,60,25,♥,finished,2026-05-17T16:38:19.849033+00:00
9546,INPROC_CB2DA4,1,10,team2,Team 2 (E/W),37,83,23,♥,finished,2026-05-17T16:38:19.862900+00:00
9547,INPROC_0542DE,1,10,team2,Team 2 (E/W),45,75,4,♣,finished,2026-05-17T16:38:19.879050+00:00
9548,INPROC_429408,1,10,team2,Team 2 (E/W),36,84,36,♠,finished,2026-05-17T16:38:19.897474+00:00
9549,INPROC_109637,1,10,team2,Team 2 (E/W),32,88,5,♣,finished,2026-05-17T16:38:19.913001+00:00
9550,INPROC_4E2B38,1,10,team2,Team 2 (E/W),17,103,30,♠,finished,2026-05-17T16:38:19.930890+00:00
9551,INPROC_D644E2,1,10,draw,draw,60,60,4,♣,finished,2026-05-17T16:38:19.945191+00:00
9552,INPROC_CF6EC3,1,10,team1,Team 1 (N/S),70,50,24,♥,finished,2026-05-17T16:38:19.958622+00:00
9553,INPROC_AFB90F,1,10,team2,Team 2 (E/W),38,82,3,♣,finished,2026-05-17T16:38:19.973219+00:00
9554,INPROC_28728A,1,10,team1,Team 1 (N/S),63,57,1,♣,finished,2026-05-17T16:38:19.988459+00:00
9555,INPROC_4225C5,1,10,team1,Team 1 (N/S),66,54,23,♥,finished,2026-05-17T16:38:20.003788+00:00
9556,INPROC_CF2903,1,10,team2,Team 2 (E/W),36,84,26,♥,finished,2026-05-17T16:38:20.016394+00:00
9557,INPROC_1A2A48,1,10,team2,Team 2 (E/W),38,82,1,♣,finished,2026-05-17T16:38:20.031505+00:00
9558,INPROC_B2E792,1,10,team2,Team 2 (E/W),57,63,36,♠,finished,2026-05-17T16:38:20.050116+00:00
9559,INPROC_6EC81F,1,10,team2,Team 2 (E/W),25,95,9,♣,finished,2026-05-17T16:38:20.066944+00:00
9560,INPROC_814F02,1,10,team2,Team 2 (E/W),30,90,13,♦,finished,2026-05-17T16:38:20.084211+00:00
9561,INPROC_587AAB,1,10,team1,Team 1 (N/S),89,31,32,♠,finished,2026-05-17T16:38:20.100526+00:00
9562,INPROC_0133DA,1,10,team1,Team 1 (N/S),65,55,4,♣,finished,2026-05-17T16:38:20.117592+00:00
9563,INPROC_114D73,1,10,team2,Team 2 (E/W),35,85,36,♠,finished,2026-05-17T16:38:20.133961+00:00
9564,INPROC_8BAC9D,1,10,team1,Team 1 (N/S),64,56,28,♥,finished,2026-05-17T16:38:20.153514+00:00
9565,INPROC_23279A,1,10,team2,Team 2 (E/W),57,63,26,♥,finished,2026-05-17T16:38:20.169209+00:00
9566,INPROC_EA576B,1,10,team2,Team 2 (E/W),19,101,39,♠,finished,2026-05-17T16:38:20.187648+00:00
9567,INPROC_18248A,1,10,team2,Team 2 (E/W),59,61,15,♦,finished,2026-05-17T16:38:20.205017+00:00
9568,INPROC_2573FD,1,10,team2,Team 2 (E/W),32,88,19,♦,finished,2026-05-17T16:38:20.222108+00:00
9569,INPROC_42F001,1,10,team2,Team 2 (E/W),48,72,36,♠,finished,2026-05-17T16:38:20.239595+00:00
9570,INPROC_9DA3C7,1,10,team1,Team 1 (N/S),63,57,18,♦,finished,2026-05-17T16:38:20.256357+00:00
9571,INPROC_96E54A,1,10,team2,Team 2 (E/W),31,89,20,♥,finished,2026-05-17T16:38:20.272160+00:00
9572,INPROC_3C6D13,1,10,team2,Team 2 (E/W),28,92,37,♠,finished,2026-05-17T16:38:20.288882+00:00
9573,INPROC_8BB439,1,10,team1,Team 1 (N/S),72,48,11,♦,finished,2026-05-17T16:38:20.304862+00:00
9574,INPROC_5CB41A,1,10,team2,Team 2 (E/W),49,71,36,♠,finished,2026-05-17T16:38:20.321066+00:00
9575,INPROC_6AB236,1,10,team1,Team 1 (N/S),93,27,13,♦,finished,2026-05-17T16:38:20.335503+00:00
9576,INPROC_638668,1,10,team1,Team 1 (N/S),84,36,34,♠,finished,2026-05-17T16:38:20.350415+00:00
9577,INPROC_3EE12C,1,10,team1,Team 1 (N/S),68,52,10,♦,finished,2026-05-17T16:38:20.366572+00:00
9578,INPROC_3E214B,1,10,team1,Team 1 (N/S),74,46,1,♣,finished,2026-05-17T16:38:20.381231+00:00
9579,INPROC_F291A6,1,10,team1,Team 1 (N/S),81,39,12,♦,finished,2026-05-17T16:38:20.397771+00:00
9580,INPROC_40248F,1,10,team2,Team 2 (E/W),34,86,22,♥,finished,2026-05-17T16:38:20.414161+00:00
9581,INPROC_349D6D,1,10,team2,Team 2 (E/W),26,94,11,♦,finished,2026-05-17T16:38:20.428779+00:00
9582,INPROC_6F37BA,1,10,team1,Team 1 (N/S),68,52,32,♠,finished,2026-05-17T16:38:20.442562+00:00
9583,INPROC_EFB359,1,10,team2,Team 2 (E/W),41,79,5,♣,finished,2026-05-17T16:38:20.458557+00:00
9584,INPROC_F2F1B3,1,10,team1,Team 1 (N/S),61,59,6,♣,finished,2026-05-17T16:38:20.473765+00:00
9585,INPROC_974CD7,1,10,team2,Team 2 (E/W),38,82,3,♣,finished,2026-05-17T16:38:20.489489+00:00
9586,INPROC_65A7C5,1,10,team2,Team 2 (E/W),35,85,25,♥,finished,2026-05-17T16:38:20.505513+00:00
9587,INPROC_57B926,1,10,team1,Team 1 (N/S),99,21,4,♣,finished,2026-05-17T16:38:20.522048+00:00
9588,INPROC_BF542A,1,10,team2,Team 2 (E/W),13,107,16,♦,finished,2026-05-17T16:38:20.536210+00:00
9589,INPROC_9C9EC6,1,10,team2,Team 2 (E/W),54,66,13,♦,finished,2026-05-17T16:38:20.550243+00:00
9590,INPROC_CF76A0,1,10,draw,draw,60,60,4,♣,finished,2026-05-17T16:38:20.566642+00:00
9591,INPROC_131C58,1,10,team2,Team 2 (E/W),39,81,39,♠,finished,2026-05-17T16:38:20.601459+00:00
9592,INPROC_AC242F,1,10,team2,Team 2 (E/W),20,100,23,♥,finished,2026-05-17T16:38:20.620345+00:00
9593,INPROC_A1B419,1,10,team2,Team 2 (E/W),51,69,0,♣,finished,2026-05-17T16:38:20.640631+00:00
9594,INPROC_DD96A8,1,10,team1,Team 1 (N/S),120,0,34,♠,finished,2026-05-17T16:38:20.658589+00:00
9595,INPROC_5F1E37,1,10,team1,Team 1 (N/S),71,49,3,♣,finished,2026-05-17T16:38:20.671562+00:00
9596,INPROC_9F0944,1,10,team2,Team 2 (E/W),41,79,29,♥,finished,2026-05-17T16:38:20.686083+00:00
9597,INPROC_14C6C3,1,10,team2,Team 2 (E/W),57,63,10,♦,finished,2026-05-17T16:38:20.698673+00:00
9598,INPROC_ED49FD,1,10,team2,Team 2 (E/W),40,80,2,♣,finished,2026-05-17T16:38:20.709596+00:00
9599,INPROC_821291,1,10,team2,Team 2 (E/W),37,83,37,♠,finished,2026-05-17T16:38:20.720860+00:00
9600,INPROC_630714,1,10,team1,Team 1 (N/S),71,49,7,♣,finished,2026-05-17T16:38:20.735154+00:00
9601,INPROC_C55B77,1,10,team2,Team 2 (E/W),35,85,33,♠,finished,2026-05-17T16:38:20.747016+00:00
9602,INPROC_C7A060,1,10,team1,Team 1 (N/S),90,30,15,♦,finished,2026-05-17T16:38:20.757554+00:00
9603,INPROC_18EE73,1,10,team2,Team 2 (E/W),45,75,13,♦,finished,2026-05-17T16:38:20.769961+00:00
9604,INPROC_21E3EB,1,10,team2,Team 2 (E/W),34,86,15,♦,finished,2026-05-17T16:38:20.782811+00:00
9605,INPROC_39241B,1,10,team1,Team 1 (N/S),91,29,26,♥,finished,2026-05-17T16:38:20.796270+00:00
9606,INPROC_A4EAAF,1,10,draw,draw,60,60,36,♠,finished,2026-05-17T16:38:20.806718+00:00
9607,INPROC_5D0E1F,1,10,team1,Team 1 (N/S),65,55,31,♠,finished,2026-05-17T16:38:20.819257+00:00
9608,INPROC_EEFEFE,1,10,team2,Team 2 (E/W),42,78,10,♦,finished,2026-05-17T16:38:20.831490+00:00
9609,INPROC_415729,1,10,team1,Team 1 (N/S),61,59,29,♥,finished,2026-05-17T16:38:20.844526+00:00
9610,INPROC_9CEB06,1,10,team2,Team 2 (E/W),30,90,38,♠,finished,2026-05-17T16:38:20.860818+00:00
9611,INPROC_7BE802,1,10,draw,draw,60,60,29,♥,finished,2026-05-17T16:38:20.878659+00:00
9612,INPROC_5BEAD5,1,10,team1,Team 1 (N/S),80,40,27,♥,finished,2026-05-17T16:38:20.896213+00:00
9613,INPROC_CED4EF,1,10,team1,Team 1 (N/S),62,58,4,♣,finished,2026-05-17T16:38:20.912588+00:00
9614,INPROC_2DB753,1,10,team2,Team 2 (E/W),50,70,2,♣,finished,2026-05-17T16:38:20.930038+00:00
9615,INPROC_D7FA34,1,10,team1,Team 1 (N/S),95,25,0,♣,finished,2026-05-17T16:38:20.941085+00:00
9616,INPROC_12C65B,1,10,team2,Team 2 (E/W),49,71,25,♥,finished,2026-05-17T16:38:20.955192+00:00
9617,INPROC_C84E2C,1,10,team2,Team 2 (E/W),21,99,15,♦,finished,2026-05-17T16:38:20.970246+00:00
9618,INPROC_7078E2,1,10,team2,Team 2 (E/W),32,88,27,♥,finished,2026-05-17T16:38:20.984030+00:00
9619,INPROC_35D6AE,1,10,draw,draw,60,60,39,♠,finished,2026-05-17T16:38:20.998910+00:00
9620,INPROC_45AD7A,1,10,team1,Team 1 (N/S),73,47,2,♣,finished,2026-05-17T16:38:21.014703+00:00
9621,INPROC_CFE933,1,10,team2,Team 2 (E/W),41,79,16,♦,finished,2026-05-17T16:38:21.029193+00:00
9622,INPROC_5EF026,1,10,team1,Team 1 (N/S),98,22,35,♠,finished,2026-05-17T16:38:21.044079+00:00
9623,INPROC_ECC72C,1,10,team2,Team 2 (E/W),46,74,7,♣,finished,2026-05-17T16:38:21.058922+00:00
9624,INPROC_0D41C2,1,10,team2,Team 2 (E/W),48,72,13,♦,finished,2026-05-17T16:38:21.075261+00:00
9625,INPROC_BFCFD8,1,10,team1,Team 1 (N/S),71,49,22,♥,finished,2026-05-17T16:38:21.091784+00:00
9626,INPROC_BF5A29,1,10,team2,Team 2 (E/W),39,81,13,♦,finished,2026-05-17T16:38:21.109641+00:00
9627,INPROC_E967DE,1,10,team2,Team 2 (E/W),50,70,5,♣,finished,2026-05-17T16:38:21.125858+00:00
9628,INPROC_1D9292,1,10,team2,Team 2 (E/W),33,87,21,♥,finished,2026-05-17T16:38:21.143464+00:00
9629,INPROC_7B448D,1,10,team1,Team 1 (N/S),75,45,21,♥,finished,2026-05-17T16:38:21.158056+00:00
9630,INPROC_270717,1,10,team2,Team 2 (E/W),30,90,28,♥,finished,2026-05-17T16:38:21.173171+00:00
9631,INPROC_DB71D7,1,10,team2,Team 2 (E/W),13,107,9,♣,finished,2026-05-17T16:38:21.188691+00:00
9632,INPROC_F7FE6D,1,10,team1,Team 1 (N/S),80,40,22,♥,finished,2026-05-17T16:38:21.204628+00:00
9633,INPROC_8DB154,1,10,team2,Team 2 (E/W),9,111,21,♥,finished,2026-05-17T16:38:21.219771+00:00
9634,INPROC_8E8131,1,10,team1,Team 1 (N/S),68,52,14,♦,finished,2026-05-17T16:38:21.236534+00:00
9635,INPROC_501FBA,1,10,team1,Team 1 (N/S),69,51,22,♥,finished,2026-05-17T16:38:21.252265+00:00
9636,INPROC_988753,1,10,team2,Team 2 (E/W),13,107,23,♥,finished,2026-05-17T16:38:21.268300+00:00
9637,INPROC_CC8213,1,10,team1,Team 1 (N/S),62,58,19,♦,finished,2026-05-17T16:38:21.286457+00:00
9638,INPROC_E1A798,1,10,team2,Team 2 (E/W),44,76,31,♠,finished,2026-05-17T16:38:21.302981+00:00
9639,INPROC_660856,1,10,team2,Team 2 (E/W),56,64,25,♥,finished,2026-05-17T16:38:21.319858+00:00
9640,INPROC_216F5D,1,10,team2,Team 2 (E/W),53,67,22,♥,finished,2026-05-17T16:38:21.336669+00:00
9641,INPROC_D5017C,1,10,team2,Team 2 (E/W),47,73,18,♦,finished,2026-05-17T16:38:21.351728+00:00
9642,INPROC_E34A48,1,10,team1,Team 1 (N/S),81,39,35,♠,finished,2026-05-17T16:38:21.366928+00:00
9643,INPROC_E84C7A,1,10,team2,Team 2 (E/W),16,104,37,♠,finished,2026-05-17T16:38:21.382415+00:00
9644,INPROC_7E6AE3,1,10,team1,Team 1 (N/S),73,47,11,♦,finished,2026-05-17T16:38:21.399291+00:00
9645,INPROC_88C333,1,10,team1,Team 1 (N/S),73,47,11,♦,finished,2026-05-17T16:38:21.414990+00:00
9646,INPROC_A144D6,1,10,team2,Team 2 (E/W),33,87,0,♣,finished,2026-05-17T16:38:21.431726+00:00
9647,INPROC_E86CED,1,10,team2,Team 2 (E/W),54,66,26,♥,finished,2026-05-17T16:38:21.446188+00:00
9648,INPROC_7C5A62,1,10,team2,Team 2 (E/W),49,71,9,♣,finished,2026-05-17T16:38:21.459833+00:00
9649,INPROC_6D660B,1,10,team2,Team 2 (E/W),13,107,7,♣,finished,2026-05-17T16:38:21.475007+00:00
9650,INPROC_F1BEF6,1,10,team2,Team 2 (E/W),24,96,16,♦,finished,2026-05-17T16:38:21.489574+00:00
9651,INPROC_F24AAB,1,10,team2,Team 2 (E/W),45,75,37,♠,finished,2026-05-17T16:38:21.504963+00:00
9652,INPROC_7F4A63,1,10,team1,Team 1 (N/S),63,57,6,♣,finished,2026-05-17T16:38:21.520387+00:00
9653,INPROC_3464E8,1,10,team1,Team 1 (N/S),100,20,15,♦,finished,2026-05-17T16:38:21.537157+00:00
9654,INPROC_900B86,1,10,team1,Team 1 (N/S),66,54,37,♠,finished,2026-05-17T16:38:21.555455+00:00
9655,INPROC_BDF1C9,1,10,team1,Team 1 (N/S),82,38,23,♥,finished,2026-05-17T16:38:21.571004+00:00
9656,INPROC_906056,1,10,team2,Team 2 (E/W),35,85,38,♠,finished,2026-05-17T16:38:21.583894+00:00
9657,INPROC_113616,1,10,team2,Team 2 (E/W),53,67,19,♦,finished,2026-05-17T16:38:21.598464+00:00
9658,INPROC_0A6E74,1,10,team2,Team 2 (E/W),47,73,37,♠,finished,2026-05-17T16:38:21.614390+00:00
9659,INPROC_7A0917,1,10,team1,Team 1 (N/S),84,36,32,♠,finished,2026-05-17T16:38:21.630317+00:00
9660,INPROC_833D12,1,10,team1,Team 1 (N/S),91,29,17,♦,finished,2026-05-17T16:38:21.646872+00:00
9661,INPROC_066239,1,10,team2,Team 2 (E/W),18,102,21,♥,finished,2026-05-17T16:38:21.661275+00:00
9662,INPROC_2AAFD8,1,10,team2,Team 2 (E/W),18,102,19,♦,finished,2026-05-17T16:38:21.677662+00:00
9663,INPROC_B5FBB3,1,10,team1,Team 1 (N/S),76,44,37,♠,finished,2026-05-17T16:38:21.692633+00:00
9664,INPROC_86F2E2,1,10,draw,draw,60,60,10,♦,finished,2026-05-17T16:38:21.707997+00:00
9665,INPROC_AEADC1,1,10,draw,draw,60,60,32,♠,finished,2026-05-17T16:38:21.722218+00:00
9666,INPROC_D0C11C,1,10,team1,Team 1 (N/S),64,56,34,♠,finished,2026-05-17T16:38:21.739357+00:00
9667,INPROC_E3952E,1,10,team2,Team 2 (E/W),30,90,24,♥,finished,2026-05-17T16:38:21.753619+00:00
9668,INPROC_7C4DFD,1,10,team2,Team 2 (E/W),27,93,34,♠,finished,2026-05-17T16:38:21.769333+00:00
9669,INPROC_8A3F17,1,10,team2,Team 2 (E/W),39,81,22,♥,finished,2026-05-17T16:38:21.784473+00:00
9670,INPROC_E3C2F5,1,10,team2,Team 2 (E/W),52,68,0,♣,finished,2026-05-17T16:38:21.800341+00:00
9671,INPROC_12C5D7,1,10,team2,Team 2 (E/W),38,82,12,♦,finished,2026-05-17T16:38:21.815614+00:00
9672,INPROC_C84E43,1,10,team2,Team 2 (E/W),38,82,27,♥,finished,2026-05-17T16:38:21.833039+00:00
9673,INPROC_F51EA8,1,10,team2,Team 2 (E/W),58,62,3,♣,finished,2026-05-17T16:38:21.849584+00:00
9674,INPROC_6B50AA,1,10,team2,Team 2 (E/W),57,63,28,♥,finished,2026-05-17T16:38:21.864720+00:00
9675,INPROC_356B1E,1,10,team2,Team 2 (E/W),40,80,31,♠,finished,2026-05-17T16:38:21.880280+00:00
9676,INPROC_9B5A9E,1,10,team1,Team 1 (N/S),70,50,20,♥,finished,2026-05-17T16:38:21.895760+00:00
9677,INPROC_96405C,1,10,team1,Team 1 (N/S),72,48,7,♣,finished,2026-05-17T16:38:21.910848+00:00
9678,INPROC_EF319B,1,10,team2,Team 2 (E/W),15,105,30,♠,finished,2026-05-17T16:38:21.925812+00:00
9679,INPROC_071B54,1,10,draw,draw,60,60,21,♥,finished,2026-05-17T16:38:21.941613+00:00
9680,INPROC_9EC706,1,10,team2,Team 2 (E/W),41,79,13,♦,finished,2026-05-17T16:38:21.957683+00:00
9681,INPROC_BC444E,1,10,team2,Team 2 (E/W),43,77,3,♣,finished,2026-05-17T16:38:21.975026+00:00
9682,INPROC_80FBA7,1,10,team1,Team 1 (N/S),101,19,13,♦,finished,2026-05-17T16:38:21.987075+00:00
9683,INPROC_D3E119,1,10,team2,Team 2 (E/W),57,63,2,♣,finished,2026-05-17T16:38:22.004578+00:00
9684,INPROC_16757A,1,10,team1,Team 1 (N/S),84,36,3,♣,finished,2026-05-17T16:38:22.018808+00:00
9685,INPROC_BDC226,1,10,team2,Team 2 (E/W),4,116,9,♣,finished,2026-05-17T16:38:22.034355+00:00
9686,INPROC_7D95F5,1,10,team1,Team 1 (N/S),66,54,38,♠,finished,2026-05-17T16:38:22.048776+00:00
9687,INPROC_B4EE1F,1,10,team1,Team 1 (N/S),79,41,20,♥,finished,2026-05-17T16:38:22.064121+00:00
9688,INPROC_FE9F12,1,10,team1,Team 1 (N/S),83,37,30,♠,finished,2026-05-17T16:38:22.079666+00:00
9689,INPROC_8BA3AC,1,10,team1,Team 1 (N/S),77,43,23,♥,finished,2026-05-17T16:38:22.094018+00:00
9690,INPROC_2FA72C,1,10,team2,Team 2 (E/W),46,74,7,♣,finished,2026-05-17T16:38:22.109458+00:00
9691,INPROC_E2E0EC,1,10,team1,Team 1 (N/S),65,55,21,♥,finished,2026-05-17T16:38:22.125192+00:00
9692,INPROC_1FF654,1,10,team2,Team 2 (E/W),27,93,25,♥,finished,2026-05-17T16:38:22.142032+00:00
9693,INPROC_8425AD,1,10,team2,Team 2 (E/W),54,66,4,♣,finished,2026-05-17T16:38:22.158833+00:00
9694,INPROC_601F4D,1,10,team2,Team 2 (E/W),19,101,23,♥,finished,2026-05-17T16:38:22.175542+00:00
9695,INPROC_775470,1,10,team1,Team 1 (N/S),92,28,26,♥,finished,2026-05-17T16:38:22.192046+00:00
9696,INPROC_519995,1,10,team1,Team 1 (N/S),94,26,3,♣,finished,2026-05-17T16:38:22.210860+00:00
9697,INPROC_DFABEF,1,10,team1,Team 1 (N/S),120,0,34,♠,finished,2026-05-17T16:38:22.227039+00:00
9698,INPROC_16FCD9,1,10,team2,Team 2 (E/W),38,82,29,♥,finished,2026-05-17T16:38:22.245251+00:00
9699,INPROC_4C75C6,1,10,team2,Team 2 (E/W),46,74,34,♠,finished,2026-05-17T16:38:22.265924+00:00
9700,INPROC_D807A0,1,10,team2,Team 2 (E/W),40,80,24,♥,finished,2026-05-17T16:38:22.288434+00:00
9701,INPROC_C86C76,1,10,team1,Team 1 (N/S),66,54,18,♦,finished,2026-05-17T16:38:22.305426+00:00
9702,INPROC_661412,1,10,team1,Team 1 (N/S),100,20,0,♣,finished,2026-05-17T16:38:22.320123+00:00
9703,INPROC_EA1A3D,1,10,team2,Team 2 (E/W),32,88,28,♥,finished,2026-05-17T16:38:22.335676+00:00
9704,INPROC_A3FFB2,1,10,team2,Team 2 (E/W),28,92,21,♥,finished,2026-05-17T16:38:22.351063+00:00
9705,INPROC_3C9FDB,1,10,team1,Team 1 (N/S),61,59,22,♥,finished,2026-05-17T16:38:22.369694+00:00
9706,INPROC_9EC73E,1,10,team2,Team 2 (E/W),40,80,11,♦,finished,2026-05-17T16:38:22.387114+00:00
9707,INPROC_7E2F20,1,10,team2,Team 2 (E/W),57,63,13,♦,finished,2026-05-17T16:38:22.400507+00:00
9708,INPROC_BEE760,1,10,team2,Team 2 (E/W),28,92,13,♦,finished,2026-05-17T16:38:22.414562+00:00
9709,INPROC_0D625E,1,10,team1,Team 1 (N/S),69,51,32,♠,finished,2026-05-17T16:38:22.430203+00:00
9710,INPROC_BF1A1C,1,10,team2,Team 2 (E/W),33,87,29,♥,finished,2026-05-17T16:38:22.446360+00:00
9711,INPROC_93DDB9,1,10,team2,Team 2 (E/W),53,67,7,♣,finished,2026-05-17T16:38:22.460744+00:00
9712,INPROC_A3B390,1,10,team1,Team 1 (N/S),83,37,29,♥,finished,2026-05-17T16:38:22.475458+00:00
9713,INPROC_4CD5C7,1,10,team1,Team 1 (N/S),87,33,24,♥,finished,2026-05-17T16:38:22.488469+00:00
9714,INPROC_609AF0,1,10,team2,Team 2 (E/W),59,61,26,♥,finished,2026-05-17T16:38:22.500266+00:00
9715,INPROC_D91B4C,1,10,team2,Team 2 (E/W),59,61,7,♣,finished,2026-05-17T16:38:22.514173+00:00
9716,INPROC_0172A7,1,10,team2,Team 2 (E/W),55,65,9,♣,finished,2026-05-17T16:38:22.531870+00:00
9717,INPROC_82DF38,1,10,team2,Team 2 (E/W),53,67,17,♦,finished,2026-05-17T16:38:22.544809+00:00
9718,INPROC_DF8F7B,1,10,team2,Team 2 (E/W),55,65,15,♦,finished,2026-05-17T16:38:22.559921+00:00
9719,INPROC_719BA4,1,10,team1,Team 1 (N/S),61,59,29,♥,finished,2026-05-17T16:38:22.575362+00:00
9720,INPROC_B44EBF,1,10,team2,Team 2 (E/W),33,87,9,♣,finished,2026-05-17T16:38:22.593102+00:00
9721,INPROC_BD3006,1,10,team2,Team 2 (E/W),41,79,2,♣,finished,2026-05-17T16:38:22.605797+00:00
9722,INPROC_486EA0,1,10,team1,Team 1 (N/S),72,48,4,♣,finished,2026-05-17T16:38:22.620242+00:00
9723,INPROC_A06063,1,10,team2,Team 2 (E/W),41,79,21,♥,finished,2026-05-17T16:38:22.636584+00:00
9724,INPROC_3E34F7,1,10,team2,Team 2 (E/W),11,109,9,♣,finished,2026-05-17T16:38:22.649444+00:00
9725,INPROC_96B8C0,1,10,team2,Team 2 (E/W),50,70,3,♣,finished,2026-05-17T16:38:22.668306+00:00
9726,INPROC_5C51AD,1,10,team1,Team 1 (N/S),66,54,5,♣,finished,2026-05-17T16:38:22.683674+00:00
9727,INPROC_E4B968,1,10,team1,Team 1 (N/S),69,51,5,♣,finished,2026-05-17T16:38:22.696895+00:00
9728,INPROC_DBAA18,1,10,team2,Team 2 (E/W),56,64,39,♠,finished,2026-05-17T16:38:22.711545+00:00
9729,INPROC_A64D8C,1,10,draw,draw,60,60,39,♠,finished,2026-05-17T16:38:22.725393+00:00
9730,INPROC_B34574,1,10,team1,Team 1 (N/S),84,36,14,♦,finished,2026-05-17T16:38:22.740942+00:00
9731,INPROC_52D8FF,1,10,team1,Team 1 (N/S),67,53,19,♦,finished,2026-05-17T16:38:22.756917+00:00
9732,INPROC_FEBB7E,1,10,team2,Team 2 (E/W),40,80,12,♦,finished,2026-05-17T16:38:22.772366+00:00
9733,INPROC_68FD20,1,10,team2,Team 2 (E/W),54,66,19,♦,finished,2026-05-17T16:38:22.789592+00:00
9734,INPROC_4FF0BA,1,10,team2,Team 2 (E/W),49,71,35,♠,finished,2026-05-17T16:38:22.805018+00:00
9735,INPROC_DF7C45,1,10,team2,Team 2 (E/W),28,92,19,♦,finished,2026-05-17T16:38:22.822887+00:00
9736,INPROC_B0B3EE,1,10,team1,Team 1 (N/S),98,22,15,♦,finished,2026-05-17T16:38:22.836970+00:00
9737,INPROC_3F2448,1,10,team1,Team 1 (N/S),90,30,15,♦,finished,2026-05-17T16:38:22.853968+00:00
9738,INPROC_B159CB,1,10,team1,Team 1 (N/S),87,33,12,♦,finished,2026-05-17T16:38:22.868484+00:00
9739,INPROC_F8F3AD,1,10,team2,Team 2 (E/W),47,73,17,♦,finished,2026-05-17T16:38:22.884731+00:00
9740,INPROC_49315C,1,10,team1,Team 1 (N/S),63,57,17,♦,finished,2026-05-17T16:38:22.898738+00:00
9741,INPROC_6CEA9E,1,10,team1,Team 1 (N/S),61,59,28,♥,finished,2026-05-17T16:38:22.912021+00:00
9742,INPROC_CC7B94,1,10,team2,Team 2 (E/W),41,79,19,♦,finished,2026-05-17T16:38:22.927288+00:00
9743,INPROC_BB619E,1,10,team2,Team 2 (E/W),47,73,22,♥,finished,2026-05-17T16:38:22.942629+00:00
9744,INPROC_869292,1,10,team1,Team 1 (N/S),73,47,6,♣,finished,2026-05-17T16:38:22.958953+00:00
9745,INPROC_34AE88,1,10,team1,Team 1 (N/S),82,38,16,♦,finished,2026-05-17T16:38:22.974167+00:00
9746,INPROC_7F7796,1,10,team1,Team 1 (N/S),75,45,28,♥,finished,2026-05-17T16:38:22.990847+00:00
9747,INPROC_1BBF06,1,10,team2,Team 2 (E/W),53,67,3,♣,finished,2026-05-17T16:38:23.005789+00:00
9748,INPROC_815C7A,1,10,team2,Team 2 (E/W),49,71,19,♦,finished,2026-05-17T16:38:23.019649+00:00
9749,INPROC_110231,1,10,team1,Team 1 (N/S),70,50,2,♣,finished,2026-05-17T16:38:23.034821+00:00
9750,INPROC_CE2FF8,1,10,team1,Team 1 (N/S),73,47,22,♥,finished,2026-05-17T16:38:23.050435+00:00
9751,INPROC_7FB8E9,1,10,team2,Team 2 (E/W),6,114,24,♥,finished,2026-05-17T16:38:23.065730+00:00
9752,INPROC_35E3B9,1,10,team2,Team 2 (E/W),46,74,38,♠,finished,2026-05-17T16:38:23.080890+00:00
9753,INPROC_84F883,1,10,team1,Team 1 (N/S),66,54,32,♠,finished,2026-05-17T16:38:23.097689+00:00
9754,INPROC_CCF2CB,1,10,team1,Team 1 (N/S),66,54,20,♥,finished,2026-05-17T16:38:23.115761+00:00
9755,INPROC_D6CAB8,1,10,team1,Team 1 (N/S),76,44,19,♦,finished,2026-05-17T16:38:23.132077+00:00
9756,INPROC_4241A4,1,10,team1,Team 1 (N/S),69,51,0,♣,finished,2026-05-17T16:38:23.147730+00:00
9757,INPROC_2EB4C8,1,10,team2,Team 2 (E/W),21,99,35,♠,finished,2026-05-17T16:38:23.166374+00:00
9758,INPROC_13EDC6,1,10,team2,Team 2 (E/W),53,67,29,♥,finished,2026-05-17T16:38:23.183737+00:00
9759,INPROC_4346ED,1,10,team2,Team 2 (E/W),44,76,16,♦,finished,2026-05-17T16:38:23.201180+00:00
9760,INPROC_3F6427,1,10,team2,Team 2 (E/W),8,112,7,♣,finished,2026-05-17T16:38:23.216034+00:00
9761,INPROC_BE4001,1,10,team2,Team 2 (E/W),40,80,18,♦,finished,2026-05-17T16:38:23.234151+00:00
9762,INPROC_96A731,1,10,team2,Team 2 (E/W),29,91,21,♥,finished,2026-05-17T16:38:23.251174+00:00
9763,INPROC_49DDE6,1,10,team2,Team 2 (E/W),35,85,39,♠,finished,2026-05-17T16:38:23.267497+00:00
9764,INPROC_DCEDFE,1,10,team1,Team 1 (N/S),100,20,36,♠,finished,2026-05-17T16:38:23.283143+00:00
9765,INPROC_9768D7,1,10,team2,Team 2 (E/W),41,79,13,♦,finished,2026-05-17T16:38:23.300079+00:00
9766,INPROC_696CDD,1,10,team1,Team 1 (N/S),78,42,15,♦,finished,2026-05-17T16:38:23.317126+00:00
9767,INPROC_3A161A,1,10,team1,Team 1 (N/S),68,52,6,♣,finished,2026-05-17T16:38:23.334421+00:00
9768,INPROC_B84C91,1,10,team1,Team 1 (N/S),73,47,22,♥,finished,2026-05-17T16:38:23.351631+00:00
9769,INPROC_3D7D41,1,10,team2,Team 2 (E/W),26,94,29,♥,finished,2026-05-17T16:38:23.368101+00:00
9770,INPROC_14E314,1,10,team2,Team 2 (E/W),46,74,29,♥,finished,2026-05-17T16:38:23.383390+00:00
9771,INPROC_C1A007,1,10,team2,Team 2 (E/W),44,76,0,♣,finished,2026-05-17T16:38:23.401022+00:00
9772,INPROC_5A216F,1,10,team2,Team 2 (E/W),44,76,38,♠,finished,2026-05-17T16:38:23.418180+00:00
9773,INPROC_68E111,1,10,team1,Team 1 (N/S),98,22,0,♣,finished,2026-05-17T16:38:23.435745+00:00
9774,INPROC_571F0C,1,10,team2,Team 2 (E/W),56,64,23,♥,finished,2026-05-17T16:38:23.453548+00:00
9775,INPROC_EE05AB,1,10,team1,Team 1 (N/S),97,23,29,♥,finished,2026-05-17T16:38:23.471026+00:00
9776,INPROC_C69508,1,10,team2,Team 2 (E/W),43,77,33,♠,finished,2026-05-17T16:38:23.487044+00:00
9777,INPROC_2BC6F8,1,10,team2,Team 2 (E/W),21,99,22,♥,finished,2026-05-17T16:38:23.502995+00:00
9778,INPROC_5A214A,1,10,team1,Team 1 (N/S),74,46,38,♠,finished,2026-05-17T16:38:23.519575+00:00
9779,INPROC_A6FC2E,1,10,team2,Team 2 (E/W),57,63,24,♥,finished,2026-05-17T16:38:23.534010+00:00
9780,INPROC_5CDA8C,1,10,team2,Team 2 (E/W),53,67,11,♦,finished,2026-05-17T16:38:23.550043+00:00
9781,INPROC_B68BB9,1,10,team2,Team 2 (E/W),20,100,4,♣,finished,2026-05-17T16:38:23.567829+00:00
9782,INPROC_54EE02,1,10,team2,Team 2 (E/W),35,85,8,♣,finished,2026-05-17T16:38:23.584713+00:00
9783,INPROC_5030A9,1,10,team1,Team 1 (N/S),67,53,11,♦,finished,2026-05-17T16:38:23.600498+00:00
9784,INPROC_B695F1,1,10,team2,Team 2 (E/W),54,66,2,♣,finished,2026-05-17T16:38:23.613975+00:00
9785,INPROC_A5BA23,1,10,team2,Team 2 (E/W),34,86,21,♥,finished,2026-05-17T16:38:23.630073+00:00
9786,INPROC_97E318,1,10,team2,Team 2 (E/W),59,61,29,♥,finished,2026-05-17T16:38:23.645562+00:00
9787,INPROC_7E21B3,1,10,team1,Team 1 (N/S),61,59,35,♠,finished,2026-05-17T16:38:23.661863+00:00
9788,INPROC_01329C,1,10,team1,Team 1 (N/S),66,54,32,♠,finished,2026-05-17T16:38:23.678641+00:00
9789,INPROC_517243,1,10,team1,Team 1 (N/S),89,31,35,♠,finished,2026-05-17T16:38:23.694705+00:00
9790,INPROC_568470,1,10,team1,Team 1 (N/S),67,53,21,♥,finished,2026-05-17T16:38:23.712355+00:00
9791,INPROC_43E6E0,1,10,team2,Team 2 (E/W),21,99,30,♠,finished,2026-05-17T16:38:23.729893+00:00
9792,INPROC_04F13F,1,10,team2,Team 2 (E/W),27,93,21,♥,finished,2026-05-17T16:38:23.745346+00:00
9793,INPROC_62CF61,1,10,team1,Team 1 (N/S),64,56,33,♠,finished,2026-05-17T16:38:23.761672+00:00
9794,INPROC_E6DDFF,1,10,team2,Team 2 (E/W),33,87,18,♦,finished,2026-05-17T16:38:23.776938+00:00
9795,INPROC_CEB687,1,10,team2,Team 2 (E/W),15,105,35,♠,finished,2026-05-17T16:38:23.792673+00:00
9796,INPROC_A36AC8,1,10,team2,Team 2 (E/W),51,69,25,♥,finished,2026-05-17T16:38:23.809137+00:00
9797,INPROC_A739F2,1,10,team2,Team 2 (E/W),31,89,0,♣,finished,2026-05-17T16:38:23.824850+00:00
9798,INPROC_3C8D8B,1,10,team2,Team 2 (E/W),40,80,17,♦,finished,2026-05-17T16:38:23.841718+00:00
9799,INPROC_9A36C9,1,10,team2,Team 2 (E/W),34,86,31,♠,finished,2026-05-17T16:38:23.859885+00:00
9800,INPROC_EA424A,1,10,team2,Team 2 (E/W),51,69,19,♦,finished,2026-05-17T16:38:23.877619+00:00
9801,INPROC_8835B0,1,10,team2,Team 2 (E/W),40,80,4,♣,finished,2026-05-17T16:38:23.888383+00:00
9802,INPROC_29EFC8,1,10,team1,Team 1 (N/S),66,54,13,♦,finished,2026-05-17T16:38:23.902995+00:00
9803,INPROC_F35BE4,1,10,team2,Team 2 (E/W),59,61,22,♥,finished,2026-05-17T16:38:23.917811+00:00
9804,INPROC_982F48,1,10,team1,Team 1 (N/S),75,45,31,♠,finished,2026-05-17T16:38:23.933144+00:00
9805,INPROC_23DC48,1,10,team2,Team 2 (E/W),55,65,14,♦,finished,2026-05-17T16:38:23.949212+00:00
9806,INPROC_467DA8,1,10,team2,Team 2 (E/W),14,106,34,♠,finished,2026-05-17T16:38:23.967087+00:00
9807,INPROC_7BD6F7,1,10,team2,Team 2 (E/W),25,95,21,♥,finished,2026-05-17T16:38:23.984949+00:00
9808,INPROC_FD9B82,1,10,team2,Team 2 (E/W),59,61,13,♦,finished,2026-05-17T16:38:24.001536+00:00
9809,INPROC_E9F235,1,10,team2,Team 2 (E/W),54,66,8,♣,finished,2026-05-17T16:38:24.015252+00:00
9810,INPROC_D709CC,1,10,team1,Team 1 (N/S),85,35,12,♦,finished,2026-05-17T16:38:24.031343+00:00
9811,INPROC_B29147,1,10,team1,Team 1 (N/S),88,32,28,♥,finished,2026-05-17T16:38:24.046773+00:00
9812,INPROC_52334D,1,10,team2,Team 2 (E/W),3,117,27,♥,finished,2026-05-17T16:38:24.065253+00:00
9813,INPROC_DCF772,1,10,draw,draw,60,60,25,♥,finished,2026-05-17T16:38:24.080653+00:00
9814,INPROC_8380EE,1,10,team2,Team 2 (E/W),47,73,14,♦,finished,2026-05-17T16:38:24.095082+00:00
9815,INPROC_EB2B7E,1,10,team1,Team 1 (N/S),120,0,14,♦,finished,2026-05-17T16:38:24.110150+00:00
9816,INPROC_70CF36,1,10,team1,Team 1 (N/S),65,55,3,♣,finished,2026-05-17T16:38:24.124324+00:00
9817,INPROC_F88011,1,10,team1,Team 1 (N/S),84,36,25,♥,finished,2026-05-17T16:38:24.141701+00:00
9818,INPROC_522516,1,10,team2,Team 2 (E/W),28,92,28,♥,finished,2026-05-17T16:38:24.158680+00:00
9819,INPROC_A01728,1,10,team1,Team 1 (N/S),74,46,31,♠,finished,2026-05-17T16:38:24.173383+00:00
9820,INPROC_7DB279,1,10,team1,Team 1 (N/S),61,59,2,♣,finished,2026-05-17T16:38:24.187740+00:00
9821,INPROC_E5E4CD,1,10,team2,Team 2 (E/W),49,71,6,♣,finished,2026-05-17T16:38:24.203442+00:00
9822,INPROC_6F996B,1,10,team2,Team 2 (E/W),27,93,25,♥,finished,2026-05-17T16:38:24.219348+00:00
9823,INPROC_D47878,1,10,team2,Team 2 (E/W),32,88,38,♠,finished,2026-05-17T16:38:24.235366+00:00
9824,INPROC_0FBF65,1,10,team2,Team 2 (E/W),28,92,29,♥,finished,2026-05-17T16:38:24.251795+00:00
9825,INPROC_4397F2,1,10,team1,Team 1 (N/S),72,48,30,♠,finished,2026-05-17T16:38:24.268701+00:00
9826,INPROC_B2FDBD,1,10,team2,Team 2 (E/W),54,66,36,♠,finished,2026-05-17T16:38:24.282543+00:00
9827,INPROC_5E1E48,1,10,team1,Team 1 (N/S),64,56,29,♥,finished,2026-05-17T16:38:24.297137+00:00
9828,INPROC_CE5A04,1,10,team2,Team 2 (E/W),23,97,31,♠,finished,2026-05-17T16:38:24.311734+00:00
9829,INPROC_87F525,1,10,team2,Team 2 (E/W),25,95,26,♥,finished,2026-05-17T16:38:24.327717+00:00
9830,INPROC_D2B3AC,1,10,team1,Team 1 (N/S),74,46,10,♦,finished,2026-05-17T16:38:24.343280+00:00
9831,INPROC_DE722A,1,10,team2,Team 2 (E/W),32,88,0,♣,finished,2026-05-17T16:38:24.360400+00:00
9832,INPROC_93F670,1,10,team1,Team 1 (N/S),90,30,14,♦,finished,2026-05-17T16:38:24.380112+00:00
9833,INPROC_657094,1,10,draw,draw,60,60,39,♠,finished,2026-05-17T16:38:24.397147+00:00
9834,INPROC_C0218C,1,10,team1,Team 1 (N/S),86,34,32,♠,finished,2026-05-17T16:38:24.416762+00:00
9835,INPROC_F7F8C4,1,10,draw,draw,60,60,5,♣,finished,2026-05-17T16:38:24.438028+00:00
9836,INPROC_A10D25,1,10,team1,Team 1 (N/S),99,21,39,♠,finished,2026-05-17T16:38:24.456844+00:00
9837,INPROC_4DB4E0,1,10,team2,Team 2 (E/W),38,82,26,♥,finished,2026-05-17T16:38:24.479493+00:00
9838,INPROC_971433,1,10,team1,Team 1 (N/S),77,43,38,♠,finished,2026-05-17T16:38:24.499102+00:00
9839,INPROC_64666F,1,10,team2,Team 2 (E/W),37,83,31,♠,finished,2026-05-17T16:38:24.519152+00:00
9840,INPROC_1EBBB7,1,10,team1,Team 1 (N/S),100,20,5,♣,finished,2026-05-17T16:38:24.539638+00:00
9841,INPROC_9E98D7,1,10,team1,Team 1 (N/S),85,35,10,♦,finished,2026-05-17T16:38:24.556413+00:00
9842,INPROC_6EDBB0,1,10,team2,Team 2 (E/W),37,83,7,♣,finished,2026-05-17T16:38:24.572519+00:00
9843,INPROC_E44D59,1,10,team1,Team 1 (N/S),70,50,15,♦,finished,2026-05-17T16:38:24.589903+00:00
9844,INPROC_2FD3B3,1,10,draw,draw,60,60,18,♦,finished,2026-05-17T16:38:24.607036+00:00
9845,INPROC_D477E6,1,10,team2,Team 2 (E/W),54,66,23,♥,finished,2026-05-17T16:38:24.623826+00:00
9846,INPROC_1A0802,1,10,team2,Team 2 (E/W),18,102,28,♥,finished,2026-05-17T16:38:24.642686+00:00
9847,INPROC_7766D4,1,10,team2,Team 2 (E/W),49,71,34,♠,finished,2026-05-17T16:38:24.657268+00:00
9848,INPROC_0E6E91,1,10,team2,Team 2 (E/W),50,70,6,♣,finished,2026-05-17T16:38:24.674143+00:00
9849,INPROC_15808B,1,10,team2,Team 2 (E/W),37,83,25,♥,finished,2026-05-17T16:38:24.689027+00:00
9850,INPROC_F8EBE3,1,10,team2,Team 2 (E/W),49,71,2,♣,finished,2026-05-17T16:38:24.706081+00:00
9851,INPROC_42C4A8,1,10,team2,Team 2 (E/W),21,99,35,♠,finished,2026-05-17T16:38:24.720742+00:00
9852,INPROC_0D4FDD,1,10,team2,Team 2 (E/W),52,68,7,♣,finished,2026-05-17T16:38:24.739232+00:00
9853,INPROC_ECA03F,1,10,team1,Team 1 (N/S),69,51,2,♣,finished,2026-05-17T16:38:24.752849+00:00
9854,INPROC_BC9F7C,1,10,team1,Team 1 (N/S),97,23,34,♠,finished,2026-05-17T16:38:24.767681+00:00
9855,INPROC_6C2EA3,1,10,team1,Team 1 (N/S),77,43,7,♣,finished,2026-05-17T16:38:24.787336+00:00
9856,INPROC_056C0E,1,10,team2,Team 2 (E/W),40,80,26,♥,finished,2026-05-17T16:38:24.801734+00:00
9857,INPROC_4D1CE9,1,10,team1,Team 1 (N/S),73,47,26,♥,finished,2026-05-17T16:38:24.817302+00:00
9858,INPROC_C61998,1,10,team1,Team 1 (N/S),77,43,3,♣,finished,2026-05-17T16:38:24.833622+00:00
9859,INPROC_6C84CB,1,10,team1,Team 1 (N/S),84,36,10,♦,finished,2026-05-17T16:38:24.850147+00:00
9860,INPROC_74EAB6,1,10,team1,Team 1 (N/S),69,51,24,♥,finished,2026-05-17T16:38:24.867650+00:00
9861,INPROC_DED26C,1,10,team2,Team 2 (E/W),40,80,19,♦,finished,2026-05-17T16:38:24.885417+00:00
9862,INPROC_5931C7,1,10,team2,Team 2 (E/W),58,62,36,♠,finished,2026-05-17T16:38:24.902512+00:00
9863,INPROC_87FF86,1,10,team2,Team 2 (E/W),46,74,36,♠,finished,2026-05-17T16:38:24.915391+00:00
9864,INPROC_69D9C7,1,10,team2,Team 2 (E/W),42,78,2,♣,finished,2026-05-17T16:38:24.933373+00:00
9865,INPROC_B3168D,1,10,team2,Team 2 (E/W),31,89,22,♥,finished,2026-05-17T16:38:24.951258+00:00
9866,INPROC_68B295,1,10,team1,Team 1 (N/S),94,26,27,♥,finished,2026-05-17T16:38:24.967322+00:00
9867,INPROC_1C8FB7,1,10,team2,Team 2 (E/W),41,79,10,♦,finished,2026-05-17T16:38:24.984162+00:00
9868,INPROC_BE9930,1,10,team1,Team 1 (N/S),86,34,8,♣,finished,2026-05-17T16:38:25.001773+00:00
9869,INPROC_6C7812,1,10,team2,Team 2 (E/W),42,78,20,♥,finished,2026-05-17T16:38:25.020782+00:00
9870,INPROC_78E8E4,1,10,draw,draw,60,60,4,♣,finished,2026-05-17T16:38:25.038952+00:00
9871,INPROC_8FC1B4,1,10,team1,Team 1 (N/S),64,56,12,♦,finished,2026-05-17T16:38:25.059000+00:00
9872,INPROC_D2DEE6,1,10,draw,draw,60,60,37,♠,finished,2026-05-17T16:38:25.075870+00:00
9873,INPROC_A341C4,1,10,team1,Team 1 (N/S),80,40,1,♣,finished,2026-05-17T16:38:25.088370+00:00
9874,INPROC_96D905,1,10,team2,Team 2 (E/W),18,102,31,♠,finished,2026-05-17T16:38:25.105797+00:00
9875,INPROC_849C7B,1,10,team1,Team 1 (N/S),77,43,17,♦,finished,2026-05-17T16:38:25.124228+00:00
9876,INPROC_505FBE,1,10,team2,Team 2 (E/W),18,102,31,♠,finished,2026-05-17T16:38:25.143520+00:00
9877,INPROC_10EC49,1,10,team1,Team 1 (N/S),73,47,2,♣,finished,2026-05-17T16:38:25.161996+00:00
9878,INPROC_4E3F91,1,10,draw,draw,60,60,23,♥,finished,2026-05-17T16:38:25.181138+00:00
9879,INPROC_E6F755,1,10,team1,Team 1 (N/S),72,48,23,♥,finished,2026-05-17T16:38:25.195982+00:00
9880,INPROC_21A580,1,10,team2,Team 2 (E/W),56,64,12,♦,finished,2026-05-17T16:38:25.215495+00:00
9881,INPROC_6C6CEE,1,10,team2,Team 2 (E/W),28,92,30,♠,finished,2026-05-17T16:38:25.233081+00:00
9882,INPROC_AD56C3,1,10,team2,Team 2 (E/W),13,107,25,♥,finished,2026-05-17T16:38:25.249617+00:00
9883,INPROC_C5CE57,1,10,team1,Team 1 (N/S),67,53,18,♦,finished,2026-05-17T16:38:25.267215+00:00
9884,INPROC_14FD9B,1,10,team1,Team 1 (N/S),62,58,13,♦,finished,2026-05-17T16:38:25.283674+00:00
9885,INPROC_DC1A69,1,10,team2,Team 2 (E/W),43,77,12,♦,finished,2026-05-17T16:38:25.300793+00:00
9886,INPROC_F756CF,1,10,team1,Team 1 (N/S),72,48,17,♦,finished,2026-05-17T16:38:25.317272+00:00
9887,INPROC_01CB4F,1,10,team2,Team 2 (E/W),55,65,24,♥,finished,2026-05-17T16:38:25.333681+00:00
9888,INPROC_66FA7B,1,10,team2,Team 2 (E/W),35,85,25,♥,finished,2026-05-17T16:38:25.348441+00:00
9889,INPROC_5F9168,1,10,team1,Team 1 (N/S),73,47,15,♦,finished,2026-05-17T16:38:25.364383+00:00
9890,INPROC_D71499,1,10,team2,Team 2 (E/W),50,70,7,♣,finished,2026-05-17T16:38:25.377893+00:00
9891,INPROC_E3E5DD,1,10,team1,Team 1 (N/S),78,42,26,♥,finished,2026-05-17T16:38:25.394206+00:00
9892,INPROC_9E9AE5,1,10,team2,Team 2 (E/W),59,61,9,♣,finished,2026-05-17T16:38:25.411270+00:00
9893,INPROC_6E4E34,1,10,team2,Team 2 (E/W),51,69,2,♣,finished,2026-05-17T16:38:25.426704+00:00
9894,INPROC_8DAF4F,1,10,team1,Team 1 (N/S),71,49,8,♣,finished,2026-05-17T16:38:25.446218+00:00
9895,INPROC_D46522,1,10,team2,Team 2 (E/W),39,81,35,♠,finished,2026-05-17T16:38:25.464864+00:00
9896,INPROC_35E95D,1,10,team2,Team 2 (E/W),28,92,34,♠,finished,2026-05-17T16:38:25.481767+00:00
9897,INPROC_BF2735,1,10,team2,Team 2 (E/W),52,68,13,♦,finished,2026-05-17T16:38:25.497804+00:00
9898,INPROC_F25746,1,10,team2,Team 2 (E/W),51,69,6,♣,finished,2026-05-17T16:38:25.515049+00:00
9899,INPROC_805F0D,1,10,team1,Team 1 (N/S),84,36,31,♠,finished,2026-05-17T16:38:25.531507+00:00
9900,INPROC_17C4EB,1,10,team1,Team 1 (N/S),69,51,0,♣,finished,2026-05-17T16:38:25.548102+00:00
9901,INPROC_8592CD,1,10,team2,Team 2 (E/W),45,75,0,♣,finished,2026-05-17T16:38:25.563513+00:00
9902,INPROC_59ED37,1,10,team1,Team 1 (N/S),76,44,5,♣,finished,2026-05-17T16:38:25.579159+00:00
9903,INPROC_ADAB47,1,10,team2,Team 2 (E/W),29,91,37,♠,finished,2026-05-17T16:38:25.594410+00:00
9904,INPROC_FEF43C,1,10,team2,Team 2 (E/W),51,69,31,♠,finished,2026-05-17T16:38:25.610014+00:00
9905,INPROC_7BF56F,1,10,team1,Team 1 (N/S),67,53,14,♦,finished,2026-05-17T16:38:25.627197+00:00
9906,INPROC_28DE4A,1,10,team2,Team 2 (E/W),31,89,2,♣,finished,2026-05-17T16:38:25.643530+00:00
9907,INPROC_43D618,1,10,team2,Team 2 (E/W),0,120,29,♥,finished,2026-05-17T16:38:25.660953+00:00
9908,INPROC_07200F,1,10,draw,draw,60,60,23,♥,finished,2026-05-17T16:38:25.677415+00:00
9909,INPROC_DA406C,1,10,team2,Team 2 (E/W),54,66,33,♠,finished,2026-05-17T16:38:25.694524+00:00
9910,INPROC_45CF03,1,10,team1,Team 1 (N/S),80,40,22,♥,finished,2026-05-17T16:38:25.713026+00:00
9911,INPROC_2F2D6C,1,10,team1,Team 1 (N/S),94,26,4,♣,finished,2026-05-17T16:38:25.730926+00:00
9912,INPROC_BDB68D,1,10,team2,Team 2 (E/W),49,71,26,♥,finished,2026-05-17T16:38:25.746177+00:00
9913,INPROC_F3F7FD,1,10,team1,Team 1 (N/S),67,53,31,♠,finished,2026-05-17T16:38:25.763143+00:00
9914,INPROC_FCF9E8,1,10,draw,draw,60,60,31,♠,finished,2026-05-17T16:38:25.782170+00:00
9915,INPROC_3B8B26,1,10,team2,Team 2 (E/W),50,70,11,♦,finished,2026-05-17T16:38:25.798427+00:00
9916,INPROC_83178A,1,10,team1,Team 1 (N/S),69,51,12,♦,finished,2026-05-17T16:38:25.815105+00:00
9917,INPROC_09E77C,1,10,team1,Team 1 (N/S),97,23,9,♣,finished,2026-05-17T16:38:25.831241+00:00
9918,INPROC_B96D3E,1,10,team1,Team 1 (N/S),81,39,21,♥,finished,2026-05-17T16:38:25.847339+00:00
9919,INPROC_80C0A9,1,10,team1,Team 1 (N/S),64,56,23,♥,finished,2026-05-17T16:38:25.863574+00:00
9920,INPROC_746CF1,1,10,team2,Team 2 (E/W),55,65,39,♠,finished,2026-05-17T16:38:25.880304+00:00
9921,INPROC_577E5F,1,10,team1,Team 1 (N/S),75,45,31,♠,finished,2026-05-17T16:38:25.896402+00:00
9922,INPROC_C480BB,1,10,team1,Team 1 (N/S),89,31,7,♣,finished,2026-05-17T16:38:25.951424+00:00
9923,INPROC_3CC1E6,1,10,team1,Team 1 (N/S),63,57,9,♣,finished,2026-05-17T16:38:25.972960+00:00
9924,INPROC_9733E9,1,10,team1,Team 1 (N/S),81,39,2,♣,finished,2026-05-17T16:38:25.991288+00:00
9925,INPROC_3F1A1C,1,10,team1,Team 1 (N/S),67,53,1,♣,finished,2026-05-17T16:38:26.009725+00:00
9926,INPROC_1D1750,1,10,team1,Team 1 (N/S),73,47,18,♦,finished,2026-05-17T16:38:26.027647+00:00
9927,INPROC_CE1EC2,1,10,team1,Team 1 (N/S),102,18,12,♦,finished,2026-05-17T16:38:26.044127+00:00
9928,INPROC_2CD48D,1,10,team1,Team 1 (N/S),81,39,3,♣,finished,2026-05-17T16:38:26.060904+00:00
9929,INPROC_B17091,1,10,team1,Team 1 (N/S),93,27,11,♦,finished,2026-05-17T16:38:26.079520+00:00
9930,INPROC_F7A8D4,1,10,team1,Team 1 (N/S),68,52,3,♣,finished,2026-05-17T16:38:26.096583+00:00
9931,INPROC_190AD6,1,10,team2,Team 2 (E/W),41,79,12,♦,finished,2026-05-17T16:38:26.110458+00:00
9932,INPROC_EB23CD,1,10,team1,Team 1 (N/S),68,52,24,♥,finished,2026-05-17T16:38:26.123498+00:00
9933,INPROC_C6F5CC,1,10,team1,Team 1 (N/S),93,27,14,♦,finished,2026-05-17T16:38:26.138933+00:00
9934,INPROC_0F0861,1,10,team2,Team 2 (E/W),35,85,6,♣,finished,2026-05-17T16:38:26.158224+00:00
9935,INPROC_8749CE,1,10,team2,Team 2 (E/W),40,80,4,♣,finished,2026-05-17T16:38:26.175188+00:00
9936,INPROC_68688A,1,10,team2,Team 2 (E/W),29,91,10,♦,finished,2026-05-17T16:38:26.190475+00:00
9937,INPROC_2AE85A,1,10,team1,Team 1 (N/S),62,58,18,♦,finished,2026-05-17T16:38:26.205929+00:00
9938,INPROC_2BC35E,1,10,team2,Team 2 (E/W),53,67,24,♥,finished,2026-05-17T16:38:26.223512+00:00
9939,INPROC_9C88F2,1,10,team1,Team 1 (N/S),85,35,10,♦,finished,2026-05-17T16:38:26.241589+00:00
9940,INPROC_D0F05A,1,10,team2,Team 2 (E/W),56,64,30,♠,finished,2026-05-17T16:38:26.258779+00:00
9941,INPROC_5D7212,1,10,team2,Team 2 (E/W),39,81,16,♦,finished,2026-05-17T16:38:26.276760+00:00
9942,INPROC_83E6FD,1,10,team1,Team 1 (N/S),65,55,8,♣,finished,2026-05-17T16:38:26.294593+00:00
9943,INPROC_423364,1,10,team1,Team 1 (N/S),94,26,35,♠,finished,2026-05-17T16:38:26.312973+00:00
9944,INPROC_9F8BE8,1,10,team1,Team 1 (N/S),79,41,29,♥,finished,2026-05-17T16:38:26.331213+00:00
9945,INPROC_8829DC,1,10,team1,Team 1 (N/S),77,43,3,♣,finished,2026-05-17T16:38:26.348670+00:00
9946,INPROC_B7DA41,1,10,team2,Team 2 (E/W),53,67,5,♣,finished,2026-05-17T16:38:26.369480+00:00
9947,INPROC_1BC808,1,10,team1,Team 1 (N/S),74,46,34,♠,finished,2026-05-17T16:38:26.392313+00:00
9948,INPROC_1DBFF5,1,10,team2,Team 2 (E/W),37,83,18,♦,finished,2026-05-17T16:38:26.413834+00:00
9949,INPROC_33DB7B,1,10,team2,Team 2 (E/W),47,73,4,♣,finished,2026-05-17T16:38:26.429989+00:00
9950,INPROC_FE8241,1,10,team2,Team 2 (E/W),36,84,9,♣,finished,2026-05-17T16:38:26.446154+00:00
9951,INPROC_309CB5,1,10,team1,Team 1 (N/S),111,9,1,♣,finished,2026-05-17T16:38:26.464557+00:00
9952,INPROC_59B11F,1,10,team2,Team 2 (E/W),16,104,7,♣,finished,2026-05-17T16:38:26.480643+00:00
9953,INPROC_FE78BF,1,10,team1,Team 1 (N/S),64,56,37,♠,finished,2026-05-17T16:38:26.497457+00:00
9954,INPROC_4263A0,1,10,team1,Team 1 (N/S),74,46,22,♥,finished,2026-05-17T16:38:26.515058+00:00
9955,INPROC_9FAA3C,1,10,team2,Team 2 (E/W),35,85,26,♥,finished,2026-05-17T16:38:26.531925+00:00
9956,INPROC_9359FC,1,10,team2,Team 2 (E/W),51,69,24,♥,finished,2026-05-17T16:38:26.547903+00:00
9957,INPROC_AEB145,1,10,team2,Team 2 (E/W),44,76,26,♥,finished,2026-05-17T16:38:26.564851+00:00
9958,INPROC_72903E,1,10,team2,Team 2 (E/W),32,88,3,♣,finished,2026-05-17T16:38:26.578563+00:00
9959,INPROC_7D1C69,1,10,team2,Team 2 (E/W),52,68,22,♥,finished,2026-05-17T16:38:26.593395+00:00
9960,INPROC_23BEC2,1,10,team2,Team 2 (E/W),55,65,9,♣,finished,2026-05-17T16:38:26.606800+00:00
9961,INPROC_A0125E,1,10,team1,Team 1 (N/S),64,56,1,♣,finished,2026-05-17T16:38:26.621908+00:00
9962,INPROC_99E3C3,1,10,team2,Team 2 (E/W),21,99,30,♠,finished,2026-05-17T16:38:26.638970+00:00
9963,INPROC_40DD64,1,10,team2,Team 2 (E/W),52,68,32,♠,finished,2026-05-17T16:38:26.654122+00:00
9964,INPROC_34AD6E,1,10,team2,Team 2 (E/W),29,91,12,♦,finished,2026-05-17T16:38:26.670522+00:00
9965,INPROC_0D163E,1,10,team1,Team 1 (N/S),82,38,14,♦,finished,2026-05-17T16:38:26.685029+00:00
9966,INPROC_68B71A,1,10,team2,Team 2 (E/W),46,74,8,♣,finished,2026-05-17T16:38:26.701308+00:00
9967,INPROC_E00F61,1,10,team2,Team 2 (E/W),53,67,3,♣,finished,2026-05-17T16:38:26.716669+00:00
9968,INPROC_DCE244,1,10,team2,Team 2 (E/W),33,87,14,♦,finished,2026-05-17T16:38:26.732842+00:00
9969,INPROC_320585,1,10,team2,Team 2 (E/W),58,62,1,♣,finished,2026-05-17T16:38:26.749529+00:00
9970,INPROC_1920EF,1,10,team2,Team 2 (E/W),51,69,9,♣,finished,2026-05-17T16:38:26.765512+00:00
9971,INPROC_8A985D,1,10,team2,Team 2 (E/W),34,86,18,♦,finished,2026-05-17T16:38:26.780954+00:00
9972,INPROC_7F25B1,1,10,team2,Team 2 (E/W),53,67,17,♦,finished,2026-05-17T16:38:26.796659+00:00
9973,INPROC_38F07A,1,10,team1,Team 1 (N/S),65,55,36,♠,finished,2026-05-17T16:38:26.814340+00:00
9974,INPROC_FC0206,1,10,team2,Team 2 (E/W),45,75,9,♣,finished,2026-05-17T16:38:26.831528+00:00
9975,INPROC_91457A,1,10,team2,Team 2 (E/W),28,92,38,♠,finished,2026-05-17T16:38:26.848039+00:00
9976,INPROC_959F44,1,10,team1,Team 1 (N/S),64,56,16,♦,finished,2026-05-17T16:38:26.865095+00:00
9977,INPROC_336418,1,10,team1,Team 1 (N/S),65,55,21,♥,finished,2026-05-17T16:38:26.883336+00:00
9978,INPROC_84B086,1,10,team2,Team 2 (E/W),22,98,19,♦,finished,2026-05-17T16:38:26.896600+00:00
9979,INPROC_C5C90F,1,10,team1,Team 1 (N/S),89,31,32,♠,finished,2026-05-17T16:38:26.912420+00:00
9980,INPROC_1A33BF,1,10,team1,Team 1 (N/S),86,34,11,♦,finished,2026-05-17T16:38:26.927292+00:00
9981,INPROC_4F191C,1,10,team2,Team 2 (E/W),59,61,6,♣,finished,2026-05-17T16:38:26.943151+00:00
9982,INPROC_2D8AE8,1,10,team2,Team 2 (E/W),22,98,3,♣,finished,2026-05-17T16:38:26.957696+00:00
9983,INPROC_944C2E,1,10,team1,Team 1 (N/S),78,42,14,♦,finished,2026-05-17T16:38:26.974354+00:00
9984,INPROC_245559,1,10,team1,Team 1 (N/S),67,53,23,♥,finished,2026-05-17T16:38:26.991889+00:00
9985,INPROC_17FF57,1,10,team1,Team 1 (N/S),85,35,31,♠,finished,2026-05-17T16:38:27.008930+00:00
9986,INPROC_F0BA47,1,10,team2,Team 2 (E/W),19,101,3,♣,finished,2026-05-17T16:38:27.022921+00:00
9987,INPROC_1578A4,1,10,team1,Team 1 (N/S),83,37,37,♠,finished,2026-05-17T16:38:27.038621+00:00
9988,INPROC_6BDF8D,1,10,team1,Team 1 (N/S),69,51,7,♣,finished,2026-05-17T16:38:27.053228+00:00
9989,INPROC_714060,1,10,team2,Team 2 (E/W),54,66,17,♦,finished,2026-05-17T16:38:27.067893+00:00
9990,INPROC_08320F,1,10,team1,Team 1 (N/S),72,48,27,♥,finished,2026-05-17T16:38:27.084790+00:00
9991,INPROC_461276,1,10,team1,Team 1 (N/S),80,40,7,♣,finished,2026-05-17T16:38:27.099980+00:00
9992,INPROC_2AEA93,1,10,team1,Team 1 (N/S),84,36,15,♦,finished,2026-05-17T16:38:27.116179+00:00
9993,INPROC_04F226,1,10,team1,Team 1 (N/S),62,58,28,♥,finished,2026-05-17T16:38:27.132923+00:00
9994,INPROC_071E82,1,10,team2,Team 2 (E/W),28,92,22,♥,finished,2026-05-17T16:38:27.148178+00:00
9995,INPROC_1D9AE4,1,10,team2,Team 2 (E/W),22,98,23,♥,finished,2026-05-17T16:38:27.160054+00:00
9996,INPROC_3F97DB,1,10,team2,Team 2 (E/W),13,107,27,♥,finished,2026-05-17T16:38:27.177835+00:00
9997,INPROC_9CB7EA,1,10,team1,Team 1 (N/S),79,41,31,♠,finished,2026-05-17T16:38:27.195587+00:00
9998,INPROC_A5E589,1,10,team1,Team 1 (N/S),74,46,35,♠,finished,2026-05-17T16:38:27.210720+00:00
9999,INPROC_25FB01,1,10,team2,Team 2 (E/W),57,63,13,♦,finished,2026-05-17T16:38:27.228234+00:00
10000,INPROC_0D33C1,1,10,team2,Team 2 (E/W),13,107,25,♥,finished,2026-05-17T16:38:27.247288+00:00
