game_number,game_id,match_number,rounds_played,winner_team,winner_label,team1_score,team2_score,trump_card,trump_suit,phase,finished_at
1,INPROC_036B9D,1,10,team1,Team 1 (N/S),70,50,35,♠,finished,2026-05-18T16:33:19.062902+00:00
2,INPROC_68D967,1,10,team2,Team 2 (E/W),57,63,26,♥,finished,2026-05-18T16:33:19.078149+00:00
3,INPROC_2F6323,1,10,team1,Team 1 (N/S),88,32,29,♥,finished,2026-05-18T16:33:19.092922+00:00
4,INPROC_C77673,1,10,team1,Team 1 (N/S),76,44,15,♦,finished,2026-05-18T16:33:19.108261+00:00
5,INPROC_78C295,1,10,team1,Team 1 (N/S),63,57,25,♥,finished,2026-05-18T16:33:19.123500+00:00
6,INPROC_550A47,1,10,team2,Team 2 (E/W),43,77,38,♠,finished,2026-05-18T16:33:19.137528+00:00
7,INPROC_3E539A,1,10,team1,Team 1 (N/S),97,23,24,♥,finished,2026-05-18T16:33:19.151996+00:00
8,INPROC_5622F2,1,10,team2,Team 2 (E/W),55,65,17,♦,finished,2026-05-18T16:33:19.167007+00:00
9,INPROC_A8BFF6,1,10,team1,Team 1 (N/S),67,53,0,♣,finished,2026-05-18T16:33:19.182471+00:00
10,INPROC_7E6330,1,10,team1,Team 1 (N/S),120,0,30,♠,finished,2026-05-18T16:33:19.194673+00:00
11,INPROC_53AA5E,1,10,team1,Team 1 (N/S),75,45,3,♣,finished,2026-05-18T16:33:19.208390+00:00
12,INPROC_737420,1,10,team1,Team 1 (N/S),70,50,17,♦,finished,2026-05-18T16:33:19.222568+00:00
13,INPROC_D3FA12,1,10,team2,Team 2 (E/W),35,85,6,♣,finished,2026-05-18T16:33:19.236630+00:00
14,INPROC_100AC5,1,10,team1,Team 1 (N/S),67,53,21,♥,finished,2026-05-18T16:33:19.251324+00:00
15,INPROC_7FF8F5,1,10,team2,Team 2 (E/W),46,74,2,♣,finished,2026-05-18T16:33:19.266771+00:00
16,INPROC_A61749,1,10,team2,Team 2 (E/W),51,69,25,♥,finished,2026-05-18T16:33:19.276231+00:00
17,INPROC_CC2DAB,1,10,team1,Team 1 (N/S),64,56,25,♥,finished,2026-05-18T16:33:19.287306+00:00
18,INPROC_1D288C,1,10,team1,Team 1 (N/S),82,38,23,♥,finished,2026-05-18T16:33:19.295349+00:00
19,INPROC_6A7F5A,1,10,team1,Team 1 (N/S),92,28,8,♣,finished,2026-05-18T16:33:19.307713+00:00
20,INPROC_84DB11,1,10,team1,Team 1 (N/S),62,58,37,♠,finished,2026-05-18T16:33:19.320093+00:00
21,INPROC_E39AA0,1,10,team2,Team 2 (E/W),46,74,38,♠,finished,2026-05-18T16:33:19.335080+00:00
22,INPROC_26C195,1,10,team2,Team 2 (E/W),59,61,37,♠,finished,2026-05-18T16:33:19.349827+00:00
23,INPROC_48EC7F,1,10,team2,Team 2 (E/W),57,63,14,♦,finished,2026-05-18T16:33:19.364579+00:00
24,INPROC_A40FA2,1,10,team1,Team 1 (N/S),118,2,20,♥,finished,2026-05-18T16:33:19.379030+00:00
25,INPROC_039DF6,1,10,team1,Team 1 (N/S),80,40,0,♣,finished,2026-05-18T16:33:19.395558+00:00
26,INPROC_8575A6,1,10,team2,Team 2 (E/W),59,61,30,♠,finished,2026-05-18T16:33:19.410737+00:00
27,INPROC_702E46,1,10,team2,Team 2 (E/W),57,63,27,♥,finished,2026-05-18T16:33:19.419401+00:00
28,INPROC_42F20E,1,10,draw,draw,60,60,22,♥,finished,2026-05-18T16:33:19.430081+00:00
29,INPROC_B7D418,1,10,team1,Team 1 (N/S),72,48,36,♠,finished,2026-05-18T16:33:19.438659+00:00
30,INPROC_DCD925,1,10,team1,Team 1 (N/S),114,6,6,♣,finished,2026-05-18T16:33:19.450023+00:00
31,INPROC_1EB3B5,1,10,team1,Team 1 (N/S),88,32,6,♣,finished,2026-05-18T16:33:19.458912+00:00
32,INPROC_8C9FB9,1,10,team1,Team 1 (N/S),65,55,11,♦,finished,2026-05-18T16:33:19.468147+00:00
33,INPROC_7D03FB,1,10,team2,Team 2 (E/W),40,80,31,♠,finished,2026-05-18T16:33:19.481207+00:00
34,INPROC_326DE8,1,10,team2,Team 2 (E/W),42,78,8,♣,finished,2026-05-18T16:33:19.495144+00:00
35,INPROC_25CD52,1,10,team2,Team 2 (E/W),26,94,30,♠,finished,2026-05-18T16:33:19.509675+00:00
36,INPROC_A1BD9D,1,10,team1,Team 1 (N/S),68,52,36,♠,finished,2026-05-18T16:33:19.525359+00:00
37,INPROC_19BE9B,1,10,team2,Team 2 (E/W),47,73,18,♦,finished,2026-05-18T16:33:19.543707+00:00
38,INPROC_78328B,1,10,team2,Team 2 (E/W),44,76,12,♦,finished,2026-05-18T16:33:19.561539+00:00
39,INPROC_2BB0FB,1,10,team1,Team 1 (N/S),88,32,23,♥,finished,2026-05-18T16:33:19.580549+00:00
40,INPROC_7E7B27,1,10,team1,Team 1 (N/S),70,50,37,♠,finished,2026-05-18T16:33:19.598108+00:00
41,INPROC_382AEB,1,10,team2,Team 2 (E/W),46,74,24,♥,finished,2026-05-18T16:33:19.612590+00:00
42,INPROC_B679FB,1,10,team1,Team 1 (N/S),81,39,12,♦,finished,2026-05-18T16:33:19.628980+00:00
43,INPROC_09F900,1,10,team2,Team 2 (E/W),52,68,27,♥,finished,2026-05-18T16:33:19.647320+00:00
44,INPROC_A64EC7,1,10,team1,Team 1 (N/S),101,19,2,♣,finished,2026-05-18T16:33:19.665009+00:00
45,INPROC_438022,1,10,team1,Team 1 (N/S),107,13,12,♦,finished,2026-05-18T16:33:19.677136+00:00
46,INPROC_EF6669,1,10,team1,Team 1 (N/S),92,28,11,♦,finished,2026-05-18T16:33:19.690229+00:00
47,INPROC_6343C0,1,10,team2,Team 2 (E/W),31,89,13,♦,finished,2026-05-18T16:33:19.705774+00:00
48,INPROC_C2981B,1,10,team1,Team 1 (N/S),77,43,11,♦,finished,2026-05-18T16:33:19.719687+00:00
49,INPROC_39620E,1,10,draw,draw,60,60,10,♦,finished,2026-05-18T16:33:19.735219+00:00
50,INPROC_C9FE59,1,10,team1,Team 1 (N/S),69,51,16,♦,finished,2026-05-18T16:33:19.750901+00:00
51,INPROC_637EA0,1,10,team2,Team 2 (E/W),54,66,35,♠,finished,2026-05-18T16:33:19.767786+00:00
52,INPROC_A50D36,1,10,team1,Team 1 (N/S),76,44,10,♦,finished,2026-05-18T16:33:19.786014+00:00
53,INPROC_746494,1,10,team1,Team 1 (N/S),82,38,15,♦,finished,2026-05-18T16:33:19.802770+00:00
54,INPROC_CB04BC,1,10,team1,Team 1 (N/S),93,27,22,♥,finished,2026-05-18T16:33:19.818741+00:00
55,INPROC_40D596,1,10,team1,Team 1 (N/S),72,48,13,♦,finished,2026-05-18T16:33:19.835465+00:00
56,INPROC_1BEA7D,1,10,team2,Team 2 (E/W),21,99,30,♠,finished,2026-05-18T16:33:19.850521+00:00
57,INPROC_2C0497,1,10,team2,Team 2 (E/W),44,76,13,♦,finished,2026-05-18T16:33:19.864525+00:00
58,INPROC_58E2E0,1,10,team1,Team 1 (N/S),71,49,30,♠,finished,2026-05-18T16:33:19.878781+00:00
59,INPROC_CD54AC,1,10,team1,Team 1 (N/S),80,40,18,♦,finished,2026-05-18T16:33:19.893726+00:00
60,INPROC_0D74B5,1,10,team1,Team 1 (N/S),74,46,26,♥,finished,2026-05-18T16:33:19.907932+00:00
61,INPROC_FD69A4,1,10,team1,Team 1 (N/S),90,30,39,♠,finished,2026-05-18T16:33:19.925682+00:00
62,INPROC_8AB2A6,1,10,team1,Team 1 (N/S),100,20,20,♥,finished,2026-05-18T16:33:19.942583+00:00
63,INPROC_A539D9,1,10,team1,Team 1 (N/S),90,30,18,♦,finished,2026-05-18T16:33:19.951019+00:00
64,INPROC_4F6FCE,1,10,team1,Team 1 (N/S),77,43,39,♠,finished,2026-05-18T16:33:19.961176+00:00
65,INPROC_541A1A,1,10,team1,Team 1 (N/S),80,40,11,♦,finished,2026-05-18T16:33:19.977960+00:00
66,INPROC_3777AD,1,10,team1,Team 1 (N/S),100,20,29,♥,finished,2026-05-18T16:33:19.995232+00:00
67,INPROC_ED14B1,1,10,team2,Team 2 (E/W),42,78,16,♦,finished,2026-05-18T16:33:20.012355+00:00
68,INPROC_770022,1,10,team1,Team 1 (N/S),76,44,3,♣,finished,2026-05-18T16:33:20.032761+00:00
69,INPROC_48A19E,1,10,team1,Team 1 (N/S),74,46,15,♦,finished,2026-05-18T16:33:20.052927+00:00
70,INPROC_FF14A3,1,10,team1,Team 1 (N/S),62,58,8,♣,finished,2026-05-18T16:33:20.071159+00:00
71,INPROC_084584,1,10,team1,Team 1 (N/S),62,58,12,♦,finished,2026-05-18T16:33:20.089498+00:00
72,INPROC_DF794F,1,10,team2,Team 2 (E/W),56,64,1,♣,finished,2026-05-18T16:33:20.107341+00:00
73,INPROC_223680,1,10,team2,Team 2 (E/W),32,88,36,♠,finished,2026-05-18T16:33:20.124183+00:00
74,INPROC_D8EFB7,1,10,team1,Team 1 (N/S),92,28,10,♦,finished,2026-05-18T16:33:20.141155+00:00
75,INPROC_E79A8C,1,10,team1,Team 1 (N/S),93,27,31,♠,finished,2026-05-18T16:33:20.157956+00:00
76,INPROC_9D5C5C,1,10,team2,Team 2 (E/W),35,85,6,♣,finished,2026-05-18T16:33:20.174537+00:00
77,INPROC_7C0E80,1,10,team1,Team 1 (N/S),91,29,26,♥,finished,2026-05-18T16:33:20.191753+00:00
78,INPROC_091CFE,1,10,team1,Team 1 (N/S),70,50,6,♣,finished,2026-05-18T16:33:20.209707+00:00
79,INPROC_379820,1,10,draw,draw,60,60,20,♥,finished,2026-05-18T16:33:20.223260+00:00
80,INPROC_861F74,1,10,team1,Team 1 (N/S),88,32,4,♣,finished,2026-05-18T16:33:20.235676+00:00
81,INPROC_65589D,1,10,team1,Team 1 (N/S),66,54,30,♠,finished,2026-05-18T16:33:20.250701+00:00
82,INPROC_BF192F,1,10,team2,Team 2 (E/W),18,102,22,♥,finished,2026-05-18T16:33:20.264875+00:00
83,INPROC_8DDCE1,1,10,team1,Team 1 (N/S),71,49,39,♠,finished,2026-05-18T16:33:20.280064+00:00
84,INPROC_0A6A2D,1,10,team2,Team 2 (E/W),41,79,7,♣,finished,2026-05-18T16:33:20.296061+00:00
85,INPROC_2D4EA8,1,10,team2,Team 2 (E/W),41,79,23,♥,finished,2026-05-18T16:33:20.310761+00:00
86,INPROC_B92B69,1,10,team1,Team 1 (N/S),86,34,9,♣,finished,2026-05-18T16:33:20.319760+00:00
87,INPROC_B7C322,1,10,team1,Team 1 (N/S),66,54,34,♠,finished,2026-05-18T16:33:20.329947+00:00
88,INPROC_6B6AE3,1,10,team1,Team 1 (N/S),89,31,9,♣,finished,2026-05-18T16:33:20.338860+00:00
89,INPROC_91FFBC,1,10,team1,Team 1 (N/S),74,46,24,♥,finished,2026-05-18T16:33:20.353600+00:00
90,INPROC_41E7D1,1,10,team2,Team 2 (E/W),37,83,24,♥,finished,2026-05-18T16:33:20.366797+00:00
91,INPROC_B7900D,1,10,team1,Team 1 (N/S),110,10,12,♦,finished,2026-05-18T16:33:20.380881+00:00
92,INPROC_913A40,1,10,team1,Team 1 (N/S),83,37,11,♦,finished,2026-05-18T16:33:20.396144+00:00
93,INPROC_52240C,1,10,team1,Team 1 (N/S),90,30,18,♦,finished,2026-05-18T16:33:20.412725+00:00
94,INPROC_E243A0,1,10,team1,Team 1 (N/S),101,19,37,♠,finished,2026-05-18T16:33:20.428264+00:00
95,INPROC_CA4A0C,1,10,team2,Team 2 (E/W),43,77,13,♦,finished,2026-05-18T16:33:20.443605+00:00
96,INPROC_D71AFC,1,10,team1,Team 1 (N/S),81,39,20,♥,finished,2026-05-18T16:33:20.459620+00:00
97,INPROC_B69542,1,10,team1,Team 1 (N/S),94,26,32,♠,finished,2026-05-18T16:33:20.474396+00:00
98,INPROC_C7B374,1,10,team1,Team 1 (N/S),84,36,12,♦,finished,2026-05-18T16:33:20.491673+00:00
99,INPROC_EB4492,1,10,team2,Team 2 (E/W),57,63,18,♦,finished,2026-05-18T16:33:20.505907+00:00
100,INPROC_94917D,1,10,team1,Team 1 (N/S),100,20,10,♦,finished,2026-05-18T16:33:20.519747+00:00
101,INPROC_0910E5,1,10,team1,Team 1 (N/S),103,17,20,♥,finished,2026-05-18T16:33:20.537196+00:00
102,INPROC_5FA8FF,1,10,team1,Team 1 (N/S),65,55,3,♣,finished,2026-05-18T16:33:20.551584+00:00
103,INPROC_E7FDD2,1,10,team2,Team 2 (E/W),38,82,5,♣,finished,2026-05-18T16:33:20.565040+00:00
104,INPROC_A29501,1,10,team1,Team 1 (N/S),65,55,39,♠,finished,2026-05-18T16:33:20.585410+00:00
105,INPROC_0C7DC5,1,10,team2,Team 2 (E/W),45,75,33,♠,finished,2026-05-18T16:33:20.599789+00:00
106,INPROC_3F9419,1,10,team1,Team 1 (N/S),89,31,12,♦,finished,2026-05-18T16:33:20.613169+00:00
107,INPROC_DE0500,1,10,team1,Team 1 (N/S),69,51,38,♠,finished,2026-05-18T16:33:20.626349+00:00
108,INPROC_8770BF,1,10,team1,Team 1 (N/S),77,43,32,♠,finished,2026-05-18T16:33:20.639718+00:00
109,INPROC_43E629,1,10,team2,Team 2 (E/W),44,76,29,♥,finished,2026-05-18T16:33:20.652947+00:00
110,INPROC_46E1F6,1,10,team1,Team 1 (N/S),67,53,35,♠,finished,2026-05-18T16:33:20.667738+00:00
111,INPROC_BD238C,1,10,team1,Team 1 (N/S),104,16,33,♠,finished,2026-05-18T16:33:20.682369+00:00
112,INPROC_CC0B3E,1,10,team1,Team 1 (N/S),91,29,8,♣,finished,2026-05-18T16:33:20.699875+00:00
113,INPROC_45CEE1,1,10,team1,Team 1 (N/S),85,35,27,♥,finished,2026-05-18T16:33:20.716854+00:00
114,INPROC_152BDC,1,10,team1,Team 1 (N/S),69,51,6,♣,finished,2026-05-18T16:33:20.732998+00:00
115,INPROC_94D129,1,10,team1,Team 1 (N/S),100,20,35,♠,finished,2026-05-18T16:33:20.750096+00:00
116,INPROC_E7BDD0,1,10,team1,Team 1 (N/S),61,59,38,♠,finished,2026-05-18T16:33:20.766443+00:00
117,INPROC_24D29A,1,10,team1,Team 1 (N/S),70,50,3,♣,finished,2026-05-18T16:33:20.783513+00:00
118,INPROC_A07A9C,1,10,team1,Team 1 (N/S),68,52,18,♦,finished,2026-05-18T16:33:20.800504+00:00
119,INPROC_24780B,1,10,team2,Team 2 (E/W),58,62,19,♦,finished,2026-05-18T16:33:20.816793+00:00
120,INPROC_79E71C,1,10,team2,Team 2 (E/W),23,97,14,♦,finished,2026-05-18T16:33:20.833373+00:00
121,INPROC_9FCF49,1,10,team1,Team 1 (N/S),87,33,21,♥,finished,2026-05-18T16:33:20.848510+00:00
122,INPROC_6397A9,1,10,team1,Team 1 (N/S),62,58,19,♦,finished,2026-05-18T16:33:20.865104+00:00
123,INPROC_B0D60B,1,10,team2,Team 2 (E/W),44,76,19,♦,finished,2026-05-18T16:33:20.880655+00:00
124,INPROC_CA40F8,1,10,team1,Team 1 (N/S),86,34,39,♠,finished,2026-05-18T16:33:20.894415+00:00
125,INPROC_88854A,1,10,team2,Team 2 (E/W),31,89,20,♥,finished,2026-05-18T16:33:20.907159+00:00
126,INPROC_82D9A0,1,10,team1,Team 1 (N/S),87,33,8,♣,finished,2026-05-18T16:33:20.924681+00:00
127,INPROC_79A0D1,1,10,team1,Team 1 (N/S),81,39,36,♠,finished,2026-05-18T16:33:20.940431+00:00
128,INPROC_0EC468,1,10,team1,Team 1 (N/S),73,47,1,♣,finished,2026-05-18T16:33:20.956640+00:00
129,INPROC_6B977E,1,10,team1,Team 1 (N/S),83,37,21,♥,finished,2026-05-18T16:33:20.973675+00:00
130,INPROC_3B2781,1,10,team2,Team 2 (E/W),43,77,27,♥,finished,2026-05-18T16:33:20.991687+00:00
131,INPROC_D18EC1,1,10,team1,Team 1 (N/S),80,40,15,♦,finished,2026-05-18T16:33:21.008832+00:00
132,INPROC_9452F9,1,10,team2,Team 2 (E/W),20,100,29,♥,finished,2026-05-18T16:33:21.023182+00:00
133,INPROC_269D99,1,10,team1,Team 1 (N/S),89,31,7,♣,finished,2026-05-18T16:33:21.040644+00:00
134,INPROC_DAD957,1,10,team2,Team 2 (E/W),5,115,29,♥,finished,2026-05-18T16:33:21.057489+00:00
135,INPROC_268E47,1,10,team1,Team 1 (N/S),63,57,27,♥,finished,2026-05-18T16:33:21.071631+00:00
136,INPROC_3A79B4,1,10,team2,Team 2 (E/W),58,62,27,♥,finished,2026-05-18T16:33:21.080093+00:00
137,INPROC_C3600E,1,10,team2,Team 2 (E/W),59,61,23,♥,finished,2026-05-18T16:33:21.089202+00:00
138,INPROC_117FD9,1,10,team1,Team 1 (N/S),67,53,26,♥,finished,2026-05-18T16:33:21.098465+00:00
139,INPROC_367764,1,10,team2,Team 2 (E/W),42,78,31,♠,finished,2026-05-18T16:33:21.112959+00:00
140,INPROC_50E281,1,10,team1,Team 1 (N/S),68,52,9,♣,finished,2026-05-18T16:33:21.125254+00:00
141,INPROC_4D1848,1,10,team1,Team 1 (N/S),78,42,18,♦,finished,2026-05-18T16:33:21.137358+00:00
142,INPROC_80D1D6,1,10,team2,Team 2 (E/W),44,76,25,♥,finished,2026-05-18T16:33:21.150897+00:00
143,INPROC_7ABB7B,1,10,team1,Team 1 (N/S),78,42,36,♠,finished,2026-05-18T16:33:21.167046+00:00
144,INPROC_4A6478,1,10,team2,Team 2 (E/W),40,80,27,♥,finished,2026-05-18T16:33:21.180866+00:00
145,INPROC_A40AE8,1,10,team1,Team 1 (N/S),66,54,0,♣,finished,2026-05-18T16:33:21.198957+00:00
146,INPROC_A24C46,1,10,team1,Team 1 (N/S),89,31,2,♣,finished,2026-05-18T16:33:21.217624+00:00
147,INPROC_4E9DDB,1,10,team1,Team 1 (N/S),70,50,17,♦,finished,2026-05-18T16:33:21.233423+00:00
148,INPROC_CFD95A,1,10,team1,Team 1 (N/S),86,34,28,♥,finished,2026-05-18T16:33:21.248298+00:00
149,INPROC_E91AF7,1,10,team2,Team 2 (E/W),56,64,15,♦,finished,2026-05-18T16:33:21.257706+00:00
150,INPROC_4A9D54,1,10,team1,Team 1 (N/S),75,45,9,♣,finished,2026-05-18T16:33:21.267750+00:00
151,INPROC_587444,1,10,team1,Team 1 (N/S),68,52,20,♥,finished,2026-05-18T16:33:21.282682+00:00
152,INPROC_98CE9C,1,10,team1,Team 1 (N/S),88,32,23,♥,finished,2026-05-18T16:33:21.295327+00:00
153,INPROC_644A9D,1,10,team1,Team 1 (N/S),99,21,17,♦,finished,2026-05-18T16:33:21.314043+00:00
154,INPROC_5FFF24,1,10,team1,Team 1 (N/S),71,49,30,♠,finished,2026-05-18T16:33:21.330442+00:00
155,INPROC_476106,1,10,team1,Team 1 (N/S),94,26,23,♥,finished,2026-05-18T16:33:21.346317+00:00
156,INPROC_3A3C22,1,10,team2,Team 2 (E/W),57,63,8,♣,finished,2026-05-18T16:33:21.359050+00:00
157,INPROC_E64460,1,10,team1,Team 1 (N/S),64,56,34,♠,finished,2026-05-18T16:33:21.368012+00:00
158,INPROC_4EDB86,1,10,team1,Team 1 (N/S),90,30,0,♣,finished,2026-05-18T16:33:21.378825+00:00
159,INPROC_A97BE8,1,10,team2,Team 2 (E/W),41,79,8,♣,finished,2026-05-18T16:33:21.387466+00:00
160,INPROC_9C74DE,1,10,team2,Team 2 (E/W),48,72,13,♦,finished,2026-05-18T16:33:21.397237+00:00
161,INPROC_B80C45,1,10,team1,Team 1 (N/S),103,17,33,♠,finished,2026-05-18T16:33:21.407081+00:00
162,INPROC_63920D,1,10,team1,Team 1 (N/S),86,34,13,♦,finished,2026-05-18T16:33:21.415428+00:00
163,INPROC_74D4B6,1,10,team1,Team 1 (N/S),88,32,29,♥,finished,2026-05-18T16:33:21.424956+00:00
164,INPROC_6A7595,1,10,team1,Team 1 (N/S),99,21,14,♦,finished,2026-05-18T16:33:21.433120+00:00
165,INPROC_6836F7,1,10,team1,Team 1 (N/S),62,58,15,♦,finished,2026-05-18T16:33:21.442738+00:00
166,INPROC_02D314,1,10,team1,Team 1 (N/S),87,33,10,♦,finished,2026-05-18T16:33:21.451190+00:00
167,INPROC_442736,1,10,team1,Team 1 (N/S),67,53,16,♦,finished,2026-05-18T16:33:21.463431+00:00
168,INPROC_DA6325,1,10,team1,Team 1 (N/S),92,28,31,♠,finished,2026-05-18T16:33:21.476816+00:00
169,INPROC_111548,1,10,team1,Team 1 (N/S),88,32,6,♣,finished,2026-05-18T16:33:21.490534+00:00
170,INPROC_2438CA,1,10,team1,Team 1 (N/S),102,18,11,♦,finished,2026-05-18T16:33:21.505531+00:00
171,INPROC_DAF9FB,1,10,team2,Team 2 (E/W),45,75,10,♦,finished,2026-05-18T16:33:21.517522+00:00
172,INPROC_F2DD24,1,10,team1,Team 1 (N/S),88,32,22,♥,finished,2026-05-18T16:33:21.533039+00:00
173,INPROC_2B91F6,1,10,team2,Team 2 (E/W),43,77,13,♦,finished,2026-05-18T16:33:21.546266+00:00
174,INPROC_4ACB9B,1,10,team1,Team 1 (N/S),65,55,3,♣,finished,2026-05-18T16:33:21.563145+00:00
175,INPROC_8FF7D3,1,10,team1,Team 1 (N/S),80,40,9,♣,finished,2026-05-18T16:33:21.575949+00:00
176,INPROC_604645,1,10,team1,Team 1 (N/S),85,35,37,♠,finished,2026-05-18T16:33:21.591671+00:00
177,INPROC_0A0903,1,10,team2,Team 2 (E/W),16,104,3,♣,finished,2026-05-18T16:33:21.606759+00:00
178,INPROC_9B6D9E,1,10,team1,Team 1 (N/S),91,29,18,♦,finished,2026-05-18T16:33:21.622713+00:00
179,INPROC_65F712,1,10,team1,Team 1 (N/S),77,43,1,♣,finished,2026-05-18T16:33:21.636586+00:00
180,INPROC_244CC7,1,10,team1,Team 1 (N/S),87,33,12,♦,finished,2026-05-18T16:33:21.649771+00:00
181,INPROC_F10A33,1,10,team1,Team 1 (N/S),72,48,12,♦,finished,2026-05-18T16:33:21.665219+00:00
182,INPROC_802FC1,1,10,team1,Team 1 (N/S),96,24,10,♦,finished,2026-05-18T16:33:21.679496+00:00
183,INPROC_94BF93,1,10,team2,Team 2 (E/W),36,84,32,♠,finished,2026-05-18T16:33:21.695418+00:00
184,INPROC_508667,1,10,team1,Team 1 (N/S),93,27,6,♣,finished,2026-05-18T16:33:21.711292+00:00
185,INPROC_AE04AA,1,10,team1,Team 1 (N/S),72,48,33,♠,finished,2026-05-18T16:33:21.726929+00:00
186,INPROC_1AF13D,1,10,team2,Team 2 (E/W),46,74,36,♠,finished,2026-05-18T16:33:21.742494+00:00
187,INPROC_72C647,1,10,team1,Team 1 (N/S),87,33,3,♣,finished,2026-05-18T16:33:21.757595+00:00
188,INPROC_0DF89D,1,10,team2,Team 2 (E/W),32,88,1,♣,finished,2026-05-18T16:33:21.771608+00:00
189,INPROC_60DE00,1,10,team1,Team 1 (N/S),117,3,35,♠,finished,2026-05-18T16:33:21.788464+00:00
190,INPROC_08B193,1,10,team1,Team 1 (N/S),81,39,24,♥,finished,2026-05-18T16:33:21.798359+00:00
191,INPROC_9400A3,1,10,team1,Team 1 (N/S),104,16,25,♥,finished,2026-05-18T16:33:21.812956+00:00
192,INPROC_62712B,1,10,team1,Team 1 (N/S),80,40,2,♣,finished,2026-05-18T16:33:21.827988+00:00
193,INPROC_B3D946,1,10,team1,Team 1 (N/S),66,54,22,♥,finished,2026-05-18T16:33:21.846031+00:00
194,INPROC_93FFDA,1,10,team2,Team 2 (E/W),36,84,17,♦,finished,2026-05-18T16:33:21.862398+00:00
195,INPROC_1C82FB,1,10,team1,Team 1 (N/S),74,46,20,♥,finished,2026-05-18T16:33:21.877947+00:00
196,INPROC_274BAF,1,10,team2,Team 2 (E/W),45,75,9,♣,finished,2026-05-18T16:33:21.892958+00:00
197,INPROC_7297F8,1,10,team1,Team 1 (N/S),69,51,33,♠,finished,2026-05-18T16:33:21.907428+00:00
198,INPROC_ADCCB1,1,10,team2,Team 2 (E/W),59,61,18,♦,finished,2026-05-18T16:33:21.921708+00:00
199,INPROC_03CA74,1,10,team1,Team 1 (N/S),92,28,3,♣,finished,2026-05-18T16:33:21.937501+00:00
200,INPROC_FBAE9E,1,10,team2,Team 2 (E/W),36,84,31,♠,finished,2026-05-18T16:33:21.951204+00:00
201,INPROC_D073AA,1,10,team2,Team 2 (E/W),32,88,29,♥,finished,2026-05-18T16:33:21.966405+00:00
202,INPROC_38D941,1,10,team2,Team 2 (E/W),25,95,28,♥,finished,2026-05-18T16:33:21.980621+00:00
203,INPROC_10FF66,1,10,team2,Team 2 (E/W),20,100,24,♥,finished,2026-05-18T16:33:21.995274+00:00
204,INPROC_7190BF,1,10,team1,Team 1 (N/S),80,40,3,♣,finished,2026-05-18T16:33:22.007240+00:00
205,INPROC_E10D18,1,10,team1,Team 1 (N/S),80,40,24,♥,finished,2026-05-18T16:33:22.021460+00:00
206,INPROC_AA4DE7,1,10,team1,Team 1 (N/S),97,23,32,♠,finished,2026-05-18T16:33:22.036308+00:00
207,INPROC_95121A,1,10,team1,Team 1 (N/S),79,41,5,♣,finished,2026-05-18T16:33:22.051124+00:00
208,INPROC_48C50A,1,10,team1,Team 1 (N/S),81,39,1,♣,finished,2026-05-18T16:33:22.067932+00:00
209,INPROC_5FF549,1,10,team2,Team 2 (E/W),49,71,0,♣,finished,2026-05-18T16:33:22.085711+00:00
210,INPROC_A50196,1,10,team1,Team 1 (N/S),67,53,34,♠,finished,2026-05-18T16:33:22.101918+00:00
211,INPROC_C067B9,1,10,team2,Team 2 (E/W),31,89,3,♣,finished,2026-05-18T16:33:22.116943+00:00
212,INPROC_E4087B,1,10,team1,Team 1 (N/S),74,46,7,♣,finished,2026-05-18T16:33:22.131565+00:00
213,INPROC_0BC5B9,1,10,team1,Team 1 (N/S),63,57,9,♣,finished,2026-05-18T16:33:22.146931+00:00
214,INPROC_C92373,1,10,team2,Team 2 (E/W),50,70,29,♥,finished,2026-05-18T16:33:22.161789+00:00
215,INPROC_0CF524,1,10,team2,Team 2 (E/W),40,80,9,♣,finished,2026-05-18T16:33:22.175326+00:00
216,INPROC_0E6147,1,10,team1,Team 1 (N/S),66,54,16,♦,finished,2026-05-18T16:33:22.189518+00:00
217,INPROC_23C979,1,10,team1,Team 1 (N/S),90,30,35,♠,finished,2026-05-18T16:33:22.205610+00:00
218,INPROC_AD24BF,1,10,team1,Team 1 (N/S),63,57,14,♦,finished,2026-05-18T16:33:22.219877+00:00
219,INPROC_0CF0B9,1,10,team1,Team 1 (N/S),75,45,22,♥,finished,2026-05-18T16:33:22.233426+00:00
220,INPROC_9893C0,1,10,team1,Team 1 (N/S),81,39,25,♥,finished,2026-05-18T16:33:22.247718+00:00
221,INPROC_69FAB4,1,10,team2,Team 2 (E/W),39,81,19,♦,finished,2026-05-18T16:33:22.262711+00:00
222,INPROC_4C7C6D,1,10,team1,Team 1 (N/S),90,30,3,♣,finished,2026-05-18T16:33:22.276878+00:00
223,INPROC_C011F9,1,10,team1,Team 1 (N/S),73,47,37,♠,finished,2026-05-18T16:33:22.292091+00:00
224,INPROC_9C6C28,1,10,team2,Team 2 (E/W),42,78,28,♥,finished,2026-05-18T16:33:22.308934+00:00
225,INPROC_12E8D4,1,10,team2,Team 2 (E/W),45,75,8,♣,finished,2026-05-18T16:33:22.325444+00:00
226,INPROC_9C38F1,1,10,team2,Team 2 (E/W),54,66,25,♥,finished,2026-05-18T16:33:22.342614+00:00
227,INPROC_3C55B3,1,10,team1,Team 1 (N/S),99,21,7,♣,finished,2026-05-18T16:33:22.360554+00:00
228,INPROC_1FDE71,1,10,team1,Team 1 (N/S),112,8,5,♣,finished,2026-05-18T16:33:22.378061+00:00
229,INPROC_2C2C6C,1,10,team2,Team 2 (E/W),54,66,25,♥,finished,2026-05-18T16:33:22.394651+00:00
230,INPROC_272CEC,1,10,team1,Team 1 (N/S),70,50,38,♠,finished,2026-05-18T16:33:22.412312+00:00
231,INPROC_3E284D,1,10,team2,Team 2 (E/W),41,79,21,♥,finished,2026-05-18T16:33:22.429985+00:00
232,INPROC_8CF4D3,1,10,team1,Team 1 (N/S),72,48,0,♣,finished,2026-05-18T16:33:22.439043+00:00
233,INPROC_D3FDD9,1,10,team1,Team 1 (N/S),99,21,19,♦,finished,2026-05-18T16:33:22.452889+00:00
234,INPROC_914AAF,1,10,team1,Team 1 (N/S),73,47,2,♣,finished,2026-05-18T16:33:22.462311+00:00
235,INPROC_DDC1B0,1,10,team2,Team 2 (E/W),52,68,0,♣,finished,2026-05-18T16:33:22.481323+00:00
236,INPROC_4C35FA,1,10,team1,Team 1 (N/S),80,40,25,♥,finished,2026-05-18T16:33:22.500284+00:00
237,INPROC_CF4D21,1,10,team1,Team 1 (N/S),88,32,24,♥,finished,2026-05-18T16:33:22.519387+00:00
238,INPROC_00ED64,1,10,team1,Team 1 (N/S),64,56,25,♥,finished,2026-05-18T16:33:22.537129+00:00
239,INPROC_18CD24,1,10,team1,Team 1 (N/S),98,22,37,♠,finished,2026-05-18T16:33:22.554256+00:00
240,INPROC_900520,1,10,team1,Team 1 (N/S),64,56,38,♠,finished,2026-05-18T16:33:22.571822+00:00
241,INPROC_D30ACC,1,10,team1,Team 1 (N/S),76,44,8,♣,finished,2026-05-18T16:33:22.590842+00:00
242,INPROC_19D17D,1,10,team2,Team 2 (E/W),51,69,9,♣,finished,2026-05-18T16:33:22.607828+00:00
243,INPROC_4DD2B8,1,10,team1,Team 1 (N/S),83,37,13,♦,finished,2026-05-18T16:33:22.626606+00:00
244,INPROC_FE0D85,1,10,team1,Team 1 (N/S),81,39,0,♣,finished,2026-05-18T16:33:22.640957+00:00
245,INPROC_1CDFAF,1,10,team1,Team 1 (N/S),74,46,29,♥,finished,2026-05-18T16:33:22.654972+00:00
246,INPROC_4D81BF,1,10,team1,Team 1 (N/S),63,57,25,♥,finished,2026-05-18T16:33:22.668341+00:00
247,INPROC_15C330,1,10,team1,Team 1 (N/S),66,54,11,♦,finished,2026-05-18T16:33:22.685475+00:00
248,INPROC_00BED2,1,10,team1,Team 1 (N/S),82,38,30,♠,finished,2026-05-18T16:33:22.699503+00:00
249,INPROC_530E86,1,10,team2,Team 2 (E/W),53,67,2,♣,finished,2026-05-18T16:33:22.713236+00:00
250,INPROC_FEB39C,1,10,team1,Team 1 (N/S),102,18,20,♥,finished,2026-05-18T16:33:22.726178+00:00
251,INPROC_04DC47,1,10,team1,Team 1 (N/S),90,30,2,♣,finished,2026-05-18T16:33:22.743056+00:00
252,INPROC_337388,1,10,team1,Team 1 (N/S),103,17,39,♠,finished,2026-05-18T16:33:22.760603+00:00
253,INPROC_7C91AB,1,10,team1,Team 1 (N/S),69,51,0,♣,finished,2026-05-18T16:33:22.777379+00:00
254,INPROC_F8B6CA,1,10,team2,Team 2 (E/W),59,61,17,♦,finished,2026-05-18T16:33:22.794217+00:00
255,INPROC_E269DB,1,10,team1,Team 1 (N/S),73,47,32,♠,finished,2026-05-18T16:33:22.811264+00:00
256,INPROC_34534E,1,10,team1,Team 1 (N/S),76,44,10,♦,finished,2026-05-18T16:33:22.825365+00:00
257,INPROC_39C607,1,10,team2,Team 2 (E/W),53,67,12,♦,finished,2026-05-18T16:33:22.834074+00:00
258,INPROC_64D880,1,10,team1,Team 1 (N/S),73,47,2,♣,finished,2026-05-18T16:33:22.852124+00:00
259,INPROC_19D4C6,1,10,team2,Team 2 (E/W),37,83,38,♠,finished,2026-05-18T16:33:22.867925+00:00
260,INPROC_D85169,1,10,team2,Team 2 (E/W),48,72,33,♠,finished,2026-05-18T16:33:22.883085+00:00
261,INPROC_BD448A,1,10,team1,Team 1 (N/S),88,32,36,♠,finished,2026-05-18T16:33:22.891800+00:00
262,INPROC_874FB0,1,10,team1,Team 1 (N/S),118,2,15,♦,finished,2026-05-18T16:33:22.906491+00:00
263,INPROC_31F0B5,1,10,team1,Team 1 (N/S),79,41,31,♠,finished,2026-05-18T16:33:22.920949+00:00
264,INPROC_FA7203,1,10,team2,Team 2 (E/W),42,78,19,♦,finished,2026-05-18T16:33:22.936327+00:00
265,INPROC_8929F6,1,10,team1,Team 1 (N/S),80,40,14,♦,finished,2026-05-18T16:33:22.950716+00:00
266,INPROC_0D562F,1,10,team2,Team 2 (E/W),44,76,9,♣,finished,2026-05-18T16:33:22.966610+00:00
267,INPROC_57DBC6,1,10,team1,Team 1 (N/S),77,43,25,♥,finished,2026-05-18T16:33:22.976021+00:00
268,INPROC_C7C301,1,10,team1,Team 1 (N/S),97,23,18,♦,finished,2026-05-18T16:33:22.988263+00:00
269,INPROC_3F93C4,1,10,team1,Team 1 (N/S),65,55,21,♥,finished,2026-05-18T16:33:23.003737+00:00
270,INPROC_E70D98,1,10,team1,Team 1 (N/S),111,9,24,♥,finished,2026-05-18T16:33:23.017500+00:00
271,INPROC_C30F44,1,10,team2,Team 2 (E/W),56,64,6,♣,finished,2026-05-18T16:33:23.033389+00:00
272,INPROC_537B70,1,10,team1,Team 1 (N/S),70,50,39,♠,finished,2026-05-18T16:33:23.047501+00:00
273,INPROC_920D41,1,10,team2,Team 2 (E/W),43,77,18,♦,finished,2026-05-18T16:33:23.064415+00:00
274,INPROC_3F1A9D,1,10,team2,Team 2 (E/W),45,75,38,♠,finished,2026-05-18T16:33:23.081132+00:00
275,INPROC_30555F,1,10,team2,Team 2 (E/W),54,66,8,♣,finished,2026-05-18T16:33:23.097230+00:00
276,INPROC_390DDE,1,10,team1,Team 1 (N/S),78,42,38,♠,finished,2026-05-18T16:33:23.114050+00:00
277,INPROC_C2B871,1,10,team2,Team 2 (E/W),48,72,15,♦,finished,2026-05-18T16:33:23.130977+00:00
278,INPROC_2BE84B,1,10,team1,Team 1 (N/S),81,39,4,♣,finished,2026-05-18T16:33:23.140657+00:00
279,INPROC_73A5DD,1,10,team2,Team 2 (E/W),58,62,8,♣,finished,2026-05-18T16:33:23.153517+00:00
280,INPROC_838630,1,10,team1,Team 1 (N/S),81,39,26,♥,finished,2026-05-18T16:33:23.165550+00:00
281,INPROC_C19424,1,10,team1,Team 1 (N/S),76,44,32,♠,finished,2026-05-18T16:33:23.176752+00:00
282,INPROC_3D5EE4,1,10,team2,Team 2 (E/W),47,73,5,♣,finished,2026-05-18T16:33:23.192521+00:00
283,INPROC_894899,1,10,team2,Team 2 (E/W),51,69,8,♣,finished,2026-05-18T16:33:23.208862+00:00
284,INPROC_A5B134,1,10,team2,Team 2 (E/W),55,65,17,♦,finished,2026-05-18T16:33:23.224253+00:00
285,INPROC_3F7CDC,1,10,team1,Team 1 (N/S),69,51,38,♠,finished,2026-05-18T16:33:23.240325+00:00
286,INPROC_EE4055,1,10,team1,Team 1 (N/S),74,46,24,♥,finished,2026-05-18T16:33:23.252407+00:00
287,INPROC_BB22E0,1,10,team2,Team 2 (E/W),54,66,6,♣,finished,2026-05-18T16:33:23.268349+00:00
288,INPROC_ED92B7,1,10,team1,Team 1 (N/S),94,26,18,♦,finished,2026-05-18T16:33:23.282741+00:00
289,INPROC_453481,1,10,team1,Team 1 (N/S),92,28,4,♣,finished,2026-05-18T16:33:23.295528+00:00
290,INPROC_3427EC,1,10,team1,Team 1 (N/S),83,37,14,♦,finished,2026-05-18T16:33:23.311480+00:00
291,INPROC_E79278,1,10,team1,Team 1 (N/S),102,18,1,♣,finished,2026-05-18T16:33:23.324849+00:00
292,INPROC_F8D8D0,1,10,team2,Team 2 (E/W),48,72,9,♣,finished,2026-05-18T16:33:23.340594+00:00
293,INPROC_1D5AF3,1,10,draw,draw,60,60,32,♠,finished,2026-05-18T16:33:23.357703+00:00
294,INPROC_BDCCDB,1,10,team2,Team 2 (E/W),53,67,36,♠,finished,2026-05-18T16:33:23.371414+00:00
295,INPROC_158B6F,1,10,team2,Team 2 (E/W),23,97,22,♥,finished,2026-05-18T16:33:23.379313+00:00
296,INPROC_72B587,1,10,team1,Team 1 (N/S),66,54,26,♥,finished,2026-05-18T16:33:23.389866+00:00
297,INPROC_8F97C6,1,10,team1,Team 1 (N/S),64,56,10,♦,finished,2026-05-18T16:33:23.405130+00:00
298,INPROC_8A9467,1,10,team1,Team 1 (N/S),61,59,1,♣,finished,2026-05-18T16:33:23.420572+00:00
299,INPROC_7FA2DF,1,10,team1,Team 1 (N/S),64,56,21,♥,finished,2026-05-18T16:33:23.438796+00:00
300,INPROC_EB28D9,1,10,team1,Team 1 (N/S),89,31,7,♣,finished,2026-05-18T16:33:23.455624+00:00
301,INPROC_A12740,1,10,team1,Team 1 (N/S),99,21,34,♠,finished,2026-05-18T16:33:23.474257+00:00
302,INPROC_C5D127,1,10,team1,Team 1 (N/S),85,35,13,♦,finished,2026-05-18T16:33:23.492434+00:00
303,INPROC_94DDA8,1,10,team2,Team 2 (E/W),59,61,30,♠,finished,2026-05-18T16:33:23.513272+00:00
304,INPROC_C4FF90,1,10,team2,Team 2 (E/W),14,106,28,♥,finished,2026-05-18T16:33:23.522198+00:00
305,INPROC_FD8C4F,1,10,team1,Team 1 (N/S),108,12,27,♥,finished,2026-05-18T16:33:23.532199+00:00
306,INPROC_8DAD69,1,10,team1,Team 1 (N/S),75,45,0,♣,finished,2026-05-18T16:33:23.548061+00:00
307,INPROC_6276E6,1,10,team2,Team 2 (E/W),47,73,35,♠,finished,2026-05-18T16:33:23.564203+00:00
308,INPROC_7F8AF4,1,10,team1,Team 1 (N/S),97,23,18,♦,finished,2026-05-18T16:33:23.581071+00:00
309,INPROC_1FF007,1,10,team1,Team 1 (N/S),71,49,26,♥,finished,2026-05-18T16:33:23.589772+00:00
310,INPROC_E52B5B,1,10,team2,Team 2 (E/W),35,85,36,♠,finished,2026-05-18T16:33:23.610396+00:00
311,INPROC_8E236B,1,10,team1,Team 1 (N/S),80,40,16,♦,finished,2026-05-18T16:33:23.628464+00:00
312,INPROC_0C2628,1,10,team2,Team 2 (E/W),54,66,39,♠,finished,2026-05-18T16:33:23.646192+00:00
313,INPROC_B20098,1,10,team1,Team 1 (N/S),91,29,16,♦,finished,2026-05-18T16:33:23.664627+00:00
314,INPROC_A021BD,1,10,team1,Team 1 (N/S),82,38,33,♠,finished,2026-05-18T16:33:23.682935+00:00
315,INPROC_C1C617,1,10,draw,draw,60,60,35,♠,finished,2026-05-18T16:33:23.699735+00:00
316,INPROC_910616,1,10,team1,Team 1 (N/S),93,27,15,♦,finished,2026-05-18T16:33:23.711017+00:00
317,INPROC_C68762,1,10,team1,Team 1 (N/S),64,56,23,♥,finished,2026-05-18T16:33:23.719946+00:00
318,INPROC_41321F,1,10,team2,Team 2 (E/W),53,67,14,♦,finished,2026-05-18T16:33:23.735061+00:00
319,INPROC_06D9B3,1,10,team1,Team 1 (N/S),81,39,24,♥,finished,2026-05-18T16:33:23.750576+00:00
320,INPROC_2B7C3D,1,10,team2,Team 2 (E/W),21,99,27,♥,finished,2026-05-18T16:33:23.762703+00:00
321,INPROC_F8C26B,1,10,team1,Team 1 (N/S),78,42,6,♣,finished,2026-05-18T16:33:23.775633+00:00
322,INPROC_57BF0A,1,10,team1,Team 1 (N/S),77,43,32,♠,finished,2026-05-18T16:33:23.789948+00:00
323,INPROC_1B60D4,1,10,team2,Team 2 (E/W),53,67,33,♠,finished,2026-05-18T16:33:23.805091+00:00
324,INPROC_C3F05B,1,10,team2,Team 2 (E/W),19,101,16,♦,finished,2026-05-18T16:33:23.820280+00:00
325,INPROC_706E15,1,10,team1,Team 1 (N/S),75,45,23,♥,finished,2026-05-18T16:33:23.837533+00:00
326,INPROC_A875BB,1,10,team2,Team 2 (E/W),26,94,29,♥,finished,2026-05-18T16:33:23.855862+00:00
327,INPROC_3677F7,1,10,team2,Team 2 (E/W),56,64,39,♠,finished,2026-05-18T16:33:23.874870+00:00
328,INPROC_2DE9EC,1,10,team1,Team 1 (N/S),78,42,13,♦,finished,2026-05-18T16:33:23.891963+00:00
329,INPROC_EE1B70,1,10,team1,Team 1 (N/S),97,23,13,♦,finished,2026-05-18T16:33:23.903219+00:00
330,INPROC_10C5A7,1,10,team2,Team 2 (E/W),32,88,8,♣,finished,2026-05-18T16:33:23.912165+00:00
331,INPROC_CA2613,1,10,team1,Team 1 (N/S),77,43,4,♣,finished,2026-05-18T16:33:23.926164+00:00
332,INPROC_5C7672,1,10,team1,Team 1 (N/S),78,42,0,♣,finished,2026-05-18T16:33:23.938174+00:00
333,INPROC_634F13,1,10,team2,Team 2 (E/W),39,81,7,♣,finished,2026-05-18T16:33:23.952784+00:00
334,INPROC_8DB907,1,10,team2,Team 2 (E/W),35,85,33,♠,finished,2026-05-18T16:33:23.966592+00:00
335,INPROC_607FE9,1,10,team1,Team 1 (N/S),66,54,3,♣,finished,2026-05-18T16:33:23.983345+00:00
336,INPROC_7B462E,1,10,team2,Team 2 (E/W),17,103,30,♠,finished,2026-05-18T16:33:23.998423+00:00
337,INPROC_187AB6,1,10,team1,Team 1 (N/S),73,47,31,♠,finished,2026-05-18T16:33:24.008093+00:00
338,INPROC_0CBC4C,1,10,team1,Team 1 (N/S),67,53,31,♠,finished,2026-05-18T16:33:24.021638+00:00
339,INPROC_24E5E4,1,10,team1,Team 1 (N/S),64,56,4,♣,finished,2026-05-18T16:33:24.035311+00:00
340,INPROC_66C84D,1,10,team2,Team 2 (E/W),45,75,35,♠,finished,2026-05-18T16:33:24.050313+00:00
341,INPROC_43F088,1,10,team2,Team 2 (E/W),35,85,30,♠,finished,2026-05-18T16:33:24.066872+00:00
342,INPROC_8CEBFC,1,10,team2,Team 2 (E/W),57,63,27,♥,finished,2026-05-18T16:33:24.082949+00:00
343,INPROC_0CA3A0,1,10,team1,Team 1 (N/S),70,50,31,♠,finished,2026-05-18T16:33:24.096058+00:00
344,INPROC_93BE37,1,10,team1,Team 1 (N/S),61,59,11,♦,finished,2026-05-18T16:33:24.105909+00:00
345,INPROC_836915,1,10,team1,Team 1 (N/S),93,27,5,♣,finished,2026-05-18T16:33:24.114808+00:00
346,INPROC_4F96C2,1,10,team1,Team 1 (N/S),83,37,31,♠,finished,2026-05-18T16:33:24.129414+00:00
347,INPROC_6E4418,1,10,team2,Team 2 (E/W),51,69,12,♦,finished,2026-05-18T16:33:24.142916+00:00
348,INPROC_7F3A91,1,10,team2,Team 2 (E/W),49,71,19,♦,finished,2026-05-18T16:33:24.157277+00:00
349,INPROC_CBD09B,1,10,team1,Team 1 (N/S),74,46,31,♠,finished,2026-05-18T16:33:24.172280+00:00
350,INPROC_773F44,1,10,team2,Team 2 (E/W),45,75,7,♣,finished,2026-05-18T16:33:24.187604+00:00
351,INPROC_D85727,1,10,team2,Team 2 (E/W),53,67,8,♣,finished,2026-05-18T16:33:24.206739+00:00
352,INPROC_0D159A,1,10,team1,Team 1 (N/S),97,23,7,♣,finished,2026-05-18T16:33:24.225729+00:00
353,INPROC_740BAD,1,10,team1,Team 1 (N/S),86,34,0,♣,finished,2026-05-18T16:33:24.240327+00:00
354,INPROC_8AD833,1,10,team2,Team 2 (E/W),48,72,8,♣,finished,2026-05-18T16:33:24.248735+00:00
355,INPROC_62AAA0,1,10,team2,Team 2 (E/W),59,61,38,♠,finished,2026-05-18T16:33:24.257968+00:00
356,INPROC_6DE62A,1,10,team1,Team 1 (N/S),75,45,3,♣,finished,2026-05-18T16:33:24.272972+00:00
357,INPROC_7FF9AF,1,10,team1,Team 1 (N/S),66,54,32,♠,finished,2026-05-18T16:33:24.287261+00:00
358,INPROC_EA224D,1,10,team1,Team 1 (N/S),71,49,10,♦,finished,2026-05-18T16:33:24.301786+00:00
359,INPROC_83A412,1,10,team1,Team 1 (N/S),89,31,12,♦,finished,2026-05-18T16:33:24.321590+00:00
360,INPROC_DE969F,1,10,team1,Team 1 (N/S),103,17,11,♦,finished,2026-05-18T16:33:24.340777+00:00
361,INPROC_C1CDB4,1,10,team1,Team 1 (N/S),79,41,25,♥,finished,2026-05-18T16:33:24.359339+00:00
362,INPROC_61606C,1,10,team1,Team 1 (N/S),86,34,18,♦,finished,2026-05-18T16:33:24.378499+00:00
363,INPROC_FF2076,1,10,team1,Team 1 (N/S),84,36,12,♦,finished,2026-05-18T16:33:24.387744+00:00
364,INPROC_4CFCF1,1,10,team1,Team 1 (N/S),65,55,5,♣,finished,2026-05-18T16:33:24.396570+00:00
365,INPROC_5C2D20,1,10,team1,Team 1 (N/S),93,27,29,♥,finished,2026-05-18T16:33:24.406674+00:00
366,INPROC_EB60CD,1,10,team2,Team 2 (E/W),43,77,3,♣,finished,2026-05-18T16:33:24.421010+00:00
367,INPROC_07144F,1,10,team2,Team 2 (E/W),52,68,22,♥,finished,2026-05-18T16:33:24.437105+00:00
368,INPROC_755B5E,1,10,team1,Team 1 (N/S),71,49,13,♦,finished,2026-05-18T16:33:24.455584+00:00
369,INPROC_394540,1,10,team2,Team 2 (E/W),49,71,31,♠,finished,2026-05-18T16:33:24.468823+00:00
370,INPROC_E75690,1,10,team1,Team 1 (N/S),103,17,34,♠,finished,2026-05-18T16:33:24.482473+00:00
371,INPROC_49319D,1,10,team1,Team 1 (N/S),84,36,4,♣,finished,2026-05-18T16:33:24.496910+00:00
372,INPROC_EED9AF,1,10,team2,Team 2 (E/W),59,61,8,♣,finished,2026-05-18T16:33:24.516015+00:00
373,INPROC_DC28B6,1,10,team2,Team 2 (E/W),45,75,24,♥,finished,2026-05-18T16:33:24.533392+00:00
374,INPROC_9D24A1,1,10,team1,Team 1 (N/S),97,23,31,♠,finished,2026-05-18T16:33:24.545876+00:00
375,INPROC_12FB1A,1,10,team2,Team 2 (E/W),54,66,18,♦,finished,2026-05-18T16:33:24.563100+00:00
376,INPROC_E3E2D0,1,10,team1,Team 1 (N/S),114,6,0,♣,finished,2026-05-18T16:33:24.572490+00:00
377,INPROC_E876A2,1,10,team1,Team 1 (N/S),87,33,6,♣,finished,2026-05-18T16:33:24.592294+00:00
378,INPROC_52F54D,1,10,team1,Team 1 (N/S),104,16,22,♥,finished,2026-05-18T16:33:24.610131+00:00
379,INPROC_05DA1B,1,10,team1,Team 1 (N/S),75,45,21,♥,finished,2026-05-18T16:33:24.629209+00:00
380,INPROC_022D3F,1,10,team1,Team 1 (N/S),67,53,38,♠,finished,2026-05-18T16:33:24.646849+00:00
381,INPROC_E52607,1,10,team1,Team 1 (N/S),87,33,8,♣,finished,2026-05-18T16:33:24.657419+00:00
382,INPROC_B34B80,1,10,team1,Team 1 (N/S),104,16,3,♣,finished,2026-05-18T16:33:24.672525+00:00
383,INPROC_2E2C78,1,10,team1,Team 1 (N/S),75,45,34,♠,finished,2026-05-18T16:33:24.681424+00:00
384,INPROC_312035,1,10,team2,Team 2 (E/W),57,63,14,♦,finished,2026-05-18T16:33:24.692515+00:00
385,INPROC_647D96,1,10,team1,Team 1 (N/S),98,22,5,♣,finished,2026-05-18T16:33:24.701056+00:00
386,INPROC_41BDD0,1,10,team1,Team 1 (N/S),85,35,6,♣,finished,2026-05-18T16:33:24.719403+00:00
387,INPROC_A97A61,1,10,team1,Team 1 (N/S),93,27,21,♥,finished,2026-05-18T16:33:24.735457+00:00
388,INPROC_014524,1,10,team1,Team 1 (N/S),92,28,36,♠,finished,2026-05-18T16:33:24.750536+00:00
389,INPROC_057014,1,10,team1,Team 1 (N/S),83,37,1,♣,finished,2026-05-18T16:33:24.765743+00:00
390,INPROC_542FBA,1,10,team2,Team 2 (E/W),47,73,38,♠,finished,2026-05-18T16:33:24.780520+00:00
391,INPROC_36C676,1,10,team1,Team 1 (N/S),89,31,16,♦,finished,2026-05-18T16:33:24.790225+00:00
392,INPROC_D8E127,1,10,team1,Team 1 (N/S),93,27,38,♠,finished,2026-05-18T16:33:24.798994+00:00
393,INPROC_E9773D,1,10,team1,Team 1 (N/S),93,27,9,♣,finished,2026-05-18T16:33:24.808463+00:00
394,INPROC_364B3E,1,10,team1,Team 1 (N/S),100,20,37,♠,finished,2026-05-18T16:33:24.821329+00:00
395,INPROC_F6E42F,1,10,team1,Team 1 (N/S),73,47,26,♥,finished,2026-05-18T16:33:24.837253+00:00
396,INPROC_E286C5,1,10,draw,draw,60,60,4,♣,finished,2026-05-18T16:33:24.852232+00:00
397,INPROC_972850,1,10,team1,Team 1 (N/S),67,53,2,♣,finished,2026-05-18T16:33:24.866626+00:00
398,INPROC_5ADF77,1,10,team1,Team 1 (N/S),75,45,15,♦,finished,2026-05-18T16:33:24.881299+00:00
399,INPROC_B8EF63,1,10,team1,Team 1 (N/S),62,58,31,♠,finished,2026-05-18T16:33:24.890617+00:00
400,INPROC_486315,1,10,team1,Team 1 (N/S),80,40,33,♠,finished,2026-05-18T16:33:24.903438+00:00
401,INPROC_CC22FA,1,10,team1,Team 1 (N/S),78,42,26,♥,finished,2026-05-18T16:33:24.918546+00:00
402,INPROC_49746D,1,10,team2,Team 2 (E/W),0,120,26,♥,finished,2026-05-18T16:33:24.931478+00:00
403,INPROC_86747E,1,10,team1,Team 1 (N/S),87,33,25,♥,finished,2026-05-18T16:33:24.946645+00:00
404,INPROC_90CAC2,1,10,team2,Team 2 (E/W),44,76,4,♣,finished,2026-05-18T16:33:25.060193+00:00
405,INPROC_3D4EC3,1,10,team1,Team 1 (N/S),120,0,33,♠,finished,2026-05-18T16:33:25.141465+00:00
406,INPROC_8F9765,1,10,draw,draw,60,60,37,♠,finished,2026-05-18T16:33:25.155467+00:00
407,INPROC_01BED7,1,10,team1,Team 1 (N/S),89,31,31,♠,finished,2026-05-18T16:33:25.170446+00:00
408,INPROC_9DE597,1,10,team2,Team 2 (E/W),43,77,28,♥,finished,2026-05-18T16:33:25.187713+00:00
409,INPROC_D4A50E,1,10,team1,Team 1 (N/S),102,18,1,♣,finished,2026-05-18T16:33:25.208596+00:00
410,INPROC_46CA76,1,10,team1,Team 1 (N/S),88,32,5,♣,finished,2026-05-18T16:33:25.224653+00:00
411,INPROC_71A8FC,1,10,team1,Team 1 (N/S),120,0,13,♦,finished,2026-05-18T16:33:25.236621+00:00
412,INPROC_7EC6F6,1,10,team1,Team 1 (N/S),94,26,27,♥,finished,2026-05-18T16:33:25.252198+00:00
413,INPROC_25AC0C,1,10,team1,Team 1 (N/S),92,28,9,♣,finished,2026-05-18T16:33:25.266465+00:00
414,INPROC_FE932E,1,10,team2,Team 2 (E/W),32,88,35,♠,finished,2026-05-18T16:33:25.283510+00:00
415,INPROC_8BEA9B,1,10,team2,Team 2 (E/W),44,76,10,♦,finished,2026-05-18T16:33:25.298246+00:00
416,INPROC_B4C4B7,1,10,team2,Team 2 (E/W),58,62,36,♠,finished,2026-05-18T16:33:25.310527+00:00
417,INPROC_BF7EA8,1,10,team1,Team 1 (N/S),68,52,15,♦,finished,2026-05-18T16:33:25.340645+00:00
418,INPROC_45B829,1,10,team1,Team 1 (N/S),97,23,13,♦,finished,2026-05-18T16:33:25.359372+00:00
419,INPROC_C7CE0A,1,10,team1,Team 1 (N/S),104,16,35,♠,finished,2026-05-18T16:33:25.374913+00:00
420,INPROC_B7524E,1,10,team2,Team 2 (E/W),25,95,8,♣,finished,2026-05-18T16:33:25.390382+00:00
421,INPROC_460772,1,10,team2,Team 2 (E/W),34,86,24,♥,finished,2026-05-18T16:33:25.405166+00:00
422,INPROC_2048DB,1,10,team1,Team 1 (N/S),87,33,35,♠,finished,2026-05-18T16:33:25.420812+00:00
423,INPROC_5BF689,1,10,team2,Team 2 (E/W),54,66,29,♥,finished,2026-05-18T16:33:25.438927+00:00
424,INPROC_7F3D2F,1,10,team2,Team 2 (E/W),49,71,15,♦,finished,2026-05-18T16:33:25.456852+00:00
425,INPROC_59500C,1,10,team1,Team 1 (N/S),61,59,32,♠,finished,2026-05-18T16:33:25.475448+00:00
426,INPROC_59AF71,1,10,team1,Team 1 (N/S),69,51,5,♣,finished,2026-05-18T16:33:25.516311+00:00
427,INPROC_0607F3,1,10,team1,Team 1 (N/S),97,23,18,♦,finished,2026-05-18T16:33:25.560365+00:00
428,INPROC_674849,1,10,team1,Team 1 (N/S),72,48,33,♠,finished,2026-05-18T16:33:25.582804+00:00
429,INPROC_897B8F,1,10,team1,Team 1 (N/S),87,33,25,♥,finished,2026-05-18T16:33:25.594143+00:00
430,INPROC_C97C51,1,10,team2,Team 2 (E/W),42,78,10,♦,finished,2026-05-18T16:33:25.609043+00:00
431,INPROC_944CF1,1,10,team1,Team 1 (N/S),100,20,37,♠,finished,2026-05-18T16:33:25.623481+00:00
432,INPROC_D93304,1,10,team2,Team 2 (E/W),36,84,26,♥,finished,2026-05-18T16:33:25.638833+00:00
433,INPROC_CA7A94,1,10,team1,Team 1 (N/S),109,11,32,♠,finished,2026-05-18T16:33:25.654405+00:00
434,INPROC_A722B7,1,10,team1,Team 1 (N/S),97,23,5,♣,finished,2026-05-18T16:33:25.665812+00:00
435,INPROC_87F823,1,10,team1,Team 1 (N/S),62,58,30,♠,finished,2026-05-18T16:33:25.679118+00:00
436,INPROC_4A440F,1,10,team1,Team 1 (N/S),80,40,23,♥,finished,2026-05-18T16:33:25.692701+00:00
437,INPROC_3E8667,1,10,team1,Team 1 (N/S),69,51,12,♦,finished,2026-05-18T16:33:25.703754+00:00
438,INPROC_0E8F49,1,10,team2,Team 2 (E/W),52,68,32,♠,finished,2026-05-18T16:33:25.714187+00:00
439,INPROC_57F696,1,10,team2,Team 2 (E/W),59,61,15,♦,finished,2026-05-18T16:33:25.726506+00:00
440,INPROC_5A5574,1,10,team1,Team 1 (N/S),98,22,27,♥,finished,2026-05-18T16:33:25.740522+00:00
441,INPROC_935338,1,10,team2,Team 2 (E/W),48,72,36,♠,finished,2026-05-18T16:33:25.753689+00:00
442,INPROC_E55AE8,1,10,team1,Team 1 (N/S),86,34,0,♣,finished,2026-05-18T16:33:25.769526+00:00
443,INPROC_BF9518,1,10,team2,Team 2 (E/W),43,77,21,♥,finished,2026-05-18T16:33:25.780838+00:00
444,INPROC_7A239A,1,10,team1,Team 1 (N/S),78,42,23,♥,finished,2026-05-18T16:33:25.796511+00:00
445,INPROC_7D5CBC,1,10,team1,Team 1 (N/S),64,56,13,♦,finished,2026-05-18T16:33:25.813106+00:00
446,INPROC_E5BA23,1,10,team2,Team 2 (E/W),41,79,9,♣,finished,2026-05-18T16:33:25.829846+00:00
447,INPROC_E8D175,1,10,team1,Team 1 (N/S),94,26,19,♦,finished,2026-05-18T16:33:25.842009+00:00
448,INPROC_BD3728,1,10,team1,Team 1 (N/S),76,44,1,♣,finished,2026-05-18T16:33:25.854726+00:00
449,INPROC_1D2FA5,1,10,team1,Team 1 (N/S),95,25,3,♣,finished,2026-05-18T16:33:25.867106+00:00
450,INPROC_F7F672,1,10,team1,Team 1 (N/S),61,59,33,♠,finished,2026-05-18T16:33:25.877937+00:00
451,INPROC_323282,1,10,team1,Team 1 (N/S),99,21,18,♦,finished,2026-05-18T16:33:25.887815+00:00
452,INPROC_982D4C,1,10,team1,Team 1 (N/S),112,8,2,♣,finished,2026-05-18T16:33:25.901886+00:00
453,INPROC_E0B2D4,1,10,team2,Team 2 (E/W),49,71,26,♥,finished,2026-05-18T16:33:25.919695+00:00
454,INPROC_48010E,1,10,team1,Team 1 (N/S),96,24,34,♠,finished,2026-05-18T16:33:25.937645+00:00
455,INPROC_73B026,1,10,team2,Team 2 (E/W),14,106,0,♣,finished,2026-05-18T16:33:25.956612+00:00
456,INPROC_0C0DDF,1,10,team1,Team 1 (N/S),66,54,33,♠,finished,2026-05-18T16:33:25.971652+00:00
457,INPROC_87EE02,1,10,team1,Team 1 (N/S),62,58,19,♦,finished,2026-05-18T16:33:25.985495+00:00
458,INPROC_FE8783,1,10,team2,Team 2 (E/W),56,64,14,♦,finished,2026-05-18T16:33:26.000731+00:00
459,INPROC_6E6DA2,1,10,draw,draw,60,60,27,♥,finished,2026-05-18T16:33:26.012570+00:00
460,INPROC_FD5A62,1,10,team1,Team 1 (N/S),85,35,27,♥,finished,2026-05-18T16:33:26.023566+00:00
461,INPROC_590DAD,1,10,team1,Team 1 (N/S),65,55,6,♣,finished,2026-05-18T16:33:26.041274+00:00
462,INPROC_4480DA,1,10,team1,Team 1 (N/S),91,29,2,♣,finished,2026-05-18T16:33:26.056510+00:00
463,INPROC_CD61F1,1,10,team1,Team 1 (N/S),71,49,28,♥,finished,2026-05-18T16:33:26.073683+00:00
464,INPROC_B35C47,1,10,team1,Team 1 (N/S),68,52,11,♦,finished,2026-05-18T16:33:26.088096+00:00
465,INPROC_48D102,1,10,team2,Team 2 (E/W),31,89,28,♥,finished,2026-05-18T16:33:26.103744+00:00
466,INPROC_E4A61D,1,10,team1,Team 1 (N/S),81,39,4,♣,finished,2026-05-18T16:33:26.113972+00:00
467,INPROC_1B2059,1,10,team1,Team 1 (N/S),63,57,24,♥,finished,2026-05-18T16:33:26.126216+00:00
468,INPROC_11C93D,1,10,team1,Team 1 (N/S),66,54,26,♥,finished,2026-05-18T16:33:26.139007+00:00
469,INPROC_FF4CDA,1,10,team2,Team 2 (E/W),29,91,19,♦,finished,2026-05-18T16:33:26.154273+00:00
470,INPROC_52606C,1,10,team1,Team 1 (N/S),65,55,1,♣,finished,2026-05-18T16:33:26.169184+00:00
471,INPROC_9F5B75,1,10,team2,Team 2 (E/W),34,86,7,♣,finished,2026-05-18T16:33:26.184814+00:00
472,INPROC_B63A35,1,10,team1,Team 1 (N/S),64,56,21,♥,finished,2026-05-18T16:33:26.202480+00:00
473,INPROC_9F363D,1,10,team1,Team 1 (N/S),87,33,17,♦,finished,2026-05-18T16:33:26.219076+00:00
474,INPROC_7495AF,1,10,team1,Team 1 (N/S),100,20,2,♣,finished,2026-05-18T16:33:26.234185+00:00
475,INPROC_E3A943,1,10,team1,Team 1 (N/S),87,33,11,♦,finished,2026-05-18T16:33:26.249942+00:00
476,INPROC_B735E5,1,10,team2,Team 2 (E/W),59,61,8,♣,finished,2026-05-18T16:33:26.266359+00:00
477,INPROC_C9AB9E,1,10,team1,Team 1 (N/S),77,43,0,♣,finished,2026-05-18T16:33:26.284131+00:00
478,INPROC_5F6869,1,10,team1,Team 1 (N/S),83,37,3,♣,finished,2026-05-18T16:33:26.300031+00:00
479,INPROC_D0E36A,1,10,team1,Team 1 (N/S),76,44,19,♦,finished,2026-05-18T16:33:26.315657+00:00
480,INPROC_59577A,1,10,team2,Team 2 (E/W),26,94,0,♣,finished,2026-05-18T16:33:26.331723+00:00
481,INPROC_E81E7F,1,10,team1,Team 1 (N/S),86,34,32,♠,finished,2026-05-18T16:33:26.339912+00:00
482,INPROC_DF5372,1,10,team1,Team 1 (N/S),67,53,34,♠,finished,2026-05-18T16:33:26.355735+00:00
483,INPROC_7D1FA4,1,10,team1,Team 1 (N/S),87,33,15,♦,finished,2026-05-18T16:33:26.369999+00:00
484,INPROC_E35648,1,10,team2,Team 2 (E/W),36,84,16,♦,finished,2026-05-18T16:33:26.384098+00:00
485,INPROC_B59C7E,1,10,team1,Team 1 (N/S),87,33,3,♣,finished,2026-05-18T16:33:26.399274+00:00
486,INPROC_A50AC2,1,10,team1,Team 1 (N/S),84,36,6,♣,finished,2026-05-18T16:33:26.413511+00:00
487,INPROC_1802D3,1,10,team1,Team 1 (N/S),85,35,0,♣,finished,2026-05-18T16:33:26.430110+00:00
488,INPROC_D1A9CE,1,10,team1,Team 1 (N/S),89,31,18,♦,finished,2026-05-18T16:33:26.445220+00:00
489,INPROC_CE86DE,1,10,team1,Team 1 (N/S),74,46,19,♦,finished,2026-05-18T16:33:26.454460+00:00
490,INPROC_D5109E,1,10,team1,Team 1 (N/S),77,43,36,♠,finished,2026-05-18T16:33:26.465857+00:00
491,INPROC_3F4658,1,10,team1,Team 1 (N/S),61,59,19,♦,finished,2026-05-18T16:33:26.478391+00:00
492,INPROC_4FEE65,1,10,team2,Team 2 (E/W),24,96,18,♦,finished,2026-05-18T16:33:26.492024+00:00
493,INPROC_48E01E,1,10,team1,Team 1 (N/S),84,36,38,♠,finished,2026-05-18T16:33:26.506884+00:00
494,INPROC_80352D,1,10,team1,Team 1 (N/S),78,42,3,♣,finished,2026-05-18T16:33:26.517622+00:00
495,INPROC_F7CFC8,1,10,team2,Team 2 (E/W),38,82,27,♥,finished,2026-05-18T16:33:26.531463+00:00
496,INPROC_8A260F,1,10,team1,Team 1 (N/S),61,59,6,♣,finished,2026-05-18T16:33:26.550357+00:00
497,INPROC_53FC05,1,10,team1,Team 1 (N/S),91,29,5,♣,finished,2026-05-18T16:33:26.562199+00:00
498,INPROC_AE13CF,1,10,team1,Team 1 (N/S),120,0,22,♥,finished,2026-05-18T16:33:26.574590+00:00
499,INPROC_AFDA5B,1,10,team1,Team 1 (N/S),80,40,23,♥,finished,2026-05-18T16:33:26.591597+00:00
500,INPROC_08F93A,1,10,team2,Team 2 (E/W),58,62,14,♦,finished,2026-05-18T16:33:26.606071+00:00
501,INPROC_E879AE,1,10,team1,Team 1 (N/S),90,30,27,♥,finished,2026-05-18T16:33:26.620549+00:00
502,INPROC_0CE9F5,1,10,team2,Team 2 (E/W),51,69,24,♥,finished,2026-05-18T16:33:26.635172+00:00
503,INPROC_7968BB,1,10,team1,Team 1 (N/S),102,18,13,♦,finished,2026-05-18T16:33:26.651029+00:00
504,INPROC_8F9F34,1,10,team2,Team 2 (E/W),49,71,36,♠,finished,2026-05-18T16:33:26.667037+00:00
505,INPROC_A6FF40,1,10,draw,draw,60,60,34,♠,finished,2026-05-18T16:33:26.684082+00:00
506,INPROC_2B63C9,1,10,team2,Team 2 (E/W),10,110,35,♠,finished,2026-05-18T16:33:26.700404+00:00
507,INPROC_A35FB5,1,10,team1,Team 1 (N/S),79,41,22,♥,finished,2026-05-18T16:33:26.715660+00:00
508,INPROC_CA3699,1,10,team1,Team 1 (N/S),70,50,22,♥,finished,2026-05-18T16:33:26.729076+00:00
509,INPROC_326A91,1,10,team1,Team 1 (N/S),65,55,27,♥,finished,2026-05-18T16:33:26.748927+00:00
510,INPROC_7C033B,1,10,team1,Team 1 (N/S),86,34,12,♦,finished,2026-05-18T16:33:26.763805+00:00
511,INPROC_CB4C01,1,10,team2,Team 2 (E/W),25,95,19,♦,finished,2026-05-18T16:33:26.782199+00:00
512,INPROC_869360,1,10,team1,Team 1 (N/S),90,30,10,♦,finished,2026-05-18T16:33:26.800702+00:00
513,INPROC_33F1D2,1,10,team1,Team 1 (N/S),96,24,20,♥,finished,2026-05-18T16:33:26.816838+00:00
514,INPROC_A438C8,1,10,team1,Team 1 (N/S),64,56,35,♠,finished,2026-05-18T16:33:26.832866+00:00
515,INPROC_D79E6F,1,10,team1,Team 1 (N/S),116,4,3,♣,finished,2026-05-18T16:33:26.847751+00:00
516,INPROC_6EF4E3,1,10,team2,Team 2 (E/W),43,77,16,♦,finished,2026-05-18T16:33:26.856425+00:00
517,INPROC_9C63C0,1,10,team1,Team 1 (N/S),108,12,32,♠,finished,2026-05-18T16:33:26.873391+00:00
518,INPROC_20C4E3,1,10,team1,Team 1 (N/S),113,7,30,♠,finished,2026-05-18T16:33:26.889210+00:00
519,INPROC_E78D65,1,10,team2,Team 2 (E/W),42,78,9,♣,finished,2026-05-18T16:33:26.904493+00:00
520,INPROC_463316,1,10,team1,Team 1 (N/S),62,58,20,♥,finished,2026-05-18T16:33:26.916211+00:00
521,INPROC_E834F8,1,10,team1,Team 1 (N/S),70,50,19,♦,finished,2026-05-18T16:33:26.929974+00:00
522,INPROC_42DB82,1,10,team1,Team 1 (N/S),67,53,7,♣,finished,2026-05-18T16:33:26.941054+00:00
523,INPROC_68BC06,1,10,team2,Team 2 (E/W),59,61,33,♠,finished,2026-05-18T16:33:26.958063+00:00
524,INPROC_12723D,1,10,team2,Team 2 (E/W),55,65,19,♦,finished,2026-05-18T16:33:26.972686+00:00
525,INPROC_D15503,1,10,team2,Team 2 (E/W),44,76,12,♦,finished,2026-05-18T16:33:26.992356+00:00
526,INPROC_3EE98D,1,10,team1,Team 1 (N/S),86,34,7,♣,finished,2026-05-18T16:33:27.011011+00:00
527,INPROC_D291B2,1,10,team1,Team 1 (N/S),61,59,22,♥,finished,2026-05-18T16:33:27.027929+00:00
528,INPROC_282CF1,1,10,team1,Team 1 (N/S),79,41,0,♣,finished,2026-05-18T16:33:27.046419+00:00
529,INPROC_AD5DAF,1,10,team2,Team 2 (E/W),59,61,36,♠,finished,2026-05-18T16:33:27.060508+00:00
530,INPROC_44ACE0,1,10,team1,Team 1 (N/S),80,40,24,♥,finished,2026-05-18T16:33:27.073222+00:00
531,INPROC_B9BE23,1,10,draw,draw,60,60,29,♥,finished,2026-05-18T16:33:27.091375+00:00
532,INPROC_CF27E1,1,10,team2,Team 2 (E/W),34,86,5,♣,finished,2026-05-18T16:33:27.107771+00:00
533,INPROC_E649DD,1,10,team1,Team 1 (N/S),71,49,14,♦,finished,2026-05-18T16:33:27.120398+00:00
534,INPROC_A08346,1,10,team2,Team 2 (E/W),35,85,15,♦,finished,2026-05-18T16:33:27.128193+00:00
535,INPROC_FAA9AE,1,10,team1,Team 1 (N/S),65,55,31,♠,finished,2026-05-18T16:33:27.137841+00:00
536,INPROC_8ECF0C,1,10,team1,Team 1 (N/S),79,41,14,♦,finished,2026-05-18T16:33:27.153770+00:00
537,INPROC_D70703,1,10,team2,Team 2 (E/W),56,64,15,♦,finished,2026-05-18T16:33:27.170460+00:00
538,INPROC_EFF4FA,1,10,team2,Team 2 (E/W),49,71,4,♣,finished,2026-05-18T16:33:27.184636+00:00
539,INPROC_B2CC6E,1,10,team2,Team 2 (E/W),31,89,12,♦,finished,2026-05-18T16:33:27.201458+00:00
540,INPROC_2C0347,1,10,team1,Team 1 (N/S),106,14,27,♥,finished,2026-05-18T16:33:27.217390+00:00
541,INPROC_428802,1,10,team2,Team 2 (E/W),41,79,11,♦,finished,2026-05-18T16:33:27.232315+00:00
542,INPROC_A331BF,1,10,team2,Team 2 (E/W),45,75,1,♣,finished,2026-05-18T16:33:27.241085+00:00
543,INPROC_0D4A7E,1,10,team1,Team 1 (N/S),84,36,6,♣,finished,2026-05-18T16:33:27.250831+00:00
544,INPROC_620EF7,1,10,team2,Team 2 (E/W),32,88,22,♥,finished,2026-05-18T16:33:27.260380+00:00
545,INPROC_DCBD2C,1,10,team2,Team 2 (E/W),42,78,27,♥,finished,2026-05-18T16:33:27.269456+00:00
546,INPROC_F2E6A3,1,10,team1,Team 1 (N/S),63,57,2,♣,finished,2026-05-18T16:33:27.278437+00:00
547,INPROC_F1A48D,1,10,team1,Team 1 (N/S),80,40,39,♠,finished,2026-05-18T16:33:27.290891+00:00
548,INPROC_EE1FA7,1,10,team1,Team 1 (N/S),65,55,2,♣,finished,2026-05-18T16:33:27.303785+00:00
549,INPROC_FB3FD7,1,10,team2,Team 2 (E/W),40,80,29,♥,finished,2026-05-18T16:33:27.316928+00:00
550,INPROC_D093B8,1,10,team2,Team 2 (E/W),55,65,19,♦,finished,2026-05-18T16:33:27.332282+00:00
551,INPROC_BE9149,1,10,team1,Team 1 (N/S),115,5,3,♣,finished,2026-05-18T16:33:27.346328+00:00
552,INPROC_B61C80,1,10,team1,Team 1 (N/S),89,31,3,♣,finished,2026-05-18T16:33:27.363673+00:00
553,INPROC_D60998,1,10,team2,Team 2 (E/W),41,79,21,♥,finished,2026-05-18T16:33:27.381902+00:00
554,INPROC_89CB55,1,10,team2,Team 2 (E/W),58,62,13,♦,finished,2026-05-18T16:33:27.400329+00:00
555,INPROC_38901E,1,10,team2,Team 2 (E/W),16,104,26,♥,finished,2026-05-18T16:33:27.410894+00:00
556,INPROC_19EFCB,1,10,team1,Team 1 (N/S),81,39,5,♣,finished,2026-05-18T16:33:27.419411+00:00
557,INPROC_CDEEB1,1,10,team1,Team 1 (N/S),94,26,7,♣,finished,2026-05-18T16:33:27.428648+00:00
558,INPROC_FD4C9C,1,10,team2,Team 2 (E/W),32,88,37,♠,finished,2026-05-18T16:33:27.437373+00:00
559,INPROC_701CFF,1,10,team1,Team 1 (N/S),100,20,7,♣,finished,2026-05-18T16:33:27.455275+00:00
560,INPROC_DE35FC,1,10,team1,Team 1 (N/S),75,45,28,♥,finished,2026-05-18T16:33:27.470235+00:00
561,INPROC_1AF03A,1,10,draw,draw,60,60,5,♣,finished,2026-05-18T16:33:27.484445+00:00
562,INPROC_1B0710,1,10,team1,Team 1 (N/S),105,15,34,♠,finished,2026-05-18T16:33:27.498369+00:00
563,INPROC_26C9C1,1,10,team1,Team 1 (N/S),69,51,9,♣,finished,2026-05-18T16:33:27.509978+00:00
564,INPROC_13D443,1,10,team1,Team 1 (N/S),90,30,29,♥,finished,2026-05-18T16:33:27.522565+00:00
565,INPROC_0669B0,1,10,team2,Team 2 (E/W),40,80,10,♦,finished,2026-05-18T16:33:27.535725+00:00
566,INPROC_3A745A,1,10,team1,Team 1 (N/S),72,48,25,♥,finished,2026-05-18T16:33:27.549479+00:00
567,INPROC_B28C17,1,10,team1,Team 1 (N/S),107,13,5,♣,finished,2026-05-18T16:33:27.563431+00:00
568,INPROC_83C49E,1,10,team2,Team 2 (E/W),43,77,32,♠,finished,2026-05-18T16:33:27.576886+00:00
569,INPROC_69F413,1,10,team1,Team 1 (N/S),62,58,4,♣,finished,2026-05-18T16:33:27.592007+00:00
570,INPROC_FFFB1A,1,10,team2,Team 2 (E/W),49,71,5,♣,finished,2026-05-18T16:33:27.606390+00:00
571,INPROC_26D013,1,10,team1,Team 1 (N/S),66,54,30,♠,finished,2026-05-18T16:33:27.621651+00:00
572,INPROC_0A1C02,1,10,team2,Team 2 (E/W),19,101,14,♦,finished,2026-05-18T16:33:27.636427+00:00
573,INPROC_A63F46,1,10,team1,Team 1 (N/S),82,38,2,♣,finished,2026-05-18T16:33:27.653928+00:00
574,INPROC_0BE7B3,1,10,team2,Team 2 (E/W),52,68,26,♥,finished,2026-05-18T16:33:27.671393+00:00
575,INPROC_2F8009,1,10,team1,Team 1 (N/S),80,40,11,♦,finished,2026-05-18T16:33:27.687350+00:00
576,INPROC_38F039,1,10,team2,Team 2 (E/W),47,73,39,♠,finished,2026-05-18T16:33:27.702338+00:00
577,INPROC_32AF6E,1,10,team1,Team 1 (N/S),72,48,12,♦,finished,2026-05-18T16:33:27.718632+00:00
578,INPROC_874DFB,1,10,team2,Team 2 (E/W),5,115,39,♠,finished,2026-05-18T16:33:27.736517+00:00
579,INPROC_B28151,1,10,team1,Team 1 (N/S),77,43,25,♥,finished,2026-05-18T16:33:27.754787+00:00
580,INPROC_668B22,1,10,team2,Team 2 (E/W),17,103,22,♥,finished,2026-05-18T16:33:27.767130+00:00
581,INPROC_B08200,1,10,team1,Team 1 (N/S),89,31,2,♣,finished,2026-05-18T16:33:27.784069+00:00
582,INPROC_7E65F8,1,10,team1,Team 1 (N/S),78,42,18,♦,finished,2026-05-18T16:33:27.797054+00:00
583,INPROC_9BB3C4,1,10,team2,Team 2 (E/W),33,87,39,♠,finished,2026-05-18T16:33:27.809285+00:00
584,INPROC_0F4C88,1,10,team1,Team 1 (N/S),96,24,27,♥,finished,2026-05-18T16:33:27.821772+00:00
585,INPROC_D87A63,1,10,team1,Team 1 (N/S),110,10,17,♦,finished,2026-05-18T16:33:27.836626+00:00
586,INPROC_6AEF0A,1,10,team1,Team 1 (N/S),78,42,17,♦,finished,2026-05-18T16:33:27.848416+00:00
587,INPROC_B4C20C,1,10,team1,Team 1 (N/S),70,50,36,♠,finished,2026-05-18T16:33:27.860788+00:00
588,INPROC_41843D,1,10,team2,Team 2 (E/W),19,101,24,♥,finished,2026-05-18T16:33:27.877645+00:00
589,INPROC_9EDB3B,1,10,team2,Team 2 (E/W),47,73,35,♠,finished,2026-05-18T16:33:27.901162+00:00
590,INPROC_CBD895,1,10,team2,Team 2 (E/W),55,65,2,♣,finished,2026-05-18T16:33:27.921659+00:00
591,INPROC_069E76,1,10,team1,Team 1 (N/S),99,21,5,♣,finished,2026-05-18T16:33:27.939540+00:00
592,INPROC_215733,1,10,team1,Team 1 (N/S),106,14,22,♥,finished,2026-05-18T16:33:27.954593+00:00
593,INPROC_A45988,1,10,team2,Team 2 (E/W),52,68,38,♠,finished,2026-05-18T16:33:27.973108+00:00
594,INPROC_DD4307,1,10,team1,Team 1 (N/S),78,42,34,♠,finished,2026-05-18T16:33:27.988267+00:00
595,INPROC_061322,1,10,team1,Team 1 (N/S),85,35,35,♠,finished,2026-05-18T16:33:27.999071+00:00
596,INPROC_E0ADB3,1,10,team1,Team 1 (N/S),73,47,35,♠,finished,2026-05-18T16:33:28.017345+00:00
597,INPROC_9FA08B,1,10,team1,Team 1 (N/S),63,57,29,♥,finished,2026-05-18T16:33:28.034057+00:00
598,INPROC_31AF6F,1,10,team2,Team 2 (E/W),26,94,19,♦,finished,2026-05-18T16:33:28.049121+00:00
599,INPROC_7DA56F,1,10,team2,Team 2 (E/W),44,76,30,♠,finished,2026-05-18T16:33:28.062129+00:00
600,INPROC_2FFAAD,1,10,team1,Team 1 (N/S),65,55,25,♥,finished,2026-05-18T16:33:28.077288+00:00
601,INPROC_838594,1,10,team1,Team 1 (N/S),86,34,1,♣,finished,2026-05-18T16:33:28.091683+00:00
602,INPROC_EBE1AB,1,10,team1,Team 1 (N/S),104,16,1,♣,finished,2026-05-18T16:33:28.104229+00:00
603,INPROC_4B94A3,1,10,team2,Team 2 (E/W),46,74,13,♦,finished,2026-05-18T16:33:28.117764+00:00
604,INPROC_069180,1,10,team2,Team 2 (E/W),36,84,3,♣,finished,2026-05-18T16:33:28.131557+00:00
605,INPROC_69DC34,1,10,team1,Team 1 (N/S),66,54,27,♥,finished,2026-05-18T16:33:28.145328+00:00
606,INPROC_C2268A,1,10,team1,Team 1 (N/S),93,27,19,♦,finished,2026-05-18T16:33:28.157921+00:00
607,INPROC_D324DD,1,10,team1,Team 1 (N/S),75,45,5,♣,finished,2026-05-18T16:33:28.172324+00:00
608,INPROC_0E303A,1,10,team2,Team 2 (E/W),47,73,24,♥,finished,2026-05-18T16:33:28.191589+00:00
609,INPROC_778782,1,10,team2,Team 2 (E/W),51,69,22,♥,finished,2026-05-18T16:33:28.206042+00:00
610,INPROC_25107E,1,10,team2,Team 2 (E/W),57,63,27,♥,finished,2026-05-18T16:33:28.219702+00:00
611,INPROC_2A5B14,1,10,team1,Team 1 (N/S),96,24,20,♥,finished,2026-05-18T16:33:28.235649+00:00
612,INPROC_1EF36D,1,10,team1,Team 1 (N/S),73,47,29,♥,finished,2026-05-18T16:33:28.248475+00:00
613,INPROC_9FD627,1,10,team1,Team 1 (N/S),86,34,4,♣,finished,2026-05-18T16:33:28.261414+00:00
614,INPROC_DA280D,1,10,team1,Team 1 (N/S),83,37,14,♦,finished,2026-05-18T16:33:28.270560+00:00
615,INPROC_FF7B4F,1,10,team1,Team 1 (N/S),89,31,36,♠,finished,2026-05-18T16:33:28.284852+00:00
616,INPROC_2763FB,1,10,team2,Team 2 (E/W),56,64,7,♣,finished,2026-05-18T16:33:28.298581+00:00
617,INPROC_13CC37,1,10,team1,Team 1 (N/S),120,0,35,♠,finished,2026-05-18T16:33:28.310719+00:00
618,INPROC_C5FD87,1,10,team1,Team 1 (N/S),87,33,6,♣,finished,2026-05-18T16:33:28.326288+00:00
619,INPROC_A1309C,1,10,team1,Team 1 (N/S),74,46,31,♠,finished,2026-05-18T16:33:28.342832+00:00
620,INPROC_96D457,1,10,team2,Team 2 (E/W),53,67,22,♥,finished,2026-05-18T16:33:28.359627+00:00
621,INPROC_B15BF7,1,10,team1,Team 1 (N/S),72,48,4,♣,finished,2026-05-18T16:33:28.373958+00:00
622,INPROC_0C2BBD,1,10,team1,Team 1 (N/S),88,32,15,♦,finished,2026-05-18T16:33:28.383485+00:00
623,INPROC_A36F8D,1,10,team2,Team 2 (E/W),50,70,19,♦,finished,2026-05-18T16:33:28.397841+00:00
624,INPROC_1F4008,1,10,team2,Team 2 (E/W),21,99,29,♥,finished,2026-05-18T16:33:28.412925+00:00
625,INPROC_3BF388,1,10,team1,Team 1 (N/S),89,31,10,♦,finished,2026-05-18T16:33:28.424216+00:00
626,INPROC_CA5C27,1,10,team1,Team 1 (N/S),94,26,25,♥,finished,2026-05-18T16:33:28.432150+00:00
627,INPROC_490835,1,10,team1,Team 1 (N/S),96,24,10,♦,finished,2026-05-18T16:33:28.442360+00:00
628,INPROC_DBA44E,1,10,team1,Team 1 (N/S),86,34,37,♠,finished,2026-05-18T16:33:28.455508+00:00
629,INPROC_AF44C7,1,10,team1,Team 1 (N/S),65,55,12,♦,finished,2026-05-18T16:33:28.470214+00:00
630,INPROC_4712A6,1,10,team1,Team 1 (N/S),116,4,33,♠,finished,2026-05-18T16:33:28.486384+00:00
631,INPROC_E43A09,1,10,team1,Team 1 (N/S),85,35,12,♦,finished,2026-05-18T16:33:28.501018+00:00
632,INPROC_D2367E,1,10,team1,Team 1 (N/S),64,56,33,♠,finished,2026-05-18T16:33:28.515273+00:00
633,INPROC_4CB4CB,1,10,team2,Team 2 (E/W),29,91,39,♠,finished,2026-05-18T16:33:28.532605+00:00
634,INPROC_88BD64,1,10,team2,Team 2 (E/W),48,72,39,♠,finished,2026-05-18T16:33:28.551643+00:00
635,INPROC_55ABBB,1,10,team1,Team 1 (N/S),68,52,7,♣,finished,2026-05-18T16:33:28.568759+00:00
636,INPROC_DC2AEF,1,10,team1,Team 1 (N/S),84,36,7,♣,finished,2026-05-18T16:33:28.585613+00:00
637,INPROC_BBC6E1,1,10,team1,Team 1 (N/S),85,35,3,♣,finished,2026-05-18T16:33:28.602252+00:00
638,INPROC_240B6A,1,10,team1,Team 1 (N/S),70,50,30,♠,finished,2026-05-18T16:33:28.618234+00:00
639,INPROC_1C280B,1,10,team1,Team 1 (N/S),83,37,25,♥,finished,2026-05-18T16:33:28.635790+00:00
640,INPROC_B108EB,1,10,team1,Team 1 (N/S),73,47,8,♣,finished,2026-05-18T16:33:28.651369+00:00
641,INPROC_967139,1,10,team1,Team 1 (N/S),81,39,24,♥,finished,2026-05-18T16:33:28.661858+00:00
642,INPROC_3A540D,1,10,team1,Team 1 (N/S),68,52,36,♠,finished,2026-05-18T16:33:28.670948+00:00
643,INPROC_FF39BE,1,10,team1,Team 1 (N/S),92,28,6,♣,finished,2026-05-18T16:33:28.681843+00:00
644,INPROC_6E8DDA,1,10,team1,Team 1 (N/S),76,44,25,♥,finished,2026-05-18T16:33:28.695905+00:00
645,INPROC_CECBB7,1,10,team1,Team 1 (N/S),82,38,18,♦,finished,2026-05-18T16:33:28.709605+00:00
646,INPROC_B0E6BC,1,10,team2,Team 2 (E/W),43,77,25,♥,finished,2026-05-18T16:33:28.723764+00:00
647,INPROC_9CC4DD,1,10,team1,Team 1 (N/S),96,24,20,♥,finished,2026-05-18T16:33:28.738203+00:00
648,INPROC_A11E04,1,10,team2,Team 2 (E/W),57,63,18,♦,finished,2026-05-18T16:33:28.752560+00:00
649,INPROC_6C8C68,1,10,team2,Team 2 (E/W),35,85,13,♦,finished,2026-05-18T16:33:28.767136+00:00
650,INPROC_DA469D,1,10,team1,Team 1 (N/S),91,29,6,♣,finished,2026-05-18T16:33:28.778129+00:00
651,INPROC_3CD2A0,1,10,team1,Team 1 (N/S),90,30,12,♦,finished,2026-05-18T16:33:28.787212+00:00
652,INPROC_3326DC,1,10,team1,Team 1 (N/S),62,58,10,♦,finished,2026-05-18T16:33:28.799119+00:00
653,INPROC_63F26C,1,10,team1,Team 1 (N/S),105,15,25,♥,finished,2026-05-18T16:33:28.809171+00:00
654,INPROC_747DD4,1,10,team1,Team 1 (N/S),83,37,28,♥,finished,2026-05-18T16:33:28.823047+00:00
655,INPROC_098981,1,10,team1,Team 1 (N/S),95,25,14,♦,finished,2026-05-18T16:33:28.837417+00:00
656,INPROC_B830D8,1,10,team1,Team 1 (N/S),75,45,0,♣,finished,2026-05-18T16:33:28.848789+00:00
657,INPROC_BF4F94,1,10,team1,Team 1 (N/S),103,17,7,♣,finished,2026-05-18T16:33:28.861655+00:00
658,INPROC_527A9E,1,10,team1,Team 1 (N/S),72,48,33,♠,finished,2026-05-18T16:33:28.876404+00:00
659,INPROC_C34487,1,10,team1,Team 1 (N/S),68,52,19,♦,finished,2026-05-18T16:33:28.893446+00:00
660,INPROC_8E8555,1,10,team2,Team 2 (E/W),39,81,26,♥,finished,2026-05-18T16:33:28.911088+00:00
661,INPROC_B7188B,1,10,team1,Team 1 (N/S),93,27,30,♠,finished,2026-05-18T16:33:28.920789+00:00
662,INPROC_4DCBC4,1,10,team2,Team 2 (E/W),32,88,38,♠,finished,2026-05-18T16:33:28.929362+00:00
663,INPROC_7B8648,1,10,team1,Team 1 (N/S),61,59,9,♣,finished,2026-05-18T16:33:28.939380+00:00
664,INPROC_D97FB9,1,10,team1,Team 1 (N/S),62,58,13,♦,finished,2026-05-18T16:33:28.948509+00:00
665,INPROC_FDA661,1,10,team2,Team 2 (E/W),56,64,5,♣,finished,2026-05-18T16:33:28.957349+00:00
666,INPROC_F39AB2,1,10,team1,Team 1 (N/S),72,48,8,♣,finished,2026-05-18T16:33:28.967159+00:00
667,INPROC_D20643,1,10,team1,Team 1 (N/S),70,50,5,♣,finished,2026-05-18T16:33:28.984397+00:00
668,INPROC_6C08A5,1,10,team2,Team 2 (E/W),47,73,33,♠,finished,2026-05-18T16:33:29.001677+00:00
669,INPROC_FFEBEC,1,10,team1,Team 1 (N/S),96,24,10,♦,finished,2026-05-18T16:33:29.018429+00:00
670,INPROC_A9253B,1,10,team2,Team 2 (E/W),36,84,29,♥,finished,2026-05-18T16:33:29.035746+00:00
671,INPROC_E528DB,1,10,team1,Team 1 (N/S),65,55,17,♦,finished,2026-05-18T16:33:29.053653+00:00
672,INPROC_C61E29,1,10,team1,Team 1 (N/S),95,25,21,♥,finished,2026-05-18T16:33:29.066448+00:00
673,INPROC_B6BA8A,1,10,team1,Team 1 (N/S),78,42,27,♥,finished,2026-05-18T16:33:29.076332+00:00
674,INPROC_B5ED25,1,10,team2,Team 2 (E/W),50,70,8,♣,finished,2026-05-18T16:33:29.085427+00:00
675,INPROC_6F5C61,1,10,team1,Team 1 (N/S),113,7,6,♣,finished,2026-05-18T16:33:29.098103+00:00
676,INPROC_CF2B15,1,10,team1,Team 1 (N/S),88,32,26,♥,finished,2026-05-18T16:33:29.109431+00:00
677,INPROC_3932BE,1,10,team1,Team 1 (N/S),101,19,27,♥,finished,2026-05-18T16:33:29.125784+00:00
678,INPROC_98CE2A,1,10,team2,Team 2 (E/W),50,70,20,♥,finished,2026-05-18T16:33:29.141934+00:00
679,INPROC_B95416,1,10,team1,Team 1 (N/S),77,43,23,♥,finished,2026-05-18T16:33:29.157805+00:00
680,INPROC_1E4CF3,1,10,team1,Team 1 (N/S),79,41,2,♣,finished,2026-05-18T16:33:29.171590+00:00
681,INPROC_3A5A36,1,10,team1,Team 1 (N/S),68,52,8,♣,finished,2026-05-18T16:33:29.187369+00:00
682,INPROC_E49401,1,10,team1,Team 1 (N/S),63,57,2,♣,finished,2026-05-18T16:33:29.202147+00:00
683,INPROC_F8190A,1,10,team2,Team 2 (E/W),33,87,27,♥,finished,2026-05-18T16:33:29.217337+00:00
684,INPROC_EAAC01,1,10,team1,Team 1 (N/S),74,46,2,♣,finished,2026-05-18T16:33:29.231430+00:00
685,INPROC_C5718F,1,10,team2,Team 2 (E/W),57,63,14,♦,finished,2026-05-18T16:33:29.244255+00:00
686,INPROC_B6BC99,1,10,team1,Team 1 (N/S),89,31,15,♦,finished,2026-05-18T16:33:29.258649+00:00
687,INPROC_31781A,1,10,team2,Team 2 (E/W),57,63,8,♣,finished,2026-05-18T16:33:29.273748+00:00
688,INPROC_629099,1,10,team1,Team 1 (N/S),87,33,1,♣,finished,2026-05-18T16:33:29.288719+00:00
689,INPROC_1EAB7F,1,10,team1,Team 1 (N/S),75,45,9,♣,finished,2026-05-18T16:33:29.304837+00:00
690,INPROC_833A02,1,10,team1,Team 1 (N/S),70,50,34,♠,finished,2026-05-18T16:33:29.321934+00:00
691,INPROC_981C9D,1,10,team2,Team 2 (E/W),46,74,28,♥,finished,2026-05-18T16:33:29.337465+00:00
692,INPROC_BACBE8,1,10,team1,Team 1 (N/S),77,43,28,♥,finished,2026-05-18T16:33:29.354524+00:00
693,INPROC_112BE9,1,10,team2,Team 2 (E/W),30,90,19,♦,finished,2026-05-18T16:33:29.370653+00:00
694,INPROC_1BBE6F,1,10,team1,Team 1 (N/S),66,54,19,♦,finished,2026-05-18T16:33:29.386434+00:00
695,INPROC_27FA08,1,10,team1,Team 1 (N/S),109,11,6,♣,finished,2026-05-18T16:33:29.401554+00:00
696,INPROC_83369F,1,10,team2,Team 2 (E/W),42,78,29,♥,finished,2026-05-18T16:33:29.415565+00:00
697,INPROC_DA8ECD,1,10,team1,Team 1 (N/S),91,29,26,♥,finished,2026-05-18T16:33:29.430085+00:00
698,INPROC_07463A,1,10,team1,Team 1 (N/S),75,45,23,♥,finished,2026-05-18T16:33:29.444690+00:00
699,INPROC_8F1FC8,1,10,team2,Team 2 (E/W),39,81,38,♠,finished,2026-05-18T16:33:29.460356+00:00
700,INPROC_EE3C1B,1,10,team1,Team 1 (N/S),109,11,26,♥,finished,2026-05-18T16:33:29.475105+00:00
701,INPROC_EB66D9,1,10,team2,Team 2 (E/W),44,76,7,♣,finished,2026-05-18T16:33:29.489476+00:00
702,INPROC_417E83,1,10,team2,Team 2 (E/W),33,87,25,♥,finished,2026-05-18T16:33:29.503240+00:00
703,INPROC_5BA258,1,10,team1,Team 1 (N/S),62,58,20,♥,finished,2026-05-18T16:33:29.518274+00:00
704,INPROC_54AF46,1,10,team2,Team 2 (E/W),55,65,15,♦,finished,2026-05-18T16:33:29.530744+00:00
705,INPROC_223E42,1,10,team1,Team 1 (N/S),110,10,5,♣,finished,2026-05-18T16:33:29.547143+00:00
706,INPROC_C7ED74,1,10,team2,Team 2 (E/W),53,67,9,♣,finished,2026-05-18T16:33:29.562769+00:00
707,INPROC_E1C2DD,1,10,team1,Team 1 (N/S),68,52,38,♠,finished,2026-05-18T16:33:29.577758+00:00
708,INPROC_C33506,1,10,team1,Team 1 (N/S),76,44,29,♥,finished,2026-05-18T16:33:29.592884+00:00
709,INPROC_A3B781,1,10,team1,Team 1 (N/S),104,16,5,♣,finished,2026-05-18T16:33:29.608560+00:00
710,INPROC_097850,1,10,team1,Team 1 (N/S),93,27,2,♣,finished,2026-05-18T16:33:29.621530+00:00
711,INPROC_F8D70B,1,10,team1,Team 1 (N/S),107,13,31,♠,finished,2026-05-18T16:33:29.634541+00:00
712,INPROC_7B35D9,1,10,team1,Team 1 (N/S),67,53,11,♦,finished,2026-05-18T16:33:29.652112+00:00
713,INPROC_499F10,1,10,team1,Team 1 (N/S),86,34,25,♥,finished,2026-05-18T16:33:29.664662+00:00
714,INPROC_2A02ED,1,10,team2,Team 2 (E/W),44,76,30,♠,finished,2026-05-18T16:33:29.677108+00:00
715,INPROC_07F0FB,1,10,team2,Team 2 (E/W),32,88,22,♥,finished,2026-05-18T16:33:29.690888+00:00
716,INPROC_7EA0C0,1,10,team1,Team 1 (N/S),65,55,21,♥,finished,2026-05-18T16:33:29.707377+00:00
717,INPROC_95B265,1,10,team1,Team 1 (N/S),86,34,2,♣,finished,2026-05-18T16:33:29.724552+00:00
718,INPROC_73EACB,1,10,team2,Team 2 (E/W),54,66,24,♥,finished,2026-05-18T16:33:29.740385+00:00
719,INPROC_054A95,1,10,team2,Team 2 (E/W),42,78,35,♠,finished,2026-05-18T16:33:29.752534+00:00
720,INPROC_290828,1,10,team1,Team 1 (N/S),61,59,2,♣,finished,2026-05-18T16:33:29.764320+00:00
721,INPROC_58C674,1,10,team1,Team 1 (N/S),83,37,13,♦,finished,2026-05-18T16:33:29.779409+00:00
722,INPROC_43E104,1,10,team1,Team 1 (N/S),99,21,36,♠,finished,2026-05-18T16:33:29.795662+00:00
723,INPROC_8315CF,1,10,team2,Team 2 (E/W),44,76,35,♠,finished,2026-05-18T16:33:29.816397+00:00
724,INPROC_C2A39E,1,10,team1,Team 1 (N/S),99,21,13,♦,finished,2026-05-18T16:33:29.836247+00:00
725,INPROC_B3B40D,1,10,team1,Team 1 (N/S),68,52,21,♥,finished,2026-05-18T16:33:29.857061+00:00
726,INPROC_5805A5,1,10,team2,Team 2 (E/W),52,68,24,♥,finished,2026-05-18T16:33:29.872245+00:00
727,INPROC_4724AC,1,10,team2,Team 2 (E/W),53,67,5,♣,finished,2026-05-18T16:33:29.889824+00:00
728,INPROC_4379DC,1,10,team1,Team 1 (N/S),94,26,10,♦,finished,2026-05-18T16:33:29.906305+00:00
729,INPROC_CFF03E,1,10,team1,Team 1 (N/S),62,58,2,♣,finished,2026-05-18T16:33:29.920942+00:00
730,INPROC_40AC8E,1,10,team2,Team 2 (E/W),27,93,32,♠,finished,2026-05-18T16:33:29.935067+00:00
731,INPROC_C9249A,1,10,team1,Team 1 (N/S),64,56,36,♠,finished,2026-05-18T16:33:29.951719+00:00
732,INPROC_C516F7,1,10,team1,Team 1 (N/S),61,59,13,♦,finished,2026-05-18T16:33:29.968346+00:00
733,INPROC_5B21D9,1,10,team2,Team 2 (E/W),55,65,21,♥,finished,2026-05-18T16:33:29.982904+00:00
734,INPROC_6372BF,1,10,team1,Team 1 (N/S),87,33,22,♥,finished,2026-05-18T16:33:29.996998+00:00
735,INPROC_7B90A0,1,10,team2,Team 2 (E/W),21,99,21,♥,finished,2026-05-18T16:33:30.013380+00:00
736,INPROC_D981CD,1,10,team1,Team 1 (N/S),64,56,37,♠,finished,2026-05-18T16:33:30.029729+00:00
737,INPROC_4FA7A9,1,10,team1,Team 1 (N/S),87,33,24,♥,finished,2026-05-18T16:33:30.045630+00:00
738,INPROC_3F9C87,1,10,team1,Team 1 (N/S),75,45,36,♠,finished,2026-05-18T16:33:30.060882+00:00
739,INPROC_DDC7A0,1,10,team2,Team 2 (E/W),51,69,14,♦,finished,2026-05-18T16:33:30.079470+00:00
740,INPROC_C482A3,1,10,team1,Team 1 (N/S),105,15,12,♦,finished,2026-05-18T16:33:30.095199+00:00
741,INPROC_181E77,1,10,team1,Team 1 (N/S),87,33,10,♦,finished,2026-05-18T16:33:30.110427+00:00
742,INPROC_C21C9B,1,10,team2,Team 2 (E/W),54,66,15,♦,finished,2026-05-18T16:33:30.123576+00:00
743,INPROC_DBEEE2,1,10,team1,Team 1 (N/S),63,57,7,♣,finished,2026-05-18T16:33:30.137939+00:00
744,INPROC_3F172A,1,10,team2,Team 2 (E/W),54,66,21,♥,finished,2026-05-18T16:33:30.153802+00:00
745,INPROC_C03D27,1,10,team1,Team 1 (N/S),99,21,12,♦,finished,2026-05-18T16:33:30.170330+00:00
746,INPROC_C9CEDA,1,10,team2,Team 2 (E/W),46,74,34,♠,finished,2026-05-18T16:33:30.184675+00:00
747,INPROC_D64249,1,10,team1,Team 1 (N/S),83,37,3,♣,finished,2026-05-18T16:33:30.198662+00:00
748,INPROC_5B94A2,1,10,team1,Team 1 (N/S),99,21,16,♦,finished,2026-05-18T16:33:30.216509+00:00
749,INPROC_FA9304,1,10,team1,Team 1 (N/S),69,51,39,♠,finished,2026-05-18T16:33:30.230975+00:00
750,INPROC_0BCF17,1,10,team1,Team 1 (N/S),66,54,38,♠,finished,2026-05-18T16:33:30.245780+00:00
751,INPROC_635426,1,10,team1,Team 1 (N/S),76,44,22,♥,finished,2026-05-18T16:33:30.263534+00:00
752,INPROC_FD9F01,1,10,team1,Team 1 (N/S),74,46,19,♦,finished,2026-05-18T16:33:30.285200+00:00
753,INPROC_53C6D1,1,10,team1,Team 1 (N/S),93,27,34,♠,finished,2026-05-18T16:33:30.301072+00:00
754,INPROC_5CFA0E,1,10,team2,Team 2 (E/W),56,64,22,♥,finished,2026-05-18T16:33:30.316500+00:00
755,INPROC_A9323A,1,10,team2,Team 2 (E/W),50,70,13,♦,finished,2026-05-18T16:33:30.332517+00:00
756,INPROC_E25B1F,1,10,team1,Team 1 (N/S),62,58,18,♦,finished,2026-05-18T16:33:30.348285+00:00
757,INPROC_4F2652,1,10,team1,Team 1 (N/S),118,2,23,♥,finished,2026-05-18T16:33:30.363245+00:00
758,INPROC_BA29E2,1,10,team1,Team 1 (N/S),114,6,16,♦,finished,2026-05-18T16:33:30.376891+00:00
759,INPROC_AEFDC2,1,10,team1,Team 1 (N/S),66,54,7,♣,finished,2026-05-18T16:33:30.391570+00:00
760,INPROC_B7C4DC,1,10,team2,Team 2 (E/W),47,73,9,♣,finished,2026-05-18T16:33:30.405648+00:00
761,INPROC_4E1BCF,1,10,team1,Team 1 (N/S),93,27,9,♣,finished,2026-05-18T16:33:30.420456+00:00
762,INPROC_3C9F42,1,10,team1,Team 1 (N/S),71,49,13,♦,finished,2026-05-18T16:33:30.434625+00:00
763,INPROC_D9A2FF,1,10,team2,Team 2 (E/W),54,66,3,♣,finished,2026-05-18T16:33:30.448940+00:00
764,INPROC_EF5A27,1,10,team2,Team 2 (E/W),58,62,39,♠,finished,2026-05-18T16:33:30.464907+00:00
765,INPROC_F916FE,1,10,team2,Team 2 (E/W),16,104,35,♠,finished,2026-05-18T16:33:30.478613+00:00
766,INPROC_E9B392,1,10,team2,Team 2 (E/W),50,70,21,♥,finished,2026-05-18T16:33:30.495758+00:00
767,INPROC_3FB321,1,10,team2,Team 2 (E/W),57,63,22,♥,finished,2026-05-18T16:33:30.512764+00:00
768,INPROC_C4ABE9,1,10,team1,Team 1 (N/S),66,54,21,♥,finished,2026-05-18T16:33:30.527549+00:00
769,INPROC_A65AAE,1,10,team1,Team 1 (N/S),72,48,19,♦,finished,2026-05-18T16:33:30.544695+00:00
770,INPROC_332477,1,10,team1,Team 1 (N/S),67,53,1,♣,finished,2026-05-18T16:33:30.560395+00:00
771,INPROC_ACE45D,1,10,team1,Team 1 (N/S),97,23,21,♥,finished,2026-05-18T16:33:30.575414+00:00
772,INPROC_33EC34,1,10,team1,Team 1 (N/S),85,35,37,♠,finished,2026-05-18T16:33:30.594318+00:00
773,INPROC_D61708,1,10,team1,Team 1 (N/S),70,50,11,♦,finished,2026-05-18T16:33:30.609388+00:00
774,INPROC_43C9F1,1,10,team2,Team 2 (E/W),40,80,2,♣,finished,2026-05-18T16:33:30.625600+00:00
775,INPROC_3E2490,1,10,team1,Team 1 (N/S),68,52,20,♥,finished,2026-05-18T16:33:30.646987+00:00
776,INPROC_23E96A,1,10,team1,Team 1 (N/S),75,45,34,♠,finished,2026-05-18T16:33:30.666979+00:00
777,INPROC_E18ACA,1,10,team2,Team 2 (E/W),44,76,14,♦,finished,2026-05-18T16:33:30.679745+00:00
778,INPROC_C374B5,1,10,team1,Team 1 (N/S),107,13,13,♦,finished,2026-05-18T16:33:30.694701+00:00
779,INPROC_C23B2E,1,10,team1,Team 1 (N/S),62,58,24,♥,finished,2026-05-18T16:33:30.708361+00:00
780,INPROC_6D1799,1,10,team1,Team 1 (N/S),83,37,27,♥,finished,2026-05-18T16:33:30.723558+00:00
781,INPROC_4FB9F4,1,10,team2,Team 2 (E/W),21,99,19,♦,finished,2026-05-18T16:33:30.738681+00:00
782,INPROC_A843D0,1,10,team1,Team 1 (N/S),71,49,18,♦,finished,2026-05-18T16:33:30.754337+00:00
783,INPROC_725FFA,1,10,team1,Team 1 (N/S),97,23,7,♣,finished,2026-05-18T16:33:30.773264+00:00
784,INPROC_E975F7,1,10,team1,Team 1 (N/S),105,15,26,♥,finished,2026-05-18T16:33:30.787267+00:00
785,INPROC_D83235,1,10,team2,Team 2 (E/W),49,71,3,♣,finished,2026-05-18T16:33:30.802028+00:00
786,INPROC_C2EE3C,1,10,team1,Team 1 (N/S),69,51,29,♥,finished,2026-05-18T16:33:30.819550+00:00
787,INPROC_3A5FF0,1,10,team1,Team 1 (N/S),80,40,32,♠,finished,2026-05-18T16:33:30.837402+00:00
788,INPROC_92BCC5,1,10,team1,Team 1 (N/S),90,30,26,♥,finished,2026-05-18T16:33:30.857074+00:00
789,INPROC_902F37,1,10,team2,Team 2 (E/W),44,76,3,♣,finished,2026-05-18T16:33:30.876634+00:00
790,INPROC_BED807,1,10,team1,Team 1 (N/S),99,21,18,♦,finished,2026-05-18T16:33:30.891473+00:00
791,INPROC_C316D4,1,10,team1,Team 1 (N/S),105,15,3,♣,finished,2026-05-18T16:33:30.906081+00:00
792,INPROC_B3C362,1,10,team1,Team 1 (N/S),66,54,38,♠,finished,2026-05-18T16:33:30.922765+00:00
793,INPROC_18918D,1,10,team1,Team 1 (N/S),96,24,14,♦,finished,2026-05-18T16:33:30.941741+00:00
794,INPROC_2C3DD9,1,10,team1,Team 1 (N/S),98,22,17,♦,finished,2026-05-18T16:33:30.956077+00:00
795,INPROC_9A982B,1,10,team1,Team 1 (N/S),62,58,9,♣,finished,2026-05-18T16:33:30.972655+00:00
796,INPROC_ACCFE9,1,10,team2,Team 2 (E/W),51,69,24,♥,finished,2026-05-18T16:33:30.982554+00:00
797,INPROC_6F2A9E,1,10,team2,Team 2 (E/W),52,68,12,♦,finished,2026-05-18T16:33:30.995941+00:00
798,INPROC_FB48B3,1,10,team2,Team 2 (E/W),11,109,29,♥,finished,2026-05-18T16:33:31.006755+00:00
799,INPROC_11EE55,1,10,team1,Team 1 (N/S),90,30,29,♥,finished,2026-05-18T16:33:31.015926+00:00
800,INPROC_FB6442,1,10,team2,Team 2 (E/W),58,62,4,♣,finished,2026-05-18T16:33:31.027592+00:00
801,INPROC_AD08A8,1,10,team2,Team 2 (E/W),44,76,17,♦,finished,2026-05-18T16:33:31.037102+00:00
802,INPROC_D6387D,1,10,team1,Team 1 (N/S),98,22,17,♦,finished,2026-05-18T16:33:31.047288+00:00
803,INPROC_A388F8,1,10,team2,Team 2 (E/W),38,82,32,♠,finished,2026-05-18T16:33:31.061128+00:00
804,INPROC_6EBE88,1,10,team2,Team 2 (E/W),51,69,18,♦,finished,2026-05-18T16:33:31.074125+00:00
805,INPROC_EE46B3,1,10,team2,Team 2 (E/W),43,77,2,♣,finished,2026-05-18T16:33:31.084233+00:00
806,INPROC_0ADD40,1,10,team1,Team 1 (N/S),117,3,15,♦,finished,2026-05-18T16:33:31.094569+00:00
807,INPROC_CC0522,1,10,team1,Team 1 (N/S),68,52,28,♥,finished,2026-05-18T16:33:31.108770+00:00
808,INPROC_C8049F,1,10,team1,Team 1 (N/S),98,22,11,♦,finished,2026-05-18T16:33:31.118646+00:00
809,INPROC_C2AE81,1,10,team2,Team 2 (E/W),48,72,38,♠,finished,2026-05-18T16:33:31.129086+00:00
810,INPROC_0A15A1,1,10,team1,Team 1 (N/S),80,40,6,♣,finished,2026-05-18T16:33:31.141232+00:00
811,INPROC_83B46F,1,10,team1,Team 1 (N/S),89,31,21,♥,finished,2026-05-18T16:33:31.154829+00:00
812,INPROC_671E9A,1,10,team1,Team 1 (N/S),96,24,31,♠,finished,2026-05-18T16:33:31.167897+00:00
813,INPROC_831F2A,1,10,team1,Team 1 (N/S),81,39,3,♣,finished,2026-05-18T16:33:31.179247+00:00
814,INPROC_5D54B7,1,10,team2,Team 2 (E/W),50,70,30,♠,finished,2026-05-18T16:33:31.190752+00:00
815,INPROC_9BF379,1,10,team1,Team 1 (N/S),90,30,1,♣,finished,2026-05-18T16:33:31.201750+00:00
816,INPROC_4CD3C7,1,10,team1,Team 1 (N/S),64,56,39,♠,finished,2026-05-18T16:33:31.212271+00:00
817,INPROC_D0E627,1,10,team2,Team 2 (E/W),21,99,19,♦,finished,2026-05-18T16:33:31.223069+00:00
818,INPROC_079681,1,10,team1,Team 1 (N/S),74,46,30,♠,finished,2026-05-18T16:33:31.235017+00:00
819,INPROC_039D24,1,10,team1,Team 1 (N/S),82,38,3,♣,finished,2026-05-18T16:33:31.246160+00:00
820,INPROC_3041C2,1,10,team1,Team 1 (N/S),92,28,22,♥,finished,2026-05-18T16:33:31.257199+00:00
821,INPROC_56AD9C,1,10,team1,Team 1 (N/S),62,58,6,♣,finished,2026-05-18T16:33:31.270638+00:00
822,INPROC_3E4B10,1,10,team2,Team 2 (E/W),27,93,7,♣,finished,2026-05-18T16:33:31.285930+00:00
823,INPROC_9F8925,1,10,team1,Team 1 (N/S),89,31,4,♣,finished,2026-05-18T16:33:31.298863+00:00
824,INPROC_4CB5EF,1,10,team1,Team 1 (N/S),102,18,5,♣,finished,2026-05-18T16:33:31.310963+00:00
825,INPROC_4470DF,1,10,team1,Team 1 (N/S),77,43,11,♦,finished,2026-05-18T16:33:31.320409+00:00
826,INPROC_BB6B67,1,10,team1,Team 1 (N/S),64,56,24,♥,finished,2026-05-18T16:33:31.332901+00:00
827,INPROC_A9042F,1,10,team1,Team 1 (N/S),97,23,32,♠,finished,2026-05-18T16:33:31.347240+00:00
828,INPROC_48A5DC,1,10,team1,Team 1 (N/S),81,39,39,♠,finished,2026-05-18T16:33:31.363836+00:00
829,INPROC_7493FB,1,10,team1,Team 1 (N/S),74,46,8,♣,finished,2026-05-18T16:33:31.380965+00:00
830,INPROC_D9F0BF,1,10,team2,Team 2 (E/W),41,79,13,♦,finished,2026-05-18T16:33:31.399902+00:00
831,INPROC_F9B728,1,10,team1,Team 1 (N/S),85,35,5,♣,finished,2026-05-18T16:33:31.425310+00:00
832,INPROC_247E30,1,10,team2,Team 2 (E/W),41,79,14,♦,finished,2026-05-18T16:33:31.454704+00:00
833,INPROC_446827,1,10,team1,Team 1 (N/S),87,33,17,♦,finished,2026-05-18T16:33:31.475360+00:00
834,INPROC_28F11B,1,10,team1,Team 1 (N/S),101,19,24,♥,finished,2026-05-18T16:33:31.489538+00:00
835,INPROC_F3E126,1,10,team2,Team 2 (E/W),45,75,9,♣,finished,2026-05-18T16:33:31.502339+00:00
836,INPROC_8FCE30,1,10,team1,Team 1 (N/S),77,43,26,♥,finished,2026-05-18T16:33:31.519107+00:00
837,INPROC_E188D1,1,10,team1,Team 1 (N/S),71,49,5,♣,finished,2026-05-18T16:33:31.534975+00:00
838,INPROC_CB684E,1,10,team1,Team 1 (N/S),84,36,13,♦,finished,2026-05-18T16:33:31.550664+00:00
839,INPROC_5D5F7B,1,10,team1,Team 1 (N/S),85,35,37,♠,finished,2026-05-18T16:33:31.569079+00:00
840,INPROC_640778,1,10,team2,Team 2 (E/W),50,70,14,♦,finished,2026-05-18T16:33:31.583482+00:00
841,INPROC_665D4A,1,10,team1,Team 1 (N/S),82,38,2,♣,finished,2026-05-18T16:33:31.601307+00:00
842,INPROC_E774C7,1,10,team1,Team 1 (N/S),99,21,11,♦,finished,2026-05-18T16:33:31.617764+00:00
843,INPROC_AC23EB,1,10,team2,Team 2 (E/W),35,85,29,♥,finished,2026-05-18T16:33:31.633857+00:00
844,INPROC_AA370E,1,10,team1,Team 1 (N/S),98,22,12,♦,finished,2026-05-18T16:33:31.652867+00:00
845,INPROC_8735DA,1,10,team2,Team 2 (E/W),58,62,38,♠,finished,2026-05-18T16:33:31.671256+00:00
846,INPROC_0DD34C,1,10,team2,Team 2 (E/W),29,91,26,♥,finished,2026-05-18T16:33:31.686229+00:00
847,INPROC_7B562A,1,10,team2,Team 2 (E/W),34,86,37,♠,finished,2026-05-18T16:33:31.702220+00:00
848,INPROC_0D7C26,1,10,team2,Team 2 (E/W),43,77,24,♥,finished,2026-05-18T16:33:31.717362+00:00
849,INPROC_A61572,1,10,team2,Team 2 (E/W),34,86,8,♣,finished,2026-05-18T16:33:31.733204+00:00
850,INPROC_D82CAB,1,10,team1,Team 1 (N/S),71,49,11,♦,finished,2026-05-18T16:33:31.749485+00:00
851,INPROC_09CB39,1,10,team1,Team 1 (N/S),77,43,36,♠,finished,2026-05-18T16:33:31.765253+00:00
852,INPROC_29C3B9,1,10,team2,Team 2 (E/W),45,75,13,♦,finished,2026-05-18T16:33:31.779423+00:00
853,INPROC_B404D8,1,10,team1,Team 1 (N/S),67,53,11,♦,finished,2026-05-18T16:33:31.796261+00:00
854,INPROC_6AAE17,1,10,team2,Team 2 (E/W),51,69,34,♠,finished,2026-05-18T16:33:31.811946+00:00
855,INPROC_3716A0,1,10,team2,Team 2 (E/W),50,70,13,♦,finished,2026-05-18T16:33:31.828460+00:00
856,INPROC_46F93B,1,10,team1,Team 1 (N/S),90,30,35,♠,finished,2026-05-18T16:33:31.844309+00:00
857,INPROC_A4119A,1,10,team1,Team 1 (N/S),69,51,25,♥,finished,2026-05-18T16:33:31.857651+00:00
858,INPROC_7C131F,1,10,team2,Team 2 (E/W),46,74,11,♦,finished,2026-05-18T16:33:31.871742+00:00
859,INPROC_DF00D0,1,10,team2,Team 2 (E/W),50,70,39,♠,finished,2026-05-18T16:33:31.891478+00:00
860,INPROC_567794,1,10,team1,Team 1 (N/S),107,13,30,♠,finished,2026-05-18T16:33:31.908567+00:00
861,INPROC_8F2330,1,10,team2,Team 2 (E/W),53,67,34,♠,finished,2026-05-18T16:33:31.933753+00:00
862,INPROC_5FC521,1,10,team2,Team 2 (E/W),56,64,39,♠,finished,2026-05-18T16:33:31.950420+00:00
863,INPROC_2B6EDC,1,10,team1,Team 1 (N/S),105,15,5,♣,finished,2026-05-18T16:33:31.966982+00:00
864,INPROC_59083B,1,10,team2,Team 2 (E/W),42,78,10,♦,finished,2026-05-18T16:33:31.984291+00:00
865,INPROC_0432CD,1,10,team2,Team 2 (E/W),34,86,12,♦,finished,2026-05-18T16:33:31.999303+00:00
866,INPROC_A398E4,1,10,team1,Team 1 (N/S),69,51,34,♠,finished,2026-05-18T16:33:32.014642+00:00
867,INPROC_A0ADBE,1,10,team2,Team 2 (E/W),26,94,0,♣,finished,2026-05-18T16:33:32.030873+00:00
868,INPROC_44595A,1,10,team2,Team 2 (E/W),21,99,17,♦,finished,2026-05-18T16:33:32.047405+00:00
869,INPROC_58C781,1,10,team1,Team 1 (N/S),83,37,10,♦,finished,2026-05-18T16:33:32.062918+00:00
870,INPROC_11B112,1,10,team1,Team 1 (N/S),73,47,17,♦,finished,2026-05-18T16:33:32.084549+00:00
871,INPROC_65D9D6,1,10,team1,Team 1 (N/S),95,25,16,♦,finished,2026-05-18T16:33:32.100031+00:00
872,INPROC_3B63E5,1,10,team1,Team 1 (N/S),91,29,36,♠,finished,2026-05-18T16:33:32.116195+00:00
873,INPROC_3917B5,1,10,team1,Team 1 (N/S),76,44,12,♦,finished,2026-05-18T16:33:32.132991+00:00
874,INPROC_738420,1,10,team2,Team 2 (E/W),49,71,12,♦,finished,2026-05-18T16:33:32.149633+00:00
875,INPROC_BFD34B,1,10,team1,Team 1 (N/S),73,47,4,♣,finished,2026-05-18T16:33:32.165854+00:00
876,INPROC_81A7CF,1,10,team2,Team 2 (E/W),55,65,10,♦,finished,2026-05-18T16:33:32.179511+00:00
877,INPROC_06A1C1,1,10,team1,Team 1 (N/S),83,37,15,♦,finished,2026-05-18T16:33:32.195561+00:00
878,INPROC_E7E2E7,1,10,team2,Team 2 (E/W),51,69,19,♦,finished,2026-05-18T16:33:32.211529+00:00
879,INPROC_CA914C,1,10,team1,Team 1 (N/S),90,30,24,♥,finished,2026-05-18T16:33:32.226860+00:00
880,INPROC_BEC41B,1,10,team1,Team 1 (N/S),71,49,31,♠,finished,2026-05-18T16:33:32.243088+00:00
881,INPROC_72C56C,1,10,team2,Team 2 (E/W),59,61,31,♠,finished,2026-05-18T16:33:32.257595+00:00
882,INPROC_C186BA,1,10,team2,Team 2 (E/W),43,77,0,♣,finished,2026-05-18T16:33:32.273209+00:00
883,INPROC_6F14E5,1,10,team1,Team 1 (N/S),81,39,29,♥,finished,2026-05-18T16:33:32.287791+00:00
884,INPROC_7562BB,1,10,team2,Team 2 (E/W),55,65,9,♣,finished,2026-05-18T16:33:32.302962+00:00
885,INPROC_736BF1,1,10,team2,Team 2 (E/W),55,65,10,♦,finished,2026-05-18T16:33:32.317838+00:00
886,INPROC_B54A21,1,10,team1,Team 1 (N/S),75,45,29,♥,finished,2026-05-18T16:33:32.333938+00:00
887,INPROC_A010CA,1,10,team2,Team 2 (E/W),45,75,8,♣,finished,2026-05-18T16:33:32.349855+00:00
888,INPROC_CAFFBF,1,10,draw,draw,60,60,27,♥,finished,2026-05-18T16:33:32.368568+00:00
889,INPROC_96D7BF,1,10,team1,Team 1 (N/S),67,53,35,♠,finished,2026-05-18T16:33:32.381967+00:00
890,INPROC_2A392F,1,10,team1,Team 1 (N/S),65,55,34,♠,finished,2026-05-18T16:33:32.396913+00:00
891,INPROC_479182,1,10,team1,Team 1 (N/S),106,14,32,♠,finished,2026-05-18T16:33:32.410934+00:00
892,INPROC_DB0488,1,10,team2,Team 2 (E/W),32,88,23,♥,finished,2026-05-18T16:33:32.424763+00:00
893,INPROC_FC0F20,1,10,team2,Team 2 (E/W),44,76,19,♦,finished,2026-05-18T16:33:32.439825+00:00
894,INPROC_F9EB80,1,10,team2,Team 2 (E/W),18,102,37,♠,finished,2026-05-18T16:33:32.453813+00:00
895,INPROC_B26182,1,10,team2,Team 2 (E/W),37,83,39,♠,finished,2026-05-18T16:33:32.468654+00:00
896,INPROC_EADC4C,1,10,team1,Team 1 (N/S),98,22,31,♠,finished,2026-05-18T16:33:32.481332+00:00
897,INPROC_8B35F8,1,10,team1,Team 1 (N/S),118,2,14,♦,finished,2026-05-18T16:33:32.493071+00:00
898,INPROC_550A3C,1,10,team1,Team 1 (N/S),107,13,12,♦,finished,2026-05-18T16:33:32.506738+00:00
899,INPROC_25290F,1,10,team2,Team 2 (E/W),22,98,37,♠,finished,2026-05-18T16:33:32.519684+00:00
900,INPROC_11DEC9,1,10,team2,Team 2 (E/W),32,88,18,♦,finished,2026-05-18T16:33:32.534864+00:00
901,INPROC_28EDCF,1,10,team1,Team 1 (N/S),79,41,14,♦,finished,2026-05-18T16:33:32.547846+00:00
902,INPROC_801E0F,1,10,team1,Team 1 (N/S),86,34,21,♥,finished,2026-05-18T16:33:32.556689+00:00
903,INPROC_B02ECA,1,10,team2,Team 2 (E/W),38,82,22,♥,finished,2026-05-18T16:33:32.570089+00:00
904,INPROC_127CEC,1,10,team1,Team 1 (N/S),69,51,19,♦,finished,2026-05-18T16:33:32.584025+00:00
905,INPROC_A7E1DE,1,10,team1,Team 1 (N/S),94,26,12,♦,finished,2026-05-18T16:33:32.595689+00:00
906,INPROC_A8BB83,1,10,team1,Team 1 (N/S),66,54,34,♠,finished,2026-05-18T16:33:32.612138+00:00
907,INPROC_0F15E8,1,10,team2,Team 2 (E/W),55,65,28,♥,finished,2026-05-18T16:33:32.628806+00:00
908,INPROC_A7FDA0,1,10,team1,Team 1 (N/S),63,57,11,♦,finished,2026-05-18T16:33:32.646007+00:00
909,INPROC_AFF854,1,10,team1,Team 1 (N/S),67,53,21,♥,finished,2026-05-18T16:33:32.659976+00:00
910,INPROC_6C659F,1,10,team2,Team 2 (E/W),49,71,15,♦,finished,2026-05-18T16:33:32.673523+00:00
911,INPROC_A10377,1,10,team2,Team 2 (E/W),52,68,21,♥,finished,2026-05-18T16:33:32.687427+00:00
912,INPROC_1FBFD9,1,10,team2,Team 2 (E/W),39,81,36,♠,finished,2026-05-18T16:33:32.698148+00:00
913,INPROC_313E99,1,10,team2,Team 2 (E/W),54,66,25,♥,finished,2026-05-18T16:33:32.714804+00:00
914,INPROC_5EE09F,1,10,team2,Team 2 (E/W),33,87,26,♥,finished,2026-05-18T16:33:32.730132+00:00
915,INPROC_6AA958,1,10,team2,Team 2 (E/W),50,70,10,♦,finished,2026-05-18T16:33:32.745148+00:00
916,INPROC_29D36B,1,10,team1,Team 1 (N/S),61,59,37,♠,finished,2026-05-18T16:33:32.762041+00:00
917,INPROC_73B3BA,1,10,team1,Team 1 (N/S),79,41,33,♠,finished,2026-05-18T16:33:32.779159+00:00
918,INPROC_D458A5,1,10,team2,Team 2 (E/W),55,65,6,♣,finished,2026-05-18T16:33:32.795732+00:00
919,INPROC_57EE6D,1,10,team2,Team 2 (E/W),18,102,12,♦,finished,2026-05-18T16:33:32.807828+00:00
920,INPROC_7AECD6,1,10,team1,Team 1 (N/S),88,32,17,♦,finished,2026-05-18T16:33:32.823610+00:00
921,INPROC_74A8C5,1,10,team2,Team 2 (E/W),33,87,29,♥,finished,2026-05-18T16:33:32.839064+00:00
922,INPROC_78E659,1,10,team1,Team 1 (N/S),84,36,14,♦,finished,2026-05-18T16:33:32.855140+00:00
923,INPROC_49EFED,1,10,team1,Team 1 (N/S),81,39,14,♦,finished,2026-05-18T16:33:32.870823+00:00
924,INPROC_3D7C53,1,10,team1,Team 1 (N/S),88,32,24,♥,finished,2026-05-18T16:33:32.887488+00:00
925,INPROC_3639BE,1,10,team1,Team 1 (N/S),85,35,30,♠,finished,2026-05-18T16:33:32.902446+00:00
926,INPROC_B4AAAF,1,10,team1,Team 1 (N/S),88,32,9,♣,finished,2026-05-18T16:33:32.917191+00:00
927,INPROC_D8346A,1,10,team1,Team 1 (N/S),95,25,34,♠,finished,2026-05-18T16:33:32.933581+00:00
928,INPROC_999B74,1,10,team1,Team 1 (N/S),103,17,33,♠,finished,2026-05-18T16:33:32.949316+00:00
929,INPROC_C531AA,1,10,team1,Team 1 (N/S),101,19,16,♦,finished,2026-05-18T16:33:32.964350+00:00
930,INPROC_ECB7C7,1,10,team1,Team 1 (N/S),73,47,27,♥,finished,2026-05-18T16:33:32.979683+00:00
931,INPROC_54800B,1,10,team1,Team 1 (N/S),87,33,10,♦,finished,2026-05-18T16:33:32.994294+00:00
932,INPROC_6CAD9E,1,10,team1,Team 1 (N/S),103,17,23,♥,finished,2026-05-18T16:33:33.010817+00:00
933,INPROC_13C551,1,10,team1,Team 1 (N/S),64,56,13,♦,finished,2026-05-18T16:33:33.026433+00:00
934,INPROC_A70DE0,1,10,team1,Team 1 (N/S),109,11,24,♥,finished,2026-05-18T16:33:33.037623+00:00
935,INPROC_111A42,1,10,team1,Team 1 (N/S),63,57,11,♦,finished,2026-05-18T16:33:33.052511+00:00
936,INPROC_BAADB7,1,10,team1,Team 1 (N/S),74,46,17,♦,finished,2026-05-18T16:33:33.068118+00:00
937,INPROC_39C62C,1,10,team2,Team 2 (E/W),55,65,3,♣,finished,2026-05-18T16:33:33.083135+00:00
938,INPROC_696DCE,1,10,team1,Team 1 (N/S),107,13,23,♥,finished,2026-05-18T16:33:33.102954+00:00
939,INPROC_96637B,1,10,team1,Team 1 (N/S),95,25,11,♦,finished,2026-05-18T16:33:33.119248+00:00
940,INPROC_49B4F9,1,10,team1,Team 1 (N/S),62,58,28,♥,finished,2026-05-18T16:33:33.132829+00:00
941,INPROC_6BF4D3,1,10,team1,Team 1 (N/S),101,19,4,♣,finished,2026-05-18T16:33:33.148438+00:00
942,INPROC_0917F5,1,10,team1,Team 1 (N/S),79,41,5,♣,finished,2026-05-18T16:33:33.163162+00:00
943,INPROC_90B195,1,10,team1,Team 1 (N/S),105,15,31,♠,finished,2026-05-18T16:33:33.178166+00:00
944,INPROC_A65BE0,1,10,team1,Team 1 (N/S),78,42,33,♠,finished,2026-05-18T16:33:33.192699+00:00
945,INPROC_F8DD55,1,10,team2,Team 2 (E/W),26,94,23,♥,finished,2026-05-18T16:33:33.208848+00:00
946,INPROC_36D839,1,10,team1,Team 1 (N/S),97,23,1,♣,finished,2026-05-18T16:33:33.228245+00:00
947,INPROC_C757CC,1,10,team1,Team 1 (N/S),114,6,35,♠,finished,2026-05-18T16:33:33.242549+00:00
948,INPROC_C77744,1,10,team1,Team 1 (N/S),63,57,7,♣,finished,2026-05-18T16:33:33.257357+00:00
949,INPROC_CB57A8,1,10,team1,Team 1 (N/S),81,39,38,♠,finished,2026-05-18T16:33:33.267169+00:00
950,INPROC_A41B69,1,10,team1,Team 1 (N/S),66,54,26,♥,finished,2026-05-18T16:33:33.276165+00:00
951,INPROC_F4774D,1,10,team1,Team 1 (N/S),83,37,18,♦,finished,2026-05-18T16:33:33.286271+00:00
952,INPROC_765545,1,10,team1,Team 1 (N/S),84,36,1,♣,finished,2026-05-18T16:33:33.296468+00:00
953,INPROC_FEF0E6,1,10,team2,Team 2 (E/W),52,68,20,♥,finished,2026-05-18T16:33:33.306962+00:00
954,INPROC_8DC27A,1,10,team2,Team 2 (E/W),58,62,17,♦,finished,2026-05-18T16:33:33.316628+00:00
955,INPROC_D74B7F,1,10,team1,Team 1 (N/S),66,54,31,♠,finished,2026-05-18T16:33:33.333340+00:00
956,INPROC_420410,1,10,team1,Team 1 (N/S),88,32,15,♦,finished,2026-05-18T16:33:33.346445+00:00
957,INPROC_C92F7E,1,10,team1,Team 1 (N/S),94,26,14,♦,finished,2026-05-18T16:33:33.361851+00:00
958,INPROC_FB1CF4,1,10,team1,Team 1 (N/S),103,17,16,♦,finished,2026-05-18T16:33:33.377195+00:00
959,INPROC_93DDD1,1,10,team1,Team 1 (N/S),73,47,36,♠,finished,2026-05-18T16:33:33.395466+00:00
960,INPROC_9AA3C4,1,10,team2,Team 2 (E/W),52,68,8,♣,finished,2026-05-18T16:33:33.414015+00:00
961,INPROC_3761D9,1,10,team2,Team 2 (E/W),43,77,8,♣,finished,2026-05-18T16:33:33.431584+00:00
962,INPROC_05BC8C,1,10,team2,Team 2 (E/W),17,103,12,♦,finished,2026-05-18T16:33:33.445529+00:00
963,INPROC_B23C0C,1,10,team1,Team 1 (N/S),83,37,17,♦,finished,2026-05-18T16:33:33.459909+00:00
964,INPROC_1C870A,1,10,team1,Team 1 (N/S),102,18,30,♠,finished,2026-05-18T16:33:33.474019+00:00
965,INPROC_028094,1,10,team1,Team 1 (N/S),84,36,32,♠,finished,2026-05-18T16:33:33.488468+00:00
966,INPROC_18B7C3,1,10,team2,Team 2 (E/W),45,75,38,♠,finished,2026-05-18T16:33:33.504710+00:00
967,INPROC_140FC3,1,10,team2,Team 2 (E/W),27,93,31,♠,finished,2026-05-18T16:33:33.518306+00:00
968,INPROC_EE2100,1,10,team2,Team 2 (E/W),59,61,7,♣,finished,2026-05-18T16:33:33.531579+00:00
969,INPROC_DB9ACD,1,10,team1,Team 1 (N/S),83,37,16,♦,finished,2026-05-18T16:33:33.549215+00:00
970,INPROC_961338,1,10,team2,Team 2 (E/W),50,70,13,♦,finished,2026-05-18T16:33:33.564005+00:00
971,INPROC_5F684E,1,10,team1,Team 1 (N/S),69,51,6,♣,finished,2026-05-18T16:33:33.579174+00:00
972,INPROC_E93746,1,10,team1,Team 1 (N/S),79,41,37,♠,finished,2026-05-18T16:33:33.589614+00:00
973,INPROC_4591A6,1,10,team1,Team 1 (N/S),81,39,4,♣,finished,2026-05-18T16:33:33.598653+00:00
974,INPROC_864D2E,1,10,team2,Team 2 (E/W),34,86,32,♠,finished,2026-05-18T16:33:33.609019+00:00
975,INPROC_001006,1,10,team1,Team 1 (N/S),84,36,4,♣,finished,2026-05-18T16:33:33.625046+00:00
976,INPROC_D88ABE,1,10,team2,Team 2 (E/W),57,63,6,♣,finished,2026-05-18T16:33:33.640956+00:00
977,INPROC_74C4E6,1,10,team2,Team 2 (E/W),37,83,11,♦,finished,2026-05-18T16:33:33.657035+00:00
978,INPROC_5BF040,1,10,team1,Team 1 (N/S),94,26,20,♥,finished,2026-05-18T16:33:33.670161+00:00
979,INPROC_7F7C45,1,10,team2,Team 2 (E/W),30,90,2,♣,finished,2026-05-18T16:33:33.683793+00:00
980,INPROC_68EF5C,1,10,team1,Team 1 (N/S),77,43,5,♣,finished,2026-05-18T16:33:33.698461+00:00
981,INPROC_149A01,1,10,team1,Team 1 (N/S),86,34,4,♣,finished,2026-05-18T16:33:33.715696+00:00
982,INPROC_9F58CB,1,10,team2,Team 2 (E/W),32,88,9,♣,finished,2026-05-18T16:33:33.735268+00:00
983,INPROC_72F784,1,10,team1,Team 1 (N/S),63,57,21,♥,finished,2026-05-18T16:33:33.752378+00:00
984,INPROC_4F09F7,1,10,team1,Team 1 (N/S),61,59,39,♠,finished,2026-05-18T16:33:33.767957+00:00
985,INPROC_D2B0B1,1,10,team2,Team 2 (E/W),42,78,1,♣,finished,2026-05-18T16:33:33.787142+00:00
986,INPROC_959E4F,1,10,team1,Team 1 (N/S),61,59,35,♠,finished,2026-05-18T16:33:33.805531+00:00
987,INPROC_854012,1,10,team1,Team 1 (N/S),73,47,26,♥,finished,2026-05-18T16:33:33.821617+00:00
988,INPROC_F80093,1,10,team1,Team 1 (N/S),104,16,34,♠,finished,2026-05-18T16:33:33.836995+00:00
989,INPROC_D696E8,1,10,team1,Team 1 (N/S),72,48,38,♠,finished,2026-05-18T16:33:33.851624+00:00
990,INPROC_AA5C15,1,10,team1,Team 1 (N/S),73,47,15,♦,finished,2026-05-18T16:33:33.867764+00:00
991,INPROC_137A55,1,10,team1,Team 1 (N/S),63,57,17,♦,finished,2026-05-18T16:33:33.883704+00:00
992,INPROC_48BF86,1,10,team2,Team 2 (E/W),54,66,39,♠,finished,2026-05-18T16:33:33.896422+00:00
993,INPROC_C6AACE,1,10,team1,Team 1 (N/S),76,44,9,♣,finished,2026-05-18T16:33:33.909122+00:00
994,INPROC_F173A7,1,10,team2,Team 2 (E/W),53,67,9,♣,finished,2026-05-18T16:33:33.924238+00:00
995,INPROC_D9EC22,1,10,team1,Team 1 (N/S),76,44,23,♥,finished,2026-05-18T16:33:33.939408+00:00
996,INPROC_88CB3C,1,10,team1,Team 1 (N/S),85,35,38,♠,finished,2026-05-18T16:33:33.953928+00:00
997,INPROC_0967D8,1,10,team1,Team 1 (N/S),85,35,35,♠,finished,2026-05-18T16:33:33.967434+00:00
998,INPROC_45E4A1,1,10,team1,Team 1 (N/S),64,56,25,♥,finished,2026-05-18T16:33:33.980543+00:00
999,INPROC_3F737A,1,10,team1,Team 1 (N/S),71,49,14,♦,finished,2026-05-18T16:33:33.997172+00:00
1000,INPROC_CA3159,1,10,team2,Team 2 (E/W),38,82,34,♠,finished,2026-05-18T16:33:34.012327+00:00
1001,INPROC_2B0DA4,1,10,team1,Team 1 (N/S),66,54,4,♣,finished,2026-05-18T16:33:34.025340+00:00
1002,INPROC_C67D6C,1,10,team1,Team 1 (N/S),81,39,3,♣,finished,2026-05-18T16:33:34.040195+00:00
1003,INPROC_DACF5B,1,10,team1,Team 1 (N/S),74,46,24,♥,finished,2026-05-18T16:33:34.054638+00:00
1004,INPROC_1A1D83,1,10,team1,Team 1 (N/S),68,52,26,♥,finished,2026-05-18T16:33:34.069524+00:00
1005,INPROC_7F0C0E,1,10,team1,Team 1 (N/S),80,40,31,♠,finished,2026-05-18T16:33:34.083730+00:00
1006,INPROC_FDBE38,1,10,team1,Team 1 (N/S),78,42,1,♣,finished,2026-05-18T16:33:34.095310+00:00
1007,INPROC_EF1402,1,10,team2,Team 2 (E/W),40,80,8,♣,finished,2026-05-18T16:33:34.109428+00:00
1008,INPROC_915D9D,1,10,team2,Team 2 (E/W),37,83,38,♠,finished,2026-05-18T16:33:34.124791+00:00
1009,INPROC_F23CFE,1,10,team1,Team 1 (N/S),63,57,32,♠,finished,2026-05-18T16:33:34.140600+00:00
1010,INPROC_A21FFE,1,10,team1,Team 1 (N/S),80,40,10,♦,finished,2026-05-18T16:33:34.158975+00:00
1011,INPROC_D59CD9,1,10,team1,Team 1 (N/S),92,28,6,♣,finished,2026-05-18T16:33:34.176534+00:00
1012,INPROC_505C78,1,10,team1,Team 1 (N/S),96,24,12,♦,finished,2026-05-18T16:33:34.189474+00:00
1013,INPROC_CA8897,1,10,team1,Team 1 (N/S),80,40,16,♦,finished,2026-05-18T16:33:34.203217+00:00
1014,INPROC_F12DAC,1,10,team1,Team 1 (N/S),87,33,31,♠,finished,2026-05-18T16:33:34.218714+00:00
1015,INPROC_976678,1,10,team1,Team 1 (N/S),62,58,26,♥,finished,2026-05-18T16:33:34.236336+00:00
1016,INPROC_3A27C2,1,10,team1,Team 1 (N/S),91,29,14,♦,finished,2026-05-18T16:33:34.252121+00:00
1017,INPROC_428124,1,10,team2,Team 2 (E/W),58,62,29,♥,finished,2026-05-18T16:33:34.264408+00:00
1018,INPROC_541862,1,10,team1,Team 1 (N/S),100,20,24,♥,finished,2026-05-18T16:33:34.280911+00:00
1019,INPROC_E4DEE0,1,10,team1,Team 1 (N/S),94,26,12,♦,finished,2026-05-18T16:33:34.292771+00:00
1020,INPROC_E5B798,1,10,team1,Team 1 (N/S),76,44,37,♠,finished,2026-05-18T16:33:34.306806+00:00
1021,INPROC_2CB6FD,1,10,team1,Team 1 (N/S),70,50,25,♥,finished,2026-05-18T16:33:34.323552+00:00
1022,INPROC_4157B3,1,10,team1,Team 1 (N/S),92,28,17,♦,finished,2026-05-18T16:33:34.335825+00:00
1023,INPROC_974FE0,1,10,team1,Team 1 (N/S),76,44,19,♦,finished,2026-05-18T16:33:34.351491+00:00
1024,INPROC_2220BF,1,10,team1,Team 1 (N/S),80,40,7,♣,finished,2026-05-18T16:33:34.367619+00:00
1025,INPROC_2B113E,1,10,team2,Team 2 (E/W),55,65,28,♥,finished,2026-05-18T16:33:34.386514+00:00
1026,INPROC_F387C2,1,10,team1,Team 1 (N/S),81,39,14,♦,finished,2026-05-18T16:33:34.401376+00:00
1027,INPROC_336A6D,1,10,team1,Team 1 (N/S),111,9,30,♠,finished,2026-05-18T16:33:34.414968+00:00
1028,INPROC_5EB69C,1,10,team2,Team 2 (E/W),57,63,3,♣,finished,2026-05-18T16:33:34.430177+00:00
1029,INPROC_37E48E,1,10,team1,Team 1 (N/S),87,33,25,♥,finished,2026-05-18T16:33:34.444605+00:00
1030,INPROC_F506EA,1,10,team1,Team 1 (N/S),80,40,27,♥,finished,2026-05-18T16:33:34.461823+00:00
1031,INPROC_100478,1,10,team2,Team 2 (E/W),26,94,20,♥,finished,2026-05-18T16:33:34.478001+00:00
1032,INPROC_FF9970,1,10,team1,Team 1 (N/S),80,40,30,♠,finished,2026-05-18T16:33:34.495212+00:00
1033,INPROC_121AC5,1,10,team2,Team 2 (E/W),58,62,21,♥,finished,2026-05-18T16:33:34.512332+00:00
1034,INPROC_BEFCDF,1,10,team1,Team 1 (N/S),65,55,22,♥,finished,2026-05-18T16:33:34.529192+00:00
1035,INPROC_9E6794,1,10,team1,Team 1 (N/S),71,49,0,♣,finished,2026-05-18T16:33:34.550119+00:00
1036,INPROC_E318B6,1,10,team1,Team 1 (N/S),104,16,11,♦,finished,2026-05-18T16:33:34.569094+00:00
1037,INPROC_8E9AEB,1,10,team1,Team 1 (N/S),61,59,13,♦,finished,2026-05-18T16:33:34.586375+00:00
1038,INPROC_C8D4DF,1,10,team1,Team 1 (N/S),69,51,33,♠,finished,2026-05-18T16:33:34.604488+00:00
1039,INPROC_D00E2C,1,10,team1,Team 1 (N/S),88,32,3,♣,finished,2026-05-18T16:33:34.620403+00:00
1040,INPROC_4F477A,1,10,team2,Team 2 (E/W),59,61,35,♠,finished,2026-05-18T16:33:34.636169+00:00
1041,INPROC_F07C05,1,10,draw,draw,60,60,4,♣,finished,2026-05-18T16:33:34.652396+00:00
1042,INPROC_142677,1,10,draw,draw,60,60,24,♥,finished,2026-05-18T16:33:34.668182+00:00
1043,INPROC_1E79EF,1,10,team1,Team 1 (N/S),100,20,37,♠,finished,2026-05-18T16:33:34.687014+00:00
1044,INPROC_E70565,1,10,team1,Team 1 (N/S),73,47,38,♠,finished,2026-05-18T16:33:34.714071+00:00
1045,INPROC_731635,1,10,team1,Team 1 (N/S),74,46,1,♣,finished,2026-05-18T16:33:34.734487+00:00
1046,INPROC_3A9706,1,10,team1,Team 1 (N/S),87,33,36,♠,finished,2026-05-18T16:33:34.753967+00:00
1047,INPROC_E1E172,1,10,team1,Team 1 (N/S),88,32,34,♠,finished,2026-05-18T16:33:34.767624+00:00
1048,INPROC_E6262F,1,10,team2,Team 2 (E/W),48,72,29,♥,finished,2026-05-18T16:33:34.779104+00:00
1049,INPROC_FD7734,1,10,team1,Team 1 (N/S),98,22,15,♦,finished,2026-05-18T16:33:34.789368+00:00
1050,INPROC_D74D3E,1,10,team2,Team 2 (E/W),44,76,9,♣,finished,2026-05-18T16:33:34.801179+00:00
1051,INPROC_C05E28,1,10,team2,Team 2 (E/W),59,61,32,♠,finished,2026-05-18T16:33:34.810946+00:00
1052,INPROC_B8F350,1,10,team1,Team 1 (N/S),83,37,15,♦,finished,2026-05-18T16:33:34.821687+00:00
1053,INPROC_BB2EC4,1,10,team2,Team 2 (E/W),45,75,1,♣,finished,2026-05-18T16:33:34.834337+00:00
1054,INPROC_56A463,1,10,team1,Team 1 (N/S),82,38,0,♣,finished,2026-05-18T16:33:34.849798+00:00
1055,INPROC_1CE26B,1,10,team1,Team 1 (N/S),82,38,4,♣,finished,2026-05-18T16:33:34.865530+00:00
1056,INPROC_B808D2,1,10,team1,Team 1 (N/S),64,56,2,♣,finished,2026-05-18T16:33:34.884034+00:00
1057,INPROC_FFC03A,1,10,team1,Team 1 (N/S),93,27,24,♥,finished,2026-05-18T16:33:34.902496+00:00
1058,INPROC_1DEC4A,1,10,team2,Team 2 (E/W),20,100,27,♥,finished,2026-05-18T16:33:34.917011+00:00
1059,INPROC_FE7EC0,1,10,team2,Team 2 (E/W),54,66,16,♦,finished,2026-05-18T16:33:34.931758+00:00
1060,INPROC_207D52,1,10,team2,Team 2 (E/W),21,99,30,♠,finished,2026-05-18T16:33:34.944689+00:00
1061,INPROC_59762E,1,10,team2,Team 2 (E/W),52,68,12,♦,finished,2026-05-18T16:33:34.961283+00:00
1062,INPROC_18622C,1,10,team1,Team 1 (N/S),108,12,0,♣,finished,2026-05-18T16:33:34.969670+00:00
1063,INPROC_A5AC9E,1,10,team1,Team 1 (N/S),64,56,36,♠,finished,2026-05-18T16:33:34.988463+00:00
1064,INPROC_257902,1,10,team1,Team 1 (N/S),76,44,28,♥,finished,2026-05-18T16:33:35.005661+00:00
1065,INPROC_7E57C2,1,10,team2,Team 2 (E/W),57,63,38,♠,finished,2026-05-18T16:33:35.023099+00:00
1066,INPROC_13A2B0,1,10,team1,Team 1 (N/S),71,49,2,♣,finished,2026-05-18T16:33:35.040257+00:00
1067,INPROC_F1DFDA,1,10,team2,Team 2 (E/W),48,72,8,♣,finished,2026-05-18T16:33:35.056800+00:00
1068,INPROC_FD4272,1,10,team1,Team 1 (N/S),86,34,1,♣,finished,2026-05-18T16:33:35.072437+00:00
1069,INPROC_D4B473,1,10,team2,Team 2 (E/W),13,107,12,♦,finished,2026-05-18T16:33:35.088512+00:00
1070,INPROC_1D2FA8,1,10,team2,Team 2 (E/W),59,61,6,♣,finished,2026-05-18T16:33:35.103543+00:00
1071,INPROC_A3E3EB,1,10,team2,Team 2 (E/W),27,93,26,♥,finished,2026-05-18T16:33:35.119283+00:00
1072,INPROC_AA5A07,1,10,team1,Team 1 (N/S),63,57,37,♠,finished,2026-05-18T16:33:35.137800+00:00
1073,INPROC_C3D3F8,1,10,team2,Team 2 (E/W),46,74,3,♣,finished,2026-05-18T16:33:35.155061+00:00
1074,INPROC_A54EF8,1,10,team2,Team 2 (E/W),56,64,23,♥,finished,2026-05-18T16:33:35.167965+00:00
1075,INPROC_DFCE0A,1,10,team1,Team 1 (N/S),68,52,25,♥,finished,2026-05-18T16:33:35.183133+00:00
1076,INPROC_DE54E8,1,10,team1,Team 1 (N/S),87,33,11,♦,finished,2026-05-18T16:33:35.195469+00:00
1077,INPROC_180007,1,10,team1,Team 1 (N/S),76,44,36,♠,finished,2026-05-18T16:33:35.208239+00:00
1078,INPROC_80B482,1,10,team2,Team 2 (E/W),39,81,7,♣,finished,2026-05-18T16:33:35.220353+00:00
1079,INPROC_D40672,1,10,team1,Team 1 (N/S),73,47,14,♦,finished,2026-05-18T16:33:35.232820+00:00
1080,INPROC_70BEB4,1,10,team2,Team 2 (E/W),32,88,14,♦,finished,2026-05-18T16:33:35.243383+00:00
1081,INPROC_542E11,1,10,team1,Team 1 (N/S),86,34,3,♣,finished,2026-05-18T16:33:35.254630+00:00
1082,INPROC_E0D368,1,10,team1,Team 1 (N/S),105,15,4,♣,finished,2026-05-18T16:33:35.265420+00:00
1083,INPROC_A69D1A,1,10,team2,Team 2 (E/W),26,94,16,♦,finished,2026-05-18T16:33:35.278341+00:00
1084,INPROC_CC8278,1,10,team1,Team 1 (N/S),75,45,28,♥,finished,2026-05-18T16:33:35.288599+00:00
1085,INPROC_1460FA,1,10,team1,Team 1 (N/S),65,55,13,♦,finished,2026-05-18T16:33:35.300828+00:00
1086,INPROC_9F8145,1,10,team1,Team 1 (N/S),81,39,10,♦,finished,2026-05-18T16:33:35.314141+00:00
1087,INPROC_BCBE29,1,10,team1,Team 1 (N/S),84,36,30,♠,finished,2026-05-18T16:33:35.327919+00:00
1088,INPROC_F2AF52,1,10,team2,Team 2 (E/W),33,87,15,♦,finished,2026-05-18T16:33:35.343242+00:00
1089,INPROC_38662F,1,10,team2,Team 2 (E/W),46,74,8,♣,finished,2026-05-18T16:33:35.358818+00:00
1090,INPROC_E18B86,1,10,team2,Team 2 (E/W),33,87,2,♣,finished,2026-05-18T16:33:35.374848+00:00
1091,INPROC_4F7158,1,10,team2,Team 2 (E/W),57,63,38,♠,finished,2026-05-18T16:33:35.388933+00:00
1092,INPROC_FA84EA,1,10,team2,Team 2 (E/W),29,91,28,♥,finished,2026-05-18T16:33:35.406391+00:00
1093,INPROC_EB2E91,1,10,team1,Team 1 (N/S),61,59,8,♣,finished,2026-05-18T16:33:35.422094+00:00
1094,INPROC_21274A,1,10,team1,Team 1 (N/S),105,15,0,♣,finished,2026-05-18T16:33:35.436307+00:00
1095,INPROC_51491C,1,10,team1,Team 1 (N/S),79,41,34,♠,finished,2026-05-18T16:33:35.451604+00:00
1096,INPROC_470DC6,1,10,team1,Team 1 (N/S),71,49,39,♠,finished,2026-05-18T16:33:35.464691+00:00
1097,INPROC_D85922,1,10,team2,Team 2 (E/W),42,78,17,♦,finished,2026-05-18T16:33:35.478374+00:00
1098,INPROC_640F77,1,10,team1,Team 1 (N/S),81,39,18,♦,finished,2026-05-18T16:33:35.492300+00:00
1099,INPROC_6F2644,1,10,team2,Team 2 (E/W),47,73,35,♠,finished,2026-05-18T16:33:35.506644+00:00
1100,INPROC_AB9D4F,1,10,team1,Team 1 (N/S),113,7,22,♥,finished,2026-05-18T16:33:35.520245+00:00
1101,INPROC_6F93F4,1,10,team1,Team 1 (N/S),69,51,12,♦,finished,2026-05-18T16:33:35.534886+00:00
1102,INPROC_3527F3,1,10,team1,Team 1 (N/S),79,41,31,♠,finished,2026-05-18T16:33:35.549785+00:00
1103,INPROC_C83013,1,10,team1,Team 1 (N/S),68,52,33,♠,finished,2026-05-18T16:33:35.564159+00:00
1104,INPROC_E76D1F,1,10,team2,Team 2 (E/W),48,72,35,♠,finished,2026-05-18T16:33:35.576967+00:00
1105,INPROC_CF82C7,1,10,team2,Team 2 (E/W),37,83,21,♥,finished,2026-05-18T16:33:35.590295+00:00
1106,INPROC_A32698,1,10,team1,Team 1 (N/S),71,49,15,♦,finished,2026-05-18T16:33:35.601958+00:00
1107,INPROC_AE95BD,1,10,team2,Team 2 (E/W),57,63,35,♠,finished,2026-05-18T16:33:35.611975+00:00
1108,INPROC_857A12,1,10,team2,Team 2 (E/W),54,66,20,♥,finished,2026-05-18T16:33:35.627436+00:00
1109,INPROC_0F5B41,1,10,team1,Team 1 (N/S),67,53,11,♦,finished,2026-05-18T16:33:35.640473+00:00
1110,INPROC_B1167D,1,10,team1,Team 1 (N/S),84,36,39,♠,finished,2026-05-18T16:33:35.655713+00:00
1111,INPROC_F33227,1,10,team1,Team 1 (N/S),73,47,32,♠,finished,2026-05-18T16:33:35.670610+00:00
1112,INPROC_B83BDF,1,10,team2,Team 2 (E/W),48,72,1,♣,finished,2026-05-18T16:33:35.686942+00:00
1113,INPROC_D8067D,1,10,team1,Team 1 (N/S),120,0,25,♥,finished,2026-05-18T16:33:35.703588+00:00
1114,INPROC_32F195,1,10,team1,Team 1 (N/S),84,36,19,♦,finished,2026-05-18T16:33:35.719945+00:00
1115,INPROC_B24F0A,1,10,team2,Team 2 (E/W),37,83,7,♣,finished,2026-05-18T16:33:35.731468+00:00
1116,INPROC_2ED101,1,10,team2,Team 2 (E/W),48,72,27,♥,finished,2026-05-18T16:33:35.748845+00:00
1117,INPROC_EF9306,1,10,team1,Team 1 (N/S),68,52,33,♠,finished,2026-05-18T16:33:35.764280+00:00
1118,INPROC_BE975E,1,10,team1,Team 1 (N/S),91,29,17,♦,finished,2026-05-18T16:33:35.779239+00:00
1119,INPROC_4E14E5,1,10,team2,Team 2 (E/W),39,81,3,♣,finished,2026-05-18T16:33:35.795762+00:00
1120,INPROC_4B4033,1,10,team1,Team 1 (N/S),108,12,11,♦,finished,2026-05-18T16:33:35.809888+00:00
1121,INPROC_2C727E,1,10,team1,Team 1 (N/S),109,11,24,♥,finished,2026-05-18T16:33:35.824975+00:00
1122,INPROC_FB3645,1,10,team2,Team 2 (E/W),41,79,33,♠,finished,2026-05-18T16:33:35.840224+00:00
1123,INPROC_C703D7,1,10,team1,Team 1 (N/S),65,55,31,♠,finished,2026-05-18T16:33:35.859215+00:00
1124,INPROC_CB736F,1,10,team2,Team 2 (E/W),49,71,6,♣,finished,2026-05-18T16:33:35.876544+00:00
1125,INPROC_3E5557,1,10,team2,Team 2 (E/W),56,64,13,♦,finished,2026-05-18T16:33:35.894711+00:00
1126,INPROC_F8CCB7,1,10,team1,Team 1 (N/S),64,56,28,♥,finished,2026-05-18T16:33:35.909384+00:00
1127,INPROC_DE3520,1,10,team1,Team 1 (N/S),105,15,21,♥,finished,2026-05-18T16:33:35.922954+00:00
1128,INPROC_D3E798,1,10,team1,Team 1 (N/S),89,31,22,♥,finished,2026-05-18T16:33:35.938754+00:00
1129,INPROC_8A732C,1,10,team1,Team 1 (N/S),75,45,38,♠,finished,2026-05-18T16:33:35.955396+00:00
1130,INPROC_F66FDF,1,10,team1,Team 1 (N/S),75,45,36,♠,finished,2026-05-18T16:33:35.971352+00:00
1131,INPROC_D02DA8,1,10,team2,Team 2 (E/W),56,64,37,♠,finished,2026-05-18T16:33:35.988077+00:00
1132,INPROC_BE7B6C,1,10,team1,Team 1 (N/S),83,37,19,♦,finished,2026-05-18T16:33:36.004185+00:00
1133,INPROC_773DDF,1,10,team1,Team 1 (N/S),85,35,1,♣,finished,2026-05-18T16:33:36.019469+00:00
1134,INPROC_44BDA6,1,10,team1,Team 1 (N/S),69,51,6,♣,finished,2026-05-18T16:33:36.028450+00:00
1135,INPROC_467F01,1,10,team1,Team 1 (N/S),69,51,29,♥,finished,2026-05-18T16:33:36.039642+00:00
1136,INPROC_BB0928,1,10,team1,Team 1 (N/S),67,53,21,♥,finished,2026-05-18T16:33:36.050309+00:00
1137,INPROC_09C213,1,10,team1,Team 1 (N/S),82,38,33,♠,finished,2026-05-18T16:33:36.065733+00:00
1138,INPROC_98A621,1,10,team1,Team 1 (N/S),80,40,24,♥,finished,2026-05-18T16:33:36.081683+00:00
1139,INPROC_732916,1,10,team2,Team 2 (E/W),43,77,17,♦,finished,2026-05-18T16:33:36.096704+00:00
1140,INPROC_CB01C3,1,10,team1,Team 1 (N/S),90,30,18,♦,finished,2026-05-18T16:33:36.115612+00:00
1141,INPROC_A86886,1,10,team1,Team 1 (N/S),67,53,0,♣,finished,2026-05-18T16:33:36.134095+00:00
1142,INPROC_FA5CB8,1,10,team1,Team 1 (N/S),102,18,18,♦,finished,2026-05-18T16:33:36.151690+00:00
1143,INPROC_2650DC,1,10,team1,Team 1 (N/S),76,44,39,♠,finished,2026-05-18T16:33:36.167678+00:00
1144,INPROC_3E15C8,1,10,team2,Team 2 (E/W),40,80,31,♠,finished,2026-05-18T16:33:36.185588+00:00
1145,INPROC_746B37,1,10,team1,Team 1 (N/S),70,50,14,♦,finished,2026-05-18T16:33:36.198476+00:00
1146,INPROC_DE15F0,1,10,team2,Team 2 (E/W),36,84,34,♠,finished,2026-05-18T16:33:36.209779+00:00
1147,INPROC_85A329,1,10,draw,draw,60,60,7,♣,finished,2026-05-18T16:33:36.225133+00:00
1148,INPROC_F8AE4C,1,10,team2,Team 2 (E/W),21,99,13,♦,finished,2026-05-18T16:33:36.242355+00:00
1149,INPROC_6C6736,1,10,team1,Team 1 (N/S),91,29,34,♠,finished,2026-05-18T16:33:36.261080+00:00
1150,INPROC_F57E70,1,10,team2,Team 2 (E/W),48,72,30,♠,finished,2026-05-18T16:33:36.277610+00:00
1151,INPROC_6B4E76,1,10,team1,Team 1 (N/S),73,47,24,♥,finished,2026-05-18T16:33:36.293617+00:00
1152,INPROC_C89FBE,1,10,team1,Team 1 (N/S),87,33,18,♦,finished,2026-05-18T16:33:36.310378+00:00
1153,INPROC_4A1819,1,10,team2,Team 2 (E/W),51,69,19,♦,finished,2026-05-18T16:33:36.326423+00:00
1154,INPROC_888251,1,10,team1,Team 1 (N/S),96,24,24,♥,finished,2026-05-18T16:33:36.347832+00:00
1155,INPROC_4DFBB6,1,10,team1,Team 1 (N/S),71,49,17,♦,finished,2026-05-18T16:33:36.367031+00:00
1156,INPROC_EDD14D,1,10,team2,Team 2 (E/W),55,65,26,♥,finished,2026-05-18T16:33:36.388248+00:00
1157,INPROC_1EA1EB,1,10,team1,Team 1 (N/S),78,42,27,♥,finished,2026-05-18T16:33:36.405822+00:00
1158,INPROC_F000D2,1,10,team2,Team 2 (E/W),32,88,3,♣,finished,2026-05-18T16:33:36.423930+00:00
1159,INPROC_9163F4,1,10,team1,Team 1 (N/S),91,29,4,♣,finished,2026-05-18T16:33:36.441176+00:00
1160,INPROC_71F302,1,10,team1,Team 1 (N/S),74,46,23,♥,finished,2026-05-18T16:33:36.456968+00:00
1161,INPROC_B61D94,1,10,team1,Team 1 (N/S),68,52,4,♣,finished,2026-05-18T16:33:36.473228+00:00
1162,INPROC_C62115,1,10,team1,Team 1 (N/S),76,44,6,♣,finished,2026-05-18T16:33:36.482029+00:00
1163,INPROC_4F58BF,1,10,team1,Team 1 (N/S),91,29,23,♥,finished,2026-05-18T16:33:36.500576+00:00
1164,INPROC_5C9C35,1,10,team1,Team 1 (N/S),111,9,12,♦,finished,2026-05-18T16:33:36.515697+00:00
1165,INPROC_375B3A,1,10,team1,Team 1 (N/S),79,41,2,♣,finished,2026-05-18T16:33:36.533650+00:00
1166,INPROC_86367F,1,10,team1,Team 1 (N/S),61,59,27,♥,finished,2026-05-18T16:33:36.548583+00:00
1167,INPROC_3C7C4B,1,10,team2,Team 2 (E/W),37,83,32,♠,finished,2026-05-18T16:33:36.568438+00:00
1168,INPROC_27D7B0,1,10,team1,Team 1 (N/S),99,21,34,♠,finished,2026-05-18T16:33:36.587152+00:00
1169,INPROC_1807F0,1,10,team2,Team 2 (E/W),53,67,28,♥,finished,2026-05-18T16:33:36.602394+00:00
1170,INPROC_D0E588,1,10,team1,Team 1 (N/S),97,23,26,♥,finished,2026-05-18T16:33:36.617190+00:00
1171,INPROC_038D85,1,10,team2,Team 2 (E/W),39,81,19,♦,finished,2026-05-18T16:33:36.630919+00:00
1172,INPROC_1EE866,1,10,team1,Team 1 (N/S),97,23,2,♣,finished,2026-05-18T16:33:36.645237+00:00
1173,INPROC_C44311,1,10,team1,Team 1 (N/S),88,32,21,♥,finished,2026-05-18T16:33:36.659996+00:00
1174,INPROC_071E71,1,10,team1,Team 1 (N/S),62,58,33,♠,finished,2026-05-18T16:33:36.678113+00:00
1175,INPROC_E29D4E,1,10,team1,Team 1 (N/S),113,7,7,♣,finished,2026-05-18T16:33:36.692406+00:00
1176,INPROC_7167EE,1,10,team1,Team 1 (N/S),81,39,0,♣,finished,2026-05-18T16:33:36.707769+00:00
1177,INPROC_229062,1,10,team1,Team 1 (N/S),73,47,10,♦,finished,2026-05-18T16:33:36.716610+00:00
1178,INPROC_553DB4,1,10,team1,Team 1 (N/S),63,57,31,♠,finished,2026-05-18T16:33:36.729096+00:00
1179,INPROC_17CE61,1,10,team1,Team 1 (N/S),97,23,36,♠,finished,2026-05-18T16:33:36.744150+00:00
1180,INPROC_6C40E5,1,10,team1,Team 1 (N/S),83,37,35,♠,finished,2026-05-18T16:33:36.758349+00:00
1181,INPROC_66CC05,1,10,team2,Team 2 (E/W),38,82,21,♥,finished,2026-05-18T16:33:36.776944+00:00
1182,INPROC_13349D,1,10,team1,Team 1 (N/S),70,50,19,♦,finished,2026-05-18T16:33:36.798608+00:00
1183,INPROC_1A890C,1,10,team2,Team 2 (E/W),36,84,4,♣,finished,2026-05-18T16:33:36.812676+00:00
1184,INPROC_B9FD68,1,10,team1,Team 1 (N/S),78,42,13,♦,finished,2026-05-18T16:33:36.824045+00:00
1185,INPROC_5409F5,1,10,team1,Team 1 (N/S),103,17,22,♥,finished,2026-05-18T16:33:36.839316+00:00
1186,INPROC_0B1705,1,10,team1,Team 1 (N/S),65,55,6,♣,finished,2026-05-18T16:33:36.856926+00:00
1187,INPROC_BE3DB5,1,10,team1,Team 1 (N/S),61,59,14,♦,finished,2026-05-18T16:33:36.876650+00:00
1188,INPROC_D74E31,1,10,team2,Team 2 (E/W),33,87,14,♦,finished,2026-05-18T16:33:36.892638+00:00
1189,INPROC_93F2D3,1,10,team1,Team 1 (N/S),92,28,36,♠,finished,2026-05-18T16:33:36.906058+00:00
1190,INPROC_19D268,1,10,team2,Team 2 (E/W),35,85,2,♣,finished,2026-05-18T16:33:36.920360+00:00
1191,INPROC_7C6C4A,1,10,team2,Team 2 (E/W),51,69,20,♥,finished,2026-05-18T16:33:36.935341+00:00
1192,INPROC_FE5140,1,10,team1,Team 1 (N/S),96,24,28,♥,finished,2026-05-18T16:33:36.951009+00:00
1193,INPROC_B1FAB9,1,10,team1,Team 1 (N/S),61,59,20,♥,finished,2026-05-18T16:33:36.964785+00:00
1194,INPROC_5322E8,1,10,team1,Team 1 (N/S),84,36,5,♣,finished,2026-05-18T16:33:36.986305+00:00
1195,INPROC_02E506,1,10,team1,Team 1 (N/S),83,37,3,♣,finished,2026-05-18T16:33:37.002128+00:00
1196,INPROC_A39762,1,10,team2,Team 2 (E/W),54,66,24,♥,finished,2026-05-18T16:33:37.018379+00:00
1197,INPROC_860D8C,1,10,team1,Team 1 (N/S),85,35,4,♣,finished,2026-05-18T16:33:37.034496+00:00
1198,INPROC_5874CD,1,10,team1,Team 1 (N/S),80,40,26,♥,finished,2026-05-18T16:33:37.045063+00:00
1199,INPROC_BA4DFE,1,10,team2,Team 2 (E/W),28,92,11,♦,finished,2026-05-18T16:33:37.058081+00:00
1200,INPROC_D0455A,1,10,team1,Team 1 (N/S),91,29,18,♦,finished,2026-05-18T16:33:37.068246+00:00
1201,INPROC_2500CA,1,10,team1,Team 1 (N/S),74,46,2,♣,finished,2026-05-18T16:33:37.079978+00:00
1202,INPROC_242F02,1,10,team1,Team 1 (N/S),87,33,26,♥,finished,2026-05-18T16:33:37.090971+00:00
1203,INPROC_9EB5A4,1,10,team1,Team 1 (N/S),100,20,24,♥,finished,2026-05-18T16:33:37.101188+00:00
1204,INPROC_20F40E,1,10,team2,Team 2 (E/W),30,90,33,♠,finished,2026-05-18T16:33:37.111588+00:00
1205,INPROC_AD7DC2,1,10,team2,Team 2 (E/W),58,62,17,♦,finished,2026-05-18T16:33:37.121961+00:00
1206,INPROC_02AB9D,1,10,team2,Team 2 (E/W),46,74,0,♣,finished,2026-05-18T16:33:37.134107+00:00
1207,INPROC_8D4403,1,10,team2,Team 2 (E/W),53,67,38,♠,finished,2026-05-18T16:33:37.144845+00:00
1208,INPROC_277127,1,10,team2,Team 2 (E/W),50,70,34,♠,finished,2026-05-18T16:33:37.159412+00:00
1209,INPROC_22E23D,1,10,team1,Team 1 (N/S),120,0,2,♣,finished,2026-05-18T16:33:37.175872+00:00
1210,INPROC_A21830,1,10,team2,Team 2 (E/W),46,74,29,♥,finished,2026-05-18T16:33:37.185852+00:00
1211,INPROC_4AC5E1,1,10,team2,Team 2 (E/W),31,89,20,♥,finished,2026-05-18T16:33:37.199500+00:00
1212,INPROC_952A80,1,10,team1,Team 1 (N/S),79,41,15,♦,finished,2026-05-18T16:33:37.211623+00:00
1213,INPROC_1B4C92,1,10,team1,Team 1 (N/S),92,28,21,♥,finished,2026-05-18T16:33:37.226310+00:00
1214,INPROC_E5B88F,1,10,team2,Team 2 (E/W),54,66,35,♠,finished,2026-05-18T16:33:37.240930+00:00
1215,INPROC_E6CD3D,1,10,team1,Team 1 (N/S),72,48,0,♣,finished,2026-05-18T16:33:37.255991+00:00
1216,INPROC_9A9023,1,10,team1,Team 1 (N/S),89,31,16,♦,finished,2026-05-18T16:33:37.272415+00:00
1217,INPROC_332341,1,10,team1,Team 1 (N/S),118,2,38,♠,finished,2026-05-18T16:33:37.288603+00:00
1218,INPROC_C5075A,1,10,team2,Team 2 (E/W),30,90,39,♠,finished,2026-05-18T16:33:37.304086+00:00
1219,INPROC_F12F99,1,10,team1,Team 1 (N/S),100,20,1,♣,finished,2026-05-18T16:33:37.320021+00:00
1220,INPROC_023DE6,1,10,team2,Team 2 (E/W),37,83,10,♦,finished,2026-05-18T16:33:37.337122+00:00
1221,INPROC_F6626C,1,10,team1,Team 1 (N/S),94,26,31,♠,finished,2026-05-18T16:33:37.353872+00:00
1222,INPROC_DB9191,1,10,team1,Team 1 (N/S),72,48,22,♥,finished,2026-05-18T16:33:37.370542+00:00
1223,INPROC_370C42,1,10,team2,Team 2 (E/W),36,84,28,♥,finished,2026-05-18T16:33:37.386532+00:00
1224,INPROC_7EC1ED,1,10,team2,Team 2 (E/W),27,93,26,♥,finished,2026-05-18T16:33:37.403344+00:00
1225,INPROC_F1EBDF,1,10,team1,Team 1 (N/S),87,33,14,♦,finished,2026-05-18T16:33:37.420389+00:00
1226,INPROC_36961B,1,10,team1,Team 1 (N/S),88,32,32,♠,finished,2026-05-18T16:33:37.437316+00:00
1227,INPROC_B4B5ED,1,10,team1,Team 1 (N/S),81,39,26,♥,finished,2026-05-18T16:33:37.454461+00:00
1228,INPROC_276463,1,10,team1,Team 1 (N/S),73,47,16,♦,finished,2026-05-18T16:33:37.471976+00:00
1229,INPROC_3075FD,1,10,team2,Team 2 (E/W),44,76,27,♥,finished,2026-05-18T16:33:37.490946+00:00
1230,INPROC_FEF5BA,1,10,team2,Team 2 (E/W),58,62,23,♥,finished,2026-05-18T16:33:37.511913+00:00
1231,INPROC_E18A39,1,10,team1,Team 1 (N/S),72,48,21,♥,finished,2026-05-18T16:33:37.531441+00:00
1232,INPROC_82B5FB,1,10,team1,Team 1 (N/S),101,19,11,♦,finished,2026-05-18T16:33:37.549405+00:00
1233,INPROC_B25080,1,10,team1,Team 1 (N/S),84,36,4,♣,finished,2026-05-18T16:33:37.564695+00:00
1234,INPROC_85DEC0,1,10,team1,Team 1 (N/S),71,49,5,♣,finished,2026-05-18T16:33:37.579847+00:00
1235,INPROC_B93DEF,1,10,team1,Team 1 (N/S),70,50,5,♣,finished,2026-05-18T16:33:37.593740+00:00
1236,INPROC_1B7C68,1,10,team1,Team 1 (N/S),97,23,39,♠,finished,2026-05-18T16:33:37.607980+00:00
1237,INPROC_A32FA4,1,10,team1,Team 1 (N/S),86,34,31,♠,finished,2026-05-18T16:33:37.622630+00:00
1238,INPROC_4AA64D,1,10,team1,Team 1 (N/S),92,28,0,♣,finished,2026-05-18T16:33:37.638002+00:00
1239,INPROC_4A06C9,1,10,team2,Team 2 (E/W),55,65,12,♦,finished,2026-05-18T16:33:37.652079+00:00
1240,INPROC_82961F,1,10,team1,Team 1 (N/S),106,14,17,♦,finished,2026-05-18T16:33:37.663730+00:00
1241,INPROC_A20F24,1,10,team1,Team 1 (N/S),93,27,32,♠,finished,2026-05-18T16:33:37.677455+00:00
1242,INPROC_F8ACA2,1,10,team1,Team 1 (N/S),107,13,20,♥,finished,2026-05-18T16:33:37.692025+00:00
1243,INPROC_6ABEE8,1,10,team2,Team 2 (E/W),49,71,26,♥,finished,2026-05-18T16:33:37.706350+00:00
1244,INPROC_06D039,1,10,team2,Team 2 (E/W),57,63,29,♥,finished,2026-05-18T16:33:37.721534+00:00
1245,INPROC_976B02,1,10,team1,Team 1 (N/S),95,25,2,♣,finished,2026-05-18T16:33:37.737372+00:00
1246,INPROC_0AC18D,1,10,team1,Team 1 (N/S),66,54,27,♥,finished,2026-05-18T16:33:37.754347+00:00
1247,INPROC_95FA24,1,10,team1,Team 1 (N/S),102,18,17,♦,finished,2026-05-18T16:33:37.770825+00:00
1248,INPROC_EBF613,1,10,team1,Team 1 (N/S),89,31,24,♥,finished,2026-05-18T16:33:37.786345+00:00
1249,INPROC_A524CB,1,10,team2,Team 2 (E/W),49,71,18,♦,finished,2026-05-18T16:33:37.802327+00:00
1250,INPROC_CB7442,1,10,team2,Team 2 (E/W),0,120,35,♠,finished,2026-05-18T16:33:37.817640+00:00
1251,INPROC_C8311C,1,10,team1,Team 1 (N/S),113,7,5,♣,finished,2026-05-18T16:33:37.833242+00:00
1252,INPROC_9640F4,1,10,team1,Team 1 (N/S),74,46,31,♠,finished,2026-05-18T16:33:37.851282+00:00
1253,INPROC_05D490,1,10,team2,Team 2 (E/W),42,78,36,♠,finished,2026-05-18T16:33:37.865934+00:00
1254,INPROC_679836,1,10,team2,Team 2 (E/W),46,74,34,♠,finished,2026-05-18T16:33:37.881328+00:00
1255,INPROC_8562B1,1,10,team2,Team 2 (E/W),38,82,19,♦,finished,2026-05-18T16:33:37.896280+00:00
1256,INPROC_5A4B9A,1,10,team2,Team 2 (E/W),57,63,10,♦,finished,2026-05-18T16:33:37.911665+00:00
1257,INPROC_E5DB40,1,10,team1,Team 1 (N/S),84,36,26,♥,finished,2026-05-18T16:33:37.929018+00:00
1258,INPROC_ECCA56,1,10,team2,Team 2 (E/W),14,106,17,♦,finished,2026-05-18T16:33:37.945773+00:00
1259,INPROC_D32FD7,1,10,team1,Team 1 (N/S),91,29,5,♣,finished,2026-05-18T16:33:37.956966+00:00
1260,INPROC_CAB585,1,10,team1,Team 1 (N/S),81,39,32,♠,finished,2026-05-18T16:33:37.966704+00:00
1261,INPROC_3EF5A8,1,10,team1,Team 1 (N/S),80,40,32,♠,finished,2026-05-18T16:33:37.975974+00:00
1262,INPROC_810300,1,10,team1,Team 1 (N/S),61,59,27,♥,finished,2026-05-18T16:33:37.988024+00:00
1263,INPROC_B754AA,1,10,team1,Team 1 (N/S),78,42,25,♥,finished,2026-05-18T16:33:37.999356+00:00
1264,INPROC_06A0C2,1,10,team2,Team 2 (E/W),58,62,10,♦,finished,2026-05-18T16:33:38.014877+00:00
1265,INPROC_911565,1,10,team1,Team 1 (N/S),67,53,21,♥,finished,2026-05-18T16:33:38.026928+00:00
1266,INPROC_6E2BB1,1,10,team1,Team 1 (N/S),89,31,8,♣,finished,2026-05-18T16:33:38.042947+00:00
1267,INPROC_16F69E,1,10,team1,Team 1 (N/S),85,35,24,♥,finished,2026-05-18T16:33:38.057309+00:00
1268,INPROC_5F6546,1,10,team1,Team 1 (N/S),93,27,8,♣,finished,2026-05-18T16:33:38.070207+00:00
1269,INPROC_0D3B27,1,10,team2,Team 2 (E/W),48,72,22,♥,finished,2026-05-18T16:33:38.084752+00:00
1270,INPROC_055884,1,10,team2,Team 2 (E/W),56,64,17,♦,finished,2026-05-18T16:33:38.098799+00:00
1271,INPROC_D8CDAF,1,10,team1,Team 1 (N/S),69,51,36,♠,finished,2026-05-18T16:33:38.109893+00:00
1272,INPROC_303268,1,10,team1,Team 1 (N/S),75,45,7,♣,finished,2026-05-18T16:33:38.123480+00:00
1273,INPROC_423346,1,10,team1,Team 1 (N/S),91,29,24,♥,finished,2026-05-18T16:33:38.138019+00:00
1274,INPROC_E54F4E,1,10,team1,Team 1 (N/S),102,18,21,♥,finished,2026-05-18T16:33:38.148368+00:00
1275,INPROC_49D5BB,1,10,team2,Team 2 (E/W),35,85,1,♣,finished,2026-05-18T16:33:38.159577+00:00
1276,INPROC_7A383B,1,10,team1,Team 1 (N/S),70,50,15,♦,finished,2026-05-18T16:33:38.170235+00:00
1277,INPROC_AE761A,1,10,team2,Team 2 (E/W),58,62,12,♦,finished,2026-05-18T16:33:38.181334+00:00
1278,INPROC_63A4E3,1,10,team2,Team 2 (E/W),36,84,34,♠,finished,2026-05-18T16:33:38.193954+00:00
1279,INPROC_F8CB4F,1,10,team1,Team 1 (N/S),95,25,7,♣,finished,2026-05-18T16:33:38.205307+00:00
1280,INPROC_41B204,1,10,team1,Team 1 (N/S),105,15,29,♥,finished,2026-05-18T16:33:38.218604+00:00
1281,INPROC_AA1A5F,1,10,team1,Team 1 (N/S),61,59,38,♠,finished,2026-05-18T16:33:38.233942+00:00
1282,INPROC_87B3BB,1,10,team1,Team 1 (N/S),75,45,25,♥,finished,2026-05-18T16:33:38.249245+00:00
1283,INPROC_AAC7F2,1,10,team1,Team 1 (N/S),62,58,39,♠,finished,2026-05-18T16:33:38.264398+00:00
1284,INPROC_515D1C,1,10,team2,Team 2 (E/W),46,74,0,♣,finished,2026-05-18T16:33:38.283955+00:00
1285,INPROC_309F34,1,10,team1,Team 1 (N/S),63,57,4,♣,finished,2026-05-18T16:33:38.301044+00:00
1286,INPROC_D4F020,1,10,team1,Team 1 (N/S),92,28,0,♣,finished,2026-05-18T16:33:38.317539+00:00
1287,INPROC_7EE246,1,10,team2,Team 2 (E/W),44,76,6,♣,finished,2026-05-18T16:33:38.336036+00:00
1288,INPROC_24D682,1,10,team1,Team 1 (N/S),78,42,10,♦,finished,2026-05-18T16:33:38.351456+00:00
1289,INPROC_A7F584,1,10,team1,Team 1 (N/S),96,24,31,♠,finished,2026-05-18T16:33:38.368952+00:00
1290,INPROC_732B88,1,10,team2,Team 2 (E/W),40,80,39,♠,finished,2026-05-18T16:33:38.386913+00:00
1291,INPROC_1AA5C7,1,10,team1,Team 1 (N/S),83,37,19,♦,finished,2026-05-18T16:33:38.401782+00:00
1292,INPROC_EB763B,1,10,team1,Team 1 (N/S),71,49,22,♥,finished,2026-05-18T16:33:38.416356+00:00
1293,INPROC_89540D,1,10,team1,Team 1 (N/S),120,0,22,♥,finished,2026-05-18T16:33:38.433743+00:00
1294,INPROC_0D3426,1,10,team2,Team 2 (E/W),48,72,10,♦,finished,2026-05-18T16:33:38.448404+00:00
1295,INPROC_E75357,1,10,team2,Team 2 (E/W),53,67,10,♦,finished,2026-05-18T16:33:38.462247+00:00
1296,INPROC_4D7375,1,10,team1,Team 1 (N/S),63,57,13,♦,finished,2026-05-18T16:33:38.476422+00:00
1297,INPROC_55B26C,1,10,team2,Team 2 (E/W),13,107,7,♣,finished,2026-05-18T16:33:38.494735+00:00
1298,INPROC_B4BED6,1,10,team1,Team 1 (N/S),80,40,30,♠,finished,2026-05-18T16:33:38.511786+00:00
1299,INPROC_7FE34D,1,10,draw,draw,60,60,9,♣,finished,2026-05-18T16:33:38.526843+00:00
1300,INPROC_BE63FD,1,10,team1,Team 1 (N/S),89,31,29,♥,finished,2026-05-18T16:33:38.544146+00:00
1301,INPROC_13AA03,1,10,team1,Team 1 (N/S),76,44,10,♦,finished,2026-05-18T16:33:38.559582+00:00
1302,INPROC_EB48C4,1,10,team1,Team 1 (N/S),70,50,38,♠,finished,2026-05-18T16:33:38.576881+00:00
1303,INPROC_35729E,1,10,team1,Team 1 (N/S),92,28,26,♥,finished,2026-05-18T16:33:38.595364+00:00
1304,INPROC_1A6392,1,10,team2,Team 2 (E/W),55,65,36,♠,finished,2026-05-18T16:33:38.613826+00:00
1305,INPROC_5A272B,1,10,team1,Team 1 (N/S),66,54,24,♥,finished,2026-05-18T16:33:38.627868+00:00
1306,INPROC_DFE1EC,1,10,team1,Team 1 (N/S),70,50,38,♠,finished,2026-05-18T16:33:38.641624+00:00
1307,INPROC_B60965,1,10,team1,Team 1 (N/S),70,50,3,♣,finished,2026-05-18T16:33:38.652298+00:00
1308,INPROC_3ABF19,1,10,team1,Team 1 (N/S),69,51,30,♠,finished,2026-05-18T16:33:38.663687+00:00
1309,INPROC_D30844,1,10,team1,Team 1 (N/S),115,5,11,♦,finished,2026-05-18T16:33:38.678442+00:00
1310,INPROC_56457F,1,10,team2,Team 2 (E/W),59,61,26,♥,finished,2026-05-18T16:33:38.692258+00:00
1311,INPROC_98A034,1,10,team1,Team 1 (N/S),76,44,35,♠,finished,2026-05-18T16:33:38.705763+00:00
1312,INPROC_DB713E,1,10,team2,Team 2 (E/W),47,73,7,♣,finished,2026-05-18T16:33:38.719692+00:00
1313,INPROC_C53ED5,1,10,team2,Team 2 (E/W),11,109,34,♠,finished,2026-05-18T16:33:38.735186+00:00
1314,INPROC_0F5977,1,10,team2,Team 2 (E/W),47,73,24,♥,finished,2026-05-18T16:33:38.750456+00:00
1315,INPROC_0F4B8D,1,10,team1,Team 1 (N/S),64,56,28,♥,finished,2026-05-18T16:33:38.766259+00:00
1316,INPROC_C76F13,1,10,team1,Team 1 (N/S),98,22,14,♦,finished,2026-05-18T16:33:38.781645+00:00
1317,INPROC_4B0B30,1,10,team2,Team 2 (E/W),41,79,23,♥,finished,2026-05-18T16:33:38.796568+00:00
1318,INPROC_CF0751,1,10,team1,Team 1 (N/S),72,48,20,♥,finished,2026-05-18T16:33:38.809998+00:00
1319,INPROC_2E5760,1,10,team2,Team 2 (E/W),40,80,11,♦,finished,2026-05-18T16:33:38.823777+00:00
1320,INPROC_9DCC0E,1,10,team1,Team 1 (N/S),79,41,0,♣,finished,2026-05-18T16:33:38.837547+00:00
1321,INPROC_A7FBAF,1,10,draw,draw,60,60,7,♣,finished,2026-05-18T16:33:38.851720+00:00
1322,INPROC_7A2ABA,1,10,team2,Team 2 (E/W),38,82,13,♦,finished,2026-05-18T16:33:38.866300+00:00
1323,INPROC_3E2DB6,1,10,team1,Team 1 (N/S),81,39,5,♣,finished,2026-05-18T16:33:38.880381+00:00
1324,INPROC_148B38,1,10,team1,Team 1 (N/S),90,30,0,♣,finished,2026-05-18T16:33:38.896365+00:00
1325,INPROC_B63457,1,10,team1,Team 1 (N/S),99,21,25,♥,finished,2026-05-18T16:33:38.913968+00:00
1326,INPROC_ADF744,1,10,team1,Team 1 (N/S),67,53,3,♣,finished,2026-05-18T16:33:38.928601+00:00
1327,INPROC_92C579,1,10,team1,Team 1 (N/S),96,24,34,♠,finished,2026-05-18T16:33:38.945100+00:00
1328,INPROC_9BD166,1,10,team1,Team 1 (N/S),68,52,25,♥,finished,2026-05-18T16:33:38.962100+00:00
1329,INPROC_B1BAF9,1,10,team1,Team 1 (N/S),80,40,22,♥,finished,2026-05-18T16:33:38.977803+00:00
1330,INPROC_5583A5,1,10,team1,Team 1 (N/S),69,51,23,♥,finished,2026-05-18T16:33:38.994999+00:00
1331,INPROC_512732,1,10,team1,Team 1 (N/S),83,37,16,♦,finished,2026-05-18T16:33:39.008538+00:00
1332,INPROC_792946,1,10,team1,Team 1 (N/S),114,6,1,♣,finished,2026-05-18T16:33:39.024595+00:00
1333,INPROC_9DE1D2,1,10,team2,Team 2 (E/W),16,104,23,♥,finished,2026-05-18T16:33:39.040643+00:00
1334,INPROC_4D533D,1,10,team1,Team 1 (N/S),83,37,5,♣,finished,2026-05-18T16:33:39.058748+00:00
1335,INPROC_1F41DB,1,10,team2,Team 2 (E/W),45,75,20,♥,finished,2026-05-18T16:33:39.073429+00:00
1336,INPROC_D89ED4,1,10,team2,Team 2 (E/W),48,72,36,♠,finished,2026-05-18T16:33:39.088682+00:00
1337,INPROC_0CE10F,1,10,team1,Team 1 (N/S),77,43,24,♥,finished,2026-05-18T16:33:39.104740+00:00
1338,INPROC_4ED9CF,1,10,team1,Team 1 (N/S),68,52,14,♦,finished,2026-05-18T16:33:39.120900+00:00
1339,INPROC_D0FA65,1,10,team2,Team 2 (E/W),50,70,22,♥,finished,2026-05-18T16:33:39.136454+00:00
1340,INPROC_F3385D,1,10,team1,Team 1 (N/S),76,44,37,♠,finished,2026-05-18T16:33:39.152733+00:00
1341,INPROC_4D5A1C,1,10,team2,Team 2 (E/W),37,83,39,♠,finished,2026-05-18T16:33:39.164204+00:00
1342,INPROC_2CEA77,1,10,team2,Team 2 (E/W),41,79,28,♥,finished,2026-05-18T16:33:39.175538+00:00
1343,INPROC_B37F83,1,10,team1,Team 1 (N/S),67,53,4,♣,finished,2026-05-18T16:33:39.188005+00:00
1344,INPROC_303CC3,1,10,team1,Team 1 (N/S),65,55,6,♣,finished,2026-05-18T16:33:39.203777+00:00
1345,INPROC_20A2EA,1,10,team1,Team 1 (N/S),63,57,26,♥,finished,2026-05-18T16:33:39.220374+00:00
1346,INPROC_973C53,1,10,team2,Team 2 (E/W),53,67,0,♣,finished,2026-05-18T16:33:39.234302+00:00
1347,INPROC_1F3BD1,1,10,team1,Team 1 (N/S),110,10,11,♦,finished,2026-05-18T16:33:39.248340+00:00
1348,INPROC_D0D385,1,10,team1,Team 1 (N/S),96,24,21,♥,finished,2026-05-18T16:33:39.259597+00:00
1349,INPROC_E48B51,1,10,team2,Team 2 (E/W),34,86,13,♦,finished,2026-05-18T16:33:39.273552+00:00
1350,INPROC_544338,1,10,team1,Team 1 (N/S),90,30,9,♣,finished,2026-05-18T16:33:39.286919+00:00
1351,INPROC_2FCE75,1,10,team1,Team 1 (N/S),98,22,32,♠,finished,2026-05-18T16:33:39.300499+00:00
1352,INPROC_B2AE00,1,10,team2,Team 2 (E/W),53,67,30,♠,finished,2026-05-18T16:33:39.314508+00:00
1353,INPROC_73649B,1,10,team1,Team 1 (N/S),95,25,28,♥,finished,2026-05-18T16:33:39.329929+00:00
1354,INPROC_18BDC4,1,10,team1,Team 1 (N/S),73,47,15,♦,finished,2026-05-18T16:33:39.345110+00:00
1355,INPROC_C6F24B,1,10,team1,Team 1 (N/S),62,58,36,♠,finished,2026-05-18T16:33:39.360204+00:00
1356,INPROC_83347F,1,10,team1,Team 1 (N/S),99,21,24,♥,finished,2026-05-18T16:33:39.376520+00:00
1357,INPROC_7C4C8F,1,10,team2,Team 2 (E/W),55,65,31,♠,finished,2026-05-18T16:33:39.391792+00:00
1358,INPROC_A6B84D,1,10,team1,Team 1 (N/S),102,18,6,♣,finished,2026-05-18T16:33:39.408328+00:00
1359,INPROC_5910A0,1,10,team1,Team 1 (N/S),103,17,25,♥,finished,2026-05-18T16:33:39.425095+00:00
1360,INPROC_FED420,1,10,team1,Team 1 (N/S),92,28,13,♦,finished,2026-05-18T16:33:39.442114+00:00
1361,INPROC_C72A01,1,10,team1,Team 1 (N/S),81,39,15,♦,finished,2026-05-18T16:33:39.459749+00:00
1362,INPROC_07B49F,1,10,team1,Team 1 (N/S),91,29,34,♠,finished,2026-05-18T16:33:39.475519+00:00
1363,INPROC_C8BA1F,1,10,team2,Team 2 (E/W),17,103,35,♠,finished,2026-05-18T16:33:39.492105+00:00
1364,INPROC_3E5D39,1,10,team2,Team 2 (E/W),57,63,39,♠,finished,2026-05-18T16:33:39.509747+00:00
1365,INPROC_2FBA47,1,10,team1,Team 1 (N/S),68,52,19,♦,finished,2026-05-18T16:33:39.527013+00:00
1366,INPROC_737C0E,1,10,team1,Team 1 (N/S),97,23,13,♦,finished,2026-05-18T16:33:39.546924+00:00
1367,INPROC_FBA992,1,10,team1,Team 1 (N/S),81,39,13,♦,finished,2026-05-18T16:33:39.563475+00:00
1368,INPROC_8A4625,1,10,team1,Team 1 (N/S),63,57,22,♥,finished,2026-05-18T16:33:39.575369+00:00
1369,INPROC_0A528E,1,10,team1,Team 1 (N/S),72,48,31,♠,finished,2026-05-18T16:33:39.589621+00:00
1370,INPROC_0F4917,1,10,team2,Team 2 (E/W),35,85,15,♦,finished,2026-05-18T16:33:39.605250+00:00
1371,INPROC_CA0275,1,10,team2,Team 2 (E/W),54,66,28,♥,finished,2026-05-18T16:33:39.619008+00:00
1372,INPROC_3AEA42,1,10,team1,Team 1 (N/S),79,41,34,♠,finished,2026-05-18T16:33:39.636115+00:00
1373,INPROC_AB9146,1,10,team1,Team 1 (N/S),78,42,25,♥,finished,2026-05-18T16:33:39.651051+00:00
1374,INPROC_901F8B,1,10,team2,Team 2 (E/W),57,63,39,♠,finished,2026-05-18T16:33:39.666428+00:00
1375,INPROC_CED812,1,10,team2,Team 2 (E/W),50,70,0,♣,finished,2026-05-18T16:33:39.684338+00:00
1376,INPROC_0F34E5,1,10,team1,Team 1 (N/S),73,47,10,♦,finished,2026-05-18T16:33:39.701085+00:00
1377,INPROC_8C8AF2,1,10,team1,Team 1 (N/S),96,24,17,♦,finished,2026-05-18T16:33:39.716294+00:00
1378,INPROC_2B2B10,1,10,team2,Team 2 (E/W),46,74,21,♥,finished,2026-05-18T16:33:39.731063+00:00
1379,INPROC_B81A6D,1,10,team2,Team 2 (E/W),20,100,28,♥,finished,2026-05-18T16:33:39.747480+00:00
1380,INPROC_254111,1,10,team1,Team 1 (N/S),68,52,6,♣,finished,2026-05-18T16:33:39.755973+00:00
1381,INPROC_9E5DA6,1,10,team1,Team 1 (N/S),74,46,25,♥,finished,2026-05-18T16:33:39.769137+00:00
1382,INPROC_4006EB,1,10,team2,Team 2 (E/W),58,62,6,♣,finished,2026-05-18T16:33:39.783275+00:00
1383,INPROC_58EB89,1,10,team2,Team 2 (E/W),39,81,8,♣,finished,2026-05-18T16:33:39.797955+00:00
1384,INPROC_EAAE19,1,10,team2,Team 2 (E/W),33,87,12,♦,finished,2026-05-18T16:33:39.812245+00:00
1385,INPROC_5D748E,1,10,team2,Team 2 (E/W),47,73,26,♥,finished,2026-05-18T16:33:39.828322+00:00
1386,INPROC_4266A8,1,10,team2,Team 2 (E/W),51,69,14,♦,finished,2026-05-18T16:33:39.849483+00:00
1387,INPROC_A14AA0,1,10,team1,Team 1 (N/S),100,20,6,♣,finished,2026-05-18T16:33:39.868398+00:00
1388,INPROC_8CE9B9,1,10,team1,Team 1 (N/S),75,45,28,♥,finished,2026-05-18T16:33:39.880963+00:00
1389,INPROC_823685,1,10,team1,Team 1 (N/S),71,49,18,♦,finished,2026-05-18T16:33:39.892968+00:00
1390,INPROC_41FD87,1,10,team1,Team 1 (N/S),97,23,35,♠,finished,2026-05-18T16:33:39.901612+00:00
1391,INPROC_1D2B35,1,10,team1,Team 1 (N/S),64,56,34,♠,finished,2026-05-18T16:33:39.912145+00:00
1392,INPROC_017B27,1,10,team1,Team 1 (N/S),90,30,22,♥,finished,2026-05-18T16:33:39.926952+00:00
1393,INPROC_2DE548,1,10,team1,Team 1 (N/S),68,52,17,♦,finished,2026-05-18T16:33:39.941660+00:00
1394,INPROC_641BD2,1,10,team1,Team 1 (N/S),76,44,38,♠,finished,2026-05-18T16:33:39.956342+00:00
1395,INPROC_9CD868,1,10,team1,Team 1 (N/S),80,40,7,♣,finished,2026-05-18T16:33:39.971631+00:00
1396,INPROC_922696,1,10,team2,Team 2 (E/W),18,102,30,♠,finished,2026-05-18T16:33:39.988276+00:00
1397,INPROC_3C154A,1,10,team1,Team 1 (N/S),63,57,29,♥,finished,2026-05-18T16:33:40.004126+00:00
1398,INPROC_6E8B99,1,10,team1,Team 1 (N/S),93,27,37,♠,finished,2026-05-18T16:33:40.019005+00:00
1399,INPROC_4D4B2A,1,10,team2,Team 2 (E/W),43,77,33,♠,finished,2026-05-18T16:33:40.034184+00:00
1400,INPROC_377137,1,10,team1,Team 1 (N/S),63,57,37,♠,finished,2026-05-18T16:33:40.043814+00:00
1401,INPROC_84293A,1,10,team2,Team 2 (E/W),47,73,35,♠,finished,2026-05-18T16:33:40.060465+00:00
1402,INPROC_EFC059,1,10,team1,Team 1 (N/S),93,27,8,♣,finished,2026-05-18T16:33:40.075436+00:00
1403,INPROC_43A1A9,1,10,team1,Team 1 (N/S),90,30,11,♦,finished,2026-05-18T16:33:40.088196+00:00
1404,INPROC_8E55A4,1,10,team1,Team 1 (N/S),65,55,20,♥,finished,2026-05-18T16:33:40.103646+00:00
1405,INPROC_F11F2F,1,10,team1,Team 1 (N/S),104,16,4,♣,finished,2026-05-18T16:33:40.124469+00:00
1406,INPROC_AB32F0,1,10,team2,Team 2 (E/W),57,63,1,♣,finished,2026-05-18T16:33:40.142920+00:00
1407,INPROC_972F83,1,10,team2,Team 2 (E/W),46,74,17,♦,finished,2026-05-18T16:33:40.157323+00:00
1408,INPROC_61B30D,1,10,team1,Team 1 (N/S),96,24,12,♦,finished,2026-05-18T16:33:40.168812+00:00
1409,INPROC_5AFC5B,1,10,team2,Team 2 (E/W),19,101,6,♣,finished,2026-05-18T16:33:40.183839+00:00
1410,INPROC_2A9BF7,1,10,team2,Team 2 (E/W),37,83,39,♠,finished,2026-05-18T16:33:40.197558+00:00
1411,INPROC_A477C3,1,10,team1,Team 1 (N/S),76,44,25,♥,finished,2026-05-18T16:33:40.214048+00:00
1412,INPROC_50C391,1,10,team1,Team 1 (N/S),62,58,39,♠,finished,2026-05-18T16:33:40.230141+00:00
1413,INPROC_4E0908,1,10,team1,Team 1 (N/S),91,29,26,♥,finished,2026-05-18T16:33:40.247836+00:00
1414,INPROC_996183,1,10,team1,Team 1 (N/S),89,31,4,♣,finished,2026-05-18T16:33:40.263413+00:00
1415,INPROC_F397F1,1,10,team2,Team 2 (E/W),48,72,15,♦,finished,2026-05-18T16:33:40.279230+00:00
1416,INPROC_477FD7,1,10,team1,Team 1 (N/S),87,33,32,♠,finished,2026-05-18T16:33:40.289090+00:00
1417,INPROC_59647D,1,10,team1,Team 1 (N/S),109,11,37,♠,finished,2026-05-18T16:33:40.298992+00:00
1418,INPROC_21398C,1,10,team1,Team 1 (N/S),101,19,14,♦,finished,2026-05-18T16:33:40.309197+00:00
1419,INPROC_3E7B34,1,10,team2,Team 2 (E/W),53,67,11,♦,finished,2026-05-18T16:33:40.324254+00:00
1420,INPROC_823F37,1,10,team1,Team 1 (N/S),108,12,0,♣,finished,2026-05-18T16:33:40.335534+00:00
1421,INPROC_A65FBD,1,10,team1,Team 1 (N/S),72,48,34,♠,finished,2026-05-18T16:33:40.347279+00:00
1422,INPROC_D109DB,1,10,team2,Team 2 (E/W),58,62,3,♣,finished,2026-05-18T16:33:40.360647+00:00
1423,INPROC_1F06B5,1,10,team2,Team 2 (E/W),56,64,0,♣,finished,2026-05-18T16:33:40.374487+00:00
1424,INPROC_B9D523,1,10,team1,Team 1 (N/S),78,42,1,♣,finished,2026-05-18T16:33:40.391376+00:00
1425,INPROC_9ECB29,1,10,team1,Team 1 (N/S),61,59,27,♥,finished,2026-05-18T16:33:40.406152+00:00
1426,INPROC_A7D28C,1,10,team2,Team 2 (E/W),29,91,7,♣,finished,2026-05-18T16:33:40.421619+00:00
1427,INPROC_6E630A,1,10,team1,Team 1 (N/S),67,53,22,♥,finished,2026-05-18T16:33:40.438003+00:00
1428,INPROC_86BFC3,1,10,team1,Team 1 (N/S),95,25,16,♦,finished,2026-05-18T16:33:40.456657+00:00
1429,INPROC_4844EB,1,10,team1,Team 1 (N/S),61,59,3,♣,finished,2026-05-18T16:33:40.470020+00:00
1430,INPROC_36BA49,1,10,team2,Team 2 (E/W),43,77,0,♣,finished,2026-05-18T16:33:40.485757+00:00
1431,INPROC_369442,1,10,team1,Team 1 (N/S),99,21,16,♦,finished,2026-05-18T16:33:40.498277+00:00
1432,INPROC_872B7C,1,10,team1,Team 1 (N/S),71,49,11,♦,finished,2026-05-18T16:33:40.515933+00:00
1433,INPROC_97439C,1,10,team1,Team 1 (N/S),90,30,4,♣,finished,2026-05-18T16:33:40.533995+00:00
1434,INPROC_7775D2,1,10,team1,Team 1 (N/S),75,45,26,♥,finished,2026-05-18T16:33:40.551160+00:00
1435,INPROC_913CFB,1,10,team1,Team 1 (N/S),91,29,12,♦,finished,2026-05-18T16:33:40.568810+00:00
1436,INPROC_4D9672,1,10,team1,Team 1 (N/S),61,59,9,♣,finished,2026-05-18T16:33:40.585521+00:00
1437,INPROC_9711C2,1,10,team2,Team 2 (E/W),39,81,25,♥,finished,2026-05-18T16:33:40.599275+00:00
1438,INPROC_5F1A64,1,10,team1,Team 1 (N/S),77,43,16,♦,finished,2026-05-18T16:33:40.613146+00:00
1439,INPROC_91C52C,1,10,team2,Team 2 (E/W),43,77,15,♦,finished,2026-05-18T16:33:40.626928+00:00
1440,INPROC_DE3EB0,1,10,team1,Team 1 (N/S),104,16,3,♣,finished,2026-05-18T16:33:40.639498+00:00
1441,INPROC_5A7042,1,10,team1,Team 1 (N/S),80,40,3,♣,finished,2026-05-18T16:33:40.650898+00:00
1442,INPROC_73A2B1,1,10,team1,Team 1 (N/S),64,56,31,♠,finished,2026-05-18T16:33:40.665308+00:00
1443,INPROC_38BB95,1,10,team1,Team 1 (N/S),64,56,29,♥,finished,2026-05-18T16:33:40.680444+00:00
1444,INPROC_03FCA5,1,10,team2,Team 2 (E/W),57,63,5,♣,finished,2026-05-18T16:33:40.696901+00:00
1445,INPROC_18F6F7,1,10,team1,Team 1 (N/S),100,20,30,♠,finished,2026-05-18T16:33:40.711067+00:00
1446,INPROC_30B20A,1,10,team1,Team 1 (N/S),91,29,24,♥,finished,2026-05-18T16:33:40.725606+00:00
1447,INPROC_61AC54,1,10,team1,Team 1 (N/S),87,33,35,♠,finished,2026-05-18T16:33:40.740629+00:00
1448,INPROC_ADEB77,1,10,team1,Team 1 (N/S),72,48,21,♥,finished,2026-05-18T16:33:40.753928+00:00
1449,INPROC_DBEAD8,1,10,team1,Team 1 (N/S),77,43,36,♠,finished,2026-05-18T16:33:40.765981+00:00
1450,INPROC_BDBCD9,1,10,team1,Team 1 (N/S),77,43,25,♥,finished,2026-05-18T16:33:40.779724+00:00
1451,INPROC_80C14A,1,10,team2,Team 2 (E/W),30,90,7,♣,finished,2026-05-18T16:33:40.794439+00:00
1452,INPROC_ACDC8D,1,10,team1,Team 1 (N/S),92,28,32,♠,finished,2026-05-18T16:33:40.809800+00:00
1453,INPROC_24A2DA,1,10,team1,Team 1 (N/S),75,45,27,♥,finished,2026-05-18T16:33:40.823980+00:00
1454,INPROC_E40F8E,1,10,team2,Team 2 (E/W),41,79,15,♦,finished,2026-05-18T16:33:40.841808+00:00
1455,INPROC_4D9417,1,10,team1,Team 1 (N/S),76,44,3,♣,finished,2026-05-18T16:33:40.858673+00:00
1456,INPROC_B868B1,1,10,team2,Team 2 (E/W),58,62,37,♠,finished,2026-05-18T16:33:40.878616+00:00
1457,INPROC_DC1994,1,10,team1,Team 1 (N/S),93,27,39,♠,finished,2026-05-18T16:33:40.894959+00:00
1458,INPROC_B40F19,1,10,team1,Team 1 (N/S),62,58,11,♦,finished,2026-05-18T16:33:40.910711+00:00
1459,INPROC_E22B0A,1,10,team1,Team 1 (N/S),81,39,11,♦,finished,2026-05-18T16:33:40.926753+00:00
1460,INPROC_DAB0A0,1,10,team1,Team 1 (N/S),71,49,5,♣,finished,2026-05-18T16:33:40.943107+00:00
1461,INPROC_E92D01,1,10,team1,Team 1 (N/S),75,45,37,♠,finished,2026-05-18T16:33:40.956990+00:00
1462,INPROC_7AF8B8,1,10,team1,Team 1 (N/S),117,3,24,♥,finished,2026-05-18T16:33:40.973161+00:00
1463,INPROC_4A0330,1,10,team1,Team 1 (N/S),73,47,32,♠,finished,2026-05-18T16:33:40.988053+00:00
1464,INPROC_853E7B,1,10,team2,Team 2 (E/W),54,66,35,♠,finished,2026-05-18T16:33:41.003998+00:00
1465,INPROC_DDDD36,1,10,team2,Team 2 (E/W),43,77,16,♦,finished,2026-05-18T16:33:41.024531+00:00
1466,INPROC_F1AA5F,1,10,team2,Team 2 (E/W),38,82,18,♦,finished,2026-05-18T16:33:41.040290+00:00
1467,INPROC_734179,1,10,team2,Team 2 (E/W),37,83,13,♦,finished,2026-05-18T16:33:41.056148+00:00
1468,INPROC_0BB476,1,10,team1,Team 1 (N/S),71,49,6,♣,finished,2026-05-18T16:33:41.072306+00:00
1469,INPROC_FF7F2C,1,10,team1,Team 1 (N/S),64,56,3,♣,finished,2026-05-18T16:33:41.086899+00:00
1470,INPROC_7510F3,1,10,team2,Team 2 (E/W),26,94,21,♥,finished,2026-05-18T16:33:41.100764+00:00
1471,INPROC_14721C,1,10,team1,Team 1 (N/S),120,0,23,♥,finished,2026-05-18T16:33:41.114692+00:00
1472,INPROC_7F2112,1,10,team2,Team 2 (E/W),38,82,25,♥,finished,2026-05-18T16:33:41.129159+00:00
1473,INPROC_F4020E,1,10,team1,Team 1 (N/S),73,47,15,♦,finished,2026-05-18T16:33:41.143678+00:00
1474,INPROC_0FFB14,1,10,team1,Team 1 (N/S),95,25,15,♦,finished,2026-05-18T16:33:41.158965+00:00
1475,INPROC_05C99D,1,10,team1,Team 1 (N/S),91,29,37,♠,finished,2026-05-18T16:33:41.171783+00:00
1476,INPROC_F8F22B,1,10,team2,Team 2 (E/W),45,75,38,♠,finished,2026-05-18T16:33:41.184560+00:00
1477,INPROC_00EE08,1,10,team2,Team 2 (E/W),35,85,23,♥,finished,2026-05-18T16:33:41.197944+00:00
1478,INPROC_B6BCBB,1,10,team1,Team 1 (N/S),71,49,13,♦,finished,2026-05-18T16:33:41.212391+00:00
1479,INPROC_1E5CD3,1,10,team1,Team 1 (N/S),69,51,3,♣,finished,2026-05-18T16:33:41.227319+00:00
1480,INPROC_26E0D1,1,10,team1,Team 1 (N/S),73,47,19,♦,finished,2026-05-18T16:33:41.242310+00:00
1481,INPROC_016231,1,10,draw,draw,60,60,3,♣,finished,2026-05-18T16:33:41.254457+00:00
1482,INPROC_D40262,1,10,team1,Team 1 (N/S),88,32,26,♥,finished,2026-05-18T16:33:41.266614+00:00
1483,INPROC_8D77FD,1,10,team2,Team 2 (E/W),44,76,29,♥,finished,2026-05-18T16:33:41.279379+00:00
1484,INPROC_5E6C0F,1,10,team1,Team 1 (N/S),104,16,31,♠,finished,2026-05-18T16:33:41.293648+00:00
1485,INPROC_D763FF,1,10,team2,Team 2 (E/W),34,86,25,♥,finished,2026-05-18T16:33:41.308180+00:00
1486,INPROC_4906DD,1,10,team1,Team 1 (N/S),95,25,1,♣,finished,2026-05-18T16:33:41.322698+00:00
1487,INPROC_FD49C4,1,10,team2,Team 2 (E/W),28,92,1,♣,finished,2026-05-18T16:33:41.338767+00:00
1488,INPROC_954754,1,10,team1,Team 1 (N/S),69,51,34,♠,finished,2026-05-18T16:33:41.355469+00:00
1489,INPROC_C4E724,1,10,team2,Team 2 (E/W),56,64,39,♠,finished,2026-05-18T16:33:41.371287+00:00
1490,INPROC_5AE04E,1,10,team2,Team 2 (E/W),29,91,19,♦,finished,2026-05-18T16:33:41.386422+00:00
1491,INPROC_967D8D,1,10,team1,Team 1 (N/S),69,51,1,♣,finished,2026-05-18T16:33:41.400551+00:00
1492,INPROC_46D28F,1,10,team2,Team 2 (E/W),34,86,36,♠,finished,2026-05-18T16:33:41.415921+00:00
1493,INPROC_1ACD83,1,10,team1,Team 1 (N/S),100,20,36,♠,finished,2026-05-18T16:33:41.434741+00:00
1494,INPROC_AC97CE,1,10,team2,Team 2 (E/W),42,78,12,♦,finished,2026-05-18T16:33:41.453658+00:00
1495,INPROC_6E26A7,1,10,team1,Team 1 (N/S),88,32,33,♠,finished,2026-05-18T16:33:41.471549+00:00
1496,INPROC_9BEFB5,1,10,team1,Team 1 (N/S),102,18,17,♦,finished,2026-05-18T16:33:41.487627+00:00
1497,INPROC_1CAA24,1,10,team1,Team 1 (N/S),94,26,22,♥,finished,2026-05-18T16:33:41.503392+00:00
1498,INPROC_8089E0,1,10,team1,Team 1 (N/S),81,39,23,♥,finished,2026-05-18T16:33:41.519705+00:00
1499,INPROC_68EB01,1,10,team2,Team 2 (E/W),58,62,27,♥,finished,2026-05-18T16:33:41.536952+00:00
1500,INPROC_4F6086,1,10,team1,Team 1 (N/S),104,16,12,♦,finished,2026-05-18T16:33:41.557212+00:00
1501,INPROC_66AA62,1,10,team1,Team 1 (N/S),68,52,24,♥,finished,2026-05-18T16:33:41.571131+00:00
1502,INPROC_BA3F42,1,10,team2,Team 2 (E/W),47,73,13,♦,finished,2026-05-18T16:33:41.582982+00:00
1503,INPROC_9DA006,1,10,team1,Team 1 (N/S),93,27,26,♥,finished,2026-05-18T16:33:41.598639+00:00
1504,INPROC_AF271D,1,10,team1,Team 1 (N/S),82,38,34,♠,finished,2026-05-18T16:33:41.614625+00:00
1505,INPROC_EAF688,1,10,team1,Team 1 (N/S),109,11,7,♣,finished,2026-05-18T16:33:41.625292+00:00
1506,INPROC_BE6631,1,10,team1,Team 1 (N/S),106,14,26,♥,finished,2026-05-18T16:33:41.641309+00:00
1507,INPROC_AABEE7,1,10,team1,Team 1 (N/S),85,35,32,♠,finished,2026-05-18T16:33:41.657924+00:00
1508,INPROC_D4F1C8,1,10,team1,Team 1 (N/S),73,47,18,♦,finished,2026-05-18T16:33:41.671329+00:00
1509,INPROC_0FD9C5,1,10,team2,Team 2 (E/W),57,63,24,♥,finished,2026-05-18T16:33:41.689773+00:00
1510,INPROC_C4EEDB,1,10,team1,Team 1 (N/S),69,51,25,♥,finished,2026-05-18T16:33:41.700431+00:00
1511,INPROC_39F251,1,10,team1,Team 1 (N/S),77,43,18,♦,finished,2026-05-18T16:33:41.711353+00:00
1512,INPROC_4C2E81,1,10,team1,Team 1 (N/S),104,16,16,♦,finished,2026-05-18T16:33:41.722614+00:00
1513,INPROC_DD8D85,1,10,team1,Team 1 (N/S),98,22,25,♥,finished,2026-05-18T16:33:41.738372+00:00
1514,INPROC_3AD0BC,1,10,team2,Team 2 (E/W),57,63,0,♣,finished,2026-05-18T16:33:41.756156+00:00
1515,INPROC_313873,1,10,team1,Team 1 (N/S),72,48,4,♣,finished,2026-05-18T16:33:41.773960+00:00
1516,INPROC_94A675,1,10,team2,Team 2 (E/W),29,91,29,♥,finished,2026-05-18T16:33:41.790729+00:00
1517,INPROC_49D4DE,1,10,team1,Team 1 (N/S),80,40,16,♦,finished,2026-05-18T16:33:41.804102+00:00
1518,INPROC_1EA78C,1,10,team1,Team 1 (N/S),62,58,16,♦,finished,2026-05-18T16:33:41.817916+00:00
1519,INPROC_48E0AA,1,10,team2,Team 2 (E/W),51,69,23,♥,finished,2026-05-18T16:33:41.829088+00:00
1520,INPROC_4838C1,1,10,team2,Team 2 (E/W),36,84,3,♣,finished,2026-05-18T16:33:41.842762+00:00
1521,INPROC_B83B1B,1,10,draw,draw,60,60,21,♥,finished,2026-05-18T16:33:41.855259+00:00
1522,INPROC_8BD0E6,1,10,team2,Team 2 (E/W),57,63,3,♣,finished,2026-05-18T16:33:41.866513+00:00
1523,INPROC_62CE10,1,10,team2,Team 2 (E/W),56,64,10,♦,finished,2026-05-18T16:33:41.878729+00:00
1524,INPROC_6486A3,1,10,team1,Team 1 (N/S),65,55,12,♦,finished,2026-05-18T16:33:41.890127+00:00
1525,INPROC_55622C,1,10,draw,draw,60,60,31,♠,finished,2026-05-18T16:33:41.904237+00:00
1526,INPROC_5C9165,1,10,team1,Team 1 (N/S),67,53,31,♠,finished,2026-05-18T16:33:41.917791+00:00
1527,INPROC_3CEC28,1,10,team1,Team 1 (N/S),104,16,28,♥,finished,2026-05-18T16:33:41.927955+00:00
1528,INPROC_A50F2C,1,10,team1,Team 1 (N/S),90,30,32,♠,finished,2026-05-18T16:33:41.940198+00:00
1529,INPROC_FC9770,1,10,team1,Team 1 (N/S),106,14,37,♠,finished,2026-05-18T16:33:41.951902+00:00
1530,INPROC_AD179C,1,10,team1,Team 1 (N/S),67,53,27,♥,finished,2026-05-18T16:33:41.962849+00:00
1531,INPROC_92D75E,1,10,team1,Team 1 (N/S),90,30,26,♥,finished,2026-05-18T16:33:41.972309+00:00
1532,INPROC_0392D7,1,10,team1,Team 1 (N/S),91,29,10,♦,finished,2026-05-18T16:33:41.982816+00:00
1533,INPROC_9A8A6A,1,10,team2,Team 2 (E/W),53,67,19,♦,finished,2026-05-18T16:33:41.995926+00:00
1534,INPROC_BDE736,1,10,team2,Team 2 (E/W),55,65,34,♠,finished,2026-05-18T16:33:42.011394+00:00
1535,INPROC_B1ACF3,1,10,team2,Team 2 (E/W),40,80,2,♣,finished,2026-05-18T16:33:42.025194+00:00
1536,INPROC_B036C4,1,10,team2,Team 2 (E/W),51,69,24,♥,finished,2026-05-18T16:33:42.038494+00:00
1537,INPROC_B4C6B3,1,10,team1,Team 1 (N/S),85,35,37,♠,finished,2026-05-18T16:33:42.051264+00:00
1538,INPROC_DB0027,1,10,team1,Team 1 (N/S),66,54,29,♥,finished,2026-05-18T16:33:42.065032+00:00
1539,INPROC_91082F,1,10,team2,Team 2 (E/W),57,63,37,♠,finished,2026-05-18T16:33:42.074733+00:00
1540,INPROC_792DA8,1,10,team2,Team 2 (E/W),45,75,12,♦,finished,2026-05-18T16:33:42.087423+00:00
1541,INPROC_0CE23E,1,10,team1,Team 1 (N/S),66,54,15,♦,finished,2026-05-18T16:33:42.100131+00:00
1542,INPROC_2CEB4C,1,10,team1,Team 1 (N/S),103,17,6,♣,finished,2026-05-18T16:33:42.114543+00:00
1543,INPROC_20CD83,1,10,team2,Team 2 (E/W),58,62,25,♥,finished,2026-05-18T16:33:42.125432+00:00
1544,INPROC_35DA87,1,10,team1,Team 1 (N/S),88,32,6,♣,finished,2026-05-18T16:33:42.136928+00:00
1545,INPROC_7840D0,1,10,team2,Team 2 (E/W),47,73,19,♦,finished,2026-05-18T16:33:42.148100+00:00
1546,INPROC_C1FE02,1,10,team1,Team 1 (N/S),95,25,18,♦,finished,2026-05-18T16:33:42.160648+00:00
1547,INPROC_D597A4,1,10,team1,Team 1 (N/S),97,23,17,♦,finished,2026-05-18T16:33:42.171609+00:00
1548,INPROC_C102AA,1,10,team1,Team 1 (N/S),103,17,27,♥,finished,2026-05-18T16:33:42.184165+00:00
1549,INPROC_F7D5EF,1,10,team2,Team 2 (E/W),57,63,35,♠,finished,2026-05-18T16:33:42.196064+00:00
1550,INPROC_3F6F05,1,10,team1,Team 1 (N/S),69,51,18,♦,finished,2026-05-18T16:33:42.215791+00:00
1551,INPROC_93A3E6,1,10,team2,Team 2 (E/W),41,79,29,♥,finished,2026-05-18T16:33:42.232814+00:00
1552,INPROC_81B5FC,1,10,team1,Team 1 (N/S),76,44,9,♣,finished,2026-05-18T16:33:42.248467+00:00
1553,INPROC_9C9CF2,1,10,team2,Team 2 (E/W),37,83,39,♠,finished,2026-05-18T16:33:42.264161+00:00
1554,INPROC_FC8243,1,10,team1,Team 1 (N/S),87,33,1,♣,finished,2026-05-18T16:33:42.280156+00:00
1555,INPROC_29AE6C,1,10,team1,Team 1 (N/S),85,35,14,♦,finished,2026-05-18T16:33:42.290794+00:00
1556,INPROC_116FDE,1,10,team1,Team 1 (N/S),77,43,8,♣,finished,2026-05-18T16:33:42.304591+00:00
1557,INPROC_62A502,1,10,team1,Team 1 (N/S),86,34,28,♥,finished,2026-05-18T16:33:42.320954+00:00
1558,INPROC_88F63F,1,10,team2,Team 2 (E/W),35,85,11,♦,finished,2026-05-18T16:33:42.336146+00:00
1559,INPROC_89D5A3,1,10,team1,Team 1 (N/S),76,44,9,♣,finished,2026-05-18T16:33:42.351752+00:00
1560,INPROC_2C95C5,1,10,team1,Team 1 (N/S),106,14,1,♣,finished,2026-05-18T16:33:42.367606+00:00
1561,INPROC_44E05A,1,10,team1,Team 1 (N/S),98,22,35,♠,finished,2026-05-18T16:33:42.380181+00:00
1562,INPROC_CDE1C1,1,10,team1,Team 1 (N/S),69,51,13,♦,finished,2026-05-18T16:33:42.398322+00:00
1563,INPROC_85C507,1,10,team1,Team 1 (N/S),101,19,26,♥,finished,2026-05-18T16:33:42.412390+00:00
1564,INPROC_56B9D8,1,10,team1,Team 1 (N/S),61,59,25,♥,finished,2026-05-18T16:33:42.426551+00:00
1565,INPROC_3B5181,1,10,team1,Team 1 (N/S),74,46,12,♦,finished,2026-05-18T16:33:42.439599+00:00
1566,INPROC_B0B74B,1,10,team1,Team 1 (N/S),88,32,21,♥,finished,2026-05-18T16:33:42.450964+00:00
1567,INPROC_B11EB1,1,10,team1,Team 1 (N/S),77,43,36,♠,finished,2026-05-18T16:33:42.461734+00:00
1568,INPROC_76A7EC,1,10,team2,Team 2 (E/W),42,78,39,♠,finished,2026-05-18T16:33:42.473860+00:00
1569,INPROC_811812,1,10,team1,Team 1 (N/S),83,37,35,♠,finished,2026-05-18T16:33:42.489001+00:00
1570,INPROC_5D072E,1,10,team2,Team 2 (E/W),35,85,3,♣,finished,2026-05-18T16:33:42.502995+00:00
1571,INPROC_54D0E8,1,10,team2,Team 2 (E/W),38,82,22,♥,finished,2026-05-18T16:33:42.516418+00:00
1572,INPROC_57455D,1,10,team1,Team 1 (N/S),63,57,11,♦,finished,2026-05-18T16:33:42.530164+00:00
1573,INPROC_B033A2,1,10,team1,Team 1 (N/S),63,57,18,♦,finished,2026-05-18T16:33:42.545770+00:00
1574,INPROC_B003D0,1,10,team1,Team 1 (N/S),80,40,31,♠,finished,2026-05-18T16:33:42.560475+00:00
1575,INPROC_70E971,1,10,team1,Team 1 (N/S),100,20,10,♦,finished,2026-05-18T16:33:42.581638+00:00
1576,INPROC_76E016,1,10,team1,Team 1 (N/S),105,15,4,♣,finished,2026-05-18T16:33:42.600228+00:00
1577,INPROC_50C41B,1,10,team2,Team 2 (E/W),7,113,11,♦,finished,2026-05-18T16:33:42.615736+00:00
1578,INPROC_F31F4C,1,10,team1,Team 1 (N/S),93,27,12,♦,finished,2026-05-18T16:33:42.629068+00:00
1579,INPROC_C22DB3,1,10,team1,Team 1 (N/S),89,31,6,♣,finished,2026-05-18T16:33:42.643841+00:00
1580,INPROC_19A00F,1,10,team1,Team 1 (N/S),107,13,24,♥,finished,2026-05-18T16:33:42.658006+00:00
1581,INPROC_184D26,1,10,team2,Team 2 (E/W),32,88,37,♠,finished,2026-05-18T16:33:42.673943+00:00
1582,INPROC_C2DE42,1,10,team1,Team 1 (N/S),80,40,34,♠,finished,2026-05-18T16:33:42.690164+00:00
1583,INPROC_58A471,1,10,team1,Team 1 (N/S),67,53,34,♠,finished,2026-05-18T16:33:42.705305+00:00
1584,INPROC_E555AE,1,10,team2,Team 2 (E/W),37,83,29,♥,finished,2026-05-18T16:33:42.718477+00:00
1585,INPROC_D8B90B,1,10,team1,Team 1 (N/S),85,35,9,♣,finished,2026-05-18T16:33:42.730914+00:00
1586,INPROC_F48517,1,10,team1,Team 1 (N/S),110,10,10,♦,finished,2026-05-18T16:33:42.743679+00:00
1587,INPROC_02B9BA,1,10,team2,Team 2 (E/W),17,103,18,♦,finished,2026-05-18T16:33:42.754356+00:00
1588,INPROC_0D22BE,1,10,team1,Team 1 (N/S),61,59,9,♣,finished,2026-05-18T16:33:42.765488+00:00
1589,INPROC_9DD7AF,1,10,team2,Team 2 (E/W),48,72,35,♠,finished,2026-05-18T16:33:42.778010+00:00
1590,INPROC_EEB0BA,1,10,team2,Team 2 (E/W),51,69,34,♠,finished,2026-05-18T16:33:42.789838+00:00
1591,INPROC_325D01,1,10,team2,Team 2 (E/W),48,72,8,♣,finished,2026-05-18T16:33:42.800001+00:00
1592,INPROC_10E92A,1,10,team2,Team 2 (E/W),50,70,12,♦,finished,2026-05-18T16:33:42.809902+00:00
1593,INPROC_341C7C,1,10,team1,Team 1 (N/S),114,6,5,♣,finished,2026-05-18T16:33:42.821466+00:00
1594,INPROC_828616,1,10,team1,Team 1 (N/S),67,53,12,♦,finished,2026-05-18T16:33:42.834861+00:00
1595,INPROC_709FAD,1,10,team2,Team 2 (E/W),53,67,25,♥,finished,2026-05-18T16:33:42.848340+00:00
1596,INPROC_9D1D7A,1,10,team1,Team 1 (N/S),120,0,34,♠,finished,2026-05-18T16:33:42.862108+00:00
1597,INPROC_8F856C,1,10,team1,Team 1 (N/S),96,24,13,♦,finished,2026-05-18T16:33:42.885192+00:00
1598,INPROC_50CF77,1,10,team1,Team 1 (N/S),82,38,9,♣,finished,2026-05-18T16:33:42.900215+00:00
1599,INPROC_9DC664,1,10,team1,Team 1 (N/S),120,0,26,♥,finished,2026-05-18T16:33:42.914444+00:00
1600,INPROC_682E12,1,10,team2,Team 2 (E/W),23,97,8,♣,finished,2026-05-18T16:33:42.926346+00:00
1601,INPROC_D99B07,1,10,team1,Team 1 (N/S),64,56,38,♠,finished,2026-05-18T16:33:42.942443+00:00
1602,INPROC_51AA16,1,10,team1,Team 1 (N/S),74,46,8,♣,finished,2026-05-18T16:33:42.956023+00:00
1603,INPROC_197715,1,10,team1,Team 1 (N/S),98,22,0,♣,finished,2026-05-18T16:33:42.968783+00:00
1604,INPROC_B0D96B,1,10,team2,Team 2 (E/W),55,65,24,♥,finished,2026-05-18T16:33:42.982429+00:00
1605,INPROC_CAC6EC,1,10,team2,Team 2 (E/W),59,61,36,♠,finished,2026-05-18T16:33:42.993611+00:00
1606,INPROC_E527C7,1,10,team1,Team 1 (N/S),67,53,3,♣,finished,2026-05-18T16:33:43.003760+00:00
1607,INPROC_D4328B,1,10,team2,Team 2 (E/W),44,76,1,♣,finished,2026-05-18T16:33:43.023585+00:00
1608,INPROC_93953C,1,10,team1,Team 1 (N/S),84,36,8,♣,finished,2026-05-18T16:33:43.039548+00:00
1609,INPROC_476966,1,10,team1,Team 1 (N/S),77,43,13,♦,finished,2026-05-18T16:33:43.056932+00:00
1610,INPROC_550711,1,10,team1,Team 1 (N/S),80,40,8,♣,finished,2026-05-18T16:33:43.068895+00:00
1611,INPROC_C7402F,1,10,team1,Team 1 (N/S),62,58,36,♠,finished,2026-05-18T16:33:43.078974+00:00
1612,INPROC_D2883F,1,10,team1,Team 1 (N/S),76,44,21,♥,finished,2026-05-18T16:33:43.089163+00:00
1613,INPROC_593591,1,10,team1,Team 1 (N/S),100,20,14,♦,finished,2026-05-18T16:33:43.098151+00:00
1614,INPROC_315D80,1,10,team1,Team 1 (N/S),77,43,39,♠,finished,2026-05-18T16:33:43.109526+00:00
1615,INPROC_CFF142,1,10,team1,Team 1 (N/S),83,37,13,♦,finished,2026-05-18T16:33:43.118601+00:00
1616,INPROC_BABA90,1,10,team2,Team 2 (E/W),38,82,3,♣,finished,2026-05-18T16:33:43.128823+00:00
1617,INPROC_4BA17C,1,10,team1,Team 1 (N/S),76,44,34,♠,finished,2026-05-18T16:33:43.141259+00:00
1618,INPROC_A38B8C,1,10,team2,Team 2 (E/W),49,71,12,♦,finished,2026-05-18T16:33:43.152388+00:00
1619,INPROC_D20BA8,1,10,team2,Team 2 (E/W),41,79,39,♠,finished,2026-05-18T16:33:43.163471+00:00
1620,INPROC_9B727C,1,10,team2,Team 2 (E/W),25,95,8,♣,finished,2026-05-18T16:33:43.175737+00:00
1621,INPROC_9A4245,1,10,team1,Team 1 (N/S),79,41,25,♥,finished,2026-05-18T16:33:43.194744+00:00
1622,INPROC_8931F3,1,10,team1,Team 1 (N/S),87,33,38,♠,finished,2026-05-18T16:33:43.211092+00:00
1623,INPROC_ECE7E2,1,10,team2,Team 2 (E/W),24,96,35,♠,finished,2026-05-18T16:33:43.227957+00:00
1624,INPROC_79B7F9,1,10,team1,Team 1 (N/S),80,40,24,♥,finished,2026-05-18T16:33:43.243167+00:00
1625,INPROC_1CD58E,1,10,team2,Team 2 (E/W),58,62,25,♥,finished,2026-05-18T16:33:43.254959+00:00
1626,INPROC_EAB67F,1,10,team2,Team 2 (E/W),47,73,30,♠,finished,2026-05-18T16:33:43.267102+00:00
1627,INPROC_17CEFC,1,10,team1,Team 1 (N/S),95,25,23,♥,finished,2026-05-18T16:33:43.279668+00:00
1628,INPROC_841DA6,1,10,team1,Team 1 (N/S),111,9,4,♣,finished,2026-05-18T16:33:43.291622+00:00
1629,INPROC_C5FC61,1,10,team1,Team 1 (N/S),64,56,0,♣,finished,2026-05-18T16:33:43.303509+00:00
1630,INPROC_9D317E,1,10,team2,Team 2 (E/W),44,76,39,♠,finished,2026-05-18T16:33:43.316486+00:00
1631,INPROC_A83860,1,10,team2,Team 2 (E/W),39,81,12,♦,finished,2026-05-18T16:33:43.331593+00:00
1632,INPROC_5EDB19,1,10,team2,Team 2 (E/W),45,75,8,♣,finished,2026-05-18T16:33:43.346833+00:00
1633,INPROC_274A7D,1,10,team1,Team 1 (N/S),66,54,21,♥,finished,2026-05-18T16:33:43.361384+00:00
1634,INPROC_584CB4,1,10,team1,Team 1 (N/S),91,29,23,♥,finished,2026-05-18T16:33:43.374961+00:00
1635,INPROC_ECE4EF,1,10,team1,Team 1 (N/S),101,19,30,♠,finished,2026-05-18T16:33:43.392108+00:00
1636,INPROC_9DCC88,1,10,team1,Team 1 (N/S),78,42,39,♠,finished,2026-05-18T16:33:43.408965+00:00
1637,INPROC_994582,1,10,team2,Team 2 (E/W),30,90,16,♦,finished,2026-05-18T16:33:43.423965+00:00
1638,INPROC_8D9F31,1,10,team1,Team 1 (N/S),78,42,20,♥,finished,2026-05-18T16:33:43.436872+00:00
1639,INPROC_811DA1,1,10,team2,Team 2 (E/W),58,62,25,♥,finished,2026-05-18T16:33:43.450334+00:00
1640,INPROC_B82D42,1,10,team1,Team 1 (N/S),86,34,11,♦,finished,2026-05-18T16:33:43.466433+00:00
1641,INPROC_042315,1,10,team1,Team 1 (N/S),90,30,30,♠,finished,2026-05-18T16:33:43.481086+00:00
1642,INPROC_413DF5,1,10,team2,Team 2 (E/W),16,104,29,♥,finished,2026-05-18T16:33:43.494419+00:00
1643,INPROC_7A0194,1,10,team2,Team 2 (E/W),24,96,21,♥,finished,2026-05-18T16:33:43.508749+00:00
1644,INPROC_B7E522,1,10,team1,Team 1 (N/S),120,0,20,♥,finished,2026-05-18T16:33:43.524274+00:00
1645,INPROC_C1B78E,1,10,team2,Team 2 (E/W),45,75,27,♥,finished,2026-05-18T16:33:43.540650+00:00
1646,INPROC_B3806D,1,10,team2,Team 2 (E/W),52,68,37,♠,finished,2026-05-18T16:33:43.554708+00:00
1647,INPROC_EFCE85,1,10,team1,Team 1 (N/S),64,56,1,♣,finished,2026-05-18T16:33:43.571428+00:00
1648,INPROC_48D7B0,1,10,team1,Team 1 (N/S),63,57,35,♠,finished,2026-05-18T16:33:43.583546+00:00
1649,INPROC_348067,1,10,team1,Team 1 (N/S),101,19,11,♦,finished,2026-05-18T16:33:43.599615+00:00
1650,INPROC_1AEA48,1,10,team2,Team 2 (E/W),51,69,6,♣,finished,2026-05-18T16:33:43.613947+00:00
1651,INPROC_2F1CAF,1,10,team1,Team 1 (N/S),93,27,25,♥,finished,2026-05-18T16:33:43.624922+00:00
1652,INPROC_370355,1,10,team2,Team 2 (E/W),52,68,28,♥,finished,2026-05-18T16:33:43.634958+00:00
1653,INPROC_8F772D,1,10,team2,Team 2 (E/W),50,70,9,♣,finished,2026-05-18T16:33:43.644202+00:00
1654,INPROC_B4BDE9,1,10,team1,Team 1 (N/S),92,28,37,♠,finished,2026-05-18T16:33:43.656293+00:00
1655,INPROC_DCE0FF,1,10,team1,Team 1 (N/S),96,24,29,♥,finished,2026-05-18T16:33:43.665185+00:00
1656,INPROC_0D68B7,1,10,team2,Team 2 (E/W),21,99,11,♦,finished,2026-05-18T16:33:43.676198+00:00
1657,INPROC_DA284C,1,10,team1,Team 1 (N/S),92,28,26,♥,finished,2026-05-18T16:33:43.688343+00:00
1658,INPROC_3BA949,1,10,team1,Team 1 (N/S),89,31,28,♥,finished,2026-05-18T16:33:43.699105+00:00
1659,INPROC_6943DF,1,10,team2,Team 2 (E/W),59,61,10,♦,finished,2026-05-18T16:33:43.708948+00:00
1660,INPROC_1D4474,1,10,team1,Team 1 (N/S),67,53,1,♣,finished,2026-05-18T16:33:43.718314+00:00
1661,INPROC_698103,1,10,team2,Team 2 (E/W),59,61,25,♥,finished,2026-05-18T16:33:43.729759+00:00
1662,INPROC_356B21,1,10,team1,Team 1 (N/S),63,57,36,♠,finished,2026-05-18T16:33:43.740188+00:00
1663,INPROC_97F00F,1,10,team1,Team 1 (N/S),92,28,11,♦,finished,2026-05-18T16:33:43.751427+00:00
1664,INPROC_C5604C,1,10,team1,Team 1 (N/S),82,38,2,♣,finished,2026-05-18T16:33:43.761553+00:00
1665,INPROC_0FCE63,1,10,team2,Team 2 (E/W),42,78,39,♠,finished,2026-05-18T16:33:43.772578+00:00
1666,INPROC_5AAA84,1,10,team1,Team 1 (N/S),68,52,16,♦,finished,2026-05-18T16:33:43.788336+00:00
1667,INPROC_6AF46C,1,10,team1,Team 1 (N/S),62,58,13,♦,finished,2026-05-18T16:33:43.799071+00:00
1668,INPROC_5F576D,1,10,team2,Team 2 (E/W),57,63,4,♣,finished,2026-05-18T16:33:43.808914+00:00
1669,INPROC_3607C6,1,10,team1,Team 1 (N/S),72,48,20,♥,finished,2026-05-18T16:33:43.819962+00:00
1670,INPROC_057B43,1,10,team1,Team 1 (N/S),79,41,32,♠,finished,2026-05-18T16:33:43.830741+00:00
1671,INPROC_977A82,1,10,team1,Team 1 (N/S),81,39,28,♥,finished,2026-05-18T16:33:43.840301+00:00
1672,INPROC_166FAF,1,10,team1,Team 1 (N/S),63,57,23,♥,finished,2026-05-18T16:33:43.851211+00:00
1673,INPROC_7D5479,1,10,team1,Team 1 (N/S),85,35,27,♥,finished,2026-05-18T16:33:43.861197+00:00
1674,INPROC_E19878,1,10,team1,Team 1 (N/S),64,56,31,♠,finished,2026-05-18T16:33:43.871831+00:00
1675,INPROC_6D7264,1,10,team1,Team 1 (N/S),66,54,29,♥,finished,2026-05-18T16:33:43.883078+00:00
1676,INPROC_A2785F,1,10,team2,Team 2 (E/W),45,75,25,♥,finished,2026-05-18T16:33:43.893693+00:00
1677,INPROC_3F02E9,1,10,draw,draw,60,60,10,♦,finished,2026-05-18T16:33:43.906458+00:00
1678,INPROC_3E3C80,1,10,team2,Team 2 (E/W),45,75,7,♣,finished,2026-05-18T16:33:43.919203+00:00
1679,INPROC_810E59,1,10,team1,Team 1 (N/S),74,46,15,♦,finished,2026-05-18T16:33:43.932783+00:00
1680,INPROC_CF437E,1,10,team1,Team 1 (N/S),120,0,4,♣,finished,2026-05-18T16:33:43.946703+00:00
1681,INPROC_3134E0,1,10,draw,draw,60,60,9,♣,finished,2026-05-18T16:33:43.967312+00:00
1682,INPROC_F2FAC9,1,10,team2,Team 2 (E/W),25,95,12,♦,finished,2026-05-18T16:33:43.988534+00:00
1683,INPROC_9A161F,1,10,team1,Team 1 (N/S),107,13,16,♦,finished,2026-05-18T16:33:44.002773+00:00
1684,INPROC_4CB26A,1,10,team1,Team 1 (N/S),103,17,20,♥,finished,2026-05-18T16:33:44.018912+00:00
1685,INPROC_0ED12D,1,10,team1,Team 1 (N/S),84,36,9,♣,finished,2026-05-18T16:33:44.030303+00:00
1686,INPROC_1A0250,1,10,team2,Team 2 (E/W),54,66,31,♠,finished,2026-05-18T16:33:44.043454+00:00
1687,INPROC_E86802,1,10,team1,Team 1 (N/S),96,24,28,♥,finished,2026-05-18T16:33:44.055860+00:00
1688,INPROC_266CBC,1,10,team2,Team 2 (E/W),54,66,2,♣,finished,2026-05-18T16:33:44.066641+00:00
1689,INPROC_CC1F6F,1,10,team1,Team 1 (N/S),87,33,21,♥,finished,2026-05-18T16:33:44.078072+00:00
1690,INPROC_D30693,1,10,team1,Team 1 (N/S),87,33,11,♦,finished,2026-05-18T16:33:44.088873+00:00
1691,INPROC_113E20,1,10,team1,Team 1 (N/S),93,27,24,♥,finished,2026-05-18T16:33:44.098106+00:00
1692,INPROC_C4484B,1,10,team2,Team 2 (E/W),58,62,25,♥,finished,2026-05-18T16:33:44.109136+00:00
1693,INPROC_0AF09B,1,10,team2,Team 2 (E/W),52,68,23,♥,finished,2026-05-18T16:33:44.120401+00:00
1694,INPROC_661A33,1,10,team1,Team 1 (N/S),86,34,36,♠,finished,2026-05-18T16:33:44.130083+00:00
1695,INPROC_F69028,1,10,team2,Team 2 (E/W),29,91,1,♣,finished,2026-05-18T16:33:44.142169+00:00
1696,INPROC_7792C9,1,10,team2,Team 2 (E/W),29,91,18,♦,finished,2026-05-18T16:33:44.153718+00:00
1697,INPROC_C57FA6,1,10,team1,Team 1 (N/S),67,53,10,♦,finished,2026-05-18T16:33:44.163741+00:00
1698,INPROC_C9A9CF,1,10,team1,Team 1 (N/S),63,57,21,♥,finished,2026-05-18T16:33:44.174428+00:00
1699,INPROC_46F10B,1,10,team1,Team 1 (N/S),62,58,36,♠,finished,2026-05-18T16:33:44.184891+00:00
1700,INPROC_82A29B,1,10,team1,Team 1 (N/S),67,53,12,♦,finished,2026-05-18T16:33:44.195538+00:00
1701,INPROC_3EFA57,1,10,draw,draw,60,60,39,♠,finished,2026-05-18T16:33:44.207138+00:00
1702,INPROC_EE3DFC,1,10,team1,Team 1 (N/S),99,21,25,♥,finished,2026-05-18T16:33:44.219499+00:00
1703,INPROC_9B2B6B,1,10,team1,Team 1 (N/S),86,34,39,♠,finished,2026-05-18T16:33:44.232284+00:00
1704,INPROC_7D80E7,1,10,team1,Team 1 (N/S),93,27,3,♣,finished,2026-05-18T16:33:44.242425+00:00
1705,INPROC_7B1DD6,1,10,team2,Team 2 (E/W),42,78,24,♥,finished,2026-05-18T16:33:44.256841+00:00
1706,INPROC_341053,1,10,team1,Team 1 (N/S),68,52,5,♣,finished,2026-05-18T16:33:44.270463+00:00
1707,INPROC_A40C1A,1,10,team1,Team 1 (N/S),66,54,17,♦,finished,2026-05-18T16:33:44.285802+00:00
1708,INPROC_7D4969,1,10,team1,Team 1 (N/S),86,34,8,♣,finished,2026-05-18T16:33:44.299257+00:00
1709,INPROC_848051,1,10,team1,Team 1 (N/S),75,45,6,♣,finished,2026-05-18T16:33:44.315032+00:00
1710,INPROC_FDA4E7,1,10,team1,Team 1 (N/S),76,44,13,♦,finished,2026-05-18T16:33:44.331939+00:00
1711,INPROC_E671FD,1,10,team2,Team 2 (E/W),49,71,3,♣,finished,2026-05-18T16:33:44.346999+00:00
1712,INPROC_EE2E9C,1,10,team1,Team 1 (N/S),87,33,3,♣,finished,2026-05-18T16:33:44.363244+00:00
1713,INPROC_F59C21,1,10,team2,Team 2 (E/W),45,75,29,♥,finished,2026-05-18T16:33:44.378223+00:00
1714,INPROC_C003E3,1,10,team1,Team 1 (N/S),79,41,25,♥,finished,2026-05-18T16:33:44.392697+00:00
1715,INPROC_C6E121,1,10,team2,Team 2 (E/W),55,65,34,♠,finished,2026-05-18T16:33:44.408594+00:00
1716,INPROC_D14191,1,10,team1,Team 1 (N/S),92,28,16,♦,finished,2026-05-18T16:33:44.423547+00:00
1717,INPROC_0F981D,1,10,team1,Team 1 (N/S),67,53,28,♥,finished,2026-05-18T16:33:44.435541+00:00
1718,INPROC_C2852D,1,10,team2,Team 2 (E/W),36,84,15,♦,finished,2026-05-18T16:33:44.452298+00:00
1719,INPROC_FDC747,1,10,draw,draw,60,60,8,♣,finished,2026-05-18T16:33:44.469816+00:00
1720,INPROC_1145DD,1,10,team2,Team 2 (E/W),41,79,8,♣,finished,2026-05-18T16:33:44.481942+00:00
1721,INPROC_2343B1,1,10,team1,Team 1 (N/S),82,38,15,♦,finished,2026-05-18T16:33:44.495625+00:00
1722,INPROC_96F4E2,1,10,team1,Team 1 (N/S),88,32,13,♦,finished,2026-05-18T16:33:44.514896+00:00
1723,INPROC_C73EEB,1,10,team1,Team 1 (N/S),70,50,23,♥,finished,2026-05-18T16:33:44.530650+00:00
1724,INPROC_85A2D8,1,10,team2,Team 2 (E/W),46,74,11,♦,finished,2026-05-18T16:33:44.543283+00:00
1725,INPROC_0B7D85,1,10,team2,Team 2 (E/W),38,82,39,♠,finished,2026-05-18T16:33:44.556760+00:00
1726,INPROC_557121,1,10,team1,Team 1 (N/S),73,47,17,♦,finished,2026-05-18T16:33:44.568229+00:00
1727,INPROC_FDEC15,1,10,team1,Team 1 (N/S),80,40,15,♦,finished,2026-05-18T16:33:44.581757+00:00
1728,INPROC_3DB8C2,1,10,team2,Team 2 (E/W),44,76,27,♥,finished,2026-05-18T16:33:44.594010+00:00
1729,INPROC_7562CC,1,10,team2,Team 2 (E/W),49,71,28,♥,finished,2026-05-18T16:33:44.607771+00:00
1730,INPROC_E6DE36,1,10,team1,Team 1 (N/S),79,41,24,♥,finished,2026-05-18T16:33:44.620716+00:00
1731,INPROC_696183,1,10,team1,Team 1 (N/S),73,47,32,♠,finished,2026-05-18T16:33:44.636052+00:00
1732,INPROC_EF3E33,1,10,team1,Team 1 (N/S),62,58,17,♦,finished,2026-05-18T16:33:44.650724+00:00
1733,INPROC_0CF9CE,1,10,team1,Team 1 (N/S),95,25,10,♦,finished,2026-05-18T16:33:44.665684+00:00
1734,INPROC_0423F1,1,10,team1,Team 1 (N/S),61,59,23,♥,finished,2026-05-18T16:33:44.682087+00:00
1735,INPROC_415008,1,10,team2,Team 2 (E/W),17,103,25,♥,finished,2026-05-18T16:33:44.698419+00:00
1736,INPROC_7B797B,1,10,team1,Team 1 (N/S),95,25,4,♣,finished,2026-05-18T16:33:44.713963+00:00
1737,INPROC_22F9C6,1,10,team2,Team 2 (E/W),37,83,8,♣,finished,2026-05-18T16:33:44.727765+00:00
1738,INPROC_40E175,1,10,team1,Team 1 (N/S),89,31,26,♥,finished,2026-05-18T16:33:44.743052+00:00
1739,INPROC_9A3818,1,10,team2,Team 2 (E/W),38,82,20,♥,finished,2026-05-18T16:33:44.757021+00:00
1740,INPROC_FF83E0,1,10,team1,Team 1 (N/S),72,48,1,♣,finished,2026-05-18T16:33:44.772865+00:00
1741,INPROC_C67D1D,1,10,team1,Team 1 (N/S),89,31,13,♦,finished,2026-05-18T16:33:44.789428+00:00
1742,INPROC_F83094,1,10,team1,Team 1 (N/S),73,47,12,♦,finished,2026-05-18T16:33:44.805503+00:00
1743,INPROC_3C7B0F,1,10,team2,Team 2 (E/W),46,74,37,♠,finished,2026-05-18T16:33:44.823858+00:00
1744,INPROC_AB9D3E,1,10,team2,Team 2 (E/W),16,104,0,♣,finished,2026-05-18T16:33:44.837918+00:00
1745,INPROC_08A51D,1,10,team2,Team 2 (E/W),30,90,29,♥,finished,2026-05-18T16:33:44.852670+00:00
1746,INPROC_536AE8,1,10,team2,Team 2 (E/W),25,95,35,♠,finished,2026-05-18T16:33:44.867965+00:00
1747,INPROC_8AC94E,1,10,team1,Team 1 (N/S),73,47,11,♦,finished,2026-05-18T16:33:44.883349+00:00
1748,INPROC_81BDF9,1,10,team2,Team 2 (E/W),55,65,37,♠,finished,2026-05-18T16:33:44.896125+00:00
1749,INPROC_F385A4,1,10,team1,Team 1 (N/S),73,47,0,♣,finished,2026-05-18T16:33:44.908649+00:00
1750,INPROC_D64474,1,10,team2,Team 2 (E/W),38,82,35,♠,finished,2026-05-18T16:33:44.923727+00:00
1751,INPROC_DC5A84,1,10,team2,Team 2 (E/W),43,77,33,♠,finished,2026-05-18T16:33:44.937688+00:00
1752,INPROC_4F8306,1,10,team1,Team 1 (N/S),80,40,35,♠,finished,2026-05-18T16:33:44.953369+00:00
1753,INPROC_26B1A7,1,10,team2,Team 2 (E/W),36,84,33,♠,finished,2026-05-18T16:33:44.970512+00:00
1754,INPROC_B8C174,1,10,team1,Team 1 (N/S),76,44,23,♥,finished,2026-05-18T16:33:44.986832+00:00
1755,INPROC_FFCFE7,1,10,team1,Team 1 (N/S),102,18,22,♥,finished,2026-05-18T16:33:45.004341+00:00
1756,INPROC_299F2C,1,10,team2,Team 2 (E/W),57,63,29,♥,finished,2026-05-18T16:33:45.018576+00:00
1757,INPROC_319D14,1,10,team1,Team 1 (N/S),72,48,12,♦,finished,2026-05-18T16:33:45.032833+00:00
1758,INPROC_80B501,1,10,team1,Team 1 (N/S),79,41,29,♥,finished,2026-05-18T16:33:45.050460+00:00
1759,INPROC_64E7BB,1,10,team2,Team 2 (E/W),58,62,37,♠,finished,2026-05-18T16:33:45.069226+00:00
1760,INPROC_A272DF,1,10,team2,Team 2 (E/W),25,95,26,♥,finished,2026-05-18T16:33:45.085071+00:00
1761,INPROC_A731E1,1,10,team2,Team 2 (E/W),45,75,15,♦,finished,2026-05-18T16:33:45.101195+00:00
1762,INPROC_725F98,1,10,team1,Team 1 (N/S),87,33,37,♠,finished,2026-05-18T16:33:45.116368+00:00
1763,INPROC_992CCE,1,10,team1,Team 1 (N/S),79,41,38,♠,finished,2026-05-18T16:33:45.133204+00:00
1764,INPROC_4A9B65,1,10,team1,Team 1 (N/S),62,58,9,♣,finished,2026-05-18T16:33:45.148675+00:00
1765,INPROC_ED0FE7,1,10,team1,Team 1 (N/S),69,51,17,♦,finished,2026-05-18T16:33:45.163987+00:00
1766,INPROC_8B366E,1,10,team1,Team 1 (N/S),78,42,20,♥,finished,2026-05-18T16:33:45.180876+00:00
1767,INPROC_F2BD23,1,10,team1,Team 1 (N/S),73,47,2,♣,finished,2026-05-18T16:33:45.196459+00:00
1768,INPROC_DBF8AA,1,10,team1,Team 1 (N/S),105,15,18,♦,finished,2026-05-18T16:33:45.209417+00:00
1769,INPROC_A22B86,1,10,team2,Team 2 (E/W),55,65,15,♦,finished,2026-05-18T16:33:45.226273+00:00
1770,INPROC_1D46D1,1,10,team1,Team 1 (N/S),64,56,23,♥,finished,2026-05-18T16:33:45.236625+00:00
1771,INPROC_680C94,1,10,team1,Team 1 (N/S),71,49,35,♠,finished,2026-05-18T16:33:45.447353+00:00
1772,INPROC_2A3D92,1,10,team1,Team 1 (N/S),102,18,25,♥,finished,2026-05-18T16:33:45.598759+00:00
1773,INPROC_A6EE74,1,10,team2,Team 2 (E/W),47,73,16,♦,finished,2026-05-18T16:33:45.659446+00:00
1774,INPROC_636673,1,10,team1,Team 1 (N/S),88,32,26,♥,finished,2026-05-18T16:33:45.675509+00:00
1775,INPROC_1EEFA8,1,10,team2,Team 2 (E/W),46,74,2,♣,finished,2026-05-18T16:33:46.764044+00:00
1776,INPROC_B55D0A,1,10,team1,Team 1 (N/S),84,36,6,♣,finished,2026-05-18T16:33:46.779457+00:00
1777,INPROC_520361,1,10,team2,Team 2 (E/W),27,93,4,♣,finished,2026-05-18T16:33:46.798861+00:00
1778,INPROC_A47F02,1,10,team2,Team 2 (E/W),35,85,37,♠,finished,2026-05-18T16:33:46.812322+00:00
1779,INPROC_0DB51A,1,10,team2,Team 2 (E/W),43,77,32,♠,finished,2026-05-18T16:33:46.825052+00:00
1780,INPROC_AD5BCF,1,10,team1,Team 1 (N/S),73,47,25,♥,finished,2026-05-18T16:33:46.843247+00:00
1781,INPROC_6791D6,1,10,team1,Team 1 (N/S),79,41,21,♥,finished,2026-05-18T16:33:46.854840+00:00
1782,INPROC_A84AA3,1,10,team1,Team 1 (N/S),79,41,32,♠,finished,2026-05-18T16:33:46.868100+00:00
1783,INPROC_93C126,1,10,team1,Team 1 (N/S),93,27,25,♥,finished,2026-05-18T16:33:46.882641+00:00
1784,INPROC_38B349,1,10,team2,Team 2 (E/W),58,62,3,♣,finished,2026-05-18T16:33:46.899616+00:00
1785,INPROC_BEBC72,1,10,team2,Team 2 (E/W),36,84,27,♥,finished,2026-05-18T16:33:46.915903+00:00
1786,INPROC_3D0257,1,10,team2,Team 2 (E/W),49,71,18,♦,finished,2026-05-18T16:33:46.927222+00:00
1787,INPROC_AA7B93,1,10,team1,Team 1 (N/S),72,48,10,♦,finished,2026-05-18T16:33:46.944174+00:00
1788,INPROC_32B960,1,10,team2,Team 2 (E/W),56,64,23,♥,finished,2026-05-18T16:33:46.959218+00:00
1789,INPROC_95D893,1,10,team1,Team 1 (N/S),94,26,25,♥,finished,2026-05-18T16:33:46.969620+00:00
1790,INPROC_A035B5,1,10,team1,Team 1 (N/S),106,14,34,♠,finished,2026-05-18T16:33:46.981382+00:00
1791,INPROC_574C7E,1,10,team1,Team 1 (N/S),104,16,30,♠,finished,2026-05-18T16:33:46.998929+00:00
1792,INPROC_669562,1,10,team1,Team 1 (N/S),99,21,27,♥,finished,2026-05-18T16:33:47.014059+00:00
1793,INPROC_110BE3,1,10,team1,Team 1 (N/S),93,27,36,♠,finished,2026-05-18T16:33:47.024538+00:00
1794,INPROC_31D265,1,10,team1,Team 1 (N/S),79,41,28,♥,finished,2026-05-18T16:33:47.034873+00:00
1795,INPROC_2C7B59,1,10,team1,Team 1 (N/S),106,14,32,♠,finished,2026-05-18T16:33:47.047114+00:00
1796,INPROC_577BCE,1,10,team1,Team 1 (N/S),86,34,6,♣,finished,2026-05-18T16:33:47.067749+00:00
1797,INPROC_C9CDC3,1,10,team1,Team 1 (N/S),75,45,26,♥,finished,2026-05-18T16:33:47.101663+00:00
1798,INPROC_EBA0E5,1,10,team2,Team 2 (E/W),47,73,29,♥,finished,2026-05-18T16:33:47.119983+00:00
1799,INPROC_3C81E2,1,10,team1,Team 1 (N/S),117,3,20,♥,finished,2026-05-18T16:33:47.135892+00:00
1800,INPROC_1FF17D,1,10,team1,Team 1 (N/S),65,55,21,♥,finished,2026-05-18T16:33:47.151322+00:00
1801,INPROC_57C926,1,10,team1,Team 1 (N/S),89,31,33,♠,finished,2026-05-18T16:33:47.165107+00:00
1802,INPROC_6C2F3E,1,10,team2,Team 2 (E/W),39,81,29,♥,finished,2026-05-18T16:33:47.179558+00:00
1803,INPROC_80A67D,1,10,team1,Team 1 (N/S),82,38,16,♦,finished,2026-05-18T16:33:47.194042+00:00
1804,INPROC_2A10A3,1,10,team2,Team 2 (E/W),44,76,12,♦,finished,2026-05-18T16:33:47.206730+00:00
1805,INPROC_1A00AA,1,10,team2,Team 2 (E/W),51,69,20,♥,finished,2026-05-18T16:33:47.220297+00:00
1806,INPROC_E47469,1,10,team1,Team 1 (N/S),72,48,27,♥,finished,2026-05-18T16:33:47.231937+00:00
1807,INPROC_11B130,1,10,team1,Team 1 (N/S),73,47,11,♦,finished,2026-05-18T16:33:47.240914+00:00
1808,INPROC_9DD601,1,10,team1,Team 1 (N/S),71,49,4,♣,finished,2026-05-18T16:33:47.252759+00:00
1809,INPROC_1ACB8B,1,10,team1,Team 1 (N/S),84,36,18,♦,finished,2026-05-18T16:33:47.262405+00:00
1810,INPROC_6D7621,1,10,team1,Team 1 (N/S),74,46,33,♠,finished,2026-05-18T16:33:47.280016+00:00
1811,INPROC_56703E,1,10,team2,Team 2 (E/W),38,82,25,♥,finished,2026-05-18T16:33:47.293424+00:00
1812,INPROC_D9CB57,1,10,team1,Team 1 (N/S),62,58,28,♥,finished,2026-05-18T16:33:47.309034+00:00
1813,INPROC_77DDFE,1,10,team1,Team 1 (N/S),76,44,26,♥,finished,2026-05-18T16:33:47.329167+00:00
1814,INPROC_226F02,1,10,team2,Team 2 (E/W),39,81,38,♠,finished,2026-05-18T16:33:47.341145+00:00
1815,INPROC_439B11,1,10,team1,Team 1 (N/S),66,54,2,♣,finished,2026-05-18T16:33:47.355120+00:00
1816,INPROC_C6DFA6,1,10,team1,Team 1 (N/S),88,32,37,♠,finished,2026-05-18T16:33:47.372052+00:00
1817,INPROC_7B4C7B,1,10,team1,Team 1 (N/S),63,57,16,♦,finished,2026-05-18T16:33:47.386828+00:00
1818,INPROC_6D664A,1,10,team1,Team 1 (N/S),95,25,22,♥,finished,2026-05-18T16:33:47.401657+00:00
1819,INPROC_F6998C,1,10,team2,Team 2 (E/W),30,90,6,♣,finished,2026-05-18T16:33:47.414964+00:00
1820,INPROC_34BE27,1,10,team2,Team 2 (E/W),56,64,8,♣,finished,2026-05-18T16:33:47.427245+00:00
1821,INPROC_427242,1,10,team1,Team 1 (N/S),94,26,26,♥,finished,2026-05-18T16:33:47.443577+00:00
1822,INPROC_A27A47,1,10,team1,Team 1 (N/S),80,40,39,♠,finished,2026-05-18T16:33:47.460102+00:00
1823,INPROC_66CDF6,1,10,team2,Team 2 (E/W),37,83,39,♠,finished,2026-05-18T16:33:47.470311+00:00
1824,INPROC_A639AC,1,10,team1,Team 1 (N/S),69,51,7,♣,finished,2026-05-18T16:33:47.487674+00:00
1825,INPROC_08AD2D,1,10,team1,Team 1 (N/S),74,46,29,♥,finished,2026-05-18T16:33:47.504999+00:00
1826,INPROC_134CA7,1,10,team2,Team 2 (E/W),32,88,6,♣,finished,2026-05-18T16:33:47.513370+00:00
1827,INPROC_812A87,1,10,team1,Team 1 (N/S),63,57,32,♠,finished,2026-05-18T16:33:47.529474+00:00
1828,INPROC_DA7DA2,1,10,team2,Team 2 (E/W),47,73,0,♣,finished,2026-05-18T16:33:47.541995+00:00
1829,INPROC_7DD340,1,10,team1,Team 1 (N/S),74,46,8,♣,finished,2026-05-18T16:33:47.559709+00:00
1830,INPROC_06C8DD,1,10,team2,Team 2 (E/W),54,66,0,♣,finished,2026-05-18T16:33:47.573828+00:00
1831,INPROC_42B115,1,10,team2,Team 2 (E/W),41,79,12,♦,finished,2026-05-18T16:33:47.583984+00:00
1832,INPROC_113C2B,1,10,team2,Team 2 (E/W),43,77,31,♠,finished,2026-05-18T16:33:47.593474+00:00
1833,INPROC_1101AF,1,10,team2,Team 2 (E/W),36,84,2,♣,finished,2026-05-18T16:33:47.606161+00:00
1834,INPROC_5939F9,1,10,team1,Team 1 (N/S),61,59,5,♣,finished,2026-05-18T16:33:47.617569+00:00
1835,INPROC_4FD89F,1,10,team1,Team 1 (N/S),75,45,39,♠,finished,2026-05-18T16:33:47.631005+00:00
1836,INPROC_744559,1,10,team1,Team 1 (N/S),73,47,0,♣,finished,2026-05-18T16:33:47.643662+00:00
1837,INPROC_40D047,1,10,team1,Team 1 (N/S),91,29,9,♣,finished,2026-05-18T16:33:47.657795+00:00
1838,INPROC_74E0EB,1,10,team1,Team 1 (N/S),80,40,4,♣,finished,2026-05-18T16:33:47.672408+00:00
1839,INPROC_CF754F,1,10,team1,Team 1 (N/S),83,37,1,♣,finished,2026-05-18T16:33:47.684017+00:00
1840,INPROC_8876E5,1,10,team1,Team 1 (N/S),66,54,15,♦,finished,2026-05-18T16:33:47.694345+00:00
1841,INPROC_07F682,1,10,team1,Team 1 (N/S),120,0,37,♠,finished,2026-05-18T16:33:47.711461+00:00
1842,INPROC_04B251,1,10,team1,Team 1 (N/S),71,49,27,♥,finished,2026-05-18T16:33:47.723681+00:00
1843,INPROC_CC1AC0,1,10,team2,Team 2 (E/W),46,74,32,♠,finished,2026-05-18T16:33:47.736421+00:00
1844,INPROC_237E97,1,10,team1,Team 1 (N/S),63,57,3,♣,finished,2026-05-18T16:33:47.752572+00:00
1845,INPROC_6A5F72,1,10,team1,Team 1 (N/S),66,54,17,♦,finished,2026-05-18T16:33:47.765863+00:00
1846,INPROC_91A0AD,1,10,team1,Team 1 (N/S),87,33,7,♣,finished,2026-05-18T16:33:47.777805+00:00
1847,INPROC_DA550E,1,10,team2,Team 2 (E/W),42,78,27,♥,finished,2026-05-18T16:33:47.787760+00:00
1848,INPROC_50E59C,1,10,team2,Team 2 (E/W),54,66,32,♠,finished,2026-05-18T16:33:47.798913+00:00
1849,INPROC_674F3A,1,10,team1,Team 1 (N/S),69,51,2,♣,finished,2026-05-18T16:33:47.810757+00:00
1850,INPROC_160CC6,1,10,team2,Team 2 (E/W),0,120,3,♣,finished,2026-05-18T16:33:47.825479+00:00
1851,INPROC_F8DFE3,1,10,team1,Team 1 (N/S),94,26,31,♠,finished,2026-05-18T16:33:47.839051+00:00
1852,INPROC_C6E559,1,10,team2,Team 2 (E/W),59,61,10,♦,finished,2026-05-18T16:33:47.852719+00:00
1853,INPROC_D75F17,1,10,team1,Team 1 (N/S),104,16,15,♦,finished,2026-05-18T16:33:47.865027+00:00
1854,INPROC_852E86,1,10,team1,Team 1 (N/S),94,26,8,♣,finished,2026-05-18T16:33:47.878647+00:00
1855,INPROC_B3C125,1,10,team1,Team 1 (N/S),96,24,32,♠,finished,2026-05-18T16:33:47.890305+00:00
1856,INPROC_CFCB6F,1,10,team1,Team 1 (N/S),102,18,36,♠,finished,2026-05-18T16:33:47.907337+00:00
1857,INPROC_42FA79,1,10,team1,Team 1 (N/S),62,58,28,♥,finished,2026-05-18T16:33:47.923218+00:00
1858,INPROC_ABB78E,1,10,team1,Team 1 (N/S),86,34,10,♦,finished,2026-05-18T16:33:47.939690+00:00
1859,INPROC_58F368,1,10,team1,Team 1 (N/S),109,11,11,♦,finished,2026-05-18T16:33:47.955862+00:00
1860,INPROC_1E2CB7,1,10,team2,Team 2 (E/W),48,72,38,♠,finished,2026-05-18T16:33:47.970919+00:00
1861,INPROC_C2030A,1,10,team1,Team 1 (N/S),73,47,8,♣,finished,2026-05-18T16:33:47.986151+00:00
1862,INPROC_2745F1,1,10,team1,Team 1 (N/S),97,23,35,♠,finished,2026-05-18T16:33:47.999919+00:00
1863,INPROC_1B3EEC,1,10,team1,Team 1 (N/S),76,44,12,♦,finished,2026-05-18T16:33:48.013084+00:00
1864,INPROC_770AF8,1,10,team2,Team 2 (E/W),24,96,37,♠,finished,2026-05-18T16:33:48.023390+00:00
1865,INPROC_880F3A,1,10,team1,Team 1 (N/S),65,55,10,♦,finished,2026-05-18T16:33:48.038353+00:00
1866,INPROC_FC8496,1,10,team1,Team 1 (N/S),106,14,33,♠,finished,2026-05-18T16:33:48.051906+00:00
1867,INPROC_F1434D,1,10,team2,Team 2 (E/W),53,67,27,♥,finished,2026-05-18T16:33:48.069051+00:00
1868,INPROC_F7EB70,1,10,team1,Team 1 (N/S),83,37,12,♦,finished,2026-05-18T16:33:48.085922+00:00
1869,INPROC_FF150A,1,10,draw,draw,60,60,18,♦,finished,2026-05-18T16:33:48.102177+00:00
1870,INPROC_28171B,1,10,team1,Team 1 (N/S),80,40,16,♦,finished,2026-05-18T16:33:48.117942+00:00
1871,INPROC_275834,1,10,team2,Team 2 (E/W),40,80,19,♦,finished,2026-05-18T16:33:48.133803+00:00
1872,INPROC_C4EA78,1,10,team1,Team 1 (N/S),64,56,9,♣,finished,2026-05-18T16:33:48.150917+00:00
1873,INPROC_367C3E,1,10,team1,Team 1 (N/S),98,22,24,♥,finished,2026-05-18T16:33:48.167051+00:00
1874,INPROC_F3241D,1,10,team1,Team 1 (N/S),94,26,24,♥,finished,2026-05-18T16:33:48.181419+00:00
1875,INPROC_25A9B8,1,10,team1,Team 1 (N/S),67,53,39,♠,finished,2026-05-18T16:33:48.197001+00:00
1876,INPROC_27F658,1,10,team1,Team 1 (N/S),73,47,10,♦,finished,2026-05-18T16:33:48.213051+00:00
1877,INPROC_385DC9,1,10,team2,Team 2 (E/W),54,66,15,♦,finished,2026-05-18T16:33:48.228951+00:00
1878,INPROC_7E15E8,1,10,team2,Team 2 (E/W),31,89,32,♠,finished,2026-05-18T16:33:48.244250+00:00
1879,INPROC_462B31,1,10,team1,Team 1 (N/S),69,51,2,♣,finished,2026-05-18T16:33:48.256672+00:00
1880,INPROC_62CA6C,1,10,team2,Team 2 (E/W),40,80,7,♣,finished,2026-05-18T16:33:48.270482+00:00
1881,INPROC_94A798,1,10,team1,Team 1 (N/S),89,31,31,♠,finished,2026-05-18T16:33:48.282606+00:00
1882,INPROC_F82575,1,10,team1,Team 1 (N/S),102,18,28,♥,finished,2026-05-18T16:33:48.294764+00:00
1883,INPROC_03336D,1,10,team1,Team 1 (N/S),85,35,0,♣,finished,2026-05-18T16:33:48.309024+00:00
1884,INPROC_C67C0C,1,10,team2,Team 2 (E/W),59,61,38,♠,finished,2026-05-18T16:33:48.324905+00:00
1885,INPROC_B3E478,1,10,team1,Team 1 (N/S),103,17,21,♥,finished,2026-05-18T16:33:48.340328+00:00
1886,INPROC_2FBEF3,1,10,team2,Team 2 (E/W),32,88,30,♠,finished,2026-05-18T16:33:48.356865+00:00
1887,INPROC_8E4EF8,1,10,team1,Team 1 (N/S),99,21,36,♠,finished,2026-05-18T16:33:48.376602+00:00
1888,INPROC_21217E,1,10,team1,Team 1 (N/S),67,53,35,♠,finished,2026-05-18T16:33:48.397269+00:00
1889,INPROC_002E83,1,10,team2,Team 2 (E/W),42,78,33,♠,finished,2026-05-18T16:33:48.414705+00:00
1890,INPROC_84B8A9,1,10,team1,Team 1 (N/S),65,55,25,♥,finished,2026-05-18T16:33:48.433718+00:00
1891,INPROC_3C2400,1,10,team2,Team 2 (E/W),58,62,24,♥,finished,2026-05-18T16:33:48.453884+00:00
1892,INPROC_841973,1,10,team2,Team 2 (E/W),56,64,23,♥,finished,2026-05-18T16:33:48.474792+00:00
1893,INPROC_BB4F0A,1,10,team1,Team 1 (N/S),69,51,17,♦,finished,2026-05-18T16:33:48.489184+00:00
1894,INPROC_3A66D0,1,10,team1,Team 1 (N/S),81,39,28,♥,finished,2026-05-18T16:33:48.500199+00:00
1895,INPROC_EDBE49,1,10,team1,Team 1 (N/S),87,33,8,♣,finished,2026-05-18T16:33:48.510371+00:00
1896,INPROC_FD4759,1,10,team1,Team 1 (N/S),89,31,31,♠,finished,2026-05-18T16:33:48.524110+00:00
1897,INPROC_6D92D6,1,10,team2,Team 2 (E/W),53,67,33,♠,finished,2026-05-18T16:33:48.535827+00:00
1898,INPROC_E6B104,1,10,team2,Team 2 (E/W),44,76,17,♦,finished,2026-05-18T16:33:48.552771+00:00
1899,INPROC_B403F9,1,10,team2,Team 2 (E/W),55,65,35,♠,finished,2026-05-18T16:33:48.570132+00:00
1900,INPROC_3FA29E,1,10,team1,Team 1 (N/S),100,20,13,♦,finished,2026-05-18T16:33:48.588974+00:00
1901,INPROC_B956B9,1,10,team1,Team 1 (N/S),96,24,28,♥,finished,2026-05-18T16:33:48.606007+00:00
1902,INPROC_815883,1,10,team2,Team 2 (E/W),47,73,21,♥,finished,2026-05-18T16:33:48.621797+00:00
1903,INPROC_143A17,1,10,team1,Team 1 (N/S),94,26,23,♥,finished,2026-05-18T16:33:48.635238+00:00
1904,INPROC_B0194E,1,10,team1,Team 1 (N/S),70,50,7,♣,finished,2026-05-18T16:33:48.650070+00:00
1905,INPROC_69DC90,1,10,team1,Team 1 (N/S),66,54,3,♣,finished,2026-05-18T16:33:48.664097+00:00
1906,INPROC_495E09,1,10,team1,Team 1 (N/S),80,40,36,♠,finished,2026-05-18T16:33:48.678967+00:00
1907,INPROC_3557EB,1,10,team2,Team 2 (E/W),44,76,19,♦,finished,2026-05-18T16:33:48.693101+00:00
1908,INPROC_6BF2B2,1,10,team1,Team 1 (N/S),85,35,24,♥,finished,2026-05-18T16:33:48.710317+00:00
1909,INPROC_B04B7A,1,10,team1,Team 1 (N/S),71,49,33,♠,finished,2026-05-18T16:33:48.719445+00:00
1910,INPROC_21094B,1,10,team2,Team 2 (E/W),43,77,8,♣,finished,2026-05-18T16:33:48.730523+00:00
1911,INPROC_F9B625,1,10,team1,Team 1 (N/S),77,43,25,♥,finished,2026-05-18T16:33:48.746331+00:00
1912,INPROC_1DBCFD,1,10,team1,Team 1 (N/S),63,57,17,♦,finished,2026-05-18T16:33:48.762954+00:00
1913,INPROC_3D3BF4,1,10,team2,Team 2 (E/W),59,61,8,♣,finished,2026-05-18T16:33:48.779617+00:00
1914,INPROC_A68068,1,10,team1,Team 1 (N/S),71,49,26,♥,finished,2026-05-18T16:33:48.795288+00:00
1915,INPROC_D8E4AE,1,10,team1,Team 1 (N/S),108,12,31,♠,finished,2026-05-18T16:33:48.809134+00:00
1916,INPROC_671E6D,1,10,team1,Team 1 (N/S),76,44,1,♣,finished,2026-05-18T16:33:48.824204+00:00
1917,INPROC_39D386,1,10,team1,Team 1 (N/S),111,9,21,♥,finished,2026-05-18T16:33:48.841001+00:00
1918,INPROC_268B42,1,10,team2,Team 2 (E/W),32,88,2,♣,finished,2026-05-18T16:33:48.852107+00:00
1919,INPROC_0129D6,1,10,team1,Team 1 (N/S),90,30,9,♣,finished,2026-05-18T16:33:48.866171+00:00
1920,INPROC_2644AB,1,10,team2,Team 2 (E/W),40,80,7,♣,finished,2026-05-18T16:33:48.889121+00:00
1921,INPROC_930314,1,10,team1,Team 1 (N/S),83,37,5,♣,finished,2026-05-18T16:33:48.905860+00:00
1922,INPROC_796B87,1,10,team1,Team 1 (N/S),98,22,32,♠,finished,2026-05-18T16:33:48.922061+00:00
1923,INPROC_8ED7CB,1,10,team2,Team 2 (E/W),11,109,38,♠,finished,2026-05-18T16:33:48.937142+00:00
1924,INPROC_BD3723,1,10,team1,Team 1 (N/S),99,21,27,♥,finished,2026-05-18T16:33:48.951290+00:00
1925,INPROC_4355F6,1,10,team1,Team 1 (N/S),109,11,15,♦,finished,2026-05-18T16:33:48.967479+00:00
1926,INPROC_DD5D20,1,10,team2,Team 2 (E/W),55,65,35,♠,finished,2026-05-18T16:33:48.983854+00:00
1927,INPROC_315699,1,10,team1,Team 1 (N/S),64,56,34,♠,finished,2026-05-18T16:33:48.999148+00:00
1928,INPROC_7C180A,1,10,team1,Team 1 (N/S),96,24,0,♣,finished,2026-05-18T16:33:49.016962+00:00
1929,INPROC_91AC1F,1,10,team2,Team 2 (E/W),37,83,15,♦,finished,2026-05-18T16:33:49.033143+00:00
1930,INPROC_E2B037,1,10,team1,Team 1 (N/S),68,52,39,♠,finished,2026-05-18T16:33:49.047386+00:00
1931,INPROC_435C73,1,10,team2,Team 2 (E/W),56,64,37,♠,finished,2026-05-18T16:33:49.064480+00:00
1932,INPROC_7647BC,1,10,team2,Team 2 (E/W),51,69,29,♥,finished,2026-05-18T16:33:49.079859+00:00
1933,INPROC_79044D,1,10,team2,Team 2 (E/W),46,74,13,♦,finished,2026-05-18T16:33:49.096811+00:00
1934,INPROC_53F941,1,10,team1,Team 1 (N/S),86,34,31,♠,finished,2026-05-18T16:33:49.114089+00:00
1935,INPROC_17810E,1,10,draw,draw,60,60,21,♥,finished,2026-05-18T16:33:49.128841+00:00
1936,INPROC_32FC1D,1,10,team2,Team 2 (E/W),58,62,20,♥,finished,2026-05-18T16:33:49.146200+00:00
1937,INPROC_113199,1,10,team2,Team 2 (E/W),51,69,11,♦,finished,2026-05-18T16:33:49.163133+00:00
1938,INPROC_FD1129,1,10,team2,Team 2 (E/W),53,67,11,♦,finished,2026-05-18T16:33:49.178024+00:00
1939,INPROC_B8DDDB,1,10,team1,Team 1 (N/S),91,29,7,♣,finished,2026-05-18T16:33:49.196740+00:00
1940,INPROC_60FC76,1,10,team1,Team 1 (N/S),80,40,14,♦,finished,2026-05-18T16:33:49.217788+00:00
1941,INPROC_0B2841,1,10,team1,Team 1 (N/S),85,35,10,♦,finished,2026-05-18T16:33:49.231795+00:00
1942,INPROC_486ECB,1,10,team2,Team 2 (E/W),46,74,27,♥,finished,2026-05-18T16:33:49.248561+00:00
1943,INPROC_1E1DDD,1,10,team1,Team 1 (N/S),86,34,5,♣,finished,2026-05-18T16:33:49.281976+00:00
1944,INPROC_ADDE6D,1,10,team1,Team 1 (N/S),76,44,36,♠,finished,2026-05-18T16:33:49.303584+00:00
1945,INPROC_9E6150,1,10,team1,Team 1 (N/S),64,56,9,♣,finished,2026-05-18T16:33:49.321653+00:00
1946,INPROC_8E847A,1,10,team1,Team 1 (N/S),85,35,27,♥,finished,2026-05-18T16:33:49.338021+00:00
1947,INPROC_33E74D,1,10,team1,Team 1 (N/S),61,59,8,♣,finished,2026-05-18T16:33:49.350958+00:00
1948,INPROC_10EC1D,1,10,team1,Team 1 (N/S),63,57,16,♦,finished,2026-05-18T16:33:49.366486+00:00
1949,INPROC_A10638,1,10,team1,Team 1 (N/S),74,46,25,♥,finished,2026-05-18T16:33:49.382872+00:00
1950,INPROC_109AEF,1,10,team1,Team 1 (N/S),76,44,39,♠,finished,2026-05-18T16:33:49.401922+00:00
1951,INPROC_9D4417,1,10,team2,Team 2 (E/W),32,88,17,♦,finished,2026-05-18T16:33:49.419759+00:00
1952,INPROC_B6A940,1,10,team1,Team 1 (N/S),94,26,29,♥,finished,2026-05-18T16:33:49.438423+00:00
1953,INPROC_BCB8DA,1,10,team2,Team 2 (E/W),43,77,10,♦,finished,2026-05-18T16:33:49.453850+00:00
1954,INPROC_672D0B,1,10,team1,Team 1 (N/S),90,30,19,♦,finished,2026-05-18T16:33:49.468060+00:00
1955,INPROC_6B60B1,1,10,team1,Team 1 (N/S),70,50,7,♣,finished,2026-05-18T16:33:49.484828+00:00
1956,INPROC_F1CB6A,1,10,team1,Team 1 (N/S),71,49,6,♣,finished,2026-05-18T16:33:49.500769+00:00
1957,INPROC_4EE206,1,10,team2,Team 2 (E/W),50,70,22,♥,finished,2026-05-18T16:33:49.516647+00:00
1958,INPROC_24035F,1,10,team1,Team 1 (N/S),100,20,23,♥,finished,2026-05-18T16:33:49.532729+00:00
1959,INPROC_881019,1,10,team1,Team 1 (N/S),110,10,15,♦,finished,2026-05-18T16:33:49.549123+00:00
1960,INPROC_D1CC50,1,10,team1,Team 1 (N/S),100,20,32,♠,finished,2026-05-18T16:33:49.567670+00:00
1961,INPROC_0E627F,1,10,team2,Team 2 (E/W),27,93,25,♥,finished,2026-05-18T16:33:49.583164+00:00
1962,INPROC_29C383,1,10,team2,Team 2 (E/W),50,70,20,♥,finished,2026-05-18T16:33:49.600506+00:00
1963,INPROC_0CDDAD,1,10,team2,Team 2 (E/W),44,76,33,♠,finished,2026-05-18T16:33:49.615792+00:00
1964,INPROC_55E7C3,1,10,team1,Team 1 (N/S),84,36,17,♦,finished,2026-05-18T16:33:49.632023+00:00
1965,INPROC_933932,1,10,team1,Team 1 (N/S),67,53,25,♥,finished,2026-05-18T16:33:49.650240+00:00
1966,INPROC_C8DCAF,1,10,team1,Team 1 (N/S),104,16,10,♦,finished,2026-05-18T16:33:49.666647+00:00
1967,INPROC_B748A7,1,10,team1,Team 1 (N/S),62,58,16,♦,finished,2026-05-18T16:33:49.682758+00:00
1968,INPROC_623B0D,1,10,team1,Team 1 (N/S),69,51,12,♦,finished,2026-05-18T16:33:49.699161+00:00
1969,INPROC_521DAA,1,10,team1,Team 1 (N/S),103,17,11,♦,finished,2026-05-18T16:33:49.715549+00:00
1970,INPROC_4371AC,1,10,team1,Team 1 (N/S),82,38,7,♣,finished,2026-05-18T16:33:49.734222+00:00
1971,INPROC_3A4D9C,1,10,team1,Team 1 (N/S),72,48,34,♠,finished,2026-05-18T16:33:49.749671+00:00
1972,INPROC_570855,1,10,team1,Team 1 (N/S),88,32,15,♦,finished,2026-05-18T16:33:49.767134+00:00
1973,INPROC_5E8001,1,10,team1,Team 1 (N/S),67,53,28,♥,finished,2026-05-18T16:33:49.785072+00:00
1974,INPROC_B543FD,1,10,team2,Team 2 (E/W),51,69,27,♥,finished,2026-05-18T16:33:49.801773+00:00
1975,INPROC_EA9B1D,1,10,team2,Team 2 (E/W),48,72,24,♥,finished,2026-05-18T16:33:49.818833+00:00
1976,INPROC_B87F9D,1,10,team2,Team 2 (E/W),41,79,12,♦,finished,2026-05-18T16:33:49.835706+00:00
1977,INPROC_0D13A5,1,10,team2,Team 2 (E/W),18,102,15,♦,finished,2026-05-18T16:33:49.853004+00:00
1978,INPROC_6D5D9A,1,10,team2,Team 2 (E/W),28,92,27,♥,finished,2026-05-18T16:33:49.870248+00:00
1979,INPROC_C91A2B,1,10,team2,Team 2 (E/W),47,73,34,♠,finished,2026-05-18T16:33:49.886351+00:00
1980,INPROC_B2CC7A,1,10,team2,Team 2 (E/W),48,72,35,♠,finished,2026-05-18T16:33:49.902521+00:00
1981,INPROC_0E6609,1,10,draw,draw,60,60,20,♥,finished,2026-05-18T16:33:49.916777+00:00
1982,INPROC_36F73D,1,10,team2,Team 2 (E/W),57,63,10,♦,finished,2026-05-18T16:33:49.929172+00:00
1983,INPROC_A44D14,1,10,team1,Team 1 (N/S),89,31,30,♠,finished,2026-05-18T16:33:49.942367+00:00
1984,INPROC_302624,1,10,team1,Team 1 (N/S),86,34,9,♣,finished,2026-05-18T16:33:49.957619+00:00
1985,INPROC_F4416C,1,10,team1,Team 1 (N/S),92,28,39,♠,finished,2026-05-18T16:33:49.971721+00:00
1986,INPROC_EF0357,1,10,team1,Team 1 (N/S),67,53,33,♠,finished,2026-05-18T16:33:49.986736+00:00
1987,INPROC_C7A99F,1,10,team1,Team 1 (N/S),71,49,27,♥,finished,2026-05-18T16:33:50.002198+00:00
1988,INPROC_AE559D,1,10,team2,Team 2 (E/W),45,75,25,♥,finished,2026-05-18T16:33:50.016556+00:00
1989,INPROC_F0E03C,1,10,team1,Team 1 (N/S),79,41,7,♣,finished,2026-05-18T16:33:50.031680+00:00
1990,INPROC_2E254D,1,10,team1,Team 1 (N/S),82,38,16,♦,finished,2026-05-18T16:33:50.046314+00:00
1991,INPROC_EC1E69,1,10,team1,Team 1 (N/S),114,6,11,♦,finished,2026-05-18T16:33:50.062244+00:00
1992,INPROC_9CE68D,1,10,team2,Team 2 (E/W),28,92,21,♥,finished,2026-05-18T16:33:50.079010+00:00
1993,INPROC_4180AF,1,10,team2,Team 2 (E/W),27,93,37,♠,finished,2026-05-18T16:33:50.092862+00:00
1994,INPROC_D6D03F,1,10,team2,Team 2 (E/W),43,77,37,♠,finished,2026-05-18T16:33:50.108719+00:00
1995,INPROC_8E1459,1,10,team1,Team 1 (N/S),81,39,17,♦,finished,2026-05-18T16:33:50.126551+00:00
1996,INPROC_381367,1,10,team1,Team 1 (N/S),103,17,7,♣,finished,2026-05-18T16:33:50.144783+00:00
1997,INPROC_544DAF,1,10,team2,Team 2 (E/W),46,74,39,♠,finished,2026-05-18T16:33:50.162242+00:00
1998,INPROC_F7594D,1,10,team1,Team 1 (N/S),76,44,32,♠,finished,2026-05-18T16:33:50.179863+00:00
1999,INPROC_8BE6C5,1,10,team2,Team 2 (E/W),31,89,26,♥,finished,2026-05-18T16:33:50.197133+00:00
2000,INPROC_5E4A5E,1,10,team1,Team 1 (N/S),120,0,14,♦,finished,2026-05-18T16:33:50.214844+00:00
2001,INPROC_A96F2B,1,10,team2,Team 2 (E/W),49,71,19,♦,finished,2026-05-18T16:33:50.229864+00:00
2002,INPROC_4DFFE8,1,10,team2,Team 2 (E/W),40,80,30,♠,finished,2026-05-18T16:33:50.245375+00:00
2003,INPROC_E641B9,1,10,team1,Team 1 (N/S),70,50,9,♣,finished,2026-05-18T16:33:50.260710+00:00
2004,INPROC_1587CE,1,10,team1,Team 1 (N/S),117,3,37,♠,finished,2026-05-18T16:33:50.277701+00:00
2005,INPROC_CDC286,1,10,team1,Team 1 (N/S),84,36,9,♣,finished,2026-05-18T16:33:50.302333+00:00
2006,INPROC_2968D8,1,10,team1,Team 1 (N/S),65,55,27,♥,finished,2026-05-18T16:33:50.333935+00:00
2007,INPROC_DEB26C,1,10,team1,Team 1 (N/S),90,30,34,♠,finished,2026-05-18T16:33:50.350088+00:00
2008,INPROC_A6ACA9,1,10,team2,Team 2 (E/W),43,77,5,♣,finished,2026-05-18T16:33:50.367690+00:00
2009,INPROC_007227,1,10,team1,Team 1 (N/S),66,54,18,♦,finished,2026-05-18T16:33:50.381376+00:00
2010,INPROC_392F07,1,10,team1,Team 1 (N/S),66,54,31,♠,finished,2026-05-18T16:33:50.397487+00:00
2011,INPROC_A2A789,1,10,team2,Team 2 (E/W),34,86,39,♠,finished,2026-05-18T16:33:50.410674+00:00
2012,INPROC_6DF6EA,1,10,team1,Team 1 (N/S),63,57,13,♦,finished,2026-05-18T16:33:50.426403+00:00
2013,INPROC_F5E2F3,1,10,team2,Team 2 (E/W),48,72,11,♦,finished,2026-05-18T16:33:50.443539+00:00
2014,INPROC_3DB768,1,10,team1,Team 1 (N/S),97,23,35,♠,finished,2026-05-18T16:33:50.460790+00:00
2015,INPROC_F9895C,1,10,team2,Team 2 (E/W),47,73,1,♣,finished,2026-05-18T16:33:50.472154+00:00
2016,INPROC_6CE329,1,10,team1,Team 1 (N/S),99,21,14,♦,finished,2026-05-18T16:33:50.485150+00:00
2017,INPROC_5CE79B,1,10,team2,Team 2 (E/W),35,85,28,♥,finished,2026-05-18T16:33:50.498845+00:00
2018,INPROC_11F370,1,10,team2,Team 2 (E/W),53,67,6,♣,finished,2026-05-18T16:33:50.520105+00:00
2019,INPROC_3E200E,1,10,team2,Team 2 (E/W),31,89,25,♥,finished,2026-05-18T16:33:50.535636+00:00
2020,INPROC_7F58B8,1,10,team1,Team 1 (N/S),65,55,14,♦,finished,2026-05-18T16:33:50.550516+00:00
2021,INPROC_617ACF,1,10,team1,Team 1 (N/S),70,50,9,♣,finished,2026-05-18T16:33:50.564574+00:00
2022,INPROC_B5D549,1,10,team2,Team 2 (E/W),36,84,2,♣,finished,2026-05-18T16:33:50.579684+00:00
2023,INPROC_A62BFB,1,10,team2,Team 2 (E/W),47,73,9,♣,finished,2026-05-18T16:33:50.596501+00:00
2024,INPROC_CB95F2,1,10,team2,Team 2 (E/W),47,73,13,♦,finished,2026-05-18T16:33:50.615521+00:00
2025,INPROC_9B3533,1,10,team2,Team 2 (E/W),47,73,8,♣,finished,2026-05-18T16:33:50.632506+00:00
2026,INPROC_392B0F,1,10,team2,Team 2 (E/W),34,86,0,♣,finished,2026-05-18T16:33:50.647165+00:00
2027,INPROC_C8DF88,1,10,team1,Team 1 (N/S),92,28,28,♥,finished,2026-05-18T16:33:50.664096+00:00
2028,INPROC_8A9360,1,10,team1,Team 1 (N/S),67,53,39,♠,finished,2026-05-18T16:33:50.679750+00:00
2029,INPROC_0873BC,1,10,team2,Team 2 (E/W),46,74,18,♦,finished,2026-05-18T16:33:50.694897+00:00
2030,INPROC_EED946,1,10,team1,Team 1 (N/S),71,49,9,♣,finished,2026-05-18T16:33:50.707587+00:00
2031,INPROC_9185FA,1,10,team2,Team 2 (E/W),22,98,29,♥,finished,2026-05-18T16:33:50.722642+00:00
2032,INPROC_04016F,1,10,team2,Team 2 (E/W),56,64,10,♦,finished,2026-05-18T16:33:50.741380+00:00
2033,INPROC_7948AC,1,10,team1,Team 1 (N/S),68,52,2,♣,finished,2026-05-18T16:33:50.756654+00:00
2034,INPROC_DE9B1D,1,10,team1,Team 1 (N/S),92,28,33,♠,finished,2026-05-18T16:33:50.772599+00:00
2035,INPROC_1603A2,1,10,team1,Team 1 (N/S),65,55,31,♠,finished,2026-05-18T16:33:50.787782+00:00
2036,INPROC_592BC0,1,10,team1,Team 1 (N/S),70,50,2,♣,finished,2026-05-18T16:33:50.801765+00:00
2037,INPROC_21B66C,1,10,team1,Team 1 (N/S),100,20,5,♣,finished,2026-05-18T16:33:50.817807+00:00
2038,INPROC_BFA861,1,10,team1,Team 1 (N/S),72,48,19,♦,finished,2026-05-18T16:33:50.833888+00:00
2039,INPROC_88E7A3,1,10,team2,Team 2 (E/W),58,62,33,♠,finished,2026-05-18T16:33:50.852165+00:00
2040,INPROC_9CF8D3,1,10,team1,Team 1 (N/S),62,58,8,♣,finished,2026-05-18T16:33:50.871280+00:00
2041,INPROC_787EAD,1,10,team1,Team 1 (N/S),96,24,33,♠,finished,2026-05-18T16:33:50.888308+00:00
2042,INPROC_B89F77,1,10,team1,Team 1 (N/S),73,47,32,♠,finished,2026-05-18T16:33:50.905878+00:00
2043,INPROC_638F68,1,10,team1,Team 1 (N/S),102,18,30,♠,finished,2026-05-18T16:33:50.921514+00:00
2044,INPROC_57DC9E,1,10,team1,Team 1 (N/S),92,28,25,♥,finished,2026-05-18T16:33:50.936751+00:00
2045,INPROC_C0EB93,1,10,team1,Team 1 (N/S),75,45,20,♥,finished,2026-05-18T16:33:50.949766+00:00
2046,INPROC_7FCEEB,1,10,team1,Team 1 (N/S),83,37,6,♣,finished,2026-05-18T16:33:50.964863+00:00
2047,INPROC_6B754F,1,10,team1,Team 1 (N/S),107,13,35,♠,finished,2026-05-18T16:33:50.979156+00:00
2048,INPROC_982846,1,10,team1,Team 1 (N/S),87,33,19,♦,finished,2026-05-18T16:33:50.993640+00:00
2049,INPROC_705E06,1,10,team1,Team 1 (N/S),107,13,26,♥,finished,2026-05-18T16:33:51.010702+00:00
2050,INPROC_FA320B,1,10,team1,Team 1 (N/S),94,26,27,♥,finished,2026-05-18T16:33:51.020229+00:00
2051,INPROC_675690,1,10,team2,Team 2 (E/W),54,66,32,♠,finished,2026-05-18T16:33:51.035789+00:00
2052,INPROC_13B9E3,1,10,team1,Team 1 (N/S),78,42,28,♥,finished,2026-05-18T16:33:51.052088+00:00
2053,INPROC_A63BD3,1,10,team1,Team 1 (N/S),107,13,13,♦,finished,2026-05-18T16:33:51.069332+00:00
2054,INPROC_BA6E20,1,10,team2,Team 2 (E/W),51,69,2,♣,finished,2026-05-18T16:33:51.082736+00:00
2055,INPROC_0B24CF,1,10,team1,Team 1 (N/S),83,37,25,♥,finished,2026-05-18T16:33:51.093421+00:00
2056,INPROC_2CEBE7,1,10,team1,Team 1 (N/S),117,3,13,♦,finished,2026-05-18T16:33:51.108063+00:00
2057,INPROC_C77D6F,1,10,team2,Team 2 (E/W),48,72,37,♠,finished,2026-05-18T16:33:51.123077+00:00
2058,INPROC_FA37B5,1,10,team1,Team 1 (N/S),87,33,32,♠,finished,2026-05-18T16:33:51.139690+00:00
2059,INPROC_FE133A,1,10,team1,Team 1 (N/S),90,30,7,♣,finished,2026-05-18T16:33:51.156104+00:00
2060,INPROC_96FC93,1,10,team1,Team 1 (N/S),65,55,14,♦,finished,2026-05-18T16:33:51.167574+00:00
2061,INPROC_622779,1,10,team2,Team 2 (E/W),23,97,26,♥,finished,2026-05-18T16:33:51.206525+00:00
2062,INPROC_F0983F,1,10,team1,Team 1 (N/S),99,21,22,♥,finished,2026-05-18T16:33:51.238097+00:00
2063,INPROC_AB4433,1,10,team1,Team 1 (N/S),77,43,13,♦,finished,2026-05-18T16:33:51.264368+00:00
2064,INPROC_75D060,1,10,team2,Team 2 (E/W),44,76,7,♣,finished,2026-05-18T16:33:51.283136+00:00
2065,INPROC_2061B3,1,10,team1,Team 1 (N/S),88,32,31,♠,finished,2026-05-18T16:33:51.293852+00:00
2066,INPROC_07C4E8,1,10,team1,Team 1 (N/S),73,47,39,♠,finished,2026-05-18T16:33:51.306635+00:00
2067,INPROC_475EB5,1,10,draw,draw,60,60,16,♦,finished,2026-05-18T16:33:51.320685+00:00
2068,INPROC_28473C,1,10,team1,Team 1 (N/S),64,56,11,♦,finished,2026-05-18T16:33:51.334763+00:00
2069,INPROC_74D7F7,1,10,team2,Team 2 (E/W),47,73,29,♥,finished,2026-05-18T16:33:51.348964+00:00
2070,INPROC_8EADB2,1,10,team2,Team 2 (E/W),54,66,9,♣,finished,2026-05-18T16:33:51.363483+00:00
2071,INPROC_17F0C1,1,10,team2,Team 2 (E/W),43,77,30,♠,finished,2026-05-18T16:33:51.377133+00:00
2072,INPROC_9622BB,1,10,team1,Team 1 (N/S),120,0,1,♣,finished,2026-05-18T16:33:51.391119+00:00
2073,INPROC_F954D1,1,10,team2,Team 2 (E/W),11,109,18,♦,finished,2026-05-18T16:33:51.403921+00:00
2074,INPROC_A8E3C3,1,10,team1,Team 1 (N/S),83,37,24,♥,finished,2026-05-18T16:33:51.417654+00:00
2075,INPROC_082BA8,1,10,team1,Team 1 (N/S),83,37,3,♣,finished,2026-05-18T16:33:51.432131+00:00
2076,INPROC_F9086E,1,10,team1,Team 1 (N/S),87,33,30,♠,finished,2026-05-18T16:33:51.445383+00:00
2077,INPROC_5896A4,1,10,team2,Team 2 (E/W),54,66,7,♣,finished,2026-05-18T16:33:51.455236+00:00
2078,INPROC_AF7C5A,1,10,team1,Team 1 (N/S),100,20,12,♦,finished,2026-05-18T16:33:51.467417+00:00
2079,INPROC_A91C95,1,10,team1,Team 1 (N/S),77,43,34,♠,finished,2026-05-18T16:33:51.482233+00:00
2080,INPROC_B0D1A0,1,10,team2,Team 2 (E/W),57,63,39,♠,finished,2026-05-18T16:33:51.498451+00:00
2081,INPROC_53C47E,1,10,team1,Team 1 (N/S),93,27,25,♥,finished,2026-05-18T16:33:51.514372+00:00
2082,INPROC_2F2F0E,1,10,team1,Team 1 (N/S),78,42,18,♦,finished,2026-05-18T16:33:51.529252+00:00
2083,INPROC_B87300,1,10,team1,Team 1 (N/S),61,59,17,♦,finished,2026-05-18T16:33:51.543798+00:00
2084,INPROC_690F97,1,10,team2,Team 2 (E/W),53,67,26,♥,finished,2026-05-18T16:33:51.558734+00:00
2085,INPROC_52450B,1,10,team2,Team 2 (E/W),45,75,7,♣,finished,2026-05-18T16:33:51.575036+00:00
2086,INPROC_FD8093,1,10,team2,Team 2 (E/W),49,71,35,♠,finished,2026-05-18T16:33:51.592082+00:00
2087,INPROC_306037,1,10,team2,Team 2 (E/W),28,92,28,♥,finished,2026-05-18T16:33:51.608690+00:00
2088,INPROC_0D869D,1,10,team1,Team 1 (N/S),62,58,30,♠,finished,2026-05-18T16:33:51.623828+00:00
2089,INPROC_61C85A,1,10,team2,Team 2 (E/W),51,69,7,♣,finished,2026-05-18T16:33:51.640623+00:00
2090,INPROC_01D3BF,1,10,team1,Team 1 (N/S),86,34,23,♥,finished,2026-05-18T16:33:51.655715+00:00
2091,INPROC_C69065,1,10,team1,Team 1 (N/S),66,54,10,♦,finished,2026-05-18T16:33:51.671138+00:00
2092,INPROC_63A278,1,10,team1,Team 1 (N/S),64,56,8,♣,finished,2026-05-18T16:33:51.686722+00:00
2093,INPROC_26F270,1,10,team1,Team 1 (N/S),101,19,35,♠,finished,2026-05-18T16:33:51.704172+00:00
2094,INPROC_C37FF8,1,10,team2,Team 2 (E/W),14,106,25,♥,finished,2026-05-18T16:33:51.721810+00:00
2095,INPROC_C5513A,1,10,team1,Team 1 (N/S),77,43,16,♦,finished,2026-05-18T16:33:51.739458+00:00
2096,INPROC_E1BFF6,1,10,team2,Team 2 (E/W),46,74,26,♥,finished,2026-05-18T16:33:51.754325+00:00
2097,INPROC_DAD600,1,10,team2,Team 2 (E/W),31,89,31,♠,finished,2026-05-18T16:33:51.770051+00:00
2098,INPROC_E28D23,1,10,team2,Team 2 (E/W),55,65,38,♠,finished,2026-05-18T16:33:51.784324+00:00
2099,INPROC_0E85EA,1,10,team1,Team 1 (N/S),63,57,22,♥,finished,2026-05-18T16:33:51.799690+00:00
2100,INPROC_977599,1,10,team1,Team 1 (N/S),84,36,13,♦,finished,2026-05-18T16:33:51.816473+00:00
2101,INPROC_30C932,1,10,team1,Team 1 (N/S),77,43,14,♦,finished,2026-05-18T16:33:51.833377+00:00
2102,INPROC_C90C21,1,10,team1,Team 1 (N/S),98,22,20,♥,finished,2026-05-18T16:33:51.850743+00:00
2103,INPROC_2656D9,1,10,team1,Team 1 (N/S),81,39,0,♣,finished,2026-05-18T16:33:51.870108+00:00
2104,INPROC_19DAA0,1,10,team1,Team 1 (N/S),98,22,26,♥,finished,2026-05-18T16:33:51.888118+00:00
2105,INPROC_5EE3EE,1,10,team2,Team 2 (E/W),28,92,21,♥,finished,2026-05-18T16:33:51.905116+00:00
2106,INPROC_379E5E,1,10,team1,Team 1 (N/S),101,19,27,♥,finished,2026-05-18T16:33:51.920329+00:00
2107,INPROC_20F724,1,10,team1,Team 1 (N/S),87,33,23,♥,finished,2026-05-18T16:33:51.936116+00:00
2108,INPROC_5263A9,1,10,team2,Team 2 (E/W),59,61,29,♥,finished,2026-05-18T16:33:51.952481+00:00
2109,INPROC_CCDBA3,1,10,team1,Team 1 (N/S),78,42,33,♠,finished,2026-05-18T16:33:51.969507+00:00
2110,INPROC_212550,1,10,team2,Team 2 (E/W),49,71,2,♣,finished,2026-05-18T16:33:51.985257+00:00
2111,INPROC_1DC518,1,10,team1,Team 1 (N/S),87,33,27,♥,finished,2026-05-18T16:33:52.001775+00:00
2112,INPROC_9BB05F,1,10,team1,Team 1 (N/S),90,30,23,♥,finished,2026-05-18T16:33:52.020422+00:00
2113,INPROC_7CD47F,1,10,team1,Team 1 (N/S),113,7,1,♣,finished,2026-05-18T16:33:52.039692+00:00
2114,INPROC_F64276,1,10,team1,Team 1 (N/S),86,34,34,♠,finished,2026-05-18T16:33:52.056690+00:00
2115,INPROC_1F7CC6,1,10,team2,Team 2 (E/W),51,69,7,♣,finished,2026-05-18T16:33:52.066014+00:00
2116,INPROC_29C8F2,1,10,draw,draw,60,60,23,♥,finished,2026-05-18T16:33:52.076994+00:00
2117,INPROC_C17E45,1,10,team1,Team 1 (N/S),81,39,34,♠,finished,2026-05-18T16:33:52.086956+00:00
2118,INPROC_DC0258,1,10,team1,Team 1 (N/S),63,57,37,♠,finished,2026-05-18T16:33:52.096603+00:00
2119,INPROC_D112D8,1,10,team2,Team 2 (E/W),54,66,20,♥,finished,2026-05-18T16:33:52.111321+00:00
2120,INPROC_38C386,1,10,team1,Team 1 (N/S),86,34,36,♠,finished,2026-05-18T16:33:52.125458+00:00
2121,INPROC_C59164,1,10,team1,Team 1 (N/S),67,53,10,♦,finished,2026-05-18T16:33:52.140856+00:00
2122,INPROC_091430,1,10,team2,Team 2 (E/W),29,91,10,♦,finished,2026-05-18T16:33:52.155738+00:00
2123,INPROC_1AF84A,1,10,team1,Team 1 (N/S),61,59,1,♣,finished,2026-05-18T16:33:52.181547+00:00
2124,INPROC_F1206B,1,10,team2,Team 2 (E/W),53,67,26,♥,finished,2026-05-18T16:33:52.200083+00:00
2125,INPROC_DAD80C,1,10,team1,Team 1 (N/S),83,37,1,♣,finished,2026-05-18T16:33:52.216476+00:00
2126,INPROC_DD92E4,1,10,team2,Team 2 (E/W),41,79,28,♥,finished,2026-05-18T16:33:52.232235+00:00
2127,INPROC_09953F,1,10,team1,Team 1 (N/S),92,28,1,♣,finished,2026-05-18T16:33:52.250680+00:00
2128,INPROC_71799A,1,10,team2,Team 2 (E/W),44,76,29,♥,finished,2026-05-18T16:33:52.268775+00:00
2129,INPROC_94D278,1,10,team1,Team 1 (N/S),75,45,6,♣,finished,2026-05-18T16:33:52.284870+00:00
2130,INPROC_99E4C2,1,10,team1,Team 1 (N/S),61,59,34,♠,finished,2026-05-18T16:33:52.301991+00:00
2131,INPROC_35D73A,1,10,team1,Team 1 (N/S),107,13,1,♣,finished,2026-05-18T16:33:52.316894+00:00
2132,INPROC_F753B9,1,10,team2,Team 2 (E/W),50,70,35,♠,finished,2026-05-18T16:33:52.332546+00:00
2133,INPROC_DA11FA,1,10,team1,Team 1 (N/S),61,59,31,♠,finished,2026-05-18T16:33:52.350640+00:00
2134,INPROC_8A7E72,1,10,team1,Team 1 (N/S),87,33,38,♠,finished,2026-05-18T16:33:52.367718+00:00
2135,INPROC_6E85CA,1,10,team2,Team 2 (E/W),28,92,29,♥,finished,2026-05-18T16:33:52.379232+00:00
2136,INPROC_3248BA,1,10,team2,Team 2 (E/W),59,61,11,♦,finished,2026-05-18T16:33:52.396199+00:00
2137,INPROC_3AD3ED,1,10,team1,Team 1 (N/S),77,43,13,♦,finished,2026-05-18T16:33:52.412921+00:00
2138,INPROC_C235D8,1,10,team1,Team 1 (N/S),73,47,23,♥,finished,2026-05-18T16:33:52.428536+00:00
2139,INPROC_15F02A,1,10,team1,Team 1 (N/S),104,16,6,♣,finished,2026-05-18T16:33:52.439609+00:00
2140,INPROC_84A56A,1,10,team1,Team 1 (N/S),70,50,24,♥,finished,2026-05-18T16:33:52.456217+00:00
2141,INPROC_57E017,1,10,team2,Team 2 (E/W),37,83,27,♥,finished,2026-05-18T16:33:52.472696+00:00
2142,INPROC_E0EA9C,1,10,team2,Team 2 (E/W),53,67,19,♦,finished,2026-05-18T16:33:52.488257+00:00
2143,INPROC_BE1BB8,1,10,team2,Team 2 (E/W),55,65,1,♣,finished,2026-05-18T16:33:52.504137+00:00
2144,INPROC_84EDF9,1,10,team1,Team 1 (N/S),76,44,25,♥,finished,2026-05-18T16:33:52.520213+00:00
2145,INPROC_09D1F2,1,10,team1,Team 1 (N/S),75,45,39,♠,finished,2026-05-18T16:33:52.533590+00:00
2146,INPROC_D0E163,1,10,team1,Team 1 (N/S),77,43,35,♠,finished,2026-05-18T16:33:52.542490+00:00
2147,INPROC_1864A4,1,10,team1,Team 1 (N/S),93,27,2,♣,finished,2026-05-18T16:33:52.552440+00:00
2148,INPROC_6C47D0,1,10,team1,Team 1 (N/S),84,36,1,♣,finished,2026-05-18T16:33:52.561830+00:00
2149,INPROC_3C3529,1,10,team1,Team 1 (N/S),77,43,29,♥,finished,2026-05-18T16:33:52.574062+00:00
2150,INPROC_9DC01E,1,10,team1,Team 1 (N/S),87,33,12,♦,finished,2026-05-18T16:33:52.590282+00:00
2151,INPROC_922C72,1,10,team1,Team 1 (N/S),97,23,23,♥,finished,2026-05-18T16:33:52.605886+00:00
2152,INPROC_306335,1,10,team1,Team 1 (N/S),64,56,35,♠,finished,2026-05-18T16:33:52.622585+00:00
2153,INPROC_431B7C,1,10,team2,Team 2 (E/W),32,88,25,♥,finished,2026-05-18T16:33:52.636285+00:00
2154,INPROC_1A7A89,1,10,team1,Team 1 (N/S),94,26,11,♦,finished,2026-05-18T16:33:52.652796+00:00
2155,INPROC_7368A7,1,10,team1,Team 1 (N/S),120,0,24,♥,finished,2026-05-18T16:33:52.670910+00:00
2156,INPROC_02CF55,1,10,team1,Team 1 (N/S),99,21,30,♠,finished,2026-05-18T16:33:52.686890+00:00
2157,INPROC_D107EE,1,10,team1,Team 1 (N/S),84,36,28,♥,finished,2026-05-18T16:33:52.707227+00:00
2158,INPROC_0FB3EF,1,10,team1,Team 1 (N/S),85,35,5,♣,finished,2026-05-18T16:33:52.724944+00:00
2159,INPROC_028B61,1,10,team2,Team 2 (E/W),46,74,34,♠,finished,2026-05-18T16:33:52.743503+00:00
2160,INPROC_6518C2,1,10,team1,Team 1 (N/S),89,31,24,♥,finished,2026-05-18T16:33:52.761816+00:00
2161,INPROC_5D1126,1,10,team1,Team 1 (N/S),66,54,0,♣,finished,2026-05-18T16:33:52.777907+00:00
2162,INPROC_641F4E,1,10,team2,Team 2 (E/W),41,79,18,♦,finished,2026-05-18T16:33:52.793052+00:00
2163,INPROC_46F4FB,1,10,team1,Team 1 (N/S),74,46,21,♥,finished,2026-05-18T16:33:52.810489+00:00
2164,INPROC_E5929D,1,10,team1,Team 1 (N/S),63,57,11,♦,finished,2026-05-18T16:33:52.828215+00:00
2165,INPROC_9E9D96,1,10,team2,Team 2 (E/W),50,70,34,♠,finished,2026-05-18T16:33:52.844921+00:00
2166,INPROC_84889A,1,10,team2,Team 2 (E/W),38,82,9,♣,finished,2026-05-18T16:33:52.860006+00:00
2167,INPROC_896C50,1,10,team1,Team 1 (N/S),78,42,21,♥,finished,2026-05-18T16:33:52.876858+00:00
2168,INPROC_F1386D,1,10,team1,Team 1 (N/S),73,47,39,♠,finished,2026-05-18T16:33:52.891404+00:00
2169,INPROC_D80351,1,10,team1,Team 1 (N/S),80,40,6,♣,finished,2026-05-18T16:33:52.907711+00:00
2170,INPROC_B5A818,1,10,team1,Team 1 (N/S),100,20,21,♥,finished,2026-05-18T16:33:52.923481+00:00
2171,INPROC_78C4AA,1,10,team1,Team 1 (N/S),91,29,22,♥,finished,2026-05-18T16:33:52.939793+00:00
2172,INPROC_8BADFD,1,10,team1,Team 1 (N/S),62,58,10,♦,finished,2026-05-18T16:33:52.955879+00:00
2173,INPROC_22F5D1,1,10,team1,Team 1 (N/S),97,23,28,♥,finished,2026-05-18T16:33:52.972136+00:00
2174,INPROC_5C970F,1,10,team1,Team 1 (N/S),78,42,36,♠,finished,2026-05-18T16:33:52.988865+00:00
2175,INPROC_934DD4,1,10,team2,Team 2 (E/W),52,68,25,♥,finished,2026-05-18T16:33:53.004791+00:00
2176,INPROC_E6BF67,1,10,team2,Team 2 (E/W),43,77,6,♣,finished,2026-05-18T16:33:53.020926+00:00
2177,INPROC_056B0E,1,10,team1,Team 1 (N/S),63,57,34,♠,finished,2026-05-18T16:33:53.036587+00:00
2178,INPROC_AC53DA,1,10,team1,Team 1 (N/S),92,28,2,♣,finished,2026-05-18T16:33:53.052308+00:00
2179,INPROC_75E380,1,10,team1,Team 1 (N/S),82,38,9,♣,finished,2026-05-18T16:33:53.069141+00:00
2180,INPROC_E13A58,1,10,team1,Team 1 (N/S),73,47,28,♥,finished,2026-05-18T16:33:53.084552+00:00
2181,INPROC_91EACF,1,10,draw,draw,60,60,19,♦,finished,2026-05-18T16:33:53.100411+00:00
2182,INPROC_440025,1,10,team1,Team 1 (N/S),97,23,3,♣,finished,2026-05-18T16:33:53.116389+00:00
2183,INPROC_A9B367,1,10,team1,Team 1 (N/S),120,0,0,♣,finished,2026-05-18T16:33:53.132167+00:00
2184,INPROC_5EDDD1,1,10,team1,Team 1 (N/S),68,52,6,♣,finished,2026-05-18T16:33:53.148396+00:00
2185,INPROC_CC1BA9,1,10,team2,Team 2 (E/W),3,117,8,♣,finished,2026-05-18T16:33:53.156904+00:00
2186,INPROC_71306A,1,10,team1,Team 1 (N/S),91,29,9,♣,finished,2026-05-18T16:33:53.166745+00:00
2187,INPROC_FD1DCF,1,10,team1,Team 1 (N/S),95,25,16,♦,finished,2026-05-18T16:33:53.175166+00:00
2188,INPROC_503EE6,1,10,team2,Team 2 (E/W),30,90,5,♣,finished,2026-05-18T16:33:53.186146+00:00
2189,INPROC_2A5CAE,1,10,team1,Team 1 (N/S),63,57,0,♣,finished,2026-05-18T16:33:53.200804+00:00
2190,INPROC_0C6B1D,1,10,team1,Team 1 (N/S),80,40,38,♠,finished,2026-05-18T16:33:53.218081+00:00
2191,INPROC_4B8932,1,10,team2,Team 2 (E/W),59,61,6,♣,finished,2026-05-18T16:33:53.233431+00:00
2192,INPROC_4DBA6D,1,10,team2,Team 2 (E/W),33,87,12,♦,finished,2026-05-18T16:33:53.249896+00:00
2193,INPROC_4B2685,1,10,team1,Team 1 (N/S),93,27,14,♦,finished,2026-05-18T16:33:53.263086+00:00
2194,INPROC_78919C,1,10,team1,Team 1 (N/S),120,0,35,♠,finished,2026-05-18T16:33:53.277771+00:00
2195,INPROC_4EFB22,1,10,team1,Team 1 (N/S),77,43,12,♦,finished,2026-05-18T16:33:53.291613+00:00
2196,INPROC_856CB9,1,10,team1,Team 1 (N/S),86,34,39,♠,finished,2026-05-18T16:33:53.306773+00:00
2197,INPROC_8482DF,1,10,draw,draw,60,60,23,♥,finished,2026-05-18T16:33:53.323493+00:00
2198,INPROC_834E89,1,10,team1,Team 1 (N/S),73,47,18,♦,finished,2026-05-18T16:33:53.339747+00:00
2199,INPROC_7149DB,1,10,team1,Team 1 (N/S),82,38,25,♥,finished,2026-05-18T16:33:53.355319+00:00
2200,INPROC_C3756F,1,10,team1,Team 1 (N/S),62,58,32,♠,finished,2026-05-18T16:33:53.374590+00:00
2201,INPROC_8FBB79,1,10,team2,Team 2 (E/W),34,86,5,♣,finished,2026-05-18T16:33:53.390656+00:00
2202,INPROC_38071F,1,10,team2,Team 2 (E/W),30,90,27,♥,finished,2026-05-18T16:33:53.407364+00:00
2203,INPROC_312AE2,1,10,team2,Team 2 (E/W),46,74,38,♠,finished,2026-05-18T16:33:53.421579+00:00
2204,INPROC_6D058D,1,10,team1,Team 1 (N/S),71,49,35,♠,finished,2026-05-18T16:33:53.435142+00:00
2205,INPROC_781F61,1,10,team2,Team 2 (E/W),42,78,17,♦,finished,2026-05-18T16:33:53.449965+00:00
2206,INPROC_8F285C,1,10,team1,Team 1 (N/S),82,38,4,♣,finished,2026-05-18T16:33:53.463996+00:00
2207,INPROC_BFAC04,1,10,team2,Team 2 (E/W),17,103,33,♠,finished,2026-05-18T16:33:53.479028+00:00
2208,INPROC_0B705C,1,10,team1,Team 1 (N/S),112,8,30,♠,finished,2026-05-18T16:33:53.493564+00:00
2209,INPROC_39BCF4,1,10,team1,Team 1 (N/S),66,54,1,♣,finished,2026-05-18T16:33:53.507204+00:00
2210,INPROC_96783E,1,10,team2,Team 2 (E/W),48,72,14,♦,finished,2026-05-18T16:33:53.522368+00:00
2211,INPROC_C7A712,1,10,team1,Team 1 (N/S),76,44,35,♠,finished,2026-05-18T16:33:53.538297+00:00
2212,INPROC_3DCE3B,1,10,team1,Team 1 (N/S),88,32,12,♦,finished,2026-05-18T16:33:53.552702+00:00
2213,INPROC_2A6D47,1,10,team1,Team 1 (N/S),90,30,1,♣,finished,2026-05-18T16:33:53.563461+00:00
2214,INPROC_2577BC,1,10,team1,Team 1 (N/S),109,11,36,♠,finished,2026-05-18T16:33:53.572929+00:00
2215,INPROC_D37507,1,10,team1,Team 1 (N/S),104,16,21,♥,finished,2026-05-18T16:33:53.583267+00:00
2216,INPROC_3F5BFD,1,10,team2,Team 2 (E/W),41,79,23,♥,finished,2026-05-18T16:33:53.599399+00:00
2217,INPROC_694F0A,1,10,team1,Team 1 (N/S),114,6,10,♦,finished,2026-05-18T16:33:53.617287+00:00
2218,INPROC_98F9AA,1,10,team2,Team 2 (E/W),37,83,33,♠,finished,2026-05-18T16:33:53.632623+00:00
2219,INPROC_092DE1,1,10,team1,Team 1 (N/S),73,47,33,♠,finished,2026-05-18T16:33:53.646753+00:00
2220,INPROC_B0BB23,1,10,team1,Team 1 (N/S),73,47,0,♣,finished,2026-05-18T16:33:53.661798+00:00
2221,INPROC_66AFD9,1,10,team1,Team 1 (N/S),85,35,20,♥,finished,2026-05-18T16:33:53.679578+00:00
2222,INPROC_1C7EA5,1,10,team2,Team 2 (E/W),47,73,23,♥,finished,2026-05-18T16:33:53.695562+00:00
2223,INPROC_EBCFF2,1,10,team1,Team 1 (N/S),62,58,11,♦,finished,2026-05-18T16:33:53.713277+00:00
2224,INPROC_76D79F,1,10,team2,Team 2 (E/W),58,62,10,♦,finished,2026-05-18T16:33:53.727717+00:00
2225,INPROC_084ED4,1,10,team1,Team 1 (N/S),84,36,17,♦,finished,2026-05-18T16:33:53.741095+00:00
2226,INPROC_2F1F5D,1,10,team1,Team 1 (N/S),96,24,20,♥,finished,2026-05-18T16:33:53.756303+00:00
2227,INPROC_A19F54,1,10,team2,Team 2 (E/W),26,94,17,♦,finished,2026-05-18T16:33:53.770748+00:00
2228,INPROC_E0BCF8,1,10,team1,Team 1 (N/S),94,26,21,♥,finished,2026-05-18T16:33:53.784034+00:00
2229,INPROC_936A6F,1,10,team1,Team 1 (N/S),66,54,28,♥,finished,2026-05-18T16:33:53.799526+00:00
2230,INPROC_B28BC0,1,10,team1,Team 1 (N/S),66,54,16,♦,finished,2026-05-18T16:33:53.815663+00:00
2231,INPROC_9DAE80,1,10,team1,Team 1 (N/S),81,39,22,♥,finished,2026-05-18T16:33:53.829301+00:00
2232,INPROC_818326,1,10,team2,Team 2 (E/W),52,68,5,♣,finished,2026-05-18T16:33:53.838401+00:00
2233,INPROC_1ECE94,1,10,team2,Team 2 (E/W),42,78,19,♦,finished,2026-05-18T16:33:53.855893+00:00
2234,INPROC_F6B80D,1,10,team1,Team 1 (N/S),95,25,9,♣,finished,2026-05-18T16:33:53.872649+00:00
2235,INPROC_D52CF4,1,10,team2,Team 2 (E/W),55,65,28,♥,finished,2026-05-18T16:33:53.889635+00:00
2236,INPROC_ABDF2B,1,10,team1,Team 1 (N/S),80,40,0,♣,finished,2026-05-18T16:33:53.904519+00:00
2237,INPROC_102F74,1,10,team1,Team 1 (N/S),82,38,36,♠,finished,2026-05-18T16:33:53.920646+00:00
2238,INPROC_0BD908,1,10,team2,Team 2 (E/W),47,73,1,♣,finished,2026-05-18T16:33:53.936677+00:00
2239,INPROC_C481A9,1,10,team1,Team 1 (N/S),71,49,29,♥,finished,2026-05-18T16:33:53.952293+00:00
2240,INPROC_2CAEB3,1,10,team1,Team 1 (N/S),94,26,22,♥,finished,2026-05-18T16:33:53.968583+00:00
2241,INPROC_60E99E,1,10,team1,Team 1 (N/S),75,45,8,♣,finished,2026-05-18T16:33:53.984398+00:00
2242,INPROC_B919DB,1,10,team2,Team 2 (E/W),22,98,33,♠,finished,2026-05-18T16:33:53.998426+00:00
2243,INPROC_5BE9FF,1,10,team1,Team 1 (N/S),77,43,24,♥,finished,2026-05-18T16:33:54.015001+00:00
2244,INPROC_43940B,1,10,team1,Team 1 (N/S),88,32,0,♣,finished,2026-05-18T16:33:54.028825+00:00
2245,INPROC_7FD604,1,10,team1,Team 1 (N/S),90,30,10,♦,finished,2026-05-18T16:33:54.043148+00:00
2246,INPROC_A51E02,1,10,team1,Team 1 (N/S),120,0,20,♥,finished,2026-05-18T16:33:54.059859+00:00
2247,INPROC_319FDD,1,10,team2,Team 2 (E/W),44,76,33,♠,finished,2026-05-18T16:33:54.073109+00:00
2248,INPROC_B93300,1,10,team1,Team 1 (N/S),81,39,16,♦,finished,2026-05-18T16:33:54.088376+00:00
2249,INPROC_04888B,1,10,team1,Team 1 (N/S),79,41,20,♥,finished,2026-05-18T16:33:54.102351+00:00
2250,INPROC_7D9B9C,1,10,team1,Team 1 (N/S),66,54,5,♣,finished,2026-05-18T16:33:54.115177+00:00
2251,INPROC_B39AC8,1,10,team1,Team 1 (N/S),74,46,5,♣,finished,2026-05-18T16:33:54.128812+00:00
2252,INPROC_185166,1,10,team1,Team 1 (N/S),106,14,11,♦,finished,2026-05-18T16:33:54.143671+00:00
2253,INPROC_363F95,1,10,team1,Team 1 (N/S),95,25,11,♦,finished,2026-05-18T16:33:54.159087+00:00
2254,INPROC_A2DFFE,1,10,team2,Team 2 (E/W),55,65,0,♣,finished,2026-05-18T16:33:54.175443+00:00
2255,INPROC_E68271,1,10,team2,Team 2 (E/W),56,64,14,♦,finished,2026-05-18T16:33:54.189920+00:00
2256,INPROC_6B81AE,1,10,team1,Team 1 (N/S),68,52,18,♦,finished,2026-05-18T16:33:54.202433+00:00
2257,INPROC_4C6E72,1,10,team2,Team 2 (E/W),43,77,39,♠,finished,2026-05-18T16:33:54.213865+00:00
2258,INPROC_50878D,1,10,team2,Team 2 (E/W),30,90,11,♦,finished,2026-05-18T16:33:54.223221+00:00
2259,INPROC_A91ADA,1,10,team1,Team 1 (N/S),84,36,20,♥,finished,2026-05-18T16:33:54.233335+00:00
2260,INPROC_46DEAA,1,10,team2,Team 2 (E/W),51,69,16,♦,finished,2026-05-18T16:33:54.245840+00:00
2261,INPROC_B049C4,1,10,team1,Team 1 (N/S),97,23,4,♣,finished,2026-05-18T16:33:54.261314+00:00
2262,INPROC_44E1DB,1,10,team2,Team 2 (E/W),43,77,9,♣,finished,2026-05-18T16:33:54.276496+00:00
2263,INPROC_4BB8D7,1,10,team1,Team 1 (N/S),99,21,1,♣,finished,2026-05-18T16:33:54.291929+00:00
2264,INPROC_B67DA7,1,10,team1,Team 1 (N/S),100,20,22,♥,finished,2026-05-18T16:33:54.308717+00:00
2265,INPROC_57DBC3,1,10,draw,draw,60,60,36,♠,finished,2026-05-18T16:33:54.324428+00:00
2266,INPROC_6F272C,1,10,team2,Team 2 (E/W),52,68,2,♣,finished,2026-05-18T16:33:54.340188+00:00
2267,INPROC_0682A3,1,10,team1,Team 1 (N/S),82,38,36,♠,finished,2026-05-18T16:33:54.359719+00:00
2268,INPROC_F4B7A4,1,10,team1,Team 1 (N/S),70,50,37,♠,finished,2026-05-18T16:33:54.375988+00:00
2269,INPROC_819B62,1,10,team1,Team 1 (N/S),76,44,2,♣,finished,2026-05-18T16:33:54.393754+00:00
2270,INPROC_FB41EB,1,10,team1,Team 1 (N/S),95,25,24,♥,finished,2026-05-18T16:33:54.406973+00:00
2271,INPROC_9B206C,1,10,team2,Team 2 (E/W),49,71,28,♥,finished,2026-05-18T16:33:54.422650+00:00
2272,INPROC_762731,1,10,team1,Team 1 (N/S),76,44,17,♦,finished,2026-05-18T16:33:54.440936+00:00
2273,INPROC_3B5614,1,10,team2,Team 2 (E/W),18,102,18,♦,finished,2026-05-18T16:33:54.454251+00:00
2274,INPROC_2E2BF3,1,10,team1,Team 1 (N/S),80,40,29,♥,finished,2026-05-18T16:33:54.470876+00:00
2275,INPROC_49C6C9,1,10,team1,Team 1 (N/S),68,52,30,♠,finished,2026-05-18T16:33:54.485329+00:00
2276,INPROC_907A27,1,10,team2,Team 2 (E/W),40,80,39,♠,finished,2026-05-18T16:33:54.502292+00:00
2277,INPROC_98BA1E,1,10,team2,Team 2 (E/W),50,70,12,♦,finished,2026-05-18T16:33:54.516988+00:00
2278,INPROC_C8A17C,1,10,team1,Team 1 (N/S),81,39,23,♥,finished,2026-05-18T16:33:54.534078+00:00
2279,INPROC_B5438C,1,10,team1,Team 1 (N/S),80,40,38,♠,finished,2026-05-18T16:33:54.550720+00:00
2280,INPROC_204769,1,10,team1,Team 1 (N/S),98,22,13,♦,finished,2026-05-18T16:33:54.566294+00:00
2281,INPROC_286136,1,10,team1,Team 1 (N/S),73,47,1,♣,finished,2026-05-18T16:33:54.581051+00:00
2282,INPROC_C3E47D,1,10,team1,Team 1 (N/S),81,39,16,♦,finished,2026-05-18T16:33:54.597360+00:00
2283,INPROC_927B9F,1,10,team2,Team 2 (E/W),59,61,23,♥,finished,2026-05-18T16:33:54.615408+00:00
2284,INPROC_09CF08,1,10,team1,Team 1 (N/S),101,19,13,♦,finished,2026-05-18T16:33:54.629942+00:00
2285,INPROC_A727C1,1,10,team1,Team 1 (N/S),66,54,12,♦,finished,2026-05-18T16:33:54.646278+00:00
2286,INPROC_F6749B,1,10,team2,Team 2 (E/W),52,68,26,♥,finished,2026-05-18T16:33:54.661646+00:00
2287,INPROC_3286A6,1,10,team1,Team 1 (N/S),61,59,32,♠,finished,2026-05-18T16:33:54.679428+00:00
2288,INPROC_8E9AC3,1,10,team1,Team 1 (N/S),69,51,21,♥,finished,2026-05-18T16:33:54.697067+00:00
2289,INPROC_E9463A,1,10,team1,Team 1 (N/S),107,13,0,♣,finished,2026-05-18T16:33:54.713973+00:00
2290,INPROC_8FCBE2,1,10,team2,Team 2 (E/W),46,74,0,♣,finished,2026-05-18T16:33:54.730702+00:00
2291,INPROC_61CDA0,1,10,team1,Team 1 (N/S),94,26,37,♠,finished,2026-05-18T16:33:54.746463+00:00
2292,INPROC_0376CD,1,10,team2,Team 2 (E/W),57,63,16,♦,finished,2026-05-18T16:33:54.760430+00:00
2293,INPROC_4CC6AA,1,10,team1,Team 1 (N/S),101,19,27,♥,finished,2026-05-18T16:33:54.775077+00:00
2294,INPROC_BA1E4F,1,10,team1,Team 1 (N/S),78,42,9,♣,finished,2026-05-18T16:33:54.792208+00:00
2295,INPROC_020FED,1,10,team2,Team 2 (E/W),49,71,13,♦,finished,2026-05-18T16:33:54.805691+00:00
2296,INPROC_2CD4D3,1,10,team2,Team 2 (E/W),59,61,15,♦,finished,2026-05-18T16:33:54.821281+00:00
2297,INPROC_ADC1E2,1,10,team1,Team 1 (N/S),69,51,28,♥,finished,2026-05-18T16:33:54.837391+00:00
2298,INPROC_5720B6,1,10,team1,Team 1 (N/S),80,40,36,♠,finished,2026-05-18T16:33:54.853671+00:00
2299,INPROC_156E3F,1,10,team1,Team 1 (N/S),80,40,19,♦,finished,2026-05-18T16:33:54.870726+00:00
2300,INPROC_DAEE45,1,10,team1,Team 1 (N/S),99,21,13,♦,finished,2026-05-18T16:33:54.886771+00:00
2301,INPROC_FC21BF,1,10,team1,Team 1 (N/S),83,37,31,♠,finished,2026-05-18T16:33:54.902996+00:00
2302,INPROC_9D5C3B,1,10,team2,Team 2 (E/W),57,63,20,♥,finished,2026-05-18T16:33:54.919486+00:00
2303,INPROC_938BA4,1,10,team1,Team 1 (N/S),73,47,5,♣,finished,2026-05-18T16:33:54.935591+00:00
2304,INPROC_80BE0F,1,10,team2,Team 2 (E/W),46,74,0,♣,finished,2026-05-18T16:33:54.951438+00:00
2305,INPROC_DC8D7C,1,10,team1,Team 1 (N/S),72,48,10,♦,finished,2026-05-18T16:33:54.967167+00:00
2306,INPROC_5FD15C,1,10,team2,Team 2 (E/W),47,73,5,♣,finished,2026-05-18T16:33:54.983830+00:00
2307,INPROC_3BBCE4,1,10,team1,Team 1 (N/S),70,50,9,♣,finished,2026-05-18T16:33:54.999889+00:00
2308,INPROC_92B6AB,1,10,team1,Team 1 (N/S),80,40,15,♦,finished,2026-05-18T16:33:55.016215+00:00
2309,INPROC_A7DE5F,1,10,team2,Team 2 (E/W),34,86,29,♥,finished,2026-05-18T16:33:55.032956+00:00
2310,INPROC_307C11,1,10,team2,Team 2 (E/W),11,109,17,♦,finished,2026-05-18T16:33:55.045977+00:00
2311,INPROC_39E05A,1,10,team1,Team 1 (N/S),96,24,20,♥,finished,2026-05-18T16:33:55.062448+00:00
2312,INPROC_415E17,1,10,team2,Team 2 (E/W),37,83,11,♦,finished,2026-05-18T16:33:55.077029+00:00
2313,INPROC_7D0DAD,1,10,team1,Team 1 (N/S),69,51,26,♥,finished,2026-05-18T16:33:55.094051+00:00
2314,INPROC_95BAA6,1,10,team1,Team 1 (N/S),70,50,30,♠,finished,2026-05-18T16:33:55.109163+00:00
2315,INPROC_D0D7E0,1,10,team2,Team 2 (E/W),35,85,33,♠,finished,2026-05-18T16:33:55.124182+00:00
2316,INPROC_B78729,1,10,team1,Team 1 (N/S),63,57,31,♠,finished,2026-05-18T16:33:55.133856+00:00
2317,INPROC_2B555B,1,10,team1,Team 1 (N/S),74,46,27,♥,finished,2026-05-18T16:33:55.149028+00:00
2318,INPROC_E105C5,1,10,team1,Team 1 (N/S),106,14,13,♦,finished,2026-05-18T16:33:55.164106+00:00
2319,INPROC_9942EB,1,10,team1,Team 1 (N/S),70,50,26,♥,finished,2026-05-18T16:33:55.179755+00:00
2320,INPROC_C9E5CA,1,10,team2,Team 2 (E/W),37,83,31,♠,finished,2026-05-18T16:33:55.195145+00:00
2321,INPROC_657025,1,10,team1,Team 1 (N/S),83,37,28,♥,finished,2026-05-18T16:33:55.210450+00:00
2322,INPROC_5E07B8,1,10,team1,Team 1 (N/S),89,31,14,♦,finished,2026-05-18T16:33:55.226966+00:00
2323,INPROC_46492D,1,10,team2,Team 2 (E/W),56,64,17,♦,finished,2026-05-18T16:33:55.249034+00:00
2324,INPROC_0D6550,1,10,team2,Team 2 (E/W),48,72,27,♥,finished,2026-05-18T16:33:55.270918+00:00
2325,INPROC_202158,1,10,team1,Team 1 (N/S),64,56,12,♦,finished,2026-05-18T16:33:55.290870+00:00
2326,INPROC_70E132,1,10,team2,Team 2 (E/W),44,76,36,♠,finished,2026-05-18T16:33:55.306613+00:00
2327,INPROC_BA2CB0,1,10,team2,Team 2 (E/W),29,91,23,♥,finished,2026-05-18T16:33:55.322807+00:00
2328,INPROC_8922D7,1,10,team2,Team 2 (E/W),28,92,37,♠,finished,2026-05-18T16:33:55.337884+00:00
2329,INPROC_18D44D,1,10,team2,Team 2 (E/W),35,85,38,♠,finished,2026-05-18T16:33:55.352932+00:00
2330,INPROC_2A9600,1,10,team1,Team 1 (N/S),66,54,13,♦,finished,2026-05-18T16:33:55.368991+00:00
2331,INPROC_63FCF4,1,10,team2,Team 2 (E/W),55,65,15,♦,finished,2026-05-18T16:33:55.383434+00:00
2332,INPROC_8F5860,1,10,team1,Team 1 (N/S),75,45,18,♦,finished,2026-05-18T16:33:55.398193+00:00
2333,INPROC_558BE3,1,10,team2,Team 2 (E/W),36,84,14,♦,finished,2026-05-18T16:33:55.412801+00:00
2334,INPROC_5D0818,1,10,team1,Team 1 (N/S),64,56,28,♥,finished,2026-05-18T16:33:55.432756+00:00
2335,INPROC_075C92,1,10,team2,Team 2 (E/W),23,97,29,♥,finished,2026-05-18T16:33:55.448638+00:00
2336,INPROC_51D05D,1,10,team1,Team 1 (N/S),109,11,4,♣,finished,2026-05-18T16:33:55.467008+00:00
2337,INPROC_AD9367,1,10,team1,Team 1 (N/S),62,58,14,♦,finished,2026-05-18T16:33:55.483646+00:00
2338,INPROC_D9F3CB,1,10,team1,Team 1 (N/S),83,37,25,♥,finished,2026-05-18T16:33:55.498002+00:00
2339,INPROC_064CB9,1,10,team2,Team 2 (E/W),37,83,5,♣,finished,2026-05-18T16:33:55.514934+00:00
2340,INPROC_9C94A7,1,10,team1,Team 1 (N/S),69,51,24,♥,finished,2026-05-18T16:33:55.529992+00:00
2341,INPROC_76B237,1,10,team1,Team 1 (N/S),82,38,25,♥,finished,2026-05-18T16:33:55.546696+00:00
2342,INPROC_C1F8E4,1,10,team2,Team 2 (E/W),43,77,20,♥,finished,2026-05-18T16:33:55.562336+00:00
2343,INPROC_4D5C41,1,10,team1,Team 1 (N/S),84,36,23,♥,finished,2026-05-18T16:33:55.577739+00:00
2344,INPROC_18D828,1,10,team1,Team 1 (N/S),110,10,24,♥,finished,2026-05-18T16:33:55.593243+00:00
2345,INPROC_1101B7,1,10,team1,Team 1 (N/S),65,55,19,♦,finished,2026-05-18T16:33:55.605050+00:00
2346,INPROC_114678,1,10,team1,Team 1 (N/S),120,0,14,♦,finished,2026-05-18T16:33:55.620710+00:00
2347,INPROC_C51A14,1,10,team2,Team 2 (E/W),46,74,1,♣,finished,2026-05-18T16:33:55.635169+00:00
2348,INPROC_3E9CC7,1,10,team2,Team 2 (E/W),53,67,29,♥,finished,2026-05-18T16:33:55.650775+00:00
2349,INPROC_CAD902,1,10,team2,Team 2 (E/W),54,66,22,♥,finished,2026-05-18T16:33:55.664009+00:00
2350,INPROC_F5F35B,1,10,team2,Team 2 (E/W),42,78,39,♠,finished,2026-05-18T16:33:55.680986+00:00
2351,INPROC_6FD021,1,10,team1,Team 1 (N/S),104,16,1,♣,finished,2026-05-18T16:33:55.696619+00:00
2352,INPROC_656FD1,1,10,team1,Team 1 (N/S),65,55,12,♦,finished,2026-05-18T16:33:55.713283+00:00
2353,INPROC_3DD3EF,1,10,team1,Team 1 (N/S),69,51,0,♣,finished,2026-05-18T16:33:55.728392+00:00
2354,INPROC_5C5DB8,1,10,team1,Team 1 (N/S),94,26,6,♣,finished,2026-05-18T16:33:55.743137+00:00
2355,INPROC_2EB16D,1,10,team1,Team 1 (N/S),92,28,7,♣,finished,2026-05-18T16:33:55.756485+00:00
2356,INPROC_0853CA,1,10,team1,Team 1 (N/S),82,38,36,♠,finished,2026-05-18T16:33:55.772478+00:00
2357,INPROC_4AD38E,1,10,team1,Team 1 (N/S),66,54,21,♥,finished,2026-05-18T16:33:55.788259+00:00
2358,INPROC_DC99C5,1,10,team2,Team 2 (E/W),15,105,18,♦,finished,2026-05-18T16:33:55.803178+00:00
2359,INPROC_18835A,1,10,team1,Team 1 (N/S),93,27,7,♣,finished,2026-05-18T16:33:55.820324+00:00
2360,INPROC_E92D74,1,10,team1,Team 1 (N/S),82,38,22,♥,finished,2026-05-18T16:33:55.835686+00:00
2361,INPROC_EFEE6D,1,10,team2,Team 2 (E/W),44,76,4,♣,finished,2026-05-18T16:33:55.851007+00:00
2362,INPROC_0BB3C5,1,10,team2,Team 2 (E/W),36,84,26,♥,finished,2026-05-18T16:33:55.865291+00:00
2363,INPROC_81E4B2,1,10,team1,Team 1 (N/S),87,33,18,♦,finished,2026-05-18T16:33:55.882612+00:00
2364,INPROC_70F85F,1,10,team2,Team 2 (E/W),58,62,35,♠,finished,2026-05-18T16:33:55.900238+00:00
2365,INPROC_BD8302,1,10,team2,Team 2 (E/W),47,73,26,♥,finished,2026-05-18T16:33:55.916905+00:00
2366,INPROC_2B9440,1,10,team1,Team 1 (N/S),98,22,16,♦,finished,2026-05-18T16:33:55.932596+00:00
2367,INPROC_09F096,1,10,team2,Team 2 (E/W),54,66,31,♠,finished,2026-05-18T16:33:55.947249+00:00
2368,INPROC_857D1D,1,10,team1,Team 1 (N/S),83,37,8,♣,finished,2026-05-18T16:33:55.963690+00:00
2369,INPROC_A2487E,1,10,team2,Team 2 (E/W),50,70,9,♣,finished,2026-05-18T16:33:55.979424+00:00
2370,INPROC_398427,1,10,team1,Team 1 (N/S),93,27,22,♥,finished,2026-05-18T16:33:55.995438+00:00
2371,INPROC_4C6FE0,1,10,team1,Team 1 (N/S),69,51,24,♥,finished,2026-05-18T16:33:56.013769+00:00
2372,INPROC_B60E5B,1,10,team1,Team 1 (N/S),79,41,8,♣,finished,2026-05-18T16:33:56.030992+00:00
2373,INPROC_042D73,1,10,team1,Team 1 (N/S),64,56,1,♣,finished,2026-05-18T16:33:56.046245+00:00
2374,INPROC_E2A5A1,1,10,team2,Team 2 (E/W),56,64,15,♦,finished,2026-05-18T16:33:56.060693+00:00
2375,INPROC_375415,1,10,team2,Team 2 (E/W),58,62,39,♠,finished,2026-05-18T16:33:56.076570+00:00
2376,INPROC_4156E3,1,10,draw,draw,60,60,16,♦,finished,2026-05-18T16:33:56.090096+00:00
2377,INPROC_138129,1,10,team2,Team 2 (E/W),53,67,34,♠,finished,2026-05-18T16:33:56.105511+00:00
2378,INPROC_A94E4E,1,10,draw,draw,60,60,26,♥,finished,2026-05-18T16:33:56.122044+00:00
2379,INPROC_27368A,1,10,team2,Team 2 (E/W),40,80,35,♠,finished,2026-05-18T16:33:56.137545+00:00
2380,INPROC_4FEA5E,1,10,team1,Team 1 (N/S),102,18,31,♠,finished,2026-05-18T16:33:56.152206+00:00
2381,INPROC_BB1489,1,10,team2,Team 2 (E/W),58,62,27,♥,finished,2026-05-18T16:33:56.167623+00:00
2382,INPROC_42F53D,1,10,team1,Team 1 (N/S),84,36,16,♦,finished,2026-05-18T16:33:56.180901+00:00
2383,INPROC_6CAA79,1,10,team1,Team 1 (N/S),77,43,0,♣,finished,2026-05-18T16:33:56.196053+00:00
2384,INPROC_8812B2,1,10,team1,Team 1 (N/S),83,37,21,♥,finished,2026-05-18T16:33:56.208929+00:00
2385,INPROC_10CBA6,1,10,team1,Team 1 (N/S),86,34,17,♦,finished,2026-05-18T16:33:56.224116+00:00
2386,INPROC_10D952,1,10,team2,Team 2 (E/W),33,87,25,♥,finished,2026-05-18T16:33:56.239976+00:00
2387,INPROC_C4D963,1,10,team1,Team 1 (N/S),71,49,3,♣,finished,2026-05-18T16:33:56.255315+00:00
2388,INPROC_B84C24,1,10,team1,Team 1 (N/S),64,56,0,♣,finished,2026-05-18T16:33:56.271477+00:00
2389,INPROC_F969EF,1,10,team1,Team 1 (N/S),104,16,25,♥,finished,2026-05-18T16:33:56.286437+00:00
2390,INPROC_B9275C,1,10,team2,Team 2 (E/W),55,65,35,♠,finished,2026-05-18T16:33:56.301332+00:00
2391,INPROC_A0CCA7,1,10,team2,Team 2 (E/W),40,80,27,♥,finished,2026-05-18T16:33:56.318236+00:00
2392,INPROC_8853C6,1,10,team1,Team 1 (N/S),66,54,1,♣,finished,2026-05-18T16:33:56.334812+00:00
2393,INPROC_D73DFF,1,10,team1,Team 1 (N/S),62,58,13,♦,finished,2026-05-18T16:33:56.347303+00:00
2394,INPROC_DD63C6,1,10,team2,Team 2 (E/W),44,76,15,♦,finished,2026-05-18T16:33:56.358946+00:00
2395,INPROC_886E5F,1,10,team2,Team 2 (E/W),38,82,33,♠,finished,2026-05-18T16:33:56.372526+00:00
2396,INPROC_5F0F42,1,10,team1,Team 1 (N/S),64,56,39,♠,finished,2026-05-18T16:33:56.386042+00:00
2397,INPROC_46C70E,1,10,team1,Team 1 (N/S),86,34,28,♥,finished,2026-05-18T16:33:56.399841+00:00
2398,INPROC_F625BC,1,10,team1,Team 1 (N/S),65,55,7,♣,finished,2026-05-18T16:33:56.414300+00:00
2399,INPROC_EDCB7B,1,10,team1,Team 1 (N/S),63,57,13,♦,finished,2026-05-18T16:33:56.429979+00:00
2400,INPROC_F6E571,1,10,team1,Team 1 (N/S),74,46,39,♠,finished,2026-05-18T16:33:56.444605+00:00
2401,INPROC_42FF53,1,10,team1,Team 1 (N/S),75,45,33,♠,finished,2026-05-18T16:33:56.469479+00:00
2402,INPROC_1798D8,1,10,team2,Team 2 (E/W),48,72,35,♠,finished,2026-05-18T16:33:56.484358+00:00
2403,INPROC_365DCC,1,10,team2,Team 2 (E/W),36,84,19,♦,finished,2026-05-18T16:33:56.496321+00:00
2404,INPROC_7D21B7,1,10,team2,Team 2 (E/W),46,74,8,♣,finished,2026-05-18T16:33:56.511325+00:00
2405,INPROC_75E8CC,1,10,team1,Team 1 (N/S),90,30,29,♥,finished,2026-05-18T16:33:56.525718+00:00
2406,INPROC_5EDE12,1,10,team2,Team 2 (E/W),59,61,24,♥,finished,2026-05-18T16:33:56.543218+00:00
2407,INPROC_8CB6BC,1,10,team1,Team 1 (N/S),104,16,34,♠,finished,2026-05-18T16:33:56.559810+00:00
2408,INPROC_283D55,1,10,team2,Team 2 (E/W),52,68,30,♠,finished,2026-05-18T16:33:56.572975+00:00
2409,INPROC_684591,1,10,team2,Team 2 (E/W),20,100,39,♠,finished,2026-05-18T16:33:56.589578+00:00
2410,INPROC_406F14,1,10,team1,Team 1 (N/S),70,50,22,♥,finished,2026-05-18T16:33:56.607910+00:00
2411,INPROC_4D9B3E,1,10,team2,Team 2 (E/W),32,88,4,♣,finished,2026-05-18T16:33:56.624572+00:00
2412,INPROC_D78A90,1,10,team1,Team 1 (N/S),78,42,8,♣,finished,2026-05-18T16:33:56.639280+00:00
2413,INPROC_EA3E72,1,10,team1,Team 1 (N/S),94,26,33,♠,finished,2026-05-18T16:33:56.655762+00:00
2414,INPROC_6E92F9,1,10,team1,Team 1 (N/S),63,57,18,♦,finished,2026-05-18T16:33:56.671156+00:00
2415,INPROC_102239,1,10,team2,Team 2 (E/W),26,94,14,♦,finished,2026-05-18T16:33:56.684191+00:00
2416,INPROC_8B5EF1,1,10,team1,Team 1 (N/S),94,26,15,♦,finished,2026-05-18T16:33:56.698098+00:00
2417,INPROC_73000C,1,10,team1,Team 1 (N/S),76,44,31,♠,finished,2026-05-18T16:33:56.712041+00:00
2418,INPROC_4BF0E4,1,10,team2,Team 2 (E/W),49,71,38,♠,finished,2026-05-18T16:33:56.726209+00:00
2419,INPROC_CDCC7D,1,10,team1,Team 1 (N/S),81,39,27,♥,finished,2026-05-18T16:33:56.741238+00:00
2420,INPROC_874BA2,1,10,team2,Team 2 (E/W),44,76,38,♠,finished,2026-05-18T16:33:56.758093+00:00
2421,INPROC_4A4788,1,10,team1,Team 1 (N/S),85,35,36,♠,finished,2026-05-18T16:33:56.773650+00:00
2422,INPROC_7A4541,1,10,team1,Team 1 (N/S),65,55,8,♣,finished,2026-05-18T16:33:56.790158+00:00
2423,INPROC_BBCF75,1,10,team1,Team 1 (N/S),69,51,15,♦,finished,2026-05-18T16:33:56.805155+00:00
2424,INPROC_32A789,1,10,team2,Team 2 (E/W),58,62,23,♥,finished,2026-05-18T16:33:56.819274+00:00
2425,INPROC_D9902E,1,10,team2,Team 2 (E/W),44,76,25,♥,finished,2026-05-18T16:33:56.832962+00:00
2426,INPROC_7A5B4A,1,10,team2,Team 2 (E/W),30,90,2,♣,finished,2026-05-18T16:33:56.847902+00:00
2427,INPROC_6EBE11,1,10,team2,Team 2 (E/W),19,101,15,♦,finished,2026-05-18T16:33:56.865024+00:00
2428,INPROC_88D196,1,10,team2,Team 2 (E/W),25,95,28,♥,finished,2026-05-18T16:33:56.878552+00:00
2429,INPROC_5A4581,1,10,team1,Team 1 (N/S),75,45,36,♠,finished,2026-05-18T16:33:56.895419+00:00
2430,INPROC_4035AD,1,10,team1,Team 1 (N/S),72,48,7,♣,finished,2026-05-18T16:33:56.911439+00:00
2431,INPROC_49C4AF,1,10,team1,Team 1 (N/S),91,29,5,♣,finished,2026-05-18T16:33:56.927877+00:00
2432,INPROC_EB7E9E,1,10,team2,Team 2 (E/W),53,67,19,♦,finished,2026-05-18T16:33:56.945411+00:00
2433,INPROC_4D8DF7,1,10,team2,Team 2 (E/W),58,62,29,♥,finished,2026-05-18T16:33:56.963346+00:00
2434,INPROC_59175C,1,10,team1,Team 1 (N/S),66,54,13,♦,finished,2026-05-18T16:33:56.979160+00:00
2435,INPROC_06E9ED,1,10,team1,Team 1 (N/S),114,6,0,♣,finished,2026-05-18T16:33:56.993815+00:00
2436,INPROC_BA5048,1,10,team1,Team 1 (N/S),64,56,7,♣,finished,2026-05-18T16:33:57.010448+00:00
2437,INPROC_EFCE45,1,10,team1,Team 1 (N/S),79,41,25,♥,finished,2026-05-18T16:33:57.026451+00:00
2438,INPROC_2EE4E5,1,10,team2,Team 2 (E/W),55,65,28,♥,finished,2026-05-18T16:33:57.043248+00:00
2439,INPROC_5E2873,1,10,team1,Team 1 (N/S),84,36,39,♠,finished,2026-05-18T16:33:57.060630+00:00
2440,INPROC_8967D2,1,10,team2,Team 2 (E/W),34,86,16,♦,finished,2026-05-18T16:33:57.074297+00:00
2441,INPROC_306EDA,1,10,team1,Team 1 (N/S),105,15,15,♦,finished,2026-05-18T16:33:57.088071+00:00
2442,INPROC_A8A881,1,10,team1,Team 1 (N/S),99,21,34,♠,finished,2026-05-18T16:33:57.103238+00:00
2443,INPROC_CD4B4C,1,10,team1,Team 1 (N/S),120,0,34,♠,finished,2026-05-18T16:33:57.117864+00:00
2444,INPROC_9B2CB4,1,10,team1,Team 1 (N/S),62,58,4,♣,finished,2026-05-18T16:33:57.135824+00:00
2445,INPROC_8F3CA4,1,10,team1,Team 1 (N/S),75,45,5,♣,finished,2026-05-18T16:33:57.153576+00:00
2446,INPROC_4ACDEF,1,10,team2,Team 2 (E/W),36,84,4,♣,finished,2026-05-18T16:33:57.167970+00:00
2447,INPROC_754F44,1,10,team1,Team 1 (N/S),83,37,4,♣,finished,2026-05-18T16:33:57.185291+00:00
2448,INPROC_CA4B07,1,10,team2,Team 2 (E/W),29,91,12,♦,finished,2026-05-18T16:33:57.202601+00:00
2449,INPROC_0C333E,1,10,team2,Team 2 (E/W),43,77,39,♠,finished,2026-05-18T16:33:57.217580+00:00
2450,INPROC_1DF0B5,1,10,team1,Team 1 (N/S),64,56,36,♠,finished,2026-05-18T16:33:57.231943+00:00
2451,INPROC_7EFA0B,1,10,team2,Team 2 (E/W),57,63,5,♣,finished,2026-05-18T16:33:57.240825+00:00
2452,INPROC_BD77BF,1,10,team1,Team 1 (N/S),110,10,2,♣,finished,2026-05-18T16:33:57.252812+00:00
2453,INPROC_D6734D,1,10,team2,Team 2 (E/W),44,76,35,♠,finished,2026-05-18T16:33:57.266307+00:00
2454,INPROC_C68D10,1,10,team2,Team 2 (E/W),46,74,21,♥,finished,2026-05-18T16:33:57.280921+00:00
2455,INPROC_988D80,1,10,team1,Team 1 (N/S),86,34,12,♦,finished,2026-05-18T16:33:57.295822+00:00
2456,INPROC_20588A,1,10,team1,Team 1 (N/S),97,23,12,♦,finished,2026-05-18T16:33:57.311245+00:00
2457,INPROC_9F1120,1,10,team1,Team 1 (N/S),81,39,23,♥,finished,2026-05-18T16:33:57.328638+00:00
2458,INPROC_0CDC75,1,10,team2,Team 2 (E/W),59,61,5,♣,finished,2026-05-18T16:33:57.337408+00:00
2459,INPROC_C7D563,1,10,team1,Team 1 (N/S),81,39,10,♦,finished,2026-05-18T16:33:57.346884+00:00
2460,INPROC_9C83E4,1,10,team1,Team 1 (N/S),118,2,36,♠,finished,2026-05-18T16:33:57.361504+00:00
2461,INPROC_208C71,1,10,team1,Team 1 (N/S),90,30,18,♦,finished,2026-05-18T16:33:57.376432+00:00
2462,INPROC_6C0EE0,1,10,team2,Team 2 (E/W),48,72,0,♣,finished,2026-05-18T16:33:57.391201+00:00
2463,INPROC_E78E61,1,10,draw,draw,60,60,19,♦,finished,2026-05-18T16:33:57.405251+00:00
2464,INPROC_1BC2E8,1,10,team2,Team 2 (E/W),51,69,20,♥,finished,2026-05-18T16:33:57.414719+00:00
2465,INPROC_8BD8A2,1,10,team1,Team 1 (N/S),70,50,4,♣,finished,2026-05-18T16:33:57.427473+00:00
2466,INPROC_20AEB1,1,10,team1,Team 1 (N/S),69,51,6,♣,finished,2026-05-18T16:33:57.439651+00:00
2467,INPROC_79ED4D,1,10,team2,Team 2 (E/W),42,78,3,♣,finished,2026-05-18T16:33:57.450719+00:00
2468,INPROC_DA0340,1,10,team1,Team 1 (N/S),66,54,27,♥,finished,2026-05-18T16:33:57.461326+00:00
2469,INPROC_44DB11,1,10,team1,Team 1 (N/S),79,41,31,♠,finished,2026-05-18T16:33:57.475315+00:00
2470,INPROC_71FAEE,1,10,team2,Team 2 (E/W),58,62,34,♠,finished,2026-05-18T16:33:57.491631+00:00
2471,INPROC_4E321E,1,10,team1,Team 1 (N/S),93,27,14,♦,finished,2026-05-18T16:33:57.506278+00:00
2472,INPROC_30A2A9,1,10,team2,Team 2 (E/W),54,66,18,♦,finished,2026-05-18T16:33:57.521235+00:00
2473,INPROC_602283,1,10,team2,Team 2 (E/W),50,70,10,♦,finished,2026-05-18T16:33:57.537643+00:00
2474,INPROC_496787,1,10,team2,Team 2 (E/W),29,91,7,♣,finished,2026-05-18T16:33:57.555050+00:00
2475,INPROC_A78D65,1,10,team2,Team 2 (E/W),48,72,25,♥,finished,2026-05-18T16:33:57.570501+00:00
2476,INPROC_26A599,1,10,team2,Team 2 (E/W),48,72,13,♦,finished,2026-05-18T16:33:57.586032+00:00
2477,INPROC_1905C2,1,10,team1,Team 1 (N/S),75,45,36,♠,finished,2026-05-18T16:33:57.603884+00:00
2478,INPROC_CDD746,1,10,team2,Team 2 (E/W),45,75,13,♦,finished,2026-05-18T16:33:57.622095+00:00
2479,INPROC_FF5963,1,10,team2,Team 2 (E/W),58,62,31,♠,finished,2026-05-18T16:33:57.639693+00:00
2480,INPROC_C39984,1,10,team1,Team 1 (N/S),95,25,21,♥,finished,2026-05-18T16:33:57.656593+00:00
2481,INPROC_54B25F,1,10,team1,Team 1 (N/S),69,51,32,♠,finished,2026-05-18T16:33:57.673222+00:00
2482,INPROC_504CEB,1,10,team2,Team 2 (E/W),47,73,37,♠,finished,2026-05-18T16:33:57.690426+00:00
2483,INPROC_AA0379,1,10,team1,Team 1 (N/S),104,16,1,♣,finished,2026-05-18T16:33:57.706171+00:00
2484,INPROC_123D57,1,10,team2,Team 2 (E/W),49,71,3,♣,finished,2026-05-18T16:33:57.721820+00:00
2485,INPROC_7A50E7,1,10,team2,Team 2 (E/W),30,90,21,♥,finished,2026-05-18T16:33:57.735052+00:00
2486,INPROC_5314B7,1,10,team2,Team 2 (E/W),28,92,22,♥,finished,2026-05-18T16:33:57.750154+00:00
2487,INPROC_32B5BA,1,10,team1,Team 1 (N/S),65,55,10,♦,finished,2026-05-18T16:33:57.766682+00:00
2488,INPROC_74D8AB,1,10,team1,Team 1 (N/S),90,30,39,♠,finished,2026-05-18T16:33:57.782835+00:00
2489,INPROC_C93D13,1,10,team2,Team 2 (E/W),44,76,11,♦,finished,2026-05-18T16:33:57.801377+00:00
2490,INPROC_4A7B98,1,10,team2,Team 2 (E/W),50,70,30,♠,finished,2026-05-18T16:33:57.817594+00:00
2491,INPROC_652963,1,10,team1,Team 1 (N/S),79,41,23,♥,finished,2026-05-18T16:33:57.831747+00:00
2492,INPROC_2EA7B8,1,10,team1,Team 1 (N/S),106,14,21,♥,finished,2026-05-18T16:33:57.848086+00:00
2493,INPROC_B0E098,1,10,team1,Team 1 (N/S),105,15,32,♠,finished,2026-05-18T16:33:57.861921+00:00
2494,INPROC_53CF33,1,10,team1,Team 1 (N/S),76,44,0,♣,finished,2026-05-18T16:33:57.877722+00:00
2495,INPROC_677A0C,1,10,team2,Team 2 (E/W),57,63,35,♠,finished,2026-05-18T16:33:57.895320+00:00
2496,INPROC_CBBB9A,1,10,team2,Team 2 (E/W),57,63,36,♠,finished,2026-05-18T16:33:57.911143+00:00
2497,INPROC_C53255,1,10,team1,Team 1 (N/S),105,15,36,♠,finished,2026-05-18T16:33:57.926841+00:00
2498,INPROC_28870E,1,10,team2,Team 2 (E/W),44,76,7,♣,finished,2026-05-18T16:33:57.944097+00:00
2499,INPROC_3D5948,1,10,team2,Team 2 (E/W),23,97,39,♠,finished,2026-05-18T16:33:57.960540+00:00
2500,INPROC_A2808F,1,10,team2,Team 2 (E/W),50,70,19,♦,finished,2026-05-18T16:33:57.974095+00:00
2501,INPROC_157010,1,10,team1,Team 1 (N/S),81,39,39,♠,finished,2026-05-18T16:33:57.991837+00:00
2502,INPROC_AAF5EE,1,10,team1,Team 1 (N/S),120,0,30,♠,finished,2026-05-18T16:33:58.010378+00:00
2503,INPROC_C0BF8F,1,10,team2,Team 2 (E/W),28,92,14,♦,finished,2026-05-18T16:33:58.027504+00:00
2504,INPROC_F011F1,1,10,team2,Team 2 (E/W),41,79,37,♠,finished,2026-05-18T16:33:58.042431+00:00
2505,INPROC_B37DA8,1,10,team2,Team 2 (E/W),54,66,37,♠,finished,2026-05-18T16:33:58.057807+00:00
2506,INPROC_F0B55F,1,10,team2,Team 2 (E/W),52,68,5,♣,finished,2026-05-18T16:33:58.068213+00:00
2507,INPROC_90224B,1,10,team1,Team 1 (N/S),77,43,17,♦,finished,2026-05-18T16:33:58.084279+00:00
2508,INPROC_927FDC,1,10,team1,Team 1 (N/S),72,48,9,♣,finished,2026-05-18T16:33:58.095570+00:00
2509,INPROC_B0B8A2,1,10,team1,Team 1 (N/S),68,52,12,♦,finished,2026-05-18T16:33:58.108896+00:00
2510,INPROC_D84157,1,10,team1,Team 1 (N/S),103,17,25,♥,finished,2026-05-18T16:33:58.121549+00:00
2511,INPROC_4DF2C9,1,10,team1,Team 1 (N/S),68,52,26,♥,finished,2026-05-18T16:33:58.136425+00:00
2512,INPROC_83A75C,1,10,team1,Team 1 (N/S),108,12,38,♠,finished,2026-05-18T16:33:58.151170+00:00
2513,INPROC_53D0B5,1,10,team1,Team 1 (N/S),76,44,33,♠,finished,2026-05-18T16:33:58.167549+00:00
2514,INPROC_B76F52,1,10,team1,Team 1 (N/S),91,29,35,♠,finished,2026-05-18T16:33:58.186120+00:00
2515,INPROC_2E51A4,1,10,team1,Team 1 (N/S),83,37,3,♣,finished,2026-05-18T16:33:58.201684+00:00
2516,INPROC_BC062D,1,10,team1,Team 1 (N/S),70,50,2,♣,finished,2026-05-18T16:33:58.218604+00:00
2517,INPROC_177E55,1,10,team1,Team 1 (N/S),93,27,10,♦,finished,2026-05-18T16:33:58.232985+00:00
2518,INPROC_EAAD31,1,10,team2,Team 2 (E/W),26,94,30,♠,finished,2026-05-18T16:33:58.247769+00:00
2519,INPROC_F40D30,1,10,team2,Team 2 (E/W),54,66,8,♣,finished,2026-05-18T16:33:58.263511+00:00
2520,INPROC_6497D0,1,10,team1,Team 1 (N/S),84,36,28,♥,finished,2026-05-18T16:33:58.278572+00:00
2521,INPROC_1C51FB,1,10,team1,Team 1 (N/S),82,38,15,♦,finished,2026-05-18T16:33:58.293379+00:00
2522,INPROC_47A85D,1,10,team1,Team 1 (N/S),63,57,9,♣,finished,2026-05-18T16:33:58.308963+00:00
2523,INPROC_4E99AB,1,10,team1,Team 1 (N/S),81,39,6,♣,finished,2026-05-18T16:33:58.324775+00:00
2524,INPROC_CD0BBB,1,10,team2,Team 2 (E/W),35,85,37,♠,finished,2026-05-18T16:33:58.340613+00:00
2525,INPROC_1AB23F,1,10,team1,Team 1 (N/S),63,57,27,♥,finished,2026-05-18T16:33:58.360869+00:00
2526,INPROC_5265D9,1,10,team1,Team 1 (N/S),87,33,34,♠,finished,2026-05-18T16:33:58.379011+00:00
2527,INPROC_785545,1,10,team1,Team 1 (N/S),94,26,34,♠,finished,2026-05-18T16:33:58.398064+00:00
2528,INPROC_AD01C0,1,10,team1,Team 1 (N/S),77,43,5,♣,finished,2026-05-18T16:33:58.411750+00:00
2529,INPROC_9DE973,1,10,team2,Team 2 (E/W),57,63,26,♥,finished,2026-05-18T16:33:58.425107+00:00
2530,INPROC_6D1161,1,10,team1,Team 1 (N/S),90,30,19,♦,finished,2026-05-18T16:33:58.435567+00:00
2531,INPROC_A8503F,1,10,team1,Team 1 (N/S),92,28,1,♣,finished,2026-05-18T16:33:58.452921+00:00
2532,INPROC_C253C7,1,10,team1,Team 1 (N/S),105,15,8,♣,finished,2026-05-18T16:33:58.470581+00:00
2533,INPROC_2AFF22,1,10,team2,Team 2 (E/W),58,62,36,♠,finished,2026-05-18T16:33:58.487632+00:00
2534,INPROC_0B27FF,1,10,team1,Team 1 (N/S),81,39,39,♠,finished,2026-05-18T16:33:58.497090+00:00
2535,INPROC_A0CB7B,1,10,team1,Team 1 (N/S),98,22,24,♥,finished,2026-05-18T16:33:58.507036+00:00
2536,INPROC_66F94B,1,10,team1,Team 1 (N/S),84,36,8,♣,finished,2026-05-18T16:33:58.516864+00:00
2537,INPROC_892AE4,1,10,team1,Team 1 (N/S),74,46,5,♣,finished,2026-05-18T16:33:58.530753+00:00
2538,INPROC_4E6513,1,10,team1,Team 1 (N/S),76,44,2,♣,finished,2026-05-18T16:33:58.542371+00:00
2539,INPROC_8A3F14,1,10,team1,Team 1 (N/S),72,48,9,♣,finished,2026-05-18T16:33:58.554114+00:00
2540,INPROC_11F8D1,1,10,team2,Team 2 (E/W),43,77,0,♣,finished,2026-05-18T16:33:58.570223+00:00
2541,INPROC_2506FD,1,10,team2,Team 2 (E/W),52,68,39,♠,finished,2026-05-18T16:33:58.588420+00:00
2542,INPROC_E80788,1,10,team2,Team 2 (E/W),51,69,34,♠,finished,2026-05-18T16:33:58.604693+00:00
2543,INPROC_DFEC6B,1,10,team2,Team 2 (E/W),52,68,28,♥,finished,2026-05-18T16:33:58.620135+00:00
2544,INPROC_FCEC41,1,10,team1,Team 1 (N/S),68,52,0,♣,finished,2026-05-18T16:33:58.636352+00:00
2545,INPROC_2CB923,1,10,team1,Team 1 (N/S),97,23,6,♣,finished,2026-05-18T16:33:58.653239+00:00
2546,INPROC_C94034,1,10,team1,Team 1 (N/S),61,59,9,♣,finished,2026-05-18T16:33:58.670369+00:00
2547,INPROC_D6373B,1,10,team2,Team 2 (E/W),58,62,33,♠,finished,2026-05-18T16:33:58.685146+00:00
2548,INPROC_8949EC,1,10,team1,Team 1 (N/S),76,44,26,♥,finished,2026-05-18T16:33:58.701545+00:00
2549,INPROC_3AE3FB,1,10,team1,Team 1 (N/S),69,51,6,♣,finished,2026-05-18T16:33:58.718619+00:00
2550,INPROC_E0B2C9,1,10,team2,Team 2 (E/W),24,96,29,♥,finished,2026-05-18T16:33:58.736720+00:00
2551,INPROC_A574DC,1,10,team1,Team 1 (N/S),69,51,16,♦,finished,2026-05-18T16:33:58.752447+00:00
2552,INPROC_2A354F,1,10,team1,Team 1 (N/S),83,37,21,♥,finished,2026-05-18T16:33:58.769023+00:00
2553,INPROC_D0F3DD,1,10,team2,Team 2 (E/W),55,65,37,♠,finished,2026-05-18T16:33:58.788347+00:00
2554,INPROC_2FC468,1,10,team2,Team 2 (E/W),57,63,37,♠,finished,2026-05-18T16:33:58.806545+00:00
2555,INPROC_EF0916,1,10,team1,Team 1 (N/S),90,30,25,♥,finished,2026-05-18T16:33:58.820842+00:00
2556,INPROC_8D079A,1,10,team1,Team 1 (N/S),95,25,12,♦,finished,2026-05-18T16:33:58.834253+00:00
2557,INPROC_70969F,1,10,team2,Team 2 (E/W),28,92,38,♠,finished,2026-05-18T16:33:58.848075+00:00
2558,INPROC_8DF80E,1,10,team1,Team 1 (N/S),79,41,33,♠,finished,2026-05-18T16:33:58.863945+00:00
2559,INPROC_D88FA2,1,10,team1,Team 1 (N/S),75,45,10,♦,finished,2026-05-18T16:33:58.881338+00:00
2560,INPROC_B5847E,1,10,team1,Team 1 (N/S),109,11,7,♣,finished,2026-05-18T16:33:58.895920+00:00
2561,INPROC_0B4A35,1,10,team2,Team 2 (E/W),53,67,17,♦,finished,2026-05-18T16:33:58.909357+00:00
2562,INPROC_3D7678,1,10,team2,Team 2 (E/W),42,78,11,♦,finished,2026-05-18T16:33:58.917850+00:00
2563,INPROC_D26E5E,1,10,team1,Team 1 (N/S),93,27,3,♣,finished,2026-05-18T16:33:58.926736+00:00
2564,INPROC_E96CB0,1,10,team1,Team 1 (N/S),71,49,18,♦,finished,2026-05-18T16:33:58.935004+00:00
2565,INPROC_514D96,1,10,team1,Team 1 (N/S),72,48,38,♠,finished,2026-05-18T16:33:58.945215+00:00
2566,INPROC_DCD523,1,10,team1,Team 1 (N/S),78,42,23,♥,finished,2026-05-18T16:33:58.955143+00:00
2567,INPROC_5B0EA8,1,10,team1,Team 1 (N/S),61,59,34,♠,finished,2026-05-18T16:33:58.971090+00:00
2568,INPROC_4CD45C,1,10,team2,Team 2 (E/W),51,69,29,♥,finished,2026-05-18T16:33:58.987026+00:00
2569,INPROC_6FD9B8,1,10,team1,Team 1 (N/S),77,43,13,♦,finished,2026-05-18T16:33:59.003334+00:00
2570,INPROC_5A9871,1,10,team1,Team 1 (N/S),69,51,23,♥,finished,2026-05-18T16:33:59.019673+00:00
2571,INPROC_7AB3A7,1,10,team2,Team 2 (E/W),55,65,4,♣,finished,2026-05-18T16:33:59.037939+00:00
2572,INPROC_43C81B,1,10,team1,Team 1 (N/S),86,34,16,♦,finished,2026-05-18T16:33:59.054679+00:00
2573,INPROC_764FC9,1,10,team2,Team 2 (E/W),32,88,39,♠,finished,2026-05-18T16:33:59.071614+00:00
2574,INPROC_F31A75,1,10,team1,Team 1 (N/S),66,54,27,♥,finished,2026-05-18T16:33:59.088576+00:00
2575,INPROC_89AC13,1,10,team1,Team 1 (N/S),87,33,23,♥,finished,2026-05-18T16:33:59.108415+00:00
2576,INPROC_D8D66F,1,10,team1,Team 1 (N/S),114,6,5,♣,finished,2026-05-18T16:33:59.123696+00:00
2577,INPROC_93EEF0,1,10,team1,Team 1 (N/S),106,14,13,♦,finished,2026-05-18T16:33:59.138022+00:00
2578,INPROC_DEA364,1,10,team2,Team 2 (E/W),54,66,6,♣,finished,2026-05-18T16:33:59.146935+00:00
2579,INPROC_B6E64E,1,10,team2,Team 2 (E/W),49,71,17,♦,finished,2026-05-18T16:33:59.164191+00:00
2580,INPROC_759FB4,1,10,team1,Team 1 (N/S),71,49,32,♠,finished,2026-05-18T16:33:59.181150+00:00
2581,INPROC_304B7F,1,10,team1,Team 1 (N/S),73,47,34,♠,finished,2026-05-18T16:33:59.197939+00:00
2582,INPROC_5CB09C,1,10,team1,Team 1 (N/S),92,28,4,♣,finished,2026-05-18T16:33:59.213293+00:00
2583,INPROC_0E273E,1,10,team2,Team 2 (E/W),34,86,0,♣,finished,2026-05-18T16:33:59.229381+00:00
2584,INPROC_376D63,1,10,team1,Team 1 (N/S),67,53,21,♥,finished,2026-05-18T16:33:59.238843+00:00
2585,INPROC_63A7C8,1,10,team1,Team 1 (N/S),70,50,38,♠,finished,2026-05-18T16:33:59.249085+00:00
2586,INPROC_B2AEA7,1,10,team1,Team 1 (N/S),95,25,17,♦,finished,2026-05-18T16:33:59.264070+00:00
2587,INPROC_8E9EB1,1,10,team1,Team 1 (N/S),100,20,11,♦,finished,2026-05-18T16:33:59.280251+00:00
2588,INPROC_1FF350,1,10,team1,Team 1 (N/S),70,50,19,♦,finished,2026-05-18T16:33:59.296075+00:00
2589,INPROC_23D59C,1,10,team1,Team 1 (N/S),88,32,30,♠,finished,2026-05-18T16:33:59.312359+00:00
2590,INPROC_543A28,1,10,team2,Team 2 (E/W),31,89,23,♥,finished,2026-05-18T16:33:59.320457+00:00
2591,INPROC_8E1C26,1,10,team1,Team 1 (N/S),73,47,13,♦,finished,2026-05-18T16:33:59.341022+00:00
2592,INPROC_EA0C19,1,10,team1,Team 1 (N/S),90,30,32,♠,finished,2026-05-18T16:33:59.358257+00:00
2593,INPROC_10E49B,1,10,team1,Team 1 (N/S),72,48,30,♠,finished,2026-05-18T16:33:59.374287+00:00
2594,INPROC_038895,1,10,team1,Team 1 (N/S),99,21,26,♥,finished,2026-05-18T16:33:59.390531+00:00
2595,INPROC_C55B7D,1,10,team1,Team 1 (N/S),64,56,2,♣,finished,2026-05-18T16:33:59.406040+00:00
2596,INPROC_464D98,1,10,team2,Team 2 (E/W),42,78,2,♣,finished,2026-05-18T16:33:59.420324+00:00
2597,INPROC_2F764F,1,10,team2,Team 2 (E/W),47,73,5,♣,finished,2026-05-18T16:33:59.434252+00:00
2598,INPROC_4D47F8,1,10,team2,Team 2 (E/W),51,69,13,♦,finished,2026-05-18T16:33:59.452328+00:00
2599,INPROC_6B2A8E,1,10,draw,draw,60,60,2,♣,finished,2026-05-18T16:33:59.467464+00:00
2600,INPROC_4D7789,1,10,team1,Team 1 (N/S),72,48,30,♠,finished,2026-05-18T16:33:59.483567+00:00
2601,INPROC_6CA252,1,10,team1,Team 1 (N/S),86,34,20,♥,finished,2026-05-18T16:33:59.497075+00:00
2602,INPROC_3251A0,1,10,team1,Team 1 (N/S),85,35,15,♦,finished,2026-05-18T16:33:59.510969+00:00
2603,INPROC_299444,1,10,team2,Team 2 (E/W),49,71,32,♠,finished,2026-05-18T16:33:59.528067+00:00
2604,INPROC_79D667,1,10,team2,Team 2 (E/W),28,92,20,♥,finished,2026-05-18T16:33:59.542151+00:00
2605,INPROC_5DFBF3,1,10,team2,Team 2 (E/W),54,66,21,♥,finished,2026-05-18T16:33:59.556184+00:00
2606,INPROC_9D1F50,1,10,team1,Team 1 (N/S),104,16,8,♣,finished,2026-05-18T16:33:59.572947+00:00
2607,INPROC_C1B8A0,1,10,team1,Team 1 (N/S),95,25,16,♦,finished,2026-05-18T16:33:59.588028+00:00
2608,INPROC_0008D6,1,10,team1,Team 1 (N/S),76,44,7,♣,finished,2026-05-18T16:33:59.604256+00:00
2609,INPROC_D00DF7,1,10,team1,Team 1 (N/S),84,36,26,♥,finished,2026-05-18T16:33:59.617036+00:00
2610,INPROC_B7BDA2,1,10,team1,Team 1 (N/S),81,39,2,♣,finished,2026-05-18T16:33:59.632521+00:00
2611,INPROC_D08D0C,1,10,team2,Team 2 (E/W),59,61,10,♦,finished,2026-05-18T16:33:59.646980+00:00
2612,INPROC_817645,1,10,team1,Team 1 (N/S),68,52,16,♦,finished,2026-05-18T16:33:59.663398+00:00
2613,INPROC_CB310C,1,10,team1,Team 1 (N/S),66,54,13,♦,finished,2026-05-18T16:33:59.681632+00:00
2614,INPROC_BD948B,1,10,team1,Team 1 (N/S),104,16,24,♥,finished,2026-05-18T16:33:59.697159+00:00
2615,INPROC_2C2B68,1,10,team1,Team 1 (N/S),79,41,28,♥,finished,2026-05-18T16:33:59.715153+00:00
2616,INPROC_C5793D,1,10,team2,Team 2 (E/W),42,78,38,♠,finished,2026-05-18T16:33:59.732728+00:00
2617,INPROC_3E0022,1,10,team2,Team 2 (E/W),48,72,36,♠,finished,2026-05-18T16:33:59.749465+00:00
2618,INPROC_9E06E7,1,10,team1,Team 1 (N/S),80,40,15,♦,finished,2026-05-18T16:33:59.764812+00:00
2619,INPROC_B8C37C,1,10,team1,Team 1 (N/S),80,40,9,♣,finished,2026-05-18T16:33:59.780227+00:00
2620,INPROC_D3C6F6,1,10,team1,Team 1 (N/S),69,51,10,♦,finished,2026-05-18T16:33:59.794824+00:00
2621,INPROC_F1C65E,1,10,team1,Team 1 (N/S),82,38,4,♣,finished,2026-05-18T16:33:59.808662+00:00
2622,INPROC_EE4903,1,10,team2,Team 2 (E/W),38,82,18,♦,finished,2026-05-18T16:33:59.823702+00:00
2623,INPROC_FD5F99,1,10,team1,Team 1 (N/S),85,35,6,♣,finished,2026-05-18T16:33:59.838040+00:00
2624,INPROC_03E3B8,1,10,team1,Team 1 (N/S),73,47,27,♥,finished,2026-05-18T16:33:59.855870+00:00
2625,INPROC_41B43E,1,10,team2,Team 2 (E/W),52,68,6,♣,finished,2026-05-18T16:33:59.872519+00:00
2626,INPROC_D95D99,1,10,team1,Team 1 (N/S),88,32,26,♥,finished,2026-05-18T16:33:59.889420+00:00
2627,INPROC_92DAEA,1,10,team1,Team 1 (N/S),87,33,38,♠,finished,2026-05-18T16:33:59.897568+00:00
2628,INPROC_8C8C06,1,10,team2,Team 2 (E/W),41,79,2,♣,finished,2026-05-18T16:33:59.906386+00:00
2629,INPROC_AF7F03,1,10,team2,Team 2 (E/W),43,77,18,♦,finished,2026-05-18T16:33:59.914756+00:00
2630,INPROC_4868A6,1,10,team2,Team 2 (E/W),42,78,32,♠,finished,2026-05-18T16:33:59.934641+00:00
2631,INPROC_CD38A0,1,10,team2,Team 2 (E/W),40,80,13,♦,finished,2026-05-18T16:33:59.949899+00:00
2632,INPROC_9F4474,1,10,team1,Team 1 (N/S),66,54,0,♣,finished,2026-05-18T16:33:59.965447+00:00
2633,INPROC_73962A,1,10,team1,Team 1 (N/S),92,28,33,♠,finished,2026-05-18T16:33:59.985783+00:00
2634,INPROC_499C92,1,10,team1,Team 1 (N/S),90,30,22,♥,finished,2026-05-18T16:34:00.002650+00:00
2635,INPROC_30E428,1,10,team1,Team 1 (N/S),71,49,13,♦,finished,2026-05-18T16:34:00.021036+00:00
2636,INPROC_CB1443,1,10,team2,Team 2 (E/W),46,74,21,♥,finished,2026-05-18T16:34:00.035564+00:00
2637,INPROC_0AADEE,1,10,team1,Team 1 (N/S),93,27,15,♦,finished,2026-05-18T16:34:00.050069+00:00
2638,INPROC_D6D2CC,1,10,team1,Team 1 (N/S),78,42,9,♣,finished,2026-05-18T16:34:00.065749+00:00
2639,INPROC_4E2F57,1,10,team2,Team 2 (E/W),55,65,11,♦,finished,2026-05-18T16:34:00.081032+00:00
2640,INPROC_8373C3,1,10,team1,Team 1 (N/S),117,3,37,♠,finished,2026-05-18T16:34:00.095176+00:00
2641,INPROC_945F4D,1,10,team1,Team 1 (N/S),110,10,35,♠,finished,2026-05-18T16:34:00.108888+00:00
2642,INPROC_57C61A,1,10,team1,Team 1 (N/S),78,42,16,♦,finished,2026-05-18T16:34:00.124022+00:00
2643,INPROC_2B5812,1,10,team2,Team 2 (E/W),59,61,35,♠,finished,2026-05-18T16:34:00.137392+00:00
2644,INPROC_4C6920,1,10,draw,draw,60,60,3,♣,finished,2026-05-18T16:34:00.152417+00:00
2645,INPROC_1B65F5,1,10,team2,Team 2 (E/W),42,78,12,♦,finished,2026-05-18T16:34:00.167404+00:00
2646,INPROC_55533C,1,10,team1,Team 1 (N/S),83,37,37,♠,finished,2026-05-18T16:34:00.180377+00:00
2647,INPROC_851560,1,10,team2,Team 2 (E/W),53,67,17,♦,finished,2026-05-18T16:34:00.198479+00:00
2648,INPROC_FCB539,1,10,team1,Team 1 (N/S),77,43,36,♠,finished,2026-05-18T16:34:00.214877+00:00
2649,INPROC_BAC431,1,10,team2,Team 2 (E/W),46,74,21,♥,finished,2026-05-18T16:34:00.231945+00:00
2650,INPROC_49B657,1,10,team1,Team 1 (N/S),89,31,15,♦,finished,2026-05-18T16:34:00.248847+00:00
2651,INPROC_CD1256,1,10,team1,Team 1 (N/S),120,0,1,♣,finished,2026-05-18T16:34:00.263805+00:00
2652,INPROC_A590BF,1,10,team1,Team 1 (N/S),90,30,0,♣,finished,2026-05-18T16:34:00.274561+00:00
2653,INPROC_6512A0,1,10,team2,Team 2 (E/W),44,76,19,♦,finished,2026-05-18T16:34:00.290858+00:00
2654,INPROC_50478B,1,10,team1,Team 1 (N/S),96,24,31,♠,finished,2026-05-18T16:34:00.307683+00:00
2655,INPROC_7028F8,1,10,team1,Team 1 (N/S),77,43,1,♣,finished,2026-05-18T16:34:00.323415+00:00
2656,INPROC_481B81,1,10,team1,Team 1 (N/S),93,27,1,♣,finished,2026-05-18T16:34:00.338140+00:00
2657,INPROC_969A7C,1,10,team1,Team 1 (N/S),107,13,9,♣,finished,2026-05-18T16:34:00.352811+00:00
2658,INPROC_0FD80B,1,10,team1,Team 1 (N/S),102,18,32,♠,finished,2026-05-18T16:34:00.371504+00:00
2659,INPROC_C0E6FF,1,10,team1,Team 1 (N/S),88,32,11,♦,finished,2026-05-18T16:34:00.386339+00:00
2660,INPROC_9F3168,1,10,team2,Team 2 (E/W),50,70,31,♠,finished,2026-05-18T16:34:00.403551+00:00
2661,INPROC_C7DAD5,1,10,team1,Team 1 (N/S),100,20,12,♦,finished,2026-05-18T16:34:00.420416+00:00
2662,INPROC_3851B8,1,10,team1,Team 1 (N/S),87,33,7,♣,finished,2026-05-18T16:34:00.436822+00:00
2663,INPROC_D21A73,1,10,team1,Team 1 (N/S),120,0,14,♦,finished,2026-05-18T16:34:00.453429+00:00
2664,INPROC_C7710F,1,10,team1,Team 1 (N/S),68,52,10,♦,finished,2026-05-18T16:34:00.471534+00:00
2665,INPROC_F380CE,1,10,team1,Team 1 (N/S),103,17,14,♦,finished,2026-05-18T16:34:00.486539+00:00
2666,INPROC_21413A,1,10,team1,Team 1 (N/S),77,43,19,♦,finished,2026-05-18T16:34:00.501585+00:00
2667,INPROC_54838D,1,10,team1,Team 1 (N/S),91,29,28,♥,finished,2026-05-18T16:34:00.517122+00:00
2668,INPROC_F6E27C,1,10,team2,Team 2 (E/W),51,69,36,♠,finished,2026-05-18T16:34:00.532881+00:00
2669,INPROC_CF4EAE,1,10,team1,Team 1 (N/S),65,55,4,♣,finished,2026-05-18T16:34:00.548987+00:00
2670,INPROC_2D5211,1,10,team2,Team 2 (E/W),57,63,17,♦,finished,2026-05-18T16:34:00.568316+00:00
2671,INPROC_581019,1,10,team2,Team 2 (E/W),46,74,29,♥,finished,2026-05-18T16:34:00.583527+00:00
2672,INPROC_E22D5B,1,10,team1,Team 1 (N/S),89,31,37,♠,finished,2026-05-18T16:34:00.598378+00:00
2673,INPROC_9666E0,1,10,team1,Team 1 (N/S),68,52,1,♣,finished,2026-05-18T16:34:00.611222+00:00
2674,INPROC_5982F5,1,10,team1,Team 1 (N/S),80,40,19,♦,finished,2026-05-18T16:34:00.620484+00:00
2675,INPROC_F28A5E,1,10,team1,Team 1 (N/S),69,51,37,♠,finished,2026-05-18T16:34:00.630559+00:00
2676,INPROC_A6C2B5,1,10,team2,Team 2 (E/W),43,77,4,♣,finished,2026-05-18T16:34:00.639511+00:00
2677,INPROC_A05B3C,1,10,team1,Team 1 (N/S),93,27,8,♣,finished,2026-05-18T16:34:00.653905+00:00
2678,INPROC_527A8A,1,10,team2,Team 2 (E/W),57,63,8,♣,finished,2026-05-18T16:34:00.668025+00:00
2679,INPROC_6D9B4B,1,10,team1,Team 1 (N/S),92,28,22,♥,finished,2026-05-18T16:34:00.682608+00:00
2680,INPROC_4C39E5,1,10,team1,Team 1 (N/S),90,30,20,♥,finished,2026-05-18T16:34:00.697807+00:00
2681,INPROC_E214A1,1,10,team1,Team 1 (N/S),63,57,35,♠,finished,2026-05-18T16:34:00.714644+00:00
2682,INPROC_C6BA9E,1,10,team2,Team 2 (E/W),55,65,8,♣,finished,2026-05-18T16:34:00.733448+00:00
2683,INPROC_BE9ED4,1,10,team1,Team 1 (N/S),79,41,0,♣,finished,2026-05-18T16:34:00.748335+00:00
2684,INPROC_28FA2E,1,10,team1,Team 1 (N/S),95,25,6,♣,finished,2026-05-18T16:34:00.760592+00:00
2685,INPROC_9A8247,1,10,team1,Team 1 (N/S),97,23,21,♥,finished,2026-05-18T16:34:00.773312+00:00
2686,INPROC_9D815C,1,10,team1,Team 1 (N/S),62,58,36,♠,finished,2026-05-18T16:34:00.787997+00:00
2687,INPROC_F860A6,1,10,team1,Team 1 (N/S),91,29,33,♠,finished,2026-05-18T16:34:00.801578+00:00
2688,INPROC_C3E52D,1,10,team2,Team 2 (E/W),55,65,1,♣,finished,2026-05-18T16:34:00.813265+00:00
2689,INPROC_FB14C6,1,10,team2,Team 2 (E/W),58,62,11,♦,finished,2026-05-18T16:34:00.825837+00:00
2690,INPROC_7D10C1,1,10,team1,Team 1 (N/S),81,39,14,♦,finished,2026-05-18T16:34:00.835934+00:00
2691,INPROC_42AFFD,1,10,team1,Team 1 (N/S),65,55,27,♥,finished,2026-05-18T16:34:00.852796+00:00
2692,INPROC_40DDBB,1,10,team1,Team 1 (N/S),82,38,13,♦,finished,2026-05-18T16:34:00.870664+00:00
2693,INPROC_9DDB4E,1,10,team1,Team 1 (N/S),76,44,19,♦,finished,2026-05-18T16:34:00.887238+00:00
2694,INPROC_594F45,1,10,team2,Team 2 (E/W),38,82,5,♣,finished,2026-05-18T16:34:00.906028+00:00
2695,INPROC_441A42,1,10,team2,Team 2 (E/W),17,103,9,♣,finished,2026-05-18T16:34:00.922100+00:00
2696,INPROC_0EDF8B,1,10,team1,Team 1 (N/S),87,33,23,♥,finished,2026-05-18T16:34:00.936754+00:00
2697,INPROC_F78BFC,1,10,team2,Team 2 (E/W),47,73,19,♦,finished,2026-05-18T16:34:00.951324+00:00
2698,INPROC_0536B6,1,10,team1,Team 1 (N/S),84,36,3,♣,finished,2026-05-18T16:34:00.968811+00:00
2699,INPROC_1391A9,1,10,team2,Team 2 (E/W),43,77,39,♠,finished,2026-05-18T16:34:00.981057+00:00
2700,INPROC_4B7D74,1,10,team2,Team 2 (E/W),29,91,1,♣,finished,2026-05-18T16:34:00.997289+00:00
2701,INPROC_7BCF02,1,10,team2,Team 2 (E/W),42,78,26,♥,finished,2026-05-18T16:34:01.015401+00:00
2702,INPROC_7FF221,1,10,team1,Team 1 (N/S),77,43,17,♦,finished,2026-05-18T16:34:01.034338+00:00
2703,INPROC_F62253,1,10,team2,Team 2 (E/W),34,86,26,♥,finished,2026-05-18T16:34:01.048431+00:00
2704,INPROC_F36B73,1,10,team2,Team 2 (E/W),33,87,9,♣,finished,2026-05-18T16:34:01.064048+00:00
2705,INPROC_B02CE9,1,10,team1,Team 1 (N/S),96,24,37,♠,finished,2026-05-18T16:34:01.080433+00:00
2706,INPROC_AC7DFB,1,10,team2,Team 2 (E/W),53,67,3,♣,finished,2026-05-18T16:34:01.095568+00:00
2707,INPROC_450A10,1,10,team2,Team 2 (E/W),23,97,30,♠,finished,2026-05-18T16:34:01.110897+00:00
2708,INPROC_26A4E0,1,10,team2,Team 2 (E/W),34,86,39,♠,finished,2026-05-18T16:34:01.126492+00:00
2709,INPROC_D04F79,1,10,team2,Team 2 (E/W),47,73,18,♦,finished,2026-05-18T16:34:01.144728+00:00
2710,INPROC_3C6AF6,1,10,team1,Team 1 (N/S),65,55,35,♠,finished,2026-05-18T16:34:01.161038+00:00
2711,INPROC_C4BE6A,1,10,team2,Team 2 (E/W),50,70,18,♦,finished,2026-05-18T16:34:01.175182+00:00
2712,INPROC_546171,1,10,team2,Team 2 (E/W),40,80,18,♦,finished,2026-05-18T16:34:01.190291+00:00
2713,INPROC_33D45C,1,10,team1,Team 1 (N/S),63,57,36,♠,finished,2026-05-18T16:34:01.205886+00:00
2714,INPROC_9AC295,1,10,team2,Team 2 (E/W),47,73,8,♣,finished,2026-05-18T16:34:01.221968+00:00
2715,INPROC_7FC4CA,1,10,team1,Team 1 (N/S),69,51,27,♥,finished,2026-05-18T16:34:01.238294+00:00
2716,INPROC_F0DC5F,1,10,team2,Team 2 (E/W),55,65,37,♠,finished,2026-05-18T16:34:01.252859+00:00
2717,INPROC_980FC8,1,10,team1,Team 1 (N/S),97,23,6,♣,finished,2026-05-18T16:34:01.268075+00:00
2718,INPROC_E80EC0,1,10,team1,Team 1 (N/S),64,56,11,♦,finished,2026-05-18T16:34:01.283270+00:00
2719,INPROC_362F1D,1,10,team1,Team 1 (N/S),77,43,29,♥,finished,2026-05-18T16:34:01.297670+00:00
2720,INPROC_3FD5B6,1,10,team1,Team 1 (N/S),65,55,0,♣,finished,2026-05-18T16:34:01.311460+00:00
2721,INPROC_CF1ACA,1,10,team1,Team 1 (N/S),78,42,23,♥,finished,2026-05-18T16:34:01.322437+00:00
2722,INPROC_A77E6B,1,10,team1,Team 1 (N/S),82,38,16,♦,finished,2026-05-18T16:34:01.335784+00:00
2723,INPROC_3D1355,1,10,team1,Team 1 (N/S),70,50,2,♣,finished,2026-05-18T16:34:01.351740+00:00
2724,INPROC_EE8A71,1,10,team2,Team 2 (E/W),53,67,8,♣,finished,2026-05-18T16:34:01.368963+00:00
2725,INPROC_83700A,1,10,team1,Team 1 (N/S),63,57,22,♥,finished,2026-05-18T16:34:01.386709+00:00
2726,INPROC_9BEA1C,1,10,team1,Team 1 (N/S),68,52,21,♥,finished,2026-05-18T16:34:01.402153+00:00
2727,INPROC_B14255,1,10,team1,Team 1 (N/S),100,20,16,♦,finished,2026-05-18T16:34:01.411457+00:00
2728,INPROC_DDEC40,1,10,team2,Team 2 (E/W),15,105,18,♦,finished,2026-05-18T16:34:01.426732+00:00
2729,INPROC_AC8432,1,10,team2,Team 2 (E/W),34,86,7,♣,finished,2026-05-18T16:34:01.436354+00:00
2730,INPROC_2C6C98,1,10,team2,Team 2 (E/W),46,74,6,♣,finished,2026-05-18T16:34:01.449954+00:00
2731,INPROC_909497,1,10,team2,Team 2 (E/W),37,83,33,♠,finished,2026-05-18T16:34:01.466081+00:00
2732,INPROC_9C24BE,1,10,team2,Team 2 (E/W),37,83,0,♣,finished,2026-05-18T16:34:01.482595+00:00
2733,INPROC_47FF8F,1,10,team1,Team 1 (N/S),61,59,2,♣,finished,2026-05-18T16:34:01.498767+00:00
2734,INPROC_27CAB5,1,10,team1,Team 1 (N/S),74,46,29,♥,finished,2026-05-18T16:34:01.514812+00:00
2735,INPROC_B0EDCC,1,10,team1,Team 1 (N/S),89,31,4,♣,finished,2026-05-18T16:34:01.530682+00:00
2736,INPROC_04B97B,1,10,team2,Team 2 (E/W),54,66,24,♥,finished,2026-05-18T16:34:01.546414+00:00
2737,INPROC_2D6EB2,1,10,team1,Team 1 (N/S),92,28,34,♠,finished,2026-05-18T16:34:01.562367+00:00
2738,INPROC_2FFDEF,1,10,team2,Team 2 (E/W),25,95,18,♦,finished,2026-05-18T16:34:01.577069+00:00
2739,INPROC_30BF9F,1,10,team2,Team 2 (E/W),28,92,26,♥,finished,2026-05-18T16:34:01.593219+00:00
2740,INPROC_F21296,1,10,team2,Team 2 (E/W),42,78,6,♣,finished,2026-05-18T16:34:01.611315+00:00
2741,INPROC_4332FC,1,10,team1,Team 1 (N/S),76,44,37,♠,finished,2026-05-18T16:34:01.628405+00:00
2742,INPROC_312075,1,10,team1,Team 1 (N/S),78,42,6,♣,finished,2026-05-18T16:34:01.642806+00:00
2743,INPROC_2A0C66,1,10,team1,Team 1 (N/S),87,33,24,♥,finished,2026-05-18T16:34:01.658616+00:00
2744,INPROC_3DAF16,1,10,team1,Team 1 (N/S),77,43,36,♠,finished,2026-05-18T16:34:01.673902+00:00
2745,INPROC_E267DD,1,10,team2,Team 2 (E/W),40,80,35,♠,finished,2026-05-18T16:34:01.688487+00:00
2746,INPROC_8F69C4,1,10,team1,Team 1 (N/S),90,30,21,♥,finished,2026-05-18T16:34:01.697168+00:00
2747,INPROC_AA5617,1,10,team1,Team 1 (N/S),72,48,21,♥,finished,2026-05-18T16:34:01.706959+00:00
2748,INPROC_05B7A1,1,10,team1,Team 1 (N/S),93,27,8,♣,finished,2026-05-18T16:34:01.721015+00:00
2749,INPROC_32B4CA,1,10,team1,Team 1 (N/S),85,35,11,♦,finished,2026-05-18T16:34:01.736077+00:00
2750,INPROC_28517D,1,10,team2,Team 2 (E/W),31,89,32,♠,finished,2026-05-18T16:34:01.750962+00:00
2751,INPROC_1733B1,1,10,team1,Team 1 (N/S),86,34,39,♠,finished,2026-05-18T16:34:01.765110+00:00
2752,INPROC_7B09C4,1,10,team2,Team 2 (E/W),56,64,21,♥,finished,2026-05-18T16:34:01.778973+00:00
2753,INPROC_137B65,1,10,team1,Team 1 (N/S),70,50,33,♠,finished,2026-05-18T16:34:01.791771+00:00
2754,INPROC_EF44DE,1,10,team1,Team 1 (N/S),63,57,1,♣,finished,2026-05-18T16:34:01.808107+00:00
2755,INPROC_7DADC2,1,10,team1,Team 1 (N/S),73,47,6,♣,finished,2026-05-18T16:34:01.824560+00:00
2756,INPROC_64C6F6,1,10,team2,Team 2 (E/W),51,69,37,♠,finished,2026-05-18T16:34:01.836912+00:00
2757,INPROC_033EDA,1,10,team1,Team 1 (N/S),105,15,22,♥,finished,2026-05-18T16:34:01.845455+00:00
2758,INPROC_89BDFE,1,10,team2,Team 2 (E/W),55,65,9,♣,finished,2026-05-18T16:34:01.862147+00:00
2759,INPROC_6AD550,1,10,team1,Team 1 (N/S),75,45,31,♠,finished,2026-05-18T16:34:01.874931+00:00
2760,INPROC_FC1175,1,10,team1,Team 1 (N/S),83,37,21,♥,finished,2026-05-18T16:34:01.890348+00:00
2761,INPROC_BD1A3E,1,10,team2,Team 2 (E/W),56,64,3,♣,finished,2026-05-18T16:34:01.906010+00:00
2762,INPROC_EA71B2,1,10,team1,Team 1 (N/S),103,17,36,♠,finished,2026-05-18T16:34:01.921951+00:00
2763,INPROC_151C1E,1,10,team1,Team 1 (N/S),72,48,24,♥,finished,2026-05-18T16:34:01.937781+00:00
2764,INPROC_8BC302,1,10,team1,Team 1 (N/S),74,46,6,♣,finished,2026-05-18T16:34:01.949449+00:00
2765,INPROC_410124,1,10,team1,Team 1 (N/S),86,34,28,♥,finished,2026-05-18T16:34:01.957760+00:00
2766,INPROC_5529A1,1,10,team1,Team 1 (N/S),80,40,28,♥,finished,2026-05-18T16:34:01.966550+00:00
2767,INPROC_CE3C05,1,10,team1,Team 1 (N/S),89,31,34,♠,finished,2026-05-18T16:34:01.975028+00:00
2768,INPROC_204BCE,1,10,team1,Team 1 (N/S),98,22,11,♦,finished,2026-05-18T16:34:01.994079+00:00
2769,INPROC_FAB2CA,1,10,team1,Team 1 (N/S),68,52,5,♣,finished,2026-05-18T16:34:02.011202+00:00
2770,INPROC_259E7B,1,10,team1,Team 1 (N/S),96,24,34,♠,finished,2026-05-18T16:34:02.027246+00:00
2771,INPROC_1940C7,1,10,team1,Team 1 (N/S),75,45,16,♦,finished,2026-05-18T16:34:02.045007+00:00
2772,INPROC_07391B,1,10,team1,Team 1 (N/S),67,53,32,♠,finished,2026-05-18T16:34:02.059841+00:00
2773,INPROC_6212ED,1,10,team1,Team 1 (N/S),80,40,19,♦,finished,2026-05-18T16:34:02.075676+00:00
2774,INPROC_F2CA78,1,10,team1,Team 1 (N/S),73,47,2,♣,finished,2026-05-18T16:34:02.091189+00:00
2775,INPROC_4AFD3C,1,10,team1,Team 1 (N/S),79,41,23,♥,finished,2026-05-18T16:34:02.107174+00:00
2776,INPROC_D24705,1,10,team2,Team 2 (E/W),26,94,4,♣,finished,2026-05-18T16:34:02.122680+00:00
2777,INPROC_27967F,1,10,team1,Team 1 (N/S),106,14,14,♦,finished,2026-05-18T16:34:02.139019+00:00
2778,INPROC_487709,1,10,team1,Team 1 (N/S),64,56,16,♦,finished,2026-05-18T16:34:02.155144+00:00
2779,INPROC_82B06C,1,10,team1,Team 1 (N/S),80,40,16,♦,finished,2026-05-18T16:34:02.163494+00:00
2780,INPROC_464569,1,10,team1,Team 1 (N/S),107,13,12,♦,finished,2026-05-18T16:34:02.172579+00:00
2781,INPROC_3C84A8,1,10,team2,Team 2 (E/W),59,61,28,♥,finished,2026-05-18T16:34:02.182697+00:00
2782,INPROC_4A63F5,1,10,team2,Team 2 (E/W),29,91,19,♦,finished,2026-05-18T16:34:02.191410+00:00
2783,INPROC_F4A885,1,10,team2,Team 2 (E/W),49,71,22,♥,finished,2026-05-18T16:34:02.199596+00:00
2784,INPROC_575142,1,10,team2,Team 2 (E/W),46,74,26,♥,finished,2026-05-18T16:34:02.208358+00:00
2785,INPROC_C173CF,1,10,team1,Team 1 (N/S),90,30,38,♠,finished,2026-05-18T16:34:02.224455+00:00
2786,INPROC_EB7FD4,1,10,team1,Team 1 (N/S),98,22,8,♣,finished,2026-05-18T16:34:02.239017+00:00
2787,INPROC_EA7F32,1,10,team2,Team 2 (E/W),36,84,15,♦,finished,2026-05-18T16:34:02.254972+00:00
2788,INPROC_73F63E,1,10,team2,Team 2 (E/W),41,79,7,♣,finished,2026-05-18T16:34:02.271618+00:00
2789,INPROC_C4AC97,1,10,team2,Team 2 (E/W),38,82,25,♥,finished,2026-05-18T16:34:02.287753+00:00
2790,INPROC_070FDA,1,10,team2,Team 2 (E/W),20,100,39,♠,finished,2026-05-18T16:34:02.303200+00:00
2791,INPROC_BC7821,1,10,team1,Team 1 (N/S),96,24,26,♥,finished,2026-05-18T16:34:02.317991+00:00
2792,INPROC_97ED20,1,10,team2,Team 2 (E/W),49,71,18,♦,finished,2026-05-18T16:34:02.332733+00:00
2793,INPROC_C71493,1,10,team2,Team 2 (E/W),18,102,34,♠,finished,2026-05-18T16:34:02.349769+00:00
2794,INPROC_881CC5,1,10,team2,Team 2 (E/W),45,75,35,♠,finished,2026-05-18T16:34:02.365308+00:00
2795,INPROC_C40C7A,1,10,team1,Team 1 (N/S),78,42,14,♦,finished,2026-05-18T16:34:02.380330+00:00
2796,INPROC_63E9CD,1,10,team1,Team 1 (N/S),67,53,19,♦,finished,2026-05-18T16:34:02.396841+00:00
2797,INPROC_B6B82B,1,10,team1,Team 1 (N/S),81,39,10,♦,finished,2026-05-18T16:34:02.412567+00:00
2798,INPROC_1D9824,1,10,team1,Team 1 (N/S),64,56,10,♦,finished,2026-05-18T16:34:02.428578+00:00
2799,INPROC_C33FD3,1,10,team1,Team 1 (N/S),105,15,3,♣,finished,2026-05-18T16:34:02.446550+00:00
2800,INPROC_EE0C0A,1,10,team1,Team 1 (N/S),84,36,1,♣,finished,2026-05-18T16:34:02.462722+00:00
2801,INPROC_39C7B6,1,10,team2,Team 2 (E/W),49,71,35,♠,finished,2026-05-18T16:34:02.478831+00:00
2802,INPROC_DF715B,1,10,team1,Team 1 (N/S),61,59,1,♣,finished,2026-05-18T16:34:02.497723+00:00
2803,INPROC_37E17F,1,10,team1,Team 1 (N/S),63,57,10,♦,finished,2026-05-18T16:34:02.512456+00:00
2804,INPROC_016E44,1,10,team1,Team 1 (N/S),80,40,38,♠,finished,2026-05-18T16:34:02.528286+00:00
2805,INPROC_19358C,1,10,team1,Team 1 (N/S),96,24,31,♠,finished,2026-05-18T16:34:02.543470+00:00
2806,INPROC_1C4285,1,10,team1,Team 1 (N/S),106,14,20,♥,finished,2026-05-18T16:34:02.558419+00:00
2807,INPROC_76BF21,1,10,team1,Team 1 (N/S),85,35,16,♦,finished,2026-05-18T16:34:02.573248+00:00
2808,INPROC_B1BE71,1,10,team1,Team 1 (N/S),67,53,34,♠,finished,2026-05-18T16:34:02.588378+00:00
2809,INPROC_96AE7D,1,10,team1,Team 1 (N/S),61,59,31,♠,finished,2026-05-18T16:34:02.603285+00:00
2810,INPROC_491CF0,1,10,team1,Team 1 (N/S),73,47,4,♣,finished,2026-05-18T16:34:02.622007+00:00
2811,INPROC_3ED04A,1,10,team2,Team 2 (E/W),40,80,25,♥,finished,2026-05-18T16:34:02.631606+00:00
2812,INPROC_8DBE6B,1,10,team1,Team 1 (N/S),114,6,13,♦,finished,2026-05-18T16:34:02.641626+00:00
2813,INPROC_0E9614,1,10,team1,Team 1 (N/S),66,54,11,♦,finished,2026-05-18T16:34:02.653874+00:00
2814,INPROC_989299,1,10,team1,Team 1 (N/S),71,49,13,♦,finished,2026-05-18T16:34:02.664139+00:00
2815,INPROC_B6F910,1,10,team1,Team 1 (N/S),116,4,31,♠,finished,2026-05-18T16:34:02.674812+00:00
2816,INPROC_B00591,1,10,team2,Team 2 (E/W),53,67,8,♣,finished,2026-05-18T16:34:02.685807+00:00
2817,INPROC_AC390B,1,10,team1,Team 1 (N/S),98,22,1,♣,finished,2026-05-18T16:34:02.694100+00:00
2818,INPROC_6236AC,1,10,team1,Team 1 (N/S),64,56,26,♥,finished,2026-05-18T16:34:02.705179+00:00
2819,INPROC_7C0F3E,1,10,team2,Team 2 (E/W),20,100,8,♣,finished,2026-05-18T16:34:02.714422+00:00
2820,INPROC_E5A170,1,10,team2,Team 2 (E/W),56,64,11,♦,finished,2026-05-18T16:34:02.723180+00:00
2821,INPROC_DB2D1B,1,10,team1,Team 1 (N/S),78,42,4,♣,finished,2026-05-18T16:34:02.733237+00:00
2822,INPROC_34AD2C,1,10,team1,Team 1 (N/S),67,53,39,♠,finished,2026-05-18T16:34:02.742741+00:00
2823,INPROC_E550E4,1,10,team2,Team 2 (E/W),49,71,39,♠,finished,2026-05-18T16:34:02.753193+00:00
2824,INPROC_888018,1,10,team2,Team 2 (E/W),49,71,18,♦,finished,2026-05-18T16:34:02.763022+00:00
2825,INPROC_F48D06,1,10,team1,Team 1 (N/S),89,31,3,♣,finished,2026-05-18T16:34:02.773613+00:00
2826,INPROC_20FCA9,1,10,team2,Team 2 (E/W),34,86,32,♠,finished,2026-05-18T16:34:02.785357+00:00
2827,INPROC_A667C9,1,10,team1,Team 1 (N/S),118,2,12,♦,finished,2026-05-18T16:34:02.796088+00:00
2828,INPROC_85BF36,1,10,team1,Team 1 (N/S),79,41,37,♠,finished,2026-05-18T16:34:02.805857+00:00
2829,INPROC_088A3E,1,10,team1,Team 1 (N/S),63,57,32,♠,finished,2026-05-18T16:34:02.815656+00:00
2830,INPROC_DCA861,1,10,team1,Team 1 (N/S),66,54,24,♥,finished,2026-05-18T16:34:02.824944+00:00
2831,INPROC_4BE604,1,10,team1,Team 1 (N/S),85,35,26,♥,finished,2026-05-18T16:34:02.834520+00:00
2832,INPROC_4811AB,1,10,team2,Team 2 (E/W),38,82,39,♠,finished,2026-05-18T16:34:02.843418+00:00
2833,INPROC_0F0FAF,1,10,team1,Team 1 (N/S),85,35,7,♣,finished,2026-05-18T16:34:02.853211+00:00
2834,INPROC_5A7246,1,10,team1,Team 1 (N/S),79,41,30,♠,finished,2026-05-18T16:34:02.863758+00:00
2835,INPROC_3B6060,1,10,team1,Team 1 (N/S),65,55,38,♠,finished,2026-05-18T16:34:02.872433+00:00
2836,INPROC_2C127F,1,10,team1,Team 1 (N/S),77,43,35,♠,finished,2026-05-18T16:34:02.883443+00:00
2837,INPROC_AF7263,1,10,team1,Team 1 (N/S),81,39,8,♣,finished,2026-05-18T16:34:02.894155+00:00
2838,INPROC_ED40E1,1,10,team1,Team 1 (N/S),101,19,33,♠,finished,2026-05-18T16:34:02.903775+00:00
2839,INPROC_927591,1,10,team2,Team 2 (E/W),59,61,22,♥,finished,2026-05-18T16:34:02.916076+00:00
2840,INPROC_FDBEF0,1,10,team2,Team 2 (E/W),46,74,13,♦,finished,2026-05-18T16:34:02.926740+00:00
2841,INPROC_795799,1,10,team1,Team 1 (N/S),93,27,20,♥,finished,2026-05-18T16:34:02.935466+00:00
2842,INPROC_73AB70,1,10,team1,Team 1 (N/S),87,33,4,♣,finished,2026-05-18T16:34:02.951304+00:00
2843,INPROC_87658E,1,10,team2,Team 2 (E/W),38,82,34,♠,finished,2026-05-18T16:34:02.966923+00:00
2844,INPROC_A37016,1,10,team2,Team 2 (E/W),54,66,6,♣,finished,2026-05-18T16:34:02.980625+00:00
2845,INPROC_EB3399,1,10,team1,Team 1 (N/S),63,57,34,♠,finished,2026-05-18T16:34:02.996707+00:00
2846,INPROC_01394F,1,10,team1,Team 1 (N/S),62,58,12,♦,finished,2026-05-18T16:34:03.010068+00:00
2847,INPROC_65AAA6,1,10,team1,Team 1 (N/S),64,56,18,♦,finished,2026-05-18T16:34:03.020269+00:00
2848,INPROC_44A4FF,1,10,team1,Team 1 (N/S),62,58,5,♣,finished,2026-05-18T16:34:03.029491+00:00
2849,INPROC_3E5EDC,1,10,team2,Team 2 (E/W),47,73,0,♣,finished,2026-05-18T16:34:03.040789+00:00
2850,INPROC_332BF1,1,10,team1,Team 1 (N/S),64,56,9,♣,finished,2026-05-18T16:34:03.049345+00:00
2851,INPROC_DACD95,1,10,team1,Team 1 (N/S),85,35,6,♣,finished,2026-05-18T16:34:03.061081+00:00
2852,INPROC_EC6A2A,1,10,team1,Team 1 (N/S),61,59,35,♠,finished,2026-05-18T16:34:03.071535+00:00
2853,INPROC_13F6B5,1,10,team1,Team 1 (N/S),62,58,33,♠,finished,2026-05-18T16:34:03.082847+00:00
2854,INPROC_BC7D5D,1,10,team2,Team 2 (E/W),57,63,17,♦,finished,2026-05-18T16:34:03.093898+00:00
2855,INPROC_1D10B6,1,10,team1,Team 1 (N/S),102,18,15,♦,finished,2026-05-18T16:34:03.105107+00:00
2856,INPROC_4A08A3,1,10,team1,Team 1 (N/S),61,59,36,♠,finished,2026-05-18T16:34:03.116370+00:00
2857,INPROC_78B2A6,1,10,team1,Team 1 (N/S),61,59,31,♠,finished,2026-05-18T16:34:03.131015+00:00
2858,INPROC_37E9FF,1,10,team2,Team 2 (E/W),51,69,32,♠,finished,2026-05-18T16:34:03.145517+00:00
2859,INPROC_4AEADB,1,10,team1,Team 1 (N/S),72,48,36,♠,finished,2026-05-18T16:34:03.159089+00:00
2860,INPROC_D8500C,1,10,team2,Team 2 (E/W),54,66,32,♠,finished,2026-05-18T16:34:03.172546+00:00
2861,INPROC_AC827A,1,10,team1,Team 1 (N/S),109,11,27,♥,finished,2026-05-18T16:34:03.190213+00:00
2862,INPROC_931275,1,10,team2,Team 2 (E/W),45,75,19,♦,finished,2026-05-18T16:34:03.203264+00:00
2863,INPROC_E56BF7,1,10,team1,Team 1 (N/S),74,46,26,♥,finished,2026-05-18T16:34:03.218004+00:00
2864,INPROC_1BFE41,1,10,team2,Team 2 (E/W),58,62,9,♣,finished,2026-05-18T16:34:03.233997+00:00
2865,INPROC_097F5F,1,10,team2,Team 2 (E/W),58,62,38,♠,finished,2026-05-18T16:34:03.244073+00:00
2866,INPROC_337486,1,10,team1,Team 1 (N/S),63,57,36,♠,finished,2026-05-18T16:34:03.253686+00:00
2867,INPROC_86B16A,1,10,team2,Team 2 (E/W),55,65,25,♥,finished,2026-05-18T16:34:03.264837+00:00
2868,INPROC_82858E,1,10,team1,Team 1 (N/S),65,55,29,♥,finished,2026-05-18T16:34:03.280754+00:00
2869,INPROC_E68E03,1,10,team1,Team 1 (N/S),109,11,31,♠,finished,2026-05-18T16:34:03.297585+00:00
2870,INPROC_0F3A0C,1,10,team1,Team 1 (N/S),75,45,14,♦,finished,2026-05-18T16:34:03.317437+00:00
2871,INPROC_C799EB,1,10,team2,Team 2 (E/W),32,88,22,♥,finished,2026-05-18T16:34:03.334492+00:00
2872,INPROC_6568F4,1,10,team2,Team 2 (E/W),39,81,1,♣,finished,2026-05-18T16:34:03.352089+00:00
2873,INPROC_20C6CE,1,10,team1,Team 1 (N/S),77,43,20,♥,finished,2026-05-18T16:34:03.366048+00:00
2874,INPROC_73B83F,1,10,team1,Team 1 (N/S),90,30,10,♦,finished,2026-05-18T16:34:03.378830+00:00
2875,INPROC_3CCB0A,1,10,team1,Team 1 (N/S),76,44,38,♠,finished,2026-05-18T16:34:03.392890+00:00
2876,INPROC_C303CF,1,10,team1,Team 1 (N/S),100,20,32,♠,finished,2026-05-18T16:34:03.408723+00:00
2877,INPROC_448875,1,10,team1,Team 1 (N/S),85,35,0,♣,finished,2026-05-18T16:34:03.425889+00:00
2878,INPROC_192128,1,10,team1,Team 1 (N/S),70,50,25,♥,finished,2026-05-18T16:34:03.442213+00:00
2879,INPROC_D125C8,1,10,team2,Team 2 (E/W),28,92,31,♠,finished,2026-05-18T16:34:03.456299+00:00
2880,INPROC_82921A,1,10,team1,Team 1 (N/S),87,33,30,♠,finished,2026-05-18T16:34:03.474565+00:00
2881,INPROC_A5A8CF,1,10,team2,Team 2 (E/W),57,63,4,♣,finished,2026-05-18T16:34:03.488811+00:00
2882,INPROC_9E8F5A,1,10,team2,Team 2 (E/W),50,70,2,♣,finished,2026-05-18T16:34:03.502572+00:00
2883,INPROC_BE5780,1,10,team2,Team 2 (E/W),50,70,19,♦,finished,2026-05-18T16:34:03.517139+00:00
2884,INPROC_02EA3B,1,10,team2,Team 2 (E/W),47,73,19,♦,finished,2026-05-18T16:34:03.537030+00:00
2885,INPROC_447B53,1,10,team2,Team 2 (E/W),34,86,9,♣,finished,2026-05-18T16:34:03.552762+00:00
2886,INPROC_9B47C4,1,10,team2,Team 2 (E/W),23,97,38,♠,finished,2026-05-18T16:34:03.569245+00:00
2887,INPROC_29E8B7,1,10,team2,Team 2 (E/W),0,120,5,♣,finished,2026-05-18T16:34:03.584257+00:00
2888,INPROC_400E2E,1,10,team2,Team 2 (E/W),21,99,22,♥,finished,2026-05-18T16:34:03.603342+00:00
2889,INPROC_42A676,1,10,team2,Team 2 (E/W),30,90,2,♣,finished,2026-05-18T16:34:03.619492+00:00
2890,INPROC_2065AD,1,10,team1,Team 1 (N/S),71,49,8,♣,finished,2026-05-18T16:34:03.638372+00:00
2891,INPROC_C53301,1,10,team1,Team 1 (N/S),70,50,26,♥,finished,2026-05-18T16:34:03.658729+00:00
2892,INPROC_2D202E,1,10,team1,Team 1 (N/S),112,8,15,♦,finished,2026-05-18T16:34:03.678805+00:00
2893,INPROC_5E27C1,1,10,team1,Team 1 (N/S),89,31,26,♥,finished,2026-05-18T16:34:03.696073+00:00
2894,INPROC_467CCA,1,10,team1,Team 1 (N/S),85,35,24,♥,finished,2026-05-18T16:34:03.712486+00:00
2895,INPROC_9D07EA,1,10,team1,Team 1 (N/S),86,34,32,♠,finished,2026-05-18T16:34:03.729767+00:00
2896,INPROC_881984,1,10,team2,Team 2 (E/W),32,88,16,♦,finished,2026-05-18T16:34:03.749031+00:00
2897,INPROC_08841D,1,10,team1,Team 1 (N/S),108,12,12,♦,finished,2026-05-18T16:34:03.765171+00:00
2898,INPROC_AEB2F6,1,10,team2,Team 2 (E/W),58,62,6,♣,finished,2026-05-18T16:34:03.783898+00:00
2899,INPROC_7D4469,1,10,team1,Team 1 (N/S),92,28,21,♥,finished,2026-05-18T16:34:03.802995+00:00
2900,INPROC_E233D7,1,10,team1,Team 1 (N/S),88,32,35,♠,finished,2026-05-18T16:34:03.824360+00:00
2901,INPROC_B2688D,1,10,team2,Team 2 (E/W),53,67,10,♦,finished,2026-05-18T16:34:03.834094+00:00
2902,INPROC_48B4D3,1,10,team1,Team 1 (N/S),71,49,31,♠,finished,2026-05-18T16:34:03.847735+00:00
2903,INPROC_A117B0,1,10,team1,Team 1 (N/S),65,55,28,♥,finished,2026-05-18T16:34:03.862048+00:00
2904,INPROC_C66DFD,1,10,team2,Team 2 (E/W),48,72,14,♦,finished,2026-05-18T16:34:03.877634+00:00
2905,INPROC_6C5794,1,10,team1,Team 1 (N/S),85,35,6,♣,finished,2026-05-18T16:34:03.893417+00:00
2906,INPROC_5AF564,1,10,team1,Team 1 (N/S),89,31,37,♠,finished,2026-05-18T16:34:03.910066+00:00
2907,INPROC_755156,1,10,team2,Team 2 (E/W),3,117,14,♦,finished,2026-05-18T16:34:03.926118+00:00
2908,INPROC_30FCEA,1,10,team1,Team 1 (N/S),117,3,12,♦,finished,2026-05-18T16:34:03.942746+00:00
2909,INPROC_B58A09,1,10,team1,Team 1 (N/S),75,45,39,♠,finished,2026-05-18T16:34:03.959006+00:00
2910,INPROC_0A72DE,1,10,team2,Team 2 (E/W),34,86,39,♠,finished,2026-05-18T16:34:03.975075+00:00
2911,INPROC_E79080,1,10,team1,Team 1 (N/S),116,4,23,♥,finished,2026-05-18T16:34:03.989071+00:00
2912,INPROC_8D4E61,1,10,team2,Team 2 (E/W),55,65,10,♦,finished,2026-05-18T16:34:04.004697+00:00
2913,INPROC_250C55,1,10,team1,Team 1 (N/S),95,25,34,♠,finished,2026-05-18T16:34:04.019993+00:00
2914,INPROC_340EBB,1,10,team1,Team 1 (N/S),74,46,33,♠,finished,2026-05-18T16:34:04.035385+00:00
2915,INPROC_6D6599,1,10,team2,Team 2 (E/W),28,92,18,♦,finished,2026-05-18T16:34:04.051913+00:00
2916,INPROC_CA2794,1,10,team2,Team 2 (E/W),39,81,39,♠,finished,2026-05-18T16:34:04.066200+00:00
2917,INPROC_DFEB89,1,10,team1,Team 1 (N/S),64,56,29,♥,finished,2026-05-18T16:34:04.083211+00:00
2918,INPROC_3579D3,1,10,team2,Team 2 (E/W),54,66,21,♥,finished,2026-05-18T16:34:04.100307+00:00
2919,INPROC_27141F,1,10,draw,draw,60,60,6,♣,finished,2026-05-18T16:34:04.116222+00:00
2920,INPROC_FCDA6A,1,10,team1,Team 1 (N/S),78,42,17,♦,finished,2026-05-18T16:34:04.133152+00:00
2921,INPROC_6F11B6,1,10,team1,Team 1 (N/S),61,59,10,♦,finished,2026-05-18T16:34:04.152304+00:00
2922,INPROC_6F9096,1,10,team1,Team 1 (N/S),78,42,25,♥,finished,2026-05-18T16:34:04.168514+00:00
2923,INPROC_FFA631,1,10,team2,Team 2 (E/W),59,61,39,♠,finished,2026-05-18T16:34:04.185297+00:00
2924,INPROC_98CCAC,1,10,team1,Team 1 (N/S),68,52,32,♠,finished,2026-05-18T16:34:04.202454+00:00
2925,INPROC_5D656F,1,10,team1,Team 1 (N/S),83,37,34,♠,finished,2026-05-18T16:34:04.215223+00:00
2926,INPROC_EE9F32,1,10,team2,Team 2 (E/W),39,81,6,♣,finished,2026-05-18T16:34:04.231342+00:00
2927,INPROC_39E62A,1,10,team1,Team 1 (N/S),61,59,34,♠,finished,2026-05-18T16:34:04.247233+00:00
2928,INPROC_ADC7AD,1,10,team1,Team 1 (N/S),69,51,1,♣,finished,2026-05-18T16:34:04.264324+00:00
2929,INPROC_4EEB52,1,10,team1,Team 1 (N/S),81,39,0,♣,finished,2026-05-18T16:34:04.282192+00:00
2930,INPROC_986197,1,10,team1,Team 1 (N/S),100,20,11,♦,finished,2026-05-18T16:34:04.300633+00:00
2931,INPROC_B4EC76,1,10,team2,Team 2 (E/W),40,80,25,♥,finished,2026-05-18T16:34:04.316293+00:00
2932,INPROC_E9CC5C,1,10,team1,Team 1 (N/S),77,43,25,♥,finished,2026-05-18T16:34:04.331099+00:00
2933,INPROC_DB969E,1,10,team1,Team 1 (N/S),65,55,12,♦,finished,2026-05-18T16:34:04.344564+00:00
2934,INPROC_2A856C,1,10,team1,Team 1 (N/S),88,32,5,♣,finished,2026-05-18T16:34:04.361300+00:00
2935,INPROC_A4EC44,1,10,team1,Team 1 (N/S),96,24,28,♥,finished,2026-05-18T16:34:04.377699+00:00
2936,INPROC_5FEE5C,1,10,team1,Team 1 (N/S),66,54,17,♦,finished,2026-05-18T16:34:04.393338+00:00
2937,INPROC_8B3D86,1,10,team1,Team 1 (N/S),70,50,0,♣,finished,2026-05-18T16:34:04.410351+00:00
2938,INPROC_201B55,1,10,team1,Team 1 (N/S),63,57,38,♠,finished,2026-05-18T16:34:04.427618+00:00
2939,INPROC_D1C5C1,1,10,team2,Team 2 (E/W),59,61,19,♦,finished,2026-05-18T16:34:04.442866+00:00
2940,INPROC_3D24D8,1,10,team2,Team 2 (E/W),46,74,8,♣,finished,2026-05-18T16:34:04.460960+00:00
2941,INPROC_409627,1,10,team2,Team 2 (E/W),59,61,27,♥,finished,2026-05-18T16:34:04.476389+00:00
2942,INPROC_763E0E,1,10,team1,Team 1 (N/S),92,28,25,♥,finished,2026-05-18T16:34:04.489767+00:00
2943,INPROC_9F09B6,1,10,team1,Team 1 (N/S),76,44,28,♥,finished,2026-05-18T16:34:04.505068+00:00
2944,INPROC_91DA3E,1,10,team1,Team 1 (N/S),73,47,26,♥,finished,2026-05-18T16:34:04.519384+00:00
2945,INPROC_8DACF1,1,10,team1,Team 1 (N/S),81,39,14,♦,finished,2026-05-18T16:34:04.533626+00:00
2946,INPROC_F33C55,1,10,team1,Team 1 (N/S),69,51,27,♥,finished,2026-05-18T16:34:04.549186+00:00
2947,INPROC_E689F3,1,10,team1,Team 1 (N/S),96,24,7,♣,finished,2026-05-18T16:34:04.564248+00:00
2948,INPROC_882317,1,10,team2,Team 2 (E/W),30,90,21,♥,finished,2026-05-18T16:34:04.582536+00:00
2949,INPROC_EE1B36,1,10,team1,Team 1 (N/S),72,48,25,♥,finished,2026-05-18T16:34:04.601542+00:00
2950,INPROC_02DAA8,1,10,team1,Team 1 (N/S),105,15,9,♣,finished,2026-05-18T16:34:04.618841+00:00
2951,INPROC_D38F3F,1,10,team1,Team 1 (N/S),66,54,6,♣,finished,2026-05-18T16:34:04.636738+00:00
2952,INPROC_C6E11D,1,10,team1,Team 1 (N/S),84,36,38,♠,finished,2026-05-18T16:34:04.653244+00:00
2953,INPROC_7BB8C8,1,10,team2,Team 2 (E/W),28,92,10,♦,finished,2026-05-18T16:34:04.669854+00:00
2954,INPROC_EE626A,1,10,team2,Team 2 (E/W),59,61,21,♥,finished,2026-05-18T16:34:04.681408+00:00
2955,INPROC_D0E181,1,10,team1,Team 1 (N/S),92,28,31,♠,finished,2026-05-18T16:34:04.695161+00:00
2956,INPROC_8D85DD,1,10,team1,Team 1 (N/S),62,58,2,♣,finished,2026-05-18T16:34:04.710153+00:00
2957,INPROC_E785A4,1,10,team1,Team 1 (N/S),83,37,23,♥,finished,2026-05-18T16:34:04.726612+00:00
2958,INPROC_E6D0A2,1,10,team2,Team 2 (E/W),35,85,12,♦,finished,2026-05-18T16:34:04.742042+00:00
2959,INPROC_0B417E,1,10,team1,Team 1 (N/S),92,28,10,♦,finished,2026-05-18T16:34:04.757478+00:00
2960,INPROC_FDD020,1,10,team2,Team 2 (E/W),53,67,20,♥,finished,2026-05-18T16:34:04.774042+00:00
2961,INPROC_09A474,1,10,team1,Team 1 (N/S),106,14,4,♣,finished,2026-05-18T16:34:04.792877+00:00
2962,INPROC_D1235E,1,10,team1,Team 1 (N/S),67,53,6,♣,finished,2026-05-18T16:34:04.808574+00:00
2963,INPROC_234F3B,1,10,team1,Team 1 (N/S),75,45,6,♣,finished,2026-05-18T16:34:04.824064+00:00
2964,INPROC_627C55,1,10,team1,Team 1 (N/S),71,49,2,♣,finished,2026-05-18T16:34:04.841987+00:00
2965,INPROC_99652A,1,10,team1,Team 1 (N/S),73,47,24,♥,finished,2026-05-18T16:34:04.857495+00:00
2966,INPROC_9714BB,1,10,team1,Team 1 (N/S),101,19,2,♣,finished,2026-05-18T16:34:04.872986+00:00
2967,INPROC_E78BB2,1,10,draw,draw,60,60,5,♣,finished,2026-05-18T16:34:04.883049+00:00
2968,INPROC_1A16F3,1,10,team1,Team 1 (N/S),72,48,4,♣,finished,2026-05-18T16:34:04.891982+00:00
2969,INPROC_F4E56C,1,10,team1,Team 1 (N/S),69,51,20,♥,finished,2026-05-18T16:34:04.902356+00:00
2970,INPROC_FDB6C8,1,10,team1,Team 1 (N/S),75,45,31,♠,finished,2026-05-18T16:34:04.911585+00:00
2971,INPROC_A142D9,1,10,team1,Team 1 (N/S),83,37,3,♣,finished,2026-05-18T16:34:04.926321+00:00
2972,INPROC_8F3FC7,1,10,team1,Team 1 (N/S),62,58,28,♥,finished,2026-05-18T16:34:04.938663+00:00
2973,INPROC_3BE864,1,10,team1,Team 1 (N/S),93,27,0,♣,finished,2026-05-18T16:34:04.954335+00:00
2974,INPROC_03CC83,1,10,team1,Team 1 (N/S),61,59,29,♥,finished,2026-05-18T16:34:04.967929+00:00
2975,INPROC_B86A49,1,10,team2,Team 2 (E/W),12,108,39,♠,finished,2026-05-18T16:34:04.982224+00:00
2976,INPROC_C86FCC,1,10,team2,Team 2 (E/W),28,92,22,♥,finished,2026-05-18T16:34:04.998769+00:00
2977,INPROC_1B02E1,1,10,team2,Team 2 (E/W),21,99,16,♦,finished,2026-05-18T16:34:05.015536+00:00
2978,INPROC_BE72BB,1,10,team2,Team 2 (E/W),30,90,32,♠,finished,2026-05-18T16:34:05.032273+00:00
2979,INPROC_01878B,1,10,team1,Team 1 (N/S),118,2,0,♣,finished,2026-05-18T16:34:05.047740+00:00
2980,INPROC_8B5F9A,1,10,team1,Team 1 (N/S),82,38,36,♠,finished,2026-05-18T16:34:05.064336+00:00
2981,INPROC_5C1240,1,10,team2,Team 2 (E/W),57,63,34,♠,finished,2026-05-18T16:34:05.080001+00:00
2982,INPROC_4705E5,1,10,team1,Team 1 (N/S),78,42,25,♥,finished,2026-05-18T16:34:05.097000+00:00
2983,INPROC_7B1100,1,10,team1,Team 1 (N/S),68,52,25,♥,finished,2026-05-18T16:34:05.113149+00:00
2984,INPROC_9C64EB,1,10,team1,Team 1 (N/S),81,39,15,♦,finished,2026-05-18T16:34:05.129517+00:00
2985,INPROC_BBB16A,1,10,team1,Team 1 (N/S),85,35,21,♥,finished,2026-05-18T16:34:05.146130+00:00
2986,INPROC_496AB8,1,10,team2,Team 2 (E/W),41,79,34,♠,finished,2026-05-18T16:34:05.162179+00:00
2987,INPROC_5414A4,1,10,team2,Team 2 (E/W),53,67,34,♠,finished,2026-05-18T16:34:05.178450+00:00
2988,INPROC_B1C23A,1,10,team1,Team 1 (N/S),72,48,39,♠,finished,2026-05-18T16:34:05.195273+00:00
2989,INPROC_2AB2FC,1,10,team1,Team 1 (N/S),105,15,8,♣,finished,2026-05-18T16:34:05.211668+00:00
2990,INPROC_DD2973,1,10,team1,Team 1 (N/S),95,25,30,♠,finished,2026-05-18T16:34:05.228412+00:00
2991,INPROC_37A6E1,1,10,team2,Team 2 (E/W),45,75,38,♠,finished,2026-05-18T16:34:05.246776+00:00
2992,INPROC_E5D8B6,1,10,team2,Team 2 (E/W),52,68,16,♦,finished,2026-05-18T16:34:05.262106+00:00
2993,INPROC_F7C5CF,1,10,team1,Team 1 (N/S),78,42,30,♠,finished,2026-05-18T16:34:05.275043+00:00
2994,INPROC_80FAF8,1,10,team2,Team 2 (E/W),59,61,18,♦,finished,2026-05-18T16:34:05.289327+00:00
2995,INPROC_63DDED,1,10,team2,Team 2 (E/W),34,86,9,♣,finished,2026-05-18T16:34:05.304595+00:00
2996,INPROC_E5ED7F,1,10,team1,Team 1 (N/S),72,48,8,♣,finished,2026-05-18T16:34:05.320516+00:00
2997,INPROC_A8B3EB,1,10,team1,Team 1 (N/S),107,13,8,♣,finished,2026-05-18T16:34:05.337089+00:00
2998,INPROC_A49CFE,1,10,team2,Team 2 (E/W),12,108,4,♣,finished,2026-05-18T16:34:05.356786+00:00
2999,INPROC_1E13F6,1,10,team2,Team 2 (E/W),47,73,14,♦,finished,2026-05-18T16:34:05.375735+00:00
3000,INPROC_96FAF8,1,10,team1,Team 1 (N/S),83,37,8,♣,finished,2026-05-18T16:34:05.392237+00:00
3001,INPROC_53BBFD,1,10,team2,Team 2 (E/W),16,104,10,♦,finished,2026-05-18T16:34:05.408471+00:00
3002,INPROC_31F63E,1,10,team2,Team 2 (E/W),49,71,30,♠,finished,2026-05-18T16:34:05.426072+00:00
3003,INPROC_E160CF,1,10,team1,Team 1 (N/S),78,42,13,♦,finished,2026-05-18T16:34:05.440030+00:00
3004,INPROC_D1A76B,1,10,team1,Team 1 (N/S),80,40,38,♠,finished,2026-05-18T16:34:05.451885+00:00
3005,INPROC_E21C61,1,10,team1,Team 1 (N/S),75,45,13,♦,finished,2026-05-18T16:34:05.467734+00:00
3006,INPROC_9DEEE2,1,10,team2,Team 2 (E/W),52,68,28,♥,finished,2026-05-18T16:34:05.483207+00:00
3007,INPROC_785F83,1,10,team1,Team 1 (N/S),64,56,23,♥,finished,2026-05-18T16:34:05.498823+00:00
3008,INPROC_63C883,1,10,team1,Team 1 (N/S),92,28,20,♥,finished,2026-05-18T16:34:05.514748+00:00
3009,INPROC_A1D8BA,1,10,team1,Team 1 (N/S),81,39,7,♣,finished,2026-05-18T16:34:05.532973+00:00
3010,INPROC_71B385,1,10,team1,Team 1 (N/S),63,57,27,♥,finished,2026-05-18T16:34:05.549951+00:00
3011,INPROC_54821A,1,10,team1,Team 1 (N/S),76,44,12,♦,finished,2026-05-18T16:34:05.567265+00:00
3012,INPROC_3DA1A2,1,10,team1,Team 1 (N/S),67,53,12,♦,finished,2026-05-18T16:34:05.582574+00:00
3013,INPROC_625955,1,10,team1,Team 1 (N/S),82,38,7,♣,finished,2026-05-18T16:34:05.600258+00:00
3014,INPROC_5DBCEC,1,10,team1,Team 1 (N/S),84,36,27,♥,finished,2026-05-18T16:34:05.615063+00:00
3015,INPROC_37F43F,1,10,team1,Team 1 (N/S),81,39,15,♦,finished,2026-05-18T16:34:05.631348+00:00
3016,INPROC_3C0C6C,1,10,team2,Team 2 (E/W),55,65,2,♣,finished,2026-05-18T16:34:05.647305+00:00
3017,INPROC_4B8413,1,10,team1,Team 1 (N/S),96,24,39,♠,finished,2026-05-18T16:34:05.662044+00:00
3018,INPROC_89288E,1,10,team2,Team 2 (E/W),54,66,39,♠,finished,2026-05-18T16:34:05.677108+00:00
3019,INPROC_1BDC3F,1,10,team1,Team 1 (N/S),64,56,5,♣,finished,2026-05-18T16:34:05.692244+00:00
3020,INPROC_A0BD86,1,10,team1,Team 1 (N/S),96,24,22,♥,finished,2026-05-18T16:34:05.707671+00:00
3021,INPROC_EB0E3A,1,10,team1,Team 1 (N/S),85,35,29,♥,finished,2026-05-18T16:34:05.724249+00:00
3022,INPROC_FD541F,1,10,team1,Team 1 (N/S),74,46,2,♣,finished,2026-05-18T16:34:05.740429+00:00
3023,INPROC_8C312E,1,10,team1,Team 1 (N/S),97,23,39,♠,finished,2026-05-18T16:34:05.755907+00:00
3024,INPROC_FD1560,1,10,team1,Team 1 (N/S),85,35,33,♠,finished,2026-05-18T16:34:05.769848+00:00
3025,INPROC_B4595C,1,10,team1,Team 1 (N/S),90,30,29,♥,finished,2026-05-18T16:34:05.786262+00:00
3026,INPROC_569ACC,1,10,team1,Team 1 (N/S),78,42,23,♥,finished,2026-05-18T16:34:05.800273+00:00
3027,INPROC_7F61DE,1,10,team1,Team 1 (N/S),86,34,3,♣,finished,2026-05-18T16:34:05.816223+00:00
3028,INPROC_69A574,1,10,team2,Team 2 (E/W),31,89,22,♥,finished,2026-05-18T16:34:05.833011+00:00
3029,INPROC_C429FD,1,10,team1,Team 1 (N/S),87,33,37,♠,finished,2026-05-18T16:34:05.849838+00:00
3030,INPROC_EBF177,1,10,team1,Team 1 (N/S),101,19,31,♠,finished,2026-05-18T16:34:05.866410+00:00
3031,INPROC_3BD195,1,10,team1,Team 1 (N/S),69,51,26,♥,finished,2026-05-18T16:34:05.882802+00:00
3032,INPROC_49D14B,1,10,team1,Team 1 (N/S),67,53,14,♦,finished,2026-05-18T16:34:05.898681+00:00
3033,INPROC_DEB2CA,1,10,team1,Team 1 (N/S),66,54,6,♣,finished,2026-05-18T16:34:05.916874+00:00
3034,INPROC_33CF4A,1,10,draw,draw,60,60,3,♣,finished,2026-05-18T16:34:05.934360+00:00
3035,INPROC_E50124,1,10,team1,Team 1 (N/S),75,45,6,♣,finished,2026-05-18T16:34:05.949292+00:00
3036,INPROC_5F9983,1,10,team1,Team 1 (N/S),103,17,2,♣,finished,2026-05-18T16:34:05.964078+00:00
3037,INPROC_0D0391,1,10,team2,Team 2 (E/W),38,82,24,♥,finished,2026-05-18T16:34:05.980329+00:00
3038,INPROC_BBC1B9,1,10,team2,Team 2 (E/W),0,120,36,♠,finished,2026-05-18T16:34:05.995187+00:00
3039,INPROC_8EB813,1,10,team2,Team 2 (E/W),57,63,38,♠,finished,2026-05-18T16:34:06.010557+00:00
3040,INPROC_C1EA8B,1,10,team1,Team 1 (N/S),67,53,14,♦,finished,2026-05-18T16:34:06.026842+00:00
3041,INPROC_9D121B,1,10,team2,Team 2 (E/W),57,63,1,♣,finished,2026-05-18T16:34:06.045212+00:00
3042,INPROC_7B1C2F,1,10,team2,Team 2 (E/W),41,79,30,♠,finished,2026-05-18T16:34:06.060800+00:00
3043,INPROC_B11369,1,10,team1,Team 1 (N/S),99,21,25,♥,finished,2026-05-18T16:34:06.075991+00:00
3044,INPROC_59A773,1,10,team1,Team 1 (N/S),66,54,24,♥,finished,2026-05-18T16:34:06.091777+00:00
3045,INPROC_E0B097,1,10,team1,Team 1 (N/S),86,34,0,♣,finished,2026-05-18T16:34:06.106579+00:00
3046,INPROC_CC67F0,1,10,team2,Team 2 (E/W),18,102,3,♣,finished,2026-05-18T16:34:06.122557+00:00
3047,INPROC_BBA240,1,10,team2,Team 2 (E/W),37,83,6,♣,finished,2026-05-18T16:34:06.132773+00:00
3048,INPROC_C542C0,1,10,team2,Team 2 (E/W),47,73,5,♣,finished,2026-05-18T16:34:06.146512+00:00
3049,INPROC_59A7A9,1,10,team1,Team 1 (N/S),65,55,35,♠,finished,2026-05-18T16:34:06.161254+00:00
3050,INPROC_181D75,1,10,team2,Team 2 (E/W),50,70,32,♠,finished,2026-05-18T16:34:06.180022+00:00
3051,INPROC_C35163,1,10,team2,Team 2 (E/W),35,85,1,♣,finished,2026-05-18T16:34:06.194509+00:00
3052,INPROC_21AA94,1,10,team1,Team 1 (N/S),78,42,8,♣,finished,2026-05-18T16:34:06.209899+00:00
3053,INPROC_2ED2F3,1,10,draw,draw,60,60,5,♣,finished,2026-05-18T16:34:06.223600+00:00
3054,INPROC_92C8DA,1,10,team1,Team 1 (N/S),88,32,36,♠,finished,2026-05-18T16:34:06.244280+00:00
3055,INPROC_248862,1,10,team2,Team 2 (E/W),55,65,38,♠,finished,2026-05-18T16:34:06.261491+00:00
3056,INPROC_747C49,1,10,team1,Team 1 (N/S),75,45,36,♠,finished,2026-05-18T16:34:06.277891+00:00
3057,INPROC_7E992C,1,10,team2,Team 2 (E/W),48,72,10,♦,finished,2026-05-18T16:34:06.295563+00:00
3058,INPROC_F19CDE,1,10,team2,Team 2 (E/W),59,61,39,♠,finished,2026-05-18T16:34:06.312397+00:00
3059,INPROC_869BF4,1,10,team1,Team 1 (N/S),90,30,27,♥,finished,2026-05-18T16:34:06.326893+00:00
3060,INPROC_8B3F41,1,10,team1,Team 1 (N/S),99,21,1,♣,finished,2026-05-18T16:34:06.345445+00:00
3061,INPROC_6B6746,1,10,team1,Team 1 (N/S),77,43,39,♠,finished,2026-05-18T16:34:06.363143+00:00
3062,INPROC_D252DB,1,10,team2,Team 2 (E/W),15,105,1,♣,finished,2026-05-18T16:34:06.378352+00:00
3063,INPROC_9E2E62,1,10,team2,Team 2 (E/W),58,62,21,♥,finished,2026-05-18T16:34:06.394949+00:00
3064,INPROC_414019,1,10,team1,Team 1 (N/S),91,29,11,♦,finished,2026-05-18T16:34:06.412874+00:00
3065,INPROC_C93AA4,1,10,team1,Team 1 (N/S),79,41,33,♠,finished,2026-05-18T16:34:06.428126+00:00
3066,INPROC_2D8FBA,1,10,team1,Team 1 (N/S),62,58,30,♠,finished,2026-05-18T16:34:06.444374+00:00
3067,INPROC_34C2BB,1,10,team2,Team 2 (E/W),52,68,29,♥,finished,2026-05-18T16:34:06.459601+00:00
3068,INPROC_DC6A2D,1,10,team2,Team 2 (E/W),52,68,38,♠,finished,2026-05-18T16:34:06.476638+00:00
3069,INPROC_42646C,1,10,team2,Team 2 (E/W),53,67,38,♠,finished,2026-05-18T16:34:06.491572+00:00
3070,INPROC_874DC8,1,10,team2,Team 2 (E/W),23,97,12,♦,finished,2026-05-18T16:34:06.506532+00:00
3071,INPROC_BD7E3F,1,10,team1,Team 1 (N/S),78,42,33,♠,finished,2026-05-18T16:34:06.521588+00:00
3072,INPROC_609FD9,1,10,team1,Team 1 (N/S),88,32,28,♥,finished,2026-05-18T16:34:06.536640+00:00
3073,INPROC_15E925,1,10,team1,Team 1 (N/S),76,44,36,♠,finished,2026-05-18T16:34:06.553404+00:00
3074,INPROC_49C8CE,1,10,team2,Team 2 (E/W),27,93,8,♣,finished,2026-05-18T16:34:06.568465+00:00
3075,INPROC_922637,1,10,team2,Team 2 (E/W),48,72,33,♠,finished,2026-05-18T16:34:06.587006+00:00
3076,INPROC_71B004,1,10,team1,Team 1 (N/S),63,57,10,♦,finished,2026-05-18T16:34:06.601726+00:00
3077,INPROC_63A0E2,1,10,team1,Team 1 (N/S),71,49,20,♥,finished,2026-05-18T16:34:06.619580+00:00
3078,INPROC_48B771,1,10,team1,Team 1 (N/S),114,6,30,♠,finished,2026-05-18T16:34:06.635699+00:00
3079,INPROC_E29F35,1,10,team1,Team 1 (N/S),72,48,9,♣,finished,2026-05-18T16:34:06.649559+00:00
3080,INPROC_177FA0,1,10,team1,Team 1 (N/S),90,30,27,♥,finished,2026-05-18T16:34:06.665160+00:00
3081,INPROC_DC43BB,1,10,team1,Team 1 (N/S),97,23,30,♠,finished,2026-05-18T16:34:06.681728+00:00
3082,INPROC_064CBE,1,10,team1,Team 1 (N/S),82,38,33,♠,finished,2026-05-18T16:34:06.696616+00:00
3083,INPROC_00CB1D,1,10,team1,Team 1 (N/S),77,43,35,♠,finished,2026-05-18T16:34:06.710641+00:00
3084,INPROC_0BF05E,1,10,team2,Team 2 (E/W),59,61,9,♣,finished,2026-05-18T16:34:06.727788+00:00
3085,INPROC_E3064D,1,10,team1,Team 1 (N/S),89,31,5,♣,finished,2026-05-18T16:34:06.743545+00:00
3086,INPROC_D9EFF6,1,10,team2,Team 2 (E/W),55,65,37,♠,finished,2026-05-18T16:34:06.759547+00:00
3087,INPROC_38A097,1,10,team1,Team 1 (N/S),90,30,0,♣,finished,2026-05-18T16:34:06.775502+00:00
3088,INPROC_22DF83,1,10,team2,Team 2 (E/W),33,87,5,♣,finished,2026-05-18T16:34:06.792358+00:00
3089,INPROC_D46A2C,1,10,team1,Team 1 (N/S),64,56,36,♠,finished,2026-05-18T16:34:06.808630+00:00
3090,INPROC_358BD4,1,10,team1,Team 1 (N/S),67,53,21,♥,finished,2026-05-18T16:34:06.824085+00:00
3091,INPROC_3EFB3F,1,10,team1,Team 1 (N/S),84,36,35,♠,finished,2026-05-18T16:34:06.840152+00:00
3092,INPROC_231EE1,1,10,team1,Team 1 (N/S),117,3,3,♣,finished,2026-05-18T16:34:06.856067+00:00
3093,INPROC_6DF6E0,1,10,team1,Team 1 (N/S),101,19,14,♦,finished,2026-05-18T16:34:06.868949+00:00
3094,INPROC_97FBB1,1,10,team1,Team 1 (N/S),96,24,16,♦,finished,2026-05-18T16:34:06.880616+00:00
3095,INPROC_1DED1C,1,10,team2,Team 2 (E/W),41,79,22,♥,finished,2026-05-18T16:34:06.896601+00:00
3096,INPROC_C01DBD,1,10,team2,Team 2 (E/W),49,71,38,♠,finished,2026-05-18T16:34:06.914250+00:00
3097,INPROC_479548,1,10,team1,Team 1 (N/S),79,41,18,♦,finished,2026-05-18T16:34:06.926837+00:00
3098,INPROC_7D9A71,1,10,team1,Team 1 (N/S),75,45,7,♣,finished,2026-05-18T16:34:06.940331+00:00
3099,INPROC_641ADA,1,10,team1,Team 1 (N/S),67,53,37,♠,finished,2026-05-18T16:34:06.956703+00:00
3100,INPROC_96CA09,1,10,team1,Team 1 (N/S),84,36,17,♦,finished,2026-05-18T16:34:06.973676+00:00
3101,INPROC_1DABD7,1,10,team1,Team 1 (N/S),76,44,11,♦,finished,2026-05-18T16:34:06.989510+00:00
3102,INPROC_1DD69D,1,10,team2,Team 2 (E/W),19,101,3,♣,finished,2026-05-18T16:34:07.006437+00:00
3103,INPROC_BC68BE,1,10,team2,Team 2 (E/W),49,71,6,♣,finished,2026-05-18T16:34:07.018966+00:00
3104,INPROC_7EB134,1,10,team2,Team 2 (E/W),55,65,39,♠,finished,2026-05-18T16:34:07.029485+00:00
3105,INPROC_36A3AD,1,10,team2,Team 2 (E/W),36,84,14,♦,finished,2026-05-18T16:34:07.041413+00:00
3106,INPROC_417FC6,1,10,team1,Team 1 (N/S),106,14,3,♣,finished,2026-05-18T16:34:07.054554+00:00
3107,INPROC_2B8454,1,10,team1,Team 1 (N/S),75,45,26,♥,finished,2026-05-18T16:34:07.072670+00:00
3108,INPROC_064544,1,10,team1,Team 1 (N/S),61,59,11,♦,finished,2026-05-18T16:34:07.088296+00:00
3109,INPROC_3024ED,1,10,team2,Team 2 (E/W),56,64,19,♦,finished,2026-05-18T16:34:07.104120+00:00
3110,INPROC_41BC5A,1,10,team1,Team 1 (N/S),87,33,6,♣,finished,2026-05-18T16:34:07.118192+00:00
3111,INPROC_704958,1,10,team1,Team 1 (N/S),101,19,7,♣,finished,2026-05-18T16:34:07.135409+00:00
3112,INPROC_42542E,1,10,team2,Team 2 (E/W),32,88,13,♦,finished,2026-05-18T16:34:07.148970+00:00
3113,INPROC_DD5C2E,1,10,team1,Team 1 (N/S),88,32,0,♣,finished,2026-05-18T16:34:07.164589+00:00
3114,INPROC_54AC80,1,10,team1,Team 1 (N/S),74,46,20,♥,finished,2026-05-18T16:34:07.178889+00:00
3115,INPROC_59D944,1,10,team1,Team 1 (N/S),109,11,31,♠,finished,2026-05-18T16:34:07.195085+00:00
3116,INPROC_2E73E7,1,10,team1,Team 1 (N/S),64,56,22,♥,finished,2026-05-18T16:34:07.211835+00:00
3117,INPROC_587E03,1,10,team1,Team 1 (N/S),72,48,2,♣,finished,2026-05-18T16:34:07.228273+00:00
3118,INPROC_5EA21A,1,10,team1,Team 1 (N/S),108,12,17,♦,finished,2026-05-18T16:34:07.246849+00:00
3119,INPROC_8546E7,1,10,team1,Team 1 (N/S),68,52,10,♦,finished,2026-05-18T16:34:07.260793+00:00
3120,INPROC_B28C9F,1,10,team1,Team 1 (N/S),98,22,39,♠,finished,2026-05-18T16:34:07.274625+00:00
3121,INPROC_8EE4D4,1,10,team1,Team 1 (N/S),87,33,34,♠,finished,2026-05-18T16:34:07.289480+00:00
3122,INPROC_80F744,1,10,team1,Team 1 (N/S),87,33,18,♦,finished,2026-05-18T16:34:07.304628+00:00
3123,INPROC_0B26A8,1,10,team1,Team 1 (N/S),87,33,35,♠,finished,2026-05-18T16:34:07.318071+00:00
3124,INPROC_E709C1,1,10,team2,Team 2 (E/W),44,76,2,♣,finished,2026-05-18T16:34:07.331703+00:00
3125,INPROC_C69DF0,1,10,team2,Team 2 (E/W),53,67,38,♠,finished,2026-05-18T16:34:07.345706+00:00
3126,INPROC_EABA57,1,10,team1,Team 1 (N/S),103,17,20,♥,finished,2026-05-18T16:34:07.360464+00:00
3127,INPROC_4BF3F0,1,10,team1,Team 1 (N/S),73,47,33,♠,finished,2026-05-18T16:34:07.377655+00:00
3128,INPROC_C1F09B,1,10,team1,Team 1 (N/S),90,30,13,♦,finished,2026-05-18T16:34:07.392000+00:00
3129,INPROC_7CFC89,1,10,team2,Team 2 (E/W),53,67,25,♥,finished,2026-05-18T16:34:07.407001+00:00
3130,INPROC_493289,1,10,team1,Team 1 (N/S),73,47,33,♠,finished,2026-05-18T16:34:07.423628+00:00
3131,INPROC_C90F5A,1,10,team2,Team 2 (E/W),26,94,39,♠,finished,2026-05-18T16:34:07.438781+00:00
3132,INPROC_631FD3,1,10,team2,Team 2 (E/W),55,65,38,♠,finished,2026-05-18T16:34:07.453562+00:00
3133,INPROC_B6B75C,1,10,team1,Team 1 (N/S),62,58,39,♠,finished,2026-05-18T16:34:07.469082+00:00
3134,INPROC_5CDF09,1,10,team1,Team 1 (N/S),88,32,3,♣,finished,2026-05-18T16:34:07.484366+00:00
3135,INPROC_F3FC88,1,10,team2,Team 2 (E/W),38,82,29,♥,finished,2026-05-18T16:34:07.499362+00:00
3136,INPROC_6DE859,1,10,team2,Team 2 (E/W),2,118,31,♠,finished,2026-05-18T16:34:07.516753+00:00
3137,INPROC_1A1818,1,10,team1,Team 1 (N/S),106,14,20,♥,finished,2026-05-18T16:34:07.533094+00:00
3138,INPROC_D6431E,1,10,team2,Team 2 (E/W),52,68,13,♦,finished,2026-05-18T16:34:07.549116+00:00
3139,INPROC_F6797F,1,10,team2,Team 2 (E/W),59,61,6,♣,finished,2026-05-18T16:34:07.564880+00:00
3140,INPROC_9D5D77,1,10,team1,Team 1 (N/S),91,29,6,♣,finished,2026-05-18T16:34:07.579536+00:00
3141,INPROC_4FFFAD,1,10,team2,Team 2 (E/W),24,96,18,♦,finished,2026-05-18T16:34:07.595025+00:00
3142,INPROC_151C10,1,10,team1,Team 1 (N/S),71,49,23,♥,finished,2026-05-18T16:34:07.612387+00:00
3143,INPROC_6C0847,1,10,team1,Team 1 (N/S),74,46,35,♠,finished,2026-05-18T16:34:07.626244+00:00
3144,INPROC_055C1C,1,10,team2,Team 2 (E/W),29,91,16,♦,finished,2026-05-18T16:34:07.637313+00:00
3145,INPROC_C18B6C,1,10,team1,Team 1 (N/S),80,40,28,♥,finished,2026-05-18T16:34:07.650798+00:00
3146,INPROC_93512E,1,10,team2,Team 2 (E/W),23,97,39,♠,finished,2026-05-18T16:34:07.667601+00:00
3147,INPROC_8BC637,1,10,team1,Team 1 (N/S),65,55,29,♥,finished,2026-05-18T16:34:07.685089+00:00
3148,INPROC_0429B3,1,10,team1,Team 1 (N/S),101,19,27,♥,finished,2026-05-18T16:34:07.700664+00:00
3149,INPROC_52028A,1,10,team1,Team 1 (N/S),65,55,39,♠,finished,2026-05-18T16:34:07.714006+00:00
3150,INPROC_C29479,1,10,team1,Team 1 (N/S),76,44,2,♣,finished,2026-05-18T16:34:07.728663+00:00
3151,INPROC_45E920,1,10,team2,Team 2 (E/W),28,92,20,♥,finished,2026-05-18T16:34:07.744514+00:00
3152,INPROC_CDF535,1,10,team2,Team 2 (E/W),36,84,14,♦,finished,2026-05-18T16:34:07.757845+00:00
3153,INPROC_4B210A,1,10,team1,Team 1 (N/S),83,37,36,♠,finished,2026-05-18T16:34:07.770355+00:00
3154,INPROC_EDC166,1,10,team1,Team 1 (N/S),78,42,16,♦,finished,2026-05-18T16:34:07.787727+00:00
3155,INPROC_05B5D0,1,10,team1,Team 1 (N/S),72,48,9,♣,finished,2026-05-18T16:34:07.802784+00:00
3156,INPROC_86F0E5,1,10,draw,draw,60,60,39,♠,finished,2026-05-18T16:34:07.817092+00:00
3157,INPROC_2FA4B2,1,10,team1,Team 1 (N/S),68,52,25,♥,finished,2026-05-18T16:34:07.832755+00:00
3158,INPROC_41C484,1,10,team2,Team 2 (E/W),43,77,39,♠,finished,2026-05-18T16:34:07.846592+00:00
3159,INPROC_D90720,1,10,team2,Team 2 (E/W),36,84,12,♦,finished,2026-05-18T16:34:07.861230+00:00
3160,INPROC_D14C85,1,10,team1,Team 1 (N/S),69,51,4,♣,finished,2026-05-18T16:34:07.875213+00:00
3161,INPROC_9CD4EB,1,10,team2,Team 2 (E/W),38,82,0,♣,finished,2026-05-18T16:34:07.889228+00:00
3162,INPROC_4421A5,1,10,team1,Team 1 (N/S),82,38,3,♣,finished,2026-05-18T16:34:07.901993+00:00
3163,INPROC_DF1EAE,1,10,team1,Team 1 (N/S),76,44,34,♠,finished,2026-05-18T16:34:07.917211+00:00
3164,INPROC_66A5E2,1,10,team1,Team 1 (N/S),63,57,8,♣,finished,2026-05-18T16:34:07.936167+00:00
3165,INPROC_C1AA00,1,10,team1,Team 1 (N/S),79,41,6,♣,finished,2026-05-18T16:34:07.950006+00:00
3166,INPROC_177B7C,1,10,team1,Team 1 (N/S),92,28,31,♠,finished,2026-05-18T16:34:07.965781+00:00
3167,INPROC_EA39B9,1,10,team2,Team 2 (E/W),56,64,19,♦,finished,2026-05-18T16:34:07.983202+00:00
3168,INPROC_A6B3A9,1,10,team1,Team 1 (N/S),77,43,38,♠,finished,2026-05-18T16:34:07.999704+00:00
3169,INPROC_F8B2C6,1,10,team2,Team 2 (E/W),50,70,7,♣,finished,2026-05-18T16:34:08.014211+00:00
3170,INPROC_A044D3,1,10,team1,Team 1 (N/S),76,44,14,♦,finished,2026-05-18T16:34:08.032324+00:00
3171,INPROC_82A388,1,10,team1,Team 1 (N/S),74,46,16,♦,finished,2026-05-18T16:34:08.049725+00:00
3172,INPROC_98BC7C,1,10,team1,Team 1 (N/S),61,59,3,♣,finished,2026-05-18T16:34:08.066984+00:00
3173,INPROC_DAFCDB,1,10,team1,Team 1 (N/S),66,54,7,♣,finished,2026-05-18T16:34:08.081851+00:00
3174,INPROC_F01DC0,1,10,team2,Team 2 (E/W),15,105,36,♠,finished,2026-05-18T16:34:08.091911+00:00
3175,INPROC_2DB02D,1,10,team1,Team 1 (N/S),120,0,17,♦,finished,2026-05-18T16:34:08.104295+00:00
3176,INPROC_C4E617,1,10,draw,draw,60,60,19,♦,finished,2026-05-18T16:34:08.115869+00:00
3177,INPROC_CB8F7D,1,10,team2,Team 2 (E/W),54,66,9,♣,finished,2026-05-18T16:34:08.132610+00:00
3178,INPROC_222808,1,10,team1,Team 1 (N/S),91,29,29,♥,finished,2026-05-18T16:34:08.149989+00:00
3179,INPROC_8B820C,1,10,team1,Team 1 (N/S),86,34,11,♦,finished,2026-05-18T16:34:08.163652+00:00
3180,INPROC_67AFC8,1,10,team1,Team 1 (N/S),93,27,32,♠,finished,2026-05-18T16:34:08.178364+00:00
3181,INPROC_EB977E,1,10,team1,Team 1 (N/S),86,34,31,♠,finished,2026-05-18T16:34:08.193925+00:00
3182,INPROC_AD242B,1,10,team1,Team 1 (N/S),66,54,17,♦,finished,2026-05-18T16:34:08.208817+00:00
3183,INPROC_536CD4,1,10,team1,Team 1 (N/S),83,37,6,♣,finished,2026-05-18T16:34:08.223867+00:00
3184,INPROC_C54FE1,1,10,team1,Team 1 (N/S),83,37,29,♥,finished,2026-05-18T16:34:08.237118+00:00
3185,INPROC_84651C,1,10,team1,Team 1 (N/S),73,47,37,♠,finished,2026-05-18T16:34:08.249585+00:00
3186,INPROC_A2EA8C,1,10,team2,Team 2 (E/W),0,120,9,♣,finished,2026-05-18T16:34:08.263288+00:00
3187,INPROC_DA534C,1,10,team2,Team 2 (E/W),47,73,23,♥,finished,2026-05-18T16:34:08.277261+00:00
3188,INPROC_F4E6E3,1,10,team1,Team 1 (N/S),66,54,22,♥,finished,2026-05-18T16:34:08.291305+00:00
3189,INPROC_CE5437,1,10,team1,Team 1 (N/S),75,45,8,♣,finished,2026-05-18T16:34:08.304749+00:00
3190,INPROC_10AEDC,1,10,team1,Team 1 (N/S),61,59,2,♣,finished,2026-05-18T16:34:08.321736+00:00
3191,INPROC_8348DA,1,10,team2,Team 2 (E/W),29,91,33,♠,finished,2026-05-18T16:34:08.335551+00:00
3192,INPROC_339B05,1,10,team2,Team 2 (E/W),30,90,6,♣,finished,2026-05-18T16:34:08.350339+00:00
3193,INPROC_A408C5,1,10,team2,Team 2 (E/W),57,63,16,♦,finished,2026-05-18T16:34:08.366109+00:00
3194,INPROC_C1C194,1,10,team1,Team 1 (N/S),83,37,2,♣,finished,2026-05-18T16:34:08.379563+00:00
3195,INPROC_655CA7,1,10,team2,Team 2 (E/W),36,84,3,♣,finished,2026-05-18T16:34:08.392928+00:00
3196,INPROC_8EB271,1,10,team2,Team 2 (E/W),51,69,16,♦,finished,2026-05-18T16:34:08.406821+00:00
3197,INPROC_20A034,1,10,team1,Team 1 (N/S),79,41,32,♠,finished,2026-05-18T16:34:08.420146+00:00
3198,INPROC_66C017,1,10,team1,Team 1 (N/S),100,20,28,♥,finished,2026-05-18T16:34:08.432394+00:00
3199,INPROC_73EED2,1,10,team1,Team 1 (N/S),82,38,25,♥,finished,2026-05-18T16:34:08.446622+00:00
3200,INPROC_BDEFC1,1,10,team1,Team 1 (N/S),92,28,29,♥,finished,2026-05-18T16:34:08.464713+00:00
3201,INPROC_E4BAD7,1,10,team2,Team 2 (E/W),43,77,30,♠,finished,2026-05-18T16:34:08.480996+00:00
3202,INPROC_B04B11,1,10,team1,Team 1 (N/S),93,27,36,♠,finished,2026-05-18T16:34:08.494760+00:00
3203,INPROC_C87F66,1,10,team1,Team 1 (N/S),77,43,1,♣,finished,2026-05-18T16:34:08.510065+00:00
3204,INPROC_BF5C4B,1,10,team2,Team 2 (E/W),46,74,10,♦,finished,2026-05-18T16:34:08.526684+00:00
3205,INPROC_3FB594,1,10,team2,Team 2 (E/W),30,90,5,♣,finished,2026-05-18T16:34:08.539001+00:00
3206,INPROC_F94C62,1,10,team1,Team 1 (N/S),84,36,3,♣,finished,2026-05-18T16:34:08.551676+00:00
3207,INPROC_EDC8F1,1,10,team1,Team 1 (N/S),92,28,6,♣,finished,2026-05-18T16:34:08.566662+00:00
3208,INPROC_B038F1,1,10,team1,Team 1 (N/S),97,23,13,♦,finished,2026-05-18T16:34:08.581162+00:00
3209,INPROC_5AADF6,1,10,team2,Team 2 (E/W),36,84,28,♥,finished,2026-05-18T16:34:08.597924+00:00
3210,INPROC_F2BA8D,1,10,team1,Team 1 (N/S),97,23,24,♥,finished,2026-05-18T16:34:08.610971+00:00
3211,INPROC_236947,1,10,team1,Team 1 (N/S),97,23,19,♦,finished,2026-05-18T16:34:08.626478+00:00
3212,INPROC_D168C3,1,10,team1,Team 1 (N/S),75,45,21,♥,finished,2026-05-18T16:34:08.638901+00:00
3213,INPROC_6C1DC2,1,10,team1,Team 1 (N/S),71,49,19,♦,finished,2026-05-18T16:34:08.652801+00:00
3214,INPROC_0427DD,1,10,draw,draw,60,60,30,♠,finished,2026-05-18T16:34:08.667505+00:00
3215,INPROC_AB4C4E,1,10,team1,Team 1 (N/S),86,34,37,♠,finished,2026-05-18T16:34:08.683269+00:00
3216,INPROC_B656A4,1,10,team2,Team 2 (E/W),48,72,29,♥,finished,2026-05-18T16:34:08.700890+00:00
3217,INPROC_591EE1,1,10,team2,Team 2 (E/W),31,89,37,♠,finished,2026-05-18T16:34:08.716542+00:00
3218,INPROC_CF7E81,1,10,team1,Team 1 (N/S),88,32,10,♦,finished,2026-05-18T16:34:08.733001+00:00
3219,INPROC_1ADF7B,1,10,team2,Team 2 (E/W),41,79,7,♣,finished,2026-05-18T16:34:08.749375+00:00
3220,INPROC_2DE72C,1,10,team1,Team 1 (N/S),74,46,24,♥,finished,2026-05-18T16:34:08.763962+00:00
3221,INPROC_F6FD76,1,10,team2,Team 2 (E/W),15,105,4,♣,finished,2026-05-18T16:34:08.779661+00:00
3222,INPROC_2B7E53,1,10,team1,Team 1 (N/S),63,57,13,♦,finished,2026-05-18T16:34:08.795149+00:00
3223,INPROC_4CA7D3,1,10,team2,Team 2 (E/W),57,63,33,♠,finished,2026-05-18T16:34:08.811421+00:00
3224,INPROC_4A77CE,1,10,team2,Team 2 (E/W),59,61,24,♥,finished,2026-05-18T16:34:08.828998+00:00
3225,INPROC_B27A84,1,10,team1,Team 1 (N/S),76,44,32,♠,finished,2026-05-18T16:34:08.841690+00:00
3226,INPROC_2D35B3,1,10,team1,Team 1 (N/S),62,58,23,♥,finished,2026-05-18T16:34:08.857241+00:00
3227,INPROC_325C98,1,10,team2,Team 2 (E/W),48,72,17,♦,finished,2026-05-18T16:34:08.872310+00:00
3228,INPROC_3646C6,1,10,team1,Team 1 (N/S),81,39,13,♦,finished,2026-05-18T16:34:08.889173+00:00
3229,INPROC_707F8D,1,10,team1,Team 1 (N/S),86,34,34,♠,finished,2026-05-18T16:34:08.905790+00:00
3230,INPROC_3CBD93,1,10,team1,Team 1 (N/S),70,50,11,♦,finished,2026-05-18T16:34:08.920374+00:00
3231,INPROC_246718,1,10,team2,Team 2 (E/W),58,62,23,♥,finished,2026-05-18T16:34:08.936622+00:00
3232,INPROC_4ED521,1,10,team2,Team 2 (E/W),54,66,18,♦,finished,2026-05-18T16:34:08.950692+00:00
3233,INPROC_DA2225,1,10,team1,Team 1 (N/S),80,40,1,♣,finished,2026-05-18T16:34:08.966668+00:00
3234,INPROC_D59EB6,1,10,team2,Team 2 (E/W),55,65,2,♣,finished,2026-05-18T16:34:08.984838+00:00
3235,INPROC_3514B7,1,10,team1,Team 1 (N/S),85,35,7,♣,finished,2026-05-18T16:34:09.003884+00:00
3236,INPROC_D3D610,1,10,team2,Team 2 (E/W),59,61,27,♥,finished,2026-05-18T16:34:09.021724+00:00
3237,INPROC_C53EB4,1,10,team2,Team 2 (E/W),51,69,13,♦,finished,2026-05-18T16:34:09.039200+00:00
3238,INPROC_19E25D,1,10,team1,Team 1 (N/S),68,52,26,♥,finished,2026-05-18T16:34:09.055533+00:00
3239,INPROC_301CDF,1,10,team1,Team 1 (N/S),81,39,22,♥,finished,2026-05-18T16:34:09.069230+00:00
3240,INPROC_E15D3A,1,10,team2,Team 2 (E/W),56,64,35,♠,finished,2026-05-18T16:34:09.085567+00:00
3241,INPROC_F6CECE,1,10,team1,Team 1 (N/S),98,22,27,♥,finished,2026-05-18T16:34:09.098186+00:00
3242,INPROC_2BE931,1,10,team1,Team 1 (N/S),80,40,17,♦,finished,2026-05-18T16:34:09.114011+00:00
3243,INPROC_968999,1,10,team1,Team 1 (N/S),74,46,26,♥,finished,2026-05-18T16:34:09.131495+00:00
3244,INPROC_34C54D,1,10,team1,Team 1 (N/S),71,49,28,♥,finished,2026-05-18T16:34:09.144446+00:00
3245,INPROC_DB52D9,1,10,team1,Team 1 (N/S),87,33,14,♦,finished,2026-05-18T16:34:09.152695+00:00
3246,INPROC_9B9842,1,10,team1,Team 1 (N/S),61,59,32,♠,finished,2026-05-18T16:34:09.162851+00:00
3247,INPROC_FE960B,1,10,team1,Team 1 (N/S),70,50,17,♦,finished,2026-05-18T16:34:09.171251+00:00
3248,INPROC_B7DD3F,1,10,team1,Team 1 (N/S),84,36,9,♣,finished,2026-05-18T16:34:09.185511+00:00
3249,INPROC_997094,1,10,team2,Team 2 (E/W),24,96,24,♥,finished,2026-05-18T16:34:09.196457+00:00
3250,INPROC_2309C5,1,10,team1,Team 1 (N/S),84,36,30,♠,finished,2026-05-18T16:34:09.210742+00:00
3251,INPROC_029F7E,1,10,team1,Team 1 (N/S),87,33,22,♥,finished,2026-05-18T16:34:09.226356+00:00
3252,INPROC_EF063B,1,10,team1,Team 1 (N/S),94,26,20,♥,finished,2026-05-18T16:34:09.243479+00:00
3253,INPROC_1E5759,1,10,team2,Team 2 (E/W),51,69,8,♣,finished,2026-05-18T16:34:09.259792+00:00
3254,INPROC_4C0AA1,1,10,team1,Team 1 (N/S),98,22,3,♣,finished,2026-05-18T16:34:09.276876+00:00
3255,INPROC_71BB4F,1,10,team2,Team 2 (E/W),35,85,24,♥,finished,2026-05-18T16:34:09.290445+00:00
3256,INPROC_C9004A,1,10,team1,Team 1 (N/S),73,47,27,♥,finished,2026-05-18T16:34:09.298674+00:00
3257,INPROC_B29A02,1,10,team1,Team 1 (N/S),87,33,8,♣,finished,2026-05-18T16:34:09.307945+00:00
3258,INPROC_2A180D,1,10,team1,Team 1 (N/S),100,20,4,♣,finished,2026-05-18T16:34:09.316556+00:00
3259,INPROC_61AA88,1,10,team2,Team 2 (E/W),27,93,39,♠,finished,2026-05-18T16:34:09.331769+00:00
3260,INPROC_38B7AC,1,10,team1,Team 1 (N/S),86,34,1,♣,finished,2026-05-18T16:34:09.343597+00:00
3261,INPROC_21CCEE,1,10,team1,Team 1 (N/S),80,40,35,♠,finished,2026-05-18T16:34:09.356494+00:00
3262,INPROC_4C47FA,1,10,team1,Team 1 (N/S),75,45,15,♦,finished,2026-05-18T16:34:09.373866+00:00
3263,INPROC_10C950,1,10,team1,Team 1 (N/S),64,56,13,♦,finished,2026-05-18T16:34:09.392463+00:00
3264,INPROC_2AD882,1,10,team2,Team 2 (E/W),19,101,34,♠,finished,2026-05-18T16:34:09.412990+00:00
3265,INPROC_F5B013,1,10,team2,Team 2 (E/W),31,89,16,♦,finished,2026-05-18T16:34:09.433389+00:00
3266,INPROC_C40F83,1,10,team2,Team 2 (E/W),43,77,8,♣,finished,2026-05-18T16:34:09.450629+00:00
3267,INPROC_58B8A0,1,10,team2,Team 2 (E/W),2,118,4,♣,finished,2026-05-18T16:34:09.459811+00:00
3268,INPROC_045843,1,10,team1,Team 1 (N/S),73,47,11,♦,finished,2026-05-18T16:34:09.476594+00:00
3269,INPROC_5D8B82,1,10,team1,Team 1 (N/S),104,16,18,♦,finished,2026-05-18T16:34:09.494551+00:00
3270,INPROC_318518,1,10,team1,Team 1 (N/S),62,58,0,♣,finished,2026-05-18T16:34:09.511282+00:00
3271,INPROC_0FD0F7,1,10,team1,Team 1 (N/S),105,15,1,♣,finished,2026-05-18T16:34:09.525878+00:00
3272,INPROC_3349F8,1,10,team1,Team 1 (N/S),79,41,38,♠,finished,2026-05-18T16:34:09.540719+00:00
3273,INPROC_19CC90,1,10,team1,Team 1 (N/S),68,52,11,♦,finished,2026-05-18T16:34:09.556688+00:00
3274,INPROC_7BF1F5,1,10,team1,Team 1 (N/S),75,45,3,♣,finished,2026-05-18T16:34:09.571814+00:00
3275,INPROC_2718F5,1,10,team1,Team 1 (N/S),76,44,15,♦,finished,2026-05-18T16:34:09.592470+00:00
3276,INPROC_35F7B6,1,10,team1,Team 1 (N/S),68,52,35,♠,finished,2026-05-18T16:34:09.611036+00:00
3277,INPROC_189359,1,10,team1,Team 1 (N/S),115,5,11,♦,finished,2026-05-18T16:34:09.626611+00:00
3278,INPROC_8539C2,1,10,team2,Team 2 (E/W),36,84,1,♣,finished,2026-05-18T16:34:09.645341+00:00
3279,INPROC_61D22C,1,10,team1,Team 1 (N/S),95,25,33,♠,finished,2026-05-18T16:34:09.661432+00:00
3280,INPROC_A8FB06,1,10,team2,Team 2 (E/W),52,68,11,♦,finished,2026-05-18T16:34:09.677921+00:00
3281,INPROC_07665F,1,10,team1,Team 1 (N/S),71,49,30,♠,finished,2026-05-18T16:34:09.692094+00:00
3282,INPROC_9BF56B,1,10,team1,Team 1 (N/S),88,32,19,♦,finished,2026-05-18T16:34:09.707007+00:00
3283,INPROC_D8FD54,1,10,team1,Team 1 (N/S),106,14,6,♣,finished,2026-05-18T16:34:09.722244+00:00
3284,INPROC_20CA7B,1,10,team1,Team 1 (N/S),86,34,5,♣,finished,2026-05-18T16:34:09.736831+00:00
3285,INPROC_412AC7,1,10,team1,Team 1 (N/S),97,23,34,♠,finished,2026-05-18T16:34:09.746936+00:00
3286,INPROC_27A7B6,1,10,team1,Team 1 (N/S),66,54,26,♥,finished,2026-05-18T16:34:09.756515+00:00
3287,INPROC_6A8C24,1,10,team2,Team 2 (E/W),41,79,39,♠,finished,2026-05-18T16:34:09.770927+00:00
3288,INPROC_8680F5,1,10,draw,draw,60,60,36,♠,finished,2026-05-18T16:34:09.785455+00:00
3289,INPROC_CABE6D,1,10,team2,Team 2 (E/W),43,77,32,♠,finished,2026-05-18T16:34:09.796348+00:00
3290,INPROC_312CC6,1,10,team2,Team 2 (E/W),29,91,2,♣,finished,2026-05-18T16:34:09.811373+00:00
3291,INPROC_2DFB48,1,10,team1,Team 1 (N/S),70,50,35,♠,finished,2026-05-18T16:34:09.822935+00:00
3292,INPROC_E94EB2,1,10,team2,Team 2 (E/W),29,91,36,♠,finished,2026-05-18T16:34:09.836850+00:00
3293,INPROC_BA8FEC,1,10,team2,Team 2 (E/W),50,70,28,♥,finished,2026-05-18T16:34:09.851714+00:00
3294,INPROC_1543B2,1,10,team1,Team 1 (N/S),73,47,28,♥,finished,2026-05-18T16:34:09.866191+00:00
3295,INPROC_4C8192,1,10,team1,Team 1 (N/S),62,58,0,♣,finished,2026-05-18T16:34:09.882218+00:00
3296,INPROC_FD0261,1,10,team1,Team 1 (N/S),89,31,3,♣,finished,2026-05-18T16:34:09.896278+00:00
3297,INPROC_02C719,1,10,draw,draw,60,60,5,♣,finished,2026-05-18T16:34:09.911318+00:00
3298,INPROC_08B07C,1,10,team1,Team 1 (N/S),115,5,2,♣,finished,2026-05-18T16:34:09.928863+00:00
3299,INPROC_B03ABD,1,10,team2,Team 2 (E/W),49,71,24,♥,finished,2026-05-18T16:34:09.943526+00:00
3300,INPROC_F1370E,1,10,team1,Team 1 (N/S),98,22,37,♠,finished,2026-05-18T16:34:09.958109+00:00
3301,INPROC_818686,1,10,team1,Team 1 (N/S),62,58,14,♦,finished,2026-05-18T16:34:09.973237+00:00
3302,INPROC_7CFFF7,1,10,team1,Team 1 (N/S),87,33,11,♦,finished,2026-05-18T16:34:09.988323+00:00
3303,INPROC_14296A,1,10,team2,Team 2 (E/W),45,75,33,♠,finished,2026-05-18T16:34:10.002338+00:00
3304,INPROC_667702,1,10,team1,Team 1 (N/S),111,9,20,♥,finished,2026-05-18T16:34:10.015881+00:00
3305,INPROC_BBCB3C,1,10,team2,Team 2 (E/W),46,74,6,♣,finished,2026-05-18T16:34:10.032586+00:00
3306,INPROC_90027C,1,10,team2,Team 2 (E/W),35,85,8,♣,finished,2026-05-18T16:34:10.047610+00:00
3307,INPROC_A17D4D,1,10,team2,Team 2 (E/W),0,120,8,♣,finished,2026-05-18T16:34:10.061872+00:00
3308,INPROC_34C155,1,10,team1,Team 1 (N/S),69,51,27,♥,finished,2026-05-18T16:34:10.078951+00:00
3309,INPROC_F69D85,1,10,team1,Team 1 (N/S),78,42,34,♠,finished,2026-05-18T16:34:10.096275+00:00
3310,INPROC_0BBBE4,1,10,team1,Team 1 (N/S),73,47,39,♠,finished,2026-05-18T16:34:10.116411+00:00
3311,INPROC_33E30A,1,10,team1,Team 1 (N/S),65,55,35,♠,finished,2026-05-18T16:34:10.132625+00:00
3312,INPROC_171380,1,10,team1,Team 1 (N/S),63,57,10,♦,finished,2026-05-18T16:34:10.146427+00:00
3313,INPROC_9DF63F,1,10,team1,Team 1 (N/S),61,59,12,♦,finished,2026-05-18T16:34:10.160251+00:00
3314,INPROC_5E53D0,1,10,team1,Team 1 (N/S),102,18,14,♦,finished,2026-05-18T16:34:10.174286+00:00
3315,INPROC_DFA7F3,1,10,team1,Team 1 (N/S),91,29,34,♠,finished,2026-05-18T16:34:10.190876+00:00
3316,INPROC_28BAF0,1,10,team1,Team 1 (N/S),71,49,11,♦,finished,2026-05-18T16:34:10.206946+00:00
3317,INPROC_C4BF19,1,10,team1,Team 1 (N/S),106,14,24,♥,finished,2026-05-18T16:34:10.226073+00:00
3318,INPROC_7D6548,1,10,team2,Team 2 (E/W),40,80,29,♥,finished,2026-05-18T16:34:10.244268+00:00
3319,INPROC_190E72,1,10,team1,Team 1 (N/S),82,38,11,♦,finished,2026-05-18T16:34:10.259568+00:00
3320,INPROC_ED2821,1,10,team1,Team 1 (N/S),61,59,9,♣,finished,2026-05-18T16:34:10.277074+00:00
3321,INPROC_E96946,1,10,team1,Team 1 (N/S),72,48,1,♣,finished,2026-05-18T16:34:10.291338+00:00
3322,INPROC_022E52,1,10,team1,Team 1 (N/S),78,42,26,♥,finished,2026-05-18T16:34:10.307196+00:00
3323,INPROC_41AC31,1,10,team2,Team 2 (E/W),30,90,12,♦,finished,2026-05-18T16:34:10.322917+00:00
3324,INPROC_CE4E71,1,10,team1,Team 1 (N/S),74,46,2,♣,finished,2026-05-18T16:34:10.339372+00:00
3325,INPROC_1953D8,1,10,team2,Team 2 (E/W),49,71,24,♥,finished,2026-05-18T16:34:10.353647+00:00
3326,INPROC_069EB1,1,10,team1,Team 1 (N/S),106,14,38,♠,finished,2026-05-18T16:34:10.370305+00:00
3327,INPROC_0A7A84,1,10,team1,Team 1 (N/S),79,41,28,♥,finished,2026-05-18T16:34:10.384778+00:00
3328,INPROC_50DAE6,1,10,team1,Team 1 (N/S),79,41,39,♠,finished,2026-05-18T16:34:10.400127+00:00
3329,INPROC_C3D82D,1,10,team2,Team 2 (E/W),49,71,19,♦,finished,2026-05-18T16:34:10.414628+00:00
3330,INPROC_0DF731,1,10,team1,Team 1 (N/S),102,18,36,♠,finished,2026-05-18T16:34:10.433506+00:00
3331,INPROC_D28B33,1,10,team2,Team 2 (E/W),26,94,23,♥,finished,2026-05-18T16:34:10.448243+00:00
3332,INPROC_F9E389,1,10,team1,Team 1 (N/S),77,43,13,♦,finished,2026-05-18T16:34:10.465466+00:00
3333,INPROC_AF4C91,1,10,team1,Team 1 (N/S),116,4,24,♥,finished,2026-05-18T16:34:10.482152+00:00
3334,INPROC_6CA9C2,1,10,team1,Team 1 (N/S),105,15,25,♥,finished,2026-05-18T16:34:10.497017+00:00
3335,INPROC_9EC267,1,10,team1,Team 1 (N/S),77,43,18,♦,finished,2026-05-18T16:34:10.512537+00:00
3336,INPROC_205093,1,10,team1,Team 1 (N/S),73,47,34,♠,finished,2026-05-18T16:34:10.527194+00:00
3337,INPROC_9D417B,1,10,team1,Team 1 (N/S),83,37,26,♥,finished,2026-05-18T16:34:10.541958+00:00
3338,INPROC_D177C5,1,10,team2,Team 2 (E/W),9,111,21,♥,finished,2026-05-18T16:34:10.558892+00:00
3339,INPROC_BA2D65,1,10,team1,Team 1 (N/S),81,39,19,♦,finished,2026-05-18T16:34:10.574824+00:00
3340,INPROC_41459A,1,10,team1,Team 1 (N/S),88,32,1,♣,finished,2026-05-18T16:34:10.588701+00:00
3341,INPROC_2DACB2,1,10,team1,Team 1 (N/S),77,43,26,♥,finished,2026-05-18T16:34:10.601775+00:00
3342,INPROC_5CB3AC,1,10,team2,Team 2 (E/W),43,77,16,♦,finished,2026-05-18T16:34:10.619079+00:00
3343,INPROC_DA3C69,1,10,team1,Team 1 (N/S),94,26,18,♦,finished,2026-05-18T16:34:10.638493+00:00
3344,INPROC_6B0C9C,1,10,team2,Team 2 (E/W),9,111,34,♠,finished,2026-05-18T16:34:10.653895+00:00
3345,INPROC_C29588,1,10,team2,Team 2 (E/W),58,62,2,♣,finished,2026-05-18T16:34:10.668415+00:00
3346,INPROC_44DC37,1,10,team1,Team 1 (N/S),76,44,37,♠,finished,2026-05-18T16:34:10.686450+00:00
3347,INPROC_FFC644,1,10,team1,Team 1 (N/S),84,36,29,♥,finished,2026-05-18T16:34:10.702893+00:00
3348,INPROC_FB2FFC,1,10,team2,Team 2 (E/W),34,86,26,♥,finished,2026-05-18T16:34:10.719978+00:00
3349,INPROC_4D40FD,1,10,team1,Team 1 (N/S),112,8,27,♥,finished,2026-05-18T16:34:10.736996+00:00
3350,INPROC_8004EB,1,10,team1,Team 1 (N/S),69,51,17,♦,finished,2026-05-18T16:34:10.752205+00:00
3351,INPROC_D37B30,1,10,team2,Team 2 (E/W),23,97,29,♥,finished,2026-05-18T16:34:10.766316+00:00
3352,INPROC_7FAEAB,1,10,team1,Team 1 (N/S),73,47,30,♠,finished,2026-05-18T16:34:10.782423+00:00
3353,INPROC_40DB38,1,10,team2,Team 2 (E/W),42,78,21,♥,finished,2026-05-18T16:34:10.797421+00:00
3354,INPROC_51CD33,1,10,team1,Team 1 (N/S),67,53,25,♥,finished,2026-05-18T16:34:10.811398+00:00
3355,INPROC_69BE53,1,10,team1,Team 1 (N/S),84,36,1,♣,finished,2026-05-18T16:34:10.827278+00:00
3356,INPROC_6AEDB7,1,10,team2,Team 2 (E/W),43,77,11,♦,finished,2026-05-18T16:34:10.843841+00:00
3357,INPROC_6CF138,1,10,team2,Team 2 (E/W),56,64,33,♠,finished,2026-05-18T16:34:10.859706+00:00
3358,INPROC_CE9F51,1,10,team1,Team 1 (N/S),111,9,0,♣,finished,2026-05-18T16:34:10.875076+00:00
3359,INPROC_34DDBA,1,10,team2,Team 2 (E/W),59,61,35,♠,finished,2026-05-18T16:34:10.891995+00:00
3360,INPROC_3AD300,1,10,team1,Team 1 (N/S),86,34,25,♥,finished,2026-05-18T16:34:10.908021+00:00
3361,INPROC_6307FA,1,10,team1,Team 1 (N/S),76,44,20,♥,finished,2026-05-18T16:34:10.923100+00:00
3362,INPROC_4F4E2D,1,10,team2,Team 2 (E/W),54,66,28,♥,finished,2026-05-18T16:34:10.938441+00:00
3363,INPROC_9AC7BC,1,10,team2,Team 2 (E/W),48,72,30,♠,finished,2026-05-18T16:34:10.956234+00:00
3364,INPROC_68B1DE,1,10,team1,Team 1 (N/S),73,47,33,♠,finished,2026-05-18T16:34:10.973340+00:00
3365,INPROC_56E1B3,1,10,team1,Team 1 (N/S),63,57,5,♣,finished,2026-05-18T16:34:10.989159+00:00
3366,INPROC_20E8C6,1,10,team2,Team 2 (E/W),4,116,13,♦,finished,2026-05-18T16:34:11.005589+00:00
3367,INPROC_FB4934,1,10,team1,Team 1 (N/S),103,17,6,♣,finished,2026-05-18T16:34:11.020188+00:00
3368,INPROC_073441,1,10,draw,draw,60,60,33,♠,finished,2026-05-18T16:34:11.036981+00:00
3369,INPROC_FA691C,1,10,team2,Team 2 (E/W),32,88,21,♥,finished,2026-05-18T16:34:11.050774+00:00
3370,INPROC_D308F7,1,10,team2,Team 2 (E/W),33,87,27,♥,finished,2026-05-18T16:34:11.063971+00:00
3371,INPROC_0B9CEC,1,10,team1,Team 1 (N/S),75,45,6,♣,finished,2026-05-18T16:34:11.079975+00:00
3372,INPROC_CC8807,1,10,team1,Team 1 (N/S),86,34,12,♦,finished,2026-05-18T16:34:11.097182+00:00
3373,INPROC_20CF64,1,10,team1,Team 1 (N/S),63,57,27,♥,finished,2026-05-18T16:34:11.114206+00:00
3374,INPROC_6B5C83,1,10,team1,Team 1 (N/S),76,44,0,♣,finished,2026-05-18T16:34:11.129372+00:00
3375,INPROC_825D96,1,10,team1,Team 1 (N/S),75,45,17,♦,finished,2026-05-18T16:34:11.145369+00:00
3376,INPROC_696329,1,10,team2,Team 2 (E/W),17,103,9,♣,finished,2026-05-18T16:34:11.162557+00:00
3377,INPROC_103942,1,10,team1,Team 1 (N/S),72,48,34,♠,finished,2026-05-18T16:34:11.181216+00:00
3378,INPROC_60AFD2,1,10,team1,Team 1 (N/S),98,22,24,♥,finished,2026-05-18T16:34:11.200802+00:00
3379,INPROC_8C03FE,1,10,team1,Team 1 (N/S),64,56,11,♦,finished,2026-05-18T16:34:11.215133+00:00
3380,INPROC_9BAE2A,1,10,team1,Team 1 (N/S),79,41,24,♥,finished,2026-05-18T16:34:11.228967+00:00
3381,INPROC_578752,1,10,team2,Team 2 (E/W),51,69,35,♠,finished,2026-05-18T16:34:11.244617+00:00
3382,INPROC_B9AEA6,1,10,team2,Team 2 (E/W),49,71,35,♠,finished,2026-05-18T16:34:11.263282+00:00
3383,INPROC_050876,1,10,team1,Team 1 (N/S),64,56,3,♣,finished,2026-05-18T16:34:11.276004+00:00
3384,INPROC_D3553E,1,10,team1,Team 1 (N/S),102,18,16,♦,finished,2026-05-18T16:34:11.287102+00:00
3385,INPROC_9E7665,1,10,team2,Team 2 (E/W),32,88,24,♥,finished,2026-05-18T16:34:11.298168+00:00
3386,INPROC_B4E027,1,10,team2,Team 2 (E/W),48,72,30,♠,finished,2026-05-18T16:34:11.308137+00:00
3387,INPROC_D3B2DC,1,10,team2,Team 2 (E/W),54,66,38,♠,finished,2026-05-18T16:34:11.321973+00:00
3388,INPROC_16C766,1,10,team1,Team 1 (N/S),66,54,22,♥,finished,2026-05-18T16:34:11.335595+00:00
3389,INPROC_7DE104,1,10,team1,Team 1 (N/S),74,46,31,♠,finished,2026-05-18T16:34:11.347530+00:00
3390,INPROC_B61569,1,10,team1,Team 1 (N/S),93,27,7,♣,finished,2026-05-18T16:34:11.362390+00:00
3391,INPROC_08B659,1,10,team1,Team 1 (N/S),98,22,30,♠,finished,2026-05-18T16:34:11.378482+00:00
3392,INPROC_BF314B,1,10,team1,Team 1 (N/S),105,15,15,♦,finished,2026-05-18T16:34:11.393225+00:00
3393,INPROC_C0C55B,1,10,team2,Team 2 (E/W),41,79,36,♠,finished,2026-05-18T16:34:11.408079+00:00
3394,INPROC_D22F52,1,10,team2,Team 2 (E/W),53,67,20,♥,finished,2026-05-18T16:34:11.424746+00:00
3395,INPROC_56B6B3,1,10,team2,Team 2 (E/W),19,101,18,♦,finished,2026-05-18T16:34:11.440475+00:00
3396,INPROC_34396D,1,10,team1,Team 1 (N/S),92,28,2,♣,finished,2026-05-18T16:34:11.457890+00:00
3397,INPROC_C47A47,1,10,team1,Team 1 (N/S),106,14,18,♦,finished,2026-05-18T16:34:11.474267+00:00
3398,INPROC_922CA9,1,10,team2,Team 2 (E/W),53,67,21,♥,finished,2026-05-18T16:34:11.488977+00:00
3399,INPROC_0F80B7,1,10,team1,Team 1 (N/S),78,42,7,♣,finished,2026-05-18T16:34:11.504949+00:00
3400,INPROC_9ACF1A,1,10,team1,Team 1 (N/S),120,0,10,♦,finished,2026-05-18T16:34:11.521870+00:00
3401,INPROC_3BA356,1,10,team1,Team 1 (N/S),110,10,18,♦,finished,2026-05-18T16:34:11.538084+00:00
3402,INPROC_E5E74E,1,10,team1,Team 1 (N/S),111,9,10,♦,finished,2026-05-18T16:34:11.552827+00:00
3403,INPROC_87BC49,1,10,team1,Team 1 (N/S),64,56,10,♦,finished,2026-05-18T16:34:11.568105+00:00
3404,INPROC_82F694,1,10,team1,Team 1 (N/S),109,11,13,♦,finished,2026-05-18T16:34:11.582124+00:00
3405,INPROC_27F2BA,1,10,team1,Team 1 (N/S),66,54,23,♥,finished,2026-05-18T16:34:11.596164+00:00
3406,INPROC_6635FC,1,10,team1,Team 1 (N/S),84,36,28,♥,finished,2026-05-18T16:34:11.610671+00:00
3407,INPROC_E15B8B,1,10,team1,Team 1 (N/S),105,15,7,♣,finished,2026-05-18T16:34:11.626094+00:00
3408,INPROC_9375F2,1,10,team1,Team 1 (N/S),69,51,4,♣,finished,2026-05-18T16:34:11.642103+00:00
3409,INPROC_EBD633,1,10,team2,Team 2 (E/W),35,85,19,♦,finished,2026-05-18T16:34:11.655935+00:00
3410,INPROC_CF8491,1,10,team1,Team 1 (N/S),69,51,16,♦,finished,2026-05-18T16:34:11.668691+00:00
3411,INPROC_887D7C,1,10,team2,Team 2 (E/W),6,114,32,♠,finished,2026-05-18T16:34:11.682880+00:00
3412,INPROC_B1D369,1,10,team2,Team 2 (E/W),49,71,27,♥,finished,2026-05-18T16:34:11.697689+00:00
3413,INPROC_BF64D8,1,10,team2,Team 2 (E/W),43,77,32,♠,finished,2026-05-18T16:34:11.714280+00:00
3414,INPROC_C63433,1,10,team1,Team 1 (N/S),81,39,27,♥,finished,2026-05-18T16:34:11.729140+00:00
3415,INPROC_9ABFEF,1,10,team1,Team 1 (N/S),63,57,33,♠,finished,2026-05-18T16:34:11.743887+00:00
3416,INPROC_C1DDF2,1,10,team2,Team 2 (E/W),41,79,18,♦,finished,2026-05-18T16:34:11.759435+00:00
3417,INPROC_DABEAA,1,10,team1,Team 1 (N/S),69,51,32,♠,finished,2026-05-18T16:34:11.777789+00:00
3418,INPROC_64FC1C,1,10,team2,Team 2 (E/W),50,70,2,♣,finished,2026-05-18T16:34:11.789336+00:00
3419,INPROC_CAA204,1,10,team1,Team 1 (N/S),85,35,37,♠,finished,2026-05-18T16:34:11.804050+00:00
3420,INPROC_C010A3,1,10,team1,Team 1 (N/S),76,44,24,♥,finished,2026-05-18T16:34:11.820013+00:00
3421,INPROC_8CFB0E,1,10,team1,Team 1 (N/S),75,45,2,♣,finished,2026-05-18T16:34:11.835518+00:00
3422,INPROC_9045ED,1,10,team1,Team 1 (N/S),62,58,22,♥,finished,2026-05-18T16:34:11.850506+00:00
3423,INPROC_23D71B,1,10,team2,Team 2 (E/W),44,76,35,♠,finished,2026-05-18T16:34:11.864287+00:00
3424,INPROC_A9D764,1,10,team2,Team 2 (E/W),34,86,14,♦,finished,2026-05-18T16:34:11.879373+00:00
3425,INPROC_5C185A,1,10,team1,Team 1 (N/S),85,35,27,♥,finished,2026-05-18T16:34:11.890567+00:00
3426,INPROC_7A0BF0,1,10,team1,Team 1 (N/S),85,35,36,♠,finished,2026-05-18T16:34:11.904947+00:00
3427,INPROC_D78BE6,1,10,team2,Team 2 (E/W),51,69,16,♦,finished,2026-05-18T16:34:11.920910+00:00
3428,INPROC_9DC668,1,10,team2,Team 2 (E/W),58,62,35,♠,finished,2026-05-18T16:34:11.936770+00:00
3429,INPROC_B3AD2D,1,10,team2,Team 2 (E/W),58,62,29,♥,finished,2026-05-18T16:34:11.955017+00:00
3430,INPROC_FB8A29,1,10,team1,Team 1 (N/S),67,53,13,♦,finished,2026-05-18T16:34:11.973045+00:00
3431,INPROC_0BDBA9,1,10,team1,Team 1 (N/S),81,39,37,♠,finished,2026-05-18T16:34:11.984110+00:00
3432,INPROC_0CD179,1,10,team2,Team 2 (E/W),41,79,10,♦,finished,2026-05-18T16:34:11.995952+00:00
3433,INPROC_8A0A99,1,10,team2,Team 2 (E/W),55,65,36,♠,finished,2026-05-18T16:34:12.011011+00:00
3434,INPROC_1FCC7D,1,10,team2,Team 2 (E/W),58,62,3,♣,finished,2026-05-18T16:34:12.023818+00:00
3435,INPROC_7D69C2,1,10,team1,Team 1 (N/S),84,36,32,♠,finished,2026-05-18T16:34:12.037137+00:00
3436,INPROC_BCC6B7,1,10,team1,Team 1 (N/S),82,38,15,♦,finished,2026-05-18T16:34:12.051647+00:00
3437,INPROC_4F6707,1,10,team1,Team 1 (N/S),77,43,2,♣,finished,2026-05-18T16:34:12.067865+00:00
3438,INPROC_3EB200,1,10,team1,Team 1 (N/S),77,43,0,♣,finished,2026-05-18T16:34:12.083834+00:00
3439,INPROC_00920F,1,10,team2,Team 2 (E/W),34,86,24,♥,finished,2026-05-18T16:34:12.099495+00:00
3440,INPROC_BD0866,1,10,team2,Team 2 (E/W),51,69,28,♥,finished,2026-05-18T16:34:12.114691+00:00
3441,INPROC_8C6D28,1,10,team1,Team 1 (N/S),71,49,2,♣,finished,2026-05-18T16:34:12.129347+00:00
3442,INPROC_12F8AB,1,10,team1,Team 1 (N/S),85,35,13,♦,finished,2026-05-18T16:34:12.146965+00:00
3443,INPROC_FCC6A8,1,10,team1,Team 1 (N/S),120,0,13,♦,finished,2026-05-18T16:34:12.161294+00:00
3444,INPROC_441893,1,10,team1,Team 1 (N/S),84,36,3,♣,finished,2026-05-18T16:34:12.178935+00:00
3445,INPROC_5AC3FD,1,10,team1,Team 1 (N/S),73,47,29,♥,finished,2026-05-18T16:34:12.194844+00:00
3446,INPROC_59A961,1,10,team1,Team 1 (N/S),67,53,7,♣,finished,2026-05-18T16:34:12.210452+00:00
3447,INPROC_B55026,1,10,team1,Team 1 (N/S),109,11,0,♣,finished,2026-05-18T16:34:12.227542+00:00
3448,INPROC_AABF62,1,10,team1,Team 1 (N/S),97,23,11,♦,finished,2026-05-18T16:34:12.244059+00:00
3449,INPROC_3A2789,1,10,team2,Team 2 (E/W),37,83,25,♥,finished,2026-05-18T16:34:12.259692+00:00
3450,INPROC_DED5E0,1,10,team1,Team 1 (N/S),80,40,37,♠,finished,2026-05-18T16:34:12.270354+00:00
3451,INPROC_F14FBF,1,10,team2,Team 2 (E/W),50,70,14,♦,finished,2026-05-18T16:34:12.284914+00:00
3452,INPROC_84784F,1,10,team1,Team 1 (N/S),63,57,15,♦,finished,2026-05-18T16:34:12.296572+00:00
3453,INPROC_13D652,1,10,team2,Team 2 (E/W),36,84,33,♠,finished,2026-05-18T16:34:12.311925+00:00
3454,INPROC_72B456,1,10,team2,Team 2 (E/W),41,79,25,♥,finished,2026-05-18T16:34:12.327359+00:00
3455,INPROC_9E00F7,1,10,team1,Team 1 (N/S),79,41,6,♣,finished,2026-05-18T16:34:12.340623+00:00
3456,INPROC_EA6B01,1,10,team1,Team 1 (N/S),74,46,38,♠,finished,2026-05-18T16:34:12.357077+00:00
3457,INPROC_5BD3C5,1,10,team1,Team 1 (N/S),95,25,35,♠,finished,2026-05-18T16:34:12.372668+00:00
3458,INPROC_D1D558,1,10,team2,Team 2 (E/W),56,64,26,♥,finished,2026-05-18T16:34:12.390016+00:00
3459,INPROC_925AF5,1,10,team2,Team 2 (E/W),25,95,25,♥,finished,2026-05-18T16:34:12.407877+00:00
3460,INPROC_7F7AE0,1,10,team1,Team 1 (N/S),99,21,31,♠,finished,2026-05-18T16:34:12.425521+00:00
3461,INPROC_5C0BA1,1,10,team1,Team 1 (N/S),96,24,21,♥,finished,2026-05-18T16:34:12.441967+00:00
3462,INPROC_8BBB89,1,10,team1,Team 1 (N/S),84,36,20,♥,finished,2026-05-18T16:34:12.457798+00:00
3463,INPROC_66674F,1,10,team2,Team 2 (E/W),17,103,38,♠,finished,2026-05-18T16:34:12.474180+00:00
3464,INPROC_90CAEF,1,10,team2,Team 2 (E/W),58,62,9,♣,finished,2026-05-18T16:34:12.490161+00:00
3465,INPROC_9C9CF8,1,10,team2,Team 2 (E/W),44,76,18,♦,finished,2026-05-18T16:34:12.501097+00:00
3466,INPROC_73524F,1,10,team1,Team 1 (N/S),105,15,16,♦,finished,2026-05-18T16:34:12.510885+00:00
3467,INPROC_8504FB,1,10,team1,Team 1 (N/S),63,57,18,♦,finished,2026-05-18T16:34:12.525677+00:00
3468,INPROC_AD8E1A,1,10,team1,Team 1 (N/S),105,15,24,♥,finished,2026-05-18T16:34:12.540920+00:00
3469,INPROC_71AB13,1,10,team1,Team 1 (N/S),75,45,1,♣,finished,2026-05-18T16:34:12.559285+00:00
3470,INPROC_590584,1,10,team2,Team 2 (E/W),57,63,32,♠,finished,2026-05-18T16:34:12.573662+00:00
3471,INPROC_49BF8B,1,10,team2,Team 2 (E/W),53,67,14,♦,finished,2026-05-18T16:34:12.587756+00:00
3472,INPROC_128A46,1,10,team1,Team 1 (N/S),81,39,3,♣,finished,2026-05-18T16:34:12.601186+00:00
3473,INPROC_835FFC,1,10,team2,Team 2 (E/W),39,81,9,♣,finished,2026-05-18T16:34:12.609906+00:00
3474,INPROC_FEBD5A,1,10,team1,Team 1 (N/S),67,53,22,♥,finished,2026-05-18T16:34:12.626676+00:00
3475,INPROC_FCE0FA,1,10,team1,Team 1 (N/S),73,47,26,♥,finished,2026-05-18T16:34:12.640277+00:00
3476,INPROC_3FC5C2,1,10,team1,Team 1 (N/S),62,58,13,♦,finished,2026-05-18T16:34:12.658162+00:00
3477,INPROC_E43656,1,10,team1,Team 1 (N/S),62,58,39,♠,finished,2026-05-18T16:34:12.674703+00:00
3478,INPROC_1D0E60,1,10,team1,Team 1 (N/S),107,13,25,♥,finished,2026-05-18T16:34:12.689251+00:00
3479,INPROC_7190EE,1,10,team1,Team 1 (N/S),67,53,9,♣,finished,2026-05-18T16:34:12.701762+00:00
3480,INPROC_BB4508,1,10,team2,Team 2 (E/W),48,72,28,♥,finished,2026-05-18T16:34:12.717397+00:00
3481,INPROC_6E1B05,1,10,team1,Team 1 (N/S),70,50,5,♣,finished,2026-05-18T16:34:12.732162+00:00
3482,INPROC_FA5612,1,10,team1,Team 1 (N/S),77,43,27,♥,finished,2026-05-18T16:34:12.750020+00:00
3483,INPROC_B7FE0F,1,10,team1,Team 1 (N/S),62,58,10,♦,finished,2026-05-18T16:34:12.764248+00:00
3484,INPROC_46D061,1,10,team1,Team 1 (N/S),71,49,32,♠,finished,2026-05-18T16:34:12.779211+00:00
3485,INPROC_EA0F6F,1,10,team1,Team 1 (N/S),89,31,25,♥,finished,2026-05-18T16:34:12.796350+00:00
3486,INPROC_5FC552,1,10,team1,Team 1 (N/S),67,53,24,♥,finished,2026-05-18T16:34:12.812031+00:00
3487,INPROC_8078A3,1,10,team1,Team 1 (N/S),71,49,39,♠,finished,2026-05-18T16:34:12.826778+00:00
3488,INPROC_03E84D,1,10,team1,Team 1 (N/S),80,40,7,♣,finished,2026-05-18T16:34:12.841182+00:00
3489,INPROC_20311A,1,10,team1,Team 1 (N/S),93,27,6,♣,finished,2026-05-18T16:34:12.860611+00:00
3490,INPROC_A8EFC4,1,10,team2,Team 2 (E/W),17,103,30,♠,finished,2026-05-18T16:34:12.875672+00:00
3491,INPROC_E28123,1,10,team2,Team 2 (E/W),41,79,18,♦,finished,2026-05-18T16:34:12.890425+00:00
3492,INPROC_D34079,1,10,team1,Team 1 (N/S),65,55,29,♥,finished,2026-05-18T16:34:12.903615+00:00
3493,INPROC_5E0292,1,10,team1,Team 1 (N/S),76,44,11,♦,finished,2026-05-18T16:34:12.918271+00:00
3494,INPROC_BA693B,1,10,team1,Team 1 (N/S),88,32,19,♦,finished,2026-05-18T16:34:12.932483+00:00
3495,INPROC_D7130F,1,10,team2,Team 2 (E/W),44,76,26,♥,finished,2026-05-18T16:34:12.945696+00:00
3496,INPROC_B06526,1,10,team1,Team 1 (N/S),70,50,16,♦,finished,2026-05-18T16:34:12.956871+00:00
3497,INPROC_EE01AC,1,10,team2,Team 2 (E/W),22,98,29,♥,finished,2026-05-18T16:34:12.970444+00:00
3498,INPROC_7EBAC7,1,10,team1,Team 1 (N/S),79,41,25,♥,finished,2026-05-18T16:34:12.984468+00:00
3499,INPROC_27329E,1,10,team1,Team 1 (N/S),103,17,6,♣,finished,2026-05-18T16:34:13.000555+00:00
3500,INPROC_42B2D6,1,10,team1,Team 1 (N/S),86,34,26,♥,finished,2026-05-18T16:34:13.016428+00:00
3501,INPROC_CC0C74,1,10,team1,Team 1 (N/S),86,34,24,♥,finished,2026-05-18T16:34:13.031095+00:00
3502,INPROC_B115F7,1,10,team1,Team 1 (N/S),69,51,4,♣,finished,2026-05-18T16:34:13.045622+00:00
3503,INPROC_0D07AA,1,10,team1,Team 1 (N/S),91,29,0,♣,finished,2026-05-18T16:34:13.063389+00:00
3504,INPROC_2EDA7B,1,10,team1,Team 1 (N/S),78,42,13,♦,finished,2026-05-18T16:34:13.078293+00:00
3505,INPROC_9110F2,1,10,team2,Team 2 (E/W),52,68,19,♦,finished,2026-05-18T16:34:13.096365+00:00
3506,INPROC_C0A6E3,1,10,team1,Team 1 (N/S),63,57,14,♦,finished,2026-05-18T16:34:13.111118+00:00
3507,INPROC_F7AF5B,1,10,team1,Team 1 (N/S),64,56,4,♣,finished,2026-05-18T16:34:13.128589+00:00
3508,INPROC_CF0C34,1,10,team2,Team 2 (E/W),56,64,0,♣,finished,2026-05-18T16:34:13.144622+00:00
3509,INPROC_89E4EC,1,10,team2,Team 2 (E/W),42,78,18,♦,finished,2026-05-18T16:34:13.160594+00:00
3510,INPROC_6E23E8,1,10,team1,Team 1 (N/S),76,44,32,♠,finished,2026-05-18T16:34:13.177265+00:00
3511,INPROC_BA4A5D,1,10,team2,Team 2 (E/W),43,77,23,♥,finished,2026-05-18T16:34:13.192727+00:00
3512,INPROC_BB6754,1,10,team2,Team 2 (E/W),3,117,9,♣,finished,2026-05-18T16:34:13.208157+00:00
3513,INPROC_D8C694,1,10,team1,Team 1 (N/S),65,55,6,♣,finished,2026-05-18T16:34:13.223472+00:00
3514,INPROC_9C93F9,1,10,team2,Team 2 (E/W),56,64,16,♦,finished,2026-05-18T16:34:13.239759+00:00
3515,INPROC_098341,1,10,team2,Team 2 (E/W),24,96,24,♥,finished,2026-05-18T16:34:13.254212+00:00
3516,INPROC_31910F,1,10,team2,Team 2 (E/W),41,79,0,♣,finished,2026-05-18T16:34:13.270049+00:00
3517,INPROC_4BB0CC,1,10,team1,Team 1 (N/S),78,42,10,♦,finished,2026-05-18T16:34:13.285223+00:00
3518,INPROC_A35192,1,10,team2,Team 2 (E/W),54,66,6,♣,finished,2026-05-18T16:34:13.305443+00:00
3519,INPROC_265445,1,10,team1,Team 1 (N/S),75,45,6,♣,finished,2026-05-18T16:34:13.324180+00:00
3520,INPROC_9F2C3F,1,10,team1,Team 1 (N/S),93,27,11,♦,finished,2026-05-18T16:34:13.344678+00:00
3521,INPROC_7DAB3A,1,10,team1,Team 1 (N/S),76,44,18,♦,finished,2026-05-18T16:34:13.361956+00:00
3522,INPROC_04E6D6,1,10,team1,Team 1 (N/S),95,25,17,♦,finished,2026-05-18T16:34:13.375357+00:00
3523,INPROC_CE6981,1,10,team1,Team 1 (N/S),90,30,32,♠,finished,2026-05-18T16:34:13.390928+00:00
3524,INPROC_AAE061,1,10,team2,Team 2 (E/W),33,87,26,♥,finished,2026-05-18T16:34:13.406030+00:00
3525,INPROC_9F8F54,1,10,team2,Team 2 (E/W),48,72,39,♠,finished,2026-05-18T16:34:13.420312+00:00
3526,INPROC_4D79BB,1,10,team2,Team 2 (E/W),22,98,39,♠,finished,2026-05-18T16:34:13.431956+00:00
3527,INPROC_2187B1,1,10,team2,Team 2 (E/W),16,104,29,♥,finished,2026-05-18T16:34:13.446318+00:00
3528,INPROC_F51AB4,1,10,team2,Team 2 (E/W),40,80,7,♣,finished,2026-05-18T16:34:13.458430+00:00
3529,INPROC_FE2CE1,1,10,team2,Team 2 (E/W),58,62,9,♣,finished,2026-05-18T16:34:13.474423+00:00
3530,INPROC_19DA71,1,10,team1,Team 1 (N/S),80,40,9,♣,finished,2026-05-18T16:34:13.488769+00:00
3531,INPROC_357D92,1,10,team2,Team 2 (E/W),50,70,36,♠,finished,2026-05-18T16:34:13.505096+00:00
3532,INPROC_628170,1,10,team1,Team 1 (N/S),81,39,22,♥,finished,2026-05-18T16:34:13.517744+00:00
3533,INPROC_F7DBD9,1,10,team2,Team 2 (E/W),46,74,9,♣,finished,2026-05-18T16:34:13.533127+00:00
3534,INPROC_62F0FD,1,10,team1,Team 1 (N/S),77,43,4,♣,finished,2026-05-18T16:34:13.549484+00:00
3535,INPROC_D620CC,1,10,team1,Team 1 (N/S),65,55,25,♥,finished,2026-05-18T16:34:13.565697+00:00
3536,INPROC_627AE8,1,10,team2,Team 2 (E/W),54,66,21,♥,finished,2026-05-18T16:34:13.581219+00:00
3537,INPROC_60D65F,1,10,team1,Team 1 (N/S),75,45,6,♣,finished,2026-05-18T16:34:13.596757+00:00
3538,INPROC_BB42A9,1,10,team1,Team 1 (N/S),79,41,13,♦,finished,2026-05-18T16:34:13.608409+00:00
3539,INPROC_E3FAD4,1,10,team1,Team 1 (N/S),65,55,13,♦,finished,2026-05-18T16:34:13.620155+00:00
3540,INPROC_A1BB12,1,10,team1,Team 1 (N/S),107,13,36,♠,finished,2026-05-18T16:34:13.633900+00:00
3541,INPROC_45AEE6,1,10,team2,Team 2 (E/W),54,66,24,♥,finished,2026-05-18T16:34:13.648032+00:00
3542,INPROC_D98015,1,10,team1,Team 1 (N/S),76,44,15,♦,finished,2026-05-18T16:34:13.664011+00:00
3543,INPROC_BA0C9E,1,10,team1,Team 1 (N/S),77,43,8,♣,finished,2026-05-18T16:34:13.682393+00:00
3544,INPROC_819372,1,10,team2,Team 2 (E/W),30,90,21,♥,finished,2026-05-18T16:34:13.698312+00:00
3545,INPROC_D59F97,1,10,team2,Team 2 (E/W),57,63,16,♦,finished,2026-05-18T16:34:13.714447+00:00
3546,INPROC_BB82DD,1,10,team1,Team 1 (N/S),104,16,7,♣,finished,2026-05-18T16:34:13.727676+00:00
3547,INPROC_1852CE,1,10,team1,Team 1 (N/S),83,37,26,♥,finished,2026-05-18T16:34:13.743431+00:00
3548,INPROC_761CC5,1,10,team1,Team 1 (N/S),73,47,9,♣,finished,2026-05-18T16:34:13.757690+00:00
3549,INPROC_3FF958,1,10,team1,Team 1 (N/S),63,57,12,♦,finished,2026-05-18T16:34:13.772716+00:00
3550,INPROC_0AD104,1,10,team1,Team 1 (N/S),82,38,37,♠,finished,2026-05-18T16:34:13.787608+00:00
3551,INPROC_AE1308,1,10,team1,Team 1 (N/S),68,52,18,♦,finished,2026-05-18T16:34:13.803427+00:00
3552,INPROC_8BAC26,1,10,team2,Team 2 (E/W),38,82,14,♦,finished,2026-05-18T16:34:13.817960+00:00
3553,INPROC_FD56AC,1,10,team1,Team 1 (N/S),75,45,39,♠,finished,2026-05-18T16:34:13.831505+00:00
3554,INPROC_833F1C,1,10,team1,Team 1 (N/S),94,26,17,♦,finished,2026-05-18T16:34:13.847945+00:00
3555,INPROC_758883,1,10,team1,Team 1 (N/S),85,35,13,♦,finished,2026-05-18T16:34:13.868528+00:00
3556,INPROC_116B4D,1,10,team1,Team 1 (N/S),62,58,28,♥,finished,2026-05-18T16:34:13.886502+00:00
3557,INPROC_3F4F70,1,10,team2,Team 2 (E/W),41,79,39,♠,finished,2026-05-18T16:34:13.900391+00:00
3558,INPROC_E009CB,1,10,team1,Team 1 (N/S),78,42,3,♣,finished,2026-05-18T16:34:13.915265+00:00
3559,INPROC_F2D30E,1,10,team1,Team 1 (N/S),92,28,34,♠,finished,2026-05-18T16:34:13.929144+00:00
3560,INPROC_17DD12,1,10,team1,Team 1 (N/S),87,33,0,♣,finished,2026-05-18T16:34:13.944668+00:00
3561,INPROC_F5B94D,1,10,team1,Team 1 (N/S),67,53,3,♣,finished,2026-05-18T16:34:13.961244+00:00
3562,INPROC_2DFFEC,1,10,team2,Team 2 (E/W),37,83,9,♣,finished,2026-05-18T16:34:13.974679+00:00
3563,INPROC_303EB7,1,10,team1,Team 1 (N/S),89,31,4,♣,finished,2026-05-18T16:34:13.990542+00:00
3564,INPROC_8E7E1C,1,10,team2,Team 2 (E/W),58,62,38,♠,finished,2026-05-18T16:34:14.004181+00:00
3565,INPROC_780C8B,1,10,team2,Team 2 (E/W),57,63,1,♣,finished,2026-05-18T16:34:14.018634+00:00
3566,INPROC_E55184,1,10,team1,Team 1 (N/S),95,25,11,♦,finished,2026-05-18T16:34:14.034193+00:00
3567,INPROC_A32469,1,10,team1,Team 1 (N/S),93,27,4,♣,finished,2026-05-18T16:34:14.051723+00:00
3568,INPROC_70E7A1,1,10,team1,Team 1 (N/S),82,38,31,♠,finished,2026-05-18T16:34:14.069130+00:00
3569,INPROC_D4948A,1,10,team1,Team 1 (N/S),79,41,0,♣,finished,2026-05-18T16:34:14.085156+00:00
3570,INPROC_4AA63D,1,10,team1,Team 1 (N/S),82,38,34,♠,finished,2026-05-18T16:34:14.098323+00:00
3571,INPROC_87B350,1,10,team1,Team 1 (N/S),85,35,38,♠,finished,2026-05-18T16:34:14.113118+00:00
3572,INPROC_88C461,1,10,team1,Team 1 (N/S),69,51,13,♦,finished,2026-05-18T16:34:14.128535+00:00
3573,INPROC_6DD8F6,1,10,team1,Team 1 (N/S),82,38,36,♠,finished,2026-05-18T16:34:14.143881+00:00
3574,INPROC_003D21,1,10,team1,Team 1 (N/S),76,44,0,♣,finished,2026-05-18T16:34:14.160612+00:00
3575,INPROC_7ACA9A,1,10,team1,Team 1 (N/S),95,25,4,♣,finished,2026-05-18T16:34:14.178789+00:00
3576,INPROC_AAA468,1,10,team1,Team 1 (N/S),89,31,4,♣,finished,2026-05-18T16:34:14.197387+00:00
3577,INPROC_D01426,1,10,team1,Team 1 (N/S),88,32,7,♣,finished,2026-05-18T16:34:14.212305+00:00
3578,INPROC_FA72B8,1,10,draw,draw,60,60,0,♣,finished,2026-05-18T16:34:14.226130+00:00
3579,INPROC_F93700,1,10,team2,Team 2 (E/W),17,103,5,♣,finished,2026-05-18T16:34:14.240277+00:00
3580,INPROC_978B78,1,10,team1,Team 1 (N/S),99,21,1,♣,finished,2026-05-18T16:34:14.255959+00:00
3581,INPROC_9149DF,1,10,team1,Team 1 (N/S),80,40,37,♠,finished,2026-05-18T16:34:14.273443+00:00
3582,INPROC_F5B819,1,10,team1,Team 1 (N/S),87,33,16,♦,finished,2026-05-18T16:34:14.290872+00:00
3583,INPROC_FA6C27,1,10,team1,Team 1 (N/S),104,16,0,♣,finished,2026-05-18T16:34:14.310378+00:00
3584,INPROC_FA161E,1,10,team1,Team 1 (N/S),97,23,32,♠,finished,2026-05-18T16:34:14.333328+00:00
3585,INPROC_0E7FEE,1,10,team1,Team 1 (N/S),89,31,20,♥,finished,2026-05-18T16:34:14.355458+00:00
3586,INPROC_D3875C,1,10,team1,Team 1 (N/S),76,44,5,♣,finished,2026-05-18T16:34:14.377981+00:00
3587,INPROC_269926,1,10,team1,Team 1 (N/S),69,51,28,♥,finished,2026-05-18T16:34:14.398021+00:00
3588,INPROC_BC11AA,1,10,team2,Team 2 (E/W),28,92,19,♦,finished,2026-05-18T16:34:14.419032+00:00
3589,INPROC_AF960B,1,10,team1,Team 1 (N/S),63,57,2,♣,finished,2026-05-18T16:34:14.436398+00:00
3590,INPROC_B4973F,1,10,team1,Team 1 (N/S),75,45,35,♠,finished,2026-05-18T16:34:14.453063+00:00
3591,INPROC_466D89,1,10,team1,Team 1 (N/S),111,9,6,♣,finished,2026-05-18T16:34:14.470137+00:00
3592,INPROC_7533ED,1,10,team1,Team 1 (N/S),105,15,34,♠,finished,2026-05-18T16:34:14.482558+00:00
3593,INPROC_728ED2,1,10,team1,Team 1 (N/S),65,55,23,♥,finished,2026-05-18T16:34:14.497326+00:00
3594,INPROC_BA0F81,1,10,team1,Team 1 (N/S),64,56,7,♣,finished,2026-05-18T16:34:14.512141+00:00
3595,INPROC_B6CCD3,1,10,team1,Team 1 (N/S),89,31,19,♦,finished,2026-05-18T16:34:14.530430+00:00
3596,INPROC_87AB04,1,10,team1,Team 1 (N/S),88,32,11,♦,finished,2026-05-18T16:34:14.549218+00:00
3597,INPROC_E0E85E,1,10,team1,Team 1 (N/S),117,3,12,♦,finished,2026-05-18T16:34:14.572451+00:00
3598,INPROC_B1EDA8,1,10,team1,Team 1 (N/S),81,39,25,♥,finished,2026-05-18T16:34:14.582500+00:00
3599,INPROC_8BEC5A,1,10,team2,Team 2 (E/W),36,84,18,♦,finished,2026-05-18T16:34:14.595855+00:00
3600,INPROC_3E62FB,1,10,team2,Team 2 (E/W),53,67,24,♥,finished,2026-05-18T16:34:14.611642+00:00
3601,INPROC_E765F8,1,10,team1,Team 1 (N/S),70,50,37,♠,finished,2026-05-18T16:34:14.627638+00:00
3602,INPROC_1D59EE,1,10,team1,Team 1 (N/S),77,43,3,♣,finished,2026-05-18T16:34:14.643590+00:00
3603,INPROC_387ADA,1,10,team2,Team 2 (E/W),33,87,11,♦,finished,2026-05-18T16:34:14.656583+00:00
3604,INPROC_6A9573,1,10,team1,Team 1 (N/S),83,37,15,♦,finished,2026-05-18T16:34:14.673388+00:00
3605,INPROC_87FB7D,1,10,team2,Team 2 (E/W),22,98,31,♠,finished,2026-05-18T16:34:14.689853+00:00
3606,INPROC_B25ABC,1,10,team2,Team 2 (E/W),46,74,33,♠,finished,2026-05-18T16:34:14.704387+00:00
3607,INPROC_175796,1,10,team1,Team 1 (N/S),108,12,1,♣,finished,2026-05-18T16:34:14.722162+00:00
3608,INPROC_F5C753,1,10,team1,Team 1 (N/S),100,20,15,♦,finished,2026-05-18T16:34:14.738117+00:00
3609,INPROC_74465B,1,10,team2,Team 2 (E/W),58,62,9,♣,finished,2026-05-18T16:34:14.753250+00:00
3610,INPROC_39342A,1,10,team1,Team 1 (N/S),73,47,0,♣,finished,2026-05-18T16:34:14.769775+00:00
3611,INPROC_01E5A9,1,10,team1,Team 1 (N/S),84,36,34,♠,finished,2026-05-18T16:34:14.785913+00:00
3612,INPROC_5AFF57,1,10,team2,Team 2 (E/W),33,87,20,♥,finished,2026-05-18T16:34:14.800718+00:00
3613,INPROC_FCAD7F,1,10,team2,Team 2 (E/W),49,71,38,♠,finished,2026-05-18T16:34:14.818692+00:00
3614,INPROC_249C27,1,10,team1,Team 1 (N/S),68,52,3,♣,finished,2026-05-18T16:34:14.835811+00:00
3615,INPROC_E1F2D0,1,10,team1,Team 1 (N/S),79,41,9,♣,finished,2026-05-18T16:34:14.850646+00:00
3616,INPROC_9700C8,1,10,team1,Team 1 (N/S),104,16,17,♦,finished,2026-05-18T16:34:14.866630+00:00
3617,INPROC_B54FDE,1,10,team2,Team 2 (E/W),20,100,35,♠,finished,2026-05-18T16:34:14.880526+00:00
3618,INPROC_BC596D,1,10,team1,Team 1 (N/S),91,29,7,♣,finished,2026-05-18T16:34:14.899265+00:00
3619,INPROC_3659C2,1,10,team1,Team 1 (N/S),70,50,20,♥,finished,2026-05-18T16:34:14.916998+00:00
3620,INPROC_591286,1,10,team1,Team 1 (N/S),71,49,8,♣,finished,2026-05-18T16:34:14.932652+00:00
3621,INPROC_E8EEAC,1,10,team1,Team 1 (N/S),102,18,10,♦,finished,2026-05-18T16:34:14.947807+00:00
3622,INPROC_2A976E,1,10,team2,Team 2 (E/W),49,71,39,♠,finished,2026-05-18T16:34:14.964227+00:00
3623,INPROC_E0E48D,1,10,team1,Team 1 (N/S),78,42,26,♥,finished,2026-05-18T16:34:14.979844+00:00
3624,INPROC_61A797,1,10,team1,Team 1 (N/S),86,34,34,♠,finished,2026-05-18T16:34:14.994966+00:00
3625,INPROC_4DFACA,1,10,team2,Team 2 (E/W),49,71,17,♦,finished,2026-05-18T16:34:15.006764+00:00
3626,INPROC_413F98,1,10,team1,Team 1 (N/S),64,56,29,♥,finished,2026-05-18T16:34:15.017956+00:00
3627,INPROC_549ED6,1,10,team1,Team 1 (N/S),88,32,18,♦,finished,2026-05-18T16:34:15.031997+00:00
3628,INPROC_9BC4D3,1,10,team1,Team 1 (N/S),87,33,11,♦,finished,2026-05-18T16:34:15.045584+00:00
3629,INPROC_B0D100,1,10,team1,Team 1 (N/S),65,55,5,♣,finished,2026-05-18T16:34:15.061150+00:00
3630,INPROC_FF4BB6,1,10,team2,Team 2 (E/W),39,81,5,♣,finished,2026-05-18T16:34:15.073594+00:00
3631,INPROC_F354C1,1,10,team2,Team 2 (E/W),52,68,36,♠,finished,2026-05-18T16:34:15.087228+00:00
3632,INPROC_40E97D,1,10,team1,Team 1 (N/S),81,39,19,♦,finished,2026-05-18T16:34:15.103502+00:00
3633,INPROC_03B948,1,10,team1,Team 1 (N/S),85,35,16,♦,finished,2026-05-18T16:34:15.120731+00:00
3634,INPROC_39F2A4,1,10,team1,Team 1 (N/S),69,51,22,♥,finished,2026-05-18T16:34:15.136975+00:00
3635,INPROC_926B5E,1,10,team2,Team 2 (E/W),24,96,37,♠,finished,2026-05-18T16:34:15.154063+00:00
3636,INPROC_3725D4,1,10,team1,Team 1 (N/S),99,21,2,♣,finished,2026-05-18T16:34:15.168259+00:00
3637,INPROC_6155AB,1,10,team2,Team 2 (E/W),25,95,16,♦,finished,2026-05-18T16:34:15.185211+00:00
3638,INPROC_4209AE,1,10,team1,Team 1 (N/S),87,33,30,♠,finished,2026-05-18T16:34:15.202601+00:00
3639,INPROC_CDD354,1,10,team2,Team 2 (E/W),52,68,15,♦,finished,2026-05-18T16:34:15.216691+00:00
3640,INPROC_C6AF01,1,10,team1,Team 1 (N/S),61,59,10,♦,finished,2026-05-18T16:34:15.232017+00:00
3641,INPROC_DCD801,1,10,team2,Team 2 (E/W),55,65,14,♦,finished,2026-05-18T16:34:15.247841+00:00
3642,INPROC_1F67BD,1,10,team2,Team 2 (E/W),47,73,10,♦,finished,2026-05-18T16:34:15.263740+00:00
3643,INPROC_A2101C,1,10,team1,Team 1 (N/S),84,36,23,♥,finished,2026-05-18T16:34:15.273066+00:00
3644,INPROC_281FC0,1,10,team1,Team 1 (N/S),69,51,39,♠,finished,2026-05-18T16:34:15.285027+00:00
3645,INPROC_DA6A84,1,10,team1,Team 1 (N/S),83,37,21,♥,finished,2026-05-18T16:34:15.299621+00:00
3646,INPROC_344348,1,10,team2,Team 2 (E/W),45,75,3,♣,finished,2026-05-18T16:34:15.314536+00:00
3647,INPROC_148B32,1,10,team2,Team 2 (E/W),54,66,25,♥,finished,2026-05-18T16:34:15.330568+00:00
3648,INPROC_D0639A,1,10,team1,Team 1 (N/S),65,55,23,♥,finished,2026-05-18T16:34:15.347003+00:00
3649,INPROC_255B8E,1,10,team2,Team 2 (E/W),42,78,0,♣,finished,2026-05-18T16:34:15.360812+00:00
3650,INPROC_8F049A,1,10,team1,Team 1 (N/S),69,51,11,♦,finished,2026-05-18T16:34:15.375163+00:00
3651,INPROC_D4AAC2,1,10,team1,Team 1 (N/S),70,50,9,♣,finished,2026-05-18T16:34:15.391317+00:00
3652,INPROC_86FF60,1,10,team1,Team 1 (N/S),95,25,19,♦,finished,2026-05-18T16:34:15.408794+00:00
3653,INPROC_8D1E9C,1,10,team2,Team 2 (E/W),58,62,5,♣,finished,2026-05-18T16:34:15.427120+00:00
3654,INPROC_39DBA8,1,10,team1,Team 1 (N/S),84,36,36,♠,finished,2026-05-18T16:34:15.444467+00:00
3655,INPROC_E72CDF,1,10,team2,Team 2 (E/W),59,61,38,♠,finished,2026-05-18T16:34:15.461173+00:00
3656,INPROC_71DF77,1,10,team1,Team 1 (N/S),62,58,21,♥,finished,2026-05-18T16:34:15.478866+00:00
3657,INPROC_C9A5DB,1,10,team1,Team 1 (N/S),68,52,12,♦,finished,2026-05-18T16:34:15.493116+00:00
3658,INPROC_EECF65,1,10,team2,Team 2 (E/W),58,62,20,♥,finished,2026-05-18T16:34:15.507231+00:00
3659,INPROC_740F8E,1,10,team2,Team 2 (E/W),57,63,12,♦,finished,2026-05-18T16:34:15.522903+00:00
3660,INPROC_837A24,1,10,team2,Team 2 (E/W),56,64,8,♣,finished,2026-05-18T16:34:15.538857+00:00
3661,INPROC_2AEF0C,1,10,team2,Team 2 (E/W),49,71,8,♣,finished,2026-05-18T16:34:15.553356+00:00
3662,INPROC_8FE251,1,10,team2,Team 2 (E/W),26,94,32,♠,finished,2026-05-18T16:34:15.568530+00:00
3663,INPROC_A1D33C,1,10,team1,Team 1 (N/S),75,45,36,♠,finished,2026-05-18T16:34:15.578283+00:00
3664,INPROC_828195,1,10,team2,Team 2 (E/W),54,66,26,♥,finished,2026-05-18T16:34:15.597972+00:00
3665,INPROC_FCA2F8,1,10,team2,Team 2 (E/W),47,73,28,♥,finished,2026-05-18T16:34:15.626207+00:00
3666,INPROC_865815,1,10,team1,Team 1 (N/S),78,42,11,♦,finished,2026-05-18T16:34:15.640869+00:00
3667,INPROC_91CB1F,1,10,team1,Team 1 (N/S),93,27,38,♠,finished,2026-05-18T16:34:15.653937+00:00
3668,INPROC_4BB7AC,1,10,team2,Team 2 (E/W),18,102,0,♣,finished,2026-05-18T16:34:15.667772+00:00
3669,INPROC_57C37E,1,10,team1,Team 1 (N/S),84,36,5,♣,finished,2026-05-18T16:34:15.682305+00:00
3670,INPROC_8AFCBD,1,10,team1,Team 1 (N/S),74,46,10,♦,finished,2026-05-18T16:34:15.698305+00:00
3671,INPROC_E281C9,1,10,team1,Team 1 (N/S),102,18,12,♦,finished,2026-05-18T16:34:15.713828+00:00
3672,INPROC_DB2A21,1,10,team2,Team 2 (E/W),16,104,29,♥,finished,2026-05-18T16:34:15.729021+00:00
3673,INPROC_2143E0,1,10,team2,Team 2 (E/W),40,80,9,♣,finished,2026-05-18T16:34:15.746472+00:00
3674,INPROC_E0A309,1,10,team1,Team 1 (N/S),76,44,9,♣,finished,2026-05-18T16:34:15.762438+00:00
3675,INPROC_5D5530,1,10,team2,Team 2 (E/W),52,68,26,♥,finished,2026-05-18T16:34:15.778499+00:00
3676,INPROC_043355,1,10,team2,Team 2 (E/W),32,88,20,♥,finished,2026-05-18T16:34:15.793693+00:00
3677,INPROC_8E9038,1,10,team1,Team 1 (N/S),82,38,27,♥,finished,2026-05-18T16:34:15.812561+00:00
3678,INPROC_363619,1,10,team2,Team 2 (E/W),44,76,34,♠,finished,2026-05-18T16:34:15.832098+00:00
3679,INPROC_AAEF76,1,10,team1,Team 1 (N/S),87,33,21,♥,finished,2026-05-18T16:34:15.849626+00:00
3680,INPROC_7EC8AC,1,10,team1,Team 1 (N/S),94,26,0,♣,finished,2026-05-18T16:34:15.866239+00:00
3681,INPROC_AE7032,1,10,team1,Team 1 (N/S),101,19,22,♥,finished,2026-05-18T16:34:15.880690+00:00
3682,INPROC_F5EA6D,1,10,team1,Team 1 (N/S),103,17,35,♠,finished,2026-05-18T16:34:15.896054+00:00
3683,INPROC_2B44A4,1,10,team1,Team 1 (N/S),80,40,24,♥,finished,2026-05-18T16:34:15.904800+00:00
3684,INPROC_090166,1,10,team1,Team 1 (N/S),80,40,5,♣,finished,2026-05-18T16:34:15.920685+00:00
3685,INPROC_2DD3AE,1,10,team2,Team 2 (E/W),51,69,22,♥,finished,2026-05-18T16:34:15.938126+00:00
3686,INPROC_F8A2D9,1,10,team1,Team 1 (N/S),84,36,35,♠,finished,2026-05-18T16:34:15.954489+00:00
3687,INPROC_8BC550,1,10,team1,Team 1 (N/S),68,52,33,♠,finished,2026-05-18T16:34:15.972476+00:00
3688,INPROC_765DE8,1,10,team1,Team 1 (N/S),72,48,27,♥,finished,2026-05-18T16:34:15.989991+00:00
3689,INPROC_77BE7D,1,10,team1,Team 1 (N/S),86,34,7,♣,finished,2026-05-18T16:34:16.008463+00:00
3690,INPROC_395BA4,1,10,team1,Team 1 (N/S),89,31,5,♣,finished,2026-05-18T16:34:16.034257+00:00
3691,INPROC_F20110,1,10,team2,Team 2 (E/W),58,62,25,♥,finished,2026-05-18T16:34:16.058427+00:00
3692,INPROC_AC2ADB,1,10,team1,Team 1 (N/S),91,29,8,♣,finished,2026-05-18T16:34:16.075209+00:00
3693,INPROC_11B33C,1,10,team1,Team 1 (N/S),63,57,35,♠,finished,2026-05-18T16:34:16.097467+00:00
3694,INPROC_2D83B0,1,10,team2,Team 2 (E/W),38,82,17,♦,finished,2026-05-18T16:34:16.118979+00:00
3695,INPROC_E80588,1,10,team2,Team 2 (E/W),58,62,31,♠,finished,2026-05-18T16:34:16.139254+00:00
3696,INPROC_71029E,1,10,team2,Team 2 (E/W),33,87,21,♥,finished,2026-05-18T16:34:16.155148+00:00
3697,INPROC_8EBC91,1,10,team1,Team 1 (N/S),61,59,32,♠,finished,2026-05-18T16:34:16.170897+00:00
3698,INPROC_5F5E31,1,10,team1,Team 1 (N/S),79,41,22,♥,finished,2026-05-18T16:34:16.187751+00:00
3699,INPROC_30DD2B,1,10,team1,Team 1 (N/S),71,49,39,♠,finished,2026-05-18T16:34:16.204276+00:00
3700,INPROC_88BF17,1,10,team2,Team 2 (E/W),44,76,19,♦,finished,2026-05-18T16:34:16.224935+00:00
3701,INPROC_B7A26A,1,10,team1,Team 1 (N/S),69,51,29,♥,finished,2026-05-18T16:34:16.248694+00:00
3702,INPROC_AD844F,1,10,team1,Team 1 (N/S),100,20,20,♥,finished,2026-05-18T16:34:16.267943+00:00
3703,INPROC_293885,1,10,team1,Team 1 (N/S),113,7,21,♥,finished,2026-05-18T16:34:16.282982+00:00
3704,INPROC_21DF25,1,10,team2,Team 2 (E/W),37,83,12,♦,finished,2026-05-18T16:34:16.298433+00:00
3705,INPROC_76FF17,1,10,team1,Team 1 (N/S),76,44,32,♠,finished,2026-05-18T16:34:16.314872+00:00
3706,INPROC_93204C,1,10,team1,Team 1 (N/S),70,50,26,♥,finished,2026-05-18T16:34:16.326966+00:00
3707,INPROC_FC1849,1,10,team1,Team 1 (N/S),93,27,30,♠,finished,2026-05-18T16:34:16.339818+00:00
3708,INPROC_6CBE71,1,10,team1,Team 1 (N/S),81,39,9,♣,finished,2026-05-18T16:34:16.354573+00:00
3709,INPROC_13CB2A,1,10,team2,Team 2 (E/W),39,81,30,♠,finished,2026-05-18T16:34:16.369254+00:00
3710,INPROC_FDD676,1,10,team2,Team 2 (E/W),52,68,0,♣,finished,2026-05-18T16:34:16.389442+00:00
3711,INPROC_0382F0,1,10,team1,Team 1 (N/S),93,27,0,♣,finished,2026-05-18T16:34:16.407471+00:00
3712,INPROC_1BEE4B,1,10,draw,draw,60,60,12,♦,finished,2026-05-18T16:34:16.430710+00:00
3713,INPROC_C0D867,1,10,team2,Team 2 (E/W),56,64,26,♥,finished,2026-05-18T16:34:16.447534+00:00
3714,INPROC_5D48C6,1,10,team1,Team 1 (N/S),66,54,5,♣,finished,2026-05-18T16:34:16.464056+00:00
3715,INPROC_D154C0,1,10,team2,Team 2 (E/W),48,72,33,♠,finished,2026-05-18T16:34:16.479824+00:00
3716,INPROC_A843F6,1,10,team2,Team 2 (E/W),46,74,8,♣,finished,2026-05-18T16:34:16.493511+00:00
3717,INPROC_AB29CF,1,10,team1,Team 1 (N/S),73,47,2,♣,finished,2026-05-18T16:34:16.508310+00:00
3718,INPROC_019351,1,10,draw,draw,60,60,1,♣,finished,2026-05-18T16:34:16.522071+00:00
3719,INPROC_B2BFDB,1,10,team1,Team 1 (N/S),77,43,21,♥,finished,2026-05-18T16:34:16.537346+00:00
3720,INPROC_72F7DE,1,10,team2,Team 2 (E/W),54,66,34,♠,finished,2026-05-18T16:34:16.553573+00:00
3721,INPROC_910F1B,1,10,team2,Team 2 (E/W),39,81,20,♥,finished,2026-05-18T16:34:16.568403+00:00
3722,INPROC_565E80,1,10,team2,Team 2 (E/W),44,76,37,♠,finished,2026-05-18T16:34:16.584756+00:00
3723,INPROC_087F39,1,10,team1,Team 1 (N/S),79,41,32,♠,finished,2026-05-18T16:34:16.599663+00:00
3724,INPROC_B223FB,1,10,team1,Team 1 (N/S),85,35,29,♥,finished,2026-05-18T16:34:16.615931+00:00
3725,INPROC_21C765,1,10,team1,Team 1 (N/S),64,56,2,♣,finished,2026-05-18T16:34:16.635261+00:00
3726,INPROC_AECED9,1,10,team2,Team 2 (E/W),56,64,25,♥,finished,2026-05-18T16:34:16.651018+00:00
3727,INPROC_062DF2,1,10,team1,Team 1 (N/S),86,34,26,♥,finished,2026-05-18T16:34:16.666526+00:00
3728,INPROC_E928B6,1,10,team1,Team 1 (N/S),81,39,34,♠,finished,2026-05-18T16:34:16.682255+00:00
3729,INPROC_ECA58C,1,10,team1,Team 1 (N/S),89,31,36,♠,finished,2026-05-18T16:34:16.697574+00:00
3730,INPROC_99351B,1,10,team2,Team 2 (E/W),20,100,13,♦,finished,2026-05-18T16:34:16.709730+00:00
3731,INPROC_1F58B5,1,10,team1,Team 1 (N/S),67,53,22,♥,finished,2026-05-18T16:34:16.727593+00:00
3732,INPROC_962D9B,1,10,team2,Team 2 (E/W),48,72,14,♦,finished,2026-05-18T16:34:16.744570+00:00
3733,INPROC_13AC6D,1,10,team1,Team 1 (N/S),65,55,15,♦,finished,2026-05-18T16:34:16.760533+00:00
3734,INPROC_F1E8A9,1,10,team1,Team 1 (N/S),107,13,32,♠,finished,2026-05-18T16:34:16.776675+00:00
3735,INPROC_E78BF6,1,10,team1,Team 1 (N/S),97,23,2,♣,finished,2026-05-18T16:34:16.792817+00:00
3736,INPROC_5ED3DA,1,10,team2,Team 2 (E/W),55,65,33,♠,finished,2026-05-18T16:34:16.809173+00:00
3737,INPROC_50D5EB,1,10,team1,Team 1 (N/S),70,50,20,♥,finished,2026-05-18T16:34:16.824820+00:00
3738,INPROC_FC8C6F,1,10,team1,Team 1 (N/S),84,36,6,♣,finished,2026-05-18T16:34:16.839986+00:00
3739,INPROC_383DDA,1,10,team1,Team 1 (N/S),66,54,18,♦,finished,2026-05-18T16:34:16.853572+00:00
3740,INPROC_A88665,1,10,team1,Team 1 (N/S),95,25,8,♣,finished,2026-05-18T16:34:16.862230+00:00
3741,INPROC_72AC17,1,10,team1,Team 1 (N/S),80,40,13,♦,finished,2026-05-18T16:34:16.876002+00:00
3742,INPROC_4D6DD1,1,10,team1,Team 1 (N/S),97,23,4,♣,finished,2026-05-18T16:34:16.890435+00:00
3743,INPROC_0F957C,1,10,team1,Team 1 (N/S),103,17,12,♦,finished,2026-05-18T16:34:16.907711+00:00
3744,INPROC_5889D9,1,10,team1,Team 1 (N/S),71,49,33,♠,finished,2026-05-18T16:34:16.924564+00:00
3745,INPROC_0A21B2,1,10,team2,Team 2 (E/W),45,75,22,♥,finished,2026-05-18T16:34:16.940320+00:00
3746,INPROC_E4A456,1,10,team1,Team 1 (N/S),80,40,34,♠,finished,2026-05-18T16:34:16.957537+00:00
3747,INPROC_4F5A81,1,10,draw,draw,60,60,34,♠,finished,2026-05-18T16:34:16.971293+00:00
3748,INPROC_9BFB1D,1,10,team1,Team 1 (N/S),63,57,19,♦,finished,2026-05-18T16:34:16.979347+00:00
3749,INPROC_7153B7,1,10,team1,Team 1 (N/S),85,35,17,♦,finished,2026-05-18T16:34:16.996006+00:00
3750,INPROC_32B9A3,1,10,team2,Team 2 (E/W),57,63,11,♦,finished,2026-05-18T16:34:17.012556+00:00
3751,INPROC_80C696,1,10,draw,draw,60,60,28,♥,finished,2026-05-18T16:34:17.024592+00:00
3752,INPROC_0FCED0,1,10,team2,Team 2 (E/W),41,79,30,♠,finished,2026-05-18T16:34:17.040406+00:00
3753,INPROC_CED60B,1,10,team1,Team 1 (N/S),68,52,30,♠,finished,2026-05-18T16:34:17.051972+00:00
3754,INPROC_F02AC0,1,10,team1,Team 1 (N/S),62,58,25,♥,finished,2026-05-18T16:34:17.067279+00:00
3755,INPROC_62B79C,1,10,team1,Team 1 (N/S),104,16,0,♣,finished,2026-05-18T16:34:17.083330+00:00
3756,INPROC_69E91D,1,10,team1,Team 1 (N/S),115,5,33,♠,finished,2026-05-18T16:34:17.098286+00:00
3757,INPROC_9FCB44,1,10,team1,Team 1 (N/S),71,49,35,♠,finished,2026-05-18T16:34:17.113778+00:00
3758,INPROC_CE0FA2,1,10,team1,Team 1 (N/S),67,53,24,♥,finished,2026-05-18T16:34:17.130098+00:00
3759,INPROC_3BCE87,1,10,team1,Team 1 (N/S),70,50,6,♣,finished,2026-05-18T16:34:17.147267+00:00
3760,INPROC_065145,1,10,team1,Team 1 (N/S),101,19,7,♣,finished,2026-05-18T16:34:17.165303+00:00
3761,INPROC_D074D1,1,10,team1,Team 1 (N/S),84,36,6,♣,finished,2026-05-18T16:34:17.182432+00:00
3762,INPROC_1DFA42,1,10,team1,Team 1 (N/S),84,36,36,♠,finished,2026-05-18T16:34:17.198061+00:00
3763,INPROC_F22A77,1,10,team1,Team 1 (N/S),67,53,10,♦,finished,2026-05-18T16:34:17.214015+00:00
3764,INPROC_7B9581,1,10,team1,Team 1 (N/S),74,46,5,♣,finished,2026-05-18T16:34:17.222452+00:00
3765,INPROC_2BFADA,1,10,team1,Team 1 (N/S),69,51,38,♠,finished,2026-05-18T16:34:17.232048+00:00
3766,INPROC_233A6D,1,10,team2,Team 2 (E/W),38,82,12,♦,finished,2026-05-18T16:34:17.242375+00:00
3767,INPROC_E129F3,1,10,team1,Team 1 (N/S),72,48,23,♥,finished,2026-05-18T16:34:17.259837+00:00
3768,INPROC_6B368A,1,10,team1,Team 1 (N/S),96,24,15,♦,finished,2026-05-18T16:34:17.277580+00:00
3769,INPROC_85919A,1,10,team2,Team 2 (E/W),53,67,14,♦,finished,2026-05-18T16:34:17.294596+00:00
3770,INPROC_0C26D5,1,10,team1,Team 1 (N/S),67,53,8,♣,finished,2026-05-18T16:34:17.312758+00:00
3771,INPROC_F252C8,1,10,team1,Team 1 (N/S),67,53,12,♦,finished,2026-05-18T16:34:17.330319+00:00
3772,INPROC_09C1E2,1,10,team1,Team 1 (N/S),71,49,3,♣,finished,2026-05-18T16:34:17.349766+00:00
3773,INPROC_5B3920,1,10,team2,Team 2 (E/W),45,75,26,♥,finished,2026-05-18T16:34:17.363826+00:00
3774,INPROC_AEF6F1,1,10,team2,Team 2 (E/W),32,88,18,♦,finished,2026-05-18T16:34:17.378682+00:00
3775,INPROC_FEA948,1,10,team1,Team 1 (N/S),106,14,9,♣,finished,2026-05-18T16:34:17.395648+00:00
3776,INPROC_E761DB,1,10,team1,Team 1 (N/S),93,27,8,♣,finished,2026-05-18T16:34:17.411274+00:00
3777,INPROC_6C9738,1,10,team1,Team 1 (N/S),73,47,29,♥,finished,2026-05-18T16:34:17.426302+00:00
3778,INPROC_38B54D,1,10,team2,Team 2 (E/W),45,75,13,♦,finished,2026-05-18T16:34:17.438864+00:00
3779,INPROC_0622D9,1,10,team1,Team 1 (N/S),85,35,34,♠,finished,2026-05-18T16:34:17.452974+00:00
3780,INPROC_905AFC,1,10,team1,Team 1 (N/S),82,38,32,♠,finished,2026-05-18T16:34:17.468710+00:00
3781,INPROC_BD4C3A,1,10,team2,Team 2 (E/W),47,73,23,♥,finished,2026-05-18T16:34:17.485700+00:00
3782,INPROC_3FF97A,1,10,team2,Team 2 (E/W),26,94,1,♣,finished,2026-05-18T16:34:17.503040+00:00
3783,INPROC_35557F,1,10,team2,Team 2 (E/W),58,62,32,♠,finished,2026-05-18T16:34:17.522057+00:00
3784,INPROC_F883BB,1,10,draw,draw,60,60,38,♠,finished,2026-05-18T16:34:17.535800+00:00
3785,INPROC_B06B5C,1,10,team1,Team 1 (N/S),69,51,20,♥,finished,2026-05-18T16:34:17.552707+00:00
3786,INPROC_699BAD,1,10,team1,Team 1 (N/S),87,33,24,♥,finished,2026-05-18T16:34:17.568689+00:00
3787,INPROC_822EC7,1,10,team2,Team 2 (E/W),57,63,36,♠,finished,2026-05-18T16:34:17.584863+00:00
3788,INPROC_76E4FD,1,10,team2,Team 2 (E/W),56,64,0,♣,finished,2026-05-18T16:34:17.600347+00:00
3789,INPROC_8FE124,1,10,team1,Team 1 (N/S),80,40,34,♠,finished,2026-05-18T16:34:17.620270+00:00
3790,INPROC_CD472F,1,10,team1,Team 1 (N/S),72,48,11,♦,finished,2026-05-18T16:34:17.641221+00:00
3791,INPROC_45916D,1,10,team2,Team 2 (E/W),34,86,22,♥,finished,2026-05-18T16:34:17.659038+00:00
3792,INPROC_9F8C5B,1,10,team1,Team 1 (N/S),96,24,15,♦,finished,2026-05-18T16:34:17.676180+00:00
3793,INPROC_E678C6,1,10,team2,Team 2 (E/W),59,61,30,♠,finished,2026-05-18T16:34:17.691503+00:00
3794,INPROC_831B7D,1,10,team1,Team 1 (N/S),95,25,7,♣,finished,2026-05-18T16:34:17.707380+00:00
3795,INPROC_C03A9A,1,10,team2,Team 2 (E/W),59,61,14,♦,finished,2026-05-18T16:34:17.723376+00:00
3796,INPROC_4790AD,1,10,team1,Team 1 (N/S),86,34,38,♠,finished,2026-05-18T16:34:17.735329+00:00
3797,INPROC_1A301C,1,10,team1,Team 1 (N/S),108,12,21,♥,finished,2026-05-18T16:34:17.745763+00:00
3798,INPROC_7E36B8,1,10,team1,Team 1 (N/S),79,41,32,♠,finished,2026-05-18T16:34:17.759862+00:00
3799,INPROC_FCE1F6,1,10,team2,Team 2 (E/W),30,90,17,♦,finished,2026-05-18T16:34:17.771808+00:00
3800,INPROC_9256D2,1,10,team1,Team 1 (N/S),75,45,9,♣,finished,2026-05-18T16:34:17.785190+00:00
3801,INPROC_5B94A3,1,10,team1,Team 1 (N/S),90,30,0,♣,finished,2026-05-18T16:34:17.804145+00:00
3802,INPROC_60E7C8,1,10,team1,Team 1 (N/S),72,48,29,♥,finished,2026-05-18T16:34:17.825212+00:00
3803,INPROC_726985,1,10,team2,Team 2 (E/W),58,62,8,♣,finished,2026-05-18T16:34:17.840162+00:00
3804,INPROC_A43020,1,10,team2,Team 2 (E/W),53,67,33,♠,finished,2026-05-18T16:34:17.849409+00:00
3805,INPROC_6BA241,1,10,team1,Team 1 (N/S),77,43,10,♦,finished,2026-05-18T16:34:17.862106+00:00
3806,INPROC_990CE9,1,10,team1,Team 1 (N/S),82,38,38,♠,finished,2026-05-18T16:34:17.876646+00:00
3807,INPROC_E4A91C,1,10,team2,Team 2 (E/W),40,80,3,♣,finished,2026-05-18T16:34:17.893510+00:00
3808,INPROC_AB08E3,1,10,team1,Team 1 (N/S),84,36,23,♥,finished,2026-05-18T16:34:17.907589+00:00
3809,INPROC_AD9390,1,10,team1,Team 1 (N/S),95,25,24,♥,finished,2026-05-18T16:34:17.920562+00:00
3810,INPROC_BCE05C,1,10,team1,Team 1 (N/S),101,19,31,♠,finished,2026-05-18T16:34:17.936986+00:00
3811,INPROC_5C5C6A,1,10,team1,Team 1 (N/S),67,53,38,♠,finished,2026-05-18T16:34:17.948107+00:00
3812,INPROC_92F878,1,10,team2,Team 2 (E/W),45,75,20,♥,finished,2026-05-18T16:34:17.958971+00:00
3813,INPROC_61D03E,1,10,team1,Team 1 (N/S),61,59,0,♣,finished,2026-05-18T16:34:17.973193+00:00
3814,INPROC_500044,1,10,team1,Team 1 (N/S),77,43,36,♠,finished,2026-05-18T16:34:17.988173+00:00
3815,INPROC_EB53C9,1,10,team1,Team 1 (N/S),65,55,28,♥,finished,2026-05-18T16:34:18.006255+00:00
3816,INPROC_2BE0C6,1,10,team1,Team 1 (N/S),79,41,23,♥,finished,2026-05-18T16:34:18.018904+00:00
3817,INPROC_796C74,1,10,team2,Team 2 (E/W),43,77,29,♥,finished,2026-05-18T16:34:18.027437+00:00
3818,INPROC_FA32DE,1,10,team1,Team 1 (N/S),107,13,1,♣,finished,2026-05-18T16:34:18.037672+00:00
3819,INPROC_136A71,1,10,team1,Team 1 (N/S),84,36,9,♣,finished,2026-05-18T16:34:18.052029+00:00
3820,INPROC_570D66,1,10,team2,Team 2 (E/W),57,63,1,♣,finished,2026-05-18T16:34:18.066573+00:00
3821,INPROC_AAB603,1,10,team1,Team 1 (N/S),106,14,30,♠,finished,2026-05-18T16:34:18.085601+00:00
3822,INPROC_FB2101,1,10,team1,Team 1 (N/S),90,30,3,♣,finished,2026-05-18T16:34:18.104179+00:00
3823,INPROC_37C18F,1,10,team1,Team 1 (N/S),62,58,8,♣,finished,2026-05-18T16:34:18.124073+00:00
3824,INPROC_C1CAE1,1,10,team1,Team 1 (N/S),64,56,15,♦,finished,2026-05-18T16:34:18.146408+00:00
3825,INPROC_B02F1A,1,10,team2,Team 2 (E/W),31,89,28,♥,finished,2026-05-18T16:34:18.167737+00:00
3826,INPROC_C3124F,1,10,team1,Team 1 (N/S),90,30,38,♠,finished,2026-05-18T16:34:18.186279+00:00
3827,INPROC_38FE6E,1,10,team2,Team 2 (E/W),35,85,36,♠,finished,2026-05-18T16:34:18.207967+00:00
3828,INPROC_CB1C35,1,10,team2,Team 2 (E/W),58,62,30,♠,finished,2026-05-18T16:34:18.227073+00:00
3829,INPROC_F93B70,1,10,team1,Team 1 (N/S),62,58,6,♣,finished,2026-05-18T16:34:18.247091+00:00
3830,INPROC_67EC19,1,10,team1,Team 1 (N/S),76,44,3,♣,finished,2026-05-18T16:34:18.260480+00:00
3831,INPROC_30E31F,1,10,team2,Team 2 (E/W),49,71,9,♣,finished,2026-05-18T16:34:18.279527+00:00
3832,INPROC_0964A1,1,10,team1,Team 1 (N/S),69,51,8,♣,finished,2026-05-18T16:34:18.297329+00:00
3833,INPROC_E70EC1,1,10,team1,Team 1 (N/S),64,56,22,♥,finished,2026-05-18T16:34:18.313489+00:00
3834,INPROC_F1B3CC,1,10,team1,Team 1 (N/S),94,26,25,♥,finished,2026-05-18T16:34:18.327887+00:00
3835,INPROC_0D6D10,1,10,team2,Team 2 (E/W),36,84,1,♣,finished,2026-05-18T16:34:18.342150+00:00
3836,INPROC_3CA69F,1,10,team1,Team 1 (N/S),96,24,20,♥,finished,2026-05-18T16:34:18.355555+00:00
3837,INPROC_26A54F,1,10,team1,Team 1 (N/S),81,39,10,♦,finished,2026-05-18T16:34:18.368906+00:00
3838,INPROC_00BB4E,1,10,team1,Team 1 (N/S),106,14,13,♦,finished,2026-05-18T16:34:18.384617+00:00
3839,INPROC_AFEB48,1,10,team1,Team 1 (N/S),70,50,13,♦,finished,2026-05-18T16:34:18.399802+00:00
3840,INPROC_A50657,1,10,team2,Team 2 (E/W),52,68,8,♣,finished,2026-05-18T16:34:18.414441+00:00
3841,INPROC_B4C9F0,1,10,team1,Team 1 (N/S),64,56,23,♥,finished,2026-05-18T16:34:18.428857+00:00
3842,INPROC_EF717E,1,10,team1,Team 1 (N/S),64,56,26,♥,finished,2026-05-18T16:34:18.443023+00:00
3843,INPROC_94BB64,1,10,team1,Team 1 (N/S),87,33,15,♦,finished,2026-05-18T16:34:18.457371+00:00
3844,INPROC_E78882,1,10,team1,Team 1 (N/S),81,39,11,♦,finished,2026-05-18T16:34:18.470859+00:00
3845,INPROC_7174D1,1,10,team2,Team 2 (E/W),44,76,35,♠,finished,2026-05-18T16:34:18.485998+00:00
3846,INPROC_BFC507,1,10,team1,Team 1 (N/S),101,19,16,♦,finished,2026-05-18T16:34:18.500861+00:00
3847,INPROC_D2DF94,1,10,team2,Team 2 (E/W),49,71,19,♦,finished,2026-05-18T16:34:18.514269+00:00
3848,INPROC_882F4D,1,10,team2,Team 2 (E/W),36,84,7,♣,finished,2026-05-18T16:34:18.532347+00:00
3849,INPROC_42F4DB,1,10,team1,Team 1 (N/S),75,45,35,♠,finished,2026-05-18T16:34:18.547038+00:00
3850,INPROC_2D6278,1,10,team1,Team 1 (N/S),113,7,31,♠,finished,2026-05-18T16:34:18.562011+00:00
3851,INPROC_0B66FC,1,10,team1,Team 1 (N/S),120,0,33,♠,finished,2026-05-18T16:34:18.580043+00:00
3852,INPROC_99C5E2,1,10,team1,Team 1 (N/S),87,33,39,♠,finished,2026-05-18T16:34:18.602152+00:00
3853,INPROC_B21F06,1,10,team2,Team 2 (E/W),59,61,21,♥,finished,2026-05-18T16:34:18.624713+00:00
3854,INPROC_CBCBC2,1,10,team1,Team 1 (N/S),91,29,30,♠,finished,2026-05-18T16:34:18.645230+00:00
3855,INPROC_6F028A,1,10,team1,Team 1 (N/S),74,46,37,♠,finished,2026-05-18T16:34:18.668982+00:00
3856,INPROC_5FE1D5,1,10,team2,Team 2 (E/W),53,67,3,♣,finished,2026-05-18T16:34:18.689111+00:00
3857,INPROC_C5279B,1,10,team1,Team 1 (N/S),100,20,23,♥,finished,2026-05-18T16:34:18.704782+00:00
3858,INPROC_7596BF,1,10,team1,Team 1 (N/S),77,43,30,♠,finished,2026-05-18T16:34:18.721375+00:00
3859,INPROC_0D6B1C,1,10,team1,Team 1 (N/S),118,2,31,♠,finished,2026-05-18T16:34:18.737736+00:00
3860,INPROC_EB6DE3,1,10,team1,Team 1 (N/S),81,39,37,♠,finished,2026-05-18T16:34:18.756766+00:00
3861,INPROC_03005F,1,10,team1,Team 1 (N/S),68,52,27,♥,finished,2026-05-18T16:34:18.774794+00:00
3862,INPROC_2D2842,1,10,team1,Team 1 (N/S),68,52,34,♠,finished,2026-05-18T16:34:18.792429+00:00
3863,INPROC_FD1B47,1,10,team1,Team 1 (N/S),82,38,4,♣,finished,2026-05-18T16:34:18.809635+00:00
3864,INPROC_14A3E6,1,10,team1,Team 1 (N/S),85,35,2,♣,finished,2026-05-18T16:34:18.827486+00:00
3865,INPROC_5AB58C,1,10,team1,Team 1 (N/S),74,46,13,♦,finished,2026-05-18T16:34:18.840239+00:00
3866,INPROC_7CC9CD,1,10,team1,Team 1 (N/S),76,44,20,♥,finished,2026-05-18T16:34:18.859663+00:00
3867,INPROC_51FA14,1,10,team1,Team 1 (N/S),84,36,19,♦,finished,2026-05-18T16:34:18.878211+00:00
3868,INPROC_91DC6D,1,10,team1,Team 1 (N/S),68,52,9,♣,finished,2026-05-18T16:34:18.892456+00:00
3869,INPROC_36BCD0,1,10,team1,Team 1 (N/S),64,56,3,♣,finished,2026-05-18T16:34:18.911073+00:00
3870,INPROC_A52241,1,10,team1,Team 1 (N/S),98,22,6,♣,finished,2026-05-18T16:34:18.930607+00:00
3871,INPROC_B6DE42,1,10,team1,Team 1 (N/S),100,20,20,♥,finished,2026-05-18T16:34:18.948250+00:00
3872,INPROC_033762,1,10,team1,Team 1 (N/S),61,59,2,♣,finished,2026-05-18T16:34:18.968836+00:00
3873,INPROC_E50BD6,1,10,team1,Team 1 (N/S),118,2,27,♥,finished,2026-05-18T16:34:18.986292+00:00
3874,INPROC_DADB17,1,10,team1,Team 1 (N/S),101,19,36,♠,finished,2026-05-18T16:34:19.003879+00:00
3875,INPROC_F1DCFF,1,10,team1,Team 1 (N/S),75,45,11,♦,finished,2026-05-18T16:34:20.099077+00:00
3876,INPROC_912BFF,1,10,team1,Team 1 (N/S),90,30,20,♥,finished,2026-05-18T16:34:20.112875+00:00
3877,INPROC_368F55,1,10,team1,Team 1 (N/S),69,51,23,♥,finished,2026-05-18T16:34:20.127599+00:00
3878,INPROC_84EBC6,1,10,draw,draw,60,60,0,♣,finished,2026-05-18T16:34:20.144436+00:00
3879,INPROC_BF595C,1,10,team1,Team 1 (N/S),101,19,23,♥,finished,2026-05-18T16:34:20.159656+00:00
3880,INPROC_1A6349,1,10,team2,Team 2 (E/W),30,90,16,♦,finished,2026-05-18T16:34:20.178841+00:00
3881,INPROC_BB887E,1,10,team1,Team 1 (N/S),82,38,23,♥,finished,2026-05-18T16:34:20.192447+00:00
3882,INPROC_16B1C7,1,10,team1,Team 1 (N/S),107,13,27,♥,finished,2026-05-18T16:34:20.207155+00:00
3883,INPROC_4C0969,1,10,team1,Team 1 (N/S),66,54,30,♠,finished,2026-05-18T16:34:20.222634+00:00
3884,INPROC_0C1224,1,10,team1,Team 1 (N/S),93,27,20,♥,finished,2026-05-18T16:34:20.238314+00:00
3885,INPROC_2C9108,1,10,team1,Team 1 (N/S),88,32,15,♦,finished,2026-05-18T16:34:20.253877+00:00
3886,INPROC_49EF46,1,10,team2,Team 2 (E/W),45,75,20,♥,finished,2026-05-18T16:34:20.266659+00:00
3887,INPROC_9BB068,1,10,team1,Team 1 (N/S),74,46,10,♦,finished,2026-05-18T16:34:20.282844+00:00
3888,INPROC_F18CDD,1,10,team2,Team 2 (E/W),5,115,10,♦,finished,2026-05-18T16:34:20.298211+00:00
3889,INPROC_2F4CC5,1,10,team2,Team 2 (E/W),38,82,15,♦,finished,2026-05-18T16:34:20.314134+00:00
3890,INPROC_CD0534,1,10,team2,Team 2 (E/W),10,110,8,♣,finished,2026-05-18T16:34:20.328806+00:00
3891,INPROC_24C220,1,10,team2,Team 2 (E/W),58,62,9,♣,finished,2026-05-18T16:34:20.342732+00:00
3892,INPROC_D62946,1,10,team2,Team 2 (E/W),53,67,9,♣,finished,2026-05-18T16:34:20.359987+00:00
3893,INPROC_C8578F,1,10,team2,Team 2 (E/W),23,97,7,♣,finished,2026-05-18T16:34:20.380471+00:00
3894,INPROC_298F57,1,10,team2,Team 2 (E/W),25,95,0,♣,finished,2026-05-18T16:34:20.401458+00:00
3895,INPROC_5549C9,1,10,team2,Team 2 (E/W),53,67,33,♠,finished,2026-05-18T16:34:20.415920+00:00
3896,INPROC_6D3468,1,10,team1,Team 1 (N/S),62,58,14,♦,finished,2026-05-18T16:34:20.425063+00:00
3897,INPROC_612A41,1,10,team1,Team 1 (N/S),62,58,36,♠,finished,2026-05-18T16:34:20.433851+00:00
3898,INPROC_8B8EAB,1,10,team1,Team 1 (N/S),93,27,37,♠,finished,2026-05-18T16:34:20.447526+00:00
3899,INPROC_A78CCE,1,10,team1,Team 1 (N/S),62,58,20,♥,finished,2026-05-18T16:34:20.465428+00:00
3900,INPROC_A435E6,1,10,team1,Team 1 (N/S),108,12,30,♠,finished,2026-05-18T16:34:20.481176+00:00
3901,INPROC_3C8463,1,10,team1,Team 1 (N/S),64,56,25,♥,finished,2026-05-18T16:34:20.495566+00:00
3902,INPROC_012F45,1,10,team1,Team 1 (N/S),93,27,21,♥,finished,2026-05-18T16:34:20.512777+00:00
3903,INPROC_231B92,1,10,team1,Team 1 (N/S),82,38,25,♥,finished,2026-05-18T16:34:20.528605+00:00
3904,INPROC_DD7909,1,10,team2,Team 2 (E/W),44,76,22,♥,finished,2026-05-18T16:34:20.547484+00:00
3905,INPROC_C65B71,1,10,team2,Team 2 (E/W),44,76,31,♠,finished,2026-05-18T16:34:20.567045+00:00
3906,INPROC_00BCAB,1,10,team1,Team 1 (N/S),76,44,24,♥,finished,2026-05-18T16:34:20.586663+00:00
3907,INPROC_163EF2,1,10,team1,Team 1 (N/S),105,15,21,♥,finished,2026-05-18T16:34:20.602338+00:00
3908,INPROC_B1F6F2,1,10,team2,Team 2 (E/W),57,63,2,♣,finished,2026-05-18T16:34:20.617458+00:00
3909,INPROC_A86C29,1,10,team2,Team 2 (E/W),43,77,5,♣,finished,2026-05-18T16:34:20.631970+00:00
3910,INPROC_5D2D27,1,10,team1,Team 1 (N/S),65,55,11,♦,finished,2026-05-18T16:34:20.648284+00:00
3911,INPROC_4646B5,1,10,team2,Team 2 (E/W),57,63,30,♠,finished,2026-05-18T16:34:20.670887+00:00
3912,INPROC_37E51F,1,10,team1,Team 1 (N/S),69,51,31,♠,finished,2026-05-18T16:34:20.695253+00:00
3913,INPROC_5FABDB,1,10,team1,Team 1 (N/S),65,55,30,♠,finished,2026-05-18T16:34:20.715945+00:00
3914,INPROC_68FA8E,1,10,team2,Team 2 (E/W),51,69,30,♠,finished,2026-05-18T16:34:20.734927+00:00
3915,INPROC_E54A82,1,10,team2,Team 2 (E/W),55,65,2,♣,finished,2026-05-18T16:34:20.743579+00:00
3916,INPROC_86BE18,1,10,team2,Team 2 (E/W),58,62,28,♥,finished,2026-05-18T16:34:20.754826+00:00
3917,INPROC_B4255C,1,10,draw,draw,60,60,11,♦,finished,2026-05-18T16:34:20.770902+00:00
3918,INPROC_E7D216,1,10,team1,Team 1 (N/S),114,6,16,♦,finished,2026-05-18T16:34:20.788805+00:00
3919,INPROC_67A722,1,10,team1,Team 1 (N/S),78,42,15,♦,finished,2026-05-18T16:34:20.807004+00:00
3920,INPROC_44C820,1,10,team2,Team 2 (E/W),52,68,18,♦,finished,2026-05-18T16:34:20.827058+00:00
3921,INPROC_4B5297,1,10,team1,Team 1 (N/S),88,32,3,♣,finished,2026-05-18T16:34:20.847729+00:00
3922,INPROC_BCCE61,1,10,team1,Team 1 (N/S),63,57,39,♠,finished,2026-05-18T16:34:20.866170+00:00
3923,INPROC_F9EF8E,1,10,team1,Team 1 (N/S),89,31,5,♣,finished,2026-05-18T16:34:20.883965+00:00
3924,INPROC_9F6F89,1,10,team2,Team 2 (E/W),33,87,2,♣,finished,2026-05-18T16:34:20.899995+00:00
3925,INPROC_E1ED05,1,10,team1,Team 1 (N/S),70,50,6,♣,finished,2026-05-18T16:34:20.915163+00:00
3926,INPROC_920BB0,1,10,team1,Team 1 (N/S),89,31,27,♥,finished,2026-05-18T16:34:20.928995+00:00
3927,INPROC_67FEF6,1,10,team1,Team 1 (N/S),62,58,29,♥,finished,2026-05-18T16:34:20.939521+00:00
3928,INPROC_882BC2,1,10,team1,Team 1 (N/S),84,36,14,♦,finished,2026-05-18T16:34:20.953534+00:00
3929,INPROC_BFA1AB,1,10,team2,Team 2 (E/W),46,74,22,♥,finished,2026-05-18T16:34:20.968442+00:00
3930,INPROC_EEF429,1,10,team1,Team 1 (N/S),83,37,28,♥,finished,2026-05-18T16:34:20.981605+00:00
3931,INPROC_04F5F6,1,10,team2,Team 2 (E/W),51,69,29,♥,finished,2026-05-18T16:34:20.993147+00:00
3932,INPROC_115826,1,10,team1,Team 1 (N/S),64,56,37,♠,finished,2026-05-18T16:34:21.008075+00:00
3933,INPROC_F4B90D,1,10,team1,Team 1 (N/S),85,35,21,♥,finished,2026-05-18T16:34:21.023241+00:00
3934,INPROC_592F6A,1,10,team2,Team 2 (E/W),32,88,17,♦,finished,2026-05-18T16:34:21.039989+00:00
3935,INPROC_40CD9F,1,10,team2,Team 2 (E/W),54,66,23,♥,finished,2026-05-18T16:34:21.056432+00:00
3936,INPROC_37710D,1,10,team1,Team 1 (N/S),69,51,2,♣,finished,2026-05-18T16:34:21.076727+00:00
3937,INPROC_909647,1,10,team2,Team 2 (E/W),49,71,19,♦,finished,2026-05-18T16:34:21.090803+00:00
3938,INPROC_F39DBC,1,10,team1,Team 1 (N/S),78,42,22,♥,finished,2026-05-18T16:34:21.102574+00:00
3939,INPROC_F524BF,1,10,draw,draw,60,60,31,♠,finished,2026-05-18T16:34:21.120536+00:00
3940,INPROC_8FB90E,1,10,team1,Team 1 (N/S),97,23,12,♦,finished,2026-05-18T16:34:21.137314+00:00
3941,INPROC_BFD4E6,1,10,team1,Team 1 (N/S),95,25,30,♠,finished,2026-05-18T16:34:21.153352+00:00
3942,INPROC_EE80F0,1,10,team2,Team 2 (E/W),57,63,28,♥,finished,2026-05-18T16:34:21.170167+00:00
3943,INPROC_17125A,1,10,team1,Team 1 (N/S),93,27,38,♠,finished,2026-05-18T16:34:21.187386+00:00
3944,INPROC_9D4B35,1,10,team2,Team 2 (E/W),56,64,17,♦,finished,2026-05-18T16:34:21.205510+00:00
3945,INPROC_E3D9C7,1,10,team1,Team 1 (N/S),61,59,32,♠,finished,2026-05-18T16:34:21.224282+00:00
3946,INPROC_5D9E5C,1,10,team1,Team 1 (N/S),74,46,2,♣,finished,2026-05-18T16:34:21.241362+00:00
3947,INPROC_0713B2,1,10,team2,Team 2 (E/W),15,105,3,♣,finished,2026-05-18T16:34:21.259057+00:00
3948,INPROC_8503C3,1,10,team1,Team 1 (N/S),78,42,27,♥,finished,2026-05-18T16:34:21.276161+00:00
3949,INPROC_667FE5,1,10,team2,Team 2 (E/W),39,81,20,♥,finished,2026-05-18T16:34:21.294915+00:00
3950,INPROC_F87D61,1,10,team1,Team 1 (N/S),67,53,23,♥,finished,2026-05-18T16:34:21.311017+00:00
3951,INPROC_04D545,1,10,team2,Team 2 (E/W),24,96,0,♣,finished,2026-05-18T16:34:21.326809+00:00
3952,INPROC_BBE2F2,1,10,team1,Team 1 (N/S),69,51,1,♣,finished,2026-05-18T16:34:21.344816+00:00
3953,INPROC_C2B431,1,10,team1,Team 1 (N/S),63,57,31,♠,finished,2026-05-18T16:34:21.360298+00:00
3954,INPROC_948C30,1,10,team1,Team 1 (N/S),98,22,5,♣,finished,2026-05-18T16:34:21.376583+00:00
3955,INPROC_8BE3F1,1,10,team1,Team 1 (N/S),82,38,26,♥,finished,2026-05-18T16:34:21.394198+00:00
3956,INPROC_5DEAD5,1,10,team2,Team 2 (E/W),37,83,13,♦,finished,2026-05-18T16:34:21.410963+00:00
3957,INPROC_360C13,1,10,team2,Team 2 (E/W),45,75,14,♦,finished,2026-05-18T16:34:21.428475+00:00
3958,INPROC_97631E,1,10,team1,Team 1 (N/S),73,47,33,♠,finished,2026-05-18T16:34:21.443390+00:00
3959,INPROC_F40B06,1,10,team2,Team 2 (E/W),21,99,3,♣,finished,2026-05-18T16:34:21.458128+00:00
3960,INPROC_6FB37C,1,10,team2,Team 2 (E/W),51,69,7,♣,finished,2026-05-18T16:34:21.472926+00:00
3961,INPROC_162223,1,10,team1,Team 1 (N/S),79,41,1,♣,finished,2026-05-18T16:34:21.490601+00:00
3962,INPROC_AA8451,1,10,team1,Team 1 (N/S),64,56,8,♣,finished,2026-05-18T16:34:21.507198+00:00
3963,INPROC_CB2615,1,10,team2,Team 2 (E/W),39,81,0,♣,finished,2026-05-18T16:34:21.523089+00:00
3964,INPROC_34B067,1,10,team1,Team 1 (N/S),71,49,22,♥,finished,2026-05-18T16:34:21.538977+00:00
3965,INPROC_32FAF7,1,10,team1,Team 1 (N/S),103,17,13,♦,finished,2026-05-18T16:34:21.547945+00:00
3966,INPROC_8F9394,1,10,team1,Team 1 (N/S),93,27,34,♠,finished,2026-05-18T16:34:21.559836+00:00
3967,INPROC_00A201,1,10,team1,Team 1 (N/S),99,21,7,♣,finished,2026-05-18T16:34:21.573032+00:00
3968,INPROC_0A579C,1,10,team1,Team 1 (N/S),80,40,8,♣,finished,2026-05-18T16:34:21.586746+00:00
3969,INPROC_360FD2,1,10,team1,Team 1 (N/S),64,56,35,♠,finished,2026-05-18T16:34:21.596849+00:00
3970,INPROC_BDBBF8,1,10,team1,Team 1 (N/S),81,39,19,♦,finished,2026-05-18T16:34:21.608618+00:00
3971,INPROC_341E73,1,10,team1,Team 1 (N/S),104,16,16,♦,finished,2026-05-18T16:34:21.619539+00:00
3972,INPROC_C7E642,1,10,team1,Team 1 (N/S),65,55,36,♠,finished,2026-05-18T16:34:21.628177+00:00
3973,INPROC_71A587,1,10,team2,Team 2 (E/W),44,76,7,♣,finished,2026-05-18T16:34:21.638928+00:00
3974,INPROC_9AFA6E,1,10,team1,Team 1 (N/S),90,30,11,♦,finished,2026-05-18T16:34:21.649221+00:00
3975,INPROC_07C6CC,1,10,team1,Team 1 (N/S),71,49,14,♦,finished,2026-05-18T16:34:21.660788+00:00
3976,INPROC_7D1BA5,1,10,team2,Team 2 (E/W),45,75,12,♦,finished,2026-05-18T16:34:21.672577+00:00
3977,INPROC_F28BF2,1,10,team1,Team 1 (N/S),68,52,24,♥,finished,2026-05-18T16:34:21.685614+00:00
3978,INPROC_AB0EDC,1,10,team2,Team 2 (E/W),48,72,32,♠,finished,2026-05-18T16:34:21.701464+00:00
3979,INPROC_72148F,1,10,team1,Team 1 (N/S),64,56,7,♣,finished,2026-05-18T16:34:21.718571+00:00
3980,INPROC_DC1FB2,1,10,team1,Team 1 (N/S),86,34,30,♠,finished,2026-05-18T16:34:21.733538+00:00
3981,INPROC_DD81B2,1,10,team2,Team 2 (E/W),42,78,16,♦,finished,2026-05-18T16:34:21.753130+00:00
3982,INPROC_79AC7A,1,10,team2,Team 2 (E/W),38,82,13,♦,finished,2026-05-18T16:34:21.764442+00:00
3983,INPROC_0B5C82,1,10,team1,Team 1 (N/S),89,31,7,♣,finished,2026-05-18T16:34:21.780379+00:00
3984,INPROC_B7B9FC,1,10,team2,Team 2 (E/W),49,71,6,♣,finished,2026-05-18T16:34:21.795774+00:00
3985,INPROC_B65355,1,10,team1,Team 1 (N/S),79,41,11,♦,finished,2026-05-18T16:34:21.813781+00:00
3986,INPROC_E9E170,1,10,team1,Team 1 (N/S),86,34,6,♣,finished,2026-05-18T16:34:21.830197+00:00
3987,INPROC_076357,1,10,team1,Team 1 (N/S),78,42,16,♦,finished,2026-05-18T16:34:21.847657+00:00
3988,INPROC_B5CCC5,1,10,team2,Team 2 (E/W),45,75,15,♦,finished,2026-05-18T16:34:21.861279+00:00
3989,INPROC_56CBA2,1,10,team2,Team 2 (E/W),42,78,28,♥,finished,2026-05-18T16:34:21.877384+00:00
3990,INPROC_6FCC69,1,10,team1,Team 1 (N/S),62,58,0,♣,finished,2026-05-18T16:34:21.892329+00:00
3991,INPROC_8621A1,1,10,team1,Team 1 (N/S),68,52,15,♦,finished,2026-05-18T16:34:21.907630+00:00
3992,INPROC_17C821,1,10,team1,Team 1 (N/S),94,26,20,♥,finished,2026-05-18T16:34:21.925371+00:00
3993,INPROC_E9147C,1,10,team2,Team 2 (E/W),46,74,10,♦,finished,2026-05-18T16:34:21.941889+00:00
3994,INPROC_64CB39,1,10,team1,Team 1 (N/S),118,2,32,♠,finished,2026-05-18T16:34:21.955958+00:00
3995,INPROC_41CFDA,1,10,team1,Team 1 (N/S),90,30,22,♥,finished,2026-05-18T16:34:21.970624+00:00
3996,INPROC_B97B0E,1,10,team1,Team 1 (N/S),78,42,35,♠,finished,2026-05-18T16:34:21.986196+00:00
3997,INPROC_7A0AB9,1,10,team1,Team 1 (N/S),91,29,35,♠,finished,2026-05-18T16:34:22.003074+00:00
3998,INPROC_D605EB,1,10,team1,Team 1 (N/S),100,20,20,♥,finished,2026-05-18T16:34:22.019718+00:00
3999,INPROC_95253C,1,10,team1,Team 1 (N/S),63,57,29,♥,finished,2026-05-18T16:34:22.036253+00:00
4000,INPROC_46267D,1,10,team2,Team 2 (E/W),47,73,13,♦,finished,2026-05-18T16:34:22.053143+00:00
4001,INPROC_BEB298,1,10,team2,Team 2 (E/W),55,65,38,♠,finished,2026-05-18T16:34:22.068904+00:00
4002,INPROC_403DA4,1,10,team1,Team 1 (N/S),93,27,37,♠,finished,2026-05-18T16:34:22.085083+00:00
4003,INPROC_2D5F33,1,10,team1,Team 1 (N/S),69,51,37,♠,finished,2026-05-18T16:34:22.101027+00:00
4004,INPROC_9AB387,1,10,team1,Team 1 (N/S),66,54,30,♠,finished,2026-05-18T16:34:22.116952+00:00
4005,INPROC_FA6F5B,1,10,team1,Team 1 (N/S),85,35,29,♥,finished,2026-05-18T16:34:22.132446+00:00
4006,INPROC_CDAF93,1,10,team2,Team 2 (E/W),57,63,19,♦,finished,2026-05-18T16:34:22.146593+00:00
4007,INPROC_EA3FE3,1,10,team1,Team 1 (N/S),92,28,0,♣,finished,2026-05-18T16:34:22.160739+00:00
4008,INPROC_484263,1,10,team1,Team 1 (N/S),84,36,2,♣,finished,2026-05-18T16:34:22.175660+00:00
4009,INPROC_7153F5,1,10,team1,Team 1 (N/S),81,39,30,♠,finished,2026-05-18T16:34:22.189051+00:00
4010,INPROC_9FA066,1,10,team1,Team 1 (N/S),99,21,4,♣,finished,2026-05-18T16:34:22.203449+00:00
4011,INPROC_52BCD1,1,10,team2,Team 2 (E/W),42,78,6,♣,finished,2026-05-18T16:34:22.219339+00:00
4012,INPROC_126C3F,1,10,team1,Team 1 (N/S),74,46,19,♦,finished,2026-05-18T16:34:22.234603+00:00
4013,INPROC_C91A8E,1,10,team1,Team 1 (N/S),82,38,8,♣,finished,2026-05-18T16:34:22.247889+00:00
4014,INPROC_4A82DF,1,10,team1,Team 1 (N/S),87,33,7,♣,finished,2026-05-18T16:34:22.263972+00:00
4015,INPROC_9260B3,1,10,team1,Team 1 (N/S),102,18,15,♦,finished,2026-05-18T16:34:22.280737+00:00
4016,INPROC_9BED16,1,10,team1,Team 1 (N/S),84,36,17,♦,finished,2026-05-18T16:34:22.300652+00:00
4017,INPROC_6066FA,1,10,team1,Team 1 (N/S),99,21,6,♣,finished,2026-05-18T16:34:22.318738+00:00
4018,INPROC_2FB75C,1,10,team2,Team 2 (E/W),41,79,6,♣,finished,2026-05-18T16:34:22.332688+00:00
4019,INPROC_2676C4,1,10,team1,Team 1 (N/S),99,21,38,♠,finished,2026-05-18T16:34:22.345828+00:00
4020,INPROC_E54944,1,10,team1,Team 1 (N/S),61,59,5,♣,finished,2026-05-18T16:34:22.361362+00:00
4021,INPROC_44BDD9,1,10,team1,Team 1 (N/S),109,11,31,♠,finished,2026-05-18T16:34:22.376320+00:00
4022,INPROC_5024B7,1,10,team1,Team 1 (N/S),98,22,14,♦,finished,2026-05-18T16:34:22.392010+00:00
4023,INPROC_0AAC7D,1,10,team1,Team 1 (N/S),80,40,6,♣,finished,2026-05-18T16:34:22.405935+00:00
4024,INPROC_86B6B6,1,10,team1,Team 1 (N/S),81,39,21,♥,finished,2026-05-18T16:34:22.423170+00:00
4025,INPROC_4E6AAD,1,10,team1,Team 1 (N/S),68,52,13,♦,finished,2026-05-18T16:34:22.439720+00:00
4026,INPROC_006F64,1,10,team1,Team 1 (N/S),103,17,22,♥,finished,2026-05-18T16:34:22.449274+00:00
4027,INPROC_D6B1DD,1,10,team1,Team 1 (N/S),98,22,5,♣,finished,2026-05-18T16:34:22.466443+00:00
4028,INPROC_CBB203,1,10,draw,draw,60,60,31,♠,finished,2026-05-18T16:34:22.480608+00:00
4029,INPROC_119A1E,1,10,team2,Team 2 (E/W),41,79,22,♥,finished,2026-05-18T16:34:22.494842+00:00
4030,INPROC_FE10FC,1,10,team2,Team 2 (E/W),52,68,34,♠,finished,2026-05-18T16:34:22.509250+00:00
4031,INPROC_B9C76E,1,10,team1,Team 1 (N/S),71,49,34,♠,finished,2026-05-18T16:34:22.524252+00:00
4032,INPROC_631972,1,10,team1,Team 1 (N/S),81,39,32,♠,finished,2026-05-18T16:34:22.538312+00:00
4033,INPROC_7D810B,1,10,team1,Team 1 (N/S),82,38,28,♥,finished,2026-05-18T16:34:22.550700+00:00
4034,INPROC_D6D612,1,10,team2,Team 2 (E/W),50,70,0,♣,finished,2026-05-18T16:34:22.567211+00:00
4035,INPROC_BE7DAC,1,10,team1,Team 1 (N/S),88,32,22,♥,finished,2026-05-18T16:34:22.585159+00:00
4036,INPROC_05354A,1,10,team1,Team 1 (N/S),78,42,19,♦,finished,2026-05-18T16:34:22.604346+00:00
4037,INPROC_243918,1,10,team1,Team 1 (N/S),75,45,38,♠,finished,2026-05-18T16:34:22.623482+00:00
4038,INPROC_8F8042,1,10,team1,Team 1 (N/S),103,17,13,♦,finished,2026-05-18T16:34:22.639316+00:00
4039,INPROC_5FE000,1,10,team2,Team 2 (E/W),49,71,4,♣,finished,2026-05-18T16:34:22.654800+00:00
4040,INPROC_E23441,1,10,team1,Team 1 (N/S),79,41,2,♣,finished,2026-05-18T16:34:22.670307+00:00
4041,INPROC_06F433,1,10,team2,Team 2 (E/W),46,74,6,♣,finished,2026-05-18T16:34:22.685206+00:00
4042,INPROC_38139A,1,10,team2,Team 2 (E/W),56,64,2,♣,finished,2026-05-18T16:34:22.700442+00:00
4043,INPROC_37FB76,1,10,team2,Team 2 (E/W),39,81,36,♠,finished,2026-05-18T16:34:22.714579+00:00
4044,INPROC_3181B3,1,10,team1,Team 1 (N/S),92,28,24,♥,finished,2026-05-18T16:34:22.730245+00:00
4045,INPROC_529A7B,1,10,team2,Team 2 (E/W),52,68,17,♦,finished,2026-05-18T16:34:22.745257+00:00
4046,INPROC_218694,1,10,team1,Team 1 (N/S),92,28,5,♣,finished,2026-05-18T16:34:22.760953+00:00
4047,INPROC_CBA581,1,10,team1,Team 1 (N/S),90,30,29,♥,finished,2026-05-18T16:34:22.780141+00:00
4048,INPROC_38B6A8,1,10,team1,Team 1 (N/S),99,21,12,♦,finished,2026-05-18T16:34:22.798683+00:00
4049,INPROC_6C01D1,1,10,team2,Team 2 (E/W),33,87,29,♥,finished,2026-05-18T16:34:22.818936+00:00
4050,INPROC_168650,1,10,team1,Team 1 (N/S),81,39,5,♣,finished,2026-05-18T16:34:22.839400+00:00
4051,INPROC_B8187E,1,10,team1,Team 1 (N/S),120,0,23,♥,finished,2026-05-18T16:34:22.856743+00:00
4052,INPROC_4BF7E4,1,10,team1,Team 1 (N/S),94,26,10,♦,finished,2026-05-18T16:34:22.874688+00:00
4053,INPROC_308E38,1,10,team1,Team 1 (N/S),74,46,21,♥,finished,2026-05-18T16:34:22.890622+00:00
4054,INPROC_9EACC4,1,10,team2,Team 2 (E/W),45,75,7,♣,finished,2026-05-18T16:34:22.905351+00:00
4055,INPROC_87070A,1,10,team1,Team 1 (N/S),110,10,2,♣,finished,2026-05-18T16:34:22.920956+00:00
4056,INPROC_7E7715,1,10,team1,Team 1 (N/S),69,51,35,♠,finished,2026-05-18T16:34:22.938530+00:00
4057,INPROC_CD3E25,1,10,team2,Team 2 (E/W),59,61,23,♥,finished,2026-05-18T16:34:22.956025+00:00
4058,INPROC_66FA00,1,10,team1,Team 1 (N/S),89,31,37,♠,finished,2026-05-18T16:34:22.972152+00:00
4059,INPROC_435FDC,1,10,team1,Team 1 (N/S),102,18,3,♣,finished,2026-05-18T16:34:22.988084+00:00
4060,INPROC_846B39,1,10,draw,draw,60,60,29,♥,finished,2026-05-18T16:34:23.003739+00:00
4061,INPROC_4DEAA7,1,10,team1,Team 1 (N/S),120,0,35,♠,finished,2026-05-18T16:34:23.016532+00:00
4062,INPROC_96CE8C,1,10,team2,Team 2 (E/W),49,71,16,♦,finished,2026-05-18T16:34:23.025302+00:00
4063,INPROC_0E3D41,1,10,team2,Team 2 (E/W),34,86,37,♠,finished,2026-05-18T16:34:23.040780+00:00
4064,INPROC_DD9C3B,1,10,team1,Team 1 (N/S),109,11,30,♠,finished,2026-05-18T16:34:23.053413+00:00
4065,INPROC_4D1FAD,1,10,team1,Team 1 (N/S),100,20,33,♠,finished,2026-05-18T16:34:23.064081+00:00
4066,INPROC_84E6AA,1,10,team1,Team 1 (N/S),99,21,20,♥,finished,2026-05-18T16:34:23.077895+00:00
4067,INPROC_678ACE,1,10,team1,Team 1 (N/S),103,17,23,♥,finished,2026-05-18T16:34:23.095324+00:00
4068,INPROC_7EF4B1,1,10,team2,Team 2 (E/W),49,71,29,♥,finished,2026-05-18T16:34:23.110304+00:00
4069,INPROC_BF0AF7,1,10,team2,Team 2 (E/W),36,84,10,♦,finished,2026-05-18T16:34:23.126044+00:00
4070,INPROC_91131F,1,10,team1,Team 1 (N/S),97,23,34,♠,finished,2026-05-18T16:34:23.138975+00:00
4071,INPROC_8F03F8,1,10,team1,Team 1 (N/S),68,52,0,♣,finished,2026-05-18T16:34:23.153044+00:00
4072,INPROC_173238,1,10,team1,Team 1 (N/S),74,46,24,♥,finished,2026-05-18T16:34:23.170703+00:00
4073,INPROC_A66FB2,1,10,team1,Team 1 (N/S),62,58,21,♥,finished,2026-05-18T16:34:23.187775+00:00
4074,INPROC_FC5DA2,1,10,team1,Team 1 (N/S),116,4,35,♠,finished,2026-05-18T16:34:23.205291+00:00
4075,INPROC_A20723,1,10,team2,Team 2 (E/W),50,70,27,♥,finished,2026-05-18T16:34:23.220472+00:00
4076,INPROC_BCA93D,1,10,team1,Team 1 (N/S),64,56,28,♥,finished,2026-05-18T16:34:23.235776+00:00
4077,INPROC_505260,1,10,team1,Team 1 (N/S),64,56,3,♣,finished,2026-05-18T16:34:23.254834+00:00
4078,INPROC_A05891,1,10,team2,Team 2 (E/W),55,65,1,♣,finished,2026-05-18T16:34:23.273204+00:00
4079,INPROC_99585A,1,10,team1,Team 1 (N/S),64,56,26,♥,finished,2026-05-18T16:34:23.289097+00:00
4080,INPROC_35EECC,1,10,team1,Team 1 (N/S),89,31,24,♥,finished,2026-05-18T16:34:23.301632+00:00
4081,INPROC_B19C88,1,10,team1,Team 1 (N/S),64,56,32,♠,finished,2026-05-18T16:34:23.316923+00:00
4082,INPROC_74D815,1,10,team2,Team 2 (E/W),55,65,18,♦,finished,2026-05-18T16:34:23.331141+00:00
4083,INPROC_52E1E2,1,10,team1,Team 1 (N/S),74,46,13,♦,finished,2026-05-18T16:34:23.346722+00:00
4084,INPROC_06AB79,1,10,team2,Team 2 (E/W),54,66,28,♥,finished,2026-05-18T16:34:23.361068+00:00
4085,INPROC_242153,1,10,team1,Team 1 (N/S),85,35,8,♣,finished,2026-05-18T16:34:23.374848+00:00
4086,INPROC_DE0C75,1,10,team1,Team 1 (N/S),83,37,38,♠,finished,2026-05-18T16:34:23.384434+00:00
4087,INPROC_81B8AE,1,10,team1,Team 1 (N/S),65,55,3,♣,finished,2026-05-18T16:34:23.399827+00:00
4088,INPROC_0BA60A,1,10,team1,Team 1 (N/S),116,4,20,♥,finished,2026-05-18T16:34:23.412858+00:00
4089,INPROC_73231C,1,10,team1,Team 1 (N/S),96,24,26,♥,finished,2026-05-18T16:34:23.425944+00:00
4090,INPROC_EE0AD1,1,10,team1,Team 1 (N/S),71,49,30,♠,finished,2026-05-18T16:34:23.440154+00:00
4091,INPROC_29CBA3,1,10,team1,Team 1 (N/S),86,34,27,♥,finished,2026-05-18T16:34:23.453804+00:00
4092,INPROC_EEA830,1,10,team2,Team 2 (E/W),56,64,37,♠,finished,2026-05-18T16:34:23.468736+00:00
4093,INPROC_6542A0,1,10,team1,Team 1 (N/S),79,41,37,♠,finished,2026-05-18T16:34:23.486043+00:00
4094,INPROC_589D60,1,10,team2,Team 2 (E/W),54,66,34,♠,finished,2026-05-18T16:34:23.504086+00:00
4095,INPROC_F546EE,1,10,team1,Team 1 (N/S),117,3,34,♠,finished,2026-05-18T16:34:23.519634+00:00
4096,INPROC_7184DE,1,10,team1,Team 1 (N/S),86,34,25,♥,finished,2026-05-18T16:34:23.535195+00:00
4097,INPROC_1A0A33,1,10,team1,Team 1 (N/S),64,56,15,♦,finished,2026-05-18T16:34:23.552071+00:00
4098,INPROC_5676F8,1,10,team1,Team 1 (N/S),76,44,16,♦,finished,2026-05-18T16:34:23.568859+00:00
4099,INPROC_C79FEA,1,10,team2,Team 2 (E/W),42,78,23,♥,finished,2026-05-18T16:34:23.586356+00:00
4100,INPROC_234A5F,1,10,team1,Team 1 (N/S),83,37,4,♣,finished,2026-05-18T16:34:23.601572+00:00
4101,INPROC_FED0EE,1,10,team1,Team 1 (N/S),69,51,5,♣,finished,2026-05-18T16:34:23.616264+00:00
4102,INPROC_1DB6FC,1,10,team1,Team 1 (N/S),79,41,37,♠,finished,2026-05-18T16:34:23.632431+00:00
4103,INPROC_EA99A1,1,10,team1,Team 1 (N/S),89,31,6,♣,finished,2026-05-18T16:34:23.649289+00:00
4104,INPROC_F3DF6C,1,10,team1,Team 1 (N/S),99,21,27,♥,finished,2026-05-18T16:34:23.663173+00:00
4105,INPROC_668558,1,10,team1,Team 1 (N/S),76,44,13,♦,finished,2026-05-18T16:34:23.677364+00:00
4106,INPROC_78F779,1,10,team1,Team 1 (N/S),81,39,30,♠,finished,2026-05-18T16:34:23.691719+00:00
4107,INPROC_2CA44D,1,10,team1,Team 1 (N/S),92,28,8,♣,finished,2026-05-18T16:34:23.706241+00:00
4108,INPROC_610759,1,10,team1,Team 1 (N/S),95,25,27,♥,finished,2026-05-18T16:34:23.717941+00:00
4109,INPROC_46A8CD,1,10,team1,Team 1 (N/S),61,59,38,♠,finished,2026-05-18T16:34:23.735019+00:00
4110,INPROC_DC15C1,1,10,team2,Team 2 (E/W),58,62,18,♦,finished,2026-05-18T16:34:23.750021+00:00
4111,INPROC_C13CC1,1,10,team1,Team 1 (N/S),97,23,36,♠,finished,2026-05-18T16:34:23.763109+00:00
4112,INPROC_6CC263,1,10,team1,Team 1 (N/S),104,16,27,♥,finished,2026-05-18T16:34:23.775642+00:00
4113,INPROC_AAB4E6,1,10,draw,draw,60,60,36,♠,finished,2026-05-18T16:34:23.790515+00:00
4114,INPROC_18A659,1,10,team2,Team 2 (E/W),4,116,39,♠,finished,2026-05-18T16:34:23.806650+00:00
4115,INPROC_A42DDA,1,10,team1,Team 1 (N/S),69,51,13,♦,finished,2026-05-18T16:34:23.820574+00:00
4116,INPROC_0A26B8,1,10,team2,Team 2 (E/W),49,71,27,♥,finished,2026-05-18T16:34:23.837152+00:00
4117,INPROC_1C35FD,1,10,team1,Team 1 (N/S),69,51,16,♦,finished,2026-05-18T16:34:23.854713+00:00
4118,INPROC_080A2D,1,10,team1,Team 1 (N/S),70,50,0,♣,finished,2026-05-18T16:34:23.871952+00:00
4119,INPROC_F94D45,1,10,draw,draw,60,60,3,♣,finished,2026-05-18T16:34:23.886404+00:00
4120,INPROC_DC170E,1,10,team2,Team 2 (E/W),22,98,25,♥,finished,2026-05-18T16:34:23.900571+00:00
4121,INPROC_428885,1,10,team1,Team 1 (N/S),92,28,28,♥,finished,2026-05-18T16:34:23.915200+00:00
4122,INPROC_1BFB08,1,10,team1,Team 1 (N/S),76,44,25,♥,finished,2026-05-18T16:34:23.930702+00:00
4123,INPROC_A96816,1,10,team1,Team 1 (N/S),78,42,25,♥,finished,2026-05-18T16:34:23.946227+00:00
4124,INPROC_FD87AA,1,10,team1,Team 1 (N/S),88,32,1,♣,finished,2026-05-18T16:34:23.960752+00:00
4125,INPROC_266F6E,1,10,team2,Team 2 (E/W),56,64,26,♥,finished,2026-05-18T16:34:23.974738+00:00
4126,INPROC_F6F79F,1,10,team2,Team 2 (E/W),25,95,4,♣,finished,2026-05-18T16:34:23.987914+00:00
4127,INPROC_B7144E,1,10,team1,Team 1 (N/S),61,59,12,♦,finished,2026-05-18T16:34:24.000232+00:00
4128,INPROC_537309,1,10,team1,Team 1 (N/S),90,30,37,♠,finished,2026-05-18T16:34:24.016239+00:00
4129,INPROC_4E6FC2,1,10,team1,Team 1 (N/S),106,14,0,♣,finished,2026-05-18T16:34:24.031912+00:00
4130,INPROC_A15D34,1,10,team2,Team 2 (E/W),37,83,10,♦,finished,2026-05-18T16:34:24.047183+00:00
4131,INPROC_49D278,1,10,team1,Team 1 (N/S),78,42,16,♦,finished,2026-05-18T16:34:24.063742+00:00
4132,INPROC_810DEC,1,10,team1,Team 1 (N/S),74,46,0,♣,finished,2026-05-18T16:34:24.081668+00:00
4133,INPROC_5786A3,1,10,team1,Team 1 (N/S),120,0,14,♦,finished,2026-05-18T16:34:24.097409+00:00
4134,INPROC_99EA04,1,10,team2,Team 2 (E/W),56,64,2,♣,finished,2026-05-18T16:34:24.113782+00:00
4135,INPROC_F7F345,1,10,team1,Team 1 (N/S),77,43,11,♦,finished,2026-05-18T16:34:24.130141+00:00
4136,INPROC_AF61C5,1,10,team2,Team 2 (E/W),30,90,13,♦,finished,2026-05-18T16:34:24.148160+00:00
4137,INPROC_EFBF1A,1,10,team1,Team 1 (N/S),88,32,14,♦,finished,2026-05-18T16:34:24.167571+00:00
4138,INPROC_DF0F4F,1,10,team2,Team 2 (E/W),39,81,7,♣,finished,2026-05-18T16:34:24.183527+00:00
4139,INPROC_E63060,1,10,team2,Team 2 (E/W),36,84,3,♣,finished,2026-05-18T16:34:24.195865+00:00
4140,INPROC_F93351,1,10,team2,Team 2 (E/W),25,95,37,♠,finished,2026-05-18T16:34:24.212136+00:00
4141,INPROC_14B940,1,10,team1,Team 1 (N/S),77,43,16,♦,finished,2026-05-18T16:34:24.226774+00:00
4142,INPROC_9CE31F,1,10,team1,Team 1 (N/S),82,38,6,♣,finished,2026-05-18T16:34:24.243199+00:00
4143,INPROC_EF0964,1,10,team1,Team 1 (N/S),89,31,20,♥,finished,2026-05-18T16:34:24.257069+00:00
4144,INPROC_FB68D8,1,10,team2,Team 2 (E/W),46,74,0,♣,finished,2026-05-18T16:34:24.273300+00:00
4145,INPROC_33C641,1,10,team1,Team 1 (N/S),91,29,7,♣,finished,2026-05-18T16:34:24.289682+00:00
4146,INPROC_EDE88B,1,10,team1,Team 1 (N/S),76,44,7,♣,finished,2026-05-18T16:34:24.305064+00:00
4147,INPROC_02DDAB,1,10,team1,Team 1 (N/S),95,25,1,♣,finished,2026-05-18T16:34:24.315515+00:00
4148,INPROC_B980EA,1,10,team1,Team 1 (N/S),62,58,26,♥,finished,2026-05-18T16:34:24.330820+00:00
4149,INPROC_156009,1,10,team1,Team 1 (N/S),67,53,34,♠,finished,2026-05-18T16:34:24.345650+00:00
4150,INPROC_1C4D33,1,10,team1,Team 1 (N/S),84,36,28,♥,finished,2026-05-18T16:34:24.360605+00:00
4151,INPROC_07446C,1,10,team1,Team 1 (N/S),65,55,19,♦,finished,2026-05-18T16:34:24.374310+00:00
4152,INPROC_784B5C,1,10,team1,Team 1 (N/S),93,27,32,♠,finished,2026-05-18T16:34:24.387906+00:00
4153,INPROC_756B05,1,10,team2,Team 2 (E/W),57,63,17,♦,finished,2026-05-18T16:34:24.396174+00:00
4154,INPROC_316A8B,1,10,team1,Team 1 (N/S),72,48,36,♠,finished,2026-05-18T16:34:24.405610+00:00
4155,INPROC_E4BE61,1,10,team2,Team 2 (E/W),42,78,22,♥,finished,2026-05-18T16:34:24.415849+00:00
4156,INPROC_B0AB3B,1,10,team1,Team 1 (N/S),77,43,10,♦,finished,2026-05-18T16:34:24.430938+00:00
4157,INPROC_3C75B8,1,10,team1,Team 1 (N/S),67,53,26,♥,finished,2026-05-18T16:34:24.444657+00:00
4158,INPROC_F18477,1,10,team1,Team 1 (N/S),80,40,29,♥,finished,2026-05-18T16:34:24.460666+00:00
4159,INPROC_E1287E,1,10,team1,Team 1 (N/S),71,49,23,♥,finished,2026-05-18T16:34:24.475091+00:00
4160,INPROC_13DAB4,1,10,team2,Team 2 (E/W),30,90,9,♣,finished,2026-05-18T16:34:24.488554+00:00
4161,INPROC_E51647,1,10,team2,Team 2 (E/W),22,98,32,♠,finished,2026-05-18T16:34:24.507483+00:00
4162,INPROC_87EA9B,1,10,team1,Team 1 (N/S),85,35,32,♠,finished,2026-05-18T16:34:24.525209+00:00
4163,INPROC_BF9A92,1,10,team1,Team 1 (N/S),77,43,7,♣,finished,2026-05-18T16:34:24.544064+00:00
4164,INPROC_11BA27,1,10,team2,Team 2 (E/W),38,82,39,♠,finished,2026-05-18T16:34:24.560339+00:00
4165,INPROC_EC555B,1,10,team2,Team 2 (E/W),29,91,17,♦,finished,2026-05-18T16:34:24.573110+00:00
4166,INPROC_B2651D,1,10,team2,Team 2 (E/W),32,88,35,♠,finished,2026-05-18T16:34:24.587094+00:00
4167,INPROC_7FC00A,1,10,team2,Team 2 (E/W),32,88,31,♠,finished,2026-05-18T16:34:24.599819+00:00
4168,INPROC_5B319F,1,10,team1,Team 1 (N/S),62,58,17,♦,finished,2026-05-18T16:34:24.613299+00:00
4169,INPROC_175CD5,1,10,team2,Team 2 (E/W),54,66,11,♦,finished,2026-05-18T16:34:24.630601+00:00
4170,INPROC_CA2E98,1,10,team2,Team 2 (E/W),51,69,2,♣,finished,2026-05-18T16:34:24.645045+00:00
4171,INPROC_77433D,1,10,team1,Team 1 (N/S),77,43,7,♣,finished,2026-05-18T16:34:24.660314+00:00
4172,INPROC_2D53D9,1,10,team1,Team 1 (N/S),62,58,8,♣,finished,2026-05-18T16:34:24.673408+00:00
4173,INPROC_545C09,1,10,team1,Team 1 (N/S),84,36,38,♠,finished,2026-05-18T16:34:24.691921+00:00
4174,INPROC_EFB8BD,1,10,team2,Team 2 (E/W),40,80,28,♥,finished,2026-05-18T16:34:24.710408+00:00
4175,INPROC_F728CD,1,10,team1,Team 1 (N/S),99,21,31,♠,finished,2026-05-18T16:34:24.726047+00:00
4176,INPROC_1B0AC2,1,10,team1,Team 1 (N/S),83,37,27,♥,finished,2026-05-18T16:34:24.739863+00:00
4177,INPROC_37AA41,1,10,team1,Team 1 (N/S),90,30,24,♥,finished,2026-05-18T16:34:24.753961+00:00
4178,INPROC_D75E38,1,10,team1,Team 1 (N/S),64,56,22,♥,finished,2026-05-18T16:34:24.769118+00:00
4179,INPROC_2C4E17,1,10,team1,Team 1 (N/S),105,15,0,♣,finished,2026-05-18T16:34:24.786626+00:00
4180,INPROC_890525,1,10,team1,Team 1 (N/S),77,43,21,♥,finished,2026-05-18T16:34:24.797847+00:00
4181,INPROC_574855,1,10,team1,Team 1 (N/S),112,8,20,♥,finished,2026-05-18T16:34:24.816408+00:00
4182,INPROC_9EF426,1,10,team2,Team 2 (E/W),57,63,39,♠,finished,2026-05-18T16:34:24.836490+00:00
4183,INPROC_A51B26,1,10,team1,Team 1 (N/S),79,41,23,♥,finished,2026-05-18T16:34:24.853550+00:00
4184,INPROC_4477DD,1,10,team1,Team 1 (N/S),120,0,30,♠,finished,2026-05-18T16:34:24.868754+00:00
4185,INPROC_390EA1,1,10,team2,Team 2 (E/W),59,61,9,♣,finished,2026-05-18T16:34:24.881225+00:00
4186,INPROC_2F2CF1,1,10,team2,Team 2 (E/W),26,94,3,♣,finished,2026-05-18T16:34:24.893176+00:00
4187,INPROC_AA045E,1,10,team1,Team 1 (N/S),82,38,11,♦,finished,2026-05-18T16:34:24.908056+00:00
4188,INPROC_3526FA,1,10,team1,Team 1 (N/S),73,47,21,♥,finished,2026-05-18T16:34:24.923346+00:00
4189,INPROC_FE7F62,1,10,team1,Team 1 (N/S),70,50,38,♠,finished,2026-05-18T16:34:24.937614+00:00
4190,INPROC_BDEE67,1,10,team1,Team 1 (N/S),73,47,36,♠,finished,2026-05-18T16:34:24.947967+00:00
4191,INPROC_50916C,1,10,team1,Team 1 (N/S),71,49,0,♣,finished,2026-05-18T16:34:24.957258+00:00
4192,INPROC_4B27B8,1,10,team1,Team 1 (N/S),88,32,4,♣,finished,2026-05-18T16:34:24.966192+00:00
4193,INPROC_6C34A7,1,10,team2,Team 2 (E/W),50,70,15,♦,finished,2026-05-18T16:34:24.981117+00:00
4194,INPROC_E410A5,1,10,team1,Team 1 (N/S),83,37,37,♠,finished,2026-05-18T16:34:24.997602+00:00
4195,INPROC_E41206,1,10,team1,Team 1 (N/S),70,50,35,♠,finished,2026-05-18T16:34:25.014448+00:00
4196,INPROC_2FC862,1,10,team1,Team 1 (N/S),91,29,14,♦,finished,2026-05-18T16:34:25.031886+00:00
4197,INPROC_F28798,1,10,team1,Team 1 (N/S),93,27,23,♥,finished,2026-05-18T16:34:25.051450+00:00
4198,INPROC_858E5C,1,10,team1,Team 1 (N/S),98,22,8,♣,finished,2026-05-18T16:34:25.069128+00:00
4199,INPROC_76C095,1,10,team2,Team 2 (E/W),30,90,21,♥,finished,2026-05-18T16:34:25.083960+00:00
4200,INPROC_555657,1,10,team1,Team 1 (N/S),77,43,24,♥,finished,2026-05-18T16:34:25.098011+00:00
4201,INPROC_DEDC63,1,10,team1,Team 1 (N/S),109,11,27,♥,finished,2026-05-18T16:34:25.110252+00:00
4202,INPROC_07E662,1,10,team1,Team 1 (N/S),103,17,11,♦,finished,2026-05-18T16:34:25.124234+00:00
4203,INPROC_6E5FA0,1,10,team2,Team 2 (E/W),40,80,15,♦,finished,2026-05-18T16:34:25.136527+00:00
4204,INPROC_1D35AD,1,10,team1,Team 1 (N/S),74,46,29,♥,finished,2026-05-18T16:34:25.151632+00:00
4205,INPROC_4F28B0,1,10,team2,Team 2 (E/W),48,72,22,♥,finished,2026-05-18T16:34:25.167881+00:00
4206,INPROC_207865,1,10,team2,Team 2 (E/W),43,77,8,♣,finished,2026-05-18T16:34:25.177333+00:00
4207,INPROC_A2C793,1,10,team2,Team 2 (E/W),26,94,13,♦,finished,2026-05-18T16:34:25.188278+00:00
4208,INPROC_161EC8,1,10,team2,Team 2 (E/W),52,68,37,♠,finished,2026-05-18T16:34:25.200575+00:00
4209,INPROC_E87E02,1,10,team2,Team 2 (E/W),54,66,39,♠,finished,2026-05-18T16:34:25.214473+00:00
4210,INPROC_9FE83F,1,10,team1,Team 1 (N/S),90,30,10,♦,finished,2026-05-18T16:34:25.228870+00:00
4211,INPROC_76FB80,1,10,team1,Team 1 (N/S),61,59,39,♠,finished,2026-05-18T16:34:25.243583+00:00
4212,INPROC_FCCEA4,1,10,team2,Team 2 (E/W),21,99,32,♠,finished,2026-05-18T16:34:25.256933+00:00
4213,INPROC_3A2F8D,1,10,team2,Team 2 (E/W),55,65,37,♠,finished,2026-05-18T16:34:25.269864+00:00
4214,INPROC_B8DFA6,1,10,team1,Team 1 (N/S),68,52,35,♠,finished,2026-05-18T16:34:25.283520+00:00
4215,INPROC_53ACEE,1,10,team1,Team 1 (N/S),100,20,11,♦,finished,2026-05-18T16:34:25.298248+00:00
4216,INPROC_51EDC7,1,10,team2,Team 2 (E/W),49,71,18,♦,finished,2026-05-18T16:34:25.314990+00:00
4217,INPROC_A53FEE,1,10,team2,Team 2 (E/W),56,64,13,♦,finished,2026-05-18T16:34:25.331414+00:00
4218,INPROC_91EBB4,1,10,team1,Team 1 (N/S),109,11,17,♦,finished,2026-05-18T16:34:25.350198+00:00
4219,INPROC_57595F,1,10,team1,Team 1 (N/S),110,10,15,♦,finished,2026-05-18T16:34:25.365672+00:00
4220,INPROC_1E528A,1,10,team1,Team 1 (N/S),83,37,16,♦,finished,2026-05-18T16:34:25.380111+00:00
4221,INPROC_D391C4,1,10,team1,Team 1 (N/S),64,56,39,♠,finished,2026-05-18T16:34:25.395113+00:00
4222,INPROC_591F48,1,10,team2,Team 2 (E/W),57,63,24,♥,finished,2026-05-18T16:34:25.409509+00:00
4223,INPROC_F593C9,1,10,team1,Team 1 (N/S),64,56,24,♥,finished,2026-05-18T16:34:25.430266+00:00
4224,INPROC_2C4FD1,1,10,team2,Team 2 (E/W),59,61,25,♥,finished,2026-05-18T16:34:25.448743+00:00
4225,INPROC_294975,1,10,team2,Team 2 (E/W),52,68,11,♦,finished,2026-05-18T16:34:25.464815+00:00
4226,INPROC_FB82CA,1,10,team2,Team 2 (E/W),54,66,38,♠,finished,2026-05-18T16:34:25.482168+00:00
4227,INPROC_CD5279,1,10,team2,Team 2 (E/W),38,82,0,♣,finished,2026-05-18T16:34:25.496383+00:00
4228,INPROC_1EE8FD,1,10,team1,Team 1 (N/S),70,50,32,♠,finished,2026-05-18T16:34:25.513229+00:00
4229,INPROC_C0B996,1,10,team2,Team 2 (E/W),56,64,13,♦,finished,2026-05-18T16:34:25.531819+00:00
4230,INPROC_31401F,1,10,team2,Team 2 (E/W),32,88,20,♥,finished,2026-05-18T16:34:25.547920+00:00
4231,INPROC_0FA805,1,10,team2,Team 2 (E/W),54,66,38,♠,finished,2026-05-18T16:34:25.564204+00:00
4232,INPROC_8B6843,1,10,team2,Team 2 (E/W),47,73,0,♣,finished,2026-05-18T16:34:25.580802+00:00
4233,INPROC_8B531B,1,10,team1,Team 1 (N/S),88,32,3,♣,finished,2026-05-18T16:34:25.600308+00:00
4234,INPROC_83B8D9,1,10,team1,Team 1 (N/S),72,48,13,♦,finished,2026-05-18T16:34:25.619349+00:00
4235,INPROC_E80C3E,1,10,team2,Team 2 (E/W),8,112,11,♦,finished,2026-05-18T16:34:25.636484+00:00
4236,INPROC_ADB94A,1,10,team2,Team 2 (E/W),52,68,20,♥,finished,2026-05-18T16:34:25.651562+00:00
4237,INPROC_8D08EB,1,10,team1,Team 1 (N/S),93,27,1,♣,finished,2026-05-18T16:34:25.667847+00:00
4238,INPROC_3EC988,1,10,team1,Team 1 (N/S),66,54,26,♥,finished,2026-05-18T16:34:25.683426+00:00
4239,INPROC_DC20C5,1,10,team2,Team 2 (E/W),50,70,28,♥,finished,2026-05-18T16:34:25.698394+00:00
4240,INPROC_8A4442,1,10,team1,Team 1 (N/S),110,10,22,♥,finished,2026-05-18T16:34:25.713645+00:00
4241,INPROC_4E272B,1,10,team1,Team 1 (N/S),69,51,13,♦,finished,2026-05-18T16:34:25.729423+00:00
4242,INPROC_F73EF5,1,10,team2,Team 2 (E/W),50,70,22,♥,finished,2026-05-18T16:34:25.744547+00:00
4243,INPROC_2EF3F9,1,10,team1,Team 1 (N/S),64,56,35,♠,finished,2026-05-18T16:34:25.758802+00:00
4244,INPROC_75275C,1,10,team1,Team 1 (N/S),66,54,16,♦,finished,2026-05-18T16:34:25.773960+00:00
4245,INPROC_C9B29F,1,10,team2,Team 2 (E/W),50,70,19,♦,finished,2026-05-18T16:34:25.787005+00:00
4246,INPROC_8CD51A,1,10,team1,Team 1 (N/S),78,42,6,♣,finished,2026-05-18T16:34:25.796424+00:00
4247,INPROC_EE8E78,1,10,team2,Team 2 (E/W),22,98,14,♦,finished,2026-05-18T16:34:25.811754+00:00
4248,INPROC_A42E8F,1,10,team1,Team 1 (N/S),84,36,11,♦,finished,2026-05-18T16:34:25.825734+00:00
4249,INPROC_4E2811,1,10,team1,Team 1 (N/S),109,11,28,♥,finished,2026-05-18T16:34:25.840279+00:00
4250,INPROC_1EF319,1,10,team2,Team 2 (E/W),49,71,10,♦,finished,2026-05-18T16:34:25.856411+00:00
4251,INPROC_214148,1,10,team1,Team 1 (N/S),71,49,25,♥,finished,2026-05-18T16:34:25.872109+00:00
4252,INPROC_1C9EEB,1,10,team1,Team 1 (N/S),105,15,35,♠,finished,2026-05-18T16:34:25.888294+00:00
4253,INPROC_BB2234,1,10,team2,Team 2 (E/W),57,63,7,♣,finished,2026-05-18T16:34:25.906561+00:00
4254,INPROC_97125C,1,10,team1,Team 1 (N/S),110,10,38,♠,finished,2026-05-18T16:34:25.922924+00:00
4255,INPROC_774670,1,10,team1,Team 1 (N/S),69,51,19,♦,finished,2026-05-18T16:34:25.939951+00:00
4256,INPROC_64865F,1,10,team1,Team 1 (N/S),118,2,12,♦,finished,2026-05-18T16:34:25.957770+00:00
4257,INPROC_73C6CD,1,10,team2,Team 2 (E/W),38,82,10,♦,finished,2026-05-18T16:34:25.975592+00:00
4258,INPROC_F986E5,1,10,team1,Team 1 (N/S),89,31,35,♠,finished,2026-05-18T16:34:25.991279+00:00
4259,INPROC_CAD54B,1,10,team1,Team 1 (N/S),66,54,12,♦,finished,2026-05-18T16:34:26.006374+00:00
4260,INPROC_334607,1,10,team1,Team 1 (N/S),75,45,38,♠,finished,2026-05-18T16:34:26.020914+00:00
4261,INPROC_AE990E,1,10,team1,Team 1 (N/S),84,36,26,♥,finished,2026-05-18T16:34:26.037604+00:00
4262,INPROC_FEDA04,1,10,team1,Team 1 (N/S),79,41,12,♦,finished,2026-05-18T16:34:26.053863+00:00
4263,INPROC_9C5466,1,10,team1,Team 1 (N/S),88,32,36,♠,finished,2026-05-18T16:34:26.069214+00:00
4264,INPROC_113551,1,10,team2,Team 2 (E/W),2,118,25,♥,finished,2026-05-18T16:34:26.082322+00:00
4265,INPROC_8A479B,1,10,team1,Team 1 (N/S),80,40,2,♣,finished,2026-05-18T16:34:26.098987+00:00
4266,INPROC_4CD66D,1,10,team2,Team 2 (E/W),59,61,16,♦,finished,2026-05-18T16:34:26.114229+00:00
4267,INPROC_AD5DDB,1,10,team1,Team 1 (N/S),68,52,14,♦,finished,2026-05-18T16:34:26.127918+00:00
4268,INPROC_6C4304,1,10,team1,Team 1 (N/S),71,49,33,♠,finished,2026-05-18T16:34:26.142219+00:00
4269,INPROC_73FA5E,1,10,team1,Team 1 (N/S),85,35,23,♥,finished,2026-05-18T16:34:26.155638+00:00
4270,INPROC_6DABB9,1,10,team2,Team 2 (E/W),47,73,34,♠,finished,2026-05-18T16:34:26.171562+00:00
4271,INPROC_198F3A,1,10,team1,Team 1 (N/S),111,9,12,♦,finished,2026-05-18T16:34:26.185654+00:00
4272,INPROC_A8CE0D,1,10,team1,Team 1 (N/S),101,19,6,♣,finished,2026-05-18T16:34:26.202939+00:00
4273,INPROC_D59DA9,1,10,team2,Team 2 (E/W),47,73,2,♣,finished,2026-05-18T16:34:26.217745+00:00
4274,INPROC_25B1DE,1,10,team2,Team 2 (E/W),48,72,27,♥,finished,2026-05-18T16:34:26.234119+00:00
4275,INPROC_F9869B,1,10,team1,Team 1 (N/S),66,54,37,♠,finished,2026-05-18T16:34:26.251228+00:00
4276,INPROC_E534DB,1,10,team1,Team 1 (N/S),110,10,22,♥,finished,2026-05-18T16:34:26.265849+00:00
4277,INPROC_42860D,1,10,team1,Team 1 (N/S),66,54,14,♦,finished,2026-05-18T16:34:26.283307+00:00
4278,INPROC_92BEE8,1,10,team1,Team 1 (N/S),70,50,18,♦,finished,2026-05-18T16:34:26.300850+00:00
4279,INPROC_813917,1,10,team1,Team 1 (N/S),120,0,21,♥,finished,2026-05-18T16:34:26.319804+00:00
4280,INPROC_F1847C,1,10,team1,Team 1 (N/S),79,41,26,♥,finished,2026-05-18T16:34:26.338736+00:00
4281,INPROC_C965A7,1,10,team1,Team 1 (N/S),86,34,27,♥,finished,2026-05-18T16:34:26.357189+00:00
4282,INPROC_1453CD,1,10,team1,Team 1 (N/S),77,43,29,♥,finished,2026-05-18T16:34:26.366343+00:00
4283,INPROC_0CF550,1,10,team1,Team 1 (N/S),114,6,26,♥,finished,2026-05-18T16:34:26.378345+00:00
4284,INPROC_5AABBA,1,10,team2,Team 2 (E/W),15,105,14,♦,finished,2026-05-18T16:34:26.392667+00:00
4285,INPROC_F4D036,1,10,team2,Team 2 (E/W),26,94,37,♠,finished,2026-05-18T16:34:26.405593+00:00
4286,INPROC_1EF544,1,10,team1,Team 1 (N/S),79,41,38,♠,finished,2026-05-18T16:34:26.419261+00:00
4287,INPROC_0C8DC2,1,10,draw,draw,60,60,32,♠,finished,2026-05-18T16:34:26.441436+00:00
4288,INPROC_8783E0,1,10,draw,draw,60,60,19,♦,finished,2026-05-18T16:34:26.462398+00:00
4289,INPROC_A29833,1,10,team2,Team 2 (E/W),38,82,13,♦,finished,2026-05-18T16:34:26.476057+00:00
4290,INPROC_BFE15E,1,10,team1,Team 1 (N/S),73,47,12,♦,finished,2026-05-18T16:34:26.492400+00:00
4291,INPROC_B19688,1,10,team1,Team 1 (N/S),94,26,37,♠,finished,2026-05-18T16:34:26.509043+00:00
4292,INPROC_701C77,1,10,team2,Team 2 (E/W),0,120,10,♦,finished,2026-05-18T16:34:26.527312+00:00
4293,INPROC_EED95A,1,10,team2,Team 2 (E/W),58,62,36,♠,finished,2026-05-18T16:34:26.543587+00:00
4294,INPROC_D6C68A,1,10,team2,Team 2 (E/W),49,71,28,♥,finished,2026-05-18T16:34:26.559029+00:00
4295,INPROC_7436ED,1,10,team1,Team 1 (N/S),70,50,27,♥,finished,2026-05-18T16:34:26.573408+00:00
4296,INPROC_CF6113,1,10,team1,Team 1 (N/S),86,34,9,♣,finished,2026-05-18T16:34:26.587445+00:00
4297,INPROC_6B77E8,1,10,team1,Team 1 (N/S),92,28,39,♠,finished,2026-05-18T16:34:26.602404+00:00
4298,INPROC_5271EC,1,10,team1,Team 1 (N/S),90,30,37,♠,finished,2026-05-18T16:34:26.617160+00:00
4299,INPROC_EF27FD,1,10,team2,Team 2 (E/W),3,117,3,♣,finished,2026-05-18T16:34:26.633033+00:00
4300,INPROC_82F7D0,1,10,team2,Team 2 (E/W),55,65,15,♦,finished,2026-05-18T16:34:26.650315+00:00
4301,INPROC_B5A0CE,1,10,team1,Team 1 (N/S),76,44,17,♦,finished,2026-05-18T16:34:26.665897+00:00
4302,INPROC_EC6C94,1,10,team1,Team 1 (N/S),70,50,18,♦,finished,2026-05-18T16:34:26.681543+00:00
4303,INPROC_E81C43,1,10,team2,Team 2 (E/W),47,73,13,♦,finished,2026-05-18T16:34:26.695800+00:00
4304,INPROC_25A201,1,10,team2,Team 2 (E/W),45,75,32,♠,finished,2026-05-18T16:34:26.709941+00:00
4305,INPROC_F24F62,1,10,team2,Team 2 (E/W),41,79,3,♣,finished,2026-05-18T16:34:26.728318+00:00
4306,INPROC_30497F,1,10,team1,Team 1 (N/S),86,34,19,♦,finished,2026-05-18T16:34:26.744385+00:00
4307,INPROC_A351F4,1,10,team1,Team 1 (N/S),62,58,24,♥,finished,2026-05-18T16:34:26.760419+00:00
4308,INPROC_581A90,1,10,team1,Team 1 (N/S),84,36,37,♠,finished,2026-05-18T16:34:26.771594+00:00
4309,INPROC_1C4DB3,1,10,team2,Team 2 (E/W),43,77,16,♦,finished,2026-05-18T16:34:26.782336+00:00
4310,INPROC_6EA4A4,1,10,team1,Team 1 (N/S),103,17,31,♠,finished,2026-05-18T16:34:26.792636+00:00
4311,INPROC_CE7573,1,10,team1,Team 1 (N/S),108,12,26,♥,finished,2026-05-18T16:34:26.801229+00:00
4312,INPROC_4D2095,1,10,team1,Team 1 (N/S),69,51,36,♠,finished,2026-05-18T16:34:26.810070+00:00
4313,INPROC_90368E,1,10,team2,Team 2 (E/W),39,81,39,♠,finished,2026-05-18T16:34:26.819641+00:00
4314,INPROC_4D85CE,1,10,team1,Team 1 (N/S),87,33,26,♥,finished,2026-05-18T16:34:26.830104+00:00
4315,INPROC_8EDA44,1,10,team1,Team 1 (N/S),78,42,25,♥,finished,2026-05-18T16:34:26.842360+00:00
4316,INPROC_846DCF,1,10,team1,Team 1 (N/S),67,53,3,♣,finished,2026-05-18T16:34:26.859900+00:00
4317,INPROC_32DA27,1,10,team1,Team 1 (N/S),79,41,8,♣,finished,2026-05-18T16:34:26.877233+00:00
4318,INPROC_D13CBF,1,10,team1,Team 1 (N/S),77,43,13,♦,finished,2026-05-18T16:34:26.893195+00:00
4319,INPROC_7AEDBA,1,10,team2,Team 2 (E/W),41,79,6,♣,finished,2026-05-18T16:34:26.909475+00:00
4320,INPROC_CB5607,1,10,team1,Team 1 (N/S),114,6,33,♠,finished,2026-05-18T16:34:26.926334+00:00
4321,INPROC_47C876,1,10,team2,Team 2 (E/W),52,68,10,♦,finished,2026-05-18T16:34:26.943867+00:00
4322,INPROC_03D657,1,10,team1,Team 1 (N/S),86,34,23,♥,finished,2026-05-18T16:34:26.958883+00:00
4323,INPROC_6AFDF0,1,10,team1,Team 1 (N/S),75,45,13,♦,finished,2026-05-18T16:34:26.975373+00:00
4324,INPROC_1B61FE,1,10,team2,Team 2 (E/W),45,75,4,♣,finished,2026-05-18T16:34:26.990471+00:00
4325,INPROC_23C31D,1,10,team2,Team 2 (E/W),48,72,21,♥,finished,2026-05-18T16:34:27.004942+00:00
4326,INPROC_CA67EC,1,10,team1,Team 1 (N/S),101,19,14,♦,finished,2026-05-18T16:34:27.019347+00:00
4327,INPROC_D96F4F,1,10,team2,Team 2 (E/W),56,64,15,♦,finished,2026-05-18T16:34:27.034907+00:00
4328,INPROC_AD0F6D,1,10,team1,Team 1 (N/S),89,31,15,♦,finished,2026-05-18T16:34:27.049880+00:00
4329,INPROC_B735E5,1,10,team2,Team 2 (E/W),50,70,7,♣,finished,2026-05-18T16:34:27.064960+00:00
4330,INPROC_35B8B4,1,10,team2,Team 2 (E/W),56,64,16,♦,finished,2026-05-18T16:34:27.080941+00:00
4331,INPROC_2AEE01,1,10,team1,Team 1 (N/S),77,43,20,♥,finished,2026-05-18T16:34:27.097264+00:00
4332,INPROC_3E2EFA,1,10,team1,Team 1 (N/S),65,55,10,♦,finished,2026-05-18T16:34:27.113007+00:00
4333,INPROC_036924,1,10,team1,Team 1 (N/S),73,47,28,♥,finished,2026-05-18T16:34:27.129759+00:00
4334,INPROC_4F5DD9,1,10,team1,Team 1 (N/S),98,22,24,♥,finished,2026-05-18T16:34:27.145689+00:00
4335,INPROC_556AFA,1,10,team1,Team 1 (N/S),68,52,1,♣,finished,2026-05-18T16:34:27.168599+00:00
4336,INPROC_37EE89,1,10,team1,Team 1 (N/S),64,56,39,♠,finished,2026-05-18T16:34:27.186123+00:00
4337,INPROC_4B8440,1,10,team2,Team 2 (E/W),46,74,19,♦,finished,2026-05-18T16:34:27.203085+00:00
4338,INPROC_F965AE,1,10,team2,Team 2 (E/W),40,80,31,♠,finished,2026-05-18T16:34:27.219190+00:00
4339,INPROC_A2FBD6,1,10,team1,Team 1 (N/S),69,51,39,♠,finished,2026-05-18T16:34:27.235182+00:00
4340,INPROC_C56CE4,1,10,team1,Team 1 (N/S),99,21,5,♣,finished,2026-05-18T16:34:27.247027+00:00
4341,INPROC_7ED062,1,10,team2,Team 2 (E/W),52,68,29,♥,finished,2026-05-18T16:34:27.262164+00:00
4342,INPROC_A9FDF0,1,10,team1,Team 1 (N/S),82,38,17,♦,finished,2026-05-18T16:34:27.276759+00:00
4343,INPROC_768C08,1,10,team2,Team 2 (E/W),46,74,10,♦,finished,2026-05-18T16:34:27.294052+00:00
4344,INPROC_623054,1,10,team1,Team 1 (N/S),66,54,18,♦,finished,2026-05-18T16:34:27.302506+00:00
4345,INPROC_D8C8A6,1,10,team1,Team 1 (N/S),76,44,16,♦,finished,2026-05-18T16:34:27.312763+00:00
4346,INPROC_B7C542,1,10,team1,Team 1 (N/S),102,18,30,♠,finished,2026-05-18T16:34:27.322051+00:00
4347,INPROC_2C02D3,1,10,team1,Team 1 (N/S),94,26,10,♦,finished,2026-05-18T16:34:27.331766+00:00
4348,INPROC_E498AF,1,10,team2,Team 2 (E/W),45,75,17,♦,finished,2026-05-18T16:34:27.345459+00:00
4349,INPROC_3B8DA7,1,10,team1,Team 1 (N/S),73,47,9,♣,finished,2026-05-18T16:34:27.359514+00:00
4350,INPROC_53B80A,1,10,team1,Team 1 (N/S),72,48,28,♥,finished,2026-05-18T16:34:27.374070+00:00
4351,INPROC_1B277A,1,10,team1,Team 1 (N/S),87,33,2,♣,finished,2026-05-18T16:34:27.388003+00:00
4352,INPROC_DA8666,1,10,team2,Team 2 (E/W),41,79,9,♣,finished,2026-05-18T16:34:27.404294+00:00
4353,INPROC_3E4766,1,10,team1,Team 1 (N/S),66,54,28,♥,finished,2026-05-18T16:34:27.421369+00:00
4354,INPROC_3A3590,1,10,team2,Team 2 (E/W),48,72,32,♠,finished,2026-05-18T16:34:27.438596+00:00
4355,INPROC_37B415,1,10,team2,Team 2 (E/W),40,80,24,♥,finished,2026-05-18T16:34:27.447344+00:00
4356,INPROC_653DEB,1,10,draw,draw,60,60,18,♦,finished,2026-05-18T16:34:27.458211+00:00
4357,INPROC_9B6FE1,1,10,team2,Team 2 (E/W),59,61,7,♣,finished,2026-05-18T16:34:27.466859+00:00
4358,INPROC_1CCBF5,1,10,team2,Team 2 (E/W),28,92,32,♠,finished,2026-05-18T16:34:27.476336+00:00
4359,INPROC_F4C604,1,10,team2,Team 2 (E/W),45,75,20,♥,finished,2026-05-18T16:34:27.489943+00:00
4360,INPROC_0058B4,1,10,team1,Team 1 (N/S),66,54,0,♣,finished,2026-05-18T16:34:27.505942+00:00
4361,INPROC_51CCA8,1,10,team1,Team 1 (N/S),94,26,23,♥,finished,2026-05-18T16:34:27.523218+00:00
4362,INPROC_6C66CC,1,10,team1,Team 1 (N/S),75,45,7,♣,finished,2026-05-18T16:34:27.540695+00:00
4363,INPROC_A43C10,1,10,team2,Team 2 (E/W),37,83,0,♣,finished,2026-05-18T16:34:27.558201+00:00
4364,INPROC_B04572,1,10,team2,Team 2 (E/W),9,111,19,♦,finished,2026-05-18T16:34:27.575820+00:00
4365,INPROC_ACE98D,1,10,team2,Team 2 (E/W),27,93,22,♥,finished,2026-05-18T16:34:27.593714+00:00
4366,INPROC_A04B82,1,10,team1,Team 1 (N/S),106,14,33,♠,finished,2026-05-18T16:34:27.607322+00:00
4367,INPROC_6B73DB,1,10,team2,Team 2 (E/W),21,99,17,♦,finished,2026-05-18T16:34:27.623115+00:00
4368,INPROC_EB0828,1,10,team2,Team 2 (E/W),23,97,39,♠,finished,2026-05-18T16:34:27.639483+00:00
4369,INPROC_678C9A,1,10,team1,Team 1 (N/S),76,44,15,♦,finished,2026-05-18T16:34:27.655331+00:00
4370,INPROC_C22FAE,1,10,team1,Team 1 (N/S),62,58,17,♦,finished,2026-05-18T16:34:27.668824+00:00
4371,INPROC_BAF9BD,1,10,team1,Team 1 (N/S),92,28,3,♣,finished,2026-05-18T16:34:27.683568+00:00
4372,INPROC_B4C046,1,10,team2,Team 2 (E/W),52,68,26,♥,finished,2026-05-18T16:34:27.696452+00:00
4373,INPROC_00C1B8,1,10,team1,Team 1 (N/S),89,31,1,♣,finished,2026-05-18T16:34:27.711767+00:00
4374,INPROC_7BCDB1,1,10,team1,Team 1 (N/S),81,39,17,♦,finished,2026-05-18T16:34:27.724249+00:00
4375,INPROC_7B4030,1,10,team1,Team 1 (N/S),98,22,26,♥,finished,2026-05-18T16:34:27.734923+00:00
4376,INPROC_37373F,1,10,team1,Team 1 (N/S),65,55,38,♠,finished,2026-05-18T16:34:27.750389+00:00
4377,INPROC_069289,1,10,team1,Team 1 (N/S),77,43,21,♥,finished,2026-05-18T16:34:27.765542+00:00
4378,INPROC_CE6331,1,10,team1,Team 1 (N/S),68,52,26,♥,finished,2026-05-18T16:34:27.784247+00:00
4379,INPROC_7B1759,1,10,team1,Team 1 (N/S),62,58,33,♠,finished,2026-05-18T16:34:27.800516+00:00
4380,INPROC_36F39C,1,10,team1,Team 1 (N/S),93,27,0,♣,finished,2026-05-18T16:34:27.816278+00:00
4381,INPROC_22AAE2,1,10,team1,Team 1 (N/S),64,56,9,♣,finished,2026-05-18T16:34:27.826891+00:00
4382,INPROC_BC5586,1,10,team2,Team 2 (E/W),22,98,20,♥,finished,2026-05-18T16:34:27.841805+00:00
4383,INPROC_4E6102,1,10,team2,Team 2 (E/W),58,62,39,♠,finished,2026-05-18T16:34:27.856679+00:00
4384,INPROC_422664,1,10,team1,Team 1 (N/S),81,39,27,♥,finished,2026-05-18T16:34:27.872440+00:00
4385,INPROC_EAEC6A,1,10,team2,Team 2 (E/W),54,66,17,♦,finished,2026-05-18T16:34:27.886794+00:00
4386,INPROC_DCD01D,1,10,team2,Team 2 (E/W),46,74,32,♠,finished,2026-05-18T16:34:27.901863+00:00
4387,INPROC_D4A0BF,1,10,team1,Team 1 (N/S),103,17,3,♣,finished,2026-05-18T16:34:27.917141+00:00
4388,INPROC_D67127,1,10,team1,Team 1 (N/S),71,49,33,♠,finished,2026-05-18T16:34:27.931637+00:00
4389,INPROC_9317D9,1,10,team1,Team 1 (N/S),76,44,6,♣,finished,2026-05-18T16:34:27.941364+00:00
4390,INPROC_6C06C0,1,10,team1,Team 1 (N/S),71,49,20,♥,finished,2026-05-18T16:34:27.949853+00:00
4391,INPROC_D400B8,1,10,team1,Team 1 (N/S),66,54,37,♠,finished,2026-05-18T16:34:27.959154+00:00
4392,INPROC_21C18E,1,10,team1,Team 1 (N/S),64,56,39,♠,finished,2026-05-18T16:34:27.974607+00:00
4393,INPROC_753FD9,1,10,team2,Team 2 (E/W),54,66,21,♥,finished,2026-05-18T16:34:27.989352+00:00
4394,INPROC_C01B6E,1,10,team2,Team 2 (E/W),48,72,5,♣,finished,2026-05-18T16:34:27.998330+00:00
4395,INPROC_092736,1,10,team2,Team 2 (E/W),45,75,2,♣,finished,2026-05-18T16:34:28.013447+00:00
4396,INPROC_1E2086,1,10,team1,Team 1 (N/S),76,44,5,♣,finished,2026-05-18T16:34:28.030018+00:00
4397,INPROC_A74AAC,1,10,draw,draw,60,60,39,♠,finished,2026-05-18T16:34:28.045943+00:00
4398,INPROC_5FCB20,1,10,team1,Team 1 (N/S),78,42,27,♥,finished,2026-05-18T16:34:28.065050+00:00
4399,INPROC_BC457E,1,10,team1,Team 1 (N/S),61,59,32,♠,finished,2026-05-18T16:34:28.079668+00:00
4400,INPROC_6DBF0C,1,10,team1,Team 1 (N/S),76,44,38,♠,finished,2026-05-18T16:34:28.092505+00:00
4401,INPROC_958F45,1,10,team1,Team 1 (N/S),68,52,29,♥,finished,2026-05-18T16:34:28.108081+00:00
4402,INPROC_556DF9,1,10,team1,Team 1 (N/S),90,30,33,♠,finished,2026-05-18T16:34:28.127791+00:00
4403,INPROC_825351,1,10,team1,Team 1 (N/S),98,22,18,♦,finished,2026-05-18T16:34:28.145936+00:00
4404,INPROC_4C249C,1,10,team1,Team 1 (N/S),71,49,39,♠,finished,2026-05-18T16:34:28.164635+00:00
4405,INPROC_A69D3E,1,10,team1,Team 1 (N/S),86,34,24,♥,finished,2026-05-18T16:34:28.183439+00:00
4406,INPROC_06647F,1,10,team1,Team 1 (N/S),88,32,15,♦,finished,2026-05-18T16:34:28.200976+00:00
4407,INPROC_9D3F93,1,10,team2,Team 2 (E/W),43,77,39,♠,finished,2026-05-18T16:34:28.216453+00:00
4408,INPROC_DA5E7A,1,10,team2,Team 2 (E/W),34,86,33,♠,finished,2026-05-18T16:34:28.233040+00:00
4409,INPROC_0403C9,1,10,team1,Team 1 (N/S),82,38,20,♥,finished,2026-05-18T16:34:28.250296+00:00
4410,INPROC_4EE5FE,1,10,team1,Team 1 (N/S),80,40,10,♦,finished,2026-05-18T16:34:28.264986+00:00
4411,INPROC_F94879,1,10,team1,Team 1 (N/S),89,31,25,♥,finished,2026-05-18T16:34:28.279098+00:00
4412,INPROC_25F281,1,10,team2,Team 2 (E/W),53,67,31,♠,finished,2026-05-18T16:34:28.294327+00:00
4413,INPROC_E98A39,1,10,team2,Team 2 (E/W),22,98,19,♦,finished,2026-05-18T16:34:28.307805+00:00
4414,INPROC_77FC5C,1,10,team1,Team 1 (N/S),116,4,33,♠,finished,2026-05-18T16:34:28.318720+00:00
4415,INPROC_C50544,1,10,team1,Team 1 (N/S),88,32,31,♠,finished,2026-05-18T16:34:28.328438+00:00
4416,INPROC_F5BA60,1,10,team1,Team 1 (N/S),82,38,34,♠,finished,2026-05-18T16:34:28.338198+00:00
4417,INPROC_60D525,1,10,team2,Team 2 (E/W),38,82,27,♥,finished,2026-05-18T16:34:28.346820+00:00
4418,INPROC_0641C7,1,10,team2,Team 2 (E/W),58,62,10,♦,finished,2026-05-18T16:34:28.357408+00:00
4419,INPROC_1BEFC6,1,10,team1,Team 1 (N/S),71,49,11,♦,finished,2026-05-18T16:34:28.372865+00:00
4420,INPROC_64B9B8,1,10,team2,Team 2 (E/W),49,71,15,♦,finished,2026-05-18T16:34:28.386897+00:00
4421,INPROC_DCCBDE,1,10,team2,Team 2 (E/W),41,79,27,♥,finished,2026-05-18T16:34:28.402271+00:00
4422,INPROC_65A3B3,1,10,team2,Team 2 (E/W),35,85,37,♠,finished,2026-05-18T16:34:28.419126+00:00
4423,INPROC_42BDE2,1,10,team1,Team 1 (N/S),72,48,28,♥,finished,2026-05-18T16:34:28.435631+00:00
4424,INPROC_8DB710,1,10,team2,Team 2 (E/W),10,110,9,♣,finished,2026-05-18T16:34:28.450405+00:00
4425,INPROC_8B1705,1,10,team1,Team 1 (N/S),94,26,1,♣,finished,2026-05-18T16:34:28.465388+00:00
4426,INPROC_4612FE,1,10,team1,Team 1 (N/S),78,42,17,♦,finished,2026-05-18T16:34:28.480215+00:00
4427,INPROC_F1B980,1,10,team1,Team 1 (N/S),63,57,31,♠,finished,2026-05-18T16:34:28.494149+00:00
4428,INPROC_724997,1,10,team2,Team 2 (E/W),23,97,29,♥,finished,2026-05-18T16:34:28.508872+00:00
4429,INPROC_B18402,1,10,team1,Team 1 (N/S),105,15,18,♦,finished,2026-05-18T16:34:28.521919+00:00
4430,INPROC_BC29CC,1,10,team2,Team 2 (E/W),47,73,38,♠,finished,2026-05-18T16:34:28.535276+00:00
4431,INPROC_2D4A1C,1,10,team1,Team 1 (N/S),106,14,32,♠,finished,2026-05-18T16:34:28.549132+00:00
4432,INPROC_3D8886,1,10,team2,Team 2 (E/W),59,61,35,♠,finished,2026-05-18T16:34:28.558521+00:00
4433,INPROC_C7E1F4,1,10,team2,Team 2 (E/W),33,87,12,♦,finished,2026-05-18T16:34:28.574165+00:00
4434,INPROC_1B2EF2,1,10,team1,Team 1 (N/S),87,33,39,♠,finished,2026-05-18T16:34:28.587507+00:00
4435,INPROC_305E6E,1,10,team2,Team 2 (E/W),29,91,14,♦,finished,2026-05-18T16:34:28.602109+00:00
4436,INPROC_3F5C8D,1,10,team1,Team 1 (N/S),102,18,24,♥,finished,2026-05-18T16:34:28.616267+00:00
4437,INPROC_AF35A1,1,10,team2,Team 2 (E/W),29,91,35,♠,finished,2026-05-18T16:34:28.630654+00:00
4438,INPROC_B04E09,1,10,team1,Team 1 (N/S),92,28,1,♣,finished,2026-05-18T16:34:28.645354+00:00
4439,INPROC_7DBB10,1,10,team2,Team 2 (E/W),34,86,6,♣,finished,2026-05-18T16:34:28.658992+00:00
4440,INPROC_FF388A,1,10,team2,Team 2 (E/W),24,96,14,♦,finished,2026-05-18T16:34:28.667850+00:00
4441,INPROC_C77EEA,1,10,team1,Team 1 (N/S),95,25,22,♥,finished,2026-05-18T16:34:28.679938+00:00
4442,INPROC_93E4EF,1,10,team2,Team 2 (E/W),45,75,10,♦,finished,2026-05-18T16:34:28.692412+00:00
4443,INPROC_A415AE,1,10,team1,Team 1 (N/S),95,25,21,♥,finished,2026-05-18T16:34:28.707364+00:00
4444,INPROC_03CD4A,1,10,team2,Team 2 (E/W),55,65,39,♠,finished,2026-05-18T16:34:28.716817+00:00
4445,INPROC_3D4FAD,1,10,team1,Team 1 (N/S),64,56,32,♠,finished,2026-05-18T16:34:28.729536+00:00
4446,INPROC_A16DC8,1,10,team1,Team 1 (N/S),69,51,17,♦,finished,2026-05-18T16:34:28.745419+00:00
4447,INPROC_5708CF,1,10,team1,Team 1 (N/S),72,48,16,♦,finished,2026-05-18T16:34:28.758922+00:00
4448,INPROC_2D28BE,1,10,team2,Team 2 (E/W),40,80,21,♥,finished,2026-05-18T16:34:28.771504+00:00
4449,INPROC_EBFA05,1,10,team1,Team 1 (N/S),80,40,5,♣,finished,2026-05-18T16:34:28.785469+00:00
4450,INPROC_F0E917,1,10,team1,Team 1 (N/S),74,46,16,♦,finished,2026-05-18T16:34:28.799872+00:00
4451,INPROC_2F8211,1,10,team1,Team 1 (N/S),84,36,18,♦,finished,2026-05-18T16:34:28.815442+00:00
4452,INPROC_5963FE,1,10,draw,draw,60,60,34,♠,finished,2026-05-18T16:34:28.829748+00:00
4453,INPROC_1EB1EA,1,10,team2,Team 2 (E/W),53,67,9,♣,finished,2026-05-18T16:34:28.844326+00:00
4454,INPROC_F67771,1,10,team1,Team 1 (N/S),103,17,35,♠,finished,2026-05-18T16:34:28.858087+00:00
4455,INPROC_28EDEC,1,10,team2,Team 2 (E/W),16,104,21,♥,finished,2026-05-18T16:34:28.872802+00:00
4456,INPROC_60B2FA,1,10,team1,Team 1 (N/S),69,51,18,♦,finished,2026-05-18T16:34:28.888092+00:00
4457,INPROC_9713DB,1,10,team1,Team 1 (N/S),105,15,2,♣,finished,2026-05-18T16:34:28.904311+00:00
4458,INPROC_412017,1,10,team1,Team 1 (N/S),83,37,7,♣,finished,2026-05-18T16:34:28.921684+00:00
4459,INPROC_13FC85,1,10,team1,Team 1 (N/S),75,45,35,♠,finished,2026-05-18T16:34:28.939240+00:00
4460,INPROC_D85E6D,1,10,team1,Team 1 (N/S),89,31,0,♣,finished,2026-05-18T16:34:28.953351+00:00
4461,INPROC_DDFA70,1,10,team1,Team 1 (N/S),99,21,25,♥,finished,2026-05-18T16:34:28.968847+00:00
4462,INPROC_2C0C57,1,10,team1,Team 1 (N/S),90,30,33,♠,finished,2026-05-18T16:34:28.983837+00:00
4463,INPROC_ABBBB8,1,10,team1,Team 1 (N/S),80,40,36,♠,finished,2026-05-18T16:34:28.998175+00:00
4464,INPROC_F939B0,1,10,team1,Team 1 (N/S),91,29,13,♦,finished,2026-05-18T16:34:29.011086+00:00
4465,INPROC_64166E,1,10,team2,Team 2 (E/W),46,74,28,♥,finished,2026-05-18T16:34:29.027684+00:00
4466,INPROC_76D088,1,10,team1,Team 1 (N/S),79,41,15,♦,finished,2026-05-18T16:34:29.040053+00:00
4467,INPROC_4A07EF,1,10,team1,Team 1 (N/S),76,44,1,♣,finished,2026-05-18T16:34:29.055147+00:00
4468,INPROC_CDFBFC,1,10,team1,Team 1 (N/S),78,42,7,♣,finished,2026-05-18T16:34:29.071454+00:00
4469,INPROC_24AC51,1,10,team1,Team 1 (N/S),103,17,8,♣,finished,2026-05-18T16:34:29.085183+00:00
4470,INPROC_125704,1,10,team1,Team 1 (N/S),69,51,0,♣,finished,2026-05-18T16:34:29.097653+00:00
4471,INPROC_B7BC8A,1,10,team1,Team 1 (N/S),72,48,2,♣,finished,2026-05-18T16:34:29.112493+00:00
4472,INPROC_DA69FB,1,10,team2,Team 2 (E/W),57,63,0,♣,finished,2026-05-18T16:34:29.126001+00:00
4473,INPROC_50E273,1,10,team2,Team 2 (E/W),35,85,3,♣,finished,2026-05-18T16:34:29.139745+00:00
4474,INPROC_9EA81A,1,10,team2,Team 2 (E/W),57,63,12,♦,finished,2026-05-18T16:34:29.158216+00:00
4475,INPROC_6638DB,1,10,team1,Team 1 (N/S),71,49,21,♥,finished,2026-05-18T16:34:29.174941+00:00
4476,INPROC_81E46A,1,10,team2,Team 2 (E/W),40,80,25,♥,finished,2026-05-18T16:34:29.191329+00:00
4477,INPROC_785C03,1,10,team2,Team 2 (E/W),51,69,32,♠,finished,2026-05-18T16:34:29.207984+00:00
4478,INPROC_FF3A83,1,10,team1,Team 1 (N/S),92,28,14,♦,finished,2026-05-18T16:34:29.225659+00:00
4479,INPROC_791472,1,10,team2,Team 2 (E/W),55,65,29,♥,finished,2026-05-18T16:34:29.243060+00:00
4480,INPROC_032A55,1,10,team1,Team 1 (N/S),78,42,11,♦,finished,2026-05-18T16:34:29.263676+00:00
4481,INPROC_FBBEF3,1,10,team2,Team 2 (E/W),57,63,23,♥,finished,2026-05-18T16:34:29.282174+00:00
4482,INPROC_6EEB06,1,10,team2,Team 2 (E/W),22,98,7,♣,finished,2026-05-18T16:34:29.298722+00:00
4483,INPROC_9E72D1,1,10,team1,Team 1 (N/S),83,37,22,♥,finished,2026-05-18T16:34:29.319349+00:00
4484,INPROC_B7B115,1,10,team2,Team 2 (E/W),34,86,24,♥,finished,2026-05-18T16:34:29.341019+00:00
4485,INPROC_B6DF99,1,10,team1,Team 1 (N/S),94,26,32,♠,finished,2026-05-18T16:34:29.359096+00:00
4486,INPROC_72EFC9,1,10,team1,Team 1 (N/S),71,49,1,♣,finished,2026-05-18T16:34:29.376528+00:00
4487,INPROC_AE15CC,1,10,team1,Team 1 (N/S),97,23,1,♣,finished,2026-05-18T16:34:29.390440+00:00
4488,INPROC_A7B3DF,1,10,team1,Team 1 (N/S),86,34,16,♦,finished,2026-05-18T16:34:29.400449+00:00
4489,INPROC_FFF8D7,1,10,team1,Team 1 (N/S),86,34,8,♣,finished,2026-05-18T16:34:29.417257+00:00
4490,INPROC_9ADE07,1,10,team1,Team 1 (N/S),77,43,5,♣,finished,2026-05-18T16:34:29.433396+00:00
4491,INPROC_A11062,1,10,team2,Team 2 (E/W),43,77,6,♣,finished,2026-05-18T16:34:29.445702+00:00
4492,INPROC_57BAD9,1,10,team1,Team 1 (N/S),82,38,20,♥,finished,2026-05-18T16:34:29.462283+00:00
4493,INPROC_106258,1,10,team1,Team 1 (N/S),93,27,24,♥,finished,2026-05-18T16:34:29.476586+00:00
4494,INPROC_658F3A,1,10,team2,Team 2 (E/W),39,81,31,♠,finished,2026-05-18T16:34:29.492617+00:00
4495,INPROC_EBD735,1,10,team1,Team 1 (N/S),89,31,28,♥,finished,2026-05-18T16:34:29.507929+00:00
4496,INPROC_5756AA,1,10,team1,Team 1 (N/S),65,55,8,♣,finished,2026-05-18T16:34:29.523249+00:00
4497,INPROC_F7F1C3,1,10,team1,Team 1 (N/S),77,43,0,♣,finished,2026-05-18T16:34:29.538078+00:00
4498,INPROC_4B7F5A,1,10,team2,Team 2 (E/W),24,96,26,♥,finished,2026-05-18T16:34:29.552107+00:00
4499,INPROC_FCF129,1,10,team1,Team 1 (N/S),95,25,1,♣,finished,2026-05-18T16:34:29.568416+00:00
4500,INPROC_308602,1,10,team1,Team 1 (N/S),72,48,27,♥,finished,2026-05-18T16:34:29.585444+00:00
4501,INPROC_AEAE02,1,10,team1,Team 1 (N/S),87,33,6,♣,finished,2026-05-18T16:34:29.597305+00:00
4502,INPROC_989010,1,10,team1,Team 1 (N/S),66,54,5,♣,finished,2026-05-18T16:34:29.614087+00:00
4503,INPROC_BB15A8,1,10,team1,Team 1 (N/S),81,39,19,♦,finished,2026-05-18T16:34:29.631474+00:00
4504,INPROC_F9DBE8,1,10,team1,Team 1 (N/S),81,39,28,♥,finished,2026-05-18T16:34:29.649174+00:00
4505,INPROC_03AE3E,1,10,team1,Team 1 (N/S),88,32,20,♥,finished,2026-05-18T16:34:29.665378+00:00
4506,INPROC_47BF55,1,10,team2,Team 2 (E/W),56,64,17,♦,finished,2026-05-18T16:34:29.678209+00:00
4507,INPROC_F63BB4,1,10,team1,Team 1 (N/S),74,46,2,♣,finished,2026-05-18T16:34:29.692517+00:00
4508,INPROC_E97658,1,10,team1,Team 1 (N/S),62,58,36,♠,finished,2026-05-18T16:34:29.707131+00:00
4509,INPROC_9E995E,1,10,team1,Team 1 (N/S),81,39,22,♥,finished,2026-05-18T16:34:29.721933+00:00
4510,INPROC_6BBF74,1,10,team1,Team 1 (N/S),71,49,8,♣,finished,2026-05-18T16:34:29.735958+00:00
4511,INPROC_5BAC38,1,10,team1,Team 1 (N/S),92,28,19,♦,finished,2026-05-18T16:34:29.752569+00:00
4512,INPROC_D9EF0A,1,10,team1,Team 1 (N/S),69,51,33,♠,finished,2026-05-18T16:34:29.770294+00:00
4513,INPROC_FA56AA,1,10,team1,Team 1 (N/S),74,46,23,♥,finished,2026-05-18T16:34:29.786403+00:00
4514,INPROC_2E0C84,1,10,team2,Team 2 (E/W),57,63,17,♦,finished,2026-05-18T16:34:29.803044+00:00
4515,INPROC_EE4CBA,1,10,team2,Team 2 (E/W),47,73,21,♥,finished,2026-05-18T16:34:29.818781+00:00
4516,INPROC_31BF31,1,10,team1,Team 1 (N/S),96,24,11,♦,finished,2026-05-18T16:34:29.835706+00:00
4517,INPROC_6C0591,1,10,team1,Team 1 (N/S),104,16,38,♠,finished,2026-05-18T16:34:29.851473+00:00
4518,INPROC_A27D74,1,10,team1,Team 1 (N/S),71,49,21,♥,finished,2026-05-18T16:34:29.866770+00:00
4519,INPROC_156AE1,1,10,team2,Team 2 (E/W),50,70,14,♦,finished,2026-05-18T16:34:29.883696+00:00
4520,INPROC_E8BBD9,1,10,team1,Team 1 (N/S),94,26,14,♦,finished,2026-05-18T16:34:29.899889+00:00
4521,INPROC_A7F7B7,1,10,team2,Team 2 (E/W),20,100,3,♣,finished,2026-05-18T16:34:29.916031+00:00
4522,INPROC_743EAE,1,10,team1,Team 1 (N/S),63,57,10,♦,finished,2026-05-18T16:34:29.933415+00:00
4523,INPROC_99939C,1,10,team1,Team 1 (N/S),70,50,28,♥,finished,2026-05-18T16:34:29.949913+00:00
4524,INPROC_A61EA9,1,10,team1,Team 1 (N/S),72,48,13,♦,finished,2026-05-18T16:34:29.965401+00:00
4525,INPROC_B0CFA2,1,10,team1,Team 1 (N/S),106,14,4,♣,finished,2026-05-18T16:34:29.981422+00:00
4526,INPROC_51DB7B,1,10,team2,Team 2 (E/W),47,73,28,♥,finished,2026-05-18T16:34:29.998199+00:00
4527,INPROC_84C7F3,1,10,team1,Team 1 (N/S),88,32,18,♦,finished,2026-05-18T16:34:30.008734+00:00
4528,INPROC_55169D,1,10,team1,Team 1 (N/S),117,3,20,♥,finished,2026-05-18T16:34:30.019333+00:00
4529,INPROC_CDB92C,1,10,team2,Team 2 (E/W),26,94,20,♥,finished,2026-05-18T16:34:30.031104+00:00
4530,INPROC_429376,1,10,team1,Team 1 (N/S),98,22,21,♥,finished,2026-05-18T16:34:30.045739+00:00
4531,INPROC_6C0748,1,10,team1,Team 1 (N/S),70,50,39,♠,finished,2026-05-18T16:34:30.061027+00:00
4532,INPROC_7851AF,1,10,team2,Team 2 (E/W),57,63,6,♣,finished,2026-05-18T16:34:30.075834+00:00
4533,INPROC_2297BB,1,10,team2,Team 2 (E/W),56,64,7,♣,finished,2026-05-18T16:34:30.092263+00:00
4534,INPROC_6190E6,1,10,draw,draw,60,60,11,♦,finished,2026-05-18T16:34:30.106967+00:00
4535,INPROC_C137E7,1,10,team1,Team 1 (N/S),90,30,35,♠,finished,2026-05-18T16:34:30.122818+00:00
4536,INPROC_A8AC28,1,10,team1,Team 1 (N/S),67,53,38,♠,finished,2026-05-18T16:34:30.141014+00:00
4537,INPROC_A9C6B0,1,10,team1,Team 1 (N/S),76,44,28,♥,finished,2026-05-18T16:34:30.159296+00:00
4538,INPROC_8CA910,1,10,team1,Team 1 (N/S),86,34,33,♠,finished,2026-05-18T16:34:30.175512+00:00
4539,INPROC_A0E751,1,10,team1,Team 1 (N/S),88,32,5,♣,finished,2026-05-18T16:34:30.189964+00:00
4540,INPROC_7D3776,1,10,team1,Team 1 (N/S),77,43,17,♦,finished,2026-05-18T16:34:30.206506+00:00
4541,INPROC_8E0E44,1,10,team1,Team 1 (N/S),94,26,29,♥,finished,2026-05-18T16:34:30.219590+00:00
4542,INPROC_F3A857,1,10,team1,Team 1 (N/S),72,48,19,♦,finished,2026-05-18T16:34:30.232897+00:00
4543,INPROC_C8AFC2,1,10,team2,Team 2 (E/W),9,111,14,♦,finished,2026-05-18T16:34:30.245206+00:00
4544,INPROC_93670A,1,10,team1,Team 1 (N/S),96,24,6,♣,finished,2026-05-18T16:34:30.259836+00:00
4545,INPROC_24B188,1,10,team1,Team 1 (N/S),67,53,39,♠,finished,2026-05-18T16:34:30.275494+00:00
4546,INPROC_468F19,1,10,team1,Team 1 (N/S),72,48,22,♥,finished,2026-05-18T16:34:30.288249+00:00
4547,INPROC_E1B74F,1,10,team1,Team 1 (N/S),96,24,29,♥,finished,2026-05-18T16:34:30.301848+00:00
4548,INPROC_E97CEC,1,10,team2,Team 2 (E/W),27,93,32,♠,finished,2026-05-18T16:34:30.315149+00:00
4549,INPROC_3C7BA3,1,10,team1,Team 1 (N/S),102,18,21,♥,finished,2026-05-18T16:34:30.326982+00:00
4550,INPROC_7D965F,1,10,team2,Team 2 (E/W),50,70,21,♥,finished,2026-05-18T16:34:30.339706+00:00
4551,INPROC_035CBE,1,10,team1,Team 1 (N/S),118,2,34,♠,finished,2026-05-18T16:34:30.353182+00:00
4552,INPROC_7C47BA,1,10,team2,Team 2 (E/W),45,75,27,♥,finished,2026-05-18T16:34:30.368539+00:00
4553,INPROC_3889E4,1,10,team2,Team 2 (E/W),48,72,28,♥,finished,2026-05-18T16:34:30.381717+00:00
4554,INPROC_E71047,1,10,team2,Team 2 (E/W),31,89,0,♣,finished,2026-05-18T16:34:30.396749+00:00
4555,INPROC_8499BC,1,10,team2,Team 2 (E/W),53,67,11,♦,finished,2026-05-18T16:34:30.410009+00:00
4556,INPROC_8DBD09,1,10,team1,Team 1 (N/S),113,7,37,♠,finished,2026-05-18T16:34:30.423720+00:00
4557,INPROC_3620DF,1,10,team2,Team 2 (E/W),36,84,2,♣,finished,2026-05-18T16:34:30.437290+00:00
4558,INPROC_B294A1,1,10,team2,Team 2 (E/W),54,66,23,♥,finished,2026-05-18T16:34:30.451281+00:00
4559,INPROC_3653ED,1,10,team1,Team 1 (N/S),67,53,5,♣,finished,2026-05-18T16:34:30.463886+00:00
4560,INPROC_B8EDC4,1,10,team2,Team 2 (E/W),44,76,12,♦,finished,2026-05-18T16:34:30.477516+00:00
4561,INPROC_40A873,1,10,team2,Team 2 (E/W),59,61,0,♣,finished,2026-05-18T16:34:30.494482+00:00
4562,INPROC_5178B8,1,10,team1,Team 1 (N/S),116,4,34,♠,finished,2026-05-18T16:34:30.511458+00:00
4563,INPROC_F76997,1,10,team2,Team 2 (E/W),48,72,19,♦,finished,2026-05-18T16:34:30.527718+00:00
4564,INPROC_C1A262,1,10,team1,Team 1 (N/S),77,43,24,♥,finished,2026-05-18T16:34:30.542247+00:00
4565,INPROC_43FAF4,1,10,team2,Team 2 (E/W),53,67,30,♠,finished,2026-05-18T16:34:30.559643+00:00
4566,INPROC_67AD76,1,10,team1,Team 1 (N/S),102,18,11,♦,finished,2026-05-18T16:34:30.576355+00:00
4567,INPROC_721608,1,10,team1,Team 1 (N/S),98,22,37,♠,finished,2026-05-18T16:34:30.595047+00:00
4568,INPROC_439EB2,1,10,team1,Team 1 (N/S),93,27,22,♥,finished,2026-05-18T16:34:30.614617+00:00
4569,INPROC_67CA7D,1,10,team2,Team 2 (E/W),52,68,28,♥,finished,2026-05-18T16:34:30.636972+00:00
4570,INPROC_2781A7,1,10,team1,Team 1 (N/S),86,34,23,♥,finished,2026-05-18T16:34:30.655008+00:00
4571,INPROC_1BB959,1,10,team2,Team 2 (E/W),44,76,31,♠,finished,2026-05-18T16:34:30.668632+00:00
4572,INPROC_78C911,1,10,team1,Team 1 (N/S),76,44,34,♠,finished,2026-05-18T16:34:30.677325+00:00
4573,INPROC_9B1B54,1,10,team1,Team 1 (N/S),91,29,5,♣,finished,2026-05-18T16:34:30.690396+00:00
4574,INPROC_F545A0,1,10,team2,Team 2 (E/W),58,62,1,♣,finished,2026-05-18T16:34:30.703949+00:00
4575,INPROC_E7B6C6,1,10,team2,Team 2 (E/W),58,62,9,♣,finished,2026-05-18T16:34:30.718844+00:00
4576,INPROC_54BDDF,1,10,team2,Team 2 (E/W),57,63,26,♥,finished,2026-05-18T16:34:30.733393+00:00
4577,INPROC_2790A3,1,10,team1,Team 1 (N/S),86,34,10,♦,finished,2026-05-18T16:34:30.745470+00:00
4578,INPROC_6F4251,1,10,team1,Team 1 (N/S),83,37,15,♦,finished,2026-05-18T16:34:30.757700+00:00
4579,INPROC_246BBF,1,10,team2,Team 2 (E/W),55,65,19,♦,finished,2026-05-18T16:34:30.772421+00:00
4580,INPROC_04EA11,1,10,team2,Team 2 (E/W),51,69,33,♠,finished,2026-05-18T16:34:30.785373+00:00
4581,INPROC_808810,1,10,team1,Team 1 (N/S),95,25,12,♦,finished,2026-05-18T16:34:30.799900+00:00
4582,INPROC_11248A,1,10,team2,Team 2 (E/W),40,80,21,♥,finished,2026-05-18T16:34:30.815771+00:00
4583,INPROC_D70B4C,1,10,team1,Team 1 (N/S),79,41,23,♥,finished,2026-05-18T16:34:30.832767+00:00
4584,INPROC_8F3CE5,1,10,team2,Team 2 (E/W),51,69,31,♠,finished,2026-05-18T16:34:30.849042+00:00
4585,INPROC_2989F8,1,10,team1,Team 1 (N/S),97,23,4,♣,finished,2026-05-18T16:34:30.862254+00:00
4586,INPROC_366BDA,1,10,team1,Team 1 (N/S),84,36,1,♣,finished,2026-05-18T16:34:30.877662+00:00
4587,INPROC_F6C3AE,1,10,team1,Team 1 (N/S),91,29,38,♠,finished,2026-05-18T16:34:30.895513+00:00
4588,INPROC_664927,1,10,team1,Team 1 (N/S),78,42,7,♣,finished,2026-05-18T16:34:30.912936+00:00
4589,INPROC_4D5D66,1,10,team1,Team 1 (N/S),88,32,11,♦,finished,2026-05-18T16:34:30.927122+00:00
4590,INPROC_403C92,1,10,team1,Team 1 (N/S),102,18,22,♥,finished,2026-05-18T16:34:30.942208+00:00
4591,INPROC_DCE81A,1,10,team1,Team 1 (N/S),82,38,19,♦,finished,2026-05-18T16:34:30.955956+00:00
4592,INPROC_7C1F88,1,10,team1,Team 1 (N/S),67,53,24,♥,finished,2026-05-18T16:34:30.969790+00:00
4593,INPROC_3AE42B,1,10,team1,Team 1 (N/S),63,57,4,♣,finished,2026-05-18T16:34:30.983097+00:00
4594,INPROC_6C5594,1,10,team1,Team 1 (N/S),81,39,35,♠,finished,2026-05-18T16:34:30.997096+00:00
4595,INPROC_AF308D,1,10,team2,Team 2 (E/W),41,79,37,♠,finished,2026-05-18T16:34:31.010378+00:00
4596,INPROC_3AC70D,1,10,team1,Team 1 (N/S),88,32,14,♦,finished,2026-05-18T16:34:31.024098+00:00
4597,INPROC_801589,1,10,team1,Team 1 (N/S),76,44,11,♦,finished,2026-05-18T16:34:31.039537+00:00
4598,INPROC_08FA7C,1,10,team1,Team 1 (N/S),76,44,23,♥,finished,2026-05-18T16:34:31.059410+00:00
4599,INPROC_6DA4E1,1,10,team1,Team 1 (N/S),85,35,28,♥,finished,2026-05-18T16:34:31.077533+00:00
4600,INPROC_442881,1,10,team2,Team 2 (E/W),42,78,14,♦,finished,2026-05-18T16:34:31.092364+00:00
4601,INPROC_BFB28A,1,10,team2,Team 2 (E/W),59,61,24,♥,finished,2026-05-18T16:34:31.110258+00:00
4602,INPROC_2AA7BD,1,10,team2,Team 2 (E/W),14,106,14,♦,finished,2026-05-18T16:34:31.127713+00:00
4603,INPROC_362CF1,1,10,team1,Team 1 (N/S),85,35,10,♦,finished,2026-05-18T16:34:31.143993+00:00
4604,INPROC_21271B,1,10,team1,Team 1 (N/S),74,46,8,♣,finished,2026-05-18T16:34:31.156886+00:00
4605,INPROC_0869D5,1,10,team2,Team 2 (E/W),28,92,14,♦,finished,2026-05-18T16:34:31.171181+00:00
4606,INPROC_051603,1,10,team2,Team 2 (E/W),57,63,33,♠,finished,2026-05-18T16:34:31.185259+00:00
4607,INPROC_4D5013,1,10,team2,Team 2 (E/W),25,95,33,♠,finished,2026-05-18T16:34:31.200264+00:00
4608,INPROC_51967E,1,10,team1,Team 1 (N/S),79,41,15,♦,finished,2026-05-18T16:34:31.212887+00:00
4609,INPROC_5BD21E,1,10,team1,Team 1 (N/S),80,40,27,♥,finished,2026-05-18T16:34:31.224715+00:00
4610,INPROC_84DB2E,1,10,team2,Team 2 (E/W),48,72,10,♦,finished,2026-05-18T16:34:31.238097+00:00
4611,INPROC_D04519,1,10,team2,Team 2 (E/W),36,84,22,♥,finished,2026-05-18T16:34:31.252169+00:00
4612,INPROC_6520C4,1,10,team2,Team 2 (E/W),26,94,33,♠,finished,2026-05-18T16:34:31.268073+00:00
4613,INPROC_D46024,1,10,team1,Team 1 (N/S),90,30,1,♣,finished,2026-05-18T16:34:31.284731+00:00
4614,INPROC_FAB786,1,10,team1,Team 1 (N/S),85,35,32,♠,finished,2026-05-18T16:34:31.302408+00:00
4615,INPROC_42E744,1,10,team1,Team 1 (N/S),61,59,3,♣,finished,2026-05-18T16:34:31.319721+00:00
4616,INPROC_022DCE,1,10,team1,Team 1 (N/S),109,11,11,♦,finished,2026-05-18T16:34:31.334928+00:00
4617,INPROC_CE11DD,1,10,team2,Team 2 (E/W),18,102,5,♣,finished,2026-05-18T16:34:31.347400+00:00
4618,INPROC_7D34BA,1,10,team1,Team 1 (N/S),78,42,5,♣,finished,2026-05-18T16:34:31.365487+00:00
4619,INPROC_7FFEF9,1,10,team2,Team 2 (E/W),37,83,33,♠,finished,2026-05-18T16:34:31.386436+00:00
4620,INPROC_3A648D,1,10,team2,Team 2 (E/W),59,61,28,♥,finished,2026-05-18T16:34:31.402757+00:00
4621,INPROC_B92260,1,10,team1,Team 1 (N/S),98,22,0,♣,finished,2026-05-18T16:34:31.418683+00:00
4622,INPROC_554409,1,10,team2,Team 2 (E/W),50,70,32,♠,finished,2026-05-18T16:34:31.433941+00:00
4623,INPROC_B842D6,1,10,team2,Team 2 (E/W),47,73,7,♣,finished,2026-05-18T16:34:31.450560+00:00
4624,INPROC_13DA4B,1,10,team1,Team 1 (N/S),64,56,16,♦,finished,2026-05-18T16:34:31.467325+00:00
4625,INPROC_5A1345,1,10,team1,Team 1 (N/S),100,20,31,♠,finished,2026-05-18T16:34:31.483175+00:00
4626,INPROC_6EF106,1,10,team1,Team 1 (N/S),97,23,0,♣,finished,2026-05-18T16:34:31.498420+00:00
4627,INPROC_B5F2F3,1,10,team1,Team 1 (N/S),72,48,9,♣,finished,2026-05-18T16:34:31.513123+00:00
4628,INPROC_082A92,1,10,team1,Team 1 (N/S),111,9,25,♥,finished,2026-05-18T16:34:31.529339+00:00
4629,INPROC_D95803,1,10,team1,Team 1 (N/S),63,57,19,♦,finished,2026-05-18T16:34:31.543307+00:00
4630,INPROC_6D0AD1,1,10,team1,Team 1 (N/S),71,49,0,♣,finished,2026-05-18T16:34:31.557628+00:00
4631,INPROC_FC3C15,1,10,team1,Team 1 (N/S),77,43,15,♦,finished,2026-05-18T16:34:31.568452+00:00
4632,INPROC_BC0E95,1,10,team1,Team 1 (N/S),116,4,12,♦,finished,2026-05-18T16:34:31.580493+00:00
4633,INPROC_BEEAC5,1,10,team1,Team 1 (N/S),91,29,3,♣,finished,2026-05-18T16:34:31.593082+00:00
4634,INPROC_C8EA16,1,10,team2,Team 2 (E/W),59,61,2,♣,finished,2026-05-18T16:34:31.608678+00:00
4635,INPROC_41C63F,1,10,team1,Team 1 (N/S),70,50,8,♣,finished,2026-05-18T16:34:31.622507+00:00
4636,INPROC_046794,1,10,team1,Team 1 (N/S),73,47,21,♥,finished,2026-05-18T16:34:31.639632+00:00
4637,INPROC_78DB7A,1,10,team1,Team 1 (N/S),102,18,11,♦,finished,2026-05-18T16:34:31.657407+00:00
4638,INPROC_164F9F,1,10,team1,Team 1 (N/S),69,51,26,♥,finished,2026-05-18T16:34:31.672552+00:00
4639,INPROC_109438,1,10,team2,Team 2 (E/W),57,63,9,♣,finished,2026-05-18T16:34:31.688565+00:00
4640,INPROC_7A4F59,1,10,team2,Team 2 (E/W),41,79,0,♣,finished,2026-05-18T16:34:31.703463+00:00
4641,INPROC_3D2EAA,1,10,team1,Team 1 (N/S),90,30,15,♦,finished,2026-05-18T16:34:31.719891+00:00
4642,INPROC_FA353E,1,10,team1,Team 1 (N/S),89,31,35,♠,finished,2026-05-18T16:34:31.734343+00:00
4643,INPROC_9D55F6,1,10,team1,Team 1 (N/S),85,35,2,♣,finished,2026-05-18T16:34:31.749251+00:00
4644,INPROC_975C26,1,10,team2,Team 2 (E/W),54,66,2,♣,finished,2026-05-18T16:34:31.764037+00:00
4645,INPROC_792B96,1,10,team2,Team 2 (E/W),59,61,5,♣,finished,2026-05-18T16:34:31.779275+00:00
4646,INPROC_60B298,1,10,team1,Team 1 (N/S),87,33,0,♣,finished,2026-05-18T16:34:31.794211+00:00
4647,INPROC_0820BE,1,10,team1,Team 1 (N/S),90,30,36,♠,finished,2026-05-18T16:34:31.809698+00:00
4648,INPROC_447918,1,10,team1,Team 1 (N/S),93,27,39,♠,finished,2026-05-18T16:34:31.825257+00:00
4649,INPROC_C66523,1,10,team1,Team 1 (N/S),90,30,0,♣,finished,2026-05-18T16:34:31.840575+00:00
4650,INPROC_B77ACF,1,10,team1,Team 1 (N/S),102,18,21,♥,finished,2026-05-18T16:34:31.859891+00:00
4651,INPROC_F341AB,1,10,team1,Team 1 (N/S),103,17,16,♦,finished,2026-05-18T16:34:31.875733+00:00
4652,INPROC_E11CB9,1,10,team1,Team 1 (N/S),87,33,39,♠,finished,2026-05-18T16:34:31.889146+00:00
4653,INPROC_0C30F5,1,10,team1,Team 1 (N/S),71,49,9,♣,finished,2026-05-18T16:34:31.905010+00:00
4654,INPROC_3EBFA6,1,10,team1,Team 1 (N/S),99,21,39,♠,finished,2026-05-18T16:34:31.926510+00:00
4655,INPROC_77DF2E,1,10,team1,Team 1 (N/S),110,10,0,♣,finished,2026-05-18T16:34:31.958206+00:00
4656,INPROC_FEE046,1,10,team1,Team 1 (N/S),73,47,36,♠,finished,2026-05-18T16:34:31.981678+00:00
4657,INPROC_9B5C9C,1,10,team1,Team 1 (N/S),73,47,14,♦,finished,2026-05-18T16:34:31.997818+00:00
4658,INPROC_5E20DA,1,10,team1,Team 1 (N/S),93,27,23,♥,finished,2026-05-18T16:34:32.014208+00:00
4659,INPROC_E075DD,1,10,team1,Team 1 (N/S),75,45,13,♦,finished,2026-05-18T16:34:32.028831+00:00
4660,INPROC_4EEEC2,1,10,team2,Team 2 (E/W),39,81,19,♦,finished,2026-05-18T16:34:32.044107+00:00
4661,INPROC_115AE8,1,10,team1,Team 1 (N/S),102,18,2,♣,finished,2026-05-18T16:34:32.060447+00:00
4662,INPROC_5914CB,1,10,team1,Team 1 (N/S),70,50,24,♥,finished,2026-05-18T16:34:32.078138+00:00
4663,INPROC_983F39,1,10,team2,Team 2 (E/W),53,67,2,♣,finished,2026-05-18T16:34:32.095830+00:00
4664,INPROC_0290D2,1,10,team2,Team 2 (E/W),51,69,11,♦,finished,2026-05-18T16:34:32.108973+00:00
4665,INPROC_C3190F,1,10,team1,Team 1 (N/S),75,45,14,♦,finished,2026-05-18T16:34:32.123414+00:00
4666,INPROC_E4D99F,1,10,team1,Team 1 (N/S),61,59,28,♥,finished,2026-05-18T16:34:32.137671+00:00
4667,INPROC_D98AE1,1,10,team2,Team 2 (E/W),46,74,8,♣,finished,2026-05-18T16:34:32.151324+00:00
4668,INPROC_13F0A6,1,10,team1,Team 1 (N/S),66,54,30,♠,finished,2026-05-18T16:34:32.165778+00:00
4669,INPROC_58E49D,1,10,team1,Team 1 (N/S),93,27,3,♣,finished,2026-05-18T16:34:32.180932+00:00
4670,INPROC_C4BBC4,1,10,team1,Team 1 (N/S),92,28,32,♠,finished,2026-05-18T16:34:32.194069+00:00
4671,INPROC_D38DE8,1,10,team2,Team 2 (E/W),59,61,7,♣,finished,2026-05-18T16:34:32.208844+00:00
4672,INPROC_AE5BB8,1,10,team1,Team 1 (N/S),62,58,29,♥,finished,2026-05-18T16:34:32.221462+00:00
4673,INPROC_E645B0,1,10,team1,Team 1 (N/S),85,35,17,♦,finished,2026-05-18T16:34:32.235635+00:00
4674,INPROC_EF46C2,1,10,team1,Team 1 (N/S),83,37,20,♥,finished,2026-05-18T16:34:32.248684+00:00
4675,INPROC_77DAC0,1,10,team2,Team 2 (E/W),49,71,38,♠,finished,2026-05-18T16:34:32.263324+00:00
4676,INPROC_304809,1,10,team1,Team 1 (N/S),89,31,10,♦,finished,2026-05-18T16:34:32.279389+00:00
4677,INPROC_0E8437,1,10,team1,Team 1 (N/S),63,57,14,♦,finished,2026-05-18T16:34:32.291923+00:00
4678,INPROC_07C5FF,1,10,team2,Team 2 (E/W),56,64,36,♠,finished,2026-05-18T16:34:32.305222+00:00
4679,INPROC_423B3D,1,10,team1,Team 1 (N/S),69,51,30,♠,finished,2026-05-18T16:34:32.318377+00:00
4680,INPROC_14EB72,1,10,team2,Team 2 (E/W),27,93,38,♠,finished,2026-05-18T16:34:32.330787+00:00
4681,INPROC_5112FC,1,10,team2,Team 2 (E/W),26,94,33,♠,finished,2026-05-18T16:34:32.344670+00:00
4682,INPROC_8425F4,1,10,team1,Team 1 (N/S),78,42,13,♦,finished,2026-05-18T16:34:32.369677+00:00
4683,INPROC_B15FCB,1,10,team2,Team 2 (E/W),54,66,8,♣,finished,2026-05-18T16:34:32.384232+00:00
4684,INPROC_CEA288,1,10,team1,Team 1 (N/S),67,53,3,♣,finished,2026-05-18T16:34:32.398633+00:00
4685,INPROC_D017F1,1,10,team1,Team 1 (N/S),72,48,33,♠,finished,2026-05-18T16:34:32.413247+00:00
4686,INPROC_1DF610,1,10,team2,Team 2 (E/W),54,66,8,♣,finished,2026-05-18T16:34:32.427456+00:00
4687,INPROC_00C748,1,10,team1,Team 1 (N/S),99,21,33,♠,finished,2026-05-18T16:34:32.442423+00:00
4688,INPROC_606DAA,1,10,team1,Team 1 (N/S),69,51,11,♦,finished,2026-05-18T16:34:32.457153+00:00
4689,INPROC_F58362,1,10,team1,Team 1 (N/S),97,23,2,♣,finished,2026-05-18T16:34:32.474167+00:00
4690,INPROC_6B25C8,1,10,team2,Team 2 (E/W),49,71,33,♠,finished,2026-05-18T16:34:32.490588+00:00
4691,INPROC_2A7EC8,1,10,team2,Team 2 (E/W),54,66,19,♦,finished,2026-05-18T16:34:32.505536+00:00
4692,INPROC_C933F4,1,10,team2,Team 2 (E/W),59,61,29,♥,finished,2026-05-18T16:34:32.521206+00:00
4693,INPROC_F7B0FD,1,10,team1,Team 1 (N/S),81,39,22,♥,finished,2026-05-18T16:34:32.539190+00:00
4694,INPROC_3C4341,1,10,team1,Team 1 (N/S),82,38,6,♣,finished,2026-05-18T16:34:32.556875+00:00
4695,INPROC_6D2A9A,1,10,team1,Team 1 (N/S),109,11,2,♣,finished,2026-05-18T16:34:32.573942+00:00
4696,INPROC_76F864,1,10,team2,Team 2 (E/W),23,97,31,♠,finished,2026-05-18T16:34:32.588943+00:00
4697,INPROC_227CEE,1,10,team1,Team 1 (N/S),99,21,19,♦,finished,2026-05-18T16:34:32.603483+00:00
4698,INPROC_2E5C50,1,10,team1,Team 1 (N/S),89,31,38,♠,finished,2026-05-18T16:34:32.620504+00:00
4699,INPROC_A62692,1,10,team1,Team 1 (N/S),68,52,22,♥,finished,2026-05-18T16:34:32.635687+00:00
4700,INPROC_8FF42F,1,10,team2,Team 2 (E/W),57,63,2,♣,finished,2026-05-18T16:34:32.652271+00:00
4701,INPROC_28ADD4,1,10,team1,Team 1 (N/S),96,24,34,♠,finished,2026-05-18T16:34:32.669275+00:00
4702,INPROC_A14989,1,10,team2,Team 2 (E/W),51,69,31,♠,finished,2026-05-18T16:34:32.686783+00:00
4703,INPROC_2F3013,1,10,team2,Team 2 (E/W),58,62,21,♥,finished,2026-05-18T16:34:32.702863+00:00
4704,INPROC_624534,1,10,team1,Team 1 (N/S),76,44,27,♥,finished,2026-05-18T16:34:32.718904+00:00
4705,INPROC_699AFA,1,10,team2,Team 2 (E/W),54,66,36,♠,finished,2026-05-18T16:34:32.736071+00:00
4706,INPROC_5AA46A,1,10,draw,draw,60,60,35,♠,finished,2026-05-18T16:34:32.751999+00:00
4707,INPROC_2DF6DF,1,10,team2,Team 2 (E/W),44,76,11,♦,finished,2026-05-18T16:34:32.766181+00:00
4708,INPROC_0BBD33,1,10,team1,Team 1 (N/S),75,45,33,♠,finished,2026-05-18T16:34:32.783404+00:00
4709,INPROC_5E907F,1,10,team2,Team 2 (E/W),59,61,36,♠,finished,2026-05-18T16:34:32.801053+00:00
4710,INPROC_2D89BA,1,10,team2,Team 2 (E/W),51,69,28,♥,finished,2026-05-18T16:34:32.818986+00:00
4711,INPROC_4DA214,1,10,team2,Team 2 (E/W),57,63,23,♥,finished,2026-05-18T16:34:32.834057+00:00
4712,INPROC_5B0FC8,1,10,team1,Team 1 (N/S),68,52,37,♠,finished,2026-05-18T16:34:32.846425+00:00
4713,INPROC_0C15E3,1,10,team1,Team 1 (N/S),73,47,19,♦,finished,2026-05-18T16:34:32.855794+00:00
4714,INPROC_D8921A,1,10,team1,Team 1 (N/S),82,38,33,♠,finished,2026-05-18T16:34:32.864739+00:00
4715,INPROC_91B4F1,1,10,team2,Team 2 (E/W),51,69,38,♠,finished,2026-05-18T16:34:32.878741+00:00
4716,INPROC_827517,1,10,team1,Team 1 (N/S),62,58,37,♠,finished,2026-05-18T16:34:32.892813+00:00
4717,INPROC_2D2C1F,1,10,team2,Team 2 (E/W),59,61,33,♠,finished,2026-05-18T16:34:32.907733+00:00
4718,INPROC_D7E354,1,10,team1,Team 1 (N/S),61,59,12,♦,finished,2026-05-18T16:34:32.923804+00:00
4719,INPROC_16840D,1,10,team1,Team 1 (N/S),88,32,7,♣,finished,2026-05-18T16:34:32.937276+00:00
4720,INPROC_3A80FF,1,10,team2,Team 2 (E/W),56,64,32,♠,finished,2026-05-18T16:34:32.955949+00:00
4721,INPROC_7EF8A0,1,10,team1,Team 1 (N/S),95,25,19,♦,finished,2026-05-18T16:34:32.971290+00:00
4722,INPROC_7EFE24,1,10,team2,Team 2 (E/W),31,89,5,♣,finished,2026-05-18T16:34:32.985675+00:00
4723,INPROC_E6B16C,1,10,team1,Team 1 (N/S),64,56,33,♠,finished,2026-05-18T16:34:33.000094+00:00
4724,INPROC_8F724C,1,10,team2,Team 2 (E/W),42,78,5,♣,finished,2026-05-18T16:34:33.014255+00:00
4725,INPROC_52E696,1,10,team1,Team 1 (N/S),97,23,24,♥,finished,2026-05-18T16:34:33.028329+00:00
4726,INPROC_C0F7F2,1,10,team1,Team 1 (N/S),75,45,13,♦,finished,2026-05-18T16:34:33.039732+00:00
4727,INPROC_32D633,1,10,draw,draw,60,60,31,♠,finished,2026-05-18T16:34:33.056179+00:00
4728,INPROC_8C5796,1,10,team2,Team 2 (E/W),55,65,27,♥,finished,2026-05-18T16:34:33.072028+00:00
4729,INPROC_50E20B,1,10,team1,Team 1 (N/S),72,48,10,♦,finished,2026-05-18T16:34:33.086441+00:00
4730,INPROC_04F791,1,10,team1,Team 1 (N/S),77,43,24,♥,finished,2026-05-18T16:34:33.101887+00:00
4731,INPROC_8C66CC,1,10,team2,Team 2 (E/W),46,74,38,♠,finished,2026-05-18T16:34:33.115801+00:00
4732,INPROC_6C7792,1,10,team1,Team 1 (N/S),64,56,20,♥,finished,2026-05-18T16:34:33.131016+00:00
4733,INPROC_0F577B,1,10,team2,Team 2 (E/W),49,71,9,♣,finished,2026-05-18T16:34:33.145991+00:00
4734,INPROC_232299,1,10,team2,Team 2 (E/W),38,82,20,♥,finished,2026-05-18T16:34:33.161668+00:00
4735,INPROC_B4A43E,1,10,team2,Team 2 (E/W),40,80,10,♦,finished,2026-05-18T16:34:33.176348+00:00
4736,INPROC_8B8C02,1,10,team2,Team 2 (E/W),15,105,37,♠,finished,2026-05-18T16:34:33.190164+00:00
4737,INPROC_49F1E5,1,10,team2,Team 2 (E/W),51,69,7,♣,finished,2026-05-18T16:34:33.204265+00:00
4738,INPROC_F9A6CD,1,10,team1,Team 1 (N/S),105,15,27,♥,finished,2026-05-18T16:34:33.217307+00:00
4739,INPROC_7B442A,1,10,team1,Team 1 (N/S),101,19,25,♥,finished,2026-05-18T16:34:33.231416+00:00
4740,INPROC_89E517,1,10,team1,Team 1 (N/S),110,10,30,♠,finished,2026-05-18T16:34:33.248458+00:00
4741,INPROC_818E28,1,10,team1,Team 1 (N/S),66,54,23,♥,finished,2026-05-18T16:34:33.265043+00:00
4742,INPROC_99D3B7,1,10,team2,Team 2 (E/W),53,67,26,♥,finished,2026-05-18T16:34:33.281313+00:00
4743,INPROC_8D5B01,1,10,team1,Team 1 (N/S),68,52,1,♣,finished,2026-05-18T16:34:33.297383+00:00
4744,INPROC_796124,1,10,team1,Team 1 (N/S),63,57,14,♦,finished,2026-05-18T16:34:33.313464+00:00
4745,INPROC_8AE98E,1,10,team1,Team 1 (N/S),103,17,33,♠,finished,2026-05-18T16:34:33.331985+00:00
4746,INPROC_B42E5F,1,10,team1,Team 1 (N/S),97,23,22,♥,finished,2026-05-18T16:34:33.348784+00:00
4747,INPROC_8F5D4E,1,10,team1,Team 1 (N/S),93,27,8,♣,finished,2026-05-18T16:34:33.366584+00:00
4748,INPROC_C949C5,1,10,team1,Team 1 (N/S),87,33,17,♦,finished,2026-05-18T16:34:33.379968+00:00
4749,INPROC_D0E1C5,1,10,team1,Team 1 (N/S),65,55,24,♥,finished,2026-05-18T16:34:33.393419+00:00
4750,INPROC_E52A74,1,10,team2,Team 2 (E/W),39,81,15,♦,finished,2026-05-18T16:34:33.408692+00:00
4751,INPROC_F4335D,1,10,team1,Team 1 (N/S),68,52,13,♦,finished,2026-05-18T16:34:33.425150+00:00
4752,INPROC_78B97D,1,10,team1,Team 1 (N/S),79,41,17,♦,finished,2026-05-18T16:34:33.435927+00:00
4753,INPROC_49511F,1,10,team2,Team 2 (E/W),8,112,8,♣,finished,2026-05-18T16:34:33.451461+00:00
4754,INPROC_5D3832,1,10,team1,Team 1 (N/S),79,41,12,♦,finished,2026-05-18T16:34:33.466685+00:00
4755,INPROC_09DCF1,1,10,team1,Team 1 (N/S),84,36,6,♣,finished,2026-05-18T16:34:33.481276+00:00
4756,INPROC_C06230,1,10,team1,Team 1 (N/S),70,50,1,♣,finished,2026-05-18T16:34:33.496499+00:00
4757,INPROC_00F31E,1,10,team1,Team 1 (N/S),67,53,30,♠,finished,2026-05-18T16:34:33.511138+00:00
4758,INPROC_54216A,1,10,team1,Team 1 (N/S),67,53,32,♠,finished,2026-05-18T16:34:33.531303+00:00
4759,INPROC_9E57C2,1,10,team2,Team 2 (E/W),48,72,9,♣,finished,2026-05-18T16:34:33.548819+00:00
4760,INPROC_2F20AF,1,10,team2,Team 2 (E/W),36,84,5,♣,finished,2026-05-18T16:34:33.566882+00:00
4761,INPROC_0E0326,1,10,team1,Team 1 (N/S),82,38,13,♦,finished,2026-05-18T16:34:33.583476+00:00
4762,INPROC_ACC8E7,1,10,team2,Team 2 (E/W),50,70,10,♦,finished,2026-05-18T16:34:33.600177+00:00
4763,INPROC_F3A2D3,1,10,team1,Team 1 (N/S),95,25,22,♥,finished,2026-05-18T16:34:33.609319+00:00
4764,INPROC_BE48FC,1,10,team2,Team 2 (E/W),39,81,28,♥,finished,2026-05-18T16:34:33.619435+00:00
4765,INPROC_731AE4,1,10,team1,Team 1 (N/S),70,50,18,♦,finished,2026-05-18T16:34:33.635225+00:00
4766,INPROC_C43975,1,10,team1,Team 1 (N/S),66,54,24,♥,finished,2026-05-18T16:34:33.653685+00:00
4767,INPROC_945102,1,10,team2,Team 2 (E/W),14,106,16,♦,finished,2026-05-18T16:34:33.671211+00:00
4768,INPROC_518644,1,10,team2,Team 2 (E/W),19,101,15,♦,finished,2026-05-18T16:34:33.689103+00:00
4769,INPROC_F4113C,1,10,team2,Team 2 (E/W),54,66,11,♦,finished,2026-05-18T16:34:33.703905+00:00
4770,INPROC_0C087B,1,10,team1,Team 1 (N/S),76,44,17,♦,finished,2026-05-18T16:34:33.718739+00:00
4771,INPROC_2960E5,1,10,team1,Team 1 (N/S),74,46,6,♣,finished,2026-05-18T16:34:33.734126+00:00
4772,INPROC_48D4F4,1,10,team1,Team 1 (N/S),84,36,34,♠,finished,2026-05-18T16:34:33.747523+00:00
4773,INPROC_0FBD2E,1,10,team2,Team 2 (E/W),45,75,33,♠,finished,2026-05-18T16:34:33.762695+00:00
4774,INPROC_EBBFCD,1,10,team1,Team 1 (N/S),92,28,26,♥,finished,2026-05-18T16:34:33.781220+00:00
4775,INPROC_502722,1,10,team1,Team 1 (N/S),72,48,38,♠,finished,2026-05-18T16:34:33.797384+00:00
4776,INPROC_358783,1,10,team1,Team 1 (N/S),97,23,21,♥,finished,2026-05-18T16:34:33.814494+00:00
4777,INPROC_38C37C,1,10,team2,Team 2 (E/W),51,69,18,♦,finished,2026-05-18T16:34:33.831199+00:00
4778,INPROC_C7B242,1,10,team2,Team 2 (E/W),53,67,16,♦,finished,2026-05-18T16:34:33.848432+00:00
4779,INPROC_94C0B8,1,10,team1,Team 1 (N/S),88,32,31,♠,finished,2026-05-18T16:34:33.862673+00:00
4780,INPROC_B8F632,1,10,team1,Team 1 (N/S),69,51,8,♣,finished,2026-05-18T16:34:33.879663+00:00
4781,INPROC_8A5A3F,1,10,team1,Team 1 (N/S),76,44,20,♥,finished,2026-05-18T16:34:33.892530+00:00
4782,INPROC_FE6FC1,1,10,team2,Team 2 (E/W),47,73,17,♦,finished,2026-05-18T16:34:33.905697+00:00
4783,INPROC_72873F,1,10,team1,Team 1 (N/S),73,47,17,♦,finished,2026-05-18T16:34:33.920672+00:00
4784,INPROC_83824D,1,10,team2,Team 2 (E/W),57,63,35,♠,finished,2026-05-18T16:34:33.935686+00:00
4785,INPROC_227279,1,10,team1,Team 1 (N/S),76,44,32,♠,finished,2026-05-18T16:34:33.951005+00:00
4786,INPROC_A20F34,1,10,team2,Team 2 (E/W),32,88,37,♠,finished,2026-05-18T16:34:33.968070+00:00
4787,INPROC_9195B4,1,10,team1,Team 1 (N/S),67,53,29,♥,finished,2026-05-18T16:34:33.987037+00:00
4788,INPROC_75680B,1,10,team2,Team 2 (E/W),53,67,30,♠,finished,2026-05-18T16:34:34.005088+00:00
4789,INPROC_371C7F,1,10,team1,Team 1 (N/S),69,51,25,♥,finished,2026-05-18T16:34:34.019766+00:00
4790,INPROC_826108,1,10,team2,Team 2 (E/W),26,94,12,♦,finished,2026-05-18T16:34:34.034773+00:00
4791,INPROC_282C02,1,10,team1,Team 1 (N/S),94,26,26,♥,finished,2026-05-18T16:34:34.048551+00:00
4792,INPROC_836F58,1,10,team1,Team 1 (N/S),83,37,36,♠,finished,2026-05-18T16:34:34.067113+00:00
4793,INPROC_2FB5A4,1,10,team2,Team 2 (E/W),53,67,4,♣,finished,2026-05-18T16:34:34.082748+00:00
4794,INPROC_BDF100,1,10,team1,Team 1 (N/S),95,25,1,♣,finished,2026-05-18T16:34:34.098721+00:00
4795,INPROC_55AA32,1,10,team1,Team 1 (N/S),102,18,25,♥,finished,2026-05-18T16:34:34.114331+00:00
4796,INPROC_EF86F3,1,10,team1,Team 1 (N/S),66,54,39,♠,finished,2026-05-18T16:34:34.129054+00:00
4797,INPROC_AB959B,1,10,team2,Team 2 (E/W),37,83,16,♦,finished,2026-05-18T16:34:34.144154+00:00
4798,INPROC_86412A,1,10,team1,Team 1 (N/S),67,53,19,♦,finished,2026-05-18T16:34:34.156761+00:00
4799,INPROC_CED26C,1,10,team1,Team 1 (N/S),72,48,33,♠,finished,2026-05-18T16:34:34.171886+00:00
4800,INPROC_898FDE,1,10,team1,Team 1 (N/S),74,46,13,♦,finished,2026-05-18T16:34:34.186554+00:00
4801,INPROC_51A0FF,1,10,team1,Team 1 (N/S),61,59,12,♦,finished,2026-05-18T16:34:34.200132+00:00
4802,INPROC_B22CB3,1,10,team2,Team 2 (E/W),27,93,39,♠,finished,2026-05-18T16:34:34.211366+00:00
4803,INPROC_10E1E6,1,10,team1,Team 1 (N/S),65,55,27,♥,finished,2026-05-18T16:34:34.219701+00:00
4804,INPROC_98F8CC,1,10,team1,Team 1 (N/S),86,34,25,♥,finished,2026-05-18T16:34:34.230222+00:00
4805,INPROC_D33DCA,1,10,team2,Team 2 (E/W),41,79,33,♠,finished,2026-05-18T16:34:34.245143+00:00
4806,INPROC_14C863,1,10,team2,Team 2 (E/W),48,72,12,♦,finished,2026-05-18T16:34:34.261202+00:00
4807,INPROC_76D8AD,1,10,team2,Team 2 (E/W),44,76,20,♥,finished,2026-05-18T16:34:34.275126+00:00
4808,INPROC_D35EA3,1,10,team2,Team 2 (E/W),47,73,27,♥,finished,2026-05-18T16:34:34.291224+00:00
4809,INPROC_BB9CFD,1,10,team1,Team 1 (N/S),88,32,5,♣,finished,2026-05-18T16:34:34.305449+00:00
4810,INPROC_9D1831,1,10,team1,Team 1 (N/S),107,13,26,♥,finished,2026-05-18T16:34:34.322592+00:00
4811,INPROC_7B6177,1,10,team1,Team 1 (N/S),83,37,36,♠,finished,2026-05-18T16:34:34.331782+00:00
4812,INPROC_308A9E,1,10,team1,Team 1 (N/S),76,44,36,♠,finished,2026-05-18T16:34:34.341179+00:00
4813,INPROC_377A90,1,10,team1,Team 1 (N/S),68,52,9,♣,finished,2026-05-18T16:34:34.351059+00:00
4814,INPROC_97E9DC,1,10,team1,Team 1 (N/S),83,37,27,♥,finished,2026-05-18T16:34:34.359745+00:00
4815,INPROC_16CEC6,1,10,team1,Team 1 (N/S),71,49,5,♣,finished,2026-05-18T16:34:34.369189+00:00
4816,INPROC_57938C,1,10,team2,Team 2 (E/W),50,70,28,♥,finished,2026-05-18T16:34:34.377954+00:00
4817,INPROC_2785FB,1,10,team1,Team 1 (N/S),82,38,4,♣,finished,2026-05-18T16:34:34.393202+00:00
4818,INPROC_C8955B,1,10,team1,Team 1 (N/S),99,21,35,♠,finished,2026-05-18T16:34:34.411040+00:00
4819,INPROC_1675BC,1,10,team1,Team 1 (N/S),66,54,26,♥,finished,2026-05-18T16:34:34.427560+00:00
4820,INPROC_D953B6,1,10,team2,Team 2 (E/W),6,114,13,♦,finished,2026-05-18T16:34:34.444895+00:00
4821,INPROC_9AE4D8,1,10,team1,Team 1 (N/S),82,38,0,♣,finished,2026-05-18T16:34:34.463918+00:00
4822,INPROC_80D910,1,10,team1,Team 1 (N/S),61,59,24,♥,finished,2026-05-18T16:34:34.482264+00:00
4823,INPROC_E3B0AD,1,10,team2,Team 2 (E/W),56,64,32,♠,finished,2026-05-18T16:34:34.497086+00:00
4824,INPROC_C06AA9,1,10,team1,Team 1 (N/S),78,42,35,♠,finished,2026-05-18T16:34:34.508264+00:00
4825,INPROC_F40273,1,10,team1,Team 1 (N/S),69,51,1,♣,finished,2026-05-18T16:34:34.521252+00:00
4826,INPROC_F90C5D,1,10,team1,Team 1 (N/S),80,40,35,♠,finished,2026-05-18T16:34:34.535977+00:00
4827,INPROC_62F4D0,1,10,team2,Team 2 (E/W),59,61,32,♠,finished,2026-05-18T16:34:34.550949+00:00
4828,INPROC_3817DE,1,10,team1,Team 1 (N/S),86,34,34,♠,finished,2026-05-18T16:34:34.567129+00:00
4829,INPROC_022909,1,10,team1,Team 1 (N/S),107,13,4,♣,finished,2026-05-18T16:34:34.581757+00:00
4830,INPROC_3F6DB6,1,10,team1,Team 1 (N/S),70,50,17,♦,finished,2026-05-18T16:34:34.596187+00:00
4831,INPROC_290A22,1,10,team2,Team 2 (E/W),32,88,35,♠,finished,2026-05-18T16:34:34.610681+00:00
4832,INPROC_DDCCAE,1,10,team1,Team 1 (N/S),97,23,32,♠,finished,2026-05-18T16:34:34.619873+00:00
4833,INPROC_A4B3EF,1,10,team1,Team 1 (N/S),74,46,7,♣,finished,2026-05-18T16:34:34.631699+00:00
4834,INPROC_6B7DA2,1,10,team1,Team 1 (N/S),62,58,34,♠,finished,2026-05-18T16:34:34.642716+00:00
4835,INPROC_1646B9,1,10,team2,Team 2 (E/W),34,86,7,♣,finished,2026-05-18T16:34:34.660067+00:00
4836,INPROC_2D8D8B,1,10,team2,Team 2 (E/W),53,67,1,♣,finished,2026-05-18T16:34:34.675111+00:00
4837,INPROC_D1B3D1,1,10,team1,Team 1 (N/S),62,58,4,♣,finished,2026-05-18T16:34:34.689895+00:00
4838,INPROC_AD1037,1,10,team1,Team 1 (N/S),96,24,21,♥,finished,2026-05-18T16:34:34.698853+00:00
4839,INPROC_1FE2A5,1,10,team2,Team 2 (E/W),21,99,20,♥,finished,2026-05-18T16:34:34.715910+00:00
4840,INPROC_5FF657,1,10,team1,Team 1 (N/S),89,31,20,♥,finished,2026-05-18T16:34:34.728788+00:00
4841,INPROC_B217E6,1,10,team2,Team 2 (E/W),49,71,14,♦,finished,2026-05-18T16:34:34.742158+00:00
4842,INPROC_79E89A,1,10,team1,Team 1 (N/S),76,44,39,♠,finished,2026-05-18T16:34:34.750523+00:00
4843,INPROC_C43844,1,10,team2,Team 2 (E/W),53,67,21,♥,finished,2026-05-18T16:34:34.770328+00:00
4844,INPROC_97F849,1,10,team1,Team 1 (N/S),88,32,14,♦,finished,2026-05-18T16:34:34.788060+00:00
4845,INPROC_4C4FF7,1,10,team2,Team 2 (E/W),37,83,39,♠,finished,2026-05-18T16:34:34.802028+00:00
4846,INPROC_87CCAA,1,10,team2,Team 2 (E/W),54,66,35,♠,finished,2026-05-18T16:34:34.816878+00:00
4847,INPROC_017A4A,1,10,team2,Team 2 (E/W),47,73,28,♥,finished,2026-05-18T16:34:34.831628+00:00
4848,INPROC_19086B,1,10,team1,Team 1 (N/S),63,57,34,♠,finished,2026-05-18T16:34:34.843871+00:00
4849,INPROC_59165D,1,10,team1,Team 1 (N/S),81,39,22,♥,finished,2026-05-18T16:34:34.853830+00:00
4850,INPROC_33BC41,1,10,team1,Team 1 (N/S),69,51,31,♠,finished,2026-05-18T16:34:34.862911+00:00
4851,INPROC_920FFD,1,10,team1,Team 1 (N/S),68,52,6,♣,finished,2026-05-18T16:34:34.873372+00:00
4852,INPROC_1FBD63,1,10,team2,Team 2 (E/W),16,104,31,♠,finished,2026-05-18T16:34:34.894146+00:00
4853,INPROC_E6E0E8,1,10,team2,Team 2 (E/W),53,67,25,♥,finished,2026-05-18T16:34:34.911056+00:00
4854,INPROC_1F97E8,1,10,team2,Team 2 (E/W),56,64,11,♦,finished,2026-05-18T16:34:34.929112+00:00
4855,INPROC_DB7037,1,10,team1,Team 1 (N/S),89,31,28,♥,finished,2026-05-18T16:34:34.948284+00:00
4856,INPROC_033CAB,1,10,team2,Team 2 (E/W),46,74,37,♠,finished,2026-05-18T16:34:34.969393+00:00
4857,INPROC_2F0B79,1,10,team2,Team 2 (E/W),33,87,19,♦,finished,2026-05-18T16:34:34.988274+00:00
4858,INPROC_3BDCB1,1,10,team1,Team 1 (N/S),74,46,16,♦,finished,2026-05-18T16:34:35.006010+00:00
4859,INPROC_88DEDD,1,10,team2,Team 2 (E/W),55,65,37,♠,finished,2026-05-18T16:34:35.018749+00:00
4860,INPROC_01D9BE,1,10,team1,Team 1 (N/S),87,33,23,♥,finished,2026-05-18T16:34:35.032891+00:00
4861,INPROC_DB5EBE,1,10,team2,Team 2 (E/W),20,100,31,♠,finished,2026-05-18T16:34:35.048948+00:00
4862,INPROC_8DF6F8,1,10,team1,Team 1 (N/S),100,20,30,♠,finished,2026-05-18T16:34:35.065537+00:00
4863,INPROC_D818DE,1,10,team1,Team 1 (N/S),90,30,2,♣,finished,2026-05-18T16:34:35.079613+00:00
4864,INPROC_95D8D7,1,10,team1,Team 1 (N/S),85,35,3,♣,finished,2026-05-18T16:34:35.088022+00:00
4865,INPROC_1562CF,1,10,team2,Team 2 (E/W),54,66,19,♦,finished,2026-05-18T16:34:35.097454+00:00
4866,INPROC_7E1005,1,10,team1,Team 1 (N/S),79,41,28,♥,finished,2026-05-18T16:34:35.107732+00:00
4867,INPROC_4B1356,1,10,team2,Team 2 (E/W),37,83,38,♠,finished,2026-05-18T16:34:35.122077+00:00
4868,INPROC_A0104F,1,10,team1,Team 1 (N/S),68,52,29,♥,finished,2026-05-18T16:34:35.136736+00:00
4869,INPROC_25FE97,1,10,team2,Team 2 (E/W),46,74,12,♦,finished,2026-05-18T16:34:35.149790+00:00
4870,INPROC_0EED00,1,10,team1,Team 1 (N/S),76,44,34,♠,finished,2026-05-18T16:34:35.163427+00:00
4871,INPROC_C94DE4,1,10,team1,Team 1 (N/S),78,42,9,♣,finished,2026-05-18T16:34:35.177814+00:00
4872,INPROC_AF152B,1,10,team1,Team 1 (N/S),96,24,2,♣,finished,2026-05-18T16:34:35.194869+00:00
4873,INPROC_FE13DC,1,10,team2,Team 2 (E/W),39,81,35,♠,finished,2026-05-18T16:34:35.209753+00:00
4874,INPROC_7EDF8A,1,10,team1,Team 1 (N/S),92,28,23,♥,finished,2026-05-18T16:34:35.230147+00:00
4875,INPROC_41B4DC,1,10,team1,Team 1 (N/S),72,48,35,♠,finished,2026-05-18T16:34:35.249981+00:00
4876,INPROC_8A9EBF,1,10,team1,Team 1 (N/S),114,6,24,♥,finished,2026-05-18T16:34:35.260758+00:00
4877,INPROC_6467E9,1,10,team1,Team 1 (N/S),88,32,18,♦,finished,2026-05-18T16:34:35.275758+00:00
4878,INPROC_0DB7C6,1,10,team2,Team 2 (E/W),51,69,21,♥,finished,2026-05-18T16:34:35.291144+00:00
4879,INPROC_E76E40,1,10,team1,Team 1 (N/S),76,44,36,♠,finished,2026-05-18T16:34:35.305354+00:00
4880,INPROC_F80F85,1,10,team2,Team 2 (E/W),51,69,10,♦,finished,2026-05-18T16:34:35.314863+00:00
4881,INPROC_E4957D,1,10,team1,Team 1 (N/S),100,20,2,♣,finished,2026-05-18T16:34:35.328274+00:00
4882,INPROC_0D014C,1,10,team2,Team 2 (E/W),42,78,9,♣,finished,2026-05-18T16:34:35.343987+00:00
4883,INPROC_8368E0,1,10,team2,Team 2 (E/W),55,65,8,♣,finished,2026-05-18T16:34:35.356125+00:00
4884,INPROC_5FB5B4,1,10,team1,Team 1 (N/S),91,29,39,♠,finished,2026-05-18T16:34:35.372284+00:00
4885,INPROC_52B48F,1,10,team2,Team 2 (E/W),47,73,26,♥,finished,2026-05-18T16:34:35.386067+00:00
4886,INPROC_04B67E,1,10,team1,Team 1 (N/S),93,27,28,♥,finished,2026-05-18T16:34:35.402824+00:00
4887,INPROC_EDA6C9,1,10,team1,Team 1 (N/S),85,35,5,♣,finished,2026-05-18T16:34:35.419010+00:00
4888,INPROC_1A2260,1,10,team2,Team 2 (E/W),52,68,26,♥,finished,2026-05-18T16:34:35.435459+00:00
4889,INPROC_EFB114,1,10,team2,Team 2 (E/W),58,62,13,♦,finished,2026-05-18T16:34:35.449067+00:00
4890,INPROC_28502F,1,10,team2,Team 2 (E/W),41,79,31,♠,finished,2026-05-18T16:34:35.463218+00:00
4891,INPROC_6E7B59,1,10,team1,Team 1 (N/S),77,43,24,♥,finished,2026-05-18T16:34:35.478209+00:00
4892,INPROC_66D80C,1,10,team2,Team 2 (E/W),59,61,34,♠,finished,2026-05-18T16:34:35.493218+00:00
4893,INPROC_F92721,1,10,team1,Team 1 (N/S),100,20,29,♥,finished,2026-05-18T16:34:35.507793+00:00
4894,INPROC_3BEE0C,1,10,team1,Team 1 (N/S),61,59,13,♦,finished,2026-05-18T16:34:35.525970+00:00
4895,INPROC_3001E2,1,10,team1,Team 1 (N/S),66,54,6,♣,finished,2026-05-18T16:34:35.540625+00:00
4896,INPROC_304B49,1,10,team1,Team 1 (N/S),67,53,32,♠,finished,2026-05-18T16:34:35.549544+00:00
4897,INPROC_6B9057,1,10,team1,Team 1 (N/S),106,14,21,♥,finished,2026-05-18T16:34:35.559893+00:00
4898,INPROC_738A88,1,10,team1,Team 1 (N/S),118,2,10,♦,finished,2026-05-18T16:34:35.569082+00:00
4899,INPROC_32737A,1,10,team1,Team 1 (N/S),86,34,37,♠,finished,2026-05-18T16:34:35.581707+00:00
4900,INPROC_1EDB1E,1,10,team1,Team 1 (N/S),80,40,25,♥,finished,2026-05-18T16:34:35.593523+00:00
4901,INPROC_F8A7C3,1,10,team1,Team 1 (N/S),70,50,39,♠,finished,2026-05-18T16:34:35.605923+00:00
4902,INPROC_4B0A36,1,10,team2,Team 2 (E/W),42,78,8,♣,finished,2026-05-18T16:34:35.623997+00:00
4903,INPROC_2F2F64,1,10,team2,Team 2 (E/W),55,65,36,♠,finished,2026-05-18T16:34:35.639036+00:00
4904,INPROC_A9A549,1,10,team1,Team 1 (N/S),86,34,6,♣,finished,2026-05-18T16:34:35.653501+00:00
4905,INPROC_EB103A,1,10,team2,Team 2 (E/W),54,66,38,♠,finished,2026-05-18T16:34:35.662927+00:00
4906,INPROC_7E96B8,1,10,team1,Team 1 (N/S),69,51,3,♣,finished,2026-05-18T16:34:35.672830+00:00
4907,INPROC_A84990,1,10,team1,Team 1 (N/S),83,37,34,♠,finished,2026-05-18T16:34:35.680761+00:00
4908,INPROC_0980C3,1,10,team1,Team 1 (N/S),89,31,18,♦,finished,2026-05-18T16:34:35.698056+00:00
4909,INPROC_51E305,1,10,team1,Team 1 (N/S),97,23,27,♥,finished,2026-05-18T16:34:35.716504+00:00
4910,INPROC_AB5BC4,1,10,team1,Team 1 (N/S),80,40,22,♥,finished,2026-05-18T16:34:35.729607+00:00
4911,INPROC_C585F5,1,10,team1,Team 1 (N/S),65,55,36,♠,finished,2026-05-18T16:34:35.742064+00:00
4912,INPROC_1545B7,1,10,team1,Team 1 (N/S),115,5,22,♥,finished,2026-05-18T16:34:35.759059+00:00
4913,INPROC_87FDE4,1,10,team2,Team 2 (E/W),49,71,20,♥,finished,2026-05-18T16:34:35.773291+00:00
4914,INPROC_ADFB5E,1,10,team1,Team 1 (N/S),106,14,4,♣,finished,2026-05-18T16:34:35.786390+00:00
4915,INPROC_D34B2A,1,10,draw,draw,60,60,34,♠,finished,2026-05-18T16:34:35.800317+00:00
4916,INPROC_3A9F1A,1,10,team1,Team 1 (N/S),81,39,28,♥,finished,2026-05-18T16:34:35.815847+00:00
4917,INPROC_5316DC,1,10,team1,Team 1 (N/S),94,26,12,♦,finished,2026-05-18T16:34:35.830190+00:00
4918,INPROC_45F48A,1,10,team1,Team 1 (N/S),103,17,0,♣,finished,2026-05-18T16:34:35.845971+00:00
4919,INPROC_9C55F0,1,10,team2,Team 2 (E/W),57,63,22,♥,finished,2026-05-18T16:34:35.860752+00:00
4920,INPROC_DCCB5C,1,10,team1,Team 1 (N/S),81,39,22,♥,finished,2026-05-18T16:34:35.874898+00:00
4921,INPROC_0E9002,1,10,team1,Team 1 (N/S),103,17,22,♥,finished,2026-05-18T16:34:35.891258+00:00
4922,INPROC_D5B7F4,1,10,team1,Team 1 (N/S),92,28,11,♦,finished,2026-05-18T16:34:35.909025+00:00
4923,INPROC_F9016C,1,10,team1,Team 1 (N/S),115,5,32,♠,finished,2026-05-18T16:34:35.928300+00:00
4924,INPROC_F5A837,1,10,team1,Team 1 (N/S),63,57,33,♠,finished,2026-05-18T16:34:35.943987+00:00
4925,INPROC_9BBACC,1,10,team1,Team 1 (N/S),71,49,3,♣,finished,2026-05-18T16:34:35.959796+00:00
4926,INPROC_B4ACDD,1,10,team2,Team 2 (E/W),53,67,13,♦,finished,2026-05-18T16:34:35.975375+00:00
4927,INPROC_7E667E,1,10,team2,Team 2 (E/W),31,89,10,♦,finished,2026-05-18T16:34:35.990089+00:00
4928,INPROC_1886FC,1,10,team1,Team 1 (N/S),83,37,34,♠,finished,2026-05-18T16:34:36.004563+00:00
4929,INPROC_B35B81,1,10,team1,Team 1 (N/S),92,28,7,♣,finished,2026-05-18T16:34:36.019562+00:00
4930,INPROC_16AF0F,1,10,team1,Team 1 (N/S),92,28,11,♦,finished,2026-05-18T16:34:36.035649+00:00
4931,INPROC_3E1C25,1,10,team1,Team 1 (N/S),73,47,7,♣,finished,2026-05-18T16:34:36.052953+00:00
4932,INPROC_E77D19,1,10,team1,Team 1 (N/S),76,44,36,♠,finished,2026-05-18T16:34:36.070223+00:00
4933,INPROC_EB4D17,1,10,team1,Team 1 (N/S),76,44,6,♣,finished,2026-05-18T16:34:36.087297+00:00
4934,INPROC_3693FB,1,10,team1,Team 1 (N/S),68,52,27,♥,finished,2026-05-18T16:34:36.102549+00:00
4935,INPROC_D510DD,1,10,team1,Team 1 (N/S),76,44,4,♣,finished,2026-05-18T16:34:36.117185+00:00
4936,INPROC_258CF4,1,10,team2,Team 2 (E/W),47,73,5,♣,finished,2026-05-18T16:34:36.132125+00:00
4937,INPROC_C09497,1,10,team2,Team 2 (E/W),37,83,32,♠,finished,2026-05-18T16:34:36.146994+00:00
4938,INPROC_40B511,1,10,team1,Team 1 (N/S),68,52,31,♠,finished,2026-05-18T16:34:36.159793+00:00
4939,INPROC_E53268,1,10,team1,Team 1 (N/S),90,30,21,♥,finished,2026-05-18T16:34:36.173878+00:00
4940,INPROC_7EFC69,1,10,team1,Team 1 (N/S),98,22,1,♣,finished,2026-05-18T16:34:36.185586+00:00
4941,INPROC_63634E,1,10,team1,Team 1 (N/S),71,49,24,♥,finished,2026-05-18T16:34:36.200164+00:00
4942,INPROC_9449AF,1,10,team1,Team 1 (N/S),100,20,37,♠,finished,2026-05-18T16:34:36.215517+00:00
4943,INPROC_4D5699,1,10,team1,Team 1 (N/S),94,26,6,♣,finished,2026-05-18T16:34:36.229480+00:00
4944,INPROC_7D0759,1,10,team2,Team 2 (E/W),59,61,16,♦,finished,2026-05-18T16:34:36.247348+00:00
4945,INPROC_0A60AC,1,10,team1,Team 1 (N/S),73,47,39,♠,finished,2026-05-18T16:34:36.263799+00:00
4946,INPROC_F3C483,1,10,team1,Team 1 (N/S),68,52,32,♠,finished,2026-05-18T16:34:36.275854+00:00
4947,INPROC_5ECE7F,1,10,team1,Team 1 (N/S),69,51,35,♠,finished,2026-05-18T16:34:36.301941+00:00
4948,INPROC_F096CE,1,10,team1,Team 1 (N/S),94,26,12,♦,finished,2026-05-18T16:34:36.318687+00:00
4949,INPROC_A678C8,1,10,team1,Team 1 (N/S),66,54,25,♥,finished,2026-05-18T16:34:36.336051+00:00
4950,INPROC_34DD07,1,10,team2,Team 2 (E/W),45,75,6,♣,finished,2026-05-18T16:34:36.350543+00:00
4951,INPROC_378BC8,1,10,team2,Team 2 (E/W),45,75,28,♥,finished,2026-05-18T16:34:36.366527+00:00
4952,INPROC_9780F6,1,10,team1,Team 1 (N/S),78,42,35,♠,finished,2026-05-18T16:34:36.382296+00:00
4953,INPROC_A169FD,1,10,team1,Team 1 (N/S),73,47,16,♦,finished,2026-05-18T16:34:36.398080+00:00
4954,INPROC_485854,1,10,team1,Team 1 (N/S),103,17,27,♥,finished,2026-05-18T16:34:36.409812+00:00
4955,INPROC_1AC6C3,1,10,team2,Team 2 (E/W),5,115,26,♥,finished,2026-05-18T16:34:36.426219+00:00
4956,INPROC_2F8148,1,10,team2,Team 2 (E/W),58,62,16,♦,finished,2026-05-18T16:34:36.441905+00:00
4957,INPROC_D188BF,1,10,team1,Team 1 (N/S),81,39,15,♦,finished,2026-05-18T16:34:36.458930+00:00
4958,INPROC_9A4BD3,1,10,team2,Team 2 (E/W),20,100,28,♥,finished,2026-05-18T16:34:36.475607+00:00
4959,INPROC_D87BC9,1,10,team1,Team 1 (N/S),66,54,9,♣,finished,2026-05-18T16:34:36.493016+00:00
4960,INPROC_E7A2E3,1,10,team1,Team 1 (N/S),79,41,16,♦,finished,2026-05-18T16:34:36.511345+00:00
4961,INPROC_786795,1,10,team2,Team 2 (E/W),33,87,37,♠,finished,2026-05-18T16:34:36.527368+00:00
4962,INPROC_B11FA8,1,10,team1,Team 1 (N/S),71,49,19,♦,finished,2026-05-18T16:34:36.536576+00:00
4963,INPROC_37F058,1,10,team1,Team 1 (N/S),63,57,13,♦,finished,2026-05-18T16:34:36.551689+00:00
4964,INPROC_F7710E,1,10,team2,Team 2 (E/W),42,78,0,♣,finished,2026-05-18T16:34:36.567050+00:00
4965,INPROC_4EC814,1,10,team1,Team 1 (N/S),80,40,32,♠,finished,2026-05-18T16:34:36.585583+00:00
4966,INPROC_38B146,1,10,team1,Team 1 (N/S),104,16,35,♠,finished,2026-05-18T16:34:36.603544+00:00
4967,INPROC_B074D6,1,10,team1,Team 1 (N/S),63,57,15,♦,finished,2026-05-18T16:34:36.620223+00:00
4968,INPROC_4FC4DD,1,10,team1,Team 1 (N/S),84,36,11,♦,finished,2026-05-18T16:34:36.628985+00:00
4969,INPROC_A143D9,1,10,team2,Team 2 (E/W),49,71,22,♥,finished,2026-05-18T16:34:36.639932+00:00
4970,INPROC_057542,1,10,team1,Team 1 (N/S),70,50,1,♣,finished,2026-05-18T16:34:36.656807+00:00
4971,INPROC_B8AE40,1,10,team1,Team 1 (N/S),96,24,22,♥,finished,2026-05-18T16:34:36.672055+00:00
4972,INPROC_825906,1,10,team1,Team 1 (N/S),77,43,24,♥,finished,2026-05-18T16:34:36.686906+00:00
4973,INPROC_AE8A0B,1,10,team1,Team 1 (N/S),99,21,24,♥,finished,2026-05-18T16:34:36.701751+00:00
4974,INPROC_8774D7,1,10,team2,Team 2 (E/W),50,70,10,♦,finished,2026-05-18T16:34:36.716401+00:00
4975,INPROC_E7B690,1,10,team2,Team 2 (E/W),2,118,29,♥,finished,2026-05-18T16:34:36.730978+00:00
4976,INPROC_45398A,1,10,team1,Team 1 (N/S),85,35,24,♥,finished,2026-05-18T16:34:36.745971+00:00
4977,INPROC_DA15E9,1,10,team1,Team 1 (N/S),91,29,24,♥,finished,2026-05-18T16:34:36.762118+00:00
4978,INPROC_C2ADC8,1,10,team2,Team 2 (E/W),34,86,30,♠,finished,2026-05-18T16:34:36.776903+00:00
4979,INPROC_0C6EAB,1,10,team1,Team 1 (N/S),62,58,6,♣,finished,2026-05-18T16:34:36.792092+00:00
4980,INPROC_7816F6,1,10,team1,Team 1 (N/S),70,50,28,♥,finished,2026-05-18T16:34:36.811142+00:00
4981,INPROC_B520A5,1,10,team1,Team 1 (N/S),90,30,12,♦,finished,2026-05-18T16:34:36.827991+00:00
4982,INPROC_3417AC,1,10,team1,Team 1 (N/S),96,24,21,♥,finished,2026-05-18T16:34:36.839478+00:00
4983,INPROC_DA6449,1,10,team1,Team 1 (N/S),80,40,22,♥,finished,2026-05-18T16:34:36.853053+00:00
4984,INPROC_AAB3AB,1,10,team1,Team 1 (N/S),95,25,0,♣,finished,2026-05-18T16:34:36.865242+00:00
4985,INPROC_385AD6,1,10,team1,Team 1 (N/S),103,17,23,♥,finished,2026-05-18T16:34:36.878865+00:00
4986,INPROC_38F4F4,1,10,team1,Team 1 (N/S),63,57,22,♥,finished,2026-05-18T16:34:36.893531+00:00
4987,INPROC_81EA17,1,10,team1,Team 1 (N/S),102,18,31,♠,finished,2026-05-18T16:34:36.912093+00:00
4988,INPROC_C24979,1,10,team2,Team 2 (E/W),29,91,27,♥,finished,2026-05-18T16:34:36.925101+00:00
4989,INPROC_EF55E5,1,10,team2,Team 2 (E/W),32,88,29,♥,finished,2026-05-18T16:34:36.941819+00:00
4990,INPROC_BDF509,1,10,team1,Team 1 (N/S),99,21,4,♣,finished,2026-05-18T16:34:36.958545+00:00
4991,INPROC_7DACBB,1,10,team1,Team 1 (N/S),68,52,28,♥,finished,2026-05-18T16:34:36.976143+00:00
4992,INPROC_1713EC,1,10,team1,Team 1 (N/S),78,42,6,♣,finished,2026-05-18T16:34:36.992704+00:00
4993,INPROC_784C65,1,10,team1,Team 1 (N/S),97,23,34,♠,finished,2026-05-18T16:34:37.008961+00:00
4994,INPROC_207F32,1,10,team2,Team 2 (E/W),28,92,8,♣,finished,2026-05-18T16:34:37.023430+00:00
4995,INPROC_702CA9,1,10,team2,Team 2 (E/W),29,91,38,♠,finished,2026-05-18T16:34:37.032230+00:00
4996,INPROC_93A145,1,10,team1,Team 1 (N/S),89,31,7,♣,finished,2026-05-18T16:34:37.041716+00:00
4997,INPROC_8AC7CB,1,10,team1,Team 1 (N/S),88,32,33,♠,finished,2026-05-18T16:34:37.050218+00:00
4998,INPROC_43124F,1,10,team2,Team 2 (E/W),39,81,30,♠,finished,2026-05-18T16:34:37.063919+00:00
4999,INPROC_571D57,1,10,team2,Team 2 (E/W),44,76,32,♠,finished,2026-05-18T16:34:37.076921+00:00
5000,INPROC_6B13F2,1,10,team2,Team 2 (E/W),59,61,36,♠,finished,2026-05-18T16:34:37.090402+00:00
5001,INPROC_AF06DB,1,10,team1,Team 1 (N/S),61,59,6,♣,finished,2026-05-18T16:34:37.105158+00:00
5002,INPROC_DD55CB,1,10,draw,draw,60,60,30,♠,finished,2026-05-18T16:34:37.123825+00:00
5003,INPROC_843D74,1,10,team1,Team 1 (N/S),73,47,25,♥,finished,2026-05-18T16:34:37.137185+00:00
5004,INPROC_0D7EC5,1,10,team1,Team 1 (N/S),65,55,29,♥,finished,2026-05-18T16:34:37.147109+00:00
5005,INPROC_81D250,1,10,team1,Team 1 (N/S),84,36,36,♠,finished,2026-05-18T16:34:37.156389+00:00
5006,INPROC_DF5648,1,10,team1,Team 1 (N/S),91,29,17,♦,finished,2026-05-18T16:34:37.167022+00:00
5007,INPROC_30E6CE,1,10,team1,Team 1 (N/S),87,33,7,♣,finished,2026-05-18T16:34:37.181633+00:00
5008,INPROC_C43697,1,10,team1,Team 1 (N/S),109,11,24,♥,finished,2026-05-18T16:34:37.196676+00:00
5009,INPROC_F9B3D7,1,10,team2,Team 2 (E/W),16,104,9,♣,finished,2026-05-18T16:34:37.211138+00:00
5010,INPROC_24BE4D,1,10,team1,Team 1 (N/S),68,52,1,♣,finished,2026-05-18T16:34:37.224742+00:00
5011,INPROC_9F927A,1,10,team2,Team 2 (E/W),53,67,23,♥,finished,2026-05-18T16:34:37.241671+00:00
5012,INPROC_9EBF11,1,10,team2,Team 2 (E/W),39,81,35,♠,finished,2026-05-18T16:34:37.261620+00:00
5013,INPROC_CCC72E,1,10,team1,Team 1 (N/S),66,54,34,♠,finished,2026-05-18T16:34:37.276983+00:00
5014,INPROC_7DF51F,1,10,team1,Team 1 (N/S),64,56,16,♦,finished,2026-05-18T16:34:37.294285+00:00
5015,INPROC_D09AD1,1,10,team2,Team 2 (E/W),24,96,15,♦,finished,2026-05-18T16:34:37.311518+00:00
5016,INPROC_9C2216,1,10,team2,Team 2 (E/W),56,64,37,♠,finished,2026-05-18T16:34:37.328472+00:00
5017,INPROC_307D74,1,10,team1,Team 1 (N/S),64,56,3,♣,finished,2026-05-18T16:34:37.346097+00:00
5018,INPROC_E35F2E,1,10,team1,Team 1 (N/S),90,30,36,♠,finished,2026-05-18T16:34:37.361992+00:00
5019,INPROC_3D2B8E,1,10,team1,Team 1 (N/S),65,55,32,♠,finished,2026-05-18T16:34:37.371510+00:00
5020,INPROC_7A90C3,1,10,team2,Team 2 (E/W),51,69,35,♠,finished,2026-05-18T16:34:37.380554+00:00
5021,INPROC_BF726D,1,10,team1,Team 1 (N/S),63,57,29,♥,finished,2026-05-18T16:34:37.390582+00:00
5022,INPROC_58B40A,1,10,team1,Team 1 (N/S),66,54,13,♦,finished,2026-05-18T16:34:37.399585+00:00
5023,INPROC_A7D3DE,1,10,team1,Team 1 (N/S),77,43,4,♣,finished,2026-05-18T16:34:37.409979+00:00
5024,INPROC_189E52,1,10,team1,Team 1 (N/S),101,19,33,♠,finished,2026-05-18T16:34:37.418249+00:00
5025,INPROC_E7A720,1,10,team1,Team 1 (N/S),105,15,12,♦,finished,2026-05-18T16:34:37.431852+00:00
5026,INPROC_B7F9E9,1,10,team1,Team 1 (N/S),108,12,31,♠,finished,2026-05-18T16:34:37.449187+00:00
5027,INPROC_E9671D,1,10,team1,Team 1 (N/S),87,33,29,♥,finished,2026-05-18T16:34:37.466158+00:00
5028,INPROC_D25156,1,10,team2,Team 2 (E/W),51,69,21,♥,finished,2026-05-18T16:34:37.485009+00:00
5029,INPROC_301680,1,10,team1,Team 1 (N/S),106,14,1,♣,finished,2026-05-18T16:34:37.503734+00:00
5030,INPROC_560C09,1,10,team2,Team 2 (E/W),40,80,13,♦,finished,2026-05-18T16:34:37.521071+00:00
5031,INPROC_313F55,1,10,team1,Team 1 (N/S),64,56,36,♠,finished,2026-05-18T16:34:37.533241+00:00
5032,INPROC_46C03C,1,10,team2,Team 2 (E/W),44,76,39,♠,finished,2026-05-18T16:34:37.546731+00:00
5033,INPROC_64C87E,1,10,team1,Team 1 (N/S),96,24,8,♣,finished,2026-05-18T16:34:37.565397+00:00
5034,INPROC_A76601,1,10,team2,Team 2 (E/W),54,66,36,♠,finished,2026-05-18T16:34:37.583437+00:00
5035,INPROC_DC41F2,1,10,team1,Team 1 (N/S),81,39,28,♥,finished,2026-05-18T16:34:37.601190+00:00
5036,INPROC_F8DEC4,1,10,team2,Team 2 (E/W),22,98,30,♠,finished,2026-05-18T16:34:37.619205+00:00
5037,INPROC_F15B1C,1,10,team2,Team 2 (E/W),24,96,31,♠,finished,2026-05-18T16:34:37.635850+00:00
5038,INPROC_3CBBBF,1,10,team1,Team 1 (N/S),93,27,1,♣,finished,2026-05-18T16:34:37.649468+00:00
5039,INPROC_2683E5,1,10,team2,Team 2 (E/W),54,66,10,♦,finished,2026-05-18T16:34:37.659525+00:00
5040,INPROC_2AA66F,1,10,team2,Team 2 (E/W),57,63,19,♦,finished,2026-05-18T16:34:37.672423+00:00
5041,INPROC_91450A,1,10,team2,Team 2 (E/W),55,65,19,♦,finished,2026-05-18T16:34:37.686854+00:00
5042,INPROC_503A93,1,10,team1,Team 1 (N/S),81,39,4,♣,finished,2026-05-18T16:34:37.698049+00:00
5043,INPROC_BF4FC5,1,10,team1,Team 1 (N/S),102,18,31,♠,finished,2026-05-18T16:34:37.709225+00:00
5044,INPROC_C10C78,1,10,team2,Team 2 (E/W),50,70,33,♠,finished,2026-05-18T16:34:37.724213+00:00
5045,INPROC_67A4C2,1,10,team1,Team 1 (N/S),88,32,5,♣,finished,2026-05-18T16:34:37.737496+00:00
5046,INPROC_3F32D1,1,10,team1,Team 1 (N/S),72,48,15,♦,finished,2026-05-18T16:34:37.749953+00:00
5047,INPROC_5D59A9,1,10,team2,Team 2 (E/W),40,80,9,♣,finished,2026-05-18T16:34:37.768197+00:00
5048,INPROC_BD69CA,1,10,team1,Team 1 (N/S),79,41,36,♠,finished,2026-05-18T16:34:37.782775+00:00
5049,INPROC_E510CE,1,10,team1,Team 1 (N/S),61,59,32,♠,finished,2026-05-18T16:34:37.798284+00:00
5050,INPROC_8966AA,1,10,draw,draw,60,60,9,♣,finished,2026-05-18T16:34:37.813209+00:00
5051,INPROC_85B17E,1,10,team1,Team 1 (N/S),99,21,11,♦,finished,2026-05-18T16:34:37.828760+00:00
5052,INPROC_08DFE6,1,10,team2,Team 2 (E/W),26,94,28,♥,finished,2026-05-18T16:34:37.846629+00:00
5053,INPROC_11F955,1,10,team2,Team 2 (E/W),46,74,29,♥,finished,2026-05-18T16:34:37.863054+00:00
5054,INPROC_A9332F,1,10,team1,Team 1 (N/S),77,43,20,♥,finished,2026-05-18T16:34:37.879653+00:00
5055,INPROC_8943D3,1,10,team2,Team 2 (E/W),49,71,17,♦,finished,2026-05-18T16:34:37.897416+00:00
5056,INPROC_6DCEB8,1,10,team1,Team 1 (N/S),61,59,21,♥,finished,2026-05-18T16:34:37.914854+00:00
5057,INPROC_FA5847,1,10,team1,Team 1 (N/S),98,22,7,♣,finished,2026-05-18T16:34:37.931698+00:00
5058,INPROC_340E32,1,10,team1,Team 1 (N/S),110,10,35,♠,finished,2026-05-18T16:34:37.945249+00:00
5059,INPROC_75AEDF,1,10,team2,Team 2 (E/W),35,85,6,♣,finished,2026-05-18T16:34:37.958824+00:00
5060,INPROC_67BD85,1,10,team1,Team 1 (N/S),89,31,24,♥,finished,2026-05-18T16:34:37.973891+00:00
5061,INPROC_3BC0D2,1,10,team1,Team 1 (N/S),70,50,14,♦,finished,2026-05-18T16:34:37.986959+00:00
5062,INPROC_FE1B4B,1,10,team1,Team 1 (N/S),72,48,33,♠,finished,2026-05-18T16:34:38.002614+00:00
5063,INPROC_F3CD4D,1,10,team1,Team 1 (N/S),85,35,2,♣,finished,2026-05-18T16:34:38.018588+00:00
5064,INPROC_D0FF4E,1,10,team2,Team 2 (E/W),31,89,2,♣,finished,2026-05-18T16:34:38.034748+00:00
5065,INPROC_FA74B5,1,10,team1,Team 1 (N/S),72,48,9,♣,finished,2026-05-18T16:34:38.050105+00:00
5066,INPROC_E1868B,1,10,team1,Team 1 (N/S),65,55,12,♦,finished,2026-05-18T16:34:38.065016+00:00
5067,INPROC_418442,1,10,team2,Team 2 (E/W),47,73,8,♣,finished,2026-05-18T16:34:38.078677+00:00
5068,INPROC_E0DBDD,1,10,team2,Team 2 (E/W),44,76,12,♦,finished,2026-05-18T16:34:38.093535+00:00
5069,INPROC_73120D,1,10,team2,Team 2 (E/W),28,92,8,♣,finished,2026-05-18T16:34:38.105830+00:00
5070,INPROC_2A0E31,1,10,team2,Team 2 (E/W),12,108,4,♣,finished,2026-05-18T16:34:38.119619+00:00
5071,INPROC_101007,1,10,team1,Team 1 (N/S),80,40,2,♣,finished,2026-05-18T16:34:38.133466+00:00
5072,INPROC_9AA974,1,10,team2,Team 2 (E/W),58,62,27,♥,finished,2026-05-18T16:34:38.146779+00:00
5073,INPROC_06E322,1,10,team2,Team 2 (E/W),57,63,32,♠,finished,2026-05-18T16:34:38.161838+00:00
5074,INPROC_C5C6B8,1,10,team1,Team 1 (N/S),65,55,30,♠,finished,2026-05-18T16:34:38.180248+00:00
5075,INPROC_103ACE,1,10,team1,Team 1 (N/S),71,49,30,♠,finished,2026-05-18T16:34:38.197314+00:00
5076,INPROC_2D97DB,1,10,draw,draw,60,60,8,♣,finished,2026-05-18T16:34:38.213373+00:00
5077,INPROC_7645AB,1,10,team2,Team 2 (E/W),41,79,14,♦,finished,2026-05-18T16:34:38.229761+00:00
5078,INPROC_CE0009,1,10,team2,Team 2 (E/W),14,106,8,♣,finished,2026-05-18T16:34:38.245654+00:00
5079,INPROC_3EA221,1,10,team1,Team 1 (N/S),85,35,27,♥,finished,2026-05-18T16:34:38.262114+00:00
5080,INPROC_157AB2,1,10,team2,Team 2 (E/W),50,70,8,♣,finished,2026-05-18T16:34:38.279800+00:00
5081,INPROC_45AB34,1,10,team1,Team 1 (N/S),65,55,20,♥,finished,2026-05-18T16:34:38.293334+00:00
5082,INPROC_8FE175,1,10,team1,Team 1 (N/S),99,21,6,♣,finished,2026-05-18T16:34:38.309353+00:00
5083,INPROC_CD1A8C,1,10,team1,Team 1 (N/S),78,42,37,♠,finished,2026-05-18T16:34:38.322879+00:00
5084,INPROC_879F94,1,10,team1,Team 1 (N/S),87,33,7,♣,finished,2026-05-18T16:34:38.337390+00:00
5085,INPROC_538318,1,10,team1,Team 1 (N/S),63,57,5,♣,finished,2026-05-18T16:34:38.352320+00:00
5086,INPROC_A1BF83,1,10,team1,Team 1 (N/S),98,22,8,♣,finished,2026-05-18T16:34:38.365313+00:00
5087,INPROC_778EE6,1,10,team1,Team 1 (N/S),69,51,15,♦,finished,2026-05-18T16:34:38.380861+00:00
5088,INPROC_184270,1,10,team2,Team 2 (E/W),51,69,15,♦,finished,2026-05-18T16:34:38.397869+00:00
5089,INPROC_4CF22E,1,10,team1,Team 1 (N/S),76,44,29,♥,finished,2026-05-18T16:34:38.411073+00:00
5090,INPROC_8197F8,1,10,team2,Team 2 (E/W),51,69,9,♣,finished,2026-05-18T16:34:38.425950+00:00
5091,INPROC_C4D80E,1,10,team2,Team 2 (E/W),41,79,29,♥,finished,2026-05-18T16:34:38.440110+00:00
5092,INPROC_A36398,1,10,team1,Team 1 (N/S),74,46,26,♥,finished,2026-05-18T16:34:38.449107+00:00
5093,INPROC_2C34F9,1,10,team1,Team 1 (N/S),80,40,35,♠,finished,2026-05-18T16:34:38.467527+00:00
5094,INPROC_0319A8,1,10,team2,Team 2 (E/W),58,62,12,♦,finished,2026-05-18T16:34:38.481673+00:00
5095,INPROC_035A0F,1,10,team2,Team 2 (E/W),55,65,32,♠,finished,2026-05-18T16:34:38.496797+00:00
5096,INPROC_82DBFF,1,10,team2,Team 2 (E/W),46,74,7,♣,finished,2026-05-18T16:34:38.505770+00:00
5097,INPROC_A83275,1,10,team2,Team 2 (E/W),49,71,2,♣,finished,2026-05-18T16:34:38.515822+00:00
5098,INPROC_942179,1,10,team1,Team 1 (N/S),98,22,12,♦,finished,2026-05-18T16:34:38.524713+00:00
5099,INPROC_CB1305,1,10,team1,Team 1 (N/S),97,23,14,♦,finished,2026-05-18T16:34:38.541547+00:00
5100,INPROC_7A8A68,1,10,team1,Team 1 (N/S),90,30,9,♣,finished,2026-05-18T16:34:38.559954+00:00
5101,INPROC_5D1633,1,10,team1,Team 1 (N/S),120,0,23,♥,finished,2026-05-18T16:34:38.573381+00:00
5102,INPROC_5FC7B6,1,10,team1,Team 1 (N/S),115,5,1,♣,finished,2026-05-18T16:34:38.588028+00:00
5103,INPROC_2DDD7C,1,10,team1,Team 1 (N/S),87,33,15,♦,finished,2026-05-18T16:34:38.601350+00:00
5104,INPROC_D4AEC6,1,10,team2,Team 2 (E/W),42,78,19,♦,finished,2026-05-18T16:34:38.614278+00:00
5105,INPROC_BE3B8D,1,10,team1,Team 1 (N/S),88,32,4,♣,finished,2026-05-18T16:34:38.629128+00:00
5106,INPROC_53A650,1,10,team1,Team 1 (N/S),81,39,15,♦,finished,2026-05-18T16:34:38.645908+00:00
5107,INPROC_6E1326,1,10,team2,Team 2 (E/W),29,91,11,♦,finished,2026-05-18T16:34:38.660844+00:00
5108,INPROC_D237C7,1,10,team1,Team 1 (N/S),88,32,13,♦,finished,2026-05-18T16:34:38.676741+00:00
5109,INPROC_CB60B9,1,10,team1,Team 1 (N/S),66,54,22,♥,finished,2026-05-18T16:34:38.694800+00:00
5110,INPROC_26E5E4,1,10,team2,Team 2 (E/W),58,62,26,♥,finished,2026-05-18T16:34:38.706541+00:00
5111,INPROC_C12E15,1,10,team2,Team 2 (E/W),41,79,39,♠,finished,2026-05-18T16:34:38.715947+00:00
5112,INPROC_00B282,1,10,team1,Team 1 (N/S),89,31,38,♠,finished,2026-05-18T16:34:38.725612+00:00
5113,INPROC_F88E00,1,10,team2,Team 2 (E/W),39,81,10,♦,finished,2026-05-18T16:34:38.733757+00:00
5114,INPROC_FA64F1,1,10,team1,Team 1 (N/S),74,46,34,♠,finished,2026-05-18T16:34:38.743431+00:00
5115,INPROC_164E9B,1,10,team1,Team 1 (N/S),94,26,24,♥,finished,2026-05-18T16:34:38.752096+00:00
5116,INPROC_3A254B,1,10,team1,Team 1 (N/S),96,24,22,♥,finished,2026-05-18T16:34:38.760883+00:00
5117,INPROC_14851F,1,10,team1,Team 1 (N/S),109,11,12,♦,finished,2026-05-18T16:34:38.770903+00:00
5118,INPROC_B725B2,1,10,team2,Team 2 (E/W),39,81,3,♣,finished,2026-05-18T16:34:38.779732+00:00
5119,INPROC_3A9BBD,1,10,team1,Team 1 (N/S),63,57,9,♣,finished,2026-05-18T16:34:38.789830+00:00
5120,INPROC_274BF5,1,10,team1,Team 1 (N/S),79,41,35,♠,finished,2026-05-18T16:34:38.805404+00:00
5121,INPROC_9335CF,1,10,team1,Team 1 (N/S),73,47,9,♣,finished,2026-05-18T16:34:38.821812+00:00
5122,INPROC_D6C892,1,10,team2,Team 2 (E/W),49,71,21,♥,finished,2026-05-18T16:34:38.837028+00:00
5123,INPROC_0360F3,1,10,team2,Team 2 (E/W),57,63,20,♥,finished,2026-05-18T16:34:38.852356+00:00
5124,INPROC_DF21D4,1,10,team1,Team 1 (N/S),66,54,7,♣,finished,2026-05-18T16:34:38.867667+00:00
5125,INPROC_12FBDF,1,10,team2,Team 2 (E/W),0,120,0,♣,finished,2026-05-18T16:34:38.882847+00:00
5126,INPROC_624E84,1,10,team1,Team 1 (N/S),64,56,2,♣,finished,2026-05-18T16:34:38.891845+00:00
5127,INPROC_89C40E,1,10,team1,Team 1 (N/S),76,44,32,♠,finished,2026-05-18T16:34:38.903865+00:00
5128,INPROC_E9A11B,1,10,team1,Team 1 (N/S),77,43,20,♥,finished,2026-05-18T16:34:38.918996+00:00
5129,INPROC_F155C3,1,10,team2,Team 2 (E/W),37,83,34,♠,finished,2026-05-18T16:34:38.936840+00:00
5130,INPROC_29D3CB,1,10,team1,Team 1 (N/S),100,20,24,♥,finished,2026-05-18T16:34:38.954049+00:00
5131,INPROC_4D3DC8,1,10,team2,Team 2 (E/W),31,89,27,♥,finished,2026-05-18T16:34:38.972519+00:00
5132,INPROC_94C079,1,10,team2,Team 2 (E/W),33,87,17,♦,finished,2026-05-18T16:34:38.989516+00:00
5133,INPROC_50D683,1,10,team2,Team 2 (E/W),31,89,28,♥,finished,2026-05-18T16:34:39.002727+00:00
5134,INPROC_1EEABA,1,10,team1,Team 1 (N/S),118,2,20,♥,finished,2026-05-18T16:34:39.021114+00:00
5135,INPROC_410435,1,10,team1,Team 1 (N/S),72,48,32,♠,finished,2026-05-18T16:34:39.035206+00:00
5136,INPROC_388B15,1,10,team2,Team 2 (E/W),27,93,0,♣,finished,2026-05-18T16:34:39.048545+00:00
5137,INPROC_0FF728,1,10,team1,Team 1 (N/S),98,22,7,♣,finished,2026-05-18T16:34:39.064522+00:00
5138,INPROC_9735AA,1,10,team1,Team 1 (N/S),82,38,11,♦,finished,2026-05-18T16:34:39.078852+00:00
5139,INPROC_A4553B,1,10,team1,Team 1 (N/S),68,52,31,♠,finished,2026-05-18T16:34:39.093540+00:00
5140,INPROC_56B14B,1,10,team1,Team 1 (N/S),104,16,25,♥,finished,2026-05-18T16:34:39.105342+00:00
5141,INPROC_CE11D4,1,10,team2,Team 2 (E/W),45,75,9,♣,finished,2026-05-18T16:34:39.120530+00:00
5142,INPROC_67B181,1,10,team1,Team 1 (N/S),68,52,18,♦,finished,2026-05-18T16:34:39.135124+00:00
5143,INPROC_E54DA2,1,10,team1,Team 1 (N/S),88,32,21,♥,finished,2026-05-18T16:34:39.148813+00:00
5144,INPROC_9E3443,1,10,team2,Team 2 (E/W),58,62,16,♦,finished,2026-05-18T16:34:39.163989+00:00
5145,INPROC_00DACA,1,10,team2,Team 2 (E/W),43,77,38,♠,finished,2026-05-18T16:34:39.177652+00:00
5146,INPROC_840AA1,1,10,team2,Team 2 (E/W),38,82,39,♠,finished,2026-05-18T16:34:39.191415+00:00
5147,INPROC_136524,1,10,team1,Team 1 (N/S),82,38,25,♥,finished,2026-05-18T16:34:39.205954+00:00
5148,INPROC_50DFF7,1,10,team1,Team 1 (N/S),80,40,6,♣,finished,2026-05-18T16:34:39.220788+00:00
5149,INPROC_B871FD,1,10,team1,Team 1 (N/S),64,56,37,♠,finished,2026-05-18T16:34:39.237935+00:00
5150,INPROC_EC2415,1,10,team1,Team 1 (N/S),75,45,17,♦,finished,2026-05-18T16:34:39.251951+00:00
5151,INPROC_F9747D,1,10,team1,Team 1 (N/S),69,51,39,♠,finished,2026-05-18T16:34:39.261055+00:00
5152,INPROC_7D0DE1,1,10,team1,Team 1 (N/S),99,21,3,♣,finished,2026-05-18T16:34:39.271838+00:00
5153,INPROC_C426EB,1,10,team1,Team 1 (N/S),65,55,14,♦,finished,2026-05-18T16:34:39.281015+00:00
5154,INPROC_1D9433,1,10,team1,Team 1 (N/S),68,52,1,♣,finished,2026-05-18T16:34:39.294261+00:00
5155,INPROC_D1BD70,1,10,team1,Team 1 (N/S),77,43,28,♥,finished,2026-05-18T16:34:39.305919+00:00
5156,INPROC_FD3A6D,1,10,team1,Team 1 (N/S),68,52,6,♣,finished,2026-05-18T16:34:39.319234+00:00
5157,INPROC_92D0AB,1,10,team1,Team 1 (N/S),80,40,39,♠,finished,2026-05-18T16:34:39.332200+00:00
5158,INPROC_CC4CCB,1,10,team1,Team 1 (N/S),61,59,29,♥,finished,2026-05-18T16:34:39.347048+00:00
5159,INPROC_E60651,1,10,team1,Team 1 (N/S),88,32,4,♣,finished,2026-05-18T16:34:39.361396+00:00
5160,INPROC_A8E9EC,1,10,team1,Team 1 (N/S),108,12,1,♣,finished,2026-05-18T16:34:39.376472+00:00
5161,INPROC_EF400F,1,10,team1,Team 1 (N/S),67,53,18,♦,finished,2026-05-18T16:34:39.390096+00:00
5162,INPROC_36CE71,1,10,team1,Team 1 (N/S),73,47,10,♦,finished,2026-05-18T16:34:39.406749+00:00
5163,INPROC_041F87,1,10,team1,Team 1 (N/S),87,33,36,♠,finished,2026-05-18T16:34:39.422536+00:00
5164,INPROC_0A3C5B,1,10,team2,Team 2 (E/W),52,68,9,♣,finished,2026-05-18T16:34:39.436486+00:00
5165,INPROC_4B71EF,1,10,team1,Team 1 (N/S),77,43,17,♦,finished,2026-05-18T16:34:39.449712+00:00
5166,INPROC_F94988,1,10,team2,Team 2 (E/W),35,85,7,♣,finished,2026-05-18T16:34:39.458778+00:00
5167,INPROC_1F88D0,1,10,team2,Team 2 (E/W),32,88,9,♣,finished,2026-05-18T16:34:39.471394+00:00
5168,INPROC_2720EC,1,10,team2,Team 2 (E/W),57,63,17,♦,finished,2026-05-18T16:34:39.485124+00:00
5169,INPROC_FBF67E,1,10,team1,Team 1 (N/S),120,0,5,♣,finished,2026-05-18T16:34:39.499007+00:00
5170,INPROC_C6AE71,1,10,team2,Team 2 (E/W),50,70,16,♦,finished,2026-05-18T16:34:39.514650+00:00
5171,INPROC_013C7C,1,10,team1,Team 1 (N/S),75,45,12,♦,finished,2026-05-18T16:34:39.528848+00:00
5172,INPROC_01384F,1,10,team2,Team 2 (E/W),35,85,1,♣,finished,2026-05-18T16:34:39.543531+00:00
5173,INPROC_CF1372,1,10,team1,Team 1 (N/S),89,31,4,♣,finished,2026-05-18T16:34:39.558426+00:00
5174,INPROC_06BE8A,1,10,team1,Team 1 (N/S),91,29,28,♥,finished,2026-05-18T16:34:39.573398+00:00
5175,INPROC_64651D,1,10,team2,Team 2 (E/W),48,72,10,♦,finished,2026-05-18T16:34:39.588067+00:00
5176,INPROC_A25576,1,10,team1,Team 1 (N/S),89,31,12,♦,finished,2026-05-18T16:34:39.602352+00:00
5177,INPROC_56B21F,1,10,team1,Team 1 (N/S),76,44,0,♣,finished,2026-05-18T16:34:39.612121+00:00
5178,INPROC_A0E725,1,10,team2,Team 2 (E/W),54,66,35,♠,finished,2026-05-18T16:34:39.620989+00:00
5179,INPROC_03F18D,1,10,team1,Team 1 (N/S),76,44,22,♥,finished,2026-05-18T16:34:39.630586+00:00
5180,INPROC_C38752,1,10,team1,Team 1 (N/S),86,34,29,♥,finished,2026-05-18T16:34:39.643902+00:00
5181,INPROC_310EE3,1,10,team1,Team 1 (N/S),90,30,19,♦,finished,2026-05-18T16:34:39.657977+00:00
5182,INPROC_D161DE,1,10,team1,Team 1 (N/S),94,26,4,♣,finished,2026-05-18T16:34:39.672514+00:00
5183,INPROC_AFD751,1,10,draw,draw,60,60,23,♥,finished,2026-05-18T16:34:39.687424+00:00
5184,INPROC_0E330D,1,10,team1,Team 1 (N/S),75,45,21,♥,finished,2026-05-18T16:34:39.704586+00:00
5185,INPROC_595714,1,10,team1,Team 1 (N/S),84,36,19,♦,finished,2026-05-18T16:34:39.719664+00:00
5186,INPROC_E1140B,1,10,team2,Team 2 (E/W),42,78,35,♠,finished,2026-05-18T16:34:39.728453+00:00
5187,INPROC_D17CFA,1,10,team1,Team 1 (N/S),90,30,22,♥,finished,2026-05-18T16:34:39.738826+00:00
5188,INPROC_5DC03C,1,10,team1,Team 1 (N/S),103,17,19,♦,finished,2026-05-18T16:34:39.752590+00:00
5189,INPROC_10EF0E,1,10,team1,Team 1 (N/S),65,55,4,♣,finished,2026-05-18T16:34:39.767412+00:00
5190,INPROC_E34417,1,10,team1,Team 1 (N/S),69,51,22,♥,finished,2026-05-18T16:34:39.781796+00:00
5191,INPROC_6D2BFA,1,10,team1,Team 1 (N/S),69,51,30,♠,finished,2026-05-18T16:34:39.800184+00:00
5192,INPROC_43EF6E,1,10,team2,Team 2 (E/W),57,63,4,♣,finished,2026-05-18T16:34:39.816804+00:00
5193,INPROC_BD3FC2,1,10,team1,Team 1 (N/S),70,50,9,♣,finished,2026-05-18T16:34:39.831877+00:00
5194,INPROC_59AC5A,1,10,team2,Team 2 (E/W),54,66,23,♥,finished,2026-05-18T16:34:39.850720+00:00
5195,INPROC_895DF3,1,10,team1,Team 1 (N/S),95,25,25,♥,finished,2026-05-18T16:34:39.867193+00:00
5196,INPROC_CC5918,1,10,team1,Team 1 (N/S),104,16,36,♠,finished,2026-05-18T16:34:39.878491+00:00
5197,INPROC_B7D480,1,10,team2,Team 2 (E/W),43,77,23,♥,finished,2026-05-18T16:34:39.888703+00:00
5198,INPROC_2D8A94,1,10,team2,Team 2 (E/W),27,93,21,♥,finished,2026-05-18T16:34:39.905584+00:00
5199,INPROC_AD5AA2,1,10,team1,Team 1 (N/S),72,48,35,♠,finished,2026-05-18T16:34:39.923802+00:00
5200,INPROC_FD988C,1,10,team1,Team 1 (N/S),97,23,12,♦,finished,2026-05-18T16:34:39.933071+00:00
5201,INPROC_EB1E31,1,10,team1,Team 1 (N/S),76,44,10,♦,finished,2026-05-18T16:34:39.947779+00:00
5202,INPROC_0E2952,1,10,team1,Team 1 (N/S),86,34,0,♣,finished,2026-05-18T16:34:39.965158+00:00
5203,INPROC_9F38E5,1,10,team1,Team 1 (N/S),106,14,34,♠,finished,2026-05-18T16:34:39.982172+00:00
5204,INPROC_43AC84,1,10,team1,Team 1 (N/S),85,35,32,♠,finished,2026-05-18T16:34:39.991109+00:00
5205,INPROC_DC4ABB,1,10,draw,draw,60,60,32,♠,finished,2026-05-18T16:34:40.000976+00:00
5206,INPROC_3D51AA,1,10,team1,Team 1 (N/S),99,21,26,♥,finished,2026-05-18T16:34:40.011720+00:00
5207,INPROC_17E124,1,10,team2,Team 2 (E/W),28,92,4,♣,finished,2026-05-18T16:34:40.021199+00:00
5208,INPROC_C7859F,1,10,team1,Team 1 (N/S),76,44,3,♣,finished,2026-05-18T16:34:40.031936+00:00
5209,INPROC_A32D79,1,10,team2,Team 2 (E/W),56,64,38,♠,finished,2026-05-18T16:34:40.045356+00:00
5210,INPROC_7952F6,1,10,draw,draw,60,60,18,♦,finished,2026-05-18T16:34:40.059411+00:00
5211,INPROC_864907,1,10,team1,Team 1 (N/S),77,43,23,♥,finished,2026-05-18T16:34:40.074847+00:00
5212,INPROC_440496,1,10,team2,Team 2 (E/W),39,81,30,♠,finished,2026-05-18T16:34:40.092479+00:00
5213,INPROC_62B205,1,10,team1,Team 1 (N/S),71,49,8,♣,finished,2026-05-18T16:34:40.109616+00:00
5214,INPROC_9A39B7,1,10,team2,Team 2 (E/W),59,61,34,♠,finished,2026-05-18T16:34:40.127410+00:00
5215,INPROC_C77D0A,1,10,team1,Team 1 (N/S),92,28,1,♣,finished,2026-05-18T16:34:40.145098+00:00
5216,INPROC_2427DB,1,10,team1,Team 1 (N/S),100,20,28,♥,finished,2026-05-18T16:34:40.156994+00:00
5217,INPROC_875A85,1,10,team1,Team 1 (N/S),84,36,38,♠,finished,2026-05-18T16:34:40.165388+00:00
5218,INPROC_A89F53,1,10,team1,Team 1 (N/S),120,0,7,♣,finished,2026-05-18T16:34:40.175721+00:00
5219,INPROC_5C8F5B,1,10,team2,Team 2 (E/W),54,66,10,♦,finished,2026-05-18T16:34:40.190768+00:00
5220,INPROC_FCA085,1,10,team1,Team 1 (N/S),99,21,6,♣,finished,2026-05-18T16:34:40.199123+00:00
5221,INPROC_39D035,1,10,team1,Team 1 (N/S),90,30,26,♥,finished,2026-05-18T16:34:40.214665+00:00
5222,INPROC_A1C3A6,1,10,draw,draw,60,60,29,♥,finished,2026-05-18T16:34:40.227707+00:00
5223,INPROC_885317,1,10,team1,Team 1 (N/S),87,33,8,♣,finished,2026-05-18T16:34:40.245143+00:00
5224,INPROC_491906,1,10,team1,Team 1 (N/S),80,40,2,♣,finished,2026-05-18T16:34:40.263841+00:00
5225,INPROC_34CCFB,1,10,team2,Team 2 (E/W),57,63,27,♥,finished,2026-05-18T16:34:40.281911+00:00
5226,INPROC_40B6E0,1,10,team1,Team 1 (N/S),74,46,34,♠,finished,2026-05-18T16:34:40.296760+00:00
5227,INPROC_EA5D06,1,10,team1,Team 1 (N/S),83,37,33,♠,finished,2026-05-18T16:34:40.311313+00:00
5228,INPROC_2F4946,1,10,team1,Team 1 (N/S),62,58,4,♣,finished,2026-05-18T16:34:40.325155+00:00
5229,INPROC_C10507,1,10,team2,Team 2 (E/W),15,105,38,♠,finished,2026-05-18T16:34:40.339785+00:00
5230,INPROC_A548D1,1,10,team1,Team 1 (N/S),88,32,23,♥,finished,2026-05-18T16:34:40.354328+00:00
5231,INPROC_A3D7C1,1,10,team1,Team 1 (N/S),69,51,18,♦,finished,2026-05-18T16:34:40.368292+00:00
5232,INPROC_55B941,1,10,team1,Team 1 (N/S),99,21,37,♠,finished,2026-05-18T16:34:40.382615+00:00
5233,INPROC_F41E9D,1,10,team2,Team 2 (E/W),41,79,27,♥,finished,2026-05-18T16:34:40.396877+00:00
5234,INPROC_B0475A,1,10,team1,Team 1 (N/S),80,40,36,♠,finished,2026-05-18T16:34:40.410755+00:00
5235,INPROC_0B86F9,1,10,team2,Team 2 (E/W),43,77,37,♠,finished,2026-05-18T16:34:40.427904+00:00
5236,INPROC_AFC3FD,1,10,team2,Team 2 (E/W),30,90,2,♣,finished,2026-05-18T16:34:40.443962+00:00
5237,INPROC_6478F3,1,10,team2,Team 2 (E/W),32,88,37,♠,finished,2026-05-18T16:34:40.459849+00:00
5238,INPROC_AE94CD,1,10,team1,Team 1 (N/S),92,28,13,♦,finished,2026-05-18T16:34:40.474261+00:00
5239,INPROC_B0EA64,1,10,team2,Team 2 (E/W),39,81,3,♣,finished,2026-05-18T16:34:40.492526+00:00
5240,INPROC_E08341,1,10,team2,Team 2 (E/W),58,62,20,♥,finished,2026-05-18T16:34:40.509450+00:00
5241,INPROC_0F63D7,1,10,team1,Team 1 (N/S),104,16,6,♣,finished,2026-05-18T16:34:40.523893+00:00
5242,INPROC_A21355,1,10,team1,Team 1 (N/S),74,46,18,♦,finished,2026-05-18T16:34:40.538475+00:00
5243,INPROC_8E424C,1,10,team1,Team 1 (N/S),70,50,12,♦,finished,2026-05-18T16:34:40.553248+00:00
5244,INPROC_F12411,1,10,team1,Team 1 (N/S),68,52,0,♣,finished,2026-05-18T16:34:40.567818+00:00
5245,INPROC_5B1D0D,1,10,team2,Team 2 (E/W),35,85,36,♠,finished,2026-05-18T16:34:40.582107+00:00
5246,INPROC_A67BC9,1,10,team1,Team 1 (N/S),68,52,6,♣,finished,2026-05-18T16:34:40.595523+00:00
5247,INPROC_CBBCA4,1,10,team1,Team 1 (N/S),73,47,6,♣,finished,2026-05-18T16:34:40.607920+00:00
5248,INPROC_B730A8,1,10,team2,Team 2 (E/W),48,72,38,♠,finished,2026-05-18T16:34:40.620862+00:00
5249,INPROC_BCFECB,1,10,team1,Team 1 (N/S),65,55,4,♣,finished,2026-05-18T16:34:40.635154+00:00
5250,INPROC_1AAD54,1,10,team1,Team 1 (N/S),91,29,34,♠,finished,2026-05-18T16:34:40.648211+00:00
5251,INPROC_C1C982,1,10,team2,Team 2 (E/W),57,63,24,♥,finished,2026-05-18T16:34:40.661511+00:00
5252,INPROC_952A72,1,10,team2,Team 2 (E/W),24,96,10,♦,finished,2026-05-18T16:34:40.674515+00:00
5253,INPROC_FB35F5,1,10,team1,Team 1 (N/S),88,32,10,♦,finished,2026-05-18T16:34:40.687507+00:00
5254,INPROC_24A545,1,10,team1,Team 1 (N/S),100,20,31,♠,finished,2026-05-18T16:34:40.700972+00:00
5255,INPROC_054BD2,1,10,team2,Team 2 (E/W),57,63,30,♠,finished,2026-05-18T16:34:40.716920+00:00
5256,INPROC_14AF36,1,10,team1,Team 1 (N/S),63,57,27,♥,finished,2026-05-18T16:34:40.739246+00:00
5257,INPROC_7147F5,1,10,team1,Team 1 (N/S),83,37,26,♥,finished,2026-05-18T16:34:40.757659+00:00
5258,INPROC_6F340C,1,10,team1,Team 1 (N/S),77,43,30,♠,finished,2026-05-18T16:34:40.777357+00:00
5259,INPROC_4F0DFF,1,10,team2,Team 2 (E/W),18,102,8,♣,finished,2026-05-18T16:34:40.793032+00:00
5260,INPROC_B99619,1,10,team2,Team 2 (E/W),39,81,33,♠,finished,2026-05-18T16:34:40.809500+00:00
5261,INPROC_932338,1,10,team2,Team 2 (E/W),59,61,36,♠,finished,2026-05-18T16:34:40.826626+00:00
5262,INPROC_0343BB,1,10,team2,Team 2 (E/W),55,65,28,♥,finished,2026-05-18T16:34:40.841459+00:00
5263,INPROC_BD3DC0,1,10,team1,Team 1 (N/S),79,41,21,♥,finished,2026-05-18T16:34:40.857295+00:00
5264,INPROC_720BCA,1,10,team1,Team 1 (N/S),76,44,8,♣,finished,2026-05-18T16:34:40.876350+00:00
5265,INPROC_A4287C,1,10,team2,Team 2 (E/W),53,67,29,♥,finished,2026-05-18T16:34:40.894538+00:00
5266,INPROC_B616EB,1,10,team2,Team 2 (E/W),42,78,38,♠,finished,2026-05-18T16:34:40.909971+00:00
5267,INPROC_5350CF,1,10,team2,Team 2 (E/W),52,68,7,♣,finished,2026-05-18T16:34:40.926432+00:00
5268,INPROC_5DB450,1,10,team2,Team 2 (E/W),42,78,6,♣,finished,2026-05-18T16:34:40.934908+00:00
5269,INPROC_A24845,1,10,team1,Team 1 (N/S),77,43,32,♠,finished,2026-05-18T16:34:40.952558+00:00
5270,INPROC_CFD09B,1,10,team1,Team 1 (N/S),86,34,27,♥,finished,2026-05-18T16:34:40.966454+00:00
5271,INPROC_62D4CC,1,10,team1,Team 1 (N/S),81,39,8,♣,finished,2026-05-18T16:34:40.984257+00:00
5272,INPROC_DB395E,1,10,team1,Team 1 (N/S),79,41,18,♦,finished,2026-05-18T16:34:41.003135+00:00
5273,INPROC_FBC2DF,1,10,team2,Team 2 (E/W),57,63,18,♦,finished,2026-05-18T16:34:41.017153+00:00
5274,INPROC_36E370,1,10,team1,Team 1 (N/S),78,42,28,♥,finished,2026-05-18T16:34:41.026063+00:00
5275,INPROC_222362,1,10,draw,draw,60,60,21,♥,finished,2026-05-18T16:34:41.036104+00:00
5276,INPROC_D66510,1,10,team1,Team 1 (N/S),66,54,6,♣,finished,2026-05-18T16:34:41.053350+00:00
5277,INPROC_2BD6D0,1,10,team2,Team 2 (E/W),38,82,32,♠,finished,2026-05-18T16:34:41.068039+00:00
5278,INPROC_69E1E2,1,10,team1,Team 1 (N/S),71,49,35,♠,finished,2026-05-18T16:34:41.085471+00:00
5279,INPROC_D1FEB8,1,10,team1,Team 1 (N/S),105,15,14,♦,finished,2026-05-18T16:34:41.094100+00:00
5280,INPROC_BFED47,1,10,team1,Team 1 (N/S),92,28,23,♥,finished,2026-05-18T16:34:41.107651+00:00
5281,INPROC_88D3DE,1,10,team1,Team 1 (N/S),77,43,23,♥,finished,2026-05-18T16:34:41.121018+00:00
5282,INPROC_BA8436,1,10,team1,Team 1 (N/S),75,45,12,♦,finished,2026-05-18T16:34:41.135922+00:00
5283,INPROC_6485E3,1,10,team1,Team 1 (N/S),84,36,12,♦,finished,2026-05-18T16:34:41.149730+00:00
5284,INPROC_C5FDE1,1,10,team1,Team 1 (N/S),93,27,11,♦,finished,2026-05-18T16:34:41.163913+00:00
5285,INPROC_9F1021,1,10,team1,Team 1 (N/S),69,51,19,♦,finished,2026-05-18T16:34:41.176859+00:00
5286,INPROC_2AAE61,1,10,team2,Team 2 (E/W),52,68,27,♥,finished,2026-05-18T16:34:41.191263+00:00
5287,INPROC_9CACC4,1,10,team1,Team 1 (N/S),70,50,6,♣,finished,2026-05-18T16:34:41.202698+00:00
5288,INPROC_6ADA5F,1,10,team2,Team 2 (E/W),49,71,10,♦,finished,2026-05-18T16:34:41.216962+00:00
5289,INPROC_4A10C9,1,10,team2,Team 2 (E/W),54,66,2,♣,finished,2026-05-18T16:34:41.231425+00:00
5290,INPROC_5969D9,1,10,team2,Team 2 (E/W),58,62,24,♥,finished,2026-05-18T16:34:41.245681+00:00
5291,INPROC_CF34AD,1,10,team2,Team 2 (E/W),50,70,38,♠,finished,2026-05-18T16:34:41.262819+00:00
5292,INPROC_B2D507,1,10,team1,Team 1 (N/S),67,53,36,♠,finished,2026-05-18T16:34:41.280779+00:00
5293,INPROC_E8E3F1,1,10,team2,Team 2 (E/W),41,79,12,♦,finished,2026-05-18T16:34:41.298254+00:00
5294,INPROC_05109B,1,10,team1,Team 1 (N/S),63,57,13,♦,finished,2026-05-18T16:34:41.315461+00:00
5295,INPROC_2C5DA4,1,10,team2,Team 2 (E/W),54,66,28,♥,finished,2026-05-18T16:34:41.331939+00:00
5296,INPROC_1A5CAE,1,10,team1,Team 1 (N/S),105,15,16,♦,finished,2026-05-18T16:34:41.345135+00:00
5297,INPROC_4FA29F,1,10,team2,Team 2 (E/W),53,67,14,♦,finished,2026-05-18T16:34:41.354603+00:00
5298,INPROC_F6C36C,1,10,team2,Team 2 (E/W),36,84,19,♦,finished,2026-05-18T16:34:41.363079+00:00
5299,INPROC_DAC0BA,1,10,team2,Team 2 (E/W),45,75,13,♦,finished,2026-05-18T16:34:41.372817+00:00
5300,INPROC_605566,1,10,team1,Team 1 (N/S),72,48,30,♠,finished,2026-05-18T16:34:41.381723+00:00
5301,INPROC_AA62E9,1,10,team1,Team 1 (N/S),83,37,38,♠,finished,2026-05-18T16:34:41.397697+00:00
5302,INPROC_E7D10D,1,10,team1,Team 1 (N/S),99,21,28,♥,finished,2026-05-18T16:34:41.411033+00:00
5303,INPROC_96CD1B,1,10,team1,Team 1 (N/S),62,58,32,♠,finished,2026-05-18T16:34:41.427029+00:00
5304,INPROC_AC7506,1,10,team1,Team 1 (N/S),102,18,7,♣,finished,2026-05-18T16:34:41.445133+00:00
5305,INPROC_81AF20,1,10,team1,Team 1 (N/S),89,31,23,♥,finished,2026-05-18T16:34:41.463143+00:00
5306,INPROC_DB6F4B,1,10,team2,Team 2 (E/W),55,65,8,♣,finished,2026-05-18T16:34:41.476648+00:00
5307,INPROC_3BD0A9,1,10,team2,Team 2 (E/W),16,104,2,♣,finished,2026-05-18T16:34:41.489832+00:00
5308,INPROC_082DA4,1,10,team1,Team 1 (N/S),114,6,17,♦,finished,2026-05-18T16:34:41.504888+00:00
5309,INPROC_5C72FB,1,10,team1,Team 1 (N/S),68,52,14,♦,finished,2026-05-18T16:34:41.518345+00:00
5310,INPROC_315BE3,1,10,team1,Team 1 (N/S),83,37,9,♣,finished,2026-05-18T16:34:41.533296+00:00
5311,INPROC_532870,1,10,team1,Team 1 (N/S),92,28,28,♥,finished,2026-05-18T16:34:41.547853+00:00
5312,INPROC_59E54F,1,10,team2,Team 2 (E/W),59,61,7,♣,finished,2026-05-18T16:34:41.563293+00:00
5313,INPROC_A77858,1,10,team2,Team 2 (E/W),56,64,14,♦,finished,2026-05-18T16:34:41.578192+00:00
5314,INPROC_EF0FF8,1,10,team1,Team 1 (N/S),87,33,35,♠,finished,2026-05-18T16:34:41.591730+00:00
5315,INPROC_5DCE0D,1,10,team1,Team 1 (N/S),81,39,22,♥,finished,2026-05-18T16:34:41.604611+00:00
5316,INPROC_C2DD6E,1,10,team2,Team 2 (E/W),44,76,11,♦,finished,2026-05-18T16:34:41.619375+00:00
5317,INPROC_6F44B7,1,10,team2,Team 2 (E/W),47,73,39,♠,finished,2026-05-18T16:34:41.634795+00:00
5318,INPROC_FF9995,1,10,team2,Team 2 (E/W),36,84,39,♠,finished,2026-05-18T16:34:41.651815+00:00
5319,INPROC_348957,1,10,team1,Team 1 (N/S),78,42,2,♣,finished,2026-05-18T16:34:41.666627+00:00
5320,INPROC_7857A3,1,10,team1,Team 1 (N/S),83,37,25,♥,finished,2026-05-18T16:34:41.681153+00:00
5321,INPROC_198652,1,10,team1,Team 1 (N/S),81,39,28,♥,finished,2026-05-18T16:34:41.695842+00:00
5322,INPROC_1BD3F1,1,10,team2,Team 2 (E/W),48,72,12,♦,finished,2026-05-18T16:34:41.710609+00:00
5323,INPROC_D212B3,1,10,team2,Team 2 (E/W),50,70,5,♣,finished,2026-05-18T16:34:41.726084+00:00
5324,INPROC_1308F9,1,10,team2,Team 2 (E/W),20,100,34,♠,finished,2026-05-18T16:34:41.741142+00:00
5325,INPROC_C8C307,1,10,team1,Team 1 (N/S),93,27,28,♥,finished,2026-05-18T16:34:41.756589+00:00
5326,INPROC_9C28E8,1,10,team1,Team 1 (N/S),120,0,26,♥,finished,2026-05-18T16:34:41.771197+00:00
5327,INPROC_B05A1E,1,10,team2,Team 2 (E/W),26,94,2,♣,finished,2026-05-18T16:34:41.785670+00:00
5328,INPROC_E2D3DA,1,10,team1,Team 1 (N/S),86,34,15,♦,finished,2026-05-18T16:34:41.797390+00:00
5329,INPROC_AE340B,1,10,team1,Team 1 (N/S),62,58,1,♣,finished,2026-05-18T16:34:41.809373+00:00
5330,INPROC_FD3BC9,1,10,team1,Team 1 (N/S),63,57,13,♦,finished,2026-05-18T16:34:41.826763+00:00
5331,INPROC_CC797D,1,10,team2,Team 2 (E/W),8,112,14,♦,finished,2026-05-18T16:34:41.841192+00:00
5332,INPROC_4AF012,1,10,team2,Team 2 (E/W),47,73,8,♣,finished,2026-05-18T16:34:41.854414+00:00
5333,INPROC_E5AF73,1,10,team1,Team 1 (N/S),91,29,20,♥,finished,2026-05-18T16:34:41.871493+00:00
5334,INPROC_068B10,1,10,team2,Team 2 (E/W),52,68,23,♥,finished,2026-05-18T16:34:41.888322+00:00
5335,INPROC_C920DD,1,10,team1,Team 1 (N/S),90,30,18,♦,finished,2026-05-18T16:34:41.903251+00:00
5336,INPROC_A2E80B,1,10,draw,draw,60,60,37,♠,finished,2026-05-18T16:34:41.920137+00:00
5337,INPROC_178B83,1,10,team2,Team 2 (E/W),37,83,29,♥,finished,2026-05-18T16:34:41.936457+00:00
5338,INPROC_C54BA8,1,10,team2,Team 2 (E/W),28,92,23,♥,finished,2026-05-18T16:34:41.953038+00:00
5339,INPROC_994FB1,1,10,team1,Team 1 (N/S),94,26,1,♣,finished,2026-05-18T16:34:41.968735+00:00
5340,INPROC_72F322,1,10,team2,Team 2 (E/W),48,72,18,♦,finished,2026-05-18T16:34:41.985510+00:00
5341,INPROC_7E9E20,1,10,team1,Team 1 (N/S),83,37,31,♠,finished,2026-05-18T16:34:42.001071+00:00
5342,INPROC_CB0872,1,10,team1,Team 1 (N/S),93,27,39,♠,finished,2026-05-18T16:34:42.012511+00:00
5343,INPROC_04C00C,1,10,team1,Team 1 (N/S),83,37,25,♥,finished,2026-05-18T16:34:42.024846+00:00
5344,INPROC_73CCDD,1,10,team2,Team 2 (E/W),56,64,21,♥,finished,2026-05-18T16:34:42.036228+00:00
5345,INPROC_9F9ADF,1,10,team2,Team 2 (E/W),53,67,12,♦,finished,2026-05-18T16:34:42.051589+00:00
5346,INPROC_18439D,1,10,team1,Team 1 (N/S),73,47,8,♣,finished,2026-05-18T16:34:42.068773+00:00
5347,INPROC_1F11B2,1,10,team1,Team 1 (N/S),78,42,6,♣,finished,2026-05-18T16:34:42.082687+00:00
5348,INPROC_A93443,1,10,team2,Team 2 (E/W),48,72,33,♠,finished,2026-05-18T16:34:42.100106+00:00
5349,INPROC_78F222,1,10,team1,Team 1 (N/S),61,59,0,♣,finished,2026-05-18T16:34:42.117007+00:00
5350,INPROC_8A8498,1,10,team2,Team 2 (E/W),53,67,1,♣,finished,2026-05-18T16:34:42.136400+00:00
5351,INPROC_E44B23,1,10,team1,Team 1 (N/S),106,14,12,♦,finished,2026-05-18T16:34:42.154274+00:00
5352,INPROC_60C134,1,10,team1,Team 1 (N/S),77,43,23,♥,finished,2026-05-18T16:34:42.166160+00:00
5353,INPROC_76C026,1,10,team2,Team 2 (E/W),58,62,28,♥,finished,2026-05-18T16:34:42.175916+00:00
5354,INPROC_D6E1BD,1,10,team1,Team 1 (N/S),65,55,26,♥,finished,2026-05-18T16:34:42.189965+00:00
5355,INPROC_9E289D,1,10,team1,Team 1 (N/S),93,27,12,♦,finished,2026-05-18T16:34:42.205704+00:00
5356,INPROC_AFD0C2,1,10,team2,Team 2 (E/W),54,66,21,♥,finished,2026-05-18T16:34:42.222741+00:00
5357,INPROC_F75DEA,1,10,team1,Team 1 (N/S),82,38,11,♦,finished,2026-05-18T16:34:42.240549+00:00
5358,INPROC_64641C,1,10,team1,Team 1 (N/S),93,27,36,♠,finished,2026-05-18T16:34:42.258323+00:00
5359,INPROC_389ADA,1,10,team1,Team 1 (N/S),97,23,6,♣,finished,2026-05-18T16:34:42.275801+00:00
5360,INPROC_23F42F,1,10,team2,Team 2 (E/W),53,67,24,♥,finished,2026-05-18T16:34:42.293374+00:00
5361,INPROC_7D9D1C,1,10,team1,Team 1 (N/S),82,38,11,♦,finished,2026-05-18T16:34:42.310718+00:00
5362,INPROC_DB7A4F,1,10,team2,Team 2 (E/W),57,63,39,♠,finished,2026-05-18T16:34:42.319908+00:00
5363,INPROC_DF4A1D,1,10,team1,Team 1 (N/S),77,43,39,♠,finished,2026-05-18T16:34:42.335463+00:00
5364,INPROC_24B815,1,10,team1,Team 1 (N/S),77,43,8,♣,finished,2026-05-18T16:34:42.350716+00:00
5365,INPROC_C05AFD,1,10,team2,Team 2 (E/W),49,71,17,♦,finished,2026-05-18T16:34:42.367201+00:00
5366,INPROC_3DBEDF,1,10,team1,Team 1 (N/S),88,32,20,♥,finished,2026-05-18T16:34:42.378856+00:00
5367,INPROC_781A70,1,10,team2,Team 2 (E/W),47,73,17,♦,finished,2026-05-18T16:34:42.390045+00:00
5368,INPROC_9E79EA,1,10,team2,Team 2 (E/W),43,77,23,♥,finished,2026-05-18T16:34:42.405908+00:00
5369,INPROC_FDCAAA,1,10,team1,Team 1 (N/S),62,58,38,♠,finished,2026-05-18T16:34:42.421797+00:00
5370,INPROC_A12337,1,10,team1,Team 1 (N/S),88,32,7,♣,finished,2026-05-18T16:34:42.436926+00:00
5371,INPROC_EA959E,1,10,team1,Team 1 (N/S),99,21,25,♥,finished,2026-05-18T16:34:42.452731+00:00
5372,INPROC_0695BC,1,10,team1,Team 1 (N/S),72,48,35,♠,finished,2026-05-18T16:34:42.468052+00:00
5373,INPROC_EA8259,1,10,team2,Team 2 (E/W),39,81,38,♠,finished,2026-05-18T16:34:42.482872+00:00
5374,INPROC_94770F,1,10,team1,Team 1 (N/S),80,40,25,♥,finished,2026-05-18T16:34:42.501617+00:00
5375,INPROC_E39E6A,1,10,team1,Team 1 (N/S),80,40,2,♣,finished,2026-05-18T16:34:42.519246+00:00
5376,INPROC_B70DBD,1,10,team1,Team 1 (N/S),105,15,7,♣,finished,2026-05-18T16:34:42.535940+00:00
5377,INPROC_9079E8,1,10,team1,Team 1 (N/S),115,5,2,♣,finished,2026-05-18T16:34:42.553905+00:00
5378,INPROC_12B269,1,10,team2,Team 2 (E/W),59,61,25,♥,finished,2026-05-18T16:34:42.571838+00:00
5379,INPROC_871485,1,10,team1,Team 1 (N/S),91,29,23,♥,finished,2026-05-18T16:34:42.585281+00:00
5380,INPROC_449950,1,10,team1,Team 1 (N/S),76,44,13,♦,finished,2026-05-18T16:34:42.595099+00:00
5381,INPROC_2578E7,1,10,team2,Team 2 (E/W),42,78,7,♣,finished,2026-05-18T16:34:42.612318+00:00
5382,INPROC_370A8C,1,10,team1,Team 1 (N/S),106,14,7,♣,finished,2026-05-18T16:34:42.628174+00:00
5383,INPROC_9CD79A,1,10,team1,Team 1 (N/S),78,42,25,♥,finished,2026-05-18T16:34:42.637315+00:00
5384,INPROC_99C2EB,1,10,team2,Team 2 (E/W),33,87,3,♣,finished,2026-05-18T16:34:42.648171+00:00
5385,INPROC_23BEAF,1,10,team1,Team 1 (N/S),65,55,18,♦,finished,2026-05-18T16:34:42.656993+00:00
5386,INPROC_21D4DE,1,10,team1,Team 1 (N/S),64,56,39,♠,finished,2026-05-18T16:34:42.671105+00:00
5387,INPROC_8D53C5,1,10,team1,Team 1 (N/S),76,44,30,♠,finished,2026-05-18T16:34:42.683943+00:00
5388,INPROC_4930F3,1,10,team2,Team 2 (E/W),46,74,11,♦,finished,2026-05-18T16:34:42.696226+00:00
5389,INPROC_83F0D5,1,10,team1,Team 1 (N/S),69,51,17,♦,finished,2026-05-18T16:34:42.713700+00:00
5390,INPROC_0FEB76,1,10,team1,Team 1 (N/S),90,30,12,♦,finished,2026-05-18T16:34:42.727494+00:00
5391,INPROC_D0FB60,1,10,team1,Team 1 (N/S),65,55,14,♦,finished,2026-05-18T16:34:42.741716+00:00
5392,INPROC_0C40D2,1,10,team1,Team 1 (N/S),80,40,28,♥,finished,2026-05-18T16:34:42.757186+00:00
5393,INPROC_7ABEAE,1,10,team2,Team 2 (E/W),51,69,32,♠,finished,2026-05-18T16:34:42.772445+00:00
5394,INPROC_41E800,1,10,team2,Team 2 (E/W),56,64,19,♦,finished,2026-05-18T16:34:42.783313+00:00
5395,INPROC_57384B,1,10,team1,Team 1 (N/S),83,37,25,♥,finished,2026-05-18T16:34:42.795572+00:00
5396,INPROC_5BC28C,1,10,team2,Team 2 (E/W),2,118,20,♥,finished,2026-05-18T16:34:42.810101+00:00
5397,INPROC_043E2B,1,10,team1,Team 1 (N/S),81,39,13,♦,finished,2026-05-18T16:34:42.823563+00:00
5398,INPROC_77520B,1,10,team2,Team 2 (E/W),54,66,3,♣,finished,2026-05-18T16:34:42.838296+00:00
5399,INPROC_25BEC1,1,10,team1,Team 1 (N/S),85,35,13,♦,finished,2026-05-18T16:34:42.853171+00:00
5400,INPROC_F79E9B,1,10,team1,Team 1 (N/S),74,46,28,♥,finished,2026-05-18T16:34:42.867093+00:00
5401,INPROC_0F21B9,1,10,team2,Team 2 (E/W),51,69,39,♠,finished,2026-05-18T16:34:42.884127+00:00
5402,INPROC_898977,1,10,team2,Team 2 (E/W),35,85,26,♥,finished,2026-05-18T16:34:42.899397+00:00
5403,INPROC_37AD0E,1,10,team1,Team 1 (N/S),75,45,34,♠,finished,2026-05-18T16:34:42.909976+00:00
5404,INPROC_C661F6,1,10,team2,Team 2 (E/W),50,70,39,♠,finished,2026-05-18T16:34:42.921052+00:00
5405,INPROC_DC138B,1,10,team2,Team 2 (E/W),35,85,32,♠,finished,2026-05-18T16:34:42.930556+00:00
5406,INPROC_706CF0,1,10,team2,Team 2 (E/W),35,85,19,♦,finished,2026-05-18T16:34:42.945119+00:00
5407,INPROC_751F1C,1,10,team1,Team 1 (N/S),73,47,8,♣,finished,2026-05-18T16:34:42.959642+00:00
5408,INPROC_32A77D,1,10,team1,Team 1 (N/S),85,35,27,♥,finished,2026-05-18T16:34:42.973286+00:00
5409,INPROC_C01A1D,1,10,team2,Team 2 (E/W),43,77,10,♦,finished,2026-05-18T16:34:42.987133+00:00
5410,INPROC_B42260,1,10,team1,Team 1 (N/S),84,36,29,♥,finished,2026-05-18T16:34:43.001913+00:00
5411,INPROC_85B47B,1,10,team1,Team 1 (N/S),84,36,26,♥,finished,2026-05-18T16:34:43.016089+00:00
5412,INPROC_12BE9E,1,10,team2,Team 2 (E/W),37,83,0,♣,finished,2026-05-18T16:34:43.033452+00:00
5413,INPROC_46D9D5,1,10,team2,Team 2 (E/W),56,64,10,♦,finished,2026-05-18T16:34:43.048978+00:00
5414,INPROC_C285AE,1,10,team1,Team 1 (N/S),94,26,6,♣,finished,2026-05-18T16:34:43.067070+00:00
5415,INPROC_6490F8,1,10,team1,Team 1 (N/S),78,42,28,♥,finished,2026-05-18T16:34:43.081404+00:00
5416,INPROC_604E71,1,10,team2,Team 2 (E/W),56,64,28,♥,finished,2026-05-18T16:34:43.096126+00:00
5417,INPROC_4D4E4E,1,10,team1,Team 1 (N/S),69,51,16,♦,finished,2026-05-18T16:34:43.114870+00:00
5418,INPROC_0F4895,1,10,team1,Team 1 (N/S),102,18,14,♦,finished,2026-05-18T16:34:43.132945+00:00
5419,INPROC_DC0F4D,1,10,team1,Team 1 (N/S),85,35,19,♦,finished,2026-05-18T16:34:43.144836+00:00
5420,INPROC_CD5129,1,10,team1,Team 1 (N/S),75,45,5,♣,finished,2026-05-18T16:34:43.153743+00:00
5421,INPROC_935757,1,10,team1,Team 1 (N/S),84,36,22,♥,finished,2026-05-18T16:34:43.163029+00:00
5422,INPROC_03A6C9,1,10,team1,Team 1 (N/S),107,13,31,♠,finished,2026-05-18T16:34:43.171824+00:00
5423,INPROC_93BA54,1,10,team1,Team 1 (N/S),80,40,33,♠,finished,2026-05-18T16:34:43.181254+00:00
5424,INPROC_C3C9B6,1,10,team1,Team 1 (N/S),89,31,26,♥,finished,2026-05-18T16:34:43.190894+00:00
5425,INPROC_409903,1,10,team1,Team 1 (N/S),102,18,13,♦,finished,2026-05-18T16:34:43.201844+00:00
5426,INPROC_CEB906,1,10,team1,Team 1 (N/S),72,48,32,♠,finished,2026-05-18T16:34:43.217516+00:00
5427,INPROC_2968CF,1,10,team2,Team 2 (E/W),52,68,14,♦,finished,2026-05-18T16:34:43.230897+00:00
5428,INPROC_973AF7,1,10,team1,Team 1 (N/S),81,39,14,♦,finished,2026-05-18T16:34:43.243242+00:00
5429,INPROC_6AC22E,1,10,team1,Team 1 (N/S),79,41,29,♥,finished,2026-05-18T16:34:43.257710+00:00
5430,INPROC_3A255F,1,10,team1,Team 1 (N/S),73,47,33,♠,finished,2026-05-18T16:34:43.271867+00:00
5431,INPROC_9E6790,1,10,team1,Team 1 (N/S),77,43,5,♣,finished,2026-05-18T16:34:43.280506+00:00
5432,INPROC_B5DFB5,1,10,team2,Team 2 (E/W),31,89,22,♥,finished,2026-05-18T16:34:43.293679+00:00
5433,INPROC_EA6247,1,10,team1,Team 1 (N/S),97,23,1,♣,finished,2026-05-18T16:34:43.308578+00:00
5434,INPROC_6BBF3F,1,10,team1,Team 1 (N/S),62,58,12,♦,finished,2026-05-18T16:34:43.321764+00:00
5435,INPROC_371054,1,10,team2,Team 2 (E/W),13,107,38,♠,finished,2026-05-18T16:34:43.335176+00:00
5436,INPROC_10562E,1,10,team1,Team 1 (N/S),95,25,8,♣,finished,2026-05-18T16:34:43.350389+00:00
5437,INPROC_C9A847,1,10,team1,Team 1 (N/S),96,24,12,♦,finished,2026-05-18T16:34:43.364422+00:00
5438,INPROC_AA2D03,1,10,team2,Team 2 (E/W),58,62,30,♠,finished,2026-05-18T16:34:43.379813+00:00
5439,INPROC_6DA4A8,1,10,team2,Team 2 (E/W),53,67,23,♥,finished,2026-05-18T16:34:43.394690+00:00
5440,INPROC_DB5205,1,10,team1,Team 1 (N/S),79,41,15,♦,finished,2026-05-18T16:34:43.404169+00:00
5441,INPROC_5DA1BF,1,10,team1,Team 1 (N/S),68,52,13,♦,finished,2026-05-18T16:34:43.418693+00:00
5442,INPROC_BC48DC,1,10,team2,Team 2 (E/W),31,89,28,♥,finished,2026-05-18T16:34:43.432643+00:00
5443,INPROC_9D2F1A,1,10,team1,Team 1 (N/S),106,14,25,♥,finished,2026-05-18T16:34:43.447023+00:00
5444,INPROC_E5E77B,1,10,team2,Team 2 (E/W),55,65,15,♦,finished,2026-05-18T16:34:43.461749+00:00
5445,INPROC_461C6F,1,10,team1,Team 1 (N/S),78,42,2,♣,finished,2026-05-18T16:34:43.472137+00:00
5446,INPROC_7CED34,1,10,team2,Team 2 (E/W),40,80,33,♠,finished,2026-05-18T16:34:43.484755+00:00
5447,INPROC_BC27CE,1,10,team2,Team 2 (E/W),38,82,24,♥,finished,2026-05-18T16:34:43.497912+00:00
5448,INPROC_1BA504,1,10,team2,Team 2 (E/W),36,84,27,♥,finished,2026-05-18T16:34:43.512067+00:00
5449,INPROC_8F4840,1,10,team1,Team 1 (N/S),93,27,5,♣,finished,2026-05-18T16:34:43.528400+00:00
5450,INPROC_5D7AAB,1,10,team1,Team 1 (N/S),64,56,21,♥,finished,2026-05-18T16:34:43.543568+00:00
5451,INPROC_A2ADB0,1,10,team1,Team 1 (N/S),99,21,21,♥,finished,2026-05-18T16:34:43.558900+00:00
5452,INPROC_5BC61F,1,10,team2,Team 2 (E/W),22,98,26,♥,finished,2026-05-18T16:34:43.573884+00:00
5453,INPROC_927A5E,1,10,team1,Team 1 (N/S),68,52,9,♣,finished,2026-05-18T16:34:43.588948+00:00
5454,INPROC_994277,1,10,team1,Team 1 (N/S),97,23,24,♥,finished,2026-05-18T16:34:43.604308+00:00
5455,INPROC_3D0958,1,10,team1,Team 1 (N/S),74,46,22,♥,finished,2026-05-18T16:34:43.613234+00:00
5456,INPROC_D2ADC2,1,10,team1,Team 1 (N/S),78,42,27,♥,finished,2026-05-18T16:34:43.622257+00:00
5457,INPROC_8ADB87,1,10,team1,Team 1 (N/S),90,30,28,♥,finished,2026-05-18T16:34:43.631529+00:00
5458,INPROC_BCCD7D,1,10,team1,Team 1 (N/S),64,56,38,♠,finished,2026-05-18T16:34:43.648036+00:00
5459,INPROC_319321,1,10,team1,Team 1 (N/S),77,43,12,♦,finished,2026-05-18T16:34:43.668397+00:00
5460,INPROC_0961CE,1,10,team1,Team 1 (N/S),83,37,22,♥,finished,2026-05-18T16:34:43.682399+00:00
5461,INPROC_7B0D2B,1,10,team1,Team 1 (N/S),86,34,29,♥,finished,2026-05-18T16:34:43.701836+00:00
5462,INPROC_428E9E,1,10,team1,Team 1 (N/S),89,31,30,♠,finished,2026-05-18T16:34:43.720059+00:00
5463,INPROC_FD42A4,1,10,team1,Team 1 (N/S),65,55,7,♣,finished,2026-05-18T16:34:43.738401+00:00
5464,INPROC_4F7094,1,10,team1,Team 1 (N/S),75,45,3,♣,finished,2026-05-18T16:34:43.754352+00:00
5465,INPROC_2EA52B,1,10,team1,Team 1 (N/S),90,30,6,♣,finished,2026-05-18T16:34:43.763086+00:00
5466,INPROC_0E6214,1,10,team1,Team 1 (N/S),90,30,1,♣,finished,2026-05-18T16:34:43.773078+00:00
5467,INPROC_BA436B,1,10,team1,Team 1 (N/S),69,51,37,♠,finished,2026-05-18T16:34:43.786480+00:00
5468,INPROC_867E32,1,10,team1,Team 1 (N/S),103,17,21,♥,finished,2026-05-18T16:34:43.804543+00:00
5469,INPROC_586269,1,10,team1,Team 1 (N/S),70,50,30,♠,finished,2026-05-18T16:34:43.819951+00:00
5470,INPROC_D2BAC5,1,10,team1,Team 1 (N/S),73,47,0,♣,finished,2026-05-18T16:34:43.834325+00:00
5471,INPROC_69F33D,1,10,team2,Team 2 (E/W),52,68,35,♠,finished,2026-05-18T16:34:43.849219+00:00
5472,INPROC_959188,1,10,team1,Team 1 (N/S),66,54,11,♦,finished,2026-05-18T16:34:43.866185+00:00
5473,INPROC_559373,1,10,team1,Team 1 (N/S),68,52,23,♥,finished,2026-05-18T16:34:43.874843+00:00
5474,INPROC_7059FF,1,10,team2,Team 2 (E/W),46,74,0,♣,finished,2026-05-18T16:34:43.885163+00:00
5475,INPROC_05AF6D,1,10,team2,Team 2 (E/W),39,81,7,♣,finished,2026-05-18T16:34:43.894146+00:00
5476,INPROC_87B210,1,10,team2,Team 2 (E/W),41,79,31,♠,finished,2026-05-18T16:34:43.903111+00:00
5477,INPROC_B3F187,1,10,team1,Team 1 (N/S),69,51,35,♠,finished,2026-05-18T16:34:43.912521+00:00
5478,INPROC_7002F4,1,10,team1,Team 1 (N/S),74,46,2,♣,finished,2026-05-18T16:34:43.921197+00:00
5479,INPROC_C45FEA,1,10,team1,Team 1 (N/S),89,31,6,♣,finished,2026-05-18T16:34:43.934185+00:00
5480,INPROC_4F0935,1,10,team1,Team 1 (N/S),89,31,4,♣,finished,2026-05-18T16:34:43.948439+00:00
5481,INPROC_CB25B8,1,10,team2,Team 2 (E/W),28,92,34,♠,finished,2026-05-18T16:34:43.961945+00:00
5482,INPROC_7CF81F,1,10,team2,Team 2 (E/W),32,88,14,♦,finished,2026-05-18T16:34:43.977386+00:00
5483,INPROC_57DC4B,1,10,team1,Team 1 (N/S),96,24,32,♠,finished,2026-05-18T16:34:43.993530+00:00
5484,INPROC_4B7E89,1,10,team1,Team 1 (N/S),97,23,17,♦,finished,2026-05-18T16:34:44.009147+00:00
5485,INPROC_0CEF0D,1,10,team1,Team 1 (N/S),92,28,26,♥,finished,2026-05-18T16:34:44.017947+00:00
5486,INPROC_91C2F7,1,10,team2,Team 2 (E/W),28,92,30,♠,finished,2026-05-18T16:34:44.027669+00:00
5487,INPROC_202D5F,1,10,draw,draw,60,60,36,♠,finished,2026-05-18T16:34:44.036409+00:00
5488,INPROC_91788B,1,10,team1,Team 1 (N/S),89,31,21,♥,finished,2026-05-18T16:34:44.047798+00:00
5489,INPROC_08C72F,1,10,team1,Team 1 (N/S),93,27,35,♠,finished,2026-05-18T16:34:44.058338+00:00
5490,INPROC_8E3EF9,1,10,team1,Team 1 (N/S),75,45,21,♥,finished,2026-05-18T16:34:44.067384+00:00
5491,INPROC_2A9433,1,10,team1,Team 1 (N/S),70,50,31,♠,finished,2026-05-18T16:34:44.085083+00:00
5492,INPROC_19C3DC,1,10,team1,Team 1 (N/S),63,57,12,♦,finished,2026-05-18T16:34:44.098833+00:00
5493,INPROC_5F86AB,1,10,team1,Team 1 (N/S),72,48,18,♦,finished,2026-05-18T16:34:44.114227+00:00
5494,INPROC_810C0B,1,10,team1,Team 1 (N/S),107,13,25,♥,finished,2026-05-18T16:34:44.127844+00:00
5495,INPROC_E83ADD,1,10,team1,Team 1 (N/S),86,34,29,♥,finished,2026-05-18T16:34:44.141904+00:00
5496,INPROC_426C85,1,10,team1,Team 1 (N/S),64,56,34,♠,finished,2026-05-18T16:34:44.156004+00:00
5497,INPROC_C83F6B,1,10,team1,Team 1 (N/S),90,30,2,♣,finished,2026-05-18T16:34:44.164549+00:00
5498,INPROC_81343B,1,10,team2,Team 2 (E/W),47,73,37,♠,finished,2026-05-18T16:34:44.174597+00:00
5499,INPROC_7230BC,1,10,team2,Team 2 (E/W),52,68,32,♠,finished,2026-05-18T16:34:44.184361+00:00
5500,INPROC_5579AF,1,10,team1,Team 1 (N/S),86,34,12,♦,finished,2026-05-18T16:34:44.200296+00:00
5501,INPROC_4CAC33,1,10,team1,Team 1 (N/S),80,40,25,♥,finished,2026-05-18T16:34:44.215522+00:00
5502,INPROC_9B47D5,1,10,team1,Team 1 (N/S),94,26,36,♠,finished,2026-05-18T16:34:44.235680+00:00
5503,INPROC_F1052C,1,10,team1,Team 1 (N/S),87,33,6,♣,finished,2026-05-18T16:34:44.252528+00:00
5504,INPROC_058513,1,10,team1,Team 1 (N/S),65,55,11,♦,finished,2026-05-18T16:34:44.268372+00:00
5505,INPROC_671F0B,1,10,team1,Team 1 (N/S),61,59,17,♦,finished,2026-05-18T16:34:44.284083+00:00
5506,INPROC_2EFB84,1,10,team2,Team 2 (E/W),31,89,4,♣,finished,2026-05-18T16:34:44.299596+00:00
5507,INPROC_E2D00A,1,10,team2,Team 2 (E/W),36,84,9,♣,finished,2026-05-18T16:34:44.314887+00:00
5508,INPROC_4FB0B0,1,10,team1,Team 1 (N/S),93,27,16,♦,finished,2026-05-18T16:34:44.329128+00:00
5509,INPROC_1D2608,1,10,team2,Team 2 (E/W),51,69,8,♣,finished,2026-05-18T16:34:44.344187+00:00
5510,INPROC_12BAAB,1,10,team2,Team 2 (E/W),56,64,17,♦,finished,2026-05-18T16:34:44.366064+00:00
5511,INPROC_F96694,1,10,team1,Team 1 (N/S),69,51,34,♠,finished,2026-05-18T16:34:44.387781+00:00
5512,INPROC_9D4CA9,1,10,team1,Team 1 (N/S),97,23,26,♥,finished,2026-05-18T16:34:44.405454+00:00
5513,INPROC_1385B2,1,10,team1,Team 1 (N/S),118,2,12,♦,finished,2026-05-18T16:34:44.419382+00:00
5514,INPROC_3E9DC2,1,10,team1,Team 1 (N/S),73,47,16,♦,finished,2026-05-18T16:34:44.434373+00:00
5515,INPROC_CE7E83,1,10,team2,Team 2 (E/W),52,68,11,♦,finished,2026-05-18T16:34:44.448830+00:00
5516,INPROC_8E83BD,1,10,team2,Team 2 (E/W),40,80,29,♥,finished,2026-05-18T16:34:44.463227+00:00
5517,INPROC_B6CAB4,1,10,team2,Team 2 (E/W),54,66,17,♦,finished,2026-05-18T16:34:44.477983+00:00
5518,INPROC_453396,1,10,team2,Team 2 (E/W),35,85,11,♦,finished,2026-05-18T16:34:44.496406+00:00
5519,INPROC_1253D8,1,10,team1,Team 1 (N/S),85,35,34,♠,finished,2026-05-18T16:34:44.513020+00:00
5520,INPROC_42986E,1,10,team1,Team 1 (N/S),75,45,17,♦,finished,2026-05-18T16:34:44.529810+00:00
5521,INPROC_8D1FD6,1,10,team1,Team 1 (N/S),84,36,23,♥,finished,2026-05-18T16:34:44.545393+00:00
5522,INPROC_810224,1,10,team1,Team 1 (N/S),79,41,6,♣,finished,2026-05-18T16:34:44.560438+00:00
5523,INPROC_2F1E33,1,10,team1,Team 1 (N/S),70,50,15,♦,finished,2026-05-18T16:34:44.575084+00:00
5524,INPROC_3AFD2A,1,10,team1,Team 1 (N/S),63,57,3,♣,finished,2026-05-18T16:34:44.590829+00:00
5525,INPROC_85A661,1,10,team1,Team 1 (N/S),97,23,34,♠,finished,2026-05-18T16:34:44.609124+00:00
5526,INPROC_638B4C,1,10,team2,Team 2 (E/W),34,86,15,♦,finished,2026-05-18T16:34:44.626456+00:00
5527,INPROC_019840,1,10,team2,Team 2 (E/W),43,77,3,♣,finished,2026-05-18T16:34:44.642326+00:00
5528,INPROC_A9E7BD,1,10,team1,Team 1 (N/S),80,40,0,♣,finished,2026-05-18T16:34:44.657954+00:00
5529,INPROC_AA5F12,1,10,team1,Team 1 (N/S),74,46,9,♣,finished,2026-05-18T16:34:44.673503+00:00
5530,INPROC_006C9C,1,10,team1,Team 1 (N/S),66,54,19,♦,finished,2026-05-18T16:34:44.683801+00:00
5531,INPROC_14F932,1,10,team1,Team 1 (N/S),74,46,33,♠,finished,2026-05-18T16:34:44.701282+00:00
5532,INPROC_964077,1,10,team1,Team 1 (N/S),72,48,30,♠,finished,2026-05-18T16:34:44.717688+00:00
5533,INPROC_61925C,1,10,team1,Team 1 (N/S),80,40,32,♠,finished,2026-05-18T16:34:44.735491+00:00
5534,INPROC_515ED4,1,10,team1,Team 1 (N/S),104,16,20,♥,finished,2026-05-18T16:34:44.752392+00:00
5535,INPROC_D2F85B,1,10,team1,Team 1 (N/S),61,59,37,♠,finished,2026-05-18T16:34:44.768245+00:00
5536,INPROC_48B97E,1,10,team2,Team 2 (E/W),15,105,6,♣,finished,2026-05-18T16:34:44.784404+00:00
5537,INPROC_F95314,1,10,team2,Team 2 (E/W),55,65,20,♥,finished,2026-05-18T16:34:44.802604+00:00
5538,INPROC_C7729E,1,10,team1,Team 1 (N/S),63,57,31,♠,finished,2026-05-18T16:34:44.819901+00:00
5539,INPROC_B68748,1,10,team1,Team 1 (N/S),75,45,14,♦,finished,2026-05-18T16:34:44.837248+00:00
5540,INPROC_37ED04,1,10,team1,Team 1 (N/S),97,23,0,♣,finished,2026-05-18T16:34:44.849099+00:00
5541,INPROC_B99E8B,1,10,team1,Team 1 (N/S),92,28,9,♣,finished,2026-05-18T16:34:44.863601+00:00
5542,INPROC_330920,1,10,team1,Team 1 (N/S),62,58,34,♠,finished,2026-05-18T16:34:44.881402+00:00
5543,INPROC_0698C2,1,10,team1,Team 1 (N/S),93,27,26,♥,finished,2026-05-18T16:34:44.895946+00:00
5544,INPROC_97B74A,1,10,team1,Team 1 (N/S),91,29,22,♥,finished,2026-05-18T16:34:44.910131+00:00
5545,INPROC_A95112,1,10,team1,Team 1 (N/S),67,53,19,♦,finished,2026-05-18T16:34:44.926982+00:00
5546,INPROC_1C3E4C,1,10,team2,Team 2 (E/W),58,62,27,♥,finished,2026-05-18T16:34:44.943437+00:00
5547,INPROC_1141CA,1,10,team2,Team 2 (E/W),56,64,39,♠,finished,2026-05-18T16:34:44.953170+00:00
5548,INPROC_A2766D,1,10,team1,Team 1 (N/S),69,51,26,♥,finished,2026-05-18T16:34:44.962514+00:00
5549,INPROC_86828C,1,10,team1,Team 1 (N/S),92,28,6,♣,finished,2026-05-18T16:34:44.972122+00:00
5550,INPROC_789E9D,1,10,draw,draw,60,60,13,♦,finished,2026-05-18T16:34:44.989374+00:00
5551,INPROC_2DE961,1,10,team1,Team 1 (N/S),90,30,26,♥,finished,2026-05-18T16:34:45.005373+00:00
5552,INPROC_6F543D,1,10,team1,Team 1 (N/S),89,31,11,♦,finished,2026-05-18T16:34:45.019242+00:00
5553,INPROC_A0AD63,1,10,team1,Team 1 (N/S),69,51,18,♦,finished,2026-05-18T16:34:45.032572+00:00
5554,INPROC_E8D2C8,1,10,team1,Team 1 (N/S),114,6,26,♥,finished,2026-05-18T16:34:45.046614+00:00
5555,INPROC_1402B0,1,10,team2,Team 2 (E/W),45,75,13,♦,finished,2026-05-18T16:34:45.060235+00:00
5556,INPROC_4BBB94,1,10,team1,Team 1 (N/S),80,40,30,♠,finished,2026-05-18T16:34:45.074675+00:00
5557,INPROC_A42FCF,1,10,team2,Team 2 (E/W),50,70,20,♥,finished,2026-05-18T16:34:45.088250+00:00
5558,INPROC_23483D,1,10,team2,Team 2 (E/W),36,84,20,♥,finished,2026-05-18T16:34:45.102719+00:00
5559,INPROC_3990DD,1,10,team1,Team 1 (N/S),90,30,36,♠,finished,2026-05-18T16:34:45.119026+00:00
5560,INPROC_77A28B,1,10,team1,Team 1 (N/S),110,10,37,♠,finished,2026-05-18T16:34:45.133957+00:00
5561,INPROC_3655B8,1,10,team1,Team 1 (N/S),96,24,17,♦,finished,2026-05-18T16:34:45.150088+00:00
5562,INPROC_61C02F,1,10,team1,Team 1 (N/S),89,31,33,♠,finished,2026-05-18T16:34:45.166208+00:00
5563,INPROC_40B2A7,1,10,team1,Team 1 (N/S),63,57,39,♠,finished,2026-05-18T16:34:45.183186+00:00
5564,INPROC_63EF69,1,10,team2,Team 2 (E/W),39,81,13,♦,finished,2026-05-18T16:34:45.197330+00:00
5565,INPROC_20CFF9,1,10,team2,Team 2 (E/W),55,65,24,♥,finished,2026-05-18T16:34:45.212601+00:00
5566,INPROC_B5E4A5,1,10,team1,Team 1 (N/S),81,39,34,♠,finished,2026-05-18T16:34:45.227463+00:00
5567,INPROC_C05BF9,1,10,team2,Team 2 (E/W),49,71,34,♠,finished,2026-05-18T16:34:45.241273+00:00
5568,INPROC_28A81C,1,10,team2,Team 2 (E/W),48,72,19,♦,finished,2026-05-18T16:34:45.254456+00:00
5569,INPROC_79DB4F,1,10,team1,Team 1 (N/S),76,44,12,♦,finished,2026-05-18T16:34:45.267558+00:00
5570,INPROC_78DF4F,1,10,team2,Team 2 (E/W),57,63,11,♦,finished,2026-05-18T16:34:45.282001+00:00
5571,INPROC_86FFE3,1,10,team1,Team 1 (N/S),81,39,22,♥,finished,2026-05-18T16:34:45.293537+00:00
5572,INPROC_F51C0D,1,10,team1,Team 1 (N/S),111,9,10,♦,finished,2026-05-18T16:34:45.303877+00:00
5573,INPROC_F3B487,1,10,team1,Team 1 (N/S),68,52,24,♥,finished,2026-05-18T16:34:45.315058+00:00
5574,INPROC_5300F0,1,10,team1,Team 1 (N/S),107,13,23,♥,finished,2026-05-18T16:34:45.330028+00:00
5575,INPROC_B8E8AD,1,10,team2,Team 2 (E/W),47,73,14,♦,finished,2026-05-18T16:34:45.344905+00:00
5576,INPROC_9A18F9,1,10,team2,Team 2 (E/W),57,63,22,♥,finished,2026-05-18T16:34:45.356794+00:00
5577,INPROC_B80283,1,10,team1,Team 1 (N/S),94,26,4,♣,finished,2026-05-18T16:34:45.373090+00:00
5578,INPROC_F419AD,1,10,team2,Team 2 (E/W),47,73,31,♠,finished,2026-05-18T16:34:45.388888+00:00
5579,INPROC_1A051B,1,10,team1,Team 1 (N/S),115,5,33,♠,finished,2026-05-18T16:34:45.404238+00:00
5580,INPROC_499423,1,10,team1,Team 1 (N/S),65,55,0,♣,finished,2026-05-18T16:34:45.413260+00:00
5581,INPROC_2E5F28,1,10,team1,Team 1 (N/S),80,40,32,♠,finished,2026-05-18T16:34:45.422317+00:00
5582,INPROC_8B44F6,1,10,team1,Team 1 (N/S),67,53,29,♥,finished,2026-05-18T16:34:45.431671+00:00
5583,INPROC_968FFE,1,10,team2,Team 2 (E/W),53,67,23,♥,finished,2026-05-18T16:34:45.441405+00:00
5584,INPROC_01F022,1,10,team1,Team 1 (N/S),68,52,7,♣,finished,2026-05-18T16:34:45.450254+00:00
5585,INPROC_994BDB,1,10,team1,Team 1 (N/S),92,28,6,♣,finished,2026-05-18T16:34:45.459926+00:00
5586,INPROC_73B163,1,10,team1,Team 1 (N/S),76,44,28,♥,finished,2026-05-18T16:34:45.476816+00:00
5587,INPROC_7ED273,1,10,team1,Team 1 (N/S),82,38,5,♣,finished,2026-05-18T16:34:45.491731+00:00
5588,INPROC_086554,1,10,team1,Team 1 (N/S),79,41,1,♣,finished,2026-05-18T16:34:45.506999+00:00
5589,INPROC_E0237A,1,10,team1,Team 1 (N/S),102,18,23,♥,finished,2026-05-18T16:34:45.524162+00:00
5590,INPROC_81D9B2,1,10,team1,Team 1 (N/S),111,9,31,♠,finished,2026-05-18T16:34:45.541824+00:00
5591,INPROC_CAF3A2,1,10,team2,Team 2 (E/W),49,71,29,♥,finished,2026-05-18T16:34:45.560075+00:00
5592,INPROC_67C4AD,1,10,team2,Team 2 (E/W),49,71,12,♦,finished,2026-05-18T16:34:45.577893+00:00
5593,INPROC_39D21F,1,10,team2,Team 2 (E/W),37,83,13,♦,finished,2026-05-18T16:34:45.589622+00:00
5594,INPROC_CC0C52,1,10,team1,Team 1 (N/S),85,35,28,♥,finished,2026-05-18T16:34:45.599212+00:00
5595,INPROC_26D90B,1,10,team1,Team 1 (N/S),64,56,11,♦,finished,2026-05-18T16:34:45.608425+00:00
5596,INPROC_2144FB,1,10,team1,Team 1 (N/S),70,50,10,♦,finished,2026-05-18T16:34:45.622722+00:00
5597,INPROC_379BF2,1,10,team1,Team 1 (N/S),70,50,34,♠,finished,2026-05-18T16:34:45.637486+00:00
5598,INPROC_C64367,1,10,team2,Team 2 (E/W),27,93,18,♦,finished,2026-05-18T16:34:45.652641+00:00
5599,INPROC_0D86C0,1,10,team1,Team 1 (N/S),115,5,22,♥,finished,2026-05-18T16:34:45.662492+00:00
5600,INPROC_58223D,1,10,team2,Team 2 (E/W),40,80,38,♠,finished,2026-05-18T16:34:45.676944+00:00
5601,INPROC_13FCF2,1,10,team2,Team 2 (E/W),44,76,24,♥,finished,2026-05-18T16:34:45.691549+00:00
5602,INPROC_38D3C1,1,10,team1,Team 1 (N/S),62,58,30,♠,finished,2026-05-18T16:34:45.705688+00:00
5603,INPROC_084031,1,10,team1,Team 1 (N/S),73,47,18,♦,finished,2026-05-18T16:34:45.718476+00:00
5604,INPROC_50065C,1,10,team1,Team 1 (N/S),68,52,17,♦,finished,2026-05-18T16:34:45.731810+00:00
5605,INPROC_4750BB,1,10,team1,Team 1 (N/S),87,33,35,♠,finished,2026-05-18T16:34:45.746570+00:00
5606,INPROC_C8F9B1,1,10,team2,Team 2 (E/W),37,83,38,♠,finished,2026-05-18T16:34:45.760176+00:00
5607,INPROC_8A39A7,1,10,team2,Team 2 (E/W),26,94,2,♣,finished,2026-05-18T16:34:45.777517+00:00
5608,INPROC_F127C1,1,10,team1,Team 1 (N/S),65,55,32,♠,finished,2026-05-18T16:34:45.794216+00:00
5609,INPROC_49B1DB,1,10,team1,Team 1 (N/S),78,42,27,♥,finished,2026-05-18T16:34:45.810839+00:00
5610,INPROC_2AFDF4,1,10,team2,Team 2 (E/W),48,72,39,♠,finished,2026-05-18T16:34:45.827248+00:00
5611,INPROC_596043,1,10,team1,Team 1 (N/S),64,56,11,♦,finished,2026-05-18T16:34:45.843049+00:00
5612,INPROC_318C48,1,10,team1,Team 1 (N/S),61,59,4,♣,finished,2026-05-18T16:34:45.851946+00:00
5613,INPROC_E9989F,1,10,team1,Team 1 (N/S),91,29,4,♣,finished,2026-05-18T16:34:45.861728+00:00
5614,INPROC_75E719,1,10,team2,Team 2 (E/W),53,67,31,♠,finished,2026-05-18T16:34:45.872397+00:00
5615,INPROC_AAB546,1,10,draw,draw,60,60,21,♥,finished,2026-05-18T16:34:45.890168+00:00
5616,INPROC_540AB3,1,10,team1,Team 1 (N/S),70,50,20,♥,finished,2026-05-18T16:34:45.905405+00:00
5617,INPROC_BCB2EE,1,10,team1,Team 1 (N/S),80,40,9,♣,finished,2026-05-18T16:34:45.920290+00:00
5618,INPROC_F209AE,1,10,team2,Team 2 (E/W),51,69,5,♣,finished,2026-05-18T16:34:45.935494+00:00
5619,INPROC_DBB90F,1,10,team1,Team 1 (N/S),77,43,10,♦,finished,2026-05-18T16:34:45.949811+00:00
5620,INPROC_9879E6,1,10,team1,Team 1 (N/S),78,42,0,♣,finished,2026-05-18T16:34:45.959882+00:00
5621,INPROC_65FE13,1,10,team1,Team 1 (N/S),88,32,35,♠,finished,2026-05-18T16:34:45.970295+00:00
5622,INPROC_96C64E,1,10,team1,Team 1 (N/S),64,56,36,♠,finished,2026-05-18T16:34:45.979501+00:00
5623,INPROC_E3DE7A,1,10,team2,Team 2 (E/W),58,62,13,♦,finished,2026-05-18T16:34:45.996357+00:00
5624,INPROC_F913B4,1,10,team1,Team 1 (N/S),72,48,3,♣,finished,2026-05-18T16:34:46.009306+00:00
5625,INPROC_8D7B63,1,10,team2,Team 2 (E/W),39,81,18,♦,finished,2026-05-18T16:34:46.028315+00:00
5626,INPROC_184DE2,1,10,team2,Team 2 (E/W),54,66,35,♠,finished,2026-05-18T16:34:46.047279+00:00
5627,INPROC_49BA8F,1,10,team1,Team 1 (N/S),63,57,31,♠,finished,2026-05-18T16:34:46.066667+00:00
5628,INPROC_2F8AC2,1,10,team2,Team 2 (E/W),53,67,29,♥,finished,2026-05-18T16:34:46.084232+00:00
5629,INPROC_CB98D3,1,10,team1,Team 1 (N/S),82,38,23,♥,finished,2026-05-18T16:34:46.101994+00:00
5630,INPROC_FD51D9,1,10,team1,Team 1 (N/S),85,35,11,♦,finished,2026-05-18T16:34:46.118873+00:00
5631,INPROC_3F12A1,1,10,team1,Team 1 (N/S),94,26,34,♠,finished,2026-05-18T16:34:46.136068+00:00
5632,INPROC_70EB4C,1,10,team1,Team 1 (N/S),69,51,27,♥,finished,2026-05-18T16:34:46.153399+00:00
5633,INPROC_28F6CC,1,10,team1,Team 1 (N/S),102,18,2,♣,finished,2026-05-18T16:34:46.170638+00:00
5634,INPROC_48912E,1,10,team1,Team 1 (N/S),120,0,30,♠,finished,2026-05-18T16:34:46.188133+00:00
5635,INPROC_0CD82D,1,10,team2,Team 2 (E/W),44,76,34,♠,finished,2026-05-18T16:34:46.201985+00:00
5636,INPROC_141BEE,1,10,team1,Team 1 (N/S),92,28,8,♣,finished,2026-05-18T16:34:46.212209+00:00
5637,INPROC_CF00B7,1,10,team2,Team 2 (E/W),55,65,1,♣,finished,2026-05-18T16:34:46.229245+00:00
5638,INPROC_17E13F,1,10,team1,Team 1 (N/S),106,14,33,♠,finished,2026-05-18T16:34:46.244990+00:00
5639,INPROC_2926AE,1,10,team1,Team 1 (N/S),78,42,32,♠,finished,2026-05-18T16:34:46.260023+00:00
5640,INPROC_7649F0,1,10,team2,Team 2 (E/W),34,86,16,♦,finished,2026-05-18T16:34:46.277215+00:00
5641,INPROC_AD3F23,1,10,team1,Team 1 (N/S),69,51,11,♦,finished,2026-05-18T16:34:46.293390+00:00
5642,INPROC_93E3A5,1,10,team2,Team 2 (E/W),54,66,23,♥,finished,2026-05-18T16:34:46.309691+00:00
5643,INPROC_3449EB,1,10,team1,Team 1 (N/S),68,52,13,♦,finished,2026-05-18T16:34:46.317908+00:00
5644,INPROC_BEC8BA,1,10,team2,Team 2 (E/W),16,104,15,♦,finished,2026-05-18T16:34:46.328968+00:00
5645,INPROC_9A643D,1,10,team2,Team 2 (E/W),28,92,18,♦,finished,2026-05-18T16:34:46.339382+00:00
5646,INPROC_7172CC,1,10,team1,Team 1 (N/S),96,24,0,♣,finished,2026-05-18T16:34:46.354331+00:00
5647,INPROC_1FAC86,1,10,team1,Team 1 (N/S),87,33,36,♠,finished,2026-05-18T16:34:46.369398+00:00
5648,INPROC_368AC0,1,10,team1,Team 1 (N/S),70,50,12,♦,finished,2026-05-18T16:34:46.383899+00:00
5649,INPROC_09AA93,1,10,team2,Team 2 (E/W),59,61,22,♥,finished,2026-05-18T16:34:46.396715+00:00
5650,INPROC_080E5D,1,10,team1,Team 1 (N/S),70,50,19,♦,finished,2026-05-18T16:34:46.410884+00:00
5651,INPROC_E4EE7D,1,10,team1,Team 1 (N/S),101,19,35,♠,finished,2026-05-18T16:34:46.425260+00:00
5652,INPROC_EF76F5,1,10,team1,Team 1 (N/S),102,18,6,♣,finished,2026-05-18T16:34:46.439784+00:00
5653,INPROC_7D83DE,1,10,team1,Team 1 (N/S),70,50,17,♦,finished,2026-05-18T16:34:46.454557+00:00
5654,INPROC_EC69E4,1,10,team2,Team 2 (E/W),43,77,29,♥,finished,2026-05-18T16:34:46.473490+00:00
5655,INPROC_C214B3,1,10,team1,Team 1 (N/S),69,51,16,♦,finished,2026-05-18T16:34:46.492568+00:00
5656,INPROC_B50365,1,10,team1,Team 1 (N/S),86,34,24,♥,finished,2026-05-18T16:34:46.508573+00:00
5657,INPROC_C63DEA,1,10,team2,Team 2 (E/W),49,71,23,♥,finished,2026-05-18T16:34:46.522527+00:00
5658,INPROC_7B1A40,1,10,team1,Team 1 (N/S),95,25,25,♥,finished,2026-05-18T16:34:46.536987+00:00
5659,INPROC_357D7C,1,10,team2,Team 2 (E/W),42,78,26,♥,finished,2026-05-18T16:34:46.555581+00:00
5660,INPROC_4679F1,1,10,team2,Team 2 (E/W),51,69,6,♣,finished,2026-05-18T16:34:46.574586+00:00
5661,INPROC_05CC87,1,10,team1,Team 1 (N/S),96,24,17,♦,finished,2026-05-18T16:34:46.595055+00:00
5662,INPROC_2BC933,1,10,team1,Team 1 (N/S),74,46,18,♦,finished,2026-05-18T16:34:46.612272+00:00
5663,INPROC_CDBDAB,1,10,team1,Team 1 (N/S),72,48,26,♥,finished,2026-05-18T16:34:46.627398+00:00
5664,INPROC_1DD8EA,1,10,team1,Team 1 (N/S),63,57,21,♥,finished,2026-05-18T16:34:46.647364+00:00
5665,INPROC_BC6748,1,10,team1,Team 1 (N/S),88,32,38,♠,finished,2026-05-18T16:34:46.662536+00:00
5666,INPROC_A546E3,1,10,team1,Team 1 (N/S),93,27,31,♠,finished,2026-05-18T16:34:46.678070+00:00
5667,INPROC_41CFDE,1,10,team1,Team 1 (N/S),71,49,27,♥,finished,2026-05-18T16:34:46.691503+00:00
5668,INPROC_CC1B0F,1,10,team1,Team 1 (N/S),77,43,31,♠,finished,2026-05-18T16:34:46.709726+00:00
5669,INPROC_6451F6,1,10,team1,Team 1 (N/S),98,22,15,♦,finished,2026-05-18T16:34:46.729416+00:00
5670,INPROC_D8821E,1,10,team2,Team 2 (E/W),57,63,17,♦,finished,2026-05-18T16:34:46.744775+00:00
5671,INPROC_DBCFBC,1,10,team1,Team 1 (N/S),83,37,26,♥,finished,2026-05-18T16:34:46.760272+00:00
5672,INPROC_25F149,1,10,team1,Team 1 (N/S),95,25,5,♣,finished,2026-05-18T16:34:46.774804+00:00
5673,INPROC_54FB0B,1,10,team2,Team 2 (E/W),39,81,38,♠,finished,2026-05-18T16:34:46.790497+00:00
5674,INPROC_C689E7,1,10,team2,Team 2 (E/W),44,76,30,♠,finished,2026-05-18T16:34:46.807659+00:00
5675,INPROC_CBAA63,1,10,team2,Team 2 (E/W),56,64,25,♥,finished,2026-05-18T16:34:46.816991+00:00
5676,INPROC_8C660D,1,10,team2,Team 2 (E/W),46,74,8,♣,finished,2026-05-18T16:34:46.836090+00:00
5677,INPROC_52F85C,1,10,team2,Team 2 (E/W),50,70,3,♣,finished,2026-05-18T16:34:46.854449+00:00
5678,INPROC_6CB56B,1,10,team2,Team 2 (E/W),38,82,27,♥,finished,2026-05-18T16:34:46.873894+00:00
5679,INPROC_3EE4B7,1,10,team1,Team 1 (N/S),93,27,17,♦,finished,2026-05-18T16:34:46.891636+00:00
5680,INPROC_D71B0D,1,10,team2,Team 2 (E/W),44,76,25,♥,finished,2026-05-18T16:34:46.907269+00:00
5681,INPROC_D122AA,1,10,team1,Team 1 (N/S),78,42,0,♣,finished,2026-05-18T16:34:46.922560+00:00
5682,INPROC_429CC9,1,10,team1,Team 1 (N/S),92,28,28,♥,finished,2026-05-18T16:34:46.938584+00:00
5683,INPROC_48EA9F,1,10,team2,Team 2 (E/W),58,62,18,♦,finished,2026-05-18T16:34:46.953630+00:00
5684,INPROC_C4494A,1,10,team2,Team 2 (E/W),32,88,13,♦,finished,2026-05-18T16:34:46.969315+00:00
5685,INPROC_67E5E4,1,10,team1,Team 1 (N/S),107,13,16,♦,finished,2026-05-18T16:34:46.984127+00:00
5686,INPROC_008D4E,1,10,team1,Team 1 (N/S),63,57,36,♠,finished,2026-05-18T16:34:46.999192+00:00
5687,INPROC_6C6811,1,10,team1,Team 1 (N/S),90,30,26,♥,finished,2026-05-18T16:34:47.014390+00:00
5688,INPROC_F1C27B,1,10,team1,Team 1 (N/S),63,57,37,♠,finished,2026-05-18T16:34:47.030966+00:00
5689,INPROC_F8EFD1,1,10,team1,Team 1 (N/S),97,23,11,♦,finished,2026-05-18T16:34:47.045112+00:00
5690,INPROC_B62128,1,10,team2,Team 2 (E/W),13,107,39,♠,finished,2026-05-18T16:34:47.061701+00:00
5691,INPROC_E465E2,1,10,team1,Team 1 (N/S),99,21,27,♥,finished,2026-05-18T16:34:47.070431+00:00
5692,INPROC_2FF237,1,10,team2,Team 2 (E/W),41,79,13,♦,finished,2026-05-18T16:34:47.082650+00:00
5693,INPROC_D3266A,1,10,team2,Team 2 (E/W),48,72,28,♥,finished,2026-05-18T16:34:47.096749+00:00
5694,INPROC_6BEFD2,1,10,team1,Team 1 (N/S),90,30,34,♠,finished,2026-05-18T16:34:47.112622+00:00
5695,INPROC_AFD49A,1,10,team1,Team 1 (N/S),88,32,7,♣,finished,2026-05-18T16:34:47.128926+00:00
5696,INPROC_7AA9C9,1,10,team1,Team 1 (N/S),80,40,16,♦,finished,2026-05-18T16:34:47.144077+00:00
5697,INPROC_CF82A3,1,10,team1,Team 1 (N/S),67,53,6,♣,finished,2026-05-18T16:34:47.162967+00:00
5698,INPROC_3769AE,1,10,team1,Team 1 (N/S),64,56,22,♥,finished,2026-05-18T16:34:47.172219+00:00
5699,INPROC_2519F8,1,10,team1,Team 1 (N/S),65,55,35,♠,finished,2026-05-18T16:34:47.181353+00:00
5700,INPROC_A552EC,1,10,team1,Team 1 (N/S),80,40,6,♣,finished,2026-05-18T16:34:47.190169+00:00
5701,INPROC_F247AB,1,10,team1,Team 1 (N/S),84,36,6,♣,finished,2026-05-18T16:34:47.209256+00:00
5702,INPROC_099BCC,1,10,team1,Team 1 (N/S),87,33,21,♥,finished,2026-05-18T16:34:47.227931+00:00
5703,INPROC_F1B71C,1,10,team1,Team 1 (N/S),88,32,25,♥,finished,2026-05-18T16:34:47.243521+00:00
5704,INPROC_A16AE1,1,10,team2,Team 2 (E/W),31,89,2,♣,finished,2026-05-18T16:34:47.258965+00:00
5705,INPROC_3777C0,1,10,team1,Team 1 (N/S),99,21,34,♠,finished,2026-05-18T16:34:47.273693+00:00
5706,INPROC_3F7283,1,10,team1,Team 1 (N/S),65,55,5,♣,finished,2026-05-18T16:34:47.291448+00:00
5707,INPROC_B6174C,1,10,team1,Team 1 (N/S),69,51,9,♣,finished,2026-05-18T16:34:47.307868+00:00
5708,INPROC_09A601,1,10,team2,Team 2 (E/W),57,63,32,♠,finished,2026-05-18T16:34:47.328564+00:00
5709,INPROC_55C6ED,1,10,team2,Team 2 (E/W),53,67,37,♠,finished,2026-05-18T16:34:47.349957+00:00
5710,INPROC_4F59FB,1,10,team1,Team 1 (N/S),72,48,32,♠,finished,2026-05-18T16:34:47.359648+00:00
5711,INPROC_E6D3EC,1,10,team1,Team 1 (N/S),71,49,19,♦,finished,2026-05-18T16:34:47.370720+00:00
5712,INPROC_8E083C,1,10,team2,Team 2 (E/W),59,61,1,♣,finished,2026-05-18T16:34:47.379669+00:00
5713,INPROC_C0D166,1,10,team1,Team 1 (N/S),103,17,27,♥,finished,2026-05-18T16:34:47.393444+00:00
5714,INPROC_3BBA91,1,10,team1,Team 1 (N/S),68,52,23,♥,finished,2026-05-18T16:34:47.405903+00:00
5715,INPROC_D215A7,1,10,team2,Team 2 (E/W),52,68,36,♠,finished,2026-05-18T16:34:47.421448+00:00
5716,INPROC_8ED7D5,1,10,team1,Team 1 (N/S),95,25,17,♦,finished,2026-05-18T16:34:47.440438+00:00
5717,INPROC_5F5D38,1,10,team1,Team 1 (N/S),66,54,18,♦,finished,2026-05-18T16:34:47.458684+00:00
5718,INPROC_FA1BE7,1,10,team1,Team 1 (N/S),84,36,38,♠,finished,2026-05-18T16:34:47.471982+00:00
5719,INPROC_73B6CD,1,10,team2,Team 2 (E/W),46,74,36,♠,finished,2026-05-18T16:34:47.488212+00:00
5720,INPROC_88237B,1,10,team2,Team 2 (E/W),59,61,9,♣,finished,2026-05-18T16:34:47.505535+00:00
5721,INPROC_38C120,1,10,team1,Team 1 (N/S),69,51,39,♠,finished,2026-05-18T16:34:47.520090+00:00
5722,INPROC_E7E90B,1,10,draw,draw,60,60,8,♣,finished,2026-05-18T16:34:47.534098+00:00
5723,INPROC_F43990,1,10,team1,Team 1 (N/S),97,23,1,♣,finished,2026-05-18T16:34:47.549888+00:00
5724,INPROC_F24DF6,1,10,team2,Team 2 (E/W),40,80,15,♦,finished,2026-05-18T16:34:47.568596+00:00
5725,INPROC_D95C41,1,10,team2,Team 2 (E/W),58,62,13,♦,finished,2026-05-18T16:34:47.582559+00:00
5726,INPROC_8C43F1,1,10,team2,Team 2 (E/W),55,65,30,♠,finished,2026-05-18T16:34:47.599416+00:00
5727,INPROC_F1EBC3,1,10,team2,Team 2 (E/W),44,76,32,♠,finished,2026-05-18T16:34:47.616256+00:00
5728,INPROC_010168,1,10,team2,Team 2 (E/W),47,73,0,♣,finished,2026-05-18T16:34:47.629150+00:00
5729,INPROC_968770,1,10,team1,Team 1 (N/S),108,12,23,♥,finished,2026-05-18T16:34:47.644290+00:00
5730,INPROC_C7B5F5,1,10,team1,Team 1 (N/S),87,33,22,♥,finished,2026-05-18T16:34:47.659473+00:00
5731,INPROC_7C30A9,1,10,team1,Team 1 (N/S),64,56,13,♦,finished,2026-05-18T16:34:47.678656+00:00
5732,INPROC_99D119,1,10,team2,Team 2 (E/W),44,76,15,♦,finished,2026-05-18T16:34:47.693460+00:00
5733,INPROC_68ECA7,1,10,team1,Team 1 (N/S),103,17,27,♥,finished,2026-05-18T16:34:47.710826+00:00
5734,INPROC_7BD9B3,1,10,draw,draw,60,60,30,♠,finished,2026-05-18T16:34:47.727481+00:00
5735,INPROC_30055F,1,10,team2,Team 2 (E/W),48,72,0,♣,finished,2026-05-18T16:34:47.742350+00:00
5736,INPROC_BC383E,1,10,team1,Team 1 (N/S),63,57,24,♥,finished,2026-05-18T16:34:47.761126+00:00
5737,INPROC_57EEC9,1,10,team1,Team 1 (N/S),85,35,14,♦,finished,2026-05-18T16:34:47.777694+00:00
5738,INPROC_9454B9,1,10,team2,Team 2 (E/W),42,78,10,♦,finished,2026-05-18T16:34:47.789916+00:00
5739,INPROC_AD19F8,1,10,team2,Team 2 (E/W),40,80,0,♣,finished,2026-05-18T16:34:47.799343+00:00
5740,INPROC_485DFB,1,10,team2,Team 2 (E/W),44,76,21,♥,finished,2026-05-18T16:34:47.809659+00:00
5741,INPROC_B961B1,1,10,team1,Team 1 (N/S),106,14,14,♦,finished,2026-05-18T16:34:47.824087+00:00
5742,INPROC_3945CE,1,10,team1,Team 1 (N/S),89,31,17,♦,finished,2026-05-18T16:34:47.838731+00:00
5743,INPROC_1C6881,1,10,team1,Team 1 (N/S),88,32,16,♦,finished,2026-05-18T16:34:47.852242+00:00
5744,INPROC_B8CBD1,1,10,team1,Team 1 (N/S),79,41,21,♥,finished,2026-05-18T16:34:47.870187+00:00
5745,INPROC_DDF745,1,10,team1,Team 1 (N/S),113,7,27,♥,finished,2026-05-18T16:34:47.887874+00:00
5746,INPROC_4887C5,1,10,team1,Team 1 (N/S),78,42,14,♦,finished,2026-05-18T16:34:47.903594+00:00
5747,INPROC_8B76CB,1,10,team2,Team 2 (E/W),48,72,29,♥,finished,2026-05-18T16:34:47.921487+00:00
5748,INPROC_07F004,1,10,team1,Team 1 (N/S),65,55,12,♦,finished,2026-05-18T16:34:47.939940+00:00
5749,INPROC_93FEA4,1,10,team2,Team 2 (E/W),59,61,18,♦,finished,2026-05-18T16:34:47.953378+00:00
5750,INPROC_9F9D6A,1,10,team2,Team 2 (E/W),37,83,18,♦,finished,2026-05-18T16:34:47.967371+00:00
5751,INPROC_2E3ED2,1,10,team1,Team 1 (N/S),82,38,0,♣,finished,2026-05-18T16:34:47.982369+00:00
5752,INPROC_782C85,1,10,team1,Team 1 (N/S),90,30,27,♥,finished,2026-05-18T16:34:48.001152+00:00
5753,INPROC_8047E4,1,10,team1,Team 1 (N/S),91,29,33,♠,finished,2026-05-18T16:34:48.020139+00:00
5754,INPROC_1CB1C6,1,10,team1,Team 1 (N/S),99,21,31,♠,finished,2026-05-18T16:34:48.038340+00:00
5755,INPROC_1F47EC,1,10,team2,Team 2 (E/W),59,61,14,♦,finished,2026-05-18T16:34:48.057676+00:00
5756,INPROC_1F5A77,1,10,team1,Team 1 (N/S),71,49,7,♣,finished,2026-05-18T16:34:48.076186+00:00
5757,INPROC_C42A68,1,10,team1,Team 1 (N/S),75,45,25,♥,finished,2026-05-18T16:34:48.093958+00:00
5758,INPROC_0D4255,1,10,team1,Team 1 (N/S),89,31,30,♠,finished,2026-05-18T16:34:48.109829+00:00
5759,INPROC_B8C202,1,10,team1,Team 1 (N/S),116,4,21,♥,finished,2026-05-18T16:34:48.120686+00:00
5760,INPROC_22E086,1,10,team1,Team 1 (N/S),72,48,6,♣,finished,2026-05-18T16:34:48.130012+00:00
5761,INPROC_CA4E89,1,10,team1,Team 1 (N/S),61,59,6,♣,finished,2026-05-18T16:34:48.144589+00:00
5762,INPROC_C6DCE4,1,10,team2,Team 2 (E/W),39,81,38,♠,finished,2026-05-18T16:34:48.159053+00:00
5763,INPROC_A51B77,1,10,team1,Team 1 (N/S),81,39,35,♠,finished,2026-05-18T16:34:48.174919+00:00
5764,INPROC_876B05,1,10,team1,Team 1 (N/S),76,44,35,♠,finished,2026-05-18T16:34:48.190467+00:00
5765,INPROC_AFAEB4,1,10,team1,Team 1 (N/S),96,24,12,♦,finished,2026-05-18T16:34:48.206224+00:00
5766,INPROC_56184B,1,10,team1,Team 1 (N/S),94,26,15,♦,finished,2026-05-18T16:34:48.223267+00:00
5767,INPROC_2FB4C5,1,10,team1,Team 1 (N/S),89,31,7,♣,finished,2026-05-18T16:34:48.233861+00:00
5768,INPROC_41FCB5,1,10,team1,Team 1 (N/S),84,36,36,♠,finished,2026-05-18T16:34:48.242640+00:00
5769,INPROC_62E304,1,10,team2,Team 2 (E/W),41,79,3,♣,finished,2026-05-18T16:34:48.256925+00:00
5770,INPROC_38A62C,1,10,team2,Team 2 (E/W),54,66,27,♥,finished,2026-05-18T16:34:48.272268+00:00
5771,INPROC_07A3B2,1,10,team1,Team 1 (N/S),87,33,1,♣,finished,2026-05-18T16:34:48.291208+00:00
5772,INPROC_267676,1,10,team2,Team 2 (E/W),36,84,36,♠,finished,2026-05-18T16:34:48.309981+00:00
5773,INPROC_6852D8,1,10,team2,Team 2 (E/W),59,61,8,♣,finished,2026-05-18T16:34:48.322674+00:00
5774,INPROC_5B437B,1,10,team1,Team 1 (N/S),91,29,13,♦,finished,2026-05-18T16:34:48.337412+00:00
5775,INPROC_ADFC57,1,10,team1,Team 1 (N/S),71,49,33,♠,finished,2026-05-18T16:34:48.353065+00:00
5776,INPROC_96CEF7,1,10,team2,Team 2 (E/W),48,72,4,♣,finished,2026-05-18T16:34:48.368250+00:00
5777,INPROC_50D0BE,1,10,team2,Team 2 (E/W),28,92,32,♠,finished,2026-05-18T16:34:48.385519+00:00
5778,INPROC_48C9C3,1,10,team1,Team 1 (N/S),65,55,9,♣,finished,2026-05-18T16:34:48.396916+00:00
5779,INPROC_06D161,1,10,team1,Team 1 (N/S),95,25,27,♥,finished,2026-05-18T16:34:48.413919+00:00
5780,INPROC_D71080,1,10,team2,Team 2 (E/W),41,79,4,♣,finished,2026-05-18T16:34:48.429441+00:00
5781,INPROC_29E021,1,10,team2,Team 2 (E/W),51,69,35,♠,finished,2026-05-18T16:34:48.444468+00:00
5782,INPROC_D8796A,1,10,team1,Team 1 (N/S),68,52,5,♣,finished,2026-05-18T16:34:48.460178+00:00
5783,INPROC_862386,1,10,team1,Team 1 (N/S),62,58,8,♣,finished,2026-05-18T16:34:48.475714+00:00
5784,INPROC_FA498E,1,10,team1,Team 1 (N/S),67,53,13,♦,finished,2026-05-18T16:34:48.494488+00:00
5785,INPROC_5F72CA,1,10,team1,Team 1 (N/S),75,45,38,♠,finished,2026-05-18T16:34:48.508903+00:00
5786,INPROC_B46E28,1,10,team2,Team 2 (E/W),51,69,31,♠,finished,2026-05-18T16:34:48.524228+00:00
5787,INPROC_B03069,1,10,team2,Team 2 (E/W),55,65,16,♦,finished,2026-05-18T16:34:48.537475+00:00
5788,INPROC_462391,1,10,team1,Team 1 (N/S),76,44,16,♦,finished,2026-05-18T16:34:48.553369+00:00
5789,INPROC_94082A,1,10,team2,Team 2 (E/W),57,63,8,♣,finished,2026-05-18T16:34:48.567561+00:00
5790,INPROC_17B2C1,1,10,team2,Team 2 (E/W),22,98,32,♠,finished,2026-05-18T16:34:48.585853+00:00
5791,INPROC_FE395F,1,10,team2,Team 2 (E/W),22,98,13,♦,finished,2026-05-18T16:34:48.600829+00:00
5792,INPROC_D78DC7,1,10,team1,Team 1 (N/S),77,43,11,♦,finished,2026-05-18T16:34:48.614067+00:00
5793,INPROC_90C07F,1,10,team2,Team 2 (E/W),45,75,0,♣,finished,2026-05-18T16:34:48.627645+00:00
5794,INPROC_D37EBE,1,10,team1,Team 1 (N/S),67,53,26,♥,finished,2026-05-18T16:34:48.642985+00:00
5795,INPROC_3D0A50,1,10,team2,Team 2 (E/W),57,63,12,♦,finished,2026-05-18T16:34:48.660194+00:00
5796,INPROC_5EC43A,1,10,team1,Team 1 (N/S),82,38,35,♠,finished,2026-05-18T16:34:48.673268+00:00
5797,INPROC_54D30F,1,10,team1,Team 1 (N/S),79,41,1,♣,finished,2026-05-18T16:34:48.687911+00:00
5798,INPROC_CB0BCB,1,10,team1,Team 1 (N/S),75,45,7,♣,finished,2026-05-18T16:34:48.703780+00:00
5799,INPROC_DA7BF8,1,10,team2,Team 2 (E/W),36,84,39,♠,finished,2026-05-18T16:34:48.718929+00:00
5800,INPROC_6766BA,1,10,team2,Team 2 (E/W),56,64,20,♥,finished,2026-05-18T16:34:48.735977+00:00
5801,INPROC_E88003,1,10,team1,Team 1 (N/S),83,37,24,♥,finished,2026-05-18T16:34:48.751130+00:00
5802,INPROC_65AB13,1,10,team1,Team 1 (N/S),82,38,39,♠,finished,2026-05-18T16:34:48.765710+00:00
5803,INPROC_82BA3C,1,10,team1,Team 1 (N/S),70,50,36,♠,finished,2026-05-18T16:34:48.784927+00:00
5804,INPROC_2C46DB,1,10,team2,Team 2 (E/W),58,62,9,♣,finished,2026-05-18T16:34:48.801733+00:00
5805,INPROC_982318,1,10,team1,Team 1 (N/S),63,57,29,♥,finished,2026-05-18T16:34:48.816991+00:00
5806,INPROC_C43EA9,1,10,team1,Team 1 (N/S),104,16,27,♥,finished,2026-05-18T16:34:48.832293+00:00
5807,INPROC_1DFC6B,1,10,team2,Team 2 (E/W),53,67,34,♠,finished,2026-05-18T16:34:48.848512+00:00
5808,INPROC_561E4C,1,10,team1,Team 1 (N/S),65,55,26,♥,finished,2026-05-18T16:34:48.857380+00:00
5809,INPROC_4482D7,1,10,team2,Team 2 (E/W),42,78,17,♦,finished,2026-05-18T16:34:48.870814+00:00
5810,INPROC_829B9B,1,10,team2,Team 2 (E/W),48,72,22,♥,finished,2026-05-18T16:34:48.883752+00:00
5811,INPROC_057596,1,10,team1,Team 1 (N/S),86,34,39,♠,finished,2026-05-18T16:34:48.899519+00:00
5812,INPROC_9BE155,1,10,team2,Team 2 (E/W),50,70,16,♦,finished,2026-05-18T16:34:48.908622+00:00
5813,INPROC_7AD2A8,1,10,team2,Team 2 (E/W),58,62,36,♠,finished,2026-05-18T16:34:48.924526+00:00
5814,INPROC_98BA5F,1,10,team2,Team 2 (E/W),44,76,4,♣,finished,2026-05-18T16:34:48.934384+00:00
5815,INPROC_9B3341,1,10,team1,Team 1 (N/S),79,41,17,♦,finished,2026-05-18T16:34:48.949893+00:00
5816,INPROC_423E4B,1,10,team1,Team 1 (N/S),87,33,2,♣,finished,2026-05-18T16:34:48.964261+00:00
5817,INPROC_3EF331,1,10,team2,Team 2 (E/W),45,75,10,♦,finished,2026-05-18T16:34:48.978305+00:00
5818,INPROC_06959C,1,10,team2,Team 2 (E/W),35,85,31,♠,finished,2026-05-18T16:34:48.993221+00:00
5819,INPROC_2882BE,1,10,team1,Team 1 (N/S),103,17,33,♠,finished,2026-05-18T16:34:49.009240+00:00
5820,INPROC_8D3ADF,1,10,team1,Team 1 (N/S),102,18,4,♣,finished,2026-05-18T16:34:49.023407+00:00
5821,INPROC_6C86D5,1,10,team1,Team 1 (N/S),104,16,10,♦,finished,2026-05-18T16:34:49.039859+00:00
5822,INPROC_3BB920,1,10,team1,Team 1 (N/S),78,42,20,♥,finished,2026-05-18T16:34:49.055556+00:00
5823,INPROC_F2C942,1,10,team2,Team 2 (E/W),42,78,18,♦,finished,2026-05-18T16:34:49.068283+00:00
5824,INPROC_1B9E17,1,10,team1,Team 1 (N/S),94,26,32,♠,finished,2026-05-18T16:34:49.081748+00:00
5825,INPROC_5203A7,1,10,team1,Team 1 (N/S),79,41,34,♠,finished,2026-05-18T16:34:49.092755+00:00
5826,INPROC_CEA618,1,10,team1,Team 1 (N/S),91,29,16,♦,finished,2026-05-18T16:34:49.107776+00:00
5827,INPROC_52B49B,1,10,team2,Team 2 (E/W),57,63,7,♣,finished,2026-05-18T16:34:49.122683+00:00
5828,INPROC_7B2BD9,1,10,team2,Team 2 (E/W),10,110,20,♥,finished,2026-05-18T16:34:49.138889+00:00
5829,INPROC_EDCE81,1,10,team2,Team 2 (E/W),54,66,30,♠,finished,2026-05-18T16:34:49.155200+00:00
5830,INPROC_2220D1,1,10,team2,Team 2 (E/W),0,120,14,♦,finished,2026-05-18T16:34:49.162975+00:00
5831,INPROC_AC9B55,1,10,team1,Team 1 (N/S),72,48,35,♠,finished,2026-05-18T16:34:49.178569+00:00
5832,INPROC_92FB56,1,10,team2,Team 2 (E/W),54,66,1,♣,finished,2026-05-18T16:34:49.191247+00:00
5833,INPROC_1B443D,1,10,team1,Team 1 (N/S),77,43,24,♥,finished,2026-05-18T16:34:49.204677+00:00
5834,INPROC_6EB0B9,1,10,team1,Team 1 (N/S),69,51,8,♣,finished,2026-05-18T16:34:49.224110+00:00
5835,INPROC_727661,1,10,team1,Team 1 (N/S),67,53,26,♥,finished,2026-05-18T16:34:49.237711+00:00
5836,INPROC_1BE642,1,10,team1,Team 1 (N/S),81,39,3,♣,finished,2026-05-18T16:34:49.249282+00:00
5837,INPROC_CB845C,1,10,team1,Team 1 (N/S),104,16,4,♣,finished,2026-05-18T16:34:49.265482+00:00
5838,INPROC_0F5DFE,1,10,team2,Team 2 (E/W),58,62,25,♥,finished,2026-05-18T16:34:49.282248+00:00
5839,INPROC_538E3A,1,10,team1,Team 1 (N/S),90,30,16,♦,finished,2026-05-18T16:34:49.297489+00:00
5840,INPROC_24EC6C,1,10,team1,Team 1 (N/S),75,45,32,♠,finished,2026-05-18T16:34:49.313020+00:00
5841,INPROC_141545,1,10,team2,Team 2 (E/W),33,87,39,♠,finished,2026-05-18T16:34:49.327785+00:00
5842,INPROC_7A8685,1,10,team1,Team 1 (N/S),79,41,9,♣,finished,2026-05-18T16:34:49.343096+00:00
5843,INPROC_35A98D,1,10,team1,Team 1 (N/S),73,47,25,♥,finished,2026-05-18T16:34:49.359440+00:00
5844,INPROC_10B7B9,1,10,team1,Team 1 (N/S),102,18,7,♣,finished,2026-05-18T16:34:49.372920+00:00
5845,INPROC_A26A45,1,10,team1,Team 1 (N/S),91,29,29,♥,finished,2026-05-18T16:34:49.388595+00:00
5846,INPROC_104BEB,1,10,team2,Team 2 (E/W),36,84,30,♠,finished,2026-05-18T16:34:49.408152+00:00
5847,INPROC_D1E6CC,1,10,team1,Team 1 (N/S),69,51,28,♥,finished,2026-05-18T16:34:49.423402+00:00
5848,INPROC_20A06A,1,10,team2,Team 2 (E/W),47,73,8,♣,finished,2026-05-18T16:34:49.439012+00:00
5849,INPROC_801C56,1,10,team2,Team 2 (E/W),23,97,7,♣,finished,2026-05-18T16:34:49.452976+00:00
5850,INPROC_2AAB7D,1,10,team1,Team 1 (N/S),93,27,20,♥,finished,2026-05-18T16:34:49.468176+00:00
5851,INPROC_8B15AD,1,10,team1,Team 1 (N/S),67,53,2,♣,finished,2026-05-18T16:34:49.485199+00:00
5852,INPROC_D0C271,1,10,team2,Team 2 (E/W),58,62,5,♣,finished,2026-05-18T16:34:49.498413+00:00
5853,INPROC_27CFB4,1,10,team1,Team 1 (N/S),87,33,12,♦,finished,2026-05-18T16:34:49.510822+00:00
5854,INPROC_111511,1,10,team1,Team 1 (N/S),99,21,21,♥,finished,2026-05-18T16:34:49.524145+00:00
5855,INPROC_DA8251,1,10,team1,Team 1 (N/S),79,41,34,♠,finished,2026-05-18T16:34:49.538667+00:00
5856,INPROC_1E799A,1,10,team1,Team 1 (N/S),72,48,24,♥,finished,2026-05-18T16:34:49.554105+00:00
5857,INPROC_B281F8,1,10,team1,Team 1 (N/S),66,54,15,♦,finished,2026-05-18T16:34:49.569959+00:00
5858,INPROC_D3C646,1,10,team1,Team 1 (N/S),89,31,10,♦,finished,2026-05-18T16:34:49.587169+00:00
5859,INPROC_CECDC1,1,10,team2,Team 2 (E/W),21,99,25,♥,finished,2026-05-18T16:34:49.604321+00:00
5860,INPROC_1BBC2A,1,10,team1,Team 1 (N/S),108,12,7,♣,finished,2026-05-18T16:34:49.619822+00:00
5861,INPROC_A3BC61,1,10,team1,Team 1 (N/S),75,45,29,♥,finished,2026-05-18T16:34:49.637707+00:00
5862,INPROC_6BB208,1,10,team1,Team 1 (N/S),63,57,9,♣,finished,2026-05-18T16:34:49.662060+00:00
5863,INPROC_519DCC,1,10,team2,Team 2 (E/W),26,94,15,♦,finished,2026-05-18T16:34:49.686615+00:00
5864,INPROC_649954,1,10,team1,Team 1 (N/S),74,46,16,♦,finished,2026-05-18T16:34:49.712132+00:00
5865,INPROC_A858FC,1,10,team2,Team 2 (E/W),58,62,0,♣,finished,2026-05-18T16:34:49.732466+00:00
5866,INPROC_264479,1,10,team1,Team 1 (N/S),80,40,36,♠,finished,2026-05-18T16:34:49.740984+00:00
5867,INPROC_5881D8,1,10,team2,Team 2 (E/W),45,75,2,♣,finished,2026-05-18T16:34:49.751180+00:00
5868,INPROC_ADB676,1,10,team1,Team 1 (N/S),72,48,18,♦,finished,2026-05-18T16:34:49.765506+00:00
5869,INPROC_E51DE6,1,10,team2,Team 2 (E/W),56,64,30,♠,finished,2026-05-18T16:34:49.786624+00:00
5870,INPROC_C0C7F5,1,10,team1,Team 1 (N/S),73,47,6,♣,finished,2026-05-18T16:34:49.804980+00:00
5871,INPROC_CA7599,1,10,team2,Team 2 (E/W),51,69,29,♥,finished,2026-05-18T16:34:49.828993+00:00
5872,INPROC_6CB9EE,1,10,team1,Team 1 (N/S),80,40,34,♠,finished,2026-05-18T16:34:49.852413+00:00
5873,INPROC_F464B8,1,10,team1,Team 1 (N/S),66,54,27,♥,finished,2026-05-18T16:34:49.871469+00:00
5874,INPROC_D749DF,1,10,team2,Team 2 (E/W),53,67,3,♣,finished,2026-05-18T16:34:49.881488+00:00
5875,INPROC_4FBB7E,1,10,draw,draw,60,60,39,♠,finished,2026-05-18T16:34:49.892179+00:00
5876,INPROC_AF3278,1,10,team2,Team 2 (E/W),25,95,38,♠,finished,2026-05-18T16:34:49.901277+00:00
5877,INPROC_6781BB,1,10,team2,Team 2 (E/W),38,82,19,♦,finished,2026-05-18T16:34:49.922809+00:00
5878,INPROC_4DCC59,1,10,team2,Team 2 (E/W),42,78,18,♦,finished,2026-05-18T16:34:49.941972+00:00
5879,INPROC_F0FFA4,1,10,team1,Team 1 (N/S),102,18,8,♣,finished,2026-05-18T16:34:49.955949+00:00
5880,INPROC_AEB195,1,10,team1,Team 1 (N/S),96,24,16,♦,finished,2026-05-18T16:34:49.971907+00:00
5881,INPROC_241AB0,1,10,team2,Team 2 (E/W),34,86,35,♠,finished,2026-05-18T16:34:49.987625+00:00
5882,INPROC_204DC3,1,10,team1,Team 1 (N/S),106,14,27,♥,finished,2026-05-18T16:34:49.998149+00:00
5883,INPROC_23DB13,1,10,team2,Team 2 (E/W),58,62,17,♦,finished,2026-05-18T16:34:50.010689+00:00
5884,INPROC_22E684,1,10,team1,Team 1 (N/S),74,46,34,♠,finished,2026-05-18T16:34:50.021668+00:00
5885,INPROC_FB43F8,1,10,team2,Team 2 (E/W),57,63,33,♠,finished,2026-05-18T16:34:50.041037+00:00
5886,INPROC_25937C,1,10,team1,Team 1 (N/S),67,53,27,♥,finished,2026-05-18T16:34:50.055970+00:00
5887,INPROC_ED6EF0,1,10,team2,Team 2 (E/W),44,76,31,♠,finished,2026-05-18T16:34:50.072067+00:00
5888,INPROC_63E29E,1,10,team1,Team 1 (N/S),61,59,17,♦,finished,2026-05-18T16:34:50.081061+00:00
5889,INPROC_03608B,1,10,team1,Team 1 (N/S),80,40,35,♠,finished,2026-05-18T16:34:50.095260+00:00
5890,INPROC_508BBC,1,10,team2,Team 2 (E/W),53,67,21,♥,finished,2026-05-18T16:34:50.110549+00:00
5891,INPROC_4543B8,1,10,team2,Team 2 (E/W),21,99,23,♥,finished,2026-05-18T16:34:50.124170+00:00
5892,INPROC_66339B,1,10,team1,Team 1 (N/S),86,34,20,♥,finished,2026-05-18T16:34:50.140173+00:00
5893,INPROC_5EE3A1,1,10,team2,Team 2 (E/W),11,109,1,♣,finished,2026-05-18T16:34:50.157765+00:00
5894,INPROC_C3FA7A,1,10,team1,Team 1 (N/S),67,53,14,♦,finished,2026-05-18T16:34:50.172239+00:00
5895,INPROC_A5706F,1,10,team1,Team 1 (N/S),94,26,4,♣,finished,2026-05-18T16:34:50.187548+00:00
5896,INPROC_014CFD,1,10,team1,Team 1 (N/S),73,47,21,♥,finished,2026-05-18T16:34:50.202731+00:00
5897,INPROC_F7E32A,1,10,team2,Team 2 (E/W),52,68,26,♥,finished,2026-05-18T16:34:50.216800+00:00
5898,INPROC_DA6216,1,10,team1,Team 1 (N/S),86,34,15,♦,finished,2026-05-18T16:34:50.228468+00:00
5899,INPROC_975B5E,1,10,team1,Team 1 (N/S),72,48,31,♠,finished,2026-05-18T16:34:50.248081+00:00
5900,INPROC_72FE17,1,10,team1,Team 1 (N/S),74,46,17,♦,finished,2026-05-18T16:34:50.268103+00:00
5901,INPROC_C73C1A,1,10,team1,Team 1 (N/S),88,32,6,♣,finished,2026-05-18T16:34:50.292344+00:00
5902,INPROC_8B3A0F,1,10,team1,Team 1 (N/S),66,54,0,♣,finished,2026-05-18T16:34:50.311474+00:00
5903,INPROC_6E5DC5,1,10,team1,Team 1 (N/S),69,51,3,♣,finished,2026-05-18T16:34:50.329251+00:00
5904,INPROC_61CFBA,1,10,team2,Team 2 (E/W),48,72,11,♦,finished,2026-05-18T16:34:50.345837+00:00
5905,INPROC_E5C6F4,1,10,team1,Team 1 (N/S),78,42,28,♥,finished,2026-05-18T16:34:50.362492+00:00
5906,INPROC_6EE107,1,10,team2,Team 2 (E/W),53,67,9,♣,finished,2026-05-18T16:34:50.377150+00:00
5907,INPROC_DED7E2,1,10,team1,Team 1 (N/S),76,44,34,♠,finished,2026-05-18T16:34:50.396283+00:00
5908,INPROC_13BD53,1,10,team1,Team 1 (N/S),70,50,4,♣,finished,2026-05-18T16:34:50.416167+00:00
5909,INPROC_2C175A,1,10,team1,Team 1 (N/S),73,47,4,♣,finished,2026-05-18T16:34:50.433831+00:00
5910,INPROC_C2C7C7,1,10,team1,Team 1 (N/S),61,59,16,♦,finished,2026-05-18T16:34:50.446758+00:00
5911,INPROC_78CBFD,1,10,team1,Team 1 (N/S),89,31,5,♣,finished,2026-05-18T16:34:50.464595+00:00
5912,INPROC_0E76E9,1,10,team2,Team 2 (E/W),31,89,27,♥,finished,2026-05-18T16:34:50.483487+00:00
5913,INPROC_0D97B7,1,10,team2,Team 2 (E/W),38,82,28,♥,finished,2026-05-18T16:34:50.495302+00:00
5914,INPROC_A8E355,1,10,team1,Team 1 (N/S),79,41,16,♦,finished,2026-05-18T16:34:50.511092+00:00
5915,INPROC_603444,1,10,team1,Team 1 (N/S),100,20,27,♥,finished,2026-05-18T16:34:50.527557+00:00
5916,INPROC_0B0090,1,10,team1,Team 1 (N/S),93,27,15,♦,finished,2026-05-18T16:34:50.542634+00:00
5917,INPROC_C57D9D,1,10,team1,Team 1 (N/S),94,26,12,♦,finished,2026-05-18T16:34:50.557809+00:00
5918,INPROC_239D18,1,10,team1,Team 1 (N/S),74,46,21,♥,finished,2026-05-18T16:34:50.575342+00:00
5919,INPROC_A227D1,1,10,team2,Team 2 (E/W),49,71,9,♣,finished,2026-05-18T16:34:50.591273+00:00
5920,INPROC_458EF2,1,10,team1,Team 1 (N/S),106,14,37,♠,finished,2026-05-18T16:34:50.603627+00:00
5921,INPROC_40AA1B,1,10,team2,Team 2 (E/W),39,81,10,♦,finished,2026-05-18T16:34:50.616957+00:00
5922,INPROC_26E4F1,1,10,team2,Team 2 (E/W),54,66,5,♣,finished,2026-05-18T16:34:50.633277+00:00
5923,INPROC_F15633,1,10,team2,Team 2 (E/W),46,74,19,♦,finished,2026-05-18T16:34:50.648778+00:00
5924,INPROC_E4482E,1,10,team1,Team 1 (N/S),79,41,9,♣,finished,2026-05-18T16:34:50.662449+00:00
5925,INPROC_8ECE18,1,10,team2,Team 2 (E/W),48,72,11,♦,finished,2026-05-18T16:34:50.680175+00:00
5926,INPROC_A488F3,1,10,team1,Team 1 (N/S),74,46,19,♦,finished,2026-05-18T16:34:50.698998+00:00
5927,INPROC_5F1E5A,1,10,team2,Team 2 (E/W),59,61,7,♣,finished,2026-05-18T16:34:50.716077+00:00
5928,INPROC_14E7A8,1,10,team1,Team 1 (N/S),70,50,15,♦,finished,2026-05-18T16:34:50.732384+00:00
5929,INPROC_982E96,1,10,team1,Team 1 (N/S),72,48,1,♣,finished,2026-05-18T16:34:50.749876+00:00
5930,INPROC_3F033B,1,10,team1,Team 1 (N/S),107,13,3,♣,finished,2026-05-18T16:34:50.767944+00:00
5931,INPROC_F0F30D,1,10,team1,Team 1 (N/S),80,40,1,♣,finished,2026-05-18T16:34:50.780884+00:00
5932,INPROC_A2293A,1,10,team1,Team 1 (N/S),94,26,7,♣,finished,2026-05-18T16:34:50.795866+00:00
5933,INPROC_6E09BB,1,10,team1,Team 1 (N/S),61,59,39,♠,finished,2026-05-18T16:34:50.812290+00:00
5934,INPROC_B8E2E1,1,10,team2,Team 2 (E/W),47,73,14,♦,finished,2026-05-18T16:34:50.826309+00:00
5935,INPROC_466400,1,10,team2,Team 2 (E/W),59,61,17,♦,finished,2026-05-18T16:34:50.842782+00:00
5936,INPROC_5932C9,1,10,team2,Team 2 (E/W),25,95,27,♥,finished,2026-05-18T16:34:50.852967+00:00
5937,INPROC_A82CBB,1,10,team1,Team 1 (N/S),80,40,25,♥,finished,2026-05-18T16:34:50.864275+00:00
5938,INPROC_050EE7,1,10,team1,Team 1 (N/S),62,58,32,♠,finished,2026-05-18T16:34:50.875507+00:00
5939,INPROC_2701AC,1,10,team1,Team 1 (N/S),71,49,16,♦,finished,2026-05-18T16:34:50.893367+00:00
5940,INPROC_C42086,1,10,team2,Team 2 (E/W),46,74,38,♠,finished,2026-05-18T16:34:50.909498+00:00
5941,INPROC_9D991C,1,10,team1,Team 1 (N/S),67,53,38,♠,finished,2026-05-18T16:34:50.928149+00:00
5942,INPROC_42C69B,1,10,team1,Team 1 (N/S),82,38,12,♦,finished,2026-05-18T16:34:50.948068+00:00
5943,INPROC_57F3F3,1,10,team1,Team 1 (N/S),77,43,31,♠,finished,2026-05-18T16:34:50.956965+00:00
5944,INPROC_47D6BB,1,10,team2,Team 2 (E/W),51,69,17,♦,finished,2026-05-18T16:34:50.972335+00:00
5945,INPROC_4A6C0D,1,10,team2,Team 2 (E/W),46,74,9,♣,finished,2026-05-18T16:34:50.981310+00:00
5946,INPROC_B1317D,1,10,team2,Team 2 (E/W),37,83,25,♥,finished,2026-05-18T16:34:50.990988+00:00
5947,INPROC_B4F95F,1,10,team2,Team 2 (E/W),56,64,15,♦,finished,2026-05-18T16:34:51.005423+00:00
5948,INPROC_A04479,1,10,team2,Team 2 (E/W),28,92,34,♠,finished,2026-05-18T16:34:51.020626+00:00
5949,INPROC_899EB6,1,10,team1,Team 1 (N/S),84,36,6,♣,finished,2026-05-18T16:34:51.036234+00:00
5950,INPROC_FA7B76,1,10,team1,Team 1 (N/S),71,49,30,♠,finished,2026-05-18T16:34:51.056828+00:00
5951,INPROC_AD6C60,1,10,team1,Team 1 (N/S),103,17,31,♠,finished,2026-05-18T16:34:51.077830+00:00
5952,INPROC_6D2715,1,10,team2,Team 2 (E/W),44,76,35,♠,finished,2026-05-18T16:34:51.096613+00:00
5953,INPROC_3BC1CC,1,10,team2,Team 2 (E/W),31,89,12,♦,finished,2026-05-18T16:34:51.115140+00:00
5954,INPROC_AEE13D,1,10,team1,Team 1 (N/S),94,26,16,♦,finished,2026-05-18T16:34:51.131150+00:00
5955,INPROC_39B385,1,10,team2,Team 2 (E/W),40,80,20,♥,finished,2026-05-18T16:34:51.149631+00:00
5956,INPROC_D112A8,1,10,team1,Team 1 (N/S),111,9,17,♦,finished,2026-05-18T16:34:51.165632+00:00
5957,INPROC_C667F1,1,10,team1,Team 1 (N/S),63,57,39,♠,finished,2026-05-18T16:34:51.175539+00:00
5958,INPROC_D66062,1,10,team1,Team 1 (N/S),72,48,25,♥,finished,2026-05-18T16:34:51.194266+00:00
5959,INPROC_2C27C8,1,10,team2,Team 2 (E/W),44,76,37,♠,finished,2026-05-18T16:34:51.211988+00:00
5960,INPROC_21213F,1,10,team1,Team 1 (N/S),95,25,3,♣,finished,2026-05-18T16:34:51.227995+00:00
5961,INPROC_27494D,1,10,team1,Team 1 (N/S),71,49,22,♥,finished,2026-05-18T16:34:51.244205+00:00
5962,INPROC_4F11E4,1,10,team1,Team 1 (N/S),74,46,23,♥,finished,2026-05-18T16:34:51.262195+00:00
5963,INPROC_4108AB,1,10,team1,Team 1 (N/S),75,45,1,♣,finished,2026-05-18T16:34:51.278562+00:00
5964,INPROC_46E081,1,10,team1,Team 1 (N/S),120,0,30,♠,finished,2026-05-18T16:34:51.295174+00:00
5965,INPROC_572777,1,10,team1,Team 1 (N/S),102,18,15,♦,finished,2026-05-18T16:34:51.313666+00:00
5966,INPROC_AAD27C,1,10,team2,Team 2 (E/W),59,61,9,♣,finished,2026-05-18T16:34:51.333721+00:00
5967,INPROC_CC0CA1,1,10,team1,Team 1 (N/S),71,49,34,♠,finished,2026-05-18T16:34:51.353340+00:00
5968,INPROC_05439E,1,10,team1,Team 1 (N/S),79,41,4,♣,finished,2026-05-18T16:34:51.373015+00:00
5969,INPROC_266FA3,1,10,team1,Team 1 (N/S),82,38,28,♥,finished,2026-05-18T16:34:51.394614+00:00
5970,INPROC_6F3842,1,10,team1,Team 1 (N/S),72,48,10,♦,finished,2026-05-18T16:34:51.408180+00:00
5971,INPROC_B6C887,1,10,team2,Team 2 (E/W),49,71,3,♣,finished,2026-05-18T16:34:51.422833+00:00
5972,INPROC_95E31B,1,10,team2,Team 2 (E/W),37,83,9,♣,finished,2026-05-18T16:34:51.438869+00:00
5973,INPROC_3C1DED,1,10,team2,Team 2 (E/W),36,84,3,♣,finished,2026-05-18T16:34:51.454108+00:00
5974,INPROC_CE6A63,1,10,team1,Team 1 (N/S),77,43,26,♥,finished,2026-05-18T16:34:51.468773+00:00
5975,INPROC_A9694D,1,10,team1,Team 1 (N/S),103,17,3,♣,finished,2026-05-18T16:34:51.483506+00:00
5976,INPROC_59A2D8,1,10,team1,Team 1 (N/S),70,50,38,♠,finished,2026-05-18T16:34:51.499148+00:00
5977,INPROC_70E5B5,1,10,team1,Team 1 (N/S),95,25,28,♥,finished,2026-05-18T16:34:51.514837+00:00
5978,INPROC_801FA4,1,10,team1,Team 1 (N/S),93,27,27,♥,finished,2026-05-18T16:34:51.530409+00:00
5979,INPROC_EF857A,1,10,draw,draw,60,60,16,♦,finished,2026-05-18T16:34:51.545807+00:00
5980,INPROC_A63858,1,10,team2,Team 2 (E/W),43,77,31,♠,finished,2026-05-18T16:34:51.563216+00:00
5981,INPROC_0E1EBD,1,10,team1,Team 1 (N/S),102,18,30,♠,finished,2026-05-18T16:34:51.580839+00:00
5982,INPROC_E1AEE8,1,10,team1,Team 1 (N/S),83,37,36,♠,finished,2026-05-18T16:34:51.596207+00:00
5983,INPROC_701B63,1,10,team2,Team 2 (E/W),56,64,22,♥,finished,2026-05-18T16:34:51.611573+00:00
5984,INPROC_45CFC7,1,10,team1,Team 1 (N/S),108,12,16,♦,finished,2026-05-18T16:34:51.628061+00:00
5985,INPROC_1EE737,1,10,team2,Team 2 (E/W),21,99,38,♠,finished,2026-05-18T16:34:51.643811+00:00
5986,INPROC_FDC033,1,10,team1,Team 1 (N/S),94,26,17,♦,finished,2026-05-18T16:34:51.658633+00:00
5987,INPROC_4C2248,1,10,team1,Team 1 (N/S),81,39,31,♠,finished,2026-05-18T16:34:51.674196+00:00
5988,INPROC_DC4658,1,10,team1,Team 1 (N/S),96,24,30,♠,finished,2026-05-18T16:34:51.692322+00:00
5989,INPROC_0C01B8,1,10,team1,Team 1 (N/S),102,18,34,♠,finished,2026-05-18T16:34:51.707020+00:00
5990,INPROC_4D2CD3,1,10,team1,Team 1 (N/S),75,45,0,♣,finished,2026-05-18T16:34:51.724006+00:00
5991,INPROC_715D75,1,10,team1,Team 1 (N/S),79,41,33,♠,finished,2026-05-18T16:34:51.738734+00:00
5992,INPROC_82D087,1,10,draw,draw,60,60,12,♦,finished,2026-05-18T16:34:51.753273+00:00
5993,INPROC_7E0D73,1,10,team2,Team 2 (E/W),45,75,33,♠,finished,2026-05-18T16:34:51.768029+00:00
5994,INPROC_DCF4E5,1,10,team1,Team 1 (N/S),67,53,32,♠,finished,2026-05-18T16:34:51.784261+00:00
5995,INPROC_512601,1,10,team2,Team 2 (E/W),40,80,33,♠,finished,2026-05-18T16:34:51.803484+00:00
5996,INPROC_E86675,1,10,team1,Team 1 (N/S),70,50,29,♥,finished,2026-05-18T16:34:51.819879+00:00
5997,INPROC_E278E1,1,10,team2,Team 2 (E/W),42,78,28,♥,finished,2026-05-18T16:34:51.838679+00:00
5998,INPROC_880E41,1,10,team1,Team 1 (N/S),86,34,5,♣,finished,2026-05-18T16:34:51.856960+00:00
5999,INPROC_415946,1,10,team1,Team 1 (N/S),95,25,23,♥,finished,2026-05-18T16:34:51.876309+00:00
6000,INPROC_F6DD69,1,10,team1,Team 1 (N/S),68,52,12,♦,finished,2026-05-18T16:34:51.895272+00:00
6001,INPROC_BE3A77,1,10,team1,Team 1 (N/S),65,55,38,♠,finished,2026-05-18T16:34:51.913711+00:00
6002,INPROC_E5DD7D,1,10,team2,Team 2 (E/W),41,79,27,♥,finished,2026-05-18T16:34:51.930064+00:00
6003,INPROC_F0223F,1,10,team1,Team 1 (N/S),66,54,3,♣,finished,2026-05-18T16:34:51.949499+00:00
6004,INPROC_F964EA,1,10,team1,Team 1 (N/S),102,18,3,♣,finished,2026-05-18T16:34:51.966905+00:00
6005,INPROC_B5BBD5,1,10,team2,Team 2 (E/W),30,90,14,♦,finished,2026-05-18T16:34:51.982446+00:00
6006,INPROC_B443E4,1,10,team1,Team 1 (N/S),88,32,0,♣,finished,2026-05-18T16:34:51.991242+00:00
6007,INPROC_02A317,1,10,team1,Team 1 (N/S),76,44,5,♣,finished,2026-05-18T16:34:52.004772+00:00
6008,INPROC_5E42E9,1,10,team2,Team 2 (E/W),46,74,16,♦,finished,2026-05-18T16:34:52.017103+00:00
6009,INPROC_932564,1,10,team1,Team 1 (N/S),113,7,33,♠,finished,2026-05-18T16:34:52.032048+00:00
6010,INPROC_8AA5EE,1,10,team1,Team 1 (N/S),61,59,12,♦,finished,2026-05-18T16:34:52.048265+00:00
6011,INPROC_89622E,1,10,team1,Team 1 (N/S),94,26,13,♦,finished,2026-05-18T16:34:52.065073+00:00
6012,INPROC_67FD28,1,10,team1,Team 1 (N/S),65,55,9,♣,finished,2026-05-18T16:34:52.083902+00:00
6013,INPROC_B8E972,1,10,team2,Team 2 (E/W),51,69,31,♠,finished,2026-05-18T16:34:52.097745+00:00
6014,INPROC_2E778D,1,10,team1,Team 1 (N/S),76,44,39,♠,finished,2026-05-18T16:34:52.109190+00:00
6015,INPROC_3B1AAD,1,10,team1,Team 1 (N/S),91,29,39,♠,finished,2026-05-18T16:34:52.125047+00:00
6016,INPROC_01183A,1,10,team2,Team 2 (E/W),41,79,33,♠,finished,2026-05-18T16:34:52.140887+00:00
6017,INPROC_566E5F,1,10,team2,Team 2 (E/W),55,65,22,♥,finished,2026-05-18T16:34:52.153852+00:00
6018,INPROC_E7A2EC,1,10,team1,Team 1 (N/S),63,57,2,♣,finished,2026-05-18T16:34:52.165905+00:00
6019,INPROC_69C640,1,10,team1,Team 1 (N/S),87,33,4,♣,finished,2026-05-18T16:34:52.180088+00:00
6020,INPROC_49D5D0,1,10,draw,draw,60,60,10,♦,finished,2026-05-18T16:34:52.193490+00:00
6021,INPROC_452721,1,10,team2,Team 2 (E/W),58,62,7,♣,finished,2026-05-18T16:34:52.208854+00:00
6022,INPROC_14873E,1,10,team1,Team 1 (N/S),67,53,4,♣,finished,2026-05-18T16:34:52.223636+00:00
6023,INPROC_2EFADB,1,10,team2,Team 2 (E/W),55,65,39,♠,finished,2026-05-18T16:34:52.238281+00:00
6024,INPROC_A3423B,1,10,team2,Team 2 (E/W),54,66,25,♥,finished,2026-05-18T16:34:52.253114+00:00
6025,INPROC_41A270,1,10,team2,Team 2 (E/W),59,61,30,♠,finished,2026-05-18T16:34:52.271894+00:00
6026,INPROC_48EE48,1,10,team1,Team 1 (N/S),75,45,18,♦,finished,2026-05-18T16:34:52.288766+00:00
6027,INPROC_2AA3F2,1,10,team1,Team 1 (N/S),85,35,17,♦,finished,2026-05-18T16:34:52.299690+00:00
6028,INPROC_511254,1,10,team1,Team 1 (N/S),68,52,3,♣,finished,2026-05-18T16:34:52.312795+00:00
6029,INPROC_24B3AB,1,10,team2,Team 2 (E/W),47,73,37,♠,finished,2026-05-18T16:34:52.330133+00:00
6030,INPROC_F6A9FD,1,10,team2,Team 2 (E/W),59,61,4,♣,finished,2026-05-18T16:34:53.419878+00:00
6031,INPROC_8A4C22,1,10,team1,Team 1 (N/S),81,39,6,♣,finished,2026-05-18T16:34:53.434947+00:00
6032,INPROC_6581BE,1,10,team1,Team 1 (N/S),82,38,33,♠,finished,2026-05-18T16:34:53.451132+00:00
6033,INPROC_DF7F56,1,10,team1,Team 1 (N/S),74,46,11,♦,finished,2026-05-18T16:34:53.467165+00:00
6034,INPROC_C3428A,1,10,team2,Team 2 (E/W),59,61,33,♠,finished,2026-05-18T16:34:53.480244+00:00
6035,INPROC_4B2950,1,10,team2,Team 2 (E/W),26,94,29,♥,finished,2026-05-18T16:34:53.495855+00:00
6036,INPROC_873356,1,10,team1,Team 1 (N/S),64,56,2,♣,finished,2026-05-18T16:34:53.511951+00:00
6037,INPROC_C140D5,1,10,team2,Team 2 (E/W),49,71,7,♣,finished,2026-05-18T16:34:53.529535+00:00
6038,INPROC_63097F,1,10,team2,Team 2 (E/W),59,61,9,♣,finished,2026-05-18T16:34:53.548359+00:00
6039,INPROC_D1EA19,1,10,team2,Team 2 (E/W),52,68,36,♠,finished,2026-05-18T16:34:53.564057+00:00
6040,INPROC_1AF6BB,1,10,team1,Team 1 (N/S),83,37,20,♥,finished,2026-05-18T16:34:53.580367+00:00
6041,INPROC_BBB8FF,1,10,team2,Team 2 (E/W),29,91,18,♦,finished,2026-05-18T16:34:53.595378+00:00
6042,INPROC_7AC2BE,1,10,team2,Team 2 (E/W),53,67,10,♦,finished,2026-05-18T16:34:53.610675+00:00
6043,INPROC_E71060,1,10,team1,Team 1 (N/S),100,20,4,♣,finished,2026-05-18T16:34:53.625097+00:00
6044,INPROC_2A07FD,1,10,team2,Team 2 (E/W),56,64,24,♥,finished,2026-05-18T16:34:53.635431+00:00
6045,INPROC_2EEC53,1,10,team1,Team 1 (N/S),113,7,21,♥,finished,2026-05-18T16:34:53.644309+00:00
6046,INPROC_D99BEC,1,10,team1,Team 1 (N/S),72,48,0,♣,finished,2026-05-18T16:34:53.656936+00:00
6047,INPROC_6CAF68,1,10,team1,Team 1 (N/S),106,14,16,♦,finished,2026-05-18T16:34:53.676283+00:00
6048,INPROC_B7005C,1,10,team2,Team 2 (E/W),53,67,6,♣,finished,2026-05-18T16:34:53.697544+00:00
6049,INPROC_676236,1,10,team2,Team 2 (E/W),52,68,7,♣,finished,2026-05-18T16:34:53.716397+00:00
6050,INPROC_7DEFBB,1,10,team1,Team 1 (N/S),69,51,13,♦,finished,2026-05-18T16:34:53.734440+00:00
6051,INPROC_8C027C,1,10,team1,Team 1 (N/S),64,56,16,♦,finished,2026-05-18T16:34:53.752000+00:00
6052,INPROC_FD8D1F,1,10,team2,Team 2 (E/W),53,67,14,♦,finished,2026-05-18T16:34:53.769919+00:00
6053,INPROC_B3533E,1,10,team1,Team 1 (N/S),84,36,13,♦,finished,2026-05-18T16:34:53.786018+00:00
6054,INPROC_69F5ED,1,10,team2,Team 2 (E/W),53,67,11,♦,finished,2026-05-18T16:34:53.801915+00:00
6055,INPROC_4EBA6F,1,10,team1,Team 1 (N/S),110,10,0,♣,finished,2026-05-18T16:34:53.815534+00:00
6056,INPROC_05B27D,1,10,team1,Team 1 (N/S),86,34,15,♦,finished,2026-05-18T16:34:53.831453+00:00
6057,INPROC_A9036A,1,10,team1,Team 1 (N/S),92,28,32,♠,finished,2026-05-18T16:34:53.846352+00:00
6058,INPROC_C35104,1,10,team1,Team 1 (N/S),72,48,6,♣,finished,2026-05-18T16:34:53.861584+00:00
6059,INPROC_75E8D8,1,10,team2,Team 2 (E/W),56,64,31,♠,finished,2026-05-18T16:34:53.879609+00:00
6060,INPROC_6441AC,1,10,team1,Team 1 (N/S),85,35,7,♣,finished,2026-05-18T16:34:53.896697+00:00
6061,INPROC_0F35EE,1,10,team1,Team 1 (N/S),64,56,23,♥,finished,2026-05-18T16:34:53.914720+00:00
6062,INPROC_E35487,1,10,team2,Team 2 (E/W),22,98,7,♣,finished,2026-05-18T16:34:53.932149+00:00
6063,INPROC_E5C706,1,10,team1,Team 1 (N/S),72,48,39,♠,finished,2026-05-18T16:34:53.948712+00:00
6064,INPROC_8BA53B,1,10,team2,Team 2 (E/W),25,95,7,♣,finished,2026-05-18T16:34:53.961134+00:00
6065,INPROC_9D7934,1,10,team1,Team 1 (N/S),86,34,5,♣,finished,2026-05-18T16:34:53.975592+00:00
6066,INPROC_9C3354,1,10,team1,Team 1 (N/S),76,44,35,♠,finished,2026-05-18T16:34:53.990364+00:00
6067,INPROC_176BC5,1,10,team2,Team 2 (E/W),53,67,28,♥,finished,2026-05-18T16:34:54.007427+00:00
6068,INPROC_2D6A83,1,10,team1,Team 1 (N/S),111,9,15,♦,finished,2026-05-18T16:34:54.023099+00:00
6069,INPROC_9D70AC,1,10,team2,Team 2 (E/W),34,86,24,♥,finished,2026-05-18T16:34:54.040028+00:00
6070,INPROC_DE5F71,1,10,team2,Team 2 (E/W),6,114,21,♥,finished,2026-05-18T16:34:54.057200+00:00
6071,INPROC_4F08B4,1,10,team1,Team 1 (N/S),78,42,12,♦,finished,2026-05-18T16:34:54.071471+00:00
6072,INPROC_7FE19C,1,10,team2,Team 2 (E/W),31,89,5,♣,finished,2026-05-18T16:34:54.087996+00:00
6073,INPROC_207021,1,10,team1,Team 1 (N/S),93,27,33,♠,finished,2026-05-18T16:34:54.104655+00:00
6074,INPROC_65B6A9,1,10,team1,Team 1 (N/S),72,48,28,♥,finished,2026-05-18T16:34:54.120008+00:00
6075,INPROC_109339,1,10,team1,Team 1 (N/S),86,34,16,♦,finished,2026-05-18T16:34:54.134936+00:00
6076,INPROC_13D7F8,1,10,team1,Team 1 (N/S),102,18,6,♣,finished,2026-05-18T16:34:54.149626+00:00
6077,INPROC_4C8301,1,10,team2,Team 2 (E/W),37,83,35,♠,finished,2026-05-18T16:34:54.164703+00:00
6078,INPROC_A83C68,1,10,team2,Team 2 (E/W),46,74,36,♠,finished,2026-05-18T16:34:54.179409+00:00
6079,INPROC_E83506,1,10,team1,Team 1 (N/S),94,26,31,♠,finished,2026-05-18T16:34:54.195073+00:00
6080,INPROC_F7EBE2,1,10,team1,Team 1 (N/S),110,10,11,♦,finished,2026-05-18T16:34:54.210567+00:00
6081,INPROC_007169,1,10,team1,Team 1 (N/S),63,57,9,♣,finished,2026-05-18T16:34:54.228633+00:00
6082,INPROC_53ECFE,1,10,team1,Team 1 (N/S),67,53,2,♣,finished,2026-05-18T16:34:54.244847+00:00
6083,INPROC_BEA86C,1,10,team1,Team 1 (N/S),61,59,2,♣,finished,2026-05-18T16:34:54.262203+00:00
6084,INPROC_F52DD9,1,10,team2,Team 2 (E/W),48,72,21,♥,finished,2026-05-18T16:34:54.278463+00:00
6085,INPROC_2AB4F6,1,10,team1,Team 1 (N/S),72,48,8,♣,finished,2026-05-18T16:34:54.295206+00:00
6086,INPROC_43DD33,1,10,team2,Team 2 (E/W),42,78,20,♥,finished,2026-05-18T16:34:54.312238+00:00
6087,INPROC_8B40B8,1,10,team1,Team 1 (N/S),73,47,22,♥,finished,2026-05-18T16:34:54.331449+00:00
6088,INPROC_19135C,1,10,team1,Team 1 (N/S),70,50,11,♦,finished,2026-05-18T16:34:54.346706+00:00
6089,INPROC_3B5F4F,1,10,draw,draw,60,60,3,♣,finished,2026-05-18T16:34:54.361328+00:00
6090,INPROC_419AB3,1,10,team1,Team 1 (N/S),89,31,11,♦,finished,2026-05-18T16:34:54.375908+00:00
6091,INPROC_190C6D,1,10,team1,Team 1 (N/S),104,16,17,♦,finished,2026-05-18T16:34:54.391152+00:00
6092,INPROC_6A4977,1,10,team1,Team 1 (N/S),68,52,15,♦,finished,2026-05-18T16:34:54.404543+00:00
6093,INPROC_3BDA7F,1,10,team2,Team 2 (E/W),52,68,30,♠,finished,2026-05-18T16:34:54.420951+00:00
6094,INPROC_F5B16D,1,10,team1,Team 1 (N/S),98,22,2,♣,finished,2026-05-18T16:34:54.435580+00:00
6095,INPROC_D2BFEA,1,10,team2,Team 2 (E/W),55,65,17,♦,finished,2026-05-18T16:34:54.450775+00:00
6096,INPROC_50006F,1,10,team1,Team 1 (N/S),96,24,17,♦,finished,2026-05-18T16:34:54.465483+00:00
6097,INPROC_DE2E91,1,10,team2,Team 2 (E/W),58,62,26,♥,finished,2026-05-18T16:34:54.478695+00:00
6098,INPROC_FCA8D5,1,10,team2,Team 2 (E/W),51,69,21,♥,finished,2026-05-18T16:34:54.492247+00:00
6099,INPROC_4E3409,1,10,team2,Team 2 (E/W),46,74,38,♠,finished,2026-05-18T16:34:54.507363+00:00
6100,INPROC_7EF1B4,1,10,team1,Team 1 (N/S),65,55,9,♣,finished,2026-05-18T16:34:54.521518+00:00
6101,INPROC_3E87D6,1,10,team2,Team 2 (E/W),53,67,31,♠,finished,2026-05-18T16:34:54.539030+00:00
6102,INPROC_26BE1C,1,10,team2,Team 2 (E/W),57,63,11,♦,finished,2026-05-18T16:34:54.553928+00:00
6103,INPROC_C362B1,1,10,team1,Team 1 (N/S),87,33,32,♠,finished,2026-05-18T16:34:54.570007+00:00
6104,INPROC_13360B,1,10,team2,Team 2 (E/W),50,70,30,♠,finished,2026-05-18T16:34:54.585388+00:00
6105,INPROC_331FC2,1,10,team1,Team 1 (N/S),88,32,13,♦,finished,2026-05-18T16:34:54.601135+00:00
6106,INPROC_234C61,1,10,team2,Team 2 (E/W),37,83,7,♣,finished,2026-05-18T16:34:54.616602+00:00
6107,INPROC_42F00B,1,10,team1,Team 1 (N/S),107,13,21,♥,finished,2026-05-18T16:34:54.631704+00:00
6108,INPROC_3E453E,1,10,team2,Team 2 (E/W),55,65,27,♥,finished,2026-05-18T16:34:54.642003+00:00
6109,INPROC_C88E9C,1,10,team1,Team 1 (N/S),101,19,20,♥,finished,2026-05-18T16:34:54.655286+00:00
6110,INPROC_592E05,1,10,team2,Team 2 (E/W),55,65,1,♣,finished,2026-05-18T16:34:54.668203+00:00
6111,INPROC_B4694F,1,10,team2,Team 2 (E/W),54,66,18,♦,finished,2026-05-18T16:34:54.682221+00:00
6112,INPROC_38787A,1,10,team1,Team 1 (N/S),80,40,11,♦,finished,2026-05-18T16:34:54.696406+00:00
6113,INPROC_970048,1,10,team2,Team 2 (E/W),44,76,0,♣,finished,2026-05-18T16:34:54.712526+00:00
6114,INPROC_451185,1,10,team1,Team 1 (N/S),74,46,26,♥,finished,2026-05-18T16:34:54.728724+00:00
6115,INPROC_0F2FFC,1,10,team1,Team 1 (N/S),91,29,4,♣,finished,2026-05-18T16:34:54.740925+00:00
6116,INPROC_B34097,1,10,team1,Team 1 (N/S),62,58,35,♠,finished,2026-05-18T16:34:54.753091+00:00
6117,INPROC_4AE94F,1,10,team2,Team 2 (E/W),59,61,19,♦,finished,2026-05-18T16:34:54.764819+00:00
6118,INPROC_28A529,1,10,team1,Team 1 (N/S),61,59,17,♦,finished,2026-05-18T16:34:54.773599+00:00
6119,INPROC_226BD9,1,10,team1,Team 1 (N/S),74,46,26,♥,finished,2026-05-18T16:34:54.788213+00:00
6120,INPROC_FEB4A7,1,10,team2,Team 2 (E/W),50,70,4,♣,finished,2026-05-18T16:34:54.800725+00:00
6121,INPROC_4F7D12,1,10,team1,Team 1 (N/S),93,27,32,♠,finished,2026-05-18T16:34:54.812850+00:00
6122,INPROC_8D3E5E,1,10,team1,Team 1 (N/S),88,32,13,♦,finished,2026-05-18T16:34:54.821327+00:00
6123,INPROC_1F88E6,1,10,team2,Team 2 (E/W),48,72,30,♠,finished,2026-05-18T16:34:54.840395+00:00
6124,INPROC_0FCBAE,1,10,team1,Team 1 (N/S),83,37,38,♠,finished,2026-05-18T16:34:54.854976+00:00
6125,INPROC_BCE27C,1,10,team1,Team 1 (N/S),94,26,14,♦,finished,2026-05-18T16:34:54.869211+00:00
6126,INPROC_7756F0,1,10,team2,Team 2 (E/W),30,90,30,♠,finished,2026-05-18T16:34:54.883468+00:00
6127,INPROC_B360F9,1,10,team1,Team 1 (N/S),67,53,30,♠,finished,2026-05-18T16:34:54.895849+00:00
6128,INPROC_B5BAA5,1,10,team1,Team 1 (N/S),65,55,11,♦,finished,2026-05-18T16:34:54.908950+00:00
6129,INPROC_A9FC2D,1,10,team1,Team 1 (N/S),69,51,38,♠,finished,2026-05-18T16:34:54.922998+00:00
6130,INPROC_723B8B,1,10,team1,Team 1 (N/S),79,41,31,♠,finished,2026-05-18T16:34:54.937339+00:00
6131,INPROC_9BC185,1,10,team1,Team 1 (N/S),65,55,28,♥,finished,2026-05-18T16:34:54.954090+00:00
6132,INPROC_337EBC,1,10,team1,Team 1 (N/S),83,37,0,♣,finished,2026-05-18T16:34:54.962988+00:00
6133,INPROC_E0ADF5,1,10,team1,Team 1 (N/S),64,56,18,♦,finished,2026-05-18T16:34:54.974080+00:00
6134,INPROC_A63078,1,10,team1,Team 1 (N/S),62,58,7,♣,finished,2026-05-18T16:34:54.983140+00:00
6135,INPROC_A07EFC,1,10,team2,Team 2 (E/W),49,71,9,♣,finished,2026-05-18T16:34:55.001839+00:00
6136,INPROC_0AA3C6,1,10,team1,Team 1 (N/S),110,10,2,♣,finished,2026-05-18T16:34:55.018128+00:00
6137,INPROC_C40F8F,1,10,team1,Team 1 (N/S),78,42,14,♦,finished,2026-05-18T16:34:55.034228+00:00
6138,INPROC_D00D78,1,10,team1,Team 1 (N/S),91,29,3,♣,finished,2026-05-18T16:34:55.050012+00:00
6139,INPROC_8C431A,1,10,team1,Team 1 (N/S),97,23,3,♣,finished,2026-05-18T16:34:55.067021+00:00
6140,INPROC_DB75E7,1,10,team1,Team 1 (N/S),84,36,31,♠,finished,2026-05-18T16:34:55.084250+00:00
6141,INPROC_C70375,1,10,team1,Team 1 (N/S),65,55,36,♠,finished,2026-05-18T16:34:55.103017+00:00
6142,INPROC_91D3F9,1,10,team1,Team 1 (N/S),66,54,12,♦,finished,2026-05-18T16:34:55.118760+00:00
6143,INPROC_F93C7C,1,10,team1,Team 1 (N/S),70,50,0,♣,finished,2026-05-18T16:34:55.134195+00:00
6144,INPROC_1654CA,1,10,team1,Team 1 (N/S),77,43,13,♦,finished,2026-05-18T16:34:55.149302+00:00
6145,INPROC_D429CC,1,10,team1,Team 1 (N/S),76,44,16,♦,finished,2026-05-18T16:34:55.163873+00:00
6146,INPROC_3CF5DC,1,10,team1,Team 1 (N/S),116,4,2,♣,finished,2026-05-18T16:34:55.173784+00:00
6147,INPROC_501A88,1,10,team2,Team 2 (E/W),57,63,22,♥,finished,2026-05-18T16:34:55.183795+00:00
6148,INPROC_70A088,1,10,team2,Team 2 (E/W),51,69,32,♠,finished,2026-05-18T16:34:55.198039+00:00
6149,INPROC_01F853,1,10,team1,Team 1 (N/S),83,37,5,♣,finished,2026-05-18T16:34:55.214274+00:00
6150,INPROC_AF3B14,1,10,team1,Team 1 (N/S),75,45,38,♠,finished,2026-05-18T16:34:55.232183+00:00
6151,INPROC_78F9B1,1,10,team2,Team 2 (E/W),55,65,3,♣,finished,2026-05-18T16:34:55.250023+00:00
6152,INPROC_83BC58,1,10,team1,Team 1 (N/S),70,50,19,♦,finished,2026-05-18T16:34:55.266382+00:00
6153,INPROC_0DF23C,1,10,team2,Team 2 (E/W),45,75,15,♦,finished,2026-05-18T16:34:55.282491+00:00
6154,INPROC_AC69EC,1,10,team1,Team 1 (N/S),108,12,4,♣,finished,2026-05-18T16:34:55.295296+00:00
6155,INPROC_21C0F0,1,10,team2,Team 2 (E/W),36,84,36,♠,finished,2026-05-18T16:34:55.308311+00:00
6156,INPROC_38A6DC,1,10,team1,Team 1 (N/S),89,31,35,♠,finished,2026-05-18T16:34:55.324947+00:00
6157,INPROC_FED3C7,1,10,team2,Team 2 (E/W),33,87,2,♣,finished,2026-05-18T16:34:55.343297+00:00
6158,INPROC_7A96D5,1,10,team1,Team 1 (N/S),102,18,18,♦,finished,2026-05-18T16:34:55.358262+00:00
6159,INPROC_27FE95,1,10,draw,draw,60,60,36,♠,finished,2026-05-18T16:34:55.367000+00:00
6160,INPROC_413FF1,1,10,team1,Team 1 (N/S),63,57,33,♠,finished,2026-05-18T16:34:55.384712+00:00
6161,INPROC_9BE9D8,1,10,team2,Team 2 (E/W),47,73,12,♦,finished,2026-05-18T16:34:55.403722+00:00
6162,INPROC_A665E8,1,10,team2,Team 2 (E/W),50,70,8,♣,finished,2026-05-18T16:34:55.416728+00:00
6163,INPROC_B4641A,1,10,team1,Team 1 (N/S),77,43,11,♦,finished,2026-05-18T16:34:55.434236+00:00
6164,INPROC_3D1D89,1,10,team2,Team 2 (E/W),29,91,10,♦,finished,2026-05-18T16:34:55.446861+00:00
6165,INPROC_781600,1,10,team2,Team 2 (E/W),46,74,35,♠,finished,2026-05-18T16:34:55.460261+00:00
6166,INPROC_8BC326,1,10,team1,Team 1 (N/S),99,21,26,♥,finished,2026-05-18T16:34:55.472762+00:00
6167,INPROC_B8F818,1,10,team2,Team 2 (E/W),24,96,30,♠,finished,2026-05-18T16:34:55.486158+00:00
6168,INPROC_0F3DDD,1,10,team1,Team 1 (N/S),61,59,13,♦,finished,2026-05-18T16:34:55.499999+00:00
6169,INPROC_DBEA98,1,10,team2,Team 2 (E/W),45,75,9,♣,finished,2026-05-18T16:34:55.510978+00:00
6170,INPROC_71E0D3,1,10,team2,Team 2 (E/W),48,72,32,♠,finished,2026-05-18T16:34:55.522706+00:00
6171,INPROC_F522C5,1,10,team1,Team 1 (N/S),70,50,25,♥,finished,2026-05-18T16:34:55.535841+00:00
6172,INPROC_CAEC04,1,10,team2,Team 2 (E/W),34,86,32,♠,finished,2026-05-18T16:34:55.544677+00:00
6173,INPROC_BF4D98,1,10,team1,Team 1 (N/S),81,39,0,♣,finished,2026-05-18T16:34:55.560082+00:00
6174,INPROC_69BCBB,1,10,team1,Team 1 (N/S),75,45,18,♦,finished,2026-05-18T16:34:55.573424+00:00
6175,INPROC_EB1CE7,1,10,team2,Team 2 (E/W),53,67,23,♥,finished,2026-05-18T16:34:55.586821+00:00
6176,INPROC_5BD4F6,1,10,team1,Team 1 (N/S),94,26,22,♥,finished,2026-05-18T16:34:55.600276+00:00
6177,INPROC_7BA665,1,10,team1,Team 1 (N/S),73,47,20,♥,finished,2026-05-18T16:34:55.614781+00:00
6178,INPROC_0B8E6B,1,10,team1,Team 1 (N/S),106,14,0,♣,finished,2026-05-18T16:34:55.629095+00:00
6179,INPROC_F6E952,1,10,team2,Team 2 (E/W),47,73,19,♦,finished,2026-05-18T16:34:55.644556+00:00
6180,INPROC_8DBD6D,1,10,team2,Team 2 (E/W),46,74,12,♦,finished,2026-05-18T16:34:55.659703+00:00
6181,INPROC_838AAA,1,10,team1,Team 1 (N/S),113,7,32,♠,finished,2026-05-18T16:34:55.674639+00:00
6182,INPROC_5AD262,1,10,team1,Team 1 (N/S),90,30,15,♦,finished,2026-05-18T16:34:55.690902+00:00
6183,INPROC_E02A9D,1,10,team2,Team 2 (E/W),55,65,1,♣,finished,2026-05-18T16:34:55.705844+00:00
6184,INPROC_6CDA6F,1,10,team1,Team 1 (N/S),101,19,13,♦,finished,2026-05-18T16:34:55.721486+00:00
6185,INPROC_50F455,1,10,team1,Team 1 (N/S),87,33,32,♠,finished,2026-05-18T16:34:55.737822+00:00
6186,INPROC_ED3E3E,1,10,team1,Team 1 (N/S),65,55,9,♣,finished,2026-05-18T16:34:55.752642+00:00
6187,INPROC_EEC821,1,10,team1,Team 1 (N/S),69,51,15,♦,finished,2026-05-18T16:34:55.768327+00:00
6188,INPROC_FF0841,1,10,team1,Team 1 (N/S),72,48,28,♥,finished,2026-05-18T16:34:55.784478+00:00
6189,INPROC_F3C4A7,1,10,team1,Team 1 (N/S),70,50,24,♥,finished,2026-05-18T16:34:55.798085+00:00
6190,INPROC_78CCA0,1,10,team1,Team 1 (N/S),105,15,1,♣,finished,2026-05-18T16:34:55.811610+00:00
6191,INPROC_D3941F,1,10,team1,Team 1 (N/S),72,48,23,♥,finished,2026-05-18T16:34:55.826192+00:00
6192,INPROC_06D5EF,1,10,team1,Team 1 (N/S),104,16,35,♠,finished,2026-05-18T16:34:55.840804+00:00
6193,INPROC_DE854D,1,10,team1,Team 1 (N/S),91,29,8,♣,finished,2026-05-18T16:34:55.855602+00:00
6194,INPROC_14D964,1,10,team1,Team 1 (N/S),68,52,27,♥,finished,2026-05-18T16:34:55.871833+00:00
6195,INPROC_F28A35,1,10,team1,Team 1 (N/S),79,41,39,♠,finished,2026-05-18T16:34:55.887807+00:00
6196,INPROC_EB05CF,1,10,team1,Team 1 (N/S),70,50,14,♦,finished,2026-05-18T16:34:55.905567+00:00
6197,INPROC_42E17E,1,10,team2,Team 2 (E/W),26,94,1,♣,finished,2026-05-18T16:34:55.922660+00:00
6198,INPROC_EBA80F,1,10,team1,Team 1 (N/S),66,54,18,♦,finished,2026-05-18T16:34:55.937376+00:00
6199,INPROC_DB73D9,1,10,team1,Team 1 (N/S),83,37,35,♠,finished,2026-05-18T16:34:55.952085+00:00
6200,INPROC_600D8C,1,10,team1,Team 1 (N/S),64,56,6,♣,finished,2026-05-18T16:34:55.966977+00:00
6201,INPROC_8E8A82,1,10,team1,Team 1 (N/S),68,52,26,♥,finished,2026-05-18T16:34:55.982806+00:00
6202,INPROC_03733A,1,10,team1,Team 1 (N/S),97,23,32,♠,finished,2026-05-18T16:34:55.999470+00:00
6203,INPROC_7A803C,1,10,team1,Team 1 (N/S),106,14,23,♥,finished,2026-05-18T16:34:56.016679+00:00
6204,INPROC_2A9438,1,10,team2,Team 2 (E/W),58,62,37,♠,finished,2026-05-18T16:34:56.032488+00:00
6205,INPROC_796F7E,1,10,team2,Team 2 (E/W),52,68,3,♣,finished,2026-05-18T16:34:56.048249+00:00
6206,INPROC_26D46F,1,10,team2,Team 2 (E/W),51,69,27,♥,finished,2026-05-18T16:34:56.066265+00:00
6207,INPROC_F6927A,1,10,team2,Team 2 (E/W),55,65,39,♠,finished,2026-05-18T16:34:56.082967+00:00
6208,INPROC_0F5C12,1,10,team1,Team 1 (N/S),83,37,25,♥,finished,2026-05-18T16:34:56.098363+00:00
6209,INPROC_E0B6E1,1,10,team1,Team 1 (N/S),74,46,14,♦,finished,2026-05-18T16:34:56.112558+00:00
6210,INPROC_0FF145,1,10,team1,Team 1 (N/S),100,20,35,♠,finished,2026-05-18T16:34:56.129205+00:00
6211,INPROC_E6EDED,1,10,team1,Team 1 (N/S),72,48,14,♦,finished,2026-05-18T16:34:56.146299+00:00
6212,INPROC_9EE029,1,10,team1,Team 1 (N/S),89,31,21,♥,finished,2026-05-18T16:34:56.162434+00:00
6213,INPROC_6D7007,1,10,team1,Team 1 (N/S),94,26,16,♦,finished,2026-05-18T16:34:56.176912+00:00
6214,INPROC_66FD97,1,10,team1,Team 1 (N/S),116,4,30,♠,finished,2026-05-18T16:34:56.193956+00:00
6215,INPROC_455239,1,10,team1,Team 1 (N/S),94,26,23,♥,finished,2026-05-18T16:34:56.211818+00:00
6216,INPROC_C21815,1,10,team1,Team 1 (N/S),85,35,0,♣,finished,2026-05-18T16:34:56.229028+00:00
6217,INPROC_716F72,1,10,team1,Team 1 (N/S),71,49,20,♥,finished,2026-05-18T16:34:56.247550+00:00
6218,INPROC_C882FE,1,10,team1,Team 1 (N/S),91,29,34,♠,finished,2026-05-18T16:34:56.265590+00:00
6219,INPROC_18CC86,1,10,team1,Team 1 (N/S),62,58,32,♠,finished,2026-05-18T16:34:56.277564+00:00
6220,INPROC_C29A46,1,10,team1,Team 1 (N/S),106,14,33,♠,finished,2026-05-18T16:34:56.289181+00:00
6221,INPROC_8446AA,1,10,team2,Team 2 (E/W),11,109,4,♣,finished,2026-05-18T16:34:56.303001+00:00
6222,INPROC_841596,1,10,team1,Team 1 (N/S),74,46,17,♦,finished,2026-05-18T16:34:56.321513+00:00
6223,INPROC_E57B3D,1,10,team2,Team 2 (E/W),52,68,25,♥,finished,2026-05-18T16:34:56.340276+00:00
6224,INPROC_4A9D04,1,10,team2,Team 2 (E/W),31,89,16,♦,finished,2026-05-18T16:34:56.358814+00:00
6225,INPROC_19A78F,1,10,team2,Team 2 (E/W),39,81,17,♦,finished,2026-05-18T16:34:56.379798+00:00
6226,INPROC_FE98D3,1,10,team1,Team 1 (N/S),78,42,28,♥,finished,2026-05-18T16:34:56.398485+00:00
6227,INPROC_09F080,1,10,team1,Team 1 (N/S),63,57,12,♦,finished,2026-05-18T16:34:56.416697+00:00
6228,INPROC_5BE48A,1,10,team2,Team 2 (E/W),54,66,25,♥,finished,2026-05-18T16:34:56.426494+00:00
6229,INPROC_FD3257,1,10,team2,Team 2 (E/W),20,100,10,♦,finished,2026-05-18T16:34:56.439481+00:00
6230,INPROC_F0FC3C,1,10,team1,Team 1 (N/S),70,50,37,♠,finished,2026-05-18T16:34:56.453640+00:00
6231,INPROC_A6DFF4,1,10,team1,Team 1 (N/S),107,13,28,♥,finished,2026-05-18T16:34:56.468392+00:00
6232,INPROC_ADC9D8,1,10,team1,Team 1 (N/S),93,27,29,♥,finished,2026-05-18T16:34:56.482364+00:00
6233,INPROC_09F46E,1,10,team2,Team 2 (E/W),14,106,37,♠,finished,2026-05-18T16:34:56.497255+00:00
6234,INPROC_B78566,1,10,team1,Team 1 (N/S),85,35,20,♥,finished,2026-05-18T16:34:56.512439+00:00
6235,INPROC_2EE998,1,10,team1,Team 1 (N/S),97,23,17,♦,finished,2026-05-18T16:34:56.524775+00:00
6236,INPROC_712396,1,10,team1,Team 1 (N/S),76,44,17,♦,finished,2026-05-18T16:34:56.538142+00:00
6237,INPROC_E90A16,1,10,team1,Team 1 (N/S),66,54,30,♠,finished,2026-05-18T16:34:56.550430+00:00
6238,INPROC_162F74,1,10,team1,Team 1 (N/S),110,10,21,♥,finished,2026-05-18T16:34:56.564657+00:00
6239,INPROC_DE01D8,1,10,team2,Team 2 (E/W),47,73,17,♦,finished,2026-05-18T16:34:56.579169+00:00
6240,INPROC_3C8D03,1,10,draw,draw,60,60,24,♥,finished,2026-05-18T16:34:56.591498+00:00
6241,INPROC_7B6810,1,10,team1,Team 1 (N/S),65,55,25,♥,finished,2026-05-18T16:34:56.604944+00:00
6242,INPROC_CA18BC,1,10,team1,Team 1 (N/S),93,27,2,♣,finished,2026-05-18T16:34:56.619049+00:00
6243,INPROC_0F186E,1,10,team1,Team 1 (N/S),67,53,29,♥,finished,2026-05-18T16:34:56.630627+00:00
6244,INPROC_424A87,1,10,team2,Team 2 (E/W),46,74,37,♠,finished,2026-05-18T16:34:56.644170+00:00
6245,INPROC_403FC5,1,10,team1,Team 1 (N/S),81,39,4,♣,finished,2026-05-18T16:34:56.658044+00:00
6246,INPROC_17D100,1,10,team1,Team 1 (N/S),87,33,4,♣,finished,2026-05-18T16:34:56.674142+00:00
6247,INPROC_E71CFA,1,10,team1,Team 1 (N/S),61,59,12,♦,finished,2026-05-18T16:34:56.690894+00:00
6248,INPROC_0287B2,1,10,team2,Team 2 (E/W),57,63,25,♥,finished,2026-05-18T16:34:56.706201+00:00
6249,INPROC_073050,1,10,team1,Team 1 (N/S),64,56,36,♠,finished,2026-05-18T16:34:56.722016+00:00
6250,INPROC_2350A9,1,10,team1,Team 1 (N/S),68,52,35,♠,finished,2026-05-18T16:34:56.737835+00:00
6251,INPROC_205A8A,1,10,team2,Team 2 (E/W),42,78,1,♣,finished,2026-05-18T16:34:56.752900+00:00
6252,INPROC_75397A,1,10,team1,Team 1 (N/S),96,24,23,♥,finished,2026-05-18T16:34:56.769178+00:00
6253,INPROC_C04304,1,10,team1,Team 1 (N/S),101,19,23,♥,finished,2026-05-18T16:34:56.784317+00:00
6254,INPROC_DA3183,1,10,team1,Team 1 (N/S),90,30,36,♠,finished,2026-05-18T16:34:56.798283+00:00
6255,INPROC_09E8F9,1,10,team2,Team 2 (E/W),46,74,12,♦,finished,2026-05-18T16:34:56.811340+00:00
6256,INPROC_24EB6F,1,10,team2,Team 2 (E/W),57,63,5,♣,finished,2026-05-18T16:34:56.824690+00:00
6257,INPROC_E23961,1,10,team2,Team 2 (E/W),47,73,20,♥,finished,2026-05-18T16:34:56.837395+00:00
6258,INPROC_DBCA50,1,10,team1,Team 1 (N/S),71,49,30,♠,finished,2026-05-18T16:34:56.851004+00:00
6259,INPROC_46058A,1,10,team1,Team 1 (N/S),71,49,35,♠,finished,2026-05-18T16:34:56.866305+00:00
6260,INPROC_6110D1,1,10,team1,Team 1 (N/S),68,52,17,♦,finished,2026-05-18T16:34:56.882779+00:00
6261,INPROC_9CEDBB,1,10,team1,Team 1 (N/S),66,54,15,♦,finished,2026-05-18T16:34:56.900085+00:00
6262,INPROC_550985,1,10,team2,Team 2 (E/W),59,61,27,♥,finished,2026-05-18T16:34:56.914887+00:00
6263,INPROC_8B10D1,1,10,team1,Team 1 (N/S),73,47,17,♦,finished,2026-05-18T16:34:56.931398+00:00
6264,INPROC_E40D42,1,10,team2,Team 2 (E/W),46,74,38,♠,finished,2026-05-18T16:34:56.946251+00:00
6265,INPROC_E1E2CC,1,10,team2,Team 2 (E/W),58,62,36,♠,finished,2026-05-18T16:34:56.962220+00:00
6266,INPROC_5CFA45,1,10,team2,Team 2 (E/W),55,65,38,♠,finished,2026-05-18T16:34:56.978313+00:00
6267,INPROC_94404C,1,10,team1,Team 1 (N/S),78,42,0,♣,finished,2026-05-18T16:34:56.995297+00:00
6268,INPROC_D56CB1,1,10,team1,Team 1 (N/S),74,46,10,♦,finished,2026-05-18T16:34:57.010372+00:00
6269,INPROC_B60891,1,10,team2,Team 2 (E/W),55,65,13,♦,finished,2026-05-18T16:34:57.025920+00:00
6270,INPROC_AB0EAF,1,10,team1,Team 1 (N/S),70,50,7,♣,finished,2026-05-18T16:34:57.042565+00:00
6271,INPROC_E38A29,1,10,team2,Team 2 (E/W),53,67,10,♦,finished,2026-05-18T16:34:57.057219+00:00
6272,INPROC_B35649,1,10,team2,Team 2 (E/W),44,76,26,♥,finished,2026-05-18T16:34:57.068046+00:00
6273,INPROC_7923A6,1,10,team1,Team 1 (N/S),92,28,0,♣,finished,2026-05-18T16:34:57.086584+00:00
6274,INPROC_466AD2,1,10,team2,Team 2 (E/W),30,90,13,♦,finished,2026-05-18T16:34:57.105467+00:00
6275,INPROC_7134A0,1,10,team2,Team 2 (E/W),31,89,37,♠,finished,2026-05-18T16:34:57.115411+00:00
6276,INPROC_7ED6F4,1,10,team1,Team 1 (N/S),99,21,15,♦,finished,2026-05-18T16:34:57.125519+00:00
6277,INPROC_157937,1,10,team1,Team 1 (N/S),67,53,1,♣,finished,2026-05-18T16:34:57.140643+00:00
6278,INPROC_9582AF,1,10,team1,Team 1 (N/S),90,30,2,♣,finished,2026-05-18T16:34:57.155238+00:00
6279,INPROC_DB5EC2,1,10,team2,Team 2 (E/W),57,63,14,♦,finished,2026-05-18T16:34:57.164354+00:00
6280,INPROC_0384BF,1,10,team1,Team 1 (N/S),83,37,22,♥,finished,2026-05-18T16:34:57.182157+00:00
6281,INPROC_D9EC5F,1,10,team2,Team 2 (E/W),29,91,16,♦,finished,2026-05-18T16:34:57.199621+00:00
6282,INPROC_58F3FD,1,10,team2,Team 2 (E/W),51,69,9,♣,finished,2026-05-18T16:34:57.216283+00:00
6283,INPROC_7F33C8,1,10,team1,Team 1 (N/S),89,31,14,♦,finished,2026-05-18T16:34:57.233271+00:00
6284,INPROC_E7D7D0,1,10,team1,Team 1 (N/S),68,52,2,♣,finished,2026-05-18T16:34:57.252330+00:00
6285,INPROC_0FB311,1,10,team1,Team 1 (N/S),64,56,19,♦,finished,2026-05-18T16:34:57.271296+00:00
6286,INPROC_6A0446,1,10,team2,Team 2 (E/W),26,94,33,♠,finished,2026-05-18T16:34:57.287477+00:00
6287,INPROC_42E457,1,10,team1,Team 1 (N/S),88,32,14,♦,finished,2026-05-18T16:34:57.306181+00:00
6288,INPROC_1DC15A,1,10,team1,Team 1 (N/S),85,35,15,♦,finished,2026-05-18T16:34:57.323286+00:00
6289,INPROC_A49274,1,10,team2,Team 2 (E/W),45,75,11,♦,finished,2026-05-18T16:34:57.342849+00:00
6290,INPROC_EA6386,1,10,team1,Team 1 (N/S),106,14,20,♥,finished,2026-05-18T16:34:57.361091+00:00
6291,INPROC_DDA9E3,1,10,team2,Team 2 (E/W),48,72,26,♥,finished,2026-05-18T16:34:57.374079+00:00
6292,INPROC_3CFAC7,1,10,team1,Team 1 (N/S),87,33,14,♦,finished,2026-05-18T16:34:57.387924+00:00
6293,INPROC_28DB1A,1,10,team1,Team 1 (N/S),62,58,15,♦,finished,2026-05-18T16:34:57.400847+00:00
6294,INPROC_26CAB4,1,10,team1,Team 1 (N/S),104,16,10,♦,finished,2026-05-18T16:34:57.416198+00:00
6295,INPROC_FDCA1D,1,10,team2,Team 2 (E/W),20,100,9,♣,finished,2026-05-18T16:34:57.429674+00:00
6296,INPROC_2E4385,1,10,team1,Team 1 (N/S),76,44,23,♥,finished,2026-05-18T16:34:57.442360+00:00
6297,INPROC_4F808E,1,10,team1,Team 1 (N/S),85,35,31,♠,finished,2026-05-18T16:34:57.458199+00:00
6298,INPROC_2A45EC,1,10,team2,Team 2 (E/W),44,76,6,♣,finished,2026-05-18T16:34:57.472339+00:00
6299,INPROC_1794F0,1,10,team1,Team 1 (N/S),91,29,20,♥,finished,2026-05-18T16:34:57.487459+00:00
6300,INPROC_B84F3C,1,10,team1,Team 1 (N/S),67,53,21,♥,finished,2026-05-18T16:34:57.502310+00:00
6301,INPROC_808F3A,1,10,team1,Team 1 (N/S),68,52,14,♦,finished,2026-05-18T16:34:57.516031+00:00
6302,INPROC_82BB3C,1,10,team1,Team 1 (N/S),97,23,34,♠,finished,2026-05-18T16:34:57.527330+00:00
6303,INPROC_398FAD,1,10,team1,Team 1 (N/S),64,56,33,♠,finished,2026-05-18T16:34:57.542363+00:00
6304,INPROC_A61A33,1,10,team1,Team 1 (N/S),87,33,15,♦,finished,2026-05-18T16:34:57.558825+00:00
6305,INPROC_711461,1,10,team2,Team 2 (E/W),21,99,1,♣,finished,2026-05-18T16:34:57.573403+00:00
6306,INPROC_9F7F55,1,10,team1,Team 1 (N/S),92,28,15,♦,finished,2026-05-18T16:34:57.590570+00:00
6307,INPROC_503F24,1,10,team2,Team 2 (E/W),30,90,11,♦,finished,2026-05-18T16:34:57.607555+00:00
6308,INPROC_89EB35,1,10,team1,Team 1 (N/S),87,33,18,♦,finished,2026-05-18T16:34:57.622896+00:00
6309,INPROC_F72676,1,10,team2,Team 2 (E/W),58,62,4,♣,finished,2026-05-18T16:34:57.638979+00:00
6310,INPROC_BB436B,1,10,team1,Team 1 (N/S),75,45,29,♥,finished,2026-05-18T16:34:57.654349+00:00
6311,INPROC_9CD547,1,10,team1,Team 1 (N/S),76,44,0,♣,finished,2026-05-18T16:34:57.669972+00:00
6312,INPROC_792D96,1,10,team2,Team 2 (E/W),40,80,32,♠,finished,2026-05-18T16:34:57.685543+00:00
6313,INPROC_4A53CF,1,10,team1,Team 1 (N/S),73,47,37,♠,finished,2026-05-18T16:34:57.694696+00:00
6314,INPROC_968E72,1,10,team2,Team 2 (E/W),57,63,18,♦,finished,2026-05-18T16:34:57.705415+00:00
6315,INPROC_CAFDA5,1,10,team1,Team 1 (N/S),93,27,31,♠,finished,2026-05-18T16:34:57.713677+00:00
6316,INPROC_F435DC,1,10,team1,Team 1 (N/S),90,30,26,♥,finished,2026-05-18T16:34:57.731516+00:00
6317,INPROC_F01535,1,10,team1,Team 1 (N/S),106,14,5,♣,finished,2026-05-18T16:34:57.745405+00:00
6318,INPROC_B66BA7,1,10,team1,Team 1 (N/S),66,54,33,♠,finished,2026-05-18T16:34:57.759545+00:00
6319,INPROC_AF3897,1,10,team1,Team 1 (N/S),62,58,32,♠,finished,2026-05-18T16:34:57.770985+00:00
6320,INPROC_BD5214,1,10,team1,Team 1 (N/S),71,49,33,♠,finished,2026-05-18T16:34:57.785647+00:00
6321,INPROC_08206E,1,10,team1,Team 1 (N/S),78,42,19,♦,finished,2026-05-18T16:34:57.801721+00:00
6322,INPROC_1684D0,1,10,team1,Team 1 (N/S),83,37,14,♦,finished,2026-05-18T16:34:57.816966+00:00
6323,INPROC_6A18B1,1,10,team2,Team 2 (E/W),39,81,2,♣,finished,2026-05-18T16:34:57.831093+00:00
6324,INPROC_7432B7,1,10,team2,Team 2 (E/W),46,74,28,♥,finished,2026-05-18T16:34:57.848316+00:00
6325,INPROC_EB36D2,1,10,team2,Team 2 (E/W),59,61,16,♦,finished,2026-05-18T16:34:57.863306+00:00
6326,INPROC_6EC3C1,1,10,team1,Team 1 (N/S),99,21,18,♦,finished,2026-05-18T16:34:57.882497+00:00
6327,INPROC_75A005,1,10,team1,Team 1 (N/S),72,48,20,♥,finished,2026-05-18T16:34:57.900813+00:00
6328,INPROC_5A8A70,1,10,team2,Team 2 (E/W),15,105,14,♦,finished,2026-05-18T16:34:57.917576+00:00
6329,INPROC_B255EF,1,10,team1,Team 1 (N/S),82,38,33,♠,finished,2026-05-18T16:34:57.935101+00:00
6330,INPROC_AD92CB,1,10,team2,Team 2 (E/W),53,67,36,♠,finished,2026-05-18T16:34:57.952147+00:00
6331,INPROC_8CCAD8,1,10,team1,Team 1 (N/S),76,44,14,♦,finished,2026-05-18T16:34:57.964690+00:00
6332,INPROC_2AF4F0,1,10,team1,Team 1 (N/S),67,53,1,♣,finished,2026-05-18T16:34:57.977524+00:00
6333,INPROC_21482F,1,10,team2,Team 2 (E/W),53,67,38,♠,finished,2026-05-18T16:34:57.992377+00:00
6334,INPROC_FF1B1A,1,10,team1,Team 1 (N/S),80,40,4,♣,finished,2026-05-18T16:34:58.007060+00:00
6335,INPROC_34B15D,1,10,team1,Team 1 (N/S),115,5,28,♥,finished,2026-05-18T16:34:58.022770+00:00
6336,INPROC_BFD569,1,10,team2,Team 2 (E/W),45,75,14,♦,finished,2026-05-18T16:34:58.035522+00:00
6337,INPROC_14116D,1,10,team1,Team 1 (N/S),88,32,27,♥,finished,2026-05-18T16:34:58.052471+00:00
6338,INPROC_D1BD1F,1,10,team1,Team 1 (N/S),73,47,20,♥,finished,2026-05-18T16:34:58.069376+00:00
6339,INPROC_3820AE,1,10,team1,Team 1 (N/S),85,35,36,♠,finished,2026-05-18T16:34:58.082727+00:00
6340,INPROC_0D7E9D,1,10,team1,Team 1 (N/S),87,33,19,♦,finished,2026-05-18T16:34:58.096842+00:00
6341,INPROC_D56948,1,10,team1,Team 1 (N/S),100,20,37,♠,finished,2026-05-18T16:34:58.108923+00:00
6342,INPROC_612107,1,10,team2,Team 2 (E/W),54,66,32,♠,finished,2026-05-18T16:34:58.118230+00:00
6343,INPROC_61CD40,1,10,team2,Team 2 (E/W),54,66,11,♦,finished,2026-05-18T16:34:58.131558+00:00
6344,INPROC_AD999B,1,10,team1,Team 1 (N/S),67,53,12,♦,finished,2026-05-18T16:34:58.148780+00:00
6345,INPROC_CD1318,1,10,team1,Team 1 (N/S),105,15,32,♠,finished,2026-05-18T16:34:58.162822+00:00
6346,INPROC_E415E4,1,10,team1,Team 1 (N/S),89,31,31,♠,finished,2026-05-18T16:34:58.175144+00:00
6347,INPROC_ECA896,1,10,team1,Team 1 (N/S),79,41,7,♣,finished,2026-05-18T16:34:58.189402+00:00
6348,INPROC_20C28B,1,10,team1,Team 1 (N/S),92,28,18,♦,finished,2026-05-18T16:34:58.203745+00:00
6349,INPROC_E88C3D,1,10,team1,Team 1 (N/S),63,57,18,♦,finished,2026-05-18T16:34:58.219115+00:00
6350,INPROC_895AEA,1,10,team1,Team 1 (N/S),84,36,20,♥,finished,2026-05-18T16:34:58.235687+00:00
6351,INPROC_6FC409,1,10,team1,Team 1 (N/S),115,5,36,♠,finished,2026-05-18T16:34:58.254921+00:00
6352,INPROC_593CCD,1,10,team1,Team 1 (N/S),82,38,35,♠,finished,2026-05-18T16:34:58.272159+00:00
6353,INPROC_44AD99,1,10,team2,Team 2 (E/W),53,67,34,♠,finished,2026-05-18T16:34:58.289285+00:00
6354,INPROC_40A9CD,1,10,team1,Team 1 (N/S),77,43,34,♠,finished,2026-05-18T16:34:58.300860+00:00
6355,INPROC_550340,1,10,team2,Team 2 (E/W),43,77,13,♦,finished,2026-05-18T16:34:58.309218+00:00
6356,INPROC_046DB9,1,10,team1,Team 1 (N/S),69,51,2,♣,finished,2026-05-18T16:34:58.318339+00:00
6357,INPROC_178262,1,10,team2,Team 2 (E/W),32,88,4,♣,finished,2026-05-18T16:34:58.327785+00:00
6358,INPROC_4F880B,1,10,team1,Team 1 (N/S),86,34,15,♦,finished,2026-05-18T16:34:58.336420+00:00
6359,INPROC_55B12B,1,10,team1,Team 1 (N/S),88,32,25,♥,finished,2026-05-18T16:34:58.346772+00:00
6360,INPROC_E5E62C,1,10,team1,Team 1 (N/S),83,37,12,♦,finished,2026-05-18T16:34:58.361003+00:00
6361,INPROC_7C3854,1,10,team2,Team 2 (E/W),42,78,17,♦,finished,2026-05-18T16:34:58.378311+00:00
6362,INPROC_FDEBB4,1,10,team1,Team 1 (N/S),73,47,20,♥,finished,2026-05-18T16:34:58.393745+00:00
6363,INPROC_B0CA3B,1,10,team2,Team 2 (E/W),15,105,36,♠,finished,2026-05-18T16:34:58.409425+00:00
6364,INPROC_785215,1,10,team1,Team 1 (N/S),104,16,1,♣,finished,2026-05-18T16:34:58.423100+00:00
6365,INPROC_DDBDF8,1,10,team1,Team 1 (N/S),120,0,34,♠,finished,2026-05-18T16:34:58.432216+00:00
6366,INPROC_64CA6F,1,10,team2,Team 2 (E/W),29,91,30,♠,finished,2026-05-18T16:34:58.450942+00:00
6367,INPROC_26287E,1,10,team1,Team 1 (N/S),87,33,17,♦,finished,2026-05-18T16:34:58.464961+00:00
6368,INPROC_DB906E,1,10,team1,Team 1 (N/S),71,49,11,♦,finished,2026-05-18T16:34:58.479448+00:00
6369,INPROC_0DBB27,1,10,team1,Team 1 (N/S),84,36,33,♠,finished,2026-05-18T16:34:58.493983+00:00
6370,INPROC_1BC24C,1,10,team2,Team 2 (E/W),39,81,1,♣,finished,2026-05-18T16:34:58.510156+00:00
6371,INPROC_1F7721,1,10,team1,Team 1 (N/S),88,32,24,♥,finished,2026-05-18T16:34:58.525486+00:00
6372,INPROC_5CA3B2,1,10,team1,Team 1 (N/S),114,6,23,♥,finished,2026-05-18T16:34:58.541842+00:00
6373,INPROC_F0D331,1,10,team1,Team 1 (N/S),61,59,28,♥,finished,2026-05-18T16:34:58.559168+00:00
6374,INPROC_9A32AD,1,10,team1,Team 1 (N/S),77,43,17,♦,finished,2026-05-18T16:34:58.575984+00:00
6375,INPROC_1E4463,1,10,team2,Team 2 (E/W),53,67,27,♥,finished,2026-05-18T16:34:58.592582+00:00
6376,INPROC_ED9DAF,1,10,team1,Team 1 (N/S),73,47,9,♣,finished,2026-05-18T16:34:58.609405+00:00
6377,INPROC_6F71F8,1,10,team2,Team 2 (E/W),47,73,14,♦,finished,2026-05-18T16:34:58.627053+00:00
6378,INPROC_7E5EE2,1,10,team1,Team 1 (N/S),87,33,7,♣,finished,2026-05-18T16:34:58.639637+00:00
6379,INPROC_864741,1,10,team1,Team 1 (N/S),77,43,10,♦,finished,2026-05-18T16:34:58.653593+00:00
6380,INPROC_12C2E0,1,10,team2,Team 2 (E/W),56,64,6,♣,finished,2026-05-18T16:34:58.667848+00:00
6381,INPROC_F4D655,1,10,team2,Team 2 (E/W),56,64,22,♥,finished,2026-05-18T16:34:58.680745+00:00
6382,INPROC_0B2563,1,10,team1,Team 1 (N/S),64,56,26,♥,finished,2026-05-18T16:34:58.694418+00:00
6383,INPROC_1E93FC,1,10,team1,Team 1 (N/S),79,41,26,♥,finished,2026-05-18T16:34:58.711069+00:00
6384,INPROC_949686,1,10,team2,Team 2 (E/W),46,74,27,♥,finished,2026-05-18T16:34:58.724446+00:00
6385,INPROC_6A38E2,1,10,team2,Team 2 (E/W),43,77,19,♦,finished,2026-05-18T16:34:58.736362+00:00
6386,INPROC_87D54E,1,10,team2,Team 2 (E/W),2,118,14,♦,finished,2026-05-18T16:34:58.744977+00:00
6387,INPROC_B4D144,1,10,team2,Team 2 (E/W),54,66,22,♥,finished,2026-05-18T16:34:58.762848+00:00
6388,INPROC_65E8DF,1,10,team2,Team 2 (E/W),55,65,27,♥,finished,2026-05-18T16:34:58.780382+00:00
6389,INPROC_87E95B,1,10,team1,Team 1 (N/S),65,55,11,♦,finished,2026-05-18T16:34:58.797547+00:00
6390,INPROC_1B09CA,1,10,team1,Team 1 (N/S),65,55,29,♥,finished,2026-05-18T16:34:58.813314+00:00
6391,INPROC_E106F1,1,10,team1,Team 1 (N/S),69,51,18,♦,finished,2026-05-18T16:34:58.828196+00:00
6392,INPROC_8196E0,1,10,team2,Team 2 (E/W),53,67,30,♠,finished,2026-05-18T16:34:58.843980+00:00
6393,INPROC_044420,1,10,team1,Team 1 (N/S),118,2,32,♠,finished,2026-05-18T16:34:58.858815+00:00
6394,INPROC_CB92D3,1,10,team1,Team 1 (N/S),81,39,16,♦,finished,2026-05-18T16:34:58.874233+00:00
6395,INPROC_4F7A05,1,10,team2,Team 2 (E/W),43,77,10,♦,finished,2026-05-18T16:34:58.890852+00:00
6396,INPROC_9E792B,1,10,draw,draw,60,60,9,♣,finished,2026-05-18T16:34:58.907609+00:00
6397,INPROC_51D917,1,10,team1,Team 1 (N/S),68,52,35,♠,finished,2026-05-18T16:34:58.922143+00:00
6398,INPROC_48F3C7,1,10,team1,Team 1 (N/S),91,29,37,♠,finished,2026-05-18T16:34:58.936876+00:00
6399,INPROC_8B8C02,1,10,team2,Team 2 (E/W),59,61,5,♣,finished,2026-05-18T16:34:58.945487+00:00
6400,INPROC_A4692E,1,10,team2,Team 2 (E/W),21,99,21,♥,finished,2026-05-18T16:34:58.954798+00:00
6401,INPROC_FB457C,1,10,team2,Team 2 (E/W),50,70,38,♠,finished,2026-05-18T16:34:58.963221+00:00
6402,INPROC_D1E2C7,1,10,team1,Team 1 (N/S),109,11,34,♠,finished,2026-05-18T16:34:58.976087+00:00
6403,INPROC_E24A1F,1,10,team2,Team 2 (E/W),50,70,9,♣,finished,2026-05-18T16:34:58.985852+00:00
6404,INPROC_76761D,1,10,team2,Team 2 (E/W),47,73,16,♦,finished,2026-05-18T16:34:58.996148+00:00
6405,INPROC_DF55CF,1,10,team1,Team 1 (N/S),93,27,18,♦,finished,2026-05-18T16:34:59.010228+00:00
6406,INPROC_A52519,1,10,team1,Team 1 (N/S),79,41,32,♠,finished,2026-05-18T16:34:59.025631+00:00
6407,INPROC_1DF863,1,10,team2,Team 2 (E/W),58,62,20,♥,finished,2026-05-18T16:34:59.040700+00:00
6408,INPROC_0F494D,1,10,draw,draw,60,60,26,♥,finished,2026-05-18T16:34:59.054525+00:00
6409,INPROC_801B14,1,10,team2,Team 2 (E/W),40,80,26,♥,finished,2026-05-18T16:34:59.070572+00:00
6410,INPROC_08FE8E,1,10,team1,Team 1 (N/S),95,25,11,♦,finished,2026-05-18T16:34:59.086040+00:00
6411,INPROC_DA97D6,1,10,team1,Team 1 (N/S),97,23,37,♠,finished,2026-05-18T16:34:59.100655+00:00
6412,INPROC_2F89D6,1,10,team1,Team 1 (N/S),64,56,16,♦,finished,2026-05-18T16:34:59.120375+00:00
6413,INPROC_BA831B,1,10,team2,Team 2 (E/W),43,77,8,♣,finished,2026-05-18T16:34:59.137649+00:00
6414,INPROC_DFF30D,1,10,team1,Team 1 (N/S),78,42,37,♠,finished,2026-05-18T16:34:59.153157+00:00
6415,INPROC_E42B0A,1,10,team2,Team 2 (E/W),54,66,33,♠,finished,2026-05-18T16:34:59.168077+00:00
6416,INPROC_B99AD9,1,10,team1,Team 1 (N/S),117,3,31,♠,finished,2026-05-18T16:34:59.185235+00:00
6417,INPROC_E632E4,1,10,team1,Team 1 (N/S),117,3,7,♣,finished,2026-05-18T16:34:59.201017+00:00
6418,INPROC_F3F048,1,10,team1,Team 1 (N/S),76,44,19,♦,finished,2026-05-18T16:34:59.217659+00:00
6419,INPROC_5CEDA3,1,10,team1,Team 1 (N/S),62,58,30,♠,finished,2026-05-18T16:34:59.232603+00:00
6420,INPROC_8CC842,1,10,team2,Team 2 (E/W),20,100,36,♠,finished,2026-05-18T16:34:59.248899+00:00
6421,INPROC_4FF1BA,1,10,team1,Team 1 (N/S),110,10,12,♦,finished,2026-05-18T16:34:59.264986+00:00
6422,INPROC_A6D168,1,10,team1,Team 1 (N/S),86,34,12,♦,finished,2026-05-18T16:34:59.280298+00:00
6423,INPROC_5AD9D5,1,10,team2,Team 2 (E/W),33,87,5,♣,finished,2026-05-18T16:34:59.295213+00:00
6424,INPROC_ECA770,1,10,team1,Team 1 (N/S),65,55,36,♠,finished,2026-05-18T16:34:59.312936+00:00
6425,INPROC_AF4989,1,10,team1,Team 1 (N/S),83,37,32,♠,finished,2026-05-18T16:34:59.326881+00:00
6426,INPROC_7CCA6A,1,10,team1,Team 1 (N/S),71,49,35,♠,finished,2026-05-18T16:34:59.342838+00:00
6427,INPROC_BB7A7A,1,10,team1,Team 1 (N/S),69,51,26,♥,finished,2026-05-18T16:34:59.351177+00:00
6428,INPROC_1BAFBF,1,10,team2,Team 2 (E/W),56,64,21,♥,finished,2026-05-18T16:34:59.362294+00:00
6429,INPROC_80FE94,1,10,team1,Team 1 (N/S),74,46,8,♣,finished,2026-05-18T16:34:59.374809+00:00
6430,INPROC_F6F8CE,1,10,team2,Team 2 (E/W),35,85,8,♣,finished,2026-05-18T16:34:59.391075+00:00
6431,INPROC_C541EB,1,10,team1,Team 1 (N/S),99,21,16,♦,finished,2026-05-18T16:34:59.406827+00:00
6432,INPROC_2D3C4F,1,10,team1,Team 1 (N/S),78,42,10,♦,finished,2026-05-18T16:34:59.416222+00:00
6433,INPROC_E5356D,1,10,team2,Team 2 (E/W),59,61,36,♠,finished,2026-05-18T16:34:59.428319+00:00
6434,INPROC_B15BDB,1,10,team2,Team 2 (E/W),48,72,23,♥,finished,2026-05-18T16:34:59.444176+00:00
6435,INPROC_D34810,1,10,team1,Team 1 (N/S),71,49,24,♥,finished,2026-05-18T16:34:59.459392+00:00
6436,INPROC_999FD4,1,10,team2,Team 2 (E/W),44,76,29,♥,finished,2026-05-18T16:34:59.474252+00:00
6437,INPROC_13F177,1,10,team2,Team 2 (E/W),48,72,18,♦,finished,2026-05-18T16:34:59.490062+00:00
6438,INPROC_A00BF0,1,10,team1,Team 1 (N/S),70,50,19,♦,finished,2026-05-18T16:34:59.506021+00:00
6439,INPROC_A026C7,1,10,team1,Team 1 (N/S),80,40,8,♣,finished,2026-05-18T16:34:59.522323+00:00
6440,INPROC_99B36A,1,10,team2,Team 2 (E/W),44,76,19,♦,finished,2026-05-18T16:34:59.537689+00:00
6441,INPROC_E410A9,1,10,team1,Team 1 (N/S),64,56,31,♠,finished,2026-05-18T16:34:59.552829+00:00
6442,INPROC_19BAC7,1,10,team1,Team 1 (N/S),61,59,39,♠,finished,2026-05-18T16:34:59.567914+00:00
6443,INPROC_7FBAA6,1,10,team1,Team 1 (N/S),92,28,1,♣,finished,2026-05-18T16:34:59.583089+00:00
6444,INPROC_564576,1,10,team2,Team 2 (E/W),56,64,14,♦,finished,2026-05-18T16:34:59.599056+00:00
6445,INPROC_890485,1,10,team2,Team 2 (E/W),33,87,18,♦,finished,2026-05-18T16:34:59.615210+00:00
6446,INPROC_0E8AAD,1,10,team2,Team 2 (E/W),32,88,29,♥,finished,2026-05-18T16:34:59.631944+00:00
6447,INPROC_8514EF,1,10,team1,Team 1 (N/S),88,32,9,♣,finished,2026-05-18T16:34:59.641009+00:00
6448,INPROC_0CF95C,1,10,team1,Team 1 (N/S),86,34,20,♥,finished,2026-05-18T16:34:59.652044+00:00
6449,INPROC_DE0DE6,1,10,team1,Team 1 (N/S),62,58,14,♦,finished,2026-05-18T16:34:59.660441+00:00
6450,INPROC_0A979F,1,10,team1,Team 1 (N/S),87,33,25,♥,finished,2026-05-18T16:34:59.674152+00:00
6451,INPROC_2BB9BE,1,10,team1,Team 1 (N/S),81,39,26,♥,finished,2026-05-18T16:34:59.686858+00:00
6452,INPROC_92E738,1,10,team1,Team 1 (N/S),64,56,23,♥,finished,2026-05-18T16:34:59.703981+00:00
6453,INPROC_A32406,1,10,team1,Team 1 (N/S),88,32,34,♠,finished,2026-05-18T16:34:59.717989+00:00
6454,INPROC_7ADC9E,1,10,team1,Team 1 (N/S),87,33,5,♣,finished,2026-05-18T16:34:59.731319+00:00
6455,INPROC_B4F979,1,10,team1,Team 1 (N/S),95,25,30,♠,finished,2026-05-18T16:34:59.745981+00:00
6456,INPROC_761CCF,1,10,team1,Team 1 (N/S),118,2,11,♦,finished,2026-05-18T16:34:59.760997+00:00
6457,INPROC_DA66BB,1,10,team2,Team 2 (E/W),31,89,18,♦,finished,2026-05-18T16:34:59.778265+00:00
6458,INPROC_8B56CC,1,10,team2,Team 2 (E/W),17,103,23,♥,finished,2026-05-18T16:34:59.793432+00:00
6459,INPROC_AC5695,1,10,team2,Team 2 (E/W),19,101,10,♦,finished,2026-05-18T16:34:59.807943+00:00
6460,INPROC_5B167E,1,10,team1,Team 1 (N/S),104,16,6,♣,finished,2026-05-18T16:34:59.821810+00:00
6461,INPROC_00CD7E,1,10,team1,Team 1 (N/S),63,57,28,♥,finished,2026-05-18T16:34:59.838039+00:00
6462,INPROC_2C9181,1,10,team1,Team 1 (N/S),73,47,10,♦,finished,2026-05-18T16:34:59.853722+00:00
6463,INPROC_4DBE7B,1,10,team2,Team 2 (E/W),30,90,28,♥,finished,2026-05-18T16:34:59.869659+00:00
6464,INPROC_4A936D,1,10,team1,Team 1 (N/S),114,6,32,♠,finished,2026-05-18T16:34:59.885230+00:00
6465,INPROC_E6EEB9,1,10,team1,Team 1 (N/S),75,45,21,♥,finished,2026-05-18T16:34:59.899711+00:00
6466,INPROC_C25ABF,1,10,team1,Team 1 (N/S),73,47,29,♥,finished,2026-05-18T16:34:59.914909+00:00
6467,INPROC_8172B2,1,10,team1,Team 1 (N/S),64,56,4,♣,finished,2026-05-18T16:34:59.926783+00:00
6468,INPROC_F2D8AF,1,10,team1,Team 1 (N/S),106,14,27,♥,finished,2026-05-18T16:34:59.942313+00:00
6469,INPROC_7AF674,1,10,team2,Team 2 (E/W),42,78,23,♥,finished,2026-05-18T16:34:59.955591+00:00
6470,INPROC_8B73D1,1,10,team1,Team 1 (N/S),104,16,4,♣,finished,2026-05-18T16:34:59.971511+00:00
6471,INPROC_829942,1,10,team1,Team 1 (N/S),83,37,8,♣,finished,2026-05-18T16:34:59.987201+00:00
6472,INPROC_38C82A,1,10,team2,Team 2 (E/W),22,98,29,♥,finished,2026-05-18T16:35:00.001233+00:00
6473,INPROC_F46BB3,1,10,team1,Team 1 (N/S),91,29,13,♦,finished,2026-05-18T16:35:00.014020+00:00
6474,INPROC_6F2D9A,1,10,team1,Team 1 (N/S),96,24,37,♠,finished,2026-05-18T16:35:00.028399+00:00
6475,INPROC_B861D9,1,10,team1,Team 1 (N/S),89,31,36,♠,finished,2026-05-18T16:35:00.043585+00:00
6476,INPROC_03739C,1,10,team1,Team 1 (N/S),86,34,28,♥,finished,2026-05-18T16:35:00.057957+00:00
6477,INPROC_EC400D,1,10,team2,Team 2 (E/W),45,75,6,♣,finished,2026-05-18T16:35:00.070152+00:00
6478,INPROC_47ADA1,1,10,team1,Team 1 (N/S),70,50,32,♠,finished,2026-05-18T16:35:00.079128+00:00
6479,INPROC_4FDB80,1,10,team1,Team 1 (N/S),83,37,5,♣,finished,2026-05-18T16:35:00.088765+00:00
6480,INPROC_6A81C8,1,10,team1,Team 1 (N/S),70,50,12,♦,finished,2026-05-18T16:35:00.097594+00:00
6481,INPROC_BBD06C,1,10,team1,Team 1 (N/S),64,56,8,♣,finished,2026-05-18T16:35:00.106764+00:00
6482,INPROC_E86160,1,10,team1,Team 1 (N/S),79,41,26,♥,finished,2026-05-18T16:35:00.116032+00:00
6483,INPROC_7348EF,1,10,team1,Team 1 (N/S),77,43,16,♦,finished,2026-05-18T16:35:00.124492+00:00
6484,INPROC_3280A4,1,10,team2,Team 2 (E/W),38,82,13,♦,finished,2026-05-18T16:35:00.136378+00:00
6485,INPROC_19444A,1,10,team2,Team 2 (E/W),29,91,31,♠,finished,2026-05-18T16:35:00.147874+00:00
6486,INPROC_5566E9,1,10,team1,Team 1 (N/S),68,52,3,♣,finished,2026-05-18T16:35:00.166710+00:00
6487,INPROC_F48F25,1,10,team1,Team 1 (N/S),73,47,24,♥,finished,2026-05-18T16:35:00.184777+00:00
6488,INPROC_9ACDAB,1,10,team1,Team 1 (N/S),81,39,0,♣,finished,2026-05-18T16:35:00.202253+00:00
6489,INPROC_F9F013,1,10,team1,Team 1 (N/S),97,23,23,♥,finished,2026-05-18T16:35:00.216200+00:00
6490,INPROC_9B0F2E,1,10,team1,Team 1 (N/S),114,6,21,♥,finished,2026-05-18T16:35:00.231484+00:00
6491,INPROC_3B4DB0,1,10,team1,Team 1 (N/S),75,45,0,♣,finished,2026-05-18T16:35:00.249474+00:00
6492,INPROC_2669E0,1,10,team2,Team 2 (E/W),55,65,26,♥,finished,2026-05-18T16:35:00.263951+00:00
6493,INPROC_38D70F,1,10,team1,Team 1 (N/S),86,34,31,♠,finished,2026-05-18T16:35:00.278018+00:00
6494,INPROC_0DC01C,1,10,team1,Team 1 (N/S),86,34,17,♦,finished,2026-05-18T16:35:00.296260+00:00
6495,INPROC_75F58E,1,10,team1,Team 1 (N/S),76,44,0,♣,finished,2026-05-18T16:35:00.310893+00:00
6496,INPROC_0E46B9,1,10,team1,Team 1 (N/S),71,49,19,♦,finished,2026-05-18T16:35:00.321302+00:00
6497,INPROC_6BFBD3,1,10,team1,Team 1 (N/S),65,55,3,♣,finished,2026-05-18T16:35:00.337511+00:00
6498,INPROC_B0F13B,1,10,team1,Team 1 (N/S),79,41,21,♥,finished,2026-05-18T16:35:00.354042+00:00
6499,INPROC_92EACB,1,10,team1,Team 1 (N/S),73,47,26,♥,finished,2026-05-18T16:35:00.371132+00:00
6500,INPROC_3E3BB5,1,10,team1,Team 1 (N/S),75,45,30,♠,finished,2026-05-18T16:35:00.386981+00:00
6501,INPROC_01C1B0,1,10,team1,Team 1 (N/S),80,40,25,♥,finished,2026-05-18T16:35:00.398460+00:00
6502,INPROC_21D361,1,10,team1,Team 1 (N/S),78,42,5,♣,finished,2026-05-18T16:35:00.419853+00:00
6503,INPROC_048A97,1,10,team2,Team 2 (E/W),38,82,25,♥,finished,2026-05-18T16:35:00.435444+00:00
6504,INPROC_F239E2,1,10,team1,Team 1 (N/S),90,30,20,♥,finished,2026-05-18T16:35:00.450093+00:00
6505,INPROC_2E8EFA,1,10,team1,Team 1 (N/S),82,38,16,♦,finished,2026-05-18T16:35:00.464331+00:00
6506,INPROC_167815,1,10,team1,Team 1 (N/S),70,50,35,♠,finished,2026-05-18T16:35:00.478876+00:00
6507,INPROC_5530E4,1,10,team2,Team 2 (E/W),18,102,13,♦,finished,2026-05-18T16:35:00.492893+00:00
6508,INPROC_63165C,1,10,team2,Team 2 (E/W),42,78,21,♥,finished,2026-05-18T16:35:00.505405+00:00
6509,INPROC_C5962B,1,10,team1,Team 1 (N/S),80,40,28,♥,finished,2026-05-18T16:35:00.519398+00:00
6510,INPROC_886A71,1,10,team1,Team 1 (N/S),64,56,10,♦,finished,2026-05-18T16:35:00.534595+00:00
6511,INPROC_F1E1CF,1,10,team1,Team 1 (N/S),66,54,35,♠,finished,2026-05-18T16:35:00.548442+00:00
6512,INPROC_37DDE9,1,10,team2,Team 2 (E/W),37,83,13,♦,finished,2026-05-18T16:35:00.561739+00:00
6513,INPROC_D9467A,1,10,team1,Team 1 (N/S),108,12,36,♠,finished,2026-05-18T16:35:00.574750+00:00
6514,INPROC_6A2918,1,10,team2,Team 2 (E/W),50,70,12,♦,finished,2026-05-18T16:35:00.588098+00:00
6515,INPROC_292B79,1,10,team1,Team 1 (N/S),72,48,20,♥,finished,2026-05-18T16:35:00.601996+00:00
6516,INPROC_425C13,1,10,team1,Team 1 (N/S),71,49,25,♥,finished,2026-05-18T16:35:00.614755+00:00
6517,INPROC_C96BF2,1,10,team2,Team 2 (E/W),54,66,3,♣,finished,2026-05-18T16:35:00.625856+00:00
6518,INPROC_E764E2,1,10,team1,Team 1 (N/S),97,23,23,♥,finished,2026-05-18T16:35:00.640214+00:00
6519,INPROC_EA15CD,1,10,team2,Team 2 (E/W),43,77,26,♥,finished,2026-05-18T16:35:00.651095+00:00
6520,INPROC_D232E7,1,10,team1,Team 1 (N/S),69,51,22,♥,finished,2026-05-18T16:35:00.660013+00:00
6521,INPROC_7E7833,1,10,team2,Team 2 (E/W),53,67,25,♥,finished,2026-05-18T16:35:00.668437+00:00
6522,INPROC_E790FA,1,10,team1,Team 1 (N/S),79,41,39,♠,finished,2026-05-18T16:35:00.680052+00:00
6523,INPROC_613333,1,10,team1,Team 1 (N/S),86,34,23,♥,finished,2026-05-18T16:35:00.696460+00:00
6524,INPROC_49F7D6,1,10,team2,Team 2 (E/W),39,81,24,♥,finished,2026-05-18T16:35:00.713078+00:00
6525,INPROC_EB913B,1,10,team1,Team 1 (N/S),66,54,21,♥,finished,2026-05-18T16:35:00.730458+00:00
6526,INPROC_1A6FBA,1,10,team1,Team 1 (N/S),71,49,16,♦,finished,2026-05-18T16:35:00.745203+00:00
6527,INPROC_1B16A2,1,10,team1,Team 1 (N/S),93,27,27,♥,finished,2026-05-18T16:35:00.763011+00:00
6528,INPROC_9DCEA7,1,10,team1,Team 1 (N/S),69,51,5,♣,finished,2026-05-18T16:35:00.781306+00:00
6529,INPROC_217A81,1,10,team1,Team 1 (N/S),82,38,21,♥,finished,2026-05-18T16:35:00.798975+00:00
6530,INPROC_F2FB20,1,10,team1,Team 1 (N/S),105,15,15,♦,finished,2026-05-18T16:35:00.812566+00:00
6531,INPROC_04BF54,1,10,team2,Team 2 (E/W),59,61,35,♠,finished,2026-05-18T16:35:00.825391+00:00
6532,INPROC_E5257C,1,10,team1,Team 1 (N/S),64,56,11,♦,finished,2026-05-18T16:35:00.837384+00:00
6533,INPROC_CFB5E9,1,10,team2,Team 2 (E/W),45,75,14,♦,finished,2026-05-18T16:35:00.854447+00:00
6534,INPROC_F4A2B4,1,10,team1,Team 1 (N/S),65,55,23,♥,finished,2026-05-18T16:35:00.870002+00:00
6535,INPROC_FE6967,1,10,team1,Team 1 (N/S),80,40,11,♦,finished,2026-05-18T16:35:00.885436+00:00
6536,INPROC_CDCC15,1,10,team1,Team 1 (N/S),65,55,2,♣,finished,2026-05-18T16:35:00.895210+00:00
6537,INPROC_C042CD,1,10,team1,Team 1 (N/S),111,9,22,♥,finished,2026-05-18T16:35:00.908332+00:00
6538,INPROC_EFABBF,1,10,team2,Team 2 (E/W),50,70,35,♠,finished,2026-05-18T16:35:00.923728+00:00
6539,INPROC_69C52E,1,10,team2,Team 2 (E/W),31,89,18,♦,finished,2026-05-18T16:35:00.936920+00:00
6540,INPROC_545FAD,1,10,team1,Team 1 (N/S),80,40,5,♣,finished,2026-05-18T16:35:00.951403+00:00
6541,INPROC_EB8732,1,10,team1,Team 1 (N/S),69,51,4,♣,finished,2026-05-18T16:35:00.967084+00:00
6542,INPROC_AA9854,1,10,team1,Team 1 (N/S),91,29,24,♥,finished,2026-05-18T16:35:00.983383+00:00
6543,INPROC_2BDF99,1,10,team1,Team 1 (N/S),78,42,19,♦,finished,2026-05-18T16:35:01.000220+00:00
6544,INPROC_E6F236,1,10,draw,draw,60,60,30,♠,finished,2026-05-18T16:35:01.017018+00:00
6545,INPROC_FA4D05,1,10,team2,Team 2 (E/W),41,79,6,♣,finished,2026-05-18T16:35:01.033219+00:00
6546,INPROC_0AB0AD,1,10,team2,Team 2 (E/W),59,61,15,♦,finished,2026-05-18T16:35:01.041500+00:00
6547,INPROC_6524DD,1,10,team1,Team 1 (N/S),82,38,14,♦,finished,2026-05-18T16:35:01.057846+00:00
6548,INPROC_7814C7,1,10,team1,Team 1 (N/S),75,45,18,♦,finished,2026-05-18T16:35:01.070295+00:00
6549,INPROC_081BCA,1,10,team2,Team 2 (E/W),46,74,22,♥,finished,2026-05-18T16:35:01.085258+00:00
6550,INPROC_7B5CEA,1,10,team2,Team 2 (E/W),47,73,3,♣,finished,2026-05-18T16:35:01.099078+00:00
6551,INPROC_09667E,1,10,team1,Team 1 (N/S),78,42,22,♥,finished,2026-05-18T16:35:01.113256+00:00
6552,INPROC_528C6F,1,10,team1,Team 1 (N/S),85,35,17,♦,finished,2026-05-18T16:35:01.130201+00:00
6553,INPROC_55B658,1,10,team1,Team 1 (N/S),68,52,30,♠,finished,2026-05-18T16:35:01.145830+00:00
6554,INPROC_0DECC8,1,10,team1,Team 1 (N/S),70,50,3,♣,finished,2026-05-18T16:35:01.161342+00:00
6555,INPROC_F15BC2,1,10,team2,Team 2 (E/W),57,63,14,♦,finished,2026-05-18T16:35:01.176410+00:00
6556,INPROC_F4AEAD,1,10,team2,Team 2 (E/W),43,77,30,♠,finished,2026-05-18T16:35:01.189981+00:00
6557,INPROC_239744,1,10,team2,Team 2 (E/W),54,66,12,♦,finished,2026-05-18T16:35:01.206484+00:00
6558,INPROC_13ECA7,1,10,team2,Team 2 (E/W),52,68,4,♣,finished,2026-05-18T16:35:01.216589+00:00
6559,INPROC_6B733C,1,10,team1,Team 1 (N/S),102,18,33,♠,finished,2026-05-18T16:35:01.229308+00:00
6560,INPROC_A80C24,1,10,team1,Team 1 (N/S),114,6,21,♥,finished,2026-05-18T16:35:01.243603+00:00
6561,INPROC_8FD254,1,10,team1,Team 1 (N/S),77,43,16,♦,finished,2026-05-18T16:35:01.258074+00:00
6562,INPROC_F24576,1,10,team1,Team 1 (N/S),62,58,29,♥,finished,2026-05-18T16:35:01.272780+00:00
6563,INPROC_C21083,1,10,team2,Team 2 (E/W),52,68,26,♥,finished,2026-05-18T16:35:01.287567+00:00
6564,INPROC_4270E1,1,10,team2,Team 2 (E/W),52,68,20,♥,finished,2026-05-18T16:35:01.301428+00:00
6565,INPROC_CA29AA,1,10,team2,Team 2 (E/W),33,87,16,♦,finished,2026-05-18T16:35:01.315160+00:00
6566,INPROC_EB1B69,1,10,team1,Team 1 (N/S),69,51,28,♥,finished,2026-05-18T16:35:01.329414+00:00
6567,INPROC_77368A,1,10,team1,Team 1 (N/S),61,59,19,♦,finished,2026-05-18T16:35:01.343505+00:00
6568,INPROC_304AD5,1,10,team2,Team 2 (E/W),19,101,15,♦,finished,2026-05-18T16:35:01.357317+00:00
6569,INPROC_37529E,1,10,team1,Team 1 (N/S),96,24,30,♠,finished,2026-05-18T16:35:01.371354+00:00
6570,INPROC_4E020B,1,10,team2,Team 2 (E/W),44,76,31,♠,finished,2026-05-18T16:35:01.389514+00:00
6571,INPROC_4A7E68,1,10,team1,Team 1 (N/S),88,32,37,♠,finished,2026-05-18T16:35:01.407280+00:00
6572,INPROC_955D03,1,10,team1,Team 1 (N/S),72,48,12,♦,finished,2026-05-18T16:35:01.423483+00:00
6573,INPROC_67C12C,1,10,team1,Team 1 (N/S),87,33,31,♠,finished,2026-05-18T16:35:01.436719+00:00
6574,INPROC_5B46A4,1,10,team1,Team 1 (N/S),70,50,8,♣,finished,2026-05-18T16:35:01.445677+00:00
6575,INPROC_13516D,1,10,team2,Team 2 (E/W),33,87,12,♦,finished,2026-05-18T16:35:01.454375+00:00
6576,INPROC_945364,1,10,team1,Team 1 (N/S),107,13,4,♣,finished,2026-05-18T16:35:01.469823+00:00
6577,INPROC_F15F41,1,10,team1,Team 1 (N/S),74,46,39,♠,finished,2026-05-18T16:35:01.487621+00:00
6578,INPROC_6DAC62,1,10,team1,Team 1 (N/S),115,5,5,♣,finished,2026-05-18T16:35:01.505239+00:00
6579,INPROC_8923BB,1,10,team1,Team 1 (N/S),68,52,34,♠,finished,2026-05-18T16:35:01.522953+00:00
6580,INPROC_1FC25D,1,10,team1,Team 1 (N/S),79,41,9,♣,finished,2026-05-18T16:35:01.535965+00:00
6581,INPROC_E510D8,1,10,team2,Team 2 (E/W),37,83,11,♦,finished,2026-05-18T16:35:01.553625+00:00
6582,INPROC_67B643,1,10,team1,Team 1 (N/S),63,57,18,♦,finished,2026-05-18T16:35:01.568879+00:00
6583,INPROC_638BD8,1,10,team1,Team 1 (N/S),65,55,32,♠,finished,2026-05-18T16:35:01.581345+00:00
6584,INPROC_65B3C6,1,10,team2,Team 2 (E/W),50,70,32,♠,finished,2026-05-18T16:35:01.591250+00:00
6585,INPROC_EC5578,1,10,team1,Team 1 (N/S),91,29,32,♠,finished,2026-05-18T16:35:01.599892+00:00
6586,INPROC_463635,1,10,team1,Team 1 (N/S),110,10,6,♣,finished,2026-05-18T16:35:01.609053+00:00
6587,INPROC_A19317,1,10,team1,Team 1 (N/S),84,36,21,♥,finished,2026-05-18T16:35:01.618015+00:00
6588,INPROC_1E33C7,1,10,team1,Team 1 (N/S),72,48,24,♥,finished,2026-05-18T16:35:01.627440+00:00
6589,INPROC_DB854E,1,10,team1,Team 1 (N/S),67,53,30,♠,finished,2026-05-18T16:35:01.636150+00:00
6590,INPROC_28BD86,1,10,team2,Team 2 (E/W),59,61,14,♦,finished,2026-05-18T16:35:01.646431+00:00
6591,INPROC_20185D,1,10,team2,Team 2 (E/W),53,67,31,♠,finished,2026-05-18T16:35:01.655910+00:00
6592,INPROC_7A3CF0,1,10,team1,Team 1 (N/S),74,46,5,♣,finished,2026-05-18T16:35:01.667225+00:00
6593,INPROC_7B5756,1,10,team2,Team 2 (E/W),59,61,23,♥,finished,2026-05-18T16:35:01.683011+00:00
6594,INPROC_70B94E,1,10,team1,Team 1 (N/S),84,36,35,♠,finished,2026-05-18T16:35:01.699691+00:00
6595,INPROC_7F9AEF,1,10,team2,Team 2 (E/W),52,68,14,♦,finished,2026-05-18T16:35:01.713611+00:00
6596,INPROC_F32959,1,10,team1,Team 1 (N/S),73,47,28,♥,finished,2026-05-18T16:35:01.726749+00:00
6597,INPROC_46691C,1,10,team1,Team 1 (N/S),64,56,21,♥,finished,2026-05-18T16:35:01.740493+00:00
6598,INPROC_69D9A8,1,10,team1,Team 1 (N/S),101,19,37,♠,finished,2026-05-18T16:35:01.755541+00:00
6599,INPROC_A7FFAF,1,10,team2,Team 2 (E/W),59,61,7,♣,finished,2026-05-18T16:35:01.770668+00:00
6600,INPROC_73E88D,1,10,team1,Team 1 (N/S),96,24,3,♣,finished,2026-05-18T16:35:01.785308+00:00
6601,INPROC_7E6CCD,1,10,team2,Team 2 (E/W),50,70,32,♠,finished,2026-05-18T16:35:01.803668+00:00
6602,INPROC_214564,1,10,team2,Team 2 (E/W),29,91,14,♦,finished,2026-05-18T16:35:01.820219+00:00
6603,INPROC_ECAD5B,1,10,team2,Team 2 (E/W),44,76,19,♦,finished,2026-05-18T16:35:01.837314+00:00
6604,INPROC_69B45A,1,10,team2,Team 2 (E/W),47,73,16,♦,finished,2026-05-18T16:35:01.853923+00:00
6605,INPROC_3A17CB,1,10,team1,Team 1 (N/S),94,26,36,♠,finished,2026-05-18T16:35:01.869669+00:00
6606,INPROC_C02D01,1,10,team1,Team 1 (N/S),67,53,15,♦,finished,2026-05-18T16:35:01.884995+00:00
6607,INPROC_12997C,1,10,team1,Team 1 (N/S),62,58,16,♦,finished,2026-05-18T16:35:01.900108+00:00
6608,INPROC_B0F705,1,10,team1,Team 1 (N/S),98,22,23,♥,finished,2026-05-18T16:35:01.914953+00:00
6609,INPROC_C3DE12,1,10,team1,Team 1 (N/S),63,57,16,♦,finished,2026-05-18T16:35:01.931615+00:00
6610,INPROC_828DFE,1,10,team1,Team 1 (N/S),61,59,29,♥,finished,2026-05-18T16:35:01.947098+00:00
6611,INPROC_AC13EF,1,10,team2,Team 2 (E/W),48,72,11,♦,finished,2026-05-18T16:35:01.963447+00:00
6612,INPROC_E3B8D4,1,10,team1,Team 1 (N/S),70,50,38,♠,finished,2026-05-18T16:35:01.979088+00:00
6613,INPROC_7E5B41,1,10,team1,Team 1 (N/S),81,39,5,♣,finished,2026-05-18T16:35:01.995765+00:00
6614,INPROC_BFDBD5,1,10,team1,Team 1 (N/S),62,58,35,♠,finished,2026-05-18T16:35:02.012434+00:00
6615,INPROC_21A5A2,1,10,team1,Team 1 (N/S),98,22,5,♣,finished,2026-05-18T16:35:02.029716+00:00
6616,INPROC_9CC75D,1,10,team2,Team 2 (E/W),39,81,19,♦,finished,2026-05-18T16:35:02.048887+00:00
6617,INPROC_E60E6D,1,10,team1,Team 1 (N/S),96,24,30,♠,finished,2026-05-18T16:35:02.067509+00:00
6618,INPROC_D1017D,1,10,team1,Team 1 (N/S),94,26,32,♠,finished,2026-05-18T16:35:02.085693+00:00
6619,INPROC_9EEB62,1,10,team2,Team 2 (E/W),31,89,38,♠,finished,2026-05-18T16:35:02.098795+00:00
6620,INPROC_BFD605,1,10,team1,Team 1 (N/S),85,35,0,♣,finished,2026-05-18T16:35:02.112550+00:00
6621,INPROC_D0B495,1,10,team2,Team 2 (E/W),46,74,13,♦,finished,2026-05-18T16:35:02.126795+00:00
6622,INPROC_8FB072,1,10,team2,Team 2 (E/W),36,84,27,♥,finished,2026-05-18T16:35:02.142820+00:00
6623,INPROC_98D5C1,1,10,team1,Team 1 (N/S),87,33,37,♠,finished,2026-05-18T16:35:02.157565+00:00
6624,INPROC_2D008F,1,10,team1,Team 1 (N/S),71,49,18,♦,finished,2026-05-18T16:35:02.172150+00:00
6625,INPROC_7B11E6,1,10,team2,Team 2 (E/W),35,85,36,♠,finished,2026-05-18T16:35:02.188209+00:00
6626,INPROC_4BE78A,1,10,team1,Team 1 (N/S),74,46,10,♦,finished,2026-05-18T16:35:02.197265+00:00
6627,INPROC_D72109,1,10,team1,Team 1 (N/S),74,46,30,♠,finished,2026-05-18T16:35:02.208782+00:00
6628,INPROC_8F38F0,1,10,team2,Team 2 (E/W),38,82,39,♠,finished,2026-05-18T16:35:02.218140+00:00
6629,INPROC_CF7C3F,1,10,team2,Team 2 (E/W),44,76,25,♥,finished,2026-05-18T16:35:02.232065+00:00
6630,INPROC_9D154B,1,10,team2,Team 2 (E/W),26,94,4,♣,finished,2026-05-18T16:35:02.247506+00:00
6631,INPROC_5C138D,1,10,team2,Team 2 (E/W),29,91,17,♦,finished,2026-05-18T16:35:02.259171+00:00
6632,INPROC_26C58A,1,10,team2,Team 2 (E/W),57,63,2,♣,finished,2026-05-18T16:35:02.274880+00:00
6633,INPROC_9AADFC,1,10,team2,Team 2 (E/W),48,72,5,♣,finished,2026-05-18T16:35:02.288362+00:00
6634,INPROC_C37A84,1,10,team1,Team 1 (N/S),84,36,13,♦,finished,2026-05-18T16:35:02.302244+00:00
6635,INPROC_8D12B8,1,10,team1,Team 1 (N/S),81,39,27,♥,finished,2026-05-18T16:35:02.318598+00:00
6636,INPROC_0512DD,1,10,draw,draw,60,60,19,♦,finished,2026-05-18T16:35:02.335791+00:00
6637,INPROC_6C500F,1,10,team1,Team 1 (N/S),92,28,38,♠,finished,2026-05-18T16:35:02.354367+00:00
6638,INPROC_01246A,1,10,team2,Team 2 (E/W),26,94,5,♣,finished,2026-05-18T16:35:02.372353+00:00
6639,INPROC_3E30BA,1,10,team1,Team 1 (N/S),74,46,17,♦,finished,2026-05-18T16:35:02.391258+00:00
6640,INPROC_3AED9B,1,10,team2,Team 2 (E/W),37,83,15,♦,finished,2026-05-18T16:35:02.411326+00:00
6641,INPROC_A4D62F,1,10,team1,Team 1 (N/S),90,30,28,♥,finished,2026-05-18T16:35:02.431634+00:00
6642,INPROC_B85B28,1,10,team1,Team 1 (N/S),103,17,22,♥,finished,2026-05-18T16:35:02.453691+00:00
6643,INPROC_C0F2BB,1,10,team1,Team 1 (N/S),76,44,24,♥,finished,2026-05-18T16:35:02.470264+00:00
6644,INPROC_DB7A36,1,10,team1,Team 1 (N/S),89,31,29,♥,finished,2026-05-18T16:35:02.486664+00:00
6645,INPROC_EFAC5C,1,10,team1,Team 1 (N/S),102,18,15,♦,finished,2026-05-18T16:35:02.501953+00:00
6646,INPROC_7B46CA,1,10,team1,Team 1 (N/S),70,50,26,♥,finished,2026-05-18T16:35:02.514860+00:00
6647,INPROC_F5BE85,1,10,team1,Team 1 (N/S),116,4,23,♥,finished,2026-05-18T16:35:02.529863+00:00
6648,INPROC_94CE7A,1,10,team2,Team 2 (E/W),31,89,1,♣,finished,2026-05-18T16:35:02.543189+00:00
6649,INPROC_9DC8BF,1,10,team1,Team 1 (N/S),72,48,5,♣,finished,2026-05-18T16:35:02.559023+00:00
6650,INPROC_30BB66,1,10,team1,Team 1 (N/S),94,26,22,♥,finished,2026-05-18T16:35:02.574968+00:00
6651,INPROC_F935BF,1,10,team1,Team 1 (N/S),82,38,13,♦,finished,2026-05-18T16:35:02.590775+00:00
6652,INPROC_5F27E2,1,10,team1,Team 1 (N/S),68,52,31,♠,finished,2026-05-18T16:35:02.606631+00:00
6653,INPROC_5FFB90,1,10,team2,Team 2 (E/W),26,94,33,♠,finished,2026-05-18T16:35:02.623300+00:00
6654,INPROC_5F8626,1,10,team1,Team 1 (N/S),73,47,11,♦,finished,2026-05-18T16:35:02.638816+00:00
6655,INPROC_F2FE55,1,10,team1,Team 1 (N/S),89,31,16,♦,finished,2026-05-18T16:35:02.654953+00:00
6656,INPROC_0A1CEE,1,10,team1,Team 1 (N/S),65,55,22,♥,finished,2026-05-18T16:35:02.671056+00:00
6657,INPROC_DF6B7E,1,10,team1,Team 1 (N/S),72,48,38,♠,finished,2026-05-18T16:35:02.687364+00:00
6658,INPROC_9091F4,1,10,team1,Team 1 (N/S),79,41,5,♣,finished,2026-05-18T16:35:02.704219+00:00
6659,INPROC_858CDC,1,10,team1,Team 1 (N/S),72,48,27,♥,finished,2026-05-18T16:35:02.719610+00:00
6660,INPROC_02F8A7,1,10,team2,Team 2 (E/W),42,78,14,♦,finished,2026-05-18T16:35:02.735780+00:00
6661,INPROC_005DB7,1,10,team1,Team 1 (N/S),105,15,27,♥,finished,2026-05-18T16:35:02.751929+00:00
6662,INPROC_8A3AFA,1,10,team1,Team 1 (N/S),97,23,8,♣,finished,2026-05-18T16:35:02.768486+00:00
6663,INPROC_C6B989,1,10,team1,Team 1 (N/S),83,37,21,♥,finished,2026-05-18T16:35:02.784051+00:00
6664,INPROC_6ED16B,1,10,team2,Team 2 (E/W),56,64,20,♥,finished,2026-05-18T16:35:02.798935+00:00
6665,INPROC_86A279,1,10,team1,Team 1 (N/S),86,34,19,♦,finished,2026-05-18T16:35:02.814698+00:00
6666,INPROC_B6DBE1,1,10,team1,Team 1 (N/S),72,48,11,♦,finished,2026-05-18T16:35:02.829592+00:00
6667,INPROC_2735B3,1,10,team2,Team 2 (E/W),38,82,8,♣,finished,2026-05-18T16:35:02.838563+00:00
6668,INPROC_22AA06,1,10,team1,Team 1 (N/S),71,49,16,♦,finished,2026-05-18T16:35:02.848672+00:00
6669,INPROC_8EBA9D,1,10,team1,Team 1 (N/S),69,51,34,♠,finished,2026-05-18T16:35:02.864989+00:00
6670,INPROC_614C5B,1,10,team1,Team 1 (N/S),77,43,10,♦,finished,2026-05-18T16:35:02.880652+00:00
6671,INPROC_3EA251,1,10,team2,Team 2 (E/W),11,109,26,♥,finished,2026-05-18T16:35:02.895129+00:00
6672,INPROC_3BDB6C,1,10,team2,Team 2 (E/W),43,77,26,♥,finished,2026-05-18T16:35:02.910461+00:00
6673,INPROC_4526F0,1,10,team1,Team 1 (N/S),83,37,0,♣,finished,2026-05-18T16:35:02.925653+00:00
6674,INPROC_EF6E10,1,10,team2,Team 2 (E/W),36,84,27,♥,finished,2026-05-18T16:35:02.941214+00:00
6675,INPROC_0639D1,1,10,team1,Team 1 (N/S),107,13,2,♣,finished,2026-05-18T16:35:02.950915+00:00
6676,INPROC_CAE724,1,10,team1,Team 1 (N/S),74,46,14,♦,finished,2026-05-18T16:35:02.959360+00:00
6677,INPROC_40E71A,1,10,team1,Team 1 (N/S),77,43,13,♦,finished,2026-05-18T16:35:02.967941+00:00
6678,INPROC_A5249E,1,10,team2,Team 2 (E/W),46,74,9,♣,finished,2026-05-18T16:35:02.981333+00:00
6679,INPROC_DB7C81,1,10,team1,Team 1 (N/S),74,46,32,♠,finished,2026-05-18T16:35:02.995568+00:00
6680,INPROC_2B9857,1,10,team1,Team 1 (N/S),77,43,9,♣,finished,2026-05-18T16:35:03.010161+00:00
6681,INPROC_D1507D,1,10,team1,Team 1 (N/S),67,53,29,♥,finished,2026-05-18T16:35:03.025361+00:00
6682,INPROC_94D0EE,1,10,team2,Team 2 (E/W),47,73,39,♠,finished,2026-05-18T16:35:03.041408+00:00
6683,INPROC_CA9078,1,10,team2,Team 2 (E/W),39,81,10,♦,finished,2026-05-18T16:35:03.057022+00:00
6684,INPROC_1EFA3B,1,10,team1,Team 1 (N/S),100,20,19,♦,finished,2026-05-18T16:35:03.070341+00:00
6685,INPROC_55C5A4,1,10,team1,Team 1 (N/S),106,14,30,♠,finished,2026-05-18T16:35:03.083179+00:00
6686,INPROC_388304,1,10,team1,Team 1 (N/S),95,25,24,♥,finished,2026-05-18T16:35:03.096374+00:00
6687,INPROC_BC2A9C,1,10,team1,Team 1 (N/S),102,18,12,♦,finished,2026-05-18T16:35:03.109721+00:00
6688,INPROC_D670E7,1,10,team2,Team 2 (E/W),46,74,38,♠,finished,2026-05-18T16:35:03.124682+00:00
6689,INPROC_A8E470,1,10,team1,Team 1 (N/S),73,47,14,♦,finished,2026-05-18T16:35:03.141145+00:00
6690,INPROC_F79C73,1,10,team1,Team 1 (N/S),62,58,1,♣,finished,2026-05-18T16:35:03.155868+00:00
6691,INPROC_2AF9F1,1,10,team1,Team 1 (N/S),93,27,31,♠,finished,2026-05-18T16:35:03.168604+00:00
6692,INPROC_8F88F6,1,10,team1,Team 1 (N/S),99,21,1,♣,finished,2026-05-18T16:35:03.183639+00:00
6693,INPROC_F3E6BC,1,10,team1,Team 1 (N/S),75,45,6,♣,finished,2026-05-18T16:35:03.197363+00:00
6694,INPROC_4D6455,1,10,team2,Team 2 (E/W),52,68,28,♥,finished,2026-05-18T16:35:03.214693+00:00
6695,INPROC_C9409E,1,10,team1,Team 1 (N/S),67,53,10,♦,finished,2026-05-18T16:35:03.227332+00:00
6696,INPROC_ED4E36,1,10,team2,Team 2 (E/W),57,63,11,♦,finished,2026-05-18T16:35:03.244538+00:00
6697,INPROC_BDEA1B,1,10,team2,Team 2 (E/W),54,66,26,♥,finished,2026-05-18T16:35:03.262121+00:00
6698,INPROC_737662,1,10,team2,Team 2 (E/W),34,86,25,♥,finished,2026-05-18T16:35:03.277695+00:00
6699,INPROC_655A99,1,10,team2,Team 2 (E/W),44,76,11,♦,finished,2026-05-18T16:35:03.290890+00:00
6700,INPROC_9CD7E9,1,10,team1,Team 1 (N/S),76,44,17,♦,finished,2026-05-18T16:35:03.308033+00:00
6701,INPROC_24E3A2,1,10,team1,Team 1 (N/S),71,49,5,♣,finished,2026-05-18T16:35:03.320237+00:00
6702,INPROC_13B821,1,10,team2,Team 2 (E/W),47,73,10,♦,finished,2026-05-18T16:35:03.334477+00:00
6703,INPROC_27B97E,1,10,team1,Team 1 (N/S),63,57,14,♦,finished,2026-05-18T16:35:03.348622+00:00
6704,INPROC_2500B6,1,10,team1,Team 1 (N/S),74,46,5,♣,finished,2026-05-18T16:35:03.361742+00:00
6705,INPROC_1BD62A,1,10,team2,Team 2 (E/W),43,77,7,♣,finished,2026-05-18T16:35:03.374321+00:00
6706,INPROC_EBDC40,1,10,team1,Team 1 (N/S),68,52,30,♠,finished,2026-05-18T16:35:03.387765+00:00
6707,INPROC_3AC55C,1,10,team1,Team 1 (N/S),97,23,22,♥,finished,2026-05-18T16:35:03.402813+00:00
6708,INPROC_857EE7,1,10,draw,draw,60,60,3,♣,finished,2026-05-18T16:35:03.417634+00:00
6709,INPROC_A510B7,1,10,team1,Team 1 (N/S),70,50,7,♣,finished,2026-05-18T16:35:03.434048+00:00
6710,INPROC_C6D5AD,1,10,team1,Team 1 (N/S),89,31,35,♠,finished,2026-05-18T16:35:03.448053+00:00
6711,INPROC_B50D6D,1,10,team2,Team 2 (E/W),46,74,19,♦,finished,2026-05-18T16:35:03.464978+00:00
6712,INPROC_A9E5B9,1,10,team1,Team 1 (N/S),80,40,26,♥,finished,2026-05-18T16:35:03.479534+00:00
6713,INPROC_5369D0,1,10,team1,Team 1 (N/S),83,37,34,♠,finished,2026-05-18T16:35:03.494928+00:00
6714,INPROC_D509D3,1,10,team2,Team 2 (E/W),0,120,5,♣,finished,2026-05-18T16:35:03.510378+00:00
6715,INPROC_77C3DB,1,10,team1,Team 1 (N/S),77,43,13,♦,finished,2026-05-18T16:35:03.526011+00:00
6716,INPROC_F00B73,1,10,team1,Team 1 (N/S),69,51,10,♦,finished,2026-05-18T16:35:03.539947+00:00
6717,INPROC_BC7D06,1,10,team2,Team 2 (E/W),30,90,3,♣,finished,2026-05-18T16:35:03.555578+00:00
6718,INPROC_E74A09,1,10,team2,Team 2 (E/W),50,70,27,♥,finished,2026-05-18T16:35:03.573143+00:00
6719,INPROC_1C29A9,1,10,team1,Team 1 (N/S),90,30,31,♠,finished,2026-05-18T16:35:03.587810+00:00
6720,INPROC_64CCE0,1,10,team1,Team 1 (N/S),89,31,23,♥,finished,2026-05-18T16:35:03.605831+00:00
6721,INPROC_99B44D,1,10,team2,Team 2 (E/W),11,109,20,♥,finished,2026-05-18T16:35:03.623036+00:00
6722,INPROC_BFE659,1,10,team2,Team 2 (E/W),22,98,33,♠,finished,2026-05-18T16:35:03.631398+00:00
6723,INPROC_3A2F32,1,10,team2,Team 2 (E/W),48,72,39,♠,finished,2026-05-18T16:35:03.648972+00:00
6724,INPROC_594596,1,10,team1,Team 1 (N/S),99,21,31,♠,finished,2026-05-18T16:35:03.663233+00:00
6725,INPROC_02D28C,1,10,team1,Team 1 (N/S),73,47,23,♥,finished,2026-05-18T16:35:03.682766+00:00
6726,INPROC_BC9F95,1,10,team1,Team 1 (N/S),103,17,26,♥,finished,2026-05-18T16:35:03.700384+00:00
6727,INPROC_050C0F,1,10,team2,Team 2 (E/W),53,67,21,♥,finished,2026-05-18T16:35:03.708800+00:00
6728,INPROC_91607E,1,10,team1,Team 1 (N/S),91,29,5,♣,finished,2026-05-18T16:35:03.719112+00:00
6729,INPROC_B92BE9,1,10,team2,Team 2 (E/W),55,65,25,♥,finished,2026-05-18T16:35:03.727573+00:00
6730,INPROC_0750A8,1,10,team1,Team 1 (N/S),64,56,1,♣,finished,2026-05-18T16:35:03.739932+00:00
6731,INPROC_FBA483,1,10,team1,Team 1 (N/S),101,19,18,♦,finished,2026-05-18T16:35:03.754115+00:00
6732,INPROC_F7AEFD,1,10,team1,Team 1 (N/S),67,53,1,♣,finished,2026-05-18T16:35:03.768483+00:00
6733,INPROC_342D1B,1,10,team1,Team 1 (N/S),70,50,3,♣,finished,2026-05-18T16:35:03.783716+00:00
6734,INPROC_DAFAF1,1,10,team2,Team 2 (E/W),45,75,34,♠,finished,2026-05-18T16:35:03.798671+00:00
6735,INPROC_D25DE2,1,10,team2,Team 2 (E/W),12,108,15,♦,finished,2026-05-18T16:35:03.813844+00:00
6736,INPROC_317014,1,10,team2,Team 2 (E/W),43,77,14,♦,finished,2026-05-18T16:35:03.829681+00:00
6737,INPROC_0C0AE6,1,10,team1,Team 1 (N/S),69,51,9,♣,finished,2026-05-18T16:35:03.844712+00:00
6738,INPROC_7ECB69,1,10,team1,Team 1 (N/S),79,41,26,♥,finished,2026-05-18T16:35:03.859673+00:00
6739,INPROC_875617,1,10,team2,Team 2 (E/W),30,90,23,♥,finished,2026-05-18T16:35:03.874548+00:00
6740,INPROC_4D6556,1,10,team1,Team 1 (N/S),87,33,3,♣,finished,2026-05-18T16:35:03.891239+00:00
6741,INPROC_835856,1,10,team1,Team 1 (N/S),96,24,7,♣,finished,2026-05-18T16:35:03.905035+00:00
6742,INPROC_F736A0,1,10,team1,Team 1 (N/S),105,15,16,♦,finished,2026-05-18T16:35:03.921025+00:00
6743,INPROC_0B6134,1,10,team1,Team 1 (N/S),67,53,17,♦,finished,2026-05-18T16:35:03.930786+00:00
6744,INPROC_765639,1,10,team1,Team 1 (N/S),95,25,7,♣,finished,2026-05-18T16:35:03.947884+00:00
6745,INPROC_40879D,1,10,team1,Team 1 (N/S),95,25,15,♦,finished,2026-05-18T16:35:03.963072+00:00
6746,INPROC_A2C199,1,10,team1,Team 1 (N/S),79,41,30,♠,finished,2026-05-18T16:35:03.972681+00:00
6747,INPROC_71405A,1,10,team1,Team 1 (N/S),89,31,21,♥,finished,2026-05-18T16:35:03.981161+00:00
6748,INPROC_3DB2AD,1,10,team1,Team 1 (N/S),63,57,23,♥,finished,2026-05-18T16:35:03.995577+00:00
6749,INPROC_CB331F,1,10,team1,Team 1 (N/S),75,45,3,♣,finished,2026-05-18T16:35:04.009624+00:00
6750,INPROC_25AD89,1,10,team1,Team 1 (N/S),97,23,11,♦,finished,2026-05-18T16:35:04.024157+00:00
6751,INPROC_68EBD1,1,10,team1,Team 1 (N/S),92,28,31,♠,finished,2026-05-18T16:35:04.041978+00:00
6752,INPROC_15F9F0,1,10,team1,Team 1 (N/S),86,34,6,♣,finished,2026-05-18T16:35:04.059539+00:00
6753,INPROC_BEF4BE,1,10,team1,Team 1 (N/S),90,30,13,♦,finished,2026-05-18T16:35:04.076584+00:00
6754,INPROC_ECF621,1,10,team1,Team 1 (N/S),75,45,34,♠,finished,2026-05-18T16:35:04.093537+00:00
6755,INPROC_F481F6,1,10,team1,Team 1 (N/S),65,55,36,♠,finished,2026-05-18T16:35:04.109404+00:00
6756,INPROC_1DBE93,1,10,team1,Team 1 (N/S),75,45,12,♦,finished,2026-05-18T16:35:04.131639+00:00
6757,INPROC_E8B1F9,1,10,team2,Team 2 (E/W),49,71,38,♠,finished,2026-05-18T16:35:04.149536+00:00
6758,INPROC_047798,1,10,team1,Team 1 (N/S),80,40,7,♣,finished,2026-05-18T16:35:04.167920+00:00
6759,INPROC_87E6F0,1,10,team2,Team 2 (E/W),37,83,38,♠,finished,2026-05-18T16:35:04.184021+00:00
6760,INPROC_674C3A,1,10,team1,Team 1 (N/S),61,59,19,♦,finished,2026-05-18T16:35:04.199992+00:00
6761,INPROC_66A1B8,1,10,team2,Team 2 (E/W),3,117,17,♦,finished,2026-05-18T16:35:04.210407+00:00
6762,INPROC_63224B,1,10,team1,Team 1 (N/S),98,22,15,♦,finished,2026-05-18T16:35:04.220076+00:00
6763,INPROC_68971C,1,10,team2,Team 2 (E/W),49,71,13,♦,finished,2026-05-18T16:35:04.235996+00:00
6764,INPROC_F24AF5,1,10,team2,Team 2 (E/W),33,87,6,♣,finished,2026-05-18T16:35:04.253934+00:00
6765,INPROC_B4B0F4,1,10,team1,Team 1 (N/S),88,32,15,♦,finished,2026-05-18T16:35:04.273840+00:00
6766,INPROC_7409BD,1,10,team2,Team 2 (E/W),33,87,30,♠,finished,2026-05-18T16:35:04.293352+00:00
6767,INPROC_01C43F,1,10,team1,Team 1 (N/S),72,48,30,♠,finished,2026-05-18T16:35:04.313049+00:00
6768,INPROC_05DE59,1,10,team2,Team 2 (E/W),13,107,10,♦,finished,2026-05-18T16:35:04.331659+00:00
6769,INPROC_DD249C,1,10,team2,Team 2 (E/W),24,96,19,♦,finished,2026-05-18T16:35:04.348884+00:00
6770,INPROC_7F216B,1,10,team1,Team 1 (N/S),88,32,24,♥,finished,2026-05-18T16:35:04.366170+00:00
6771,INPROC_57021D,1,10,team1,Team 1 (N/S),67,53,1,♣,finished,2026-05-18T16:35:04.382201+00:00
6772,INPROC_90A5A5,1,10,team1,Team 1 (N/S),75,45,18,♦,finished,2026-05-18T16:35:04.398170+00:00
6773,INPROC_9CE886,1,10,team1,Team 1 (N/S),74,46,20,♥,finished,2026-05-18T16:35:04.416238+00:00
6774,INPROC_483154,1,10,team1,Team 1 (N/S),74,46,32,♠,finished,2026-05-18T16:35:04.432470+00:00
6775,INPROC_BADC17,1,10,team1,Team 1 (N/S),78,42,23,♥,finished,2026-05-18T16:35:04.445407+00:00
6776,INPROC_473F47,1,10,team1,Team 1 (N/S),114,6,13,♦,finished,2026-05-18T16:35:04.461783+00:00
6777,INPROC_8B8F06,1,10,team2,Team 2 (E/W),51,69,14,♦,finished,2026-05-18T16:35:04.478721+00:00
6778,INPROC_8D2DE6,1,10,team1,Team 1 (N/S),69,51,31,♠,finished,2026-05-18T16:35:04.494642+00:00
6779,INPROC_4ED24D,1,10,team2,Team 2 (E/W),55,65,26,♥,finished,2026-05-18T16:35:04.508656+00:00
6780,INPROC_693826,1,10,team1,Team 1 (N/S),79,41,21,♥,finished,2026-05-18T16:35:04.525648+00:00
6781,INPROC_D1492A,1,10,team1,Team 1 (N/S),76,44,17,♦,finished,2026-05-18T16:35:04.541128+00:00
6782,INPROC_145519,1,10,team2,Team 2 (E/W),44,76,14,♦,finished,2026-05-18T16:35:04.557640+00:00
6783,INPROC_4A57EE,1,10,team2,Team 2 (E/W),28,92,3,♣,finished,2026-05-18T16:35:04.567893+00:00
6784,INPROC_6F216E,1,10,team1,Team 1 (N/S),70,50,3,♣,finished,2026-05-18T16:35:04.581581+00:00
6785,INPROC_883545,1,10,team1,Team 1 (N/S),86,34,8,♣,finished,2026-05-18T16:35:04.593096+00:00
6786,INPROC_BE97A7,1,10,team2,Team 2 (E/W),42,78,28,♥,finished,2026-05-18T16:35:04.605178+00:00
6787,INPROC_DDE4F5,1,10,team1,Team 1 (N/S),83,37,37,♠,finished,2026-05-18T16:35:04.617634+00:00
6788,INPROC_F22A80,1,10,team2,Team 2 (E/W),20,100,27,♥,finished,2026-05-18T16:35:04.633370+00:00
6789,INPROC_FB19CA,1,10,team2,Team 2 (E/W),38,82,28,♥,finished,2026-05-18T16:35:04.648829+00:00
6790,INPROC_BC224B,1,10,team1,Team 1 (N/S),67,53,30,♠,finished,2026-05-18T16:35:04.662764+00:00
6791,INPROC_1D9619,1,10,team1,Team 1 (N/S),81,39,4,♣,finished,2026-05-18T16:35:04.679382+00:00
6792,INPROC_224AB9,1,10,team2,Team 2 (E/W),54,66,15,♦,finished,2026-05-18T16:35:04.695605+00:00
6793,INPROC_A51793,1,10,team2,Team 2 (E/W),55,65,11,♦,finished,2026-05-18T16:35:04.711204+00:00
6794,INPROC_D3BF65,1,10,team1,Team 1 (N/S),69,51,35,♠,finished,2026-05-18T16:35:04.729626+00:00
6795,INPROC_B850B3,1,10,team2,Team 2 (E/W),58,62,32,♠,finished,2026-05-18T16:35:04.743430+00:00
6796,INPROC_A66107,1,10,team1,Team 1 (N/S),93,27,1,♣,finished,2026-05-18T16:35:04.756713+00:00
6797,INPROC_4C0DCB,1,10,team2,Team 2 (E/W),49,71,33,♠,finished,2026-05-18T16:35:04.773474+00:00
6798,INPROC_21D984,1,10,team1,Team 1 (N/S),95,25,37,♠,finished,2026-05-18T16:35:04.788852+00:00
6799,INPROC_B5315C,1,10,team1,Team 1 (N/S),72,48,39,♠,finished,2026-05-18T16:35:04.800990+00:00
6800,INPROC_EB339D,1,10,team1,Team 1 (N/S),71,49,20,♥,finished,2026-05-18T16:35:04.814548+00:00
6801,INPROC_4F2338,1,10,team1,Team 1 (N/S),82,38,20,♥,finished,2026-05-18T16:35:04.828673+00:00
6802,INPROC_C35DF5,1,10,team2,Team 2 (E/W),43,77,4,♣,finished,2026-05-18T16:35:04.843732+00:00
6803,INPROC_B1BEF6,1,10,team1,Team 1 (N/S),99,21,9,♣,finished,2026-05-18T16:35:04.860328+00:00
6804,INPROC_4C9811,1,10,team1,Team 1 (N/S),64,56,14,♦,finished,2026-05-18T16:35:04.875843+00:00
6805,INPROC_F9121D,1,10,team1,Team 1 (N/S),86,34,15,♦,finished,2026-05-18T16:35:04.893178+00:00
6806,INPROC_2339FD,1,10,team1,Team 1 (N/S),74,46,20,♥,finished,2026-05-18T16:35:04.908990+00:00
6807,INPROC_9601B4,1,10,team1,Team 1 (N/S),71,49,34,♠,finished,2026-05-18T16:35:04.922545+00:00
6808,INPROC_8AE66E,1,10,team1,Team 1 (N/S),89,31,10,♦,finished,2026-05-18T16:35:04.936778+00:00
6809,INPROC_DC6585,1,10,team1,Team 1 (N/S),72,48,37,♠,finished,2026-05-18T16:35:04.949285+00:00
6810,INPROC_66F2A0,1,10,team1,Team 1 (N/S),66,54,37,♠,finished,2026-05-18T16:35:04.964655+00:00
6811,INPROC_CD07A5,1,10,team1,Team 1 (N/S),62,58,39,♠,finished,2026-05-18T16:35:04.980420+00:00
6812,INPROC_8C730D,1,10,team1,Team 1 (N/S),101,19,27,♥,finished,2026-05-18T16:35:04.998164+00:00
6813,INPROC_4D0D5A,1,10,team1,Team 1 (N/S),83,37,9,♣,finished,2026-05-18T16:35:05.014723+00:00
6814,INPROC_5C593D,1,10,team1,Team 1 (N/S),83,37,16,♦,finished,2026-05-18T16:35:05.028558+00:00
6815,INPROC_B4D24D,1,10,team1,Team 1 (N/S),97,23,6,♣,finished,2026-05-18T16:35:05.042069+00:00
6816,INPROC_4EC2F2,1,10,team1,Team 1 (N/S),61,59,30,♠,finished,2026-05-18T16:35:05.055899+00:00
6817,INPROC_2CA458,1,10,team1,Team 1 (N/S),90,30,21,♥,finished,2026-05-18T16:35:05.070333+00:00
6818,INPROC_D0CD46,1,10,team1,Team 1 (N/S),98,22,30,♠,finished,2026-05-18T16:35:05.085620+00:00
6819,INPROC_446966,1,10,team1,Team 1 (N/S),61,59,39,♠,finished,2026-05-18T16:35:05.100323+00:00
6820,INPROC_6A4361,1,10,team1,Team 1 (N/S),89,31,6,♣,finished,2026-05-18T16:35:05.115164+00:00
6821,INPROC_DCE27F,1,10,team1,Team 1 (N/S),107,13,35,♠,finished,2026-05-18T16:35:05.130639+00:00
6822,INPROC_D2CE80,1,10,team1,Team 1 (N/S),64,56,30,♠,finished,2026-05-18T16:35:05.143126+00:00
6823,INPROC_689749,1,10,team1,Team 1 (N/S),90,30,3,♣,finished,2026-05-18T16:35:05.157950+00:00
6824,INPROC_E6BAF7,1,10,team2,Team 2 (E/W),48,72,3,♣,finished,2026-05-18T16:35:05.170968+00:00
6825,INPROC_A1B62D,1,10,team1,Team 1 (N/S),62,58,12,♦,finished,2026-05-18T16:35:05.188056+00:00
6826,INPROC_707DE7,1,10,team1,Team 1 (N/S),64,56,17,♦,finished,2026-05-18T16:35:05.203413+00:00
6827,INPROC_C26398,1,10,team1,Team 1 (N/S),67,53,1,♣,finished,2026-05-18T16:35:05.219528+00:00
6828,INPROC_FBEE69,1,10,team1,Team 1 (N/S),86,34,14,♦,finished,2026-05-18T16:35:05.233776+00:00
6829,INPROC_D89C9D,1,10,team1,Team 1 (N/S),69,51,35,♠,finished,2026-05-18T16:35:05.246533+00:00
6830,INPROC_9EF295,1,10,team1,Team 1 (N/S),90,30,21,♥,finished,2026-05-18T16:35:05.262072+00:00
6831,INPROC_524EE9,1,10,team1,Team 1 (N/S),93,27,4,♣,finished,2026-05-18T16:35:05.279514+00:00
6832,INPROC_4DCA9C,1,10,team1,Team 1 (N/S),107,13,7,♣,finished,2026-05-18T16:35:05.296738+00:00
6833,INPROC_EEB192,1,10,team1,Team 1 (N/S),62,58,21,♥,finished,2026-05-18T16:35:05.312240+00:00
6834,INPROC_E5C169,1,10,team2,Team 2 (E/W),24,96,34,♠,finished,2026-05-18T16:35:05.324846+00:00
6835,INPROC_E2C6D1,1,10,team2,Team 2 (E/W),46,74,3,♣,finished,2026-05-18T16:35:05.339840+00:00
6836,INPROC_24B129,1,10,team1,Team 1 (N/S),61,59,23,♥,finished,2026-05-18T16:35:05.354788+00:00
6837,INPROC_323EAE,1,10,team2,Team 2 (E/W),56,64,35,♠,finished,2026-05-18T16:35:05.374809+00:00
6838,INPROC_0CD028,1,10,draw,draw,60,60,20,♥,finished,2026-05-18T16:35:05.394325+00:00
6839,INPROC_8151EE,1,10,team1,Team 1 (N/S),74,46,29,♥,finished,2026-05-18T16:35:05.409750+00:00
6840,INPROC_DC6C89,1,10,draw,draw,60,60,8,♣,finished,2026-05-18T16:35:05.422990+00:00
6841,INPROC_405F5D,1,10,team1,Team 1 (N/S),105,15,30,♠,finished,2026-05-18T16:35:05.437888+00:00
6842,INPROC_A65B74,1,10,team2,Team 2 (E/W),58,62,30,♠,finished,2026-05-18T16:35:05.452856+00:00
6843,INPROC_E71D12,1,10,team1,Team 1 (N/S),66,54,37,♠,finished,2026-05-18T16:35:05.470235+00:00
6844,INPROC_E5B33C,1,10,team1,Team 1 (N/S),76,44,36,♠,finished,2026-05-18T16:35:05.486682+00:00
6845,INPROC_A81E66,1,10,team1,Team 1 (N/S),61,59,26,♥,finished,2026-05-18T16:35:05.505424+00:00
6846,INPROC_4010C6,1,10,team2,Team 2 (E/W),48,72,7,♣,finished,2026-05-18T16:35:05.521609+00:00
6847,INPROC_BD79CA,1,10,team1,Team 1 (N/S),83,37,16,♦,finished,2026-05-18T16:35:05.538866+00:00
6848,INPROC_94EA68,1,10,team1,Team 1 (N/S),89,31,0,♣,finished,2026-05-18T16:35:05.557219+00:00
6849,INPROC_7B85DC,1,10,team2,Team 2 (E/W),34,86,28,♥,finished,2026-05-18T16:35:05.575065+00:00
6850,INPROC_A42AE3,1,10,team1,Team 1 (N/S),102,18,36,♠,finished,2026-05-18T16:35:05.590843+00:00
6851,INPROC_E20472,1,10,team2,Team 2 (E/W),58,62,27,♥,finished,2026-05-18T16:35:05.607985+00:00
6852,INPROC_FEEDAF,1,10,team2,Team 2 (E/W),43,77,5,♣,finished,2026-05-18T16:35:05.622407+00:00
6853,INPROC_7345E0,1,10,team2,Team 2 (E/W),52,68,16,♦,finished,2026-05-18T16:35:05.636158+00:00
6854,INPROC_20DA3B,1,10,team1,Team 1 (N/S),76,44,11,♦,finished,2026-05-18T16:35:05.653483+00:00
6855,INPROC_E980DB,1,10,team1,Team 1 (N/S),85,35,0,♣,finished,2026-05-18T16:35:05.673067+00:00
6856,INPROC_F5471E,1,10,team1,Team 1 (N/S),65,55,27,♥,finished,2026-05-18T16:35:05.691612+00:00
6857,INPROC_956CC0,1,10,team2,Team 2 (E/W),57,63,31,♠,finished,2026-05-18T16:35:05.710888+00:00
6858,INPROC_04C38C,1,10,team1,Team 1 (N/S),73,47,8,♣,finished,2026-05-18T16:35:05.726490+00:00
6859,INPROC_CA5A0B,1,10,team1,Team 1 (N/S),70,50,20,♥,finished,2026-05-18T16:35:05.743130+00:00
6860,INPROC_56099C,1,10,team1,Team 1 (N/S),78,42,10,♦,finished,2026-05-18T16:35:05.758961+00:00
6861,INPROC_09EC9F,1,10,team1,Team 1 (N/S),104,16,39,♠,finished,2026-05-18T16:35:05.774773+00:00
6862,INPROC_6BE0EF,1,10,team1,Team 1 (N/S),97,23,33,♠,finished,2026-05-18T16:35:05.790752+00:00
6863,INPROC_D5F0C9,1,10,team1,Team 1 (N/S),89,31,38,♠,finished,2026-05-18T16:35:05.806100+00:00
6864,INPROC_64990B,1,10,team1,Team 1 (N/S),80,40,25,♥,finished,2026-05-18T16:35:05.821817+00:00
6865,INPROC_EA2451,1,10,team1,Team 1 (N/S),92,28,15,♦,finished,2026-05-18T16:35:05.837199+00:00
6866,INPROC_1E0820,1,10,team2,Team 2 (E/W),51,69,38,♠,finished,2026-05-18T16:35:05.851834+00:00
6867,INPROC_C8D9B8,1,10,team2,Team 2 (E/W),54,66,29,♥,finished,2026-05-18T16:35:05.868760+00:00
6868,INPROC_37E620,1,10,team2,Team 2 (E/W),56,64,16,♦,finished,2026-05-18T16:35:05.885337+00:00
6869,INPROC_BBF9F8,1,10,team1,Team 1 (N/S),61,59,14,♦,finished,2026-05-18T16:35:05.900853+00:00
6870,INPROC_E0300D,1,10,team1,Team 1 (N/S),120,0,8,♣,finished,2026-05-18T16:35:05.918836+00:00
6871,INPROC_817560,1,10,team1,Team 1 (N/S),98,22,34,♠,finished,2026-05-18T16:35:05.932562+00:00
6872,INPROC_8067B9,1,10,team1,Team 1 (N/S),73,47,21,♥,finished,2026-05-18T16:35:05.946730+00:00
6873,INPROC_E91895,1,10,team2,Team 2 (E/W),44,76,19,♦,finished,2026-05-18T16:35:05.959896+00:00
6874,INPROC_24EC27,1,10,team1,Team 1 (N/S),65,55,0,♣,finished,2026-05-18T16:35:05.973663+00:00
6875,INPROC_3D4DC0,1,10,team1,Team 1 (N/S),95,25,25,♥,finished,2026-05-18T16:35:05.989536+00:00
6876,INPROC_AD8032,1,10,team2,Team 2 (E/W),41,79,19,♦,finished,2026-05-18T16:35:06.005787+00:00
6877,INPROC_A03991,1,10,team1,Team 1 (N/S),90,30,2,♣,finished,2026-05-18T16:35:06.021595+00:00
6878,INPROC_AC997C,1,10,team2,Team 2 (E/W),43,77,3,♣,finished,2026-05-18T16:35:06.037890+00:00
6879,INPROC_C79894,1,10,team1,Team 1 (N/S),72,48,7,♣,finished,2026-05-18T16:35:06.054367+00:00
6880,INPROC_300187,1,10,team2,Team 2 (E/W),17,103,29,♥,finished,2026-05-18T16:35:06.069764+00:00
6881,INPROC_01D2E6,1,10,team2,Team 2 (E/W),28,92,20,♥,finished,2026-05-18T16:35:06.083992+00:00
6882,INPROC_C399FA,1,10,team1,Team 1 (N/S),104,16,14,♦,finished,2026-05-18T16:35:06.093332+00:00
6883,INPROC_45D008,1,10,team1,Team 1 (N/S),96,24,2,♣,finished,2026-05-18T16:35:06.101766+00:00
6884,INPROC_62CFD4,1,10,team2,Team 2 (E/W),49,71,13,♦,finished,2026-05-18T16:35:06.117347+00:00
6885,INPROC_AD2609,1,10,team2,Team 2 (E/W),45,75,33,♠,finished,2026-05-18T16:35:06.128962+00:00
6886,INPROC_37BF7A,1,10,team1,Team 1 (N/S),74,46,32,♠,finished,2026-05-18T16:35:06.144356+00:00
6887,INPROC_09B5EA,1,10,team2,Team 2 (E/W),44,76,26,♥,finished,2026-05-18T16:35:06.156396+00:00
6888,INPROC_661419,1,10,team2,Team 2 (E/W),36,84,15,♦,finished,2026-05-18T16:35:06.174993+00:00
6889,INPROC_033ACC,1,10,team1,Team 1 (N/S),70,50,25,♥,finished,2026-05-18T16:35:06.189834+00:00
6890,INPROC_D2062A,1,10,team1,Team 1 (N/S),107,13,24,♥,finished,2026-05-18T16:35:06.207003+00:00
6891,INPROC_CAAFC6,1,10,team2,Team 2 (E/W),56,64,35,♠,finished,2026-05-18T16:35:06.224149+00:00
6892,INPROC_AAD434,1,10,team1,Team 1 (N/S),70,50,29,♥,finished,2026-05-18T16:35:06.239991+00:00
6893,INPROC_254F9C,1,10,team1,Team 1 (N/S),66,54,18,♦,finished,2026-05-18T16:35:06.257830+00:00
6894,INPROC_07891C,1,10,team2,Team 2 (E/W),58,62,1,♣,finished,2026-05-18T16:35:06.274249+00:00
6895,INPROC_1A23FD,1,10,team1,Team 1 (N/S),102,18,35,♠,finished,2026-05-18T16:35:06.290840+00:00
6896,INPROC_8D1697,1,10,team1,Team 1 (N/S),75,45,4,♣,finished,2026-05-18T16:35:06.299931+00:00
6897,INPROC_DF2571,1,10,team2,Team 2 (E/W),57,63,14,♦,finished,2026-05-18T16:35:06.312249+00:00
6898,INPROC_84521A,1,10,team2,Team 2 (E/W),57,63,9,♣,finished,2026-05-18T16:35:06.325716+00:00
6899,INPROC_91ABB6,1,10,team2,Team 2 (E/W),33,87,9,♣,finished,2026-05-18T16:35:06.341384+00:00
6900,INPROC_6391B6,1,10,team2,Team 2 (E/W),17,103,31,♠,finished,2026-05-18T16:35:06.356314+00:00
6901,INPROC_FC5438,1,10,team2,Team 2 (E/W),30,90,39,♠,finished,2026-05-18T16:35:06.371730+00:00
6902,INPROC_B1D025,1,10,team1,Team 1 (N/S),92,28,7,♣,finished,2026-05-18T16:35:06.388727+00:00
6903,INPROC_C5BD9C,1,10,team2,Team 2 (E/W),7,113,28,♥,finished,2026-05-18T16:35:06.405024+00:00
6904,INPROC_77063D,1,10,team1,Team 1 (N/S),106,14,28,♥,finished,2026-05-18T16:35:06.420121+00:00
6905,INPROC_7F7908,1,10,team1,Team 1 (N/S),83,37,36,♠,finished,2026-05-18T16:35:06.437027+00:00
6906,INPROC_9E8AF7,1,10,team1,Team 1 (N/S),63,57,14,♦,finished,2026-05-18T16:35:06.453379+00:00
6907,INPROC_D5358B,1,10,team1,Team 1 (N/S),97,23,0,♣,finished,2026-05-18T16:35:06.468775+00:00
6908,INPROC_8B3FDF,1,10,team2,Team 2 (E/W),51,69,20,♥,finished,2026-05-18T16:35:06.484822+00:00
6909,INPROC_B19526,1,10,team1,Team 1 (N/S),92,28,33,♠,finished,2026-05-18T16:35:06.494128+00:00
6910,INPROC_723EBA,1,10,team2,Team 2 (E/W),51,69,36,♠,finished,2026-05-18T16:35:06.504888+00:00
6911,INPROC_54EACE,1,10,team2,Team 2 (E/W),50,70,26,♥,finished,2026-05-18T16:35:06.515871+00:00
6912,INPROC_76A770,1,10,team2,Team 2 (E/W),18,102,18,♦,finished,2026-05-18T16:35:06.532154+00:00
6913,INPROC_E3F498,1,10,team1,Team 1 (N/S),61,59,37,♠,finished,2026-05-18T16:35:06.548394+00:00
6914,INPROC_3DFB50,1,10,team1,Team 1 (N/S),75,45,20,♥,finished,2026-05-18T16:35:06.557716+00:00
6915,INPROC_EE32B3,1,10,team1,Team 1 (N/S),86,34,15,♦,finished,2026-05-18T16:35:06.569314+00:00
6916,INPROC_CE0521,1,10,team1,Team 1 (N/S),98,22,5,♣,finished,2026-05-18T16:35:06.585231+00:00
6917,INPROC_BF92ED,1,10,team1,Team 1 (N/S),89,31,2,♣,finished,2026-05-18T16:35:06.600756+00:00
6918,INPROC_69B4B5,1,10,team1,Team 1 (N/S),71,49,23,♥,finished,2026-05-18T16:35:06.615401+00:00
6919,INPROC_5D81FC,1,10,team1,Team 1 (N/S),70,50,18,♦,finished,2026-05-18T16:35:06.629841+00:00
6920,INPROC_33472E,1,10,team2,Team 2 (E/W),57,63,36,♠,finished,2026-05-18T16:35:06.645096+00:00
6921,INPROC_AC71AE,1,10,team1,Team 1 (N/S),66,54,18,♦,finished,2026-05-18T16:35:06.662303+00:00
6922,INPROC_35DB07,1,10,team2,Team 2 (E/W),35,85,15,♦,finished,2026-05-18T16:35:06.678065+00:00
6923,INPROC_1FFF56,1,10,team1,Team 1 (N/S),72,48,6,♣,finished,2026-05-18T16:35:06.695338+00:00
6924,INPROC_989EE0,1,10,team2,Team 2 (E/W),24,96,13,♦,finished,2026-05-18T16:35:06.712317+00:00
6925,INPROC_6FAF7A,1,10,team2,Team 2 (E/W),45,75,37,♠,finished,2026-05-18T16:35:06.730388+00:00
6926,INPROC_056DD7,1,10,team2,Team 2 (E/W),33,87,33,♠,finished,2026-05-18T16:35:06.747018+00:00
6927,INPROC_61E7DE,1,10,team2,Team 2 (E/W),44,76,2,♣,finished,2026-05-18T16:35:06.761937+00:00
6928,INPROC_1342A9,1,10,team1,Team 1 (N/S),100,20,2,♣,finished,2026-05-18T16:35:06.776492+00:00
6929,INPROC_5770AD,1,10,team1,Team 1 (N/S),106,14,22,♥,finished,2026-05-18T16:35:06.791366+00:00
6930,INPROC_233179,1,10,team1,Team 1 (N/S),78,42,9,♣,finished,2026-05-18T16:35:06.806942+00:00
6931,INPROC_315FDB,1,10,team1,Team 1 (N/S),99,21,12,♦,finished,2026-05-18T16:35:06.822190+00:00
6932,INPROC_81B805,1,10,team2,Team 2 (E/W),25,95,14,♦,finished,2026-05-18T16:35:06.838172+00:00
6933,INPROC_B2E9CD,1,10,team2,Team 2 (E/W),53,67,16,♦,finished,2026-05-18T16:35:06.854111+00:00
6934,INPROC_8A4FE7,1,10,team1,Team 1 (N/S),90,30,28,♥,finished,2026-05-18T16:35:06.870163+00:00
6935,INPROC_23FCD3,1,10,team1,Team 1 (N/S),86,34,25,♥,finished,2026-05-18T16:35:06.885868+00:00
6936,INPROC_ECB2E4,1,10,team1,Team 1 (N/S),75,45,0,♣,finished,2026-05-18T16:35:06.903675+00:00
6937,INPROC_1192F9,1,10,team1,Team 1 (N/S),93,27,0,♣,finished,2026-05-18T16:35:06.915223+00:00
6938,INPROC_D028B6,1,10,team2,Team 2 (E/W),50,70,28,♥,finished,2026-05-18T16:35:06.929336+00:00
6939,INPROC_7FC78F,1,10,team1,Team 1 (N/S),66,54,1,♣,finished,2026-05-18T16:35:06.945759+00:00
6940,INPROC_56AD89,1,10,team1,Team 1 (N/S),78,42,37,♠,finished,2026-05-18T16:35:06.963787+00:00
6941,INPROC_4AEF77,1,10,team1,Team 1 (N/S),120,0,35,♠,finished,2026-05-18T16:35:06.982575+00:00
6942,INPROC_273CA8,1,10,team1,Team 1 (N/S),61,59,18,♦,finished,2026-05-18T16:35:06.998461+00:00
6943,INPROC_9B0009,1,10,team1,Team 1 (N/S),77,43,17,♦,finished,2026-05-18T16:35:07.015325+00:00
6944,INPROC_90D83A,1,10,team1,Team 1 (N/S),89,31,34,♠,finished,2026-05-18T16:35:07.031540+00:00
6945,INPROC_F1C94A,1,10,team1,Team 1 (N/S),75,45,21,♥,finished,2026-05-18T16:35:07.048624+00:00
6946,INPROC_80462E,1,10,team2,Team 2 (E/W),47,73,5,♣,finished,2026-05-18T16:35:07.063285+00:00
6947,INPROC_B6B699,1,10,team1,Team 1 (N/S),74,46,22,♥,finished,2026-05-18T16:35:07.078292+00:00
6948,INPROC_655FB4,1,10,team2,Team 2 (E/W),53,67,38,♠,finished,2026-05-18T16:35:07.092490+00:00
6949,INPROC_CBC4B4,1,10,team2,Team 2 (E/W),54,66,35,♠,finished,2026-05-18T16:35:07.106465+00:00
6950,INPROC_FE21FE,1,10,team1,Team 1 (N/S),69,51,0,♣,finished,2026-05-18T16:35:07.119448+00:00
6951,INPROC_B546BC,1,10,team1,Team 1 (N/S),110,10,33,♠,finished,2026-05-18T16:35:07.130809+00:00
6952,INPROC_A396BB,1,10,team2,Team 2 (E/W),15,105,2,♣,finished,2026-05-18T16:35:07.144457+00:00
6953,INPROC_B6F539,1,10,team2,Team 2 (E/W),48,72,13,♦,finished,2026-05-18T16:35:07.156735+00:00
6954,INPROC_A899DF,1,10,team2,Team 2 (E/W),46,74,18,♦,finished,2026-05-18T16:35:07.169680+00:00
6955,INPROC_E8FB9D,1,10,team1,Team 1 (N/S),63,57,21,♥,finished,2026-05-18T16:35:07.179401+00:00
6956,INPROC_F49A43,1,10,team1,Team 1 (N/S),91,29,24,♥,finished,2026-05-18T16:35:07.193674+00:00
6957,INPROC_47924F,1,10,team1,Team 1 (N/S),107,13,33,♠,finished,2026-05-18T16:35:07.208337+00:00
6958,INPROC_49CCAD,1,10,team1,Team 1 (N/S),97,23,13,♦,finished,2026-05-18T16:35:07.223078+00:00
6959,INPROC_8BEC57,1,10,team1,Team 1 (N/S),63,57,37,♠,finished,2026-05-18T16:35:07.240132+00:00
6960,INPROC_F900F7,1,10,team1,Team 1 (N/S),90,30,13,♦,finished,2026-05-18T16:35:07.255560+00:00
6961,INPROC_17281C,1,10,team1,Team 1 (N/S),77,43,20,♥,finished,2026-05-18T16:35:07.271770+00:00
6962,INPROC_839B3E,1,10,team2,Team 2 (E/W),37,83,7,♣,finished,2026-05-18T16:35:07.289610+00:00
6963,INPROC_4995E0,1,10,team2,Team 2 (E/W),53,67,28,♥,finished,2026-05-18T16:35:07.304905+00:00
6964,INPROC_6EAB4B,1,10,team1,Team 1 (N/S),115,5,3,♣,finished,2026-05-18T16:35:07.320310+00:00
6965,INPROC_848963,1,10,team1,Team 1 (N/S),78,42,25,♥,finished,2026-05-18T16:35:07.336129+00:00
6966,INPROC_765E61,1,10,team1,Team 1 (N/S),70,50,13,♦,finished,2026-05-18T16:35:07.352220+00:00
6967,INPROC_3383EC,1,10,team1,Team 1 (N/S),61,59,8,♣,finished,2026-05-18T16:35:07.368774+00:00
6968,INPROC_FBB441,1,10,team1,Team 1 (N/S),78,42,22,♥,finished,2026-05-18T16:35:07.384683+00:00
6969,INPROC_0E5FD1,1,10,team2,Team 2 (E/W),51,69,18,♦,finished,2026-05-18T16:35:07.403022+00:00
6970,INPROC_6DBB17,1,10,team1,Team 1 (N/S),94,26,4,♣,finished,2026-05-18T16:35:07.419814+00:00
6971,INPROC_A3E91F,1,10,team2,Team 2 (E/W),40,80,19,♦,finished,2026-05-18T16:35:07.436441+00:00
6972,INPROC_2CACFB,1,10,team1,Team 1 (N/S),74,46,15,♦,finished,2026-05-18T16:35:07.450443+00:00
6973,INPROC_F68033,1,10,team1,Team 1 (N/S),111,9,3,♣,finished,2026-05-18T16:35:07.458634+00:00
6974,INPROC_E5BC69,1,10,team1,Team 1 (N/S),62,58,16,♦,finished,2026-05-18T16:35:07.467738+00:00
6975,INPROC_67CE51,1,10,team1,Team 1 (N/S),66,54,34,♠,finished,2026-05-18T16:35:07.476389+00:00
6976,INPROC_0DFC93,1,10,team2,Team 2 (E/W),58,62,12,♦,finished,2026-05-18T16:35:07.490796+00:00
6977,INPROC_A99791,1,10,team2,Team 2 (E/W),23,97,1,♣,finished,2026-05-18T16:35:07.501414+00:00
6978,INPROC_D40235,1,10,team2,Team 2 (E/W),59,61,11,♦,finished,2026-05-18T16:35:07.514896+00:00
6979,INPROC_DD7C0A,1,10,team2,Team 2 (E/W),46,74,31,♠,finished,2026-05-18T16:35:07.531862+00:00
6980,INPROC_9AC52C,1,10,team1,Team 1 (N/S),78,42,7,♣,finished,2026-05-18T16:35:07.548451+00:00
6981,INPROC_832DC4,1,10,team2,Team 2 (E/W),46,74,15,♦,finished,2026-05-18T16:35:07.563223+00:00
6982,INPROC_892E6C,1,10,team1,Team 1 (N/S),76,44,9,♣,finished,2026-05-18T16:35:07.578949+00:00
6983,INPROC_9929B2,1,10,team2,Team 2 (E/W),53,67,9,♣,finished,2026-05-18T16:35:07.594448+00:00
6984,INPROC_9C9492,1,10,team2,Team 2 (E/W),43,77,10,♦,finished,2026-05-18T16:35:07.603240+00:00
6985,INPROC_37CED4,1,10,team1,Team 1 (N/S),74,46,31,♠,finished,2026-05-18T16:35:07.612873+00:00
6986,INPROC_1FC3D7,1,10,team1,Team 1 (N/S),75,45,28,♥,finished,2026-05-18T16:35:07.625581+00:00
6987,INPROC_54D0F1,1,10,team1,Team 1 (N/S),91,29,15,♦,finished,2026-05-18T16:35:07.641961+00:00
6988,INPROC_5C3A17,1,10,team2,Team 2 (E/W),31,89,28,♥,finished,2026-05-18T16:35:07.657690+00:00
6989,INPROC_69E9DA,1,10,team1,Team 1 (N/S),88,32,25,♥,finished,2026-05-18T16:35:07.673706+00:00
6990,INPROC_BD27CE,1,10,team1,Team 1 (N/S),97,23,33,♠,finished,2026-05-18T16:35:07.689364+00:00
6991,INPROC_166B02,1,10,team2,Team 2 (E/W),29,91,33,♠,finished,2026-05-18T16:35:07.705939+00:00
6992,INPROC_D8BF10,1,10,team1,Team 1 (N/S),67,53,16,♦,finished,2026-05-18T16:35:07.721796+00:00
6993,INPROC_ECA39D,1,10,team2,Team 2 (E/W),57,63,18,♦,finished,2026-05-18T16:35:07.737042+00:00
6994,INPROC_70DF44,1,10,team2,Team 2 (E/W),46,74,10,♦,finished,2026-05-18T16:35:07.745640+00:00
6995,INPROC_E9BA4A,1,10,team2,Team 2 (E/W),30,90,31,♠,finished,2026-05-18T16:35:07.754762+00:00
6996,INPROC_0132CB,1,10,team1,Team 1 (N/S),83,37,33,♠,finished,2026-05-18T16:35:07.763608+00:00
6997,INPROC_B40D6B,1,10,team1,Team 1 (N/S),92,28,34,♠,finished,2026-05-18T16:35:07.776995+00:00
6998,INPROC_5F1489,1,10,team1,Team 1 (N/S),63,57,11,♦,finished,2026-05-18T16:35:07.792260+00:00
6999,INPROC_835CAD,1,10,team1,Team 1 (N/S),118,2,30,♠,finished,2026-05-18T16:35:07.805820+00:00
7000,INPROC_249DE9,1,10,team2,Team 2 (E/W),34,86,38,♠,finished,2026-05-18T16:35:07.820001+00:00
7001,INPROC_1468D5,1,10,team2,Team 2 (E/W),54,66,17,♦,finished,2026-05-18T16:35:07.834778+00:00
7002,INPROC_601268,1,10,team1,Team 1 (N/S),117,3,5,♣,finished,2026-05-18T16:35:07.849754+00:00
7003,INPROC_EAC31C,1,10,team1,Team 1 (N/S),73,47,33,♠,finished,2026-05-18T16:35:07.867295+00:00
7004,INPROC_C366BF,1,10,team1,Team 1 (N/S),72,48,2,♣,finished,2026-05-18T16:35:07.876815+00:00
7005,INPROC_4658C8,1,10,team1,Team 1 (N/S),101,19,31,♠,finished,2026-05-18T16:35:07.891734+00:00
7006,INPROC_33A832,1,10,team2,Team 2 (E/W),42,78,8,♣,finished,2026-05-18T16:35:07.906816+00:00
7007,INPROC_B4BC38,1,10,team1,Team 1 (N/S),102,18,2,♣,finished,2026-05-18T16:35:07.921519+00:00
7008,INPROC_9D9283,1,10,team1,Team 1 (N/S),89,31,36,♠,finished,2026-05-18T16:35:07.938775+00:00
7009,INPROC_2C7469,1,10,team2,Team 2 (E/W),49,71,26,♥,finished,2026-05-18T16:35:07.953164+00:00
7010,INPROC_1506B2,1,10,team1,Team 1 (N/S),99,21,15,♦,finished,2026-05-18T16:35:07.971732+00:00
7011,INPROC_72B0AE,1,10,team1,Team 1 (N/S),114,6,27,♥,finished,2026-05-18T16:35:07.992090+00:00
7012,INPROC_361129,1,10,team2,Team 2 (E/W),47,73,39,♠,finished,2026-05-18T16:35:08.006982+00:00
7013,INPROC_901016,1,10,team1,Team 1 (N/S),88,32,29,♥,finished,2026-05-18T16:35:08.023771+00:00
7014,INPROC_B2B78B,1,10,team1,Team 1 (N/S),85,35,17,♦,finished,2026-05-18T16:35:08.043595+00:00
7015,INPROC_0F463B,1,10,team1,Team 1 (N/S),92,28,12,♦,finished,2026-05-18T16:35:08.060024+00:00
7016,INPROC_3DAB0D,1,10,team1,Team 1 (N/S),66,54,9,♣,finished,2026-05-18T16:35:08.076241+00:00
7017,INPROC_D21036,1,10,team1,Team 1 (N/S),69,51,38,♠,finished,2026-05-18T16:35:08.095170+00:00
7018,INPROC_69CCA4,1,10,team2,Team 2 (E/W),47,73,35,♠,finished,2026-05-18T16:35:08.106174+00:00
7019,INPROC_E00EBC,1,10,team1,Team 1 (N/S),61,59,9,♣,finished,2026-05-18T16:35:08.124434+00:00
7020,INPROC_F48BCF,1,10,team1,Team 1 (N/S),85,35,17,♦,finished,2026-05-18T16:35:08.141845+00:00
7021,INPROC_951524,1,10,team1,Team 1 (N/S),63,57,26,♥,finished,2026-05-18T16:35:08.161539+00:00
7022,INPROC_A52782,1,10,team1,Team 1 (N/S),70,50,19,♦,finished,2026-05-18T16:35:08.178369+00:00
7023,INPROC_C9001E,1,10,team1,Team 1 (N/S),120,0,10,♦,finished,2026-05-18T16:35:08.194405+00:00
7024,INPROC_401288,1,10,team1,Team 1 (N/S),64,56,14,♦,finished,2026-05-18T16:35:08.212880+00:00
7025,INPROC_0B4C5A,1,10,team1,Team 1 (N/S),83,37,19,♦,finished,2026-05-18T16:35:08.230145+00:00
7026,INPROC_96FF85,1,10,team1,Team 1 (N/S),81,39,31,♠,finished,2026-05-18T16:35:08.250083+00:00
7027,INPROC_79BF14,1,10,team1,Team 1 (N/S),80,40,13,♦,finished,2026-05-18T16:35:08.268379+00:00
7028,INPROC_FDEC97,1,10,team1,Team 1 (N/S),84,36,22,♥,finished,2026-05-18T16:35:08.284860+00:00
7029,INPROC_234C02,1,10,team1,Team 1 (N/S),73,47,26,♥,finished,2026-05-18T16:35:08.301526+00:00
7030,INPROC_8BE444,1,10,team2,Team 2 (E/W),59,61,31,♠,finished,2026-05-18T16:35:08.319915+00:00
7031,INPROC_5FF115,1,10,team1,Team 1 (N/S),100,20,8,♣,finished,2026-05-18T16:35:08.337238+00:00
7032,INPROC_0E838C,1,10,team1,Team 1 (N/S),73,47,26,♥,finished,2026-05-18T16:35:08.352820+00:00
7033,INPROC_ED598E,1,10,team2,Team 2 (E/W),23,97,36,♠,finished,2026-05-18T16:35:08.364930+00:00
7034,INPROC_1D8518,1,10,team1,Team 1 (N/S),61,59,26,♥,finished,2026-05-18T16:35:08.379357+00:00
7035,INPROC_C0506D,1,10,team1,Team 1 (N/S),62,58,21,♥,finished,2026-05-18T16:35:08.399162+00:00
7036,INPROC_0A5806,1,10,team1,Team 1 (N/S),68,52,26,♥,finished,2026-05-18T16:35:08.415774+00:00
7037,INPROC_F2D38B,1,10,team2,Team 2 (E/W),46,74,23,♥,finished,2026-05-18T16:35:08.431173+00:00
7038,INPROC_BD675A,1,10,team1,Team 1 (N/S),61,59,7,♣,finished,2026-05-18T16:35:08.448122+00:00
7039,INPROC_51D9AD,1,10,team1,Team 1 (N/S),86,34,0,♣,finished,2026-05-18T16:35:08.465583+00:00
7040,INPROC_D4B601,1,10,team1,Team 1 (N/S),73,47,16,♦,finished,2026-05-18T16:35:08.482263+00:00
7041,INPROC_2B6DDF,1,10,team1,Team 1 (N/S),97,23,0,♣,finished,2026-05-18T16:35:08.499332+00:00
7042,INPROC_7101A0,1,10,team1,Team 1 (N/S),99,21,33,♠,finished,2026-05-18T16:35:08.513484+00:00
7043,INPROC_FA7E90,1,10,team1,Team 1 (N/S),63,57,8,♣,finished,2026-05-18T16:35:08.526944+00:00
7044,INPROC_CC0E04,1,10,team1,Team 1 (N/S),94,26,26,♥,finished,2026-05-18T16:35:08.543782+00:00
7045,INPROC_9C8815,1,10,team1,Team 1 (N/S),75,45,16,♦,finished,2026-05-18T16:35:08.557117+00:00
7046,INPROC_7BA89D,1,10,team2,Team 2 (E/W),56,64,34,♠,finished,2026-05-18T16:35:08.573238+00:00
7047,INPROC_75F364,1,10,team1,Team 1 (N/S),75,45,15,♦,finished,2026-05-18T16:35:08.589396+00:00
7048,INPROC_5E9DE8,1,10,team2,Team 2 (E/W),49,71,39,♠,finished,2026-05-18T16:35:08.605992+00:00
7049,INPROC_CC4EAF,1,10,team1,Team 1 (N/S),98,22,30,♠,finished,2026-05-18T16:35:08.615878+00:00
7050,INPROC_C8C2EE,1,10,team1,Team 1 (N/S),69,51,6,♣,finished,2026-05-18T16:35:08.625231+00:00
7051,INPROC_FCC629,1,10,team1,Team 1 (N/S),99,21,33,♠,finished,2026-05-18T16:35:08.634891+00:00
7052,INPROC_AAF2DE,1,10,team1,Team 1 (N/S),94,26,2,♣,finished,2026-05-18T16:35:08.648728+00:00
7053,INPROC_701015,1,10,team1,Team 1 (N/S),79,41,12,♦,finished,2026-05-18T16:35:08.661743+00:00
7054,INPROC_F354AC,1,10,team1,Team 1 (N/S),70,50,38,♠,finished,2026-05-18T16:35:08.672375+00:00
7055,INPROC_A4E6FF,1,10,team1,Team 1 (N/S),77,43,19,♦,finished,2026-05-18T16:35:08.684926+00:00
7056,INPROC_28F35F,1,10,team2,Team 2 (E/W),48,72,39,♠,finished,2026-05-18T16:35:08.697717+00:00
7057,INPROC_1CD70C,1,10,team2,Team 2 (E/W),49,71,33,♠,finished,2026-05-18T16:35:08.712801+00:00
7058,INPROC_F29ED0,1,10,team1,Team 1 (N/S),92,28,21,♥,finished,2026-05-18T16:35:08.730821+00:00
7059,INPROC_0A141B,1,10,team2,Team 2 (E/W),55,65,13,♦,finished,2026-05-18T16:35:08.744822+00:00
7060,INPROC_80C94C,1,10,team1,Team 1 (N/S),78,42,19,♦,finished,2026-05-18T16:35:08.760590+00:00
7061,INPROC_AF6E92,1,10,team1,Team 1 (N/S),82,38,24,♥,finished,2026-05-18T16:35:08.775898+00:00
7062,INPROC_937632,1,10,team2,Team 2 (E/W),45,75,18,♦,finished,2026-05-18T16:35:08.789133+00:00
7063,INPROC_0C21D7,1,10,team1,Team 1 (N/S),69,51,27,♥,finished,2026-05-18T16:35:08.799951+00:00
7064,INPROC_1BA377,1,10,team1,Team 1 (N/S),117,3,20,♥,finished,2026-05-18T16:35:08.814699+00:00
7065,INPROC_9823C0,1,10,team1,Team 1 (N/S),70,50,8,♣,finished,2026-05-18T16:35:08.829823+00:00
7066,INPROC_8BFAA5,1,10,team1,Team 1 (N/S),71,49,34,♠,finished,2026-05-18T16:35:08.845801+00:00
7067,INPROC_DE2BD3,1,10,team2,Team 2 (E/W),37,83,17,♦,finished,2026-05-18T16:35:08.861347+00:00
7068,INPROC_C34605,1,10,team1,Team 1 (N/S),76,44,8,♣,finished,2026-05-18T16:35:08.878315+00:00
7069,INPROC_EA335A,1,10,team1,Team 1 (N/S),66,54,28,♥,finished,2026-05-18T16:35:08.894990+00:00
7070,INPROC_501208,1,10,team1,Team 1 (N/S),81,39,12,♦,finished,2026-05-18T16:35:08.910701+00:00
7071,INPROC_475877,1,10,team1,Team 1 (N/S),87,33,22,♥,finished,2026-05-18T16:35:08.927693+00:00
7072,INPROC_CFB019,1,10,team2,Team 2 (E/W),27,93,27,♥,finished,2026-05-18T16:35:08.943496+00:00
7073,INPROC_E612FD,1,10,team2,Team 2 (E/W),48,72,0,♣,finished,2026-05-18T16:35:08.961545+00:00
7074,INPROC_B843A1,1,10,team1,Team 1 (N/S),103,17,7,♣,finished,2026-05-18T16:35:08.981349+00:00
7075,INPROC_5C5892,1,10,team1,Team 1 (N/S),67,53,8,♣,finished,2026-05-18T16:35:08.999616+00:00
7076,INPROC_C661A4,1,10,team1,Team 1 (N/S),65,55,14,♦,finished,2026-05-18T16:35:09.017332+00:00
7077,INPROC_2FEC7F,1,10,team2,Team 2 (E/W),22,98,6,♣,finished,2026-05-18T16:35:09.037226+00:00
7078,INPROC_70AE17,1,10,team1,Team 1 (N/S),66,54,14,♦,finished,2026-05-18T16:35:09.055645+00:00
7079,INPROC_1EE0D0,1,10,team1,Team 1 (N/S),76,44,4,♣,finished,2026-05-18T16:35:09.074314+00:00
7080,INPROC_6B8077,1,10,team2,Team 2 (E/W),30,90,8,♣,finished,2026-05-18T16:35:09.093549+00:00
7081,INPROC_77A97D,1,10,team1,Team 1 (N/S),90,30,18,♦,finished,2026-05-18T16:35:09.109491+00:00
7082,INPROC_D579ED,1,10,team1,Team 1 (N/S),79,41,15,♦,finished,2026-05-18T16:35:09.125257+00:00
7083,INPROC_EB58C4,1,10,team2,Team 2 (E/W),46,74,5,♣,finished,2026-05-18T16:35:09.141260+00:00
7084,INPROC_FBE74D,1,10,team1,Team 1 (N/S),76,44,3,♣,finished,2026-05-18T16:35:09.156365+00:00
7085,INPROC_98B7E7,1,10,team2,Team 2 (E/W),42,78,32,♠,finished,2026-05-18T16:35:09.173380+00:00
7086,INPROC_0B8420,1,10,team2,Team 2 (E/W),22,98,24,♥,finished,2026-05-18T16:35:09.191581+00:00
7087,INPROC_5060AC,1,10,team1,Team 1 (N/S),74,46,39,♠,finished,2026-05-18T16:35:09.209089+00:00
7088,INPROC_CC0BDD,1,10,team2,Team 2 (E/W),40,80,9,♣,finished,2026-05-18T16:35:09.227409+00:00
7089,INPROC_743FDE,1,10,team1,Team 1 (N/S),81,39,34,♠,finished,2026-05-18T16:35:09.246899+00:00
7090,INPROC_C2D3F1,1,10,team1,Team 1 (N/S),85,35,26,♥,finished,2026-05-18T16:35:09.264871+00:00
7091,INPROC_503094,1,10,team2,Team 2 (E/W),57,63,1,♣,finished,2026-05-18T16:35:09.282622+00:00
7092,INPROC_E88B1D,1,10,team2,Team 2 (E/W),45,75,9,♣,finished,2026-05-18T16:35:09.301373+00:00
7093,INPROC_88132C,1,10,team2,Team 2 (E/W),20,100,26,♥,finished,2026-05-18T16:35:09.316922+00:00
7094,INPROC_D2BD3B,1,10,team1,Team 1 (N/S),70,50,8,♣,finished,2026-05-18T16:35:09.333770+00:00
7095,INPROC_3EA0DD,1,10,team1,Team 1 (N/S),63,57,34,♠,finished,2026-05-18T16:35:09.351760+00:00
7096,INPROC_BC6468,1,10,team2,Team 2 (E/W),50,70,13,♦,finished,2026-05-18T16:35:09.370982+00:00
7097,INPROC_E8D500,1,10,team1,Team 1 (N/S),69,51,0,♣,finished,2026-05-18T16:35:09.389542+00:00
7098,INPROC_05A091,1,10,team1,Team 1 (N/S),69,51,39,♠,finished,2026-05-18T16:35:09.407005+00:00
7099,INPROC_EE750E,1,10,team1,Team 1 (N/S),93,27,23,♥,finished,2026-05-18T16:35:09.428126+00:00
7100,INPROC_259E44,1,10,team1,Team 1 (N/S),63,57,16,♦,finished,2026-05-18T16:35:09.444550+00:00
7101,INPROC_ECB52B,1,10,team2,Team 2 (E/W),53,67,28,♥,finished,2026-05-18T16:35:09.461857+00:00
7102,INPROC_B8FE48,1,10,team2,Team 2 (E/W),5,115,17,♦,finished,2026-05-18T16:35:09.479986+00:00
7103,INPROC_118E58,1,10,team1,Team 1 (N/S),92,28,10,♦,finished,2026-05-18T16:35:09.495523+00:00
7104,INPROC_775883,1,10,team2,Team 2 (E/W),33,87,2,♣,finished,2026-05-18T16:35:09.510696+00:00
7105,INPROC_B556FD,1,10,team2,Team 2 (E/W),34,86,29,♥,finished,2026-05-18T16:35:09.528435+00:00
7106,INPROC_39D78C,1,10,team2,Team 2 (E/W),50,70,19,♦,finished,2026-05-18T16:35:09.545005+00:00
7107,INPROC_03BF41,1,10,team1,Team 1 (N/S),70,50,25,♥,finished,2026-05-18T16:35:09.562123+00:00
7108,INPROC_CD7BAD,1,10,team1,Team 1 (N/S),67,53,28,♥,finished,2026-05-18T16:35:09.576656+00:00
7109,INPROC_473190,1,10,team1,Team 1 (N/S),83,37,28,♥,finished,2026-05-18T16:35:09.591835+00:00
7110,INPROC_289986,1,10,team1,Team 1 (N/S),78,42,7,♣,finished,2026-05-18T16:35:09.608282+00:00
7111,INPROC_689616,1,10,team1,Team 1 (N/S),69,51,16,♦,finished,2026-05-18T16:35:09.624065+00:00
7112,INPROC_370DFB,1,10,team1,Team 1 (N/S),101,19,38,♠,finished,2026-05-18T16:35:09.642340+00:00
7113,INPROC_2228F2,1,10,team2,Team 2 (E/W),27,93,2,♣,finished,2026-05-18T16:35:09.660337+00:00
7114,INPROC_0F9CCD,1,10,team1,Team 1 (N/S),95,25,7,♣,finished,2026-05-18T16:35:09.679225+00:00
7115,INPROC_809E14,1,10,team2,Team 2 (E/W),56,64,21,♥,finished,2026-05-18T16:35:09.695269+00:00
7116,INPROC_BDB53D,1,10,team1,Team 1 (N/S),66,54,33,♠,finished,2026-05-18T16:35:09.711507+00:00
7117,INPROC_4CC71B,1,10,team2,Team 2 (E/W),53,67,39,♠,finished,2026-05-18T16:35:09.729426+00:00
7118,INPROC_14340F,1,10,team1,Team 1 (N/S),72,48,19,♦,finished,2026-05-18T16:35:09.746336+00:00
7119,INPROC_20C2FF,1,10,team1,Team 1 (N/S),63,57,32,♠,finished,2026-05-18T16:35:09.762277+00:00
7120,INPROC_AAC595,1,10,team1,Team 1 (N/S),111,9,25,♥,finished,2026-05-18T16:35:09.777188+00:00
7121,INPROC_2BA4B9,1,10,team1,Team 1 (N/S),65,55,4,♣,finished,2026-05-18T16:35:09.794150+00:00
7122,INPROC_00F81B,1,10,team2,Team 2 (E/W),53,67,25,♥,finished,2026-05-18T16:35:09.806572+00:00
7123,INPROC_C322CE,1,10,team1,Team 1 (N/S),89,31,11,♦,finished,2026-05-18T16:35:09.824208+00:00
7124,INPROC_9F38C9,1,10,team2,Team 2 (E/W),49,71,18,♦,finished,2026-05-18T16:35:09.835260+00:00
7125,INPROC_F73632,1,10,team1,Team 1 (N/S),65,55,35,♠,finished,2026-05-18T16:35:09.851579+00:00
7126,INPROC_06AA43,1,10,team1,Team 1 (N/S),98,22,16,♦,finished,2026-05-18T16:35:09.865401+00:00
7127,INPROC_E6B4E7,1,10,team2,Team 2 (E/W),17,103,37,♠,finished,2026-05-18T16:35:09.880477+00:00
7128,INPROC_E38104,1,10,team2,Team 2 (E/W),36,84,19,♦,finished,2026-05-18T16:35:09.892544+00:00
7129,INPROC_A8CF90,1,10,team1,Team 1 (N/S),67,53,11,♦,finished,2026-05-18T16:35:09.906627+00:00
7130,INPROC_21F535,1,10,team1,Team 1 (N/S),100,20,24,♥,finished,2026-05-18T16:35:09.923099+00:00
7131,INPROC_A5D9FC,1,10,team1,Team 1 (N/S),61,59,19,♦,finished,2026-05-18T16:35:09.941291+00:00
7132,INPROC_683F50,1,10,team1,Team 1 (N/S),73,47,31,♠,finished,2026-05-18T16:35:09.959920+00:00
7133,INPROC_18E65D,1,10,team2,Team 2 (E/W),37,83,17,♦,finished,2026-05-18T16:35:09.977808+00:00
7134,INPROC_D0D573,1,10,team1,Team 1 (N/S),75,45,4,♣,finished,2026-05-18T16:35:09.990193+00:00
7135,INPROC_725D81,1,10,team2,Team 2 (E/W),42,78,11,♦,finished,2026-05-18T16:35:10.006012+00:00
7136,INPROC_F4E707,1,10,team1,Team 1 (N/S),93,27,1,♣,finished,2026-05-18T16:35:10.022096+00:00
7137,INPROC_9BDFE2,1,10,team1,Team 1 (N/S),85,35,37,♠,finished,2026-05-18T16:35:10.037487+00:00
7138,INPROC_34209B,1,10,team2,Team 2 (E/W),32,88,31,♠,finished,2026-05-18T16:35:10.049277+00:00
7139,INPROC_165A8E,1,10,team2,Team 2 (E/W),52,68,11,♦,finished,2026-05-18T16:35:10.066408+00:00
7140,INPROC_009896,1,10,team1,Team 1 (N/S),82,38,1,♣,finished,2026-05-18T16:35:10.083698+00:00
7141,INPROC_ADE79D,1,10,team1,Team 1 (N/S),103,17,3,♣,finished,2026-05-18T16:35:10.099249+00:00
7142,INPROC_CEA58C,1,10,team2,Team 2 (E/W),47,73,38,♠,finished,2026-05-18T16:35:10.116303+00:00
7143,INPROC_8D1B86,1,10,team1,Team 1 (N/S),100,20,6,♣,finished,2026-05-18T16:35:10.132006+00:00
7144,INPROC_5BFCF3,1,10,team2,Team 2 (E/W),40,80,4,♣,finished,2026-05-18T16:35:10.147625+00:00
7145,INPROC_0091F4,1,10,team1,Team 1 (N/S),78,42,1,♣,finished,2026-05-18T16:35:10.164791+00:00
7146,INPROC_19F04A,1,10,team1,Team 1 (N/S),74,46,12,♦,finished,2026-05-18T16:35:10.180322+00:00
7147,INPROC_44BF95,1,10,team2,Team 2 (E/W),46,74,6,♣,finished,2026-05-18T16:35:10.194673+00:00
7148,INPROC_7A8F15,1,10,team1,Team 1 (N/S),103,17,9,♣,finished,2026-05-18T16:35:10.212326+00:00
7149,INPROC_3B63BE,1,10,team2,Team 2 (E/W),25,95,1,♣,finished,2026-05-18T16:35:10.228279+00:00
7150,INPROC_40FB6F,1,10,team2,Team 2 (E/W),40,80,8,♣,finished,2026-05-18T16:35:10.243767+00:00
7151,INPROC_BFD9D1,1,10,draw,draw,60,60,38,♠,finished,2026-05-18T16:35:10.259358+00:00
7152,INPROC_2D48B7,1,10,team1,Team 1 (N/S),101,19,34,♠,finished,2026-05-18T16:35:10.277045+00:00
7153,INPROC_2709EE,1,10,team1,Team 1 (N/S),71,49,13,♦,finished,2026-05-18T16:35:10.293385+00:00
7154,INPROC_3B5772,1,10,team1,Team 1 (N/S),79,41,32,♠,finished,2026-05-18T16:35:10.309141+00:00
7155,INPROC_69D020,1,10,team2,Team 2 (E/W),27,93,31,♠,finished,2026-05-18T16:35:10.323192+00:00
7156,INPROC_EE22AD,1,10,team2,Team 2 (E/W),29,91,3,♣,finished,2026-05-18T16:35:10.339319+00:00
7157,INPROC_831003,1,10,team2,Team 2 (E/W),26,94,15,♦,finished,2026-05-18T16:35:10.355318+00:00
7158,INPROC_1EABFA,1,10,team2,Team 2 (E/W),38,82,22,♥,finished,2026-05-18T16:35:10.371061+00:00
7159,INPROC_3724B4,1,10,team1,Team 1 (N/S),82,38,19,♦,finished,2026-05-18T16:35:10.386707+00:00
7160,INPROC_EAAF79,1,10,team1,Team 1 (N/S),71,49,35,♠,finished,2026-05-18T16:35:10.404058+00:00
7161,INPROC_E6C1B5,1,10,team1,Team 1 (N/S),68,52,24,♥,finished,2026-05-18T16:35:10.420301+00:00
7162,INPROC_18710A,1,10,team1,Team 1 (N/S),89,31,32,♠,finished,2026-05-18T16:35:10.435265+00:00
7163,INPROC_C72B70,1,10,team1,Team 1 (N/S),80,40,4,♣,finished,2026-05-18T16:35:10.450294+00:00
7164,INPROC_7E26DF,1,10,team2,Team 2 (E/W),38,82,9,♣,finished,2026-05-18T16:35:10.465563+00:00
7165,INPROC_AF9322,1,10,team1,Team 1 (N/S),94,26,8,♣,finished,2026-05-18T16:35:10.479305+00:00
7166,INPROC_A0621D,1,10,team2,Team 2 (E/W),39,81,9,♣,finished,2026-05-18T16:35:10.490954+00:00
7167,INPROC_BDFA01,1,10,team2,Team 2 (E/W),50,70,12,♦,finished,2026-05-18T16:35:10.505091+00:00
7168,INPROC_2AA991,1,10,team2,Team 2 (E/W),53,67,14,♦,finished,2026-05-18T16:35:10.520223+00:00
7169,INPROC_9706FB,1,10,team2,Team 2 (E/W),58,62,9,♣,finished,2026-05-18T16:35:10.537622+00:00
7170,INPROC_0FC3A5,1,10,team2,Team 2 (E/W),38,82,12,♦,finished,2026-05-18T16:35:10.555074+00:00
7171,INPROC_95EAB7,1,10,team1,Team 1 (N/S),96,24,31,♠,finished,2026-05-18T16:35:10.570273+00:00
7172,INPROC_886A63,1,10,team2,Team 2 (E/W),35,85,29,♥,finished,2026-05-18T16:35:10.584809+00:00
7173,INPROC_ADD9BB,1,10,team2,Team 2 (E/W),50,70,18,♦,finished,2026-05-18T16:35:10.599463+00:00
7174,INPROC_AB394D,1,10,team1,Team 1 (N/S),102,18,37,♠,finished,2026-05-18T16:35:10.613940+00:00
7175,INPROC_061EEB,1,10,team2,Team 2 (E/W),36,84,29,♥,finished,2026-05-18T16:35:10.629488+00:00
7176,INPROC_9A6CB8,1,10,team1,Team 1 (N/S),84,36,25,♥,finished,2026-05-18T16:35:10.645869+00:00
7177,INPROC_1A81C5,1,10,team2,Team 2 (E/W),59,61,29,♥,finished,2026-05-18T16:35:10.660729+00:00
7178,INPROC_A75CE4,1,10,team2,Team 2 (E/W),29,91,8,♣,finished,2026-05-18T16:35:10.676142+00:00
7179,INPROC_9D8B5E,1,10,team1,Team 1 (N/S),108,12,7,♣,finished,2026-05-18T16:35:10.692949+00:00
7180,INPROC_B2F47B,1,10,team1,Team 1 (N/S),77,43,32,♠,finished,2026-05-18T16:35:10.708034+00:00
7181,INPROC_99C164,1,10,team1,Team 1 (N/S),63,57,11,♦,finished,2026-05-18T16:35:10.722098+00:00
7182,INPROC_23B65D,1,10,team2,Team 2 (E/W),59,61,16,♦,finished,2026-05-18T16:35:10.732844+00:00
7183,INPROC_BCFB7F,1,10,team1,Team 1 (N/S),79,41,23,♥,finished,2026-05-18T16:35:10.743533+00:00
7184,INPROC_A4BFAF,1,10,team1,Team 1 (N/S),74,46,11,♦,finished,2026-05-18T16:35:10.755062+00:00
7185,INPROC_36B16D,1,10,team1,Team 1 (N/S),64,56,35,♠,finished,2026-05-18T16:35:10.770401+00:00
7186,INPROC_87EA26,1,10,team1,Team 1 (N/S),62,58,34,♠,finished,2026-05-18T16:35:10.787284+00:00
7187,INPROC_1E9644,1,10,team1,Team 1 (N/S),67,53,35,♠,finished,2026-05-18T16:35:10.802956+00:00
7188,INPROC_33412A,1,10,team1,Team 1 (N/S),93,27,5,♣,finished,2026-05-18T16:35:10.819424+00:00
7189,INPROC_B5FC23,1,10,team1,Team 1 (N/S),95,25,2,♣,finished,2026-05-18T16:35:10.837569+00:00
7190,INPROC_5D5C7F,1,10,team2,Team 2 (E/W),55,65,31,♠,finished,2026-05-18T16:35:10.855473+00:00
7191,INPROC_CCA510,1,10,team2,Team 2 (E/W),52,68,5,♣,finished,2026-05-18T16:35:10.870571+00:00
7192,INPROC_5AA929,1,10,team1,Team 1 (N/S),63,57,26,♥,finished,2026-05-18T16:35:10.885848+00:00
7193,INPROC_A79CBD,1,10,team1,Team 1 (N/S),68,52,2,♣,finished,2026-05-18T16:35:10.902772+00:00
7194,INPROC_FB8BAF,1,10,team2,Team 2 (E/W),29,91,12,♦,finished,2026-05-18T16:35:10.917553+00:00
7195,INPROC_8B3C98,1,10,team1,Team 1 (N/S),61,59,33,♠,finished,2026-05-18T16:35:10.934067+00:00
7196,INPROC_AB26B2,1,10,team1,Team 1 (N/S),84,36,37,♠,finished,2026-05-18T16:35:10.951844+00:00
7197,INPROC_73F10E,1,10,team1,Team 1 (N/S),91,29,13,♦,finished,2026-05-18T16:35:10.967859+00:00
7198,INPROC_C217C8,1,10,draw,draw,60,60,22,♥,finished,2026-05-18T16:35:10.985120+00:00
7199,INPROC_93FD06,1,10,team1,Team 1 (N/S),67,53,25,♥,finished,2026-05-18T16:35:11.002329+00:00
7200,INPROC_8F8411,1,10,team1,Team 1 (N/S),85,35,17,♦,finished,2026-05-18T16:35:11.018705+00:00
7201,INPROC_44AF86,1,10,team1,Team 1 (N/S),63,57,8,♣,finished,2026-05-18T16:35:11.032864+00:00
7202,INPROC_8DC4F1,1,10,team1,Team 1 (N/S),103,17,37,♠,finished,2026-05-18T16:35:11.046817+00:00
7203,INPROC_5A8219,1,10,team1,Team 1 (N/S),78,42,0,♣,finished,2026-05-18T16:35:11.062917+00:00
7204,INPROC_0AD97E,1,10,team1,Team 1 (N/S),78,42,12,♦,finished,2026-05-18T16:35:11.077697+00:00
7205,INPROC_C374EF,1,10,team2,Team 2 (E/W),52,68,36,♠,finished,2026-05-18T16:35:11.093650+00:00
7206,INPROC_87E06B,1,10,team1,Team 1 (N/S),91,29,21,♥,finished,2026-05-18T16:35:11.109485+00:00
7207,INPROC_D83CAF,1,10,team1,Team 1 (N/S),68,52,12,♦,finished,2026-05-18T16:35:11.128882+00:00
7208,INPROC_942D20,1,10,team1,Team 1 (N/S),92,28,20,♥,finished,2026-05-18T16:35:11.145756+00:00
7209,INPROC_DF4D6C,1,10,team2,Team 2 (E/W),39,81,37,♠,finished,2026-05-18T16:35:11.162694+00:00
7210,INPROC_265656,1,10,team2,Team 2 (E/W),33,87,38,♠,finished,2026-05-18T16:35:11.179238+00:00
7211,INPROC_347994,1,10,team2,Team 2 (E/W),23,97,12,♦,finished,2026-05-18T16:35:11.196043+00:00
7212,INPROC_9D143B,1,10,team1,Team 1 (N/S),88,32,31,♠,finished,2026-05-18T16:35:11.211743+00:00
7213,INPROC_6061DA,1,10,team2,Team 2 (E/W),53,67,39,♠,finished,2026-05-18T16:35:11.228497+00:00
7214,INPROC_593656,1,10,team1,Team 1 (N/S),84,36,26,♥,finished,2026-05-18T16:35:11.244897+00:00
7215,INPROC_4E097D,1,10,team2,Team 2 (E/W),53,67,19,♦,finished,2026-05-18T16:35:11.261751+00:00
7216,INPROC_CD914B,1,10,team2,Team 2 (E/W),41,79,1,♣,finished,2026-05-18T16:35:11.277280+00:00
7217,INPROC_4C8B1D,1,10,team2,Team 2 (E/W),37,83,3,♣,finished,2026-05-18T16:35:11.292921+00:00
7218,INPROC_78692D,1,10,team1,Team 1 (N/S),75,45,20,♥,finished,2026-05-18T16:35:11.307533+00:00
7219,INPROC_5285F7,1,10,team1,Team 1 (N/S),72,48,2,♣,finished,2026-05-18T16:35:11.324697+00:00
7220,INPROC_B56FCB,1,10,team1,Team 1 (N/S),88,32,22,♥,finished,2026-05-18T16:35:11.339640+00:00
7221,INPROC_BED9AE,1,10,team1,Team 1 (N/S),96,24,14,♦,finished,2026-05-18T16:35:11.354398+00:00
7222,INPROC_12D980,1,10,team2,Team 2 (E/W),31,89,30,♠,finished,2026-05-18T16:35:11.368153+00:00
7223,INPROC_D3D9A1,1,10,team2,Team 2 (E/W),45,75,28,♥,finished,2026-05-18T16:35:11.383642+00:00
7224,INPROC_1558D6,1,10,team2,Team 2 (E/W),39,81,22,♥,finished,2026-05-18T16:35:11.400778+00:00
7225,INPROC_6A7C4C,1,10,team1,Team 1 (N/S),69,51,15,♦,finished,2026-05-18T16:35:11.417488+00:00
7226,INPROC_FDEDCF,1,10,team1,Team 1 (N/S),95,25,19,♦,finished,2026-05-18T16:35:11.429596+00:00
7227,INPROC_9C0B06,1,10,team1,Team 1 (N/S),69,51,9,♣,finished,2026-05-18T16:35:11.442869+00:00
7228,INPROC_F22BD3,1,10,team1,Team 1 (N/S),81,39,15,♦,finished,2026-05-18T16:35:11.459319+00:00
7229,INPROC_C3DFE4,1,10,team1,Team 1 (N/S),105,15,6,♣,finished,2026-05-18T16:35:11.474995+00:00
7230,INPROC_EC2241,1,10,team1,Team 1 (N/S),67,53,31,♠,finished,2026-05-18T16:35:11.488989+00:00
7231,INPROC_917860,1,10,team1,Team 1 (N/S),73,47,28,♥,finished,2026-05-18T16:35:11.502273+00:00
7232,INPROC_B61BF2,1,10,team1,Team 1 (N/S),68,52,36,♠,finished,2026-05-18T16:35:11.516582+00:00
7233,INPROC_A524A8,1,10,team2,Team 2 (E/W),34,86,20,♥,finished,2026-05-18T16:35:11.530675+00:00
7234,INPROC_3B8C03,1,10,team1,Team 1 (N/S),88,32,35,♠,finished,2026-05-18T16:35:11.545157+00:00
7235,INPROC_8953D5,1,10,team1,Team 1 (N/S),95,25,11,♦,finished,2026-05-18T16:35:11.560225+00:00
7236,INPROC_5EF291,1,10,team1,Team 1 (N/S),80,40,5,♣,finished,2026-05-18T16:35:11.578095+00:00
7237,INPROC_0C1C45,1,10,team2,Team 2 (E/W),44,76,30,♠,finished,2026-05-18T16:35:11.594400+00:00
7238,INPROC_328C17,1,10,team1,Team 1 (N/S),79,41,22,♥,finished,2026-05-18T16:35:11.613755+00:00
7239,INPROC_549902,1,10,team1,Team 1 (N/S),76,44,7,♣,finished,2026-05-18T16:35:11.629757+00:00
7240,INPROC_52D48D,1,10,team1,Team 1 (N/S),116,4,1,♣,finished,2026-05-18T16:35:11.644413+00:00
7241,INPROC_137F2F,1,10,team2,Team 2 (E/W),37,83,27,♥,finished,2026-05-18T16:35:11.659325+00:00
7242,INPROC_4BCD93,1,10,team2,Team 2 (E/W),55,65,33,♠,finished,2026-05-18T16:35:11.675262+00:00
7243,INPROC_17B231,1,10,team2,Team 2 (E/W),49,71,5,♣,finished,2026-05-18T16:35:11.693756+00:00
7244,INPROC_FF2047,1,10,team1,Team 1 (N/S),95,25,27,♥,finished,2026-05-18T16:35:11.710468+00:00
7245,INPROC_4154F3,1,10,team1,Team 1 (N/S),66,54,33,♠,finished,2026-05-18T16:35:11.726108+00:00
7246,INPROC_B94339,1,10,team1,Team 1 (N/S),80,40,33,♠,finished,2026-05-18T16:35:11.740387+00:00
7247,INPROC_80DA3C,1,10,team1,Team 1 (N/S),66,54,28,♥,finished,2026-05-18T16:35:11.761478+00:00
7248,INPROC_0D560F,1,10,team1,Team 1 (N/S),74,46,11,♦,finished,2026-05-18T16:35:11.774923+00:00
7249,INPROC_52BFC0,1,10,team2,Team 2 (E/W),55,65,13,♦,finished,2026-05-18T16:35:11.790586+00:00
7250,INPROC_170718,1,10,team2,Team 2 (E/W),56,64,38,♠,finished,2026-05-18T16:35:11.804290+00:00
7251,INPROC_FF9042,1,10,team1,Team 1 (N/S),86,34,25,♥,finished,2026-05-18T16:35:11.821495+00:00
7252,INPROC_705A71,1,10,team1,Team 1 (N/S),110,10,2,♣,finished,2026-05-18T16:35:11.838028+00:00
7253,INPROC_F2F835,1,10,team1,Team 1 (N/S),61,59,17,♦,finished,2026-05-18T16:35:11.853568+00:00
7254,INPROC_A98BED,1,10,team1,Team 1 (N/S),83,37,26,♥,finished,2026-05-18T16:35:11.868160+00:00
7255,INPROC_324159,1,10,team1,Team 1 (N/S),92,28,0,♣,finished,2026-05-18T16:35:11.882690+00:00
7256,INPROC_C5C701,1,10,team1,Team 1 (N/S),81,39,14,♦,finished,2026-05-18T16:35:11.897277+00:00
7257,INPROC_277573,1,10,team1,Team 1 (N/S),97,23,25,♥,finished,2026-05-18T16:35:11.914073+00:00
7258,INPROC_0A35E8,1,10,team1,Team 1 (N/S),84,36,17,♦,finished,2026-05-18T16:35:11.928761+00:00
7259,INPROC_C83E14,1,10,team2,Team 2 (E/W),58,62,4,♣,finished,2026-05-18T16:35:11.942752+00:00
7260,INPROC_D0A8C5,1,10,team1,Team 1 (N/S),84,36,39,♠,finished,2026-05-18T16:35:11.960348+00:00
7261,INPROC_631928,1,10,team2,Team 2 (E/W),56,64,12,♦,finished,2026-05-18T16:35:11.977871+00:00
7262,INPROC_C1595B,1,10,team1,Team 1 (N/S),77,43,20,♥,finished,2026-05-18T16:35:11.993480+00:00
7263,INPROC_1456B2,1,10,team1,Team 1 (N/S),89,31,25,♥,finished,2026-05-18T16:35:12.003728+00:00
7264,INPROC_9EB02D,1,10,team1,Team 1 (N/S),110,10,27,♥,finished,2026-05-18T16:35:12.017559+00:00
7265,INPROC_5CD94A,1,10,team2,Team 2 (E/W),45,75,9,♣,finished,2026-05-18T16:35:12.030692+00:00
7266,INPROC_382E45,1,10,team2,Team 2 (E/W),47,73,38,♠,finished,2026-05-18T16:35:12.043060+00:00
7267,INPROC_F5EEE3,1,10,draw,draw,60,60,23,♥,finished,2026-05-18T16:35:12.058007+00:00
7268,INPROC_7FE447,1,10,team1,Team 1 (N/S),78,42,30,♠,finished,2026-05-18T16:35:12.074142+00:00
7269,INPROC_A56D5C,1,10,team1,Team 1 (N/S),95,25,38,♠,finished,2026-05-18T16:35:12.088668+00:00
7270,INPROC_5473B8,1,10,team2,Team 2 (E/W),49,71,36,♠,finished,2026-05-18T16:35:12.103176+00:00
7271,INPROC_F9F6AB,1,10,team1,Team 1 (N/S),63,57,6,♣,finished,2026-05-18T16:35:12.118670+00:00
7272,INPROC_7A88F5,1,10,team1,Team 1 (N/S),73,47,13,♦,finished,2026-05-18T16:35:12.133709+00:00
7273,INPROC_1B4879,1,10,team2,Team 2 (E/W),41,79,18,♦,finished,2026-05-18T16:35:12.149751+00:00
7274,INPROC_BB1341,1,10,team1,Team 1 (N/S),77,43,9,♣,finished,2026-05-18T16:35:12.167510+00:00
7275,INPROC_A10CE1,1,10,team1,Team 1 (N/S),73,47,23,♥,finished,2026-05-18T16:35:12.184589+00:00
7276,INPROC_AEDE0C,1,10,team2,Team 2 (E/W),47,73,0,♣,finished,2026-05-18T16:35:12.200892+00:00
7277,INPROC_967A2A,1,10,team1,Team 1 (N/S),75,45,14,♦,finished,2026-05-18T16:35:12.216137+00:00
7278,INPROC_F228BE,1,10,team1,Team 1 (N/S),91,29,15,♦,finished,2026-05-18T16:35:12.233020+00:00
7279,INPROC_D1564A,1,10,team1,Team 1 (N/S),73,47,22,♥,finished,2026-05-18T16:35:12.249519+00:00
7280,INPROC_A71D68,1,10,team2,Team 2 (E/W),47,73,0,♣,finished,2026-05-18T16:35:12.267096+00:00
7281,INPROC_76024D,1,10,team1,Team 1 (N/S),69,51,4,♣,finished,2026-05-18T16:35:12.283609+00:00
7282,INPROC_85D58A,1,10,team1,Team 1 (N/S),81,39,24,♥,finished,2026-05-18T16:35:12.300634+00:00
7283,INPROC_989C8A,1,10,team2,Team 2 (E/W),34,86,39,♠,finished,2026-05-18T16:35:12.317311+00:00
7284,INPROC_2329CD,1,10,team1,Team 1 (N/S),79,41,26,♥,finished,2026-05-18T16:35:12.335115+00:00
7285,INPROC_A5F8D9,1,10,team2,Team 2 (E/W),35,85,5,♣,finished,2026-05-18T16:35:12.347869+00:00
7286,INPROC_7CD599,1,10,team1,Team 1 (N/S),105,15,36,♠,finished,2026-05-18T16:35:12.364305+00:00
7287,INPROC_AB5D82,1,10,team2,Team 2 (E/W),32,88,39,♠,finished,2026-05-18T16:35:12.379763+00:00
7288,INPROC_E86878,1,10,team1,Team 1 (N/S),86,34,1,♣,finished,2026-05-18T16:35:12.396125+00:00
7289,INPROC_41DE0E,1,10,team2,Team 2 (E/W),25,95,7,♣,finished,2026-05-18T16:35:12.411274+00:00
7290,INPROC_103BF2,1,10,team1,Team 1 (N/S),84,36,10,♦,finished,2026-05-18T16:35:12.426960+00:00
7291,INPROC_E363E2,1,10,team2,Team 2 (E/W),46,74,21,♥,finished,2026-05-18T16:35:12.442571+00:00
7292,INPROC_69B202,1,10,team2,Team 2 (E/W),24,96,27,♥,finished,2026-05-18T16:35:12.459834+00:00
7293,INPROC_D7B4A2,1,10,team1,Team 1 (N/S),62,58,20,♥,finished,2026-05-18T16:35:12.476419+00:00
7294,INPROC_040802,1,10,team1,Team 1 (N/S),88,32,26,♥,finished,2026-05-18T16:35:12.493311+00:00
7295,INPROC_041809,1,10,team2,Team 2 (E/W),52,68,35,♠,finished,2026-05-18T16:35:12.508807+00:00
7296,INPROC_F64A66,1,10,team1,Team 1 (N/S),78,42,34,♠,finished,2026-05-18T16:35:12.525911+00:00
7297,INPROC_DB1786,1,10,team1,Team 1 (N/S),79,41,10,♦,finished,2026-05-18T16:35:12.540969+00:00
7298,INPROC_B883F4,1,10,team2,Team 2 (E/W),22,98,22,♥,finished,2026-05-18T16:35:12.555644+00:00
7299,INPROC_D8E6D3,1,10,team1,Team 1 (N/S),113,7,32,♠,finished,2026-05-18T16:35:12.572539+00:00
7300,INPROC_AEE054,1,10,team1,Team 1 (N/S),92,28,36,♠,finished,2026-05-18T16:35:12.588245+00:00
7301,INPROC_1E2D32,1,10,draw,draw,60,60,37,♠,finished,2026-05-18T16:35:12.605204+00:00
7302,INPROC_6F4BC3,1,10,team2,Team 2 (E/W),56,64,16,♦,finished,2026-05-18T16:35:12.622373+00:00
7303,INPROC_86A996,1,10,team2,Team 2 (E/W),51,69,10,♦,finished,2026-05-18T16:35:12.638163+00:00
7304,INPROC_5CD278,1,10,team1,Team 1 (N/S),120,0,34,♠,finished,2026-05-18T16:35:12.656389+00:00
7305,INPROC_004EEB,1,10,team1,Team 1 (N/S),80,40,18,♦,finished,2026-05-18T16:35:12.672929+00:00
7306,INPROC_266E9F,1,10,team1,Team 1 (N/S),74,46,28,♥,finished,2026-05-18T16:35:12.692377+00:00
7307,INPROC_7278FD,1,10,team2,Team 2 (E/W),45,75,38,♠,finished,2026-05-18T16:35:12.707088+00:00
7308,INPROC_A3679F,1,10,team1,Team 1 (N/S),84,36,2,♣,finished,2026-05-18T16:35:12.724231+00:00
7309,INPROC_1106EC,1,10,team1,Team 1 (N/S),100,20,32,♠,finished,2026-05-18T16:35:12.744749+00:00
7310,INPROC_395117,1,10,team2,Team 2 (E/W),54,66,33,♠,finished,2026-05-18T16:35:12.757276+00:00
7311,INPROC_A1B828,1,10,team2,Team 2 (E/W),30,90,2,♣,finished,2026-05-18T16:35:12.769495+00:00
7312,INPROC_BB4D46,1,10,team1,Team 1 (N/S),102,18,3,♣,finished,2026-05-18T16:35:12.784636+00:00
7313,INPROC_678681,1,10,team1,Team 1 (N/S),78,42,24,♥,finished,2026-05-18T16:35:12.801066+00:00
7314,INPROC_E14001,1,10,team2,Team 2 (E/W),56,64,9,♣,finished,2026-05-18T16:35:12.816063+00:00
7315,INPROC_D4DD97,1,10,team1,Team 1 (N/S),64,56,21,♥,finished,2026-05-18T16:35:12.831475+00:00
7316,INPROC_86227B,1,10,team2,Team 2 (E/W),43,77,1,♣,finished,2026-05-18T16:35:12.847375+00:00
7317,INPROC_4E5966,1,10,team1,Team 1 (N/S),82,38,23,♥,finished,2026-05-18T16:35:12.863248+00:00
7318,INPROC_49E139,1,10,team1,Team 1 (N/S),78,42,30,♠,finished,2026-05-18T16:35:12.872791+00:00
7319,INPROC_6BDA73,1,10,team1,Team 1 (N/S),65,55,7,♣,finished,2026-05-18T16:35:12.882926+00:00
7320,INPROC_96E24A,1,10,team1,Team 1 (N/S),62,58,20,♥,finished,2026-05-18T16:35:12.892286+00:00
7321,INPROC_49B4C8,1,10,team1,Team 1 (N/S),108,12,31,♠,finished,2026-05-18T16:35:12.907199+00:00
7322,INPROC_F219D9,1,10,team1,Team 1 (N/S),71,49,22,♥,finished,2026-05-18T16:35:12.924043+00:00
7323,INPROC_90D618,1,10,draw,draw,60,60,35,♠,finished,2026-05-18T16:35:12.937695+00:00
7324,INPROC_3167AD,1,10,team2,Team 2 (E/W),46,74,22,♥,finished,2026-05-18T16:35:12.958044+00:00
7325,INPROC_1412DB,1,10,team1,Team 1 (N/S),80,40,14,♦,finished,2026-05-18T16:35:12.976160+00:00
7326,INPROC_A3C1EC,1,10,team1,Team 1 (N/S),82,38,12,♦,finished,2026-05-18T16:35:12.991031+00:00
7327,INPROC_FE49B6,1,10,team2,Team 2 (E/W),45,75,16,♦,finished,2026-05-18T16:35:13.008735+00:00
7328,INPROC_7A96E4,1,10,team1,Team 1 (N/S),73,47,35,♠,finished,2026-05-18T16:35:13.025939+00:00
7329,INPROC_5FD42F,1,10,team1,Team 1 (N/S),91,29,6,♣,finished,2026-05-18T16:35:13.044957+00:00
7330,INPROC_02245F,1,10,team1,Team 1 (N/S),78,42,29,♥,finished,2026-05-18T16:35:13.061372+00:00
7331,INPROC_810C83,1,10,team2,Team 2 (E/W),41,79,22,♥,finished,2026-05-18T16:35:13.075952+00:00
7332,INPROC_7C6299,1,10,team1,Team 1 (N/S),102,18,18,♦,finished,2026-05-18T16:35:13.091932+00:00
7333,INPROC_B94204,1,10,draw,draw,60,60,23,♥,finished,2026-05-18T16:35:13.107293+00:00
7334,INPROC_1D8D1D,1,10,team1,Team 1 (N/S),67,53,11,♦,finished,2026-05-18T16:35:13.123289+00:00
7335,INPROC_0E3E95,1,10,team1,Team 1 (N/S),118,2,26,♥,finished,2026-05-18T16:35:13.139779+00:00
7336,INPROC_9A2734,1,10,team1,Team 1 (N/S),84,36,9,♣,finished,2026-05-18T16:35:13.149133+00:00
7337,INPROC_09E05B,1,10,team2,Team 2 (E/W),30,90,37,♠,finished,2026-05-18T16:35:13.162243+00:00
7338,INPROC_8255D3,1,10,team2,Team 2 (E/W),59,61,2,♣,finished,2026-05-18T16:35:13.178287+00:00
7339,INPROC_0B0D38,1,10,team2,Team 2 (E/W),3,117,32,♠,finished,2026-05-18T16:35:13.194931+00:00
7340,INPROC_3600D4,1,10,team1,Team 1 (N/S),76,44,11,♦,finished,2026-05-18T16:35:13.206077+00:00
7341,INPROC_392E90,1,10,team1,Team 1 (N/S),61,59,23,♥,finished,2026-05-18T16:35:13.218978+00:00
7342,INPROC_296317,1,10,team2,Team 2 (E/W),22,98,23,♥,finished,2026-05-18T16:35:13.231558+00:00
7343,INPROC_6C4750,1,10,team2,Team 2 (E/W),39,81,27,♥,finished,2026-05-18T16:35:13.246878+00:00
7344,INPROC_8195D0,1,10,team1,Team 1 (N/S),108,12,23,♥,finished,2026-05-18T16:35:13.261377+00:00
7345,INPROC_42A372,1,10,team1,Team 1 (N/S),70,50,24,♥,finished,2026-05-18T16:35:13.277444+00:00
7346,INPROC_D114EC,1,10,team1,Team 1 (N/S),79,41,16,♦,finished,2026-05-18T16:35:13.285868+00:00
7347,INPROC_A9CC1F,1,10,team2,Team 2 (E/W),27,93,36,♠,finished,2026-05-18T16:35:13.293726+00:00
7348,INPROC_C45EF1,1,10,team2,Team 2 (E/W),52,68,22,♥,finished,2026-05-18T16:35:13.302904+00:00
7349,INPROC_C3F912,1,10,team1,Team 1 (N/S),61,59,38,♠,finished,2026-05-18T16:35:13.316197+00:00
7350,INPROC_6B9450,1,10,team2,Team 2 (E/W),46,74,36,♠,finished,2026-05-18T16:35:13.330194+00:00
7351,INPROC_F7EC8A,1,10,team1,Team 1 (N/S),107,13,13,♦,finished,2026-05-18T16:35:13.344887+00:00
7352,INPROC_C5A12B,1,10,team2,Team 2 (E/W),34,86,15,♦,finished,2026-05-18T16:35:13.361075+00:00
7353,INPROC_0BEEBB,1,10,team1,Team 1 (N/S),113,7,11,♦,finished,2026-05-18T16:35:13.376421+00:00
7354,INPROC_F2E1E0,1,10,team1,Team 1 (N/S),94,26,25,♥,finished,2026-05-18T16:35:13.392336+00:00
7355,INPROC_082B6F,1,10,team1,Team 1 (N/S),75,45,1,♣,finished,2026-05-18T16:35:13.406670+00:00
7356,INPROC_FC2DB4,1,10,team1,Team 1 (N/S),75,45,32,♠,finished,2026-05-18T16:35:13.422230+00:00
7357,INPROC_94B679,1,10,team1,Team 1 (N/S),72,48,4,♣,finished,2026-05-18T16:35:13.431573+00:00
7358,INPROC_B3CAF1,1,10,team2,Team 2 (E/W),43,77,6,♣,finished,2026-05-18T16:35:13.442260+00:00
7359,INPROC_63106F,1,10,team1,Team 1 (N/S),80,40,20,♥,finished,2026-05-18T16:35:13.451056+00:00
7360,INPROC_445456,1,10,team1,Team 1 (N/S),63,57,34,♠,finished,2026-05-18T16:35:13.466036+00:00
7361,INPROC_7AD2CB,1,10,team2,Team 2 (E/W),51,69,34,♠,finished,2026-05-18T16:35:13.479280+00:00
7362,INPROC_D32659,1,10,team1,Team 1 (N/S),91,29,21,♥,finished,2026-05-18T16:35:13.495179+00:00
7363,INPROC_C0E85A,1,10,team1,Team 1 (N/S),66,54,24,♥,finished,2026-05-18T16:35:13.510088+00:00
7364,INPROC_E00D47,1,10,team1,Team 1 (N/S),69,51,3,♣,finished,2026-05-18T16:35:13.525094+00:00
7365,INPROC_2E92E0,1,10,team1,Team 1 (N/S),90,30,5,♣,finished,2026-05-18T16:35:13.543201+00:00
7366,INPROC_090C8D,1,10,team1,Team 1 (N/S),66,54,17,♦,finished,2026-05-18T16:35:13.559059+00:00
7367,INPROC_224DDB,1,10,team1,Team 1 (N/S),68,52,36,♠,finished,2026-05-18T16:35:13.573499+00:00
7368,INPROC_921C74,1,10,team1,Team 1 (N/S),104,16,4,♣,finished,2026-05-18T16:35:13.590154+00:00
7369,INPROC_102006,1,10,draw,draw,60,60,38,♠,finished,2026-05-18T16:35:13.606835+00:00
7370,INPROC_D31D95,1,10,team1,Team 1 (N/S),65,55,28,♥,finished,2026-05-18T16:35:13.623102+00:00
7371,INPROC_538691,1,10,team1,Team 1 (N/S),110,10,21,♥,finished,2026-05-18T16:35:13.637265+00:00
7372,INPROC_031F9B,1,10,team1,Team 1 (N/S),105,15,11,♦,finished,2026-05-18T16:35:13.651520+00:00
7373,INPROC_51F59B,1,10,team2,Team 2 (E/W),53,67,7,♣,finished,2026-05-18T16:35:13.665503+00:00
7374,INPROC_BCB064,1,10,team2,Team 2 (E/W),39,81,13,♦,finished,2026-05-18T16:35:13.680624+00:00
7375,INPROC_814537,1,10,team2,Team 2 (E/W),56,64,32,♠,finished,2026-05-18T16:35:13.694921+00:00
7376,INPROC_EB3BCF,1,10,team2,Team 2 (E/W),37,83,2,♣,finished,2026-05-18T16:35:13.710656+00:00
7377,INPROC_ECA450,1,10,team1,Team 1 (N/S),80,40,12,♦,finished,2026-05-18T16:35:13.725963+00:00
7378,INPROC_74BEEF,1,10,team1,Team 1 (N/S),88,32,29,♥,finished,2026-05-18T16:35:13.745722+00:00
7379,INPROC_BA4691,1,10,team1,Team 1 (N/S),120,0,36,♠,finished,2026-05-18T16:35:13.761212+00:00
7380,INPROC_C9B4FB,1,10,team1,Team 1 (N/S),80,40,27,♥,finished,2026-05-18T16:35:13.777559+00:00
7381,INPROC_543E49,1,10,team1,Team 1 (N/S),92,28,24,♥,finished,2026-05-18T16:35:13.795077+00:00
7382,INPROC_7D7878,1,10,team1,Team 1 (N/S),73,47,13,♦,finished,2026-05-18T16:35:13.811558+00:00
7383,INPROC_864289,1,10,team1,Team 1 (N/S),64,56,37,♠,finished,2026-05-18T16:35:13.825806+00:00
7384,INPROC_FC2513,1,10,team1,Team 1 (N/S),77,43,38,♠,finished,2026-05-18T16:35:13.841229+00:00
7385,INPROC_92CE92,1,10,team2,Team 2 (E/W),39,81,15,♦,finished,2026-05-18T16:35:13.857150+00:00
7386,INPROC_24C2A0,1,10,team1,Team 1 (N/S),100,20,21,♥,finished,2026-05-18T16:35:13.871740+00:00
7387,INPROC_6B9A2C,1,10,team1,Team 1 (N/S),81,39,37,♠,finished,2026-05-18T16:35:13.887319+00:00
7388,INPROC_A9FDB6,1,10,team1,Team 1 (N/S),71,49,18,♦,finished,2026-05-18T16:35:13.905850+00:00
7389,INPROC_AB1C86,1,10,team1,Team 1 (N/S),64,56,29,♥,finished,2026-05-18T16:35:13.923359+00:00
7390,INPROC_671BFD,1,10,team2,Team 2 (E/W),47,73,37,♠,finished,2026-05-18T16:35:13.938091+00:00
7391,INPROC_D63A97,1,10,team1,Team 1 (N/S),83,37,8,♣,finished,2026-05-18T16:35:13.948234+00:00
7392,INPROC_1F48EB,1,10,team1,Team 1 (N/S),114,6,12,♦,finished,2026-05-18T16:35:13.959093+00:00
7393,INPROC_11286C,1,10,team1,Team 1 (N/S),64,56,34,♠,finished,2026-05-18T16:35:13.972534+00:00
7394,INPROC_BC2FCB,1,10,team2,Team 2 (E/W),39,81,32,♠,finished,2026-05-18T16:35:13.986869+00:00
7395,INPROC_EAF50F,1,10,team1,Team 1 (N/S),71,49,38,♠,finished,2026-05-18T16:35:14.003728+00:00
7396,INPROC_3C699E,1,10,team2,Team 2 (E/W),35,85,23,♥,finished,2026-05-18T16:35:14.021822+00:00
7397,INPROC_432AAB,1,10,team1,Team 1 (N/S),63,57,34,♠,finished,2026-05-18T16:35:14.041298+00:00
7398,INPROC_F25AD9,1,10,team1,Team 1 (N/S),71,49,30,♠,finished,2026-05-18T16:35:14.058915+00:00
7399,INPROC_80BB6B,1,10,team1,Team 1 (N/S),75,45,37,♠,finished,2026-05-18T16:35:14.073197+00:00
7400,INPROC_51FE56,1,10,team1,Team 1 (N/S),73,47,27,♥,finished,2026-05-18T16:35:14.087506+00:00
7401,INPROC_959346,1,10,team1,Team 1 (N/S),61,59,29,♥,finished,2026-05-18T16:35:14.102364+00:00
7402,INPROC_A0ADFD,1,10,team1,Team 1 (N/S),90,30,6,♣,finished,2026-05-18T16:35:14.120927+00:00
7403,INPROC_22B85E,1,10,team1,Team 1 (N/S),91,29,33,♠,finished,2026-05-18T16:35:14.136256+00:00
7404,INPROC_7FA0E3,1,10,team1,Team 1 (N/S),86,34,3,♣,finished,2026-05-18T16:35:14.154064+00:00
7405,INPROC_F886DA,1,10,team1,Team 1 (N/S),79,41,1,♣,finished,2026-05-18T16:35:14.169418+00:00
7406,INPROC_40C1A8,1,10,team1,Team 1 (N/S),75,45,29,♥,finished,2026-05-18T16:35:14.186826+00:00
7407,INPROC_67A37E,1,10,team1,Team 1 (N/S),94,26,31,♠,finished,2026-05-18T16:35:14.200176+00:00
7408,INPROC_B2ED91,1,10,team1,Team 1 (N/S),72,48,16,♦,finished,2026-05-18T16:35:14.213704+00:00
7409,INPROC_2F62BB,1,10,team1,Team 1 (N/S),97,23,15,♦,finished,2026-05-18T16:35:14.226931+00:00
7410,INPROC_601B02,1,10,team2,Team 2 (E/W),48,72,29,♥,finished,2026-05-18T16:35:14.242442+00:00
7411,INPROC_CA008C,1,10,team1,Team 1 (N/S),76,44,33,♠,finished,2026-05-18T16:35:14.257742+00:00
7412,INPROC_26576B,1,10,team2,Team 2 (E/W),12,108,10,♦,finished,2026-05-18T16:35:14.274681+00:00
7413,INPROC_E11622,1,10,team1,Team 1 (N/S),87,33,19,♦,finished,2026-05-18T16:35:14.290920+00:00
7414,INPROC_7CB22E,1,10,team2,Team 2 (E/W),49,71,2,♣,finished,2026-05-18T16:35:14.304947+00:00
7415,INPROC_D312CD,1,10,draw,draw,60,60,30,♠,finished,2026-05-18T16:35:14.320951+00:00
7416,INPROC_F8239B,1,10,team1,Team 1 (N/S),90,30,10,♦,finished,2026-05-18T16:35:14.329494+00:00
7417,INPROC_AF78F3,1,10,team1,Team 1 (N/S),90,30,13,♦,finished,2026-05-18T16:35:14.344778+00:00
7418,INPROC_5BBB9B,1,10,team1,Team 1 (N/S),64,56,5,♣,finished,2026-05-18T16:35:14.358915+00:00
7419,INPROC_71CF07,1,10,team1,Team 1 (N/S),64,56,16,♦,finished,2026-05-18T16:35:14.376035+00:00
7420,INPROC_BD574E,1,10,team2,Team 2 (E/W),55,65,32,♠,finished,2026-05-18T16:35:14.391945+00:00
7421,INPROC_294D82,1,10,team1,Team 1 (N/S),70,50,33,♠,finished,2026-05-18T16:35:14.405810+00:00
7422,INPROC_3E4D4D,1,10,team1,Team 1 (N/S),98,22,33,♠,finished,2026-05-18T16:35:14.420454+00:00
7423,INPROC_422048,1,10,team1,Team 1 (N/S),118,2,22,♥,finished,2026-05-18T16:35:14.436987+00:00
7424,INPROC_A82F4D,1,10,team1,Team 1 (N/S),69,51,9,♣,finished,2026-05-18T16:35:14.453188+00:00
7425,INPROC_745824,1,10,team2,Team 2 (E/W),55,65,26,♥,finished,2026-05-18T16:35:14.468422+00:00
7426,INPROC_9033B3,1,10,team1,Team 1 (N/S),115,5,7,♣,finished,2026-05-18T16:35:14.482170+00:00
7427,INPROC_828BA3,1,10,team2,Team 2 (E/W),30,90,4,♣,finished,2026-05-18T16:35:14.497078+00:00
7428,INPROC_F8DEEE,1,10,team2,Team 2 (E/W),52,68,0,♣,finished,2026-05-18T16:35:14.513252+00:00
7429,INPROC_90F9C1,1,10,team1,Team 1 (N/S),78,42,32,♠,finished,2026-05-18T16:35:14.527950+00:00
7430,INPROC_C725C7,1,10,team2,Team 2 (E/W),53,67,33,♠,finished,2026-05-18T16:35:14.542640+00:00
7431,INPROC_06042B,1,10,team1,Team 1 (N/S),93,27,12,♦,finished,2026-05-18T16:35:14.558985+00:00
7432,INPROC_245B86,1,10,team1,Team 1 (N/S),88,32,38,♠,finished,2026-05-18T16:35:14.573712+00:00
7433,INPROC_65F3B1,1,10,team2,Team 2 (E/W),42,78,17,♦,finished,2026-05-18T16:35:14.589563+00:00
7434,INPROC_DC1635,1,10,team2,Team 2 (E/W),31,89,15,♦,finished,2026-05-18T16:35:14.603217+00:00
7435,INPROC_CA51E7,1,10,team1,Team 1 (N/S),63,57,30,♠,finished,2026-05-18T16:35:14.620400+00:00
7436,INPROC_A9728B,1,10,team2,Team 2 (E/W),58,62,13,♦,finished,2026-05-18T16:35:14.635042+00:00
7437,INPROC_F528FD,1,10,team2,Team 2 (E/W),42,78,13,♦,finished,2026-05-18T16:35:14.651282+00:00
7438,INPROC_687C5C,1,10,team2,Team 2 (E/W),39,81,31,♠,finished,2026-05-18T16:35:14.669039+00:00
7439,INPROC_10DB00,1,10,team1,Team 1 (N/S),67,53,8,♣,finished,2026-05-18T16:35:14.681058+00:00
7440,INPROC_E97CE0,1,10,team1,Team 1 (N/S),89,31,8,♣,finished,2026-05-18T16:35:14.699080+00:00
7441,INPROC_B23235,1,10,team2,Team 2 (E/W),43,77,6,♣,finished,2026-05-18T16:35:14.714193+00:00
7442,INPROC_505E7D,1,10,team1,Team 1 (N/S),83,37,28,♥,finished,2026-05-18T16:35:14.732906+00:00
7443,INPROC_FB5F89,1,10,team2,Team 2 (E/W),50,70,16,♦,finished,2026-05-18T16:35:14.751294+00:00
7444,INPROC_C325B1,1,10,team1,Team 1 (N/S),73,47,39,♠,finished,2026-05-18T16:35:14.761982+00:00
7445,INPROC_01822E,1,10,team2,Team 2 (E/W),36,84,10,♦,finished,2026-05-18T16:35:14.776329+00:00
7446,INPROC_A6AB18,1,10,team2,Team 2 (E/W),48,72,33,♠,finished,2026-05-18T16:35:14.791491+00:00
7447,INPROC_3DC5F5,1,10,team1,Team 1 (N/S),80,40,38,♠,finished,2026-05-18T16:35:14.809170+00:00
7448,INPROC_92241F,1,10,team1,Team 1 (N/S),75,45,5,♣,finished,2026-05-18T16:35:14.827833+00:00
7449,INPROC_2BCBBA,1,10,team2,Team 2 (E/W),0,120,9,♣,finished,2026-05-18T16:35:14.845651+00:00
7450,INPROC_15302F,1,10,team1,Team 1 (N/S),102,18,22,♥,finished,2026-05-18T16:35:14.861726+00:00
7451,INPROC_5BF42A,1,10,team2,Team 2 (E/W),47,73,12,♦,finished,2026-05-18T16:35:14.877122+00:00
7452,INPROC_C71307,1,10,team1,Team 1 (N/S),91,29,20,♥,finished,2026-05-18T16:35:14.889168+00:00
7453,INPROC_17F697,1,10,team1,Team 1 (N/S),75,45,33,♠,finished,2026-05-18T16:35:14.897719+00:00
7454,INPROC_8FF4E4,1,10,team1,Team 1 (N/S),80,40,38,♠,finished,2026-05-18T16:35:14.907666+00:00
7455,INPROC_FAF1E7,1,10,team1,Team 1 (N/S),77,43,39,♠,finished,2026-05-18T16:35:14.917818+00:00
7456,INPROC_6416FA,1,10,team1,Team 1 (N/S),72,48,35,♠,finished,2026-05-18T16:35:14.927043+00:00
7457,INPROC_FB957D,1,10,team1,Team 1 (N/S),65,55,36,♠,finished,2026-05-18T16:35:14.937035+00:00
7458,INPROC_184AAB,1,10,team1,Team 1 (N/S),92,28,1,♣,finished,2026-05-18T16:35:14.951734+00:00
7459,INPROC_13DACD,1,10,team1,Team 1 (N/S),92,28,6,♣,finished,2026-05-18T16:35:14.967945+00:00
7460,INPROC_DCB242,1,10,team1,Team 1 (N/S),66,54,39,♠,finished,2026-05-18T16:35:14.983224+00:00
7461,INPROC_7A03B7,1,10,team1,Team 1 (N/S),66,54,5,♣,finished,2026-05-18T16:35:14.993111+00:00
7462,INPROC_04B429,1,10,team2,Team 2 (E/W),59,61,8,♣,finished,2026-05-18T16:35:15.005006+00:00
7463,INPROC_CA332E,1,10,team2,Team 2 (E/W),19,101,13,♦,finished,2026-05-18T16:35:15.015835+00:00
7464,INPROC_6009F2,1,10,team2,Team 2 (E/W),31,89,11,♦,finished,2026-05-18T16:35:15.032948+00:00
7465,INPROC_EFE51F,1,10,team1,Team 1 (N/S),73,47,29,♥,finished,2026-05-18T16:35:15.048747+00:00
7466,INPROC_ADA011,1,10,team2,Team 2 (E/W),48,72,26,♥,finished,2026-05-18T16:35:15.063922+00:00
7467,INPROC_2B81F1,1,10,team1,Team 1 (N/S),75,45,19,♦,finished,2026-05-18T16:35:15.081608+00:00
7468,INPROC_71EEA9,1,10,team1,Team 1 (N/S),95,25,16,♦,finished,2026-05-18T16:35:15.097647+00:00
7469,INPROC_744612,1,10,team1,Team 1 (N/S),98,22,16,♦,finished,2026-05-18T16:35:15.117613+00:00
7470,INPROC_C6E65E,1,10,team1,Team 1 (N/S),100,20,10,♦,finished,2026-05-18T16:35:15.136176+00:00
7471,INPROC_914068,1,10,team1,Team 1 (N/S),61,59,34,♠,finished,2026-05-18T16:35:15.154473+00:00
7472,INPROC_95F4B7,1,10,team1,Team 1 (N/S),74,46,33,♠,finished,2026-05-18T16:35:15.171209+00:00
7473,INPROC_DE74CE,1,10,team1,Team 1 (N/S),94,26,26,♥,finished,2026-05-18T16:35:15.184244+00:00
7474,INPROC_3E9C75,1,10,team1,Team 1 (N/S),69,51,25,♥,finished,2026-05-18T16:35:15.196171+00:00
7475,INPROC_F67CB9,1,10,team2,Team 2 (E/W),40,80,23,♥,finished,2026-05-18T16:35:15.208794+00:00
7476,INPROC_C3DD7D,1,10,team1,Team 1 (N/S),108,12,10,♦,finished,2026-05-18T16:35:15.225268+00:00
7477,INPROC_B6C0BE,1,10,team1,Team 1 (N/S),82,38,16,♦,finished,2026-05-18T16:35:15.242486+00:00
7478,INPROC_229685,1,10,team1,Team 1 (N/S),101,19,30,♠,finished,2026-05-18T16:35:15.256561+00:00
7479,INPROC_3187FE,1,10,team1,Team 1 (N/S),97,23,2,♣,finished,2026-05-18T16:35:15.273298+00:00
7480,INPROC_8E6E13,1,10,team2,Team 2 (E/W),43,77,12,♦,finished,2026-05-18T16:35:15.289189+00:00
7481,INPROC_C03DA9,1,10,team1,Team 1 (N/S),71,49,27,♥,finished,2026-05-18T16:35:15.304210+00:00
7482,INPROC_2AFEFD,1,10,team1,Team 1 (N/S),63,57,36,♠,finished,2026-05-18T16:35:15.319354+00:00
7483,INPROC_11B141,1,10,team1,Team 1 (N/S),72,48,22,♥,finished,2026-05-18T16:35:15.335108+00:00
7484,INPROC_7C743D,1,10,team1,Team 1 (N/S),64,56,32,♠,finished,2026-05-18T16:35:15.349064+00:00
7485,INPROC_57E111,1,10,team1,Team 1 (N/S),97,23,29,♥,finished,2026-05-18T16:35:15.367228+00:00
7486,INPROC_1538DA,1,10,team2,Team 2 (E/W),43,77,12,♦,finished,2026-05-18T16:35:15.382389+00:00
7487,INPROC_DE65A0,1,10,team1,Team 1 (N/S),83,37,19,♦,finished,2026-05-18T16:35:15.397493+00:00
7488,INPROC_867463,1,10,team2,Team 2 (E/W),57,63,25,♥,finished,2026-05-18T16:35:15.413224+00:00
7489,INPROC_79C22F,1,10,team1,Team 1 (N/S),105,15,24,♥,finished,2026-05-18T16:35:15.428530+00:00
7490,INPROC_349A1E,1,10,team2,Team 2 (E/W),41,79,35,♠,finished,2026-05-18T16:35:15.445886+00:00
7491,INPROC_BF2E01,1,10,team1,Team 1 (N/S),98,22,33,♠,finished,2026-05-18T16:35:15.463681+00:00
7492,INPROC_067EB9,1,10,team1,Team 1 (N/S),102,18,25,♥,finished,2026-05-18T16:35:15.478925+00:00
7493,INPROC_B73C02,1,10,team1,Team 1 (N/S),78,42,22,♥,finished,2026-05-18T16:35:15.494983+00:00
7494,INPROC_F2B397,1,10,team1,Team 1 (N/S),93,27,24,♥,finished,2026-05-18T16:35:15.512419+00:00
7495,INPROC_FA8325,1,10,team2,Team 2 (E/W),33,87,30,♠,finished,2026-05-18T16:35:15.528267+00:00
7496,INPROC_5989A0,1,10,draw,draw,60,60,20,♥,finished,2026-05-18T16:35:15.545691+00:00
7497,INPROC_A81836,1,10,team1,Team 1 (N/S),80,40,23,♥,finished,2026-05-18T16:35:15.561559+00:00
7498,INPROC_CCAD38,1,10,team1,Team 1 (N/S),73,47,3,♣,finished,2026-05-18T16:35:15.577809+00:00
7499,INPROC_DDAFA5,1,10,team1,Team 1 (N/S),78,42,19,♦,finished,2026-05-18T16:35:15.594529+00:00
7500,INPROC_B65EEB,1,10,team1,Team 1 (N/S),65,55,14,♦,finished,2026-05-18T16:35:15.611159+00:00
7501,INPROC_104E42,1,10,team1,Team 1 (N/S),103,17,8,♣,finished,2026-05-18T16:35:15.628048+00:00
7502,INPROC_5D46D2,1,10,team1,Team 1 (N/S),82,38,28,♥,finished,2026-05-18T16:35:15.645163+00:00
7503,INPROC_9C4739,1,10,team1,Team 1 (N/S),78,42,36,♠,finished,2026-05-18T16:35:15.659459+00:00
7504,INPROC_9D182D,1,10,team1,Team 1 (N/S),73,47,22,♥,finished,2026-05-18T16:35:15.675637+00:00
7505,INPROC_248389,1,10,team2,Team 2 (E/W),38,82,38,♠,finished,2026-05-18T16:35:15.685050+00:00
7506,INPROC_726AE3,1,10,draw,draw,60,60,2,♣,finished,2026-05-18T16:35:15.698788+00:00
7507,INPROC_587B9D,1,10,team1,Team 1 (N/S),89,31,35,♠,finished,2026-05-18T16:35:15.710198+00:00
7508,INPROC_D0EE47,1,10,team1,Team 1 (N/S),79,41,18,♦,finished,2026-05-18T16:35:15.724520+00:00
7509,INPROC_924135,1,10,team1,Team 1 (N/S),93,27,27,♥,finished,2026-05-18T16:35:15.738527+00:00
7510,INPROC_878A11,1,10,team1,Team 1 (N/S),91,29,19,♦,finished,2026-05-18T16:35:15.754294+00:00
7511,INPROC_EFBFD2,1,10,team2,Team 2 (E/W),44,76,19,♦,finished,2026-05-18T16:35:15.770250+00:00
7512,INPROC_387264,1,10,team1,Team 1 (N/S),84,36,22,♥,finished,2026-05-18T16:35:15.786770+00:00
7513,INPROC_4EE986,1,10,team1,Team 1 (N/S),75,45,33,♠,finished,2026-05-18T16:35:15.801614+00:00
7514,INPROC_6D75A5,1,10,team1,Team 1 (N/S),93,27,33,♠,finished,2026-05-18T16:35:15.819166+00:00
7515,INPROC_F300C2,1,10,team1,Team 1 (N/S),68,52,10,♦,finished,2026-05-18T16:35:15.834183+00:00
7516,INPROC_15E192,1,10,team1,Team 1 (N/S),78,42,10,♦,finished,2026-05-18T16:35:15.848908+00:00
7517,INPROC_A447A8,1,10,team1,Team 1 (N/S),81,39,39,♠,finished,2026-05-18T16:35:15.865802+00:00
7518,INPROC_763089,1,10,team2,Team 2 (E/W),35,85,35,♠,finished,2026-05-18T16:35:15.880524+00:00
7519,INPROC_A589D7,1,10,team1,Team 1 (N/S),73,47,38,♠,finished,2026-05-18T16:35:15.895699+00:00
7520,INPROC_A5E13B,1,10,team1,Team 1 (N/S),64,56,17,♦,finished,2026-05-18T16:35:15.910580+00:00
7521,INPROC_51C339,1,10,team1,Team 1 (N/S),64,56,27,♥,finished,2026-05-18T16:35:15.925652+00:00
7522,INPROC_45331C,1,10,team1,Team 1 (N/S),69,51,28,♥,finished,2026-05-18T16:35:15.942070+00:00
7523,INPROC_7D5BC0,1,10,team1,Team 1 (N/S),63,57,27,♥,finished,2026-05-18T16:35:15.953374+00:00
7524,INPROC_BC0B08,1,10,team2,Team 2 (E/W),43,77,19,♦,finished,2026-05-18T16:35:15.971302+00:00
7525,INPROC_3B1D8A,1,10,team1,Team 1 (N/S),78,42,15,♦,finished,2026-05-18T16:35:15.987259+00:00
7526,INPROC_1C8253,1,10,team1,Team 1 (N/S),90,30,7,♣,finished,2026-05-18T16:35:16.002016+00:00
7527,INPROC_45479B,1,10,team2,Team 2 (E/W),35,85,21,♥,finished,2026-05-18T16:35:16.016920+00:00
7528,INPROC_32B118,1,10,team2,Team 2 (E/W),30,90,21,♥,finished,2026-05-18T16:35:16.034806+00:00
7529,INPROC_9C0CC2,1,10,team1,Team 1 (N/S),91,29,24,♥,finished,2026-05-18T16:35:16.051798+00:00
7530,INPROC_848CA2,1,10,team2,Team 2 (E/W),55,65,39,♠,finished,2026-05-18T16:35:16.068782+00:00
7531,INPROC_718919,1,10,team2,Team 2 (E/W),52,68,12,♦,finished,2026-05-18T16:35:16.082490+00:00
7532,INPROC_554D1F,1,10,team2,Team 2 (E/W),35,85,4,♣,finished,2026-05-18T16:35:16.095755+00:00
7533,INPROC_8B8EE8,1,10,team1,Team 1 (N/S),95,25,13,♦,finished,2026-05-18T16:35:16.111952+00:00
7534,INPROC_FE48B7,1,10,team2,Team 2 (E/W),53,67,13,♦,finished,2026-05-18T16:35:16.127937+00:00
7535,INPROC_07E717,1,10,team2,Team 2 (E/W),56,64,1,♣,finished,2026-05-18T16:35:16.144158+00:00
7536,INPROC_DB953C,1,10,team2,Team 2 (E/W),48,72,33,♠,finished,2026-05-18T16:35:16.159308+00:00
7537,INPROC_FFEF0F,1,10,team1,Team 1 (N/S),98,22,30,♠,finished,2026-05-18T16:35:16.174028+00:00
7538,INPROC_9BBF04,1,10,team1,Team 1 (N/S),105,15,31,♠,finished,2026-05-18T16:35:16.188149+00:00
7539,INPROC_52E3C5,1,10,team1,Team 1 (N/S),102,18,23,♥,finished,2026-05-18T16:35:16.202851+00:00
7540,INPROC_F231B2,1,10,team2,Team 2 (E/W),9,111,20,♥,finished,2026-05-18T16:35:16.218146+00:00
7541,INPROC_ABA82A,1,10,team1,Team 1 (N/S),69,51,31,♠,finished,2026-05-18T16:35:16.230926+00:00
7542,INPROC_7CD199,1,10,team1,Team 1 (N/S),61,59,24,♥,finished,2026-05-18T16:35:16.242965+00:00
7543,INPROC_53F097,1,10,team2,Team 2 (E/W),41,79,12,♦,finished,2026-05-18T16:35:16.257650+00:00
7544,INPROC_326AD2,1,10,team1,Team 1 (N/S),99,21,28,♥,finished,2026-05-18T16:35:16.272210+00:00
7545,INPROC_5DC9D5,1,10,team1,Team 1 (N/S),95,25,24,♥,finished,2026-05-18T16:35:16.287863+00:00
7546,INPROC_966088,1,10,team2,Team 2 (E/W),43,77,9,♣,finished,2026-05-18T16:35:16.303440+00:00
7547,INPROC_22C3A0,1,10,team2,Team 2 (E/W),59,61,17,♦,finished,2026-05-18T16:35:16.314060+00:00
7548,INPROC_64E728,1,10,team1,Team 1 (N/S),65,55,37,♠,finished,2026-05-18T16:35:16.324506+00:00
7549,INPROC_95EA1C,1,10,team2,Team 2 (E/W),39,81,14,♦,finished,2026-05-18T16:35:16.337883+00:00
7550,INPROC_9B3053,1,10,team1,Team 1 (N/S),75,45,16,♦,finished,2026-05-18T16:35:16.352253+00:00
7551,INPROC_C94B42,1,10,team2,Team 2 (E/W),52,68,17,♦,finished,2026-05-18T16:35:16.365498+00:00
7552,INPROC_1FEB7D,1,10,team1,Team 1 (N/S),76,44,32,♠,finished,2026-05-18T16:35:16.380118+00:00
7553,INPROC_1256BD,1,10,team1,Team 1 (N/S),83,37,18,♦,finished,2026-05-18T16:35:16.394838+00:00
7554,INPROC_57295E,1,10,team1,Team 1 (N/S),86,34,12,♦,finished,2026-05-18T16:35:16.410775+00:00
7555,INPROC_373DE1,1,10,team1,Team 1 (N/S),77,43,13,♦,finished,2026-05-18T16:35:16.426080+00:00
7556,INPROC_9F8F13,1,10,team1,Team 1 (N/S),65,55,37,♠,finished,2026-05-18T16:35:16.441650+00:00
7557,INPROC_4BD0B0,1,10,team2,Team 2 (E/W),14,106,28,♥,finished,2026-05-18T16:35:16.457612+00:00
7558,INPROC_D48CEB,1,10,team2,Team 2 (E/W),39,81,5,♣,finished,2026-05-18T16:35:16.472962+00:00
7559,INPROC_809BF4,1,10,team1,Team 1 (N/S),84,36,36,♠,finished,2026-05-18T16:35:16.489169+00:00
7560,INPROC_61B412,1,10,team1,Team 1 (N/S),102,18,24,♥,finished,2026-05-18T16:35:16.505312+00:00
7561,INPROC_4784BD,1,10,team1,Team 1 (N/S),107,13,14,♦,finished,2026-05-18T16:35:16.519904+00:00
7562,INPROC_DBAF3F,1,10,team2,Team 2 (E/W),43,77,22,♥,finished,2026-05-18T16:35:16.531898+00:00
7563,INPROC_2E7286,1,10,team2,Team 2 (E/W),45,75,10,♦,finished,2026-05-18T16:35:16.545042+00:00
7564,INPROC_CBA180,1,10,team1,Team 1 (N/S),91,29,0,♣,finished,2026-05-18T16:35:16.558741+00:00
7565,INPROC_E3BAAF,1,10,team2,Team 2 (E/W),20,100,18,♦,finished,2026-05-18T16:35:16.567051+00:00
7566,INPROC_F34975,1,10,team2,Team 2 (E/W),50,70,18,♦,finished,2026-05-18T16:35:16.577425+00:00
7567,INPROC_3C8EAC,1,10,team1,Team 1 (N/S),76,44,36,♠,finished,2026-05-18T16:35:16.590427+00:00
7568,INPROC_A565B2,1,10,team1,Team 1 (N/S),69,51,22,♥,finished,2026-05-18T16:35:16.606759+00:00
7569,INPROC_4C22C0,1,10,team1,Team 1 (N/S),79,41,39,♠,finished,2026-05-18T16:35:16.622599+00:00
7570,INPROC_1056D4,1,10,team1,Team 1 (N/S),87,33,0,♣,finished,2026-05-18T16:35:16.638369+00:00
7571,INPROC_4BEAFA,1,10,team1,Team 1 (N/S),86,34,13,♦,finished,2026-05-18T16:35:16.654462+00:00
7572,INPROC_5F319B,1,10,team1,Team 1 (N/S),70,50,1,♣,finished,2026-05-18T16:35:16.662217+00:00
7573,INPROC_9B168E,1,10,team1,Team 1 (N/S),80,40,0,♣,finished,2026-05-18T16:35:16.673552+00:00
7574,INPROC_8FF4AC,1,10,team1,Team 1 (N/S),67,53,8,♣,finished,2026-05-18T16:35:16.687968+00:00
7575,INPROC_2D579A,1,10,team2,Team 2 (E/W),55,65,33,♠,finished,2026-05-18T16:35:16.704516+00:00
7576,INPROC_332C75,1,10,team1,Team 1 (N/S),120,0,24,♥,finished,2026-05-18T16:35:16.721140+00:00
7577,INPROC_AAEEBF,1,10,team2,Team 2 (E/W),57,63,23,♥,finished,2026-05-18T16:35:16.737086+00:00
7578,INPROC_D36FCE,1,10,team2,Team 2 (E/W),31,89,29,♥,finished,2026-05-18T16:35:16.752887+00:00
7579,INPROC_A058CC,1,10,team1,Team 1 (N/S),92,28,38,♠,finished,2026-05-18T16:35:16.768146+00:00
7580,INPROC_285AD4,1,10,team2,Team 2 (E/W),56,64,17,♦,finished,2026-05-18T16:35:16.783296+00:00
7581,INPROC_DAA1CC,1,10,team1,Team 1 (N/S),83,37,0,♣,finished,2026-05-18T16:35:16.799762+00:00
7582,INPROC_25C66F,1,10,team1,Team 1 (N/S),98,22,11,♦,finished,2026-05-18T16:35:16.814799+00:00
7583,INPROC_EBC4D4,1,10,team1,Team 1 (N/S),65,55,20,♥,finished,2026-05-18T16:35:16.831659+00:00
7584,INPROC_7DD4DD,1,10,team2,Team 2 (E/W),46,74,39,♠,finished,2026-05-18T16:35:16.847892+00:00
7585,INPROC_B53E15,1,10,team2,Team 2 (E/W),28,92,14,♦,finished,2026-05-18T16:35:16.865053+00:00
7586,INPROC_1B5B00,1,10,team2,Team 2 (E/W),0,120,39,♠,finished,2026-05-18T16:35:16.881046+00:00
7587,INPROC_69C385,1,10,team1,Team 1 (N/S),69,51,10,♦,finished,2026-05-18T16:35:16.896282+00:00
7588,INPROC_8C1014,1,10,team2,Team 2 (E/W),54,66,39,♠,finished,2026-05-18T16:35:16.912565+00:00
7589,INPROC_B11D8E,1,10,team1,Team 1 (N/S),61,59,27,♥,finished,2026-05-18T16:35:16.928675+00:00
7590,INPROC_F15367,1,10,team2,Team 2 (E/W),46,74,13,♦,finished,2026-05-18T16:35:16.943804+00:00
7591,INPROC_DA892C,1,10,team2,Team 2 (E/W),47,73,7,♣,finished,2026-05-18T16:35:16.960896+00:00
7592,INPROC_39955D,1,10,team2,Team 2 (E/W),39,81,28,♥,finished,2026-05-18T16:35:16.975692+00:00
7593,INPROC_0F76CC,1,10,team2,Team 2 (E/W),39,81,10,♦,finished,2026-05-18T16:35:16.991114+00:00
7594,INPROC_06BCC2,1,10,team1,Team 1 (N/S),74,46,26,♥,finished,2026-05-18T16:35:17.007089+00:00
7595,INPROC_4A90B2,1,10,team1,Team 1 (N/S),77,43,36,♠,finished,2026-05-18T16:35:17.023453+00:00
7596,INPROC_61E2D8,1,10,team1,Team 1 (N/S),63,57,23,♥,finished,2026-05-18T16:35:17.038875+00:00
7597,INPROC_9EEFEF,1,10,team1,Team 1 (N/S),92,28,7,♣,finished,2026-05-18T16:35:17.055418+00:00
7598,INPROC_B40FDD,1,10,team1,Team 1 (N/S),90,30,6,♣,finished,2026-05-18T16:35:17.070774+00:00
7599,INPROC_0BC3F0,1,10,team1,Team 1 (N/S),86,34,34,♠,finished,2026-05-18T16:35:17.087959+00:00
7600,INPROC_6CD520,1,10,team1,Team 1 (N/S),62,58,17,♦,finished,2026-05-18T16:35:17.104062+00:00
7601,INPROC_5DCFFB,1,10,team1,Team 1 (N/S),70,50,33,♠,finished,2026-05-18T16:35:17.113104+00:00
7602,INPROC_F9E5E1,1,10,team2,Team 2 (E/W),55,65,8,♣,finished,2026-05-18T16:35:17.122556+00:00
7603,INPROC_7A1D04,1,10,team2,Team 2 (E/W),37,83,4,♣,finished,2026-05-18T16:35:17.131843+00:00
7604,INPROC_D65E6B,1,10,team2,Team 2 (E/W),34,86,38,♠,finished,2026-05-18T16:35:17.146255+00:00
7605,INPROC_8329D2,1,10,team1,Team 1 (N/S),81,39,8,♣,finished,2026-05-18T16:35:17.160244+00:00
7606,INPROC_73E25F,1,10,team2,Team 2 (E/W),51,69,23,♥,finished,2026-05-18T16:35:17.172808+00:00
7607,INPROC_0268BE,1,10,team1,Team 1 (N/S),68,52,17,♦,finished,2026-05-18T16:35:17.184763+00:00
7608,INPROC_10C8F6,1,10,team1,Team 1 (N/S),68,52,29,♥,finished,2026-05-18T16:35:17.202043+00:00
7609,INPROC_C4BBB5,1,10,team2,Team 2 (E/W),46,74,4,♣,finished,2026-05-18T16:35:17.219024+00:00
7610,INPROC_0411FB,1,10,team1,Team 1 (N/S),105,15,0,♣,finished,2026-05-18T16:35:17.239157+00:00
7611,INPROC_F4C7E6,1,10,team1,Team 1 (N/S),86,34,12,♦,finished,2026-05-18T16:35:17.257836+00:00
7612,INPROC_8601B5,1,10,team2,Team 2 (E/W),58,62,13,♦,finished,2026-05-18T16:35:17.267249+00:00
7613,INPROC_7CA783,1,10,team1,Team 1 (N/S),86,34,6,♣,finished,2026-05-18T16:35:17.284021+00:00
7614,INPROC_664521,1,10,team2,Team 2 (E/W),43,77,9,♣,finished,2026-05-18T16:35:17.299855+00:00
7615,INPROC_62976C,1,10,team2,Team 2 (E/W),57,63,22,♥,finished,2026-05-18T16:35:17.312678+00:00
7616,INPROC_8ABE68,1,10,team1,Team 1 (N/S),101,19,33,♠,finished,2026-05-18T16:35:17.329880+00:00
7617,INPROC_8584B4,1,10,team1,Team 1 (N/S),65,55,20,♥,finished,2026-05-18T16:35:17.349495+00:00
7618,INPROC_059BA7,1,10,team2,Team 2 (E/W),44,76,37,♠,finished,2026-05-18T16:35:17.365945+00:00
7619,INPROC_222C7E,1,10,team2,Team 2 (E/W),11,109,11,♦,finished,2026-05-18T16:35:17.381495+00:00
7620,INPROC_689E96,1,10,team1,Team 1 (N/S),101,19,13,♦,finished,2026-05-18T16:35:17.397598+00:00
7621,INPROC_F53CBF,1,10,team2,Team 2 (E/W),58,62,9,♣,finished,2026-05-18T16:35:17.417763+00:00
7622,INPROC_52DA96,1,10,team2,Team 2 (E/W),30,90,7,♣,finished,2026-05-18T16:35:17.432450+00:00
7623,INPROC_BA793E,1,10,team1,Team 1 (N/S),87,33,31,♠,finished,2026-05-18T16:35:17.447886+00:00
7624,INPROC_31D8BE,1,10,team2,Team 2 (E/W),54,66,39,♠,finished,2026-05-18T16:35:17.464291+00:00
7625,INPROC_4B487E,1,10,team1,Team 1 (N/S),63,57,30,♠,finished,2026-05-18T16:35:17.480773+00:00
7626,INPROC_D54575,1,10,team1,Team 1 (N/S),73,47,14,♦,finished,2026-05-18T16:35:17.501617+00:00
7627,INPROC_4429FA,1,10,team1,Team 1 (N/S),62,58,22,♥,finished,2026-05-18T16:35:17.521058+00:00
7628,INPROC_5C1941,1,10,team2,Team 2 (E/W),54,66,37,♠,finished,2026-05-18T16:35:17.537814+00:00
7629,INPROC_2993A8,1,10,team1,Team 1 (N/S),61,59,15,♦,finished,2026-05-18T16:35:17.556423+00:00
7630,INPROC_6E271B,1,10,team1,Team 1 (N/S),100,20,10,♦,finished,2026-05-18T16:35:17.574503+00:00
7631,INPROC_48E914,1,10,team1,Team 1 (N/S),84,36,8,♣,finished,2026-05-18T16:35:17.589984+00:00
7632,INPROC_C9AB38,1,10,team2,Team 2 (E/W),39,81,34,♠,finished,2026-05-18T16:35:17.606005+00:00
7633,INPROC_BECDF6,1,10,team2,Team 2 (E/W),58,62,9,♣,finished,2026-05-18T16:35:17.622902+00:00
7634,INPROC_562788,1,10,team2,Team 2 (E/W),58,62,2,♣,finished,2026-05-18T16:35:17.634857+00:00
7635,INPROC_909F6D,1,10,team1,Team 1 (N/S),84,36,22,♥,finished,2026-05-18T16:35:17.650095+00:00
7636,INPROC_5BBE49,1,10,team1,Team 1 (N/S),93,27,9,♣,finished,2026-05-18T16:35:17.666284+00:00
7637,INPROC_AEB6A5,1,10,team1,Team 1 (N/S),71,49,36,♠,finished,2026-05-18T16:35:17.683600+00:00
7638,INPROC_BA5DF8,1,10,team1,Team 1 (N/S),71,49,5,♣,finished,2026-05-18T16:35:17.698696+00:00
7639,INPROC_C9CD81,1,10,team2,Team 2 (E/W),42,78,9,♣,finished,2026-05-18T16:35:17.716402+00:00
7640,INPROC_9BC566,1,10,team1,Team 1 (N/S),70,50,27,♥,finished,2026-05-18T16:35:17.730582+00:00
7641,INPROC_56CAB3,1,10,team1,Team 1 (N/S),74,46,10,♦,finished,2026-05-18T16:35:17.746597+00:00
7642,INPROC_CD607D,1,10,team1,Team 1 (N/S),65,55,21,♥,finished,2026-05-18T16:35:17.762366+00:00
7643,INPROC_1AEF1B,1,10,team2,Team 2 (E/W),45,75,34,♠,finished,2026-05-18T16:35:17.777450+00:00
7644,INPROC_4FB2B6,1,10,team1,Team 1 (N/S),86,34,0,♣,finished,2026-05-18T16:35:17.791303+00:00
7645,INPROC_B5D9E4,1,10,team2,Team 2 (E/W),46,74,19,♦,finished,2026-05-18T16:35:17.807331+00:00
7646,INPROC_0A3996,1,10,team1,Team 1 (N/S),72,48,37,♠,finished,2026-05-18T16:35:17.822934+00:00
7647,INPROC_A441FA,1,10,team1,Team 1 (N/S),99,21,14,♦,finished,2026-05-18T16:35:17.837564+00:00
7648,INPROC_1B545C,1,10,team2,Team 2 (E/W),52,68,7,♣,finished,2026-05-18T16:35:17.852665+00:00
7649,INPROC_7C65AB,1,10,team1,Team 1 (N/S),101,19,35,♠,finished,2026-05-18T16:35:17.867463+00:00
7650,INPROC_B104A0,1,10,team2,Team 2 (E/W),27,93,28,♥,finished,2026-05-18T16:35:17.884096+00:00
7651,INPROC_88CA8E,1,10,team1,Team 1 (N/S),102,18,24,♥,finished,2026-05-18T16:35:17.898795+00:00
7652,INPROC_91C475,1,10,team1,Team 1 (N/S),78,42,24,♥,finished,2026-05-18T16:35:17.914948+00:00
7653,INPROC_3381C1,1,10,team1,Team 1 (N/S),64,56,20,♥,finished,2026-05-18T16:35:17.928902+00:00
7654,INPROC_71E417,1,10,team1,Team 1 (N/S),71,49,39,♠,finished,2026-05-18T16:35:17.945418+00:00
7655,INPROC_6D4367,1,10,team1,Team 1 (N/S),84,36,3,♣,finished,2026-05-18T16:35:17.960609+00:00
7656,INPROC_0EC728,1,10,team2,Team 2 (E/W),46,74,12,♦,finished,2026-05-18T16:35:17.978939+00:00
7657,INPROC_8FC471,1,10,team1,Team 1 (N/S),75,45,30,♠,finished,2026-05-18T16:35:17.995690+00:00
7658,INPROC_D653F6,1,10,team1,Team 1 (N/S),72,48,7,♣,finished,2026-05-18T16:35:18.011461+00:00
7659,INPROC_36C499,1,10,team1,Team 1 (N/S),100,20,34,♠,finished,2026-05-18T16:35:18.025778+00:00
7660,INPROC_3DA031,1,10,team1,Team 1 (N/S),79,41,7,♣,finished,2026-05-18T16:35:18.039144+00:00
7661,INPROC_D04011,1,10,team2,Team 2 (E/W),35,85,14,♦,finished,2026-05-18T16:35:18.052220+00:00
7662,INPROC_93731A,1,10,team1,Team 1 (N/S),78,42,30,♠,finished,2026-05-18T16:35:18.070271+00:00
7663,INPROC_7E5C11,1,10,team2,Team 2 (E/W),54,66,35,♠,finished,2026-05-18T16:35:18.085332+00:00
7664,INPROC_D80E1D,1,10,team1,Team 1 (N/S),97,23,17,♦,finished,2026-05-18T16:35:18.099337+00:00
7665,INPROC_9E7528,1,10,team1,Team 1 (N/S),72,48,12,♦,finished,2026-05-18T16:35:18.116515+00:00
7666,INPROC_6248A1,1,10,team1,Team 1 (N/S),64,56,25,♥,finished,2026-05-18T16:35:18.135464+00:00
7667,INPROC_879448,1,10,team1,Team 1 (N/S),86,34,6,♣,finished,2026-05-18T16:35:18.153029+00:00
7668,INPROC_188B4F,1,10,team1,Team 1 (N/S),96,24,35,♠,finished,2026-05-18T16:35:18.170242+00:00
7669,INPROC_68FE4B,1,10,team1,Team 1 (N/S),83,37,29,♥,finished,2026-05-18T16:35:18.186679+00:00
7670,INPROC_8F3500,1,10,team2,Team 2 (E/W),20,100,2,♣,finished,2026-05-18T16:35:18.195894+00:00
7671,INPROC_1E5EC8,1,10,team1,Team 1 (N/S),84,36,26,♥,finished,2026-05-18T16:35:18.213695+00:00
7672,INPROC_DB4918,1,10,team1,Team 1 (N/S),101,19,20,♥,finished,2026-05-18T16:35:18.226551+00:00
7673,INPROC_52A1E6,1,10,team1,Team 1 (N/S),102,18,12,♦,finished,2026-05-18T16:35:18.245940+00:00
7674,INPROC_5EFB69,1,10,team1,Team 1 (N/S),95,25,30,♠,finished,2026-05-18T16:35:18.261496+00:00
7675,INPROC_FE54A8,1,10,team1,Team 1 (N/S),88,32,16,♦,finished,2026-05-18T16:35:18.277559+00:00
7676,INPROC_A5F8CA,1,10,team2,Team 2 (E/W),40,80,5,♣,finished,2026-05-18T16:35:18.292381+00:00
7677,INPROC_A7A354,1,10,team2,Team 2 (E/W),20,100,21,♥,finished,2026-05-18T16:35:18.308585+00:00
7678,INPROC_CEB7C2,1,10,team1,Team 1 (N/S),96,24,16,♦,finished,2026-05-18T16:35:18.322532+00:00
7679,INPROC_FE45E0,1,10,team2,Team 2 (E/W),43,77,34,♠,finished,2026-05-18T16:35:18.335079+00:00
7680,INPROC_F788DB,1,10,draw,draw,60,60,33,♠,finished,2026-05-18T16:35:18.347172+00:00
7681,INPROC_7C3653,1,10,team2,Team 2 (E/W),45,75,29,♥,finished,2026-05-18T16:35:18.361274+00:00
7682,INPROC_767761,1,10,team2,Team 2 (E/W),35,85,15,♦,finished,2026-05-18T16:35:18.374232+00:00
7683,INPROC_AEBCDB,1,10,team1,Team 1 (N/S),90,30,10,♦,finished,2026-05-18T16:35:18.385630+00:00
7684,INPROC_E5D5E0,1,10,team2,Team 2 (E/W),51,69,19,♦,finished,2026-05-18T16:35:18.401518+00:00
7685,INPROC_44C008,1,10,team1,Team 1 (N/S),89,31,7,♣,finished,2026-05-18T16:35:18.416478+00:00
7686,INPROC_DEB607,1,10,team1,Team 1 (N/S),68,52,4,♣,finished,2026-05-18T16:35:18.430534+00:00
7687,INPROC_E02295,1,10,team2,Team 2 (E/W),36,84,7,♣,finished,2026-05-18T16:35:18.445778+00:00
7688,INPROC_2C1E28,1,10,team1,Team 1 (N/S),74,46,8,♣,finished,2026-05-18T16:35:18.458280+00:00
7689,INPROC_E9C2CE,1,10,team1,Team 1 (N/S),62,58,28,♥,finished,2026-05-18T16:35:18.472905+00:00
7690,INPROC_04CCB9,1,10,draw,draw,60,60,3,♣,finished,2026-05-18T16:35:18.489810+00:00
7691,INPROC_6DDAC8,1,10,team2,Team 2 (E/W),14,106,24,♥,finished,2026-05-18T16:35:18.503759+00:00
7692,INPROC_B4E0F2,1,10,team1,Team 1 (N/S),65,55,39,♠,finished,2026-05-18T16:35:18.518329+00:00
7693,INPROC_113EF3,1,10,team1,Team 1 (N/S),73,47,24,♥,finished,2026-05-18T16:35:18.534211+00:00
7694,INPROC_7399C6,1,10,team1,Team 1 (N/S),61,59,15,♦,finished,2026-05-18T16:35:18.549483+00:00
7695,INPROC_C1833C,1,10,team1,Team 1 (N/S),62,58,37,♠,finished,2026-05-18T16:35:18.563839+00:00
7696,INPROC_629C9D,1,10,team2,Team 2 (E/W),55,65,11,♦,finished,2026-05-18T16:35:18.578772+00:00
7697,INPROC_0206AA,1,10,team2,Team 2 (E/W),21,99,20,♥,finished,2026-05-18T16:35:18.593135+00:00
7698,INPROC_CA84D8,1,10,team1,Team 1 (N/S),107,13,33,♠,finished,2026-05-18T16:35:18.607451+00:00
7699,INPROC_760E8D,1,10,draw,draw,60,60,7,♣,finished,2026-05-18T16:35:18.622048+00:00
7700,INPROC_284105,1,10,team1,Team 1 (N/S),64,56,31,♠,finished,2026-05-18T16:35:18.636850+00:00
7701,INPROC_2EA183,1,10,team1,Team 1 (N/S),86,34,6,♣,finished,2026-05-18T16:35:18.654494+00:00
7702,INPROC_AC313E,1,10,team1,Team 1 (N/S),81,39,37,♠,finished,2026-05-18T16:35:18.671365+00:00
7703,INPROC_E10673,1,10,team1,Team 1 (N/S),66,54,29,♥,finished,2026-05-18T16:35:18.686573+00:00
7704,INPROC_86641B,1,10,team1,Team 1 (N/S),89,31,35,♠,finished,2026-05-18T16:35:18.700242+00:00
7705,INPROC_D37CF5,1,10,team2,Team 2 (E/W),48,72,22,♥,finished,2026-05-18T16:35:18.714290+00:00
7706,INPROC_85B849,1,10,team2,Team 2 (E/W),48,72,35,♠,finished,2026-05-18T16:35:18.729365+00:00
7707,INPROC_2ABA8E,1,10,team1,Team 1 (N/S),73,47,22,♥,finished,2026-05-18T16:35:18.744415+00:00
7708,INPROC_509C46,1,10,team1,Team 1 (N/S),83,37,11,♦,finished,2026-05-18T16:35:18.761363+00:00
7709,INPROC_0225DE,1,10,team2,Team 2 (E/W),47,73,37,♠,finished,2026-05-18T16:35:18.779211+00:00
7710,INPROC_8654F6,1,10,team1,Team 1 (N/S),76,44,22,♥,finished,2026-05-18T16:35:18.790434+00:00
7711,INPROC_2F54D6,1,10,team2,Team 2 (E/W),32,88,34,♠,finished,2026-05-18T16:35:18.807321+00:00
7712,INPROC_CF34F5,1,10,team1,Team 1 (N/S),69,51,5,♣,finished,2026-05-18T16:35:18.819256+00:00
7713,INPROC_AEBB43,1,10,team2,Team 2 (E/W),46,74,22,♥,finished,2026-05-18T16:35:18.830118+00:00
7714,INPROC_3A0D18,1,10,team2,Team 2 (E/W),2,118,18,♦,finished,2026-05-18T16:35:18.839125+00:00
7715,INPROC_7CC727,1,10,team2,Team 2 (E/W),43,77,2,♣,finished,2026-05-18T16:35:18.849356+00:00
7716,INPROC_397577,1,10,team1,Team 1 (N/S),79,41,15,♦,finished,2026-05-18T16:35:18.862371+00:00
7717,INPROC_16B331,1,10,team1,Team 1 (N/S),72,48,0,♣,finished,2026-05-18T16:35:18.876436+00:00
7718,INPROC_7718CA,1,10,team1,Team 1 (N/S),101,19,33,♠,finished,2026-05-18T16:35:18.893968+00:00
7719,INPROC_C6B15D,1,10,team1,Team 1 (N/S),78,42,28,♥,finished,2026-05-18T16:35:18.911334+00:00
7720,INPROC_2BF254,1,10,team1,Team 1 (N/S),68,52,33,♠,finished,2026-05-18T16:35:18.927480+00:00
7721,INPROC_9D815A,1,10,team2,Team 2 (E/W),28,92,24,♥,finished,2026-05-18T16:35:18.942106+00:00
7722,INPROC_7B5152,1,10,team1,Team 1 (N/S),66,54,2,♣,finished,2026-05-18T16:35:18.954188+00:00
7723,INPROC_D257BB,1,10,team1,Team 1 (N/S),76,44,4,♣,finished,2026-05-18T16:35:18.968881+00:00
7724,INPROC_BE1EE5,1,10,team1,Team 1 (N/S),120,0,0,♣,finished,2026-05-18T16:35:18.987510+00:00
7725,INPROC_2E0E0D,1,10,team1,Team 1 (N/S),94,26,2,♣,finished,2026-05-18T16:35:19.004220+00:00
7726,INPROC_86A0C8,1,10,team1,Team 1 (N/S),74,46,13,♦,finished,2026-05-18T16:35:19.021448+00:00
7727,INPROC_BF578A,1,10,team1,Team 1 (N/S),70,50,6,♣,finished,2026-05-18T16:35:19.034794+00:00
7728,INPROC_6794D6,1,10,team1,Team 1 (N/S),92,28,26,♥,finished,2026-05-18T16:35:19.045981+00:00
7729,INPROC_F8D7ED,1,10,team1,Team 1 (N/S),71,49,33,♠,finished,2026-05-18T16:35:19.063703+00:00
7730,INPROC_E5A87D,1,10,team1,Team 1 (N/S),80,40,32,♠,finished,2026-05-18T16:35:19.080546+00:00
7731,INPROC_867A83,1,10,team1,Team 1 (N/S),73,47,4,♣,finished,2026-05-18T16:35:19.095653+00:00
7732,INPROC_DD179A,1,10,team1,Team 1 (N/S),87,33,31,♠,finished,2026-05-18T16:35:19.111861+00:00
7733,INPROC_273A31,1,10,team1,Team 1 (N/S),120,0,30,♠,finished,2026-05-18T16:35:19.130058+00:00
7734,INPROC_C6CFBB,1,10,team2,Team 2 (E/W),45,75,14,♦,finished,2026-05-18T16:35:19.146516+00:00
7735,INPROC_E9BDE2,1,10,team1,Team 1 (N/S),82,38,38,♠,finished,2026-05-18T16:35:19.161278+00:00
7736,INPROC_3DF8B3,1,10,team1,Team 1 (N/S),78,42,30,♠,finished,2026-05-18T16:35:19.179067+00:00
7737,INPROC_0E4E9D,1,10,team1,Team 1 (N/S),63,57,12,♦,finished,2026-05-18T16:35:19.195423+00:00
7738,INPROC_C5E41C,1,10,team2,Team 2 (E/W),42,78,31,♠,finished,2026-05-18T16:35:19.214179+00:00
7739,INPROC_684729,1,10,team1,Team 1 (N/S),63,57,3,♣,finished,2026-05-18T16:35:19.231650+00:00
7740,INPROC_07B0F6,1,10,team1,Team 1 (N/S),87,33,5,♣,finished,2026-05-18T16:35:19.245174+00:00
7741,INPROC_145AEC,1,10,team1,Team 1 (N/S),75,45,22,♥,finished,2026-05-18T16:35:19.255319+00:00
7742,INPROC_F5F597,1,10,team1,Team 1 (N/S),67,53,3,♣,finished,2026-05-18T16:35:19.266168+00:00
7743,INPROC_894166,1,10,draw,draw,60,60,24,♥,finished,2026-05-18T16:35:19.277573+00:00
7744,INPROC_40F291,1,10,team1,Team 1 (N/S),75,45,23,♥,finished,2026-05-18T16:35:19.292250+00:00
7745,INPROC_047F3F,1,10,team1,Team 1 (N/S),66,54,17,♦,finished,2026-05-18T16:35:19.308415+00:00
7746,INPROC_969EC5,1,10,team2,Team 2 (E/W),50,70,26,♥,finished,2026-05-18T16:35:19.322721+00:00
7747,INPROC_5E913D,1,10,team2,Team 2 (E/W),49,71,6,♣,finished,2026-05-18T16:35:19.345010+00:00
7748,INPROC_800CF1,1,10,team1,Team 1 (N/S),79,41,34,♠,finished,2026-05-18T16:35:19.365587+00:00
7749,INPROC_378222,1,10,draw,draw,60,60,16,♦,finished,2026-05-18T16:35:19.383031+00:00
7750,INPROC_4408A1,1,10,team1,Team 1 (N/S),92,28,25,♥,finished,2026-05-18T16:35:19.400025+00:00
7751,INPROC_2D58A1,1,10,team1,Team 1 (N/S),72,48,5,♣,finished,2026-05-18T16:35:19.418058+00:00
7752,INPROC_2D817C,1,10,team1,Team 1 (N/S),62,58,37,♠,finished,2026-05-18T16:35:19.435420+00:00
7753,INPROC_247AFB,1,10,team1,Team 1 (N/S),62,58,36,♠,finished,2026-05-18T16:35:19.449859+00:00
7754,INPROC_94411D,1,10,team2,Team 2 (E/W),44,76,12,♦,finished,2026-05-18T16:35:19.464200+00:00
7755,INPROC_1392D8,1,10,team1,Team 1 (N/S),95,25,32,♠,finished,2026-05-18T16:35:19.482399+00:00
7756,INPROC_2253B1,1,10,team2,Team 2 (E/W),50,70,8,♣,finished,2026-05-18T16:35:19.500811+00:00
7757,INPROC_160A1C,1,10,team1,Team 1 (N/S),70,50,10,♦,finished,2026-05-18T16:35:19.515330+00:00
7758,INPROC_C8C756,1,10,team1,Team 1 (N/S),99,21,17,♦,finished,2026-05-18T16:35:19.532579+00:00
7759,INPROC_DE22D4,1,10,team2,Team 2 (E/W),52,68,10,♦,finished,2026-05-18T16:35:19.548823+00:00
7760,INPROC_88033C,1,10,team1,Team 1 (N/S),83,37,11,♦,finished,2026-05-18T16:35:19.560464+00:00
7761,INPROC_E42764,1,10,team2,Team 2 (E/W),44,76,2,♣,finished,2026-05-18T16:35:19.571396+00:00
7762,INPROC_E4A5E4,1,10,team1,Team 1 (N/S),77,43,0,♣,finished,2026-05-18T16:35:19.584705+00:00
7763,INPROC_9D0002,1,10,team2,Team 2 (E/W),55,65,32,♠,finished,2026-05-18T16:35:19.593482+00:00
7764,INPROC_50C374,1,10,team1,Team 1 (N/S),72,48,35,♠,finished,2026-05-18T16:35:19.610105+00:00
7765,INPROC_C4B990,1,10,team1,Team 1 (N/S),65,55,3,♣,finished,2026-05-18T16:35:19.625865+00:00
7766,INPROC_5F7337,1,10,team2,Team 2 (E/W),47,73,31,♠,finished,2026-05-18T16:35:19.643488+00:00
7767,INPROC_033563,1,10,team1,Team 1 (N/S),61,59,11,♦,finished,2026-05-18T16:35:19.659765+00:00
7768,INPROC_8F402D,1,10,team1,Team 1 (N/S),81,39,11,♦,finished,2026-05-18T16:35:19.676171+00:00
7769,INPROC_2544CE,1,10,team1,Team 1 (N/S),100,20,37,♠,finished,2026-05-18T16:35:19.691673+00:00
7770,INPROC_521417,1,10,team2,Team 2 (E/W),36,84,4,♣,finished,2026-05-18T16:35:19.708210+00:00
7771,INPROC_72E609,1,10,team1,Team 1 (N/S),63,57,1,♣,finished,2026-05-18T16:35:19.721276+00:00
7772,INPROC_1DC1B0,1,10,team2,Team 2 (E/W),57,63,25,♥,finished,2026-05-18T16:35:19.730086+00:00
7773,INPROC_7912F4,1,10,team1,Team 1 (N/S),103,17,2,♣,finished,2026-05-18T16:35:19.740736+00:00
7774,INPROC_22E34F,1,10,team1,Team 1 (N/S),110,10,38,♠,finished,2026-05-18T16:35:19.752483+00:00
7775,INPROC_6EEBF3,1,10,team2,Team 2 (E/W),51,69,21,♥,finished,2026-05-18T16:35:19.770141+00:00
7776,INPROC_35D307,1,10,team2,Team 2 (E/W),52,68,26,♥,finished,2026-05-18T16:35:19.785751+00:00
7777,INPROC_193A82,1,10,team1,Team 1 (N/S),64,56,37,♠,finished,2026-05-18T16:35:19.803278+00:00
7778,INPROC_FAFB71,1,10,team1,Team 1 (N/S),63,57,19,♦,finished,2026-05-18T16:35:19.820695+00:00
7779,INPROC_B38083,1,10,team1,Team 1 (N/S),82,38,26,♥,finished,2026-05-18T16:35:19.837476+00:00
7780,INPROC_F99EFF,1,10,team2,Team 2 (E/W),30,90,10,♦,finished,2026-05-18T16:35:19.848924+00:00
7781,INPROC_FDF541,1,10,team1,Team 1 (N/S),74,46,22,♥,finished,2026-05-18T16:35:19.860382+00:00
7782,INPROC_657064,1,10,team1,Team 1 (N/S),73,47,31,♠,finished,2026-05-18T16:35:19.870187+00:00
7783,INPROC_14E6C8,1,10,team1,Team 1 (N/S),70,50,27,♥,finished,2026-05-18T16:35:19.882770+00:00
7784,INPROC_130F6E,1,10,team1,Team 1 (N/S),71,49,5,♣,finished,2026-05-18T16:35:19.895906+00:00
7785,INPROC_BC39E1,1,10,team1,Team 1 (N/S),120,0,13,♦,finished,2026-05-18T16:35:19.915353+00:00
7786,INPROC_E9D450,1,10,team1,Team 1 (N/S),72,48,36,♠,finished,2026-05-18T16:35:19.931731+00:00
7787,INPROC_B3548B,1,10,team2,Team 2 (E/W),40,80,12,♦,finished,2026-05-18T16:35:19.950505+00:00
7788,INPROC_852193,1,10,team2,Team 2 (E/W),33,87,29,♥,finished,2026-05-18T16:35:19.968154+00:00
7789,INPROC_21A195,1,10,team1,Team 1 (N/S),83,37,17,♦,finished,2026-05-18T16:35:19.985518+00:00
7790,INPROC_F32F52,1,10,team1,Team 1 (N/S),103,17,27,♥,finished,2026-05-18T16:35:20.004749+00:00
7791,INPROC_686C73,1,10,team1,Team 1 (N/S),68,52,10,♦,finished,2026-05-18T16:35:20.019061+00:00
7792,INPROC_615399,1,10,team1,Team 1 (N/S),64,56,9,♣,finished,2026-05-18T16:35:20.031641+00:00
7793,INPROC_FFDC14,1,10,team1,Team 1 (N/S),90,30,7,♣,finished,2026-05-18T16:35:20.045617+00:00
7794,INPROC_BAF1EA,1,10,team1,Team 1 (N/S),89,31,3,♣,finished,2026-05-18T16:35:20.061933+00:00
7795,INPROC_C34B28,1,10,team1,Team 1 (N/S),63,57,23,♥,finished,2026-05-18T16:35:20.079822+00:00
7796,INPROC_F655EC,1,10,team1,Team 1 (N/S),77,43,17,♦,finished,2026-05-18T16:35:20.098815+00:00
7797,INPROC_7C6EF4,1,10,team2,Team 2 (E/W),50,70,23,♥,finished,2026-05-18T16:35:20.113614+00:00
7798,INPROC_DC939B,1,10,team1,Team 1 (N/S),61,59,29,♥,finished,2026-05-18T16:35:20.127809+00:00
7799,INPROC_5297FF,1,10,team2,Team 2 (E/W),59,61,15,♦,finished,2026-05-18T16:35:20.143749+00:00
7800,INPROC_86B614,1,10,team1,Team 1 (N/S),93,27,23,♥,finished,2026-05-18T16:35:20.161143+00:00
7801,INPROC_04E972,1,10,team1,Team 1 (N/S),89,31,38,♠,finished,2026-05-18T16:35:20.176977+00:00
7802,INPROC_2EE9ED,1,10,team2,Team 2 (E/W),46,74,39,♠,finished,2026-05-18T16:35:20.193593+00:00
7803,INPROC_E517DF,1,10,team1,Team 1 (N/S),80,40,13,♦,finished,2026-05-18T16:35:20.210646+00:00
7804,INPROC_8CC3E7,1,10,team1,Team 1 (N/S),71,49,2,♣,finished,2026-05-18T16:35:20.226728+00:00
7805,INPROC_E3F2BC,1,10,team2,Team 2 (E/W),51,69,13,♦,finished,2026-05-18T16:35:20.241191+00:00
7806,INPROC_D61A09,1,10,team1,Team 1 (N/S),69,51,28,♥,finished,2026-05-18T16:35:20.257738+00:00
7807,INPROC_293CF8,1,10,team1,Team 1 (N/S),70,50,12,♦,finished,2026-05-18T16:35:20.274021+00:00
7808,INPROC_25632D,1,10,team2,Team 2 (E/W),33,87,29,♥,finished,2026-05-18T16:35:20.289711+00:00
7809,INPROC_E7CD8C,1,10,team2,Team 2 (E/W),56,64,2,♣,finished,2026-05-18T16:35:20.304912+00:00
7810,INPROC_9AE445,1,10,team2,Team 2 (E/W),50,70,33,♠,finished,2026-05-18T16:35:20.319946+00:00
7811,INPROC_47A9F5,1,10,team2,Team 2 (E/W),53,67,5,♣,finished,2026-05-18T16:35:20.334730+00:00
7812,INPROC_FCBC17,1,10,team1,Team 1 (N/S),70,50,0,♣,finished,2026-05-18T16:35:20.349850+00:00
7813,INPROC_CB1123,1,10,team1,Team 1 (N/S),96,24,26,♥,finished,2026-05-18T16:35:20.367229+00:00
7814,INPROC_4BBBEB,1,10,team1,Team 1 (N/S),89,31,2,♣,finished,2026-05-18T16:35:20.382384+00:00
7815,INPROC_26FB29,1,10,team2,Team 2 (E/W),22,98,19,♦,finished,2026-05-18T16:35:20.396179+00:00
7816,INPROC_A86C6E,1,10,team1,Team 1 (N/S),62,58,18,♦,finished,2026-05-18T16:35:20.411007+00:00
7817,INPROC_711E91,1,10,team2,Team 2 (E/W),46,74,33,♠,finished,2026-05-18T16:35:20.428301+00:00
7818,INPROC_415B1C,1,10,team1,Team 1 (N/S),74,46,17,♦,finished,2026-05-18T16:35:20.444936+00:00
7819,INPROC_4DB96D,1,10,team2,Team 2 (E/W),35,85,18,♦,finished,2026-05-18T16:35:20.461946+00:00
7820,INPROC_8E4DE2,1,10,team1,Team 1 (N/S),99,21,1,♣,finished,2026-05-18T16:35:20.636624+00:00
7821,INPROC_491C38,1,10,team1,Team 1 (N/S),84,36,4,♣,finished,2026-05-18T16:35:20.664832+00:00
7822,INPROC_084DA3,1,10,team1,Team 1 (N/S),90,30,13,♦,finished,2026-05-18T16:35:20.682309+00:00
7823,INPROC_161A0B,1,10,team1,Team 1 (N/S),69,51,2,♣,finished,2026-05-18T16:35:20.702199+00:00
7824,INPROC_325B20,1,10,team2,Team 2 (E/W),21,99,4,♣,finished,2026-05-18T16:35:20.715046+00:00
7825,INPROC_1DAF8B,1,10,team1,Team 1 (N/S),91,29,16,♦,finished,2026-05-18T16:35:20.730761+00:00
7826,INPROC_00E5FD,1,10,team2,Team 2 (E/W),52,68,17,♦,finished,2026-05-18T16:35:20.742552+00:00
7827,INPROC_160C19,1,10,team1,Team 1 (N/S),65,55,34,♠,finished,2026-05-18T16:35:20.756449+00:00
7828,INPROC_603572,1,10,team2,Team 2 (E/W),45,75,22,♥,finished,2026-05-18T16:35:20.770902+00:00
7829,INPROC_800F88,1,10,team1,Team 1 (N/S),100,20,18,♦,finished,2026-05-18T16:35:20.781975+00:00
7830,INPROC_923838,1,10,team2,Team 2 (E/W),57,63,2,♣,finished,2026-05-18T16:35:20.796376+00:00
7831,INPROC_1EACA0,1,10,team2,Team 2 (E/W),58,62,34,♠,finished,2026-05-18T16:35:20.808725+00:00
7832,INPROC_24AFD7,1,10,team1,Team 1 (N/S),73,47,14,♦,finished,2026-05-18T16:35:20.821751+00:00
7833,INPROC_CB4D8A,1,10,team1,Team 1 (N/S),95,25,13,♦,finished,2026-05-18T16:35:20.843748+00:00
7834,INPROC_098F63,1,10,team1,Team 1 (N/S),86,34,13,♦,finished,2026-05-18T16:35:20.859706+00:00
7835,INPROC_111134,1,10,team1,Team 1 (N/S),68,52,30,♠,finished,2026-05-18T16:35:20.871899+00:00
7836,INPROC_9490AC,1,10,team1,Team 1 (N/S),96,24,1,♣,finished,2026-05-18T16:35:20.885534+00:00
7837,INPROC_5CDDF4,1,10,team1,Team 1 (N/S),91,29,6,♣,finished,2026-05-18T16:35:20.900737+00:00
7838,INPROC_F85B30,1,10,team1,Team 1 (N/S),67,53,36,♠,finished,2026-05-18T16:35:20.916496+00:00
7839,INPROC_F8B85F,1,10,team2,Team 2 (E/W),33,87,15,♦,finished,2026-05-18T16:35:20.931512+00:00
7840,INPROC_CEAF95,1,10,team1,Team 1 (N/S),107,13,16,♦,finished,2026-05-18T16:35:20.945100+00:00
7841,INPROC_F8A3FC,1,10,team1,Team 1 (N/S),103,17,14,♦,finished,2026-05-18T16:35:20.962291+00:00
7842,INPROC_1D2B35,1,10,team1,Team 1 (N/S),62,58,18,♦,finished,2026-05-18T16:35:20.988226+00:00
7843,INPROC_6969B1,1,10,team2,Team 2 (E/W),49,71,29,♥,finished,2026-05-18T16:35:21.032326+00:00
7844,INPROC_A47FC0,1,10,team2,Team 2 (E/W),42,78,25,♥,finished,2026-05-18T16:35:21.050174+00:00
7845,INPROC_E4DED1,1,10,team1,Team 1 (N/S),90,30,6,♣,finished,2026-05-18T16:35:21.067444+00:00
7846,INPROC_A37F02,1,10,team1,Team 1 (N/S),83,37,29,♥,finished,2026-05-18T16:35:21.084779+00:00
7847,INPROC_CADF62,1,10,team1,Team 1 (N/S),76,44,8,♣,finished,2026-05-18T16:35:21.096379+00:00
7848,INPROC_7A2975,1,10,team2,Team 2 (E/W),37,83,25,♥,finished,2026-05-18T16:35:21.111238+00:00
7849,INPROC_450412,1,10,team1,Team 1 (N/S),74,46,14,♦,finished,2026-05-18T16:35:21.122841+00:00
7850,INPROC_0F2DBA,1,10,team2,Team 2 (E/W),55,65,11,♦,finished,2026-05-18T16:35:21.138696+00:00
7851,INPROC_EC8D2A,1,10,team1,Team 1 (N/S),64,56,0,♣,finished,2026-05-18T16:35:21.154646+00:00
7852,INPROC_4EBF5E,1,10,team1,Team 1 (N/S),75,45,7,♣,finished,2026-05-18T16:35:21.170564+00:00
7853,INPROC_9B73CE,1,10,team1,Team 1 (N/S),84,36,22,♥,finished,2026-05-18T16:35:21.186376+00:00
7854,INPROC_A9E4B3,1,10,team1,Team 1 (N/S),80,40,12,♦,finished,2026-05-18T16:35:21.203502+00:00
7855,INPROC_CA6950,1,10,team1,Team 1 (N/S),65,55,1,♣,finished,2026-05-18T16:35:21.218223+00:00
7856,INPROC_B524B3,1,10,team1,Team 1 (N/S),61,59,24,♥,finished,2026-05-18T16:35:21.233108+00:00
7857,INPROC_560FD9,1,10,team1,Team 1 (N/S),97,23,39,♠,finished,2026-05-18T16:35:21.249144+00:00
7858,INPROC_C43402,1,10,team2,Team 2 (E/W),58,62,10,♦,finished,2026-05-18T16:35:21.267132+00:00
7859,INPROC_6A7371,1,10,team1,Team 1 (N/S),68,52,26,♥,finished,2026-05-18T16:35:21.283088+00:00
7860,INPROC_B69103,1,10,team1,Team 1 (N/S),76,44,26,♥,finished,2026-05-18T16:35:21.299881+00:00
7861,INPROC_E86602,1,10,team1,Team 1 (N/S),78,42,26,♥,finished,2026-05-18T16:35:21.317166+00:00
7862,INPROC_C7B119,1,10,team1,Team 1 (N/S),101,19,25,♥,finished,2026-05-18T16:35:21.333427+00:00
7863,INPROC_6C348C,1,10,team2,Team 2 (E/W),45,75,0,♣,finished,2026-05-18T16:35:21.348413+00:00
7864,INPROC_C01C68,1,10,team2,Team 2 (E/W),37,83,3,♣,finished,2026-05-18T16:35:21.366641+00:00
7865,INPROC_2EB1C6,1,10,team1,Team 1 (N/S),90,30,17,♦,finished,2026-05-18T16:35:21.380886+00:00
7866,INPROC_BC0646,1,10,team1,Team 1 (N/S),70,50,22,♥,finished,2026-05-18T16:35:21.392171+00:00
7867,INPROC_0823BE,1,10,team2,Team 2 (E/W),24,96,6,♣,finished,2026-05-18T16:35:21.403821+00:00
7868,INPROC_6A30A9,1,10,team2,Team 2 (E/W),50,70,27,♥,finished,2026-05-18T16:35:21.420932+00:00
7869,INPROC_C8658B,1,10,team1,Team 1 (N/S),61,59,20,♥,finished,2026-05-18T16:35:21.437197+00:00
7870,INPROC_AF92C4,1,10,team2,Team 2 (E/W),45,75,12,♦,finished,2026-05-18T16:35:21.452965+00:00
7871,INPROC_19266E,1,10,team2,Team 2 (E/W),50,70,24,♥,finished,2026-05-18T16:35:21.469450+00:00
7872,INPROC_765249,1,10,team1,Team 1 (N/S),75,45,37,♠,finished,2026-05-18T16:35:21.483643+00:00
7873,INPROC_5F6B20,1,10,team1,Team 1 (N/S),80,40,26,♥,finished,2026-05-18T16:35:21.497340+00:00
7874,INPROC_73E169,1,10,team1,Team 1 (N/S),64,56,14,♦,finished,2026-05-18T16:35:21.511297+00:00
7875,INPROC_7F6996,1,10,team1,Team 1 (N/S),81,39,32,♠,finished,2026-05-18T16:35:21.524869+00:00
7876,INPROC_8BED20,1,10,team1,Team 1 (N/S),68,52,32,♠,finished,2026-05-18T16:35:21.535497+00:00
7877,INPROC_AD2EF7,1,10,team1,Team 1 (N/S),92,28,20,♥,finished,2026-05-18T16:35:21.549233+00:00
7878,INPROC_46DAAE,1,10,team2,Team 2 (E/W),51,69,16,♦,finished,2026-05-18T16:35:21.561875+00:00
7879,INPROC_C3E5E0,1,10,team1,Team 1 (N/S),79,41,11,♦,finished,2026-05-18T16:35:21.576404+00:00
7880,INPROC_A96DB8,1,10,team1,Team 1 (N/S),83,37,3,♣,finished,2026-05-18T16:35:21.588975+00:00
7881,INPROC_D38AAD,1,10,team1,Team 1 (N/S),82,38,2,♣,finished,2026-05-18T16:35:21.604023+00:00
7882,INPROC_7A35E5,1,10,team2,Team 2 (E/W),55,65,1,♣,finished,2026-05-18T16:35:21.619660+00:00
7883,INPROC_E353C4,1,10,team2,Team 2 (E/W),58,62,23,♥,finished,2026-05-18T16:35:21.636525+00:00
7884,INPROC_D369A6,1,10,team1,Team 1 (N/S),97,23,35,♠,finished,2026-05-18T16:35:21.652357+00:00
7885,INPROC_BF5D22,1,10,team1,Team 1 (N/S),80,40,39,♠,finished,2026-05-18T16:35:21.668895+00:00
7886,INPROC_8D4BF2,1,10,team1,Team 1 (N/S),97,23,7,♣,finished,2026-05-18T16:35:21.685734+00:00
7887,INPROC_77B585,1,10,draw,draw,60,60,31,♠,finished,2026-05-18T16:35:21.702593+00:00
7888,INPROC_47BABE,1,10,team1,Team 1 (N/S),84,36,19,♦,finished,2026-05-18T16:35:21.717076+00:00
7889,INPROC_762510,1,10,team1,Team 1 (N/S),93,27,28,♥,finished,2026-05-18T16:35:21.727298+00:00
7890,INPROC_4653E6,1,10,team2,Team 2 (E/W),45,75,32,♠,finished,2026-05-18T16:35:21.737103+00:00
7891,INPROC_1C924B,1,10,team1,Team 1 (N/S),73,47,29,♥,finished,2026-05-18T16:35:21.746257+00:00
7892,INPROC_594FA7,1,10,team1,Team 1 (N/S),95,25,28,♥,finished,2026-05-18T16:35:21.755330+00:00
7893,INPROC_08A8EB,1,10,team1,Team 1 (N/S),64,56,28,♥,finished,2026-05-18T16:35:21.766653+00:00
7894,INPROC_FE01E8,1,10,team1,Team 1 (N/S),89,31,10,♦,finished,2026-05-18T16:35:21.781627+00:00
7895,INPROC_E7423B,1,10,team2,Team 2 (E/W),40,80,10,♦,finished,2026-05-18T16:35:21.798528+00:00
7896,INPROC_39DBEC,1,10,team2,Team 2 (E/W),41,79,16,♦,finished,2026-05-18T16:35:21.812593+00:00
7897,INPROC_24D7B1,1,10,team1,Team 1 (N/S),84,36,29,♥,finished,2026-05-18T16:35:21.827936+00:00
7898,INPROC_884A19,1,10,team1,Team 1 (N/S),76,44,30,♠,finished,2026-05-18T16:35:21.843955+00:00
7899,INPROC_45189A,1,10,team2,Team 2 (E/W),56,64,33,♠,finished,2026-05-18T16:35:21.861650+00:00
7900,INPROC_9EDF5B,1,10,team1,Team 1 (N/S),64,56,14,♦,finished,2026-05-18T16:35:21.876610+00:00
7901,INPROC_6A8362,1,10,team2,Team 2 (E/W),49,71,21,♥,finished,2026-05-18T16:35:21.893830+00:00
7902,INPROC_7E98BF,1,10,team2,Team 2 (E/W),35,85,4,♣,finished,2026-05-18T16:35:21.911594+00:00
7903,INPROC_5D0584,1,10,team1,Team 1 (N/S),94,26,13,♦,finished,2026-05-18T16:35:21.932149+00:00
7904,INPROC_1FCA85,1,10,team1,Team 1 (N/S),71,49,4,♣,finished,2026-05-18T16:35:21.949102+00:00
7905,INPROC_F85521,1,10,team1,Team 1 (N/S),73,47,20,♥,finished,2026-05-18T16:35:21.970038+00:00
7906,INPROC_C2EFFE,1,10,team2,Team 2 (E/W),39,81,11,♦,finished,2026-05-18T16:35:21.989303+00:00
7907,INPROC_ECEFC7,1,10,team1,Team 1 (N/S),91,29,18,♦,finished,2026-05-18T16:35:22.008914+00:00
7908,INPROC_3CF14E,1,10,team1,Team 1 (N/S),95,25,37,♠,finished,2026-05-18T16:35:22.029430+00:00
7909,INPROC_4E2975,1,10,team2,Team 2 (E/W),59,61,12,♦,finished,2026-05-18T16:35:22.045788+00:00
7910,INPROC_279D1F,1,10,team1,Team 1 (N/S),102,18,14,♦,finished,2026-05-18T16:35:22.062119+00:00
7911,INPROC_DB8697,1,10,team1,Team 1 (N/S),67,53,9,♣,finished,2026-05-18T16:35:22.078707+00:00
7912,INPROC_4A612B,1,10,team2,Team 2 (E/W),52,68,17,♦,finished,2026-05-18T16:35:22.094378+00:00
7913,INPROC_DF0D1E,1,10,team2,Team 2 (E/W),29,91,23,♥,finished,2026-05-18T16:35:22.110656+00:00
7914,INPROC_CCA939,1,10,team1,Team 1 (N/S),85,35,17,♦,finished,2026-05-18T16:35:22.126560+00:00
7915,INPROC_7B9753,1,10,team2,Team 2 (E/W),41,79,29,♥,finished,2026-05-18T16:35:22.141714+00:00
7916,INPROC_B58D20,1,10,team2,Team 2 (E/W),50,70,29,♥,finished,2026-05-18T16:35:22.157192+00:00
7917,INPROC_382CDA,1,10,team1,Team 1 (N/S),120,0,34,♠,finished,2026-05-18T16:35:22.171557+00:00
7918,INPROC_7EA941,1,10,team2,Team 2 (E/W),17,103,15,♦,finished,2026-05-18T16:35:22.186498+00:00
7919,INPROC_5DAD96,1,10,team1,Team 1 (N/S),106,14,23,♥,finished,2026-05-18T16:35:22.203039+00:00
7920,INPROC_938AEE,1,10,team1,Team 1 (N/S),69,51,7,♣,finished,2026-05-18T16:35:22.222510+00:00
7921,INPROC_E5F0F8,1,10,team1,Team 1 (N/S),102,18,30,♠,finished,2026-05-18T16:35:22.240367+00:00
7922,INPROC_B15724,1,10,team1,Team 1 (N/S),85,35,17,♦,finished,2026-05-18T16:35:22.256237+00:00
7923,INPROC_3EA3A6,1,10,team1,Team 1 (N/S),112,8,25,♥,finished,2026-05-18T16:35:22.271343+00:00
7924,INPROC_BFD856,1,10,team1,Team 1 (N/S),95,25,9,♣,finished,2026-05-18T16:35:22.286979+00:00
7925,INPROC_213F2B,1,10,team1,Team 1 (N/S),80,40,13,♦,finished,2026-05-18T16:35:22.301631+00:00
7926,INPROC_FC0BE9,1,10,team1,Team 1 (N/S),83,37,3,♣,finished,2026-05-18T16:35:22.311327+00:00
7927,INPROC_E422A8,1,10,team1,Team 1 (N/S),87,33,20,♥,finished,2026-05-18T16:35:22.325681+00:00
7928,INPROC_71BFB4,1,10,team2,Team 2 (E/W),37,83,13,♦,finished,2026-05-18T16:35:22.340074+00:00
7929,INPROC_BE05EC,1,10,team2,Team 2 (E/W),26,94,28,♥,finished,2026-05-18T16:35:22.349185+00:00
7930,INPROC_97C38D,1,10,team1,Team 1 (N/S),86,34,33,♠,finished,2026-05-18T16:35:22.357404+00:00
7931,INPROC_CAE664,1,10,team1,Team 1 (N/S),61,59,39,♠,finished,2026-05-18T16:35:22.374218+00:00
7932,INPROC_571986,1,10,team1,Team 1 (N/S),70,50,26,♥,finished,2026-05-18T16:35:22.391527+00:00
7933,INPROC_36D9D2,1,10,team1,Team 1 (N/S),81,39,26,♥,finished,2026-05-18T16:35:22.408892+00:00
7934,INPROC_73D8A7,1,10,team1,Team 1 (N/S),82,38,36,♠,finished,2026-05-18T16:35:22.425835+00:00
7935,INPROC_7FCD9A,1,10,team1,Team 1 (N/S),89,31,30,♠,finished,2026-05-18T16:35:22.441551+00:00
7936,INPROC_75C151,1,10,team2,Team 2 (E/W),37,83,17,♦,finished,2026-05-18T16:35:22.459365+00:00
7937,INPROC_769948,1,10,team1,Team 1 (N/S),83,37,9,♣,finished,2026-05-18T16:35:22.477353+00:00
7938,INPROC_E1F01E,1,10,team1,Team 1 (N/S),73,47,19,♦,finished,2026-05-18T16:35:22.493611+00:00
7939,INPROC_AEE832,1,10,team1,Team 1 (N/S),79,41,2,♣,finished,2026-05-18T16:35:22.509580+00:00
7940,INPROC_89E311,1,10,team1,Team 1 (N/S),73,47,31,♠,finished,2026-05-18T16:35:22.525331+00:00
7941,INPROC_EDB067,1,10,team1,Team 1 (N/S),74,46,23,♥,finished,2026-05-18T16:35:22.540882+00:00
7942,INPROC_A2CF89,1,10,team1,Team 1 (N/S),75,45,28,♥,finished,2026-05-18T16:35:22.561686+00:00
7943,INPROC_54399E,1,10,team1,Team 1 (N/S),66,54,0,♣,finished,2026-05-18T16:35:22.580636+00:00
7944,INPROC_B908AB,1,10,team1,Team 1 (N/S),90,30,24,♥,finished,2026-05-18T16:35:22.601802+00:00
7945,INPROC_B2F33A,1,10,team1,Team 1 (N/S),64,56,16,♦,finished,2026-05-18T16:35:22.620113+00:00
7946,INPROC_B9F976,1,10,team1,Team 1 (N/S),64,56,8,♣,finished,2026-05-18T16:35:22.635783+00:00
7947,INPROC_4111D3,1,10,team1,Team 1 (N/S),95,25,2,♣,finished,2026-05-18T16:35:22.650722+00:00
7948,INPROC_AC41B0,1,10,team1,Team 1 (N/S),62,58,39,♠,finished,2026-05-18T16:35:22.665510+00:00
7949,INPROC_F8D50E,1,10,team2,Team 2 (E/W),49,71,18,♦,finished,2026-05-18T16:35:22.680916+00:00
7950,INPROC_14B4F2,1,10,team1,Team 1 (N/S),74,46,37,♠,finished,2026-05-18T16:35:22.698361+00:00
7951,INPROC_2A3F89,1,10,team1,Team 1 (N/S),77,43,23,♥,finished,2026-05-18T16:35:22.714740+00:00
7952,INPROC_B88B87,1,10,team2,Team 2 (E/W),53,67,12,♦,finished,2026-05-18T16:35:22.731697+00:00
7953,INPROC_768374,1,10,team1,Team 1 (N/S),75,45,5,♣,finished,2026-05-18T16:35:22.746829+00:00
7954,INPROC_1C1D82,1,10,team1,Team 1 (N/S),113,7,5,♣,finished,2026-05-18T16:35:22.763269+00:00
7955,INPROC_BBAAE7,1,10,team1,Team 1 (N/S),91,29,14,♦,finished,2026-05-18T16:35:22.780045+00:00
7956,INPROC_31AA49,1,10,team2,Team 2 (E/W),39,81,29,♥,finished,2026-05-18T16:35:22.800457+00:00
7957,INPROC_32160C,1,10,team2,Team 2 (E/W),51,69,38,♠,finished,2026-05-18T16:35:22.817980+00:00
7958,INPROC_2F6F88,1,10,team1,Team 1 (N/S),64,56,6,♣,finished,2026-05-18T16:35:22.835770+00:00
7959,INPROC_7576FE,1,10,team1,Team 1 (N/S),93,27,35,♠,finished,2026-05-18T16:35:22.857366+00:00
7960,INPROC_96D187,1,10,team1,Team 1 (N/S),61,59,30,♠,finished,2026-05-18T16:35:22.872827+00:00
7961,INPROC_7589BE,1,10,team2,Team 2 (E/W),29,91,31,♠,finished,2026-05-18T16:35:22.888190+00:00
7962,INPROC_7C530C,1,10,team1,Team 1 (N/S),64,56,22,♥,finished,2026-05-18T16:35:22.903464+00:00
7963,INPROC_9DE0FE,1,10,team1,Team 1 (N/S),72,48,37,♠,finished,2026-05-18T16:35:22.919792+00:00
7964,INPROC_5803CB,1,10,team2,Team 2 (E/W),44,76,29,♥,finished,2026-05-18T16:35:22.934402+00:00
7965,INPROC_134367,1,10,team2,Team 2 (E/W),26,94,25,♥,finished,2026-05-18T16:35:22.951328+00:00
7966,INPROC_E605C7,1,10,team1,Team 1 (N/S),77,43,21,♥,finished,2026-05-18T16:35:22.965388+00:00
7967,INPROC_B2914D,1,10,team2,Team 2 (E/W),49,71,19,♦,finished,2026-05-18T16:35:22.979034+00:00
7968,INPROC_521C79,1,10,team1,Team 1 (N/S),64,56,9,♣,finished,2026-05-18T16:35:22.992453+00:00
7969,INPROC_9DFC57,1,10,team1,Team 1 (N/S),92,28,18,♦,finished,2026-05-18T16:35:23.006610+00:00
7970,INPROC_6F84A0,1,10,team2,Team 2 (E/W),59,61,14,♦,finished,2026-05-18T16:35:23.022132+00:00
7971,INPROC_9EA322,1,10,team2,Team 2 (E/W),36,84,18,♦,finished,2026-05-18T16:35:23.036842+00:00
7972,INPROC_A25618,1,10,team2,Team 2 (E/W),52,68,27,♥,finished,2026-05-18T16:35:23.052309+00:00
7973,INPROC_39A70C,1,10,team1,Team 1 (N/S),75,45,13,♦,finished,2026-05-18T16:35:23.069561+00:00
7974,INPROC_421F38,1,10,team1,Team 1 (N/S),84,36,22,♥,finished,2026-05-18T16:35:23.084066+00:00
7975,INPROC_856F88,1,10,team2,Team 2 (E/W),57,63,36,♠,finished,2026-05-18T16:35:23.100584+00:00
7976,INPROC_BAEBA3,1,10,team1,Team 1 (N/S),68,52,11,♦,finished,2026-05-18T16:35:23.116416+00:00
7977,INPROC_9F1AEE,1,10,team1,Team 1 (N/S),101,19,1,♣,finished,2026-05-18T16:35:23.132018+00:00
7978,INPROC_E38FFB,1,10,team1,Team 1 (N/S),75,45,8,♣,finished,2026-05-18T16:35:23.148491+00:00
7979,INPROC_E46C96,1,10,team1,Team 1 (N/S),81,39,16,♦,finished,2026-05-18T16:35:23.165502+00:00
7980,INPROC_03ACC7,1,10,team1,Team 1 (N/S),80,40,27,♥,finished,2026-05-18T16:35:23.183308+00:00
7981,INPROC_9026AD,1,10,team1,Team 1 (N/S),71,49,34,♠,finished,2026-05-18T16:35:23.199572+00:00
7982,INPROC_8D61D6,1,10,team2,Team 2 (E/W),54,66,39,♠,finished,2026-05-18T16:35:23.218043+00:00
7983,INPROC_A1D99E,1,10,team1,Team 1 (N/S),105,15,31,♠,finished,2026-05-18T16:35:23.235228+00:00
7984,INPROC_909783,1,10,team1,Team 1 (N/S),62,58,26,♥,finished,2026-05-18T16:35:23.256222+00:00
7985,INPROC_9E5435,1,10,team2,Team 2 (E/W),57,63,9,♣,finished,2026-05-18T16:35:23.274842+00:00
7986,INPROC_6C44F5,1,10,team1,Team 1 (N/S),85,35,15,♦,finished,2026-05-18T16:35:23.292951+00:00
7987,INPROC_8C27B6,1,10,team1,Team 1 (N/S),69,51,38,♠,finished,2026-05-18T16:35:23.311196+00:00
7988,INPROC_2178AD,1,10,team2,Team 2 (E/W),48,72,14,♦,finished,2026-05-18T16:35:23.328179+00:00
7989,INPROC_3D7FAD,1,10,team1,Team 1 (N/S),83,37,38,♠,finished,2026-05-18T16:35:23.346279+00:00
7990,INPROC_AC0596,1,10,team2,Team 2 (E/W),47,73,23,♥,finished,2026-05-18T16:35:23.364277+00:00
7991,INPROC_874F79,1,10,team1,Team 1 (N/S),83,37,15,♦,finished,2026-05-18T16:35:23.382253+00:00
7992,INPROC_0ACD7F,1,10,team2,Team 2 (E/W),53,67,7,♣,finished,2026-05-18T16:35:23.407606+00:00
7993,INPROC_1DB8C2,1,10,team2,Team 2 (E/W),50,70,34,♠,finished,2026-05-18T16:35:23.432204+00:00
7994,INPROC_24F689,1,10,team1,Team 1 (N/S),79,41,1,♣,finished,2026-05-18T16:35:23.453600+00:00
7995,INPROC_1F449E,1,10,team2,Team 2 (E/W),54,66,6,♣,finished,2026-05-18T16:35:23.470788+00:00
7996,INPROC_0CCD04,1,10,team1,Team 1 (N/S),100,20,11,♦,finished,2026-05-18T16:35:23.485865+00:00
7997,INPROC_FCDB49,1,10,team1,Team 1 (N/S),70,50,39,♠,finished,2026-05-18T16:35:23.500542+00:00
7998,INPROC_3300DC,1,10,team2,Team 2 (E/W),21,99,19,♦,finished,2026-05-18T16:35:23.516409+00:00
7999,INPROC_CC53A3,1,10,team2,Team 2 (E/W),45,75,16,♦,finished,2026-05-18T16:35:23.525928+00:00
8000,INPROC_DF4B51,1,10,team1,Team 1 (N/S),102,18,38,♠,finished,2026-05-18T16:35:23.536641+00:00
8001,INPROC_F905C0,1,10,team2,Team 2 (E/W),32,88,14,♦,finished,2026-05-18T16:35:23.546380+00:00
8002,INPROC_D834C0,1,10,team2,Team 2 (E/W),59,61,33,♠,finished,2026-05-18T16:35:23.555893+00:00
8003,INPROC_7CA418,1,10,team2,Team 2 (E/W),50,70,37,♠,finished,2026-05-18T16:35:23.571803+00:00
8004,INPROC_DEE46C,1,10,team2,Team 2 (E/W),55,65,30,♠,finished,2026-05-18T16:35:23.587069+00:00
8005,INPROC_DA0691,1,10,team1,Team 1 (N/S),69,51,21,♥,finished,2026-05-18T16:35:23.601644+00:00
8006,INPROC_AE09FB,1,10,team1,Team 1 (N/S),65,55,24,♥,finished,2026-05-18T16:35:23.615755+00:00
8007,INPROC_F87938,1,10,draw,draw,60,60,36,♠,finished,2026-05-18T16:35:23.630789+00:00
8008,INPROC_7FFF27,1,10,team1,Team 1 (N/S),89,31,24,♥,finished,2026-05-18T16:35:23.645997+00:00
8009,INPROC_42F0DE,1,10,team2,Team 2 (E/W),47,73,14,♦,finished,2026-05-18T16:35:23.662162+00:00
8010,INPROC_623286,1,10,team2,Team 2 (E/W),42,78,28,♥,finished,2026-05-18T16:35:23.677939+00:00
8011,INPROC_E0EB28,1,10,team2,Team 2 (E/W),51,69,10,♦,finished,2026-05-18T16:35:23.692659+00:00
8012,INPROC_A191FB,1,10,team2,Team 2 (E/W),59,61,28,♥,finished,2026-05-18T16:35:23.709854+00:00
8013,INPROC_56E99F,1,10,team1,Team 1 (N/S),79,41,27,♥,finished,2026-05-18T16:35:23.726118+00:00
8014,INPROC_7813FB,1,10,team1,Team 1 (N/S),87,33,19,♦,finished,2026-05-18T16:35:23.743476+00:00
8015,INPROC_51A4CD,1,10,team2,Team 2 (E/W),43,77,26,♥,finished,2026-05-18T16:35:23.759517+00:00
8016,INPROC_4CD496,1,10,team2,Team 2 (E/W),55,65,26,♥,finished,2026-05-18T16:35:23.773521+00:00
8017,INPROC_32B288,1,10,team2,Team 2 (E/W),56,64,28,♥,finished,2026-05-18T16:35:23.792412+00:00
8018,INPROC_9B2A6D,1,10,team1,Team 1 (N/S),68,52,0,♣,finished,2026-05-18T16:35:23.810051+00:00
8019,INPROC_93BB2A,1,10,team2,Team 2 (E/W),58,62,20,♥,finished,2026-05-18T16:35:23.826193+00:00
8020,INPROC_AAAD10,1,10,team1,Team 1 (N/S),67,53,7,♣,finished,2026-05-18T16:35:23.844297+00:00
8021,INPROC_819140,1,10,team1,Team 1 (N/S),66,54,25,♥,finished,2026-05-18T16:35:23.862909+00:00
8022,INPROC_776F31,1,10,team1,Team 1 (N/S),106,14,37,♠,finished,2026-05-18T16:35:23.884180+00:00
8023,INPROC_BCBCE3,1,10,team2,Team 2 (E/W),12,108,12,♦,finished,2026-05-18T16:35:23.900920+00:00
8024,INPROC_68CB07,1,10,team1,Team 1 (N/S),64,56,4,♣,finished,2026-05-18T16:35:23.921280+00:00
8025,INPROC_AEEBAC,1,10,team1,Team 1 (N/S),62,58,5,♣,finished,2026-05-18T16:35:23.938582+00:00
8026,INPROC_474F65,1,10,team1,Team 1 (N/S),71,49,22,♥,finished,2026-05-18T16:35:23.957981+00:00
8027,INPROC_FFDBAE,1,10,team2,Team 2 (E/W),59,61,15,♦,finished,2026-05-18T16:35:23.978029+00:00
8028,INPROC_302EB2,1,10,team1,Team 1 (N/S),99,21,2,♣,finished,2026-05-18T16:35:23.998517+00:00
8029,INPROC_D27E71,1,10,team1,Team 1 (N/S),65,55,3,♣,finished,2026-05-18T16:35:24.018305+00:00
8030,INPROC_A8A70E,1,10,team1,Team 1 (N/S),70,50,26,♥,finished,2026-05-18T16:35:24.036193+00:00
8031,INPROC_1EEF26,1,10,team1,Team 1 (N/S),80,40,13,♦,finished,2026-05-18T16:35:24.054177+00:00
8032,INPROC_EF77AE,1,10,team1,Team 1 (N/S),116,4,22,♥,finished,2026-05-18T16:35:24.070591+00:00
8033,INPROC_BA6950,1,10,team1,Team 1 (N/S),108,12,37,♠,finished,2026-05-18T16:35:24.086337+00:00
8034,INPROC_4F8ACF,1,10,team2,Team 2 (E/W),57,63,32,♠,finished,2026-05-18T16:35:24.101563+00:00
8035,INPROC_CAA71B,1,10,team2,Team 2 (E/W),28,92,38,♠,finished,2026-05-18T16:35:24.117417+00:00
8036,INPROC_EBFCB2,1,10,team2,Team 2 (E/W),54,66,33,♠,finished,2026-05-18T16:35:24.132402+00:00
8037,INPROC_3E562A,1,10,team2,Team 2 (E/W),47,73,3,♣,finished,2026-05-18T16:35:24.147253+00:00
8038,INPROC_EF6BDB,1,10,team2,Team 2 (E/W),55,65,15,♦,finished,2026-05-18T16:35:24.161558+00:00
8039,INPROC_12514D,1,10,team1,Team 1 (N/S),97,23,22,♥,finished,2026-05-18T16:35:24.178475+00:00
8040,INPROC_4F594A,1,10,team2,Team 2 (E/W),12,108,8,♣,finished,2026-05-18T16:35:24.197826+00:00
8041,INPROC_6565DA,1,10,team2,Team 2 (E/W),43,77,6,♣,finished,2026-05-18T16:35:24.217236+00:00
8042,INPROC_5AEEE9,1,10,team1,Team 1 (N/S),76,44,4,♣,finished,2026-05-18T16:35:24.236940+00:00
8043,INPROC_AA7E27,1,10,team2,Team 2 (E/W),57,63,39,♠,finished,2026-05-18T16:35:24.254729+00:00
8044,INPROC_37669B,1,10,team1,Team 1 (N/S),74,46,3,♣,finished,2026-05-18T16:35:24.272151+00:00
8045,INPROC_51E6CD,1,10,team1,Team 1 (N/S),101,19,36,♠,finished,2026-05-18T16:35:24.290622+00:00
8046,INPROC_BA9F85,1,10,team1,Team 1 (N/S),84,36,7,♣,finished,2026-05-18T16:35:24.305247+00:00
8047,INPROC_7A5C10,1,10,team2,Team 2 (E/W),38,82,5,♣,finished,2026-05-18T16:35:24.321724+00:00
8048,INPROC_4E2DCB,1,10,team1,Team 1 (N/S),91,29,22,♥,finished,2026-05-18T16:35:24.332715+00:00
8049,INPROC_C31FFF,1,10,team2,Team 2 (E/W),45,75,10,♦,finished,2026-05-18T16:35:24.344991+00:00
8050,INPROC_9F46B4,1,10,team2,Team 2 (E/W),28,92,23,♥,finished,2026-05-18T16:35:24.358628+00:00
8051,INPROC_BF822D,1,10,team1,Team 1 (N/S),65,55,28,♥,finished,2026-05-18T16:35:24.375089+00:00
8052,INPROC_A9C9ED,1,10,team2,Team 2 (E/W),41,79,30,♠,finished,2026-05-18T16:35:24.391209+00:00
8053,INPROC_5AC7D8,1,10,team2,Team 2 (E/W),58,62,37,♠,finished,2026-05-18T16:35:24.408992+00:00
8054,INPROC_AD64F0,1,10,team2,Team 2 (E/W),17,103,31,♠,finished,2026-05-18T16:35:24.425546+00:00
8055,INPROC_37CB77,1,10,team1,Team 1 (N/S),118,2,31,♠,finished,2026-05-18T16:35:24.441629+00:00
8056,INPROC_866A5D,1,10,team1,Team 1 (N/S),120,0,17,♦,finished,2026-05-18T16:35:24.455561+00:00
8057,INPROC_57624D,1,10,team2,Team 2 (E/W),39,81,5,♣,finished,2026-05-18T16:35:24.470699+00:00
8058,INPROC_D2D248,1,10,team1,Team 1 (N/S),99,21,37,♠,finished,2026-05-18T16:35:24.483712+00:00
8059,INPROC_0FB75E,1,10,team2,Team 2 (E/W),52,68,35,♠,finished,2026-05-18T16:35:24.500989+00:00
8060,INPROC_A8A645,1,10,team1,Team 1 (N/S),62,58,6,♣,finished,2026-05-18T16:35:24.520508+00:00
8061,INPROC_B14130,1,10,team1,Team 1 (N/S),76,44,7,♣,finished,2026-05-18T16:35:24.538229+00:00
8062,INPROC_7B3928,1,10,team1,Team 1 (N/S),68,52,20,♥,finished,2026-05-18T16:35:24.560708+00:00
8063,INPROC_856D47,1,10,team1,Team 1 (N/S),61,59,28,♥,finished,2026-05-18T16:35:24.583437+00:00
8064,INPROC_9E96A1,1,10,team2,Team 2 (E/W),55,65,7,♣,finished,2026-05-18T16:35:24.599422+00:00
8065,INPROC_32F139,1,10,team2,Team 2 (E/W),58,62,35,♠,finished,2026-05-18T16:35:24.617096+00:00
8066,INPROC_40CAD8,1,10,team1,Team 1 (N/S),78,42,17,♦,finished,2026-05-18T16:35:24.633333+00:00
8067,INPROC_B91193,1,10,team1,Team 1 (N/S),64,56,2,♣,finished,2026-05-18T16:35:24.648857+00:00
8068,INPROC_AAE76B,1,10,team1,Team 1 (N/S),71,49,34,♠,finished,2026-05-18T16:35:24.667930+00:00
8069,INPROC_334147,1,10,team1,Team 1 (N/S),79,41,33,♠,finished,2026-05-18T16:35:24.684975+00:00
8070,INPROC_0110E3,1,10,team1,Team 1 (N/S),73,47,6,♣,finished,2026-05-18T16:35:24.703818+00:00
8071,INPROC_7ACD2B,1,10,team1,Team 1 (N/S),86,34,3,♣,finished,2026-05-18T16:35:24.724259+00:00
8072,INPROC_0EB86E,1,10,team1,Team 1 (N/S),82,38,2,♣,finished,2026-05-18T16:35:24.742900+00:00
8073,INPROC_BC06E4,1,10,team2,Team 2 (E/W),50,70,19,♦,finished,2026-05-18T16:35:24.759051+00:00
8074,INPROC_711CD8,1,10,team2,Team 2 (E/W),44,76,18,♦,finished,2026-05-18T16:35:24.774617+00:00
8075,INPROC_BC8484,1,10,team1,Team 1 (N/S),93,27,32,♠,finished,2026-05-18T16:35:24.791566+00:00
8076,INPROC_5452EA,1,10,team1,Team 1 (N/S),61,59,7,♣,finished,2026-05-18T16:35:24.807866+00:00
8077,INPROC_9B4C35,1,10,team1,Team 1 (N/S),89,31,13,♦,finished,2026-05-18T16:35:24.820775+00:00
8078,INPROC_2201AC,1,10,team2,Team 2 (E/W),41,79,2,♣,finished,2026-05-18T16:35:24.837666+00:00
8079,INPROC_6EAD9B,1,10,team2,Team 2 (E/W),57,63,23,♥,finished,2026-05-18T16:35:24.855732+00:00
8080,INPROC_CD0709,1,10,team2,Team 2 (E/W),59,61,12,♦,finished,2026-05-18T16:35:24.872071+00:00
8081,INPROC_C5DF9D,1,10,team2,Team 2 (E/W),56,64,23,♥,finished,2026-05-18T16:35:24.887673+00:00
8082,INPROC_E36388,1,10,team1,Team 1 (N/S),92,28,8,♣,finished,2026-05-18T16:35:24.904034+00:00
8083,INPROC_C38EF7,1,10,team2,Team 2 (E/W),47,73,21,♥,finished,2026-05-18T16:35:24.919517+00:00
8084,INPROC_F08ED1,1,10,team1,Team 1 (N/S),86,34,5,♣,finished,2026-05-18T16:35:24.933045+00:00
8085,INPROC_3D5E94,1,10,draw,draw,60,60,39,♠,finished,2026-05-18T16:35:24.950393+00:00
8086,INPROC_3A8480,1,10,team1,Team 1 (N/S),101,19,22,♥,finished,2026-05-18T16:35:24.969504+00:00
8087,INPROC_20B717,1,10,team1,Team 1 (N/S),63,57,10,♦,finished,2026-05-18T16:35:24.987297+00:00
8088,INPROC_852AA2,1,10,team2,Team 2 (E/W),54,66,28,♥,finished,2026-05-18T16:35:25.002061+00:00
8089,INPROC_896828,1,10,team1,Team 1 (N/S),111,9,1,♣,finished,2026-05-18T16:35:25.017191+00:00
8090,INPROC_2AEF04,1,10,team2,Team 2 (E/W),42,78,13,♦,finished,2026-05-18T16:35:25.031196+00:00
8091,INPROC_4332F1,1,10,team2,Team 2 (E/W),36,84,19,♦,finished,2026-05-18T16:35:25.045666+00:00
8092,INPROC_CD4D34,1,10,team1,Team 1 (N/S),64,56,19,♦,finished,2026-05-18T16:35:25.060189+00:00
8093,INPROC_2E9079,1,10,team1,Team 1 (N/S),97,23,14,♦,finished,2026-05-18T16:35:25.076586+00:00
8094,INPROC_2FB045,1,10,team1,Team 1 (N/S),74,46,37,♠,finished,2026-05-18T16:35:25.090624+00:00
8095,INPROC_CEB2D5,1,10,team2,Team 2 (E/W),40,80,6,♣,finished,2026-05-18T16:35:25.107664+00:00
8096,INPROC_ECD759,1,10,team2,Team 2 (E/W),31,89,16,♦,finished,2026-05-18T16:35:25.122485+00:00
8097,INPROC_0AB0EC,1,10,team1,Team 1 (N/S),71,49,2,♣,finished,2026-05-18T16:35:25.137837+00:00
8098,INPROC_4B0E0F,1,10,team1,Team 1 (N/S),78,42,27,♥,finished,2026-05-18T16:35:25.155110+00:00
8099,INPROC_B38886,1,10,team1,Team 1 (N/S),75,45,3,♣,finished,2026-05-18T16:35:25.173296+00:00
8100,INPROC_C2B13D,1,10,team1,Team 1 (N/S),84,36,1,♣,finished,2026-05-18T16:35:25.191973+00:00
8101,INPROC_1A0739,1,10,team1,Team 1 (N/S),64,56,30,♠,finished,2026-05-18T16:35:25.208413+00:00
8102,INPROC_52718A,1,10,team1,Team 1 (N/S),100,20,11,♦,finished,2026-05-18T16:35:25.227767+00:00
8103,INPROC_DFAF08,1,10,team2,Team 2 (E/W),0,120,26,♥,finished,2026-05-18T16:35:25.245111+00:00
8104,INPROC_1643A2,1,10,team1,Team 1 (N/S),88,32,10,♦,finished,2026-05-18T16:35:25.255995+00:00
8105,INPROC_55CEDF,1,10,team2,Team 2 (E/W),42,78,35,♠,finished,2026-05-18T16:35:25.269829+00:00
8106,INPROC_9B02BF,1,10,team1,Team 1 (N/S),88,32,19,♦,finished,2026-05-18T16:35:25.284132+00:00
8107,INPROC_B127A8,1,10,team2,Team 2 (E/W),58,62,29,♥,finished,2026-05-18T16:35:25.293360+00:00
8108,INPROC_5C4468,1,10,team1,Team 1 (N/S),63,57,31,♠,finished,2026-05-18T16:35:25.305840+00:00
8109,INPROC_45F1B9,1,10,team1,Team 1 (N/S),87,33,36,♠,finished,2026-05-18T16:35:25.320804+00:00
8110,INPROC_C1FF2F,1,10,team1,Team 1 (N/S),67,53,34,♠,finished,2026-05-18T16:35:25.335747+00:00
8111,INPROC_BC0D9F,1,10,team1,Team 1 (N/S),86,34,18,♦,finished,2026-05-18T16:35:25.353233+00:00
8112,INPROC_791F05,1,10,team1,Team 1 (N/S),91,29,27,♥,finished,2026-05-18T16:35:25.369202+00:00
8113,INPROC_009FD8,1,10,team1,Team 1 (N/S),94,26,21,♥,finished,2026-05-18T16:35:25.385489+00:00
8114,INPROC_F2E8C8,1,10,team1,Team 1 (N/S),66,54,1,♣,finished,2026-05-18T16:35:25.401762+00:00
8115,INPROC_BD97BD,1,10,team1,Team 1 (N/S),91,29,21,♥,finished,2026-05-18T16:35:25.420660+00:00
8116,INPROC_669FBF,1,10,team1,Team 1 (N/S),66,54,22,♥,finished,2026-05-18T16:35:25.441334+00:00
8117,INPROC_EAE5BC,1,10,team2,Team 2 (E/W),54,66,19,♦,finished,2026-05-18T16:35:25.459958+00:00
8118,INPROC_D0F857,1,10,team2,Team 2 (E/W),32,88,18,♦,finished,2026-05-18T16:35:25.477971+00:00
8119,INPROC_8FA0D5,1,10,team1,Team 1 (N/S),104,16,23,♥,finished,2026-05-18T16:35:25.498088+00:00
8120,INPROC_734F61,1,10,team1,Team 1 (N/S),106,14,21,♥,finished,2026-05-18T16:35:25.520151+00:00
8121,INPROC_FCB12F,1,10,team1,Team 1 (N/S),80,40,29,♥,finished,2026-05-18T16:35:25.540483+00:00
8122,INPROC_D72C9D,1,10,team1,Team 1 (N/S),69,51,14,♦,finished,2026-05-18T16:35:25.556950+00:00
8123,INPROC_869FED,1,10,team2,Team 2 (E/W),41,79,12,♦,finished,2026-05-18T16:35:25.574475+00:00
8124,INPROC_8EDFB8,1,10,team2,Team 2 (E/W),51,69,39,♠,finished,2026-05-18T16:35:25.591158+00:00
8125,INPROC_B864BD,1,10,team2,Team 2 (E/W),48,72,30,♠,finished,2026-05-18T16:35:25.608267+00:00
8126,INPROC_665BFD,1,10,team1,Team 1 (N/S),63,57,29,♥,finished,2026-05-18T16:35:25.623954+00:00
8127,INPROC_71ADA6,1,10,team1,Team 1 (N/S),62,58,38,♠,finished,2026-05-18T16:35:25.643760+00:00
8128,INPROC_9E8B9D,1,10,team2,Team 2 (E/W),33,87,29,♥,finished,2026-05-18T16:35:25.660610+00:00
8129,INPROC_845BB4,1,10,team1,Team 1 (N/S),92,28,5,♣,finished,2026-05-18T16:35:26.752914+00:00
8130,INPROC_A9F42B,1,10,team1,Team 1 (N/S),80,40,13,♦,finished,2026-05-18T16:35:26.762726+00:00
8131,INPROC_09B56D,1,10,team1,Team 1 (N/S),83,37,26,♥,finished,2026-05-18T16:35:26.775366+00:00
8132,INPROC_249A9B,1,10,team1,Team 1 (N/S),95,25,31,♠,finished,2026-05-18T16:35:26.794394+00:00
8133,INPROC_EB3763,1,10,team1,Team 1 (N/S),89,31,34,♠,finished,2026-05-18T16:35:26.811609+00:00
8134,INPROC_5705EC,1,10,team2,Team 2 (E/W),30,90,31,♠,finished,2026-05-18T16:35:26.830030+00:00
8135,INPROC_801DA1,1,10,team2,Team 2 (E/W),37,83,28,♥,finished,2026-05-18T16:35:26.848117+00:00
8136,INPROC_F81A1A,1,10,team2,Team 2 (E/W),56,64,20,♥,finished,2026-05-18T16:35:26.866765+00:00
8137,INPROC_1F11FE,1,10,team2,Team 2 (E/W),51,69,26,♥,finished,2026-05-18T16:35:26.885342+00:00
8138,INPROC_156A0C,1,10,team1,Team 1 (N/S),92,28,0,♣,finished,2026-05-18T16:35:26.902529+00:00
8139,INPROC_D01796,1,10,team1,Team 1 (N/S),61,59,18,♦,finished,2026-05-18T16:35:26.916876+00:00
8140,INPROC_1F379E,1,10,team2,Team 2 (E/W),55,65,8,♣,finished,2026-05-18T16:35:26.934405+00:00
8141,INPROC_2153E1,1,10,team1,Team 1 (N/S),78,42,10,♦,finished,2026-05-18T16:35:26.949379+00:00
8142,INPROC_45C984,1,10,team2,Team 2 (E/W),33,87,38,♠,finished,2026-05-18T16:35:26.965959+00:00
8143,INPROC_8A8F98,1,10,team1,Team 1 (N/S),71,49,1,♣,finished,2026-05-18T16:35:26.984622+00:00
8144,INPROC_C0DAA2,1,10,team2,Team 2 (E/W),39,81,39,♠,finished,2026-05-18T16:35:27.002755+00:00
8145,INPROC_8D0A02,1,10,team2,Team 2 (E/W),58,62,18,♦,finished,2026-05-18T16:35:27.021446+00:00
8146,INPROC_E834A7,1,10,team2,Team 2 (E/W),55,65,19,♦,finished,2026-05-18T16:35:27.040062+00:00
8147,INPROC_48A4E3,1,10,team1,Team 1 (N/S),63,57,2,♣,finished,2026-05-18T16:35:27.055942+00:00
8148,INPROC_68D155,1,10,team1,Team 1 (N/S),120,0,31,♠,finished,2026-05-18T16:35:27.072328+00:00
8149,INPROC_920EF0,1,10,team1,Team 1 (N/S),78,42,18,♦,finished,2026-05-18T16:35:27.092770+00:00
8150,INPROC_A94F2E,1,10,team1,Team 1 (N/S),66,54,35,♠,finished,2026-05-18T16:35:27.110455+00:00
8151,INPROC_63F3B0,1,10,team1,Team 1 (N/S),64,56,35,♠,finished,2026-05-18T16:35:27.127409+00:00
8152,INPROC_F99EB3,1,10,team1,Team 1 (N/S),91,29,13,♦,finished,2026-05-18T16:35:27.149855+00:00
8153,INPROC_734634,1,10,team1,Team 1 (N/S),105,15,32,♠,finished,2026-05-18T16:35:27.167774+00:00
8154,INPROC_83A259,1,10,team2,Team 2 (E/W),28,92,8,♣,finished,2026-05-18T16:35:27.188081+00:00
8155,INPROC_9A4A5B,1,10,draw,draw,60,60,23,♥,finished,2026-05-18T16:35:27.209129+00:00
8156,INPROC_7538CE,1,10,team1,Team 1 (N/S),88,32,1,♣,finished,2026-05-18T16:35:27.223975+00:00
8157,INPROC_9C7D1B,1,10,team1,Team 1 (N/S),102,18,3,♣,finished,2026-05-18T16:35:27.235524+00:00
8158,INPROC_CC8383,1,10,team1,Team 1 (N/S),68,52,24,♥,finished,2026-05-18T16:35:27.251625+00:00
8159,INPROC_2EF8FC,1,10,team1,Team 1 (N/S),63,57,10,♦,finished,2026-05-18T16:35:27.268859+00:00
8160,INPROC_07CD3F,1,10,team1,Team 1 (N/S),77,43,19,♦,finished,2026-05-18T16:35:27.284404+00:00
8161,INPROC_5BBED8,1,10,team2,Team 2 (E/W),24,96,35,♠,finished,2026-05-18T16:35:27.302162+00:00
8162,INPROC_B2DF2B,1,10,team1,Team 1 (N/S),98,22,1,♣,finished,2026-05-18T16:35:27.318365+00:00
8163,INPROC_1FEF36,1,10,team1,Team 1 (N/S),94,26,37,♠,finished,2026-05-18T16:35:27.337108+00:00
8164,INPROC_621855,1,10,team2,Team 2 (E/W),22,98,36,♠,finished,2026-05-18T16:35:27.361505+00:00
8165,INPROC_0E2727,1,10,team1,Team 1 (N/S),70,50,32,♠,finished,2026-05-18T16:35:27.384481+00:00
8166,INPROC_1A7A79,1,10,team2,Team 2 (E/W),54,66,18,♦,finished,2026-05-18T16:35:27.406092+00:00
8167,INPROC_B615DF,1,10,team1,Team 1 (N/S),75,45,17,♦,finished,2026-05-18T16:35:27.426642+00:00
8168,INPROC_2B7317,1,10,team1,Team 1 (N/S),68,52,8,♣,finished,2026-05-18T16:35:27.443355+00:00
8169,INPROC_38E383,1,10,team1,Team 1 (N/S),107,13,24,♥,finished,2026-05-18T16:35:27.457275+00:00
8170,INPROC_B87130,1,10,team1,Team 1 (N/S),67,53,13,♦,finished,2026-05-18T16:35:27.471430+00:00
8171,INPROC_C97E38,1,10,team1,Team 1 (N/S),118,2,2,♣,finished,2026-05-18T16:35:27.489956+00:00
8172,INPROC_431E93,1,10,team2,Team 2 (E/W),56,64,13,♦,finished,2026-05-18T16:35:27.512688+00:00
8173,INPROC_A2FE82,1,10,team1,Team 1 (N/S),80,40,24,♥,finished,2026-05-18T16:35:27.531888+00:00
8174,INPROC_358549,1,10,team1,Team 1 (N/S),103,17,25,♥,finished,2026-05-18T16:35:27.552876+00:00
8175,INPROC_8021FF,1,10,team2,Team 2 (E/W),54,66,1,♣,finished,2026-05-18T16:35:27.571483+00:00
8176,INPROC_53535E,1,10,team1,Team 1 (N/S),61,59,0,♣,finished,2026-05-18T16:35:27.589494+00:00
8177,INPROC_782697,1,10,team1,Team 1 (N/S),86,34,34,♠,finished,2026-05-18T16:35:27.608779+00:00
8178,INPROC_F11CC1,1,10,team2,Team 2 (E/W),54,66,7,♣,finished,2026-05-18T16:35:27.629057+00:00
8179,INPROC_C44B75,1,10,team2,Team 2 (E/W),0,120,28,♥,finished,2026-05-18T16:35:27.639751+00:00
8180,INPROC_E8E040,1,10,team1,Team 1 (N/S),96,24,22,♥,finished,2026-05-18T16:35:27.651818+00:00
8181,INPROC_7CBDF8,1,10,team1,Team 1 (N/S),65,55,2,♣,finished,2026-05-18T16:35:27.667295+00:00
8182,INPROC_7EEC4C,1,10,team2,Team 2 (E/W),59,61,16,♦,finished,2026-05-18T16:35:27.682661+00:00
8183,INPROC_682FF5,1,10,team1,Team 1 (N/S),84,36,7,♣,finished,2026-05-18T16:35:27.699613+00:00
8184,INPROC_55018A,1,10,team1,Team 1 (N/S),82,38,19,♦,finished,2026-05-18T16:35:27.716717+00:00
8185,INPROC_98E7AB,1,10,team2,Team 2 (E/W),45,75,25,♥,finished,2026-05-18T16:35:27.731801+00:00
8186,INPROC_F6E34D,1,10,team2,Team 2 (E/W),59,61,23,♥,finished,2026-05-18T16:35:27.747854+00:00
8187,INPROC_A3BD1D,1,10,team1,Team 1 (N/S),68,52,22,♥,finished,2026-05-18T16:35:27.761397+00:00
8188,INPROC_4AAB74,1,10,team1,Team 1 (N/S),98,22,27,♥,finished,2026-05-18T16:35:27.775939+00:00
8189,INPROC_5D93EA,1,10,team1,Team 1 (N/S),81,39,17,♦,finished,2026-05-18T16:35:27.791172+00:00
8190,INPROC_79F757,1,10,team1,Team 1 (N/S),81,39,7,♣,finished,2026-05-18T16:35:27.805366+00:00
8191,INPROC_7DBA0A,1,10,team1,Team 1 (N/S),79,41,27,♥,finished,2026-05-18T16:35:27.824941+00:00
8192,INPROC_10C507,1,10,team1,Team 1 (N/S),66,54,11,♦,finished,2026-05-18T16:35:27.842096+00:00
8193,INPROC_460E50,1,10,team1,Team 1 (N/S),64,56,27,♥,finished,2026-05-18T16:35:27.859154+00:00
8194,INPROC_149CA2,1,10,team1,Team 1 (N/S),80,40,36,♠,finished,2026-05-18T16:35:27.871227+00:00
8195,INPROC_5BA8B6,1,10,team2,Team 2 (E/W),52,68,22,♥,finished,2026-05-18T16:35:27.889761+00:00
8196,INPROC_40D9A1,1,10,team1,Team 1 (N/S),96,24,36,♠,finished,2026-05-18T16:35:27.909238+00:00
8197,INPROC_5A59ED,1,10,team1,Team 1 (N/S),80,40,9,♣,finished,2026-05-18T16:35:27.925143+00:00
8198,INPROC_A2110C,1,10,team1,Team 1 (N/S),85,35,28,♥,finished,2026-05-18T16:35:27.942272+00:00
8199,INPROC_F1061E,1,10,team1,Team 1 (N/S),106,14,12,♦,finished,2026-05-18T16:35:27.959781+00:00
8200,INPROC_E9519B,1,10,team1,Team 1 (N/S),66,54,24,♥,finished,2026-05-18T16:35:27.975106+00:00
8201,INPROC_9FEB56,1,10,team1,Team 1 (N/S),64,56,15,♦,finished,2026-05-18T16:35:27.994409+00:00
8202,INPROC_964B13,1,10,team2,Team 2 (E/W),48,72,24,♥,finished,2026-05-18T16:35:28.012114+00:00
8203,INPROC_909B67,1,10,team2,Team 2 (E/W),43,77,31,♠,finished,2026-05-18T16:35:28.030069+00:00
8204,INPROC_C2ADEF,1,10,team2,Team 2 (E/W),24,96,38,♠,finished,2026-05-18T16:35:28.048102+00:00
8205,INPROC_09AAFE,1,10,team1,Team 1 (N/S),75,45,11,♦,finished,2026-05-18T16:35:28.067312+00:00
8206,INPROC_FB8658,1,10,team1,Team 1 (N/S),81,39,1,♣,finished,2026-05-18T16:35:28.083734+00:00
8207,INPROC_EAB36E,1,10,team2,Team 2 (E/W),36,84,5,♣,finished,2026-05-18T16:35:28.103408+00:00
8208,INPROC_EE2F3E,1,10,team1,Team 1 (N/S),89,31,5,♣,finished,2026-05-18T16:35:28.124709+00:00
8209,INPROC_1B387E,1,10,team2,Team 2 (E/W),29,91,8,♣,finished,2026-05-18T16:35:28.141537+00:00
8210,INPROC_CCC5AB,1,10,team1,Team 1 (N/S),101,19,8,♣,finished,2026-05-18T16:35:28.163111+00:00
8211,INPROC_E2B94E,1,10,team1,Team 1 (N/S),95,25,1,♣,finished,2026-05-18T16:35:28.184627+00:00
8212,INPROC_8EBEBC,1,10,team2,Team 2 (E/W),45,75,16,♦,finished,2026-05-18T16:35:28.209020+00:00
8213,INPROC_F4FEAC,1,10,team1,Team 1 (N/S),107,13,31,♠,finished,2026-05-18T16:35:28.229175+00:00
8214,INPROC_121CBE,1,10,team2,Team 2 (E/W),42,78,2,♣,finished,2026-05-18T16:35:28.246092+00:00
8215,INPROC_292161,1,10,team1,Team 1 (N/S),64,56,10,♦,finished,2026-05-18T16:35:28.261999+00:00
8216,INPROC_235663,1,10,team2,Team 2 (E/W),44,76,20,♥,finished,2026-05-18T16:35:28.277635+00:00
8217,INPROC_7EC72E,1,10,team1,Team 1 (N/S),67,53,39,♠,finished,2026-05-18T16:35:28.294678+00:00
8218,INPROC_282929,1,10,team2,Team 2 (E/W),43,77,22,♥,finished,2026-05-18T16:35:28.311658+00:00
8219,INPROC_92D03B,1,10,team1,Team 1 (N/S),80,40,15,♦,finished,2026-05-18T16:35:28.326963+00:00
8220,INPROC_7DEFFB,1,10,team1,Team 1 (N/S),76,44,13,♦,finished,2026-05-18T16:35:28.341092+00:00
8221,INPROC_E63752,1,10,team2,Team 2 (E/W),47,73,9,♣,finished,2026-05-18T16:35:28.359064+00:00
8222,INPROC_9D712E,1,10,team1,Team 1 (N/S),80,40,6,♣,finished,2026-05-18T16:35:28.375000+00:00
8223,INPROC_1079A4,1,10,team2,Team 2 (E/W),49,71,29,♥,finished,2026-05-18T16:35:28.390824+00:00
8224,INPROC_AE4829,1,10,team1,Team 1 (N/S),75,45,30,♠,finished,2026-05-18T16:35:28.407578+00:00
8225,INPROC_610B47,1,10,team1,Team 1 (N/S),78,42,20,♥,finished,2026-05-18T16:35:28.423537+00:00
8226,INPROC_3EA2CA,1,10,team1,Team 1 (N/S),71,49,20,♥,finished,2026-05-18T16:35:28.436513+00:00
8227,INPROC_0CF1D5,1,10,team1,Team 1 (N/S),73,47,14,♦,finished,2026-05-18T16:35:28.451457+00:00
8228,INPROC_00D215,1,10,team1,Team 1 (N/S),108,12,14,♦,finished,2026-05-18T16:35:28.467167+00:00
8229,INPROC_A73246,1,10,team2,Team 2 (E/W),13,107,14,♦,finished,2026-05-18T16:35:28.484221+00:00
8230,INPROC_5DAF9A,1,10,team1,Team 1 (N/S),85,35,34,♠,finished,2026-05-18T16:35:28.493002+00:00
8231,INPROC_583A6B,1,10,team1,Team 1 (N/S),111,9,30,♠,finished,2026-05-18T16:35:28.517188+00:00
8232,INPROC_740239,1,10,team1,Team 1 (N/S),109,11,10,♦,finished,2026-05-18T16:35:28.533996+00:00
8233,INPROC_A24003,1,10,team2,Team 2 (E/W),49,71,9,♣,finished,2026-05-18T16:35:28.549415+00:00
8234,INPROC_B82F17,1,10,team1,Team 1 (N/S),72,48,13,♦,finished,2026-05-18T16:35:28.564471+00:00
8235,INPROC_F0F52F,1,10,team1,Team 1 (N/S),77,43,11,♦,finished,2026-05-18T16:35:28.581484+00:00
8236,INPROC_3DDE3D,1,10,team1,Team 1 (N/S),89,31,15,♦,finished,2026-05-18T16:35:28.597001+00:00
8237,INPROC_2E35C1,1,10,team1,Team 1 (N/S),95,25,8,♣,finished,2026-05-18T16:35:28.613157+00:00
8238,INPROC_BD756E,1,10,team1,Team 1 (N/S),67,53,36,♠,finished,2026-05-18T16:35:28.626070+00:00
8239,INPROC_F1B1ED,1,10,team2,Team 2 (E/W),48,72,6,♣,finished,2026-05-18T16:35:28.644939+00:00
8240,INPROC_4DA3E6,1,10,team1,Team 1 (N/S),67,53,13,♦,finished,2026-05-18T16:35:28.660274+00:00
8241,INPROC_9EB1B9,1,10,team1,Team 1 (N/S),98,22,25,♥,finished,2026-05-18T16:35:28.674935+00:00
8242,INPROC_726DC5,1,10,team2,Team 2 (E/W),47,73,37,♠,finished,2026-05-18T16:35:28.690112+00:00
8243,INPROC_6D9BDA,1,10,team2,Team 2 (E/W),35,85,35,♠,finished,2026-05-18T16:35:28.711970+00:00
8244,INPROC_2DD662,1,10,team1,Team 1 (N/S),80,40,12,♦,finished,2026-05-18T16:35:28.730619+00:00
8245,INPROC_4BA892,1,10,team1,Team 1 (N/S),93,27,25,♥,finished,2026-05-18T16:35:28.746404+00:00
8246,INPROC_41C8B2,1,10,team1,Team 1 (N/S),92,28,15,♦,finished,2026-05-18T16:35:28.761659+00:00
8247,INPROC_8B2E36,1,10,team1,Team 1 (N/S),75,45,38,♠,finished,2026-05-18T16:35:28.777182+00:00
8248,INPROC_5E16C5,1,10,team1,Team 1 (N/S),84,36,9,♣,finished,2026-05-18T16:35:28.791149+00:00
8249,INPROC_8A4FAE,1,10,team2,Team 2 (E/W),54,66,3,♣,finished,2026-05-18T16:35:28.801228+00:00
8250,INPROC_FE2F44,1,10,team2,Team 2 (E/W),7,113,15,♦,finished,2026-05-18T16:35:28.810279+00:00
8251,INPROC_34FC34,1,10,team1,Team 1 (N/S),66,54,37,♠,finished,2026-05-18T16:35:28.821302+00:00
8252,INPROC_571366,1,10,draw,draw,60,60,20,♥,finished,2026-05-18T16:35:28.836034+00:00
8253,INPROC_96F2B7,1,10,team1,Team 1 (N/S),80,40,12,♦,finished,2026-05-18T16:35:28.854288+00:00
8254,INPROC_20EAA1,1,10,team2,Team 2 (E/W),52,68,35,♠,finished,2026-05-18T16:35:28.869721+00:00
8255,INPROC_6803D8,1,10,team1,Team 1 (N/S),67,53,13,♦,finished,2026-05-18T16:35:28.887679+00:00
8256,INPROC_D0B177,1,10,team1,Team 1 (N/S),93,27,5,♣,finished,2026-05-18T16:35:28.896672+00:00
8257,INPROC_31E09A,1,10,team1,Team 1 (N/S),61,59,23,♥,finished,2026-05-18T16:35:28.908396+00:00
8258,INPROC_01BA8E,1,10,team2,Team 2 (E/W),44,76,28,♥,finished,2026-05-18T16:35:28.918250+00:00
8259,INPROC_7C5F89,1,10,team1,Team 1 (N/S),110,10,21,♥,finished,2026-05-18T16:35:28.928226+00:00
8260,INPROC_74BD78,1,10,team1,Team 1 (N/S),69,51,3,♣,finished,2026-05-18T16:35:28.943295+00:00
8261,INPROC_A20474,1,10,team1,Team 1 (N/S),78,42,0,♣,finished,2026-05-18T16:35:28.956455+00:00
8262,INPROC_FDA4C9,1,10,team1,Team 1 (N/S),110,10,7,♣,finished,2026-05-18T16:35:28.969805+00:00
8263,INPROC_B01B42,1,10,team2,Team 2 (E/W),43,77,21,♥,finished,2026-05-18T16:35:28.983738+00:00
8264,INPROC_775498,1,10,team2,Team 2 (E/W),54,66,13,♦,finished,2026-05-18T16:35:28.998704+00:00
8265,INPROC_33E2EE,1,10,team1,Team 1 (N/S),68,52,2,♣,finished,2026-05-18T16:35:29.014523+00:00
8266,INPROC_B2C98E,1,10,team1,Team 1 (N/S),77,43,38,♠,finished,2026-05-18T16:35:29.029528+00:00
8267,INPROC_D528DE,1,10,team2,Team 2 (E/W),59,61,19,♦,finished,2026-05-18T16:35:29.045594+00:00
8268,INPROC_CCC375,1,10,team2,Team 2 (E/W),13,107,0,♣,finished,2026-05-18T16:35:29.063524+00:00
8269,INPROC_C70871,1,10,team1,Team 1 (N/S),80,40,23,♥,finished,2026-05-18T16:35:29.079420+00:00
8270,INPROC_11659D,1,10,team2,Team 2 (E/W),37,83,14,♦,finished,2026-05-18T16:35:29.095426+00:00
8271,INPROC_0E8F50,1,10,team2,Team 2 (E/W),39,81,14,♦,finished,2026-05-18T16:35:29.111548+00:00
8272,INPROC_70E006,1,10,team1,Team 1 (N/S),98,22,34,♠,finished,2026-05-18T16:35:29.128855+00:00
8273,INPROC_9793B1,1,10,team2,Team 2 (E/W),24,96,35,♠,finished,2026-05-18T16:35:29.144746+00:00
8274,INPROC_E3E9B9,1,10,team2,Team 2 (E/W),46,74,39,♠,finished,2026-05-18T16:35:29.162357+00:00
8275,INPROC_BA8B06,1,10,team1,Team 1 (N/S),91,29,26,♥,finished,2026-05-18T16:35:29.177367+00:00
8276,INPROC_A7D418,1,10,team1,Team 1 (N/S),90,30,33,♠,finished,2026-05-18T16:35:29.191219+00:00
8277,INPROC_8AA96D,1,10,team1,Team 1 (N/S),108,12,34,♠,finished,2026-05-18T16:35:29.208926+00:00
8278,INPROC_8ACD85,1,10,team1,Team 1 (N/S),67,53,28,♥,finished,2026-05-18T16:35:29.225699+00:00
8279,INPROC_28C97C,1,10,team1,Team 1 (N/S),68,52,6,♣,finished,2026-05-18T16:35:29.240112+00:00
8280,INPROC_BAADAC,1,10,team2,Team 2 (E/W),27,93,19,♦,finished,2026-05-18T16:35:29.256906+00:00
8281,INPROC_A2FEA1,1,10,draw,draw,60,60,16,♦,finished,2026-05-18T16:35:29.273922+00:00
8282,INPROC_806C14,1,10,team1,Team 1 (N/S),68,52,0,♣,finished,2026-05-18T16:35:29.294112+00:00
8283,INPROC_0DCAC0,1,10,team1,Team 1 (N/S),93,27,26,♥,finished,2026-05-18T16:35:29.312445+00:00
8284,INPROC_1C9EF8,1,10,team1,Team 1 (N/S),66,54,39,♠,finished,2026-05-18T16:35:29.328458+00:00
8285,INPROC_A2D9C5,1,10,team2,Team 2 (E/W),41,79,23,♥,finished,2026-05-18T16:35:29.343146+00:00
8286,INPROC_73703A,1,10,team2,Team 2 (E/W),24,96,5,♣,finished,2026-05-18T16:35:29.360921+00:00
8287,INPROC_D03599,1,10,team1,Team 1 (N/S),88,32,28,♥,finished,2026-05-18T16:35:29.371273+00:00
8288,INPROC_F23C06,1,10,team1,Team 1 (N/S),102,18,9,♣,finished,2026-05-18T16:35:29.387317+00:00
8289,INPROC_EFA2D6,1,10,team1,Team 1 (N/S),89,31,24,♥,finished,2026-05-18T16:35:29.404433+00:00
8290,INPROC_82FE0B,1,10,team1,Team 1 (N/S),99,21,37,♠,finished,2026-05-18T16:35:29.423431+00:00
8291,INPROC_35BCC6,1,10,team2,Team 2 (E/W),58,62,16,♦,finished,2026-05-18T16:35:29.444179+00:00
8292,INPROC_A90A7E,1,10,team2,Team 2 (E/W),41,79,23,♥,finished,2026-05-18T16:35:29.463346+00:00
8293,INPROC_24D92B,1,10,team1,Team 1 (N/S),89,31,18,♦,finished,2026-05-18T16:35:29.480947+00:00
8294,INPROC_2AA141,1,10,team1,Team 1 (N/S),88,32,10,♦,finished,2026-05-18T16:35:29.498642+00:00
8295,INPROC_A3859C,1,10,team1,Team 1 (N/S),91,29,24,♥,finished,2026-05-18T16:35:29.517308+00:00
8296,INPROC_45E3D7,1,10,team1,Team 1 (N/S),116,4,30,♠,finished,2026-05-18T16:35:29.531287+00:00
8297,INPROC_641A4A,1,10,team1,Team 1 (N/S),67,53,10,♦,finished,2026-05-18T16:35:29.545329+00:00
8298,INPROC_F82987,1,10,team2,Team 2 (E/W),29,91,9,♣,finished,2026-05-18T16:35:29.561888+00:00
8299,INPROC_A63F47,1,10,team1,Team 1 (N/S),95,25,20,♥,finished,2026-05-18T16:35:29.574698+00:00
8300,INPROC_D1A3DD,1,10,team2,Team 2 (E/W),56,64,15,♦,finished,2026-05-18T16:35:29.593161+00:00
8301,INPROC_8E7A7F,1,10,team1,Team 1 (N/S),81,39,34,♠,finished,2026-05-18T16:35:29.609851+00:00
8302,INPROC_EC2876,1,10,team1,Team 1 (N/S),83,37,22,♥,finished,2026-05-18T16:35:29.621963+00:00
8303,INPROC_48DA0E,1,10,team2,Team 2 (E/W),33,87,15,♦,finished,2026-05-18T16:35:29.636039+00:00
8304,INPROC_62110A,1,10,team2,Team 2 (E/W),48,72,35,♠,finished,2026-05-18T16:35:29.649209+00:00
8305,INPROC_B2BABC,1,10,team1,Team 1 (N/S),89,31,17,♦,finished,2026-05-18T16:35:29.662060+00:00
8306,INPROC_4EA23C,1,10,team1,Team 1 (N/S),78,42,11,♦,finished,2026-05-18T16:35:29.675113+00:00
8307,INPROC_CE8F9A,1,10,team2,Team 2 (E/W),47,73,4,♣,finished,2026-05-18T16:35:29.691752+00:00
8308,INPROC_10BD49,1,10,team1,Team 1 (N/S),86,34,38,♠,finished,2026-05-18T16:35:29.707128+00:00
8309,INPROC_8E6E3B,1,10,team2,Team 2 (E/W),58,62,14,♦,finished,2026-05-18T16:35:29.723369+00:00
8310,INPROC_3A0D72,1,10,team1,Team 1 (N/S),78,42,4,♣,finished,2026-05-18T16:35:29.736210+00:00
8311,INPROC_103F15,1,10,team2,Team 2 (E/W),45,75,19,♦,finished,2026-05-18T16:35:29.749051+00:00
8312,INPROC_E72981,1,10,team2,Team 2 (E/W),54,66,31,♠,finished,2026-05-18T16:35:29.762180+00:00
8313,INPROC_EFBEE9,1,10,team1,Team 1 (N/S),69,51,33,♠,finished,2026-05-18T16:35:29.778631+00:00
8314,INPROC_E41FD9,1,10,team2,Team 2 (E/W),41,79,35,♠,finished,2026-05-18T16:35:29.793564+00:00
8315,INPROC_9A6136,1,10,team2,Team 2 (E/W),54,66,27,♥,finished,2026-05-18T16:35:29.806128+00:00
8316,INPROC_1D41C0,1,10,team1,Team 1 (N/S),81,39,7,♣,finished,2026-05-18T16:35:29.821149+00:00
8317,INPROC_16F6D3,1,10,team2,Team 2 (E/W),47,73,17,♦,finished,2026-05-18T16:35:29.833959+00:00
8318,INPROC_C0029D,1,10,team1,Team 1 (N/S),84,36,30,♠,finished,2026-05-18T16:35:29.846254+00:00
8319,INPROC_E96F2A,1,10,team1,Team 1 (N/S),73,47,12,♦,finished,2026-05-18T16:35:29.859605+00:00
8320,INPROC_702C47,1,10,team1,Team 1 (N/S),96,24,12,♦,finished,2026-05-18T16:35:29.873180+00:00
8321,INPROC_4CDEC6,1,10,team2,Team 2 (E/W),49,71,33,♠,finished,2026-05-18T16:35:29.887967+00:00
8322,INPROC_506A03,1,10,team2,Team 2 (E/W),53,67,26,♥,finished,2026-05-18T16:35:29.903123+00:00
8323,INPROC_A3DBBF,1,10,team1,Team 1 (N/S),87,33,31,♠,finished,2026-05-18T16:35:29.923524+00:00
8324,INPROC_13C1DB,1,10,team1,Team 1 (N/S),100,20,17,♦,finished,2026-05-18T16:35:29.940848+00:00
8325,INPROC_E8FDE8,1,10,team1,Team 1 (N/S),105,15,25,♥,finished,2026-05-18T16:35:29.959227+00:00
8326,INPROC_599BCF,1,10,team2,Team 2 (E/W),58,62,22,♥,finished,2026-05-18T16:35:29.974925+00:00
8327,INPROC_2F1424,1,10,team1,Team 1 (N/S),74,46,26,♥,finished,2026-05-18T16:35:29.990544+00:00
8328,INPROC_7469F0,1,10,team2,Team 2 (E/W),55,65,3,♣,finished,2026-05-18T16:35:30.005958+00:00
8329,INPROC_81DDAD,1,10,team2,Team 2 (E/W),54,66,33,♠,finished,2026-05-18T16:35:30.023398+00:00
8330,INPROC_B3BA33,1,10,team1,Team 1 (N/S),75,45,16,♦,finished,2026-05-18T16:35:30.042783+00:00
8331,INPROC_3C12A0,1,10,team1,Team 1 (N/S),69,51,23,♥,finished,2026-05-18T16:35:30.058144+00:00
8332,INPROC_881043,1,10,team1,Team 1 (N/S),92,28,23,♥,finished,2026-05-18T16:35:30.075995+00:00
8333,INPROC_0E8AF2,1,10,team1,Team 1 (N/S),87,33,26,♥,finished,2026-05-18T16:35:30.092118+00:00
8334,INPROC_AE9A72,1,10,team2,Team 2 (E/W),56,64,25,♥,finished,2026-05-18T16:35:30.110273+00:00
8335,INPROC_148493,1,10,team1,Team 1 (N/S),109,11,12,♦,finished,2026-05-18T16:35:30.125621+00:00
8336,INPROC_791B14,1,10,team2,Team 2 (E/W),40,80,18,♦,finished,2026-05-18T16:35:30.141986+00:00
8337,INPROC_1F7BF5,1,10,team1,Team 1 (N/S),86,34,3,♣,finished,2026-05-18T16:35:30.158460+00:00
8338,INPROC_DB120E,1,10,team1,Team 1 (N/S),71,49,16,♦,finished,2026-05-18T16:35:30.176522+00:00
8339,INPROC_9586FC,1,10,team2,Team 2 (E/W),59,61,22,♥,finished,2026-05-18T16:35:30.193146+00:00
8340,INPROC_86495F,1,10,team1,Team 1 (N/S),81,39,1,♣,finished,2026-05-18T16:35:30.208174+00:00
8341,INPROC_D60240,1,10,team1,Team 1 (N/S),87,33,28,♥,finished,2026-05-18T16:35:30.223768+00:00
8342,INPROC_814DA6,1,10,team2,Team 2 (E/W),38,82,39,♠,finished,2026-05-18T16:35:30.239983+00:00
8343,INPROC_BE707F,1,10,team1,Team 1 (N/S),80,40,34,♠,finished,2026-05-18T16:35:30.257099+00:00
8344,INPROC_7420E9,1,10,team1,Team 1 (N/S),69,51,37,♠,finished,2026-05-18T16:35:30.272080+00:00
8345,INPROC_F68B10,1,10,team1,Team 1 (N/S),104,16,17,♦,finished,2026-05-18T16:35:30.287176+00:00
8346,INPROC_A0562C,1,10,team1,Team 1 (N/S),89,31,27,♥,finished,2026-05-18T16:35:30.304151+00:00
8347,INPROC_434995,1,10,team1,Team 1 (N/S),95,25,22,♥,finished,2026-05-18T16:35:30.318132+00:00
8348,INPROC_54D926,1,10,team2,Team 2 (E/W),27,93,17,♦,finished,2026-05-18T16:35:30.330065+00:00
8349,INPROC_047126,1,10,team1,Team 1 (N/S),68,52,8,♣,finished,2026-05-18T16:35:30.347058+00:00
8350,INPROC_B53C53,1,10,team1,Team 1 (N/S),99,21,13,♦,finished,2026-05-18T16:35:30.364470+00:00
8351,INPROC_8DFFCA,1,10,draw,draw,60,60,14,♦,finished,2026-05-18T16:35:30.382171+00:00
8352,INPROC_A0A569,1,10,team1,Team 1 (N/S),64,56,31,♠,finished,2026-05-18T16:35:30.400609+00:00
8353,INPROC_59E8E3,1,10,team1,Team 1 (N/S),69,51,39,♠,finished,2026-05-18T16:35:30.416992+00:00
8354,INPROC_E2262F,1,10,team1,Team 1 (N/S),99,21,30,♠,finished,2026-05-18T16:35:30.429245+00:00
8355,INPROC_4411CD,1,10,team2,Team 2 (E/W),52,68,25,♥,finished,2026-05-18T16:35:30.444960+00:00
8356,INPROC_AE6268,1,10,team2,Team 2 (E/W),0,120,23,♥,finished,2026-05-18T16:35:30.460500+00:00
8357,INPROC_178F1E,1,10,team1,Team 1 (N/S),62,58,38,♠,finished,2026-05-18T16:35:30.477017+00:00
8358,INPROC_3B994A,1,10,team1,Team 1 (N/S),103,17,16,♦,finished,2026-05-18T16:35:30.492978+00:00
8359,INPROC_BFB836,1,10,team2,Team 2 (E/W),10,110,29,♥,finished,2026-05-18T16:35:30.509139+00:00
8360,INPROC_E6469B,1,10,team2,Team 2 (E/W),37,83,20,♥,finished,2026-05-18T16:35:30.526996+00:00
8361,INPROC_95DB8D,1,10,team1,Team 1 (N/S),81,39,38,♠,finished,2026-05-18T16:35:30.542302+00:00
8362,INPROC_F2A507,1,10,team1,Team 1 (N/S),64,56,8,♣,finished,2026-05-18T16:35:30.557822+00:00
8363,INPROC_CB95F4,1,10,team1,Team 1 (N/S),102,18,21,♥,finished,2026-05-18T16:35:30.573583+00:00
8364,INPROC_7738C3,1,10,team2,Team 2 (E/W),53,67,36,♠,finished,2026-05-18T16:35:30.588779+00:00
8365,INPROC_1F4891,1,10,team1,Team 1 (N/S),73,47,20,♥,finished,2026-05-18T16:35:30.607110+00:00
8366,INPROC_B3B22F,1,10,team2,Team 2 (E/W),47,73,39,♠,finished,2026-05-18T16:35:30.622029+00:00
8367,INPROC_DD28E3,1,10,team1,Team 1 (N/S),79,41,27,♥,finished,2026-05-18T16:35:30.637185+00:00
8368,INPROC_DAA4D1,1,10,team1,Team 1 (N/S),80,40,21,♥,finished,2026-05-18T16:35:30.653378+00:00
8369,INPROC_95BAE3,1,10,team1,Team 1 (N/S),73,47,10,♦,finished,2026-05-18T16:35:30.669828+00:00
8370,INPROC_1E173E,1,10,team2,Team 2 (E/W),25,95,37,♠,finished,2026-05-18T16:35:30.685567+00:00
8371,INPROC_AB71B0,1,10,team1,Team 1 (N/S),90,30,12,♦,finished,2026-05-18T16:35:30.700663+00:00
8372,INPROC_31CAFA,1,10,team1,Team 1 (N/S),68,52,25,♥,finished,2026-05-18T16:35:30.719912+00:00
8373,INPROC_056C8D,1,10,team2,Team 2 (E/W),21,99,24,♥,finished,2026-05-18T16:35:30.735886+00:00
8374,INPROC_E005A5,1,10,team1,Team 1 (N/S),120,0,30,♠,finished,2026-05-18T16:35:30.755627+00:00
8375,INPROC_5AD9AF,1,10,team2,Team 2 (E/W),23,97,39,♠,finished,2026-05-18T16:35:30.774411+00:00
8376,INPROC_EECB9B,1,10,team1,Team 1 (N/S),79,41,3,♣,finished,2026-05-18T16:35:30.792737+00:00
8377,INPROC_5D89DA,1,10,team2,Team 2 (E/W),54,66,11,♦,finished,2026-05-18T16:35:30.810814+00:00
8378,INPROC_0769A5,1,10,team2,Team 2 (E/W),48,72,1,♣,finished,2026-05-18T16:35:30.826942+00:00
8379,INPROC_3671BF,1,10,team1,Team 1 (N/S),83,37,3,♣,finished,2026-05-18T16:35:30.843022+00:00
8380,INPROC_5DFCCD,1,10,team2,Team 2 (E/W),11,109,26,♥,finished,2026-05-18T16:35:30.861189+00:00
8381,INPROC_F9007F,1,10,team1,Team 1 (N/S),77,43,18,♦,finished,2026-05-18T16:35:30.874512+00:00
8382,INPROC_203629,1,10,team2,Team 2 (E/W),33,87,7,♣,finished,2026-05-18T16:35:30.887745+00:00
8383,INPROC_F7091E,1,10,team1,Team 1 (N/S),77,43,31,♠,finished,2026-05-18T16:35:30.899151+00:00
8384,INPROC_E16595,1,10,team1,Team 1 (N/S),106,14,25,♥,finished,2026-05-18T16:35:30.913222+00:00
8385,INPROC_0BD423,1,10,team2,Team 2 (E/W),57,63,36,♠,finished,2026-05-18T16:35:30.926925+00:00
8386,INPROC_B711DE,1,10,team1,Team 1 (N/S),89,31,19,♦,finished,2026-05-18T16:35:30.940945+00:00
8387,INPROC_CDEA86,1,10,team1,Team 1 (N/S),71,49,36,♠,finished,2026-05-18T16:35:30.956244+00:00
8388,INPROC_C8DA5B,1,10,team1,Team 1 (N/S),63,57,28,♥,finished,2026-05-18T16:35:30.969916+00:00
8389,INPROC_883DCA,1,10,team1,Team 1 (N/S),78,42,2,♣,finished,2026-05-18T16:35:30.983750+00:00
8390,INPROC_55FE4E,1,10,team1,Team 1 (N/S),77,43,15,♦,finished,2026-05-18T16:35:30.997088+00:00
8391,INPROC_DD2EA9,1,10,team1,Team 1 (N/S),68,52,9,♣,finished,2026-05-18T16:35:31.008872+00:00
8392,INPROC_7E3859,1,10,team1,Team 1 (N/S),102,18,36,♠,finished,2026-05-18T16:35:31.020043+00:00
8393,INPROC_B7C468,1,10,team1,Team 1 (N/S),104,16,38,♠,finished,2026-05-18T16:35:31.030454+00:00
8394,INPROC_1F8F97,1,10,team1,Team 1 (N/S),93,27,4,♣,finished,2026-05-18T16:35:31.041923+00:00
8395,INPROC_AC4EAD,1,10,team1,Team 1 (N/S),70,50,22,♥,finished,2026-05-18T16:35:31.056057+00:00
8396,INPROC_A2AA9E,1,10,team1,Team 1 (N/S),72,48,6,♣,finished,2026-05-18T16:35:31.072358+00:00
8397,INPROC_2D6842,1,10,team1,Team 1 (N/S),101,19,11,♦,finished,2026-05-18T16:35:31.089718+00:00
8398,INPROC_B68B64,1,10,team2,Team 2 (E/W),51,69,34,♠,finished,2026-05-18T16:35:31.104221+00:00
8399,INPROC_535092,1,10,team1,Team 1 (N/S),74,46,33,♠,finished,2026-05-18T16:35:31.120530+00:00
8400,INPROC_54CE1A,1,10,team1,Team 1 (N/S),68,52,11,♦,finished,2026-05-18T16:35:31.135954+00:00
8401,INPROC_285FC4,1,10,team2,Team 2 (E/W),44,76,9,♣,finished,2026-05-18T16:35:31.152480+00:00
8402,INPROC_7E8576,1,10,team1,Team 1 (N/S),75,45,13,♦,finished,2026-05-18T16:35:31.168126+00:00
8403,INPROC_D045E5,1,10,team2,Team 2 (E/W),54,66,10,♦,finished,2026-05-18T16:35:31.185576+00:00
8404,INPROC_4A70D0,1,10,team1,Team 1 (N/S),94,26,32,♠,finished,2026-05-18T16:35:31.200744+00:00
8405,INPROC_6DE685,1,10,team1,Team 1 (N/S),101,19,22,♥,finished,2026-05-18T16:35:31.216329+00:00
8406,INPROC_4A605B,1,10,team2,Team 2 (E/W),46,74,7,♣,finished,2026-05-18T16:35:31.233292+00:00
8407,INPROC_B65F0E,1,10,team1,Team 1 (N/S),83,37,24,♥,finished,2026-05-18T16:35:31.251566+00:00
8408,INPROC_611921,1,10,team1,Team 1 (N/S),78,42,17,♦,finished,2026-05-18T16:35:31.270532+00:00
8409,INPROC_3F1692,1,10,team2,Team 2 (E/W),49,71,6,♣,finished,2026-05-18T16:35:31.286134+00:00
8410,INPROC_B7E50A,1,10,team1,Team 1 (N/S),63,57,29,♥,finished,2026-05-18T16:35:31.301877+00:00
8411,INPROC_403C84,1,10,team2,Team 2 (E/W),41,79,11,♦,finished,2026-05-18T16:35:31.319664+00:00
8412,INPROC_FC6984,1,10,team2,Team 2 (E/W),58,62,24,♥,finished,2026-05-18T16:35:31.336416+00:00
8413,INPROC_5A7C71,1,10,draw,draw,60,60,18,♦,finished,2026-05-18T16:35:31.351378+00:00
8414,INPROC_BD5068,1,10,team1,Team 1 (N/S),97,23,24,♥,finished,2026-05-18T16:35:31.369025+00:00
8415,INPROC_B5D403,1,10,team1,Team 1 (N/S),85,35,27,♥,finished,2026-05-18T16:35:31.385928+00:00
8416,INPROC_6D2C5A,1,10,team1,Team 1 (N/S),70,50,38,♠,finished,2026-05-18T16:35:31.403037+00:00
8417,INPROC_70BB49,1,10,team1,Team 1 (N/S),78,42,11,♦,finished,2026-05-18T16:35:31.416408+00:00
8418,INPROC_2CC925,1,10,team1,Team 1 (N/S),86,34,27,♥,finished,2026-05-18T16:35:31.428605+00:00
8419,INPROC_CD2979,1,10,team1,Team 1 (N/S),69,51,36,♠,finished,2026-05-18T16:35:31.439985+00:00
8420,INPROC_64BD9E,1,10,team1,Team 1 (N/S),76,44,14,♦,finished,2026-05-18T16:35:31.457149+00:00
8421,INPROC_6DC65E,1,10,team1,Team 1 (N/S),75,45,7,♣,finished,2026-05-18T16:35:31.474794+00:00
8422,INPROC_B093C1,1,10,team2,Team 2 (E/W),56,64,1,♣,finished,2026-05-18T16:35:31.493108+00:00
8423,INPROC_4500A5,1,10,team1,Team 1 (N/S),62,58,24,♥,finished,2026-05-18T16:35:31.509983+00:00
8424,INPROC_EF39B7,1,10,team2,Team 2 (E/W),53,67,38,♠,finished,2026-05-18T16:35:31.527975+00:00
8425,INPROC_440870,1,10,team1,Team 1 (N/S),84,36,10,♦,finished,2026-05-18T16:35:31.541086+00:00
8426,INPROC_1CFC7C,1,10,team1,Team 1 (N/S),116,4,0,♣,finished,2026-05-18T16:35:31.558254+00:00
8427,INPROC_32FBF8,1,10,team1,Team 1 (N/S),105,15,13,♦,finished,2026-05-18T16:35:31.573433+00:00
8428,INPROC_22EE72,1,10,team2,Team 2 (E/W),54,66,30,♠,finished,2026-05-18T16:35:31.590987+00:00
8429,INPROC_7ADF0A,1,10,team2,Team 2 (E/W),43,77,37,♠,finished,2026-05-18T16:35:31.608261+00:00
8430,INPROC_BFEE2B,1,10,team1,Team 1 (N/S),76,44,28,♥,finished,2026-05-18T16:35:31.626322+00:00
8431,INPROC_954C73,1,10,team2,Team 2 (E/W),41,79,2,♣,finished,2026-05-18T16:35:31.640964+00:00
8432,INPROC_1DFF49,1,10,team1,Team 1 (N/S),76,44,36,♠,finished,2026-05-18T16:35:31.656931+00:00
8433,INPROC_E71347,1,10,team1,Team 1 (N/S),87,33,29,♥,finished,2026-05-18T16:35:31.671812+00:00
8434,INPROC_653F07,1,10,team1,Team 1 (N/S),78,42,39,♠,finished,2026-05-18T16:35:31.688102+00:00
8435,INPROC_CDC8C7,1,10,team1,Team 1 (N/S),84,36,36,♠,finished,2026-05-18T16:35:31.705293+00:00
8436,INPROC_49C1BA,1,10,team1,Team 1 (N/S),77,43,13,♦,finished,2026-05-18T16:35:31.724009+00:00
8437,INPROC_CBAE72,1,10,team1,Team 1 (N/S),73,47,19,♦,finished,2026-05-18T16:35:31.743826+00:00
8438,INPROC_FDD249,1,10,team1,Team 1 (N/S),106,14,13,♦,finished,2026-05-18T16:35:31.757634+00:00
8439,INPROC_6D90DE,1,10,team1,Team 1 (N/S),86,34,36,♠,finished,2026-05-18T16:35:31.772023+00:00
8440,INPROC_4B30A8,1,10,team1,Team 1 (N/S),91,29,2,♣,finished,2026-05-18T16:35:31.787405+00:00
8441,INPROC_742570,1,10,team1,Team 1 (N/S),83,37,26,♥,finished,2026-05-18T16:35:31.800248+00:00
8442,INPROC_6805C5,1,10,team2,Team 2 (E/W),36,84,17,♦,finished,2026-05-18T16:35:31.814541+00:00
8443,INPROC_9BDBE7,1,10,team2,Team 2 (E/W),59,61,10,♦,finished,2026-05-18T16:35:31.829370+00:00
8444,INPROC_8D27BB,1,10,team2,Team 2 (E/W),50,70,15,♦,finished,2026-05-18T16:35:31.841127+00:00
8445,INPROC_2ED927,1,10,team2,Team 2 (E/W),49,71,25,♥,finished,2026-05-18T16:35:31.857355+00:00
8446,INPROC_5EBD1F,1,10,team2,Team 2 (E/W),59,61,25,♥,finished,2026-05-18T16:35:31.873271+00:00
8447,INPROC_A0E573,1,10,team1,Team 1 (N/S),83,37,32,♠,finished,2026-05-18T16:35:31.890986+00:00
8448,INPROC_6FA731,1,10,team2,Team 2 (E/W),45,75,38,♠,finished,2026-05-18T16:35:31.906216+00:00
8449,INPROC_D3E509,1,10,team1,Team 1 (N/S),69,51,13,♦,finished,2026-05-18T16:35:31.924192+00:00
8450,INPROC_09ABBD,1,10,team2,Team 2 (E/W),19,101,30,♠,finished,2026-05-18T16:35:31.939730+00:00
8451,INPROC_8A0B8D,1,10,team2,Team 2 (E/W),49,71,39,♠,finished,2026-05-18T16:35:31.956461+00:00
8452,INPROC_B7CC97,1,10,team2,Team 2 (E/W),48,72,39,♠,finished,2026-05-18T16:35:31.971824+00:00
8453,INPROC_532757,1,10,team2,Team 2 (E/W),26,94,9,♣,finished,2026-05-18T16:35:31.987419+00:00
8454,INPROC_D8CE14,1,10,team1,Team 1 (N/S),93,27,23,♥,finished,2026-05-18T16:35:32.003776+00:00
8455,INPROC_1744BD,1,10,team1,Team 1 (N/S),82,38,16,♦,finished,2026-05-18T16:35:32.016775+00:00
8456,INPROC_99F492,1,10,team1,Team 1 (N/S),76,44,14,♦,finished,2026-05-18T16:35:32.029571+00:00
8457,INPROC_29D26F,1,10,team2,Team 2 (E/W),31,89,31,♠,finished,2026-05-18T16:35:32.044840+00:00
8458,INPROC_0E4CD7,1,10,team1,Team 1 (N/S),71,49,16,♦,finished,2026-05-18T16:35:32.056140+00:00
8459,INPROC_D4EBAA,1,10,team1,Team 1 (N/S),81,39,28,♥,finished,2026-05-18T16:35:32.070994+00:00
8460,INPROC_C4E0FC,1,10,team1,Team 1 (N/S),74,46,11,♦,finished,2026-05-18T16:35:32.087543+00:00
8461,INPROC_DE5FCE,1,10,team1,Team 1 (N/S),79,41,7,♣,finished,2026-05-18T16:35:32.102448+00:00
8462,INPROC_DC9A29,1,10,team1,Team 1 (N/S),92,28,14,♦,finished,2026-05-18T16:35:32.120310+00:00
8463,INPROC_9191E4,1,10,team1,Team 1 (N/S),96,24,22,♥,finished,2026-05-18T16:35:32.136860+00:00
8464,INPROC_AC8ACD,1,10,team1,Team 1 (N/S),65,55,6,♣,finished,2026-05-18T16:35:32.150796+00:00
8465,INPROC_3420E2,1,10,team1,Team 1 (N/S),62,58,17,♦,finished,2026-05-18T16:35:32.164755+00:00
8466,INPROC_392A6F,1,10,team2,Team 2 (E/W),34,86,8,♣,finished,2026-05-18T16:35:32.179812+00:00
8467,INPROC_20D73E,1,10,team1,Team 1 (N/S),103,17,16,♦,finished,2026-05-18T16:35:32.196524+00:00
8468,INPROC_056DFC,1,10,team2,Team 2 (E/W),41,79,4,♣,finished,2026-05-18T16:35:32.212570+00:00
8469,INPROC_7B598A,1,10,team2,Team 2 (E/W),27,93,33,♠,finished,2026-05-18T16:35:32.226449+00:00
8470,INPROC_EF3690,1,10,team1,Team 1 (N/S),68,52,20,♥,finished,2026-05-18T16:35:32.247238+00:00
8471,INPROC_4B3315,1,10,team1,Team 1 (N/S),88,32,15,♦,finished,2026-05-18T16:35:32.265528+00:00
8472,INPROC_5DD8F7,1,10,team2,Team 2 (E/W),55,65,12,♦,finished,2026-05-18T16:35:32.279109+00:00
8473,INPROC_F7D032,1,10,team2,Team 2 (E/W),53,67,32,♠,finished,2026-05-18T16:35:32.292884+00:00
8474,INPROC_413B26,1,10,team2,Team 2 (E/W),27,93,11,♦,finished,2026-05-18T16:35:32.307669+00:00
8475,INPROC_F82196,1,10,team1,Team 1 (N/S),93,27,12,♦,finished,2026-05-18T16:35:32.322613+00:00
8476,INPROC_7A8441,1,10,team2,Team 2 (E/W),55,65,29,♥,finished,2026-05-18T16:35:32.331962+00:00
8477,INPROC_9C982F,1,10,team1,Team 1 (N/S),89,31,5,♣,finished,2026-05-18T16:35:32.343213+00:00
8478,INPROC_4F4BB6,1,10,team1,Team 1 (N/S),70,50,36,♠,finished,2026-05-18T16:35:32.358020+00:00
8479,INPROC_064515,1,10,team1,Team 1 (N/S),70,50,1,♣,finished,2026-05-18T16:35:32.373573+00:00
8480,INPROC_196FA7,1,10,team2,Team 2 (E/W),50,70,31,♠,finished,2026-05-18T16:35:32.388714+00:00
8481,INPROC_83F3E4,1,10,team1,Team 1 (N/S),65,55,5,♣,finished,2026-05-18T16:35:32.402781+00:00
8482,INPROC_5A1DCE,1,10,team1,Team 1 (N/S),80,40,13,♦,finished,2026-05-18T16:35:32.412919+00:00
8483,INPROC_85CABD,1,10,team1,Team 1 (N/S),66,54,22,♥,finished,2026-05-18T16:35:32.424801+00:00
8484,INPROC_7B4CD7,1,10,team1,Team 1 (N/S),63,57,4,♣,finished,2026-05-18T16:35:32.438388+00:00
8485,INPROC_A3CEBC,1,10,team1,Team 1 (N/S),91,29,39,♠,finished,2026-05-18T16:35:32.453024+00:00
8486,INPROC_FBB393,1,10,team1,Team 1 (N/S),89,31,32,♠,finished,2026-05-18T16:35:32.461980+00:00
8487,INPROC_E56CD4,1,10,team1,Team 1 (N/S),71,49,4,♣,finished,2026-05-18T16:35:32.473790+00:00
8488,INPROC_CBC2E7,1,10,team2,Team 2 (E/W),47,73,34,♠,finished,2026-05-18T16:35:32.487270+00:00
8489,INPROC_0EEEFC,1,10,team2,Team 2 (E/W),46,74,0,♣,finished,2026-05-18T16:35:32.502292+00:00
8490,INPROC_82F00A,1,10,team2,Team 2 (E/W),43,77,35,♠,finished,2026-05-18T16:35:32.517505+00:00
8491,INPROC_038945,1,10,team2,Team 2 (E/W),56,64,0,♣,finished,2026-05-18T16:35:32.531836+00:00
8492,INPROC_7F912D,1,10,team2,Team 2 (E/W),52,68,34,♠,finished,2026-05-18T16:35:32.545918+00:00
8493,INPROC_50CAC4,1,10,team2,Team 2 (E/W),43,77,6,♣,finished,2026-05-18T16:35:32.555400+00:00
8494,INPROC_EC6572,1,10,team2,Team 2 (E/W),46,74,8,♣,finished,2026-05-18T16:35:32.567861+00:00
8495,INPROC_8E3B68,1,10,team2,Team 2 (E/W),37,83,0,♣,finished,2026-05-18T16:35:32.582850+00:00
8496,INPROC_4DF89B,1,10,team1,Team 1 (N/S),81,39,27,♥,finished,2026-05-18T16:35:32.596932+00:00
8497,INPROC_FFFDD0,1,10,team1,Team 1 (N/S),104,16,11,♦,finished,2026-05-18T16:35:32.611388+00:00
8498,INPROC_7AD86E,1,10,team1,Team 1 (N/S),95,25,17,♦,finished,2026-05-18T16:35:32.623490+00:00
8499,INPROC_1C2050,1,10,team1,Team 1 (N/S),68,52,35,♠,finished,2026-05-18T16:35:32.637573+00:00
8500,INPROC_8F5F97,1,10,team1,Team 1 (N/S),66,54,30,♠,finished,2026-05-18T16:35:32.650037+00:00
8501,INPROC_CDA37C,1,10,team2,Team 2 (E/W),54,66,10,♦,finished,2026-05-18T16:35:32.663457+00:00
8502,INPROC_D3A199,1,10,team1,Team 1 (N/S),80,40,11,♦,finished,2026-05-18T16:35:32.678382+00:00
8503,INPROC_1E1ACE,1,10,team1,Team 1 (N/S),113,7,35,♠,finished,2026-05-18T16:35:32.692491+00:00
8504,INPROC_044966,1,10,team1,Team 1 (N/S),72,48,38,♠,finished,2026-05-18T16:35:32.706325+00:00
8505,INPROC_3C53C0,1,10,team2,Team 2 (E/W),32,88,35,♠,finished,2026-05-18T16:35:32.719444+00:00
8506,INPROC_2D479E,1,10,team1,Team 1 (N/S),87,33,6,♣,finished,2026-05-18T16:35:32.731703+00:00
8507,INPROC_B5D68D,1,10,team1,Team 1 (N/S),91,29,5,♣,finished,2026-05-18T16:35:32.744797+00:00
8508,INPROC_FFDEB3,1,10,team1,Team 1 (N/S),95,25,20,♥,finished,2026-05-18T16:35:32.759559+00:00
8509,INPROC_6B6CF4,1,10,team1,Team 1 (N/S),87,33,27,♥,finished,2026-05-18T16:35:32.776408+00:00
8510,INPROC_538689,1,10,team1,Team 1 (N/S),72,48,25,♥,finished,2026-05-18T16:35:32.791828+00:00
8511,INPROC_436F23,1,10,team2,Team 2 (E/W),55,65,15,♦,finished,2026-05-18T16:35:32.806135+00:00
8512,INPROC_929CDF,1,10,team1,Team 1 (N/S),79,41,14,♦,finished,2026-05-18T16:35:32.821585+00:00
8513,INPROC_0FAE53,1,10,team1,Team 1 (N/S),87,33,2,♣,finished,2026-05-18T16:35:32.835567+00:00
8514,INPROC_45C37D,1,10,team1,Team 1 (N/S),66,54,14,♦,finished,2026-05-18T16:35:32.848163+00:00
8515,INPROC_3608A5,1,10,team1,Team 1 (N/S),61,59,7,♣,finished,2026-05-18T16:35:32.859576+00:00
8516,INPROC_2687ED,1,10,team2,Team 2 (E/W),41,79,6,♣,finished,2026-05-18T16:35:32.872566+00:00
8517,INPROC_C6B53A,1,10,team1,Team 1 (N/S),101,19,36,♠,finished,2026-05-18T16:35:32.887946+00:00
8518,INPROC_A73C8C,1,10,team2,Team 2 (E/W),50,70,34,♠,finished,2026-05-18T16:35:32.903823+00:00
8519,INPROC_A1272A,1,10,team1,Team 1 (N/S),63,57,14,♦,finished,2026-05-18T16:35:32.918603+00:00
8520,INPROC_077D23,1,10,team2,Team 2 (E/W),55,65,25,♥,finished,2026-05-18T16:35:32.933110+00:00
8521,INPROC_AA4156,1,10,team1,Team 1 (N/S),93,27,9,♣,finished,2026-05-18T16:35:32.946897+00:00
8522,INPROC_9BD290,1,10,team1,Team 1 (N/S),81,39,7,♣,finished,2026-05-18T16:35:32.957794+00:00
8523,INPROC_B0F887,1,10,team1,Team 1 (N/S),61,59,11,♦,finished,2026-05-18T16:35:32.971337+00:00
8524,INPROC_CF7A82,1,10,team2,Team 2 (E/W),56,64,23,♥,finished,2026-05-18T16:35:32.986194+00:00
8525,INPROC_FBEC10,1,10,team1,Team 1 (N/S),87,33,3,♣,finished,2026-05-18T16:35:33.000549+00:00
8526,INPROC_D9EF6C,1,10,team1,Team 1 (N/S),77,43,39,♠,finished,2026-05-18T16:35:33.015560+00:00
8527,INPROC_970FE6,1,10,team1,Team 1 (N/S),75,45,16,♦,finished,2026-05-18T16:35:33.024973+00:00
8528,INPROC_864A46,1,10,team2,Team 2 (E/W),31,89,9,♣,finished,2026-05-18T16:35:33.034643+00:00
8529,INPROC_96875C,1,10,team2,Team 2 (E/W),33,87,37,♠,finished,2026-05-18T16:35:33.043801+00:00
8530,INPROC_7077E5,1,10,team1,Team 1 (N/S),61,59,8,♣,finished,2026-05-18T16:35:33.056490+00:00
8531,INPROC_51652F,1,10,team1,Team 1 (N/S),95,25,13,♦,finished,2026-05-18T16:35:33.070583+00:00
8532,INPROC_210F73,1,10,team2,Team 2 (E/W),37,83,33,♠,finished,2026-05-18T16:35:33.087706+00:00
8533,INPROC_4374B0,1,10,team2,Team 2 (E/W),51,69,12,♦,finished,2026-05-18T16:35:33.102996+00:00
8534,INPROC_4064C0,1,10,team1,Team 1 (N/S),74,46,29,♥,finished,2026-05-18T16:35:33.118754+00:00
8535,INPROC_61BA12,1,10,team2,Team 2 (E/W),57,63,34,♠,finished,2026-05-18T16:35:33.134738+00:00
8536,INPROC_0770D2,1,10,team2,Team 2 (E/W),59,61,13,♦,finished,2026-05-18T16:35:33.149271+00:00
8537,INPROC_C95929,1,10,team1,Team 1 (N/S),75,45,15,♦,finished,2026-05-18T16:35:33.158782+00:00
8538,INPROC_9B1429,1,10,team1,Team 1 (N/S),104,16,17,♦,finished,2026-05-18T16:35:33.169322+00:00
8539,INPROC_0CDBEE,1,10,team1,Team 1 (N/S),62,58,29,♥,finished,2026-05-18T16:35:33.180179+00:00
8540,INPROC_B99A4B,1,10,team1,Team 1 (N/S),83,37,6,♣,finished,2026-05-18T16:35:33.194979+00:00
8541,INPROC_F9533B,1,10,team2,Team 2 (E/W),50,70,6,♣,finished,2026-05-18T16:35:33.208614+00:00
8542,INPROC_E49671,1,10,team1,Team 1 (N/S),65,55,24,♥,finished,2026-05-18T16:35:33.223258+00:00
8543,INPROC_6AE836,1,10,team1,Team 1 (N/S),62,58,27,♥,finished,2026-05-18T16:35:33.241883+00:00
8544,INPROC_A870EC,1,10,team1,Team 1 (N/S),61,59,11,♦,finished,2026-05-18T16:35:33.261993+00:00
8545,INPROC_16677E,1,10,team1,Team 1 (N/S),63,57,39,♠,finished,2026-05-18T16:35:33.279852+00:00
8546,INPROC_5E156C,1,10,team1,Team 1 (N/S),78,42,38,♠,finished,2026-05-18T16:35:33.296198+00:00
8547,INPROC_538D66,1,10,team1,Team 1 (N/S),88,32,20,♥,finished,2026-05-18T16:35:33.312759+00:00
8548,INPROC_AE9628,1,10,team1,Team 1 (N/S),70,50,30,♠,finished,2026-05-18T16:35:33.329663+00:00
8549,INPROC_E947F0,1,10,team1,Team 1 (N/S),63,57,35,♠,finished,2026-05-18T16:35:33.346132+00:00
8550,INPROC_45E662,1,10,team1,Team 1 (N/S),73,47,21,♥,finished,2026-05-18T16:35:33.361641+00:00
8551,INPROC_30E4FD,1,10,team1,Team 1 (N/S),99,21,11,♦,finished,2026-05-18T16:35:33.381569+00:00
8552,INPROC_503FF8,1,10,team1,Team 1 (N/S),96,24,31,♠,finished,2026-05-18T16:35:33.398089+00:00
8553,INPROC_F0C9B0,1,10,team1,Team 1 (N/S),95,25,16,♦,finished,2026-05-18T16:35:33.412635+00:00
8554,INPROC_90EE48,1,10,team2,Team 2 (E/W),37,83,4,♣,finished,2026-05-18T16:35:33.425788+00:00
8555,INPROC_7B3AAD,1,10,team1,Team 1 (N/S),67,53,39,♠,finished,2026-05-18T16:35:33.440378+00:00
8556,INPROC_7E2BBC,1,10,team1,Team 1 (N/S),108,12,2,♣,finished,2026-05-18T16:35:33.456459+00:00
8557,INPROC_C3949F,1,10,team1,Team 1 (N/S),68,52,11,♦,finished,2026-05-18T16:35:33.473171+00:00
8558,INPROC_584264,1,10,team1,Team 1 (N/S),83,37,27,♥,finished,2026-05-18T16:35:33.492154+00:00
8559,INPROC_5DA18F,1,10,team1,Team 1 (N/S),64,56,25,♥,finished,2026-05-18T16:35:33.506708+00:00
8560,INPROC_9E6159,1,10,team2,Team 2 (E/W),27,93,25,♥,finished,2026-05-18T16:35:33.520243+00:00
8561,INPROC_77D08E,1,10,team1,Team 1 (N/S),68,52,16,♦,finished,2026-05-18T16:35:33.535004+00:00
8562,INPROC_373706,1,10,team1,Team 1 (N/S),91,29,37,♠,finished,2026-05-18T16:35:33.551764+00:00
8563,INPROC_F036F9,1,10,team1,Team 1 (N/S),98,22,25,♥,finished,2026-05-18T16:35:33.565950+00:00
8564,INPROC_6FBF16,1,10,team1,Team 1 (N/S),78,42,4,♣,finished,2026-05-18T16:35:33.580822+00:00
8565,INPROC_9382AB,1,10,team2,Team 2 (E/W),46,74,2,♣,finished,2026-05-18T16:35:33.596883+00:00
8566,INPROC_01D5FB,1,10,team1,Team 1 (N/S),88,32,14,♦,finished,2026-05-18T16:35:33.611186+00:00
8567,INPROC_BAC9D9,1,10,team1,Team 1 (N/S),73,47,22,♥,finished,2026-05-18T16:35:33.627283+00:00
8568,INPROC_295554,1,10,team2,Team 2 (E/W),46,74,2,♣,finished,2026-05-18T16:35:33.636604+00:00
8569,INPROC_D9E626,1,10,team1,Team 1 (N/S),92,28,30,♠,finished,2026-05-18T16:35:33.646263+00:00
8570,INPROC_11B5CE,1,10,team1,Team 1 (N/S),74,46,38,♠,finished,2026-05-18T16:35:33.655845+00:00
8571,INPROC_320884,1,10,team1,Team 1 (N/S),77,43,4,♣,finished,2026-05-18T16:35:33.667403+00:00
8572,INPROC_85A0E2,1,10,team2,Team 2 (E/W),22,98,17,♦,finished,2026-05-18T16:35:33.680102+00:00
8573,INPROC_8716F1,1,10,team1,Team 1 (N/S),73,47,6,♣,finished,2026-05-18T16:35:33.694174+00:00
8574,INPROC_B2D75A,1,10,team2,Team 2 (E/W),43,77,25,♥,finished,2026-05-18T16:35:33.705413+00:00
8575,INPROC_B1EAA7,1,10,team2,Team 2 (E/W),29,91,0,♣,finished,2026-05-18T16:35:33.715672+00:00
8576,INPROC_4396C7,1,10,team1,Team 1 (N/S),70,50,7,♣,finished,2026-05-18T16:35:33.730274+00:00
8577,INPROC_AFB254,1,10,team1,Team 1 (N/S),66,54,24,♥,finished,2026-05-18T16:35:33.745511+00:00
8578,INPROC_A21E5A,1,10,team2,Team 2 (E/W),20,100,18,♦,finished,2026-05-18T16:35:33.758800+00:00
8579,INPROC_577411,1,10,team1,Team 1 (N/S),83,37,14,♦,finished,2026-05-18T16:35:33.772863+00:00
8580,INPROC_EB207D,1,10,team2,Team 2 (E/W),58,62,13,♦,finished,2026-05-18T16:35:33.781597+00:00
8581,INPROC_290F22,1,10,team2,Team 2 (E/W),43,77,28,♥,finished,2026-05-18T16:35:33.794172+00:00
8582,INPROC_ABF862,1,10,team1,Team 1 (N/S),67,53,24,♥,finished,2026-05-18T16:35:33.808252+00:00
8583,INPROC_D102AE,1,10,team1,Team 1 (N/S),68,52,19,♦,finished,2026-05-18T16:35:33.816772+00:00
8584,INPROC_4EEF3E,1,10,team2,Team 2 (E/W),51,69,11,♦,finished,2026-05-18T16:35:33.834435+00:00
8585,INPROC_F811E7,1,10,team1,Team 1 (N/S),113,7,23,♥,finished,2026-05-18T16:35:33.849159+00:00
8586,INPROC_FA72F1,1,10,team2,Team 2 (E/W),25,95,38,♠,finished,2026-05-18T16:35:33.863972+00:00
8587,INPROC_93581C,1,10,team1,Team 1 (N/S),84,36,3,♣,finished,2026-05-18T16:35:33.877657+00:00
8588,INPROC_C15163,1,10,team2,Team 2 (E/W),9,111,38,♠,finished,2026-05-18T16:35:33.891209+00:00
8589,INPROC_D0B965,1,10,team1,Team 1 (N/S),73,47,2,♣,finished,2026-05-18T16:35:33.900842+00:00
8590,INPROC_E179B3,1,10,team1,Team 1 (N/S),74,46,10,♦,finished,2026-05-18T16:35:33.911036+00:00
8591,INPROC_7979AB,1,10,team1,Team 1 (N/S),95,25,0,♣,finished,2026-05-18T16:35:33.922036+00:00
8592,INPROC_01EC7F,1,10,team1,Team 1 (N/S),93,27,13,♦,finished,2026-05-18T16:35:33.930749+00:00
8593,INPROC_BE835D,1,10,team2,Team 2 (E/W),53,67,29,♥,finished,2026-05-18T16:35:33.942118+00:00
8594,INPROC_15359A,1,10,team1,Team 1 (N/S),94,26,13,♦,finished,2026-05-18T16:35:33.952782+00:00
8595,INPROC_4D7726,1,10,team1,Team 1 (N/S),61,59,35,♠,finished,2026-05-18T16:35:33.962989+00:00
8596,INPROC_DBEDBF,1,10,draw,draw,60,60,1,♣,finished,2026-05-18T16:35:33.974901+00:00
8597,INPROC_C40E46,1,10,team1,Team 1 (N/S),79,41,37,♠,finished,2026-05-18T16:35:33.986722+00:00
8598,INPROC_E91914,1,10,team2,Team 2 (E/W),51,69,39,♠,finished,2026-05-18T16:35:33.997245+00:00
8599,INPROC_15E467,1,10,team2,Team 2 (E/W),34,86,0,♣,finished,2026-05-18T16:35:34.009256+00:00
8600,INPROC_56F082,1,10,team1,Team 1 (N/S),79,41,24,♥,finished,2026-05-18T16:35:34.020446+00:00
8601,INPROC_322CED,1,10,team1,Team 1 (N/S),79,41,32,♠,finished,2026-05-18T16:35:34.035490+00:00
8602,INPROC_FFDC4D,1,10,team2,Team 2 (E/W),48,72,4,♣,finished,2026-05-18T16:35:34.049018+00:00
8603,INPROC_70D564,1,10,team1,Team 1 (N/S),104,16,8,♣,finished,2026-05-18T16:35:34.059309+00:00
8604,INPROC_3BA9AC,1,10,team2,Team 2 (E/W),44,76,17,♦,finished,2026-05-18T16:35:34.075284+00:00
8605,INPROC_F43452,1,10,team1,Team 1 (N/S),91,29,11,♦,finished,2026-05-18T16:35:34.089125+00:00
8606,INPROC_FC6E97,1,10,team1,Team 1 (N/S),71,49,23,♥,finished,2026-05-18T16:35:34.102063+00:00
8607,INPROC_B97F52,1,10,team1,Team 1 (N/S),78,42,36,♠,finished,2026-05-18T16:35:34.113741+00:00
8608,INPROC_FDA026,1,10,team2,Team 2 (E/W),58,62,11,♦,finished,2026-05-18T16:35:34.131700+00:00
8609,INPROC_D0FCC0,1,10,team2,Team 2 (E/W),34,86,24,♥,finished,2026-05-18T16:35:34.146504+00:00
8610,INPROC_9B5F17,1,10,team1,Team 1 (N/S),70,50,19,♦,finished,2026-05-18T16:35:34.162626+00:00
8611,INPROC_8C2A11,1,10,team2,Team 2 (E/W),51,69,17,♦,finished,2026-05-18T16:35:34.175448+00:00
8612,INPROC_622C4E,1,10,team2,Team 2 (E/W),30,90,35,♠,finished,2026-05-18T16:35:34.190275+00:00
8613,INPROC_78FD4E,1,10,team1,Team 1 (N/S),66,54,32,♠,finished,2026-05-18T16:35:34.200984+00:00
8614,INPROC_273650,1,10,team1,Team 1 (N/S),83,37,34,♠,finished,2026-05-18T16:35:34.212972+00:00
8615,INPROC_B6ED31,1,10,team1,Team 1 (N/S),87,33,17,♦,finished,2026-05-18T16:35:34.228481+00:00
8616,INPROC_E0A32A,1,10,team1,Team 1 (N/S),71,49,4,♣,finished,2026-05-18T16:35:34.241964+00:00
8617,INPROC_D47C34,1,10,team1,Team 1 (N/S),86,34,39,♠,finished,2026-05-18T16:35:34.253513+00:00
8618,INPROC_87CEF3,1,10,team2,Team 2 (E/W),58,62,9,♣,finished,2026-05-18T16:35:34.263287+00:00
8619,INPROC_0BE722,1,10,team1,Team 1 (N/S),63,57,24,♥,finished,2026-05-18T16:35:34.273453+00:00
8620,INPROC_3E375B,1,10,team1,Team 1 (N/S),89,31,34,♠,finished,2026-05-18T16:35:34.284373+00:00
8621,INPROC_C4D417,1,10,team2,Team 2 (E/W),23,97,14,♦,finished,2026-05-18T16:35:34.295506+00:00
8622,INPROC_30105A,1,10,team1,Team 1 (N/S),69,51,3,♣,finished,2026-05-18T16:35:34.305994+00:00
8623,INPROC_A88C23,1,10,team2,Team 2 (E/W),40,80,26,♥,finished,2026-05-18T16:35:34.317361+00:00
8624,INPROC_293904,1,10,team1,Team 1 (N/S),87,33,2,♣,finished,2026-05-18T16:35:34.333279+00:00
8625,INPROC_6E647F,1,10,team1,Team 1 (N/S),74,46,21,♥,finished,2026-05-18T16:35:34.347141+00:00
8626,INPROC_4D15BE,1,10,team2,Team 2 (E/W),56,64,21,♥,finished,2026-05-18T16:35:34.357799+00:00
8627,INPROC_DDFE2B,1,10,team1,Team 1 (N/S),72,48,39,♠,finished,2026-05-18T16:35:34.368609+00:00
8628,INPROC_389913,1,10,team1,Team 1 (N/S),72,48,39,♠,finished,2026-05-18T16:35:34.384441+00:00
8629,INPROC_474DE1,1,10,team1,Team 1 (N/S),85,35,16,♦,finished,2026-05-18T16:35:34.398739+00:00
8630,INPROC_E02D8B,1,10,team1,Team 1 (N/S),76,44,17,♦,finished,2026-05-18T16:35:34.416619+00:00
8631,INPROC_8988E7,1,10,team2,Team 2 (E/W),40,80,36,♠,finished,2026-05-18T16:35:34.430075+00:00
8632,INPROC_3FCD6F,1,10,team1,Team 1 (N/S),83,37,35,♠,finished,2026-05-18T16:35:34.445085+00:00
8633,INPROC_86C953,1,10,team1,Team 1 (N/S),72,48,10,♦,finished,2026-05-18T16:35:34.456072+00:00
8634,INPROC_DDA935,1,10,team1,Team 1 (N/S),107,13,7,♣,finished,2026-05-18T16:35:34.466566+00:00
8635,INPROC_29C102,1,10,team1,Team 1 (N/S),63,57,36,♠,finished,2026-05-18T16:35:34.481753+00:00
8636,INPROC_C06002,1,10,team2,Team 2 (E/W),56,64,13,♦,finished,2026-05-18T16:35:34.494120+00:00
8637,INPROC_B11670,1,10,team2,Team 2 (E/W),33,87,22,♥,finished,2026-05-18T16:35:34.508729+00:00
8638,INPROC_4F1EC1,1,10,team1,Team 1 (N/S),66,54,35,♠,finished,2026-05-18T16:35:34.526238+00:00
8639,INPROC_4A4EFA,1,10,team2,Team 2 (E/W),50,70,33,♠,finished,2026-05-18T16:35:34.540379+00:00
8640,INPROC_885B45,1,10,team1,Team 1 (N/S),96,24,35,♠,finished,2026-05-18T16:35:34.554900+00:00
8641,INPROC_408F7C,1,10,team2,Team 2 (E/W),51,69,38,♠,finished,2026-05-18T16:35:34.571821+00:00
8642,INPROC_110762,1,10,team2,Team 2 (E/W),48,72,33,♠,finished,2026-05-18T16:35:34.587115+00:00
8643,INPROC_3CD7DB,1,10,team2,Team 2 (E/W),39,81,5,♣,finished,2026-05-18T16:35:34.600298+00:00
8644,INPROC_9ED316,1,10,team1,Team 1 (N/S),70,50,15,♦,finished,2026-05-18T16:35:34.613331+00:00
8645,INPROC_F0951E,1,10,team1,Team 1 (N/S),117,3,31,♠,finished,2026-05-18T16:35:34.629465+00:00
8646,INPROC_320C9A,1,10,team2,Team 2 (E/W),37,83,6,♣,finished,2026-05-18T16:35:34.644927+00:00
8647,INPROC_E941EB,1,10,team2,Team 2 (E/W),26,94,36,♠,finished,2026-05-18T16:35:34.659570+00:00
8648,INPROC_29579F,1,10,team1,Team 1 (N/S),101,19,22,♥,finished,2026-05-18T16:35:34.673177+00:00
8649,INPROC_FD5AE6,1,10,team1,Team 1 (N/S),96,24,32,♠,finished,2026-05-18T16:35:34.687328+00:00
8650,INPROC_17D8FB,1,10,team1,Team 1 (N/S),85,35,10,♦,finished,2026-05-18T16:35:34.700892+00:00
8651,INPROC_11D810,1,10,team1,Team 1 (N/S),87,33,11,♦,finished,2026-05-18T16:35:34.714205+00:00
8652,INPROC_43FD59,1,10,team2,Team 2 (E/W),53,67,11,♦,finished,2026-05-18T16:35:34.726245+00:00
8653,INPROC_686DA2,1,10,team1,Team 1 (N/S),74,46,5,♣,finished,2026-05-18T16:35:34.741830+00:00
8654,INPROC_443FC0,1,10,team1,Team 1 (N/S),92,28,1,♣,finished,2026-05-18T16:35:34.756343+00:00
8655,INPROC_8D64B7,1,10,team1,Team 1 (N/S),101,19,30,♠,finished,2026-05-18T16:35:34.772342+00:00
8656,INPROC_7C9D91,1,10,team1,Team 1 (N/S),110,10,24,♥,finished,2026-05-18T16:35:34.787119+00:00
8657,INPROC_B250B0,1,10,team1,Team 1 (N/S),91,29,33,♠,finished,2026-05-18T16:35:34.803172+00:00
8658,INPROC_3D5CB5,1,10,team1,Team 1 (N/S),65,55,15,♦,finished,2026-05-18T16:35:34.819812+00:00
8659,INPROC_024E16,1,10,team1,Team 1 (N/S),77,43,31,♠,finished,2026-05-18T16:35:34.834949+00:00
8660,INPROC_CBEA0F,1,10,team2,Team 2 (E/W),32,88,14,♦,finished,2026-05-18T16:35:34.851992+00:00
8661,INPROC_B99A5F,1,10,team1,Team 1 (N/S),74,46,30,♠,finished,2026-05-18T16:35:34.867738+00:00
8662,INPROC_CD46C0,1,10,team1,Team 1 (N/S),113,7,0,♣,finished,2026-05-18T16:35:34.883911+00:00
8663,INPROC_FFCA15,1,10,team1,Team 1 (N/S),106,14,10,♦,finished,2026-05-18T16:35:34.901326+00:00
8664,INPROC_8BDD90,1,10,team1,Team 1 (N/S),94,26,20,♥,finished,2026-05-18T16:35:34.917624+00:00
8665,INPROC_A3EDD4,1,10,team2,Team 2 (E/W),18,102,16,♦,finished,2026-05-18T16:35:34.932312+00:00
8666,INPROC_AF4B4E,1,10,team2,Team 2 (E/W),21,99,1,♣,finished,2026-05-18T16:35:34.948090+00:00
8667,INPROC_81A8A5,1,10,team2,Team 2 (E/W),46,74,7,♣,finished,2026-05-18T16:35:34.965427+00:00
8668,INPROC_24969D,1,10,team2,Team 2 (E/W),45,75,15,♦,finished,2026-05-18T16:35:34.980448+00:00
8669,INPROC_7C9180,1,10,team1,Team 1 (N/S),73,47,37,♠,finished,2026-05-18T16:35:34.995538+00:00
8670,INPROC_A66EDA,1,10,team2,Team 2 (E/W),29,91,0,♣,finished,2026-05-18T16:35:35.010203+00:00
8671,INPROC_653A47,1,10,team1,Team 1 (N/S),77,43,0,♣,finished,2026-05-18T16:35:35.025849+00:00
8672,INPROC_8EA581,1,10,team1,Team 1 (N/S),105,15,18,♦,finished,2026-05-18T16:35:35.040402+00:00
8673,INPROC_2B470E,1,10,team1,Team 1 (N/S),101,19,10,♦,finished,2026-05-18T16:35:35.056137+00:00
8674,INPROC_468A29,1,10,team2,Team 2 (E/W),43,77,37,♠,finished,2026-05-18T16:35:35.073155+00:00
8675,INPROC_C3C4B0,1,10,team1,Team 1 (N/S),117,3,5,♣,finished,2026-05-18T16:35:35.088559+00:00
8676,INPROC_90DBA1,1,10,team1,Team 1 (N/S),64,56,38,♠,finished,2026-05-18T16:35:35.105591+00:00
8677,INPROC_0C3ACC,1,10,team2,Team 2 (E/W),46,74,34,♠,finished,2026-05-18T16:35:35.119818+00:00
8678,INPROC_6DD02E,1,10,team2,Team 2 (E/W),35,85,38,♠,finished,2026-05-18T16:35:35.134295+00:00
8679,INPROC_FAC84D,1,10,team1,Team 1 (N/S),79,41,7,♣,finished,2026-05-18T16:35:35.154444+00:00
8680,INPROC_8DCA6B,1,10,team1,Team 1 (N/S),66,54,34,♠,finished,2026-05-18T16:35:35.168826+00:00
8681,INPROC_FA7777,1,10,team1,Team 1 (N/S),70,50,17,♦,finished,2026-05-18T16:35:35.183037+00:00
8682,INPROC_3DB6B4,1,10,team2,Team 2 (E/W),22,98,12,♦,finished,2026-05-18T16:35:35.198630+00:00
8683,INPROC_C944B5,1,10,team2,Team 2 (E/W),32,88,19,♦,finished,2026-05-18T16:35:35.216365+00:00
8684,INPROC_AC9C28,1,10,team2,Team 2 (E/W),30,90,38,♠,finished,2026-05-18T16:35:35.229632+00:00
8685,INPROC_DD0C70,1,10,team2,Team 2 (E/W),58,62,30,♠,finished,2026-05-18T16:35:35.242886+00:00
8686,INPROC_4A2C8B,1,10,team1,Team 1 (N/S),74,46,31,♠,finished,2026-05-18T16:35:35.256860+00:00
8687,INPROC_6E716A,1,10,team1,Team 1 (N/S),66,54,35,♠,finished,2026-05-18T16:35:35.270958+00:00
8688,INPROC_BFEC5A,1,10,team1,Team 1 (N/S),81,39,17,♦,finished,2026-05-18T16:35:35.280236+00:00
8689,INPROC_43B61B,1,10,team2,Team 2 (E/W),48,72,12,♦,finished,2026-05-18T16:35:35.291088+00:00
8690,INPROC_B28051,1,10,team1,Team 1 (N/S),105,15,22,♥,finished,2026-05-18T16:35:35.301945+00:00
8691,INPROC_C45E9B,1,10,team1,Team 1 (N/S),67,53,12,♦,finished,2026-05-18T16:35:35.316412+00:00
8692,INPROC_787C19,1,10,team2,Team 2 (E/W),49,71,16,♦,finished,2026-05-18T16:35:35.330457+00:00
8693,INPROC_BFA624,1,10,team1,Team 1 (N/S),72,48,7,♣,finished,2026-05-18T16:35:35.344133+00:00
8694,INPROC_4AD843,1,10,team1,Team 1 (N/S),93,27,20,♥,finished,2026-05-18T16:35:35.354786+00:00
8695,INPROC_38C142,1,10,team2,Team 2 (E/W),53,67,36,♠,finished,2026-05-18T16:35:35.368984+00:00
8696,INPROC_80021F,1,10,team1,Team 1 (N/S),78,42,36,♠,finished,2026-05-18T16:35:35.383833+00:00
8697,INPROC_5F925E,1,10,team1,Team 1 (N/S),67,53,33,♠,finished,2026-05-18T16:35:35.399053+00:00
8698,INPROC_5E7716,1,10,team1,Team 1 (N/S),69,51,11,♦,finished,2026-05-18T16:35:35.411277+00:00
8699,INPROC_F92F54,1,10,team2,Team 2 (E/W),59,61,19,♦,finished,2026-05-18T16:35:35.424430+00:00
8700,INPROC_783A4D,1,10,team2,Team 2 (E/W),42,78,17,♦,finished,2026-05-18T16:35:35.437574+00:00
8701,INPROC_C2CC36,1,10,team1,Team 1 (N/S),81,39,19,♦,finished,2026-05-18T16:35:35.450265+00:00
8702,INPROC_74B173,1,10,team1,Team 1 (N/S),68,52,39,♠,finished,2026-05-18T16:35:35.464923+00:00
8703,INPROC_DB3769,1,10,team2,Team 2 (E/W),51,69,2,♣,finished,2026-05-18T16:35:35.476570+00:00
8704,INPROC_7FC7DE,1,10,team1,Team 1 (N/S),72,48,22,♥,finished,2026-05-18T16:35:35.489771+00:00
8705,INPROC_DCE451,1,10,team2,Team 2 (E/W),58,62,17,♦,finished,2026-05-18T16:35:35.504509+00:00
8706,INPROC_BB3FA9,1,10,team2,Team 2 (E/W),37,83,9,♣,finished,2026-05-18T16:35:35.517004+00:00
8707,INPROC_3E8643,1,10,team2,Team 2 (E/W),57,63,5,♣,finished,2026-05-18T16:35:35.532223+00:00
8708,INPROC_347FA0,1,10,team1,Team 1 (N/S),82,38,24,♥,finished,2026-05-18T16:35:35.547162+00:00
8709,INPROC_E903A9,1,10,team1,Team 1 (N/S),83,37,10,♦,finished,2026-05-18T16:35:35.564753+00:00
8710,INPROC_E8F35A,1,10,team1,Team 1 (N/S),72,48,33,♠,finished,2026-05-18T16:35:35.579757+00:00
8711,INPROC_EF1905,1,10,team1,Team 1 (N/S),113,7,17,♦,finished,2026-05-18T16:35:35.597387+00:00
8712,INPROC_0C6E3F,1,10,team2,Team 2 (E/W),57,63,37,♠,finished,2026-05-18T16:35:35.614828+00:00
8713,INPROC_28E117,1,10,team2,Team 2 (E/W),25,95,39,♠,finished,2026-05-18T16:35:35.631073+00:00
8714,INPROC_378169,1,10,team1,Team 1 (N/S),68,52,22,♥,finished,2026-05-18T16:35:35.647373+00:00
8715,INPROC_7186FA,1,10,team1,Team 1 (N/S),73,47,16,♦,finished,2026-05-18T16:35:35.661515+00:00
8716,INPROC_6601B1,1,10,team2,Team 2 (E/W),29,91,35,♠,finished,2026-05-18T16:35:35.676032+00:00
8717,INPROC_AB1C43,1,10,team1,Team 1 (N/S),99,21,15,♦,finished,2026-05-18T16:35:35.692200+00:00
8718,INPROC_864ECA,1,10,team2,Team 2 (E/W),52,68,36,♠,finished,2026-05-18T16:35:35.707146+00:00
8719,INPROC_F3A710,1,10,team1,Team 1 (N/S),75,45,1,♣,finished,2026-05-18T16:35:35.723188+00:00
8720,INPROC_E83EC0,1,10,draw,draw,60,60,17,♦,finished,2026-05-18T16:35:35.736829+00:00
8721,INPROC_6A70FC,1,10,team2,Team 2 (E/W),37,83,30,♠,finished,2026-05-18T16:35:35.752093+00:00
8722,INPROC_3381EA,1,10,team1,Team 1 (N/S),89,31,34,♠,finished,2026-05-18T16:35:35.769219+00:00
8723,INPROC_C6344D,1,10,team2,Team 2 (E/W),32,88,31,♠,finished,2026-05-18T16:35:35.782625+00:00
8724,INPROC_D45D59,1,10,team1,Team 1 (N/S),77,43,26,♥,finished,2026-05-18T16:35:35.798002+00:00
8725,INPROC_095771,1,10,team2,Team 2 (E/W),35,85,24,♥,finished,2026-05-18T16:35:35.813267+00:00
8726,INPROC_EC8E17,1,10,team2,Team 2 (E/W),19,101,18,♦,finished,2026-05-18T16:35:35.828271+00:00
8727,INPROC_6929B2,1,10,team1,Team 1 (N/S),76,44,19,♦,finished,2026-05-18T16:35:35.842711+00:00
8728,INPROC_F52805,1,10,team2,Team 2 (E/W),40,80,34,♠,finished,2026-05-18T16:35:35.855443+00:00
8729,INPROC_0F4DA9,1,10,team1,Team 1 (N/S),66,54,39,♠,finished,2026-05-18T16:35:35.869354+00:00
8730,INPROC_0BEC84,1,10,team2,Team 2 (E/W),38,82,26,♥,finished,2026-05-18T16:35:35.882953+00:00
8731,INPROC_0A0761,1,10,team2,Team 2 (E/W),19,101,4,♣,finished,2026-05-18T16:35:35.896071+00:00
8732,INPROC_2B4AA9,1,10,team1,Team 1 (N/S),114,6,27,♥,finished,2026-05-18T16:35:35.905412+00:00
8733,INPROC_3D855E,1,10,team1,Team 1 (N/S),78,42,34,♠,finished,2026-05-18T16:35:35.916614+00:00
8734,INPROC_92CACF,1,10,team1,Team 1 (N/S),103,17,24,♥,finished,2026-05-18T16:35:35.931583+00:00
8735,INPROC_B84035,1,10,team1,Team 1 (N/S),64,56,13,♦,finished,2026-05-18T16:35:35.947260+00:00
8736,INPROC_91B277,1,10,team1,Team 1 (N/S),83,37,20,♥,finished,2026-05-18T16:35:35.962606+00:00
8737,INPROC_9E3624,1,10,team1,Team 1 (N/S),76,44,6,♣,finished,2026-05-18T16:35:35.977749+00:00
8738,INPROC_D80396,1,10,team2,Team 2 (E/W),5,115,28,♥,finished,2026-05-18T16:35:35.993217+00:00
8739,INPROC_07F4E8,1,10,team1,Team 1 (N/S),62,58,38,♠,finished,2026-05-18T16:35:36.008821+00:00
8740,INPROC_CF5B4A,1,10,team1,Team 1 (N/S),73,47,28,♥,finished,2026-05-18T16:35:36.023801+00:00
8741,INPROC_DCB179,1,10,team2,Team 2 (E/W),48,72,37,♠,finished,2026-05-18T16:35:36.036819+00:00
8742,INPROC_080F2A,1,10,team2,Team 2 (E/W),48,72,6,♣,finished,2026-05-18T16:35:36.048920+00:00
8743,INPROC_7E7998,1,10,team1,Team 1 (N/S),64,56,37,♠,finished,2026-05-18T16:35:36.062164+00:00
8744,INPROC_9E3559,1,10,team1,Team 1 (N/S),93,27,12,♦,finished,2026-05-18T16:35:36.076961+00:00
8745,INPROC_9D2916,1,10,team1,Team 1 (N/S),72,48,21,♥,finished,2026-05-18T16:35:36.092028+00:00
8746,INPROC_A817A6,1,10,draw,draw,60,60,35,♠,finished,2026-05-18T16:35:36.100620+00:00
8747,INPROC_DFEA8F,1,10,team1,Team 1 (N/S),85,35,5,♣,finished,2026-05-18T16:35:36.111764+00:00
8748,INPROC_03625E,1,10,team1,Team 1 (N/S),90,30,28,♥,finished,2026-05-18T16:35:36.121631+00:00
8749,INPROC_EF6C8D,1,10,team2,Team 2 (E/W),47,73,16,♦,finished,2026-05-18T16:35:36.131222+00:00
8750,INPROC_616599,1,10,team1,Team 1 (N/S),80,40,26,♥,finished,2026-05-18T16:35:36.142515+00:00
8751,INPROC_7B669A,1,10,team2,Team 2 (E/W),37,83,25,♥,finished,2026-05-18T16:35:36.155179+00:00
8752,INPROC_22D70A,1,10,team2,Team 2 (E/W),34,86,25,♥,finished,2026-05-18T16:35:36.170342+00:00
8753,INPROC_E97DEE,1,10,team2,Team 2 (E/W),57,63,1,♣,finished,2026-05-18T16:35:36.186900+00:00
8754,INPROC_883DA5,1,10,team1,Team 1 (N/S),84,36,38,♠,finished,2026-05-18T16:35:36.200208+00:00
8755,INPROC_C2E6CD,1,10,team1,Team 1 (N/S),112,8,3,♣,finished,2026-05-18T16:35:36.214967+00:00
8756,INPROC_18A088,1,10,team1,Team 1 (N/S),76,44,9,♣,finished,2026-05-18T16:35:36.230837+00:00
8757,INPROC_950647,1,10,team2,Team 2 (E/W),59,61,21,♥,finished,2026-05-18T16:35:36.245401+00:00
8758,INPROC_121655,1,10,team2,Team 2 (E/W),27,93,19,♦,finished,2026-05-18T16:35:36.260323+00:00
8759,INPROC_C1961F,1,10,team1,Team 1 (N/S),63,57,26,♥,finished,2026-05-18T16:35:36.278535+00:00
8760,INPROC_A190B8,1,10,team2,Team 2 (E/W),35,85,6,♣,finished,2026-05-18T16:35:36.296073+00:00
8761,INPROC_8BE1AA,1,10,team2,Team 2 (E/W),36,84,0,♣,finished,2026-05-18T16:35:36.310465+00:00
8762,INPROC_C50358,1,10,team1,Team 1 (N/S),87,33,14,♦,finished,2026-05-18T16:35:36.325256+00:00
8763,INPROC_B445EC,1,10,draw,draw,60,60,15,♦,finished,2026-05-18T16:35:36.340742+00:00
8764,INPROC_AB44E9,1,10,team1,Team 1 (N/S),66,54,2,♣,finished,2026-05-18T16:35:36.351494+00:00
8765,INPROC_1E2604,1,10,team1,Team 1 (N/S),96,24,24,♥,finished,2026-05-18T16:35:36.365490+00:00
8766,INPROC_FF19E8,1,10,team1,Team 1 (N/S),67,53,34,♠,finished,2026-05-18T16:35:36.381219+00:00
8767,INPROC_30DE8B,1,10,team1,Team 1 (N/S),79,41,3,♣,finished,2026-05-18T16:35:36.394616+00:00
8768,INPROC_73693F,1,10,team1,Team 1 (N/S),94,26,30,♠,finished,2026-05-18T16:35:36.407707+00:00
8769,INPROC_C1F27E,1,10,team1,Team 1 (N/S),90,30,33,♠,finished,2026-05-18T16:35:36.417295+00:00
8770,INPROC_2F4F81,1,10,team1,Team 1 (N/S),76,44,17,♦,finished,2026-05-18T16:35:36.429327+00:00
8771,INPROC_4DAE2D,1,10,team2,Team 2 (E/W),57,63,8,♣,finished,2026-05-18T16:35:36.444841+00:00
8772,INPROC_08DC7C,1,10,team1,Team 1 (N/S),73,47,9,♣,finished,2026-05-18T16:35:36.458032+00:00
8773,INPROC_E4C508,1,10,team1,Team 1 (N/S),114,6,10,♦,finished,2026-05-18T16:35:36.470741+00:00
8774,INPROC_C9EAC6,1,10,team2,Team 2 (E/W),55,65,26,♥,finished,2026-05-18T16:35:36.483096+00:00
8775,INPROC_586445,1,10,team1,Team 1 (N/S),86,34,6,♣,finished,2026-05-18T16:35:36.496293+00:00
8776,INPROC_83B003,1,10,team1,Team 1 (N/S),85,35,37,♠,finished,2026-05-18T16:35:36.509729+00:00
8777,INPROC_EEDC12,1,10,team1,Team 1 (N/S),86,34,15,♦,finished,2026-05-18T16:35:36.524705+00:00
8778,INPROC_5D74AC,1,10,team1,Team 1 (N/S),101,19,12,♦,finished,2026-05-18T16:35:36.539094+00:00
8779,INPROC_9041EC,1,10,team1,Team 1 (N/S),75,45,2,♣,finished,2026-05-18T16:35:36.552103+00:00
8780,INPROC_910B5E,1,10,team1,Team 1 (N/S),97,23,37,♠,finished,2026-05-18T16:35:36.563439+00:00
8781,INPROC_8F2F44,1,10,team1,Team 1 (N/S),70,50,27,♥,finished,2026-05-18T16:35:36.577783+00:00
8782,INPROC_8374F9,1,10,team1,Team 1 (N/S),75,45,23,♥,finished,2026-05-18T16:35:36.591373+00:00
8783,INPROC_09F25A,1,10,team2,Team 2 (E/W),51,69,33,♠,finished,2026-05-18T16:35:36.606625+00:00
8784,INPROC_E6EA5A,1,10,team1,Team 1 (N/S),95,25,39,♠,finished,2026-05-18T16:35:36.621516+00:00
8785,INPROC_F72385,1,10,team1,Team 1 (N/S),76,44,21,♥,finished,2026-05-18T16:35:36.636800+00:00
8786,INPROC_A1D3A6,1,10,team2,Team 2 (E/W),39,81,33,♠,finished,2026-05-18T16:35:36.654603+00:00
8787,INPROC_7363BC,1,10,team1,Team 1 (N/S),92,28,20,♥,finished,2026-05-18T16:35:36.671543+00:00
8788,INPROC_CEE2CE,1,10,team1,Team 1 (N/S),83,37,21,♥,finished,2026-05-18T16:35:36.685509+00:00
8789,INPROC_B02849,1,10,team1,Team 1 (N/S),77,43,14,♦,finished,2026-05-18T16:35:36.700645+00:00
8790,INPROC_B88FC2,1,10,team2,Team 2 (E/W),50,70,38,♠,finished,2026-05-18T16:35:36.719744+00:00
8791,INPROC_E06C47,1,10,team2,Team 2 (E/W),56,64,23,♥,finished,2026-05-18T16:35:36.737169+00:00
8792,INPROC_864768,1,10,team1,Team 1 (N/S),72,48,2,♣,finished,2026-05-18T16:35:36.752724+00:00
8793,INPROC_93D195,1,10,team1,Team 1 (N/S),61,59,8,♣,finished,2026-05-18T16:35:36.767424+00:00
8794,INPROC_1A0657,1,10,team2,Team 2 (E/W),50,70,36,♠,finished,2026-05-18T16:35:36.782613+00:00
8795,INPROC_DC8F7D,1,10,draw,draw,60,60,4,♣,finished,2026-05-18T16:35:36.797790+00:00
8796,INPROC_91ECD7,1,10,team1,Team 1 (N/S),65,55,12,♦,finished,2026-05-18T16:35:36.811601+00:00
8797,INPROC_DFF4E6,1,10,team2,Team 2 (E/W),38,82,39,♠,finished,2026-05-18T16:35:36.828493+00:00
8798,INPROC_7E66C7,1,10,team1,Team 1 (N/S),120,0,15,♦,finished,2026-05-18T16:35:36.843963+00:00
8799,INPROC_A4B13F,1,10,team1,Team 1 (N/S),92,28,10,♦,finished,2026-05-18T16:35:36.859418+00:00
8800,INPROC_DD8F19,1,10,team1,Team 1 (N/S),73,47,21,♥,finished,2026-05-18T16:35:36.873844+00:00
8801,INPROC_CA7C31,1,10,team1,Team 1 (N/S),64,56,17,♦,finished,2026-05-18T16:35:36.889102+00:00
8802,INPROC_FA897F,1,10,team1,Team 1 (N/S),89,31,11,♦,finished,2026-05-18T16:35:36.901975+00:00
8803,INPROC_F7CA34,1,10,team1,Team 1 (N/S),100,20,31,♠,finished,2026-05-18T16:35:36.914961+00:00
8804,INPROC_5BB3C8,1,10,team2,Team 2 (E/W),49,71,27,♥,finished,2026-05-18T16:35:36.928403+00:00
8805,INPROC_A6FB26,1,10,team1,Team 1 (N/S),73,47,13,♦,finished,2026-05-18T16:35:36.943393+00:00
8806,INPROC_9CD048,1,10,team1,Team 1 (N/S),107,13,25,♥,finished,2026-05-18T16:35:36.959356+00:00
8807,INPROC_D1CBE2,1,10,team1,Team 1 (N/S),65,55,14,♦,finished,2026-05-18T16:35:36.975222+00:00
8808,INPROC_1E4CDB,1,10,team1,Team 1 (N/S),90,30,6,♣,finished,2026-05-18T16:35:36.992092+00:00
8809,INPROC_AD14F9,1,10,team1,Team 1 (N/S),61,59,13,♦,finished,2026-05-18T16:35:37.011679+00:00
8810,INPROC_284E3A,1,10,team1,Team 1 (N/S),61,59,23,♥,finished,2026-05-18T16:35:37.026846+00:00
8811,INPROC_A66E57,1,10,team2,Team 2 (E/W),41,79,10,♦,finished,2026-05-18T16:35:37.041607+00:00
8812,INPROC_F3E2F8,1,10,team1,Team 1 (N/S),73,47,34,♠,finished,2026-05-18T16:35:37.055605+00:00
8813,INPROC_F5F885,1,10,team1,Team 1 (N/S),82,38,37,♠,finished,2026-05-18T16:35:37.069539+00:00
8814,INPROC_565A8E,1,10,team1,Team 1 (N/S),77,43,2,♣,finished,2026-05-18T16:35:37.083804+00:00
8815,INPROC_9E24DC,1,10,team2,Team 2 (E/W),40,80,35,♠,finished,2026-05-18T16:35:37.096117+00:00
8816,INPROC_F863AF,1,10,team2,Team 2 (E/W),57,63,30,♠,finished,2026-05-18T16:35:37.107801+00:00
8817,INPROC_4BDA12,1,10,team1,Team 1 (N/S),103,17,26,♥,finished,2026-05-18T16:35:37.122807+00:00
8818,INPROC_A096D5,1,10,team2,Team 2 (E/W),45,75,21,♥,finished,2026-05-18T16:35:37.137971+00:00
8819,INPROC_A1F6F6,1,10,team2,Team 2 (E/W),40,80,28,♥,finished,2026-05-18T16:35:37.151779+00:00
8820,INPROC_4FAE40,1,10,team1,Team 1 (N/S),78,42,4,♣,finished,2026-05-18T16:35:37.165578+00:00
8821,INPROC_F0BD2B,1,10,team1,Team 1 (N/S),89,31,12,♦,finished,2026-05-18T16:35:37.180054+00:00
8822,INPROC_48CC97,1,10,team2,Team 2 (E/W),31,89,20,♥,finished,2026-05-18T16:35:37.194753+00:00
8823,INPROC_143D33,1,10,team2,Team 2 (E/W),44,76,15,♦,finished,2026-05-18T16:35:37.206800+00:00
8824,INPROC_A81062,1,10,team1,Team 1 (N/S),67,53,23,♥,finished,2026-05-18T16:35:37.220601+00:00
8825,INPROC_65B0C7,1,10,team2,Team 2 (E/W),51,69,4,♣,finished,2026-05-18T16:35:37.233339+00:00
8826,INPROC_BF5CC7,1,10,team1,Team 1 (N/S),107,13,38,♠,finished,2026-05-18T16:35:37.247559+00:00
8827,INPROC_30DB34,1,10,team2,Team 2 (E/W),17,103,22,♥,finished,2026-05-18T16:35:37.260110+00:00
8828,INPROC_07B258,1,10,team1,Team 1 (N/S),72,48,19,♦,finished,2026-05-18T16:35:37.274040+00:00
8829,INPROC_ADC71B,1,10,team2,Team 2 (E/W),43,77,5,♣,finished,2026-05-18T16:35:37.285230+00:00
8830,INPROC_618661,1,10,team1,Team 1 (N/S),83,37,38,♠,finished,2026-05-18T16:35:37.294695+00:00
8831,INPROC_91CFBD,1,10,team2,Team 2 (E/W),28,92,16,♦,finished,2026-05-18T16:35:37.309428+00:00
8832,INPROC_30DE13,1,10,team1,Team 1 (N/S),83,37,9,♣,finished,2026-05-18T16:35:37.323070+00:00
8833,INPROC_F2C696,1,10,team1,Team 1 (N/S),66,54,13,♦,finished,2026-05-18T16:35:37.335375+00:00
8834,INPROC_D77636,1,10,team2,Team 2 (E/W),56,64,22,♥,finished,2026-05-18T16:35:37.347787+00:00
8835,INPROC_E9C2E1,1,10,team1,Team 1 (N/S),69,51,25,♥,finished,2026-05-18T16:35:37.362690+00:00
8836,INPROC_6F6ECD,1,10,team2,Team 2 (E/W),42,78,14,♦,finished,2026-05-18T16:35:37.377003+00:00
8837,INPROC_DC6F64,1,10,team1,Team 1 (N/S),110,10,34,♠,finished,2026-05-18T16:35:37.390480+00:00
8838,INPROC_E37F33,1,10,team1,Team 1 (N/S),76,44,17,♦,finished,2026-05-18T16:35:37.406255+00:00
8839,INPROC_127067,1,10,team1,Team 1 (N/S),104,16,14,♦,finished,2026-05-18T16:35:37.416067+00:00
8840,INPROC_F1FF51,1,10,team1,Team 1 (N/S),74,46,37,♠,finished,2026-05-18T16:35:37.426148+00:00
8841,INPROC_C0A0BE,1,10,team1,Team 1 (N/S),93,27,31,♠,finished,2026-05-18T16:35:37.435807+00:00
8842,INPROC_EB1B94,1,10,team1,Team 1 (N/S),69,51,0,♣,finished,2026-05-18T16:35:37.446874+00:00
8843,INPROC_C96062,1,10,team1,Team 1 (N/S),85,35,23,♥,finished,2026-05-18T16:35:37.458608+00:00
8844,INPROC_7D9F93,1,10,team2,Team 2 (E/W),53,67,13,♦,finished,2026-05-18T16:35:37.474419+00:00
8845,INPROC_8CD660,1,10,team1,Team 1 (N/S),71,49,39,♠,finished,2026-05-18T16:35:37.488643+00:00
8846,INPROC_ADA7CB,1,10,team1,Team 1 (N/S),67,53,6,♣,finished,2026-05-18T16:35:37.501881+00:00
8847,INPROC_C4C72C,1,10,draw,draw,60,60,5,♣,finished,2026-05-18T16:35:37.518440+00:00
8848,INPROC_477ACF,1,10,team1,Team 1 (N/S),75,45,10,♦,finished,2026-05-18T16:35:37.532831+00:00
8849,INPROC_4D3AAD,1,10,team1,Team 1 (N/S),74,46,10,♦,finished,2026-05-18T16:35:37.547879+00:00
8850,INPROC_1F7B55,1,10,team1,Team 1 (N/S),96,24,14,♦,finished,2026-05-18T16:35:37.560355+00:00
8851,INPROC_EA9A9E,1,10,team1,Team 1 (N/S),88,32,30,♠,finished,2026-05-18T16:35:37.575963+00:00
8852,INPROC_B2DDAF,1,10,team1,Team 1 (N/S),102,18,0,♣,finished,2026-05-18T16:35:37.585363+00:00
8853,INPROC_9190D0,1,10,team1,Team 1 (N/S),76,44,25,♥,finished,2026-05-18T16:35:37.599487+00:00
8854,INPROC_0D17FA,1,10,draw,draw,60,60,23,♥,finished,2026-05-18T16:35:37.614053+00:00
8855,INPROC_FB143B,1,10,team2,Team 2 (E/W),59,61,8,♣,finished,2026-05-18T16:35:37.627200+00:00
8856,INPROC_D88761,1,10,team1,Team 1 (N/S),94,26,23,♥,finished,2026-05-18T16:35:37.644574+00:00
8857,INPROC_D57508,1,10,team2,Team 2 (E/W),35,85,9,♣,finished,2026-05-18T16:35:37.660361+00:00
8858,INPROC_58E205,1,10,team1,Team 1 (N/S),70,50,5,♣,finished,2026-05-18T16:35:37.671914+00:00
8859,INPROC_AC1F3E,1,10,team1,Team 1 (N/S),99,21,20,♥,finished,2026-05-18T16:35:37.684433+00:00
8860,INPROC_253A23,1,10,team1,Team 1 (N/S),104,16,33,♠,finished,2026-05-18T16:35:37.697882+00:00
8861,INPROC_013EC9,1,10,team1,Team 1 (N/S),67,53,16,♦,finished,2026-05-18T16:35:37.711406+00:00
8862,INPROC_52C112,1,10,team2,Team 2 (E/W),50,70,2,♣,finished,2026-05-18T16:35:37.725124+00:00
8863,INPROC_4D29AE,1,10,team1,Team 1 (N/S),116,4,34,♠,finished,2026-05-18T16:35:37.737699+00:00
8864,INPROC_AB6BFD,1,10,team2,Team 2 (E/W),53,67,39,♠,finished,2026-05-18T16:35:37.750993+00:00
8865,INPROC_07D1A8,1,10,team1,Team 1 (N/S),112,8,21,♥,finished,2026-05-18T16:35:37.763446+00:00
8866,INPROC_BDEC8D,1,10,team1,Team 1 (N/S),69,51,24,♥,finished,2026-05-18T16:35:37.777565+00:00
8867,INPROC_91DB97,1,10,team1,Team 1 (N/S),87,33,28,♥,finished,2026-05-18T16:35:37.789423+00:00
8868,INPROC_A7E6C8,1,10,team2,Team 2 (E/W),34,86,7,♣,finished,2026-05-18T16:35:37.802612+00:00
8869,INPROC_02E864,1,10,team1,Team 1 (N/S),98,22,25,♥,finished,2026-05-18T16:35:37.815758+00:00
8870,INPROC_A836B3,1,10,team1,Team 1 (N/S),83,37,36,♠,finished,2026-05-18T16:35:37.828574+00:00
8871,INPROC_643BF1,1,10,team1,Team 1 (N/S),74,46,0,♣,finished,2026-05-18T16:35:37.842219+00:00
8872,INPROC_78AF26,1,10,team1,Team 1 (N/S),63,57,18,♦,finished,2026-05-18T16:35:37.854570+00:00
8873,INPROC_C3E8C6,1,10,team1,Team 1 (N/S),102,18,34,♠,finished,2026-05-18T16:35:37.868265+00:00
8874,INPROC_2BE969,1,10,team2,Team 2 (E/W),37,83,38,♠,finished,2026-05-18T16:35:37.882246+00:00
8875,INPROC_DF78FD,1,10,team1,Team 1 (N/S),61,59,26,♥,finished,2026-05-18T16:35:37.896129+00:00
8876,INPROC_16D76A,1,10,team1,Team 1 (N/S),106,14,24,♥,finished,2026-05-18T16:35:37.909866+00:00
8877,INPROC_206E79,1,10,team1,Team 1 (N/S),82,38,30,♠,finished,2026-05-18T16:35:37.923585+00:00
8878,INPROC_275EF0,1,10,team1,Team 1 (N/S),80,40,5,♣,finished,2026-05-18T16:35:37.934260+00:00
8879,INPROC_2C96AD,1,10,team2,Team 2 (E/W),58,62,17,♦,finished,2026-05-18T16:35:37.948305+00:00
8880,INPROC_E548DB,1,10,team2,Team 2 (E/W),37,83,8,♣,finished,2026-05-18T16:35:37.960399+00:00
8881,INPROC_10BBA0,1,10,team1,Team 1 (N/S),62,58,31,♠,finished,2026-05-18T16:35:37.973659+00:00
8882,INPROC_6FC35E,1,10,team1,Team 1 (N/S),82,38,19,♦,finished,2026-05-18T16:35:37.987978+00:00
8883,INPROC_5C56EA,1,10,team2,Team 2 (E/W),45,75,0,♣,finished,2026-05-18T16:35:38.005351+00:00
8884,INPROC_F98F71,1,10,team2,Team 2 (E/W),47,73,34,♠,finished,2026-05-18T16:35:38.017739+00:00
8885,INPROC_E8CE09,1,10,team1,Team 1 (N/S),73,47,39,♠,finished,2026-05-18T16:35:38.031978+00:00
8886,INPROC_A53A47,1,10,team1,Team 1 (N/S),79,41,27,♥,finished,2026-05-18T16:35:38.043598+00:00
8887,INPROC_B0B92A,1,10,team2,Team 2 (E/W),22,98,35,♠,finished,2026-05-18T16:35:38.057305+00:00
8888,INPROC_0D7843,1,10,team1,Team 1 (N/S),91,29,0,♣,finished,2026-05-18T16:35:38.072453+00:00
8889,INPROC_86A460,1,10,team1,Team 1 (N/S),83,37,33,♠,finished,2026-05-18T16:35:38.086496+00:00
8890,INPROC_AB9A30,1,10,team1,Team 1 (N/S),72,48,37,♠,finished,2026-05-18T16:35:38.103153+00:00
8891,INPROC_67559F,1,10,team1,Team 1 (N/S),80,40,24,♥,finished,2026-05-18T16:35:38.118611+00:00
8892,INPROC_9BCD2C,1,10,team1,Team 1 (N/S),75,45,24,♥,finished,2026-05-18T16:35:38.133507+00:00
8893,INPROC_6DB153,1,10,team2,Team 2 (E/W),56,64,33,♠,finished,2026-05-18T16:35:38.150914+00:00
8894,INPROC_F0588D,1,10,team1,Team 1 (N/S),82,38,38,♠,finished,2026-05-18T16:35:38.165988+00:00
8895,INPROC_ECBEBA,1,10,team1,Team 1 (N/S),98,22,16,♦,finished,2026-05-18T16:35:38.175592+00:00
8896,INPROC_F9616F,1,10,team2,Team 2 (E/W),47,73,12,♦,finished,2026-05-18T16:35:38.186007+00:00
8897,INPROC_D5127E,1,10,team2,Team 2 (E/W),49,71,24,♥,finished,2026-05-18T16:35:38.195939+00:00
8898,INPROC_4315F2,1,10,team2,Team 2 (E/W),57,63,6,♣,finished,2026-05-18T16:35:38.206883+00:00
8899,INPROC_7DC1CE,1,10,team1,Team 1 (N/S),67,53,6,♣,finished,2026-05-18T16:35:38.217978+00:00
8900,INPROC_B631FE,1,10,team1,Team 1 (N/S),76,44,34,♠,finished,2026-05-18T16:35:38.230995+00:00
8901,INPROC_62A7E0,1,10,team1,Team 1 (N/S),76,44,36,♠,finished,2026-05-18T16:35:38.246638+00:00
8902,INPROC_724FAA,1,10,team1,Team 1 (N/S),70,50,8,♣,finished,2026-05-18T16:35:38.261942+00:00
8903,INPROC_EF5A1E,1,10,team1,Team 1 (N/S),95,25,2,♣,finished,2026-05-18T16:35:38.277010+00:00
8904,INPROC_8594B3,1,10,team1,Team 1 (N/S),67,53,6,♣,finished,2026-05-18T16:35:38.292274+00:00
8905,INPROC_3C1EB3,1,10,team1,Team 1 (N/S),77,43,33,♠,finished,2026-05-18T16:35:38.307103+00:00
8906,INPROC_FFD0E6,1,10,team1,Team 1 (N/S),69,51,20,♥,finished,2026-05-18T16:35:38.322228+00:00
8907,INPROC_AE7FD7,1,10,team1,Team 1 (N/S),88,32,2,♣,finished,2026-05-18T16:35:38.337323+00:00
8908,INPROC_A67B19,1,10,team1,Team 1 (N/S),74,46,30,♠,finished,2026-05-18T16:35:38.352110+00:00
8909,INPROC_0CFA2D,1,10,team1,Team 1 (N/S),90,30,13,♦,finished,2026-05-18T16:35:38.364641+00:00
8910,INPROC_90B6DB,1,10,team1,Team 1 (N/S),113,7,16,♦,finished,2026-05-18T16:35:38.376415+00:00
8911,INPROC_C505F8,1,10,team2,Team 2 (E/W),52,68,12,♦,finished,2026-05-18T16:35:38.389588+00:00
8912,INPROC_6CEDF3,1,10,team2,Team 2 (E/W),28,92,21,♥,finished,2026-05-18T16:35:38.404858+00:00
8913,INPROC_E23784,1,10,team2,Team 2 (E/W),37,83,3,♣,finished,2026-05-18T16:35:38.421014+00:00
8914,INPROC_2044FC,1,10,team2,Team 2 (E/W),50,70,8,♣,finished,2026-05-18T16:35:38.433811+00:00
8915,INPROC_06414B,1,10,team1,Team 1 (N/S),85,35,11,♦,finished,2026-05-18T16:35:38.448164+00:00
8916,INPROC_78E158,1,10,team1,Team 1 (N/S),73,47,10,♦,finished,2026-05-18T16:35:38.460385+00:00
8917,INPROC_CF6AC6,1,10,team2,Team 2 (E/W),35,85,18,♦,finished,2026-05-18T16:35:38.479696+00:00
8918,INPROC_6D43FB,1,10,team1,Team 1 (N/S),74,46,17,♦,finished,2026-05-18T16:35:38.506484+00:00
8919,INPROC_6481B7,1,10,team1,Team 1 (N/S),101,19,22,♥,finished,2026-05-18T16:35:38.522149+00:00
8920,INPROC_102D91,1,10,team2,Team 2 (E/W),42,78,9,♣,finished,2026-05-18T16:35:38.541284+00:00
8921,INPROC_3835F1,1,10,team1,Team 1 (N/S),83,37,31,♠,finished,2026-05-18T16:35:38.555075+00:00
8922,INPROC_6E9825,1,10,team1,Team 1 (N/S),93,27,38,♠,finished,2026-05-18T16:35:38.569839+00:00
8923,INPROC_603473,1,10,team1,Team 1 (N/S),72,48,27,♥,finished,2026-05-18T16:35:38.584542+00:00
8924,INPROC_6545DC,1,10,team1,Team 1 (N/S),80,40,12,♦,finished,2026-05-18T16:35:38.599982+00:00
8925,INPROC_EFB9CB,1,10,team1,Team 1 (N/S),75,45,25,♥,finished,2026-05-18T16:35:38.616078+00:00
8926,INPROC_D253BE,1,10,team1,Team 1 (N/S),106,14,14,♦,finished,2026-05-18T16:35:38.632070+00:00
8927,INPROC_F76B93,1,10,team1,Team 1 (N/S),88,32,22,♥,finished,2026-05-18T16:35:38.647647+00:00
8928,INPROC_C6EE9F,1,10,team2,Team 2 (E/W),37,83,29,♥,finished,2026-05-18T16:35:38.663170+00:00
8929,INPROC_55812D,1,10,team1,Team 1 (N/S),62,58,26,♥,finished,2026-05-18T16:35:38.677280+00:00
8930,INPROC_A0BAE1,1,10,team1,Team 1 (N/S),68,52,37,♠,finished,2026-05-18T16:35:38.691114+00:00
8931,INPROC_3DC60A,1,10,team2,Team 2 (E/W),49,71,10,♦,finished,2026-05-18T16:35:38.705126+00:00
8932,INPROC_336643,1,10,team1,Team 1 (N/S),68,52,4,♣,finished,2026-05-18T16:35:38.719726+00:00
8933,INPROC_77F2FD,1,10,team1,Team 1 (N/S),87,33,2,♣,finished,2026-05-18T16:35:38.735422+00:00
8934,INPROC_E53CED,1,10,team1,Team 1 (N/S),63,57,16,♦,finished,2026-05-18T16:35:38.750232+00:00
8935,INPROC_39DC34,1,10,team1,Team 1 (N/S),68,52,21,♥,finished,2026-05-18T16:35:38.764156+00:00
8936,INPROC_25B2B8,1,10,team1,Team 1 (N/S),78,42,7,♣,finished,2026-05-18T16:35:38.777836+00:00
8937,INPROC_3F5F6B,1,10,team1,Team 1 (N/S),73,47,12,♦,finished,2026-05-18T16:35:38.791791+00:00
8938,INPROC_5547CA,1,10,team1,Team 1 (N/S),68,52,8,♣,finished,2026-05-18T16:35:38.807256+00:00
8939,INPROC_2F0C98,1,10,team1,Team 1 (N/S),82,38,1,♣,finished,2026-05-18T16:35:38.823104+00:00
8940,INPROC_77DE08,1,10,team2,Team 2 (E/W),47,73,35,♠,finished,2026-05-18T16:35:38.837470+00:00
8941,INPROC_6F9F8E,1,10,team2,Team 2 (E/W),33,87,10,♦,finished,2026-05-18T16:35:38.849938+00:00
8942,INPROC_CF31D1,1,10,team1,Team 1 (N/S),103,17,2,♣,finished,2026-05-18T16:35:38.863534+00:00
8943,INPROC_E8E5B2,1,10,team2,Team 2 (E/W),18,102,36,♠,finished,2026-05-18T16:35:38.877741+00:00
8944,INPROC_9BEFF8,1,10,team1,Team 1 (N/S),94,26,25,♥,finished,2026-05-18T16:35:38.888164+00:00
8945,INPROC_044B16,1,10,team2,Team 2 (E/W),38,82,27,♥,finished,2026-05-18T16:35:38.902829+00:00
8946,INPROC_B38DEE,1,10,team1,Team 1 (N/S),66,54,36,♠,finished,2026-05-18T16:35:38.917456+00:00
8947,INPROC_AA3960,1,10,team2,Team 2 (E/W),32,88,15,♦,finished,2026-05-18T16:35:38.934465+00:00
8948,INPROC_C46391,1,10,team1,Team 1 (N/S),70,50,2,♣,finished,2026-05-18T16:35:38.950847+00:00
8949,INPROC_BC12A7,1,10,team2,Team 2 (E/W),43,77,34,♠,finished,2026-05-18T16:35:38.965864+00:00
8950,INPROC_9CF850,1,10,team2,Team 2 (E/W),53,67,29,♥,finished,2026-05-18T16:35:38.981726+00:00
8951,INPROC_04B7B5,1,10,team2,Team 2 (E/W),24,96,29,♥,finished,2026-05-18T16:35:38.996853+00:00
8952,INPROC_448207,1,10,team1,Team 1 (N/S),84,36,31,♠,finished,2026-05-18T16:35:39.012421+00:00
8953,INPROC_B81D0A,1,10,team2,Team 2 (E/W),33,87,17,♦,finished,2026-05-18T16:35:39.027842+00:00
8954,INPROC_7C883F,1,10,team2,Team 2 (E/W),33,87,12,♦,finished,2026-05-18T16:35:39.041168+00:00
8955,INPROC_093B7A,1,10,team2,Team 2 (E/W),25,95,37,♠,finished,2026-05-18T16:35:39.054161+00:00
8956,INPROC_53E29D,1,10,team1,Team 1 (N/S),92,28,30,♠,finished,2026-05-18T16:35:39.067676+00:00
8957,INPROC_250FF0,1,10,team1,Team 1 (N/S),71,49,14,♦,finished,2026-05-18T16:35:39.080228+00:00
8958,INPROC_779CDC,1,10,team2,Team 2 (E/W),41,79,29,♥,finished,2026-05-18T16:35:39.093733+00:00
8959,INPROC_E68F63,1,10,team2,Team 2 (E/W),47,73,21,♥,finished,2026-05-18T16:35:39.105105+00:00
8960,INPROC_412A6C,1,10,team1,Team 1 (N/S),94,26,16,♦,finished,2026-05-18T16:35:39.118777+00:00
8961,INPROC_230D3B,1,10,team1,Team 1 (N/S),63,57,6,♣,finished,2026-05-18T16:35:39.133469+00:00
8962,INPROC_140DF0,1,10,team1,Team 1 (N/S),84,36,11,♦,finished,2026-05-18T16:35:39.148366+00:00
8963,INPROC_BED80C,1,10,team1,Team 1 (N/S),68,52,19,♦,finished,2026-05-18T16:35:39.164006+00:00
8964,INPROC_F4F6CB,1,10,team2,Team 2 (E/W),59,61,20,♥,finished,2026-05-18T16:35:39.178893+00:00
8965,INPROC_4596FD,1,10,team2,Team 2 (E/W),39,81,2,♣,finished,2026-05-18T16:35:39.194610+00:00
8966,INPROC_FBF998,1,10,team1,Team 1 (N/S),86,34,39,♠,finished,2026-05-18T16:35:39.206420+00:00
8967,INPROC_62896E,1,10,team1,Team 1 (N/S),80,40,6,♣,finished,2026-05-18T16:35:39.222317+00:00
8968,INPROC_16A202,1,10,team1,Team 1 (N/S),99,21,31,♠,finished,2026-05-18T16:35:39.236975+00:00
8969,INPROC_DDF07D,1,10,team2,Team 2 (E/W),35,85,22,♥,finished,2026-05-18T16:35:39.251144+00:00
8970,INPROC_A7CAB0,1,10,team2,Team 2 (E/W),46,74,20,♥,finished,2026-05-18T16:35:39.263441+00:00
8971,INPROC_BB3D2F,1,10,team1,Team 1 (N/S),82,38,15,♦,finished,2026-05-18T16:35:39.276615+00:00
8972,INPROC_1A183B,1,10,draw,draw,60,60,20,♥,finished,2026-05-18T16:35:39.291873+00:00
8973,INPROC_DA3DE2,1,10,team1,Team 1 (N/S),78,42,13,♦,finished,2026-05-18T16:35:39.306665+00:00
8974,INPROC_66DD41,1,10,team1,Team 1 (N/S),61,59,22,♥,finished,2026-05-18T16:35:39.321254+00:00
8975,INPROC_DB8E7D,1,10,team1,Team 1 (N/S),62,58,34,♠,finished,2026-05-18T16:35:39.336905+00:00
8976,INPROC_7892AF,1,10,team1,Team 1 (N/S),67,53,28,♥,finished,2026-05-18T16:35:39.353102+00:00
8977,INPROC_B1428A,1,10,team1,Team 1 (N/S),118,2,28,♥,finished,2026-05-18T16:35:39.367734+00:00
8978,INPROC_AAE7DF,1,10,team2,Team 2 (E/W),34,86,3,♣,finished,2026-05-18T16:35:39.381359+00:00
8979,INPROC_1E3269,1,10,team1,Team 1 (N/S),106,14,1,♣,finished,2026-05-18T16:35:39.393553+00:00
8980,INPROC_9BF1FD,1,10,team1,Team 1 (N/S),95,25,0,♣,finished,2026-05-18T16:35:39.407371+00:00
8981,INPROC_34992A,1,10,team1,Team 1 (N/S),62,58,10,♦,finished,2026-05-18T16:35:39.421146+00:00
8982,INPROC_0036F9,1,10,team2,Team 2 (E/W),26,94,1,♣,finished,2026-05-18T16:35:39.435443+00:00
8983,INPROC_EE65BA,1,10,team2,Team 2 (E/W),34,86,36,♠,finished,2026-05-18T16:35:39.450375+00:00
8984,INPROC_97696B,1,10,team2,Team 2 (E/W),40,80,25,♥,finished,2026-05-18T16:35:39.466327+00:00
8985,INPROC_22248E,1,10,team2,Team 2 (E/W),41,79,22,♥,finished,2026-05-18T16:35:39.480671+00:00
8986,INPROC_97FF65,1,10,team1,Team 1 (N/S),73,47,18,♦,finished,2026-05-18T16:35:39.493817+00:00
8987,INPROC_6F5742,1,10,team2,Team 2 (E/W),45,75,29,♥,finished,2026-05-18T16:35:39.509068+00:00
8988,INPROC_8FDAF0,1,10,team1,Team 1 (N/S),75,45,4,♣,finished,2026-05-18T16:35:39.525403+00:00
8989,INPROC_8DCC86,1,10,team1,Team 1 (N/S),83,37,39,♠,finished,2026-05-18T16:35:39.538695+00:00
8990,INPROC_B11E2D,1,10,team2,Team 2 (E/W),55,65,33,♠,finished,2026-05-18T16:35:39.551906+00:00
8991,INPROC_3C2E91,1,10,team2,Team 2 (E/W),24,96,11,♦,finished,2026-05-18T16:35:39.562977+00:00
8992,INPROC_2DDEBA,1,10,team1,Team 1 (N/S),76,44,29,♥,finished,2026-05-18T16:35:39.573341+00:00
8993,INPROC_C2127A,1,10,team1,Team 1 (N/S),71,49,3,♣,finished,2026-05-18T16:35:39.584109+00:00
8994,INPROC_606906,1,10,team1,Team 1 (N/S),68,52,38,♠,finished,2026-05-18T16:35:39.599105+00:00
8995,INPROC_4715F1,1,10,team1,Team 1 (N/S),66,54,13,♦,finished,2026-05-18T16:35:39.615052+00:00
8996,INPROC_96B843,1,10,team2,Team 2 (E/W),44,76,6,♣,finished,2026-05-18T16:35:39.629870+00:00
8997,INPROC_78713C,1,10,team1,Team 1 (N/S),74,46,35,♠,finished,2026-05-18T16:35:39.646689+00:00
8998,INPROC_5C4127,1,10,team2,Team 2 (E/W),26,94,27,♥,finished,2026-05-18T16:35:39.661111+00:00
8999,INPROC_F5A370,1,10,team1,Team 1 (N/S),71,49,31,♠,finished,2026-05-18T16:35:39.676650+00:00
9000,INPROC_5362C0,1,10,team2,Team 2 (E/W),57,63,39,♠,finished,2026-05-18T16:35:39.685899+00:00
9001,INPROC_31259C,1,10,team2,Team 2 (E/W),50,70,29,♥,finished,2026-05-18T16:35:39.699042+00:00
9002,INPROC_9BAFAE,1,10,team1,Team 1 (N/S),65,55,27,♥,finished,2026-05-18T16:35:39.710377+00:00
9003,INPROC_BFEC2F,1,10,team1,Team 1 (N/S),92,28,26,♥,finished,2026-05-18T16:35:39.720785+00:00
9004,INPROC_E21219,1,10,team1,Team 1 (N/S),90,30,33,♠,finished,2026-05-18T16:35:39.734799+00:00
9005,INPROC_22A2A5,1,10,team1,Team 1 (N/S),80,40,1,♣,finished,2026-05-18T16:35:39.747487+00:00
9006,INPROC_4DD61F,1,10,team1,Team 1 (N/S),70,50,24,♥,finished,2026-05-18T16:35:39.760170+00:00
9007,INPROC_B5D09F,1,10,team1,Team 1 (N/S),81,39,26,♥,finished,2026-05-18T16:35:39.775403+00:00
9008,INPROC_2336EB,1,10,team2,Team 2 (E/W),33,87,5,♣,finished,2026-05-18T16:35:39.791507+00:00
9009,INPROC_99F0D8,1,10,team1,Team 1 (N/S),74,46,5,♣,finished,2026-05-18T16:35:39.803725+00:00
9010,INPROC_46111D,1,10,team1,Team 1 (N/S),79,41,33,♠,finished,2026-05-18T16:35:39.818578+00:00
9011,INPROC_8BBF7A,1,10,team1,Team 1 (N/S),117,3,36,♠,finished,2026-05-18T16:35:39.832441+00:00
9012,INPROC_C9E044,1,10,team2,Team 2 (E/W),43,77,33,♠,finished,2026-05-18T16:35:39.845842+00:00
9013,INPROC_153635,1,10,team2,Team 2 (E/W),59,61,18,♦,finished,2026-05-18T16:35:39.859570+00:00
9014,INPROC_D6281B,1,10,team2,Team 2 (E/W),40,80,24,♥,finished,2026-05-18T16:35:39.871294+00:00
9015,INPROC_0BFF9E,1,10,team2,Team 2 (E/W),38,82,25,♥,finished,2026-05-18T16:35:39.888941+00:00
9016,INPROC_F49E23,1,10,team1,Team 1 (N/S),88,32,0,♣,finished,2026-05-18T16:35:39.904402+00:00
9017,INPROC_87C11B,1,10,team2,Team 2 (E/W),47,73,27,♥,finished,2026-05-18T16:35:39.921754+00:00
9018,INPROC_F5C3CE,1,10,team1,Team 1 (N/S),78,42,9,♣,finished,2026-05-18T16:35:39.936569+00:00
9019,INPROC_B96049,1,10,team2,Team 2 (E/W),49,71,9,♣,finished,2026-05-18T16:35:39.949980+00:00
9020,INPROC_6EDC7E,1,10,team1,Team 1 (N/S),88,32,31,♠,finished,2026-05-18T16:35:39.964903+00:00
9021,INPROC_387DD5,1,10,team1,Team 1 (N/S),106,14,23,♥,finished,2026-05-18T16:35:39.980421+00:00
9022,INPROC_1046D6,1,10,draw,draw,60,60,21,♥,finished,2026-05-18T16:35:39.997870+00:00
9023,INPROC_A0BF26,1,10,team1,Team 1 (N/S),72,48,0,♣,finished,2026-05-18T16:35:40.015011+00:00
9024,INPROC_95D860,1,10,team1,Team 1 (N/S),83,37,32,♠,finished,2026-05-18T16:35:40.032509+00:00
9025,INPROC_0148D7,1,10,team1,Team 1 (N/S),81,39,14,♦,finished,2026-05-18T16:35:40.049236+00:00
9026,INPROC_B47CB3,1,10,team1,Team 1 (N/S),66,54,38,♠,finished,2026-05-18T16:35:40.067468+00:00
9027,INPROC_33FC71,1,10,team1,Team 1 (N/S),67,53,10,♦,finished,2026-05-18T16:35:40.083147+00:00
9028,INPROC_C1C1DE,1,10,team2,Team 2 (E/W),37,83,16,♦,finished,2026-05-18T16:35:40.100069+00:00
9029,INPROC_2828D1,1,10,team1,Team 1 (N/S),90,30,0,♣,finished,2026-05-18T16:35:40.116391+00:00
9030,INPROC_1BB7C1,1,10,team1,Team 1 (N/S),83,37,14,♦,finished,2026-05-18T16:35:40.134015+00:00
9031,INPROC_9432B5,1,10,team1,Team 1 (N/S),102,18,30,♠,finished,2026-05-18T16:35:40.150116+00:00
9032,INPROC_679FA0,1,10,team1,Team 1 (N/S),94,26,23,♥,finished,2026-05-18T16:35:40.166428+00:00
9033,INPROC_6599AB,1,10,team1,Team 1 (N/S),75,45,22,♥,finished,2026-05-18T16:35:40.183189+00:00
9034,INPROC_244DDD,1,10,team2,Team 2 (E/W),53,67,16,♦,finished,2026-05-18T16:35:40.198668+00:00
9035,INPROC_7C169D,1,10,team1,Team 1 (N/S),87,33,39,♠,finished,2026-05-18T16:35:40.213146+00:00
9036,INPROC_7EC3A0,1,10,team1,Team 1 (N/S),83,37,18,♦,finished,2026-05-18T16:35:40.222441+00:00
9037,INPROC_250063,1,10,team1,Team 1 (N/S),75,45,36,♠,finished,2026-05-18T16:35:40.237240+00:00
9038,INPROC_3BA972,1,10,team1,Team 1 (N/S),88,32,0,♣,finished,2026-05-18T16:35:40.252552+00:00
9039,INPROC_5A5C1A,1,10,team1,Team 1 (N/S),95,25,3,♣,finished,2026-05-18T16:35:40.265331+00:00
9040,INPROC_1BC9DF,1,10,team1,Team 1 (N/S),77,43,15,♦,finished,2026-05-18T16:35:40.276143+00:00
9041,INPROC_C82D4D,1,10,team1,Team 1 (N/S),66,54,38,♠,finished,2026-05-18T16:35:40.292478+00:00
9042,INPROC_445BC1,1,10,team2,Team 2 (E/W),44,76,4,♣,finished,2026-05-18T16:35:40.307706+00:00
9043,INPROC_238DB4,1,10,team1,Team 1 (N/S),76,44,4,♣,finished,2026-05-18T16:35:40.320674+00:00
9044,INPROC_2D8D03,1,10,team1,Team 1 (N/S),88,32,5,♣,finished,2026-05-18T16:35:40.334392+00:00
9045,INPROC_0CC65F,1,10,team2,Team 2 (E/W),52,68,5,♣,finished,2026-05-18T16:35:40.348866+00:00
9046,INPROC_0AF178,1,10,team1,Team 1 (N/S),77,43,9,♣,finished,2026-05-18T16:35:40.362481+00:00
9047,INPROC_662162,1,10,team1,Team 1 (N/S),114,6,7,♣,finished,2026-05-18T16:35:40.374926+00:00
9048,INPROC_E03F46,1,10,team1,Team 1 (N/S),69,51,34,♠,finished,2026-05-18T16:35:40.388090+00:00
9049,INPROC_9E47F3,1,10,team2,Team 2 (E/W),23,97,28,♥,finished,2026-05-18T16:35:40.400899+00:00
9050,INPROC_8F85F7,1,10,team1,Team 1 (N/S),72,48,0,♣,finished,2026-05-18T16:35:40.414422+00:00
9051,INPROC_2DEF21,1,10,draw,draw,60,60,13,♦,finished,2026-05-18T16:35:40.427308+00:00
9052,INPROC_EFFA5B,1,10,team1,Team 1 (N/S),68,52,0,♣,finished,2026-05-18T16:35:40.442402+00:00
9053,INPROC_3A8B13,1,10,team2,Team 2 (E/W),11,109,26,♥,finished,2026-05-18T16:35:40.458283+00:00
9054,INPROC_8D42E1,1,10,team1,Team 1 (N/S),64,56,16,♦,finished,2026-05-18T16:35:40.473376+00:00
9055,INPROC_323C70,1,10,team1,Team 1 (N/S),73,47,7,♣,finished,2026-05-18T16:35:40.489859+00:00
9056,INPROC_B0485A,1,10,team1,Team 1 (N/S),64,56,18,♦,finished,2026-05-18T16:35:40.506207+00:00
9057,INPROC_206A8B,1,10,team1,Team 1 (N/S),100,20,2,♣,finished,2026-05-18T16:35:40.516370+00:00
9058,INPROC_4434EE,1,10,team1,Team 1 (N/S),68,52,28,♥,finished,2026-05-18T16:35:40.533522+00:00
9059,INPROC_CCCE85,1,10,team2,Team 2 (E/W),34,86,21,♥,finished,2026-05-18T16:35:40.551126+00:00
9060,INPROC_8984CF,1,10,team1,Team 1 (N/S),84,36,12,♦,finished,2026-05-18T16:35:40.568931+00:00
9061,INPROC_04BD6F,1,10,team2,Team 2 (E/W),31,89,23,♥,finished,2026-05-18T16:35:40.584392+00:00
9062,INPROC_B1A0AA,1,10,team1,Team 1 (N/S),73,47,0,♣,finished,2026-05-18T16:35:40.600618+00:00
9063,INPROC_E7F3AE,1,10,draw,draw,60,60,30,♠,finished,2026-05-18T16:35:40.612280+00:00
9064,INPROC_22D4A7,1,10,team1,Team 1 (N/S),91,29,1,♣,finished,2026-05-18T16:35:40.626752+00:00
9065,INPROC_7F2C40,1,10,team2,Team 2 (E/W),45,75,35,♠,finished,2026-05-18T16:35:40.642473+00:00
9066,INPROC_3A216F,1,10,team2,Team 2 (E/W),0,120,9,♣,finished,2026-05-18T16:35:40.658868+00:00
9067,INPROC_80E14D,1,10,team2,Team 2 (E/W),39,81,1,♣,finished,2026-05-18T16:35:40.674798+00:00
9068,INPROC_B9EB37,1,10,team2,Team 2 (E/W),47,73,14,♦,finished,2026-05-18T16:35:40.685941+00:00
9069,INPROC_2A240C,1,10,team1,Team 1 (N/S),78,42,37,♠,finished,2026-05-18T16:35:40.700898+00:00
9070,INPROC_9039CC,1,10,team1,Team 1 (N/S),98,22,36,♠,finished,2026-05-18T16:35:40.715130+00:00
9071,INPROC_DA8C8D,1,10,team1,Team 1 (N/S),63,57,14,♦,finished,2026-05-18T16:35:40.731289+00:00
9072,INPROC_C18059,1,10,team1,Team 1 (N/S),98,22,21,♥,finished,2026-05-18T16:35:40.745344+00:00
9073,INPROC_7CA1D4,1,10,team2,Team 2 (E/W),57,63,11,♦,finished,2026-05-18T16:35:40.765970+00:00
9074,INPROC_6850D4,1,10,team1,Team 1 (N/S),72,48,32,♠,finished,2026-05-18T16:35:40.783815+00:00
9075,INPROC_440E66,1,10,team1,Team 1 (N/S),67,53,8,♣,finished,2026-05-18T16:35:40.798734+00:00
9076,INPROC_0BD354,1,10,team1,Team 1 (N/S),68,52,17,♦,finished,2026-05-18T16:35:40.812340+00:00
9077,INPROC_2DD427,1,10,team2,Team 2 (E/W),36,84,15,♦,finished,2026-05-18T16:35:40.827958+00:00
9078,INPROC_855FA0,1,10,team1,Team 1 (N/S),69,51,11,♦,finished,2026-05-18T16:35:40.840617+00:00
9079,INPROC_F1FE2E,1,10,team1,Team 1 (N/S),82,38,37,♠,finished,2026-05-18T16:35:40.853950+00:00
9080,INPROC_317606,1,10,team1,Team 1 (N/S),69,51,36,♠,finished,2026-05-18T16:35:40.865704+00:00
9081,INPROC_F434A7,1,10,team1,Team 1 (N/S),89,31,31,♠,finished,2026-05-18T16:35:40.880003+00:00
9082,INPROC_220A7E,1,10,team1,Team 1 (N/S),102,18,3,♣,finished,2026-05-18T16:35:40.895254+00:00
9083,INPROC_1ECC55,1,10,team2,Team 2 (E/W),19,101,28,♥,finished,2026-05-18T16:35:40.910721+00:00
9084,INPROC_B6605B,1,10,team2,Team 2 (E/W),40,80,21,♥,finished,2026-05-18T16:35:40.920978+00:00
9085,INPROC_46860D,1,10,team1,Team 1 (N/S),95,25,4,♣,finished,2026-05-18T16:35:40.934986+00:00
9086,INPROC_1B28A9,1,10,team1,Team 1 (N/S),61,59,17,♦,finished,2026-05-18T16:35:40.952631+00:00
9087,INPROC_1AF94E,1,10,team1,Team 1 (N/S),101,19,33,♠,finished,2026-05-18T16:35:40.971031+00:00
9088,INPROC_034ED4,1,10,team1,Team 1 (N/S),86,34,1,♣,finished,2026-05-18T16:35:40.989715+00:00
9089,INPROC_9FFD99,1,10,team2,Team 2 (E/W),36,84,10,♦,finished,2026-05-18T16:35:41.006682+00:00
9090,INPROC_BD1600,1,10,team1,Team 1 (N/S),85,35,22,♥,finished,2026-05-18T16:35:41.019262+00:00
9091,INPROC_CD1888,1,10,team2,Team 2 (E/W),38,82,29,♥,finished,2026-05-18T16:35:41.032924+00:00
9092,INPROC_2BF275,1,10,team1,Team 1 (N/S),92,28,34,♠,finished,2026-05-18T16:35:41.044292+00:00
9093,INPROC_A4C4D1,1,10,team1,Team 1 (N/S),65,55,37,♠,finished,2026-05-18T16:35:41.059803+00:00
9094,INPROC_6304B2,1,10,team1,Team 1 (N/S),120,0,33,♠,finished,2026-05-18T16:35:41.075599+00:00
9095,INPROC_FA878E,1,10,team1,Team 1 (N/S),109,11,2,♣,finished,2026-05-18T16:35:41.091959+00:00
9096,INPROC_DBA8D6,1,10,team2,Team 2 (E/W),28,92,27,♥,finished,2026-05-18T16:35:41.108718+00:00
9097,INPROC_1AFD58,1,10,team1,Team 1 (N/S),84,36,0,♣,finished,2026-05-18T16:35:41.125501+00:00
9098,INPROC_CC4904,1,10,team2,Team 2 (E/W),34,86,29,♥,finished,2026-05-18T16:35:41.141100+00:00
9099,INPROC_319F6A,1,10,team1,Team 1 (N/S),97,23,38,♠,finished,2026-05-18T16:35:41.157729+00:00
9100,INPROC_4E4BA7,1,10,team1,Team 1 (N/S),76,44,2,♣,finished,2026-05-18T16:35:41.175673+00:00
9101,INPROC_28D011,1,10,team1,Team 1 (N/S),116,4,13,♦,finished,2026-05-18T16:35:41.191308+00:00
9102,INPROC_F7EA7C,1,10,team2,Team 2 (E/W),50,70,23,♥,finished,2026-05-18T16:35:41.206035+00:00
9103,INPROC_2295AB,1,10,team1,Team 1 (N/S),77,43,12,♦,finished,2026-05-18T16:35:41.221780+00:00
9104,INPROC_1252B8,1,10,team2,Team 2 (E/W),0,120,11,♦,finished,2026-05-18T16:35:41.236838+00:00
9105,INPROC_3B457F,1,10,team2,Team 2 (E/W),53,67,13,♦,finished,2026-05-18T16:35:41.253595+00:00
9106,INPROC_23510F,1,10,team2,Team 2 (E/W),24,96,1,♣,finished,2026-05-18T16:35:41.262448+00:00
9107,INPROC_B41EB8,1,10,team1,Team 1 (N/S),97,23,21,♥,finished,2026-05-18T16:35:41.283037+00:00
9108,INPROC_73A63D,1,10,team1,Team 1 (N/S),64,56,12,♦,finished,2026-05-18T16:35:41.300088+00:00
9109,INPROC_B7C9A3,1,10,team1,Team 1 (N/S),73,47,8,♣,finished,2026-05-18T16:35:41.318558+00:00
9110,INPROC_EF22CC,1,10,team1,Team 1 (N/S),75,45,30,♠,finished,2026-05-18T16:35:41.334629+00:00
9111,INPROC_E3655F,1,10,team1,Team 1 (N/S),74,46,16,♦,finished,2026-05-18T16:35:41.351705+00:00
9112,INPROC_F86AB8,1,10,team1,Team 1 (N/S),61,59,26,♥,finished,2026-05-18T16:35:41.367729+00:00
9113,INPROC_5B11D8,1,10,team2,Team 2 (E/W),34,86,14,♦,finished,2026-05-18T16:35:41.383061+00:00
9114,INPROC_F5DD77,1,10,team2,Team 2 (E/W),46,74,17,♦,finished,2026-05-18T16:35:41.396033+00:00
9115,INPROC_D1600F,1,10,team2,Team 2 (E/W),52,68,13,♦,finished,2026-05-18T16:35:41.411795+00:00
9116,INPROC_26602A,1,10,team1,Team 1 (N/S),63,57,39,♠,finished,2026-05-18T16:35:41.428723+00:00
9117,INPROC_523520,1,10,team1,Team 1 (N/S),95,25,12,♦,finished,2026-05-18T16:35:41.445539+00:00
9118,INPROC_5B1C76,1,10,team2,Team 2 (E/W),34,86,0,♣,finished,2026-05-18T16:35:41.461923+00:00
9119,INPROC_6197DE,1,10,team1,Team 1 (N/S),115,5,28,♥,finished,2026-05-18T16:35:41.478076+00:00
9120,INPROC_0DA875,1,10,team2,Team 2 (E/W),24,96,15,♦,finished,2026-05-18T16:35:41.494046+00:00
9121,INPROC_349FEE,1,10,team2,Team 2 (E/W),44,76,39,♠,finished,2026-05-18T16:35:41.509785+00:00
9122,INPROC_1BB2DE,1,10,team1,Team 1 (N/S),77,43,8,♣,finished,2026-05-18T16:35:41.526431+00:00
9123,INPROC_76CD4D,1,10,team1,Team 1 (N/S),98,22,27,♥,finished,2026-05-18T16:35:41.543369+00:00
9124,INPROC_55CB1B,1,10,team1,Team 1 (N/S),75,45,3,♣,finished,2026-05-18T16:35:41.558014+00:00
9125,INPROC_37DA7B,1,10,team2,Team 2 (E/W),35,85,14,♦,finished,2026-05-18T16:35:41.570659+00:00
9126,INPROC_019CDE,1,10,team1,Team 1 (N/S),73,47,16,♦,finished,2026-05-18T16:35:41.583017+00:00
9127,INPROC_E49249,1,10,team1,Team 1 (N/S),67,53,17,♦,finished,2026-05-18T16:35:41.601467+00:00
9128,INPROC_89A065,1,10,team2,Team 2 (E/W),42,78,7,♣,finished,2026-05-18T16:35:41.618181+00:00
9129,INPROC_D26663,1,10,team1,Team 1 (N/S),91,29,24,♥,finished,2026-05-18T16:35:41.634570+00:00
9130,INPROC_B55812,1,10,team1,Team 1 (N/S),70,50,3,♣,finished,2026-05-18T16:35:41.650390+00:00
9131,INPROC_E68EA8,1,10,team2,Team 2 (E/W),46,74,4,♣,finished,2026-05-18T16:35:41.665704+00:00
9132,INPROC_831F1B,1,10,team1,Team 1 (N/S),84,36,8,♣,finished,2026-05-18T16:35:41.680521+00:00
9133,INPROC_9ECA35,1,10,team1,Team 1 (N/S),99,21,33,♠,finished,2026-05-18T16:35:41.691285+00:00
9134,INPROC_08B940,1,10,team1,Team 1 (N/S),95,25,20,♥,finished,2026-05-18T16:35:41.701255+00:00
9135,INPROC_E9114E,1,10,team1,Team 1 (N/S),79,41,1,♣,finished,2026-05-18T16:35:41.710366+00:00
9136,INPROC_6BD40F,1,10,team1,Team 1 (N/S),77,43,24,♥,finished,2026-05-18T16:35:41.720567+00:00
9137,INPROC_282FAC,1,10,team1,Team 1 (N/S),70,50,37,♠,finished,2026-05-18T16:35:41.733652+00:00
9138,INPROC_1CEE99,1,10,team1,Team 1 (N/S),104,16,14,♦,finished,2026-05-18T16:35:41.747437+00:00
9139,INPROC_B878F1,1,10,team1,Team 1 (N/S),67,53,8,♣,finished,2026-05-18T16:35:41.760548+00:00
9140,INPROC_22AFF7,1,10,team1,Team 1 (N/S),75,45,12,♦,finished,2026-05-18T16:35:41.771475+00:00
9141,INPROC_68AF27,1,10,team1,Team 1 (N/S),66,54,16,♦,finished,2026-05-18T16:35:41.782732+00:00
9142,INPROC_A17090,1,10,team2,Team 2 (E/W),51,69,12,♦,finished,2026-05-18T16:35:41.794968+00:00
9143,INPROC_2FC681,1,10,team1,Team 1 (N/S),78,42,35,♠,finished,2026-05-18T16:35:41.807658+00:00
9144,INPROC_BDFB1F,1,10,team2,Team 2 (E/W),45,75,4,♣,finished,2026-05-18T16:35:41.822007+00:00
9145,INPROC_60AE50,1,10,team1,Team 1 (N/S),80,40,30,♠,finished,2026-05-18T16:35:41.840355+00:00
9146,INPROC_C3EBF0,1,10,team1,Team 1 (N/S),76,44,28,♥,finished,2026-05-18T16:35:41.860367+00:00
9147,INPROC_6482FB,1,10,draw,draw,60,60,17,♦,finished,2026-05-18T16:35:41.874008+00:00
9148,INPROC_9331B8,1,10,team1,Team 1 (N/S),116,4,7,♣,finished,2026-05-18T16:35:41.890202+00:00
9149,INPROC_4094B1,1,10,team2,Team 2 (E/W),49,71,18,♦,finished,2026-05-18T16:35:41.904596+00:00
9150,INPROC_AA666B,1,10,team2,Team 2 (E/W),36,84,33,♠,finished,2026-05-18T16:35:41.917759+00:00
9151,INPROC_EB4A8B,1,10,team1,Team 1 (N/S),106,14,33,♠,finished,2026-05-18T16:35:41.933003+00:00
9152,INPROC_F92833,1,10,team1,Team 1 (N/S),102,18,6,♣,finished,2026-05-18T16:35:41.950236+00:00
9153,INPROC_9DA3D6,1,10,team1,Team 1 (N/S),103,17,33,♠,finished,2026-05-18T16:35:41.965017+00:00
9154,INPROC_C511B8,1,10,team1,Team 1 (N/S),93,27,35,♠,finished,2026-05-18T16:35:41.977955+00:00
9155,INPROC_456D66,1,10,team1,Team 1 (N/S),85,35,26,♥,finished,2026-05-18T16:35:41.990785+00:00
9156,INPROC_D03281,1,10,team1,Team 1 (N/S),97,23,14,♦,finished,2026-05-18T16:35:42.005870+00:00
9157,INPROC_40D2BB,1,10,team1,Team 1 (N/S),71,49,30,♠,finished,2026-05-18T16:35:42.022778+00:00
9158,INPROC_A0A5FD,1,10,team1,Team 1 (N/S),74,46,3,♣,finished,2026-05-18T16:35:42.039333+00:00
9159,INPROC_1ADF05,1,10,team1,Team 1 (N/S),95,25,22,♥,finished,2026-05-18T16:35:42.058037+00:00
9160,INPROC_26BF74,1,10,team2,Team 2 (E/W),54,66,24,♥,finished,2026-05-18T16:35:42.075148+00:00
9161,INPROC_24B3AD,1,10,team1,Team 1 (N/S),69,51,26,♥,finished,2026-05-18T16:35:42.091182+00:00
9162,INPROC_3EA742,1,10,team1,Team 1 (N/S),71,49,38,♠,finished,2026-05-18T16:35:42.105126+00:00
9163,INPROC_45BA76,1,10,team1,Team 1 (N/S),66,54,36,♠,finished,2026-05-18T16:35:42.120817+00:00
9164,INPROC_38EC46,1,10,team1,Team 1 (N/S),73,47,25,♥,finished,2026-05-18T16:35:42.136898+00:00
9165,INPROC_344792,1,10,team1,Team 1 (N/S),83,37,25,♥,finished,2026-05-18T16:35:42.152895+00:00
9166,INPROC_0F383F,1,10,team1,Team 1 (N/S),72,48,28,♥,finished,2026-05-18T16:35:42.168271+00:00
9167,INPROC_D65E01,1,10,team2,Team 2 (E/W),56,64,26,♥,finished,2026-05-18T16:35:42.184510+00:00
9168,INPROC_1A09BD,1,10,team1,Team 1 (N/S),68,52,7,♣,finished,2026-05-18T16:35:42.199749+00:00
9169,INPROC_4C1208,1,10,team1,Team 1 (N/S),72,48,4,♣,finished,2026-05-18T16:35:42.218799+00:00
9170,INPROC_3ADDBE,1,10,team1,Team 1 (N/S),61,59,35,♠,finished,2026-05-18T16:35:42.235526+00:00
9171,INPROC_AC689A,1,10,team2,Team 2 (E/W),38,82,21,♥,finished,2026-05-18T16:35:42.252327+00:00
9172,INPROC_7211EC,1,10,team1,Team 1 (N/S),65,55,14,♦,finished,2026-05-18T16:35:42.264360+00:00
9173,INPROC_A7D6B1,1,10,team1,Team 1 (N/S),74,46,38,♠,finished,2026-05-18T16:35:42.278867+00:00
9174,INPROC_991C24,1,10,team1,Team 1 (N/S),69,51,0,♣,finished,2026-05-18T16:35:42.293230+00:00
9175,INPROC_DF68A4,1,10,team1,Team 1 (N/S),94,26,27,♥,finished,2026-05-18T16:35:42.308653+00:00
9176,INPROC_1B0959,1,10,team1,Team 1 (N/S),73,47,29,♥,finished,2026-05-18T16:35:42.324262+00:00
9177,INPROC_28DFF4,1,10,team2,Team 2 (E/W),46,74,12,♦,finished,2026-05-18T16:35:42.340708+00:00
9178,INPROC_B82216,1,10,team2,Team 2 (E/W),49,71,37,♠,finished,2026-05-18T16:35:42.359007+00:00
9179,INPROC_CE503C,1,10,team1,Team 1 (N/S),76,44,19,♦,finished,2026-05-18T16:35:42.373226+00:00
9180,INPROC_B12217,1,10,team2,Team 2 (E/W),45,75,12,♦,finished,2026-05-18T16:35:42.388094+00:00
9181,INPROC_EBD09F,1,10,team1,Team 1 (N/S),73,47,18,♦,finished,2026-05-18T16:35:42.402300+00:00
9182,INPROC_29447B,1,10,team1,Team 1 (N/S),82,38,12,♦,finished,2026-05-18T16:35:42.416113+00:00
9183,INPROC_B8561D,1,10,team1,Team 1 (N/S),79,41,33,♠,finished,2026-05-18T16:35:42.429410+00:00
9184,INPROC_B65B2B,1,10,team2,Team 2 (E/W),53,67,23,♥,finished,2026-05-18T16:35:42.442183+00:00
9185,INPROC_AC4FD9,1,10,team2,Team 2 (E/W),50,70,24,♥,finished,2026-05-18T16:35:42.457278+00:00
9186,INPROC_B144DC,1,10,team1,Team 1 (N/S),82,38,8,♣,finished,2026-05-18T16:35:42.471545+00:00
9187,INPROC_1F75A0,1,10,team1,Team 1 (N/S),106,14,30,♠,finished,2026-05-18T16:35:42.485748+00:00
9188,INPROC_137088,1,10,team2,Team 2 (E/W),51,69,38,♠,finished,2026-05-18T16:35:42.499939+00:00
9189,INPROC_CEF117,1,10,team1,Team 1 (N/S),62,58,35,♠,finished,2026-05-18T16:35:42.510007+00:00
9190,INPROC_A80095,1,10,team1,Team 1 (N/S),90,30,19,♦,finished,2026-05-18T16:35:42.523878+00:00
9191,INPROC_3BD95D,1,10,team1,Team 1 (N/S),67,53,39,♠,finished,2026-05-18T16:35:42.539087+00:00
9192,INPROC_3E6B60,1,10,team1,Team 1 (N/S),90,30,24,♥,finished,2026-05-18T16:35:42.554421+00:00
9193,INPROC_A70C4B,1,10,team1,Team 1 (N/S),86,34,36,♠,finished,2026-05-18T16:35:42.566154+00:00
9194,INPROC_BE9BAC,1,10,team2,Team 2 (E/W),53,67,5,♣,finished,2026-05-18T16:35:42.579316+00:00
9195,INPROC_02DB7C,1,10,team2,Team 2 (E/W),56,64,7,♣,finished,2026-05-18T16:35:42.600532+00:00
9196,INPROC_529D84,1,10,team1,Team 1 (N/S),70,50,24,♥,finished,2026-05-18T16:35:42.618866+00:00
9197,INPROC_49DC98,1,10,team2,Team 2 (E/W),36,84,23,♥,finished,2026-05-18T16:35:42.636477+00:00
9198,INPROC_9B3742,1,10,team1,Team 1 (N/S),65,55,31,♠,finished,2026-05-18T16:35:42.650727+00:00
9199,INPROC_CAADA0,1,10,team2,Team 2 (E/W),34,86,7,♣,finished,2026-05-18T16:35:42.665787+00:00
9200,INPROC_35A36E,1,10,team2,Team 2 (E/W),37,83,31,♠,finished,2026-05-18T16:35:42.682039+00:00
9201,INPROC_51F85E,1,10,team1,Team 1 (N/S),106,14,31,♠,finished,2026-05-18T16:35:42.696649+00:00
9202,INPROC_8FF346,1,10,team2,Team 2 (E/W),18,102,10,♦,finished,2026-05-18T16:35:42.711751+00:00
9203,INPROC_C5EBF5,1,10,team1,Team 1 (N/S),83,37,30,♠,finished,2026-05-18T16:35:42.726577+00:00
9204,INPROC_591C0F,1,10,team2,Team 2 (E/W),41,79,18,♦,finished,2026-05-18T16:35:42.741555+00:00
9205,INPROC_758B0A,1,10,team2,Team 2 (E/W),11,109,29,♥,finished,2026-05-18T16:35:42.756410+00:00
9206,INPROC_7D6FDF,1,10,team2,Team 2 (E/W),51,69,35,♠,finished,2026-05-18T16:35:42.771225+00:00
9207,INPROC_B00F0D,1,10,team1,Team 1 (N/S),75,45,15,♦,finished,2026-05-18T16:35:42.785388+00:00
9208,INPROC_1E4ACF,1,10,team2,Team 2 (E/W),44,76,25,♥,finished,2026-05-18T16:35:42.799136+00:00
9209,INPROC_5E187E,1,10,team2,Team 2 (E/W),20,100,19,♦,finished,2026-05-18T16:35:42.813574+00:00
9210,INPROC_150387,1,10,team1,Team 1 (N/S),81,39,12,♦,finished,2026-05-18T16:35:42.826824+00:00
9211,INPROC_6E2E77,1,10,team1,Team 1 (N/S),80,40,9,♣,finished,2026-05-18T16:35:42.841918+00:00
9212,INPROC_BD2BDA,1,10,team1,Team 1 (N/S),67,53,32,♠,finished,2026-05-18T16:35:42.855440+00:00
9213,INPROC_FEC7D1,1,10,team2,Team 2 (E/W),50,70,34,♠,finished,2026-05-18T16:35:42.873151+00:00
9214,INPROC_267F67,1,10,team2,Team 2 (E/W),51,69,10,♦,finished,2026-05-18T16:35:42.887906+00:00
9215,INPROC_7D6D51,1,10,team1,Team 1 (N/S),69,51,4,♣,finished,2026-05-18T16:35:42.902341+00:00
9216,INPROC_C14E98,1,10,team1,Team 1 (N/S),76,44,6,♣,finished,2026-05-18T16:35:42.918368+00:00
9217,INPROC_DC0E4C,1,10,team2,Team 2 (E/W),53,67,5,♣,finished,2026-05-18T16:35:42.932021+00:00
9218,INPROC_BD6CD0,1,10,team1,Team 1 (N/S),62,58,4,♣,finished,2026-05-18T16:35:42.945655+00:00
9219,INPROC_DCED42,1,10,draw,draw,60,60,0,♣,finished,2026-05-18T16:35:42.961787+00:00
9220,INPROC_5993F2,1,10,team2,Team 2 (E/W),59,61,23,♥,finished,2026-05-18T16:35:42.978137+00:00
9221,INPROC_7A7AA1,1,10,team1,Team 1 (N/S),75,45,14,♦,finished,2026-05-18T16:35:42.991443+00:00
9222,INPROC_75FB8D,1,10,team1,Team 1 (N/S),90,30,11,♦,finished,2026-05-18T16:35:43.009363+00:00
9223,INPROC_72256E,1,10,team2,Team 2 (E/W),56,64,38,♠,finished,2026-05-18T16:35:43.023043+00:00
9224,INPROC_79617B,1,10,team1,Team 1 (N/S),63,57,17,♦,finished,2026-05-18T16:35:43.031032+00:00
9225,INPROC_E97697,1,10,team1,Team 1 (N/S),68,52,21,♥,finished,2026-05-18T16:35:43.045253+00:00
9226,INPROC_2C6400,1,10,team2,Team 2 (E/W),49,71,22,♥,finished,2026-05-18T16:35:43.061328+00:00
9227,INPROC_D2FA62,1,10,team1,Team 1 (N/S),93,27,14,♦,finished,2026-05-18T16:35:43.079173+00:00
9228,INPROC_38900B,1,10,team1,Team 1 (N/S),66,54,35,♠,finished,2026-05-18T16:35:43.094447+00:00
9229,INPROC_8D7929,1,10,team2,Team 2 (E/W),57,63,2,♣,finished,2026-05-18T16:35:43.112123+00:00
9230,INPROC_EBBD1C,1,10,team1,Team 1 (N/S),86,34,6,♣,finished,2026-05-18T16:35:43.130664+00:00
9231,INPROC_A2454B,1,10,team2,Team 2 (E/W),35,85,21,♥,finished,2026-05-18T16:35:43.140333+00:00
9232,INPROC_570CE5,1,10,team1,Team 1 (N/S),73,47,26,♥,finished,2026-05-18T16:35:43.149582+00:00
9233,INPROC_D1D380,1,10,team2,Team 2 (E/W),53,67,26,♥,finished,2026-05-18T16:35:43.164750+00:00
9234,INPROC_29EE8B,1,10,team1,Team 1 (N/S),74,46,17,♦,finished,2026-05-18T16:35:43.180922+00:00
9235,INPROC_5E1123,1,10,team2,Team 2 (E/W),40,80,13,♦,finished,2026-05-18T16:35:43.200075+00:00
9236,INPROC_076BBE,1,10,team1,Team 1 (N/S),109,11,26,♥,finished,2026-05-18T16:35:43.216363+00:00
9237,INPROC_F05411,1,10,team1,Team 1 (N/S),75,45,5,♣,finished,2026-05-18T16:35:43.231510+00:00
9238,INPROC_B6F116,1,10,team2,Team 2 (E/W),55,65,1,♣,finished,2026-05-18T16:35:43.246169+00:00
9239,INPROC_57B130,1,10,team1,Team 1 (N/S),73,47,24,♥,finished,2026-05-18T16:35:43.253993+00:00
9240,INPROC_454B6F,1,10,team2,Team 2 (E/W),48,72,0,♣,finished,2026-05-18T16:35:43.264062+00:00
9241,INPROC_1F1D2D,1,10,team1,Team 1 (N/S),117,3,11,♦,finished,2026-05-18T16:35:43.275806+00:00
9242,INPROC_A05CD9,1,10,team2,Team 2 (E/W),48,72,0,♣,finished,2026-05-18T16:35:43.293758+00:00
9243,INPROC_6C9128,1,10,team1,Team 1 (N/S),65,55,39,♠,finished,2026-05-18T16:35:43.308778+00:00
9244,INPROC_6255C0,1,10,team1,Team 1 (N/S),101,19,36,♠,finished,2026-05-18T16:35:43.321274+00:00
9245,INPROC_C27BBD,1,10,team1,Team 1 (N/S),85,35,31,♠,finished,2026-05-18T16:35:43.336895+00:00
9246,INPROC_FCF965,1,10,team1,Team 1 (N/S),67,53,13,♦,finished,2026-05-18T16:35:43.346691+00:00
9247,INPROC_391B9E,1,10,team1,Team 1 (N/S),120,0,27,♥,finished,2026-05-18T16:35:43.362137+00:00
9248,INPROC_F86BA1,1,10,team2,Team 2 (E/W),45,75,39,♠,finished,2026-05-18T16:35:43.376504+00:00
9249,INPROC_8C808E,1,10,team1,Team 1 (N/S),73,47,7,♣,finished,2026-05-18T16:35:43.392416+00:00
9250,INPROC_705611,1,10,team1,Team 1 (N/S),103,17,10,♦,finished,2026-05-18T16:35:43.408932+00:00
9251,INPROC_AFA6E5,1,10,team2,Team 2 (E/W),50,70,24,♥,finished,2026-05-18T16:35:43.427629+00:00
9252,INPROC_E53087,1,10,team1,Team 1 (N/S),81,39,36,♠,finished,2026-05-18T16:35:43.444795+00:00
9253,INPROC_738DF1,1,10,team1,Team 1 (N/S),83,37,21,♥,finished,2026-05-18T16:35:43.458438+00:00
9254,INPROC_7430F8,1,10,team2,Team 2 (E/W),50,70,19,♦,finished,2026-05-18T16:35:43.474487+00:00
9255,INPROC_A0A7B2,1,10,team2,Team 2 (E/W),35,85,1,♣,finished,2026-05-18T16:35:43.490097+00:00
9256,INPROC_756F6D,1,10,team1,Team 1 (N/S),102,18,22,♥,finished,2026-05-18T16:35:43.505207+00:00
9257,INPROC_2595E0,1,10,team1,Team 1 (N/S),63,57,11,♦,finished,2026-05-18T16:35:43.521593+00:00
9258,INPROC_BCC1C1,1,10,team1,Team 1 (N/S),86,34,2,♣,finished,2026-05-18T16:35:43.539323+00:00
9259,INPROC_1A6F94,1,10,team1,Team 1 (N/S),66,54,20,♥,finished,2026-05-18T16:35:43.557130+00:00
9260,INPROC_75C306,1,10,team2,Team 2 (E/W),44,76,8,♣,finished,2026-05-18T16:35:43.571024+00:00
9261,INPROC_0A0B49,1,10,team1,Team 1 (N/S),99,21,12,♦,finished,2026-05-18T16:35:43.587506+00:00
9262,INPROC_517952,1,10,team1,Team 1 (N/S),79,41,8,♣,finished,2026-05-18T16:35:43.602325+00:00
9263,INPROC_E97726,1,10,team2,Team 2 (E/W),43,77,22,♥,finished,2026-05-18T16:35:43.617842+00:00
9264,INPROC_F94AB5,1,10,team2,Team 2 (E/W),54,66,35,♠,finished,2026-05-18T16:35:43.635531+00:00
9265,INPROC_4B66E8,1,10,team1,Team 1 (N/S),73,47,0,♣,finished,2026-05-18T16:35:43.652324+00:00
9266,INPROC_0DEBDF,1,10,team2,Team 2 (E/W),12,108,9,♣,finished,2026-05-18T16:35:43.665112+00:00
9267,INPROC_61A3E1,1,10,team1,Team 1 (N/S),76,44,22,♥,finished,2026-05-18T16:35:43.680938+00:00
9268,INPROC_03C8D0,1,10,team1,Team 1 (N/S),104,16,31,♠,finished,2026-05-18T16:35:43.696742+00:00
9269,INPROC_16FFB9,1,10,team2,Team 2 (E/W),42,78,26,♥,finished,2026-05-18T16:35:43.713883+00:00
9270,INPROC_00FE3E,1,10,team1,Team 1 (N/S),75,45,14,♦,finished,2026-05-18T16:35:43.729491+00:00
9271,INPROC_139DA3,1,10,team2,Team 2 (E/W),58,62,5,♣,finished,2026-05-18T16:35:43.747409+00:00
9272,INPROC_5ABE6A,1,10,team1,Team 1 (N/S),87,33,10,♦,finished,2026-05-18T16:35:43.766012+00:00
9273,INPROC_076107,1,10,team1,Team 1 (N/S),95,25,11,♦,finished,2026-05-18T16:35:43.782015+00:00
9274,INPROC_1B3BC9,1,10,team2,Team 2 (E/W),16,104,31,♠,finished,2026-05-18T16:35:43.797890+00:00
9275,INPROC_2A4CAE,1,10,team1,Team 1 (N/S),102,18,26,♥,finished,2026-05-18T16:35:43.812054+00:00
9276,INPROC_5D0701,1,10,team2,Team 2 (E/W),39,81,29,♥,finished,2026-05-18T16:35:43.823031+00:00
9277,INPROC_053D4A,1,10,team2,Team 2 (E/W),27,93,39,♠,finished,2026-05-18T16:35:43.831852+00:00
9278,INPROC_E9B279,1,10,team1,Team 1 (N/S),83,37,14,♦,finished,2026-05-18T16:35:43.843261+00:00
9279,INPROC_12CDA7,1,10,team1,Team 1 (N/S),65,55,2,♣,finished,2026-05-18T16:35:43.855056+00:00
9280,INPROC_988361,1,10,team1,Team 1 (N/S),89,31,36,♠,finished,2026-05-18T16:35:43.869941+00:00
9281,INPROC_FA0176,1,10,team1,Team 1 (N/S),97,23,17,♦,finished,2026-05-18T16:35:43.883597+00:00
9282,INPROC_C87C96,1,10,team1,Team 1 (N/S),105,15,28,♥,finished,2026-05-18T16:35:43.897343+00:00
9283,INPROC_1C297C,1,10,team1,Team 1 (N/S),87,33,33,♠,finished,2026-05-18T16:35:43.919128+00:00
9284,INPROC_44268A,1,10,team1,Team 1 (N/S),61,59,30,♠,finished,2026-05-18T16:35:43.939815+00:00
9285,INPROC_3AF13E,1,10,team1,Team 1 (N/S),61,59,1,♣,finished,2026-05-18T16:35:43.956834+00:00
9286,INPROC_40A695,1,10,team2,Team 2 (E/W),51,69,29,♥,finished,2026-05-18T16:35:43.971971+00:00
9287,INPROC_BE300D,1,10,team1,Team 1 (N/S),76,44,25,♥,finished,2026-05-18T16:35:43.987881+00:00
9288,INPROC_972D4A,1,10,team2,Team 2 (E/W),44,76,12,♦,finished,2026-05-18T16:35:44.003351+00:00
9289,INPROC_AA444A,1,10,team1,Team 1 (N/S),97,23,13,♦,finished,2026-05-18T16:35:44.018647+00:00
9290,INPROC_E2D8AD,1,10,team2,Team 2 (E/W),24,96,18,♦,finished,2026-05-18T16:35:44.034655+00:00
9291,INPROC_04994E,1,10,team2,Team 2 (E/W),27,93,5,♣,finished,2026-05-18T16:35:44.050773+00:00
9292,INPROC_F52506,1,10,team1,Team 1 (N/S),81,39,3,♣,finished,2026-05-18T16:35:44.067353+00:00
9293,INPROC_6EEEC1,1,10,team1,Team 1 (N/S),78,42,8,♣,finished,2026-05-18T16:35:44.084529+00:00
9294,INPROC_ED298D,1,10,team1,Team 1 (N/S),83,37,8,♣,finished,2026-05-18T16:35:44.100594+00:00
9295,INPROC_F65AD1,1,10,team1,Team 1 (N/S),77,43,32,♠,finished,2026-05-18T16:35:44.116987+00:00
9296,INPROC_728F80,1,10,team2,Team 2 (E/W),51,69,35,♠,finished,2026-05-18T16:35:44.131553+00:00
9297,INPROC_DC08AB,1,10,team2,Team 2 (E/W),52,68,37,♠,finished,2026-05-18T16:35:44.147604+00:00
9298,INPROC_075F8E,1,10,team1,Team 1 (N/S),89,31,30,♠,finished,2026-05-18T16:35:44.164663+00:00
9299,INPROC_D6658B,1,10,team1,Team 1 (N/S),88,32,17,♦,finished,2026-05-18T16:35:44.179009+00:00
9300,INPROC_EBEC1E,1,10,team1,Team 1 (N/S),80,40,31,♠,finished,2026-05-18T16:35:44.194564+00:00
9301,INPROC_61176D,1,10,team2,Team 2 (E/W),40,80,13,♦,finished,2026-05-18T16:35:44.212983+00:00
9302,INPROC_A1974A,1,10,team1,Team 1 (N/S),74,46,32,♠,finished,2026-05-18T16:35:44.229827+00:00
9303,INPROC_B5128B,1,10,team1,Team 1 (N/S),61,59,18,♦,finished,2026-05-18T16:35:44.246211+00:00
9304,INPROC_B3A570,1,10,team2,Team 2 (E/W),52,68,22,♥,finished,2026-05-18T16:35:44.262217+00:00
9305,INPROC_3863FF,1,10,team1,Team 1 (N/S),115,5,4,♣,finished,2026-05-18T16:35:44.280559+00:00
9306,INPROC_8A0E19,1,10,team1,Team 1 (N/S),77,43,8,♣,finished,2026-05-18T16:35:44.296672+00:00
9307,INPROC_FFE8E2,1,10,team1,Team 1 (N/S),92,28,6,♣,finished,2026-05-18T16:35:44.311664+00:00
9308,INPROC_7A27C4,1,10,team1,Team 1 (N/S),78,42,39,♠,finished,2026-05-18T16:35:44.321721+00:00
9309,INPROC_ED8F43,1,10,team1,Team 1 (N/S),63,57,33,♠,finished,2026-05-18T16:35:44.329895+00:00
9310,INPROC_BD2A95,1,10,team1,Team 1 (N/S),89,31,28,♥,finished,2026-05-18T16:35:44.339575+00:00
9311,INPROC_DA82E8,1,10,team1,Team 1 (N/S),67,53,5,♣,finished,2026-05-18T16:35:44.353547+00:00
9312,INPROC_093055,1,10,team1,Team 1 (N/S),71,49,22,♥,finished,2026-05-18T16:35:44.371897+00:00
9313,INPROC_8BDCEA,1,10,team1,Team 1 (N/S),111,9,26,♥,finished,2026-05-18T16:35:44.389082+00:00
9314,INPROC_6EC0A1,1,10,team1,Team 1 (N/S),79,41,22,♥,finished,2026-05-18T16:35:44.405127+00:00
9315,INPROC_DA00BD,1,10,team1,Team 1 (N/S),77,43,0,♣,finished,2026-05-18T16:35:44.420832+00:00
9316,INPROC_1EF316,1,10,team1,Team 1 (N/S),68,52,7,♣,finished,2026-05-18T16:35:44.436818+00:00
9317,INPROC_4CDA98,1,10,team2,Team 2 (E/W),35,85,38,♠,finished,2026-05-18T16:35:44.454042+00:00
9318,INPROC_51A27A,1,10,team1,Team 1 (N/S),84,36,12,♦,finished,2026-05-18T16:35:44.471078+00:00
9319,INPROC_1F1FC4,1,10,team2,Team 2 (E/W),53,67,34,♠,finished,2026-05-18T16:35:44.485592+00:00
9320,INPROC_3C8794,1,10,team2,Team 2 (E/W),50,70,12,♦,finished,2026-05-18T16:35:44.500291+00:00
9321,INPROC_32A220,1,10,team1,Team 1 (N/S),99,21,37,♠,finished,2026-05-18T16:35:44.515516+00:00
9322,INPROC_0EDF40,1,10,team2,Team 2 (E/W),32,88,16,♦,finished,2026-05-18T16:35:44.532280+00:00
9323,INPROC_B47957,1,10,team1,Team 1 (N/S),78,42,10,♦,finished,2026-05-18T16:35:44.548374+00:00
9324,INPROC_A8006E,1,10,team1,Team 1 (N/S),78,42,5,♣,finished,2026-05-18T16:35:44.561567+00:00
9325,INPROC_F43EAA,1,10,team1,Team 1 (N/S),91,29,8,♣,finished,2026-05-18T16:35:44.577565+00:00
9326,INPROC_370152,1,10,team2,Team 2 (E/W),16,104,34,♠,finished,2026-05-18T16:35:44.593349+00:00
9327,INPROC_96DF1E,1,10,team2,Team 2 (E/W),21,99,32,♠,finished,2026-05-18T16:35:44.610427+00:00
9328,INPROC_C00C7C,1,10,team1,Team 1 (N/S),72,48,13,♦,finished,2026-05-18T16:35:44.627005+00:00
9329,INPROC_AB558E,1,10,team2,Team 2 (E/W),34,86,8,♣,finished,2026-05-18T16:35:44.642622+00:00
9330,INPROC_923EB8,1,10,team2,Team 2 (E/W),47,73,26,♥,finished,2026-05-18T16:35:44.659768+00:00
9331,INPROC_C86743,1,10,team1,Team 1 (N/S),67,53,33,♠,finished,2026-05-18T16:35:44.675312+00:00
9332,INPROC_81E76D,1,10,team2,Team 2 (E/W),39,81,36,♠,finished,2026-05-18T16:35:44.691060+00:00
9333,INPROC_A3BD20,1,10,team2,Team 2 (E/W),22,98,37,♠,finished,2026-05-18T16:35:44.706750+00:00
9334,INPROC_DAF883,1,10,team2,Team 2 (E/W),16,104,38,♠,finished,2026-05-18T16:35:44.724049+00:00
9335,INPROC_50689C,1,10,team1,Team 1 (N/S),88,32,5,♣,finished,2026-05-18T16:35:44.741493+00:00
9336,INPROC_7BBAFB,1,10,team2,Team 2 (E/W),0,120,7,♣,finished,2026-05-18T16:35:44.755965+00:00
9337,INPROC_4B61A8,1,10,team1,Team 1 (N/S),69,51,8,♣,finished,2026-05-18T16:35:44.771186+00:00
9338,INPROC_3C9E45,1,10,team1,Team 1 (N/S),83,37,24,♥,finished,2026-05-18T16:35:44.786963+00:00
9339,INPROC_941E78,1,10,team2,Team 2 (E/W),43,77,16,♦,finished,2026-05-18T16:35:44.803270+00:00
9340,INPROC_CE5734,1,10,team2,Team 2 (E/W),36,84,9,♣,finished,2026-05-18T16:35:44.818940+00:00
9341,INPROC_09C80D,1,10,team2,Team 2 (E/W),36,84,28,♥,finished,2026-05-18T16:35:44.836771+00:00
9342,INPROC_9A88E2,1,10,team1,Team 1 (N/S),67,53,18,♦,finished,2026-05-18T16:35:44.854251+00:00
9343,INPROC_A91440,1,10,team1,Team 1 (N/S),90,30,30,♠,finished,2026-05-18T16:35:44.869706+00:00
9344,INPROC_3148F7,1,10,team1,Team 1 (N/S),97,23,28,♥,finished,2026-05-18T16:35:44.886263+00:00
9345,INPROC_E63D14,1,10,team1,Team 1 (N/S),100,20,0,♣,finished,2026-05-18T16:35:44.902188+00:00
9346,INPROC_18FFD7,1,10,team1,Team 1 (N/S),94,26,27,♥,finished,2026-05-18T16:35:44.918908+00:00
9347,INPROC_1D3645,1,10,team1,Team 1 (N/S),74,46,37,♠,finished,2026-05-18T16:35:44.934336+00:00
9348,INPROC_BC1EFC,1,10,team1,Team 1 (N/S),93,27,29,♥,finished,2026-05-18T16:35:44.950284+00:00
9349,INPROC_1F3422,1,10,draw,draw,60,60,25,♥,finished,2026-05-18T16:35:44.967132+00:00
9350,INPROC_D83B93,1,10,team1,Team 1 (N/S),87,33,13,♦,finished,2026-05-18T16:35:44.983537+00:00
9351,INPROC_D5830F,1,10,team1,Team 1 (N/S),73,47,39,♠,finished,2026-05-18T16:35:45.000021+00:00
9352,INPROC_6B7606,1,10,team1,Team 1 (N/S),99,21,18,♦,finished,2026-05-18T16:35:45.015945+00:00
9353,INPROC_939AA4,1,10,team1,Team 1 (N/S),103,17,9,♣,finished,2026-05-18T16:35:45.031663+00:00
9354,INPROC_1F9206,1,10,draw,draw,60,60,24,♥,finished,2026-05-18T16:35:45.046915+00:00
9355,INPROC_C6EC3F,1,10,team2,Team 2 (E/W),32,88,11,♦,finished,2026-05-18T16:35:45.062281+00:00
9356,INPROC_A5C720,1,10,team1,Team 1 (N/S),78,42,15,♦,finished,2026-05-18T16:35:45.078978+00:00
9357,INPROC_328BAB,1,10,team2,Team 2 (E/W),52,68,32,♠,finished,2026-05-18T16:35:45.094824+00:00
9358,INPROC_92B982,1,10,team1,Team 1 (N/S),61,59,18,♦,finished,2026-05-18T16:35:45.109294+00:00
9359,INPROC_2E0CB1,1,10,team1,Team 1 (N/S),73,47,28,♥,finished,2026-05-18T16:35:45.124643+00:00
9360,INPROC_BD3C81,1,10,team1,Team 1 (N/S),92,28,0,♣,finished,2026-05-18T16:35:45.140423+00:00
9361,INPROC_EF1BF7,1,10,team2,Team 2 (E/W),49,71,8,♣,finished,2026-05-18T16:35:45.156701+00:00
9362,INPROC_676200,1,10,team1,Team 1 (N/S),67,53,14,♦,finished,2026-05-18T16:35:45.176089+00:00
9363,INPROC_6E5E00,1,10,team2,Team 2 (E/W),57,63,32,♠,finished,2026-05-18T16:35:45.191953+00:00
9364,INPROC_00FA3D,1,10,team2,Team 2 (E/W),51,69,19,♦,finished,2026-05-18T16:35:45.207784+00:00
9365,INPROC_677F17,1,10,team1,Team 1 (N/S),104,16,16,♦,finished,2026-05-18T16:35:45.224232+00:00
9366,INPROC_663E6E,1,10,team2,Team 2 (E/W),54,66,39,♠,finished,2026-05-18T16:35:45.239977+00:00
9367,INPROC_7E1CAF,1,10,team2,Team 2 (E/W),42,78,39,♠,finished,2026-05-18T16:35:45.255831+00:00
9368,INPROC_08C6D7,1,10,team1,Team 1 (N/S),72,48,12,♦,finished,2026-05-18T16:35:45.271033+00:00
9369,INPROC_011978,1,10,draw,draw,60,60,38,♠,finished,2026-05-18T16:35:45.286570+00:00
9370,INPROC_A49482,1,10,team1,Team 1 (N/S),75,45,39,♠,finished,2026-05-18T16:35:45.302980+00:00
9371,INPROC_4C90FA,1,10,team1,Team 1 (N/S),75,45,26,♥,finished,2026-05-18T16:35:45.318818+00:00
9372,INPROC_5B4661,1,10,team1,Team 1 (N/S),72,48,29,♥,finished,2026-05-18T16:35:45.334926+00:00
9373,INPROC_195ABC,1,10,team1,Team 1 (N/S),63,57,30,♠,finished,2026-05-18T16:35:45.350214+00:00
9374,INPROC_84631B,1,10,team1,Team 1 (N/S),74,46,8,♣,finished,2026-05-18T16:35:45.365929+00:00
9375,INPROC_1728F8,1,10,team1,Team 1 (N/S),77,43,6,♣,finished,2026-05-18T16:35:45.381752+00:00
9376,INPROC_1B8429,1,10,team2,Team 2 (E/W),41,79,23,♥,finished,2026-05-18T16:35:45.397654+00:00
9377,INPROC_AB883C,1,10,team1,Team 1 (N/S),79,41,19,♦,finished,2026-05-18T16:35:45.412022+00:00
9378,INPROC_255D49,1,10,team2,Team 2 (E/W),40,80,16,♦,finished,2026-05-18T16:35:45.424822+00:00
9379,INPROC_08EA73,1,10,team2,Team 2 (E/W),59,61,13,♦,finished,2026-05-18T16:35:45.439420+00:00
9380,INPROC_7FA1A6,1,10,team1,Team 1 (N/S),93,27,35,♠,finished,2026-05-18T16:35:45.456851+00:00
9381,INPROC_E81EA6,1,10,team1,Team 1 (N/S),66,54,23,♥,finished,2026-05-18T16:35:45.470485+00:00
9382,INPROC_E21E0E,1,10,team2,Team 2 (E/W),36,84,26,♥,finished,2026-05-18T16:35:45.481427+00:00
9383,INPROC_8A0705,1,10,team1,Team 1 (N/S),78,42,12,♦,finished,2026-05-18T16:35:45.494051+00:00
9384,INPROC_305CA7,1,10,team1,Team 1 (N/S),88,32,10,♦,finished,2026-05-18T16:35:45.509182+00:00
9385,INPROC_7F9175,1,10,team2,Team 2 (E/W),53,67,0,♣,finished,2026-05-18T16:35:45.526324+00:00
9386,INPROC_635141,1,10,team2,Team 2 (E/W),57,63,13,♦,finished,2026-05-18T16:35:45.542027+00:00
9387,INPROC_EB8932,1,10,team1,Team 1 (N/S),72,48,16,♦,finished,2026-05-18T16:35:45.558213+00:00
9388,INPROC_442D9B,1,10,team2,Team 2 (E/W),48,72,24,♥,finished,2026-05-18T16:35:45.575646+00:00
9389,INPROC_733838,1,10,team1,Team 1 (N/S),70,50,35,♠,finished,2026-05-18T16:35:45.591804+00:00
9390,INPROC_955781,1,10,team2,Team 2 (E/W),46,74,28,♥,finished,2026-05-18T16:35:45.607734+00:00
9391,INPROC_75A59E,1,10,team2,Team 2 (E/W),44,76,24,♥,finished,2026-05-18T16:35:45.622943+00:00
9392,INPROC_D2ABA1,1,10,team1,Team 1 (N/S),77,43,23,♥,finished,2026-05-18T16:35:45.639668+00:00
9393,INPROC_EE3503,1,10,team2,Team 2 (E/W),28,92,20,♥,finished,2026-05-18T16:35:45.654066+00:00
9394,INPROC_F5F6A2,1,10,team1,Team 1 (N/S),83,37,6,♣,finished,2026-05-18T16:35:45.671406+00:00
9395,INPROC_9CC1AC,1,10,team2,Team 2 (E/W),46,74,38,♠,finished,2026-05-18T16:35:45.687861+00:00
9396,INPROC_101FA0,1,10,team2,Team 2 (E/W),45,75,19,♦,finished,2026-05-18T16:35:45.703303+00:00
9397,INPROC_2B710C,1,10,team1,Team 1 (N/S),74,46,24,♥,finished,2026-05-18T16:35:45.722057+00:00
9398,INPROC_947CA5,1,10,team1,Team 1 (N/S),79,41,16,♦,finished,2026-05-18T16:35:45.739697+00:00
9399,INPROC_034B22,1,10,team2,Team 2 (E/W),52,68,32,♠,finished,2026-05-18T16:35:45.752387+00:00
9400,INPROC_2F6178,1,10,team1,Team 1 (N/S),90,30,20,♥,finished,2026-05-18T16:35:45.762619+00:00
9401,INPROC_55B7C4,1,10,team1,Team 1 (N/S),85,35,29,♥,finished,2026-05-18T16:35:45.783477+00:00
9402,INPROC_8E78AD,1,10,team2,Team 2 (E/W),44,76,21,♥,finished,2026-05-18T16:35:45.798868+00:00
9403,INPROC_0A8E86,1,10,team1,Team 1 (N/S),86,34,16,♦,finished,2026-05-18T16:35:45.815759+00:00
9404,INPROC_FA27FE,1,10,team2,Team 2 (E/W),57,63,39,♠,finished,2026-05-18T16:35:45.829661+00:00
9405,INPROC_92DB96,1,10,team1,Team 1 (N/S),76,44,37,♠,finished,2026-05-18T16:35:45.839633+00:00
9406,INPROC_F880B9,1,10,team1,Team 1 (N/S),89,31,37,♠,finished,2026-05-18T16:35:45.851919+00:00
9407,INPROC_7498C0,1,10,team2,Team 2 (E/W),58,62,7,♣,finished,2026-05-18T16:35:45.863765+00:00
9408,INPROC_5EDB89,1,10,team1,Team 1 (N/S),71,49,30,♠,finished,2026-05-18T16:35:45.874587+00:00
9409,INPROC_10BE21,1,10,team1,Team 1 (N/S),85,35,1,♣,finished,2026-05-18T16:35:45.887864+00:00
9410,INPROC_74D5B0,1,10,team1,Team 1 (N/S),99,21,7,♣,finished,2026-05-18T16:35:45.899362+00:00
9411,INPROC_9CF924,1,10,team1,Team 1 (N/S),81,39,27,♥,finished,2026-05-18T16:35:45.910476+00:00
9412,INPROC_A8E026,1,10,team1,Team 1 (N/S),108,12,4,♣,finished,2026-05-18T16:35:45.923158+00:00
9413,INPROC_B455E9,1,10,team2,Team 2 (E/W),0,120,30,♠,finished,2026-05-18T16:35:45.935123+00:00
9414,INPROC_2FBE62,1,10,team1,Team 1 (N/S),66,54,9,♣,finished,2026-05-18T16:35:45.946849+00:00
9415,INPROC_830F69,1,10,team2,Team 2 (E/W),40,80,11,♦,finished,2026-05-18T16:35:45.960008+00:00
9416,INPROC_642D4F,1,10,team1,Team 1 (N/S),114,6,37,♠,finished,2026-05-18T16:35:45.970919+00:00
9417,INPROC_E98A3B,1,10,team2,Team 2 (E/W),49,71,28,♥,finished,2026-05-18T16:35:45.984739+00:00
9418,INPROC_866500,1,10,team2,Team 2 (E/W),37,83,18,♦,finished,2026-05-18T16:35:45.996793+00:00
9419,INPROC_74DD25,1,10,team2,Team 2 (E/W),58,62,39,♠,finished,2026-05-18T16:35:46.009866+00:00
9420,INPROC_B05F3D,1,10,team1,Team 1 (N/S),73,47,24,♥,finished,2026-05-18T16:35:46.023977+00:00
9421,INPROC_E17217,1,10,team1,Team 1 (N/S),80,40,30,♠,finished,2026-05-18T16:35:46.039972+00:00
9422,INPROC_345A39,1,10,team1,Team 1 (N/S),74,46,4,♣,finished,2026-05-18T16:35:46.327667+00:00
9423,INPROC_08E9AB,1,10,team2,Team 2 (E/W),38,82,15,♦,finished,2026-05-18T16:35:46.420950+00:00
9424,INPROC_A91134,1,10,team2,Team 2 (E/W),28,92,37,♠,finished,2026-05-18T16:35:46.441842+00:00
9425,INPROC_9B2E47,1,10,team1,Team 1 (N/S),73,47,11,♦,finished,2026-05-18T16:35:46.458453+00:00
9426,INPROC_415D29,1,10,team1,Team 1 (N/S),83,37,7,♣,finished,2026-05-18T16:35:46.475835+00:00
9427,INPROC_67613B,1,10,team2,Team 2 (E/W),59,61,26,♥,finished,2026-05-18T16:35:46.494073+00:00
9428,INPROC_81A90B,1,10,team1,Team 1 (N/S),78,42,36,♠,finished,2026-05-18T16:35:46.510723+00:00
9429,INPROC_1029F9,1,10,team1,Team 1 (N/S),61,59,30,♠,finished,2026-05-18T16:35:46.521648+00:00
9430,INPROC_F9E8BF,1,10,team2,Team 2 (E/W),48,72,8,♣,finished,2026-05-18T16:35:46.534342+00:00
9431,INPROC_C80EAD,1,10,team1,Team 1 (N/S),68,52,22,♥,finished,2026-05-18T16:35:46.552408+00:00
9432,INPROC_2DB460,1,10,team1,Team 1 (N/S),67,53,19,♦,finished,2026-05-18T16:35:46.563175+00:00
9433,INPROC_8DE437,1,10,team2,Team 2 (E/W),17,103,35,♠,finished,2026-05-18T16:35:46.574938+00:00
9434,INPROC_DAE9AF,1,10,team2,Team 2 (E/W),58,62,27,♥,finished,2026-05-18T16:35:46.589042+00:00
9435,INPROC_CCEB06,1,10,team2,Team 2 (E/W),44,76,28,♥,finished,2026-05-18T16:35:46.603880+00:00
9436,INPROC_31ED1C,1,10,team1,Team 1 (N/S),110,10,38,♠,finished,2026-05-18T16:35:46.620243+00:00
9437,INPROC_DC91F0,1,10,team2,Team 2 (E/W),42,78,33,♠,finished,2026-05-18T16:35:46.636462+00:00
9438,INPROC_074CB7,1,10,team2,Team 2 (E/W),39,81,17,♦,finished,2026-05-18T16:35:46.651995+00:00
9439,INPROC_9DA316,1,10,team1,Team 1 (N/S),108,12,7,♣,finished,2026-05-18T16:35:46.664609+00:00
9440,INPROC_ECC44C,1,10,team1,Team 1 (N/S),102,18,12,♦,finished,2026-05-18T16:35:46.687635+00:00
9441,INPROC_D5E933,1,10,team1,Team 1 (N/S),93,27,1,♣,finished,2026-05-18T16:35:46.699707+00:00
9442,INPROC_CBD380,1,10,team1,Team 1 (N/S),89,31,9,♣,finished,2026-05-18T16:35:46.713656+00:00
9443,INPROC_340C94,1,10,team1,Team 1 (N/S),66,54,32,♠,finished,2026-05-18T16:35:46.723875+00:00
9444,INPROC_E121EF,1,10,team1,Team 1 (N/S),84,36,14,♦,finished,2026-05-18T16:35:46.735560+00:00
9445,INPROC_4B122F,1,10,team2,Team 2 (E/W),41,79,14,♦,finished,2026-05-18T16:35:46.747354+00:00
9446,INPROC_E5A775,1,10,team2,Team 2 (E/W),37,83,17,♦,finished,2026-05-18T16:35:46.760771+00:00
9447,INPROC_066A23,1,10,team1,Team 1 (N/S),65,55,14,♦,finished,2026-05-18T16:35:46.771138+00:00
9448,INPROC_B8969D,1,10,team1,Team 1 (N/S),73,47,37,♠,finished,2026-05-18T16:35:46.783292+00:00
9449,INPROC_B834E6,1,10,team2,Team 2 (E/W),50,70,23,♥,finished,2026-05-18T16:35:46.797649+00:00
9450,INPROC_263F6E,1,10,team2,Team 2 (E/W),39,81,39,♠,finished,2026-05-18T16:35:46.812434+00:00
9451,INPROC_E45981,1,10,team2,Team 2 (E/W),55,65,3,♣,finished,2026-05-18T16:35:46.825363+00:00
9452,INPROC_4B50A2,1,10,team1,Team 1 (N/S),63,57,34,♠,finished,2026-05-18T16:35:46.835626+00:00
9453,INPROC_BA3D8E,1,10,team2,Team 2 (E/W),50,70,11,♦,finished,2026-05-18T16:35:46.851549+00:00
9454,INPROC_EE6959,1,10,team1,Team 1 (N/S),103,17,39,♠,finished,2026-05-18T16:35:46.863321+00:00
9455,INPROC_9DD978,1,10,team1,Team 1 (N/S),103,17,14,♦,finished,2026-05-18T16:35:46.878079+00:00
9456,INPROC_D1A01B,1,10,team1,Team 1 (N/S),69,51,26,♥,finished,2026-05-18T16:35:46.893301+00:00
9457,INPROC_28E622,1,10,team2,Team 2 (E/W),40,80,18,♦,finished,2026-05-18T16:35:46.910417+00:00
9458,INPROC_E8E0F4,1,10,team2,Team 2 (E/W),41,79,32,♠,finished,2026-05-18T16:35:46.924322+00:00
9459,INPROC_CE6B2E,1,10,team1,Team 1 (N/S),82,38,3,♣,finished,2026-05-18T16:35:46.933415+00:00
9460,INPROC_BA213C,1,10,team1,Team 1 (N/S),104,16,20,♥,finished,2026-05-18T16:35:46.946303+00:00
9461,INPROC_8B3CC3,1,10,team1,Team 1 (N/S),71,49,34,♠,finished,2026-05-18T16:35:46.957046+00:00
9462,INPROC_8B46EA,1,10,team1,Team 1 (N/S),84,36,19,♦,finished,2026-05-18T16:35:46.967365+00:00
9463,INPROC_A5EA00,1,10,team1,Team 1 (N/S),86,34,22,♥,finished,2026-05-18T16:35:46.978824+00:00
9464,INPROC_955B40,1,10,team2,Team 2 (E/W),54,66,34,♠,finished,2026-05-18T16:35:46.992432+00:00
9465,INPROC_212A9F,1,10,team1,Team 1 (N/S),68,52,2,♣,finished,2026-05-18T16:35:47.005512+00:00
9466,INPROC_904F0C,1,10,team1,Team 1 (N/S),74,46,32,♠,finished,2026-05-18T16:35:47.020932+00:00
9467,INPROC_74091C,1,10,team1,Team 1 (N/S),113,7,28,♥,finished,2026-05-18T16:35:47.036954+00:00
9468,INPROC_9CB08E,1,10,team1,Team 1 (N/S),70,50,31,♠,finished,2026-05-18T16:35:47.054545+00:00
9469,INPROC_FB10D4,1,10,team1,Team 1 (N/S),92,28,10,♦,finished,2026-05-18T16:35:47.067007+00:00
9470,INPROC_74EB7E,1,10,team1,Team 1 (N/S),68,52,16,♦,finished,2026-05-18T16:35:47.076354+00:00
9471,INPROC_1BFDD0,1,10,team2,Team 2 (E/W),46,74,8,♣,finished,2026-05-18T16:35:47.089703+00:00
9472,INPROC_C371F3,1,10,team1,Team 1 (N/S),68,52,21,♥,finished,2026-05-18T16:35:47.102678+00:00
9473,INPROC_5CC1BE,1,10,team2,Team 2 (E/W),49,71,32,♠,finished,2026-05-18T16:35:47.113137+00:00
9474,INPROC_5B87A7,1,10,team1,Team 1 (N/S),82,38,35,♠,finished,2026-05-18T16:35:47.129170+00:00
9475,INPROC_8DED7C,1,10,team1,Team 1 (N/S),82,38,2,♣,finished,2026-05-18T16:35:47.145829+00:00
9476,INPROC_E8913E,1,10,team1,Team 1 (N/S),100,20,37,♠,finished,2026-05-18T16:35:47.161014+00:00
9477,INPROC_DDA9E4,1,10,team1,Team 1 (N/S),83,37,31,♠,finished,2026-05-18T16:35:47.177758+00:00
9478,INPROC_FB69B1,1,10,team1,Team 1 (N/S),94,26,28,♥,finished,2026-05-18T16:35:47.191382+00:00
9479,INPROC_AAB409,1,10,team1,Team 1 (N/S),96,24,19,♦,finished,2026-05-18T16:35:47.207744+00:00
9480,INPROC_A9CE48,1,10,team2,Team 2 (E/W),31,89,33,♠,finished,2026-05-18T16:35:47.220970+00:00
9481,INPROC_4D8B85,1,10,team2,Team 2 (E/W),36,84,26,♥,finished,2026-05-18T16:35:47.236518+00:00
9482,INPROC_BAA5F9,1,10,team2,Team 2 (E/W),39,81,10,♦,finished,2026-05-18T16:35:47.251491+00:00
9483,INPROC_CCEAD2,1,10,team1,Team 1 (N/S),76,44,34,♠,finished,2026-05-18T16:35:47.264632+00:00
9484,INPROC_0A7BBC,1,10,team1,Team 1 (N/S),85,35,6,♣,finished,2026-05-18T16:35:47.279285+00:00
9485,INPROC_9F986D,1,10,team2,Team 2 (E/W),40,80,32,♠,finished,2026-05-18T16:35:47.295813+00:00
9486,INPROC_89DB8A,1,10,team2,Team 2 (E/W),34,86,4,♣,finished,2026-05-18T16:35:47.312404+00:00
9487,INPROC_436AA6,1,10,team1,Team 1 (N/S),69,51,2,♣,finished,2026-05-18T16:35:47.322272+00:00
9488,INPROC_518A0A,1,10,team1,Team 1 (N/S),106,14,8,♣,finished,2026-05-18T16:35:47.335301+00:00
9489,INPROC_B650F9,1,10,team2,Team 2 (E/W),45,75,15,♦,finished,2026-05-18T16:35:47.352446+00:00
9490,INPROC_628205,1,10,team2,Team 2 (E/W),45,75,8,♣,finished,2026-05-18T16:35:47.364210+00:00
9491,INPROC_ABD7E6,1,10,team1,Team 1 (N/S),67,53,24,♥,finished,2026-05-18T16:35:47.378106+00:00
9492,INPROC_5315B9,1,10,team1,Team 1 (N/S),74,46,37,♠,finished,2026-05-18T16:35:47.389218+00:00
9493,INPROC_A42E80,1,10,team2,Team 2 (E/W),30,90,2,♣,finished,2026-05-18T16:35:47.397866+00:00
9494,INPROC_A8F6DE,1,10,team2,Team 2 (E/W),40,80,19,♦,finished,2026-05-18T16:35:47.408741+00:00
9495,INPROC_6C2AD5,1,10,team1,Team 1 (N/S),98,22,31,♠,finished,2026-05-18T16:35:47.424897+00:00
9496,INPROC_DC3641,1,10,team1,Team 1 (N/S),83,37,25,♥,finished,2026-05-18T16:35:47.438727+00:00
9497,INPROC_76DFFD,1,10,team2,Team 2 (E/W),35,85,19,♦,finished,2026-05-18T16:35:47.454413+00:00
9498,INPROC_CC9730,1,10,team1,Team 1 (N/S),95,25,23,♥,finished,2026-05-18T16:35:47.468525+00:00
9499,INPROC_1A4BC8,1,10,team1,Team 1 (N/S),79,41,7,♣,finished,2026-05-18T16:35:47.478257+00:00
9500,INPROC_51A219,1,10,team1,Team 1 (N/S),71,49,10,♦,finished,2026-05-18T16:35:47.493793+00:00
9501,INPROC_04D775,1,10,team1,Team 1 (N/S),63,57,4,♣,finished,2026-05-18T16:35:47.507239+00:00
9502,INPROC_28BA4C,1,10,team1,Team 1 (N/S),76,44,20,♥,finished,2026-05-18T16:35:47.520935+00:00
9503,INPROC_D1A3B1,1,10,team1,Team 1 (N/S),71,49,4,♣,finished,2026-05-18T16:35:47.530080+00:00
9504,INPROC_B606DE,1,10,team1,Team 1 (N/S),86,34,21,♥,finished,2026-05-18T16:35:47.546678+00:00
9505,INPROC_CBAA80,1,10,team1,Team 1 (N/S),86,34,8,♣,finished,2026-05-18T16:35:47.563825+00:00
9506,INPROC_7BD052,1,10,team1,Team 1 (N/S),80,40,12,♦,finished,2026-05-18T16:35:47.578970+00:00
9507,INPROC_CA4398,1,10,team2,Team 2 (E/W),26,94,1,♣,finished,2026-05-18T16:35:47.596879+00:00
9508,INPROC_21C9DC,1,10,team1,Team 1 (N/S),76,44,36,♠,finished,2026-05-18T16:35:47.612369+00:00
9509,INPROC_AFECA9,1,10,team1,Team 1 (N/S),106,14,34,♠,finished,2026-05-18T16:35:47.625583+00:00
9510,INPROC_E1BCB1,1,10,team1,Team 1 (N/S),103,17,1,♣,finished,2026-05-18T16:35:47.641556+00:00
9511,INPROC_866B76,1,10,team1,Team 1 (N/S),78,42,12,♦,finished,2026-05-18T16:35:47.652553+00:00
9512,INPROC_4D1DF0,1,10,team1,Team 1 (N/S),72,48,19,♦,finished,2026-05-18T16:35:47.665856+00:00
9513,INPROC_27C226,1,10,team1,Team 1 (N/S),68,52,2,♣,finished,2026-05-18T16:35:47.679708+00:00
9514,INPROC_825089,1,10,team1,Team 1 (N/S),76,44,36,♠,finished,2026-05-18T16:35:47.695271+00:00
9515,INPROC_319696,1,10,team1,Team 1 (N/S),103,17,37,♠,finished,2026-05-18T16:35:47.709704+00:00
9516,INPROC_F45D48,1,10,team1,Team 1 (N/S),65,55,23,♥,finished,2026-05-18T16:35:47.725083+00:00
9517,INPROC_19DD80,1,10,team1,Team 1 (N/S),76,44,22,♥,finished,2026-05-18T16:35:47.740367+00:00
9518,INPROC_ECB4BA,1,10,team1,Team 1 (N/S),70,50,6,♣,finished,2026-05-18T16:35:47.756221+00:00
9519,INPROC_A394AA,1,10,team1,Team 1 (N/S),74,46,4,♣,finished,2026-05-18T16:35:47.773343+00:00
9520,INPROC_B02A13,1,10,team1,Team 1 (N/S),67,53,38,♠,finished,2026-05-18T16:35:47.788652+00:00
9521,INPROC_101168,1,10,team1,Team 1 (N/S),70,50,2,♣,finished,2026-05-18T16:35:47.802600+00:00
9522,INPROC_E382A5,1,10,team1,Team 1 (N/S),118,2,11,♦,finished,2026-05-18T16:35:47.814549+00:00
9523,INPROC_81470C,1,10,team2,Team 2 (E/W),48,72,15,♦,finished,2026-05-18T16:35:47.826567+00:00
9524,INPROC_285E71,1,10,team1,Team 1 (N/S),71,49,10,♦,finished,2026-05-18T16:35:47.839984+00:00
9525,INPROC_99A920,1,10,team1,Team 1 (N/S),83,37,11,♦,finished,2026-05-18T16:35:47.856258+00:00
9526,INPROC_D3F3EE,1,10,team1,Team 1 (N/S),118,2,21,♥,finished,2026-05-18T16:35:47.872136+00:00
9527,INPROC_C45166,1,10,team1,Team 1 (N/S),89,31,39,♠,finished,2026-05-18T16:35:47.886815+00:00
9528,INPROC_2DEED9,1,10,team2,Team 2 (E/W),44,76,32,♠,finished,2026-05-18T16:35:47.904168+00:00
9529,INPROC_498A42,1,10,team2,Team 2 (E/W),51,69,0,♣,finished,2026-05-18T16:35:47.920241+00:00
9530,INPROC_FC6517,1,10,team1,Team 1 (N/S),73,47,3,♣,finished,2026-05-18T16:35:47.934433+00:00
9531,INPROC_821E92,1,10,team2,Team 2 (E/W),51,69,3,♣,finished,2026-05-18T16:35:47.951397+00:00
9532,INPROC_06A868,1,10,team1,Team 1 (N/S),87,33,33,♠,finished,2026-05-18T16:35:47.967016+00:00
9533,INPROC_3E7690,1,10,team1,Team 1 (N/S),65,55,18,♦,finished,2026-05-18T16:35:47.980490+00:00
9534,INPROC_C23C1C,1,10,team2,Team 2 (E/W),6,114,38,♠,finished,2026-05-18T16:35:47.995159+00:00
9535,INPROC_4E17F3,1,10,team1,Team 1 (N/S),87,33,32,♠,finished,2026-05-18T16:35:48.008823+00:00
9536,INPROC_D58C50,1,10,team2,Team 2 (E/W),51,69,19,♦,finished,2026-05-18T16:35:48.022393+00:00
9537,INPROC_F40F4B,1,10,team1,Team 1 (N/S),97,23,35,♠,finished,2026-05-18T16:35:48.033718+00:00
9538,INPROC_67FBB8,1,10,team1,Team 1 (N/S),83,37,8,♣,finished,2026-05-18T16:35:48.047628+00:00
9539,INPROC_39898E,1,10,team2,Team 2 (E/W),37,83,27,♥,finished,2026-05-18T16:35:48.062445+00:00
9540,INPROC_7C0CF5,1,10,team1,Team 1 (N/S),71,49,15,♦,finished,2026-05-18T16:35:48.077254+00:00
9541,INPROC_722FCC,1,10,team1,Team 1 (N/S),114,6,27,♥,finished,2026-05-18T16:35:48.092238+00:00
9542,INPROC_2E1BDE,1,10,team1,Team 1 (N/S),89,31,0,♣,finished,2026-05-18T16:35:48.106935+00:00
9543,INPROC_4A34BD,1,10,team1,Team 1 (N/S),68,52,14,♦,finished,2026-05-18T16:35:48.121059+00:00
9544,INPROC_D32CB6,1,10,team2,Team 2 (E/W),55,65,12,♦,finished,2026-05-18T16:35:48.132954+00:00
9545,INPROC_B5FE01,1,10,team1,Team 1 (N/S),71,49,2,♣,finished,2026-05-18T16:35:48.146444+00:00
9546,INPROC_2C303D,1,10,team1,Team 1 (N/S),86,34,16,♦,finished,2026-05-18T16:35:48.158304+00:00
9547,INPROC_980B0C,1,10,team2,Team 2 (E/W),59,61,9,♣,finished,2026-05-18T16:35:48.167037+00:00
9548,INPROC_4F2AEA,1,10,team1,Team 1 (N/S),89,31,7,♣,finished,2026-05-18T16:35:48.178398+00:00
9549,INPROC_E26683,1,10,team1,Team 1 (N/S),71,49,13,♦,finished,2026-05-18T16:35:48.191983+00:00
9550,INPROC_0775C4,1,10,team1,Team 1 (N/S),90,30,26,♥,finished,2026-05-18T16:35:48.205926+00:00
9551,INPROC_72B804,1,10,team1,Team 1 (N/S),103,17,36,♠,finished,2026-05-18T16:35:48.219635+00:00
9552,INPROC_C7F67A,1,10,team1,Team 1 (N/S),100,20,5,♣,finished,2026-05-18T16:35:48.231777+00:00
9553,INPROC_8511C8,1,10,team1,Team 1 (N/S),73,47,22,♥,finished,2026-05-18T16:35:48.243735+00:00
9554,INPROC_A1DBCB,1,10,team1,Team 1 (N/S),61,59,19,♦,finished,2026-05-18T16:35:48.256956+00:00
9555,INPROC_EC40B4,1,10,team2,Team 2 (E/W),57,63,26,♥,finished,2026-05-18T16:35:48.274127+00:00
9556,INPROC_79B39A,1,10,team1,Team 1 (N/S),98,22,25,♥,finished,2026-05-18T16:35:48.289951+00:00
9557,INPROC_E86A67,1,10,team1,Team 1 (N/S),69,51,37,♠,finished,2026-05-18T16:35:48.309382+00:00
9558,INPROC_6093BC,1,10,team2,Team 2 (E/W),57,63,25,♥,finished,2026-05-18T16:35:48.324604+00:00
9559,INPROC_EC5D43,1,10,team2,Team 2 (E/W),52,68,26,♥,finished,2026-05-18T16:35:48.340942+00:00
9560,INPROC_1F10AC,1,10,team1,Team 1 (N/S),82,38,37,♠,finished,2026-05-18T16:35:48.356555+00:00
9561,INPROC_E6CA29,1,10,team1,Team 1 (N/S),62,58,4,♣,finished,2026-05-18T16:35:48.371969+00:00
9562,INPROC_76DA01,1,10,team1,Team 1 (N/S),62,58,36,♠,finished,2026-05-18T16:35:48.382618+00:00
9563,INPROC_C48172,1,10,team2,Team 2 (E/W),55,65,24,♥,finished,2026-05-18T16:35:48.392071+00:00
9564,INPROC_BA6BBC,1,10,team1,Team 1 (N/S),83,37,6,♣,finished,2026-05-18T16:35:48.402430+00:00
9565,INPROC_26DD2B,1,10,team2,Team 2 (E/W),32,88,18,♦,finished,2026-05-18T16:35:48.411480+00:00
9566,INPROC_F1C4D5,1,10,team2,Team 2 (E/W),51,69,0,♣,finished,2026-05-18T16:35:48.426971+00:00
9567,INPROC_F3C60E,1,10,team1,Team 1 (N/S),94,26,2,♣,finished,2026-05-18T16:35:48.442332+00:00
9568,INPROC_40989B,1,10,team1,Team 1 (N/S),93,27,21,♥,finished,2026-05-18T16:35:48.458457+00:00
9569,INPROC_E0CC4F,1,10,team1,Team 1 (N/S),78,42,27,♥,finished,2026-05-18T16:35:48.471141+00:00
9570,INPROC_D648A5,1,10,team1,Team 1 (N/S),93,27,11,♦,finished,2026-05-18T16:35:48.485810+00:00
9571,INPROC_E90B63,1,10,team1,Team 1 (N/S),65,55,19,♦,finished,2026-05-18T16:35:48.500335+00:00
9572,INPROC_88688E,1,10,team1,Team 1 (N/S),108,12,38,♠,finished,2026-05-18T16:35:48.516532+00:00
9573,INPROC_E21E48,1,10,team1,Team 1 (N/S),81,39,37,♠,finished,2026-05-18T16:35:48.534320+00:00
9574,INPROC_8DFE0D,1,10,team1,Team 1 (N/S),104,16,7,♣,finished,2026-05-18T16:35:48.550056+00:00
9575,INPROC_310523,1,10,team1,Team 1 (N/S),94,26,18,♦,finished,2026-05-18T16:35:48.561447+00:00
9576,INPROC_A2BD41,1,10,team1,Team 1 (N/S),68,52,31,♠,finished,2026-05-18T16:35:48.576909+00:00
9577,INPROC_49C8E7,1,10,team1,Team 1 (N/S),83,37,39,♠,finished,2026-05-18T16:35:48.595249+00:00
9578,INPROC_FE26D0,1,10,team2,Team 2 (E/W),23,97,37,♠,finished,2026-05-18T16:35:48.612658+00:00
9579,INPROC_233B21,1,10,team1,Team 1 (N/S),89,31,18,♦,finished,2026-05-18T16:35:48.629387+00:00
9580,INPROC_A4918E,1,10,team1,Team 1 (N/S),86,34,13,♦,finished,2026-05-18T16:35:48.646398+00:00
9581,INPROC_122124,1,10,team1,Team 1 (N/S),78,42,39,♠,finished,2026-05-18T16:35:48.661823+00:00
9582,INPROC_693F29,1,10,team1,Team 1 (N/S),84,36,1,♣,finished,2026-05-18T16:35:48.673047+00:00
9583,INPROC_25F99D,1,10,team1,Team 1 (N/S),116,4,26,♥,finished,2026-05-18T16:35:48.685350+00:00
9584,INPROC_EAE055,1,10,team1,Team 1 (N/S),93,27,36,♠,finished,2026-05-18T16:35:48.700921+00:00
9585,INPROC_238A35,1,10,team1,Team 1 (N/S),68,52,35,♠,finished,2026-05-18T16:35:48.718125+00:00
9586,INPROC_7045ED,1,10,team1,Team 1 (N/S),73,47,25,♥,finished,2026-05-18T16:35:48.734157+00:00
9587,INPROC_278EED,1,10,team1,Team 1 (N/S),107,13,20,♥,finished,2026-05-18T16:35:48.751042+00:00
9588,INPROC_460452,1,10,team1,Team 1 (N/S),66,54,12,♦,finished,2026-05-18T16:35:48.769430+00:00
9589,INPROC_7FB33D,1,10,team1,Team 1 (N/S),120,0,26,♥,finished,2026-05-18T16:35:48.784921+00:00
9590,INPROC_04D225,1,10,team1,Team 1 (N/S),81,39,38,♠,finished,2026-05-18T16:35:48.799995+00:00
9591,INPROC_8F074C,1,10,team2,Team 2 (E/W),55,65,0,♣,finished,2026-05-18T16:35:48.814178+00:00
9592,INPROC_339A01,1,10,team2,Team 2 (E/W),31,89,9,♣,finished,2026-05-18T16:35:48.831092+00:00
9593,INPROC_A25536,1,10,team2,Team 2 (E/W),57,63,5,♣,finished,2026-05-18T16:35:48.848674+00:00
9594,INPROC_1BA382,1,10,team1,Team 1 (N/S),91,29,30,♠,finished,2026-05-18T16:35:48.865227+00:00
9595,INPROC_4A3705,1,10,team2,Team 2 (E/W),54,66,6,♣,finished,2026-05-18T16:35:48.882370+00:00
9596,INPROC_155E56,1,10,team1,Team 1 (N/S),74,46,21,♥,finished,2026-05-18T16:35:48.898456+00:00
9597,INPROC_15C560,1,10,team1,Team 1 (N/S),71,49,7,♣,finished,2026-05-18T16:35:48.915228+00:00
9598,INPROC_A2CC49,1,10,team1,Team 1 (N/S),101,19,22,♥,finished,2026-05-18T16:35:48.931681+00:00
9599,INPROC_702932,1,10,team1,Team 1 (N/S),72,48,2,♣,finished,2026-05-18T16:35:48.947610+00:00
9600,INPROC_380776,1,10,team1,Team 1 (N/S),75,45,8,♣,finished,2026-05-18T16:35:48.962233+00:00
9601,INPROC_F5152F,1,10,team1,Team 1 (N/S),81,39,12,♦,finished,2026-05-18T16:35:48.978978+00:00
9602,INPROC_40F822,1,10,team2,Team 2 (E/W),55,65,26,♥,finished,2026-05-18T16:35:49.003297+00:00
9603,INPROC_146CE6,1,10,team1,Team 1 (N/S),76,44,9,♣,finished,2026-05-18T16:35:49.016310+00:00
9604,INPROC_E20FC9,1,10,team1,Team 1 (N/S),62,58,18,♦,finished,2026-05-18T16:35:49.030518+00:00
9605,INPROC_937DAC,1,10,draw,draw,60,60,16,♦,finished,2026-05-18T16:35:49.045918+00:00
9606,INPROC_0AD720,1,10,team2,Team 2 (E/W),59,61,15,♦,finished,2026-05-18T16:35:49.058702+00:00
9607,INPROC_7B6DBF,1,10,team1,Team 1 (N/S),65,55,10,♦,finished,2026-05-18T16:35:49.072374+00:00
9608,INPROC_6AB7B3,1,10,team1,Team 1 (N/S),91,29,24,♥,finished,2026-05-18T16:35:49.084956+00:00
9609,INPROC_8AE1D7,1,10,team1,Team 1 (N/S),98,22,7,♣,finished,2026-05-18T16:35:49.098985+00:00
9610,INPROC_614182,1,10,team1,Team 1 (N/S),106,14,6,♣,finished,2026-05-18T16:35:49.113606+00:00
9611,INPROC_3516D4,1,10,team1,Team 1 (N/S),95,25,34,♠,finished,2026-05-18T16:35:49.128422+00:00
9612,INPROC_9ABE4E,1,10,team2,Team 2 (E/W),58,62,19,♦,finished,2026-05-18T16:35:49.142611+00:00
9613,INPROC_19965A,1,10,team2,Team 2 (E/W),30,90,12,♦,finished,2026-05-18T16:35:49.157416+00:00
9614,INPROC_5F441E,1,10,team2,Team 2 (E/W),55,65,17,♦,finished,2026-05-18T16:35:49.173716+00:00
9615,INPROC_27D29B,1,10,team1,Team 1 (N/S),69,51,39,♠,finished,2026-05-18T16:35:49.187981+00:00
9616,INPROC_2B26EE,1,10,team2,Team 2 (E/W),32,88,39,♠,finished,2026-05-18T16:35:49.204362+00:00
9617,INPROC_88A014,1,10,team1,Team 1 (N/S),94,26,23,♥,finished,2026-05-18T16:35:49.221947+00:00
9618,INPROC_6E4CE7,1,10,team2,Team 2 (E/W),34,86,13,♦,finished,2026-05-18T16:35:49.239494+00:00
9619,INPROC_D739DF,1,10,team1,Team 1 (N/S),79,41,2,♣,finished,2026-05-18T16:35:49.253533+00:00
9620,INPROC_6A249A,1,10,team2,Team 2 (E/W),58,62,0,♣,finished,2026-05-18T16:35:49.268619+00:00
9621,INPROC_066F2E,1,10,team1,Team 1 (N/S),78,42,5,♣,finished,2026-05-18T16:35:49.285433+00:00
9622,INPROC_5BA49A,1,10,team2,Team 2 (E/W),51,69,38,♠,finished,2026-05-18T16:35:49.302613+00:00
9623,INPROC_0FB192,1,10,team2,Team 2 (E/W),30,90,39,♠,finished,2026-05-18T16:35:49.318133+00:00
9624,INPROC_61A6D5,1,10,team1,Team 1 (N/S),92,28,33,♠,finished,2026-05-18T16:35:49.334823+00:00
9625,INPROC_DE6C42,1,10,team1,Team 1 (N/S),79,41,39,♠,finished,2026-05-18T16:35:49.351126+00:00
9626,INPROC_7B7EA2,1,10,team1,Team 1 (N/S),75,45,24,♥,finished,2026-05-18T16:35:49.366887+00:00
9627,INPROC_C4C424,1,10,team1,Team 1 (N/S),103,17,6,♣,finished,2026-05-18T16:35:49.382408+00:00
9628,INPROC_07D55B,1,10,team1,Team 1 (N/S),80,40,32,♠,finished,2026-05-18T16:35:49.399985+00:00
9629,INPROC_DF43BD,1,10,team1,Team 1 (N/S),69,51,21,♥,finished,2026-05-18T16:35:49.413272+00:00
9630,INPROC_D1DA05,1,10,team2,Team 2 (E/W),23,97,29,♥,finished,2026-05-18T16:35:49.430258+00:00
9631,INPROC_76716F,1,10,team1,Team 1 (N/S),95,25,20,♥,finished,2026-05-18T16:35:49.446929+00:00
9632,INPROC_351C75,1,10,team2,Team 2 (E/W),50,70,39,♠,finished,2026-05-18T16:35:49.464584+00:00
9633,INPROC_F6C0AA,1,10,team1,Team 1 (N/S),73,47,28,♥,finished,2026-05-18T16:35:49.482384+00:00
9634,INPROC_25DD1D,1,10,team1,Team 1 (N/S),97,23,39,♠,finished,2026-05-18T16:35:49.498647+00:00
9635,INPROC_A299E9,1,10,team2,Team 2 (E/W),50,70,34,♠,finished,2026-05-18T16:35:49.515170+00:00
9636,INPROC_61BB7A,1,10,team1,Team 1 (N/S),105,15,8,♣,finished,2026-05-18T16:35:49.529212+00:00
9637,INPROC_3D33C9,1,10,team1,Team 1 (N/S),76,44,31,♠,finished,2026-05-18T16:35:49.543420+00:00
9638,INPROC_3AC8D6,1,10,team1,Team 1 (N/S),71,49,6,♣,finished,2026-05-18T16:35:49.556497+00:00
9639,INPROC_EBCB7A,1,10,team1,Team 1 (N/S),72,48,4,♣,finished,2026-05-18T16:35:49.571291+00:00
9640,INPROC_9D3C81,1,10,team1,Team 1 (N/S),74,46,20,♥,finished,2026-05-18T16:35:49.588792+00:00
9641,INPROC_1C8882,1,10,team2,Team 2 (E/W),55,65,37,♠,finished,2026-05-18T16:35:49.606031+00:00
9642,INPROC_8666B1,1,10,team1,Team 1 (N/S),102,18,7,♣,finished,2026-05-18T16:35:49.622335+00:00
9643,INPROC_4FC92C,1,10,team1,Team 1 (N/S),97,23,21,♥,finished,2026-05-18T16:35:49.637734+00:00
9644,INPROC_6E65F4,1,10,team1,Team 1 (N/S),96,24,13,♦,finished,2026-05-18T16:35:49.654197+00:00
9645,INPROC_F46B83,1,10,team2,Team 2 (E/W),56,64,0,♣,finished,2026-05-18T16:35:49.665905+00:00
9646,INPROC_4959CB,1,10,team2,Team 2 (E/W),51,69,27,♥,finished,2026-05-18T16:35:49.683786+00:00
9647,INPROC_6A5175,1,10,team2,Team 2 (E/W),49,71,31,♠,finished,2026-05-18T16:35:49.702313+00:00
9648,INPROC_08B423,1,10,team2,Team 2 (E/W),26,94,8,♣,finished,2026-05-18T16:35:49.721117+00:00
9649,INPROC_EAA5E5,1,10,team1,Team 1 (N/S),63,57,0,♣,finished,2026-05-18T16:35:49.734144+00:00
9650,INPROC_FFD57A,1,10,team1,Team 1 (N/S),89,31,14,♦,finished,2026-05-18T16:35:49.748256+00:00
9651,INPROC_43DC48,1,10,team1,Team 1 (N/S),79,41,30,♠,finished,2026-05-18T16:35:49.764477+00:00
9652,INPROC_3440CB,1,10,team2,Team 2 (E/W),42,78,34,♠,finished,2026-05-18T16:35:49.777767+00:00
9653,INPROC_AE816D,1,10,team2,Team 2 (E/W),51,69,26,♥,finished,2026-05-18T16:35:49.791701+00:00
9654,INPROC_6F037C,1,10,team1,Team 1 (N/S),88,32,15,♦,finished,2026-05-18T16:35:49.802077+00:00
9655,INPROC_D181CD,1,10,team1,Team 1 (N/S),73,47,3,♣,finished,2026-05-18T16:35:49.816362+00:00
9656,INPROC_B695EB,1,10,team1,Team 1 (N/S),70,50,27,♥,finished,2026-05-18T16:35:49.832523+00:00
9657,INPROC_5F668D,1,10,team2,Team 2 (E/W),42,78,3,♣,finished,2026-05-18T16:35:49.848356+00:00
9658,INPROC_38EF4B,1,10,team1,Team 1 (N/S),101,19,22,♥,finished,2026-05-18T16:35:49.864091+00:00
9659,INPROC_7F95B1,1,10,team1,Team 1 (N/S),63,57,18,♦,finished,2026-05-18T16:35:49.875130+00:00
9660,INPROC_784D95,1,10,team1,Team 1 (N/S),86,34,21,♥,finished,2026-05-18T16:35:49.889154+00:00
9661,INPROC_B7F4E2,1,10,team2,Team 2 (E/W),49,71,18,♦,finished,2026-05-18T16:35:49.901933+00:00
9662,INPROC_1D1708,1,10,team1,Team 1 (N/S),75,45,25,♥,finished,2026-05-18T16:35:49.915739+00:00
9663,INPROC_7F8013,1,10,team1,Team 1 (N/S),103,17,8,♣,finished,2026-05-18T16:35:49.934140+00:00
9664,INPROC_F6E2BB,1,10,team1,Team 1 (N/S),100,20,27,♥,finished,2026-05-18T16:35:49.951688+00:00
9665,INPROC_49AFCD,1,10,team2,Team 2 (E/W),25,95,4,♣,finished,2026-05-18T16:35:49.967821+00:00
9666,INPROC_6A47E9,1,10,team1,Team 1 (N/S),95,25,25,♥,finished,2026-05-18T16:35:49.982766+00:00
9667,INPROC_192FB3,1,10,team1,Team 1 (N/S),77,43,28,♥,finished,2026-05-18T16:35:49.993083+00:00
9668,INPROC_8794BA,1,10,draw,draw,60,60,31,♠,finished,2026-05-18T16:35:50.005050+00:00
9669,INPROC_A9AD8D,1,10,team1,Team 1 (N/S),66,54,38,♠,finished,2026-05-18T16:35:50.020735+00:00
9670,INPROC_DFED4B,1,10,team1,Team 1 (N/S),92,28,14,♦,finished,2026-05-18T16:35:50.035675+00:00
9671,INPROC_AB4939,1,10,team2,Team 2 (E/W),35,85,3,♣,finished,2026-05-18T16:35:50.049437+00:00
9672,INPROC_A86435,1,10,team1,Team 1 (N/S),84,36,4,♣,finished,2026-05-18T16:35:50.063867+00:00
9673,INPROC_8F18AD,1,10,team1,Team 1 (N/S),61,59,28,♥,finished,2026-05-18T16:35:50.074520+00:00
9674,INPROC_A607D3,1,10,team1,Team 1 (N/S),94,26,11,♦,finished,2026-05-18T16:35:50.088159+00:00
9675,INPROC_2EEFC4,1,10,team1,Team 1 (N/S),90,30,39,♠,finished,2026-05-18T16:35:50.103967+00:00
9676,INPROC_566AF6,1,10,team2,Team 2 (E/W),33,87,16,♦,finished,2026-05-18T16:35:50.118096+00:00
9677,INPROC_7786E8,1,10,team1,Team 1 (N/S),77,43,8,♣,finished,2026-05-18T16:35:50.135887+00:00
9678,INPROC_8D8226,1,10,team1,Team 1 (N/S),106,14,37,♠,finished,2026-05-18T16:35:50.149791+00:00
9679,INPROC_AE47F2,1,10,team2,Team 2 (E/W),52,68,14,♦,finished,2026-05-18T16:35:50.162790+00:00
9680,INPROC_B1EDC4,1,10,team1,Team 1 (N/S),74,46,10,♦,finished,2026-05-18T16:35:50.179711+00:00
9681,INPROC_881FBD,1,10,team1,Team 1 (N/S),78,42,31,♠,finished,2026-05-18T16:35:50.198410+00:00
9682,INPROC_ED660D,1,10,team2,Team 2 (E/W),51,69,39,♠,finished,2026-05-18T16:35:50.216010+00:00
9683,INPROC_0D2B0F,1,10,team1,Team 1 (N/S),85,35,20,♥,finished,2026-05-18T16:35:50.233234+00:00
9684,INPROC_E0ECF6,1,10,team1,Team 1 (N/S),75,45,18,♦,finished,2026-05-18T16:35:50.249699+00:00
9685,INPROC_B0ED78,1,10,team2,Team 2 (E/W),58,62,12,♦,finished,2026-05-18T16:35:50.266145+00:00
9686,INPROC_981678,1,10,team1,Team 1 (N/S),82,38,12,♦,finished,2026-05-18T16:35:50.282777+00:00
9687,INPROC_5CF472,1,10,team1,Team 1 (N/S),79,41,21,♥,finished,2026-05-18T16:35:50.297314+00:00
9688,INPROC_DE2B22,1,10,team1,Team 1 (N/S),110,10,23,♥,finished,2026-05-18T16:35:50.312943+00:00
9689,INPROC_1C3A7E,1,10,team1,Team 1 (N/S),90,30,0,♣,finished,2026-05-18T16:35:50.330736+00:00
9690,INPROC_82911A,1,10,team1,Team 1 (N/S),77,43,24,♥,finished,2026-05-18T16:35:50.347934+00:00
9691,INPROC_E99B1E,1,10,team1,Team 1 (N/S),91,29,38,♠,finished,2026-05-18T16:35:50.364144+00:00
9692,INPROC_364154,1,10,team2,Team 2 (E/W),57,63,18,♦,finished,2026-05-18T16:35:50.380890+00:00
9693,INPROC_9173BD,1,10,team2,Team 2 (E/W),33,87,25,♥,finished,2026-05-18T16:35:50.396891+00:00
9694,INPROC_405AE7,1,10,team1,Team 1 (N/S),75,45,12,♦,finished,2026-05-18T16:35:50.413328+00:00
9695,INPROC_3B5907,1,10,team1,Team 1 (N/S),68,52,9,♣,finished,2026-05-18T16:35:50.428955+00:00
9696,INPROC_5F92A3,1,10,team1,Team 1 (N/S),89,31,5,♣,finished,2026-05-18T16:35:50.446704+00:00
9697,INPROC_DB4411,1,10,team1,Team 1 (N/S),62,58,29,♥,finished,2026-05-18T16:35:50.463168+00:00
9698,INPROC_716126,1,10,team2,Team 2 (E/W),55,65,5,♣,finished,2026-05-18T16:35:50.479455+00:00
9699,INPROC_8B5F00,1,10,team1,Team 1 (N/S),67,53,33,♠,finished,2026-05-18T16:35:50.494984+00:00
9700,INPROC_7D302A,1,10,team1,Team 1 (N/S),64,56,3,♣,finished,2026-05-18T16:35:50.508774+00:00
9701,INPROC_5227E1,1,10,team1,Team 1 (N/S),118,2,37,♠,finished,2026-05-18T16:35:50.517937+00:00
9702,INPROC_89C70A,1,10,team1,Team 1 (N/S),104,16,28,♥,finished,2026-05-18T16:35:50.527129+00:00
9703,INPROC_EAF64C,1,10,team1,Team 1 (N/S),86,34,25,♥,finished,2026-05-18T16:35:50.536541+00:00
9704,INPROC_61D1C4,1,10,team1,Team 1 (N/S),109,11,34,♠,finished,2026-05-18T16:35:50.551672+00:00
9705,INPROC_28369C,1,10,team1,Team 1 (N/S),100,20,26,♥,finished,2026-05-18T16:35:50.562361+00:00
9706,INPROC_FCA7FC,1,10,team1,Team 1 (N/S),75,45,31,♠,finished,2026-05-18T16:35:50.574741+00:00
9707,INPROC_2ACF1A,1,10,team1,Team 1 (N/S),115,5,38,♠,finished,2026-05-18T16:35:50.588012+00:00
9708,INPROC_AFEE83,1,10,team2,Team 2 (E/W),26,94,12,♦,finished,2026-05-18T16:35:50.597636+00:00
9709,INPROC_8E5419,1,10,team2,Team 2 (E/W),48,72,32,♠,finished,2026-05-18T16:35:50.610133+00:00
9710,INPROC_F1626B,1,10,team1,Team 1 (N/S),65,55,8,♣,finished,2026-05-18T16:35:50.622849+00:00
9711,INPROC_519C5A,1,10,team1,Team 1 (N/S),92,28,36,♠,finished,2026-05-18T16:35:50.633629+00:00
9712,INPROC_5DBDB4,1,10,team1,Team 1 (N/S),106,14,14,♦,finished,2026-05-18T16:35:50.643665+00:00
9713,INPROC_54107A,1,10,team2,Team 2 (E/W),50,70,12,♦,finished,2026-05-18T16:35:50.656486+00:00
9714,INPROC_8789D9,1,10,team2,Team 2 (E/W),47,73,8,♣,finished,2026-05-18T16:35:50.669812+00:00
9715,INPROC_299866,1,10,team1,Team 1 (N/S),103,17,8,♣,finished,2026-05-18T16:35:50.685308+00:00
9716,INPROC_3EBF3C,1,10,team2,Team 2 (E/W),45,75,1,♣,finished,2026-05-18T16:35:50.699553+00:00
9717,INPROC_F74662,1,10,team1,Team 1 (N/S),78,42,10,♦,finished,2026-05-18T16:35:50.708473+00:00
9718,INPROC_B912CF,1,10,team1,Team 1 (N/S),80,40,32,♠,finished,2026-05-18T16:35:50.720246+00:00
9719,INPROC_675078,1,10,team1,Team 1 (N/S),88,32,16,♦,finished,2026-05-18T16:35:50.734457+00:00
9720,INPROC_61E065,1,10,team1,Team 1 (N/S),93,27,24,♥,finished,2026-05-18T16:35:50.749412+00:00
9721,INPROC_9FA826,1,10,team1,Team 1 (N/S),87,33,30,♠,finished,2026-05-18T16:35:50.765573+00:00
9722,INPROC_723AE2,1,10,team1,Team 1 (N/S),96,24,21,♥,finished,2026-05-18T16:35:50.782121+00:00
9723,INPROC_46B95A,1,10,draw,draw,60,60,18,♦,finished,2026-05-18T16:35:50.799325+00:00
9724,INPROC_C5C0CE,1,10,team1,Team 1 (N/S),107,13,11,♦,finished,2026-05-18T16:35:50.813799+00:00
9725,INPROC_926753,1,10,team1,Team 1 (N/S),83,37,6,♣,finished,2026-05-18T16:35:50.832615+00:00
9726,INPROC_DF987F,1,10,team2,Team 2 (E/W),56,64,1,♣,finished,2026-05-18T16:35:50.848054+00:00
9727,INPROC_DFA725,1,10,team2,Team 2 (E/W),51,69,3,♣,finished,2026-05-18T16:35:50.865592+00:00
9728,INPROC_F8E5F1,1,10,team1,Team 1 (N/S),94,26,29,♥,finished,2026-05-18T16:35:50.881774+00:00
9729,INPROC_94F9E5,1,10,team2,Team 2 (E/W),35,85,19,♦,finished,2026-05-18T16:35:50.898445+00:00
9730,INPROC_190CD0,1,10,team2,Team 2 (E/W),42,78,18,♦,finished,2026-05-18T16:35:50.930083+00:00
9731,INPROC_3A14B7,1,10,draw,draw,60,60,9,♣,finished,2026-05-18T16:35:50.958511+00:00
9732,INPROC_F8B572,1,10,team1,Team 1 (N/S),64,56,36,♠,finished,2026-05-18T16:35:50.977433+00:00
9733,INPROC_028ADE,1,10,team2,Team 2 (E/W),41,79,9,♣,finished,2026-05-18T16:35:50.998287+00:00
9734,INPROC_739044,1,10,team2,Team 2 (E/W),53,67,32,♠,finished,2026-05-18T16:35:51.011764+00:00
9735,INPROC_8257F0,1,10,team1,Team 1 (N/S),94,26,34,♠,finished,2026-05-18T16:35:51.024487+00:00
9736,INPROC_B7E6EC,1,10,team1,Team 1 (N/S),91,29,13,♦,finished,2026-05-18T16:35:51.035623+00:00
9737,INPROC_43D87C,1,10,team2,Team 2 (E/W),56,64,28,♥,finished,2026-05-18T16:35:51.047841+00:00
9738,INPROC_AC01EB,1,10,team1,Team 1 (N/S),70,50,30,♠,finished,2026-05-18T16:35:51.064129+00:00
9739,INPROC_11299E,1,10,team1,Team 1 (N/S),89,31,36,♠,finished,2026-05-18T16:35:51.077313+00:00
9740,INPROC_4CA8EB,1,10,team1,Team 1 (N/S),65,55,3,♣,finished,2026-05-18T16:35:51.091134+00:00
9741,INPROC_085516,1,10,team1,Team 1 (N/S),68,52,33,♠,finished,2026-05-18T16:35:51.104528+00:00
9742,INPROC_E25A8A,1,10,team1,Team 1 (N/S),84,36,3,♣,finished,2026-05-18T16:35:51.119090+00:00
9743,INPROC_20DAB1,1,10,team1,Team 1 (N/S),78,42,6,♣,finished,2026-05-18T16:35:51.134061+00:00
9744,INPROC_44AC54,1,10,team1,Team 1 (N/S),81,39,31,♠,finished,2026-05-18T16:35:51.148438+00:00
9745,INPROC_9B911E,1,10,team1,Team 1 (N/S),69,51,30,♠,finished,2026-05-18T16:35:51.159981+00:00
9746,INPROC_D3A3AF,1,10,team2,Team 2 (E/W),53,67,39,♠,finished,2026-05-18T16:35:51.176844+00:00
9747,INPROC_65BDE1,1,10,team1,Team 1 (N/S),94,26,36,♠,finished,2026-05-18T16:35:51.194888+00:00
9748,INPROC_3BE412,1,10,team2,Team 2 (E/W),51,69,16,♦,finished,2026-05-18T16:35:51.214081+00:00
9749,INPROC_0BE522,1,10,team2,Team 2 (E/W),46,74,10,♦,finished,2026-05-18T16:35:51.227167+00:00
9750,INPROC_27300F,1,10,team2,Team 2 (E/W),45,75,7,♣,finished,2026-05-18T16:35:51.245433+00:00
9751,INPROC_EB7E1A,1,10,team1,Team 1 (N/S),83,37,3,♣,finished,2026-05-18T16:35:51.262474+00:00
9752,INPROC_2961DD,1,10,team1,Team 1 (N/S),97,23,14,♦,finished,2026-05-18T16:35:51.280337+00:00
9753,INPROC_BE4EDE,1,10,team1,Team 1 (N/S),67,53,28,♥,finished,2026-05-18T16:35:51.297500+00:00
9754,INPROC_C55059,1,10,team1,Team 1 (N/S),108,12,33,♠,finished,2026-05-18T16:35:51.310584+00:00
9755,INPROC_B7A4B8,1,10,team2,Team 2 (E/W),46,74,2,♣,finished,2026-05-18T16:35:51.326000+00:00
9756,INPROC_A5B0F0,1,10,team1,Team 1 (N/S),61,59,23,♥,finished,2026-05-18T16:35:51.342823+00:00
9757,INPROC_C755DE,1,10,team1,Team 1 (N/S),81,39,25,♥,finished,2026-05-18T16:35:51.360660+00:00
9758,INPROC_96A007,1,10,team1,Team 1 (N/S),65,55,24,♥,finished,2026-05-18T16:35:51.375143+00:00
9759,INPROC_969F14,1,10,team2,Team 2 (E/W),39,81,27,♥,finished,2026-05-18T16:35:51.389073+00:00
9760,INPROC_06CC7E,1,10,team1,Team 1 (N/S),68,52,37,♠,finished,2026-05-18T16:35:51.403825+00:00
9761,INPROC_63D523,1,10,team1,Team 1 (N/S),81,39,0,♣,finished,2026-05-18T16:35:51.422335+00:00
9762,INPROC_BD7C3C,1,10,team1,Team 1 (N/S),72,48,24,♥,finished,2026-05-18T16:35:51.440824+00:00
9763,INPROC_B6457D,1,10,team1,Team 1 (N/S),78,42,31,♠,finished,2026-05-18T16:35:51.460266+00:00
9764,INPROC_EE737D,1,10,team1,Team 1 (N/S),79,41,16,♦,finished,2026-05-18T16:35:51.475968+00:00
9765,INPROC_C822B3,1,10,draw,draw,60,60,8,♣,finished,2026-05-18T16:35:51.490648+00:00
9766,INPROC_8F78D0,1,10,team1,Team 1 (N/S),69,51,12,♦,finished,2026-05-18T16:35:51.505424+00:00
9767,INPROC_E45288,1,10,team1,Team 1 (N/S),84,36,4,♣,finished,2026-05-18T16:35:51.525096+00:00
9768,INPROC_DDE76C,1,10,team2,Team 2 (E/W),52,68,28,♥,finished,2026-05-18T16:35:51.542990+00:00
9769,INPROC_B01766,1,10,team1,Team 1 (N/S),71,49,15,♦,finished,2026-05-18T16:35:51.559397+00:00
9770,INPROC_5E00D3,1,10,team2,Team 2 (E/W),55,65,36,♠,finished,2026-05-18T16:35:51.571362+00:00
9771,INPROC_B15F46,1,10,team2,Team 2 (E/W),56,64,21,♥,finished,2026-05-18T16:35:51.587530+00:00
9772,INPROC_A63A79,1,10,team1,Team 1 (N/S),80,40,32,♠,finished,2026-05-18T16:35:51.603160+00:00
9773,INPROC_F34F6F,1,10,team1,Team 1 (N/S),91,29,38,♠,finished,2026-05-18T16:35:51.618785+00:00
9774,INPROC_9C80D7,1,10,team1,Team 1 (N/S),65,55,37,♠,finished,2026-05-18T16:35:51.631323+00:00
9775,INPROC_A0D372,1,10,team1,Team 1 (N/S),68,52,30,♠,finished,2026-05-18T16:35:51.646864+00:00
9776,INPROC_7ACE4F,1,10,team1,Team 1 (N/S),68,52,14,♦,finished,2026-05-18T16:35:51.660295+00:00
9777,INPROC_32C26A,1,10,team1,Team 1 (N/S),89,31,35,♠,finished,2026-05-18T16:35:51.673505+00:00
9778,INPROC_AB9C27,1,10,team2,Team 2 (E/W),57,63,0,♣,finished,2026-05-18T16:35:51.687344+00:00
9779,INPROC_E71559,1,10,team2,Team 2 (E/W),51,69,1,♣,finished,2026-05-18T16:35:51.699740+00:00
9780,INPROC_3E19AF,1,10,team2,Team 2 (E/W),54,66,14,♦,finished,2026-05-18T16:35:51.717928+00:00
9781,INPROC_667F36,1,10,team2,Team 2 (E/W),34,86,21,♥,finished,2026-05-18T16:35:51.734327+00:00
9782,INPROC_F415ED,1,10,team2,Team 2 (E/W),49,71,29,♥,finished,2026-05-18T16:35:51.750873+00:00
9783,INPROC_3D4AD7,1,10,team1,Team 1 (N/S),65,55,8,♣,finished,2026-05-18T16:35:51.766585+00:00
9784,INPROC_2C5092,1,10,team2,Team 2 (E/W),55,65,34,♠,finished,2026-05-18T16:35:51.781719+00:00
9785,INPROC_A2E885,1,10,team1,Team 1 (N/S),75,45,7,♣,finished,2026-05-18T16:35:51.797053+00:00
9786,INPROC_389635,1,10,team2,Team 2 (E/W),39,81,1,♣,finished,2026-05-18T16:35:51.813968+00:00
9787,INPROC_4181B7,1,10,team1,Team 1 (N/S),79,41,19,♦,finished,2026-05-18T16:35:51.830838+00:00
9788,INPROC_B92771,1,10,team2,Team 2 (E/W),58,62,30,♠,finished,2026-05-18T16:35:51.847797+00:00
9789,INPROC_8BC7ED,1,10,team2,Team 2 (E/W),57,63,3,♣,finished,2026-05-18T16:35:51.864280+00:00
9790,INPROC_64D780,1,10,team2,Team 2 (E/W),39,81,8,♣,finished,2026-05-18T16:35:51.880398+00:00
9791,INPROC_1D82C2,1,10,team1,Team 1 (N/S),93,27,15,♦,finished,2026-05-18T16:35:51.896158+00:00
9792,INPROC_4067EA,1,10,team1,Team 1 (N/S),91,29,10,♦,finished,2026-05-18T16:35:51.912080+00:00
9793,INPROC_EAFA26,1,10,team1,Team 1 (N/S),82,38,22,♥,finished,2026-05-18T16:35:51.929064+00:00
9794,INPROC_D4C287,1,10,team2,Team 2 (E/W),52,68,5,♣,finished,2026-05-18T16:35:51.944426+00:00
9795,INPROC_EAF4B8,1,10,team2,Team 2 (E/W),53,67,24,♥,finished,2026-05-18T16:35:51.958636+00:00
9796,INPROC_742460,1,10,team1,Team 1 (N/S),77,43,7,♣,finished,2026-05-18T16:35:51.973722+00:00
9797,INPROC_702B4E,1,10,team2,Team 2 (E/W),43,77,16,♦,finished,2026-05-18T16:35:51.987501+00:00
9798,INPROC_E9DFD1,1,10,team1,Team 1 (N/S),67,53,24,♥,finished,2026-05-18T16:35:51.998143+00:00
9799,INPROC_013CA8,1,10,team1,Team 1 (N/S),81,39,32,♠,finished,2026-05-18T16:35:52.007286+00:00
9800,INPROC_DBA690,1,10,team1,Team 1 (N/S),102,18,20,♥,finished,2026-05-18T16:35:52.020019+00:00
9801,INPROC_E36D6C,1,10,team1,Team 1 (N/S),88,32,0,♣,finished,2026-05-18T16:35:52.032896+00:00
9802,INPROC_903A81,1,10,team1,Team 1 (N/S),90,30,26,♥,finished,2026-05-18T16:35:52.048730+00:00
9803,INPROC_CFB4BE,1,10,team1,Team 1 (N/S),84,36,9,♣,finished,2026-05-18T16:35:52.064501+00:00
9804,INPROC_66D901,1,10,draw,draw,60,60,38,♠,finished,2026-05-18T16:35:52.080084+00:00
9805,INPROC_080E68,1,10,team1,Team 1 (N/S),73,47,11,♦,finished,2026-05-18T16:35:52.098477+00:00
9806,INPROC_1809D3,1,10,team2,Team 2 (E/W),47,73,5,♣,finished,2026-05-18T16:35:52.115659+00:00
9807,INPROC_416737,1,10,team2,Team 2 (E/W),48,72,34,♠,finished,2026-05-18T16:35:52.131036+00:00
9808,INPROC_5FAB81,1,10,team1,Team 1 (N/S),77,43,38,♠,finished,2026-05-18T16:35:52.147568+00:00
9809,INPROC_0D9981,1,10,team1,Team 1 (N/S),74,46,16,♦,finished,2026-05-18T16:35:52.163295+00:00
9810,INPROC_495320,1,10,team1,Team 1 (N/S),61,59,15,♦,finished,2026-05-18T16:35:52.179094+00:00
9811,INPROC_01DFEB,1,10,team2,Team 2 (E/W),58,62,32,♠,finished,2026-05-18T16:35:52.194028+00:00
9812,INPROC_1156F2,1,10,team1,Team 1 (N/S),63,57,0,♣,finished,2026-05-18T16:35:52.209013+00:00
9813,INPROC_4126F2,1,10,team1,Team 1 (N/S),104,16,1,♣,finished,2026-05-18T16:35:52.225398+00:00
9814,INPROC_9044C5,1,10,team1,Team 1 (N/S),104,16,28,♥,finished,2026-05-18T16:35:52.241617+00:00
9815,INPROC_47240A,1,10,team2,Team 2 (E/W),40,80,5,♣,finished,2026-05-18T16:35:52.257954+00:00
9816,INPROC_2A7EE2,1,10,team1,Team 1 (N/S),72,48,38,♠,finished,2026-05-18T16:35:52.277269+00:00
9817,INPROC_2CFB38,1,10,team1,Team 1 (N/S),71,49,21,♥,finished,2026-05-18T16:35:52.294124+00:00
9818,INPROC_755134,1,10,team1,Team 1 (N/S),95,25,36,♠,finished,2026-05-18T16:35:52.309503+00:00
9819,INPROC_FECACF,1,10,team1,Team 1 (N/S),71,49,17,♦,finished,2026-05-18T16:35:52.323059+00:00
9820,INPROC_6A0D09,1,10,team1,Team 1 (N/S),106,14,28,♥,finished,2026-05-18T16:35:52.337639+00:00
9821,INPROC_5D7736,1,10,draw,draw,60,60,28,♥,finished,2026-05-18T16:35:52.351982+00:00
9822,INPROC_D43444,1,10,team1,Team 1 (N/S),117,3,17,♦,finished,2026-05-18T16:35:52.370225+00:00
9823,INPROC_AB4B8D,1,10,team2,Team 2 (E/W),43,77,4,♣,finished,2026-05-18T16:35:52.390266+00:00
9824,INPROC_894B0C,1,10,team1,Team 1 (N/S),85,35,29,♥,finished,2026-05-18T16:35:52.408227+00:00
9825,INPROC_EC1CE7,1,10,team1,Team 1 (N/S),83,37,18,♦,finished,2026-05-18T16:35:52.426480+00:00
9826,INPROC_977DE6,1,10,team1,Team 1 (N/S),85,35,5,♣,finished,2026-05-18T16:35:52.442573+00:00
9827,INPROC_5E4148,1,10,team1,Team 1 (N/S),108,12,13,♦,finished,2026-05-18T16:35:52.461059+00:00
9828,INPROC_65C91F,1,10,team2,Team 2 (E/W),55,65,5,♣,finished,2026-05-18T16:35:52.477727+00:00
9829,INPROC_B56B0B,1,10,team2,Team 2 (E/W),44,76,37,♠,finished,2026-05-18T16:35:52.494890+00:00
9830,INPROC_61AA57,1,10,team1,Team 1 (N/S),81,39,12,♦,finished,2026-05-18T16:35:52.514162+00:00
9831,INPROC_701567,1,10,team1,Team 1 (N/S),90,30,9,♣,finished,2026-05-18T16:35:52.531820+00:00
9832,INPROC_1EEEBF,1,10,team1,Team 1 (N/S),63,57,29,♥,finished,2026-05-18T16:35:52.547972+00:00
9833,INPROC_6F671D,1,10,team1,Team 1 (N/S),78,42,19,♦,finished,2026-05-18T16:35:52.563043+00:00
9834,INPROC_C1A604,1,10,team1,Team 1 (N/S),81,39,7,♣,finished,2026-05-18T16:35:52.577880+00:00
9835,INPROC_E42A12,1,10,team2,Team 2 (E/W),16,104,24,♥,finished,2026-05-18T16:35:52.587869+00:00
9836,INPROC_783328,1,10,team2,Team 2 (E/W),50,70,31,♠,finished,2026-05-18T16:35:52.599702+00:00
9837,INPROC_E83943,1,10,team1,Team 1 (N/S),93,27,37,♠,finished,2026-05-18T16:35:52.608651+00:00
9838,INPROC_72D05E,1,10,team1,Team 1 (N/S),96,24,11,♦,finished,2026-05-18T16:35:52.621206+00:00
9839,INPROC_72F1CA,1,10,team1,Team 1 (N/S),107,13,19,♦,finished,2026-05-18T16:35:52.633004+00:00
9840,INPROC_88E6CF,1,10,team2,Team 2 (E/W),51,69,9,♣,finished,2026-05-18T16:35:52.643179+00:00
9841,INPROC_0F56A8,1,10,team2,Team 2 (E/W),3,117,37,♠,finished,2026-05-18T16:35:52.653132+00:00
9842,INPROC_B00F28,1,10,team2,Team 2 (E/W),48,72,17,♦,finished,2026-05-18T16:35:52.664746+00:00
9843,INPROC_BBA018,1,10,team1,Team 1 (N/S),93,27,30,♠,finished,2026-05-18T16:35:52.674950+00:00
9844,INPROC_9DDB0C,1,10,team2,Team 2 (E/W),26,94,23,♥,finished,2026-05-18T16:35:52.686046+00:00
9845,INPROC_183CAD,1,10,draw,draw,60,60,14,♦,finished,2026-05-18T16:35:52.698716+00:00
9846,INPROC_7BB018,1,10,team1,Team 1 (N/S),68,52,10,♦,finished,2026-05-18T16:35:52.710976+00:00
9847,INPROC_D3E74E,1,10,team2,Team 2 (E/W),26,94,21,♥,finished,2026-05-18T16:35:52.721279+00:00
9848,INPROC_BE73E5,1,10,team1,Team 1 (N/S),97,23,0,♣,finished,2026-05-18T16:35:52.732039+00:00
9849,INPROC_C5694E,1,10,team1,Team 1 (N/S),97,23,22,♥,finished,2026-05-18T16:35:52.743085+00:00
9850,INPROC_154179,1,10,team2,Team 2 (E/W),40,80,26,♥,finished,2026-05-18T16:35:52.754115+00:00
9851,INPROC_5D3B15,1,10,team2,Team 2 (E/W),53,67,13,♦,finished,2026-05-18T16:35:52.765706+00:00
9852,INPROC_AF3A4D,1,10,team1,Team 1 (N/S),96,24,5,♣,finished,2026-05-18T16:35:52.777569+00:00
9853,INPROC_BD50B0,1,10,team1,Team 1 (N/S),76,44,0,♣,finished,2026-05-18T16:35:52.789513+00:00
9854,INPROC_935CE6,1,10,team2,Team 2 (E/W),54,66,24,♥,finished,2026-05-18T16:35:52.801131+00:00
9855,INPROC_D94BDD,1,10,team2,Team 2 (E/W),9,111,5,♣,finished,2026-05-18T16:35:52.813499+00:00
9856,INPROC_73A96A,1,10,team2,Team 2 (E/W),40,80,36,♠,finished,2026-05-18T16:35:52.825313+00:00
9857,INPROC_DE3A3D,1,10,team1,Team 1 (N/S),84,36,5,♣,finished,2026-05-18T16:35:52.840327+00:00
9858,INPROC_7BA5B0,1,10,team2,Team 2 (E/W),36,84,22,♥,finished,2026-05-18T16:35:52.855830+00:00
9859,INPROC_689C03,1,10,team1,Team 1 (N/S),66,54,18,♦,finished,2026-05-18T16:35:52.870273+00:00
9860,INPROC_A46E6E,1,10,team1,Team 1 (N/S),79,41,13,♦,finished,2026-05-18T16:35:52.887159+00:00
9861,INPROC_F0DDBA,1,10,team2,Team 2 (E/W),53,67,2,♣,finished,2026-05-18T16:35:52.902912+00:00
9862,INPROC_D35E10,1,10,team1,Team 1 (N/S),88,32,17,♦,finished,2026-05-18T16:35:52.919177+00:00
9863,INPROC_3BF13D,1,10,team1,Team 1 (N/S),78,42,27,♥,finished,2026-05-18T16:35:52.933666+00:00
9864,INPROC_8BB984,1,10,team2,Team 2 (E/W),58,62,0,♣,finished,2026-05-18T16:35:52.951924+00:00
9865,INPROC_DEDA8B,1,10,team1,Team 1 (N/S),100,20,34,♠,finished,2026-05-18T16:35:52.966386+00:00
9866,INPROC_8E60F9,1,10,team1,Team 1 (N/S),73,47,5,♣,finished,2026-05-18T16:35:52.976686+00:00
9867,INPROC_A80A20,1,10,draw,draw,60,60,17,♦,finished,2026-05-18T16:35:52.987939+00:00
9868,INPROC_0D92FE,1,10,team1,Team 1 (N/S),69,51,4,♣,finished,2026-05-18T16:35:53.010918+00:00
9869,INPROC_56812E,1,10,team2,Team 2 (E/W),34,86,33,♠,finished,2026-05-18T16:35:53.027286+00:00
9870,INPROC_3C5C2F,1,10,team2,Team 2 (E/W),52,68,35,♠,finished,2026-05-18T16:35:53.041673+00:00
9871,INPROC_1455C6,1,10,team1,Team 1 (N/S),90,30,36,♠,finished,2026-05-18T16:35:53.055933+00:00
9872,INPROC_D5101A,1,10,team2,Team 2 (E/W),46,74,38,♠,finished,2026-05-18T16:35:53.070619+00:00
9873,INPROC_D44DD9,1,10,team1,Team 1 (N/S),75,45,26,♥,finished,2026-05-18T16:35:53.083940+00:00
9874,INPROC_0B0EF5,1,10,team1,Team 1 (N/S),75,45,4,♣,finished,2026-05-18T16:35:53.095050+00:00
9875,INPROC_4CB7DB,1,10,team1,Team 1 (N/S),66,54,30,♠,finished,2026-05-18T16:35:53.109673+00:00
9876,INPROC_6A4B07,1,10,team1,Team 1 (N/S),65,55,33,♠,finished,2026-05-18T16:35:53.122779+00:00
9877,INPROC_BEF93F,1,10,team1,Team 1 (N/S),115,5,16,♦,finished,2026-05-18T16:35:53.133311+00:00
9878,INPROC_5F1250,1,10,team1,Team 1 (N/S),88,32,23,♥,finished,2026-05-18T16:35:53.144494+00:00
9879,INPROC_FB782B,1,10,team1,Team 1 (N/S),77,43,13,♦,finished,2026-05-18T16:35:53.158979+00:00
9880,INPROC_419CAA,1,10,team1,Team 1 (N/S),83,37,18,♦,finished,2026-05-18T16:35:53.169555+00:00
9881,INPROC_E0EADD,1,10,team1,Team 1 (N/S),72,48,25,♥,finished,2026-05-18T16:35:53.178886+00:00
9882,INPROC_E511C9,1,10,team1,Team 1 (N/S),64,56,21,♥,finished,2026-05-18T16:35:53.189802+00:00
9883,INPROC_9469E0,1,10,team2,Team 2 (E/W),41,79,38,♠,finished,2026-05-18T16:35:53.203136+00:00
9884,INPROC_2A2C19,1,10,team1,Team 1 (N/S),90,30,22,♥,finished,2026-05-18T16:35:53.219360+00:00
9885,INPROC_68FA08,1,10,team1,Team 1 (N/S),61,59,28,♥,finished,2026-05-18T16:35:53.233611+00:00
9886,INPROC_7DEC25,1,10,team1,Team 1 (N/S),69,51,7,♣,finished,2026-05-18T16:35:53.246447+00:00
9887,INPROC_0D1B83,1,10,team1,Team 1 (N/S),82,38,4,♣,finished,2026-05-18T16:35:53.259799+00:00
9888,INPROC_73CF85,1,10,team1,Team 1 (N/S),65,55,34,♠,finished,2026-05-18T16:35:53.273660+00:00
9889,INPROC_71C8DA,1,10,team1,Team 1 (N/S),73,47,26,♥,finished,2026-05-18T16:35:53.283014+00:00
9890,INPROC_30E6B9,1,10,team2,Team 2 (E/W),58,62,23,♥,finished,2026-05-18T16:35:53.292835+00:00
9891,INPROC_7B079C,1,10,team2,Team 2 (E/W),58,62,20,♥,finished,2026-05-18T16:35:53.307415+00:00
9892,INPROC_05FDDA,1,10,team1,Team 1 (N/S),65,55,30,♠,finished,2026-05-18T16:35:53.320247+00:00
9893,INPROC_F162A7,1,10,team2,Team 2 (E/W),27,93,26,♥,finished,2026-05-18T16:35:53.333462+00:00
9894,INPROC_E79401,1,10,team2,Team 2 (E/W),45,75,8,♣,finished,2026-05-18T16:35:53.348229+00:00
9895,INPROC_2D6394,1,10,team1,Team 1 (N/S),63,57,27,♥,finished,2026-05-18T16:35:53.362177+00:00
9896,INPROC_333312,1,10,team1,Team 1 (N/S),95,25,15,♦,finished,2026-05-18T16:35:53.376665+00:00
9897,INPROC_BB1EB1,1,10,team2,Team 2 (E/W),22,98,38,♠,finished,2026-05-18T16:35:53.388011+00:00
9898,INPROC_322AD9,1,10,team2,Team 2 (E/W),27,93,27,♥,finished,2026-05-18T16:35:53.402914+00:00
9899,INPROC_126C9E,1,10,team2,Team 2 (E/W),44,76,0,♣,finished,2026-05-18T16:35:53.417242+00:00
9900,INPROC_CEEABD,1,10,team2,Team 2 (E/W),36,84,7,♣,finished,2026-05-18T16:35:53.433995+00:00
9901,INPROC_E24663,1,10,team1,Team 1 (N/S),72,48,14,♦,finished,2026-05-18T16:35:53.451830+00:00
9902,INPROC_50863B,1,10,team1,Team 1 (N/S),98,22,5,♣,finished,2026-05-18T16:35:53.468508+00:00
9903,INPROC_5EE30A,1,10,team1,Team 1 (N/S),93,27,32,♠,finished,2026-05-18T16:35:53.484116+00:00
9904,INPROC_46F908,1,10,team2,Team 2 (E/W),57,63,6,♣,finished,2026-05-18T16:35:53.499878+00:00
9905,INPROC_756B72,1,10,team2,Team 2 (E/W),47,73,33,♠,finished,2026-05-18T16:35:53.514503+00:00
9906,INPROC_92AA25,1,10,team1,Team 1 (N/S),86,34,8,♣,finished,2026-05-18T16:35:53.529837+00:00
9907,INPROC_17FF7D,1,10,team2,Team 2 (E/W),56,64,22,♥,finished,2026-05-18T16:35:53.544755+00:00
9908,INPROC_697799,1,10,team2,Team 2 (E/W),57,63,29,♥,finished,2026-05-18T16:35:53.560161+00:00
9909,INPROC_472F6B,1,10,team1,Team 1 (N/S),76,44,13,♦,finished,2026-05-18T16:35:53.572946+00:00
9910,INPROC_B308C8,1,10,team2,Team 2 (E/W),42,78,24,♥,finished,2026-05-18T16:35:53.586212+00:00
9911,INPROC_3FD271,1,10,team2,Team 2 (E/W),49,71,9,♣,finished,2026-05-18T16:35:53.598940+00:00
9912,INPROC_6BC7E6,1,10,team2,Team 2 (E/W),50,70,38,♠,finished,2026-05-18T16:35:53.611267+00:00
9913,INPROC_436011,1,10,team1,Team 1 (N/S),85,35,23,♥,finished,2026-05-18T16:35:53.625041+00:00
9914,INPROC_793471,1,10,team1,Team 1 (N/S),67,53,12,♦,finished,2026-05-18T16:35:53.639363+00:00
9915,INPROC_329820,1,10,team1,Team 1 (N/S),81,39,22,♥,finished,2026-05-18T16:35:53.654431+00:00
9916,INPROC_C93E3B,1,10,team1,Team 1 (N/S),113,7,0,♣,finished,2026-05-18T16:35:53.669407+00:00
9917,INPROC_072756,1,10,team1,Team 1 (N/S),90,30,38,♠,finished,2026-05-18T16:35:53.684194+00:00
9918,INPROC_02CF8A,1,10,team1,Team 1 (N/S),78,42,31,♠,finished,2026-05-18T16:35:53.698559+00:00
9919,INPROC_983383,1,10,team1,Team 1 (N/S),90,30,11,♦,finished,2026-05-18T16:35:53.711616+00:00
9920,INPROC_5EBC52,1,10,team2,Team 2 (E/W),44,76,26,♥,finished,2026-05-18T16:35:53.724309+00:00
9921,INPROC_53E22C,1,10,team2,Team 2 (E/W),40,80,31,♠,finished,2026-05-18T16:35:53.736351+00:00
9922,INPROC_AC6F29,1,10,team1,Team 1 (N/S),86,34,14,♦,finished,2026-05-18T16:35:53.751599+00:00
9923,INPROC_F528FB,1,10,team2,Team 2 (E/W),54,66,24,♥,finished,2026-05-18T16:35:53.766073+00:00
9924,INPROC_EDFDB2,1,10,team1,Team 1 (N/S),93,27,30,♠,finished,2026-05-18T16:35:53.781623+00:00
9925,INPROC_23F995,1,10,team1,Team 1 (N/S),74,46,34,♠,finished,2026-05-18T16:35:53.796532+00:00
9926,INPROC_A68589,1,10,team1,Team 1 (N/S),65,55,12,♦,finished,2026-05-18T16:35:53.812994+00:00
9927,INPROC_411035,1,10,team1,Team 1 (N/S),63,57,9,♣,finished,2026-05-18T16:35:53.826561+00:00
9928,INPROC_994210,1,10,team1,Team 1 (N/S),77,43,38,♠,finished,2026-05-18T16:35:53.839165+00:00
9929,INPROC_001211,1,10,team1,Team 1 (N/S),82,38,6,♣,finished,2026-05-18T16:35:53.850462+00:00
9930,INPROC_E5C294,1,10,team2,Team 2 (E/W),50,70,34,♠,finished,2026-05-18T16:35:53.863926+00:00
9931,INPROC_B1F9C1,1,10,team2,Team 2 (E/W),30,90,26,♥,finished,2026-05-18T16:35:53.875729+00:00
9932,INPROC_C105EF,1,10,team1,Team 1 (N/S),74,46,21,♥,finished,2026-05-18T16:35:53.889489+00:00
9933,INPROC_77C1CB,1,10,team1,Team 1 (N/S),94,26,4,♣,finished,2026-05-18T16:35:53.899393+00:00
9934,INPROC_B175F5,1,10,team1,Team 1 (N/S),108,12,20,♥,finished,2026-05-18T16:35:53.914210+00:00
9935,INPROC_70D05D,1,10,team1,Team 1 (N/S),74,46,10,♦,finished,2026-05-18T16:35:53.925917+00:00
9936,INPROC_0EB7D7,1,10,team1,Team 1 (N/S),83,37,32,♠,finished,2026-05-18T16:35:53.939268+00:00
9937,INPROC_219D76,1,10,team1,Team 1 (N/S),105,15,21,♥,finished,2026-05-18T16:35:53.955911+00:00
9938,INPROC_4025A8,1,10,team1,Team 1 (N/S),64,56,0,♣,finished,2026-05-18T16:35:53.972021+00:00
9939,INPROC_A05AA6,1,10,team1,Team 1 (N/S),74,46,5,♣,finished,2026-05-18T16:35:53.986458+00:00
9940,INPROC_A41F3B,1,10,team2,Team 2 (E/W),53,67,8,♣,finished,2026-05-18T16:35:54.002099+00:00
9941,INPROC_5244C3,1,10,team2,Team 2 (E/W),49,71,32,♠,finished,2026-05-18T16:35:54.016514+00:00
9942,INPROC_E99898,1,10,team2,Team 2 (E/W),48,72,6,♣,finished,2026-05-18T16:35:54.029139+00:00
9943,INPROC_5D8693,1,10,team1,Team 1 (N/S),79,41,20,♥,finished,2026-05-18T16:35:54.042579+00:00
9944,INPROC_029A0B,1,10,team2,Team 2 (E/W),57,63,28,♥,finished,2026-05-18T16:35:54.057819+00:00
9945,INPROC_E1E57F,1,10,team1,Team 1 (N/S),62,58,31,♠,finished,2026-05-18T16:35:54.072345+00:00
9946,INPROC_693D20,1,10,team1,Team 1 (N/S),70,50,23,♥,finished,2026-05-18T16:35:54.084599+00:00
9947,INPROC_B06B20,1,10,team2,Team 2 (E/W),26,94,0,♣,finished,2026-05-18T16:35:54.095234+00:00
9948,INPROC_BDCE6F,1,10,team2,Team 2 (E/W),36,84,34,♠,finished,2026-05-18T16:35:54.111299+00:00
9949,INPROC_962FC6,1,10,team2,Team 2 (E/W),58,62,16,♦,finished,2026-05-18T16:35:54.126627+00:00
9950,INPROC_5EE2F3,1,10,team1,Team 1 (N/S),94,26,26,♥,finished,2026-05-18T16:35:54.143585+00:00
9951,INPROC_F40573,1,10,team1,Team 1 (N/S),82,38,32,♠,finished,2026-05-18T16:35:54.159493+00:00
9952,INPROC_711695,1,10,team2,Team 2 (E/W),44,76,13,♦,finished,2026-05-18T16:35:54.176624+00:00
9953,INPROC_33FE61,1,10,team1,Team 1 (N/S),94,26,2,♣,finished,2026-05-18T16:35:54.191156+00:00
9954,INPROC_8ED6D7,1,10,team1,Team 1 (N/S),75,45,1,♣,finished,2026-05-18T16:35:54.204460+00:00
9955,INPROC_B649C3,1,10,team1,Team 1 (N/S),94,26,35,♠,finished,2026-05-18T16:35:54.218197+00:00
9956,INPROC_BD14FD,1,10,team2,Team 2 (E/W),38,82,36,♠,finished,2026-05-18T16:35:54.235144+00:00
9957,INPROC_0832C5,1,10,team1,Team 1 (N/S),101,19,11,♦,finished,2026-05-18T16:35:54.249692+00:00
9958,INPROC_2992D1,1,10,team1,Team 1 (N/S),65,55,37,♠,finished,2026-05-18T16:35:54.261456+00:00
9959,INPROC_77F38C,1,10,team1,Team 1 (N/S),85,35,22,♥,finished,2026-05-18T16:35:54.276053+00:00
9960,INPROC_E3E809,1,10,team2,Team 2 (E/W),40,80,6,♣,finished,2026-05-18T16:35:54.289907+00:00
9961,INPROC_57CB0D,1,10,team2,Team 2 (E/W),57,63,28,♥,finished,2026-05-18T16:35:54.302597+00:00
9962,INPROC_276353,1,10,team2,Team 2 (E/W),49,71,19,♦,finished,2026-05-18T16:35:54.317004+00:00
9963,INPROC_32646B,1,10,team1,Team 1 (N/S),98,22,30,♠,finished,2026-05-18T16:35:54.332429+00:00
9964,INPROC_A087BB,1,10,team1,Team 1 (N/S),88,32,0,♣,finished,2026-05-18T16:35:54.346181+00:00
9965,INPROC_9F8034,1,10,team2,Team 2 (E/W),52,68,25,♥,finished,2026-05-18T16:35:54.362471+00:00
9966,INPROC_B659A5,1,10,team1,Team 1 (N/S),86,34,12,♦,finished,2026-05-18T16:35:54.378662+00:00
9967,INPROC_DD4F86,1,10,team1,Team 1 (N/S),67,53,3,♣,finished,2026-05-18T16:35:54.393480+00:00
9968,INPROC_D0A7F2,1,10,team1,Team 1 (N/S),73,47,2,♣,finished,2026-05-18T16:35:54.410617+00:00
9969,INPROC_4E6232,1,10,team2,Team 2 (E/W),41,79,22,♥,finished,2026-05-18T16:35:54.428045+00:00
9970,INPROC_E86DCB,1,10,team2,Team 2 (E/W),42,78,13,♦,finished,2026-05-18T16:35:54.444353+00:00
9971,INPROC_9DA151,1,10,team1,Team 1 (N/S),81,39,25,♥,finished,2026-05-18T16:35:54.458954+00:00
9972,INPROC_F07F7B,1,10,team1,Team 1 (N/S),69,51,14,♦,finished,2026-05-18T16:35:54.474570+00:00
9973,INPROC_7A7203,1,10,team1,Team 1 (N/S),105,15,37,♠,finished,2026-05-18T16:35:54.492503+00:00
9974,INPROC_B00379,1,10,team1,Team 1 (N/S),108,12,30,♠,finished,2026-05-18T16:35:54.505020+00:00
9975,INPROC_C05C2F,1,10,team1,Team 1 (N/S),101,19,17,♦,finished,2026-05-18T16:35:54.516749+00:00
9976,INPROC_C7944B,1,10,team1,Team 1 (N/S),71,49,7,♣,finished,2026-05-18T16:35:54.529640+00:00
9977,INPROC_61F5EF,1,10,team1,Team 1 (N/S),81,39,23,♥,finished,2026-05-18T16:35:54.543592+00:00
9978,INPROC_2C771C,1,10,team1,Team 1 (N/S),98,22,37,♠,finished,2026-05-18T16:35:54.558337+00:00
9979,INPROC_CFF324,1,10,team2,Team 2 (E/W),56,64,12,♦,finished,2026-05-18T16:35:54.574146+00:00
9980,INPROC_33F2B9,1,10,team1,Team 1 (N/S),96,24,31,♠,finished,2026-05-18T16:35:54.588285+00:00
9981,INPROC_AD14AC,1,10,team1,Team 1 (N/S),69,51,22,♥,finished,2026-05-18T16:35:54.603061+00:00
9982,INPROC_4ED4E9,1,10,team2,Team 2 (E/W),56,64,23,♥,finished,2026-05-18T16:35:54.620725+00:00
9983,INPROC_0924D1,1,10,team1,Team 1 (N/S),65,55,1,♣,finished,2026-05-18T16:35:54.638990+00:00
9984,INPROC_786EB3,1,10,team1,Team 1 (N/S),66,54,39,♠,finished,2026-05-18T16:35:54.655512+00:00
9985,INPROC_131DE7,1,10,team2,Team 2 (E/W),43,77,28,♥,finished,2026-05-18T16:35:54.669890+00:00
9986,INPROC_D7AE17,1,10,team1,Team 1 (N/S),99,21,25,♥,finished,2026-05-18T16:35:54.684660+00:00
9987,INPROC_F82357,1,10,team2,Team 2 (E/W),49,71,39,♠,finished,2026-05-18T16:35:54.701299+00:00
9988,INPROC_D1BB3B,1,10,team2,Team 2 (E/W),35,85,17,♦,finished,2026-05-18T16:35:54.716009+00:00
9989,INPROC_679195,1,10,team1,Team 1 (N/S),78,42,29,♥,finished,2026-05-18T16:35:54.732455+00:00
9990,INPROC_155B92,1,10,team1,Team 1 (N/S),73,47,11,♦,finished,2026-05-18T16:35:54.749297+00:00
9991,INPROC_4B8CCC,1,10,team1,Team 1 (N/S),85,35,27,♥,finished,2026-05-18T16:35:54.765302+00:00
9992,INPROC_72478C,1,10,team1,Team 1 (N/S),88,32,7,♣,finished,2026-05-18T16:35:54.781733+00:00
9993,INPROC_05B34E,1,10,team1,Team 1 (N/S),84,36,32,♠,finished,2026-05-18T16:35:54.790824+00:00
9994,INPROC_3857B7,1,10,team1,Team 1 (N/S),86,34,16,♦,finished,2026-05-18T16:35:54.800595+00:00
9995,INPROC_822FFD,1,10,team1,Team 1 (N/S),78,42,22,♥,finished,2026-05-18T16:35:54.809970+00:00
9996,INPROC_DBE12F,1,10,team2,Team 2 (E/W),57,63,31,♠,finished,2026-05-18T16:35:54.821583+00:00
9997,INPROC_7752A2,1,10,team2,Team 2 (E/W),36,84,17,♦,finished,2026-05-18T16:35:54.832569+00:00
9998,INPROC_CED65C,1,10,team1,Team 1 (N/S),95,25,32,♠,finished,2026-05-18T16:35:54.845850+00:00
9999,INPROC_891B5E,1,10,team1,Team 1 (N/S),95,25,16,♦,finished,2026-05-18T16:35:54.860389+00:00
10000,INPROC_905004,1,10,team1,Team 1 (N/S),101,19,25,♥,finished,2026-05-18T16:35:54.876373+00:00
