game_number,game_id,match_number,rounds_played,winner_team,winner_label,team1_score,team2_score,trump_card,trump_suit,phase,finished_at
1,INPROC_B89CB3,1,10,draw,draw,60,60,39,♠,finished,2026-05-17T19:25:57.743224+00:00
2,INPROC_3D1F68,1,10,team2,Team 2 (E/W),13,107,11,♦,finished,2026-05-17T19:25:57.756226+00:00
3,INPROC_0568E3,1,10,team2,Team 2 (E/W),35,85,29,♥,finished,2026-05-17T19:25:57.773034+00:00
4,INPROC_8FAE5C,1,10,team2,Team 2 (E/W),28,92,9,♣,finished,2026-05-17T19:25:57.788950+00:00
5,INPROC_C1096C,1,10,team2,Team 2 (E/W),43,77,26,♥,finished,2026-05-17T19:25:57.806091+00:00
6,INPROC_4F2A5D,1,10,team1,Team 1 (N/S),74,46,35,♠,finished,2026-05-17T19:25:57.821408+00:00
7,INPROC_471842,1,10,team1,Team 1 (N/S),66,54,4,♣,finished,2026-05-17T19:25:57.839450+00:00
8,INPROC_829D04,1,10,team1,Team 1 (N/S),75,45,15,♦,finished,2026-05-17T19:25:57.858862+00:00
9,INPROC_99B626,1,10,team2,Team 2 (E/W),57,63,3,♣,finished,2026-05-17T19:25:57.878220+00:00
10,INPROC_17C693,1,10,team1,Team 1 (N/S),75,45,8,♣,finished,2026-05-17T19:25:57.893510+00:00
11,INPROC_EC70C6,1,10,team1,Team 1 (N/S),71,49,11,♦,finished,2026-05-17T19:25:57.913173+00:00
12,INPROC_8EC51A,1,10,draw,draw,60,60,13,♦,finished,2026-05-17T19:25:57.929705+00:00
13,INPROC_65707E,1,10,team2,Team 2 (E/W),0,120,10,♦,finished,2026-05-17T19:25:57.945822+00:00
14,INPROC_B6B142,1,10,team1,Team 1 (N/S),76,44,10,♦,finished,2026-05-17T19:25:57.963680+00:00
15,INPROC_D04761,1,10,team1,Team 1 (N/S),81,39,3,♣,finished,2026-05-17T19:25:57.980470+00:00
16,INPROC_D8D252,1,10,team2,Team 2 (E/W),48,72,38,♠,finished,2026-05-17T19:25:57.996744+00:00
17,INPROC_8235A1,1,10,team2,Team 2 (E/W),53,67,26,♥,finished,2026-05-17T19:25:58.013904+00:00
18,INPROC_A4AE8B,1,10,team2,Team 2 (E/W),59,61,11,♦,finished,2026-05-17T19:25:58.033112+00:00
19,INPROC_1015BF,1,10,team2,Team 2 (E/W),54,66,38,♠,finished,2026-05-17T19:25:58.050702+00:00
20,INPROC_D6BCC6,1,10,team2,Team 2 (E/W),32,88,29,♥,finished,2026-05-17T19:25:58.068261+00:00
21,INPROC_F58E48,1,10,team1,Team 1 (N/S),76,44,21,♥,finished,2026-05-17T19:25:58.085446+00:00
22,INPROC_FCA572,1,10,team1,Team 1 (N/S),81,39,32,♠,finished,2026-05-17T19:25:58.101753+00:00
23,INPROC_6369F1,1,10,team1,Team 1 (N/S),74,46,10,♦,finished,2026-05-17T19:25:58.117956+00:00
24,INPROC_1C8B5F,1,10,team1,Team 1 (N/S),83,37,39,♠,finished,2026-05-17T19:25:58.132127+00:00
25,INPROC_E474A0,1,10,team2,Team 2 (E/W),43,77,1,♣,finished,2026-05-17T19:25:58.148314+00:00
26,INPROC_8E3062,1,10,team2,Team 2 (E/W),56,64,24,♥,finished,2026-05-17T19:25:58.164445+00:00
27,INPROC_426BB0,1,10,team2,Team 2 (E/W),37,83,37,♠,finished,2026-05-17T19:25:58.181652+00:00
28,INPROC_7790EE,1,10,team1,Team 1 (N/S),75,45,3,♣,finished,2026-05-17T19:25:58.197853+00:00
29,INPROC_3014AB,1,10,team2,Team 2 (E/W),58,62,31,♠,finished,2026-05-17T19:25:58.212338+00:00
30,INPROC_5F1562,1,10,team2,Team 2 (E/W),32,88,14,♦,finished,2026-05-17T19:25:58.228979+00:00
31,INPROC_192920,1,10,team2,Team 2 (E/W),53,67,10,♦,finished,2026-05-17T19:25:58.266952+00:00
32,INPROC_D9A410,1,10,team1,Team 1 (N/S),71,49,27,♥,finished,2026-05-17T19:25:58.291849+00:00
33,INPROC_F67AFF,1,10,team1,Team 1 (N/S),65,55,3,♣,finished,2026-05-17T19:25:58.314036+00:00
34,INPROC_7BE665,1,10,team1,Team 1 (N/S),76,44,32,♠,finished,2026-05-17T19:25:58.331693+00:00
35,INPROC_D30A4B,1,10,team2,Team 2 (E/W),32,88,34,♠,finished,2026-05-17T19:25:58.344595+00:00
36,INPROC_30DDA8,1,10,team1,Team 1 (N/S),68,52,9,♣,finished,2026-05-17T19:25:58.361081+00:00
37,INPROC_D7476C,1,10,team2,Team 2 (E/W),51,69,12,♦,finished,2026-05-17T19:25:58.377718+00:00
38,INPROC_21645F,1,10,team2,Team 2 (E/W),47,73,1,♣,finished,2026-05-17T19:25:58.394842+00:00
39,INPROC_E37822,1,10,team2,Team 2 (E/W),49,71,1,♣,finished,2026-05-17T19:25:58.410500+00:00
40,INPROC_1432AC,1,10,team2,Team 2 (E/W),53,67,9,♣,finished,2026-05-17T19:25:58.427233+00:00
41,INPROC_7AC872,1,10,team2,Team 2 (E/W),53,67,0,♣,finished,2026-05-17T19:25:58.442776+00:00
42,INPROC_517D96,1,10,team2,Team 2 (E/W),19,101,15,♦,finished,2026-05-17T19:25:58.459994+00:00
43,INPROC_D0B880,1,10,team2,Team 2 (E/W),42,78,29,♥,finished,2026-05-17T19:25:58.474480+00:00
44,INPROC_A0B012,1,10,team2,Team 2 (E/W),56,64,25,♥,finished,2026-05-17T19:25:58.491862+00:00
45,INPROC_BE468B,1,10,team2,Team 2 (E/W),50,70,29,♥,finished,2026-05-17T19:25:58.508554+00:00
46,INPROC_2F7E80,1,10,team2,Team 2 (E/W),9,111,21,♥,finished,2026-05-17T19:25:58.524618+00:00
47,INPROC_14A3B7,1,10,team1,Team 1 (N/S),91,29,7,♣,finished,2026-05-17T19:25:58.546252+00:00
48,INPROC_25038C,1,10,team1,Team 1 (N/S),77,43,9,♣,finished,2026-05-17T19:25:58.563230+00:00
49,INPROC_0691FA,1,10,team2,Team 2 (E/W),34,86,28,♥,finished,2026-05-17T19:25:58.579178+00:00
50,INPROC_AB918E,1,10,team2,Team 2 (E/W),22,98,38,♠,finished,2026-05-17T19:25:58.595513+00:00
51,INPROC_0736D3,1,10,team1,Team 1 (N/S),76,44,11,♦,finished,2026-05-17T19:25:58.610325+00:00
52,INPROC_F1BAD4,1,10,team1,Team 1 (N/S),93,27,17,♦,finished,2026-05-17T19:25:58.627717+00:00
53,INPROC_403257,1,10,team2,Team 2 (E/W),29,91,1,♣,finished,2026-05-17T19:25:58.641882+00:00
54,INPROC_3C7FCE,1,10,team2,Team 2 (E/W),59,61,35,♠,finished,2026-05-17T19:25:58.657775+00:00
55,INPROC_30D4F9,1,10,team1,Team 1 (N/S),73,47,30,♠,finished,2026-05-17T19:25:58.671729+00:00
56,INPROC_3F805C,1,10,team2,Team 2 (E/W),36,84,16,♦,finished,2026-05-17T19:25:58.684798+00:00
57,INPROC_3CE591,1,10,team1,Team 1 (N/S),78,42,28,♥,finished,2026-05-17T19:25:58.699460+00:00
58,INPROC_E52BBD,1,10,team1,Team 1 (N/S),61,59,2,♣,finished,2026-05-17T19:25:58.718581+00:00
59,INPROC_9A4F7E,1,10,team2,Team 2 (E/W),28,92,18,♦,finished,2026-05-17T19:25:58.733937+00:00
60,INPROC_AB2BD1,1,10,team2,Team 2 (E/W),59,61,7,♣,finished,2026-05-17T19:25:58.750670+00:00
61,INPROC_B12D0D,1,10,team1,Team 1 (N/S),79,41,12,♦,finished,2026-05-17T19:25:58.767268+00:00
62,INPROC_D4212A,1,10,team1,Team 1 (N/S),82,38,5,♣,finished,2026-05-17T19:25:58.784772+00:00
63,INPROC_7AF8F0,1,10,team1,Team 1 (N/S),78,42,38,♠,finished,2026-05-17T19:25:58.802084+00:00
64,INPROC_E4600C,1,10,draw,draw,60,60,28,♥,finished,2026-05-17T19:25:58.816548+00:00
65,INPROC_A1EBE0,1,10,team1,Team 1 (N/S),63,57,4,♣,finished,2026-05-17T19:25:58.828466+00:00
66,INPROC_2042A0,1,10,team1,Team 1 (N/S),65,55,30,♠,finished,2026-05-17T19:25:58.845154+00:00
67,INPROC_482BC9,1,10,team2,Team 2 (E/W),38,82,9,♣,finished,2026-05-17T19:25:58.861529+00:00
68,INPROC_331522,1,10,team2,Team 2 (E/W),59,61,33,♠,finished,2026-05-17T19:25:58.879488+00:00
69,INPROC_24F9EC,1,10,team1,Team 1 (N/S),102,18,25,♥,finished,2026-05-17T19:25:58.898184+00:00
70,INPROC_A4E38E,1,10,team2,Team 2 (E/W),45,75,17,♦,finished,2026-05-17T19:25:58.913788+00:00
71,INPROC_FF2BEC,1,10,draw,draw,60,60,37,♠,finished,2026-05-17T19:25:58.931483+00:00
72,INPROC_E5E1A0,1,10,team1,Team 1 (N/S),90,30,32,♠,finished,2026-05-17T19:25:58.943746+00:00
73,INPROC_CCEBA0,1,10,team1,Team 1 (N/S),93,27,20,♥,finished,2026-05-17T19:25:58.955957+00:00
74,INPROC_DC266F,1,10,team1,Team 1 (N/S),72,48,20,♥,finished,2026-05-17T19:25:58.969441+00:00
75,INPROC_22A0E6,1,10,team2,Team 2 (E/W),36,84,2,♣,finished,2026-05-17T19:25:58.983043+00:00
76,INPROC_8710E1,1,10,team2,Team 2 (E/W),50,70,30,♠,finished,2026-05-17T19:25:58.996543+00:00
77,INPROC_8C10BD,1,10,team1,Team 1 (N/S),62,58,27,♥,finished,2026-05-17T19:25:59.012579+00:00
78,INPROC_73BAA8,1,10,team2,Team 2 (E/W),51,69,7,♣,finished,2026-05-17T19:25:59.031014+00:00
79,INPROC_A08436,1,10,team2,Team 2 (E/W),34,86,28,♥,finished,2026-05-17T19:25:59.047455+00:00
80,INPROC_94088C,1,10,team1,Team 1 (N/S),76,44,26,♥,finished,2026-05-17T19:25:59.064316+00:00
81,INPROC_2DA8B2,1,10,team2,Team 2 (E/W),48,72,7,♣,finished,2026-05-17T19:25:59.079862+00:00
82,INPROC_A94996,1,10,team1,Team 1 (N/S),94,26,28,♥,finished,2026-05-17T19:25:59.094498+00:00
83,INPROC_45527F,1,10,team1,Team 1 (N/S),72,48,12,♦,finished,2026-05-17T19:25:59.107971+00:00
84,INPROC_707E03,1,10,team1,Team 1 (N/S),114,6,3,♣,finished,2026-05-17T19:25:59.124785+00:00
85,INPROC_D9B30E,1,10,team2,Team 2 (E/W),51,69,39,♠,finished,2026-05-17T19:25:59.142726+00:00
86,INPROC_745E08,1,10,team2,Team 2 (E/W),42,78,4,♣,finished,2026-05-17T19:25:59.161084+00:00
87,INPROC_B3E365,1,10,team1,Team 1 (N/S),64,56,14,♦,finished,2026-05-17T19:25:59.175184+00:00
88,INPROC_F3028D,1,10,team2,Team 2 (E/W),55,65,8,♣,finished,2026-05-17T19:25:59.193515+00:00
89,INPROC_31E41E,1,10,team1,Team 1 (N/S),91,29,13,♦,finished,2026-05-17T19:25:59.210460+00:00
90,INPROC_2453DF,1,10,draw,draw,60,60,15,♦,finished,2026-05-17T19:25:59.226076+00:00
91,INPROC_1DB5AB,1,10,team2,Team 2 (E/W),35,85,22,♥,finished,2026-05-17T19:25:59.243303+00:00
92,INPROC_DC1CEA,1,10,team1,Team 1 (N/S),82,38,36,♠,finished,2026-05-17T19:25:59.261126+00:00
93,INPROC_C77998,1,10,team2,Team 2 (E/W),51,69,26,♥,finished,2026-05-17T19:25:59.274533+00:00
94,INPROC_E5501B,1,10,team2,Team 2 (E/W),47,73,7,♣,finished,2026-05-17T19:25:59.287613+00:00
95,INPROC_A06AF8,1,10,team2,Team 2 (E/W),10,110,31,♠,finished,2026-05-17T19:25:59.301828+00:00
96,INPROC_7BCD24,1,10,team2,Team 2 (E/W),34,86,25,♥,finished,2026-05-17T19:25:59.317233+00:00
97,INPROC_896DB9,1,10,team1,Team 1 (N/S),75,45,22,♥,finished,2026-05-17T19:25:59.331408+00:00
98,INPROC_CD292C,1,10,team2,Team 2 (E/W),47,73,20,♥,finished,2026-05-17T19:25:59.346237+00:00
99,INPROC_E91BF6,1,10,team2,Team 2 (E/W),47,73,35,♠,finished,2026-05-17T19:25:59.357290+00:00
100,INPROC_897DC7,1,10,team2,Team 2 (E/W),11,109,4,♣,finished,2026-05-17T19:25:59.369227+00:00
101,INPROC_23DB37,1,10,team2,Team 2 (E/W),32,88,1,♣,finished,2026-05-17T19:25:59.383512+00:00
102,INPROC_265C21,1,10,team1,Team 1 (N/S),66,54,13,♦,finished,2026-05-17T19:25:59.398966+00:00
103,INPROC_324F30,1,10,draw,draw,60,60,10,♦,finished,2026-05-17T19:25:59.415742+00:00
104,INPROC_816A31,1,10,team1,Team 1 (N/S),80,40,14,♦,finished,2026-05-17T19:25:59.433158+00:00
105,INPROC_D0FDC0,1,10,team1,Team 1 (N/S),99,21,25,♥,finished,2026-05-17T19:25:59.450903+00:00
106,INPROC_7B0CF8,1,10,team1,Team 1 (N/S),72,48,9,♣,finished,2026-05-17T19:25:59.467275+00:00
107,INPROC_85109E,1,10,team2,Team 2 (E/W),58,62,10,♦,finished,2026-05-17T19:25:59.484826+00:00
108,INPROC_7FB55C,1,10,team1,Team 1 (N/S),111,9,30,♠,finished,2026-05-17T19:25:59.500717+00:00
109,INPROC_AEB0C4,1,10,team2,Team 2 (E/W),27,93,35,♠,finished,2026-05-17T19:25:59.517057+00:00
110,INPROC_04AE35,1,10,team1,Team 1 (N/S),80,40,22,♥,finished,2026-05-17T19:25:59.531995+00:00
111,INPROC_C38639,1,10,team2,Team 2 (E/W),54,66,16,♦,finished,2026-05-17T19:25:59.547499+00:00
112,INPROC_B701BA,1,10,team2,Team 2 (E/W),54,66,2,♣,finished,2026-05-17T19:25:59.561984+00:00
113,INPROC_6A580C,1,10,team1,Team 1 (N/S),71,49,10,♦,finished,2026-05-17T19:25:59.578944+00:00
114,INPROC_5BE239,1,10,team2,Team 2 (E/W),39,81,21,♥,finished,2026-05-17T19:25:59.598127+00:00
115,INPROC_E17E07,1,10,team2,Team 2 (E/W),59,61,35,♠,finished,2026-05-17T19:25:59.612688+00:00
116,INPROC_4BE80C,1,10,team2,Team 2 (E/W),26,94,15,♦,finished,2026-05-17T19:25:59.627392+00:00
117,INPROC_D54D99,1,10,team2,Team 2 (E/W),49,71,3,♣,finished,2026-05-17T19:25:59.643629+00:00
118,INPROC_9B844F,1,10,team1,Team 1 (N/S),118,2,32,♠,finished,2026-05-17T19:25:59.661032+00:00
119,INPROC_18B098,1,10,team2,Team 2 (E/W),41,79,1,♣,finished,2026-05-17T19:25:59.678259+00:00
120,INPROC_6234E5,1,10,team2,Team 2 (E/W),40,80,32,♠,finished,2026-05-17T19:25:59.694473+00:00
121,INPROC_3FF5A5,1,10,team1,Team 1 (N/S),107,13,13,♦,finished,2026-05-17T19:25:59.710275+00:00
122,INPROC_FCFE37,1,10,team1,Team 1 (N/S),62,58,23,♥,finished,2026-05-17T19:25:59.727114+00:00
123,INPROC_42603A,1,10,team2,Team 2 (E/W),45,75,28,♥,finished,2026-05-17T19:25:59.745139+00:00
124,INPROC_7385FE,1,10,team2,Team 2 (E/W),56,64,30,♠,finished,2026-05-17T19:25:59.761522+00:00
125,INPROC_D22A38,1,10,team1,Team 1 (N/S),67,53,6,♣,finished,2026-05-17T19:25:59.781175+00:00
126,INPROC_21D672,1,10,draw,draw,60,60,11,♦,finished,2026-05-17T19:25:59.797471+00:00
127,INPROC_9D2A92,1,10,team2,Team 2 (E/W),55,65,35,♠,finished,2026-05-17T19:25:59.812483+00:00
128,INPROC_04E2CB,1,10,team2,Team 2 (E/W),25,95,33,♠,finished,2026-05-17T19:25:59.828163+00:00
129,INPROC_9D8D50,1,10,team2,Team 2 (E/W),56,64,22,♥,finished,2026-05-17T19:25:59.847764+00:00
130,INPROC_C9C95B,1,10,team2,Team 2 (E/W),59,61,6,♣,finished,2026-05-17T19:25:59.863330+00:00
131,INPROC_684512,1,10,team1,Team 1 (N/S),88,32,29,♥,finished,2026-05-17T19:25:59.878497+00:00
132,INPROC_F29935,1,10,team2,Team 2 (E/W),38,82,21,♥,finished,2026-05-17T19:25:59.893857+00:00
133,INPROC_539C80,1,10,team1,Team 1 (N/S),75,45,30,♠,finished,2026-05-17T19:25:59.914294+00:00
134,INPROC_DE1C5C,1,10,team1,Team 1 (N/S),68,52,16,♦,finished,2026-05-17T19:25:59.935322+00:00
135,INPROC_32222C,1,10,team2,Team 2 (E/W),0,120,31,♠,finished,2026-05-17T19:25:59.949621+00:00
136,INPROC_558BEB,1,10,team2,Team 2 (E/W),51,69,1,♣,finished,2026-05-17T19:25:59.969224+00:00
137,INPROC_67C9B8,1,10,team2,Team 2 (E/W),42,78,20,♥,finished,2026-05-17T19:25:59.987682+00:00
138,INPROC_EF2383,1,10,team1,Team 1 (N/S),73,47,24,♥,finished,2026-05-17T19:26:00.003019+00:00
139,INPROC_16BB1A,1,10,team2,Team 2 (E/W),41,79,18,♦,finished,2026-05-17T19:26:00.021878+00:00
140,INPROC_56E2EF,1,10,team2,Team 2 (E/W),30,90,7,♣,finished,2026-05-17T19:26:00.040998+00:00
141,INPROC_F56B35,1,10,team2,Team 2 (E/W),48,72,1,♣,finished,2026-05-17T19:26:00.055113+00:00
142,INPROC_9B0CAE,1,10,team2,Team 2 (E/W),35,85,3,♣,finished,2026-05-17T19:26:00.072614+00:00
143,INPROC_B8490E,1,10,team1,Team 1 (N/S),114,6,24,♥,finished,2026-05-17T19:26:00.090161+00:00
144,INPROC_DEAA56,1,10,team1,Team 1 (N/S),84,36,31,♠,finished,2026-05-17T19:26:00.107640+00:00
145,INPROC_34D82E,1,10,team2,Team 2 (E/W),18,102,18,♦,finished,2026-05-17T19:26:00.123844+00:00
146,INPROC_F675F4,1,10,team2,Team 2 (E/W),22,98,6,♣,finished,2026-05-17T19:26:00.138190+00:00
147,INPROC_5A7766,1,10,team2,Team 2 (E/W),33,87,33,♠,finished,2026-05-17T19:26:00.154823+00:00
148,INPROC_6C3B29,1,10,team2,Team 2 (E/W),35,85,29,♥,finished,2026-05-17T19:26:00.174139+00:00
149,INPROC_D3EC48,1,10,team1,Team 1 (N/S),76,44,3,♣,finished,2026-05-17T19:26:00.190418+00:00
150,INPROC_C55277,1,10,team1,Team 1 (N/S),72,48,26,♥,finished,2026-05-17T19:26:00.205297+00:00
151,INPROC_BFB4AF,1,10,team2,Team 2 (E/W),36,84,8,♣,finished,2026-05-17T19:26:00.224831+00:00
152,INPROC_32080B,1,10,team2,Team 2 (E/W),46,74,33,♠,finished,2026-05-17T19:26:00.245508+00:00
153,INPROC_627E00,1,10,team1,Team 1 (N/S),66,54,9,♣,finished,2026-05-17T19:26:00.262690+00:00
154,INPROC_5CE9E7,1,10,team1,Team 1 (N/S),61,59,34,♠,finished,2026-05-17T19:26:00.282832+00:00
155,INPROC_94CD43,1,10,team2,Team 2 (E/W),52,68,37,♠,finished,2026-05-17T19:26:00.296862+00:00
156,INPROC_3B0CAD,1,10,team2,Team 2 (E/W),20,100,31,♠,finished,2026-05-17T19:26:00.317858+00:00
157,INPROC_E42918,1,10,draw,draw,60,60,8,♣,finished,2026-05-17T19:26:00.336616+00:00
158,INPROC_7B67A5,1,10,team2,Team 2 (E/W),22,98,31,♠,finished,2026-05-17T19:26:00.359004+00:00
159,INPROC_95A3AE,1,10,team2,Team 2 (E/W),29,91,29,♥,finished,2026-05-17T19:26:00.381125+00:00
160,INPROC_180840,1,10,team2,Team 2 (E/W),27,93,10,♦,finished,2026-05-17T19:26:00.396615+00:00
161,INPROC_00C11C,1,10,team2,Team 2 (E/W),52,68,28,♥,finished,2026-05-17T19:26:00.416171+00:00
162,INPROC_C1D9F5,1,10,team2,Team 2 (E/W),53,67,30,♠,finished,2026-05-17T19:26:00.430642+00:00
163,INPROC_481A13,1,10,team2,Team 2 (E/W),33,87,35,♠,finished,2026-05-17T19:26:00.447869+00:00
164,INPROC_4EE58A,1,10,team2,Team 2 (E/W),24,96,6,♣,finished,2026-05-17T19:26:00.466823+00:00
165,INPROC_63A13B,1,10,team1,Team 1 (N/S),76,44,13,♦,finished,2026-05-17T19:26:00.483978+00:00
166,INPROC_587258,1,10,team2,Team 2 (E/W),41,79,3,♣,finished,2026-05-17T19:26:00.504278+00:00
167,INPROC_DC05D9,1,10,team2,Team 2 (E/W),33,87,35,♠,finished,2026-05-17T19:26:00.523807+00:00
168,INPROC_A29047,1,10,team2,Team 2 (E/W),53,67,37,♠,finished,2026-05-17T19:26:00.544458+00:00
169,INPROC_F9FF1D,1,10,team1,Team 1 (N/S),67,53,16,♦,finished,2026-05-17T19:26:00.562549+00:00
170,INPROC_65AA98,1,10,team2,Team 2 (E/W),55,65,23,♥,finished,2026-05-17T19:26:00.579316+00:00
171,INPROC_B5420E,1,10,team2,Team 2 (E/W),18,102,19,♦,finished,2026-05-17T19:26:00.596759+00:00
172,INPROC_645BDA,1,10,team2,Team 2 (E/W),46,74,2,♣,finished,2026-05-17T19:26:00.613426+00:00
173,INPROC_CC7C28,1,10,team2,Team 2 (E/W),19,101,31,♠,finished,2026-05-17T19:26:00.633661+00:00
174,INPROC_0578BD,1,10,team2,Team 2 (E/W),28,92,37,♠,finished,2026-05-17T19:26:00.656665+00:00
175,INPROC_AD4CFD,1,10,team2,Team 2 (E/W),54,66,5,♣,finished,2026-05-17T19:26:00.676063+00:00
176,INPROC_21FF15,1,10,team2,Team 2 (E/W),52,68,34,♠,finished,2026-05-17T19:26:00.692513+00:00
177,INPROC_1A1366,1,10,team2,Team 2 (E/W),49,71,10,♦,finished,2026-05-17T19:26:00.711678+00:00
178,INPROC_A56148,1,10,team2,Team 2 (E/W),26,94,25,♥,finished,2026-05-17T19:26:00.732020+00:00
179,INPROC_E1F9B9,1,10,team1,Team 1 (N/S),89,31,5,♣,finished,2026-05-17T19:26:00.751573+00:00
180,INPROC_533765,1,10,team2,Team 2 (E/W),50,70,16,♦,finished,2026-05-17T19:26:00.771041+00:00
181,INPROC_2CBB57,1,10,team2,Team 2 (E/W),46,74,9,♣,finished,2026-05-17T19:26:00.790314+00:00
182,INPROC_EDFA25,1,10,team1,Team 1 (N/S),86,34,6,♣,finished,2026-05-17T19:26:00.808476+00:00
183,INPROC_47CDC7,1,10,draw,draw,60,60,14,♦,finished,2026-05-17T19:26:00.823967+00:00
184,INPROC_4F8478,1,10,team2,Team 2 (E/W),20,100,6,♣,finished,2026-05-17T19:26:00.843553+00:00
185,INPROC_782D4D,1,10,team2,Team 2 (E/W),33,87,19,♦,finished,2026-05-17T19:26:00.865446+00:00
186,INPROC_D3CD20,1,10,team1,Team 1 (N/S),67,53,36,♠,finished,2026-05-17T19:26:00.884520+00:00
187,INPROC_35C6F3,1,10,team2,Team 2 (E/W),52,68,39,♠,finished,2026-05-17T19:26:00.905353+00:00
188,INPROC_3D5234,1,10,team1,Team 1 (N/S),65,55,33,♠,finished,2026-05-17T19:26:00.925149+00:00
189,INPROC_5BEFFF,1,10,team1,Team 1 (N/S),68,52,22,♥,finished,2026-05-17T19:26:00.944397+00:00
190,INPROC_8D8838,1,10,team2,Team 2 (E/W),57,63,10,♦,finished,2026-05-17T19:26:00.957367+00:00
191,INPROC_666C47,1,10,team1,Team 1 (N/S),71,49,29,♥,finished,2026-05-17T19:26:00.974581+00:00
192,INPROC_4EAD8D,1,10,team2,Team 2 (E/W),18,102,29,♥,finished,2026-05-17T19:26:00.997805+00:00
193,INPROC_50C0F8,1,10,team2,Team 2 (E/W),39,81,16,♦,finished,2026-05-17T19:26:01.016874+00:00
194,INPROC_ACCA7B,1,10,team1,Team 1 (N/S),74,46,2,♣,finished,2026-05-17T19:26:01.035207+00:00
195,INPROC_D095D7,1,10,team2,Team 2 (E/W),18,102,35,♠,finished,2026-05-17T19:26:01.054985+00:00
196,INPROC_E40D05,1,10,team2,Team 2 (E/W),44,76,15,♦,finished,2026-05-17T19:26:01.074972+00:00
197,INPROC_896341,1,10,team2,Team 2 (E/W),45,75,11,♦,finished,2026-05-17T19:26:01.095832+00:00
198,INPROC_A29886,1,10,team1,Team 1 (N/S),120,0,5,♣,finished,2026-05-17T19:26:01.114883+00:00
199,INPROC_53D772,1,10,team1,Team 1 (N/S),92,28,17,♦,finished,2026-05-17T19:26:01.132414+00:00
200,INPROC_A52912,1,10,team1,Team 1 (N/S),62,58,37,♠,finished,2026-05-17T19:26:01.149416+00:00
201,INPROC_92393F,1,10,team1,Team 1 (N/S),62,58,22,♥,finished,2026-05-17T19:26:01.168741+00:00
202,INPROC_D3200D,1,10,team1,Team 1 (N/S),88,32,26,♥,finished,2026-05-17T19:26:01.186095+00:00
203,INPROC_759DB1,1,10,team2,Team 2 (E/W),23,97,34,♠,finished,2026-05-17T19:26:01.205519+00:00
204,INPROC_D3956C,1,10,team2,Team 2 (E/W),17,103,18,♦,finished,2026-05-17T19:26:01.221458+00:00
205,INPROC_282FB3,1,10,team2,Team 2 (E/W),57,63,28,♥,finished,2026-05-17T19:26:01.237813+00:00
206,INPROC_B713F9,1,10,team2,Team 2 (E/W),57,63,15,♦,finished,2026-05-17T19:26:01.257139+00:00
207,INPROC_8496FC,1,10,team2,Team 2 (E/W),50,70,15,♦,finished,2026-05-17T19:26:01.274442+00:00
208,INPROC_D34AAB,1,10,team1,Team 1 (N/S),71,49,31,♠,finished,2026-05-17T19:26:01.292259+00:00
209,INPROC_CF9045,1,10,team2,Team 2 (E/W),48,72,8,♣,finished,2026-05-17T19:26:01.312747+00:00
210,INPROC_9046D3,1,10,team1,Team 1 (N/S),73,47,15,♦,finished,2026-05-17T19:26:01.326637+00:00
211,INPROC_94FB93,1,10,team1,Team 1 (N/S),81,39,7,♣,finished,2026-05-17T19:26:01.344205+00:00
212,INPROC_EEE261,1,10,team2,Team 2 (E/W),38,82,9,♣,finished,2026-05-17T19:26:01.361808+00:00
213,INPROC_17937C,1,10,team2,Team 2 (E/W),33,87,2,♣,finished,2026-05-17T19:26:01.379520+00:00
214,INPROC_565300,1,10,team2,Team 2 (E/W),52,68,24,♥,finished,2026-05-17T19:26:01.397211+00:00
215,INPROC_84034A,1,10,team1,Team 1 (N/S),82,38,36,♠,finished,2026-05-17T19:26:01.413944+00:00
216,INPROC_4A47A2,1,10,team2,Team 2 (E/W),27,93,18,♦,finished,2026-05-17T19:26:01.429856+00:00
217,INPROC_8A02D4,1,10,team2,Team 2 (E/W),30,90,14,♦,finished,2026-05-17T19:26:01.446676+00:00
218,INPROC_D67A14,1,10,draw,draw,60,60,15,♦,finished,2026-05-17T19:26:01.462957+00:00
219,INPROC_A30C4E,1,10,team1,Team 1 (N/S),111,9,2,♣,finished,2026-05-17T19:26:01.475775+00:00
220,INPROC_276A49,1,10,team2,Team 2 (E/W),17,103,12,♦,finished,2026-05-17T19:26:01.491085+00:00
221,INPROC_D04E4D,1,10,team2,Team 2 (E/W),36,84,5,♣,finished,2026-05-17T19:26:01.505027+00:00
222,INPROC_7A43E9,1,10,team2,Team 2 (E/W),25,95,16,♦,finished,2026-05-17T19:26:01.522197+00:00
223,INPROC_081750,1,10,team1,Team 1 (N/S),83,37,14,♦,finished,2026-05-17T19:26:01.541053+00:00
224,INPROC_5EF75D,1,10,team1,Team 1 (N/S),77,43,2,♣,finished,2026-05-17T19:26:01.558559+00:00
225,INPROC_A63082,1,10,team2,Team 2 (E/W),58,62,30,♠,finished,2026-05-17T19:26:01.575814+00:00
226,INPROC_D9A091,1,10,team1,Team 1 (N/S),101,19,14,♦,finished,2026-05-17T19:26:01.596450+00:00
227,INPROC_572067,1,10,team2,Team 2 (E/W),45,75,3,♣,finished,2026-05-17T19:26:01.613462+00:00
228,INPROC_8CE27F,1,10,team1,Team 1 (N/S),65,55,1,♣,finished,2026-05-17T19:26:01.631646+00:00
229,INPROC_486871,1,10,team2,Team 2 (E/W),50,70,26,♥,finished,2026-05-17T19:26:01.648696+00:00
230,INPROC_BC0CF8,1,10,team2,Team 2 (E/W),51,69,7,♣,finished,2026-05-17T19:26:01.662614+00:00
231,INPROC_FB76C8,1,10,team2,Team 2 (E/W),37,83,39,♠,finished,2026-05-17T19:26:01.680046+00:00
232,INPROC_CD4765,1,10,team1,Team 1 (N/S),65,55,14,♦,finished,2026-05-17T19:26:01.697532+00:00
233,INPROC_E88F44,1,10,team2,Team 2 (E/W),52,68,30,♠,finished,2026-05-17T19:26:01.717114+00:00
234,INPROC_C0B356,1,10,team2,Team 2 (E/W),50,70,4,♣,finished,2026-05-17T19:26:01.735898+00:00
235,INPROC_5FA2AA,1,10,team2,Team 2 (E/W),46,74,38,♠,finished,2026-05-17T19:26:01.749811+00:00
236,INPROC_DC6426,1,10,team1,Team 1 (N/S),82,38,19,♦,finished,2026-05-17T19:26:01.762172+00:00
237,INPROC_672596,1,10,team1,Team 1 (N/S),69,51,32,♠,finished,2026-05-17T19:26:01.779073+00:00
238,INPROC_52A8D2,1,10,team1,Team 1 (N/S),91,29,11,♦,finished,2026-05-17T19:26:01.795683+00:00
239,INPROC_4BA12C,1,10,team1,Team 1 (N/S),71,49,26,♥,finished,2026-05-17T19:26:01.815576+00:00
240,INPROC_77F47E,1,10,team1,Team 1 (N/S),88,32,21,♥,finished,2026-05-17T19:26:01.830631+00:00
241,INPROC_533855,1,10,team2,Team 2 (E/W),44,76,18,♦,finished,2026-05-17T19:26:01.848123+00:00
242,INPROC_98798C,1,10,team1,Team 1 (N/S),78,42,5,♣,finished,2026-05-17T19:26:01.865235+00:00
243,INPROC_A5155D,1,10,team1,Team 1 (N/S),64,56,21,♥,finished,2026-05-17T19:26:01.882363+00:00
244,INPROC_672D1D,1,10,team2,Team 2 (E/W),32,88,7,♣,finished,2026-05-17T19:26:01.902786+00:00
245,INPROC_AD4363,1,10,team2,Team 2 (E/W),58,62,5,♣,finished,2026-05-17T19:26:01.919190+00:00
246,INPROC_B6EA5F,1,10,team1,Team 1 (N/S),63,57,15,♦,finished,2026-05-17T19:26:01.934952+00:00
247,INPROC_B6097C,1,10,team2,Team 2 (E/W),30,90,1,♣,finished,2026-05-17T19:26:01.951834+00:00
248,INPROC_484D2B,1,10,team2,Team 2 (E/W),53,67,33,♠,finished,2026-05-17T19:26:01.968926+00:00
249,INPROC_1610BA,1,10,team2,Team 2 (E/W),52,68,5,♣,finished,2026-05-17T19:26:01.983786+00:00
250,INPROC_D8CB69,1,10,team1,Team 1 (N/S),86,34,3,♣,finished,2026-05-17T19:26:01.999857+00:00
251,INPROC_090A02,1,10,team2,Team 2 (E/W),34,86,2,♣,finished,2026-05-17T19:26:02.011980+00:00
252,INPROC_6E6449,1,10,team1,Team 1 (N/S),103,17,36,♠,finished,2026-05-17T19:26:02.024019+00:00
253,INPROC_A968A8,1,10,team1,Team 1 (N/S),108,12,12,♦,finished,2026-05-17T19:26:02.035773+00:00
254,INPROC_92848D,1,10,team1,Team 1 (N/S),90,30,22,♥,finished,2026-05-17T19:26:02.052716+00:00
255,INPROC_2B9D9E,1,10,team2,Team 2 (E/W),24,96,15,♦,finished,2026-05-17T19:26:02.067845+00:00
256,INPROC_A6D26F,1,10,team1,Team 1 (N/S),81,39,25,♥,finished,2026-05-17T19:26:02.085151+00:00
257,INPROC_027A33,1,10,team1,Team 1 (N/S),61,59,34,♠,finished,2026-05-17T19:26:02.100203+00:00
258,INPROC_31DB34,1,10,team1,Team 1 (N/S),99,21,31,♠,finished,2026-05-17T19:26:02.117249+00:00
259,INPROC_2CFEC6,1,10,team2,Team 2 (E/W),56,64,26,♥,finished,2026-05-17T19:26:02.131754+00:00
260,INPROC_D47F3A,1,10,team1,Team 1 (N/S),62,58,38,♠,finished,2026-05-17T19:26:02.147268+00:00
261,INPROC_D84DE5,1,10,team2,Team 2 (E/W),51,69,14,♦,finished,2026-05-17T19:26:02.163980+00:00
262,INPROC_48CD91,1,10,team2,Team 2 (E/W),31,89,4,♣,finished,2026-05-17T19:26:02.180630+00:00
263,INPROC_171CB5,1,10,team2,Team 2 (E/W),42,78,11,♦,finished,2026-05-17T19:26:02.196854+00:00
264,INPROC_1D8FE8,1,10,team2,Team 2 (E/W),52,68,31,♠,finished,2026-05-17T19:26:02.211936+00:00
265,INPROC_5485D8,1,10,draw,draw,60,60,21,♥,finished,2026-05-17T19:26:02.226626+00:00
266,INPROC_1349C5,1,10,team2,Team 2 (E/W),37,83,29,♥,finished,2026-05-17T19:26:02.243052+00:00
267,INPROC_9F1F20,1,10,team1,Team 1 (N/S),110,10,16,♦,finished,2026-05-17T19:26:02.259739+00:00
268,INPROC_1F650B,1,10,team1,Team 1 (N/S),89,31,34,♠,finished,2026-05-17T19:26:02.277508+00:00
269,INPROC_01D61F,1,10,team2,Team 2 (E/W),43,77,15,♦,finished,2026-05-17T19:26:02.291025+00:00
270,INPROC_62AD6A,1,10,team2,Team 2 (E/W),21,99,5,♣,finished,2026-05-17T19:26:02.304730+00:00
271,INPROC_141A74,1,10,team1,Team 1 (N/S),79,41,15,♦,finished,2026-05-17T19:26:02.322489+00:00
272,INPROC_D33696,1,10,team2,Team 2 (E/W),38,82,13,♦,finished,2026-05-17T19:26:02.339551+00:00
273,INPROC_0A3C31,1,10,team1,Team 1 (N/S),88,32,0,♣,finished,2026-05-17T19:26:02.356889+00:00
274,INPROC_E8D974,1,10,team1,Team 1 (N/S),67,53,37,♠,finished,2026-05-17T19:26:02.374036+00:00
275,INPROC_19CABE,1,10,team1,Team 1 (N/S),96,24,25,♥,finished,2026-05-17T19:26:01.796906+00:00
276,INPROC_6D7CC0,1,10,team2,Team 2 (E/W),32,88,19,♦,finished,2026-05-17T19:26:01.816593+00:00
277,INPROC_DEF603,1,10,team1,Team 1 (N/S),73,47,28,♥,finished,2026-05-17T19:26:01.831541+00:00
278,INPROC_85EE8E,1,10,team1,Team 1 (N/S),85,35,11,♦,finished,2026-05-17T19:26:01.844574+00:00
279,INPROC_2FCEF4,1,10,team1,Team 1 (N/S),75,45,6,♣,finished,2026-05-17T19:26:01.860414+00:00
280,INPROC_9AE6AC,1,10,team2,Team 2 (E/W),40,80,17,♦,finished,2026-05-17T19:26:01.878082+00:00
281,INPROC_837F76,1,10,team2,Team 2 (E/W),27,93,28,♥,finished,2026-05-17T19:26:01.895875+00:00
282,INPROC_20204E,1,10,team2,Team 2 (E/W),50,70,30,♠,finished,2026-05-17T19:26:01.913034+00:00
283,INPROC_F39B46,1,10,team1,Team 1 (N/S),81,39,2,♣,finished,2026-05-17T19:26:01.929289+00:00
284,INPROC_58E0E2,1,10,team1,Team 1 (N/S),113,7,32,♠,finished,2026-05-17T19:26:01.947046+00:00
285,INPROC_AC4371,1,10,team1,Team 1 (N/S),69,51,10,♦,finished,2026-05-17T19:26:01.959579+00:00
286,INPROC_326864,1,10,team2,Team 2 (E/W),49,71,33,♠,finished,2026-05-17T19:26:01.970565+00:00
287,INPROC_3C7C03,1,10,team1,Team 1 (N/S),102,18,36,♠,finished,2026-05-17T19:26:01.986950+00:00
288,INPROC_6A5DC3,1,10,team2,Team 2 (E/W),30,90,29,♥,finished,2026-05-17T19:26:02.004151+00:00
289,INPROC_801B7D,1,10,team1,Team 1 (N/S),72,48,29,♥,finished,2026-05-17T19:26:02.020439+00:00
290,INPROC_D1726F,1,10,team1,Team 1 (N/S),79,41,34,♠,finished,2026-05-17T19:26:02.037410+00:00
291,INPROC_BF4595,1,10,team1,Team 1 (N/S),63,57,15,♦,finished,2026-05-17T19:26:02.054513+00:00
292,INPROC_469126,1,10,team2,Team 2 (E/W),46,74,20,♥,finished,2026-05-17T19:26:02.070596+00:00
293,INPROC_EBF6F8,1,10,team1,Team 1 (N/S),67,53,28,♥,finished,2026-05-17T19:26:02.086935+00:00
294,INPROC_03A135,1,10,team1,Team 1 (N/S),88,32,30,♠,finished,2026-05-17T19:26:02.100017+00:00
295,INPROC_4C8D7F,1,10,team1,Team 1 (N/S),61,59,14,♦,finished,2026-05-17T19:26:02.117888+00:00
296,INPROC_B16DFE,1,10,team2,Team 2 (E/W),43,77,17,♦,finished,2026-05-17T19:26:02.133183+00:00
297,INPROC_102934,1,10,team1,Team 1 (N/S),74,46,31,♠,finished,2026-05-17T19:26:02.149576+00:00
298,INPROC_62264B,1,10,team1,Team 1 (N/S),88,32,30,♠,finished,2026-05-17T19:26:02.165784+00:00
299,INPROC_141787,1,10,team2,Team 2 (E/W),6,114,1,♣,finished,2026-05-17T19:26:02.182106+00:00
300,INPROC_1AF9D5,1,10,team1,Team 1 (N/S),78,42,37,♠,finished,2026-05-17T19:26:02.199896+00:00
301,INPROC_461E78,1,10,team1,Team 1 (N/S),77,43,2,♣,finished,2026-05-17T19:26:02.216488+00:00
302,INPROC_76BC6C,1,10,team2,Team 2 (E/W),51,69,12,♦,finished,2026-05-17T19:26:02.229909+00:00
303,INPROC_4C82A2,1,10,team1,Team 1 (N/S),103,17,31,♠,finished,2026-05-17T19:26:02.242715+00:00
304,INPROC_D7715D,1,10,team2,Team 2 (E/W),24,96,15,♦,finished,2026-05-17T19:26:02.258230+00:00
305,INPROC_066B80,1,10,team2,Team 2 (E/W),37,83,17,♦,finished,2026-05-17T19:26:02.274759+00:00
306,INPROC_5A42B8,1,10,team1,Team 1 (N/S),67,53,10,♦,finished,2026-05-17T19:26:02.291341+00:00
307,INPROC_D1DC1E,1,10,team1,Team 1 (N/S),106,14,34,♠,finished,2026-05-17T19:26:02.304824+00:00
308,INPROC_1C5E22,1,10,team1,Team 1 (N/S),71,49,21,♥,finished,2026-05-17T19:26:02.323569+00:00
309,INPROC_3B76C2,1,10,draw,draw,60,60,37,♠,finished,2026-05-17T19:26:02.338881+00:00
310,INPROC_838217,1,10,team2,Team 2 (E/W),29,91,35,♠,finished,2026-05-17T19:26:02.354108+00:00
311,INPROC_044D57,1,10,team2,Team 2 (E/W),32,88,1,♣,finished,2026-05-17T19:26:02.368504+00:00
312,INPROC_CF8B0D,1,10,team2,Team 2 (E/W),37,83,16,♦,finished,2026-05-17T19:26:02.384899+00:00
313,INPROC_DCAC9C,1,10,team1,Team 1 (N/S),93,27,37,♠,finished,2026-05-17T19:26:02.401910+00:00
314,INPROC_C50552,1,10,draw,draw,60,60,5,♣,finished,2026-05-17T19:26:02.421504+00:00
315,INPROC_34113C,1,10,team1,Team 1 (N/S),62,58,33,♠,finished,2026-05-17T19:26:02.438286+00:00
316,INPROC_18EA7B,1,10,draw,draw,60,60,10,♦,finished,2026-05-17T19:26:02.454485+00:00
317,INPROC_F874D1,1,10,team1,Team 1 (N/S),98,22,36,♠,finished,2026-05-17T19:26:02.471368+00:00
318,INPROC_0F7E31,1,10,team2,Team 2 (E/W),2,118,26,♥,finished,2026-05-17T19:26:02.487669+00:00
319,INPROC_140958,1,10,team2,Team 2 (E/W),34,86,0,♣,finished,2026-05-17T19:26:02.500171+00:00
320,INPROC_F3156C,1,10,team2,Team 2 (E/W),36,84,13,♦,finished,2026-05-17T19:26:02.512453+00:00
321,INPROC_4DA122,1,10,team2,Team 2 (E/W),27,93,39,♠,finished,2026-05-17T19:26:02.523403+00:00
322,INPROC_A97C93,1,10,team2,Team 2 (E/W),58,62,16,♦,finished,2026-05-17T19:26:02.537639+00:00
323,INPROC_4F4808,1,10,team1,Team 1 (N/S),75,45,13,♦,finished,2026-05-17T19:26:02.552837+00:00
324,INPROC_F66AAD,1,10,team2,Team 2 (E/W),27,93,9,♣,finished,2026-05-17T19:26:02.569808+00:00
325,INPROC_17B532,1,10,team2,Team 2 (E/W),51,69,39,♠,finished,2026-05-17T19:26:02.588374+00:00
326,INPROC_A4C56E,1,10,team1,Team 1 (N/S),88,32,15,♦,finished,2026-05-17T19:26:02.606110+00:00
327,INPROC_C6F4EB,1,10,team2,Team 2 (E/W),18,102,20,♥,finished,2026-05-17T19:26:02.625949+00:00
328,INPROC_D8F6A1,1,10,team2,Team 2 (E/W),52,68,19,♦,finished,2026-05-17T19:26:02.644666+00:00
329,INPROC_EC09FA,1,10,team1,Team 1 (N/S),72,48,32,♠,finished,2026-05-17T19:26:02.661675+00:00
330,INPROC_A6069E,1,10,team1,Team 1 (N/S),116,4,34,♠,finished,2026-05-17T19:26:02.677680+00:00
331,INPROC_838F4F,1,10,team2,Team 2 (E/W),29,91,18,♦,finished,2026-05-17T19:26:02.694042+00:00
332,INPROC_073464,1,10,team1,Team 1 (N/S),88,32,33,♠,finished,2026-05-17T19:26:02.710565+00:00
333,INPROC_A3A463,1,10,team2,Team 2 (E/W),35,85,19,♦,finished,2026-05-17T19:26:02.725619+00:00
334,INPROC_00CE8D,1,10,team2,Team 2 (E/W),30,90,17,♦,finished,2026-05-17T19:26:02.741751+00:00
335,INPROC_032BA6,1,10,team1,Team 1 (N/S),69,51,9,♣,finished,2026-05-17T19:26:02.758597+00:00
336,INPROC_8019DA,1,10,team1,Team 1 (N/S),84,36,3,♣,finished,2026-05-17T19:26:02.770662+00:00
337,INPROC_F15E2E,1,10,team2,Team 2 (E/W),41,79,35,♠,finished,2026-05-17T19:26:02.783322+00:00
338,INPROC_1A7B3D,1,10,team1,Team 1 (N/S),83,37,8,♣,finished,2026-05-17T19:26:02.802000+00:00
339,INPROC_B09F2C,1,10,team2,Team 2 (E/W),23,97,16,♦,finished,2026-05-17T19:26:02.818790+00:00
340,INPROC_FA676E,1,10,team1,Team 1 (N/S),66,54,9,♣,finished,2026-05-17T19:26:02.834428+00:00
341,INPROC_DB8809,1,10,team2,Team 2 (E/W),13,107,2,♣,finished,2026-05-17T19:26:02.855534+00:00
342,INPROC_11B38F,1,10,team1,Team 1 (N/S),74,46,5,♣,finished,2026-05-17T19:26:02.870913+00:00
343,INPROC_77F3A8,1,10,team2,Team 2 (E/W),53,67,11,♦,finished,2026-05-17T19:26:02.887439+00:00
344,INPROC_A44E0E,1,10,team2,Team 2 (E/W),31,89,30,♠,finished,2026-05-17T19:26:02.904391+00:00
345,INPROC_4B9F6F,1,10,team2,Team 2 (E/W),49,71,0,♣,finished,2026-05-17T19:26:02.923618+00:00
346,INPROC_EBDD18,1,10,team2,Team 2 (E/W),50,70,0,♣,finished,2026-05-17T19:26:02.939053+00:00
347,INPROC_AD944C,1,10,team1,Team 1 (N/S),61,59,30,♠,finished,2026-05-17T19:26:02.953923+00:00
348,INPROC_40B1E8,1,10,team2,Team 2 (E/W),58,62,30,♠,finished,2026-05-17T19:26:02.976785+00:00
349,INPROC_8FFD70,1,10,team1,Team 1 (N/S),69,51,25,♥,finished,2026-05-17T19:26:03.000621+00:00
350,INPROC_2B36AB,1,10,team1,Team 1 (N/S),61,59,5,♣,finished,2026-05-17T19:26:03.023787+00:00
351,INPROC_045179,1,10,team2,Team 2 (E/W),39,81,39,♠,finished,2026-05-17T19:26:03.042215+00:00
352,INPROC_09703D,1,10,team2,Team 2 (E/W),56,64,15,♦,finished,2026-05-17T19:26:03.053938+00:00
353,INPROC_7C81CD,1,10,team2,Team 2 (E/W),50,70,38,♠,finished,2026-05-17T19:26:03.068632+00:00
354,INPROC_EE7338,1,10,team1,Team 1 (N/S),97,23,19,♦,finished,2026-05-17T19:26:03.084059+00:00
355,INPROC_E8535B,1,10,team1,Team 1 (N/S),94,26,4,♣,finished,2026-05-17T19:26:03.101038+00:00
356,INPROC_67982C,1,10,team2,Team 2 (E/W),45,75,37,♠,finished,2026-05-17T19:26:03.120237+00:00
357,INPROC_27EC6A,1,10,team2,Team 2 (E/W),42,78,25,♥,finished,2026-05-17T19:26:03.136580+00:00
358,INPROC_3517BF,1,10,team1,Team 1 (N/S),85,35,38,♠,finished,2026-05-17T19:26:03.147676+00:00
359,INPROC_35A6CF,1,10,team1,Team 1 (N/S),113,7,37,♠,finished,2026-05-17T19:26:03.164986+00:00
360,INPROC_8B7CCF,1,10,team2,Team 2 (E/W),44,76,25,♥,finished,2026-05-17T19:26:03.180306+00:00
361,INPROC_BBE7C0,1,10,team2,Team 2 (E/W),57,63,21,♥,finished,2026-05-17T19:26:03.197075+00:00
362,INPROC_D45E02,1,10,team1,Team 1 (N/S),63,57,20,♥,finished,2026-05-17T19:26:03.214529+00:00
363,INPROC_312DAE,1,10,team1,Team 1 (N/S),115,5,32,♠,finished,2026-05-17T19:26:03.233004+00:00
364,INPROC_8C0A89,1,10,team2,Team 2 (E/W),24,96,28,♥,finished,2026-05-17T19:26:03.248512+00:00
365,INPROC_B87329,1,10,team2,Team 2 (E/W),45,75,10,♦,finished,2026-05-17T19:26:03.264706+00:00
366,INPROC_9894D8,1,10,team1,Team 1 (N/S),69,51,20,♥,finished,2026-05-17T19:26:03.282333+00:00
367,INPROC_F9B67E,1,10,team2,Team 2 (E/W),57,63,30,♠,finished,2026-05-17T19:26:03.300287+00:00
368,INPROC_6AA192,1,10,draw,draw,60,60,19,♦,finished,2026-05-17T19:26:03.312225+00:00
369,INPROC_E7208F,1,10,team1,Team 1 (N/S),75,45,6,♣,finished,2026-05-17T19:26:03.323827+00:00
370,INPROC_BBCCFD,1,10,team2,Team 2 (E/W),58,62,28,♥,finished,2026-05-17T19:26:03.341607+00:00
371,INPROC_61B4CF,1,10,team1,Team 1 (N/S),113,7,24,♥,finished,2026-05-17T19:26:03.357319+00:00
372,INPROC_033065,1,10,team1,Team 1 (N/S),67,53,3,♣,finished,2026-05-17T19:26:03.373469+00:00
373,INPROC_618AB3,1,10,team2,Team 2 (E/W),34,86,17,♦,finished,2026-05-17T19:26:03.388769+00:00
374,INPROC_6B2589,1,10,team1,Team 1 (N/S),105,15,5,♣,finished,2026-05-17T19:26:03.404814+00:00
375,INPROC_90B4C5,1,10,team1,Team 1 (N/S),71,49,18,♦,finished,2026-05-17T19:26:03.420345+00:00
376,INPROC_5086E8,1,10,team2,Team 2 (E/W),30,90,2,♣,finished,2026-05-17T19:26:03.435067+00:00
377,INPROC_118D2F,1,10,team1,Team 1 (N/S),72,48,10,♦,finished,2026-05-17T19:26:03.451474+00:00
378,INPROC_F4AD2C,1,10,team2,Team 2 (E/W),29,91,22,♥,finished,2026-05-17T19:26:03.467441+00:00
379,INPROC_0629AE,1,10,team2,Team 2 (E/W),34,86,10,♦,finished,2026-05-17T19:26:03.479390+00:00
380,INPROC_7AD53E,1,10,team2,Team 2 (E/W),32,88,24,♥,finished,2026-05-17T19:26:03.492065+00:00
381,INPROC_5ED3BA,1,10,team2,Team 2 (E/W),52,68,39,♠,finished,2026-05-17T19:26:03.511173+00:00
382,INPROC_96A260,1,10,team2,Team 2 (E/W),56,64,32,♠,finished,2026-05-17T19:26:03.530428+00:00
383,INPROC_7D7F3E,1,10,team2,Team 2 (E/W),56,64,2,♣,finished,2026-05-17T19:26:03.548558+00:00
384,INPROC_3E53AF,1,10,team2,Team 2 (E/W),37,83,19,♦,finished,2026-05-17T19:26:03.565634+00:00
385,INPROC_5D9697,1,10,team2,Team 2 (E/W),49,71,32,♠,finished,2026-05-17T19:26:03.577363+00:00
386,INPROC_C5707D,1,10,team2,Team 2 (E/W),27,93,35,♠,finished,2026-05-17T19:26:03.588901+00:00
387,INPROC_D4080B,1,10,team1,Team 1 (N/S),76,44,27,♥,finished,2026-05-17T19:26:03.605055+00:00
388,INPROC_A849C4,1,10,team2,Team 2 (E/W),25,95,28,♥,finished,2026-05-17T19:26:03.619893+00:00
389,INPROC_001FB4,1,10,team2,Team 2 (E/W),43,77,28,♥,finished,2026-05-17T19:26:03.636039+00:00
390,INPROC_F9A53E,1,10,team2,Team 2 (E/W),33,87,28,♥,finished,2026-05-17T19:26:03.651516+00:00
391,INPROC_555B48,1,10,team1,Team 1 (N/S),71,49,22,♥,finished,2026-05-17T19:26:03.669078+00:00
392,INPROC_CBFBE5,1,10,team2,Team 2 (E/W),40,80,20,♥,finished,2026-05-17T19:26:03.686185+00:00
393,INPROC_55281D,1,10,team2,Team 2 (E/W),25,95,27,♥,finished,2026-05-17T19:26:03.700890+00:00
394,INPROC_1A4DBC,1,10,team2,Team 2 (E/W),52,68,17,♦,finished,2026-05-17T19:26:03.717853+00:00
395,INPROC_102040,1,10,team1,Team 1 (N/S),77,43,14,♦,finished,2026-05-17T19:26:03.736926+00:00
396,INPROC_DF24F8,1,10,team2,Team 2 (E/W),27,93,8,♣,finished,2026-05-17T19:26:03.753496+00:00
397,INPROC_4C8AAA,1,10,team1,Team 1 (N/S),84,36,17,♦,finished,2026-05-17T19:26:03.770666+00:00
398,INPROC_06E651,1,10,team2,Team 2 (E/W),39,81,0,♣,finished,2026-05-17T19:26:03.787431+00:00
399,INPROC_1AA21B,1,10,team1,Team 1 (N/S),80,40,22,♥,finished,2026-05-17T19:26:03.803544+00:00
400,INPROC_5795F7,1,10,team1,Team 1 (N/S),63,57,28,♥,finished,2026-05-17T19:26:03.818611+00:00
401,INPROC_3B2834,1,10,team1,Team 1 (N/S),104,16,31,♠,finished,2026-05-17T19:26:03.836734+00:00
402,INPROC_16D67C,1,10,draw,draw,60,60,29,♥,finished,2026-05-17T19:26:03.853538+00:00
403,INPROC_B9DEE7,1,10,team2,Team 2 (E/W),40,80,13,♦,finished,2026-05-17T19:26:03.865850+00:00
404,INPROC_4146F3,1,10,team2,Team 2 (E/W),22,98,28,♥,finished,2026-05-17T19:26:03.883723+00:00
405,INPROC_404F88,1,10,team2,Team 2 (E/W),59,61,1,♣,finished,2026-05-17T19:26:03.901139+00:00
406,INPROC_C05B80,1,10,team2,Team 2 (E/W),59,61,19,♦,finished,2026-05-17T19:26:03.918533+00:00
407,INPROC_D684F2,1,10,team1,Team 1 (N/S),69,51,9,♣,finished,2026-05-17T19:26:03.937641+00:00
408,INPROC_FCA1A4,1,10,team1,Team 1 (N/S),75,45,3,♣,finished,2026-05-17T19:26:03.957159+00:00
409,INPROC_4A2F33,1,10,team2,Team 2 (E/W),27,93,37,♠,finished,2026-05-17T19:26:03.973585+00:00
410,INPROC_E7D715,1,10,team2,Team 2 (E/W),59,61,21,♥,finished,2026-05-17T19:26:03.991731+00:00
411,INPROC_B7BE30,1,10,team1,Team 1 (N/S),88,32,27,♥,finished,2026-05-17T19:26:04.008349+00:00
412,INPROC_5A2BDA,1,10,team1,Team 1 (N/S),94,26,22,♥,finished,2026-05-17T19:26:04.027220+00:00
413,INPROC_500B0A,1,10,team2,Team 2 (E/W),13,107,33,♠,finished,2026-05-17T19:26:04.048305+00:00
414,INPROC_4E50B7,1,10,team1,Team 1 (N/S),89,31,0,♣,finished,2026-05-17T19:26:04.066092+00:00
415,INPROC_5913D1,1,10,team1,Team 1 (N/S),93,27,36,♠,finished,2026-05-17T19:26:04.082230+00:00
416,INPROC_AAEE2F,1,10,team1,Team 1 (N/S),81,39,23,♥,finished,2026-05-17T19:26:04.098188+00:00
417,INPROC_408DEA,1,10,team2,Team 2 (E/W),49,71,23,♥,finished,2026-05-17T19:26:04.109904+00:00
418,INPROC_6D77EE,1,10,team2,Team 2 (E/W),20,100,20,♥,finished,2026-05-17T19:26:04.121585+00:00
419,INPROC_3DB228,1,10,team1,Team 1 (N/S),79,41,8,♣,finished,2026-05-17T19:26:04.132718+00:00
420,INPROC_65C444,1,10,team2,Team 2 (E/W),40,80,34,♠,finished,2026-05-17T19:26:04.149594+00:00
421,INPROC_B90648,1,10,team2,Team 2 (E/W),48,72,23,♥,finished,2026-05-17T19:26:04.166668+00:00
422,INPROC_8F1755,1,10,team2,Team 2 (E/W),46,74,9,♣,finished,2026-05-17T19:26:04.182718+00:00
423,INPROC_8F0E94,1,10,team2,Team 2 (E/W),56,64,33,♠,finished,2026-05-17T19:26:04.194897+00:00
424,INPROC_129773,1,10,team1,Team 1 (N/S),110,10,0,♣,finished,2026-05-17T19:26:04.210271+00:00
425,INPROC_9CA206,1,10,team2,Team 2 (E/W),23,97,30,♠,finished,2026-05-17T19:26:04.227754+00:00
426,INPROC_1C462F,1,10,team2,Team 2 (E/W),26,94,16,♦,finished,2026-05-17T19:26:04.247188+00:00
427,INPROC_21F599,1,10,team2,Team 2 (E/W),33,87,12,♦,finished,2026-05-17T19:26:04.265153+00:00
428,INPROC_838187,1,10,team2,Team 2 (E/W),42,78,23,♥,finished,2026-05-17T19:26:04.281830+00:00
429,INPROC_10FF41,1,10,team1,Team 1 (N/S),64,56,1,♣,finished,2026-05-17T19:26:04.299274+00:00
430,INPROC_5C9775,1,10,team2,Team 2 (E/W),52,68,28,♥,finished,2026-05-17T19:26:04.314502+00:00
431,INPROC_BB4852,1,10,team1,Team 1 (N/S),101,19,7,♣,finished,2026-05-17T19:26:04.330420+00:00
432,INPROC_88AD23,1,10,team1,Team 1 (N/S),90,30,14,♦,finished,2026-05-17T19:26:04.345563+00:00
433,INPROC_19123E,1,10,team2,Team 2 (E/W),12,108,37,♠,finished,2026-05-17T19:26:04.360809+00:00
434,INPROC_25A123,1,10,team2,Team 2 (E/W),36,84,11,♦,finished,2026-05-17T19:26:04.374990+00:00
435,INPROC_DCE342,1,10,team2,Team 2 (E/W),49,71,31,♠,finished,2026-05-17T19:26:04.389809+00:00
436,INPROC_9236D6,1,10,team2,Team 2 (E/W),53,67,35,♠,finished,2026-05-17T19:26:04.400124+00:00
437,INPROC_5D06DB,1,10,team2,Team 2 (E/W),54,66,30,♠,finished,2026-05-17T19:26:04.417933+00:00
438,INPROC_303191,1,10,team2,Team 2 (E/W),30,90,39,♠,finished,2026-05-17T19:26:04.436823+00:00
439,INPROC_943F81,1,10,team2,Team 2 (E/W),20,100,18,♦,finished,2026-05-17T19:26:04.455039+00:00
440,INPROC_27C402,1,10,team2,Team 2 (E/W),39,81,16,♦,finished,2026-05-17T19:26:04.470755+00:00
441,INPROC_9650E2,1,10,draw,draw,60,60,0,♣,finished,2026-05-17T19:26:04.489290+00:00
442,INPROC_E153D2,1,10,team2,Team 2 (E/W),18,102,30,♠,finished,2026-05-17T19:26:04.505393+00:00
443,INPROC_6003BE,1,10,team2,Team 2 (E/W),20,100,22,♥,finished,2026-05-17T19:26:04.521435+00:00
444,INPROC_A6F0DD,1,10,team2,Team 2 (E/W),19,101,15,♦,finished,2026-05-17T19:26:04.538752+00:00
445,INPROC_46E665,1,10,team1,Team 1 (N/S),99,21,12,♦,finished,2026-05-17T19:26:04.555997+00:00
446,INPROC_D02F26,1,10,team1,Team 1 (N/S),95,25,1,♣,finished,2026-05-17T19:26:04.572722+00:00
447,INPROC_F29A35,1,10,team2,Team 2 (E/W),57,63,30,♠,finished,2026-05-17T19:26:04.587539+00:00
448,INPROC_96E02C,1,10,team1,Team 1 (N/S),66,54,28,♥,finished,2026-05-17T19:26:04.603098+00:00
449,INPROC_B3E115,1,10,team1,Team 1 (N/S),104,16,6,♣,finished,2026-05-17T19:26:04.617557+00:00
450,INPROC_69A851,1,10,team2,Team 2 (E/W),29,91,11,♦,finished,2026-05-17T19:26:04.633278+00:00
451,INPROC_712513,1,10,team2,Team 2 (E/W),21,99,29,♥,finished,2026-05-17T19:26:04.646322+00:00
452,INPROC_A980A1,1,10,team1,Team 1 (N/S),61,59,5,♣,finished,2026-05-17T19:26:04.657415+00:00
453,INPROC_09A6EA,1,10,team1,Team 1 (N/S),81,39,21,♥,finished,2026-05-17T19:26:04.674663+00:00
454,INPROC_81FAEB,1,10,team2,Team 2 (E/W),37,83,2,♣,finished,2026-05-17T19:26:04.690926+00:00
455,INPROC_C741D7,1,10,team1,Team 1 (N/S),77,43,20,♥,finished,2026-05-17T19:26:04.708105+00:00
456,INPROC_F1D31B,1,10,team1,Team 1 (N/S),93,27,11,♦,finished,2026-05-17T19:26:04.727768+00:00
457,INPROC_A56710,1,10,team2,Team 2 (E/W),55,65,16,♦,finished,2026-05-17T19:26:04.743583+00:00
458,INPROC_65F71F,1,10,team2,Team 2 (E/W),26,94,9,♣,finished,2026-05-17T19:26:04.763120+00:00
459,INPROC_FCD972,1,10,team2,Team 2 (E/W),35,85,27,♥,finished,2026-05-17T19:26:04.780328+00:00
460,INPROC_5AE07A,1,10,team2,Team 2 (E/W),41,79,0,♣,finished,2026-05-17T19:26:04.796617+00:00
461,INPROC_2E5D22,1,10,team2,Team 2 (E/W),28,92,24,♥,finished,2026-05-17T19:26:04.813056+00:00
462,INPROC_FBD2F9,1,10,team1,Team 1 (N/S),61,59,30,♠,finished,2026-05-17T19:26:04.829214+00:00
463,INPROC_3E6D22,1,10,team2,Team 2 (E/W),38,82,9,♣,finished,2026-05-17T19:26:04.843402+00:00
464,INPROC_CC1971,1,10,team1,Team 1 (N/S),62,58,0,♣,finished,2026-05-17T19:26:04.859187+00:00
465,INPROC_7F56F5,1,10,team1,Team 1 (N/S),86,34,20,♥,finished,2026-05-17T19:26:04.875479+00:00
466,INPROC_7AD011,1,10,team2,Team 2 (E/W),27,93,12,♦,finished,2026-05-17T19:26:04.891387+00:00
467,INPROC_4D2835,1,10,team2,Team 2 (E/W),35,85,34,♠,finished,2026-05-17T19:26:04.904095+00:00
468,INPROC_B109C7,1,10,team1,Team 1 (N/S),67,53,35,♠,finished,2026-05-17T19:26:04.915548+00:00
469,INPROC_F85497,1,10,team1,Team 1 (N/S),61,59,25,♥,finished,2026-05-17T19:26:04.930102+00:00
470,INPROC_24F091,1,10,team1,Team 1 (N/S),64,56,30,♠,finished,2026-05-17T19:26:04.942865+00:00
471,INPROC_E3A0E1,1,10,team1,Team 1 (N/S),76,44,4,♣,finished,2026-05-17T19:26:04.960877+00:00
472,INPROC_262F4C,1,10,team1,Team 1 (N/S),63,57,11,♦,finished,2026-05-17T19:26:04.977779+00:00
473,INPROC_F9A74C,1,10,team2,Team 2 (E/W),38,82,14,♦,finished,2026-05-17T19:26:04.993631+00:00
474,INPROC_E25B7D,1,10,team1,Team 1 (N/S),91,29,36,♠,finished,2026-05-17T19:26:05.010457+00:00
475,INPROC_619A6C,1,10,team2,Team 2 (E/W),5,115,15,♦,finished,2026-05-17T19:26:05.026264+00:00
476,INPROC_48713F,1,10,team2,Team 2 (E/W),38,82,0,♣,finished,2026-05-17T19:26:05.042594+00:00
477,INPROC_D8482C,1,10,team2,Team 2 (E/W),53,67,23,♥,finished,2026-05-17T19:26:05.058727+00:00
478,INPROC_120C49,1,10,team1,Team 1 (N/S),109,11,16,♦,finished,2026-05-17T19:26:05.078273+00:00
479,INPROC_9BD687,1,10,team1,Team 1 (N/S),96,24,20,♥,finished,2026-05-17T19:26:05.096392+00:00
480,INPROC_237EA3,1,10,team1,Team 1 (N/S),62,58,32,♠,finished,2026-05-17T19:26:05.112129+00:00
481,INPROC_549264,1,10,team1,Team 1 (N/S),70,50,0,♣,finished,2026-05-17T19:26:05.129696+00:00
482,INPROC_DE1BD8,1,10,team1,Team 1 (N/S),78,42,12,♦,finished,2026-05-17T19:26:05.145798+00:00
483,INPROC_B65FAB,1,10,team2,Team 2 (E/W),57,63,21,♥,finished,2026-05-17T19:26:05.162778+00:00
484,INPROC_CF4B86,1,10,team2,Team 2 (E/W),26,94,36,♠,finished,2026-05-17T19:26:05.179539+00:00
485,INPROC_606711,1,10,team2,Team 2 (E/W),15,105,33,♠,finished,2026-05-17T19:26:05.192084+00:00
486,INPROC_F335B1,1,10,team2,Team 2 (E/W),31,89,38,♠,finished,2026-05-17T19:26:05.207228+00:00
487,INPROC_03D20A,1,10,team2,Team 2 (E/W),58,62,26,♥,finished,2026-05-17T19:26:05.223832+00:00
488,INPROC_3B088B,1,10,team2,Team 2 (E/W),24,96,26,♥,finished,2026-05-17T19:26:05.237086+00:00
489,INPROC_D3C7EE,1,10,team2,Team 2 (E/W),46,74,17,♦,finished,2026-05-17T19:26:05.248303+00:00
490,INPROC_288767,1,10,team2,Team 2 (E/W),31,89,30,♠,finished,2026-05-17T19:26:05.263166+00:00
491,INPROC_9DE672,1,10,team1,Team 1 (N/S),72,48,17,♦,finished,2026-05-17T19:26:05.281463+00:00
492,INPROC_4821AC,1,10,team2,Team 2 (E/W),47,73,37,♠,finished,2026-05-17T19:26:05.299611+00:00
493,INPROC_6EBE91,1,10,team2,Team 2 (E/W),55,65,28,♥,finished,2026-05-17T19:26:05.317327+00:00
494,INPROC_C6CED0,1,10,team1,Team 1 (N/S),80,40,0,♣,finished,2026-05-17T19:26:05.331720+00:00
495,INPROC_F74B08,1,10,team2,Team 2 (E/W),55,65,15,♦,finished,2026-05-17T19:26:05.342242+00:00
496,INPROC_393587,1,10,team1,Team 1 (N/S),64,56,32,♠,finished,2026-05-17T19:26:05.355919+00:00
497,INPROC_EAF564,1,10,team2,Team 2 (E/W),45,75,11,♦,finished,2026-05-17T19:26:05.370536+00:00
498,INPROC_228B93,1,10,team2,Team 2 (E/W),13,107,25,♥,finished,2026-05-17T19:26:05.388653+00:00
499,INPROC_1C2FE4,1,10,team2,Team 2 (E/W),50,70,14,♦,finished,2026-05-17T19:26:05.406545+00:00
500,INPROC_C55E54,1,10,team1,Team 1 (N/S),76,44,28,♥,finished,2026-05-17T19:26:05.424844+00:00
501,INPROC_11CEA0,1,10,team2,Team 2 (E/W),44,76,1,♣,finished,2026-05-17T19:26:05.442257+00:00
502,INPROC_32BA16,1,10,team2,Team 2 (E/W),34,86,26,♥,finished,2026-05-17T19:26:05.460190+00:00
503,INPROC_8AFC1E,1,10,team2,Team 2 (E/W),52,68,15,♦,finished,2026-05-17T19:26:05.475451+00:00
504,INPROC_94A490,1,10,team1,Team 1 (N/S),79,41,34,♠,finished,2026-05-17T19:26:05.487962+00:00
505,INPROC_F7E5B4,1,10,team1,Team 1 (N/S),75,45,8,♣,finished,2026-05-17T19:26:05.503872+00:00
506,INPROC_C8FCD0,1,10,team2,Team 2 (E/W),33,87,13,♦,finished,2026-05-17T19:26:05.520020+00:00
507,INPROC_7F3388,1,10,team1,Team 1 (N/S),71,49,22,♥,finished,2026-05-17T19:26:05.537968+00:00
508,INPROC_EBAF3A,1,10,team1,Team 1 (N/S),112,8,20,♥,finished,2026-05-17T19:26:05.556120+00:00
509,INPROC_B1C520,1,10,team2,Team 2 (E/W),26,94,20,♥,finished,2026-05-17T19:26:05.573760+00:00
510,INPROC_71A31D,1,10,team2,Team 2 (E/W),32,88,37,♠,finished,2026-05-17T19:26:05.588606+00:00
511,INPROC_608E94,1,10,team2,Team 2 (E/W),20,100,17,♦,finished,2026-05-17T19:26:05.606066+00:00
512,INPROC_7CE297,1,10,team2,Team 2 (E/W),52,68,35,♠,finished,2026-05-17T19:26:05.620565+00:00
513,INPROC_2E8AAF,1,10,team2,Team 2 (E/W),45,75,0,♣,finished,2026-05-17T19:26:05.634942+00:00
514,INPROC_B47D45,1,10,team1,Team 1 (N/S),69,51,22,♥,finished,2026-05-17T19:26:05.649663+00:00
515,INPROC_250B3F,1,10,team1,Team 1 (N/S),84,36,8,♣,finished,2026-05-17T19:26:05.668452+00:00
516,INPROC_49BD3A,1,10,team2,Team 2 (E/W),47,73,29,♥,finished,2026-05-17T19:26:05.687727+00:00
517,INPROC_132DBA,1,10,team2,Team 2 (E/W),45,75,19,♦,finished,2026-05-17T19:26:05.705538+00:00
518,INPROC_4E129A,1,10,team2,Team 2 (E/W),58,62,35,♠,finished,2026-05-17T19:26:05.716792+00:00
519,INPROC_9DD7FF,1,10,team1,Team 1 (N/S),80,40,31,♠,finished,2026-05-17T19:26:05.729536+00:00
520,INPROC_2F03EF,1,10,team1,Team 1 (N/S),63,57,37,♠,finished,2026-05-17T19:26:05.744626+00:00
521,INPROC_1F6CA1,1,10,team1,Team 1 (N/S),75,45,29,♥,finished,2026-05-17T19:26:05.760843+00:00
522,INPROC_B34D75,1,10,team1,Team 1 (N/S),62,58,11,♦,finished,2026-05-17T19:26:05.775844+00:00
523,INPROC_6E5AAC,1,10,team1,Team 1 (N/S),73,47,34,♠,finished,2026-05-17T19:26:05.792633+00:00
524,INPROC_1B2F37,1,10,team1,Team 1 (N/S),86,34,20,♥,finished,2026-05-17T19:26:05.810682+00:00
525,INPROC_658CAB,1,10,team1,Team 1 (N/S),63,57,25,♥,finished,2026-05-17T19:26:05.830930+00:00
526,INPROC_CA468B,1,10,team1,Team 1 (N/S),68,52,23,♥,finished,2026-05-17T19:26:05.845706+00:00
527,INPROC_1CAC9C,1,10,team2,Team 2 (E/W),31,89,15,♦,finished,2026-05-17T19:26:05.856990+00:00
528,INPROC_FFFC74,1,10,team2,Team 2 (E/W),50,70,7,♣,finished,2026-05-17T19:26:05.872604+00:00
529,INPROC_15B42D,1,10,team1,Team 1 (N/S),73,47,38,♠,finished,2026-05-17T19:26:05.889536+00:00
530,INPROC_C47BA5,1,10,team2,Team 2 (E/W),49,71,36,♠,finished,2026-05-17T19:26:05.908752+00:00
531,INPROC_AC0886,1,10,team1,Team 1 (N/S),88,32,17,♦,finished,2026-05-17T19:26:05.924994+00:00
532,INPROC_5AB5A8,1,10,team1,Team 1 (N/S),79,41,15,♦,finished,2026-05-17T19:26:05.942650+00:00
533,INPROC_7C12EE,1,10,team2,Team 2 (E/W),55,65,17,♦,finished,2026-05-17T19:26:05.957625+00:00
534,INPROC_62C74A,1,10,team2,Team 2 (E/W),49,71,33,♠,finished,2026-05-17T19:26:05.976394+00:00
535,INPROC_5A92DF,1,10,team2,Team 2 (E/W),19,101,31,♠,finished,2026-05-17T19:26:05.990471+00:00
536,INPROC_6874E5,1,10,team2,Team 2 (E/W),57,63,15,♦,finished,2026-05-17T19:26:06.004850+00:00
537,INPROC_F9D08A,1,10,team2,Team 2 (E/W),56,64,14,♦,finished,2026-05-17T19:26:06.019851+00:00
538,INPROC_E8AB37,1,10,team2,Team 2 (E/W),43,77,4,♣,finished,2026-05-17T19:26:06.038558+00:00
539,INPROC_978795,1,10,team2,Team 2 (E/W),31,89,8,♣,finished,2026-05-17T19:26:06.057986+00:00
540,INPROC_2E42A5,1,10,team2,Team 2 (E/W),31,89,8,♣,finished,2026-05-17T19:26:06.077814+00:00
541,INPROC_1D5681,1,10,team1,Team 1 (N/S),84,36,15,♦,finished,2026-05-17T19:26:06.095356+00:00
542,INPROC_5CE546,1,10,team2,Team 2 (E/W),38,82,19,♦,finished,2026-05-17T19:26:06.113674+00:00
543,INPROC_BA30D9,1,10,team1,Team 1 (N/S),71,49,19,♦,finished,2026-05-17T19:26:06.128958+00:00
544,INPROC_D389F9,1,10,team2,Team 2 (E/W),51,69,5,♣,finished,2026-05-17T19:26:06.146304+00:00
545,INPROC_6C8FD3,1,10,team2,Team 2 (E/W),11,109,25,♥,finished,2026-05-17T19:26:06.163372+00:00
546,INPROC_DEC2C1,1,10,team2,Team 2 (E/W),42,78,28,♥,finished,2026-05-17T19:26:06.181596+00:00
547,INPROC_5AA757,1,10,team2,Team 2 (E/W),24,96,23,♥,finished,2026-05-17T19:26:06.199681+00:00
548,INPROC_28BB6F,1,10,team1,Team 1 (N/S),73,47,8,♣,finished,2026-05-17T19:26:06.217152+00:00
549,INPROC_82908C,1,10,team2,Team 2 (E/W),31,89,17,♦,finished,2026-05-17T19:26:06.235577+00:00
550,INPROC_13643D,1,10,team1,Team 1 (N/S),94,26,4,♣,finished,2026-05-17T19:26:06.249565+00:00
551,INPROC_5858EF,1,10,team1,Team 1 (N/S),61,59,3,♣,finished,2026-05-17T19:26:06.262422+00:00
552,INPROC_B18DFD,1,10,team2,Team 2 (E/W),25,95,3,♣,finished,2026-05-17T19:26:06.277120+00:00
553,INPROC_F09BF2,1,10,team2,Team 2 (E/W),40,80,2,♣,finished,2026-05-17T19:26:06.290896+00:00
554,INPROC_D8940E,1,10,team2,Team 2 (E/W),34,86,34,♠,finished,2026-05-17T19:26:06.308138+00:00
555,INPROC_632AC5,1,10,team1,Team 1 (N/S),64,56,1,♣,finished,2026-05-17T19:26:06.326798+00:00
556,INPROC_A1DCDD,1,10,team1,Team 1 (N/S),72,48,11,♦,finished,2026-05-17T19:26:06.344546+00:00
557,INPROC_526272,1,10,team1,Team 1 (N/S),61,59,35,♠,finished,2026-05-17T19:26:06.363649+00:00
558,INPROC_1ED515,1,10,team2,Team 2 (E/W),53,67,21,♥,finished,2026-05-17T19:26:06.381806+00:00
559,INPROC_3D1D88,1,10,team1,Team 1 (N/S),62,58,35,♠,finished,2026-05-17T19:26:06.399186+00:00
560,INPROC_A218CC,1,10,team2,Team 2 (E/W),48,72,4,♣,finished,2026-05-17T19:26:06.418802+00:00
561,INPROC_8F0937,1,10,team2,Team 2 (E/W),42,78,6,♣,finished,2026-05-17T19:26:06.438304+00:00
562,INPROC_71113A,1,10,team1,Team 1 (N/S),88,32,0,♣,finished,2026-05-17T19:26:06.455131+00:00
563,INPROC_108E97,1,10,team2,Team 2 (E/W),53,67,20,♥,finished,2026-05-17T19:26:06.472312+00:00
564,INPROC_0468AE,1,10,team2,Team 2 (E/W),53,67,11,♦,finished,2026-05-17T19:26:06.492960+00:00
565,INPROC_AC77C7,1,10,team1,Team 1 (N/S),84,36,24,♥,finished,2026-05-17T19:26:06.506180+00:00
566,INPROC_D286B2,1,10,team2,Team 2 (E/W),21,99,5,♣,finished,2026-05-17T19:26:06.519481+00:00
567,INPROC_F0DD75,1,10,team1,Team 1 (N/S),83,37,7,♣,finished,2026-05-17T19:26:06.533486+00:00
568,INPROC_EB219C,1,10,team2,Team 2 (E/W),18,102,5,♣,finished,2026-05-17T19:26:06.547367+00:00
569,INPROC_9ECA94,1,10,team2,Team 2 (E/W),35,85,16,♦,finished,2026-05-17T19:26:06.562407+00:00
570,INPROC_71C947,1,10,team1,Team 1 (N/S),66,54,15,♦,finished,2026-05-17T19:26:06.577427+00:00
571,INPROC_3F67DC,1,10,team1,Team 1 (N/S),87,33,35,♠,finished,2026-05-17T19:26:06.594031+00:00
572,INPROC_C9F135,1,10,team2,Team 2 (E/W),41,79,39,♠,finished,2026-05-17T19:26:06.610606+00:00
573,INPROC_C7E299,1,10,team1,Team 1 (N/S),80,40,20,♥,finished,2026-05-17T19:26:06.627767+00:00
574,INPROC_C4FDFB,1,10,team2,Team 2 (E/W),34,86,37,♠,finished,2026-05-17T19:26:06.644748+00:00
575,INPROC_ABA70F,1,10,team2,Team 2 (E/W),15,105,21,♥,finished,2026-05-17T19:26:06.660233+00:00
576,INPROC_9A2C76,1,10,team1,Team 1 (N/S),85,35,28,♥,finished,2026-05-17T19:26:06.675782+00:00
577,INPROC_39C322,1,10,team2,Team 2 (E/W),45,75,5,♣,finished,2026-05-17T19:26:06.691618+00:00
578,INPROC_FFC21A,1,10,team1,Team 1 (N/S),85,35,1,♣,finished,2026-05-17T19:26:06.707217+00:00
579,INPROC_A2B85D,1,10,team2,Team 2 (E/W),46,74,17,♦,finished,2026-05-17T19:26:06.724398+00:00
580,INPROC_9ED070,1,10,team2,Team 2 (E/W),23,97,13,♦,finished,2026-05-17T19:26:06.742030+00:00
581,INPROC_52A0C2,1,10,team1,Team 1 (N/S),75,45,37,♠,finished,2026-05-17T19:26:06.759711+00:00
582,INPROC_7D84CF,1,10,draw,draw,60,60,38,♠,finished,2026-05-17T19:26:06.776259+00:00
583,INPROC_910C3C,1,10,team1,Team 1 (N/S),91,29,2,♣,finished,2026-05-17T19:26:06.786615+00:00
584,INPROC_9FCDFD,1,10,team2,Team 2 (E/W),29,91,33,♠,finished,2026-05-17T19:26:06.798620+00:00
585,INPROC_F2D404,1,10,team2,Team 2 (E/W),45,75,24,♥,finished,2026-05-17T19:26:06.810108+00:00
586,INPROC_B4F2EC,1,10,draw,draw,60,60,10,♦,finished,2026-05-17T19:26:06.827236+00:00
587,INPROC_8714A2,1,10,team2,Team 2 (E/W),54,66,24,♥,finished,2026-05-17T19:26:06.843319+00:00
588,INPROC_921C36,1,10,team1,Team 1 (N/S),78,42,8,♣,finished,2026-05-17T19:26:06.860714+00:00
589,INPROC_C8D084,1,10,team1,Team 1 (N/S),76,44,2,♣,finished,2026-05-17T19:26:06.879607+00:00
590,INPROC_5228F3,1,10,team2,Team 2 (E/W),45,75,38,♠,finished,2026-05-17T19:26:06.901925+00:00
591,INPROC_25760F,1,10,team2,Team 2 (E/W),36,84,1,♣,finished,2026-05-17T19:26:06.927105+00:00
592,INPROC_0694D7,1,10,team2,Team 2 (E/W),35,85,26,♥,finished,2026-05-17T19:26:06.945465+00:00
593,INPROC_B283E2,1,10,team2,Team 2 (E/W),51,69,13,♦,finished,2026-05-17T19:26:06.961588+00:00
594,INPROC_C300C7,1,10,team2,Team 2 (E/W),46,74,36,♠,finished,2026-05-17T19:26:06.978919+00:00
595,INPROC_2B8AD1,1,10,team2,Team 2 (E/W),44,76,24,♥,finished,2026-05-17T19:26:06.995222+00:00
596,INPROC_8CB336,1,10,team1,Team 1 (N/S),104,16,11,♦,finished,2026-05-17T19:26:07.012583+00:00
597,INPROC_E41720,1,10,team1,Team 1 (N/S),74,46,24,♥,finished,2026-05-17T19:26:07.028399+00:00
598,INPROC_2EE0B4,1,10,team2,Team 2 (E/W),54,66,17,♦,finished,2026-05-17T19:26:07.045024+00:00
599,INPROC_A728E6,1,10,team2,Team 2 (E/W),59,61,1,♣,finished,2026-05-17T19:26:07.057623+00:00
600,INPROC_517D85,1,10,team2,Team 2 (E/W),59,61,12,♦,finished,2026-05-17T19:26:07.071672+00:00
601,INPROC_6F321A,1,10,draw,draw,60,60,38,♠,finished,2026-05-17T19:26:07.082602+00:00
602,INPROC_92684E,1,10,team1,Team 1 (N/S),64,56,28,♥,finished,2026-05-17T19:26:07.100181+00:00
603,INPROC_9A1349,1,10,team1,Team 1 (N/S),82,38,24,♥,finished,2026-05-17T19:26:07.120367+00:00
604,INPROC_1F47F0,1,10,team1,Team 1 (N/S),68,52,29,♥,finished,2026-05-17T19:26:07.140048+00:00
605,INPROC_846083,1,10,team1,Team 1 (N/S),96,24,23,♥,finished,2026-05-17T19:26:07.156315+00:00
606,INPROC_7BC7A0,1,10,team2,Team 2 (E/W),31,89,29,♥,finished,2026-05-17T19:26:07.173370+00:00
607,INPROC_42754C,1,10,team1,Team 1 (N/S),87,33,27,♥,finished,2026-05-17T19:26:07.188849+00:00
608,INPROC_64C69C,1,10,team2,Team 2 (E/W),58,62,34,♠,finished,2026-05-17T19:26:07.203676+00:00
609,INPROC_D6E075,1,10,team1,Team 1 (N/S),90,30,38,♠,finished,2026-05-17T19:26:07.220640+00:00
610,INPROC_8C49A7,1,10,team1,Team 1 (N/S),95,25,7,♣,finished,2026-05-17T19:26:07.238191+00:00
611,INPROC_820C64,1,10,team1,Team 1 (N/S),64,56,21,♥,finished,2026-05-17T19:26:07.255003+00:00
612,INPROC_5F28D8,1,10,team2,Team 2 (E/W),13,107,28,♥,finished,2026-05-17T19:26:07.270355+00:00
613,INPROC_545BC1,1,10,team2,Team 2 (E/W),59,61,23,♥,finished,2026-05-17T19:26:07.285542+00:00
614,INPROC_DD90AB,1,10,team2,Team 2 (E/W),28,92,32,♠,finished,2026-05-17T19:26:07.301731+00:00
615,INPROC_150EE9,1,10,team2,Team 2 (E/W),35,85,38,♠,finished,2026-05-17T19:26:07.317736+00:00
616,INPROC_FE1390,1,10,team2,Team 2 (E/W),30,90,20,♥,finished,2026-05-17T19:26:07.332207+00:00
617,INPROC_1B54A2,1,10,team2,Team 2 (E/W),49,71,3,♣,finished,2026-05-17T19:26:07.346704+00:00
618,INPROC_65B984,1,10,team2,Team 2 (E/W),9,111,21,♥,finished,2026-05-17T19:26:07.362848+00:00
619,INPROC_3111F7,1,10,team1,Team 1 (N/S),86,34,1,♣,finished,2026-05-17T19:26:07.381468+00:00
620,INPROC_9188CE,1,10,team1,Team 1 (N/S),77,43,8,♣,finished,2026-05-17T19:26:07.399936+00:00
621,INPROC_8CF635,1,10,team1,Team 1 (N/S),75,45,35,♠,finished,2026-05-17T19:26:07.416644+00:00
622,INPROC_901C0C,1,10,team1,Team 1 (N/S),72,48,37,♠,finished,2026-05-17T19:26:07.435665+00:00
623,INPROC_778BCE,1,10,team1,Team 1 (N/S),90,30,1,♣,finished,2026-05-17T19:26:07.454091+00:00
624,INPROC_A26B0D,1,10,team2,Team 2 (E/W),23,97,28,♥,finished,2026-05-17T19:26:07.471068+00:00
625,INPROC_CF6D99,1,10,team1,Team 1 (N/S),93,27,18,♦,finished,2026-05-17T19:26:07.490657+00:00
626,INPROC_90FEA8,1,10,team1,Team 1 (N/S),87,33,22,♥,finished,2026-05-17T19:26:07.507103+00:00
627,INPROC_3FF348,1,10,team2,Team 2 (E/W),43,77,4,♣,finished,2026-05-17T19:26:07.523491+00:00
628,INPROC_0BDB0A,1,10,team2,Team 2 (E/W),48,72,1,♣,finished,2026-05-17T19:26:07.541159+00:00
629,INPROC_EE8959,1,10,team2,Team 2 (E/W),34,86,23,♥,finished,2026-05-17T19:26:07.559765+00:00
630,INPROC_BA14FB,1,10,team2,Team 2 (E/W),26,94,9,♣,finished,2026-05-17T19:26:07.577674+00:00
631,INPROC_95B9DF,1,10,team2,Team 2 (E/W),35,85,3,♣,finished,2026-05-17T19:26:07.592671+00:00
632,INPROC_F983AA,1,10,team2,Team 2 (E/W),59,61,5,♣,finished,2026-05-17T19:26:07.602298+00:00
633,INPROC_4A4AC5,1,10,team1,Team 1 (N/S),83,37,37,♠,finished,2026-05-17T19:26:07.613926+00:00
634,INPROC_DC8F84,1,10,team1,Team 1 (N/S),89,31,14,♦,finished,2026-05-17T19:26:07.628017+00:00
635,INPROC_0231FD,1,10,team1,Team 1 (N/S),77,43,12,♦,finished,2026-05-17T19:26:07.645167+00:00
636,INPROC_BF66B5,1,10,team2,Team 2 (E/W),3,117,13,♦,finished,2026-05-17T19:26:07.658805+00:00
637,INPROC_AF4A6A,1,10,team1,Team 1 (N/S),70,50,2,♣,finished,2026-05-17T19:26:07.674472+00:00
638,INPROC_FABDE6,1,10,team1,Team 1 (N/S),67,53,8,♣,finished,2026-05-17T19:26:07.689686+00:00
639,INPROC_00ECD8,1,10,team2,Team 2 (E/W),50,70,20,♥,finished,2026-05-17T19:26:07.705195+00:00
640,INPROC_D0E741,1,10,team2,Team 2 (E/W),49,71,12,♦,finished,2026-05-17T19:26:07.721319+00:00
641,INPROC_5FBA41,1,10,team1,Team 1 (N/S),90,30,36,♠,finished,2026-05-17T19:26:07.739839+00:00
642,INPROC_80624A,1,10,team1,Team 1 (N/S),75,45,33,♠,finished,2026-05-17T19:26:07.760185+00:00
643,INPROC_5E8135,1,10,team1,Team 1 (N/S),64,56,19,♦,finished,2026-05-17T19:26:07.775702+00:00
644,INPROC_6F1F21,1,10,team1,Team 1 (N/S),76,44,39,♠,finished,2026-05-17T19:26:07.794189+00:00
645,INPROC_DC7F38,1,10,team2,Team 2 (E/W),49,71,2,♣,finished,2026-05-17T19:26:07.811462+00:00
646,INPROC_2DDFF6,1,10,team2,Team 2 (E/W),49,71,1,♣,finished,2026-05-17T19:26:07.829004+00:00
647,INPROC_15EF12,1,10,team1,Team 1 (N/S),84,36,34,♠,finished,2026-05-17T19:26:07.845708+00:00
648,INPROC_9D034D,1,10,team2,Team 2 (E/W),22,98,29,♥,finished,2026-05-17T19:26:07.863477+00:00
649,INPROC_042309,1,10,team1,Team 1 (N/S),73,47,23,♥,finished,2026-05-17T19:26:07.878187+00:00
650,INPROC_4DF934,1,10,team2,Team 2 (E/W),11,109,28,♥,finished,2026-05-17T19:26:07.896404+00:00
651,INPROC_7B5867,1,10,team2,Team 2 (E/W),50,70,21,♥,finished,2026-05-17T19:26:07.915096+00:00
652,INPROC_EFA394,1,10,team2,Team 2 (E/W),38,82,2,♣,finished,2026-05-17T19:26:07.929588+00:00
653,INPROC_7600E8,1,10,team1,Team 1 (N/S),88,32,1,♣,finished,2026-05-17T19:26:07.946508+00:00
654,INPROC_40BC5A,1,10,team1,Team 1 (N/S),69,51,30,♠,finished,2026-05-17T19:26:07.965207+00:00
655,INPROC_8974DE,1,10,team1,Team 1 (N/S),79,41,33,♠,finished,2026-05-17T19:26:07.982448+00:00
656,INPROC_5745A3,1,10,team1,Team 1 (N/S),65,55,23,♥,finished,2026-05-17T19:26:08.001681+00:00
657,INPROC_132B93,1,10,team2,Team 2 (E/W),25,95,2,♣,finished,2026-05-17T19:26:08.020593+00:00
658,INPROC_252EEE,1,10,team2,Team 2 (E/W),43,77,0,♣,finished,2026-05-17T19:26:08.039503+00:00
659,INPROC_B80557,1,10,team2,Team 2 (E/W),32,88,38,♠,finished,2026-05-17T19:26:08.056475+00:00
660,INPROC_D7FE3B,1,10,team2,Team 2 (E/W),32,88,29,♥,finished,2026-05-17T19:26:08.077013+00:00
661,INPROC_E8F4B1,1,10,team1,Team 1 (N/S),83,37,14,♦,finished,2026-05-17T19:26:08.097664+00:00
662,INPROC_4B552D,1,10,team1,Team 1 (N/S),105,15,38,♠,finished,2026-05-17T19:26:08.115789+00:00
663,INPROC_91B6DA,1,10,team2,Team 2 (E/W),38,82,0,♣,finished,2026-05-17T19:26:08.130421+00:00
664,INPROC_B88770,1,10,team1,Team 1 (N/S),86,34,6,♣,finished,2026-05-17T19:26:08.142792+00:00
665,INPROC_7DACD0,1,10,team1,Team 1 (N/S),90,30,7,♣,finished,2026-05-17T19:26:08.158498+00:00
666,INPROC_92225B,1,10,team1,Team 1 (N/S),79,41,20,♥,finished,2026-05-17T19:26:08.178034+00:00
667,INPROC_76778E,1,10,team1,Team 1 (N/S),92,28,19,♦,finished,2026-05-17T19:26:08.199963+00:00
668,INPROC_34C417,1,10,team1,Team 1 (N/S),105,15,31,♠,finished,2026-05-17T19:26:08.217151+00:00
669,INPROC_427AA1,1,10,team1,Team 1 (N/S),77,43,26,♥,finished,2026-05-17T19:26:08.233395+00:00
670,INPROC_E97CEC,1,10,team2,Team 2 (E/W),58,62,23,♥,finished,2026-05-17T19:26:08.282109+00:00
671,INPROC_B74E63,1,10,team1,Team 1 (N/S),103,17,33,♠,finished,2026-05-17T19:26:08.308202+00:00
672,INPROC_1A1EDE,1,10,team1,Team 1 (N/S),74,46,27,♥,finished,2026-05-17T19:26:08.330523+00:00
673,INPROC_3CB46F,1,10,team2,Team 2 (E/W),12,108,29,♥,finished,2026-05-17T19:26:08.349525+00:00
674,INPROC_DAFE89,1,10,team1,Team 1 (N/S),71,49,28,♥,finished,2026-05-17T19:26:08.367934+00:00
675,INPROC_70F1FB,1,10,team1,Team 1 (N/S),76,44,26,♥,finished,2026-05-17T19:26:08.381375+00:00
676,INPROC_F4A1F2,1,10,team2,Team 2 (E/W),59,61,26,♥,finished,2026-05-17T19:26:08.395030+00:00
677,INPROC_3C5D14,1,10,team2,Team 2 (E/W),47,73,2,♣,finished,2026-05-17T19:26:08.412191+00:00
678,INPROC_F01E6D,1,10,team1,Team 1 (N/S),89,31,25,♥,finished,2026-05-17T19:26:08.429626+00:00
679,INPROC_0CFCF1,1,10,team2,Team 2 (E/W),26,94,38,♠,finished,2026-05-17T19:26:08.447907+00:00
680,INPROC_7E2D30,1,10,team1,Team 1 (N/S),68,52,35,♠,finished,2026-05-17T19:26:08.465376+00:00
681,INPROC_643244,1,10,team1,Team 1 (N/S),92,28,25,♥,finished,2026-05-17T19:26:08.482879+00:00
682,INPROC_E0D494,1,10,team1,Team 1 (N/S),87,33,10,♦,finished,2026-05-17T19:26:08.500108+00:00
683,INPROC_CBD059,1,10,team2,Team 2 (E/W),20,100,20,♥,finished,2026-05-17T19:26:08.518650+00:00
684,INPROC_520BAB,1,10,team2,Team 2 (E/W),46,74,37,♠,finished,2026-05-17T19:26:08.536242+00:00
685,INPROC_DD703E,1,10,team2,Team 2 (E/W),10,110,37,♠,finished,2026-05-17T19:26:08.555422+00:00
686,INPROC_485AEA,1,10,team1,Team 1 (N/S),90,30,33,♠,finished,2026-05-17T19:26:08.575217+00:00
687,INPROC_C052CD,1,10,team2,Team 2 (E/W),52,68,2,♣,finished,2026-05-17T19:26:08.594573+00:00
688,INPROC_D8CAA8,1,10,team1,Team 1 (N/S),70,50,3,♣,finished,2026-05-17T19:26:08.609639+00:00
689,INPROC_6C663A,1,10,team2,Team 2 (E/W),45,75,13,♦,finished,2026-05-17T19:26:08.623269+00:00
690,INPROC_DFC2EA,1,10,team1,Team 1 (N/S),68,52,34,♠,finished,2026-05-17T19:26:08.639591+00:00
691,INPROC_32CF2B,1,10,team2,Team 2 (E/W),46,74,30,♠,finished,2026-05-17T19:26:08.659393+00:00
692,INPROC_CCF6EF,1,10,team2,Team 2 (E/W),29,91,36,♠,finished,2026-05-17T19:26:08.673130+00:00
693,INPROC_EA7FB3,1,10,team2,Team 2 (E/W),46,74,13,♦,finished,2026-05-17T19:26:08.690102+00:00
694,INPROC_B83699,1,10,team1,Team 1 (N/S),89,31,4,♣,finished,2026-05-17T19:26:08.707470+00:00
695,INPROC_6DDEA2,1,10,team2,Team 2 (E/W),54,66,9,♣,finished,2026-05-17T19:26:08.726870+00:00
696,INPROC_A6F8AC,1,10,team1,Team 1 (N/S),79,41,11,♦,finished,2026-05-17T19:26:08.745724+00:00
697,INPROC_F02D5F,1,10,team1,Team 1 (N/S),99,21,10,♦,finished,2026-05-17T19:26:08.764089+00:00
698,INPROC_B13DD4,1,10,team2,Team 2 (E/W),28,92,14,♦,finished,2026-05-17T19:26:08.780292+00:00
699,INPROC_5BF58E,1,10,team1,Team 1 (N/S),67,53,3,♣,finished,2026-05-17T19:26:08.798295+00:00
700,INPROC_3111B9,1,10,team1,Team 1 (N/S),91,29,12,♦,finished,2026-05-17T19:26:08.818680+00:00
701,INPROC_40D17A,1,10,team2,Team 2 (E/W),55,65,24,♥,finished,2026-05-17T19:26:08.836713+00:00
702,INPROC_344432,1,10,team2,Team 2 (E/W),51,69,23,♥,finished,2026-05-17T19:26:08.855156+00:00
703,INPROC_302E7D,1,10,team2,Team 2 (E/W),29,91,15,♦,finished,2026-05-17T19:26:08.872508+00:00
704,INPROC_26E9B0,1,10,team2,Team 2 (E/W),36,84,9,♣,finished,2026-05-17T19:26:08.888955+00:00
705,INPROC_5B9F04,1,10,team1,Team 1 (N/S),92,28,32,♠,finished,2026-05-17T19:26:08.906166+00:00
706,INPROC_1D9641,1,10,team1,Team 1 (N/S),78,42,12,♦,finished,2026-05-17T19:26:08.919418+00:00
707,INPROC_511C79,1,10,team1,Team 1 (N/S),88,32,11,♦,finished,2026-05-17T19:26:08.929963+00:00
708,INPROC_26C4E5,1,10,team1,Team 1 (N/S),66,54,15,♦,finished,2026-05-17T19:26:08.942208+00:00
709,INPROC_519F96,1,10,team2,Team 2 (E/W),52,68,25,♥,finished,2026-05-17T19:26:08.953911+00:00
710,INPROC_AED972,1,10,team1,Team 1 (N/S),93,27,2,♣,finished,2026-05-17T19:26:08.969140+00:00
711,INPROC_3E1EBA,1,10,team2,Team 2 (E/W),57,63,5,♣,finished,2026-05-17T19:26:08.983058+00:00
712,INPROC_8DB4B1,1,10,team2,Team 2 (E/W),27,93,36,♠,finished,2026-05-17T19:26:09.000187+00:00
713,INPROC_F68D00,1,10,team1,Team 1 (N/S),74,46,23,♥,finished,2026-05-17T19:26:09.016524+00:00
714,INPROC_760875,1,10,team2,Team 2 (E/W),51,69,9,♣,finished,2026-05-17T19:26:09.032480+00:00
715,INPROC_BCC3C8,1,10,team1,Team 1 (N/S),93,27,19,♦,finished,2026-05-17T19:26:09.048471+00:00
716,INPROC_02B97A,1,10,team2,Team 2 (E/W),42,78,8,♣,finished,2026-05-17T19:26:09.064963+00:00
717,INPROC_6E9832,1,10,team2,Team 2 (E/W),46,74,32,♠,finished,2026-05-17T19:26:09.080233+00:00
718,INPROC_33BEA0,1,10,team1,Team 1 (N/S),113,7,15,♦,finished,2026-05-17T19:26:09.099760+00:00
719,INPROC_43C64F,1,10,team1,Team 1 (N/S),95,25,20,♥,finished,2026-05-17T19:26:09.115838+00:00
720,INPROC_F58A5F,1,10,team2,Team 2 (E/W),46,74,37,♠,finished,2026-05-17T19:26:09.132156+00:00
721,INPROC_6224CC,1,10,team1,Team 1 (N/S),100,20,10,♦,finished,2026-05-17T19:26:09.151374+00:00
722,INPROC_5C95B1,1,10,team1,Team 1 (N/S),66,54,22,♥,finished,2026-05-17T19:26:09.167722+00:00
723,INPROC_2C4C1C,1,10,team1,Team 1 (N/S),80,40,31,♠,finished,2026-05-17T19:26:09.184830+00:00
724,INPROC_A27F1D,1,10,team1,Team 1 (N/S),105,15,26,♥,finished,2026-05-17T19:26:09.196993+00:00
725,INPROC_B3B4AF,1,10,team1,Team 1 (N/S),90,30,26,♥,finished,2026-05-17T19:26:09.208408+00:00
726,INPROC_D4F0A0,1,10,team1,Team 1 (N/S),77,43,12,♦,finished,2026-05-17T19:26:09.223635+00:00
727,INPROC_7BBE5D,1,10,team1,Team 1 (N/S),89,31,12,♦,finished,2026-05-17T19:26:09.240392+00:00
728,INPROC_4A7682,1,10,team2,Team 2 (E/W),28,92,22,♥,finished,2026-05-17T19:26:09.256127+00:00
729,INPROC_A7B36E,1,10,team2,Team 2 (E/W),44,76,32,♠,finished,2026-05-17T19:26:09.273033+00:00
730,INPROC_2B0960,1,10,team2,Team 2 (E/W),36,84,19,♦,finished,2026-05-17T19:26:09.292326+00:00
731,INPROC_D3936B,1,10,team2,Team 2 (E/W),44,76,31,♠,finished,2026-05-17T19:26:09.309844+00:00
732,INPROC_A2AB41,1,10,team1,Team 1 (N/S),104,16,18,♦,finished,2026-05-17T19:26:09.329169+00:00
733,INPROC_2F29FA,1,10,team1,Team 1 (N/S),75,45,25,♥,finished,2026-05-17T19:26:09.345360+00:00
734,INPROC_E9C951,1,10,team1,Team 1 (N/S),74,46,26,♥,finished,2026-05-17T19:26:09.360844+00:00
735,INPROC_FA0E2A,1,10,team2,Team 2 (E/W),46,74,3,♣,finished,2026-05-17T19:26:09.377348+00:00
736,INPROC_7E334D,1,10,team1,Team 1 (N/S),94,26,33,♠,finished,2026-05-17T19:26:09.394069+00:00
737,INPROC_C846DC,1,10,team1,Team 1 (N/S),90,30,3,♣,finished,2026-05-17T19:26:09.408212+00:00
738,INPROC_8FE986,1,10,team2,Team 2 (E/W),49,71,22,♥,finished,2026-05-17T19:26:09.423589+00:00
739,INPROC_B46B36,1,10,team1,Team 1 (N/S),61,59,2,♣,finished,2026-05-17T19:26:09.440559+00:00
740,INPROC_D529C2,1,10,team2,Team 2 (E/W),44,76,17,♦,finished,2026-05-17T19:26:09.456795+00:00
741,INPROC_B51B87,1,10,team2,Team 2 (E/W),53,67,6,♣,finished,2026-05-17T19:26:09.468935+00:00
742,INPROC_230F45,1,10,team2,Team 2 (E/W),20,100,4,♣,finished,2026-05-17T19:26:09.486431+00:00
743,INPROC_8B6FA7,1,10,team2,Team 2 (E/W),35,85,18,♦,finished,2026-05-17T19:26:09.502261+00:00
744,INPROC_137EF8,1,10,team1,Team 1 (N/S),82,38,22,♥,finished,2026-05-17T19:26:09.517956+00:00
745,INPROC_746199,1,10,team1,Team 1 (N/S),69,51,20,♥,finished,2026-05-17T19:26:09.532938+00:00
746,INPROC_03B755,1,10,team1,Team 1 (N/S),79,41,17,♦,finished,2026-05-17T19:26:09.549926+00:00
747,INPROC_2B2065,1,10,team1,Team 1 (N/S),72,48,37,♠,finished,2026-05-17T19:26:09.563514+00:00
748,INPROC_459121,1,10,team2,Team 2 (E/W),36,84,22,♥,finished,2026-05-17T19:26:09.578262+00:00
749,INPROC_5837FD,1,10,team2,Team 2 (E/W),32,88,24,♥,finished,2026-05-17T19:26:09.595055+00:00
750,INPROC_2C861E,1,10,team1,Team 1 (N/S),93,27,10,♦,finished,2026-05-17T19:26:09.611802+00:00
751,INPROC_9847F3,1,10,team1,Team 1 (N/S),70,50,2,♣,finished,2026-05-17T19:26:09.627695+00:00
752,INPROC_86383F,1,10,team2,Team 2 (E/W),41,79,3,♣,finished,2026-05-17T19:26:09.644173+00:00
753,INPROC_592A13,1,10,team1,Team 1 (N/S),78,42,14,♦,finished,2026-05-17T19:26:09.661315+00:00
754,INPROC_122CC1,1,10,team1,Team 1 (N/S),90,30,2,♣,finished,2026-05-17T19:26:09.676161+00:00
755,INPROC_5EA2AE,1,10,team2,Team 2 (E/W),49,71,38,♠,finished,2026-05-17T19:26:09.691546+00:00
756,INPROC_CE5BE6,1,10,team1,Team 1 (N/S),88,32,16,♦,finished,2026-05-17T19:26:09.710525+00:00
757,INPROC_EC5F74,1,10,team2,Team 2 (E/W),44,76,5,♣,finished,2026-05-17T19:26:09.724602+00:00
758,INPROC_30395E,1,10,team2,Team 2 (E/W),22,98,9,♣,finished,2026-05-17T19:26:09.738157+00:00
759,INPROC_94DD07,1,10,team2,Team 2 (E/W),56,64,10,♦,finished,2026-05-17T19:26:09.749846+00:00
760,INPROC_3C6752,1,10,team2,Team 2 (E/W),55,65,5,♣,finished,2026-05-17T19:26:09.766837+00:00
761,INPROC_6FDC03,1,10,team1,Team 1 (N/S),67,53,13,♦,finished,2026-05-17T19:26:09.781116+00:00
762,INPROC_F15730,1,10,team1,Team 1 (N/S),72,48,38,♠,finished,2026-05-17T19:26:09.796534+00:00
763,INPROC_0D2E97,1,10,team1,Team 1 (N/S),61,59,30,♠,finished,2026-05-17T19:26:09.815149+00:00
764,INPROC_7EA7C8,1,10,team2,Team 2 (E/W),48,72,12,♦,finished,2026-05-17T19:26:09.833539+00:00
765,INPROC_CB674C,1,10,team2,Team 2 (E/W),47,73,16,♦,finished,2026-05-17T19:26:09.845474+00:00
766,INPROC_268D77,1,10,team2,Team 2 (E/W),43,77,21,♥,finished,2026-05-17T19:26:09.865070+00:00
767,INPROC_0FA6DA,1,10,team2,Team 2 (E/W),33,87,39,♠,finished,2026-05-17T19:26:09.884975+00:00
768,INPROC_0687ED,1,10,team1,Team 1 (N/S),80,40,15,♦,finished,2026-05-17T19:26:09.901934+00:00
769,INPROC_7BA13A,1,10,team1,Team 1 (N/S),61,59,29,♥,finished,2026-05-17T19:26:09.917522+00:00
770,INPROC_D29227,1,10,team1,Team 1 (N/S),63,57,7,♣,finished,2026-05-17T19:26:09.936201+00:00
771,INPROC_00EEB3,1,10,team2,Team 2 (E/W),26,94,25,♥,finished,2026-05-17T19:26:09.955560+00:00
772,INPROC_61DC4C,1,10,team2,Team 2 (E/W),40,80,25,♥,finished,2026-05-17T19:26:09.971189+00:00
773,INPROC_5C8352,1,10,team2,Team 2 (E/W),49,71,12,♦,finished,2026-05-17T19:26:09.989459+00:00
774,INPROC_03EB33,1,10,team1,Team 1 (N/S),66,54,35,♠,finished,2026-05-17T19:26:10.003178+00:00
775,INPROC_6EE318,1,10,team2,Team 2 (E/W),54,66,22,♥,finished,2026-05-17T19:26:10.015201+00:00
776,INPROC_B17761,1,10,team2,Team 2 (E/W),43,77,26,♥,finished,2026-05-17T19:26:10.031079+00:00
777,INPROC_14816F,1,10,team1,Team 1 (N/S),98,22,20,♥,finished,2026-05-17T19:26:10.047464+00:00
778,INPROC_60DDAA,1,10,team2,Team 2 (E/W),35,85,9,♣,finished,2026-05-17T19:26:10.064393+00:00
779,INPROC_1FF494,1,10,team1,Team 1 (N/S),86,34,10,♦,finished,2026-05-17T19:26:10.081997+00:00
780,INPROC_39C3B6,1,10,team2,Team 2 (E/W),8,112,23,♥,finished,2026-05-17T19:26:10.096848+00:00
781,INPROC_AA63FA,1,10,team2,Team 2 (E/W),35,85,31,♠,finished,2026-05-17T19:26:10.116976+00:00
782,INPROC_37C8C4,1,10,draw,draw,60,60,1,♣,finished,2026-05-17T19:26:10.135306+00:00
783,INPROC_A6C8B5,1,10,team1,Team 1 (N/S),64,56,15,♦,finished,2026-05-17T19:26:10.152688+00:00
784,INPROC_79E390,1,10,draw,draw,60,60,15,♦,finished,2026-05-17T19:26:10.171012+00:00
785,INPROC_24147C,1,10,team2,Team 2 (E/W),31,89,6,♣,finished,2026-05-17T19:26:10.187826+00:00
786,INPROC_637FAA,1,10,team1,Team 1 (N/S),75,45,4,♣,finished,2026-05-17T19:26:10.204819+00:00
787,INPROC_3746A5,1,10,team2,Team 2 (E/W),32,88,28,♥,finished,2026-05-17T19:26:10.219679+00:00
788,INPROC_939C62,1,10,team2,Team 2 (E/W),48,72,9,♣,finished,2026-05-17T19:26:10.235021+00:00
789,INPROC_1AA69F,1,10,team2,Team 2 (E/W),47,73,20,♥,finished,2026-05-17T19:26:10.248071+00:00
790,INPROC_18EA11,1,10,team1,Team 1 (N/S),79,41,5,♣,finished,2026-05-17T19:26:10.260643+00:00
791,INPROC_CEAE4A,1,10,team1,Team 1 (N/S),77,43,28,♥,finished,2026-05-17T19:26:10.271522+00:00
792,INPROC_5BC0B9,1,10,team2,Team 2 (E/W),41,79,26,♥,finished,2026-05-17T19:26:10.287627+00:00
793,INPROC_BAF0FD,1,10,team2,Team 2 (E/W),36,84,34,♠,finished,2026-05-17T19:26:10.303332+00:00
794,INPROC_21FD06,1,10,team1,Team 1 (N/S),111,9,17,♦,finished,2026-05-17T19:26:10.321508+00:00
795,INPROC_BBAE9A,1,10,team2,Team 2 (E/W),41,79,27,♥,finished,2026-05-17T19:26:10.339396+00:00
796,INPROC_C397C0,1,10,team1,Team 1 (N/S),63,57,15,♦,finished,2026-05-17T19:26:10.358057+00:00
797,INPROC_D4C1C9,1,10,team2,Team 2 (E/W),25,95,28,♥,finished,2026-05-17T19:26:10.375845+00:00
798,INPROC_238AB2,1,10,team2,Team 2 (E/W),46,74,31,♠,finished,2026-05-17T19:26:10.391286+00:00
799,INPROC_D29962,1,10,team2,Team 2 (E/W),23,97,19,♦,finished,2026-05-17T19:26:10.406999+00:00
800,INPROC_6320A9,1,10,team2,Team 2 (E/W),50,70,36,♠,finished,2026-05-17T19:26:10.422741+00:00
801,INPROC_54DCAA,1,10,team1,Team 1 (N/S),73,47,33,♠,finished,2026-05-17T19:26:10.439305+00:00
802,INPROC_315189,1,10,team2,Team 2 (E/W),38,82,9,♣,finished,2026-05-17T19:26:10.451695+00:00
803,INPROC_93B562,1,10,team2,Team 2 (E/W),30,90,5,♣,finished,2026-05-17T19:26:10.466158+00:00
804,INPROC_2D0F3A,1,10,team1,Team 1 (N/S),76,44,14,♦,finished,2026-05-17T19:26:10.481890+00:00
805,INPROC_1E2717,1,10,team2,Team 2 (E/W),44,76,36,♠,finished,2026-05-17T19:26:10.497119+00:00
806,INPROC_474AB6,1,10,team2,Team 2 (E/W),13,107,9,♣,finished,2026-05-17T19:26:10.509305+00:00
807,INPROC_090A8B,1,10,team1,Team 1 (N/S),64,56,1,♣,finished,2026-05-17T19:26:10.521506+00:00
808,INPROC_5B87B2,1,10,team1,Team 1 (N/S),90,30,28,♥,finished,2026-05-17T19:26:10.534823+00:00
809,INPROC_B47783,1,10,team1,Team 1 (N/S),101,19,4,♣,finished,2026-05-17T19:26:10.551179+00:00
810,INPROC_C2411C,1,10,team1,Team 1 (N/S),72,48,37,♠,finished,2026-05-17T19:26:10.567906+00:00
811,INPROC_C15948,1,10,team1,Team 1 (N/S),63,57,26,♥,finished,2026-05-17T19:26:10.583841+00:00
812,INPROC_AB52E2,1,10,team2,Team 2 (E/W),28,92,36,♠,finished,2026-05-17T19:26:10.601713+00:00
813,INPROC_56F084,1,10,team2,Team 2 (E/W),27,93,22,♥,finished,2026-05-17T19:26:10.618082+00:00
814,INPROC_7DE276,1,10,team1,Team 1 (N/S),93,27,22,♥,finished,2026-05-17T19:26:10.634040+00:00
815,INPROC_6C74D4,1,10,team1,Team 1 (N/S),63,57,17,♦,finished,2026-05-17T19:26:10.653268+00:00
816,INPROC_4E85AD,1,10,team2,Team 2 (E/W),58,62,25,♥,finished,2026-05-17T19:26:10.672472+00:00
817,INPROC_5E84F7,1,10,team2,Team 2 (E/W),42,78,29,♥,finished,2026-05-17T19:26:10.689715+00:00
818,INPROC_F317B4,1,10,team2,Team 2 (E/W),57,63,35,♠,finished,2026-05-17T19:26:10.705130+00:00
819,INPROC_ADA7C3,1,10,team2,Team 2 (E/W),30,90,27,♥,finished,2026-05-17T19:26:10.724708+00:00
820,INPROC_D759F4,1,10,team1,Team 1 (N/S),80,40,14,♦,finished,2026-05-17T19:26:10.740384+00:00
821,INPROC_10C86D,1,10,team2,Team 2 (E/W),36,84,2,♣,finished,2026-05-17T19:26:10.757971+00:00
822,INPROC_713D83,1,10,team2,Team 2 (E/W),48,72,31,♠,finished,2026-05-17T19:26:10.773676+00:00
823,INPROC_98B06C,1,10,team2,Team 2 (E/W),57,63,7,♣,finished,2026-05-17T19:26:10.787182+00:00
824,INPROC_C23FAC,1,10,team2,Team 2 (E/W),27,93,3,♣,finished,2026-05-17T19:26:10.802483+00:00
825,INPROC_DB33DD,1,10,team2,Team 2 (E/W),48,72,29,♥,finished,2026-05-17T19:26:10.817838+00:00
826,INPROC_6F9248,1,10,team1,Team 1 (N/S),77,43,2,♣,finished,2026-05-17T19:26:10.834348+00:00
827,INPROC_90B59B,1,10,team2,Team 2 (E/W),57,63,37,♠,finished,2026-05-17T19:26:10.847531+00:00
828,INPROC_A5C9C9,1,10,team2,Team 2 (E/W),57,63,25,♥,finished,2026-05-17T19:26:10.859986+00:00
829,INPROC_905F93,1,10,team1,Team 1 (N/S),72,48,14,♦,finished,2026-05-17T19:26:10.874069+00:00
830,INPROC_5CDD13,1,10,team2,Team 2 (E/W),44,76,21,♥,finished,2026-05-17T19:26:10.886112+00:00
831,INPROC_BA0970,1,10,team2,Team 2 (E/W),56,64,34,♠,finished,2026-05-17T19:26:10.896570+00:00
832,INPROC_25126C,1,10,team2,Team 2 (E/W),55,65,24,♥,finished,2026-05-17T19:26:10.907223+00:00
833,INPROC_184BF5,1,10,draw,draw,60,60,16,♦,finished,2026-05-17T19:26:10.920093+00:00
834,INPROC_F55632,1,10,team1,Team 1 (N/S),78,42,12,♦,finished,2026-05-17T19:26:10.929847+00:00
835,INPROC_298FBA,1,10,team2,Team 2 (E/W),58,62,38,♠,finished,2026-05-17T19:26:10.942702+00:00
836,INPROC_91B858,1,10,team1,Team 1 (N/S),74,46,16,♦,finished,2026-05-17T19:26:10.956297+00:00
837,INPROC_AC0A36,1,10,team1,Team 1 (N/S),62,58,0,♣,finished,2026-05-17T19:26:10.967331+00:00
838,INPROC_33CC5B,1,10,team1,Team 1 (N/S),67,53,17,♦,finished,2026-05-17T19:26:10.977512+00:00
839,INPROC_3F26E0,1,10,team1,Team 1 (N/S),77,43,11,♦,finished,2026-05-17T19:26:10.990994+00:00
840,INPROC_C62609,1,10,team1,Team 1 (N/S),90,30,22,♥,finished,2026-05-17T19:26:11.004200+00:00
841,INPROC_9D2FAE,1,10,team2,Team 2 (E/W),21,99,7,♣,finished,2026-05-17T19:26:11.016141+00:00
842,INPROC_EFAAC4,1,10,team2,Team 2 (E/W),51,69,21,♥,finished,2026-05-17T19:26:11.026185+00:00
843,INPROC_0CF00E,1,10,team1,Team 1 (N/S),65,55,15,♦,finished,2026-05-17T19:26:11.039467+00:00
844,INPROC_A7519A,1,10,team1,Team 1 (N/S),78,42,6,♣,finished,2026-05-17T19:26:11.054873+00:00
845,INPROC_234554,1,10,team2,Team 2 (E/W),57,63,12,♦,finished,2026-05-17T19:26:11.068093+00:00
846,INPROC_D5C23B,1,10,team1,Team 1 (N/S),68,52,27,♥,finished,2026-05-17T19:26:11.079867+00:00
847,INPROC_414FDF,1,10,team2,Team 2 (E/W),14,106,21,♥,finished,2026-05-17T19:26:11.090437+00:00
848,INPROC_34C235,1,10,team2,Team 2 (E/W),38,82,12,♦,finished,2026-05-17T19:26:11.104003+00:00
849,INPROC_8612BD,1,10,team2,Team 2 (E/W),14,106,33,♠,finished,2026-05-17T19:26:11.117064+00:00
850,INPROC_3F6E12,1,10,team2,Team 2 (E/W),37,83,38,♠,finished,2026-05-17T19:26:11.127710+00:00
851,INPROC_CE3ED8,1,10,team2,Team 2 (E/W),32,88,14,♦,finished,2026-05-17T19:26:11.139212+00:00
852,INPROC_9DE467,1,10,team1,Team 1 (N/S),63,57,33,♠,finished,2026-05-17T19:26:11.152608+00:00
853,INPROC_EAED9F,1,10,team2,Team 2 (E/W),59,61,9,♣,finished,2026-05-17T19:26:11.164459+00:00
854,INPROC_B1041D,1,10,team1,Team 1 (N/S),77,43,22,♥,finished,2026-05-17T19:26:11.178739+00:00
855,INPROC_FCF40B,1,10,team1,Team 1 (N/S),85,35,17,♦,finished,2026-05-17T19:26:11.190884+00:00
856,INPROC_253D81,1,10,team2,Team 2 (E/W),37,83,24,♥,finished,2026-05-17T19:26:11.202184+00:00
857,INPROC_0408E4,1,10,team1,Team 1 (N/S),75,45,0,♣,finished,2026-05-17T19:26:11.219077+00:00
858,INPROC_A8FB5C,1,10,team1,Team 1 (N/S),61,59,17,♦,finished,2026-05-17T19:26:11.236309+00:00
859,INPROC_FF6D43,1,10,team2,Team 2 (E/W),26,94,9,♣,finished,2026-05-17T19:26:11.251487+00:00
860,INPROC_1D77BE,1,10,team1,Team 1 (N/S),68,52,1,♣,finished,2026-05-17T19:26:11.268220+00:00
861,INPROC_B964E9,1,10,team2,Team 2 (E/W),57,63,4,♣,finished,2026-05-17T19:26:11.283814+00:00
862,INPROC_FC6805,1,10,draw,draw,60,60,7,♣,finished,2026-05-17T19:26:11.300376+00:00
863,INPROC_34B86B,1,10,team2,Team 2 (E/W),55,65,36,♠,finished,2026-05-17T19:26:11.314130+00:00
864,INPROC_28E34E,1,10,team2,Team 2 (E/W),31,89,38,♠,finished,2026-05-17T19:26:11.325852+00:00
865,INPROC_82C8D7,1,10,team1,Team 1 (N/S),62,58,29,♥,finished,2026-05-17T19:26:11.339057+00:00
866,INPROC_502139,1,10,team1,Team 1 (N/S),98,22,34,♠,finished,2026-05-17T19:26:11.353394+00:00
867,INPROC_24A656,1,10,team1,Team 1 (N/S),85,35,13,♦,finished,2026-05-17T19:26:11.370065+00:00
868,INPROC_3F1BA6,1,10,team2,Team 2 (E/W),46,74,5,♣,finished,2026-05-17T19:26:11.385751+00:00
869,INPROC_B3DC4C,1,10,team2,Team 2 (E/W),26,94,13,♦,finished,2026-05-17T19:26:11.405194+00:00
870,INPROC_66E702,1,10,team1,Team 1 (N/S),78,42,10,♦,finished,2026-05-17T19:26:11.423955+00:00
871,INPROC_10E0BF,1,10,team1,Team 1 (N/S),69,51,15,♦,finished,2026-05-17T19:26:11.442548+00:00
872,INPROC_87C829,1,10,team2,Team 2 (E/W),47,73,25,♥,finished,2026-05-17T19:26:11.459628+00:00
873,INPROC_747070,1,10,team1,Team 1 (N/S),68,52,0,♣,finished,2026-05-17T19:26:11.476268+00:00
874,INPROC_B47DBA,1,10,team2,Team 2 (E/W),18,102,14,♦,finished,2026-05-17T19:26:11.487050+00:00
875,INPROC_ACE53D,1,10,team1,Team 1 (N/S),102,18,2,♣,finished,2026-05-17T19:26:11.499356+00:00
876,INPROC_AF2524,1,10,team2,Team 2 (E/W),45,75,31,♠,finished,2026-05-17T19:26:11.516886+00:00
877,INPROC_6AC637,1,10,team2,Team 2 (E/W),29,91,21,♥,finished,2026-05-17T19:26:11.534116+00:00
878,INPROC_74EE61,1,10,team1,Team 1 (N/S),66,54,0,♣,finished,2026-05-17T19:26:11.555688+00:00
879,INPROC_7C1213,1,10,team2,Team 2 (E/W),13,107,16,♦,finished,2026-05-17T19:26:11.569965+00:00
880,INPROC_2EB95F,1,10,team2,Team 2 (E/W),34,86,33,♠,finished,2026-05-17T19:26:11.582256+00:00
881,INPROC_C03D00,1,10,team2,Team 2 (E/W),52,68,17,♦,finished,2026-05-17T19:26:11.596914+00:00
882,INPROC_7E75C0,1,10,team1,Team 1 (N/S),75,45,28,♥,finished,2026-05-17T19:26:11.614299+00:00
883,INPROC_51594D,1,10,team2,Team 2 (E/W),55,65,33,♠,finished,2026-05-17T19:26:11.631136+00:00
884,INPROC_69311A,1,10,team2,Team 2 (E/W),3,117,32,♠,finished,2026-05-17T19:26:11.645972+00:00
885,INPROC_06B6B8,1,10,team2,Team 2 (E/W),46,74,0,♣,finished,2026-05-17T19:26:11.663400+00:00
886,INPROC_1336D2,1,10,team1,Team 1 (N/S),86,34,24,♥,finished,2026-05-17T19:26:11.680166+00:00
887,INPROC_CD7A0D,1,10,team1,Team 1 (N/S),69,51,5,♣,finished,2026-05-17T19:26:11.698295+00:00
888,INPROC_12A3A2,1,10,team1,Team 1 (N/S),80,40,37,♠,finished,2026-05-17T19:26:11.716350+00:00
889,INPROC_1BDBE7,1,10,team2,Team 2 (E/W),36,84,25,♥,finished,2026-05-17T19:26:11.735077+00:00
890,INPROC_B97963,1,10,team2,Team 2 (E/W),48,72,20,♥,finished,2026-05-17T19:26:11.754533+00:00
891,INPROC_8AF213,1,10,team1,Team 1 (N/S),76,44,38,♠,finished,2026-05-17T19:26:11.773642+00:00
892,INPROC_B325D6,1,10,team1,Team 1 (N/S),72,48,0,♣,finished,2026-05-17T19:26:11.789069+00:00
893,INPROC_9C4AA7,1,10,team2,Team 2 (E/W),50,70,34,♠,finished,2026-05-17T19:26:11.804228+00:00
894,INPROC_C38E05,1,10,team1,Team 1 (N/S),97,23,11,♦,finished,2026-05-17T19:26:11.819573+00:00
895,INPROC_51F908,1,10,team1,Team 1 (N/S),82,38,5,♣,finished,2026-05-17T19:26:11.834120+00:00
896,INPROC_ADC23F,1,10,team1,Team 1 (N/S),81,39,5,♣,finished,2026-05-17T19:26:11.846926+00:00
897,INPROC_677DC8,1,10,team1,Team 1 (N/S),67,53,20,♥,finished,2026-05-17T19:26:11.863310+00:00
898,INPROC_FFE2B3,1,10,team1,Team 1 (N/S),97,23,22,♥,finished,2026-05-17T19:26:11.881307+00:00
899,INPROC_34ABCA,1,10,team2,Team 2 (E/W),22,98,21,♥,finished,2026-05-17T19:26:11.898071+00:00
900,INPROC_FF8F60,1,10,team2,Team 2 (E/W),17,103,15,♦,finished,2026-05-17T19:26:11.918048+00:00
901,INPROC_4BD446,1,10,team2,Team 2 (E/W),49,71,21,♥,finished,2026-05-17T19:26:11.937398+00:00
902,INPROC_7FF66D,1,10,team1,Team 1 (N/S),89,31,28,♥,finished,2026-05-17T19:26:11.954430+00:00
903,INPROC_82B1EB,1,10,team2,Team 2 (E/W),24,96,1,♣,finished,2026-05-17T19:26:11.972117+00:00
904,INPROC_836A55,1,10,team2,Team 2 (E/W),41,79,36,♠,finished,2026-05-17T19:26:11.990442+00:00
905,INPROC_864CF8,1,10,team1,Team 1 (N/S),102,18,4,♣,finished,2026-05-17T19:26:12.008423+00:00
906,INPROC_05CE38,1,10,team1,Team 1 (N/S),61,59,38,♠,finished,2026-05-17T19:26:12.024036+00:00
907,INPROC_A96AB9,1,10,team2,Team 2 (E/W),47,73,11,♦,finished,2026-05-17T19:26:12.043970+00:00
908,INPROC_B17AF2,1,10,team1,Team 1 (N/S),66,54,0,♣,finished,2026-05-17T19:26:12.060634+00:00
909,INPROC_41F32A,1,10,team2,Team 2 (E/W),56,64,1,♣,finished,2026-05-17T19:26:12.077344+00:00
910,INPROC_437BB8,1,10,team2,Team 2 (E/W),38,82,15,♦,finished,2026-05-17T19:26:12.096371+00:00
911,INPROC_FEA8BC,1,10,team2,Team 2 (E/W),53,67,21,♥,finished,2026-05-17T19:26:12.108832+00:00
912,INPROC_4B2058,1,10,team2,Team 2 (E/W),21,99,10,♦,finished,2026-05-17T19:26:12.120316+00:00
913,INPROC_86D331,1,10,team2,Team 2 (E/W),26,94,24,♥,finished,2026-05-17T19:26:12.132093+00:00
914,INPROC_3F0D21,1,10,team1,Team 1 (N/S),79,41,33,♠,finished,2026-05-17T19:26:12.149022+00:00
915,INPROC_4CEB9D,1,10,team1,Team 1 (N/S),62,58,30,♠,finished,2026-05-17T19:26:12.163444+00:00
916,INPROC_CF44AA,1,10,team1,Team 1 (N/S),63,57,13,♦,finished,2026-05-17T19:26:12.179538+00:00
917,INPROC_2BC3DA,1,10,team2,Team 2 (E/W),33,87,5,♣,finished,2026-05-17T19:26:12.194622+00:00
918,INPROC_ED094B,1,10,team2,Team 2 (E/W),46,74,18,♦,finished,2026-05-17T19:26:12.211419+00:00
919,INPROC_657C40,1,10,team2,Team 2 (E/W),7,113,30,♠,finished,2026-05-17T19:26:12.230683+00:00
920,INPROC_3AF58D,1,10,draw,draw,60,60,22,♥,finished,2026-05-17T19:26:12.247767+00:00
921,INPROC_E2141F,1,10,team2,Team 2 (E/W),31,89,21,♥,finished,2026-05-17T19:26:12.264697+00:00
922,INPROC_624208,1,10,team1,Team 1 (N/S),87,33,30,♠,finished,2026-05-17T19:26:12.280407+00:00
923,INPROC_91907A,1,10,team2,Team 2 (E/W),40,80,27,♥,finished,2026-05-17T19:26:12.296872+00:00
924,INPROC_A54500,1,10,team1,Team 1 (N/S),99,21,11,♦,finished,2026-05-17T19:26:12.313355+00:00
925,INPROC_010FDC,1,10,team1,Team 1 (N/S),79,41,5,♣,finished,2026-05-17T19:26:12.328826+00:00
926,INPROC_498EFA,1,10,team2,Team 2 (E/W),58,62,8,♣,finished,2026-05-17T19:26:12.342057+00:00
927,INPROC_852150,1,10,draw,draw,60,60,29,♥,finished,2026-05-17T19:26:12.360595+00:00
928,INPROC_2F6FB9,1,10,team2,Team 2 (E/W),46,74,6,♣,finished,2026-05-17T19:26:12.373858+00:00
929,INPROC_C50188,1,10,team1,Team 1 (N/S),62,58,24,♥,finished,2026-05-17T19:26:12.387910+00:00
930,INPROC_6C1579,1,10,team2,Team 2 (E/W),55,65,18,♦,finished,2026-05-17T19:26:12.405957+00:00
931,INPROC_258FBB,1,10,team1,Team 1 (N/S),67,53,39,♠,finished,2026-05-17T19:26:12.424093+00:00
932,INPROC_41E3A9,1,10,team2,Team 2 (E/W),25,95,19,♦,finished,2026-05-17T19:26:12.441900+00:00
933,INPROC_6B81A6,1,10,team2,Team 2 (E/W),29,91,13,♦,finished,2026-05-17T19:26:12.459948+00:00
934,INPROC_EE630A,1,10,team1,Team 1 (N/S),84,36,10,♦,finished,2026-05-17T19:26:12.478504+00:00
935,INPROC_DCD935,1,10,team1,Team 1 (N/S),76,44,34,♠,finished,2026-05-17T19:26:12.496361+00:00
936,INPROC_2DD702,1,10,team1,Team 1 (N/S),70,50,37,♠,finished,2026-05-17T19:26:12.513177+00:00
937,INPROC_83243E,1,10,team1,Team 1 (N/S),81,39,27,♥,finished,2026-05-17T19:26:12.526256+00:00
938,INPROC_01ECEE,1,10,team2,Team 2 (E/W),40,80,14,♦,finished,2026-05-17T19:26:12.540630+00:00
939,INPROC_41F565,1,10,team2,Team 2 (E/W),23,97,33,♠,finished,2026-05-17T19:26:12.559117+00:00
940,INPROC_7C68A9,1,10,team1,Team 1 (N/S),87,33,5,♣,finished,2026-05-17T19:26:12.577578+00:00
941,INPROC_FE742B,1,10,team1,Team 1 (N/S),64,56,29,♥,finished,2026-05-17T19:26:12.595309+00:00
942,INPROC_26DA8F,1,10,team1,Team 1 (N/S),79,41,4,♣,finished,2026-05-17T19:26:12.611692+00:00
943,INPROC_484B57,1,10,team1,Team 1 (N/S),91,29,27,♥,finished,2026-05-17T19:26:12.630567+00:00
944,INPROC_1B2D8A,1,10,team2,Team 2 (E/W),38,82,39,♠,finished,2026-05-17T19:26:12.644814+00:00
945,INPROC_C0BE0F,1,10,team1,Team 1 (N/S),61,59,31,♠,finished,2026-05-17T19:26:12.656901+00:00
946,INPROC_791C9A,1,10,team2,Team 2 (E/W),25,95,26,♥,finished,2026-05-17T19:26:12.674272+00:00
947,INPROC_B8E0FB,1,10,draw,draw,60,60,10,♦,finished,2026-05-17T19:26:12.692242+00:00
948,INPROC_A89A3D,1,10,team2,Team 2 (E/W),21,99,24,♥,finished,2026-05-17T19:26:12.709659+00:00
949,INPROC_6186C3,1,10,team2,Team 2 (E/W),30,90,14,♦,finished,2026-05-17T19:26:12.725487+00:00
950,INPROC_1524AC,1,10,team2,Team 2 (E/W),43,77,36,♠,finished,2026-05-17T19:26:12.742556+00:00
951,INPROC_77BC43,1,10,team2,Team 2 (E/W),43,77,3,♣,finished,2026-05-17T19:26:12.760986+00:00
952,INPROC_242835,1,10,team1,Team 1 (N/S),71,49,3,♣,finished,2026-05-17T19:26:12.775583+00:00
953,INPROC_BFF595,1,10,team2,Team 2 (E/W),54,66,9,♣,finished,2026-05-17T19:26:12.789932+00:00
954,INPROC_A8529F,1,10,team1,Team 1 (N/S),73,47,8,♣,finished,2026-05-17T19:26:12.808122+00:00
955,INPROC_E5AD72,1,10,team2,Team 2 (E/W),56,64,13,♦,finished,2026-05-17T19:26:12.823165+00:00
956,INPROC_721918,1,10,team1,Team 1 (N/S),69,51,31,♠,finished,2026-05-17T19:26:12.839591+00:00
957,INPROC_C598D6,1,10,team1,Team 1 (N/S),78,42,38,♠,finished,2026-05-17T19:26:12.856077+00:00
958,INPROC_3B267D,1,10,team1,Team 1 (N/S),77,43,18,♦,finished,2026-05-17T19:26:12.871411+00:00
959,INPROC_A48256,1,10,team1,Team 1 (N/S),102,18,13,♦,finished,2026-05-17T19:26:12.887816+00:00
960,INPROC_DCC7A5,1,10,team2,Team 2 (E/W),49,71,19,♦,finished,2026-05-17T19:26:12.902205+00:00
961,INPROC_A5C05C,1,10,team2,Team 2 (E/W),26,94,2,♣,finished,2026-05-17T19:26:12.915825+00:00
962,INPROC_E8D84F,1,10,team2,Team 2 (E/W),58,62,9,♣,finished,2026-05-17T19:26:12.928582+00:00
963,INPROC_E29A59,1,10,team2,Team 2 (E/W),28,92,30,♠,finished,2026-05-17T19:26:12.942160+00:00
964,INPROC_9D0930,1,10,team1,Team 1 (N/S),78,42,10,♦,finished,2026-05-17T19:26:12.959551+00:00
965,INPROC_56F7C0,1,10,team2,Team 2 (E/W),50,70,19,♦,finished,2026-05-17T19:26:12.975985+00:00
966,INPROC_1D3FF3,1,10,team2,Team 2 (E/W),36,84,3,♣,finished,2026-05-17T19:26:12.994591+00:00
967,INPROC_C48CF2,1,10,team1,Team 1 (N/S),72,48,19,♦,finished,2026-05-17T19:26:13.012422+00:00
968,INPROC_9F6E01,1,10,team2,Team 2 (E/W),54,66,1,♣,finished,2026-05-17T19:26:13.027485+00:00
969,INPROC_513CCB,1,10,team1,Team 1 (N/S),71,49,4,♣,finished,2026-05-17T19:26:13.043876+00:00
970,INPROC_7585E8,1,10,team2,Team 2 (E/W),56,64,13,♦,finished,2026-05-17T19:26:13.058747+00:00
971,INPROC_E1F1E9,1,10,team2,Team 2 (E/W),42,78,37,♠,finished,2026-05-17T19:26:13.073876+00:00
972,INPROC_B93653,1,10,team2,Team 2 (E/W),28,92,33,♠,finished,2026-05-17T19:26:13.088197+00:00
973,INPROC_89F692,1,10,team2,Team 2 (E/W),0,120,38,♠,finished,2026-05-17T19:26:13.104886+00:00
974,INPROC_CF2085,1,10,team2,Team 2 (E/W),9,111,30,♠,finished,2026-05-17T19:26:13.121990+00:00
975,INPROC_6CFD93,1,10,team1,Team 1 (N/S),83,37,18,♦,finished,2026-05-17T19:26:13.138884+00:00
976,INPROC_C05F8A,1,10,team1,Team 1 (N/S),96,24,25,♥,finished,2026-05-17T19:26:13.156915+00:00
977,INPROC_9B2893,1,10,team2,Team 2 (E/W),11,109,6,♣,finished,2026-05-17T19:26:13.172818+00:00
978,INPROC_63CA73,1,10,team1,Team 1 (N/S),84,36,17,♦,finished,2026-05-17T19:26:13.188882+00:00
979,INPROC_A6B029,1,10,team1,Team 1 (N/S),65,55,36,♠,finished,2026-05-17T19:26:13.208581+00:00
980,INPROC_F2C249,1,10,team1,Team 1 (N/S),66,54,6,♣,finished,2026-05-17T19:26:13.229740+00:00
981,INPROC_C19133,1,10,team2,Team 2 (E/W),43,77,10,♦,finished,2026-05-17T19:26:13.252237+00:00
982,INPROC_3C8CD1,1,10,team1,Team 1 (N/S),64,56,34,♠,finished,2026-05-17T19:26:13.276309+00:00
983,INPROC_D32A7C,1,10,team2,Team 2 (E/W),20,100,38,♠,finished,2026-05-17T19:26:13.296445+00:00
984,INPROC_DDB5A8,1,10,draw,draw,60,60,4,♣,finished,2026-05-17T19:26:13.313710+00:00
985,INPROC_08DFB4,1,10,team1,Team 1 (N/S),117,3,36,♠,finished,2026-05-17T19:26:13.331591+00:00
986,INPROC_21CFD6,1,10,team2,Team 2 (E/W),34,86,0,♣,finished,2026-05-17T19:26:13.347907+00:00
987,INPROC_ACCE2A,1,10,team1,Team 1 (N/S),99,21,31,♠,finished,2026-05-17T19:26:13.363053+00:00
988,INPROC_445065,1,10,team2,Team 2 (E/W),34,86,26,♥,finished,2026-05-17T19:26:13.381679+00:00
989,INPROC_7D2F5B,1,10,team1,Team 1 (N/S),96,24,6,♣,finished,2026-05-17T19:26:13.397858+00:00
990,INPROC_63D9FA,1,10,team1,Team 1 (N/S),75,45,4,♣,finished,2026-05-17T19:26:13.414656+00:00
991,INPROC_2D7EE8,1,10,team2,Team 2 (E/W),43,77,10,♦,finished,2026-05-17T19:26:13.432435+00:00
992,INPROC_354A06,1,10,team1,Team 1 (N/S),79,41,23,♥,finished,2026-05-17T19:26:13.447025+00:00
993,INPROC_2EB4E8,1,10,team1,Team 1 (N/S),76,44,7,♣,finished,2026-05-17T19:26:13.459856+00:00
994,INPROC_642856,1,10,team1,Team 1 (N/S),77,43,2,♣,finished,2026-05-17T19:26:13.474289+00:00
995,INPROC_981451,1,10,team1,Team 1 (N/S),81,39,17,♦,finished,2026-05-17T19:26:13.493319+00:00
996,INPROC_417BFC,1,10,team1,Team 1 (N/S),88,32,11,♦,finished,2026-05-17T19:26:13.509093+00:00
997,INPROC_BB9707,1,10,team2,Team 2 (E/W),30,90,0,♣,finished,2026-05-17T19:26:13.524844+00:00
998,INPROC_97EE74,1,10,team1,Team 1 (N/S),76,44,31,♠,finished,2026-05-17T19:26:13.542466+00:00
999,INPROC_830684,1,10,team2,Team 2 (E/W),50,70,9,♣,finished,2026-05-17T19:26:13.561686+00:00
1000,INPROC_F2BB0D,1,10,team2,Team 2 (E/W),40,80,8,♣,finished,2026-05-17T19:26:13.577995+00:00
1001,INPROC_E61349,1,10,team2,Team 2 (E/W),45,75,29,♥,finished,2026-05-17T19:26:13.595943+00:00
1002,INPROC_B6D1AB,1,10,team2,Team 2 (E/W),59,61,34,♠,finished,2026-05-17T19:26:13.612382+00:00
1003,INPROC_3A0744,1,10,team1,Team 1 (N/S),85,35,15,♦,finished,2026-05-17T19:26:13.630078+00:00
1004,INPROC_60704E,1,10,team1,Team 1 (N/S),62,58,36,♠,finished,2026-05-17T19:26:13.648913+00:00
1005,INPROC_BE9AD2,1,10,team2,Team 2 (E/W),39,81,2,♣,finished,2026-05-17T19:26:13.667494+00:00
1006,INPROC_77FE5F,1,10,team2,Team 2 (E/W),58,62,7,♣,finished,2026-05-17T19:26:13.683088+00:00
1007,INPROC_FC16B4,1,10,team2,Team 2 (E/W),30,90,19,♦,finished,2026-05-17T19:26:13.701318+00:00
1008,INPROC_103AA6,1,10,team1,Team 1 (N/S),104,16,17,♦,finished,2026-05-17T19:26:13.714531+00:00
1009,INPROC_1B7B3F,1,10,team2,Team 2 (E/W),4,116,10,♦,finished,2026-05-17T19:26:13.726183+00:00
1010,INPROC_9F80AD,1,10,team1,Team 1 (N/S),64,56,4,♣,finished,2026-05-17T19:26:13.739559+00:00
1011,INPROC_334FDE,1,10,team1,Team 1 (N/S),70,50,15,♦,finished,2026-05-17T19:26:13.753985+00:00
1012,INPROC_7048BB,1,10,team1,Team 1 (N/S),91,29,36,♠,finished,2026-05-17T19:26:13.771210+00:00
1013,INPROC_A7990F,1,10,team2,Team 2 (E/W),41,79,26,♥,finished,2026-05-17T19:26:13.786679+00:00
1014,INPROC_8ECFAE,1,10,team1,Team 1 (N/S),88,32,30,♠,finished,2026-05-17T19:26:13.804893+00:00
1015,INPROC_46E81F,1,10,team1,Team 1 (N/S),80,40,37,♠,finished,2026-05-17T19:26:13.820856+00:00
1016,INPROC_846755,1,10,team2,Team 2 (E/W),49,71,35,♠,finished,2026-05-17T19:26:13.836664+00:00
1017,INPROC_D36F7A,1,10,team1,Team 1 (N/S),76,44,32,♠,finished,2026-05-17T19:26:13.854621+00:00
1018,INPROC_11B9A4,1,10,team2,Team 2 (E/W),45,75,1,♣,finished,2026-05-17T19:26:13.873008+00:00
1019,INPROC_7FAF76,1,10,team2,Team 2 (E/W),56,64,9,♣,finished,2026-05-17T19:26:13.889650+00:00
1020,INPROC_31A934,1,10,team1,Team 1 (N/S),96,24,10,♦,finished,2026-05-17T19:26:13.908006+00:00
1021,INPROC_E42ECD,1,10,team2,Team 2 (E/W),58,62,21,♥,finished,2026-05-17T19:26:13.924673+00:00
1022,INPROC_258F8C,1,10,team2,Team 2 (E/W),49,71,6,♣,finished,2026-05-17T19:26:13.943072+00:00
1023,INPROC_B6FED0,1,10,team2,Team 2 (E/W),42,78,32,♠,finished,2026-05-17T19:26:13.960646+00:00
1024,INPROC_DEB079,1,10,team1,Team 1 (N/S),71,49,5,♣,finished,2026-05-17T19:26:13.977768+00:00
1025,INPROC_A96FEA,1,10,team2,Team 2 (E/W),54,66,39,♠,finished,2026-05-17T19:26:13.991394+00:00
1026,INPROC_493BF0,1,10,team2,Team 2 (E/W),33,87,6,♣,finished,2026-05-17T19:26:14.004446+00:00
1027,INPROC_8B144E,1,10,team1,Team 1 (N/S),69,51,1,♣,finished,2026-05-17T19:26:14.024104+00:00
1028,INPROC_A30B53,1,10,team2,Team 2 (E/W),58,62,35,♠,finished,2026-05-17T19:26:14.041880+00:00
1029,INPROC_DDA816,1,10,team1,Team 1 (N/S),74,46,30,♠,finished,2026-05-17T19:26:14.058285+00:00
1030,INPROC_86A10E,1,10,team1,Team 1 (N/S),64,56,9,♣,finished,2026-05-17T19:26:14.075899+00:00
1031,INPROC_26DDD3,1,10,team2,Team 2 (E/W),44,76,30,♠,finished,2026-05-17T19:26:14.093419+00:00
1032,INPROC_F64C94,1,10,team1,Team 1 (N/S),65,55,24,♥,finished,2026-05-17T19:26:14.110593+00:00
1033,INPROC_77361F,1,10,team2,Team 2 (E/W),4,116,20,♥,finished,2026-05-17T19:26:14.128043+00:00
1034,INPROC_17D290,1,10,team2,Team 2 (E/W),3,117,14,♦,finished,2026-05-17T19:26:14.148133+00:00
1035,INPROC_527D82,1,10,team1,Team 1 (N/S),61,59,3,♣,finished,2026-05-17T19:26:14.166681+00:00
1036,INPROC_92B660,1,10,draw,draw,60,60,29,♥,finished,2026-05-17T19:26:14.184586+00:00
1037,INPROC_0C7CD6,1,10,team2,Team 2 (E/W),55,65,2,♣,finished,2026-05-17T19:26:14.202438+00:00
1038,INPROC_DB4222,1,10,team1,Team 1 (N/S),67,53,22,♥,finished,2026-05-17T19:26:14.219797+00:00
1039,INPROC_F3EAA0,1,10,draw,draw,60,60,26,♥,finished,2026-05-17T19:26:14.239751+00:00
1040,INPROC_38A6E2,1,10,team1,Team 1 (N/S),62,58,10,♦,finished,2026-05-17T19:26:14.252633+00:00
1041,INPROC_0F8E71,1,10,team2,Team 2 (E/W),58,62,18,♦,finished,2026-05-17T19:26:14.268728+00:00
1042,INPROC_7A7FFD,1,10,team2,Team 2 (E/W),47,73,14,♦,finished,2026-05-17T19:26:14.289003+00:00
1043,INPROC_C1E640,1,10,team2,Team 2 (E/W),53,67,9,♣,finished,2026-05-17T19:26:14.308764+00:00
1044,INPROC_01241E,1,10,team1,Team 1 (N/S),90,30,31,♠,finished,2026-05-17T19:26:14.325072+00:00
1045,INPROC_1820D9,1,10,team2,Team 2 (E/W),36,84,34,♠,finished,2026-05-17T19:26:14.344362+00:00
1046,INPROC_4B3692,1,10,team2,Team 2 (E/W),50,70,34,♠,finished,2026-05-17T19:26:14.361268+00:00
1047,INPROC_647524,1,10,team2,Team 2 (E/W),44,76,27,♥,finished,2026-05-17T19:26:14.376157+00:00
1048,INPROC_090105,1,10,team2,Team 2 (E/W),57,63,9,♣,finished,2026-05-17T19:26:14.395683+00:00
1049,INPROC_A7A939,1,10,team1,Team 1 (N/S),72,48,6,♣,finished,2026-05-17T19:26:14.410732+00:00
1050,INPROC_1AB16C,1,10,team2,Team 2 (E/W),29,91,14,♦,finished,2026-05-17T19:26:14.428494+00:00
1051,INPROC_6037E6,1,10,team1,Team 1 (N/S),72,48,17,♦,finished,2026-05-17T19:26:14.446662+00:00
1052,INPROC_C22760,1,10,team2,Team 2 (E/W),56,64,0,♣,finished,2026-05-17T19:26:14.464080+00:00
1053,INPROC_0C98A9,1,10,draw,draw,60,60,32,♠,finished,2026-05-17T19:26:14.480069+00:00
1054,INPROC_0D0F1C,1,10,team1,Team 1 (N/S),62,58,6,♣,finished,2026-05-17T19:26:14.496638+00:00
1055,INPROC_25E04B,1,10,team2,Team 2 (E/W),15,105,3,♣,finished,2026-05-17T19:26:14.509044+00:00
1056,INPROC_A68911,1,10,team1,Team 1 (N/S),76,44,36,♠,finished,2026-05-17T19:26:14.521171+00:00
1057,INPROC_CC7769,1,10,team2,Team 2 (E/W),58,62,29,♥,finished,2026-05-17T19:26:14.537365+00:00
1058,INPROC_FD452D,1,10,team1,Team 1 (N/S),63,57,12,♦,finished,2026-05-17T19:26:14.555223+00:00
1059,INPROC_49899D,1,10,team1,Team 1 (N/S),69,51,7,♣,finished,2026-05-17T19:26:14.573060+00:00
1060,INPROC_B3A59C,1,10,team2,Team 2 (E/W),56,64,11,♦,finished,2026-05-17T19:26:14.592154+00:00
1061,INPROC_475900,1,10,team2,Team 2 (E/W),51,69,13,♦,finished,2026-05-17T19:26:14.603839+00:00
1062,INPROC_214427,1,10,team2,Team 2 (E/W),44,76,29,♥,finished,2026-05-17T19:26:14.621612+00:00
1063,INPROC_9842E7,1,10,team1,Team 1 (N/S),94,26,14,♦,finished,2026-05-17T19:26:14.639260+00:00
1064,INPROC_04DD75,1,10,team2,Team 2 (E/W),40,80,17,♦,finished,2026-05-17T19:26:14.656676+00:00
1065,INPROC_604FD1,1,10,team1,Team 1 (N/S),63,57,14,♦,finished,2026-05-17T19:26:14.672662+00:00
1066,INPROC_875611,1,10,team2,Team 2 (E/W),11,109,9,♣,finished,2026-05-17T19:26:14.689511+00:00
1067,INPROC_DE0B34,1,10,team2,Team 2 (E/W),49,71,34,♠,finished,2026-05-17T19:26:14.709222+00:00
1068,INPROC_DC9F50,1,10,team2,Team 2 (E/W),27,93,28,♥,finished,2026-05-17T19:26:14.726753+00:00
1069,INPROC_142EE2,1,10,team1,Team 1 (N/S),68,52,12,♦,finished,2026-05-17T19:26:14.741579+00:00
1070,INPROC_D9E911,1,10,team2,Team 2 (E/W),28,92,7,♣,finished,2026-05-17T19:26:14.756950+00:00
1071,INPROC_472FE6,1,10,team2,Team 2 (E/W),49,71,28,♥,finished,2026-05-17T19:26:14.771513+00:00
1072,INPROC_DE9DFE,1,10,team2,Team 2 (E/W),25,95,8,♣,finished,2026-05-17T19:26:14.782982+00:00
1073,INPROC_DA001E,1,10,team2,Team 2 (E/W),23,97,3,♣,finished,2026-05-17T19:26:14.799584+00:00
1074,INPROC_9E4AD9,1,10,team2,Team 2 (E/W),27,93,6,♣,finished,2026-05-17T19:26:14.816252+00:00
1075,INPROC_FB9BE4,1,10,team2,Team 2 (E/W),57,63,22,♥,finished,2026-05-17T19:26:14.832775+00:00
1076,INPROC_C6B08C,1,10,team1,Team 1 (N/S),89,31,30,♠,finished,2026-05-17T19:26:14.850914+00:00
1077,INPROC_E5396F,1,10,team1,Team 1 (N/S),69,51,17,♦,finished,2026-05-17T19:26:14.868193+00:00
1078,INPROC_F0F2B4,1,10,team2,Team 2 (E/W),55,65,21,♥,finished,2026-05-17T19:26:14.885076+00:00
1079,INPROC_F839DD,1,10,team1,Team 1 (N/S),81,39,36,♠,finished,2026-05-17T19:26:14.904207+00:00
1080,INPROC_3C4800,1,10,team2,Team 2 (E/W),54,66,7,♣,finished,2026-05-17T19:26:14.920110+00:00
1081,INPROC_9D6B08,1,10,team1,Team 1 (N/S),104,16,21,♥,finished,2026-05-17T19:26:14.938139+00:00
1082,INPROC_42C11C,1,10,team2,Team 2 (E/W),35,85,33,♠,finished,2026-05-17T19:26:14.954285+00:00
1083,INPROC_60837F,1,10,team2,Team 2 (E/W),55,65,27,♥,finished,2026-05-17T19:26:14.971183+00:00
1084,INPROC_9C319F,1,10,team1,Team 1 (N/S),75,45,37,♠,finished,2026-05-17T19:26:14.987539+00:00
1085,INPROC_AAA1A6,1,10,team2,Team 2 (E/W),57,63,1,♣,finished,2026-05-17T19:26:15.001982+00:00
1086,INPROC_8242E9,1,10,team1,Team 1 (N/S),89,31,1,♣,finished,2026-05-17T19:26:15.018065+00:00
1087,INPROC_88307C,1,10,team2,Team 2 (E/W),21,99,39,♠,finished,2026-05-17T19:26:15.033499+00:00
1088,INPROC_282BE1,1,10,team1,Team 1 (N/S),66,54,29,♥,finished,2026-05-17T19:26:15.051453+00:00
1089,INPROC_0D1F18,1,10,team1,Team 1 (N/S),79,41,26,♥,finished,2026-05-17T19:26:15.067938+00:00
1090,INPROC_D4E749,1,10,team1,Team 1 (N/S),63,57,17,♦,finished,2026-05-17T19:26:15.083953+00:00
1091,INPROC_53B28E,1,10,team1,Team 1 (N/S),61,59,11,♦,finished,2026-05-17T19:26:15.098851+00:00
1092,INPROC_F113D1,1,10,team1,Team 1 (N/S),76,44,34,♠,finished,2026-05-17T19:26:15.116669+00:00
1093,INPROC_AA99CA,1,10,team2,Team 2 (E/W),23,97,34,♠,finished,2026-05-17T19:26:15.132533+00:00
1094,INPROC_701EDD,1,10,team2,Team 2 (E/W),36,84,23,♥,finished,2026-05-17T19:26:15.148844+00:00
1095,INPROC_C8AA1E,1,10,team1,Team 1 (N/S),66,54,20,♥,finished,2026-05-17T19:26:15.164513+00:00
1096,INPROC_1AEA5E,1,10,draw,draw,60,60,4,♣,finished,2026-05-17T19:26:15.179716+00:00
1097,INPROC_78B8A8,1,10,team1,Team 1 (N/S),86,34,23,♥,finished,2026-05-17T19:26:15.195737+00:00
1098,INPROC_2E8EA7,1,10,team1,Team 1 (N/S),61,59,12,♦,finished,2026-05-17T19:26:15.214767+00:00
1099,INPROC_1C0F24,1,10,team2,Team 2 (E/W),41,79,35,♠,finished,2026-05-17T19:26:15.231855+00:00
1100,INPROC_B5E227,1,10,team2,Team 2 (E/W),36,84,21,♥,finished,2026-05-17T19:26:15.249688+00:00
1101,INPROC_10961C,1,10,team2,Team 2 (E/W),48,72,32,♠,finished,2026-05-17T19:26:15.266908+00:00
1102,INPROC_2892EF,1,10,team2,Team 2 (E/W),19,101,16,♦,finished,2026-05-17T19:26:15.284951+00:00
1103,INPROC_EE947B,1,10,team1,Team 1 (N/S),89,31,37,♠,finished,2026-05-17T19:26:15.297084+00:00
1104,INPROC_0F25BE,1,10,team1,Team 1 (N/S),74,46,37,♠,finished,2026-05-17T19:26:15.309897+00:00
1105,INPROC_24A104,1,10,draw,draw,60,60,29,♥,finished,2026-05-17T19:26:15.325682+00:00
1106,INPROC_7B1BD0,1,10,team1,Team 1 (N/S),101,19,5,♣,finished,2026-05-17T19:26:15.343119+00:00
1107,INPROC_4235B4,1,10,team2,Team 2 (E/W),59,61,30,♠,finished,2026-05-17T19:26:15.364382+00:00
1108,INPROC_E6DE98,1,10,team1,Team 1 (N/S),73,47,9,♣,finished,2026-05-17T19:26:15.383336+00:00
1109,INPROC_7AFC84,1,10,team1,Team 1 (N/S),87,33,35,♠,finished,2026-05-17T19:26:15.401717+00:00
1110,INPROC_85056A,1,10,team1,Team 1 (N/S),82,38,4,♣,finished,2026-05-17T19:26:15.419900+00:00
1111,INPROC_7142C5,1,10,team2,Team 2 (E/W),4,116,28,♥,finished,2026-05-17T19:26:15.433958+00:00
1112,INPROC_24D0D9,1,10,team2,Team 2 (E/W),41,79,22,♥,finished,2026-05-17T19:26:15.451093+00:00
1113,INPROC_70A615,1,10,team2,Team 2 (E/W),46,74,15,♦,finished,2026-05-17T19:26:15.467069+00:00
1114,INPROC_452BCB,1,10,team1,Team 1 (N/S),108,12,15,♦,finished,2026-05-17T19:26:15.478952+00:00
1115,INPROC_5B2A95,1,10,team2,Team 2 (E/W),32,88,8,♣,finished,2026-05-17T19:26:15.495160+00:00
1116,INPROC_41A38F,1,10,team2,Team 2 (E/W),48,72,0,♣,finished,2026-05-17T19:26:15.510642+00:00
1117,INPROC_91AAA7,1,10,team2,Team 2 (E/W),21,99,11,♦,finished,2026-05-17T19:26:15.526385+00:00
1118,INPROC_30417F,1,10,team2,Team 2 (E/W),49,71,1,♣,finished,2026-05-17T19:26:15.545295+00:00
1119,INPROC_9983D9,1,10,team1,Team 1 (N/S),94,26,11,♦,finished,2026-05-17T19:26:15.560186+00:00
1120,INPROC_DC5562,1,10,team2,Team 2 (E/W),59,61,27,♥,finished,2026-05-17T19:26:15.572048+00:00
1121,INPROC_0A927E,1,10,team2,Team 2 (E/W),55,65,1,♣,finished,2026-05-17T19:26:15.587932+00:00
1122,INPROC_DD01BE,1,10,team2,Team 2 (E/W),51,69,33,♠,finished,2026-05-17T19:26:15.606355+00:00
1123,INPROC_041E75,1,10,team1,Team 1 (N/S),72,48,8,♣,finished,2026-05-17T19:26:15.621816+00:00
1124,INPROC_794D70,1,10,team2,Team 2 (E/W),19,101,23,♥,finished,2026-05-17T19:26:15.634021+00:00
1125,INPROC_B7507E,1,10,team2,Team 2 (E/W),57,63,37,♠,finished,2026-05-17T19:26:15.648454+00:00
1126,INPROC_A50F6F,1,10,team1,Team 1 (N/S),75,45,39,♠,finished,2026-05-17T19:26:15.659766+00:00
1127,INPROC_D49354,1,10,team1,Team 1 (N/S),95,25,21,♥,finished,2026-05-17T19:26:15.674042+00:00
1128,INPROC_4C2901,1,10,team1,Team 1 (N/S),71,49,17,♦,finished,2026-05-17T19:26:15.691640+00:00
1129,INPROC_5A2C30,1,10,team2,Team 2 (E/W),32,88,2,♣,finished,2026-05-17T19:26:15.708445+00:00
1130,INPROC_26BA38,1,10,team1,Team 1 (N/S),69,51,7,♣,finished,2026-05-17T19:26:15.724297+00:00
1131,INPROC_091C80,1,10,team2,Team 2 (E/W),49,71,23,♥,finished,2026-05-17T19:26:15.743273+00:00
1132,INPROC_B37B24,1,10,team2,Team 2 (E/W),54,66,32,♠,finished,2026-05-17T19:26:15.760005+00:00
1133,INPROC_0B02D0,1,10,team1,Team 1 (N/S),91,29,32,♠,finished,2026-05-17T19:26:15.777973+00:00
1134,INPROC_3285BF,1,10,team1,Team 1 (N/S),61,59,6,♣,finished,2026-05-17T19:26:15.796036+00:00
1135,INPROC_0F0858,1,10,team1,Team 1 (N/S),70,50,18,♦,finished,2026-05-17T19:26:15.815404+00:00
1136,INPROC_367802,1,10,team1,Team 1 (N/S),70,50,32,♠,finished,2026-05-17T19:26:15.830410+00:00
1137,INPROC_9F1E18,1,10,team2,Team 2 (E/W),23,97,17,♦,finished,2026-05-17T19:26:15.843643+00:00
1138,INPROC_EA539D,1,10,team2,Team 2 (E/W),56,64,14,♦,finished,2026-05-17T19:26:15.856028+00:00
1139,INPROC_4A4EFC,1,10,team1,Team 1 (N/S),86,34,24,♥,finished,2026-05-17T19:26:15.867263+00:00
1140,INPROC_207A82,1,10,team1,Team 1 (N/S),93,27,23,♥,finished,2026-05-17T19:26:15.882826+00:00
1141,INPROC_699541,1,10,team1,Team 1 (N/S),72,48,8,♣,finished,2026-05-17T19:26:15.898415+00:00
1142,INPROC_0E5830,1,10,team2,Team 2 (E/W),50,70,14,♦,finished,2026-05-17T19:26:15.912950+00:00
1143,INPROC_348DED,1,10,team2,Team 2 (E/W),41,79,26,♥,finished,2026-05-17T19:26:15.929166+00:00
1144,INPROC_97E816,1,10,team2,Team 2 (E/W),34,86,37,♠,finished,2026-05-17T19:26:15.948034+00:00
1145,INPROC_652187,1,10,team1,Team 1 (N/S),69,51,37,♠,finished,2026-05-17T19:26:15.965754+00:00
1146,INPROC_D7B65B,1,10,team2,Team 2 (E/W),49,71,0,♣,finished,2026-05-17T19:26:15.981736+00:00
1147,INPROC_5E8AA0,1,10,team1,Team 1 (N/S),120,0,30,♠,finished,2026-05-17T19:26:15.997673+00:00
1148,INPROC_DB4C59,1,10,team2,Team 2 (E/W),36,84,10,♦,finished,2026-05-17T19:26:16.016821+00:00
1149,INPROC_4AE0CA,1,10,team1,Team 1 (N/S),80,40,22,♥,finished,2026-05-17T19:26:16.033660+00:00
1150,INPROC_BBF9A6,1,10,team1,Team 1 (N/S),90,30,14,♦,finished,2026-05-17T19:26:16.050618+00:00
1151,INPROC_F9CC4A,1,10,team1,Team 1 (N/S),68,52,30,♠,finished,2026-05-17T19:26:16.068092+00:00
1152,INPROC_E06B60,1,10,team2,Team 2 (E/W),39,81,32,♠,finished,2026-05-17T19:26:16.084609+00:00
1153,INPROC_54698D,1,10,team2,Team 2 (E/W),20,100,34,♠,finished,2026-05-17T19:26:16.100963+00:00
1154,INPROC_910D35,1,10,team2,Team 2 (E/W),33,87,4,♣,finished,2026-05-17T19:26:16.112965+00:00
1155,INPROC_2A0C3A,1,10,team1,Team 1 (N/S),65,55,13,♦,finished,2026-05-17T19:26:16.134024+00:00
1156,INPROC_B171B3,1,10,team1,Team 1 (N/S),77,43,4,♣,finished,2026-05-17T19:26:16.150535+00:00
1157,INPROC_0D9DF7,1,10,team1,Team 1 (N/S),62,58,20,♥,finished,2026-05-17T19:26:16.168160+00:00
1158,INPROC_102931,1,10,team1,Team 1 (N/S),80,40,39,♠,finished,2026-05-17T19:26:16.186813+00:00
1159,INPROC_161F30,1,10,team2,Team 2 (E/W),49,71,36,♠,finished,2026-05-17T19:26:16.204366+00:00
1160,INPROC_1AADC7,1,10,team2,Team 2 (E/W),23,97,4,♣,finished,2026-05-17T19:26:16.222299+00:00
1161,INPROC_3D21A1,1,10,team1,Team 1 (N/S),86,34,10,♦,finished,2026-05-17T19:26:16.237425+00:00
1162,INPROC_472293,1,10,team2,Team 2 (E/W),39,81,30,♠,finished,2026-05-17T19:26:16.254033+00:00
1163,INPROC_DDDDD4,1,10,team1,Team 1 (N/S),103,17,17,♦,finished,2026-05-17T19:26:16.274543+00:00
1164,INPROC_A139EF,1,10,team1,Team 1 (N/S),80,40,16,♦,finished,2026-05-17T19:26:16.294322+00:00
1165,INPROC_F25516,1,10,team2,Team 2 (E/W),16,104,33,♠,finished,2026-05-17T19:26:16.312457+00:00
1166,INPROC_8BB7CC,1,10,team1,Team 1 (N/S),65,55,11,♦,finished,2026-05-17T19:26:16.330588+00:00
1167,INPROC_1C0B32,1,10,team1,Team 1 (N/S),69,51,19,♦,finished,2026-05-17T19:26:16.349111+00:00
1168,INPROC_522809,1,10,team2,Team 2 (E/W),48,72,19,♦,finished,2026-05-17T19:26:16.367273+00:00
1169,INPROC_BD958C,1,10,team1,Team 1 (N/S),78,42,22,♥,finished,2026-05-17T19:26:16.381757+00:00
1170,INPROC_5C9E43,1,10,team1,Team 1 (N/S),96,24,3,♣,finished,2026-05-17T19:26:16.395204+00:00
1171,INPROC_BFFB9A,1,10,team2,Team 2 (E/W),39,81,22,♥,finished,2026-05-17T19:26:16.414426+00:00
1172,INPROC_541685,1,10,team2,Team 2 (E/W),32,88,23,♥,finished,2026-05-17T19:26:16.432094+00:00
1173,INPROC_807038,1,10,team2,Team 2 (E/W),49,71,14,♦,finished,2026-05-17T19:26:16.451463+00:00
1174,INPROC_3DB3A8,1,10,team2,Team 2 (E/W),25,95,25,♥,finished,2026-05-17T19:26:16.472229+00:00
1175,INPROC_C1C4AD,1,10,team2,Team 2 (E/W),58,62,19,♦,finished,2026-05-17T19:26:16.491251+00:00
1176,INPROC_48947C,1,10,team2,Team 2 (E/W),45,75,39,♠,finished,2026-05-17T19:26:16.509767+00:00
1177,INPROC_2E351C,1,10,team2,Team 2 (E/W),24,96,32,♠,finished,2026-05-17T19:26:16.529249+00:00
1178,INPROC_8858A1,1,10,team1,Team 1 (N/S),65,55,23,♥,finished,2026-05-17T19:26:16.547509+00:00
1179,INPROC_9882BE,1,10,team1,Team 1 (N/S),75,45,32,♠,finished,2026-05-17T19:26:16.567636+00:00
1180,INPROC_A104ED,1,10,team1,Team 1 (N/S),66,54,0,♣,finished,2026-05-17T19:26:16.586023+00:00
1181,INPROC_6DC734,1,10,team1,Team 1 (N/S),89,31,15,♦,finished,2026-05-17T19:26:16.603502+00:00
1182,INPROC_467655,1,10,team2,Team 2 (E/W),50,70,37,♠,finished,2026-05-17T19:26:16.623477+00:00
1183,INPROC_995459,1,10,team1,Team 1 (N/S),74,46,24,♥,finished,2026-05-17T19:26:16.639420+00:00
1184,INPROC_1FB12E,1,10,team1,Team 1 (N/S),93,27,7,♣,finished,2026-05-17T19:26:16.655899+00:00
1185,INPROC_9F3D48,1,10,team1,Team 1 (N/S),86,34,7,♣,finished,2026-05-17T19:26:16.677317+00:00
1186,INPROC_CEEEA0,1,10,team1,Team 1 (N/S),78,42,18,♦,finished,2026-05-17T19:26:16.691872+00:00
1187,INPROC_C74E7D,1,10,team2,Team 2 (E/W),29,91,11,♦,finished,2026-05-17T19:26:16.713140+00:00
1188,INPROC_F7A38F,1,10,team2,Team 2 (E/W),45,75,33,♠,finished,2026-05-17T19:26:16.734043+00:00
1189,INPROC_70B047,1,10,team2,Team 2 (E/W),30,90,10,♦,finished,2026-05-17T19:26:16.754649+00:00
1190,INPROC_5688E3,1,10,team2,Team 2 (E/W),43,77,9,♣,finished,2026-05-17T19:26:16.772516+00:00
1191,INPROC_C0B660,1,10,team1,Team 1 (N/S),72,48,36,♠,finished,2026-05-17T19:26:16.790576+00:00
1192,INPROC_FFAB63,1,10,team2,Team 2 (E/W),17,103,22,♥,finished,2026-05-17T19:26:16.808115+00:00
1193,INPROC_28E76C,1,10,team2,Team 2 (E/W),11,109,18,♦,finished,2026-05-17T19:26:16.825200+00:00
1194,INPROC_A7E328,1,10,team2,Team 2 (E/W),41,79,3,♣,finished,2026-05-17T19:26:16.843631+00:00
1195,INPROC_7D3F14,1,10,team1,Team 1 (N/S),92,28,31,♠,finished,2026-05-17T19:26:16.861926+00:00
1196,INPROC_9C6923,1,10,team2,Team 2 (E/W),42,78,39,♠,finished,2026-05-17T19:26:16.880139+00:00
1197,INPROC_3478B3,1,10,team1,Team 1 (N/S),105,15,20,♥,finished,2026-05-17T19:26:16.898181+00:00
1198,INPROC_D38E19,1,10,team1,Team 1 (N/S),77,43,38,♠,finished,2026-05-17T19:26:16.914663+00:00
1199,INPROC_12CBDF,1,10,team2,Team 2 (E/W),39,81,36,♠,finished,2026-05-17T19:26:16.929790+00:00
1200,INPROC_C94958,1,10,team2,Team 2 (E/W),19,101,8,♣,finished,2026-05-17T19:26:16.944765+00:00
1201,INPROC_6EECAB,1,10,team1,Team 1 (N/S),67,53,21,♥,finished,2026-05-17T19:26:16.962943+00:00
1202,INPROC_0EA8D2,1,10,team2,Team 2 (E/W),35,85,2,♣,finished,2026-05-17T19:26:16.981413+00:00
1203,INPROC_916BDC,1,10,team2,Team 2 (E/W),15,105,28,♥,finished,2026-05-17T19:26:17.000558+00:00
1204,INPROC_59297F,1,10,team2,Team 2 (E/W),39,81,6,♣,finished,2026-05-17T19:26:17.020039+00:00
1205,INPROC_97DB0F,1,10,team1,Team 1 (N/S),64,56,8,♣,finished,2026-05-17T19:26:17.038842+00:00
1206,INPROC_689EEA,1,10,team2,Team 2 (E/W),35,85,20,♥,finished,2026-05-17T19:26:17.054685+00:00
1207,INPROC_E9227A,1,10,draw,draw,60,60,38,♠,finished,2026-05-17T19:26:17.071778+00:00
1208,INPROC_5E0B7C,1,10,team2,Team 2 (E/W),57,63,9,♣,finished,2026-05-17T19:26:17.094102+00:00
1209,INPROC_CA6DE9,1,10,team2,Team 2 (E/W),24,96,25,♥,finished,2026-05-17T19:26:17.112320+00:00
1210,INPROC_C66060,1,10,team2,Team 2 (E/W),39,81,12,♦,finished,2026-05-17T19:26:17.127641+00:00
1211,INPROC_FA2494,1,10,team2,Team 2 (E/W),36,84,31,♠,finished,2026-05-17T19:26:17.143787+00:00
1212,INPROC_643133,1,10,team1,Team 1 (N/S),64,56,12,♦,finished,2026-05-17T19:26:17.162932+00:00
1213,INPROC_312160,1,10,team1,Team 1 (N/S),82,38,37,♠,finished,2026-05-17T19:26:17.179631+00:00
1214,INPROC_1CC7BD,1,10,team1,Team 1 (N/S),68,52,8,♣,finished,2026-05-17T19:26:17.192075+00:00
1215,INPROC_381709,1,10,team2,Team 2 (E/W),41,79,35,♠,finished,2026-05-17T19:26:17.209148+00:00
1216,INPROC_FCA039,1,10,team2,Team 2 (E/W),46,74,34,♠,finished,2026-05-17T19:26:17.225746+00:00
1217,INPROC_F72A61,1,10,team2,Team 2 (E/W),49,71,31,♠,finished,2026-05-17T19:26:17.242154+00:00
1218,INPROC_C58805,1,10,team2,Team 2 (E/W),47,73,11,♦,finished,2026-05-17T19:26:17.259038+00:00
1219,INPROC_5D5523,1,10,team2,Team 2 (E/W),26,94,5,♣,finished,2026-05-17T19:26:17.273940+00:00
1220,INPROC_9376D6,1,10,team1,Team 1 (N/S),66,54,2,♣,finished,2026-05-17T19:26:17.290830+00:00
1221,INPROC_ABC8CB,1,10,team2,Team 2 (E/W),59,61,19,♦,finished,2026-05-17T19:26:17.306994+00:00
1222,INPROC_582706,1,10,team1,Team 1 (N/S),62,58,35,♠,finished,2026-05-17T19:26:17.323734+00:00
1223,INPROC_0B74B8,1,10,team2,Team 2 (E/W),42,78,6,♣,finished,2026-05-17T19:26:17.341725+00:00
1224,INPROC_D41560,1,10,team1,Team 1 (N/S),68,52,4,♣,finished,2026-05-17T19:26:17.357034+00:00
1225,INPROC_E4D81D,1,10,team2,Team 2 (E/W),35,85,29,♥,finished,2026-05-17T19:26:17.373989+00:00
1226,INPROC_2E76E3,1,10,team1,Team 1 (N/S),79,41,34,♠,finished,2026-05-17T19:26:17.393246+00:00
1227,INPROC_DD0801,1,10,team2,Team 2 (E/W),30,90,0,♣,finished,2026-05-17T19:26:17.412139+00:00
1228,INPROC_534971,1,10,team1,Team 1 (N/S),83,37,26,♥,finished,2026-05-17T19:26:17.428678+00:00
1229,INPROC_A50CE0,1,10,team1,Team 1 (N/S),86,34,2,♣,finished,2026-05-17T19:26:17.443192+00:00
1230,INPROC_CBC054,1,10,team2,Team 2 (E/W),34,86,3,♣,finished,2026-05-17T19:26:17.456578+00:00
1231,INPROC_A5B6AC,1,10,team1,Team 1 (N/S),68,52,38,♠,finished,2026-05-17T19:26:17.470792+00:00
1232,INPROC_44C26E,1,10,team2,Team 2 (E/W),39,81,10,♦,finished,2026-05-17T19:26:17.487821+00:00
1233,INPROC_EB4B81,1,10,team2,Team 2 (E/W),35,85,30,♠,finished,2026-05-17T19:26:17.506019+00:00
1234,INPROC_A28442,1,10,team2,Team 2 (E/W),31,89,9,♣,finished,2026-05-17T19:26:17.523061+00:00
1235,INPROC_3868A8,1,10,team2,Team 2 (E/W),29,91,26,♥,finished,2026-05-17T19:26:17.542204+00:00
1236,INPROC_DFD3CF,1,10,team2,Team 2 (E/W),49,71,13,♦,finished,2026-05-17T19:26:17.561930+00:00
1237,INPROC_34604F,1,10,team1,Team 1 (N/S),78,42,32,♠,finished,2026-05-17T19:26:17.579874+00:00
1238,INPROC_41C49F,1,10,team1,Team 1 (N/S),85,35,3,♣,finished,2026-05-17T19:26:17.596316+00:00
1239,INPROC_AF00D6,1,10,team1,Team 1 (N/S),90,30,10,♦,finished,2026-05-17T19:26:17.611796+00:00
1240,INPROC_C5AD5A,1,10,team1,Team 1 (N/S),96,24,5,♣,finished,2026-05-17T19:26:17.627537+00:00
1241,INPROC_696B64,1,10,team2,Team 2 (E/W),28,92,39,♠,finished,2026-05-17T19:26:17.642752+00:00
1242,INPROC_7ABDFD,1,10,team1,Team 1 (N/S),93,27,35,♠,finished,2026-05-17T19:26:17.659281+00:00
1243,INPROC_F4BBB4,1,10,team1,Team 1 (N/S),88,32,35,♠,finished,2026-05-17T19:26:17.677289+00:00
1244,INPROC_87CB46,1,10,team2,Team 2 (E/W),52,68,24,♥,finished,2026-05-17T19:26:17.695323+00:00
1245,INPROC_F02B94,1,10,team1,Team 1 (N/S),116,4,15,♦,finished,2026-05-17T19:26:17.711965+00:00
1246,INPROC_BF8CA1,1,10,team1,Team 1 (N/S),67,53,8,♣,finished,2026-05-17T19:26:17.724391+00:00
1247,INPROC_8B19A0,1,10,team2,Team 2 (E/W),35,85,29,♥,finished,2026-05-17T19:26:17.737628+00:00
1248,INPROC_0B96E8,1,10,team1,Team 1 (N/S),62,58,4,♣,finished,2026-05-17T19:26:17.754712+00:00
1249,INPROC_26276C,1,10,team1,Team 1 (N/S),120,0,10,♦,finished,2026-05-17T19:26:17.773529+00:00
1250,INPROC_D908D9,1,10,team1,Team 1 (N/S),73,47,7,♣,finished,2026-05-17T19:26:17.792069+00:00
1251,INPROC_AC232C,1,10,team1,Team 1 (N/S),99,21,0,♣,finished,2026-05-17T19:26:17.807749+00:00
1252,INPROC_62F109,1,10,team2,Team 2 (E/W),54,66,13,♦,finished,2026-05-17T19:26:17.823062+00:00
1253,INPROC_5DE39B,1,10,team1,Team 1 (N/S),75,45,32,♠,finished,2026-05-17T19:26:17.840501+00:00
1254,INPROC_E55CC0,1,10,team2,Team 2 (E/W),46,74,37,♠,finished,2026-05-17T19:26:17.857206+00:00
1255,INPROC_30FD79,1,10,team2,Team 2 (E/W),18,102,33,♠,finished,2026-05-17T19:26:17.876232+00:00
1256,INPROC_9D9BD9,1,10,team2,Team 2 (E/W),47,73,0,♣,finished,2026-05-17T19:26:17.891430+00:00
1257,INPROC_520D1F,1,10,team2,Team 2 (E/W),34,86,0,♣,finished,2026-05-17T19:26:17.906841+00:00
1258,INPROC_704DC9,1,10,team2,Team 2 (E/W),53,67,10,♦,finished,2026-05-17T19:26:17.921987+00:00
1259,INPROC_C3ADCE,1,10,team1,Team 1 (N/S),99,21,6,♣,finished,2026-05-17T19:26:17.939253+00:00
1260,INPROC_273996,1,10,team2,Team 2 (E/W),31,89,16,♦,finished,2026-05-17T19:26:17.955403+00:00
1261,INPROC_FF345D,1,10,team2,Team 2 (E/W),41,79,22,♥,finished,2026-05-17T19:26:17.972381+00:00
1262,INPROC_D708E9,1,10,team2,Team 2 (E/W),57,63,29,♥,finished,2026-05-17T19:26:17.984630+00:00
1263,INPROC_16E1BF,1,10,team2,Team 2 (E/W),58,62,0,♣,finished,2026-05-17T19:26:17.996040+00:00
1264,INPROC_67BACD,1,10,team2,Team 2 (E/W),51,69,37,♠,finished,2026-05-17T19:26:18.010452+00:00
1265,INPROC_5B7A71,1,10,team2,Team 2 (E/W),50,70,27,♥,finished,2026-05-17T19:26:18.027605+00:00
1266,INPROC_831CBB,1,10,team1,Team 1 (N/S),104,16,21,♥,finished,2026-05-17T19:26:18.042517+00:00
1267,INPROC_3415B4,1,10,team1,Team 1 (N/S),81,39,32,♠,finished,2026-05-17T19:26:18.058662+00:00
1268,INPROC_B0EE3F,1,10,team2,Team 2 (E/W),29,91,10,♦,finished,2026-05-17T19:26:18.073176+00:00
1269,INPROC_A02F93,1,10,team1,Team 1 (N/S),101,19,10,♦,finished,2026-05-17T19:26:18.088007+00:00
1270,INPROC_E54284,1,10,team1,Team 1 (N/S),90,30,13,♦,finished,2026-05-17T19:26:18.102836+00:00
1271,INPROC_9777A7,1,10,team1,Team 1 (N/S),86,34,30,♠,finished,2026-05-17T19:26:18.117464+00:00
1272,INPROC_A66FB0,1,10,team2,Team 2 (E/W),54,66,24,♥,finished,2026-05-17T19:26:18.133480+00:00
1273,INPROC_2DBD87,1,10,team1,Team 1 (N/S),64,56,25,♥,finished,2026-05-17T19:26:18.149735+00:00
1274,INPROC_CE0411,1,10,team1,Team 1 (N/S),68,52,29,♥,finished,2026-05-17T19:26:18.168672+00:00
1275,INPROC_C547B0,1,10,team2,Team 2 (E/W),30,90,18,♦,finished,2026-05-17T19:26:18.186766+00:00
1276,INPROC_F8ECA8,1,10,team1,Team 1 (N/S),82,38,0,♣,finished,2026-05-17T19:26:18.204423+00:00
1277,INPROC_7F3945,1,10,team1,Team 1 (N/S),80,40,37,♠,finished,2026-05-17T19:26:18.220175+00:00
1278,INPROC_095CF0,1,10,team2,Team 2 (E/W),17,103,4,♣,finished,2026-05-17T19:26:18.237327+00:00
1279,INPROC_92A4CD,1,10,team1,Team 1 (N/S),86,34,31,♠,finished,2026-05-17T19:26:18.250844+00:00
1280,INPROC_A8C6DF,1,10,team2,Team 2 (E/W),55,65,6,♣,finished,2026-05-17T19:26:18.265577+00:00
1281,INPROC_0D0E4C,1,10,team2,Team 2 (E/W),48,72,4,♣,finished,2026-05-17T19:26:18.283650+00:00
1282,INPROC_847BE2,1,10,team1,Team 1 (N/S),88,32,25,♥,finished,2026-05-17T19:26:18.297064+00:00
1283,INPROC_897ADF,1,10,team2,Team 2 (E/W),59,61,35,♠,finished,2026-05-17T19:26:18.317225+00:00
1284,INPROC_10FC16,1,10,team1,Team 1 (N/S),79,41,2,♣,finished,2026-05-17T19:26:18.332681+00:00
1285,INPROC_7B0F34,1,10,team2,Team 2 (E/W),50,70,8,♣,finished,2026-05-17T19:26:18.353446+00:00
1286,INPROC_2AE8C3,1,10,team2,Team 2 (E/W),39,81,27,♥,finished,2026-05-17T19:26:18.377042+00:00
1287,INPROC_270098,1,10,team1,Team 1 (N/S),99,21,5,♣,finished,2026-05-17T19:26:18.399215+00:00
1288,INPROC_6ECE7F,1,10,team2,Team 2 (E/W),34,86,29,♥,finished,2026-05-17T19:26:18.416781+00:00
1289,INPROC_EF1D53,1,10,team1,Team 1 (N/S),80,40,37,♠,finished,2026-05-17T19:26:18.432588+00:00
1290,INPROC_BE87E4,1,10,team2,Team 2 (E/W),52,68,4,♣,finished,2026-05-17T19:26:18.448889+00:00
1291,INPROC_DE7809,1,10,team2,Team 2 (E/W),47,73,16,♦,finished,2026-05-17T19:26:18.465605+00:00
1292,INPROC_D267D5,1,10,team1,Team 1 (N/S),80,40,20,♥,finished,2026-05-17T19:26:18.481105+00:00
1293,INPROC_729FD5,1,10,team2,Team 2 (E/W),30,90,14,♦,finished,2026-05-17T19:26:18.496513+00:00
1294,INPROC_EB465A,1,10,team2,Team 2 (E/W),36,84,23,♥,finished,2026-05-17T19:26:18.511513+00:00
1295,INPROC_93B49C,1,10,team1,Team 1 (N/S),68,52,11,♦,finished,2026-05-17T19:26:18.526894+00:00
1296,INPROC_15E101,1,10,team2,Team 2 (E/W),18,102,5,♣,finished,2026-05-17T19:26:18.537949+00:00
1297,INPROC_2A38A2,1,10,team1,Team 1 (N/S),70,50,0,♣,finished,2026-05-17T19:26:18.552481+00:00
1298,INPROC_6956E4,1,10,team2,Team 2 (E/W),51,69,15,♦,finished,2026-05-17T19:26:18.572308+00:00
1299,INPROC_911FB8,1,10,team1,Team 1 (N/S),74,46,20,♥,finished,2026-05-17T19:26:18.593379+00:00
1300,INPROC_DF3E1C,1,10,team1,Team 1 (N/S),80,40,30,♠,finished,2026-05-17T19:26:18.613032+00:00
1301,INPROC_C38E81,1,10,team1,Team 1 (N/S),68,52,23,♥,finished,2026-05-17T19:26:18.630262+00:00
1302,INPROC_4945BD,1,10,team1,Team 1 (N/S),67,53,9,♣,finished,2026-05-17T19:26:18.650491+00:00
1303,INPROC_7DB8F8,1,10,team1,Team 1 (N/S),80,40,17,♦,finished,2026-05-17T19:26:18.667709+00:00
1304,INPROC_6A5004,1,10,team2,Team 2 (E/W),46,74,2,♣,finished,2026-05-17T19:26:18.683486+00:00
1305,INPROC_9DE295,1,10,team2,Team 2 (E/W),49,71,23,♥,finished,2026-05-17T19:26:18.700035+00:00
1306,INPROC_5A38D7,1,10,team1,Team 1 (N/S),65,55,21,♥,finished,2026-05-17T19:26:18.716385+00:00
1307,INPROC_797EC8,1,10,team2,Team 2 (E/W),11,109,28,♥,finished,2026-05-17T19:26:18.732896+00:00
1308,INPROC_64DA44,1,10,team2,Team 2 (E/W),55,65,8,♣,finished,2026-05-17T19:26:18.748978+00:00
1309,INPROC_41D436,1,10,team2,Team 2 (E/W),45,75,15,♦,finished,2026-05-17T19:26:18.765765+00:00
1310,INPROC_B32524,1,10,team2,Team 2 (E/W),38,82,9,♣,finished,2026-05-17T19:26:18.780498+00:00
1311,INPROC_0682D8,1,10,team2,Team 2 (E/W),14,106,23,♥,finished,2026-05-17T19:26:18.793234+00:00
1312,INPROC_0C6BE0,1,10,team2,Team 2 (E/W),14,106,0,♣,finished,2026-05-17T19:26:18.806259+00:00
1313,INPROC_33A54B,1,10,team2,Team 2 (E/W),48,72,35,♠,finished,2026-05-17T19:26:18.821622+00:00
1314,INPROC_797D3B,1,10,team1,Team 1 (N/S),70,50,24,♥,finished,2026-05-17T19:26:18.838137+00:00
1315,INPROC_7384C9,1,10,team1,Team 1 (N/S),83,37,28,♥,finished,2026-05-17T19:26:18.854333+00:00
1316,INPROC_9F9FCB,1,10,team1,Team 1 (N/S),86,34,4,♣,finished,2026-05-17T19:26:18.871929+00:00
1317,INPROC_63EF3C,1,10,team1,Team 1 (N/S),99,21,11,♦,finished,2026-05-17T19:26:18.880954+00:00
1318,INPROC_987C54,1,10,team2,Team 2 (E/W),31,89,18,♦,finished,2026-05-17T19:26:18.897220+00:00
1319,INPROC_9D0E41,1,10,team1,Team 1 (N/S),72,48,37,♠,finished,2026-05-17T19:26:18.912883+00:00
1320,INPROC_94BD5B,1,10,team1,Team 1 (N/S),93,27,5,♣,finished,2026-05-17T19:26:18.927860+00:00
1321,INPROC_C2087F,1,10,team2,Team 2 (E/W),35,85,3,♣,finished,2026-05-17T19:26:18.942249+00:00
1322,INPROC_0696E4,1,10,team1,Team 1 (N/S),82,38,36,♠,finished,2026-05-17T19:26:18.955197+00:00
1323,INPROC_F71A32,1,10,team2,Team 2 (E/W),55,65,38,♠,finished,2026-05-17T19:26:18.971132+00:00
1324,INPROC_029AC8,1,10,team1,Team 1 (N/S),71,49,4,♣,finished,2026-05-17T19:26:18.987597+00:00
1325,INPROC_8D9ED0,1,10,team2,Team 2 (E/W),18,102,24,♥,finished,2026-05-17T19:26:19.006087+00:00
1326,INPROC_5021DB,1,10,team2,Team 2 (E/W),26,94,38,♠,finished,2026-05-17T19:26:19.024766+00:00
1327,INPROC_2A817B,1,10,team1,Team 1 (N/S),75,45,30,♠,finished,2026-05-17T19:26:19.040570+00:00
1328,INPROC_38C7A6,1,10,team2,Team 2 (E/W),43,77,21,♥,finished,2026-05-17T19:26:19.052272+00:00
1329,INPROC_6B6476,1,10,team2,Team 2 (E/W),37,83,1,♣,finished,2026-05-17T19:26:19.064553+00:00
1330,INPROC_B12FE2,1,10,team1,Team 1 (N/S),75,45,2,♣,finished,2026-05-17T19:26:19.078238+00:00
1331,INPROC_F187CC,1,10,team1,Team 1 (N/S),94,26,13,♦,finished,2026-05-17T19:26:19.096691+00:00
1332,INPROC_6E251D,1,10,team1,Team 1 (N/S),73,47,0,♣,finished,2026-05-17T19:26:19.113905+00:00
1333,INPROC_7E5503,1,10,team2,Team 2 (E/W),40,80,5,♣,finished,2026-05-17T19:26:19.131800+00:00
1334,INPROC_A481F0,1,10,team2,Team 2 (E/W),44,76,25,♥,finished,2026-05-17T19:26:19.150112+00:00
1335,INPROC_6AF7FD,1,10,team1,Team 1 (N/S),66,54,35,♠,finished,2026-05-17T19:26:19.168807+00:00
1336,INPROC_450E16,1,10,team2,Team 2 (E/W),44,76,22,♥,finished,2026-05-17T19:26:19.186531+00:00
1337,INPROC_B68AB4,1,10,team2,Team 2 (E/W),50,70,18,♦,finished,2026-05-17T19:26:19.203557+00:00
1338,INPROC_147F7A,1,10,team2,Team 2 (E/W),54,66,23,♥,finished,2026-05-17T19:26:19.216392+00:00
1339,INPROC_A4F617,1,10,team2,Team 2 (E/W),33,87,2,♣,finished,2026-05-17T19:26:19.231998+00:00
1340,INPROC_C0FA04,1,10,team2,Team 2 (E/W),49,71,2,♣,finished,2026-05-17T19:26:19.250453+00:00
1341,INPROC_E57362,1,10,team1,Team 1 (N/S),71,49,27,♥,finished,2026-05-17T19:26:19.266849+00:00
1342,INPROC_6DA018,1,10,team2,Team 2 (E/W),28,92,24,♥,finished,2026-05-17T19:26:19.283748+00:00
1343,INPROC_8DF347,1,10,team1,Team 1 (N/S),70,50,6,♣,finished,2026-05-17T19:26:19.301719+00:00
1344,INPROC_C8D6B0,1,10,team1,Team 1 (N/S),66,54,16,♦,finished,2026-05-17T19:26:19.320380+00:00
1345,INPROC_BCB57F,1,10,team2,Team 2 (E/W),58,62,20,♥,finished,2026-05-17T19:26:19.332675+00:00
1346,INPROC_6777C2,1,10,team2,Team 2 (E/W),33,87,5,♣,finished,2026-05-17T19:26:19.344089+00:00
1347,INPROC_7ED584,1,10,team1,Team 1 (N/S),89,31,20,♥,finished,2026-05-17T19:26:19.360035+00:00
1348,INPROC_54FBA9,1,10,team2,Team 2 (E/W),41,79,12,♦,finished,2026-05-17T19:26:19.375739+00:00
1349,INPROC_57ECEF,1,10,team1,Team 1 (N/S),79,41,27,♥,finished,2026-05-17T19:26:19.391790+00:00
1350,INPROC_4DECF8,1,10,team1,Team 1 (N/S),85,35,1,♣,finished,2026-05-17T19:26:19.408258+00:00
1351,INPROC_41531E,1,10,team1,Team 1 (N/S),64,56,30,♠,finished,2026-05-17T19:26:19.424590+00:00
1352,INPROC_69D07E,1,10,team2,Team 2 (E/W),27,93,16,♦,finished,2026-05-17T19:26:19.440936+00:00
1353,INPROC_502B57,1,10,team2,Team 2 (E/W),50,70,38,♠,finished,2026-05-17T19:26:19.458717+00:00
1354,INPROC_24D9B8,1,10,team2,Team 2 (E/W),48,72,25,♥,finished,2026-05-17T19:26:19.477217+00:00
1355,INPROC_7E5178,1,10,team2,Team 2 (E/W),41,79,28,♥,finished,2026-05-17T19:26:19.492115+00:00
1356,INPROC_D42469,1,10,team2,Team 2 (E/W),14,106,11,♦,finished,2026-05-17T19:26:19.510638+00:00
1357,INPROC_413701,1,10,team2,Team 2 (E/W),53,67,27,♥,finished,2026-05-17T19:26:19.528127+00:00
1358,INPROC_68B567,1,10,team2,Team 2 (E/W),27,93,10,♦,finished,2026-05-17T19:26:19.545046+00:00
1359,INPROC_1B023D,1,10,team2,Team 2 (E/W),41,79,3,♣,finished,2026-05-17T19:26:19.561454+00:00
1360,INPROC_0D21F4,1,10,team2,Team 2 (E/W),52,68,27,♥,finished,2026-05-17T19:26:19.577511+00:00
1361,INPROC_9655AF,1,10,team1,Team 1 (N/S),67,53,17,♦,finished,2026-05-17T19:26:19.591165+00:00
1362,INPROC_0A8159,1,10,team2,Team 2 (E/W),57,63,32,♠,finished,2026-05-17T19:26:19.604626+00:00
1363,INPROC_DE0C66,1,10,team1,Team 1 (N/S),90,30,2,♣,finished,2026-05-17T19:26:19.619033+00:00
1364,INPROC_477715,1,10,team2,Team 2 (E/W),53,67,35,♠,finished,2026-05-17T19:26:19.634309+00:00
1365,INPROC_007B5A,1,10,team2,Team 2 (E/W),47,73,10,♦,finished,2026-05-17T19:26:19.651583+00:00
1366,INPROC_672F32,1,10,team1,Team 1 (N/S),67,53,12,♦,finished,2026-05-17T19:26:19.669233+00:00
1367,INPROC_25CEA0,1,10,team1,Team 1 (N/S),73,47,21,♥,finished,2026-05-17T19:26:19.690594+00:00
1368,INPROC_526076,1,10,team2,Team 2 (E/W),32,88,35,♠,finished,2026-05-17T19:26:19.710152+00:00
1369,INPROC_A78C7C,1,10,team2,Team 2 (E/W),50,70,17,♦,finished,2026-05-17T19:26:19.729410+00:00
1370,INPROC_C99E37,1,10,team1,Team 1 (N/S),107,13,36,♠,finished,2026-05-17T19:26:19.747459+00:00
1371,INPROC_7785B9,1,10,team2,Team 2 (E/W),45,75,23,♥,finished,2026-05-17T19:26:19.765297+00:00
1372,INPROC_A38A1B,1,10,team1,Team 1 (N/S),95,25,17,♦,finished,2026-05-17T19:26:19.781784+00:00
1373,INPROC_62501D,1,10,team1,Team 1 (N/S),100,20,31,♠,finished,2026-05-17T19:26:19.798597+00:00
1374,INPROC_01C276,1,10,team2,Team 2 (E/W),15,105,31,♠,finished,2026-05-17T19:26:19.814058+00:00
1375,INPROC_AE0ABA,1,10,team2,Team 2 (E/W),55,65,31,♠,finished,2026-05-17T19:26:19.830150+00:00
1376,INPROC_F5CD47,1,10,team2,Team 2 (E/W),27,93,36,♠,finished,2026-05-17T19:26:19.848614+00:00
1377,INPROC_885C95,1,10,team1,Team 1 (N/S),73,47,21,♥,finished,2026-05-17T19:26:19.864884+00:00
1378,INPROC_668637,1,10,team1,Team 1 (N/S),76,44,36,♠,finished,2026-05-17T19:26:19.877660+00:00
1379,INPROC_8013D8,1,10,team1,Team 1 (N/S),66,54,2,♣,finished,2026-05-17T19:26:19.890928+00:00
1380,INPROC_97FB78,1,10,team1,Team 1 (N/S),67,53,38,♠,finished,2026-05-17T19:26:19.906278+00:00
1381,INPROC_476022,1,10,team1,Team 1 (N/S),67,53,26,♥,finished,2026-05-17T19:26:19.921670+00:00
1382,INPROC_07FECA,1,10,team2,Team 2 (E/W),41,79,0,♣,finished,2026-05-17T19:26:19.938278+00:00
1383,INPROC_48D7C3,1,10,team2,Team 2 (E/W),50,70,10,♦,finished,2026-05-17T19:26:19.953216+00:00
1384,INPROC_E99423,1,10,team1,Team 1 (N/S),72,48,19,♦,finished,2026-05-17T19:26:19.971832+00:00
1385,INPROC_93E1F9,1,10,team2,Team 2 (E/W),55,65,2,♣,finished,2026-05-17T19:26:19.985898+00:00
1386,INPROC_5ACB1F,1,10,team1,Team 1 (N/S),91,29,38,♠,finished,2026-05-17T19:26:20.010861+00:00
1387,INPROC_C487C6,1,10,team2,Team 2 (E/W),58,62,28,♥,finished,2026-05-17T19:26:20.027057+00:00
1388,INPROC_77DD84,1,10,team2,Team 2 (E/W),52,68,25,♥,finished,2026-05-17T19:26:20.043382+00:00
1389,INPROC_E919AB,1,10,team2,Team 2 (E/W),10,110,1,♣,finished,2026-05-17T19:26:20.062336+00:00
1390,INPROC_8550FB,1,10,team1,Team 1 (N/S),90,30,26,♥,finished,2026-05-17T19:26:20.078627+00:00
1391,INPROC_8300DA,1,10,team2,Team 2 (E/W),19,101,4,♣,finished,2026-05-17T19:26:20.096801+00:00
1392,INPROC_249E2D,1,10,team2,Team 2 (E/W),17,103,11,♦,finished,2026-05-17T19:26:20.113189+00:00
1393,INPROC_902D53,1,10,team2,Team 2 (E/W),59,61,12,♦,finished,2026-05-17T19:26:20.124728+00:00
1394,INPROC_16D153,1,10,team2,Team 2 (E/W),27,93,21,♥,finished,2026-05-17T19:26:20.140213+00:00
1395,INPROC_512527,1,10,team2,Team 2 (E/W),26,94,12,♦,finished,2026-05-17T19:26:20.153781+00:00
1396,INPROC_26E609,1,10,team1,Team 1 (N/S),92,28,17,♦,finished,2026-05-17T19:26:20.170989+00:00
1397,INPROC_595B8A,1,10,team2,Team 2 (E/W),54,66,39,♠,finished,2026-05-17T19:26:20.188073+00:00
1398,INPROC_6FC69B,1,10,team2,Team 2 (E/W),45,75,32,♠,finished,2026-05-17T19:26:20.203899+00:00
1399,INPROC_FD3D80,1,10,team1,Team 1 (N/S),77,43,4,♣,finished,2026-05-17T19:26:20.219850+00:00
1400,INPROC_D33290,1,10,team1,Team 1 (N/S),97,23,11,♦,finished,2026-05-17T19:26:20.238512+00:00
1401,INPROC_079963,1,10,team2,Team 2 (E/W),56,64,17,♦,finished,2026-05-17T19:26:20.255653+00:00
1402,INPROC_CCF809,1,10,team1,Team 1 (N/S),104,16,37,♠,finished,2026-05-17T19:26:20.270982+00:00
1403,INPROC_2E2D44,1,10,team1,Team 1 (N/S),100,20,1,♣,finished,2026-05-17T19:26:20.287041+00:00
1404,INPROC_AAEACC,1,10,team1,Team 1 (N/S),70,50,10,♦,finished,2026-05-17T19:26:20.302528+00:00
1405,INPROC_D56676,1,10,team1,Team 1 (N/S),92,28,17,♦,finished,2026-05-17T19:26:20.318967+00:00
1406,INPROC_CB803D,1,10,team2,Team 2 (E/W),29,91,11,♦,finished,2026-05-17T19:26:20.336146+00:00
1407,INPROC_E0371F,1,10,team2,Team 2 (E/W),33,87,24,♥,finished,2026-05-17T19:26:20.350707+00:00
1408,INPROC_35EAB2,1,10,team2,Team 2 (E/W),36,84,27,♥,finished,2026-05-17T19:26:20.366886+00:00
1409,INPROC_7C52E7,1,10,team1,Team 1 (N/S),113,7,0,♣,finished,2026-05-17T19:26:20.383500+00:00
1410,INPROC_82D398,1,10,team2,Team 2 (E/W),23,97,27,♥,finished,2026-05-17T19:26:20.394598+00:00
1411,INPROC_26DDD4,1,10,team1,Team 1 (N/S),103,17,11,♦,finished,2026-05-17T19:26:20.406441+00:00
1412,INPROC_3034C1,1,10,draw,draw,60,60,33,♠,finished,2026-05-17T19:26:20.420505+00:00
1413,INPROC_05E598,1,10,team2,Team 2 (E/W),44,76,23,♥,finished,2026-05-17T19:26:20.435585+00:00
1414,INPROC_46704B,1,10,team1,Team 1 (N/S),87,33,26,♥,finished,2026-05-17T19:26:20.451754+00:00
1415,INPROC_D5C4C9,1,10,team2,Team 2 (E/W),21,99,36,♠,finished,2026-05-17T19:26:20.470803+00:00
1416,INPROC_0A8669,1,10,team1,Team 1 (N/S),62,58,39,♠,finished,2026-05-17T19:26:20.487706+00:00
1417,INPROC_905462,1,10,team2,Team 2 (E/W),26,94,14,♦,finished,2026-05-17T19:26:20.505002+00:00
1418,INPROC_EEE79F,1,10,team2,Team 2 (E/W),34,86,9,♣,finished,2026-05-17T19:26:20.521271+00:00
1419,INPROC_53F48B,1,10,team2,Team 2 (E/W),55,65,20,♥,finished,2026-05-17T19:26:20.537563+00:00
1420,INPROC_E5670A,1,10,team2,Team 2 (E/W),15,105,27,♥,finished,2026-05-17T19:26:20.557419+00:00
1421,INPROC_C867B2,1,10,team2,Team 2 (E/W),40,80,4,♣,finished,2026-05-17T19:26:20.575671+00:00
1422,INPROC_70DC5C,1,10,team1,Team 1 (N/S),66,54,39,♠,finished,2026-05-17T19:26:20.592304+00:00
1423,INPROC_DDA33D,1,10,team2,Team 2 (E/W),36,84,10,♦,finished,2026-05-17T19:26:20.608515+00:00
1424,INPROC_AFB4AF,1,10,team1,Team 1 (N/S),75,45,15,♦,finished,2026-05-17T19:26:20.626265+00:00
1425,INPROC_2FBB0F,1,10,team2,Team 2 (E/W),21,99,6,♣,finished,2026-05-17T19:26:20.644284+00:00
1426,INPROC_F02708,1,10,team1,Team 1 (N/S),92,28,1,♣,finished,2026-05-17T19:26:20.660017+00:00
1427,INPROC_2FB6F5,1,10,team2,Team 2 (E/W),21,99,18,♦,finished,2026-05-17T19:26:20.673091+00:00
1428,INPROC_13CF54,1,10,team2,Team 2 (E/W),35,85,18,♦,finished,2026-05-17T19:26:20.687025+00:00
1429,INPROC_173CE6,1,10,team1,Team 1 (N/S),62,58,13,♦,finished,2026-05-17T19:26:20.703076+00:00
1430,INPROC_D1647F,1,10,team2,Team 2 (E/W),55,65,12,♦,finished,2026-05-17T19:26:20.719104+00:00
1431,INPROC_16A10C,1,10,team2,Team 2 (E/W),29,91,36,♠,finished,2026-05-17T19:26:20.735377+00:00
1432,INPROC_0598B3,1,10,team2,Team 2 (E/W),36,84,30,♠,finished,2026-05-17T19:26:20.753845+00:00
1433,INPROC_0D7BE9,1,10,team1,Team 1 (N/S),111,9,31,♠,finished,2026-05-17T19:26:20.771022+00:00
1434,INPROC_999C21,1,10,team1,Team 1 (N/S),87,33,28,♥,finished,2026-05-17T19:26:20.788806+00:00
1435,INPROC_FE3FA9,1,10,team2,Team 2 (E/W),36,84,39,♠,finished,2026-05-17T19:26:20.802189+00:00
1436,INPROC_8087AB,1,10,team2,Team 2 (E/W),47,73,29,♥,finished,2026-05-17T19:26:20.818584+00:00
1437,INPROC_D9E5BB,1,10,team2,Team 2 (E/W),42,78,17,♦,finished,2026-05-17T19:26:20.833390+00:00
1438,INPROC_1B2B6E,1,10,team2,Team 2 (E/W),55,65,32,♠,finished,2026-05-17T19:26:20.846331+00:00
1439,INPROC_10454A,1,10,team2,Team 2 (E/W),52,68,24,♥,finished,2026-05-17T19:26:20.857165+00:00
1440,INPROC_C79FB9,1,10,team1,Team 1 (N/S),79,41,33,♠,finished,2026-05-17T19:26:20.872957+00:00
1441,INPROC_4AB7A5,1,10,team2,Team 2 (E/W),52,68,17,♦,finished,2026-05-17T19:26:20.888050+00:00
1442,INPROC_FFB274,1,10,team1,Team 1 (N/S),84,36,27,♥,finished,2026-05-17T19:26:20.905660+00:00
1443,INPROC_773365,1,10,team2,Team 2 (E/W),21,99,26,♥,finished,2026-05-17T19:26:20.923888+00:00
1444,INPROC_8D2B7E,1,10,team1,Team 1 (N/S),101,19,17,♦,finished,2026-05-17T19:26:20.938856+00:00
1445,INPROC_30CC7F,1,10,team1,Team 1 (N/S),80,40,26,♥,finished,2026-05-17T19:26:20.953841+00:00
1446,INPROC_AC7011,1,10,team1,Team 1 (N/S),91,29,11,♦,finished,2026-05-17T19:26:20.971475+00:00
1447,INPROC_901D4F,1,10,team2,Team 2 (E/W),43,77,37,♠,finished,2026-05-17T19:26:20.988589+00:00
1448,INPROC_B3F873,1,10,team1,Team 1 (N/S),94,26,33,♠,finished,2026-05-17T19:26:21.006935+00:00
1449,INPROC_33211E,1,10,team2,Team 2 (E/W),33,87,20,♥,finished,2026-05-17T19:26:21.023946+00:00
1450,INPROC_289CDA,1,10,team2,Team 2 (E/W),51,69,6,♣,finished,2026-05-17T19:26:21.036532+00:00
1451,INPROC_F96FE6,1,10,team2,Team 2 (E/W),58,62,38,♠,finished,2026-05-17T19:26:21.048005+00:00
1452,INPROC_439188,1,10,team2,Team 2 (E/W),28,92,19,♦,finished,2026-05-17T19:26:21.062761+00:00
1453,INPROC_3960A8,1,10,team1,Team 1 (N/S),61,59,9,♣,finished,2026-05-17T19:26:21.076553+00:00
1454,INPROC_E759AF,1,10,team2,Team 2 (E/W),34,86,0,♣,finished,2026-05-17T19:26:21.087074+00:00
1455,INPROC_D72EDD,1,10,team1,Team 1 (N/S),93,27,24,♥,finished,2026-05-17T19:26:21.100279+00:00
1456,INPROC_E4378F,1,10,team2,Team 2 (E/W),58,62,26,♥,finished,2026-05-17T19:26:21.115560+00:00
1457,INPROC_0EF7A0,1,10,team2,Team 2 (E/W),46,74,1,♣,finished,2026-05-17T19:26:21.129242+00:00
1458,INPROC_19571F,1,10,team2,Team 2 (E/W),19,101,5,♣,finished,2026-05-17T19:26:21.141550+00:00
1459,INPROC_3C87B1,1,10,team1,Team 1 (N/S),88,32,1,♣,finished,2026-05-17T19:26:21.153405+00:00
1460,INPROC_151FD2,1,10,team1,Team 1 (N/S),71,49,30,♠,finished,2026-05-17T19:26:21.165948+00:00
1461,INPROC_7333E6,1,10,team1,Team 1 (N/S),67,53,0,♣,finished,2026-05-17T19:26:21.179840+00:00
1462,INPROC_324931,1,10,team1,Team 1 (N/S),83,37,13,♦,finished,2026-05-17T19:26:21.193857+00:00
1463,INPROC_AF7423,1,10,team2,Team 2 (E/W),50,70,0,♣,finished,2026-05-17T19:26:21.207895+00:00
1464,INPROC_67214C,1,10,team1,Team 1 (N/S),76,44,20,♥,finished,2026-05-17T19:26:21.220526+00:00
1465,INPROC_DC6270,1,10,team2,Team 2 (E/W),55,65,16,♦,finished,2026-05-17T19:26:21.239179+00:00
1466,INPROC_B8CA5D,1,10,team1,Team 1 (N/S),65,55,8,♣,finished,2026-05-17T19:26:21.258451+00:00
1467,INPROC_0460E2,1,10,team1,Team 1 (N/S),64,56,27,♥,finished,2026-05-17T19:26:21.278079+00:00
1468,INPROC_298E83,1,10,team1,Team 1 (N/S),63,57,0,♣,finished,2026-05-17T19:26:21.299176+00:00
1469,INPROC_57C72B,1,10,team1,Team 1 (N/S),88,32,34,♠,finished,2026-05-17T19:26:21.318507+00:00
1470,INPROC_D30953,1,10,team2,Team 2 (E/W),35,85,29,♥,finished,2026-05-17T19:26:21.336142+00:00
1471,INPROC_B9815A,1,10,team2,Team 2 (E/W),43,77,39,♠,finished,2026-05-17T19:26:21.353934+00:00
1472,INPROC_BE1F85,1,10,team2,Team 2 (E/W),23,97,29,♥,finished,2026-05-17T19:26:21.372603+00:00
1473,INPROC_9FAD33,1,10,team2,Team 2 (E/W),39,81,24,♥,finished,2026-05-17T19:26:21.391452+00:00
1474,INPROC_84150A,1,10,team1,Team 1 (N/S),92,28,20,♥,finished,2026-05-17T19:26:21.409771+00:00
1475,INPROC_8EC4C9,1,10,team1,Team 1 (N/S),66,54,7,♣,finished,2026-05-17T19:26:21.427865+00:00
1476,INPROC_489DFF,1,10,team2,Team 2 (E/W),52,68,1,♣,finished,2026-05-17T19:26:21.443930+00:00
1477,INPROC_B8E0EF,1,10,team2,Team 2 (E/W),27,93,14,♦,finished,2026-05-17T19:26:21.461178+00:00
1478,INPROC_B330B8,1,10,team2,Team 2 (E/W),0,120,28,♥,finished,2026-05-17T19:26:21.474514+00:00
1479,INPROC_79F0A5,1,10,team2,Team 2 (E/W),37,83,11,♦,finished,2026-05-17T19:26:21.488276+00:00
1480,INPROC_6787FF,1,10,team2,Team 2 (E/W),49,71,25,♥,finished,2026-05-17T19:26:21.504351+00:00
1481,INPROC_88FA44,1,10,team2,Team 2 (E/W),46,74,1,♣,finished,2026-05-17T19:26:21.524213+00:00
1482,INPROC_61C118,1,10,team2,Team 2 (E/W),40,80,19,♦,finished,2026-05-17T19:26:21.544055+00:00
1483,INPROC_F0B9DA,1,10,team1,Team 1 (N/S),89,31,20,♥,finished,2026-05-17T19:26:21.564430+00:00
1484,INPROC_82B787,1,10,team2,Team 2 (E/W),48,72,12,♦,finished,2026-05-17T19:26:21.583733+00:00
1485,INPROC_08F71D,1,10,team2,Team 2 (E/W),55,65,9,♣,finished,2026-05-17T19:26:21.600637+00:00
1486,INPROC_F22891,1,10,team1,Team 1 (N/S),90,30,24,♥,finished,2026-05-17T19:26:21.616988+00:00
1487,INPROC_4699FA,1,10,team2,Team 2 (E/W),36,84,4,♣,finished,2026-05-17T19:26:21.633879+00:00
1488,INPROC_F390A6,1,10,team2,Team 2 (E/W),54,66,29,♥,finished,2026-05-17T19:26:21.648542+00:00
1489,INPROC_D765C4,1,10,team2,Team 2 (E/W),51,69,3,♣,finished,2026-05-17T19:26:21.663073+00:00
1490,INPROC_513569,1,10,team1,Team 1 (N/S),80,40,1,♣,finished,2026-05-17T19:26:21.679900+00:00
1491,INPROC_1484D4,1,10,team1,Team 1 (N/S),97,23,17,♦,finished,2026-05-17T19:26:21.696366+00:00
1492,INPROC_6E8CCA,1,10,team2,Team 2 (E/W),59,61,36,♠,finished,2026-05-17T19:26:21.713946+00:00
1493,INPROC_26666A,1,10,team2,Team 2 (E/W),48,72,0,♣,finished,2026-05-17T19:26:21.729705+00:00
1494,INPROC_58CAE5,1,10,team1,Team 1 (N/S),92,28,10,♦,finished,2026-05-17T19:26:21.744481+00:00
1495,INPROC_9BCA69,1,10,team1,Team 1 (N/S),89,31,5,♣,finished,2026-05-17T19:26:21.761789+00:00
1496,INPROC_39051E,1,10,team1,Team 1 (N/S),100,20,2,♣,finished,2026-05-17T19:26:21.778350+00:00
1497,INPROC_734F81,1,10,draw,draw,60,60,33,♠,finished,2026-05-17T19:26:21.797320+00:00
1498,INPROC_932FAE,1,10,team1,Team 1 (N/S),97,23,38,♠,finished,2026-05-17T19:26:21.815468+00:00
1499,INPROC_EC2783,1,10,team2,Team 2 (E/W),56,64,33,♠,finished,2026-05-17T19:26:21.832851+00:00
1500,INPROC_01D9A3,1,10,team1,Team 1 (N/S),63,57,23,♥,finished,2026-05-17T19:26:21.850316+00:00
1501,INPROC_1BDD8B,1,10,team1,Team 1 (N/S),65,55,4,♣,finished,2026-05-17T19:26:21.868757+00:00
1502,INPROC_9AE042,1,10,team2,Team 2 (E/W),59,61,38,♠,finished,2026-05-17T19:26:21.885981+00:00
1503,INPROC_C6044B,1,10,team1,Team 1 (N/S),101,19,16,♦,finished,2026-05-17T19:26:21.898177+00:00
1504,INPROC_FEF428,1,10,draw,draw,60,60,14,♦,finished,2026-05-17T19:26:21.915780+00:00
1505,INPROC_93A733,1,10,team2,Team 2 (E/W),57,63,29,♥,finished,2026-05-17T19:26:21.933918+00:00
1506,INPROC_A822CE,1,10,team1,Team 1 (N/S),70,50,23,♥,finished,2026-05-17T19:26:21.952152+00:00
1507,INPROC_B33FBA,1,10,team2,Team 2 (E/W),49,71,27,♥,finished,2026-05-17T19:26:21.972484+00:00
1508,INPROC_EFB74F,1,10,team2,Team 2 (E/W),36,84,8,♣,finished,2026-05-17T19:26:21.990319+00:00
1509,INPROC_6039A3,1,10,team1,Team 1 (N/S),93,27,3,♣,finished,2026-05-17T19:26:22.002313+00:00
1510,INPROC_23B972,1,10,team2,Team 2 (E/W),29,91,33,♠,finished,2026-05-17T19:26:22.016516+00:00
1511,INPROC_72AACE,1,10,team1,Team 1 (N/S),75,45,15,♦,finished,2026-05-17T19:26:22.030645+00:00
1512,INPROC_D6E2BD,1,10,team2,Team 2 (E/W),59,61,4,♣,finished,2026-05-17T19:26:22.049416+00:00
1513,INPROC_D141BF,1,10,team1,Team 1 (N/S),65,55,6,♣,finished,2026-05-17T19:26:22.067938+00:00
1514,INPROC_7E0347,1,10,team2,Team 2 (E/W),45,75,28,♥,finished,2026-05-17T19:26:22.085219+00:00
1515,INPROC_AF5455,1,10,team1,Team 1 (N/S),81,39,16,♦,finished,2026-05-17T19:26:22.101256+00:00
1516,INPROC_516417,1,10,team2,Team 2 (E/W),51,69,7,♣,finished,2026-05-17T19:26:22.117875+00:00
1517,INPROC_0B87F5,1,10,team2,Team 2 (E/W),36,84,9,♣,finished,2026-05-17T19:26:22.136463+00:00
1518,INPROC_FEF5CC,1,10,team1,Team 1 (N/S),67,53,30,♠,finished,2026-05-17T19:26:22.153028+00:00
1519,INPROC_29ADFE,1,10,team1,Team 1 (N/S),70,50,14,♦,finished,2026-05-17T19:26:22.170204+00:00
1520,INPROC_EF51B7,1,10,team1,Team 1 (N/S),105,15,0,♣,finished,2026-05-17T19:26:22.191222+00:00
1521,INPROC_ACC649,1,10,team1,Team 1 (N/S),65,55,10,♦,finished,2026-05-17T19:26:22.207390+00:00
1522,INPROC_EA084F,1,10,team2,Team 2 (E/W),53,67,18,♦,finished,2026-05-17T19:26:22.223955+00:00
1523,INPROC_FB6E64,1,10,team1,Team 1 (N/S),71,49,15,♦,finished,2026-05-17T19:26:22.239752+00:00
1524,INPROC_DA109B,1,10,team2,Team 2 (E/W),26,94,28,♥,finished,2026-05-17T19:26:22.256356+00:00
1525,INPROC_5DF2DA,1,10,team1,Team 1 (N/S),69,51,33,♠,finished,2026-05-17T19:26:22.270348+00:00
1526,INPROC_432C21,1,10,team2,Team 2 (E/W),19,101,19,♦,finished,2026-05-17T19:26:22.283216+00:00
1527,INPROC_C7AABF,1,10,team2,Team 2 (E/W),39,81,14,♦,finished,2026-05-17T19:26:22.297693+00:00
1528,INPROC_DB96C2,1,10,team2,Team 2 (E/W),44,76,7,♣,finished,2026-05-17T19:26:22.313783+00:00
1529,INPROC_3CAB4D,1,10,team2,Team 2 (E/W),21,99,17,♦,finished,2026-05-17T19:26:22.331071+00:00
1530,INPROC_1B5FF9,1,10,team1,Team 1 (N/S),62,58,23,♥,finished,2026-05-17T19:26:22.348284+00:00
1531,INPROC_0A1DD0,1,10,team2,Team 2 (E/W),37,83,15,♦,finished,2026-05-17T19:26:22.367407+00:00
1532,INPROC_1CED52,1,10,team2,Team 2 (E/W),17,103,35,♠,finished,2026-05-17T19:26:22.386311+00:00
1533,INPROC_CE9856,1,10,team1,Team 1 (N/S),76,44,30,♠,finished,2026-05-17T19:26:22.404188+00:00
1534,INPROC_BBA020,1,10,team2,Team 2 (E/W),48,72,38,♠,finished,2026-05-17T19:26:22.418850+00:00
1535,INPROC_1A4F28,1,10,team1,Team 1 (N/S),78,42,24,♥,finished,2026-05-17T19:26:22.439066+00:00
1536,INPROC_3DD830,1,10,team2,Team 2 (E/W),53,67,15,♦,finished,2026-05-17T19:26:22.455609+00:00
1537,INPROC_56CCD0,1,10,team1,Team 1 (N/S),84,36,39,♠,finished,2026-05-17T19:26:22.470115+00:00
1538,INPROC_ECDFE1,1,10,team2,Team 2 (E/W),42,78,30,♠,finished,2026-05-17T19:26:22.486185+00:00
1539,INPROC_3C686E,1,10,team1,Team 1 (N/S),79,41,26,♥,finished,2026-05-17T19:26:22.502289+00:00
1540,INPROC_8EC899,1,10,team2,Team 2 (E/W),39,81,35,♠,finished,2026-05-17T19:26:22.517739+00:00
1541,INPROC_D58F54,1,10,team2,Team 2 (E/W),38,82,14,♦,finished,2026-05-17T19:26:22.534479+00:00
1542,INPROC_4A0FF6,1,10,team1,Team 1 (N/S),97,23,17,♦,finished,2026-05-17T19:26:22.546554+00:00
1543,INPROC_50A87F,1,10,team1,Team 1 (N/S),87,33,27,♥,finished,2026-05-17T19:26:22.559781+00:00
1544,INPROC_6AECA1,1,10,team2,Team 2 (E/W),20,100,39,♠,finished,2026-05-17T19:26:22.575530+00:00
1545,INPROC_7F6B6E,1,10,team2,Team 2 (E/W),2,118,28,♥,finished,2026-05-17T19:26:22.592538+00:00
1546,INPROC_4EB77C,1,10,team1,Team 1 (N/S),77,43,20,♥,finished,2026-05-17T19:26:22.610817+00:00
1547,INPROC_B1F52A,1,10,team2,Team 2 (E/W),58,62,36,♠,finished,2026-05-17T19:26:22.629543+00:00
1548,INPROC_BB3C1E,1,10,team2,Team 2 (E/W),26,94,0,♣,finished,2026-05-17T19:26:22.646553+00:00
1549,INPROC_A454E7,1,10,team2,Team 2 (E/W),40,80,39,♠,finished,2026-05-17T19:26:22.664898+00:00
1550,INPROC_77A509,1,10,team2,Team 2 (E/W),41,79,29,♥,finished,2026-05-17T19:26:22.682792+00:00
1551,INPROC_02024F,1,10,draw,draw,60,60,19,♦,finished,2026-05-17T19:26:22.697299+00:00
1552,INPROC_7249F5,1,10,team1,Team 1 (N/S),79,41,14,♦,finished,2026-05-17T19:26:22.712652+00:00
1553,INPROC_8292FB,1,10,team2,Team 2 (E/W),56,64,31,♠,finished,2026-05-17T19:26:22.728301+00:00
1554,INPROC_053ACD,1,10,team2,Team 2 (E/W),9,111,1,♣,finished,2026-05-17T19:26:22.744511+00:00
1555,INPROC_830BDF,1,10,draw,draw,60,60,7,♣,finished,2026-05-17T19:26:22.762101+00:00
1556,INPROC_3E4A60,1,10,team2,Team 2 (E/W),40,80,0,♣,finished,2026-05-17T19:26:22.778060+00:00
1557,INPROC_81F5F7,1,10,team2,Team 2 (E/W),34,86,16,♦,finished,2026-05-17T19:26:22.794716+00:00
1558,INPROC_3BAE30,1,10,team1,Team 1 (N/S),100,20,1,♣,finished,2026-05-17T19:26:22.810258+00:00
1559,INPROC_50613F,1,10,team2,Team 2 (E/W),30,90,18,♦,finished,2026-05-17T19:26:22.821354+00:00
1560,INPROC_EC904D,1,10,team1,Team 1 (N/S),78,42,12,♦,finished,2026-05-17T19:26:22.834699+00:00
1561,INPROC_073311,1,10,team1,Team 1 (N/S),108,12,26,♥,finished,2026-05-17T19:26:22.851211+00:00
1562,INPROC_38C4CF,1,10,team1,Team 1 (N/S),83,37,8,♣,finished,2026-05-17T19:26:22.867466+00:00
1563,INPROC_40658B,1,10,team1,Team 1 (N/S),82,38,1,♣,finished,2026-05-17T19:26:22.885352+00:00
1564,INPROC_950A9C,1,10,team1,Team 1 (N/S),82,38,30,♠,finished,2026-05-17T19:26:22.904678+00:00
1565,INPROC_5D9577,1,10,team1,Team 1 (N/S),98,22,35,♠,finished,2026-05-17T19:26:22.923479+00:00
1566,INPROC_83E44E,1,10,team2,Team 2 (E/W),30,90,6,♣,finished,2026-05-17T19:26:22.938028+00:00
1567,INPROC_BDCE7D,1,10,team1,Team 1 (N/S),90,30,35,♠,finished,2026-05-17T19:26:22.955072+00:00
1568,INPROC_683818,1,10,team2,Team 2 (E/W),30,90,0,♣,finished,2026-05-17T19:26:22.971507+00:00
1569,INPROC_1CC92B,1,10,team2,Team 2 (E/W),27,93,8,♣,finished,2026-05-17T19:26:22.991259+00:00
1570,INPROC_EF3716,1,10,team1,Team 1 (N/S),81,39,23,♥,finished,2026-05-17T19:26:23.007916+00:00
1571,INPROC_F2BD0A,1,10,team1,Team 1 (N/S),86,34,22,♥,finished,2026-05-17T19:26:23.026165+00:00
1572,INPROC_A4BADE,1,10,team2,Team 2 (E/W),42,78,3,♣,finished,2026-05-17T19:26:23.045070+00:00
1573,INPROC_2CDA30,1,10,team2,Team 2 (E/W),49,71,22,♥,finished,2026-05-17T19:26:23.062250+00:00
1574,INPROC_17FE89,1,10,team2,Team 2 (E/W),52,68,0,♣,finished,2026-05-17T19:26:23.076789+00:00
1575,INPROC_7BA516,1,10,team1,Team 1 (N/S),97,23,15,♦,finished,2026-05-17T19:26:23.092624+00:00
1576,INPROC_6804F4,1,10,team1,Team 1 (N/S),68,52,25,♥,finished,2026-05-17T19:26:23.105898+00:00
1577,INPROC_FE0F73,1,10,team2,Team 2 (E/W),41,79,39,♠,finished,2026-05-17T19:26:23.124066+00:00
1578,INPROC_440887,1,10,team2,Team 2 (E/W),42,78,21,♥,finished,2026-05-17T19:26:23.139530+00:00
1579,INPROC_B46824,1,10,team2,Team 2 (E/W),45,75,27,♥,finished,2026-05-17T19:26:23.156351+00:00
1580,INPROC_E14C09,1,10,team2,Team 2 (E/W),55,65,3,♣,finished,2026-05-17T19:26:23.172119+00:00
1581,INPROC_ACD864,1,10,team2,Team 2 (E/W),29,91,2,♣,finished,2026-05-17T19:26:23.188675+00:00
1582,INPROC_A28D8F,1,10,team2,Team 2 (E/W),20,100,25,♥,finished,2026-05-17T19:26:23.204742+00:00
1583,INPROC_96EA6A,1,10,team1,Team 1 (N/S),72,48,0,♣,finished,2026-05-17T19:26:23.219764+00:00
1584,INPROC_FDB75D,1,10,team2,Team 2 (E/W),45,75,2,♣,finished,2026-05-17T19:26:23.236976+00:00
1585,INPROC_5C9267,1,10,team2,Team 2 (E/W),13,107,1,♣,finished,2026-05-17T19:26:23.252700+00:00
1586,INPROC_FC820F,1,10,team2,Team 2 (E/W),39,81,26,♥,finished,2026-05-17T19:26:23.266631+00:00
1587,INPROC_BCAD92,1,10,team2,Team 2 (E/W),43,77,1,♣,finished,2026-05-17T19:26:23.281814+00:00
1588,INPROC_9F3B08,1,10,team2,Team 2 (E/W),59,61,8,♣,finished,2026-05-17T19:26:23.297343+00:00
1589,INPROC_489F84,1,10,team2,Team 2 (E/W),55,65,26,♥,finished,2026-05-17T19:26:23.312412+00:00
1590,INPROC_E3DBF3,1,10,team2,Team 2 (E/W),52,68,14,♦,finished,2026-05-17T19:26:23.328153+00:00
1591,INPROC_9BA66F,1,10,team1,Team 1 (N/S),76,44,19,♦,finished,2026-05-17T19:26:23.343088+00:00
1592,INPROC_1BE64E,1,10,team2,Team 2 (E/W),0,120,37,♠,finished,2026-05-17T19:26:23.354779+00:00
1593,INPROC_8F66D7,1,10,team2,Team 2 (E/W),30,90,0,♣,finished,2026-05-17T19:26:23.366717+00:00
1594,INPROC_28FF70,1,10,team1,Team 1 (N/S),88,32,17,♦,finished,2026-05-17T19:26:23.383348+00:00
1595,INPROC_D38523,1,10,team1,Team 1 (N/S),73,47,14,♦,finished,2026-05-17T19:26:23.401199+00:00
1596,INPROC_370520,1,10,draw,draw,60,60,7,♣,finished,2026-05-17T19:26:23.418639+00:00
1597,INPROC_1FF9AC,1,10,team2,Team 2 (E/W),50,70,1,♣,finished,2026-05-17T19:26:23.436162+00:00
1598,INPROC_E78894,1,10,team1,Team 1 (N/S),82,38,21,♥,finished,2026-05-17T19:26:23.452522+00:00
1599,INPROC_F4EFF3,1,10,team2,Team 2 (E/W),46,74,18,♦,finished,2026-05-17T19:26:23.469839+00:00
1600,INPROC_A611CB,1,10,team2,Team 2 (E/W),37,83,21,♥,finished,2026-05-17T19:26:23.485881+00:00
1601,INPROC_DEAD28,1,10,team2,Team 2 (E/W),44,76,6,♣,finished,2026-05-17T19:26:23.502829+00:00
1602,INPROC_6966E9,1,10,team1,Team 1 (N/S),63,57,37,♠,finished,2026-05-17T19:26:23.516346+00:00
1603,INPROC_CC82AF,1,10,team1,Team 1 (N/S),69,51,28,♥,finished,2026-05-17T19:26:23.529837+00:00
1604,INPROC_5FE8C8,1,10,team1,Team 1 (N/S),62,58,18,♦,finished,2026-05-17T19:26:23.545614+00:00
1605,INPROC_5A97D0,1,10,team2,Team 2 (E/W),41,79,3,♣,finished,2026-05-17T19:26:23.561558+00:00
1606,INPROC_162D19,1,10,team1,Team 1 (N/S),92,28,4,♣,finished,2026-05-17T19:26:23.577775+00:00
1607,INPROC_8CF973,1,10,team2,Team 2 (E/W),58,62,25,♥,finished,2026-05-17T19:26:23.595639+00:00
1608,INPROC_60445D,1,10,team1,Team 1 (N/S),71,49,7,♣,finished,2026-05-17T19:26:23.611255+00:00
1609,INPROC_94B210,1,10,team2,Team 2 (E/W),23,97,0,♣,finished,2026-05-17T19:26:23.622506+00:00
1610,INPROC_EFF15F,1,10,team1,Team 1 (N/S),76,44,23,♥,finished,2026-05-17T19:26:23.637695+00:00
1611,INPROC_A8AC9D,1,10,team2,Team 2 (E/W),29,91,18,♦,finished,2026-05-17T19:26:23.656236+00:00
1612,INPROC_186CB2,1,10,team2,Team 2 (E/W),51,69,22,♥,finished,2026-05-17T19:26:23.674466+00:00
1613,INPROC_63DBDB,1,10,team1,Team 1 (N/S),79,41,33,♠,finished,2026-05-17T19:26:23.691211+00:00
1614,INPROC_3A0BD5,1,10,team2,Team 2 (E/W),48,72,10,♦,finished,2026-05-17T19:26:23.710950+00:00
1615,INPROC_8C93A9,1,10,team1,Team 1 (N/S),61,59,32,♠,finished,2026-05-17T19:26:23.728693+00:00
1616,INPROC_3B364F,1,10,team2,Team 2 (E/W),2,118,29,♥,finished,2026-05-17T19:26:23.746327+00:00
1617,INPROC_9993D3,1,10,team2,Team 2 (E/W),55,65,0,♣,finished,2026-05-17T19:26:23.766616+00:00
1618,INPROC_783AF0,1,10,team2,Team 2 (E/W),21,99,37,♠,finished,2026-05-17T19:26:23.784644+00:00
1619,INPROC_86F513,1,10,team2,Team 2 (E/W),46,74,39,♠,finished,2026-05-17T19:26:23.801099+00:00
1620,INPROC_4BE634,1,10,team2,Team 2 (E/W),43,77,2,♣,finished,2026-05-17T19:26:23.818025+00:00
1621,INPROC_599A20,1,10,team2,Team 2 (E/W),48,72,27,♥,finished,2026-05-17T19:26:23.837394+00:00
1622,INPROC_DCE63F,1,10,team1,Team 1 (N/S),63,57,31,♠,finished,2026-05-17T19:26:23.853689+00:00
1623,INPROC_220965,1,10,team2,Team 2 (E/W),59,61,1,♣,finished,2026-05-17T19:26:23.873298+00:00
1624,INPROC_7785A0,1,10,team1,Team 1 (N/S),88,32,5,♣,finished,2026-05-17T19:26:23.895499+00:00
1625,INPROC_ABCED8,1,10,team1,Team 1 (N/S),66,54,38,♠,finished,2026-05-17T19:26:23.914333+00:00
1626,INPROC_62D228,1,10,team2,Team 2 (E/W),39,81,39,♠,finished,2026-05-17T19:26:23.933586+00:00
1627,INPROC_9823F0,1,10,team2,Team 2 (E/W),35,85,26,♥,finished,2026-05-17T19:26:23.951758+00:00
1628,INPROC_F912B4,1,10,team2,Team 2 (E/W),42,78,9,♣,finished,2026-05-17T19:26:23.967748+00:00
1629,INPROC_776BF6,1,10,team1,Team 1 (N/S),77,43,15,♦,finished,2026-05-17T19:26:23.982474+00:00
1630,INPROC_0D1BFE,1,10,team2,Team 2 (E/W),28,92,16,♦,finished,2026-05-17T19:26:23.996360+00:00
1631,INPROC_891AEE,1,10,team2,Team 2 (E/W),43,77,15,♦,finished,2026-05-17T19:26:24.011288+00:00
1632,INPROC_1E78EE,1,10,team1,Team 1 (N/S),67,53,18,♦,finished,2026-05-17T19:26:24.028469+00:00
1633,INPROC_B4ED07,1,10,team2,Team 2 (E/W),43,77,9,♣,finished,2026-05-17T19:26:24.045082+00:00
1634,INPROC_E47D58,1,10,team2,Team 2 (E/W),41,79,38,♠,finished,2026-05-17T19:26:24.060327+00:00
1635,INPROC_7DD27A,1,10,team2,Team 2 (E/W),24,96,12,♦,finished,2026-05-17T19:26:24.077232+00:00
1636,INPROC_32EFE8,1,10,team2,Team 2 (E/W),56,64,5,♣,finished,2026-05-17T19:26:24.091777+00:00
1637,INPROC_81CF9C,1,10,team1,Team 1 (N/S),75,45,33,♠,finished,2026-05-17T19:26:24.107864+00:00
1638,INPROC_F6F9C5,1,10,team2,Team 2 (E/W),57,63,20,♥,finished,2026-05-17T19:26:24.124649+00:00
1639,INPROC_2711A3,1,10,team2,Team 2 (E/W),44,76,10,♦,finished,2026-05-17T19:26:24.141322+00:00
1640,INPROC_BD8836,1,10,team2,Team 2 (E/W),34,86,28,♥,finished,2026-05-17T19:26:24.156912+00:00
1641,INPROC_D27888,1,10,team2,Team 2 (E/W),38,82,30,♠,finished,2026-05-17T19:26:24.175418+00:00
1642,INPROC_B765D2,1,10,team2,Team 2 (E/W),57,63,6,♣,finished,2026-05-17T19:26:24.192533+00:00
1643,INPROC_6DC5AD,1,10,team1,Team 1 (N/S),68,52,34,♠,finished,2026-05-17T19:26:24.212506+00:00
1644,INPROC_EF9F59,1,10,team1,Team 1 (N/S),61,59,34,♠,finished,2026-05-17T19:26:24.230807+00:00
1645,INPROC_0C4D79,1,10,team2,Team 2 (E/W),47,73,37,♠,finished,2026-05-17T19:26:24.249656+00:00
1646,INPROC_6C4CCA,1,10,team1,Team 1 (N/S),91,29,7,♣,finished,2026-05-17T19:26:24.267503+00:00
1647,INPROC_57E289,1,10,team2,Team 2 (E/W),51,69,19,♦,finished,2026-05-17T19:26:24.287117+00:00
1648,INPROC_918D9D,1,10,team1,Team 1 (N/S),75,45,25,♥,finished,2026-05-17T19:26:24.306624+00:00
1649,INPROC_4EE8DE,1,10,team2,Team 2 (E/W),28,92,26,♥,finished,2026-05-17T19:26:24.329321+00:00
1650,INPROC_9D4BE6,1,10,team2,Team 2 (E/W),2,118,27,♥,finished,2026-05-17T19:26:24.350693+00:00
1651,INPROC_090D3A,1,10,team1,Team 1 (N/S),64,56,26,♥,finished,2026-05-17T19:26:24.374260+00:00
1652,INPROC_51DA46,1,10,team2,Team 2 (E/W),30,90,4,♣,finished,2026-05-17T19:26:24.393904+00:00
1653,INPROC_AC4D86,1,10,team1,Team 1 (N/S),72,48,25,♥,finished,2026-05-17T19:26:24.413089+00:00
1654,INPROC_4319CA,1,10,team1,Team 1 (N/S),81,39,3,♣,finished,2026-05-17T19:26:24.428457+00:00
1655,INPROC_7D4477,1,10,team1,Team 1 (N/S),89,31,24,♥,finished,2026-05-17T19:26:24.443305+00:00
1656,INPROC_9CCB82,1,10,team2,Team 2 (E/W),59,61,6,♣,finished,2026-05-17T19:26:24.460888+00:00
1657,INPROC_957FA7,1,10,team2,Team 2 (E/W),44,76,34,♠,finished,2026-05-17T19:26:24.478605+00:00
1658,INPROC_A5AF2B,1,10,draw,draw,60,60,9,♣,finished,2026-05-17T19:26:24.496359+00:00
1659,INPROC_FB8012,1,10,team1,Team 1 (N/S),65,55,13,♦,finished,2026-05-17T19:26:24.514212+00:00
1660,INPROC_E87757,1,10,team2,Team 2 (E/W),37,83,9,♣,finished,2026-05-17T19:26:24.534790+00:00
1661,INPROC_1C86D8,1,10,team2,Team 2 (E/W),45,75,34,♠,finished,2026-05-17T19:26:24.552551+00:00
1662,INPROC_C99FCF,1,10,team1,Team 1 (N/S),92,28,22,♥,finished,2026-05-17T19:26:24.570578+00:00
1663,INPROC_7B7173,1,10,team2,Team 2 (E/W),34,86,2,♣,finished,2026-05-17T19:26:24.590544+00:00
1664,INPROC_5CF5AA,1,10,team1,Team 1 (N/S),73,47,21,♥,finished,2026-05-17T19:26:24.611378+00:00
1665,INPROC_246C11,1,10,team2,Team 2 (E/W),51,69,35,♠,finished,2026-05-17T19:26:24.630633+00:00
1666,INPROC_226D92,1,10,team2,Team 2 (E/W),33,87,16,♦,finished,2026-05-17T19:26:24.650747+00:00
1667,INPROC_C050FF,1,10,team2,Team 2 (E/W),14,106,33,♠,finished,2026-05-17T19:26:24.667688+00:00
1668,INPROC_D7EC15,1,10,team2,Team 2 (E/W),50,70,37,♠,finished,2026-05-17T19:26:24.683924+00:00
1669,INPROC_042722,1,10,team1,Team 1 (N/S),102,18,0,♣,finished,2026-05-17T19:26:24.696949+00:00
1670,INPROC_0E793A,1,10,team1,Team 1 (N/S),71,49,21,♥,finished,2026-05-17T19:26:24.712392+00:00
1671,INPROC_8ABD8B,1,10,team2,Team 2 (E/W),54,66,23,♥,finished,2026-05-17T19:26:24.728552+00:00
1672,INPROC_089210,1,10,team2,Team 2 (E/W),51,69,22,♥,finished,2026-05-17T19:26:24.746893+00:00
1673,INPROC_06AAC0,1,10,team1,Team 1 (N/S),81,39,7,♣,finished,2026-05-17T19:26:24.765629+00:00
1674,INPROC_091E72,1,10,team1,Team 1 (N/S),83,37,25,♥,finished,2026-05-17T19:26:24.784702+00:00
1675,INPROC_EF6D5F,1,10,team1,Team 1 (N/S),74,46,22,♥,finished,2026-05-17T19:26:24.807152+00:00
1676,INPROC_381839,1,10,team2,Team 2 (E/W),41,79,15,♦,finished,2026-05-17T19:26:24.826099+00:00
1677,INPROC_3501DC,1,10,team2,Team 2 (E/W),36,84,35,♠,finished,2026-05-17T19:26:24.845474+00:00
1678,INPROC_B2852F,1,10,team1,Team 1 (N/S),77,43,4,♣,finished,2026-05-17T19:26:24.866528+00:00
1679,INPROC_CA12F3,1,10,team2,Team 2 (E/W),32,88,9,♣,finished,2026-05-17T19:26:24.886563+00:00
1680,INPROC_84ACCD,1,10,team2,Team 2 (E/W),35,85,19,♦,finished,2026-05-17T19:26:24.906534+00:00
1681,INPROC_592E8B,1,10,team1,Team 1 (N/S),73,47,33,♠,finished,2026-05-17T19:26:24.925673+00:00
1682,INPROC_9C1B2A,1,10,team2,Team 2 (E/W),30,90,15,♦,finished,2026-05-17T19:26:24.944128+00:00
1683,INPROC_79C75C,1,10,team2,Team 2 (E/W),28,92,17,♦,finished,2026-05-17T19:26:24.959488+00:00
1684,INPROC_9AE4A2,1,10,team1,Team 1 (N/S),89,31,24,♥,finished,2026-05-17T19:26:24.974934+00:00
1685,INPROC_1E54D1,1,10,team2,Team 2 (E/W),59,61,13,♦,finished,2026-05-17T19:26:24.995931+00:00
1686,INPROC_4EEE35,1,10,team1,Team 1 (N/S),95,25,12,♦,finished,2026-05-17T19:26:25.011950+00:00
1687,INPROC_FAC2EC,1,10,team2,Team 2 (E/W),39,81,35,♠,finished,2026-05-17T19:26:25.026867+00:00
1688,INPROC_FFBA0E,1,10,team2,Team 2 (E/W),53,67,35,♠,finished,2026-05-17T19:26:25.046540+00:00
1689,INPROC_26E9DF,1,10,team1,Team 1 (N/S),70,50,4,♣,finished,2026-05-17T19:26:25.063139+00:00
1690,INPROC_4C921E,1,10,team2,Team 2 (E/W),30,90,34,♠,finished,2026-05-17T19:26:25.081728+00:00
1691,INPROC_1E408F,1,10,team1,Team 1 (N/S),63,57,0,♣,finished,2026-05-17T19:26:25.100353+00:00
1692,INPROC_458DE3,1,10,team1,Team 1 (N/S),67,53,3,♣,finished,2026-05-17T19:26:25.120072+00:00
1693,INPROC_AD5298,1,10,team1,Team 1 (N/S),95,25,1,♣,finished,2026-05-17T19:26:25.137846+00:00
1694,INPROC_1B3F80,1,10,team1,Team 1 (N/S),94,26,30,♠,finished,2026-05-17T19:26:25.158708+00:00
1695,INPROC_1EC1B8,1,10,team2,Team 2 (E/W),58,62,22,♥,finished,2026-05-17T19:26:25.177830+00:00
1696,INPROC_FE9B8F,1,10,team1,Team 1 (N/S),63,57,33,♠,finished,2026-05-17T19:26:25.197730+00:00
1697,INPROC_742002,1,10,team1,Team 1 (N/S),102,18,27,♥,finished,2026-05-17T19:26:25.216367+00:00
1698,INPROC_873812,1,10,team1,Team 1 (N/S),67,53,30,♠,finished,2026-05-17T19:26:25.231275+00:00
1699,INPROC_12D046,1,10,team1,Team 1 (N/S),83,37,2,♣,finished,2026-05-17T19:26:25.243475+00:00
1700,INPROC_8B9616,1,10,team1,Team 1 (N/S),84,36,27,♥,finished,2026-05-17T19:26:25.256451+00:00
1701,INPROC_38013B,1,10,team1,Team 1 (N/S),61,59,32,♠,finished,2026-05-17T19:26:25.273231+00:00
1702,INPROC_676AE6,1,10,team1,Team 1 (N/S),62,58,22,♥,finished,2026-05-17T19:26:25.288289+00:00
1703,INPROC_272C04,1,10,team2,Team 2 (E/W),34,86,19,♦,finished,2026-05-17T19:26:25.305389+00:00
1704,INPROC_9E8414,1,10,team2,Team 2 (E/W),27,93,38,♠,finished,2026-05-17T19:26:25.321914+00:00
1705,INPROC_12287B,1,10,team1,Team 1 (N/S),71,49,11,♦,finished,2026-05-17T19:26:25.339081+00:00
1706,INPROC_CC4B83,1,10,team1,Team 1 (N/S),75,45,8,♣,finished,2026-05-17T19:26:25.356900+00:00
1707,INPROC_30BA8F,1,10,team1,Team 1 (N/S),74,46,23,♥,finished,2026-05-17T19:26:25.373138+00:00
1708,INPROC_92973E,1,10,team2,Team 2 (E/W),59,61,3,♣,finished,2026-05-17T19:26:25.386907+00:00
1709,INPROC_8C22A1,1,10,team2,Team 2 (E/W),54,66,27,♥,finished,2026-05-17T19:26:25.400500+00:00
1710,INPROC_228082,1,10,team2,Team 2 (E/W),23,97,13,♦,finished,2026-05-17T19:26:25.419438+00:00
1711,INPROC_8CEA44,1,10,team2,Team 2 (E/W),35,85,8,♣,finished,2026-05-17T19:26:25.435692+00:00
1712,INPROC_29ABED,1,10,team1,Team 1 (N/S),63,57,39,♠,finished,2026-05-17T19:26:25.454993+00:00
1713,INPROC_5CC28D,1,10,team1,Team 1 (N/S),87,33,33,♠,finished,2026-05-17T19:26:25.471064+00:00
1714,INPROC_ACB1F6,1,10,team2,Team 2 (E/W),33,87,4,♣,finished,2026-05-17T19:26:25.484148+00:00
1715,INPROC_907138,1,10,team2,Team 2 (E/W),58,62,16,♦,finished,2026-05-17T19:26:25.497621+00:00
1716,INPROC_36E314,1,10,team2,Team 2 (E/W),34,86,19,♦,finished,2026-05-17T19:26:25.513639+00:00
1717,INPROC_EFF4DA,1,10,team2,Team 2 (E/W),35,85,7,♣,finished,2026-05-17T19:26:25.527726+00:00
1718,INPROC_2DBC8C,1,10,team2,Team 2 (E/W),40,80,34,♠,finished,2026-05-17T19:26:25.545469+00:00
1719,INPROC_269D2B,1,10,team1,Team 1 (N/S),67,53,16,♦,finished,2026-05-17T19:26:25.562822+00:00
1720,INPROC_C1F805,1,10,team2,Team 2 (E/W),40,80,19,♦,finished,2026-05-17T19:26:25.582356+00:00
1721,INPROC_9A6A15,1,10,team2,Team 2 (E/W),54,66,12,♦,finished,2026-05-17T19:26:25.603763+00:00
1722,INPROC_5F7BBD,1,10,team2,Team 2 (E/W),46,74,13,♦,finished,2026-05-17T19:26:25.623479+00:00
1723,INPROC_AE1D84,1,10,team2,Team 2 (E/W),22,98,30,♠,finished,2026-05-17T19:26:25.639780+00:00
1724,INPROC_A79D9E,1,10,team2,Team 2 (E/W),54,66,9,♣,finished,2026-05-17T19:26:25.654152+00:00
1725,INPROC_B32409,1,10,team1,Team 1 (N/S),64,56,31,♠,finished,2026-05-17T19:26:25.672013+00:00
1726,INPROC_DA60A4,1,10,team2,Team 2 (E/W),43,77,27,♥,finished,2026-05-17T19:26:25.689550+00:00
1727,INPROC_71BCA2,1,10,team2,Team 2 (E/W),38,82,31,♠,finished,2026-05-17T19:26:25.707042+00:00
1728,INPROC_A6DD3D,1,10,team1,Team 1 (N/S),90,30,20,♥,finished,2026-05-17T19:26:25.723789+00:00
1729,INPROC_65C738,1,10,team2,Team 2 (E/W),36,84,1,♣,finished,2026-05-17T19:26:25.740853+00:00
1730,INPROC_384C4C,1,10,team2,Team 2 (E/W),16,104,3,♣,finished,2026-05-17T19:26:25.752657+00:00
1731,INPROC_3D0BE0,1,10,team1,Team 1 (N/S),64,56,26,♥,finished,2026-05-17T19:26:25.765824+00:00
1732,INPROC_C9A852,1,10,team2,Team 2 (E/W),26,94,11,♦,finished,2026-05-17T19:26:25.777715+00:00
1733,INPROC_9CF1B9,1,10,team2,Team 2 (E/W),58,62,19,♦,finished,2026-05-17T19:26:25.792125+00:00
1734,INPROC_4079A1,1,10,team2,Team 2 (E/W),31,89,5,♣,finished,2026-05-17T19:26:25.808441+00:00
1735,INPROC_49BE62,1,10,team1,Team 1 (N/S),83,37,20,♥,finished,2026-05-17T19:26:25.825651+00:00
1736,INPROC_224F2A,1,10,team1,Team 1 (N/S),61,59,0,♣,finished,2026-05-17T19:26:25.842893+00:00
1737,INPROC_0C8049,1,10,team2,Team 2 (E/W),11,109,16,♦,finished,2026-05-17T19:26:25.861507+00:00
1738,INPROC_697225,1,10,team2,Team 2 (E/W),59,61,38,♠,finished,2026-05-17T19:26:25.880056+00:00
1739,INPROC_22FAC2,1,10,team2,Team 2 (E/W),50,70,7,♣,finished,2026-05-17T19:26:25.898661+00:00
1740,INPROC_855763,1,10,team1,Team 1 (N/S),67,53,21,♥,finished,2026-05-17T19:26:25.917413+00:00
1741,INPROC_DEC629,1,10,team1,Team 1 (N/S),99,21,13,♦,finished,2026-05-17T19:26:25.934060+00:00
1742,INPROC_48EEF6,1,10,team2,Team 2 (E/W),38,82,13,♦,finished,2026-05-17T19:26:25.951538+00:00
1743,INPROC_32589B,1,10,team1,Team 1 (N/S),89,31,12,♦,finished,2026-05-17T19:26:25.968843+00:00
1744,INPROC_201828,1,10,team2,Team 2 (E/W),44,76,20,♥,finished,2026-05-17T19:26:25.987300+00:00
1745,INPROC_EAC183,1,10,team1,Team 1 (N/S),66,54,21,♥,finished,2026-05-17T19:26:26.005208+00:00
1746,INPROC_AB9A45,1,10,team2,Team 2 (E/W),10,110,21,♥,finished,2026-05-17T19:26:26.022215+00:00
1747,INPROC_F170D0,1,10,team1,Team 1 (N/S),68,52,33,♠,finished,2026-05-17T19:26:26.033762+00:00
1748,INPROC_769664,1,10,team2,Team 2 (E/W),8,112,6,♣,finished,2026-05-17T19:26:26.049224+00:00
1749,INPROC_D19388,1,10,team1,Team 1 (N/S),77,43,20,♥,finished,2026-05-17T19:26:26.062467+00:00
1750,INPROC_6C8407,1,10,team2,Team 2 (E/W),23,97,2,♣,finished,2026-05-17T19:26:26.073796+00:00
1751,INPROC_FB1205,1,10,team2,Team 2 (E/W),46,74,20,♥,finished,2026-05-17T19:26:26.089998+00:00
1752,INPROC_7B2E9E,1,10,team2,Team 2 (E/W),54,66,16,♦,finished,2026-05-17T19:26:26.105957+00:00
1753,INPROC_2A1A41,1,10,team1,Team 1 (N/S),90,30,35,♠,finished,2026-05-17T19:26:26.122440+00:00
1754,INPROC_FE31BE,1,10,team2,Team 2 (E/W),54,66,5,♣,finished,2026-05-17T19:26:26.140448+00:00
1755,INPROC_49C66A,1,10,team2,Team 2 (E/W),40,80,38,♠,finished,2026-05-17T19:26:26.158645+00:00
1756,INPROC_F75182,1,10,team2,Team 2 (E/W),58,62,37,♠,finished,2026-05-17T19:26:26.176279+00:00
1757,INPROC_F37262,1,10,team2,Team 2 (E/W),26,94,6,♣,finished,2026-05-17T19:26:26.193527+00:00
1758,INPROC_BD3D86,1,10,team2,Team 2 (E/W),34,86,23,♥,finished,2026-05-17T19:26:26.210312+00:00
1759,INPROC_CEBFD7,1,10,team1,Team 1 (N/S),79,41,3,♣,finished,2026-05-17T19:26:26.226056+00:00
1760,INPROC_857EB5,1,10,team2,Team 2 (E/W),26,94,0,♣,finished,2026-05-17T19:26:26.241041+00:00
1761,INPROC_2701AA,1,10,team1,Team 1 (N/S),71,49,5,♣,finished,2026-05-17T19:26:26.257790+00:00
1762,INPROC_459685,1,10,team2,Team 2 (E/W),25,95,38,♠,finished,2026-05-17T19:26:26.274264+00:00
1763,INPROC_10B96C,1,10,team1,Team 1 (N/S),78,42,22,♥,finished,2026-05-17T19:26:26.289053+00:00
1764,INPROC_421244,1,10,team2,Team 2 (E/W),19,101,3,♣,finished,2026-05-17T19:26:26.304495+00:00
1765,INPROC_53AF8E,1,10,team1,Team 1 (N/S),77,43,8,♣,finished,2026-05-17T19:26:26.319844+00:00
1766,INPROC_D7711C,1,10,team2,Team 2 (E/W),28,92,15,♦,finished,2026-05-17T19:26:26.335798+00:00
1767,INPROC_EFEA5A,1,10,team1,Team 1 (N/S),88,32,21,♥,finished,2026-05-17T19:26:26.352826+00:00
1768,INPROC_CEDAF1,1,10,team1,Team 1 (N/S),79,41,11,♦,finished,2026-05-17T19:26:26.370854+00:00
1769,INPROC_4A4825,1,10,team2,Team 2 (E/W),49,71,26,♥,finished,2026-05-17T19:26:26.388113+00:00
1770,INPROC_427FC8,1,10,team1,Team 1 (N/S),62,58,36,♠,finished,2026-05-17T19:26:26.404085+00:00
1771,INPROC_A2ED9B,1,10,team2,Team 2 (E/W),58,62,39,♠,finished,2026-05-17T19:26:26.420781+00:00
1772,INPROC_EACC9E,1,10,team1,Team 1 (N/S),63,57,0,♣,finished,2026-05-17T19:26:26.438343+00:00
1773,INPROC_FF390E,1,10,team2,Team 2 (E/W),32,88,26,♥,finished,2026-05-17T19:26:26.454194+00:00
1774,INPROC_CB868D,1,10,team2,Team 2 (E/W),41,79,19,♦,finished,2026-05-17T19:26:26.472838+00:00
1775,INPROC_691E4E,1,10,team1,Team 1 (N/S),105,15,8,♣,finished,2026-05-17T19:26:26.493090+00:00
1776,INPROC_779BE8,1,10,team1,Team 1 (N/S),68,52,0,♣,finished,2026-05-17T19:26:26.510311+00:00
1777,INPROC_B9726A,1,10,team2,Team 2 (E/W),48,72,14,♦,finished,2026-05-17T19:26:26.527213+00:00
1778,INPROC_9D7CA2,1,10,team2,Team 2 (E/W),46,74,35,♠,finished,2026-05-17T19:26:26.542656+00:00
1779,INPROC_8A31D8,1,10,team2,Team 2 (E/W),28,92,6,♣,finished,2026-05-17T19:26:26.557661+00:00
1780,INPROC_76DDA0,1,10,team2,Team 2 (E/W),26,94,32,♠,finished,2026-05-17T19:26:26.571246+00:00
1781,INPROC_59A562,1,10,team2,Team 2 (E/W),44,76,19,♦,finished,2026-05-17T19:26:26.583197+00:00
1782,INPROC_45ED44,1,10,team1,Team 1 (N/S),62,58,14,♦,finished,2026-05-17T19:26:26.602705+00:00
1783,INPROC_07D88A,1,10,team1,Team 1 (N/S),110,10,13,♦,finished,2026-05-17T19:26:26.618191+00:00
1784,INPROC_8C827D,1,10,team1,Team 1 (N/S),112,8,28,♥,finished,2026-05-17T19:26:26.635896+00:00
1785,INPROC_9F3147,1,10,team1,Team 1 (N/S),78,42,22,♥,finished,2026-05-17T19:26:26.651490+00:00
1786,INPROC_E36D4F,1,10,team2,Team 2 (E/W),49,71,1,♣,finished,2026-05-17T19:26:26.667296+00:00
1787,INPROC_ECFF66,1,10,team2,Team 2 (E/W),43,77,2,♣,finished,2026-05-17T19:26:26.684422+00:00
1788,INPROC_79CB6F,1,10,team1,Team 1 (N/S),82,38,20,♥,finished,2026-05-17T19:26:26.702411+00:00
1789,INPROC_CDB46A,1,10,team1,Team 1 (N/S),98,22,15,♦,finished,2026-05-17T19:26:26.720523+00:00
1790,INPROC_12D827,1,10,team1,Team 1 (N/S),85,35,17,♦,finished,2026-05-17T19:26:26.737018+00:00
1791,INPROC_90AF00,1,10,team1,Team 1 (N/S),66,54,30,♠,finished,2026-05-17T19:26:26.755225+00:00
1792,INPROC_19C0CB,1,10,team2,Team 2 (E/W),39,81,18,♦,finished,2026-05-17T19:26:26.773656+00:00
1793,INPROC_2D02D0,1,10,team2,Team 2 (E/W),53,67,24,♥,finished,2026-05-17T19:26:26.790934+00:00
1794,INPROC_AD39AB,1,10,team2,Team 2 (E/W),42,78,35,♠,finished,2026-05-17T19:26:26.809235+00:00
1795,INPROC_5C9C0E,1,10,team2,Team 2 (E/W),25,95,37,♠,finished,2026-05-17T19:26:26.823192+00:00
1796,INPROC_6EFEE2,1,10,team2,Team 2 (E/W),56,64,13,♦,finished,2026-05-17T19:26:26.838549+00:00
1797,INPROC_B7A6A5,1,10,team2,Team 2 (E/W),6,114,17,♦,finished,2026-05-17T19:26:26.855683+00:00
1798,INPROC_0D00B2,1,10,team1,Team 1 (N/S),72,48,4,♣,finished,2026-05-17T19:26:26.875920+00:00
1799,INPROC_26A4FE,1,10,team1,Team 1 (N/S),78,42,10,♦,finished,2026-05-17T19:26:26.895321+00:00
1800,INPROC_FA7552,1,10,team2,Team 2 (E/W),58,62,34,♠,finished,2026-05-17T19:26:26.916810+00:00
1801,INPROC_16390E,1,10,team2,Team 2 (E/W),22,98,18,♦,finished,2026-05-17T19:26:26.935331+00:00
1802,INPROC_9C7981,1,10,team1,Team 1 (N/S),63,57,11,♦,finished,2026-05-17T19:26:26.954261+00:00
1803,INPROC_C3755C,1,10,team2,Team 2 (E/W),57,63,19,♦,finished,2026-05-17T19:26:26.970520+00:00
1804,INPROC_B9CF85,1,10,team2,Team 2 (E/W),45,75,17,♦,finished,2026-05-17T19:26:26.986947+00:00
1805,INPROC_2FF497,1,10,team2,Team 2 (E/W),39,81,34,♠,finished,2026-05-17T19:26:27.003474+00:00
1806,INPROC_5A717E,1,10,team2,Team 2 (E/W),17,103,20,♥,finished,2026-05-17T19:26:27.021411+00:00
1807,INPROC_AC92B5,1,10,team1,Team 1 (N/S),68,52,8,♣,finished,2026-05-17T19:26:27.040500+00:00
1808,INPROC_63747D,1,10,team1,Team 1 (N/S),90,30,10,♦,finished,2026-05-17T19:26:27.060349+00:00
1809,INPROC_452BEF,1,10,team1,Team 1 (N/S),83,37,35,♠,finished,2026-05-17T19:26:27.077491+00:00
1810,INPROC_C7A87D,1,10,team1,Team 1 (N/S),83,37,17,♦,finished,2026-05-17T19:26:27.092019+00:00
1811,INPROC_A0ECDF,1,10,team1,Team 1 (N/S),77,43,14,♦,finished,2026-05-17T19:26:27.107649+00:00
1812,INPROC_C180E0,1,10,team2,Team 2 (E/W),19,101,10,♦,finished,2026-05-17T19:26:27.126884+00:00
1813,INPROC_13C38C,1,10,team2,Team 2 (E/W),34,86,12,♦,finished,2026-05-17T19:26:27.143656+00:00
1814,INPROC_078F9B,1,10,team2,Team 2 (E/W),50,70,11,♦,finished,2026-05-17T19:26:27.161988+00:00
1815,INPROC_0931C0,1,10,team1,Team 1 (N/S),83,37,32,♠,finished,2026-05-17T19:26:27.177047+00:00
1816,INPROC_DE5438,1,10,team2,Team 2 (E/W),17,103,31,♠,finished,2026-05-17T19:26:27.193783+00:00
1817,INPROC_EBADA7,1,10,team1,Team 1 (N/S),64,56,12,♦,finished,2026-05-17T19:26:27.212878+00:00
1818,INPROC_DAAA43,1,10,team2,Team 2 (E/W),55,65,33,♠,finished,2026-05-17T19:26:27.230298+00:00
1819,INPROC_4FCACC,1,10,team1,Team 1 (N/S),101,19,33,♠,finished,2026-05-17T19:26:27.247424+00:00
1820,INPROC_90A636,1,10,team1,Team 1 (N/S),83,37,23,♥,finished,2026-05-17T19:26:27.263963+00:00
1821,INPROC_85283A,1,10,team1,Team 1 (N/S),96,24,37,♠,finished,2026-05-17T19:26:27.280467+00:00
1822,INPROC_FE4D70,1,10,team2,Team 2 (E/W),53,67,19,♦,finished,2026-05-17T19:26:27.297789+00:00
1823,INPROC_0FF1E6,1,10,team1,Team 1 (N/S),88,32,29,♥,finished,2026-05-17T19:26:27.314391+00:00
1824,INPROC_39D628,1,10,team2,Team 2 (E/W),35,85,13,♦,finished,2026-05-17T19:26:27.331991+00:00
1825,INPROC_A900EF,1,10,team2,Team 2 (E/W),16,104,4,♣,finished,2026-05-17T19:26:27.348424+00:00
1826,INPROC_F8B788,1,10,team2,Team 2 (E/W),29,91,2,♣,finished,2026-05-17T19:26:27.361090+00:00
1827,INPROC_DFAEC1,1,10,team2,Team 2 (E/W),17,103,19,♦,finished,2026-05-17T19:26:27.373040+00:00
1828,INPROC_5F26E8,1,10,team2,Team 2 (E/W),4,116,28,♥,finished,2026-05-17T19:26:27.387132+00:00
1829,INPROC_C8299F,1,10,team1,Team 1 (N/S),86,34,14,♦,finished,2026-05-17T19:26:27.403002+00:00
1830,INPROC_97EFCD,1,10,team1,Team 1 (N/S),64,56,10,♦,finished,2026-05-17T19:26:27.420582+00:00
1831,INPROC_4C4ABA,1,10,team1,Team 1 (N/S),66,54,12,♦,finished,2026-05-17T19:26:27.438596+00:00
1832,INPROC_43A474,1,10,team2,Team 2 (E/W),45,75,12,♦,finished,2026-05-17T19:26:27.453609+00:00
1833,INPROC_301264,1,10,team1,Team 1 (N/S),100,20,33,♠,finished,2026-05-17T19:26:27.470643+00:00
1834,INPROC_891406,1,10,team1,Team 1 (N/S),81,39,13,♦,finished,2026-05-17T19:26:27.487656+00:00
1835,INPROC_EF0767,1,10,team2,Team 2 (E/W),39,81,21,♥,finished,2026-05-17T19:26:27.498692+00:00
1836,INPROC_91D6EB,1,10,team2,Team 2 (E/W),55,65,13,♦,finished,2026-05-17T19:26:27.515352+00:00
1837,INPROC_1AD174,1,10,team1,Team 1 (N/S),75,45,24,♥,finished,2026-05-17T19:26:27.533643+00:00
1838,INPROC_4E80E3,1,10,team2,Team 2 (E/W),30,90,33,♠,finished,2026-05-17T19:26:27.549110+00:00
1839,INPROC_B0CFAC,1,10,team1,Team 1 (N/S),86,34,12,♦,finished,2026-05-17T19:26:27.563603+00:00
1840,INPROC_0BA647,1,10,team1,Team 1 (N/S),71,49,2,♣,finished,2026-05-17T19:26:27.579586+00:00
1841,INPROC_261F76,1,10,team1,Team 1 (N/S),84,36,36,♠,finished,2026-05-17T19:26:27.594921+00:00
1842,INPROC_1DE19C,1,10,team1,Team 1 (N/S),97,23,8,♣,finished,2026-05-17T19:26:27.612030+00:00
1843,INPROC_2651E6,1,10,team1,Team 1 (N/S),67,53,2,♣,finished,2026-05-17T19:26:27.628946+00:00
1844,INPROC_B0DC7A,1,10,team2,Team 2 (E/W),41,79,22,♥,finished,2026-05-17T19:26:27.641738+00:00
1845,INPROC_1C60DE,1,10,team1,Team 1 (N/S),68,52,1,♣,finished,2026-05-17T19:26:27.655823+00:00
1846,INPROC_A1004B,1,10,team2,Team 2 (E/W),47,73,7,♣,finished,2026-05-17T19:26:27.673489+00:00
1847,INPROC_D01FE5,1,10,team2,Team 2 (E/W),47,73,30,♠,finished,2026-05-17T19:26:27.691891+00:00
1848,INPROC_C3796E,1,10,team1,Team 1 (N/S),68,52,23,♥,finished,2026-05-17T19:26:27.709633+00:00
1849,INPROC_EAD54D,1,10,team2,Team 2 (E/W),19,101,10,♦,finished,2026-05-17T19:26:27.725456+00:00
1850,INPROC_165228,1,10,team1,Team 1 (N/S),71,49,27,♥,finished,2026-05-17T19:26:27.742485+00:00
1851,INPROC_5B2C6E,1,10,team1,Team 1 (N/S),61,59,15,♦,finished,2026-05-17T19:26:27.761993+00:00
1852,INPROC_5A73C3,1,10,team1,Team 1 (N/S),66,54,24,♥,finished,2026-05-17T19:26:27.779891+00:00
1853,INPROC_3314E8,1,10,team2,Team 2 (E/W),45,75,18,♦,finished,2026-05-17T19:26:27.796209+00:00
1854,INPROC_712A13,1,10,team1,Team 1 (N/S),80,40,11,♦,finished,2026-05-17T19:26:27.812342+00:00
1855,INPROC_1439F9,1,10,team1,Team 1 (N/S),69,51,36,♠,finished,2026-05-17T19:26:27.829583+00:00
1856,INPROC_DFB9C2,1,10,team2,Team 2 (E/W),49,71,38,♠,finished,2026-05-17T19:26:27.848027+00:00
1857,INPROC_722C1A,1,10,team2,Team 2 (E/W),45,75,4,♣,finished,2026-05-17T19:26:27.864955+00:00
1858,INPROC_74067E,1,10,team2,Team 2 (E/W),58,62,12,♦,finished,2026-05-17T19:26:27.881222+00:00
1859,INPROC_FD6109,1,10,team2,Team 2 (E/W),32,88,34,♠,finished,2026-05-17T19:26:27.896897+00:00
1860,INPROC_2C0AB4,1,10,team2,Team 2 (E/W),51,69,6,♣,finished,2026-05-17T19:26:27.910737+00:00
1861,INPROC_9E61F4,1,10,team2,Team 2 (E/W),45,75,10,♦,finished,2026-05-17T19:26:27.925147+00:00
1862,INPROC_0EEEFE,1,10,team1,Team 1 (N/S),72,48,38,♠,finished,2026-05-17T19:26:27.941645+00:00
1863,INPROC_574CF0,1,10,team1,Team 1 (N/S),62,58,1,♣,finished,2026-05-17T19:26:27.959528+00:00
1864,INPROC_41FE31,1,10,team2,Team 2 (E/W),35,85,16,♦,finished,2026-05-17T19:26:27.975868+00:00
1865,INPROC_C6CCD1,1,10,team1,Team 1 (N/S),65,55,24,♥,finished,2026-05-17T19:26:27.995287+00:00
1866,INPROC_CD1421,1,10,team2,Team 2 (E/W),18,102,11,♦,finished,2026-05-17T19:26:28.013550+00:00
1867,INPROC_ADC4A8,1,10,team1,Team 1 (N/S),92,28,25,♥,finished,2026-05-17T19:26:28.030283+00:00
1868,INPROC_C0B571,1,10,team2,Team 2 (E/W),20,100,16,♦,finished,2026-05-17T19:26:28.047077+00:00
1869,INPROC_EF8771,1,10,team2,Team 2 (E/W),45,75,26,♥,finished,2026-05-17T19:26:28.063346+00:00
1870,INPROC_E6EA69,1,10,team2,Team 2 (E/W),48,72,1,♣,finished,2026-05-17T19:26:28.080153+00:00
1871,INPROC_96D5AA,1,10,team2,Team 2 (E/W),51,69,13,♦,finished,2026-05-17T19:26:28.096541+00:00
1872,INPROC_9FB59C,1,10,team2,Team 2 (E/W),52,68,0,♣,finished,2026-05-17T19:26:28.112582+00:00
1873,INPROC_02F663,1,10,team2,Team 2 (E/W),43,77,5,♣,finished,2026-05-17T19:26:28.130674+00:00
1874,INPROC_BC02D8,1,10,team2,Team 2 (E/W),33,87,15,♦,finished,2026-05-17T19:26:28.146492+00:00
1875,INPROC_6A992B,1,10,team2,Team 2 (E/W),39,81,38,♠,finished,2026-05-17T19:26:28.162655+00:00
1876,INPROC_DF5B37,1,10,team2,Team 2 (E/W),49,71,37,♠,finished,2026-05-17T19:26:28.173501+00:00
1877,INPROC_FA075B,1,10,team2,Team 2 (E/W),0,120,27,♥,finished,2026-05-17T19:26:28.186508+00:00
1878,INPROC_1AE9CE,1,10,team2,Team 2 (E/W),36,84,33,♠,finished,2026-05-17T19:26:28.196344+00:00
1879,INPROC_002CC1,1,10,team2,Team 2 (E/W),33,87,21,♥,finished,2026-05-17T19:26:28.212046+00:00
1880,INPROC_B250F1,1,10,team1,Team 1 (N/S),77,43,8,♣,finished,2026-05-17T19:26:28.226354+00:00
1881,INPROC_7FD80C,1,10,team2,Team 2 (E/W),44,76,32,♠,finished,2026-05-17T19:26:28.242306+00:00
1882,INPROC_D68A9C,1,10,team1,Team 1 (N/S),74,46,13,♦,finished,2026-05-17T19:26:28.259269+00:00
1883,INPROC_3D7B8D,1,10,team1,Team 1 (N/S),61,59,36,♠,finished,2026-05-17T19:26:28.277991+00:00
1884,INPROC_7DC3BE,1,10,team2,Team 2 (E/W),4,116,18,♦,finished,2026-05-17T19:26:28.296384+00:00
1885,INPROC_3DD3A9,1,10,team1,Team 1 (N/S),94,26,35,♠,finished,2026-05-17T19:26:28.314137+00:00
1886,INPROC_F27400,1,10,team1,Team 1 (N/S),67,53,22,♥,finished,2026-05-17T19:26:28.330435+00:00
1887,INPROC_308C07,1,10,team2,Team 2 (E/W),55,65,22,♥,finished,2026-05-17T19:26:28.346884+00:00
1888,INPROC_0D099D,1,10,team1,Team 1 (N/S),76,44,11,♦,finished,2026-05-17T19:26:28.363389+00:00
1889,INPROC_5E84D4,1,10,team2,Team 2 (E/W),52,68,10,♦,finished,2026-05-17T19:26:28.381636+00:00
1890,INPROC_33ED87,1,10,team1,Team 1 (N/S),76,44,11,♦,finished,2026-05-17T19:26:28.397216+00:00
1891,INPROC_EAC485,1,10,team1,Team 1 (N/S),90,30,17,♦,finished,2026-05-17T19:26:28.413428+00:00
1892,INPROC_EB7FFD,1,10,team2,Team 2 (E/W),48,72,29,♥,finished,2026-05-17T19:26:28.431310+00:00
1893,INPROC_0A1BE4,1,10,team2,Team 2 (E/W),47,73,17,♦,finished,2026-05-17T19:26:28.444814+00:00
1894,INPROC_B9A004,1,10,team1,Team 1 (N/S),75,45,7,♣,finished,2026-05-17T19:26:28.457966+00:00
1895,INPROC_BFC1CB,1,10,team2,Team 2 (E/W),58,62,8,♣,finished,2026-05-17T19:26:28.473167+00:00
1896,INPROC_6B621D,1,10,team1,Team 1 (N/S),64,56,3,♣,finished,2026-05-17T19:26:28.488892+00:00
1897,INPROC_3EEC1C,1,10,team1,Team 1 (N/S),69,51,3,♣,finished,2026-05-17T19:26:28.506182+00:00
1898,INPROC_B25728,1,10,team2,Team 2 (E/W),30,90,31,♠,finished,2026-05-17T19:26:28.522088+00:00
1899,INPROC_81BA33,1,10,team2,Team 2 (E/W),31,89,22,♥,finished,2026-05-17T19:26:28.539896+00:00
1900,INPROC_A92070,1,10,team2,Team 2 (E/W),52,68,33,♠,finished,2026-05-17T19:26:28.555803+00:00
1901,INPROC_4C1FAF,1,10,team2,Team 2 (E/W),41,79,32,♠,finished,2026-05-17T19:26:28.571849+00:00
1902,INPROC_90584D,1,10,team1,Team 1 (N/S),88,32,14,♦,finished,2026-05-17T19:26:28.589741+00:00
1903,INPROC_E4B0C6,1,10,team2,Team 2 (E/W),54,66,19,♦,finished,2026-05-17T19:26:28.608119+00:00
1904,INPROC_C6E22E,1,10,team2,Team 2 (E/W),36,84,7,♣,finished,2026-05-17T19:26:28.621398+00:00
1905,INPROC_1DD196,1,10,team1,Team 1 (N/S),102,18,32,♠,finished,2026-05-17T19:26:28.639751+00:00
1906,INPROC_0622AA,1,10,draw,draw,60,60,33,♠,finished,2026-05-17T19:26:28.658197+00:00
1907,INPROC_A72BB2,1,10,team1,Team 1 (N/S),69,51,17,♦,finished,2026-05-17T19:26:28.675162+00:00
1908,INPROC_AC126C,1,10,team1,Team 1 (N/S),88,32,20,♥,finished,2026-05-17T19:26:28.693717+00:00
1909,INPROC_36B09A,1,10,team2,Team 2 (E/W),33,87,19,♦,finished,2026-05-17T19:26:28.708222+00:00
1910,INPROC_442699,1,10,team2,Team 2 (E/W),38,82,7,♣,finished,2026-05-17T19:26:28.718527+00:00
1911,INPROC_C661A0,1,10,team1,Team 1 (N/S),66,54,29,♥,finished,2026-05-17T19:26:28.735646+00:00
1912,INPROC_EC9AEC,1,10,team2,Team 2 (E/W),48,72,17,♦,finished,2026-05-17T19:26:28.753404+00:00
1913,INPROC_B91EF6,1,10,team2,Team 2 (E/W),30,90,7,♣,finished,2026-05-17T19:26:28.769539+00:00
1914,INPROC_B2BEBB,1,10,team2,Team 2 (E/W),31,89,7,♣,finished,2026-05-17T19:26:28.788994+00:00
1915,INPROC_AF4FE8,1,10,team1,Team 1 (N/S),95,25,23,♥,finished,2026-05-17T19:26:28.807334+00:00
1916,INPROC_8F34F2,1,10,team2,Team 2 (E/W),40,80,32,♠,finished,2026-05-17T19:26:28.825353+00:00
1917,INPROC_488F63,1,10,team1,Team 1 (N/S),91,29,24,♥,finished,2026-05-17T19:26:28.841994+00:00
1918,INPROC_56733D,1,10,team1,Team 1 (N/S),79,41,28,♥,finished,2026-05-17T19:26:28.858845+00:00
1919,INPROC_8D0996,1,10,team2,Team 2 (E/W),49,71,19,♦,finished,2026-05-17T19:26:28.875488+00:00
1920,INPROC_F34C18,1,10,team2,Team 2 (E/W),51,69,12,♦,finished,2026-05-17T19:26:28.892020+00:00
1921,INPROC_F93BFF,1,10,team1,Team 1 (N/S),95,25,17,♦,finished,2026-05-17T19:26:28.910420+00:00
1922,INPROC_CBBD46,1,10,team1,Team 1 (N/S),63,57,25,♥,finished,2026-05-17T19:26:28.928682+00:00
1923,INPROC_DAE15C,1,10,team1,Team 1 (N/S),64,56,19,♦,finished,2026-05-17T19:26:28.947066+00:00
1924,INPROC_6944E3,1,10,draw,draw,60,60,15,♦,finished,2026-05-17T19:26:28.962533+00:00
1925,INPROC_9D12FB,1,10,team2,Team 2 (E/W),53,67,23,♥,finished,2026-05-17T19:26:28.973589+00:00
1926,INPROC_4E3684,1,10,team2,Team 2 (E/W),0,120,29,♥,finished,2026-05-17T19:26:28.983918+00:00
1927,INPROC_961896,1,10,team2,Team 2 (E/W),20,100,8,♣,finished,2026-05-17T19:26:28.998612+00:00
1928,INPROC_E27E7F,1,10,team2,Team 2 (E/W),48,72,36,♠,finished,2026-05-17T19:26:29.015097+00:00
1929,INPROC_485B61,1,10,team2,Team 2 (E/W),27,93,33,♠,finished,2026-05-17T19:26:29.034628+00:00
1930,INPROC_0EF089,1,10,team2,Team 2 (E/W),49,71,14,♦,finished,2026-05-17T19:26:29.051374+00:00
1931,INPROC_4BAABE,1,10,team1,Team 1 (N/S),87,33,19,♦,finished,2026-05-17T19:26:29.068772+00:00
1932,INPROC_06D7A2,1,10,team1,Team 1 (N/S),66,54,36,♠,finished,2026-05-17T19:26:29.086205+00:00
1933,INPROC_5FDB6F,1,10,team2,Team 2 (E/W),25,95,9,♣,finished,2026-05-17T19:26:29.105369+00:00
1934,INPROC_0D1E9B,1,10,team1,Team 1 (N/S),87,33,7,♣,finished,2026-05-17T19:26:29.117859+00:00
1935,INPROC_328581,1,10,draw,draw,60,60,36,♠,finished,2026-05-17T19:26:29.130284+00:00
1936,INPROC_781629,1,10,team2,Team 2 (E/W),45,75,23,♥,finished,2026-05-17T19:26:29.156372+00:00
1937,INPROC_E5D01A,1,10,team2,Team 2 (E/W),6,114,34,♠,finished,2026-05-17T19:26:29.178446+00:00
1938,INPROC_439465,1,10,team2,Team 2 (E/W),27,93,2,♣,finished,2026-05-17T19:26:29.200781+00:00
1939,INPROC_AFD582,1,10,team1,Team 1 (N/S),87,33,26,♥,finished,2026-05-17T19:26:29.217340+00:00
1940,INPROC_C54B0B,1,10,team1,Team 1 (N/S),62,58,35,♠,finished,2026-05-17T19:26:29.231239+00:00
1941,INPROC_C17333,1,10,team2,Team 2 (E/W),52,68,24,♥,finished,2026-05-17T19:26:29.242324+00:00
1942,INPROC_B9B9A2,1,10,team2,Team 2 (E/W),44,76,39,♠,finished,2026-05-17T19:26:29.253737+00:00
1943,INPROC_70C870,1,10,team1,Team 1 (N/S),86,34,36,♠,finished,2026-05-17T19:26:29.270198+00:00
1944,INPROC_FD0DE4,1,10,team1,Team 1 (N/S),88,32,2,♣,finished,2026-05-17T19:26:29.286473+00:00
1945,INPROC_11B89A,1,10,team2,Team 2 (E/W),35,85,3,♣,finished,2026-05-17T19:26:29.303447+00:00
1946,INPROC_D211D1,1,10,team1,Team 1 (N/S),93,27,34,♠,finished,2026-05-17T19:26:29.322153+00:00
1947,INPROC_4297CA,1,10,team1,Team 1 (N/S),91,29,31,♠,finished,2026-05-17T19:26:29.339520+00:00
1948,INPROC_FBC61C,1,10,team1,Team 1 (N/S),120,0,30,♠,finished,2026-05-17T19:26:29.357268+00:00
1949,INPROC_37E31A,1,10,team2,Team 2 (E/W),16,104,39,♠,finished,2026-05-17T19:26:29.374891+00:00
1950,INPROC_1F1C1B,1,10,team2,Team 2 (E/W),58,62,8,♣,finished,2026-05-17T19:26:29.394549+00:00
1951,INPROC_A09088,1,10,team2,Team 2 (E/W),42,78,15,♦,finished,2026-05-17T19:26:29.412204+00:00
1952,INPROC_8988F2,1,10,team2,Team 2 (E/W),39,81,36,♠,finished,2026-05-17T19:26:29.428650+00:00
1953,INPROC_AD34FC,1,10,team2,Team 2 (E/W),14,106,13,♦,finished,2026-05-17T19:26:29.444669+00:00
1954,INPROC_2CB4D4,1,10,team2,Team 2 (E/W),42,78,39,♠,finished,2026-05-17T19:26:29.461270+00:00
1955,INPROC_8A9664,1,10,team2,Team 2 (E/W),45,75,8,♣,finished,2026-05-17T19:26:29.476977+00:00
1956,INPROC_2869D5,1,10,team2,Team 2 (E/W),49,71,16,♦,finished,2026-05-17T19:26:29.494743+00:00
1957,INPROC_73D180,1,10,team1,Team 1 (N/S),68,52,15,♦,finished,2026-05-17T19:26:29.511930+00:00
1958,INPROC_B0FAC0,1,10,team2,Team 2 (E/W),40,80,30,♠,finished,2026-05-17T19:26:29.524233+00:00
1959,INPROC_F76840,1,10,team1,Team 1 (N/S),77,43,10,♦,finished,2026-05-17T19:26:29.542929+00:00
1960,INPROC_0F10B5,1,10,team1,Team 1 (N/S),83,37,3,♣,finished,2026-05-17T19:26:29.559848+00:00
1961,INPROC_C7E9DF,1,10,team1,Team 1 (N/S),85,35,36,♠,finished,2026-05-17T19:26:29.576586+00:00
1962,INPROC_7B9028,1,10,team1,Team 1 (N/S),86,34,20,♥,finished,2026-05-17T19:26:29.594061+00:00
1963,INPROC_B18DB0,1,10,team1,Team 1 (N/S),65,55,3,♣,finished,2026-05-17T19:26:29.612008+00:00
1964,INPROC_1B653C,1,10,team2,Team 2 (E/W),51,69,7,♣,finished,2026-05-17T19:26:29.626259+00:00
1965,INPROC_EFB1B5,1,10,team1,Team 1 (N/S),73,47,35,♠,finished,2026-05-17T19:26:29.641026+00:00
1966,INPROC_E62EB5,1,10,team1,Team 1 (N/S),78,42,6,♣,finished,2026-05-17T19:26:29.658630+00:00
1967,INPROC_1D6BAF,1,10,team2,Team 2 (E/W),53,67,0,♣,finished,2026-05-17T19:26:29.676451+00:00
1968,INPROC_ECDBAF,1,10,team2,Team 2 (E/W),57,63,14,♦,finished,2026-05-17T19:26:29.693804+00:00
1969,INPROC_027981,1,10,team2,Team 2 (E/W),45,75,32,♠,finished,2026-05-17T19:26:29.708734+00:00
1970,INPROC_F1F067,1,10,team1,Team 1 (N/S),89,31,19,♦,finished,2026-05-17T19:26:29.721879+00:00
1971,INPROC_E4DE1A,1,10,team2,Team 2 (E/W),25,95,10,♦,finished,2026-05-17T19:26:29.739997+00:00
1972,INPROC_CD2F51,1,10,team2,Team 2 (E/W),26,94,1,♣,finished,2026-05-17T19:26:29.760370+00:00
1973,INPROC_710E13,1,10,team1,Team 1 (N/S),70,50,34,♠,finished,2026-05-17T19:26:29.777457+00:00
1974,INPROC_7450A6,1,10,team2,Team 2 (E/W),24,96,28,♥,finished,2026-05-17T19:26:29.798180+00:00
1975,INPROC_417770,1,10,team1,Team 1 (N/S),74,46,34,♠,finished,2026-05-17T19:26:29.816704+00:00
1976,INPROC_ABE61C,1,10,team1,Team 1 (N/S),80,40,27,♥,finished,2026-05-17T19:26:29.831276+00:00
1977,INPROC_B97267,1,10,team1,Team 1 (N/S),71,49,4,♣,finished,2026-05-17T19:26:29.849059+00:00
1978,INPROC_C88345,1,10,team2,Team 2 (E/W),55,65,10,♦,finished,2026-05-17T19:26:29.865154+00:00
1979,INPROC_9B4161,1,10,draw,draw,60,60,31,♠,finished,2026-05-17T19:26:29.882439+00:00
1980,INPROC_0AB9BB,1,10,team1,Team 1 (N/S),65,55,7,♣,finished,2026-05-17T19:26:29.896729+00:00
1981,INPROC_43F283,1,10,team1,Team 1 (N/S),89,31,34,♠,finished,2026-05-17T19:26:29.913961+00:00
1982,INPROC_589303,1,10,team1,Team 1 (N/S),92,28,30,♠,finished,2026-05-17T19:26:29.931593+00:00
1983,INPROC_D0951E,1,10,team2,Team 2 (E/W),24,96,24,♥,finished,2026-05-17T19:26:29.948607+00:00
1984,INPROC_339AC4,1,10,team2,Team 2 (E/W),54,66,9,♣,finished,2026-05-17T19:26:29.965693+00:00
1985,INPROC_6C0F0C,1,10,draw,draw,60,60,15,♦,finished,2026-05-17T19:26:29.983455+00:00
1986,INPROC_5AC704,1,10,team1,Team 1 (N/S),80,40,26,♥,finished,2026-05-17T19:26:30.002511+00:00
1987,INPROC_3F4E21,1,10,team1,Team 1 (N/S),80,40,23,♥,finished,2026-05-17T19:26:30.022976+00:00
1988,INPROC_6C537C,1,10,team1,Team 1 (N/S),75,45,6,♣,finished,2026-05-17T19:26:30.040186+00:00
1989,INPROC_68D716,1,10,team2,Team 2 (E/W),48,72,6,♣,finished,2026-05-17T19:26:30.051477+00:00
1990,INPROC_9FF256,1,10,team1,Team 1 (N/S),95,25,20,♥,finished,2026-05-17T19:26:30.068645+00:00
1991,INPROC_54AFDE,1,10,team2,Team 2 (E/W),50,70,14,♦,finished,2026-05-17T19:26:30.084463+00:00
1992,INPROC_2D20A7,1,10,team1,Team 1 (N/S),81,39,39,♠,finished,2026-05-17T19:26:30.099162+00:00
1993,INPROC_C3D590,1,10,team2,Team 2 (E/W),51,69,39,♠,finished,2026-05-17T19:26:30.117306+00:00
1994,INPROC_1C4267,1,10,team2,Team 2 (E/W),44,76,30,♠,finished,2026-05-17T19:26:30.133684+00:00
1995,INPROC_F1E5EB,1,10,team2,Team 2 (E/W),14,106,15,♦,finished,2026-05-17T19:26:30.150708+00:00
1996,INPROC_532B94,1,10,team2,Team 2 (E/W),40,80,31,♠,finished,2026-05-17T19:26:30.168202+00:00
1997,INPROC_C5BB29,1,10,team2,Team 2 (E/W),47,73,8,♣,finished,2026-05-17T19:26:30.186612+00:00
1998,INPROC_7F3D45,1,10,team2,Team 2 (E/W),45,75,38,♠,finished,2026-05-17T19:26:30.203631+00:00
1999,INPROC_F0307A,1,10,team2,Team 2 (E/W),58,62,34,♠,finished,2026-05-17T19:26:30.221349+00:00
2000,INPROC_5B4AB0,1,10,team2,Team 2 (E/W),35,85,14,♦,finished,2026-05-17T19:26:30.238217+00:00
2001,INPROC_77B296,1,10,team2,Team 2 (E/W),59,61,3,♣,finished,2026-05-17T19:26:30.251919+00:00
2002,INPROC_080C69,1,10,team2,Team 2 (E/W),47,73,22,♥,finished,2026-05-17T19:26:30.269772+00:00
2003,INPROC_A843B0,1,10,team2,Team 2 (E/W),0,120,15,♦,finished,2026-05-17T19:26:30.288361+00:00
2004,INPROC_2633EC,1,10,team1,Team 1 (N/S),86,34,35,♠,finished,2026-05-17T19:26:30.305031+00:00
2005,INPROC_0BC3CB,1,10,team2,Team 2 (E/W),37,83,22,♥,finished,2026-05-17T19:26:30.319422+00:00
2006,INPROC_321088,1,10,team2,Team 2 (E/W),43,77,23,♥,finished,2026-05-17T19:26:30.334869+00:00
2007,INPROC_207567,1,10,team1,Team 1 (N/S),79,41,11,♦,finished,2026-05-17T19:26:30.351900+00:00
2008,INPROC_67621E,1,10,team2,Team 2 (E/W),53,67,15,♦,finished,2026-05-17T19:26:30.369649+00:00
2009,INPROC_AF1E3E,1,10,team2,Team 2 (E/W),55,65,2,♣,finished,2026-05-17T19:26:30.391266+00:00
2010,INPROC_DE10A2,1,10,team1,Team 1 (N/S),71,49,17,♦,finished,2026-05-17T19:26:30.411587+00:00
2011,INPROC_114B49,1,10,team1,Team 1 (N/S),69,51,33,♠,finished,2026-05-17T19:26:30.429765+00:00
2012,INPROC_46F322,1,10,team2,Team 2 (E/W),44,76,12,♦,finished,2026-05-17T19:26:30.447858+00:00
2013,INPROC_5D1A10,1,10,team2,Team 2 (E/W),30,90,10,♦,finished,2026-05-17T19:26:30.464554+00:00
2014,INPROC_BA8C05,1,10,team1,Team 1 (N/S),90,30,8,♣,finished,2026-05-17T19:26:30.480588+00:00
2015,INPROC_6C88BE,1,10,team1,Team 1 (N/S),79,41,13,♦,finished,2026-05-17T19:26:30.497943+00:00
2016,INPROC_5ADA38,1,10,team1,Team 1 (N/S),78,42,36,♠,finished,2026-05-17T19:26:30.515290+00:00
2017,INPROC_C0FC78,1,10,team2,Team 2 (E/W),38,82,28,♥,finished,2026-05-17T19:26:30.528889+00:00
2018,INPROC_DF5BE3,1,10,team1,Team 1 (N/S),87,33,13,♦,finished,2026-05-17T19:26:30.548935+00:00
2019,INPROC_21E3D4,1,10,team2,Team 2 (E/W),38,82,7,♣,finished,2026-05-17T19:26:30.566536+00:00
2020,INPROC_6E17E1,1,10,team1,Team 1 (N/S),83,37,9,♣,finished,2026-05-17T19:26:30.581328+00:00
2021,INPROC_2DDB2A,1,10,team1,Team 1 (N/S),89,31,4,♣,finished,2026-05-17T19:26:30.595277+00:00
2022,INPROC_A4AF5F,1,10,team1,Team 1 (N/S),74,46,14,♦,finished,2026-05-17T19:26:30.607943+00:00
2023,INPROC_5B8D3D,1,10,team1,Team 1 (N/S),102,18,22,♥,finished,2026-05-17T19:26:30.622101+00:00
2024,INPROC_6C5C71,1,10,team1,Team 1 (N/S),88,32,11,♦,finished,2026-05-17T19:26:30.636189+00:00
2025,INPROC_25CDB6,1,10,team1,Team 1 (N/S),107,13,4,♣,finished,2026-05-17T19:26:30.653445+00:00
2026,INPROC_89F911,1,10,team1,Team 1 (N/S),73,47,15,♦,finished,2026-05-17T19:26:30.671403+00:00
2027,INPROC_0F1C1D,1,10,team2,Team 2 (E/W),45,75,6,♣,finished,2026-05-17T19:26:30.690218+00:00
2028,INPROC_4A08CE,1,10,team2,Team 2 (E/W),59,61,9,♣,finished,2026-05-17T19:26:30.707684+00:00
2029,INPROC_542A49,1,10,team1,Team 1 (N/S),65,55,15,♦,finished,2026-05-17T19:26:30.725518+00:00
2030,INPROC_48A5E7,1,10,team2,Team 2 (E/W),42,78,5,♣,finished,2026-05-17T19:26:30.742118+00:00
2031,INPROC_29440E,1,10,team1,Team 1 (N/S),86,34,33,♠,finished,2026-05-17T19:26:30.760503+00:00
2032,INPROC_984AB7,1,10,team1,Team 1 (N/S),69,51,11,♦,finished,2026-05-17T19:26:30.778251+00:00
2033,INPROC_CB1A2F,1,10,team1,Team 1 (N/S),116,4,35,♠,finished,2026-05-17T19:26:30.795168+00:00
2034,INPROC_25522F,1,10,team2,Team 2 (E/W),54,66,20,♥,finished,2026-05-17T19:26:30.813144+00:00
2035,INPROC_2B9822,1,10,team1,Team 1 (N/S),78,42,31,♠,finished,2026-05-17T19:26:30.830149+00:00
2036,INPROC_A91C11,1,10,team1,Team 1 (N/S),65,55,25,♥,finished,2026-05-17T19:26:30.844512+00:00
2037,INPROC_8D900F,1,10,team2,Team 2 (E/W),44,76,12,♦,finished,2026-05-17T19:26:30.860423+00:00
2038,INPROC_14826B,1,10,team2,Team 2 (E/W),36,84,5,♣,finished,2026-05-17T19:26:30.879869+00:00
2039,INPROC_A2A6AF,1,10,team2,Team 2 (E/W),59,61,37,♠,finished,2026-05-17T19:26:30.898265+00:00
2040,INPROC_EB65C3,1,10,team2,Team 2 (E/W),52,68,7,♣,finished,2026-05-17T19:26:30.917480+00:00
2041,INPROC_16DC3F,1,10,team2,Team 2 (E/W),14,106,8,♣,finished,2026-05-17T19:26:30.934947+00:00
2042,INPROC_7B48D7,1,10,team1,Team 1 (N/S),92,28,13,♦,finished,2026-05-17T19:26:30.953227+00:00
2043,INPROC_A72689,1,10,team2,Team 2 (E/W),38,82,12,♦,finished,2026-05-17T19:26:30.970977+00:00
2044,INPROC_D5DC60,1,10,team1,Team 1 (N/S),74,46,16,♦,finished,2026-05-17T19:26:30.989394+00:00
2045,INPROC_FD549A,1,10,team2,Team 2 (E/W),59,61,10,♦,finished,2026-05-17T19:26:31.005348+00:00
2046,INPROC_1861B2,1,10,team1,Team 1 (N/S),98,22,3,♣,finished,2026-05-17T19:26:31.023899+00:00
2047,INPROC_58CE44,1,10,team2,Team 2 (E/W),42,78,10,♦,finished,2026-05-17T19:26:31.044022+00:00
2048,INPROC_27D07F,1,10,team2,Team 2 (E/W),53,67,18,♦,finished,2026-05-17T19:26:31.061832+00:00
2049,INPROC_8961CF,1,10,team2,Team 2 (E/W),37,83,18,♦,finished,2026-05-17T19:26:31.075410+00:00
2050,INPROC_FD1131,1,10,team2,Team 2 (E/W),36,84,35,♠,finished,2026-05-17T19:26:31.087121+00:00
2051,INPROC_F456B7,1,10,team2,Team 2 (E/W),44,76,17,♦,finished,2026-05-17T19:26:31.098859+00:00
2052,INPROC_A97971,1,10,team2,Team 2 (E/W),18,102,5,♣,finished,2026-05-17T19:26:31.110307+00:00
2053,INPROC_5A0190,1,10,team2,Team 2 (E/W),48,72,31,♠,finished,2026-05-17T19:26:31.124555+00:00
2054,INPROC_0B4B53,1,10,team2,Team 2 (E/W),13,107,27,♥,finished,2026-05-17T19:26:31.136650+00:00
2055,INPROC_C8E7B7,1,10,team2,Team 2 (E/W),9,111,32,♠,finished,2026-05-17T19:26:31.154864+00:00
2056,INPROC_5A8C2D,1,10,team1,Team 1 (N/S),85,35,8,♣,finished,2026-05-17T19:26:31.172211+00:00
2057,INPROC_87AD7E,1,10,team1,Team 1 (N/S),78,42,16,♦,finished,2026-05-17T19:26:31.191354+00:00
2058,INPROC_0CE823,1,10,team1,Team 1 (N/S),87,33,22,♥,finished,2026-05-17T19:26:31.212398+00:00
2059,INPROC_DA5201,1,10,team2,Team 2 (E/W),46,74,25,♥,finished,2026-05-17T19:26:31.232096+00:00
2060,INPROC_56D753,1,10,team2,Team 2 (E/W),42,78,20,♥,finished,2026-05-17T19:26:31.250916+00:00
2061,INPROC_8600D1,1,10,team2,Team 2 (E/W),49,71,39,♠,finished,2026-05-17T19:26:31.265638+00:00
2062,INPROC_2C3285,1,10,team1,Team 1 (N/S),90,30,35,♠,finished,2026-05-17T19:26:31.283287+00:00
2063,INPROC_F3996F,1,10,team2,Team 2 (E/W),54,66,6,♣,finished,2026-05-17T19:26:31.295503+00:00
2064,INPROC_08CC99,1,10,team1,Team 1 (N/S),76,44,12,♦,finished,2026-05-17T19:26:31.306409+00:00
2065,INPROC_1F433B,1,10,team1,Team 1 (N/S),112,8,28,♥,finished,2026-05-17T19:26:31.325419+00:00
2066,INPROC_120F22,1,10,team1,Team 1 (N/S),94,26,26,♥,finished,2026-05-17T19:26:31.343516+00:00
2067,INPROC_5CB82A,1,10,team1,Team 1 (N/S),87,33,36,♠,finished,2026-05-17T19:26:31.360361+00:00
2068,INPROC_348DE8,1,10,team2,Team 2 (E/W),18,102,17,♦,finished,2026-05-17T19:26:31.376553+00:00
2069,INPROC_112603,1,10,team1,Team 1 (N/S),82,38,29,♥,finished,2026-05-17T19:26:31.389591+00:00
2070,INPROC_EF6E46,1,10,team2,Team 2 (E/W),58,62,30,♠,finished,2026-05-17T19:26:31.403449+00:00
2071,INPROC_19C0E3,1,10,team2,Team 2 (E/W),32,88,4,♣,finished,2026-05-17T19:26:31.420228+00:00
2072,INPROC_27C3E9,1,10,team2,Team 2 (E/W),57,63,9,♣,finished,2026-05-17T19:26:31.439211+00:00
2073,INPROC_5BDFC9,1,10,team2,Team 2 (E/W),48,72,33,♠,finished,2026-05-17T19:26:31.455356+00:00
2074,INPROC_2CB31B,1,10,team2,Team 2 (E/W),38,82,32,♠,finished,2026-05-17T19:26:31.472229+00:00
2075,INPROC_49A249,1,10,team1,Team 1 (N/S),62,58,14,♦,finished,2026-05-17T19:26:31.488659+00:00
2076,INPROC_9EF516,1,10,team2,Team 2 (E/W),46,74,17,♦,finished,2026-05-17T19:26:31.507019+00:00
2077,INPROC_F1AD39,1,10,team1,Team 1 (N/S),63,57,12,♦,finished,2026-05-17T19:26:31.524062+00:00
2078,INPROC_B57F57,1,10,team1,Team 1 (N/S),79,41,12,♦,finished,2026-05-17T19:26:31.540929+00:00
2079,INPROC_58E4C6,1,10,team1,Team 1 (N/S),70,50,36,♠,finished,2026-05-17T19:26:31.554785+00:00
2080,INPROC_029923,1,10,team1,Team 1 (N/S),76,44,20,♥,finished,2026-05-17T19:26:31.571250+00:00
2081,INPROC_2BD866,1,10,team1,Team 1 (N/S),69,51,37,♠,finished,2026-05-17T19:26:31.586707+00:00
2082,INPROC_A6F1DA,1,10,team1,Team 1 (N/S),78,42,32,♠,finished,2026-05-17T19:26:31.605149+00:00
2083,INPROC_65BDA7,1,10,team1,Team 1 (N/S),77,43,27,♥,finished,2026-05-17T19:26:31.621722+00:00
2084,INPROC_4D20A9,1,10,team2,Team 2 (E/W),54,66,10,♦,finished,2026-05-17T19:26:31.638663+00:00
2085,INPROC_F443BB,1,10,team1,Team 1 (N/S),73,47,26,♥,finished,2026-05-17T19:26:31.652492+00:00
2086,INPROC_1AD889,1,10,team1,Team 1 (N/S),85,35,12,♦,finished,2026-05-17T19:26:31.667019+00:00
2087,INPROC_AA2EF3,1,10,team2,Team 2 (E/W),26,94,12,♦,finished,2026-05-17T19:26:31.685129+00:00
2088,INPROC_69F068,1,10,team2,Team 2 (E/W),20,100,38,♠,finished,2026-05-17T19:26:31.703979+00:00
2089,INPROC_E465E4,1,10,team2,Team 2 (E/W),58,62,36,♠,finished,2026-05-17T19:26:31.720287+00:00
2090,INPROC_CF0996,1,10,team2,Team 2 (E/W),51,69,14,♦,finished,2026-05-17T19:26:31.739319+00:00
2091,INPROC_6F39BA,1,10,team2,Team 2 (E/W),27,93,30,♠,finished,2026-05-17T19:26:31.757744+00:00
2092,INPROC_059E28,1,10,team2,Team 2 (E/W),34,86,16,♦,finished,2026-05-17T19:26:31.777828+00:00
2093,INPROC_5654A3,1,10,team2,Team 2 (E/W),58,62,16,♦,finished,2026-05-17T19:26:31.795697+00:00
2094,INPROC_044E18,1,10,team2,Team 2 (E/W),36,84,28,♥,finished,2026-05-17T19:26:31.812631+00:00
2095,INPROC_DC7A75,1,10,team1,Team 1 (N/S),70,50,18,♦,finished,2026-05-17T19:26:31.831234+00:00
2096,INPROC_EBB619,1,10,team2,Team 2 (E/W),32,88,27,♥,finished,2026-05-17T19:26:31.849851+00:00
2097,INPROC_519849,1,10,team2,Team 2 (E/W),53,67,8,♣,finished,2026-05-17T19:26:31.870733+00:00
2098,INPROC_8D31A2,1,10,team2,Team 2 (E/W),44,76,19,♦,finished,2026-05-17T19:26:31.889804+00:00
2099,INPROC_1CC75B,1,10,team1,Team 1 (N/S),86,34,12,♦,finished,2026-05-17T19:26:31.909071+00:00
2100,INPROC_E6C7A7,1,10,draw,draw,60,60,20,♥,finished,2026-05-17T19:26:31.922159+00:00
2101,INPROC_C625DB,1,10,team2,Team 2 (E/W),27,93,16,♦,finished,2026-05-17T19:26:31.937411+00:00
2102,INPROC_0FADA2,1,10,team1,Team 1 (N/S),71,49,18,♦,finished,2026-05-17T19:26:31.957792+00:00
2103,INPROC_6A8158,1,10,team2,Team 2 (E/W),41,79,29,♥,finished,2026-05-17T19:26:31.974725+00:00
2104,INPROC_257A25,1,10,team1,Team 1 (N/S),90,30,24,♥,finished,2026-05-17T19:26:31.992302+00:00
2105,INPROC_3DFB85,1,10,team1,Team 1 (N/S),81,39,12,♦,finished,2026-05-17T19:26:32.008493+00:00
2106,INPROC_695F83,1,10,team2,Team 2 (E/W),54,66,27,♥,finished,2026-05-17T19:26:32.025712+00:00
2107,INPROC_F598A4,1,10,team2,Team 2 (E/W),57,63,3,♣,finished,2026-05-17T19:26:32.041674+00:00
2108,INPROC_CBE6AA,1,10,team2,Team 2 (E/W),54,66,24,♥,finished,2026-05-17T19:26:32.059988+00:00
2109,INPROC_41E13E,1,10,team1,Team 1 (N/S),102,18,29,♥,finished,2026-05-17T19:26:32.075547+00:00
2110,INPROC_794E3C,1,10,team1,Team 1 (N/S),80,40,7,♣,finished,2026-05-17T19:26:32.092048+00:00
2111,INPROC_09F83B,1,10,team2,Team 2 (E/W),28,92,7,♣,finished,2026-05-17T19:26:32.110326+00:00
2112,INPROC_153D86,1,10,team2,Team 2 (E/W),57,63,0,♣,finished,2026-05-17T19:26:32.126638+00:00
2113,INPROC_43A847,1,10,team2,Team 2 (E/W),49,71,0,♣,finished,2026-05-17T19:26:32.144536+00:00
2114,INPROC_E97A4C,1,10,team1,Team 1 (N/S),90,30,33,♠,finished,2026-05-17T19:26:32.163024+00:00
2115,INPROC_28D83F,1,10,team2,Team 2 (E/W),19,101,27,♥,finished,2026-05-17T19:26:32.177048+00:00
2116,INPROC_ABA5D6,1,10,team1,Team 1 (N/S),99,21,37,♠,finished,2026-05-17T19:26:32.189459+00:00
2117,INPROC_57561F,1,10,team2,Team 2 (E/W),28,92,30,♠,finished,2026-05-17T19:26:32.204378+00:00
2118,INPROC_0F7173,1,10,draw,draw,60,60,30,♠,finished,2026-05-17T19:26:32.222541+00:00
2119,INPROC_D4F72F,1,10,team1,Team 1 (N/S),81,39,8,♣,finished,2026-05-17T19:26:32.239067+00:00
2120,INPROC_696637,1,10,team2,Team 2 (E/W),39,81,15,♦,finished,2026-05-17T19:26:32.256457+00:00
2121,INPROC_7788D1,1,10,team1,Team 1 (N/S),70,50,22,♥,finished,2026-05-17T19:26:32.272449+00:00
2122,INPROC_9C6D26,1,10,team2,Team 2 (E/W),56,64,0,♣,finished,2026-05-17T19:26:32.293852+00:00
2123,INPROC_A6EA11,1,10,team2,Team 2 (E/W),30,90,7,♣,finished,2026-05-17T19:26:32.313563+00:00
2124,INPROC_382F37,1,10,team1,Team 1 (N/S),72,48,13,♦,finished,2026-05-17T19:26:32.327701+00:00
2125,INPROC_AC7B7D,1,10,team2,Team 2 (E/W),53,67,26,♥,finished,2026-05-17T19:26:32.342582+00:00
2126,INPROC_A2AAB5,1,10,team1,Team 1 (N/S),83,37,14,♦,finished,2026-05-17T19:26:32.359433+00:00
2127,INPROC_5F65C1,1,10,team2,Team 2 (E/W),29,91,8,♣,finished,2026-05-17T19:26:32.384976+00:00
2128,INPROC_C6D005,1,10,team2,Team 2 (E/W),25,95,7,♣,finished,2026-05-17T19:26:32.406032+00:00
2129,INPROC_131DF1,1,10,team2,Team 2 (E/W),45,75,7,♣,finished,2026-05-17T19:26:32.424733+00:00
2130,INPROC_63097C,1,10,team1,Team 1 (N/S),78,42,12,♦,finished,2026-05-17T19:26:32.439725+00:00
2131,INPROC_77EA86,1,10,team2,Team 2 (E/W),56,64,19,♦,finished,2026-05-17T19:26:32.454678+00:00
2132,INPROC_F16EA5,1,10,team1,Team 1 (N/S),84,36,4,♣,finished,2026-05-17T19:26:32.470904+00:00
2133,INPROC_23E8BA,1,10,team1,Team 1 (N/S),81,39,31,♠,finished,2026-05-17T19:26:32.488780+00:00
2134,INPROC_A04211,1,10,team1,Team 1 (N/S),78,42,33,♠,finished,2026-05-17T19:26:32.505362+00:00
2135,INPROC_81CE25,1,10,team2,Team 2 (E/W),52,68,39,♠,finished,2026-05-17T19:26:32.524086+00:00
2136,INPROC_D7B579,1,10,team1,Team 1 (N/S),89,31,27,♥,finished,2026-05-17T19:26:32.545706+00:00
2137,INPROC_905922,1,10,team2,Team 2 (E/W),10,110,25,♥,finished,2026-05-17T19:26:32.566281+00:00
2138,INPROC_D5534D,1,10,team1,Team 1 (N/S),65,55,7,♣,finished,2026-05-17T19:26:32.582286+00:00
2139,INPROC_47709A,1,10,team2,Team 2 (E/W),16,104,7,♣,finished,2026-05-17T19:26:32.600410+00:00
2140,INPROC_1A369A,1,10,team1,Team 1 (N/S),70,50,34,♠,finished,2026-05-17T19:26:32.619275+00:00
2141,INPROC_EC563C,1,10,team2,Team 2 (E/W),16,104,19,♦,finished,2026-05-17T19:26:32.636974+00:00
2142,INPROC_66D0BE,1,10,team2,Team 2 (E/W),49,71,31,♠,finished,2026-05-17T19:26:32.657898+00:00
2143,INPROC_5C3EFD,1,10,team2,Team 2 (E/W),32,88,10,♦,finished,2026-05-17T19:26:32.676022+00:00
2144,INPROC_145C29,1,10,team2,Team 2 (E/W),43,77,39,♠,finished,2026-05-17T19:26:32.688983+00:00
2145,INPROC_4A7A2C,1,10,team1,Team 1 (N/S),74,46,33,♠,finished,2026-05-17T19:26:32.707434+00:00
2146,INPROC_F993F5,1,10,team1,Team 1 (N/S),62,58,13,♦,finished,2026-05-17T19:26:32.724435+00:00
2147,INPROC_E772A9,1,10,team1,Team 1 (N/S),120,0,1,♣,finished,2026-05-17T19:26:32.740203+00:00
2148,INPROC_7F6070,1,10,team2,Team 2 (E/W),45,75,36,♠,finished,2026-05-17T19:26:32.758243+00:00
2149,INPROC_F115B8,1,10,team2,Team 2 (E/W),45,75,37,♠,finished,2026-05-17T19:26:32.775762+00:00
2150,INPROC_A41989,1,10,team1,Team 1 (N/S),86,34,15,♦,finished,2026-05-17T19:26:32.793777+00:00
2151,INPROC_9AF585,1,10,team2,Team 2 (E/W),42,78,11,♦,finished,2026-05-17T19:26:32.812302+00:00
2152,INPROC_4F8699,1,10,team1,Team 1 (N/S),77,43,13,♦,finished,2026-05-17T19:26:32.835413+00:00
2153,INPROC_0FE7E4,1,10,team1,Team 1 (N/S),73,47,32,♠,finished,2026-05-17T19:26:32.856236+00:00
2154,INPROC_E7E907,1,10,team2,Team 2 (E/W),37,83,12,♦,finished,2026-05-17T19:26:32.877892+00:00
2155,INPROC_200143,1,10,team2,Team 2 (E/W),25,95,9,♣,finished,2026-05-17T19:26:32.900324+00:00
2156,INPROC_CDA47E,1,10,team2,Team 2 (E/W),42,78,37,♠,finished,2026-05-17T19:26:32.920126+00:00
2157,INPROC_B321AC,1,10,team1,Team 1 (N/S),95,25,25,♥,finished,2026-05-17T19:26:32.940302+00:00
2158,INPROC_42EAF4,1,10,team2,Team 2 (E/W),7,113,37,♠,finished,2026-05-17T19:26:32.959710+00:00
2159,INPROC_8FA51F,1,10,draw,draw,60,60,23,♥,finished,2026-05-17T19:26:32.979204+00:00
2160,INPROC_92E7EA,1,10,team2,Team 2 (E/W),54,66,4,♣,finished,2026-05-17T19:26:32.994148+00:00
2161,INPROC_4FA780,1,10,team2,Team 2 (E/W),11,109,26,♥,finished,2026-05-17T19:26:33.013036+00:00
2162,INPROC_45F0C6,1,10,team2,Team 2 (E/W),53,67,0,♣,finished,2026-05-17T19:26:33.035011+00:00
2163,INPROC_70FCCB,1,10,team2,Team 2 (E/W),49,71,20,♥,finished,2026-05-17T19:26:33.055253+00:00
2164,INPROC_6ABF43,1,10,team1,Team 1 (N/S),109,11,12,♦,finished,2026-05-17T19:26:33.075675+00:00
2165,INPROC_E95FC5,1,10,team2,Team 2 (E/W),55,65,0,♣,finished,2026-05-17T19:26:33.093995+00:00
2166,INPROC_A16E48,1,10,team2,Team 2 (E/W),45,75,15,♦,finished,2026-05-17T19:26:33.115021+00:00
2167,INPROC_F48704,1,10,team1,Team 1 (N/S),76,44,3,♣,finished,2026-05-17T19:26:33.134183+00:00
2168,INPROC_B58E31,1,10,team2,Team 2 (E/W),54,66,36,♠,finished,2026-05-17T19:26:33.150998+00:00
2169,INPROC_366C45,1,10,team1,Team 1 (N/S),102,18,21,♥,finished,2026-05-17T19:26:33.170170+00:00
2170,INPROC_510102,1,10,team1,Team 1 (N/S),79,41,16,♦,finished,2026-05-17T19:26:33.192026+00:00
2171,INPROC_90B521,1,10,team1,Team 1 (N/S),88,32,21,♥,finished,2026-05-17T19:26:33.212175+00:00
2172,INPROC_873319,1,10,team1,Team 1 (N/S),62,58,28,♥,finished,2026-05-17T19:26:33.230744+00:00
2173,INPROC_A44020,1,10,team2,Team 2 (E/W),41,79,32,♠,finished,2026-05-17T19:26:33.245803+00:00
2174,INPROC_43EB49,1,10,team2,Team 2 (E/W),16,104,5,♣,finished,2026-05-17T19:26:33.260220+00:00
2175,INPROC_B99FE1,1,10,team2,Team 2 (E/W),49,71,3,♣,finished,2026-05-17T19:26:33.278739+00:00
2176,INPROC_46C1F1,1,10,team2,Team 2 (E/W),37,83,19,♦,finished,2026-05-17T19:26:33.296757+00:00
2177,INPROC_EE01F7,1,10,team2,Team 2 (E/W),57,63,10,♦,finished,2026-05-17T19:26:33.314591+00:00
2178,INPROC_91172D,1,10,team1,Team 1 (N/S),66,54,1,♣,finished,2026-05-17T19:26:33.335333+00:00
2179,INPROC_161FC1,1,10,draw,draw,60,60,3,♣,finished,2026-05-17T19:26:33.353951+00:00
2180,INPROC_61132B,1,10,team2,Team 2 (E/W),21,99,39,♠,finished,2026-05-17T19:26:33.370731+00:00
2181,INPROC_83C56B,1,10,team1,Team 1 (N/S),111,9,21,♥,finished,2026-05-17T19:26:33.382981+00:00
2182,INPROC_3E5E5A,1,10,team1,Team 1 (N/S),90,30,36,♠,finished,2026-05-17T19:26:33.401683+00:00
2183,INPROC_07928D,1,10,team2,Team 2 (E/W),28,92,24,♥,finished,2026-05-17T19:26:33.419452+00:00
2184,INPROC_136423,1,10,team2,Team 2 (E/W),35,85,1,♣,finished,2026-05-17T19:26:33.437517+00:00
2185,INPROC_293784,1,10,team1,Team 1 (N/S),67,53,37,♠,finished,2026-05-17T19:26:33.454327+00:00
2186,INPROC_2A00B1,1,10,team1,Team 1 (N/S),64,56,22,♥,finished,2026-05-17T19:26:33.472479+00:00
2187,INPROC_A5AA55,1,10,team2,Team 2 (E/W),52,68,38,♠,finished,2026-05-17T19:26:33.490096+00:00
2188,INPROC_1B496D,1,10,team1,Team 1 (N/S),85,35,25,♥,finished,2026-05-17T19:26:33.504176+00:00
2189,INPROC_320ABC,1,10,team2,Team 2 (E/W),50,70,8,♣,finished,2026-05-17T19:26:33.516877+00:00
2190,INPROC_B69D1C,1,10,team2,Team 2 (E/W),34,86,4,♣,finished,2026-05-17T19:26:33.532427+00:00
2191,INPROC_9031EF,1,10,team1,Team 1 (N/S),96,24,20,♥,finished,2026-05-17T19:26:33.549880+00:00
2192,INPROC_EBBF9B,1,10,team1,Team 1 (N/S),69,51,13,♦,finished,2026-05-17T19:26:33.566280+00:00
2193,INPROC_A32998,1,10,team2,Team 2 (E/W),23,97,4,♣,finished,2026-05-17T19:26:33.585085+00:00
2194,INPROC_73E58C,1,10,team1,Team 1 (N/S),66,54,33,♠,finished,2026-05-17T19:26:33.606726+00:00
2195,INPROC_788525,1,10,team2,Team 2 (E/W),37,83,21,♥,finished,2026-05-17T19:26:33.624776+00:00
2196,INPROC_98973D,1,10,team2,Team 2 (E/W),52,68,3,♣,finished,2026-05-17T19:26:33.642288+00:00
2197,INPROC_943664,1,10,team1,Team 1 (N/S),71,49,22,♥,finished,2026-05-17T19:26:33.660975+00:00
2198,INPROC_A1E7A0,1,10,team2,Team 2 (E/W),49,71,33,♠,finished,2026-05-17T19:26:33.678950+00:00
2199,INPROC_8BE00F,1,10,team1,Team 1 (N/S),62,58,11,♦,finished,2026-05-17T19:26:33.696951+00:00
2200,INPROC_F56885,1,10,team1,Team 1 (N/S),81,39,26,♥,finished,2026-05-17T19:26:33.712579+00:00
2201,INPROC_AE300F,1,10,team1,Team 1 (N/S),117,3,33,♠,finished,2026-05-17T19:26:33.729761+00:00
2202,INPROC_1C0EAF,1,10,team2,Team 2 (E/W),31,89,25,♥,finished,2026-05-17T19:26:33.748394+00:00
2203,INPROC_F140E1,1,10,team2,Team 2 (E/W),50,70,29,♥,finished,2026-05-17T19:26:33.766536+00:00
2204,INPROC_F0C492,1,10,team1,Team 1 (N/S),75,45,6,♣,finished,2026-05-17T19:26:33.778662+00:00
2205,INPROC_37C5F8,1,10,team1,Team 1 (N/S),80,40,20,♥,finished,2026-05-17T19:26:33.790569+00:00
2206,INPROC_AFDC4E,1,10,team2,Team 2 (E/W),42,78,10,♦,finished,2026-05-17T19:26:33.808777+00:00
2207,INPROC_50E935,1,10,team1,Team 1 (N/S),85,35,37,♠,finished,2026-05-17T19:26:33.826261+00:00
2208,INPROC_14F86E,1,10,team1,Team 1 (N/S),72,48,19,♦,finished,2026-05-17T19:26:33.845070+00:00
2209,INPROC_8F4537,1,10,team2,Team 2 (E/W),46,74,25,♥,finished,2026-05-17T19:26:33.862878+00:00
2210,INPROC_D079F5,1,10,team1,Team 1 (N/S),61,59,35,♠,finished,2026-05-17T19:26:33.881887+00:00
2211,INPROC_179A66,1,10,team2,Team 2 (E/W),57,63,36,♠,finished,2026-05-17T19:26:33.901968+00:00
2212,INPROC_16792C,1,10,team2,Team 2 (E/W),42,78,31,♠,finished,2026-05-17T19:26:33.921137+00:00
2213,INPROC_49D0C2,1,10,team2,Team 2 (E/W),11,109,19,♦,finished,2026-05-17T19:26:33.939731+00:00
2214,INPROC_12DEA3,1,10,team1,Team 1 (N/S),68,52,38,♠,finished,2026-05-17T19:26:33.957387+00:00
2215,INPROC_85E37B,1,10,team1,Team 1 (N/S),79,41,11,♦,finished,2026-05-17T19:26:33.978988+00:00
2216,INPROC_A0FD03,1,10,team1,Team 1 (N/S),61,59,15,♦,finished,2026-05-17T19:26:33.997616+00:00
2217,INPROC_77E2CD,1,10,team2,Team 2 (E/W),56,64,15,♦,finished,2026-05-17T19:26:34.014263+00:00
2218,INPROC_8C3A7E,1,10,team2,Team 2 (E/W),15,105,14,♦,finished,2026-05-17T19:26:33.430842+00:00
2219,INPROC_C06F65,1,10,team2,Team 2 (E/W),46,74,28,♥,finished,2026-05-17T19:26:33.445586+00:00
2220,INPROC_502A8B,1,10,team1,Team 1 (N/S),76,44,33,♠,finished,2026-05-17T19:26:33.460291+00:00
2221,INPROC_7E9C13,1,10,team1,Team 1 (N/S),75,45,37,♠,finished,2026-05-17T19:26:33.471847+00:00
2222,INPROC_B5A265,1,10,team1,Team 1 (N/S),84,36,32,♠,finished,2026-05-17T19:26:33.488430+00:00
2223,INPROC_45020A,1,10,team1,Team 1 (N/S),69,51,2,♣,finished,2026-05-17T19:26:33.506208+00:00
2224,INPROC_3CD1F6,1,10,team1,Team 1 (N/S),92,28,0,♣,finished,2026-05-17T19:26:33.524547+00:00
2225,INPROC_2E2227,1,10,team1,Team 1 (N/S),75,45,12,♦,finished,2026-05-17T19:26:33.539084+00:00
2226,INPROC_C6368E,1,10,team1,Team 1 (N/S),64,56,4,♣,finished,2026-05-17T19:26:33.557722+00:00
2227,INPROC_CBAB74,1,10,team1,Team 1 (N/S),62,58,6,♣,finished,2026-05-17T19:26:33.576510+00:00
2228,INPROC_157594,1,10,team1,Team 1 (N/S),78,42,28,♥,finished,2026-05-17T19:26:33.593344+00:00
2229,INPROC_FB8772,1,10,team2,Team 2 (E/W),35,85,23,♥,finished,2026-05-17T19:26:33.609219+00:00
2230,INPROC_70193E,1,10,team1,Team 1 (N/S),79,41,11,♦,finished,2026-05-17T19:26:33.626708+00:00
2231,INPROC_B2E674,1,10,team1,Team 1 (N/S),108,12,7,♣,finished,2026-05-17T19:26:33.643745+00:00
2232,INPROC_3570FB,1,10,team2,Team 2 (E/W),57,63,35,♠,finished,2026-05-17T19:26:33.656293+00:00
2233,INPROC_142896,1,10,team2,Team 2 (E/W),41,79,22,♥,finished,2026-05-17T19:26:33.671058+00:00
2234,INPROC_CF9FF9,1,10,team1,Team 1 (N/S),77,43,23,♥,finished,2026-05-17T19:26:33.687146+00:00
2235,INPROC_5F5F76,1,10,team1,Team 1 (N/S),66,54,36,♠,finished,2026-05-17T19:26:33.706001+00:00
2236,INPROC_3E258E,1,10,team2,Team 2 (E/W),6,114,21,♥,finished,2026-05-17T19:26:33.720461+00:00
2237,INPROC_3C9C72,1,10,team2,Team 2 (E/W),39,81,0,♣,finished,2026-05-17T19:26:33.736048+00:00
2238,INPROC_36B4FE,1,10,team2,Team 2 (E/W),26,94,28,♥,finished,2026-05-17T19:26:33.753856+00:00
2239,INPROC_A77B74,1,10,team2,Team 2 (E/W),58,62,3,♣,finished,2026-05-17T19:26:33.773593+00:00
2240,INPROC_1BD46A,1,10,team2,Team 2 (E/W),44,76,34,♠,finished,2026-05-17T19:26:33.792097+00:00
2241,INPROC_120199,1,10,team2,Team 2 (E/W),38,82,10,♦,finished,2026-05-17T19:26:33.810193+00:00
2242,INPROC_C8EA14,1,10,team1,Team 1 (N/S),104,16,38,♠,finished,2026-05-17T19:26:33.821971+00:00
2243,INPROC_58A217,1,10,team2,Team 2 (E/W),43,77,14,♦,finished,2026-05-17T19:26:33.842764+00:00
2244,INPROC_601C63,1,10,team1,Team 1 (N/S),92,28,21,♥,finished,2026-05-17T19:26:33.862159+00:00
2245,INPROC_DB4434,1,10,team2,Team 2 (E/W),55,65,6,♣,finished,2026-05-17T19:26:33.879042+00:00
2246,INPROC_785CB6,1,10,team2,Team 2 (E/W),23,97,33,♠,finished,2026-05-17T19:26:33.901620+00:00
2247,INPROC_483F0A,1,10,team2,Team 2 (E/W),29,91,18,♦,finished,2026-05-17T19:26:33.919248+00:00
2248,INPROC_9434B7,1,10,team2,Team 2 (E/W),50,70,25,♥,finished,2026-05-17T19:26:33.934090+00:00
2249,INPROC_5B4940,1,10,team2,Team 2 (E/W),23,97,0,♣,finished,2026-05-17T19:26:33.952536+00:00
2250,INPROC_DBCC61,1,10,team2,Team 2 (E/W),25,95,7,♣,finished,2026-05-17T19:26:33.967969+00:00
2251,INPROC_A837C3,1,10,team2,Team 2 (E/W),33,87,7,♣,finished,2026-05-17T19:26:33.982399+00:00
2252,INPROC_FFECA2,1,10,team1,Team 1 (N/S),66,54,30,♠,finished,2026-05-17T19:26:33.999781+00:00
2253,INPROC_6DCA51,1,10,team2,Team 2 (E/W),35,85,19,♦,finished,2026-05-17T19:26:34.015707+00:00
2254,INPROC_7A652E,1,10,team1,Team 1 (N/S),88,32,12,♦,finished,2026-05-17T19:26:34.032168+00:00
2255,INPROC_427307,1,10,team2,Team 2 (E/W),40,80,5,♣,finished,2026-05-17T19:26:34.050220+00:00
2256,INPROC_FD5C67,1,10,team2,Team 2 (E/W),20,100,21,♥,finished,2026-05-17T19:26:34.067435+00:00
2257,INPROC_00C216,1,10,team1,Team 1 (N/S),75,45,18,♦,finished,2026-05-17T19:26:34.085383+00:00
2258,INPROC_1BC103,1,10,team1,Team 1 (N/S),82,38,23,♥,finished,2026-05-17T19:26:34.101341+00:00
2259,INPROC_05EED6,1,10,team2,Team 2 (E/W),40,80,31,♠,finished,2026-05-17T19:26:34.115720+00:00
2260,INPROC_9467F8,1,10,team2,Team 2 (E/W),41,79,4,♣,finished,2026-05-17T19:26:34.134812+00:00
2261,INPROC_CA2E4D,1,10,team2,Team 2 (E/W),55,65,22,♥,finished,2026-05-17T19:26:34.151268+00:00
2262,INPROC_4739C4,1,10,team2,Team 2 (E/W),22,98,28,♥,finished,2026-05-17T19:26:34.172523+00:00
2263,INPROC_6A5328,1,10,team1,Team 1 (N/S),99,21,3,♣,finished,2026-05-17T19:26:34.192249+00:00
2264,INPROC_C1464B,1,10,team2,Team 2 (E/W),58,62,4,♣,finished,2026-05-17T19:26:34.212347+00:00
2265,INPROC_FFE32C,1,10,team2,Team 2 (E/W),48,72,7,♣,finished,2026-05-17T19:26:34.230759+00:00
2266,INPROC_C243C8,1,10,team1,Team 1 (N/S),66,54,8,♣,finished,2026-05-17T19:26:34.241068+00:00
2267,INPROC_A7C865,1,10,team2,Team 2 (E/W),30,90,18,♦,finished,2026-05-17T19:26:34.253988+00:00
2268,INPROC_0C9BE8,1,10,team2,Team 2 (E/W),41,79,19,♦,finished,2026-05-17T19:26:34.265977+00:00
2269,INPROC_4BD83F,1,10,team2,Team 2 (E/W),38,82,16,♦,finished,2026-05-17T19:26:34.282077+00:00
2270,INPROC_D3626F,1,10,team2,Team 2 (E/W),41,79,4,♣,finished,2026-05-17T19:26:34.300951+00:00
2271,INPROC_ECB221,1,10,team1,Team 1 (N/S),61,59,12,♦,finished,2026-05-17T19:26:34.320312+00:00
2272,INPROC_FBBCA5,1,10,team2,Team 2 (E/W),56,64,28,♥,finished,2026-05-17T19:26:34.337991+00:00
2273,INPROC_0C2CA5,1,10,team2,Team 2 (E/W),37,83,28,♥,finished,2026-05-17T19:26:34.354824+00:00
2274,INPROC_AECA80,1,10,team2,Team 2 (E/W),46,74,35,♠,finished,2026-05-17T19:26:34.373363+00:00
2275,INPROC_7CA803,1,10,team2,Team 2 (E/W),58,62,36,♠,finished,2026-05-17T19:26:34.391311+00:00
2276,INPROC_4B269F,1,10,team1,Team 1 (N/S),85,35,14,♦,finished,2026-05-17T19:26:34.415294+00:00
2277,INPROC_9508AA,1,10,team1,Team 1 (N/S),68,52,3,♣,finished,2026-05-17T19:26:34.431915+00:00
2278,INPROC_162CD5,1,10,team1,Team 1 (N/S),88,32,28,♥,finished,2026-05-17T19:26:34.447922+00:00
2279,INPROC_82B17A,1,10,team2,Team 2 (E/W),42,78,17,♦,finished,2026-05-17T19:26:34.464737+00:00
2280,INPROC_C5F183,1,10,team1,Team 1 (N/S),82,38,5,♣,finished,2026-05-17T19:26:34.481438+00:00
2281,INPROC_50B3BD,1,10,team1,Team 1 (N/S),62,58,14,♦,finished,2026-05-17T19:26:34.499737+00:00
2282,INPROC_641632,1,10,team1,Team 1 (N/S),63,57,25,♥,finished,2026-05-17T19:26:34.510951+00:00
2283,INPROC_781131,1,10,team1,Team 1 (N/S),72,48,21,♥,finished,2026-05-17T19:26:34.523384+00:00
2284,INPROC_2AD6D6,1,10,team1,Team 1 (N/S),71,49,28,♥,finished,2026-05-17T19:26:34.537177+00:00
2285,INPROC_033446,1,10,team2,Team 2 (E/W),49,71,39,♠,finished,2026-05-17T19:26:34.553904+00:00
2286,INPROC_2F332C,1,10,team1,Team 1 (N/S),73,47,5,♣,finished,2026-05-17T19:26:34.567961+00:00
2287,INPROC_01DBB2,1,10,team2,Team 2 (E/W),34,86,39,♠,finished,2026-05-17T19:26:34.583645+00:00
2288,INPROC_22F895,1,10,team1,Team 1 (N/S),86,34,33,♠,finished,2026-05-17T19:26:34.600676+00:00
2289,INPROC_FC09D6,1,10,team1,Team 1 (N/S),70,50,1,♣,finished,2026-05-17T19:26:34.620703+00:00
2290,INPROC_C4D87F,1,10,team2,Team 2 (E/W),45,75,23,♥,finished,2026-05-17T19:26:34.637141+00:00
2291,INPROC_0693AE,1,10,team2,Team 2 (E/W),18,102,1,♣,finished,2026-05-17T19:26:34.652996+00:00
2292,INPROC_E5AA54,1,10,team2,Team 2 (E/W),57,63,17,♦,finished,2026-05-17T19:26:34.669381+00:00
2293,INPROC_90490B,1,10,team1,Team 1 (N/S),81,39,6,♣,finished,2026-05-17T19:26:34.686878+00:00
2294,INPROC_B232C4,1,10,team1,Team 1 (N/S),93,27,28,♥,finished,2026-05-17T19:26:34.704505+00:00
2295,INPROC_852287,1,10,team2,Team 2 (E/W),46,74,14,♦,finished,2026-05-17T19:26:34.721003+00:00
2296,INPROC_8F78A4,1,10,team1,Team 1 (N/S),71,49,34,♠,finished,2026-05-17T19:26:34.739763+00:00
2297,INPROC_015456,1,10,team2,Team 2 (E/W),20,100,29,♥,finished,2026-05-17T19:26:34.758816+00:00
2298,INPROC_7DA900,1,10,team1,Team 1 (N/S),91,29,7,♣,finished,2026-05-17T19:26:34.773453+00:00
2299,INPROC_DCD883,1,10,team2,Team 2 (E/W),54,66,33,♠,finished,2026-05-17T19:26:34.787246+00:00
2300,INPROC_ABD742,1,10,team1,Team 1 (N/S),66,54,2,♣,finished,2026-05-17T19:26:34.806069+00:00
2301,INPROC_714D47,1,10,team1,Team 1 (N/S),61,59,1,♣,finished,2026-05-17T19:26:34.821067+00:00
2302,INPROC_143923,1,10,team1,Team 1 (N/S),74,46,18,♦,finished,2026-05-17T19:26:34.835593+00:00
2303,INPROC_D03F11,1,10,team1,Team 1 (N/S),110,10,34,♠,finished,2026-05-17T19:26:34.853106+00:00
2304,INPROC_C7266A,1,10,team1,Team 1 (N/S),86,34,2,♣,finished,2026-05-17T19:26:34.866383+00:00
2305,INPROC_103BA8,1,10,team1,Team 1 (N/S),78,42,20,♥,finished,2026-05-17T19:26:34.880582+00:00
2306,INPROC_24EEB1,1,10,team2,Team 2 (E/W),45,75,30,♠,finished,2026-05-17T19:26:34.898021+00:00
2307,INPROC_9B648E,1,10,team1,Team 1 (N/S),95,25,20,♥,finished,2026-05-17T19:26:34.914526+00:00
2308,INPROC_8D0C64,1,10,team1,Team 1 (N/S),72,48,18,♦,finished,2026-05-17T19:26:34.931614+00:00
2309,INPROC_97A262,1,10,team1,Team 1 (N/S),80,40,8,♣,finished,2026-05-17T19:26:34.947877+00:00
2310,INPROC_5382F2,1,10,team2,Team 2 (E/W),56,64,26,♥,finished,2026-05-17T19:26:34.965349+00:00
2311,INPROC_37C9D2,1,10,team1,Team 1 (N/S),72,48,29,♥,finished,2026-05-17T19:26:34.982695+00:00
2312,INPROC_F1719A,1,10,draw,draw,60,60,0,♣,finished,2026-05-17T19:26:35.002366+00:00
2313,INPROC_8C309E,1,10,team2,Team 2 (E/W),28,92,18,♦,finished,2026-05-17T19:26:35.021195+00:00
2314,INPROC_B0D2FF,1,10,team1,Team 1 (N/S),64,56,12,♦,finished,2026-05-17T19:26:35.039408+00:00
2315,INPROC_9ECE78,1,10,team1,Team 1 (N/S),98,22,33,♠,finished,2026-05-17T19:26:35.055924+00:00
2316,INPROC_94E989,1,10,team2,Team 2 (E/W),52,68,30,♠,finished,2026-05-17T19:26:35.072470+00:00
2317,INPROC_52C270,1,10,team2,Team 2 (E/W),45,75,27,♥,finished,2026-05-17T19:26:35.092131+00:00
2318,INPROC_19F1D2,1,10,team1,Team 1 (N/S),67,53,3,♣,finished,2026-05-17T19:26:35.109529+00:00
2319,INPROC_9494B2,1,10,team2,Team 2 (E/W),56,64,36,♠,finished,2026-05-17T19:26:35.125729+00:00
2320,INPROC_36D2FC,1,10,team1,Team 1 (N/S),64,56,30,♠,finished,2026-05-17T19:26:35.143632+00:00
2321,INPROC_18EC5B,1,10,team2,Team 2 (E/W),50,70,36,♠,finished,2026-05-17T19:26:35.159877+00:00
2322,INPROC_AC92AC,1,10,team1,Team 1 (N/S),84,36,9,♣,finished,2026-05-17T19:26:35.174417+00:00
2323,INPROC_321C04,1,10,team1,Team 1 (N/S),70,50,13,♦,finished,2026-05-17T19:26:35.193348+00:00
2324,INPROC_9E1436,1,10,team1,Team 1 (N/S),72,48,3,♣,finished,2026-05-17T19:26:35.212786+00:00
2325,INPROC_66B012,1,10,team1,Team 1 (N/S),83,37,33,♠,finished,2026-05-17T19:26:35.226007+00:00
2326,INPROC_16383E,1,10,draw,draw,60,60,0,♣,finished,2026-05-17T19:26:35.241149+00:00
2327,INPROC_55CA95,1,10,team1,Team 1 (N/S),76,44,16,♦,finished,2026-05-17T19:26:35.258262+00:00
2328,INPROC_A4F579,1,10,team1,Team 1 (N/S),95,25,38,♠,finished,2026-05-17T19:26:35.275185+00:00
2329,INPROC_823FB0,1,10,team1,Team 1 (N/S),74,46,18,♦,finished,2026-05-17T19:26:35.292663+00:00
2330,INPROC_EB3712,1,10,team1,Team 1 (N/S),77,43,12,♦,finished,2026-05-17T19:26:35.309885+00:00
2331,INPROC_E78DDF,1,10,team2,Team 2 (E/W),46,74,10,♦,finished,2026-05-17T19:26:35.322488+00:00
2332,INPROC_A7F1BC,1,10,team1,Team 1 (N/S),86,34,19,♦,finished,2026-05-17T19:26:35.334688+00:00
2333,INPROC_512D15,1,10,team2,Team 2 (E/W),11,109,32,♠,finished,2026-05-17T19:26:35.350342+00:00
2334,INPROC_BCC1D2,1,10,team1,Team 1 (N/S),62,58,0,♣,finished,2026-05-17T19:26:35.369572+00:00
2335,INPROC_0AA143,1,10,team1,Team 1 (N/S),77,43,16,♦,finished,2026-05-17T19:26:35.386162+00:00
2336,INPROC_083651,1,10,team1,Team 1 (N/S),63,57,5,♣,finished,2026-05-17T19:26:35.402439+00:00
2337,INPROC_BF5089,1,10,team1,Team 1 (N/S),91,29,0,♣,finished,2026-05-17T19:26:35.419688+00:00
2338,INPROC_87E8F6,1,10,team2,Team 2 (E/W),49,71,31,♠,finished,2026-05-17T19:26:35.437164+00:00
2339,INPROC_BED75C,1,10,team2,Team 2 (E/W),21,99,28,♥,finished,2026-05-17T19:26:35.456791+00:00
2340,INPROC_A377D1,1,10,team1,Team 1 (N/S),81,39,23,♥,finished,2026-05-17T19:26:35.476800+00:00
2341,INPROC_77CDA8,1,10,team2,Team 2 (E/W),53,67,24,♥,finished,2026-05-17T19:26:35.494947+00:00
2342,INPROC_F092D0,1,10,team2,Team 2 (E/W),53,67,39,♠,finished,2026-05-17T19:26:35.513150+00:00
2343,INPROC_9AB7D5,1,10,team1,Team 1 (N/S),80,40,16,♦,finished,2026-05-17T19:26:35.532875+00:00
2344,INPROC_A56405,1,10,team2,Team 2 (E/W),45,75,19,♦,finished,2026-05-17T19:26:35.550295+00:00
2345,INPROC_B1F9BA,1,10,team2,Team 2 (E/W),28,92,2,♣,finished,2026-05-17T19:26:35.566016+00:00
2346,INPROC_8D6661,1,10,team1,Team 1 (N/S),64,56,0,♣,finished,2026-05-17T19:26:35.580405+00:00
2347,INPROC_11503D,1,10,team2,Team 2 (E/W),54,66,21,♥,finished,2026-05-17T19:26:35.595482+00:00
2348,INPROC_231B97,1,10,team2,Team 2 (E/W),51,69,6,♣,finished,2026-05-17T19:26:35.609612+00:00
2349,INPROC_983850,1,10,team2,Team 2 (E/W),39,81,24,♥,finished,2026-05-17T19:26:35.625231+00:00
2350,INPROC_529C8F,1,10,team1,Team 1 (N/S),71,49,4,♣,finished,2026-05-17T19:26:35.640681+00:00
2351,INPROC_01116E,1,10,team2,Team 2 (E/W),44,76,18,♦,finished,2026-05-17T19:26:35.656912+00:00
2352,INPROC_CB5AE2,1,10,team2,Team 2 (E/W),40,80,22,♥,finished,2026-05-17T19:26:35.668156+00:00
2353,INPROC_F2BAEF,1,10,team2,Team 2 (E/W),52,68,8,♣,finished,2026-05-17T19:26:35.687224+00:00
2354,INPROC_ED130A,1,10,team1,Team 1 (N/S),86,34,25,♥,finished,2026-05-17T19:26:35.705590+00:00
2355,INPROC_0CC21A,1,10,team2,Team 2 (E/W),26,94,27,♥,finished,2026-05-17T19:26:35.724299+00:00
2356,INPROC_F13311,1,10,draw,draw,60,60,3,♣,finished,2026-05-17T19:26:35.741752+00:00
2357,INPROC_91E8D4,1,10,team1,Team 1 (N/S),92,28,30,♠,finished,2026-05-17T19:26:35.756749+00:00
2358,INPROC_748B54,1,10,team1,Team 1 (N/S),65,55,7,♣,finished,2026-05-17T19:26:35.774612+00:00
2359,INPROC_FCDB41,1,10,team1,Team 1 (N/S),114,6,17,♦,finished,2026-05-17T19:26:35.792111+00:00
2360,INPROC_F9AF37,1,10,team2,Team 2 (E/W),21,99,39,♠,finished,2026-05-17T19:26:35.809075+00:00
2361,INPROC_ADCA21,1,10,team2,Team 2 (E/W),47,73,20,♥,finished,2026-05-17T19:26:35.825905+00:00
2362,INPROC_A3520C,1,10,team2,Team 2 (E/W),53,67,24,♥,finished,2026-05-17T19:26:35.844260+00:00
2363,INPROC_CAEDBC,1,10,team2,Team 2 (E/W),53,67,10,♦,finished,2026-05-17T19:26:35.857855+00:00
2364,INPROC_A68CF7,1,10,team1,Team 1 (N/S),86,34,25,♥,finished,2026-05-17T19:26:35.869677+00:00
2365,INPROC_D39875,1,10,team1,Team 1 (N/S),90,30,11,♦,finished,2026-05-17T19:26:35.885760+00:00
2366,INPROC_970925,1,10,team2,Team 2 (E/W),51,69,22,♥,finished,2026-05-17T19:26:35.902050+00:00
2367,INPROC_645055,1,10,team1,Team 1 (N/S),68,52,5,♣,finished,2026-05-17T19:26:35.915424+00:00
2368,INPROC_F837A4,1,10,team2,Team 2 (E/W),54,66,2,♣,finished,2026-05-17T19:26:35.931718+00:00
2369,INPROC_53F91D,1,10,team2,Team 2 (E/W),35,85,36,♠,finished,2026-05-17T19:26:35.948611+00:00
2370,INPROC_9800D7,1,10,team1,Team 1 (N/S),89,31,30,♠,finished,2026-05-17T19:26:35.966129+00:00
2371,INPROC_0388B3,1,10,team2,Team 2 (E/W),30,90,3,♣,finished,2026-05-17T19:26:35.984012+00:00
2372,INPROC_A6AB84,1,10,team2,Team 2 (E/W),25,95,12,♦,finished,2026-05-17T19:26:36.003815+00:00
2373,INPROC_0E56B4,1,10,team1,Team 1 (N/S),71,49,33,♠,finished,2026-05-17T19:26:36.022510+00:00
2374,INPROC_0B490A,1,10,team2,Team 2 (E/W),50,70,15,♦,finished,2026-05-17T19:26:36.041559+00:00
2375,INPROC_E9ED3C,1,10,team1,Team 1 (N/S),65,55,11,♦,finished,2026-05-17T19:26:36.058226+00:00
2376,INPROC_DF3A0B,1,10,team1,Team 1 (N/S),61,59,0,♣,finished,2026-05-17T19:26:36.077003+00:00
2377,INPROC_4C812A,1,10,team1,Team 1 (N/S),81,39,15,♦,finished,2026-05-17T19:26:36.093870+00:00
2378,INPROC_FE86B8,1,10,team2,Team 2 (E/W),38,82,2,♣,finished,2026-05-17T19:26:36.106377+00:00
2379,INPROC_38F3DF,1,10,team1,Team 1 (N/S),62,58,12,♦,finished,2026-05-17T19:26:36.119931+00:00
2380,INPROC_D4841E,1,10,team1,Team 1 (N/S),93,27,14,♦,finished,2026-05-17T19:26:36.133069+00:00
2381,INPROC_0905DF,1,10,team2,Team 2 (E/W),45,75,23,♥,finished,2026-05-17T19:26:36.145062+00:00
2382,INPROC_212F32,1,10,team1,Team 1 (N/S),62,58,15,♦,finished,2026-05-17T19:26:36.160899+00:00
2383,INPROC_807ECB,1,10,team1,Team 1 (N/S),74,46,35,♠,finished,2026-05-17T19:26:36.177882+00:00
2384,INPROC_C7F346,1,10,team2,Team 2 (E/W),40,80,0,♣,finished,2026-05-17T19:26:36.193694+00:00
2385,INPROC_D8D5F9,1,10,team2,Team 2 (E/W),41,79,10,♦,finished,2026-05-17T19:26:36.206662+00:00
2386,INPROC_65EB32,1,10,team2,Team 2 (E/W),22,98,38,♠,finished,2026-05-17T19:26:36.223849+00:00
2387,INPROC_C92178,1,10,team1,Team 1 (N/S),67,53,28,♥,finished,2026-05-17T19:26:36.241066+00:00
2388,INPROC_6726A8,1,10,team1,Team 1 (N/S),67,53,25,♥,finished,2026-05-17T19:26:36.257855+00:00
2389,INPROC_57B1CB,1,10,team1,Team 1 (N/S),63,57,15,♦,finished,2026-05-17T19:26:36.274837+00:00
2390,INPROC_B111AE,1,10,team2,Team 2 (E/W),31,89,31,♠,finished,2026-05-17T19:26:36.293234+00:00
2391,INPROC_942D17,1,10,team2,Team 2 (E/W),29,91,9,♣,finished,2026-05-17T19:26:36.310159+00:00
2392,INPROC_8042D4,1,10,team1,Team 1 (N/S),68,52,20,♥,finished,2026-05-17T19:26:36.325936+00:00
2393,INPROC_55513E,1,10,team1,Team 1 (N/S),94,26,13,♦,finished,2026-05-17T19:26:36.344602+00:00
2394,INPROC_7E2823,1,10,team2,Team 2 (E/W),50,70,7,♣,finished,2026-05-17T19:26:36.362644+00:00
2395,INPROC_84BEAF,1,10,team2,Team 2 (E/W),6,114,11,♦,finished,2026-05-17T19:26:36.381872+00:00
2396,INPROC_D4378E,1,10,team1,Team 1 (N/S),103,17,14,♦,finished,2026-05-17T19:26:36.397211+00:00
2397,INPROC_0A9C79,1,10,team2,Team 2 (E/W),42,78,37,♠,finished,2026-05-17T19:26:36.409608+00:00
2398,INPROC_424BB2,1,10,team2,Team 2 (E/W),39,81,34,♠,finished,2026-05-17T19:26:36.428955+00:00
2399,INPROC_56535F,1,10,team1,Team 1 (N/S),83,37,23,♥,finished,2026-05-17T19:26:36.448840+00:00
2400,INPROC_054C9F,1,10,team2,Team 2 (E/W),15,105,33,♠,finished,2026-05-17T19:26:36.466868+00:00
2401,INPROC_9A5550,1,10,team1,Team 1 (N/S),72,48,20,♥,finished,2026-05-17T19:26:36.486604+00:00
2402,INPROC_05D6C6,1,10,team1,Team 1 (N/S),61,59,0,♣,finished,2026-05-17T19:26:36.507259+00:00
2403,INPROC_0FB6AE,1,10,team2,Team 2 (E/W),40,80,25,♥,finished,2026-05-17T19:26:36.526768+00:00
2404,INPROC_83375F,1,10,team1,Team 1 (N/S),120,0,10,♦,finished,2026-05-17T19:26:36.544835+00:00
2405,INPROC_26EAAB,1,10,team2,Team 2 (E/W),32,88,38,♠,finished,2026-05-17T19:26:36.562366+00:00
2406,INPROC_1BB22F,1,10,team2,Team 2 (E/W),53,67,28,♥,finished,2026-05-17T19:26:36.577271+00:00
2407,INPROC_4EC277,1,10,team2,Team 2 (E/W),49,71,39,♠,finished,2026-05-17T19:26:36.594999+00:00
2408,INPROC_D12C2A,1,10,team1,Team 1 (N/S),66,54,33,♠,finished,2026-05-17T19:26:36.611699+00:00
2409,INPROC_E28B55,1,10,team2,Team 2 (E/W),26,94,5,♣,finished,2026-05-17T19:26:36.628675+00:00
2410,INPROC_F9B36B,1,10,team1,Team 1 (N/S),77,43,36,♠,finished,2026-05-17T19:26:36.646013+00:00
2411,INPROC_6B760F,1,10,team1,Team 1 (N/S),85,35,3,♣,finished,2026-05-17T19:26:36.658319+00:00
2412,INPROC_1C4513,1,10,team1,Team 1 (N/S),76,44,37,♠,finished,2026-05-17T19:26:36.670620+00:00
2413,INPROC_DE68B4,1,10,team2,Team 2 (E/W),30,90,15,♦,finished,2026-05-17T19:26:36.684181+00:00
2414,INPROC_E07795,1,10,team2,Team 2 (E/W),50,70,4,♣,finished,2026-05-17T19:26:36.700420+00:00
2415,INPROC_3F1FF0,1,10,team1,Team 1 (N/S),63,57,7,♣,finished,2026-05-17T19:26:36.720133+00:00
2416,INPROC_C3CAA0,1,10,team2,Team 2 (E/W),58,62,34,♠,finished,2026-05-17T19:26:36.741166+00:00
2417,INPROC_D66DBA,1,10,team2,Team 2 (E/W),46,74,4,♣,finished,2026-05-17T19:26:36.760050+00:00
2418,INPROC_60858F,1,10,team1,Team 1 (N/S),62,58,31,♠,finished,2026-05-17T19:26:36.776339+00:00
2419,INPROC_627442,1,10,team2,Team 2 (E/W),49,71,12,♦,finished,2026-05-17T19:26:36.793736+00:00
2420,INPROC_E6FF47,1,10,team1,Team 1 (N/S),66,54,6,♣,finished,2026-05-17T19:26:36.810461+00:00
2421,INPROC_1F0047,1,10,team2,Team 2 (E/W),18,102,24,♥,finished,2026-05-17T19:26:36.826393+00:00
2422,INPROC_0A73F6,1,10,team1,Team 1 (N/S),87,33,34,♠,finished,2026-05-17T19:26:36.842583+00:00
2423,INPROC_E638BF,1,10,team2,Team 2 (E/W),37,83,31,♠,finished,2026-05-17T19:26:36.862310+00:00
2424,INPROC_6445BE,1,10,team1,Team 1 (N/S),62,58,23,♥,finished,2026-05-17T19:26:36.884458+00:00
2425,INPROC_94AF80,1,10,team1,Team 1 (N/S),97,23,24,♥,finished,2026-05-17T19:26:36.899591+00:00
2426,INPROC_C4470E,1,10,team1,Team 1 (N/S),76,44,10,♦,finished,2026-05-17T19:26:36.915992+00:00
2427,INPROC_6F0DAE,1,10,team2,Team 2 (E/W),33,87,34,♠,finished,2026-05-17T19:26:36.929693+00:00
2428,INPROC_4AC579,1,10,team2,Team 2 (E/W),57,63,10,♦,finished,2026-05-17T19:26:36.943938+00:00
2429,INPROC_9D3453,1,10,team2,Team 2 (E/W),47,73,28,♥,finished,2026-05-17T19:26:36.957135+00:00
2430,INPROC_6112C9,1,10,team1,Team 1 (N/S),98,22,22,♥,finished,2026-05-17T19:26:36.973688+00:00
2431,INPROC_696803,1,10,team1,Team 1 (N/S),91,29,17,♦,finished,2026-05-17T19:26:36.990789+00:00
2432,INPROC_98233B,1,10,team2,Team 2 (E/W),45,75,29,♥,finished,2026-05-17T19:26:37.009905+00:00
2433,INPROC_C12F29,1,10,team2,Team 2 (E/W),44,76,8,♣,finished,2026-05-17T19:26:37.028429+00:00
2434,INPROC_04C661,1,10,team1,Team 1 (N/S),105,15,31,♠,finished,2026-05-17T19:26:37.044647+00:00
2435,INPROC_5C4FCE,1,10,draw,draw,60,60,31,♠,finished,2026-05-17T19:26:37.061868+00:00
2436,INPROC_64E5BF,1,10,team2,Team 2 (E/W),39,81,19,♦,finished,2026-05-17T19:26:37.081123+00:00
2437,INPROC_D302FF,1,10,team2,Team 2 (E/W),51,69,27,♥,finished,2026-05-17T19:26:37.098065+00:00
2438,INPROC_F6E326,1,10,team2,Team 2 (E/W),52,68,28,♥,finished,2026-05-17T19:26:37.114767+00:00
2439,INPROC_55DDCC,1,10,team1,Team 1 (N/S),83,37,25,♥,finished,2026-05-17T19:26:37.131034+00:00
2440,INPROC_5FDFD7,1,10,draw,draw,60,60,18,♦,finished,2026-05-17T19:26:37.149543+00:00
2441,INPROC_83B557,1,10,team1,Team 1 (N/S),61,59,25,♥,finished,2026-05-17T19:26:37.168606+00:00
2442,INPROC_86CF22,1,10,team1,Team 1 (N/S),62,58,26,♥,finished,2026-05-17T19:26:37.187412+00:00
2443,INPROC_67C561,1,10,team2,Team 2 (E/W),51,69,25,♥,finished,2026-05-17T19:26:37.202724+00:00
2444,INPROC_CF2F82,1,10,team1,Team 1 (N/S),72,48,12,♦,finished,2026-05-17T19:26:37.213370+00:00
2445,INPROC_EC9A66,1,10,team1,Team 1 (N/S),66,54,5,♣,finished,2026-05-17T19:26:37.227944+00:00
2446,INPROC_D51DAB,1,10,team1,Team 1 (N/S),97,23,1,♣,finished,2026-05-17T19:26:37.244881+00:00
2447,INPROC_ABB257,1,10,team2,Team 2 (E/W),44,76,18,♦,finished,2026-05-17T19:26:37.264275+00:00
2448,INPROC_481D91,1,10,team1,Team 1 (N/S),74,46,16,♦,finished,2026-05-17T19:26:37.283884+00:00
2449,INPROC_8D2DC6,1,10,team1,Team 1 (N/S),72,48,2,♣,finished,2026-05-17T19:26:37.303408+00:00
2450,INPROC_D350A4,1,10,team2,Team 2 (E/W),43,77,23,♥,finished,2026-05-17T19:26:37.322969+00:00
2451,INPROC_A02AF6,1,10,team2,Team 2 (E/W),21,99,22,♥,finished,2026-05-17T19:26:37.341142+00:00
2452,INPROC_6BCC15,1,10,team2,Team 2 (E/W),47,73,23,♥,finished,2026-05-17T19:26:37.354834+00:00
2453,INPROC_498C43,1,10,team1,Team 1 (N/S),75,45,18,♦,finished,2026-05-17T19:26:37.374334+00:00
2454,INPROC_C3E290,1,10,team1,Team 1 (N/S),65,55,15,♦,finished,2026-05-17T19:26:37.391655+00:00
2455,INPROC_CE97EA,1,10,team2,Team 2 (E/W),34,86,12,♦,finished,2026-05-17T19:26:37.407836+00:00
2456,INPROC_C97ACD,1,10,team2,Team 2 (E/W),13,107,39,♠,finished,2026-05-17T19:26:37.427928+00:00
2457,INPROC_775556,1,10,team2,Team 2 (E/W),46,74,29,♥,finished,2026-05-17T19:26:37.444814+00:00
2458,INPROC_2265A4,1,10,team2,Team 2 (E/W),40,80,9,♣,finished,2026-05-17T19:26:37.458747+00:00
2459,INPROC_989CFA,1,10,team2,Team 2 (E/W),54,66,15,♦,finished,2026-05-17T19:26:37.470648+00:00
2460,INPROC_B8B831,1,10,team2,Team 2 (E/W),37,83,28,♥,finished,2026-05-17T19:26:37.485547+00:00
2461,INPROC_44C79F,1,10,team2,Team 2 (E/W),25,95,30,♠,finished,2026-05-17T19:26:37.500992+00:00
2462,INPROC_B541E5,1,10,team1,Team 1 (N/S),68,52,22,♥,finished,2026-05-17T19:26:37.517621+00:00
2463,INPROC_B13313,1,10,team2,Team 2 (E/W),44,76,18,♦,finished,2026-05-17T19:26:37.536554+00:00
2464,INPROC_567E83,1,10,team2,Team 2 (E/W),21,99,38,♠,finished,2026-05-17T19:26:37.555542+00:00
2465,INPROC_037E95,1,10,team2,Team 2 (E/W),46,74,21,♥,finished,2026-05-17T19:26:37.573346+00:00
2466,INPROC_6130BC,1,10,team1,Team 1 (N/S),64,56,2,♣,finished,2026-05-17T19:26:37.590693+00:00
2467,INPROC_428453,1,10,team1,Team 1 (N/S),80,40,1,♣,finished,2026-05-17T19:26:37.606867+00:00
2468,INPROC_26CDE8,1,10,team1,Team 1 (N/S),106,14,13,♦,finished,2026-05-17T19:26:37.625108+00:00
2469,INPROC_BB3ED4,1,10,team2,Team 2 (E/W),56,64,21,♥,finished,2026-05-17T19:26:37.642301+00:00
2470,INPROC_89C0AE,1,10,team1,Team 1 (N/S),88,32,7,♣,finished,2026-05-17T19:26:37.657468+00:00
2471,INPROC_A15B11,1,10,team1,Team 1 (N/S),75,45,15,♦,finished,2026-05-17T19:26:37.673018+00:00
2472,INPROC_C2AD67,1,10,team1,Team 1 (N/S),86,34,31,♠,finished,2026-05-17T19:26:37.691630+00:00
2473,INPROC_DCCC09,1,10,team2,Team 2 (E/W),54,66,29,♥,finished,2026-05-17T19:26:37.707707+00:00
2474,INPROC_6CDFC0,1,10,team1,Team 1 (N/S),85,35,35,♠,finished,2026-05-17T19:26:37.723162+00:00
2475,INPROC_155E72,1,10,team2,Team 2 (E/W),37,83,28,♥,finished,2026-05-17T19:26:37.734494+00:00
2476,INPROC_59C2C8,1,10,team1,Team 1 (N/S),65,55,10,♦,finished,2026-05-17T19:26:37.749092+00:00
2477,INPROC_3FD1EA,1,10,team2,Team 2 (E/W),57,63,1,♣,finished,2026-05-17T19:26:37.765437+00:00
2478,INPROC_B40A05,1,10,team2,Team 2 (E/W),58,62,19,♦,finished,2026-05-17T19:26:37.783705+00:00
2479,INPROC_3405BB,1,10,team2,Team 2 (E/W),24,96,10,♦,finished,2026-05-17T19:26:37.803027+00:00
2480,INPROC_F2ECD4,1,10,team1,Team 1 (N/S),73,47,4,♣,finished,2026-05-17T19:26:37.820472+00:00
2481,INPROC_BE213B,1,10,team1,Team 1 (N/S),82,38,1,♣,finished,2026-05-17T19:26:37.838821+00:00
2482,INPROC_432557,1,10,team1,Team 1 (N/S),88,32,17,♦,finished,2026-05-17T19:26:37.856810+00:00
2483,INPROC_94EC8A,1,10,team2,Team 2 (E/W),45,75,33,♠,finished,2026-05-17T19:26:37.872028+00:00
2484,INPROC_4B0B55,1,10,team2,Team 2 (E/W),56,64,29,♥,finished,2026-05-17T19:26:37.888854+00:00
2485,INPROC_0ECE64,1,10,team1,Team 1 (N/S),62,58,28,♥,finished,2026-05-17T19:26:37.907436+00:00
2486,INPROC_431D2B,1,10,team1,Team 1 (N/S),89,31,37,♠,finished,2026-05-17T19:26:37.924526+00:00
2487,INPROC_F83F71,1,10,team1,Team 1 (N/S),83,37,27,♥,finished,2026-05-17T19:26:37.940647+00:00
2488,INPROC_6D35C2,1,10,team2,Team 2 (E/W),16,104,11,♦,finished,2026-05-17T19:26:37.958737+00:00
2489,INPROC_216D9A,1,10,team1,Team 1 (N/S),73,47,33,♠,finished,2026-05-17T19:26:37.975984+00:00
2490,INPROC_66B053,1,10,team1,Team 1 (N/S),64,56,21,♥,finished,2026-05-17T19:26:37.992770+00:00
2491,INPROC_1BBFBF,1,10,team2,Team 2 (E/W),43,77,15,♦,finished,2026-05-17T19:26:38.006803+00:00
2492,INPROC_66256F,1,10,team2,Team 2 (E/W),19,101,24,♥,finished,2026-05-17T19:26:38.023276+00:00
2493,INPROC_BF2DCB,1,10,team1,Team 1 (N/S),92,28,36,♠,finished,2026-05-17T19:26:38.033528+00:00
2494,INPROC_2FC898,1,10,team2,Team 2 (E/W),42,78,15,♦,finished,2026-05-17T19:26:38.053294+00:00
2495,INPROC_2CBC28,1,10,team1,Team 1 (N/S),88,32,37,♠,finished,2026-05-17T19:26:38.075092+00:00
2496,INPROC_C47C9E,1,10,team1,Team 1 (N/S),71,49,19,♦,finished,2026-05-17T19:26:38.093522+00:00
2497,INPROC_D86A61,1,10,team1,Team 1 (N/S),73,47,14,♦,finished,2026-05-17T19:26:38.109486+00:00
2498,INPROC_C8DEFD,1,10,team1,Team 1 (N/S),79,41,8,♣,finished,2026-05-17T19:26:38.126834+00:00
2499,INPROC_3C3130,1,10,team1,Team 1 (N/S),66,54,0,♣,finished,2026-05-17T19:26:38.144083+00:00
2500,INPROC_B338D8,1,10,team2,Team 2 (E/W),57,63,27,♥,finished,2026-05-17T19:26:38.162267+00:00
2501,INPROC_AF0B81,1,10,team2,Team 2 (E/W),32,88,12,♦,finished,2026-05-17T19:26:38.180398+00:00
2502,INPROC_F9D934,1,10,team2,Team 2 (E/W),49,71,7,♣,finished,2026-05-17T19:26:38.198487+00:00
2503,INPROC_70FBC9,1,10,team1,Team 1 (N/S),89,31,37,♠,finished,2026-05-17T19:26:38.217071+00:00
2504,INPROC_EA1CA1,1,10,team2,Team 2 (E/W),26,94,36,♠,finished,2026-05-17T19:26:38.234510+00:00
2505,INPROC_389A27,1,10,team1,Team 1 (N/S),108,12,17,♦,finished,2026-05-17T19:26:38.249933+00:00
2506,INPROC_4B5CE3,1,10,team1,Team 1 (N/S),103,17,5,♣,finished,2026-05-17T19:26:38.263805+00:00
2507,INPROC_0727F9,1,10,team2,Team 2 (E/W),52,68,8,♣,finished,2026-05-17T19:26:38.277909+00:00
2508,INPROC_055B74,1,10,team2,Team 2 (E/W),50,70,19,♦,finished,2026-05-17T19:26:38.290490+00:00
2509,INPROC_960826,1,10,team1,Team 1 (N/S),84,36,30,♠,finished,2026-05-17T19:26:38.306502+00:00
2510,INPROC_F81E5B,1,10,team1,Team 1 (N/S),62,58,7,♣,finished,2026-05-17T19:26:38.324909+00:00
2511,INPROC_792674,1,10,team1,Team 1 (N/S),79,41,22,♥,finished,2026-05-17T19:26:38.344367+00:00
2512,INPROC_6A67DA,1,10,team2,Team 2 (E/W),51,69,19,♦,finished,2026-05-17T19:26:38.360260+00:00
2513,INPROC_73F2F7,1,10,team2,Team 2 (E/W),25,95,8,♣,finished,2026-05-17T19:26:38.381259+00:00
2514,INPROC_CFCE37,1,10,team1,Team 1 (N/S),87,33,31,♠,finished,2026-05-17T19:26:38.399917+00:00
2515,INPROC_AE7BE6,1,10,team2,Team 2 (E/W),31,89,21,♥,finished,2026-05-17T19:26:38.418380+00:00
2516,INPROC_7BE288,1,10,team2,Team 2 (E/W),46,74,14,♦,finished,2026-05-17T19:26:38.438324+00:00
2517,INPROC_77645D,1,10,team2,Team 2 (E/W),11,109,38,♠,finished,2026-05-17T19:26:38.455370+00:00
2518,INPROC_C841D9,1,10,team2,Team 2 (E/W),35,85,15,♦,finished,2026-05-17T19:26:38.473222+00:00
2519,INPROC_38FA5C,1,10,team1,Team 1 (N/S),65,55,37,♠,finished,2026-05-17T19:26:38.490627+00:00
2520,INPROC_63E6F8,1,10,team2,Team 2 (E/W),33,87,28,♥,finished,2026-05-17T19:26:38.509198+00:00
2521,INPROC_CBCA66,1,10,team1,Team 1 (N/S),87,33,16,♦,finished,2026-05-17T19:26:38.525317+00:00
2522,INPROC_B1DA05,1,10,team2,Team 2 (E/W),45,75,1,♣,finished,2026-05-17T19:26:38.538316+00:00
2523,INPROC_299CD5,1,10,team2,Team 2 (E/W),35,85,18,♦,finished,2026-05-17T19:26:38.550201+00:00
2524,INPROC_C827E4,1,10,team2,Team 2 (E/W),18,102,0,♣,finished,2026-05-17T19:26:38.566352+00:00
2525,INPROC_091D33,1,10,team2,Team 2 (E/W),35,85,8,♣,finished,2026-05-17T19:26:38.584826+00:00
2526,INPROC_F02126,1,10,team1,Team 1 (N/S),68,52,23,♥,finished,2026-05-17T19:26:38.604205+00:00
2527,INPROC_01514B,1,10,team2,Team 2 (E/W),31,89,39,♠,finished,2026-05-17T19:26:38.623014+00:00
2528,INPROC_7744CE,1,10,team2,Team 2 (E/W),49,71,27,♥,finished,2026-05-17T19:26:38.640763+00:00
2529,INPROC_6CC843,1,10,team2,Team 2 (E/W),56,64,5,♣,finished,2026-05-17T19:26:38.657948+00:00
2530,INPROC_31144F,1,10,team2,Team 2 (E/W),57,63,30,♠,finished,2026-05-17T19:26:38.671996+00:00
2531,INPROC_4B3F1F,1,10,team2,Team 2 (E/W),20,100,35,♠,finished,2026-05-17T19:26:38.689384+00:00
2532,INPROC_99F0E0,1,10,team2,Team 2 (E/W),42,78,5,♣,finished,2026-05-17T19:26:38.705490+00:00
2533,INPROC_99506A,1,10,team1,Team 1 (N/S),66,54,33,♠,finished,2026-05-17T19:26:38.722774+00:00
2534,INPROC_3261F1,1,10,team2,Team 2 (E/W),29,91,8,♣,finished,2026-05-17T19:26:38.737658+00:00
2535,INPROC_0F5AE3,1,10,team2,Team 2 (E/W),44,76,19,♦,finished,2026-05-17T19:26:38.752915+00:00
2536,INPROC_408407,1,10,team1,Team 1 (N/S),88,32,19,♦,finished,2026-05-17T19:26:38.769703+00:00
2537,INPROC_4C9E5E,1,10,team2,Team 2 (E/W),44,76,15,♦,finished,2026-05-17T19:26:38.785358+00:00
2538,INPROC_2109F7,1,10,team1,Team 1 (N/S),73,47,23,♥,finished,2026-05-17T19:26:38.798605+00:00
2539,INPROC_4702A8,1,10,team1,Team 1 (N/S),63,57,21,♥,finished,2026-05-17T19:26:38.810750+00:00
2540,INPROC_F8A2B1,1,10,team2,Team 2 (E/W),54,66,17,♦,finished,2026-05-17T19:26:38.822736+00:00
2541,INPROC_3C95D9,1,10,team1,Team 1 (N/S),73,47,19,♦,finished,2026-05-17T19:26:38.841292+00:00
2542,INPROC_FED855,1,10,team1,Team 1 (N/S),62,58,26,♥,finished,2026-05-17T19:26:38.861415+00:00
2543,INPROC_541EC3,1,10,team1,Team 1 (N/S),74,46,1,♣,finished,2026-05-17T19:26:38.880766+00:00
2544,INPROC_198411,1,10,team1,Team 1 (N/S),71,49,23,♥,finished,2026-05-17T19:26:38.901186+00:00
2545,INPROC_35D76C,1,10,team2,Team 2 (E/W),47,73,7,♣,finished,2026-05-17T19:26:38.920535+00:00
2546,INPROC_F50158,1,10,team2,Team 2 (E/W),56,64,34,♠,finished,2026-05-17T19:26:38.937720+00:00
2547,INPROC_A0D209,1,10,team2,Team 2 (E/W),48,72,11,♦,finished,2026-05-17T19:26:38.953465+00:00
2548,INPROC_1A7E5A,1,10,team2,Team 2 (E/W),40,80,20,♥,finished,2026-05-17T19:26:38.970482+00:00
2549,INPROC_3BAE35,1,10,team2,Team 2 (E/W),53,67,17,♦,finished,2026-05-17T19:26:38.986884+00:00
2550,INPROC_F264C0,1,10,team1,Team 1 (N/S),101,19,23,♥,finished,2026-05-17T19:26:39.003138+00:00
2551,INPROC_455CDA,1,10,team1,Team 1 (N/S),83,37,23,♥,finished,2026-05-17T19:26:39.022291+00:00
2552,INPROC_6C6EA5,1,10,team1,Team 1 (N/S),76,44,8,♣,finished,2026-05-17T19:26:39.038949+00:00
2553,INPROC_2F4D2D,1,10,team2,Team 2 (E/W),50,70,32,♠,finished,2026-05-17T19:26:39.054632+00:00
2554,INPROC_135454,1,10,team2,Team 2 (E/W),52,68,15,♦,finished,2026-05-17T19:26:39.086391+00:00
2555,INPROC_AD4F10,1,10,team1,Team 1 (N/S),77,43,38,♠,finished,2026-05-17T19:26:39.108560+00:00
2556,INPROC_8E8E1E,1,10,team1,Team 1 (N/S),109,11,22,♥,finished,2026-05-17T19:26:39.131990+00:00
2557,INPROC_A9B46D,1,10,team2,Team 2 (E/W),54,66,39,♠,finished,2026-05-17T19:26:39.148759+00:00
2558,INPROC_CFE3A7,1,10,team2,Team 2 (E/W),33,87,24,♥,finished,2026-05-17T19:26:39.167292+00:00
2559,INPROC_25BFDA,1,10,team1,Team 1 (N/S),99,21,33,♠,finished,2026-05-17T19:26:39.180452+00:00
2560,INPROC_56AB23,1,10,team1,Team 1 (N/S),64,56,7,♣,finished,2026-05-17T19:26:39.196235+00:00
2561,INPROC_51FB0D,1,10,team2,Team 2 (E/W),23,97,14,♦,finished,2026-05-17T19:26:39.210926+00:00
2562,INPROC_7DD876,1,10,team2,Team 2 (E/W),43,77,11,♦,finished,2026-05-17T19:26:39.228143+00:00
2563,INPROC_BBE78C,1,10,team2,Team 2 (E/W),17,103,39,♠,finished,2026-05-17T19:26:39.242647+00:00
2564,INPROC_72021F,1,10,team2,Team 2 (E/W),23,97,15,♦,finished,2026-05-17T19:26:39.260810+00:00
2565,INPROC_C19E83,1,10,draw,draw,60,60,22,♥,finished,2026-05-17T19:26:39.278530+00:00
2566,INPROC_F259CB,1,10,team1,Team 1 (N/S),68,52,9,♣,finished,2026-05-17T19:26:39.295418+00:00
2567,INPROC_D44F30,1,10,team1,Team 1 (N/S),95,25,17,♦,finished,2026-05-17T19:26:39.313834+00:00
2568,INPROC_07B221,1,10,team2,Team 2 (E/W),17,103,20,♥,finished,2026-05-17T19:26:39.331110+00:00
2569,INPROC_FBCF38,1,10,team2,Team 2 (E/W),36,84,10,♦,finished,2026-05-17T19:26:39.342705+00:00
2570,INPROC_67B5C0,1,10,team2,Team 2 (E/W),44,76,14,♦,finished,2026-05-17T19:26:39.353335+00:00
2571,INPROC_018042,1,10,team1,Team 1 (N/S),74,46,3,♣,finished,2026-05-17T19:26:39.367175+00:00
2572,INPROC_607D4F,1,10,team1,Team 1 (N/S),96,24,1,♣,finished,2026-05-17T19:26:39.384200+00:00
2573,INPROC_BDEB3C,1,10,team2,Team 2 (E/W),52,68,39,♠,finished,2026-05-17T19:26:39.397502+00:00
2574,INPROC_367C7A,1,10,team1,Team 1 (N/S),71,49,30,♠,finished,2026-05-17T19:26:39.415127+00:00
2575,INPROC_086F77,1,10,team1,Team 1 (N/S),76,44,19,♦,finished,2026-05-17T19:26:39.430324+00:00
2576,INPROC_A2E9E4,1,10,team1,Team 1 (N/S),76,44,19,♦,finished,2026-05-17T19:26:39.448223+00:00
2577,INPROC_6EFB19,1,10,team1,Team 1 (N/S),73,47,32,♠,finished,2026-05-17T19:26:39.464880+00:00
2578,INPROC_022687,1,10,team2,Team 2 (E/W),48,72,34,♠,finished,2026-05-17T19:26:39.482777+00:00
2579,INPROC_5BC847,1,10,team1,Team 1 (N/S),74,46,6,♣,finished,2026-05-17T19:26:39.498697+00:00
2580,INPROC_9D4B82,1,10,team2,Team 2 (E/W),58,62,31,♠,finished,2026-05-17T19:26:39.516525+00:00
2581,INPROC_1A2AF4,1,10,team2,Team 2 (E/W),26,94,38,♠,finished,2026-05-17T19:26:39.533309+00:00
2582,INPROC_F9A3FD,1,10,team2,Team 2 (E/W),52,68,6,♣,finished,2026-05-17T19:26:39.549923+00:00
2583,INPROC_79FFB7,1,10,team2,Team 2 (E/W),22,98,9,♣,finished,2026-05-17T19:26:39.567883+00:00
2584,INPROC_EF8C80,1,10,team1,Team 1 (N/S),80,40,0,♣,finished,2026-05-17T19:26:39.584309+00:00
2585,INPROC_5D32E7,1,10,team2,Team 2 (E/W),50,70,20,♥,finished,2026-05-17T19:26:39.599764+00:00
2586,INPROC_40BC82,1,10,team2,Team 2 (E/W),58,62,24,♥,finished,2026-05-17T19:26:39.610615+00:00
2587,INPROC_B3EB01,1,10,draw,draw,60,60,22,♥,finished,2026-05-17T19:26:39.621442+00:00
2588,INPROC_5225C3,1,10,team2,Team 2 (E/W),48,72,32,♠,finished,2026-05-17T19:26:39.637470+00:00
2589,INPROC_7FDF54,1,10,team2,Team 2 (E/W),35,85,31,♠,finished,2026-05-17T19:26:39.657820+00:00
2590,INPROC_ADA7B9,1,10,team1,Team 1 (N/S),92,28,8,♣,finished,2026-05-17T19:26:39.676938+00:00
2591,INPROC_6993DD,1,10,team1,Team 1 (N/S),81,39,12,♦,finished,2026-05-17T19:26:39.694340+00:00
2592,INPROC_DFA192,1,10,team2,Team 2 (E/W),59,61,34,♠,finished,2026-05-17T19:26:39.710784+00:00
2593,INPROC_849DFA,1,10,team1,Team 1 (N/S),81,39,14,♦,finished,2026-05-17T19:26:39.729165+00:00
2594,INPROC_F37DF0,1,10,team1,Team 1 (N/S),98,22,10,♦,finished,2026-05-17T19:26:39.747025+00:00
2595,INPROC_701E01,1,10,team1,Team 1 (N/S),79,41,2,♣,finished,2026-05-17T19:26:39.764625+00:00
2596,INPROC_880472,1,10,team2,Team 2 (E/W),24,96,17,♦,finished,2026-05-17T19:26:39.782101+00:00
2597,INPROC_B5399C,1,10,team2,Team 2 (E/W),38,82,10,♦,finished,2026-05-17T19:26:39.799471+00:00
2598,INPROC_196373,1,10,team2,Team 2 (E/W),14,106,6,♣,finished,2026-05-17T19:26:39.817381+00:00
2599,INPROC_E90BEF,1,10,team2,Team 2 (E/W),10,110,27,♥,finished,2026-05-17T19:26:39.836533+00:00
2600,INPROC_478E8B,1,10,team1,Team 1 (N/S),112,8,36,♠,finished,2026-05-17T19:26:39.854055+00:00
2601,INPROC_734767,1,10,team1,Team 1 (N/S),66,54,12,♦,finished,2026-05-17T19:26:39.870867+00:00
2602,INPROC_33E307,1,10,team2,Team 2 (E/W),26,94,18,♦,finished,2026-05-17T19:26:39.888179+00:00
2603,INPROC_AFBBE2,1,10,team1,Team 1 (N/S),66,54,38,♠,finished,2026-05-17T19:26:39.903532+00:00
2604,INPROC_D9BD64,1,10,draw,draw,60,60,17,♦,finished,2026-05-17T19:26:39.923619+00:00
2605,INPROC_9B7D98,1,10,team1,Team 1 (N/S),74,46,39,♠,finished,2026-05-17T19:26:39.940843+00:00
2606,INPROC_B61468,1,10,team2,Team 2 (E/W),50,70,33,♠,finished,2026-05-17T19:26:39.959290+00:00
2607,INPROC_C9BA73,1,10,team1,Team 1 (N/S),83,37,33,♠,finished,2026-05-17T19:26:39.977118+00:00
2608,INPROC_76BD62,1,10,team2,Team 2 (E/W),33,87,19,♦,finished,2026-05-17T19:26:39.995320+00:00
2609,INPROC_2EC33B,1,10,team2,Team 2 (E/W),26,94,18,♦,finished,2026-05-17T19:26:40.012526+00:00
2610,INPROC_3FD862,1,10,team2,Team 2 (E/W),46,74,19,♦,finished,2026-05-17T19:26:40.029715+00:00
2611,INPROC_A7FE2E,1,10,team2,Team 2 (E/W),57,63,4,♣,finished,2026-05-17T19:26:40.048726+00:00
2612,INPROC_A32311,1,10,team1,Team 1 (N/S),64,56,20,♥,finished,2026-05-17T19:26:40.067733+00:00
2613,INPROC_5C7081,1,10,team2,Team 2 (E/W),36,84,7,♣,finished,2026-05-17T19:26:40.086648+00:00
2614,INPROC_A910C9,1,10,team2,Team 2 (E/W),49,71,22,♥,finished,2026-05-17T19:26:40.105206+00:00
2615,INPROC_8F6E3D,1,10,team2,Team 2 (E/W),30,90,39,♠,finished,2026-05-17T19:26:40.124915+00:00
2616,INPROC_3699A0,1,10,team1,Team 1 (N/S),73,47,4,♣,finished,2026-05-17T19:26:40.141366+00:00
2617,INPROC_473EBE,1,10,team1,Team 1 (N/S),88,32,30,♠,finished,2026-05-17T19:26:40.156346+00:00
2618,INPROC_2ADCEB,1,10,team2,Team 2 (E/W),53,67,12,♦,finished,2026-05-17T19:26:40.174822+00:00
2619,INPROC_113920,1,10,team1,Team 1 (N/S),72,48,0,♣,finished,2026-05-17T19:26:40.195452+00:00
2620,INPROC_0FE4CB,1,10,team2,Team 2 (E/W),49,71,6,♣,finished,2026-05-17T19:26:40.212074+00:00
2621,INPROC_8BDE7C,1,10,team1,Team 1 (N/S),77,43,4,♣,finished,2026-05-17T19:26:40.233930+00:00
2622,INPROC_03D350,1,10,team2,Team 2 (E/W),43,77,18,♦,finished,2026-05-17T19:26:40.255117+00:00
2623,INPROC_2DDA1C,1,10,team1,Team 1 (N/S),72,48,26,♥,finished,2026-05-17T19:26:40.275420+00:00
2624,INPROC_57B3F4,1,10,team1,Team 1 (N/S),68,52,24,♥,finished,2026-05-17T19:26:40.293779+00:00
2625,INPROC_CF42CE,1,10,team2,Team 2 (E/W),48,72,23,♥,finished,2026-05-17T19:26:40.309993+00:00
2626,INPROC_B0FAF2,1,10,team2,Team 2 (E/W),28,92,8,♣,finished,2026-05-17T19:26:40.332896+00:00
2627,INPROC_15FDEE,1,10,team1,Team 1 (N/S),103,17,0,♣,finished,2026-05-17T19:26:40.354098+00:00
2628,INPROC_817E7B,1,10,team2,Team 2 (E/W),30,90,1,♣,finished,2026-05-17T19:26:40.373824+00:00
2629,INPROC_B035C2,1,10,team2,Team 2 (E/W),42,78,11,♦,finished,2026-05-17T19:26:40.393695+00:00
2630,INPROC_546001,1,10,team1,Team 1 (N/S),72,48,6,♣,finished,2026-05-17T19:26:40.411639+00:00
2631,INPROC_934418,1,10,team1,Team 1 (N/S),80,40,6,♣,finished,2026-05-17T19:26:40.427764+00:00
2632,INPROC_5FE7C6,1,10,team1,Team 1 (N/S),73,47,35,♠,finished,2026-05-17T19:26:40.447565+00:00
2633,INPROC_4F5ACE,1,10,team1,Team 1 (N/S),73,47,19,♦,finished,2026-05-17T19:26:40.466131+00:00
2634,INPROC_9FD754,1,10,team2,Team 2 (E/W),28,92,5,♣,finished,2026-05-17T19:26:40.486591+00:00
2635,INPROC_49B3A4,1,10,team2,Team 2 (E/W),58,62,23,♥,finished,2026-05-17T19:26:40.507146+00:00
2636,INPROC_2BCAB8,1,10,team1,Team 1 (N/S),87,33,23,♥,finished,2026-05-17T19:26:40.526409+00:00
2637,INPROC_644833,1,10,team2,Team 2 (E/W),47,73,32,♠,finished,2026-05-17T19:26:40.545944+00:00
2638,INPROC_58E5C9,1,10,team1,Team 1 (N/S),92,28,7,♣,finished,2026-05-17T19:26:40.564455+00:00
2639,INPROC_F160A3,1,10,team2,Team 2 (E/W),37,83,6,♣,finished,2026-05-17T19:26:40.586408+00:00
2640,INPROC_E9C39A,1,10,team1,Team 1 (N/S),104,16,3,♣,finished,2026-05-17T19:26:40.607439+00:00
2641,INPROC_8810BB,1,10,team2,Team 2 (E/W),23,97,10,♦,finished,2026-05-17T19:26:40.628176+00:00
2642,INPROC_FAF497,1,10,team1,Team 1 (N/S),81,39,12,♦,finished,2026-05-17T19:26:40.650092+00:00
2643,INPROC_46E3F4,1,10,team2,Team 2 (E/W),39,81,14,♦,finished,2026-05-17T19:26:40.669548+00:00
2644,INPROC_3DF365,1,10,team1,Team 1 (N/S),77,43,1,♣,finished,2026-05-17T19:26:40.685315+00:00
2645,INPROC_26730F,1,10,team2,Team 2 (E/W),32,88,24,♥,finished,2026-05-17T19:26:40.700228+00:00
2646,INPROC_AD5C90,1,10,team2,Team 2 (E/W),32,88,37,♠,finished,2026-05-17T19:26:40.718304+00:00
2647,INPROC_C4BABA,1,10,team2,Team 2 (E/W),54,66,15,♦,finished,2026-05-17T19:26:40.737284+00:00
2648,INPROC_DAA3CC,1,10,team1,Team 1 (N/S),73,47,13,♦,finished,2026-05-17T19:26:40.758267+00:00
2649,INPROC_7C92FB,1,10,team2,Team 2 (E/W),58,62,17,♦,finished,2026-05-17T19:26:40.771971+00:00
2650,INPROC_EB97F2,1,10,team1,Team 1 (N/S),74,46,8,♣,finished,2026-05-17T19:26:40.790835+00:00
2651,INPROC_71A878,1,10,team2,Team 2 (E/W),32,88,19,♦,finished,2026-05-17T19:26:40.805115+00:00
2652,INPROC_713F4E,1,10,team2,Team 2 (E/W),35,85,22,♥,finished,2026-05-17T19:26:40.824608+00:00
2653,INPROC_8FBC4A,1,10,team2,Team 2 (E/W),37,83,36,♠,finished,2026-05-17T19:26:40.843724+00:00
2654,INPROC_3386FE,1,10,team1,Team 1 (N/S),68,52,33,♠,finished,2026-05-17T19:26:40.862794+00:00
2655,INPROC_C7E9C7,1,10,team1,Team 1 (N/S),81,39,23,♥,finished,2026-05-17T19:26:40.882029+00:00
2656,INPROC_8C3484,1,10,team2,Team 2 (E/W),15,105,24,♥,finished,2026-05-17T19:26:40.904077+00:00
2657,INPROC_44548A,1,10,team1,Team 1 (N/S),90,30,10,♦,finished,2026-05-17T19:26:40.923246+00:00
2658,INPROC_8A39C3,1,10,team2,Team 2 (E/W),38,82,32,♠,finished,2026-05-17T19:26:40.942618+00:00
2659,INPROC_F86F0A,1,10,team1,Team 1 (N/S),64,56,28,♥,finished,2026-05-17T19:26:40.956793+00:00
2660,INPROC_6EB062,1,10,team2,Team 2 (E/W),55,65,38,♠,finished,2026-05-17T19:26:40.968981+00:00
2661,INPROC_47ADC9,1,10,team1,Team 1 (N/S),61,59,5,♣,finished,2026-05-17T19:26:40.987295+00:00
2662,INPROC_FD142E,1,10,team2,Team 2 (E/W),48,72,16,♦,finished,2026-05-17T19:26:41.006721+00:00
2663,INPROC_7A2B72,1,10,team1,Team 1 (N/S),88,32,34,♠,finished,2026-05-17T19:26:41.025419+00:00
2664,INPROC_30DDE6,1,10,team1,Team 1 (N/S),97,23,31,♠,finished,2026-05-17T19:26:41.043532+00:00
2665,INPROC_F14EA0,1,10,team1,Team 1 (N/S),76,44,17,♦,finished,2026-05-17T19:26:41.058635+00:00
2666,INPROC_2EAA86,1,10,team1,Team 1 (N/S),64,56,17,♦,finished,2026-05-17T19:26:41.077499+00:00
2667,INPROC_0ABDC6,1,10,team2,Team 2 (E/W),46,74,29,♥,finished,2026-05-17T19:26:41.094674+00:00
2668,INPROC_D94D3F,1,10,team1,Team 1 (N/S),63,57,26,♥,finished,2026-05-17T19:26:41.111759+00:00
2669,INPROC_84EF75,1,10,team2,Team 2 (E/W),58,62,19,♦,finished,2026-05-17T19:26:41.123713+00:00
2670,INPROC_62560F,1,10,team1,Team 1 (N/S),63,57,32,♠,finished,2026-05-17T19:26:41.144331+00:00
2671,INPROC_4C3953,1,10,team1,Team 1 (N/S),82,38,36,♠,finished,2026-05-17T19:26:41.164473+00:00
2672,INPROC_0DB301,1,10,team1,Team 1 (N/S),61,59,28,♥,finished,2026-05-17T19:26:41.182389+00:00
2673,INPROC_EA0623,1,10,team1,Team 1 (N/S),80,40,3,♣,finished,2026-05-17T19:26:41.196928+00:00
2674,INPROC_69F41D,1,10,team1,Team 1 (N/S),78,42,34,♠,finished,2026-05-17T19:26:41.209457+00:00
2675,INPROC_9FDA00,1,10,team2,Team 2 (E/W),45,75,28,♥,finished,2026-05-17T19:26:41.224893+00:00
2676,INPROC_1CFAF5,1,10,team1,Team 1 (N/S),81,39,3,♣,finished,2026-05-17T19:26:41.241349+00:00
2677,INPROC_D05156,1,10,team2,Team 2 (E/W),52,68,31,♠,finished,2026-05-17T19:26:41.260299+00:00
2678,INPROC_669A5F,1,10,team2,Team 2 (E/W),52,68,7,♣,finished,2026-05-17T19:26:41.279201+00:00
2679,INPROC_DBBF22,1,10,team2,Team 2 (E/W),27,93,33,♠,finished,2026-05-17T19:26:41.298112+00:00
2680,INPROC_3526AB,1,10,team2,Team 2 (E/W),3,117,13,♦,finished,2026-05-17T19:26:41.318181+00:00
2681,INPROC_4ACEA2,1,10,team2,Team 2 (E/W),4,116,10,♦,finished,2026-05-17T19:26:41.335991+00:00
2682,INPROC_6B3799,1,10,team1,Team 1 (N/S),76,44,18,♦,finished,2026-05-17T19:26:41.353591+00:00
2683,INPROC_AFD8B4,1,10,team2,Team 2 (E/W),28,92,11,♦,finished,2026-05-17T19:26:41.372175+00:00
2684,INPROC_A6A5AB,1,10,team1,Team 1 (N/S),93,27,12,♦,finished,2026-05-17T19:26:41.389990+00:00
2685,INPROC_11DD46,1,10,team2,Team 2 (E/W),47,73,23,♥,finished,2026-05-17T19:26:41.405743+00:00
2686,INPROC_BA9250,1,10,team1,Team 1 (N/S),65,55,17,♦,finished,2026-05-17T19:26:41.423497+00:00
2687,INPROC_622997,1,10,team1,Team 1 (N/S),80,40,20,♥,finished,2026-05-17T19:26:41.441755+00:00
2688,INPROC_15B078,1,10,team1,Team 1 (N/S),88,32,30,♠,finished,2026-05-17T19:26:41.458232+00:00
2689,INPROC_B7DA1B,1,10,team1,Team 1 (N/S),109,11,15,♦,finished,2026-05-17T19:26:41.471595+00:00
2690,INPROC_D368CE,1,10,team2,Team 2 (E/W),43,77,13,♦,finished,2026-05-17T19:26:41.483010+00:00
2691,INPROC_7BC644,1,10,team1,Team 1 (N/S),97,23,35,♠,finished,2026-05-17T19:26:41.498079+00:00
2692,INPROC_314BA3,1,10,team1,Team 1 (N/S),100,20,34,♠,finished,2026-05-17T19:26:41.513299+00:00
2693,INPROC_BD585C,1,10,team1,Team 1 (N/S),85,35,12,♦,finished,2026-05-17T19:26:41.530867+00:00
2694,INPROC_1ED5D9,1,10,team1,Team 1 (N/S),68,52,12,♦,finished,2026-05-17T19:26:41.549379+00:00
2695,INPROC_DD9AC2,1,10,team2,Team 2 (E/W),42,78,29,♥,finished,2026-05-17T19:26:41.566926+00:00
2696,INPROC_F76F22,1,10,team2,Team 2 (E/W),58,62,3,♣,finished,2026-05-17T19:26:41.588650+00:00
2697,INPROC_BDABA5,1,10,team2,Team 2 (E/W),42,78,25,♥,finished,2026-05-17T19:26:41.610563+00:00
2698,INPROC_CDAA84,1,10,team2,Team 2 (E/W),8,112,29,♥,finished,2026-05-17T19:26:41.629865+00:00
2699,INPROC_A0E21B,1,10,team2,Team 2 (E/W),42,78,19,♦,finished,2026-05-17T19:26:41.650557+00:00
2700,INPROC_77F59D,1,10,team2,Team 2 (E/W),30,90,11,♦,finished,2026-05-17T19:26:41.670322+00:00
2701,INPROC_9EF2F4,1,10,team1,Team 1 (N/S),74,46,28,♥,finished,2026-05-17T19:26:41.687286+00:00
2702,INPROC_A50E3B,1,10,team2,Team 2 (E/W),43,77,19,♦,finished,2026-05-17T19:26:41.705779+00:00
2703,INPROC_82C92A,1,10,team2,Team 2 (E/W),59,61,12,♦,finished,2026-05-17T19:26:41.722639+00:00
2704,INPROC_F26C59,1,10,team1,Team 1 (N/S),86,34,13,♦,finished,2026-05-17T19:26:41.738876+00:00
2705,INPROC_32A2A5,1,10,team1,Team 1 (N/S),61,59,13,♦,finished,2026-05-17T19:26:41.752581+00:00
2706,INPROC_62A93C,1,10,team1,Team 1 (N/S),105,15,20,♥,finished,2026-05-17T19:26:41.769352+00:00
2707,INPROC_48FD03,1,10,team2,Team 2 (E/W),56,64,12,♦,finished,2026-05-17T19:26:41.787269+00:00
2708,INPROC_9324A1,1,10,team2,Team 2 (E/W),41,79,29,♥,finished,2026-05-17T19:26:41.805918+00:00
2709,INPROC_02B890,1,10,team2,Team 2 (E/W),43,77,30,♠,finished,2026-05-17T19:26:41.823521+00:00
2710,INPROC_48C2B1,1,10,team2,Team 2 (E/W),13,107,21,♥,finished,2026-05-17T19:26:41.840978+00:00
2711,INPROC_364F3F,1,10,team2,Team 2 (E/W),25,95,22,♥,finished,2026-05-17T19:26:41.859389+00:00
2712,INPROC_236D7F,1,10,team1,Team 1 (N/S),72,48,21,♥,finished,2026-05-17T19:26:41.878944+00:00
2713,INPROC_59B234,1,10,team2,Team 2 (E/W),27,93,7,♣,finished,2026-05-17T19:26:41.898263+00:00
2714,INPROC_4C1CE5,1,10,team2,Team 2 (E/W),4,116,15,♦,finished,2026-05-17T19:26:41.915321+00:00
2715,INPROC_D9FFD8,1,10,team1,Team 1 (N/S),88,32,10,♦,finished,2026-05-17T19:26:41.932618+00:00
2716,INPROC_BB422F,1,10,team2,Team 2 (E/W),30,90,34,♠,finished,2026-05-17T19:26:41.949666+00:00
2717,INPROC_687D48,1,10,team1,Team 1 (N/S),89,31,23,♥,finished,2026-05-17T19:26:41.969137+00:00
2718,INPROC_9D9751,1,10,team2,Team 2 (E/W),50,70,25,♥,finished,2026-05-17T19:26:41.985917+00:00
2719,INPROC_535AAF,1,10,team1,Team 1 (N/S),90,30,3,♣,finished,2026-05-17T19:26:42.001729+00:00
2720,INPROC_42D361,1,10,team2,Team 2 (E/W),47,73,15,♦,finished,2026-05-17T19:26:42.015714+00:00
2721,INPROC_B12E82,1,10,team2,Team 2 (E/W),56,64,29,♥,finished,2026-05-17T19:26:42.031767+00:00
2722,INPROC_3D8F1C,1,10,team1,Team 1 (N/S),101,19,10,♦,finished,2026-05-17T19:26:42.046916+00:00
2723,INPROC_AED1CD,1,10,team2,Team 2 (E/W),51,69,21,♥,finished,2026-05-17T19:26:42.062935+00:00
2724,INPROC_489092,1,10,team2,Team 2 (E/W),29,91,4,♣,finished,2026-05-17T19:26:42.081471+00:00
2725,INPROC_E00605,1,10,team1,Team 1 (N/S),72,48,34,♠,finished,2026-05-17T19:26:42.099706+00:00
2726,INPROC_27E387,1,10,team2,Team 2 (E/W),54,66,34,♠,finished,2026-05-17T19:26:42.118570+00:00
2727,INPROC_B9E26B,1,10,team1,Team 1 (N/S),70,50,3,♣,finished,2026-05-17T19:26:42.133936+00:00
2728,INPROC_E5C7AF,1,10,team2,Team 2 (E/W),53,67,18,♦,finished,2026-05-17T19:26:42.150956+00:00
2729,INPROC_969EF0,1,10,team1,Team 1 (N/S),73,47,1,♣,finished,2026-05-17T19:26:42.162454+00:00
2730,INPROC_1F3226,1,10,team1,Team 1 (N/S),72,48,1,♣,finished,2026-05-17T19:26:42.181534+00:00
2731,INPROC_C24B4E,1,10,team2,Team 2 (E/W),45,75,30,♠,finished,2026-05-17T19:26:42.198576+00:00
2732,INPROC_9A9991,1,10,team2,Team 2 (E/W),57,63,31,♠,finished,2026-05-17T19:26:42.216693+00:00
2733,INPROC_91978E,1,10,team1,Team 1 (N/S),76,44,13,♦,finished,2026-05-17T19:26:42.235077+00:00
2734,INPROC_9BB96E,1,10,team1,Team 1 (N/S),65,55,9,♣,finished,2026-05-17T19:26:42.252133+00:00
2735,INPROC_AA0A97,1,10,team1,Team 1 (N/S),89,31,15,♦,finished,2026-05-17T19:26:42.267926+00:00
2736,INPROC_F52BC0,1,10,team2,Team 2 (E/W),33,87,7,♣,finished,2026-05-17T19:26:42.284113+00:00
2737,INPROC_EC26F1,1,10,team2,Team 2 (E/W),46,74,23,♥,finished,2026-05-17T19:26:42.295080+00:00
2738,INPROC_3E35C6,1,10,team1,Team 1 (N/S),63,57,6,♣,finished,2026-05-17T19:26:42.312007+00:00
2739,INPROC_7A4EEF,1,10,team2,Team 2 (E/W),39,81,15,♦,finished,2026-05-17T19:26:42.327583+00:00
2740,INPROC_70E6AC,1,10,team2,Team 2 (E/W),48,72,26,♥,finished,2026-05-17T19:26:42.344631+00:00
2741,INPROC_FD79F9,1,10,team2,Team 2 (E/W),34,86,10,♦,finished,2026-05-17T19:26:42.360292+00:00
2742,INPROC_468B76,1,10,team1,Team 1 (N/S),68,52,7,♣,finished,2026-05-17T19:26:42.376015+00:00
2743,INPROC_F30BDB,1,10,team2,Team 2 (E/W),48,72,11,♦,finished,2026-05-17T19:26:42.394101+00:00
2744,INPROC_086FD6,1,10,team2,Team 2 (E/W),18,102,13,♦,finished,2026-05-17T19:26:42.414332+00:00
2745,INPROC_288013,1,10,team1,Team 1 (N/S),98,22,27,♥,finished,2026-05-17T19:26:42.433916+00:00
2746,INPROC_897E40,1,10,team1,Team 1 (N/S),96,24,12,♦,finished,2026-05-17T19:26:42.451652+00:00
2747,INPROC_B115A3,1,10,team2,Team 2 (E/W),58,62,11,♦,finished,2026-05-17T19:26:42.471427+00:00
2748,INPROC_6B0087,1,10,team1,Team 1 (N/S),77,43,2,♣,finished,2026-05-17T19:26:42.488944+00:00
2749,INPROC_8460AD,1,10,team1,Team 1 (N/S),89,31,14,♦,finished,2026-05-17T19:26:42.505629+00:00
2750,INPROC_C7226C,1,10,team1,Team 1 (N/S),109,11,1,♣,finished,2026-05-17T19:26:42.522037+00:00
2751,INPROC_735119,1,10,team2,Team 2 (E/W),56,64,33,♠,finished,2026-05-17T19:26:42.537612+00:00
2752,INPROC_93D75A,1,10,team1,Team 1 (N/S),75,45,21,♥,finished,2026-05-17T19:26:42.553379+00:00
2753,INPROC_67BB83,1,10,team1,Team 1 (N/S),79,41,24,♥,finished,2026-05-17T19:26:42.572040+00:00
2754,INPROC_209B8C,1,10,team2,Team 2 (E/W),44,76,19,♦,finished,2026-05-17T19:26:42.592705+00:00
2755,INPROC_B0ED08,1,10,team1,Team 1 (N/S),103,17,25,♥,finished,2026-05-17T19:26:42.612733+00:00
2756,INPROC_53588A,1,10,team2,Team 2 (E/W),46,74,21,♥,finished,2026-05-17T19:26:42.628732+00:00
2757,INPROC_3E0626,1,10,team1,Team 1 (N/S),98,22,20,♥,finished,2026-05-17T19:26:42.646859+00:00
2758,INPROC_57E536,1,10,team2,Team 2 (E/W),19,101,34,♠,finished,2026-05-17T19:26:42.663587+00:00
2759,INPROC_03AF79,1,10,team1,Team 1 (N/S),71,49,8,♣,finished,2026-05-17T19:26:42.682821+00:00
2760,INPROC_F728DE,1,10,team1,Team 1 (N/S),91,29,38,♠,finished,2026-05-17T19:26:42.701178+00:00
2761,INPROC_1595AD,1,10,team1,Team 1 (N/S),103,17,35,♠,finished,2026-05-17T19:26:42.718717+00:00
2762,INPROC_5D0AB8,1,10,team2,Team 2 (E/W),36,84,34,♠,finished,2026-05-17T19:26:42.735537+00:00
2763,INPROC_7CD844,1,10,team1,Team 1 (N/S),80,40,18,♦,finished,2026-05-17T19:26:42.751609+00:00
2764,INPROC_05ADD2,1,10,team2,Team 2 (E/W),57,63,19,♦,finished,2026-05-17T19:26:42.770744+00:00
2765,INPROC_972B95,1,10,team2,Team 2 (E/W),16,104,11,♦,finished,2026-05-17T19:26:42.789813+00:00
2766,INPROC_43F80D,1,10,team2,Team 2 (E/W),14,106,24,♥,finished,2026-05-17T19:26:42.806627+00:00
2767,INPROC_1E9726,1,10,team1,Team 1 (N/S),64,56,34,♠,finished,2026-05-17T19:26:42.819535+00:00
2768,INPROC_7F42E9,1,10,team1,Team 1 (N/S),87,33,26,♥,finished,2026-05-17T19:26:42.844953+00:00
2769,INPROC_1FED3C,1,10,team1,Team 1 (N/S),61,59,29,♥,finished,2026-05-17T19:26:42.864868+00:00
2770,INPROC_17678E,1,10,team1,Team 1 (N/S),63,57,30,♠,finished,2026-05-17T19:26:42.881796+00:00
2771,INPROC_4234B8,1,10,team1,Team 1 (N/S),68,52,23,♥,finished,2026-05-17T19:26:42.900225+00:00
2772,INPROC_DA4634,1,10,team2,Team 2 (E/W),40,80,24,♥,finished,2026-05-17T19:26:42.917372+00:00
2773,INPROC_0F680A,1,10,team2,Team 2 (E/W),43,77,36,♠,finished,2026-05-17T19:26:42.933337+00:00
2774,INPROC_0B4658,1,10,team2,Team 2 (E/W),54,66,27,♥,finished,2026-05-17T19:26:42.952111+00:00
2775,INPROC_42280B,1,10,team1,Team 1 (N/S),90,30,32,♠,finished,2026-05-17T19:26:42.971798+00:00
2776,INPROC_C59763,1,10,team2,Team 2 (E/W),47,73,3,♣,finished,2026-05-17T19:26:42.988500+00:00
2777,INPROC_030CDE,1,10,team1,Team 1 (N/S),66,54,26,♥,finished,2026-05-17T19:26:43.004483+00:00
2778,INPROC_D484EC,1,10,team2,Team 2 (E/W),50,70,15,♦,finished,2026-05-17T19:26:43.020678+00:00
2779,INPROC_CF0216,1,10,team2,Team 2 (E/W),44,76,31,♠,finished,2026-05-17T19:26:43.038891+00:00
2780,INPROC_2351E6,1,10,team2,Team 2 (E/W),10,110,14,♦,finished,2026-05-17T19:26:43.055703+00:00
2781,INPROC_60D77C,1,10,team1,Team 1 (N/S),68,52,8,♣,finished,2026-05-17T19:26:43.067444+00:00
2782,INPROC_5975E2,1,10,team2,Team 2 (E/W),49,71,32,♠,finished,2026-05-17T19:26:43.078711+00:00
2783,INPROC_0F5F72,1,10,team2,Team 2 (E/W),55,65,25,♥,finished,2026-05-17T19:26:43.096373+00:00
2784,INPROC_923148,1,10,team1,Team 1 (N/S),65,55,12,♦,finished,2026-05-17T19:26:43.112489+00:00
2785,INPROC_039755,1,10,team1,Team 1 (N/S),78,42,8,♣,finished,2026-05-17T19:26:43.127449+00:00
2786,INPROC_9ED4E3,1,10,team2,Team 2 (E/W),46,74,12,♦,finished,2026-05-17T19:26:43.144525+00:00
2787,INPROC_14B6DE,1,10,team2,Team 2 (E/W),59,61,17,♦,finished,2026-05-17T19:26:43.160513+00:00
2788,INPROC_B84A7D,1,10,team2,Team 2 (E/W),54,66,27,♥,finished,2026-05-17T19:26:43.178829+00:00
2789,INPROC_93E32D,1,10,team1,Team 1 (N/S),101,19,29,♥,finished,2026-05-17T19:26:43.196908+00:00
2790,INPROC_C06579,1,10,team2,Team 2 (E/W),55,65,38,♠,finished,2026-05-17T19:26:43.212943+00:00
2791,INPROC_82E9A5,1,10,team1,Team 1 (N/S),62,58,21,♥,finished,2026-05-17T19:26:43.229492+00:00
2792,INPROC_142E4C,1,10,team1,Team 1 (N/S),82,38,13,♦,finished,2026-05-17T19:26:43.247876+00:00
2793,INPROC_A87C60,1,10,team2,Team 2 (E/W),50,70,9,♣,finished,2026-05-17T19:26:43.266111+00:00
2794,INPROC_5EF8D1,1,10,team2,Team 2 (E/W),15,105,36,♠,finished,2026-05-17T19:26:43.281395+00:00
2795,INPROC_5BFBF2,1,10,team2,Team 2 (E/W),31,89,1,♣,finished,2026-05-17T19:26:43.298491+00:00
2796,INPROC_2B9A9B,1,10,team2,Team 2 (E/W),24,96,1,♣,finished,2026-05-17T19:26:43.316287+00:00
2797,INPROC_D8C2A3,1,10,team1,Team 1 (N/S),78,42,5,♣,finished,2026-05-17T19:26:43.331724+00:00
2798,INPROC_8B98FF,1,10,team1,Team 1 (N/S),101,19,17,♦,finished,2026-05-17T19:26:43.344292+00:00
2799,INPROC_CD0DA1,1,10,team1,Team 1 (N/S),66,54,31,♠,finished,2026-05-17T19:26:43.356393+00:00
2800,INPROC_A8B491,1,10,team1,Team 1 (N/S),81,39,18,♦,finished,2026-05-17T19:26:43.370906+00:00
2801,INPROC_BB288E,1,10,team1,Team 1 (N/S),84,36,21,♥,finished,2026-05-17T19:26:43.383625+00:00
2802,INPROC_73E510,1,10,team1,Team 1 (N/S),73,47,8,♣,finished,2026-05-17T19:26:43.399742+00:00
2803,INPROC_B7C77E,1,10,team2,Team 2 (E/W),26,94,11,♦,finished,2026-05-17T19:26:43.415782+00:00
2804,INPROC_9A4B6F,1,10,team1,Team 1 (N/S),80,40,39,♠,finished,2026-05-17T19:26:43.430484+00:00
2805,INPROC_AA5268,1,10,team1,Team 1 (N/S),79,41,23,♥,finished,2026-05-17T19:26:43.446105+00:00
2806,INPROC_ED34BF,1,10,team2,Team 2 (E/W),44,76,33,♠,finished,2026-05-17T19:26:43.461745+00:00
2807,INPROC_5E5F8F,1,10,team1,Team 1 (N/S),73,47,36,♠,finished,2026-05-17T19:26:43.480235+00:00
2808,INPROC_711356,1,10,team2,Team 2 (E/W),55,65,14,♦,finished,2026-05-17T19:26:43.496336+00:00
2809,INPROC_1EC11C,1,10,team1,Team 1 (N/S),65,55,23,♥,finished,2026-05-17T19:26:43.513564+00:00
2810,INPROC_4CACB5,1,10,team2,Team 2 (E/W),29,91,25,♥,finished,2026-05-17T19:26:43.532321+00:00
2811,INPROC_1D03DF,1,10,team2,Team 2 (E/W),32,88,14,♦,finished,2026-05-17T19:26:43.550200+00:00
2812,INPROC_97D0F6,1,10,team2,Team 2 (E/W),21,99,38,♠,finished,2026-05-17T19:26:43.569664+00:00
2813,INPROC_7687C1,1,10,team2,Team 2 (E/W),30,90,28,♥,finished,2026-05-17T19:26:43.589516+00:00
2814,INPROC_86F6B5,1,10,team1,Team 1 (N/S),102,18,5,♣,finished,2026-05-17T19:26:43.603045+00:00
2815,INPROC_E5B36A,1,10,team2,Team 2 (E/W),11,109,33,♠,finished,2026-05-17T19:26:43.618096+00:00
2816,INPROC_F6BD01,1,10,team2,Team 2 (E/W),52,68,25,♥,finished,2026-05-17T19:26:43.634148+00:00
2817,INPROC_000A7E,1,10,team2,Team 2 (E/W),58,62,10,♦,finished,2026-05-17T19:26:43.650134+00:00
2818,INPROC_D3CD33,1,10,team2,Team 2 (E/W),17,103,24,♥,finished,2026-05-17T19:26:43.668027+00:00
2819,INPROC_A46C97,1,10,team2,Team 2 (E/W),49,71,23,♥,finished,2026-05-17T19:26:43.683524+00:00
2820,INPROC_2AFCC1,1,10,team1,Team 1 (N/S),79,41,18,♦,finished,2026-05-17T19:26:43.699803+00:00
2821,INPROC_8F6E9C,1,10,team2,Team 2 (E/W),45,75,29,♥,finished,2026-05-17T19:26:43.719287+00:00
2822,INPROC_230CE0,1,10,team1,Team 1 (N/S),84,36,24,♥,finished,2026-05-17T19:26:43.736156+00:00
2823,INPROC_0FFCDC,1,10,team2,Team 2 (E/W),41,79,18,♦,finished,2026-05-17T19:26:43.753347+00:00
2824,INPROC_B6F3EB,1,10,team1,Team 1 (N/S),91,29,7,♣,finished,2026-05-17T19:26:43.771402+00:00
2825,INPROC_0FC21A,1,10,team1,Team 1 (N/S),90,30,18,♦,finished,2026-05-17T19:26:43.788889+00:00
2826,INPROC_01FF8D,1,10,team1,Team 1 (N/S),77,43,19,♦,finished,2026-05-17T19:26:43.807128+00:00
2827,INPROC_5C6EBF,1,10,team1,Team 1 (N/S),77,43,35,♠,finished,2026-05-17T19:26:43.824713+00:00
2828,INPROC_262B7D,1,10,team2,Team 2 (E/W),14,106,23,♥,finished,2026-05-17T19:26:43.842315+00:00
2829,INPROC_DD33E3,1,10,team2,Team 2 (E/W),38,82,23,♥,finished,2026-05-17T19:26:43.857875+00:00
2830,INPROC_58A8B2,1,10,team2,Team 2 (E/W),54,66,17,♦,finished,2026-05-17T19:26:43.870954+00:00
2831,INPROC_6B6DCD,1,10,team2,Team 2 (E/W),41,79,5,♣,finished,2026-05-17T19:26:43.883600+00:00
2832,INPROC_D3A1E4,1,10,team2,Team 2 (E/W),49,71,23,♥,finished,2026-05-17T19:26:43.894982+00:00
2833,INPROC_D4D354,1,10,draw,draw,60,60,28,♥,finished,2026-05-17T19:26:43.911051+00:00
2834,INPROC_E2AAA4,1,10,team2,Team 2 (E/W),53,67,24,♥,finished,2026-05-17T19:26:43.926616+00:00
2835,INPROC_C70EE4,1,10,team2,Team 2 (E/W),54,66,15,♦,finished,2026-05-17T19:26:43.940911+00:00
2836,INPROC_D5403D,1,10,team1,Team 1 (N/S),85,35,25,♥,finished,2026-05-17T19:26:43.958658+00:00
2837,INPROC_0C08DF,1,10,team1,Team 1 (N/S),61,59,31,♠,finished,2026-05-17T19:26:43.978533+00:00
2838,INPROC_372DA9,1,10,team2,Team 2 (E/W),31,89,22,♥,finished,2026-05-17T19:26:43.998912+00:00
2839,INPROC_C8C19E,1,10,team2,Team 2 (E/W),32,88,34,♠,finished,2026-05-17T19:26:44.018600+00:00
2840,INPROC_CEBA3F,1,10,team1,Team 1 (N/S),63,57,11,♦,finished,2026-05-17T19:26:44.036465+00:00
2841,INPROC_6A8022,1,10,team1,Team 1 (N/S),96,24,12,♦,finished,2026-05-17T19:26:44.052793+00:00
2842,INPROC_5EF3C2,1,10,team2,Team 2 (E/W),25,95,6,♣,finished,2026-05-17T19:26:44.069992+00:00
2843,INPROC_7E6C17,1,10,team2,Team 2 (E/W),37,83,23,♥,finished,2026-05-17T19:26:44.086258+00:00
2844,INPROC_070843,1,10,team2,Team 2 (E/W),45,75,28,♥,finished,2026-05-17T19:26:44.105427+00:00
2845,INPROC_BA2B36,1,10,team2,Team 2 (E/W),40,80,33,♠,finished,2026-05-17T19:26:44.121424+00:00
2846,INPROC_63E5C6,1,10,team1,Team 1 (N/S),61,59,33,♠,finished,2026-05-17T19:26:44.135078+00:00
2847,INPROC_07638A,1,10,team2,Team 2 (E/W),41,79,37,♠,finished,2026-05-17T19:26:44.152800+00:00
2848,INPROC_DB0A92,1,10,team2,Team 2 (E/W),32,88,36,♠,finished,2026-05-17T19:26:44.170483+00:00
2849,INPROC_FDA0AE,1,10,team2,Team 2 (E/W),5,115,23,♥,finished,2026-05-17T19:26:44.188488+00:00
2850,INPROC_F64C98,1,10,team1,Team 1 (N/S),62,58,6,♣,finished,2026-05-17T19:26:44.203918+00:00
2851,INPROC_06EAB4,1,10,team2,Team 2 (E/W),31,89,39,♠,finished,2026-05-17T19:26:44.220187+00:00
2852,INPROC_55AC2F,1,10,team2,Team 2 (E/W),38,82,30,♠,finished,2026-05-17T19:26:44.235935+00:00
2853,INPROC_CFC86A,1,10,team2,Team 2 (E/W),54,66,1,♣,finished,2026-05-17T19:26:44.252646+00:00
2854,INPROC_99BB06,1,10,team1,Team 1 (N/S),86,34,12,♦,finished,2026-05-17T19:26:44.267998+00:00
2855,INPROC_1C2BD8,1,10,draw,draw,60,60,24,♥,finished,2026-05-17T19:26:44.282365+00:00
2856,INPROC_7FFF9E,1,10,team1,Team 1 (N/S),89,31,30,♠,finished,2026-05-17T19:26:44.297769+00:00
2857,INPROC_963158,1,10,team2,Team 2 (E/W),38,82,18,♦,finished,2026-05-17T19:26:44.309017+00:00
2858,INPROC_589E65,1,10,team2,Team 2 (E/W),29,91,35,♠,finished,2026-05-17T19:26:44.323287+00:00
2859,INPROC_5E7A48,1,10,team1,Team 1 (N/S),69,51,7,♣,finished,2026-05-17T19:26:44.337283+00:00
2860,INPROC_916640,1,10,team2,Team 2 (E/W),28,92,20,♥,finished,2026-05-17T19:26:44.352776+00:00
2861,INPROC_B7A51A,1,10,team2,Team 2 (E/W),53,67,32,♠,finished,2026-05-17T19:26:44.370812+00:00
2862,INPROC_09F18C,1,10,team1,Team 1 (N/S),80,40,23,♥,finished,2026-05-17T19:26:44.387918+00:00
2863,INPROC_7EE185,1,10,team1,Team 1 (N/S),103,17,23,♥,finished,2026-05-17T19:26:44.400763+00:00
2864,INPROC_EE8D5A,1,10,team1,Team 1 (N/S),102,18,5,♣,finished,2026-05-17T19:26:44.428261+00:00
2865,INPROC_E2F826,1,10,team1,Team 1 (N/S),98,22,5,♣,finished,2026-05-17T19:26:44.445274+00:00
2866,INPROC_2A2EBB,1,10,team2,Team 2 (E/W),55,65,19,♦,finished,2026-05-17T19:26:44.466813+00:00
2867,INPROC_B711FE,1,10,team2,Team 2 (E/W),24,96,8,♣,finished,2026-05-17T19:26:44.483942+00:00
2868,INPROC_BBFA68,1,10,team2,Team 2 (E/W),40,80,26,♥,finished,2026-05-17T19:26:44.502069+00:00
2869,INPROC_862B90,1,10,team2,Team 2 (E/W),34,86,4,♣,finished,2026-05-17T19:26:44.521982+00:00
2870,INPROC_3A920E,1,10,team1,Team 1 (N/S),74,46,8,♣,finished,2026-05-17T19:26:44.534044+00:00
2871,INPROC_291E69,1,10,team2,Team 2 (E/W),44,76,29,♥,finished,2026-05-17T19:26:44.545377+00:00
2872,INPROC_80E793,1,10,team2,Team 2 (E/W),57,63,11,♦,finished,2026-05-17T19:26:44.559178+00:00
2873,INPROC_A0EE9E,1,10,team2,Team 2 (E/W),25,95,2,♣,finished,2026-05-17T19:26:44.574475+00:00
2874,INPROC_3451DB,1,10,team2,Team 2 (E/W),49,71,24,♥,finished,2026-05-17T19:26:44.591347+00:00
2875,INPROC_B90D9E,1,10,draw,draw,60,60,28,♥,finished,2026-05-17T19:26:44.610069+00:00
2876,INPROC_384A7B,1,10,team1,Team 1 (N/S),96,24,27,♥,finished,2026-05-17T19:26:44.626180+00:00
2877,INPROC_3E2ABE,1,10,team2,Team 2 (E/W),30,90,19,♦,finished,2026-05-17T19:26:44.642442+00:00
2878,INPROC_3B6DEA,1,10,team2,Team 2 (E/W),15,105,3,♣,finished,2026-05-17T19:26:44.658623+00:00
2879,INPROC_1D9CF7,1,10,team1,Team 1 (N/S),107,13,31,♠,finished,2026-05-17T19:26:44.671790+00:00
2880,INPROC_2E2020,1,10,team2,Team 2 (E/W),35,85,38,♠,finished,2026-05-17T19:26:44.683765+00:00
2881,INPROC_6FE7CF,1,10,team2,Team 2 (E/W),37,83,30,♠,finished,2026-05-17T19:26:44.700085+00:00
2882,INPROC_7F9D2F,1,10,team2,Team 2 (E/W),51,69,1,♣,finished,2026-05-17T19:26:44.717506+00:00
2883,INPROC_14F0B9,1,10,team1,Team 1 (N/S),68,52,3,♣,finished,2026-05-17T19:26:44.733955+00:00
2884,INPROC_6AEACC,1,10,team2,Team 2 (E/W),11,109,39,♠,finished,2026-05-17T19:26:44.747754+00:00
2885,INPROC_3FBD11,1,10,team2,Team 2 (E/W),46,74,9,♣,finished,2026-05-17T19:26:44.764988+00:00
2886,INPROC_BBC01D,1,10,team2,Team 2 (E/W),21,99,14,♦,finished,2026-05-17T19:26:44.782745+00:00
2887,INPROC_69A39B,1,10,team1,Team 1 (N/S),64,56,38,♠,finished,2026-05-17T19:26:44.797881+00:00
2888,INPROC_ACB46B,1,10,team2,Team 2 (E/W),52,68,16,♦,finished,2026-05-17T19:26:44.812459+00:00
2889,INPROC_F52354,1,10,team1,Team 1 (N/S),101,19,25,♥,finished,2026-05-17T19:26:44.827786+00:00
2890,INPROC_F2B5E7,1,10,team2,Team 2 (E/W),33,87,22,♥,finished,2026-05-17T19:26:44.842994+00:00
2891,INPROC_5A0867,1,10,team2,Team 2 (E/W),51,69,8,♣,finished,2026-05-17T19:26:44.859675+00:00
2892,INPROC_9E75AC,1,10,team2,Team 2 (E/W),33,87,12,♦,finished,2026-05-17T19:26:44.875839+00:00
2893,INPROC_419618,1,10,team2,Team 2 (E/W),29,91,0,♣,finished,2026-05-17T19:26:44.892614+00:00
2894,INPROC_FA6CF7,1,10,team2,Team 2 (E/W),20,100,29,♥,finished,2026-05-17T19:26:44.909832+00:00
2895,INPROC_4930B7,1,10,team1,Team 1 (N/S),62,58,23,♥,finished,2026-05-17T19:26:44.925355+00:00
2896,INPROC_988815,1,10,team1,Team 1 (N/S),67,53,26,♥,finished,2026-05-17T19:26:44.939063+00:00
2897,INPROC_BB3CBB,1,10,team2,Team 2 (E/W),33,87,24,♥,finished,2026-05-17T19:26:44.949150+00:00
2898,INPROC_4D3F67,1,10,team2,Team 2 (E/W),30,90,9,♣,finished,2026-05-17T19:26:44.966998+00:00
2899,INPROC_785469,1,10,team1,Team 1 (N/S),103,17,26,♥,finished,2026-05-17T19:26:44.985137+00:00
2900,INPROC_2F9D4A,1,10,team2,Team 2 (E/W),24,96,6,♣,finished,2026-05-17T19:26:45.002803+00:00
2901,INPROC_3C0A91,1,10,team2,Team 2 (E/W),44,76,33,♠,finished,2026-05-17T19:26:45.021000+00:00
2902,INPROC_EF71D9,1,10,team2,Team 2 (E/W),58,62,27,♥,finished,2026-05-17T19:26:45.040129+00:00
2903,INPROC_BCA959,1,10,draw,draw,60,60,38,♠,finished,2026-05-17T19:26:45.057355+00:00
2904,INPROC_566091,1,10,team2,Team 2 (E/W),48,72,35,♠,finished,2026-05-17T19:26:45.073705+00:00
2905,INPROC_6D3765,1,10,team1,Team 1 (N/S),77,43,1,♣,finished,2026-05-17T19:26:45.090320+00:00
2906,INPROC_FD885D,1,10,team2,Team 2 (E/W),7,113,19,♦,finished,2026-05-17T19:26:45.105254+00:00
2907,INPROC_89E5B0,1,10,team2,Team 2 (E/W),39,81,4,♣,finished,2026-05-17T19:26:45.123561+00:00
2908,INPROC_E26CC5,1,10,team2,Team 2 (E/W),53,67,36,♠,finished,2026-05-17T19:26:45.144156+00:00
2909,INPROC_325580,1,10,team1,Team 1 (N/S),67,53,37,♠,finished,2026-05-17T19:26:45.160742+00:00
2910,INPROC_77A197,1,10,team2,Team 2 (E/W),24,96,31,♠,finished,2026-05-17T19:26:45.175777+00:00
2911,INPROC_7C1C01,1,10,team2,Team 2 (E/W),14,106,13,♦,finished,2026-05-17T19:26:45.194772+00:00
2912,INPROC_84BC4C,1,10,team1,Team 1 (N/S),73,47,0,♣,finished,2026-05-17T19:26:45.205229+00:00
2913,INPROC_D4CF4D,1,10,team2,Team 2 (E/W),50,70,33,♠,finished,2026-05-17T19:26:45.217233+00:00
2914,INPROC_479BDC,1,10,team2,Team 2 (E/W),37,83,31,♠,finished,2026-05-17T19:26:45.232575+00:00
2915,INPROC_84F70F,1,10,team2,Team 2 (E/W),54,66,34,♠,finished,2026-05-17T19:26:45.249083+00:00
2916,INPROC_CEFC28,1,10,team1,Team 1 (N/S),67,53,21,♥,finished,2026-05-17T19:26:45.265593+00:00
2917,INPROC_3E4BA8,1,10,team1,Team 1 (N/S),95,25,31,♠,finished,2026-05-17T19:26:45.281076+00:00
2918,INPROC_D4DDE5,1,10,team2,Team 2 (E/W),42,78,27,♥,finished,2026-05-17T19:26:45.292668+00:00
2919,INPROC_7C3F4B,1,10,team2,Team 2 (E/W),57,63,32,♠,finished,2026-05-17T19:26:45.307136+00:00
2920,INPROC_E88AE9,1,10,team2,Team 2 (E/W),55,65,20,♥,finished,2026-05-17T19:26:45.322711+00:00
2921,INPROC_60C128,1,10,team2,Team 2 (E/W),44,76,5,♣,finished,2026-05-17T19:26:45.337733+00:00
2922,INPROC_166D89,1,10,team1,Team 1 (N/S),72,48,20,♥,finished,2026-05-17T19:26:45.354431+00:00
2923,INPROC_C86FE7,1,10,team2,Team 2 (E/W),27,93,32,♠,finished,2026-05-17T19:26:45.372289+00:00
2924,INPROC_71354C,1,10,team2,Team 2 (E/W),46,74,9,♣,finished,2026-05-17T19:26:45.389688+00:00
2925,INPROC_0EAEDA,1,10,team2,Team 2 (E/W),42,78,5,♣,finished,2026-05-17T19:26:45.407721+00:00
2926,INPROC_A49C30,1,10,team2,Team 2 (E/W),55,65,4,♣,finished,2026-05-17T19:26:45.418813+00:00
2927,INPROC_D7B11C,1,10,team1,Team 1 (N/S),101,19,12,♦,finished,2026-05-17T19:26:45.433013+00:00
2928,INPROC_020EEC,1,10,team1,Team 1 (N/S),86,34,32,♠,finished,2026-05-17T19:26:45.449569+00:00
2929,INPROC_872444,1,10,team1,Team 1 (N/S),105,15,20,♥,finished,2026-05-17T19:26:45.464643+00:00
2930,INPROC_FA9ACD,1,10,team1,Team 1 (N/S),93,27,24,♥,finished,2026-05-17T19:26:45.475800+00:00
2931,INPROC_A074B8,1,10,team2,Team 2 (E/W),20,100,10,♦,finished,2026-05-17T19:26:45.490674+00:00
2932,INPROC_AC4232,1,10,team1,Team 1 (N/S),74,46,4,♣,finished,2026-05-17T19:26:45.506811+00:00
2933,INPROC_952927,1,10,team1,Team 1 (N/S),64,56,20,♥,finished,2026-05-17T19:26:45.524701+00:00
2934,INPROC_FCC0E5,1,10,team2,Team 2 (E/W),47,73,2,♣,finished,2026-05-17T19:26:45.543510+00:00
2935,INPROC_EFDA69,1,10,team2,Team 2 (E/W),58,62,31,♠,finished,2026-05-17T19:26:45.565866+00:00
2936,INPROC_022340,1,10,team2,Team 2 (E/W),45,75,12,♦,finished,2026-05-17T19:26:45.585272+00:00
2937,INPROC_669E0C,1,10,team1,Team 1 (N/S),77,43,25,♥,finished,2026-05-17T19:26:45.604239+00:00
2938,INPROC_28F570,1,10,team2,Team 2 (E/W),28,92,35,♠,finished,2026-05-17T19:26:45.624222+00:00
2939,INPROC_B34E11,1,10,team2,Team 2 (E/W),46,74,5,♣,finished,2026-05-17T19:26:45.643998+00:00
2940,INPROC_A42ACE,1,10,team1,Team 1 (N/S),63,57,6,♣,finished,2026-05-17T19:26:45.662224+00:00
2941,INPROC_5E7801,1,10,team1,Team 1 (N/S),99,21,24,♥,finished,2026-05-17T19:26:45.678749+00:00
2942,INPROC_8D1026,1,10,team2,Team 2 (E/W),16,104,2,♣,finished,2026-05-17T19:26:45.693340+00:00
2943,INPROC_F58CB3,1,10,team2,Team 2 (E/W),36,84,27,♥,finished,2026-05-17T19:26:45.708991+00:00
2944,INPROC_5A287A,1,10,team2,Team 2 (E/W),46,74,9,♣,finished,2026-05-17T19:26:45.725139+00:00
2945,INPROC_9F70ED,1,10,team1,Team 1 (N/S),78,42,32,♠,finished,2026-05-17T19:26:45.738418+00:00
2946,INPROC_820CE0,1,10,team1,Team 1 (N/S),62,58,7,♣,finished,2026-05-17T19:26:45.750737+00:00
2947,INPROC_86A00C,1,10,team2,Team 2 (E/W),50,70,7,♣,finished,2026-05-17T19:26:45.767013+00:00
2948,INPROC_6C3F26,1,10,team2,Team 2 (E/W),38,82,21,♥,finished,2026-05-17T19:26:45.785515+00:00
2949,INPROC_D2C516,1,10,team2,Team 2 (E/W),33,87,22,♥,finished,2026-05-17T19:26:45.803516+00:00
2950,INPROC_70D75B,1,10,team2,Team 2 (E/W),51,69,7,♣,finished,2026-05-17T19:26:45.820624+00:00
2951,INPROC_6A25CC,1,10,team1,Team 1 (N/S),78,42,27,♥,finished,2026-05-17T19:26:45.836200+00:00
2952,INPROC_98546D,1,10,team1,Team 1 (N/S),71,49,26,♥,finished,2026-05-17T19:26:45.852114+00:00
2953,INPROC_F1856F,1,10,team1,Team 1 (N/S),73,47,35,♠,finished,2026-05-17T19:26:45.868341+00:00
2954,INPROC_3797A9,1,10,team2,Team 2 (E/W),56,64,7,♣,finished,2026-05-17T19:26:45.883832+00:00
2955,INPROC_06DDAE,1,10,team1,Team 1 (N/S),71,49,8,♣,finished,2026-05-17T19:26:45.898418+00:00
2956,INPROC_6C8E37,1,10,team1,Team 1 (N/S),86,34,36,♠,finished,2026-05-17T19:26:45.914579+00:00
2957,INPROC_B22B5D,1,10,team1,Team 1 (N/S),66,54,6,♣,finished,2026-05-17T19:26:45.930188+00:00
2958,INPROC_1FEEA6,1,10,team1,Team 1 (N/S),83,37,36,♠,finished,2026-05-17T19:26:45.942476+00:00
2959,INPROC_C12385,1,10,team2,Team 2 (E/W),45,75,26,♥,finished,2026-05-17T19:26:45.958594+00:00
2960,INPROC_C45ED4,1,10,draw,draw,60,60,7,♣,finished,2026-05-17T19:26:45.973407+00:00
2961,INPROC_1B8B21,1,10,team1,Team 1 (N/S),106,14,24,♥,finished,2026-05-17T19:26:45.989003+00:00
2962,INPROC_3D01C1,1,10,team1,Team 1 (N/S),64,56,21,♥,finished,2026-05-17T19:26:46.001832+00:00
2963,INPROC_E5DA43,1,10,team2,Team 2 (E/W),57,63,30,♠,finished,2026-05-17T19:26:46.013607+00:00
2964,INPROC_600B8D,1,10,team2,Team 2 (E/W),55,65,29,♥,finished,2026-05-17T19:26:46.025060+00:00
2965,INPROC_6E6AE3,1,10,team1,Team 1 (N/S),69,51,3,♣,finished,2026-05-17T19:26:46.042262+00:00
2966,INPROC_5E39BE,1,10,team1,Team 1 (N/S),95,25,2,♣,finished,2026-05-17T19:26:46.062732+00:00
2967,INPROC_2E4A0C,1,10,team1,Team 1 (N/S),74,46,11,♦,finished,2026-05-17T19:26:46.082605+00:00
2968,INPROC_ABA0C1,1,10,team1,Team 1 (N/S),93,27,5,♣,finished,2026-05-17T19:26:46.100724+00:00
2969,INPROC_28F367,1,10,team2,Team 2 (E/W),37,83,9,♣,finished,2026-05-17T19:26:46.119625+00:00
2970,INPROC_3E43DA,1,10,team2,Team 2 (E/W),11,109,37,♠,finished,2026-05-17T19:26:46.136647+00:00
2971,INPROC_261188,1,10,team1,Team 1 (N/S),62,58,22,♥,finished,2026-05-17T19:26:46.152957+00:00
2972,INPROC_3E0925,1,10,team1,Team 1 (N/S),75,45,20,♥,finished,2026-05-17T19:26:46.172713+00:00
2973,INPROC_FC0A5D,1,10,team1,Team 1 (N/S),61,59,26,♥,finished,2026-05-17T19:26:46.190663+00:00
2974,INPROC_EE0091,1,10,team1,Team 1 (N/S),75,45,24,♥,finished,2026-05-17T19:26:46.208216+00:00
2975,INPROC_92EB24,1,10,team1,Team 1 (N/S),97,23,23,♥,finished,2026-05-17T19:26:46.228133+00:00
2976,INPROC_A37833,1,10,team2,Team 2 (E/W),59,61,25,♥,finished,2026-05-17T19:26:46.248704+00:00
2977,INPROC_3E8CCD,1,10,team2,Team 2 (E/W),5,115,28,♥,finished,2026-05-17T19:26:46.267746+00:00
2978,INPROC_7B2B2D,1,10,team2,Team 2 (E/W),37,83,12,♦,finished,2026-05-17T19:26:46.280525+00:00
2979,INPROC_EB4B70,1,10,team2,Team 2 (E/W),45,75,27,♥,finished,2026-05-17T19:26:46.292119+00:00
2980,INPROC_2DB11B,1,10,team2,Team 2 (E/W),39,81,15,♦,finished,2026-05-17T19:26:46.309928+00:00
2981,INPROC_6EE3EA,1,10,team1,Team 1 (N/S),81,39,8,♣,finished,2026-05-17T19:26:46.328909+00:00
2982,INPROC_DE11D1,1,10,team1,Team 1 (N/S),83,37,7,♣,finished,2026-05-17T19:26:46.343847+00:00
2983,INPROC_9E180D,1,10,team2,Team 2 (E/W),34,86,10,♦,finished,2026-05-17T19:26:46.360474+00:00
2984,INPROC_90F715,1,10,team2,Team 2 (E/W),42,78,20,♥,finished,2026-05-17T19:26:46.373391+00:00
2985,INPROC_05A4BD,1,10,team2,Team 2 (E/W),47,73,14,♦,finished,2026-05-17T19:26:46.391298+00:00
2986,INPROC_0C3798,1,10,team2,Team 2 (E/W),33,87,3,♣,finished,2026-05-17T19:26:46.409536+00:00
2987,INPROC_04A466,1,10,team1,Team 1 (N/S),111,9,32,♠,finished,2026-05-17T19:26:46.427737+00:00
2988,INPROC_59BD3B,1,10,team1,Team 1 (N/S),70,50,30,♠,finished,2026-05-17T19:26:46.446541+00:00
2989,INPROC_024276,1,10,team2,Team 2 (E/W),36,84,15,♦,finished,2026-05-17T19:26:46.459595+00:00
2990,INPROC_16F5B6,1,10,team2,Team 2 (E/W),52,68,22,♥,finished,2026-05-17T19:26:46.477218+00:00
2991,INPROC_4D92F1,1,10,team1,Team 1 (N/S),84,36,35,♠,finished,2026-05-17T19:26:46.494626+00:00
2992,INPROC_7970A6,1,10,team2,Team 2 (E/W),48,72,12,♦,finished,2026-05-17T19:26:46.512297+00:00
2993,INPROC_83FF28,1,10,team2,Team 2 (E/W),32,88,5,♣,finished,2026-05-17T19:26:46.525374+00:00
2994,INPROC_4FB93A,1,10,team2,Team 2 (E/W),50,70,11,♦,finished,2026-05-17T19:26:46.538290+00:00
2995,INPROC_286F59,1,10,team2,Team 2 (E/W),56,64,6,♣,finished,2026-05-17T19:26:46.553379+00:00
2996,INPROC_05F60A,1,10,team2,Team 2 (E/W),55,65,34,♠,finished,2026-05-17T19:26:46.571220+00:00
2997,INPROC_893D97,1,10,team2,Team 2 (E/W),53,67,23,♥,finished,2026-05-17T19:26:46.591867+00:00
2998,INPROC_4DFD29,1,10,team1,Team 1 (N/S),99,21,6,♣,finished,2026-05-17T19:26:46.610290+00:00
2999,INPROC_6A1AB6,1,10,team1,Team 1 (N/S),80,40,39,♠,finished,2026-05-17T19:26:46.628435+00:00
3000,INPROC_6E9398,1,10,team2,Team 2 (E/W),46,74,7,♣,finished,2026-05-17T19:26:46.647410+00:00
3001,INPROC_83233B,1,10,team1,Team 1 (N/S),96,24,14,♦,finished,2026-05-17T19:26:46.666435+00:00
3002,INPROC_3FD4B8,1,10,team2,Team 2 (E/W),39,81,28,♥,finished,2026-05-17T19:26:46.686540+00:00
3003,INPROC_31348F,1,10,team1,Team 1 (N/S),78,42,18,♦,finished,2026-05-17T19:26:46.707063+00:00
3004,INPROC_CF8CAE,1,10,team2,Team 2 (E/W),45,75,29,♥,finished,2026-05-17T19:26:46.726109+00:00
3005,INPROC_E74172,1,10,team1,Team 1 (N/S),75,45,13,♦,finished,2026-05-17T19:26:46.745511+00:00
3006,INPROC_C0CAF2,1,10,team2,Team 2 (E/W),19,101,19,♦,finished,2026-05-17T19:26:46.762447+00:00
3007,INPROC_6294CF,1,10,team2,Team 2 (E/W),25,95,20,♥,finished,2026-05-17T19:26:46.776990+00:00
3008,INPROC_0FC9AB,1,10,team2,Team 2 (E/W),48,72,3,♣,finished,2026-05-17T19:26:46.790818+00:00
3009,INPROC_256E4E,1,10,draw,draw,60,60,18,♦,finished,2026-05-17T19:26:46.806394+00:00
3010,INPROC_3D41DF,1,10,team2,Team 2 (E/W),54,66,17,♦,finished,2026-05-17T19:26:46.817797+00:00
3011,INPROC_0062F3,1,10,team1,Team 1 (N/S),97,23,10,♦,finished,2026-05-17T19:26:46.833768+00:00
3012,INPROC_2EF207,1,10,team2,Team 2 (E/W),45,75,19,♦,finished,2026-05-17T19:26:46.852447+00:00
3013,INPROC_9B42C3,1,10,team2,Team 2 (E/W),58,62,28,♥,finished,2026-05-17T19:26:46.871938+00:00
3014,INPROC_7D6D14,1,10,team2,Team 2 (E/W),46,74,27,♥,finished,2026-05-17T19:26:46.890950+00:00
3015,INPROC_A92830,1,10,team2,Team 2 (E/W),36,84,0,♣,finished,2026-05-17T19:26:46.910456+00:00
3016,INPROC_D9A5AC,1,10,team1,Team 1 (N/S),80,40,35,♠,finished,2026-05-17T19:26:46.931079+00:00
3017,INPROC_49035C,1,10,team2,Team 2 (E/W),44,76,32,♠,finished,2026-05-17T19:26:46.949313+00:00
3018,INPROC_480811,1,10,team2,Team 2 (E/W),46,74,1,♣,finished,2026-05-17T19:26:46.968319+00:00
3019,INPROC_E80377,1,10,team2,Team 2 (E/W),55,65,34,♠,finished,2026-05-17T19:26:46.986388+00:00
3020,INPROC_554607,1,10,team2,Team 2 (E/W),58,62,19,♦,finished,2026-05-17T19:26:47.006882+00:00
3021,INPROC_B25D14,1,10,team2,Team 2 (E/W),59,61,4,♣,finished,2026-05-17T19:26:47.023691+00:00
3022,INPROC_B4341C,1,10,team2,Team 2 (E/W),38,82,25,♥,finished,2026-05-17T19:26:47.039093+00:00
3023,INPROC_28DF79,1,10,team2,Team 2 (E/W),56,64,22,♥,finished,2026-05-17T19:26:47.055511+00:00
3024,INPROC_BF46BD,1,10,team2,Team 2 (E/W),41,79,22,♥,finished,2026-05-17T19:26:47.069323+00:00
3025,INPROC_6D8940,1,10,team2,Team 2 (E/W),53,67,4,♣,finished,2026-05-17T19:26:47.082014+00:00
3026,INPROC_061EE5,1,10,team1,Team 1 (N/S),91,29,25,♥,finished,2026-05-17T19:26:47.096676+00:00
3027,INPROC_6DDFC9,1,10,team1,Team 1 (N/S),82,38,25,♥,finished,2026-05-17T19:26:47.111720+00:00
3028,INPROC_3CEC95,1,10,team2,Team 2 (E/W),55,65,18,♦,finished,2026-05-17T19:26:47.130044+00:00
3029,INPROC_802045,1,10,team2,Team 2 (E/W),3,117,10,♦,finished,2026-05-17T19:26:47.146372+00:00
3030,INPROC_C280C2,1,10,team2,Team 2 (E/W),38,82,4,♣,finished,2026-05-17T19:26:47.162738+00:00
3031,INPROC_3F6395,1,10,team2,Team 2 (E/W),54,66,13,♦,finished,2026-05-17T19:26:47.180466+00:00
3032,INPROC_582906,1,10,team1,Team 1 (N/S),70,50,19,♦,finished,2026-05-17T19:26:47.288537+00:00
3033,INPROC_EA6198,1,10,team1,Team 1 (N/S),84,36,32,♠,finished,2026-05-17T19:26:47.382579+00:00
3034,INPROC_2071A0,1,10,team2,Team 2 (E/W),59,61,17,♦,finished,2026-05-17T19:26:47.403361+00:00
3035,INPROC_289AE0,1,10,team1,Team 1 (N/S),88,32,26,♥,finished,2026-05-17T19:26:47.421442+00:00
3036,INPROC_FA6DE9,1,10,team1,Team 1 (N/S),84,36,5,♣,finished,2026-05-17T19:26:47.435956+00:00
3037,INPROC_BB4657,1,10,team1,Team 1 (N/S),84,36,38,♠,finished,2026-05-17T19:26:47.449404+00:00
3038,INPROC_759D81,1,10,team1,Team 1 (N/S),63,57,11,♦,finished,2026-05-17T19:26:47.469431+00:00
3039,INPROC_421772,1,10,team1,Team 1 (N/S),99,21,3,♣,finished,2026-05-17T19:26:47.488833+00:00
3040,INPROC_DFF460,1,10,team1,Team 1 (N/S),65,55,9,♣,finished,2026-05-17T19:26:47.509079+00:00
3041,INPROC_15011C,1,10,team2,Team 2 (E/W),27,93,2,♣,finished,2026-05-17T19:26:47.519712+00:00
3042,INPROC_7BB854,1,10,team1,Team 1 (N/S),61,59,37,♠,finished,2026-05-17T19:26:47.536946+00:00
3043,INPROC_723C2A,1,10,team1,Team 1 (N/S),62,58,9,♣,finished,2026-05-17T19:26:47.553250+00:00
3044,INPROC_618A74,1,10,team2,Team 2 (E/W),54,66,6,♣,finished,2026-05-17T19:26:47.571546+00:00
3045,INPROC_174627,1,10,team1,Team 1 (N/S),100,20,4,♣,finished,2026-05-17T19:26:47.589754+00:00
3046,INPROC_E370BC,1,10,team2,Team 2 (E/W),36,84,36,♠,finished,2026-05-17T19:26:47.603873+00:00
3047,INPROC_9011AB,1,10,team1,Team 1 (N/S),71,49,18,♦,finished,2026-05-17T19:26:47.619613+00:00
3048,INPROC_476A21,1,10,team2,Team 2 (E/W),12,108,8,♣,finished,2026-05-17T19:26:47.637148+00:00
3049,INPROC_25C0C7,1,10,team2,Team 2 (E/W),55,65,25,♥,finished,2026-05-17T19:26:47.650793+00:00
3050,INPROC_5DAED3,1,10,team2,Team 2 (E/W),53,67,17,♦,finished,2026-05-17T19:26:47.668408+00:00
3051,INPROC_F690E8,1,10,team1,Team 1 (N/S),74,46,25,♥,finished,2026-05-17T19:26:47.685565+00:00
3052,INPROC_0ED1A6,1,10,team1,Team 1 (N/S),97,23,22,♥,finished,2026-05-17T19:26:47.701045+00:00
3053,INPROC_3DD770,1,10,team1,Team 1 (N/S),85,35,24,♥,finished,2026-05-17T19:26:47.720264+00:00
3054,INPROC_2218D5,1,10,team1,Team 1 (N/S),85,35,26,♥,finished,2026-05-17T19:26:47.737857+00:00
3055,INPROC_BB3646,1,10,team2,Team 2 (E/W),33,87,38,♠,finished,2026-05-17T19:26:47.755377+00:00
3056,INPROC_71D519,1,10,team2,Team 2 (E/W),51,69,22,♥,finished,2026-05-17T19:26:47.772321+00:00
3057,INPROC_2BE376,1,10,team2,Team 2 (E/W),27,93,38,♠,finished,2026-05-17T19:26:47.788978+00:00
3058,INPROC_FA15D3,1,10,team1,Team 1 (N/S),97,23,22,♥,finished,2026-05-17T19:26:47.807666+00:00
3059,INPROC_24BAF8,1,10,team2,Team 2 (E/W),51,69,2,♣,finished,2026-05-17T19:26:47.824979+00:00
3060,INPROC_0D371B,1,10,team2,Team 2 (E/W),28,92,32,♠,finished,2026-05-17T19:26:47.843591+00:00
3061,INPROC_7BB2B2,1,10,team1,Team 1 (N/S),98,22,10,♦,finished,2026-05-17T19:26:47.864194+00:00
3062,INPROC_778227,1,10,team2,Team 2 (E/W),25,95,29,♥,finished,2026-05-17T19:26:47.933358+00:00
3063,INPROC_2A794B,1,10,team2,Team 2 (E/W),47,73,37,♠,finished,2026-05-17T19:26:47.960763+00:00
3064,INPROC_353759,1,10,team1,Team 1 (N/S),68,52,37,♠,finished,2026-05-17T19:26:47.978253+00:00
3065,INPROC_A15A50,1,10,team2,Team 2 (E/W),50,70,18,♦,finished,2026-05-17T19:26:47.996720+00:00
3066,INPROC_657484,1,10,team2,Team 2 (E/W),35,85,36,♠,finished,2026-05-17T19:26:48.016004+00:00
3067,INPROC_233D75,1,10,team1,Team 1 (N/S),85,35,30,♠,finished,2026-05-17T19:26:48.033520+00:00
3068,INPROC_88F429,1,10,team2,Team 2 (E/W),53,67,22,♥,finished,2026-05-17T19:26:48.050989+00:00
3069,INPROC_61AD62,1,10,team1,Team 1 (N/S),86,34,23,♥,finished,2026-05-17T19:26:48.070548+00:00
3070,INPROC_CAE754,1,10,team1,Team 1 (N/S),64,56,3,♣,finished,2026-05-17T19:26:48.091322+00:00
3071,INPROC_EC807C,1,10,team1,Team 1 (N/S),73,47,36,♠,finished,2026-05-17T19:26:48.112313+00:00
3072,INPROC_506901,1,10,team1,Team 1 (N/S),69,51,27,♥,finished,2026-05-17T19:26:48.132397+00:00
3073,INPROC_18AD10,1,10,team2,Team 2 (E/W),31,89,25,♥,finished,2026-05-17T19:26:48.170359+00:00
3074,INPROC_AEB3DF,1,10,team2,Team 2 (E/W),55,65,39,♠,finished,2026-05-17T19:26:48.190192+00:00
3075,INPROC_16C2A3,1,10,team2,Team 2 (E/W),54,66,22,♥,finished,2026-05-17T19:26:48.210514+00:00
3076,INPROC_8DEA95,1,10,team2,Team 2 (E/W),36,84,31,♠,finished,2026-05-17T19:26:48.232918+00:00
3077,INPROC_E26C2F,1,10,team1,Team 1 (N/S),81,39,18,♦,finished,2026-05-17T19:26:48.255815+00:00
3078,INPROC_B79FCE,1,10,team1,Team 1 (N/S),71,49,14,♦,finished,2026-05-17T19:26:48.279359+00:00
3079,INPROC_C90C61,1,10,team1,Team 1 (N/S),88,32,1,♣,finished,2026-05-17T19:26:48.298784+00:00
3080,INPROC_39127B,1,10,team1,Team 1 (N/S),73,47,6,♣,finished,2026-05-17T19:26:48.316947+00:00
3081,INPROC_FED9BE,1,10,team1,Team 1 (N/S),70,50,4,♣,finished,2026-05-17T19:26:48.337009+00:00
3082,INPROC_CEC9DE,1,10,team2,Team 2 (E/W),51,69,34,♠,finished,2026-05-17T19:26:48.358106+00:00
3083,INPROC_BDAD1F,1,10,team2,Team 2 (E/W),28,92,22,♥,finished,2026-05-17T19:26:48.381284+00:00
3084,INPROC_639029,1,10,team1,Team 1 (N/S),71,49,1,♣,finished,2026-05-17T19:26:48.403187+00:00
3085,INPROC_6D2CD9,1,10,team1,Team 1 (N/S),106,14,38,♠,finished,2026-05-17T19:26:48.421184+00:00
3086,INPROC_98C591,1,10,team2,Team 2 (E/W),59,61,29,♥,finished,2026-05-17T19:26:48.442084+00:00
3087,INPROC_DD5CC5,1,10,team2,Team 2 (E/W),0,120,1,♣,finished,2026-05-17T19:26:48.460266+00:00
3088,INPROC_EEA58B,1,10,team1,Team 1 (N/S),80,40,20,♥,finished,2026-05-17T19:26:48.479578+00:00
3089,INPROC_0EE016,1,10,team2,Team 2 (E/W),38,82,6,♣,finished,2026-05-17T19:26:48.499547+00:00
3090,INPROC_A6CF34,1,10,team2,Team 2 (E/W),41,79,27,♥,finished,2026-05-17T19:26:48.517339+00:00
3091,INPROC_4A7B94,1,10,team2,Team 2 (E/W),30,90,34,♠,finished,2026-05-17T19:26:48.537196+00:00
3092,INPROC_389830,1,10,team1,Team 1 (N/S),86,34,16,♦,finished,2026-05-17T19:26:48.557295+00:00
3093,INPROC_D3751F,1,10,team1,Team 1 (N/S),65,55,5,♣,finished,2026-05-17T19:26:48.579361+00:00
3094,INPROC_EFF22F,1,10,team1,Team 1 (N/S),67,53,21,♥,finished,2026-05-17T19:26:48.603941+00:00
3095,INPROC_B95032,1,10,team2,Team 2 (E/W),2,118,11,♦,finished,2026-05-17T19:26:48.623130+00:00
3096,INPROC_22E01B,1,10,team2,Team 2 (E/W),34,86,35,♠,finished,2026-05-17T19:26:48.644282+00:00
3097,INPROC_1EBFD1,1,10,team1,Team 1 (N/S),67,53,31,♠,finished,2026-05-17T19:26:48.666875+00:00
3098,INPROC_BCB6D0,1,10,team2,Team 2 (E/W),29,91,8,♣,finished,2026-05-17T19:26:48.679869+00:00
3099,INPROC_39E698,1,10,team1,Team 1 (N/S),83,37,1,♣,finished,2026-05-17T19:26:48.700077+00:00
3100,INPROC_7E418E,1,10,team1,Team 1 (N/S),91,29,38,♠,finished,2026-05-17T19:26:48.720735+00:00
3101,INPROC_9B0D0C,1,10,team2,Team 2 (E/W),47,73,28,♥,finished,2026-05-17T19:26:48.740542+00:00
3102,INPROC_E7C4D9,1,10,team1,Team 1 (N/S),85,35,4,♣,finished,2026-05-17T19:26:48.761958+00:00
3103,INPROC_5CEDF9,1,10,team2,Team 2 (E/W),18,102,39,♠,finished,2026-05-17T19:26:48.783283+00:00
3104,INPROC_0833EA,1,10,team2,Team 2 (E/W),57,63,3,♣,finished,2026-05-17T19:26:48.803149+00:00
3105,INPROC_F9513A,1,10,team2,Team 2 (E/W),41,79,6,♣,finished,2026-05-17T19:26:48.821416+00:00
3106,INPROC_594A7D,1,10,team1,Team 1 (N/S),104,16,16,♦,finished,2026-05-17T19:26:48.838775+00:00
3107,INPROC_B64DCC,1,10,team2,Team 2 (E/W),50,70,28,♥,finished,2026-05-17T19:26:48.860238+00:00
3108,INPROC_98AF5A,1,10,team2,Team 2 (E/W),37,83,12,♦,finished,2026-05-17T19:26:48.882056+00:00
3109,INPROC_358933,1,10,team2,Team 2 (E/W),56,64,28,♥,finished,2026-05-17T19:26:48.907374+00:00
3110,INPROC_9BDA27,1,10,team2,Team 2 (E/W),51,69,5,♣,finished,2026-05-17T19:26:48.924416+00:00
3111,INPROC_624A26,1,10,team1,Team 1 (N/S),63,57,26,♥,finished,2026-05-17T19:26:48.941500+00:00
3112,INPROC_7D25B7,1,10,team2,Team 2 (E/W),47,73,1,♣,finished,2026-05-17T19:26:48.958930+00:00
3113,INPROC_A05EEF,1,10,team2,Team 2 (E/W),31,89,20,♥,finished,2026-05-17T19:26:48.975718+00:00
3114,INPROC_B6B1AB,1,10,team1,Team 1 (N/S),63,57,7,♣,finished,2026-05-17T19:26:48.993318+00:00
3115,INPROC_877914,1,10,team2,Team 2 (E/W),40,80,39,♠,finished,2026-05-17T19:26:49.012013+00:00
3116,INPROC_CE0296,1,10,team1,Team 1 (N/S),93,27,22,♥,finished,2026-05-17T19:26:49.030780+00:00
3117,INPROC_17852C,1,10,team2,Team 2 (E/W),27,93,1,♣,finished,2026-05-17T19:26:49.049131+00:00
3118,INPROC_0DE041,1,10,team1,Team 1 (N/S),77,43,37,♠,finished,2026-05-17T19:26:49.065054+00:00
3119,INPROC_BABE19,1,10,team2,Team 2 (E/W),49,71,3,♣,finished,2026-05-17T19:26:49.085706+00:00
3120,INPROC_9F8276,1,10,team2,Team 2 (E/W),59,61,20,♥,finished,2026-05-17T19:26:49.101133+00:00
3121,INPROC_A3AF77,1,10,team1,Team 1 (N/S),82,38,10,♦,finished,2026-05-17T19:26:49.120887+00:00
3122,INPROC_840DBE,1,10,team2,Team 2 (E/W),54,66,11,♦,finished,2026-05-17T19:26:49.139674+00:00
3123,INPROC_4C4812,1,10,team2,Team 2 (E/W),30,90,17,♦,finished,2026-05-17T19:26:49.158109+00:00
3124,INPROC_A6BE4E,1,10,team2,Team 2 (E/W),55,65,33,♠,finished,2026-05-17T19:26:49.175685+00:00
3125,INPROC_987A2D,1,10,team2,Team 2 (E/W),56,64,30,♠,finished,2026-05-17T19:26:49.190176+00:00
3126,INPROC_73E347,1,10,team1,Team 1 (N/S),116,4,11,♦,finished,2026-05-17T19:26:49.203275+00:00
3127,INPROC_F4C38E,1,10,team1,Team 1 (N/S),77,43,5,♣,finished,2026-05-17T19:26:49.219732+00:00
3128,INPROC_D8023E,1,10,team2,Team 2 (E/W),56,64,17,♦,finished,2026-05-17T19:26:49.235857+00:00
3129,INPROC_2E3D0D,1,10,team1,Team 1 (N/S),79,41,12,♦,finished,2026-05-17T19:26:49.252676+00:00
3130,INPROC_35A828,1,10,team2,Team 2 (E/W),39,81,25,♥,finished,2026-05-17T19:26:49.271550+00:00
3131,INPROC_276DE4,1,10,team2,Team 2 (E/W),25,95,35,♠,finished,2026-05-17T19:26:49.291280+00:00
3132,INPROC_1A4E4C,1,10,team1,Team 1 (N/S),94,26,35,♠,finished,2026-05-17T19:26:49.309618+00:00
3133,INPROC_2E070E,1,10,team1,Team 1 (N/S),88,32,22,♥,finished,2026-05-17T19:26:49.325161+00:00
3134,INPROC_222057,1,10,team1,Team 1 (N/S),80,40,27,♥,finished,2026-05-17T19:26:49.341677+00:00
3135,INPROC_E5611A,1,10,team2,Team 2 (E/W),6,114,32,♠,finished,2026-05-17T19:26:49.358040+00:00
3136,INPROC_AF752F,1,10,team2,Team 2 (E/W),40,80,4,♣,finished,2026-05-17T19:26:49.374667+00:00
3137,INPROC_05787C,1,10,team2,Team 2 (E/W),32,88,23,♥,finished,2026-05-17T19:26:49.389735+00:00
3138,INPROC_DAD1ED,1,10,team1,Team 1 (N/S),62,58,33,♠,finished,2026-05-17T19:26:49.405351+00:00
3139,INPROC_2BABFB,1,10,team2,Team 2 (E/W),57,63,18,♦,finished,2026-05-17T19:26:49.420185+00:00
3140,INPROC_15EA13,1,10,team2,Team 2 (E/W),22,98,27,♥,finished,2026-05-17T19:26:49.434177+00:00
3141,INPROC_74E4A2,1,10,team1,Team 1 (N/S),81,39,5,♣,finished,2026-05-17T19:26:49.454224+00:00
3142,INPROC_C03D95,1,10,team2,Team 2 (E/W),36,84,9,♣,finished,2026-05-17T19:26:49.471739+00:00
3143,INPROC_B15190,1,10,team1,Team 1 (N/S),82,38,19,♦,finished,2026-05-17T19:26:49.486425+00:00
3144,INPROC_AF26B9,1,10,team2,Team 2 (E/W),47,73,23,♥,finished,2026-05-17T19:26:49.502772+00:00
3145,INPROC_124C0C,1,10,team1,Team 1 (N/S),67,53,34,♠,finished,2026-05-17T19:26:49.519754+00:00
3146,INPROC_BD54C3,1,10,team2,Team 2 (E/W),49,71,23,♥,finished,2026-05-17T19:26:49.536344+00:00
3147,INPROC_6A721C,1,10,team1,Team 1 (N/S),71,49,17,♦,finished,2026-05-17T19:26:49.552649+00:00
3148,INPROC_70E796,1,10,team1,Team 1 (N/S),67,53,4,♣,finished,2026-05-17T19:26:49.575420+00:00
3149,INPROC_9265EA,1,10,team1,Team 1 (N/S),86,34,12,♦,finished,2026-05-17T19:26:49.599045+00:00
3150,INPROC_338CA1,1,10,team1,Team 1 (N/S),74,46,0,♣,finished,2026-05-17T19:26:49.618591+00:00
3151,INPROC_47D3CA,1,10,team2,Team 2 (E/W),32,88,24,♥,finished,2026-05-17T19:26:49.642094+00:00
3152,INPROC_2BF0C7,1,10,team2,Team 2 (E/W),55,65,0,♣,finished,2026-05-17T19:26:49.660360+00:00
3153,INPROC_FA1165,1,10,team2,Team 2 (E/W),50,70,7,♣,finished,2026-05-17T19:26:49.676750+00:00
3154,INPROC_E6C386,1,10,team1,Team 1 (N/S),96,24,28,♥,finished,2026-05-17T19:26:49.691708+00:00
3155,INPROC_D83D3A,1,10,team2,Team 2 (E/W),21,99,33,♠,finished,2026-05-17T19:26:49.706969+00:00
3156,INPROC_2CF4E4,1,10,team2,Team 2 (E/W),51,69,9,♣,finished,2026-05-17T19:26:49.723525+00:00
3157,INPROC_B4E705,1,10,team2,Team 2 (E/W),52,68,32,♠,finished,2026-05-17T19:26:49.735405+00:00
3158,INPROC_C85279,1,10,team2,Team 2 (E/W),36,84,37,♠,finished,2026-05-17T19:26:49.749141+00:00
3159,INPROC_12ACBB,1,10,team1,Team 1 (N/S),85,35,1,♣,finished,2026-05-17T19:26:49.767289+00:00
3160,INPROC_49C520,1,10,team2,Team 2 (E/W),37,83,31,♠,finished,2026-05-17T19:26:49.785953+00:00
3161,INPROC_6F0B75,1,10,team2,Team 2 (E/W),49,71,32,♠,finished,2026-05-17T19:26:49.804577+00:00
3162,INPROC_D0E969,1,10,team1,Team 1 (N/S),83,37,28,♥,finished,2026-05-17T19:26:49.821980+00:00
3163,INPROC_ED8FB4,1,10,team1,Team 1 (N/S),84,36,3,♣,finished,2026-05-17T19:26:49.838488+00:00
3164,INPROC_BC1508,1,10,team2,Team 2 (E/W),24,96,15,♦,finished,2026-05-17T19:26:49.856861+00:00
3165,INPROC_FCCA25,1,10,team1,Team 1 (N/S),79,41,35,♠,finished,2026-05-17T19:26:49.876089+00:00
3166,INPROC_84BE46,1,10,team1,Team 1 (N/S),63,57,4,♣,finished,2026-05-17T19:26:49.892682+00:00
3167,INPROC_C0E40F,1,10,team1,Team 1 (N/S),65,55,0,♣,finished,2026-05-17T19:26:49.909453+00:00
3168,INPROC_924F23,1,10,team1,Team 1 (N/S),94,26,22,♥,finished,2026-05-17T19:26:49.925345+00:00
3169,INPROC_E383A3,1,10,team2,Team 2 (E/W),44,76,28,♥,finished,2026-05-17T19:26:49.940941+00:00
3170,INPROC_EEFDF5,1,10,team2,Team 2 (E/W),37,83,12,♦,finished,2026-05-17T19:26:49.956903+00:00
3171,INPROC_C5D64B,1,10,team1,Team 1 (N/S),68,52,16,♦,finished,2026-05-17T19:26:49.971867+00:00
3172,INPROC_A701FF,1,10,team1,Team 1 (N/S),90,30,26,♥,finished,2026-05-17T19:26:49.988723+00:00
3173,INPROC_108876,1,10,team1,Team 1 (N/S),94,26,15,♦,finished,2026-05-17T19:26:50.001172+00:00
3174,INPROC_585D1F,1,10,team2,Team 2 (E/W),29,91,1,♣,finished,2026-05-17T19:26:50.014898+00:00
3175,INPROC_EA9DE9,1,10,team2,Team 2 (E/W),14,106,15,♦,finished,2026-05-17T19:26:50.029083+00:00
3176,INPROC_958E46,1,10,team2,Team 2 (E/W),29,91,10,♦,finished,2026-05-17T19:26:50.047647+00:00
3177,INPROC_672956,1,10,team2,Team 2 (E/W),20,100,17,♦,finished,2026-05-17T19:26:50.068622+00:00
3178,INPROC_140A20,1,10,team2,Team 2 (E/W),40,80,37,♠,finished,2026-05-17T19:26:50.082611+00:00
3179,INPROC_A9B361,1,10,team2,Team 2 (E/W),45,75,29,♥,finished,2026-05-17T19:26:50.098974+00:00
3180,INPROC_EBC7C3,1,10,team2,Team 2 (E/W),54,66,38,♠,finished,2026-05-17T19:26:50.115211+00:00
3181,INPROC_606C13,1,10,team1,Team 1 (N/S),73,47,37,♠,finished,2026-05-17T19:26:50.133479+00:00
3182,INPROC_AC3EA4,1,10,team1,Team 1 (N/S),89,31,8,♣,finished,2026-05-17T19:26:50.154814+00:00
3183,INPROC_23F81A,1,10,team1,Team 1 (N/S),94,26,19,♦,finished,2026-05-17T19:26:50.172785+00:00
3184,INPROC_95C5D8,1,10,team1,Team 1 (N/S),75,45,27,♥,finished,2026-05-17T19:26:50.188335+00:00
3185,INPROC_AAC5F7,1,10,team2,Team 2 (E/W),38,82,30,♠,finished,2026-05-17T19:26:50.205932+00:00
3186,INPROC_B4AE5B,1,10,team1,Team 1 (N/S),73,47,16,♦,finished,2026-05-17T19:26:50.220837+00:00
3187,INPROC_106911,1,10,team1,Team 1 (N/S),68,52,37,♠,finished,2026-05-17T19:26:50.236963+00:00
3188,INPROC_44D7F1,1,10,team2,Team 2 (E/W),14,106,1,♣,finished,2026-05-17T19:26:50.252837+00:00
3189,INPROC_DA12E7,1,10,team1,Team 1 (N/S),90,30,36,♠,finished,2026-05-17T19:26:50.267060+00:00
3190,INPROC_E4108B,1,10,team1,Team 1 (N/S),66,54,27,♥,finished,2026-05-17T19:26:50.279253+00:00
3191,INPROC_CBB94F,1,10,team1,Team 1 (N/S),81,39,35,♠,finished,2026-05-17T19:26:50.290064+00:00
3192,INPROC_8768BB,1,10,team2,Team 2 (E/W),58,62,3,♣,finished,2026-05-17T19:26:50.303897+00:00
3193,INPROC_C98BA5,1,10,team1,Team 1 (N/S),77,43,15,♦,finished,2026-05-17T19:26:50.323999+00:00
3194,INPROC_D9413C,1,10,team1,Team 1 (N/S),90,30,26,♥,finished,2026-05-17T19:26:50.343671+00:00
3195,INPROC_F42B31,1,10,team2,Team 2 (E/W),48,72,39,♠,finished,2026-05-17T19:26:50.361818+00:00
3196,INPROC_AEC7DA,1,10,team2,Team 2 (E/W),44,76,39,♠,finished,2026-05-17T19:26:50.379668+00:00
3197,INPROC_AD4C55,1,10,team1,Team 1 (N/S),68,52,27,♥,finished,2026-05-17T19:26:50.395441+00:00
3198,INPROC_5130BA,1,10,team1,Team 1 (N/S),86,34,35,♠,finished,2026-05-17T19:26:50.412807+00:00
3199,INPROC_E21180,1,10,team2,Team 2 (E/W),47,73,23,♥,finished,2026-05-17T19:26:50.431349+00:00
3200,INPROC_DA1D02,1,10,team2,Team 2 (E/W),32,88,14,♦,finished,2026-05-17T19:26:50.450155+00:00
3201,INPROC_ABBECC,1,10,team1,Team 1 (N/S),89,31,7,♣,finished,2026-05-17T19:26:50.470770+00:00
3202,INPROC_01B0E9,1,10,team2,Team 2 (E/W),14,106,27,♥,finished,2026-05-17T19:26:50.487633+00:00
3203,INPROC_502157,1,10,draw,draw,60,60,29,♥,finished,2026-05-17T19:26:50.506818+00:00
3204,INPROC_70E96F,1,10,team2,Team 2 (E/W),46,74,27,♥,finished,2026-05-17T19:26:50.520915+00:00
3205,INPROC_1E8B1C,1,10,team2,Team 2 (E/W),54,66,35,♠,finished,2026-05-17T19:26:50.533362+00:00
3206,INPROC_8D656C,1,10,team1,Team 1 (N/S),84,36,26,♥,finished,2026-05-17T19:26:50.551375+00:00
3207,INPROC_BA8364,1,10,team2,Team 2 (E/W),16,104,14,♦,finished,2026-05-17T19:26:50.565773+00:00
3208,INPROC_B886AB,1,10,team2,Team 2 (E/W),56,64,23,♥,finished,2026-05-17T19:26:50.580561+00:00
3209,INPROC_9D8452,1,10,team1,Team 1 (N/S),96,24,31,♠,finished,2026-05-17T19:26:50.597318+00:00
3210,INPROC_31020F,1,10,team2,Team 2 (E/W),55,65,8,♣,finished,2026-05-17T19:26:50.616106+00:00
3211,INPROC_09CD6A,1,10,team1,Team 1 (N/S),89,31,20,♥,finished,2026-05-17T19:26:50.636125+00:00
3212,INPROC_C50624,1,10,team2,Team 2 (E/W),45,75,27,♥,finished,2026-05-17T19:26:50.652575+00:00
3213,INPROC_DC48A0,1,10,team2,Team 2 (E/W),38,82,20,♥,finished,2026-05-17T19:26:50.673168+00:00
3214,INPROC_F74DB2,1,10,team2,Team 2 (E/W),56,64,30,♠,finished,2026-05-17T19:26:50.693518+00:00
3215,INPROC_840AA7,1,10,team2,Team 2 (E/W),48,72,5,♣,finished,2026-05-17T19:26:50.709245+00:00
3216,INPROC_EBB3B1,1,10,team2,Team 2 (E/W),24,96,34,♠,finished,2026-05-17T19:26:50.725235+00:00
3217,INPROC_371EF4,1,10,team2,Team 2 (E/W),52,68,19,♦,finished,2026-05-17T19:26:50.742956+00:00
3218,INPROC_5A14CA,1,10,team2,Team 2 (E/W),45,75,9,♣,finished,2026-05-17T19:26:50.761343+00:00
3219,INPROC_4EDAFF,1,10,team2,Team 2 (E/W),50,70,37,♠,finished,2026-05-17T19:26:50.779750+00:00
3220,INPROC_E4BDBD,1,10,team2,Team 2 (E/W),58,62,15,♦,finished,2026-05-17T19:26:50.795962+00:00
3221,INPROC_4AF178,1,10,team2,Team 2 (E/W),13,107,18,♦,finished,2026-05-17T19:26:50.810774+00:00
3222,INPROC_BE074D,1,10,team1,Team 1 (N/S),65,55,13,♦,finished,2026-05-17T19:26:50.822657+00:00
3223,INPROC_58D98D,1,10,team2,Team 2 (E/W),36,84,34,♠,finished,2026-05-17T19:26:50.838625+00:00
3224,INPROC_BB5C4C,1,10,team2,Team 2 (E/W),38,82,35,♠,finished,2026-05-17T19:26:50.857009+00:00
3225,INPROC_4E4D49,1,10,team1,Team 1 (N/S),97,23,38,♠,finished,2026-05-17T19:26:50.872969+00:00
3226,INPROC_3714FB,1,10,team2,Team 2 (E/W),54,66,13,♦,finished,2026-05-17T19:26:50.889154+00:00
3227,INPROC_2BA689,1,10,team1,Team 1 (N/S),78,42,18,♦,finished,2026-05-17T19:26:50.904471+00:00
3228,INPROC_2A7AA5,1,10,team2,Team 2 (E/W),14,106,32,♠,finished,2026-05-17T19:26:50.921588+00:00
3229,INPROC_3E213F,1,10,team2,Team 2 (E/W),7,113,17,♦,finished,2026-05-17T19:26:50.942189+00:00
3230,INPROC_91AC40,1,10,team2,Team 2 (E/W),58,62,18,♦,finished,2026-05-17T19:26:50.962984+00:00
3231,INPROC_691734,1,10,team2,Team 2 (E/W),26,94,39,♠,finished,2026-05-17T19:26:50.980615+00:00
3232,INPROC_0BCCA1,1,10,team1,Team 1 (N/S),90,30,37,♠,finished,2026-05-17T19:26:50.998316+00:00
3233,INPROC_39ADE7,1,10,team2,Team 2 (E/W),52,68,34,♠,finished,2026-05-17T19:26:51.017536+00:00
3234,INPROC_73591A,1,10,team1,Team 1 (N/S),91,29,33,♠,finished,2026-05-17T19:26:51.038977+00:00
3235,INPROC_18BDD5,1,10,team2,Team 2 (E/W),45,75,25,♥,finished,2026-05-17T19:26:51.057981+00:00
3236,INPROC_D81D07,1,10,team1,Team 1 (N/S),61,59,15,♦,finished,2026-05-17T19:26:51.076143+00:00
3237,INPROC_BE9938,1,10,team1,Team 1 (N/S),90,30,32,♠,finished,2026-05-17T19:26:51.092013+00:00
3238,INPROC_0312A8,1,10,team2,Team 2 (E/W),18,102,22,♥,finished,2026-05-17T19:26:51.108940+00:00
3239,INPROC_EA3073,1,10,team2,Team 2 (E/W),38,82,21,♥,finished,2026-05-17T19:26:51.129758+00:00
3240,INPROC_8CC9A8,1,10,team1,Team 1 (N/S),85,35,24,♥,finished,2026-05-17T19:26:51.146207+00:00
3241,INPROC_1BE1AD,1,10,team1,Team 1 (N/S),66,54,1,♣,finished,2026-05-17T19:26:51.165528+00:00
3242,INPROC_9DEE2E,1,10,team2,Team 2 (E/W),33,87,20,♥,finished,2026-05-17T19:26:51.182837+00:00
3243,INPROC_2B7302,1,10,team2,Team 2 (E/W),29,91,15,♦,finished,2026-05-17T19:26:51.199682+00:00
3244,INPROC_53E8D7,1,10,team1,Team 1 (N/S),90,30,23,♥,finished,2026-05-17T19:26:51.217701+00:00
3245,INPROC_847426,1,10,team1,Team 1 (N/S),69,51,3,♣,finished,2026-05-17T19:26:51.230907+00:00
3246,INPROC_D0B0EB,1,10,team2,Team 2 (E/W),21,99,24,♥,finished,2026-05-17T19:26:51.248901+00:00
3247,INPROC_2FDE54,1,10,team2,Team 2 (E/W),3,117,9,♣,finished,2026-05-17T19:26:51.265024+00:00
3248,INPROC_39A179,1,10,team2,Team 2 (E/W),35,85,32,♠,finished,2026-05-17T19:26:51.282097+00:00
3249,INPROC_9FA2AC,1,10,team1,Team 1 (N/S),67,53,27,♥,finished,2026-05-17T19:26:51.298841+00:00
3250,INPROC_8920CD,1,10,team1,Team 1 (N/S),86,34,21,♥,finished,2026-05-17T19:26:51.315426+00:00
3251,INPROC_48F802,1,10,team1,Team 1 (N/S),91,29,13,♦,finished,2026-05-17T19:26:51.332186+00:00
3252,INPROC_6A7AE3,1,10,team2,Team 2 (E/W),36,84,17,♦,finished,2026-05-17T19:26:51.346974+00:00
3253,INPROC_68319D,1,10,team2,Team 2 (E/W),45,75,0,♣,finished,2026-05-17T19:26:51.359061+00:00
3254,INPROC_14EDD4,1,10,team2,Team 2 (E/W),18,102,16,♦,finished,2026-05-17T19:26:51.372510+00:00
3255,INPROC_E6FAD3,1,10,team2,Team 2 (E/W),16,104,24,♥,finished,2026-05-17T19:26:51.390634+00:00
3256,INPROC_1CE736,1,10,team2,Team 2 (E/W),24,96,38,♠,finished,2026-05-17T19:26:51.406153+00:00
3257,INPROC_3F64E0,1,10,team2,Team 2 (E/W),26,94,38,♠,finished,2026-05-17T19:26:51.423984+00:00
3258,INPROC_584254,1,10,team2,Team 2 (E/W),50,70,26,♥,finished,2026-05-17T19:26:51.440121+00:00
3259,INPROC_ABBB05,1,10,team1,Team 1 (N/S),71,49,31,♠,finished,2026-05-17T19:26:51.455514+00:00
3260,INPROC_0C391E,1,10,team2,Team 2 (E/W),24,96,8,♣,finished,2026-05-17T19:26:51.472162+00:00
3261,INPROC_0745FC,1,10,team1,Team 1 (N/S),92,28,38,♠,finished,2026-05-17T19:26:51.490909+00:00
3262,INPROC_E25F21,1,10,team2,Team 2 (E/W),43,77,36,♠,finished,2026-05-17T19:26:51.508755+00:00
3263,INPROC_382A29,1,10,team2,Team 2 (E/W),59,61,23,♥,finished,2026-05-17T19:26:51.523024+00:00
3264,INPROC_953B5C,1,10,team1,Team 1 (N/S),77,43,19,♦,finished,2026-05-17T19:26:51.540547+00:00
3265,INPROC_633378,1,10,team2,Team 2 (E/W),0,120,15,♦,finished,2026-05-17T19:26:51.560729+00:00
3266,INPROC_DA7F4C,1,10,team2,Team 2 (E/W),41,79,13,♦,finished,2026-05-17T19:26:51.576255+00:00
3267,INPROC_97A94D,1,10,team2,Team 2 (E/W),46,74,29,♥,finished,2026-05-17T19:26:51.592329+00:00
3268,INPROC_8F1306,1,10,team2,Team 2 (E/W),47,73,28,♥,finished,2026-05-17T19:26:51.611599+00:00
3269,INPROC_80435A,1,10,team1,Team 1 (N/S),67,53,4,♣,finished,2026-05-17T19:26:51.624210+00:00
3270,INPROC_249567,1,10,team1,Team 1 (N/S),66,54,23,♥,finished,2026-05-17T19:26:51.635001+00:00
3271,INPROC_46D772,1,10,team1,Team 1 (N/S),114,6,32,♠,finished,2026-05-17T19:26:51.650536+00:00
3272,INPROC_0C9281,1,10,team1,Team 1 (N/S),78,42,27,♥,finished,2026-05-17T19:26:51.667493+00:00
3273,INPROC_DF6820,1,10,team1,Team 1 (N/S),66,54,37,♠,finished,2026-05-17T19:26:51.683462+00:00
3274,INPROC_EFD678,1,10,team1,Team 1 (N/S),98,22,24,♥,finished,2026-05-17T19:26:51.701482+00:00
3275,INPROC_6B7D4E,1,10,team1,Team 1 (N/S),71,49,12,♦,finished,2026-05-17T19:26:51.720361+00:00
3276,INPROC_36BD34,1,10,team2,Team 2 (E/W),42,78,21,♥,finished,2026-05-17T19:26:51.741035+00:00
3277,INPROC_8A942C,1,10,team1,Team 1 (N/S),85,35,27,♥,finished,2026-05-17T19:26:51.762210+00:00
3278,INPROC_7A8310,1,10,team2,Team 2 (E/W),40,80,9,♣,finished,2026-05-17T19:26:51.782991+00:00
3279,INPROC_CDA98D,1,10,team1,Team 1 (N/S),64,56,23,♥,finished,2026-05-17T19:26:51.801433+00:00
3280,INPROC_E5A537,1,10,team2,Team 2 (E/W),41,79,19,♦,finished,2026-05-17T19:26:51.822213+00:00
3281,INPROC_9E7F24,1,10,team1,Team 1 (N/S),84,36,25,♥,finished,2026-05-17T19:26:51.842100+00:00
3282,INPROC_B167C3,1,10,team1,Team 1 (N/S),80,40,4,♣,finished,2026-05-17T19:26:51.861578+00:00
3283,INPROC_BE8E16,1,10,team1,Team 1 (N/S),91,29,30,♠,finished,2026-05-17T19:26:51.879713+00:00
3284,INPROC_BF8CF5,1,10,team2,Team 2 (E/W),31,89,19,♦,finished,2026-05-17T19:26:51.891114+00:00
3285,INPROC_C64185,1,10,team2,Team 2 (E/W),18,102,33,♠,finished,2026-05-17T19:26:51.902275+00:00
3286,INPROC_A13BD2,1,10,team1,Team 1 (N/S),74,46,22,♥,finished,2026-05-17T19:26:51.919707+00:00
3287,INPROC_35EDEA,1,10,team1,Team 1 (N/S),83,37,10,♦,finished,2026-05-17T19:26:51.940119+00:00
3288,INPROC_DF5415,1,10,team1,Team 1 (N/S),88,32,35,♠,finished,2026-05-17T19:26:51.958335+00:00
3289,INPROC_386A60,1,10,draw,draw,60,60,4,♣,finished,2026-05-17T19:26:51.978036+00:00
3290,INPROC_865528,1,10,team2,Team 2 (E/W),36,84,39,♠,finished,2026-05-17T19:26:51.996686+00:00
3291,INPROC_F1A9B6,1,10,team2,Team 2 (E/W),57,63,15,♦,finished,2026-05-17T19:26:52.015540+00:00
3292,INPROC_DB3094,1,10,team1,Team 1 (N/S),96,24,37,♠,finished,2026-05-17T19:26:52.034608+00:00
3293,INPROC_F662FF,1,10,team1,Team 1 (N/S),74,46,36,♠,finished,2026-05-17T19:26:52.054301+00:00
3294,INPROC_091288,1,10,team2,Team 2 (E/W),47,73,28,♥,finished,2026-05-17T19:26:52.071289+00:00
3295,INPROC_71D82A,1,10,team1,Team 1 (N/S),73,47,24,♥,finished,2026-05-17T19:26:52.089357+00:00
3296,INPROC_4A2529,1,10,team1,Team 1 (N/S),63,57,23,♥,finished,2026-05-17T19:26:52.106023+00:00
3297,INPROC_51321C,1,10,team2,Team 2 (E/W),41,79,28,♥,finished,2026-05-17T19:26:52.121716+00:00
3298,INPROC_9917A6,1,10,team2,Team 2 (E/W),53,67,2,♣,finished,2026-05-17T19:26:52.139090+00:00
3299,INPROC_4EB7E2,1,10,team2,Team 2 (E/W),58,62,12,♦,finished,2026-05-17T19:26:52.150761+00:00
3300,INPROC_31F853,1,10,team1,Team 1 (N/S),108,12,13,♦,finished,2026-05-17T19:26:52.167560+00:00
3301,INPROC_96B9CB,1,10,team1,Team 1 (N/S),88,32,16,♦,finished,2026-05-17T19:26:52.185120+00:00
3302,INPROC_6808BA,1,10,team2,Team 2 (E/W),33,87,12,♦,finished,2026-05-17T19:26:52.203181+00:00
3303,INPROC_998833,1,10,team1,Team 1 (N/S),72,48,1,♣,finished,2026-05-17T19:26:52.219339+00:00
3304,INPROC_C5462A,1,10,team2,Team 2 (E/W),46,74,2,♣,finished,2026-05-17T19:26:52.234587+00:00
3305,INPROC_C92512,1,10,team1,Team 1 (N/S),73,47,28,♥,finished,2026-05-17T19:26:52.253068+00:00
3306,INPROC_BC3654,1,10,team1,Team 1 (N/S),116,4,4,♣,finished,2026-05-17T19:26:52.270933+00:00
3307,INPROC_779534,1,10,team1,Team 1 (N/S),75,45,29,♥,finished,2026-05-17T19:26:52.290059+00:00
3308,INPROC_499FFE,1,10,team1,Team 1 (N/S),76,44,14,♦,finished,2026-05-17T19:26:52.307214+00:00
3309,INPROC_C2B1CA,1,10,team1,Team 1 (N/S),95,25,10,♦,finished,2026-05-17T19:26:52.323122+00:00
3310,INPROC_C69DBF,1,10,team1,Team 1 (N/S),77,43,25,♥,finished,2026-05-17T19:26:52.339460+00:00
3311,INPROC_592087,1,10,team1,Team 1 (N/S),69,51,10,♦,finished,2026-05-17T19:26:52.356975+00:00
3312,INPROC_2AD03C,1,10,team1,Team 1 (N/S),102,18,25,♥,finished,2026-05-17T19:26:52.374027+00:00
3313,INPROC_5C3C68,1,10,team2,Team 2 (E/W),46,74,12,♦,finished,2026-05-17T19:26:52.390723+00:00
3314,INPROC_54221B,1,10,team1,Team 1 (N/S),72,48,2,♣,finished,2026-05-17T19:26:52.407051+00:00
3315,INPROC_791EB5,1,10,team1,Team 1 (N/S),95,25,18,♦,finished,2026-05-17T19:26:52.419630+00:00
3316,INPROC_8643CC,1,10,team1,Team 1 (N/S),77,43,38,♠,finished,2026-05-17T19:26:52.431551+00:00
3317,INPROC_D0771A,1,10,team2,Team 2 (E/W),38,82,33,♠,finished,2026-05-17T19:26:52.442927+00:00
3318,INPROC_270C7B,1,10,team1,Team 1 (N/S),73,47,2,♣,finished,2026-05-17T19:26:52.461418+00:00
3319,INPROC_4789D8,1,10,team2,Team 2 (E/W),27,93,0,♣,finished,2026-05-17T19:26:52.478636+00:00
3320,INPROC_74280F,1,10,team2,Team 2 (E/W),58,62,1,♣,finished,2026-05-17T19:26:52.497534+00:00
3321,INPROC_1107DE,1,10,team2,Team 2 (E/W),55,65,14,♦,finished,2026-05-17T19:26:52.516920+00:00
3322,INPROC_38E0AD,1,10,team1,Team 1 (N/S),63,57,27,♥,finished,2026-05-17T19:26:52.536306+00:00
3323,INPROC_B1F3DB,1,10,team2,Team 2 (E/W),41,79,27,♥,finished,2026-05-17T19:26:52.551907+00:00
3324,INPROC_39922F,1,10,team2,Team 2 (E/W),58,62,33,♠,finished,2026-05-17T19:26:52.567994+00:00
3325,INPROC_F89417,1,10,team2,Team 2 (E/W),30,90,38,♠,finished,2026-05-17T19:26:52.584257+00:00
3326,INPROC_FB97D1,1,10,team1,Team 1 (N/S),78,42,11,♦,finished,2026-05-17T19:26:52.603500+00:00
3327,INPROC_5886C7,1,10,team2,Team 2 (E/W),58,62,39,♠,finished,2026-05-17T19:26:52.617492+00:00
3328,INPROC_F403E2,1,10,team1,Team 1 (N/S),68,52,29,♥,finished,2026-05-17T19:26:52.633588+00:00
3329,INPROC_574EC6,1,10,team2,Team 2 (E/W),51,69,17,♦,finished,2026-05-17T19:26:52.648472+00:00
3330,INPROC_041C77,1,10,team1,Team 1 (N/S),82,38,21,♥,finished,2026-05-17T19:26:52.665884+00:00
3331,INPROC_387BE8,1,10,team1,Team 1 (N/S),70,50,9,♣,finished,2026-05-17T19:26:52.685009+00:00
3332,INPROC_B3A4C4,1,10,team1,Team 1 (N/S),77,43,27,♥,finished,2026-05-17T19:26:52.697069+00:00
3333,INPROC_80F16D,1,10,draw,draw,60,60,12,♦,finished,2026-05-17T19:26:52.709352+00:00
3334,INPROC_CB869B,1,10,team2,Team 2 (E/W),25,95,5,♣,finished,2026-05-17T19:26:52.726356+00:00
3335,INPROC_F4A904,1,10,team1,Team 1 (N/S),69,51,13,♦,finished,2026-05-17T19:26:52.741872+00:00
3336,INPROC_80B2F4,1,10,team1,Team 1 (N/S),99,21,33,♠,finished,2026-05-17T19:26:52.757473+00:00
3337,INPROC_2C9F76,1,10,team1,Team 1 (N/S),74,46,22,♥,finished,2026-05-17T19:26:52.775661+00:00
3338,INPROC_676CCB,1,10,team2,Team 2 (E/W),54,66,34,♠,finished,2026-05-17T19:26:52.791621+00:00
3339,INPROC_D4C354,1,10,team2,Team 2 (E/W),37,83,16,♦,finished,2026-05-17T19:26:52.808361+00:00
3340,INPROC_86E30D,1,10,team2,Team 2 (E/W),27,93,15,♦,finished,2026-05-17T19:26:52.822389+00:00
3341,INPROC_69BDB7,1,10,team1,Team 1 (N/S),102,18,15,♦,finished,2026-05-17T19:26:52.839970+00:00
3342,INPROC_35BF21,1,10,team2,Team 2 (E/W),54,66,30,♠,finished,2026-05-17T19:26:52.858190+00:00
3343,INPROC_D501A1,1,10,team2,Team 2 (E/W),40,80,8,♣,finished,2026-05-17T19:26:52.875753+00:00
3344,INPROC_238CE8,1,10,team1,Team 1 (N/S),86,34,34,♠,finished,2026-05-17T19:26:52.892266+00:00
3345,INPROC_31F6C2,1,10,team2,Team 2 (E/W),18,102,9,♣,finished,2026-05-17T19:26:52.907516+00:00
3346,INPROC_B208FE,1,10,team2,Team 2 (E/W),33,87,0,♣,finished,2026-05-17T19:26:52.924719+00:00
3347,INPROC_599C2C,1,10,team2,Team 2 (E/W),29,91,1,♣,finished,2026-05-17T19:26:52.941953+00:00
3348,INPROC_ED66BF,1,10,team1,Team 1 (N/S),109,11,20,♥,finished,2026-05-17T19:26:52.955458+00:00
3349,INPROC_8FDC64,1,10,team1,Team 1 (N/S),65,55,31,♠,finished,2026-05-17T19:26:52.966108+00:00
3350,INPROC_EC5627,1,10,team2,Team 2 (E/W),34,86,32,♠,finished,2026-05-17T19:26:52.980390+00:00
3351,INPROC_79B9EE,1,10,team2,Team 2 (E/W),50,70,25,♥,finished,2026-05-17T19:26:52.996589+00:00
3352,INPROC_A3CE64,1,10,team2,Team 2 (E/W),43,77,24,♥,finished,2026-05-17T19:26:53.015804+00:00
3353,INPROC_F7C39C,1,10,team2,Team 2 (E/W),52,68,20,♥,finished,2026-05-17T19:26:53.033990+00:00
3354,INPROC_7FED76,1,10,team1,Team 1 (N/S),110,10,30,♠,finished,2026-05-17T19:26:53.051459+00:00
3355,INPROC_F2707C,1,10,team2,Team 2 (E/W),32,88,3,♣,finished,2026-05-17T19:26:53.069365+00:00
3356,INPROC_3FA7B6,1,10,team2,Team 2 (E/W),37,83,2,♣,finished,2026-05-17T19:26:53.087625+00:00
3357,INPROC_083C62,1,10,team2,Team 2 (E/W),38,82,15,♦,finished,2026-05-17T19:26:53.103868+00:00
3358,INPROC_8484BF,1,10,team1,Team 1 (N/S),68,52,7,♣,finished,2026-05-17T19:26:53.119832+00:00
3359,INPROC_7EA999,1,10,team1,Team 1 (N/S),61,59,31,♠,finished,2026-05-17T19:26:53.135324+00:00
3360,INPROC_8C3FB3,1,10,team1,Team 1 (N/S),70,50,36,♠,finished,2026-05-17T19:26:53.152207+00:00
3361,INPROC_082C02,1,10,team2,Team 2 (E/W),57,63,26,♥,finished,2026-05-17T19:26:53.171074+00:00
3362,INPROC_F73826,1,10,team2,Team 2 (E/W),46,74,13,♦,finished,2026-05-17T19:26:53.193559+00:00
3363,INPROC_00CBA9,1,10,team1,Team 1 (N/S),94,26,7,♣,finished,2026-05-17T19:26:53.211655+00:00
3364,INPROC_6AF662,1,10,team2,Team 2 (E/W),9,111,16,♦,finished,2026-05-17T19:26:53.224642+00:00
3365,INPROC_75F000,1,10,team1,Team 1 (N/S),72,48,28,♥,finished,2026-05-17T19:26:53.242638+00:00
3366,INPROC_CBFE73,1,10,team2,Team 2 (E/W),25,95,9,♣,finished,2026-05-17T19:26:53.260422+00:00
3367,INPROC_8C90F3,1,10,team1,Team 1 (N/S),64,56,6,♣,finished,2026-05-17T19:26:53.278585+00:00
3368,INPROC_81702A,1,10,team2,Team 2 (E/W),43,77,38,♠,finished,2026-05-17T19:26:53.295291+00:00
3369,INPROC_C0848D,1,10,team2,Team 2 (E/W),48,72,9,♣,finished,2026-05-17T19:26:53.313563+00:00
3370,INPROC_95EED4,1,10,team2,Team 2 (E/W),8,112,36,♠,finished,2026-05-17T19:26:53.331443+00:00
3371,INPROC_298A62,1,10,team1,Team 1 (N/S),105,15,1,♣,finished,2026-05-17T19:26:53.347082+00:00
3372,INPROC_D5EC6E,1,10,team1,Team 1 (N/S),78,42,32,♠,finished,2026-05-17T19:26:53.364214+00:00
3373,INPROC_BD641F,1,10,team1,Team 1 (N/S),89,31,13,♦,finished,2026-05-17T19:26:53.385302+00:00
3374,INPROC_16D42C,1,10,team2,Team 2 (E/W),24,96,6,♣,finished,2026-05-17T19:26:53.406337+00:00
3375,INPROC_8FE406,1,10,team1,Team 1 (N/S),62,58,39,♠,finished,2026-05-17T19:26:53.426266+00:00
3376,INPROC_A55904,1,10,team1,Team 1 (N/S),73,47,26,♥,finished,2026-05-17T19:26:53.442453+00:00
3377,INPROC_38B805,1,10,team1,Team 1 (N/S),78,42,21,♥,finished,2026-05-17T19:26:53.458344+00:00
3378,INPROC_2015F8,1,10,team2,Team 2 (E/W),49,71,7,♣,finished,2026-05-17T19:26:53.476033+00:00
3379,INPROC_EE626E,1,10,team2,Team 2 (E/W),39,81,39,♠,finished,2026-05-17T19:26:53.492829+00:00
3380,INPROC_6A42E2,1,10,team2,Team 2 (E/W),41,79,3,♣,finished,2026-05-17T19:26:53.506107+00:00
3381,INPROC_D1C5F1,1,10,team1,Team 1 (N/S),77,43,21,♥,finished,2026-05-17T19:26:53.522837+00:00
3382,INPROC_874D32,1,10,team2,Team 2 (E/W),54,66,36,♠,finished,2026-05-17T19:26:53.541308+00:00
3383,INPROC_653EF4,1,10,team1,Team 1 (N/S),72,48,14,♦,finished,2026-05-17T19:26:53.559724+00:00
3384,INPROC_6AEE3A,1,10,team1,Team 1 (N/S),108,12,16,♦,finished,2026-05-17T19:26:53.576980+00:00
3385,INPROC_0D5F3A,1,10,team2,Team 2 (E/W),27,93,19,♦,finished,2026-05-17T19:26:53.594574+00:00
3386,INPROC_2333D3,1,10,team2,Team 2 (E/W),39,81,19,♦,finished,2026-05-17T19:26:53.611750+00:00
3387,INPROC_6B775D,1,10,team1,Team 1 (N/S),71,49,18,♦,finished,2026-05-17T19:26:53.627527+00:00
3388,INPROC_91FCD8,1,10,team1,Team 1 (N/S),68,52,22,♥,finished,2026-05-17T19:26:53.644828+00:00
3389,INPROC_722618,1,10,team2,Team 2 (E/W),32,88,29,♥,finished,2026-05-17T19:26:53.656841+00:00
3390,INPROC_84ACF4,1,10,draw,draw,60,60,4,♣,finished,2026-05-17T19:26:53.670340+00:00
3391,INPROC_32749D,1,10,team1,Team 1 (N/S),90,30,14,♦,finished,2026-05-17T19:26:53.686944+00:00
3392,INPROC_F65BD2,1,10,team1,Team 1 (N/S),64,56,30,♠,finished,2026-05-17T19:26:53.702941+00:00
3393,INPROC_6EF9C3,1,10,team2,Team 2 (E/W),57,63,24,♥,finished,2026-05-17T19:26:53.722357+00:00
3394,INPROC_78AE20,1,10,team1,Team 1 (N/S),70,50,13,♦,finished,2026-05-17T19:26:53.739455+00:00
3395,INPROC_F1594C,1,10,team1,Team 1 (N/S),96,24,0,♣,finished,2026-05-17T19:26:53.757241+00:00
3396,INPROC_7EFCDD,1,10,team2,Team 2 (E/W),24,96,38,♠,finished,2026-05-17T19:26:53.771064+00:00
3397,INPROC_A516FD,1,10,team2,Team 2 (E/W),23,97,35,♠,finished,2026-05-17T19:26:53.783918+00:00
3398,INPROC_B39DBD,1,10,team1,Team 1 (N/S),80,40,31,♠,finished,2026-05-17T19:26:53.795711+00:00
3399,INPROC_772645,1,10,team1,Team 1 (N/S),62,58,28,♥,finished,2026-05-17T19:26:53.812458+00:00
3400,INPROC_B21EAF,1,10,team1,Team 1 (N/S),62,58,21,♥,finished,2026-05-17T19:26:53.828238+00:00
3401,INPROC_C32EBC,1,10,draw,draw,60,60,36,♠,finished,2026-05-17T19:26:53.843515+00:00
3402,INPROC_D43C4D,1,10,team2,Team 2 (E/W),26,94,9,♣,finished,2026-05-17T19:26:53.860980+00:00
3403,INPROC_82394F,1,10,team1,Team 1 (N/S),80,40,27,♥,finished,2026-05-17T19:26:53.876373+00:00
3404,INPROC_94A949,1,10,team2,Team 2 (E/W),56,64,2,♣,finished,2026-05-17T19:26:53.890981+00:00
3405,INPROC_D70488,1,10,team1,Team 1 (N/S),95,25,2,♣,finished,2026-05-17T19:26:53.905280+00:00
3406,INPROC_6E9086,1,10,team1,Team 1 (N/S),89,31,15,♦,finished,2026-05-17T19:26:53.919750+00:00
3407,INPROC_63857B,1,10,team2,Team 2 (E/W),11,109,14,♦,finished,2026-05-17T19:26:53.936512+00:00
3408,INPROC_3CA30A,1,10,team2,Team 2 (E/W),34,86,6,♣,finished,2026-05-17T19:26:53.951143+00:00
3409,INPROC_BB3AF9,1,10,team1,Team 1 (N/S),65,55,19,♦,finished,2026-05-17T19:26:53.966940+00:00
3410,INPROC_18B904,1,10,team1,Team 1 (N/S),74,46,4,♣,finished,2026-05-17T19:26:53.983952+00:00
3411,INPROC_70E530,1,10,team1,Team 1 (N/S),78,42,2,♣,finished,2026-05-17T19:26:54.000546+00:00
3412,INPROC_4BE6DD,1,10,team2,Team 2 (E/W),47,73,29,♥,finished,2026-05-17T19:26:54.019633+00:00
3413,INPROC_D8F0C4,1,10,team2,Team 2 (E/W),17,103,12,♦,finished,2026-05-17T19:26:54.034422+00:00
3414,INPROC_AC0ABD,1,10,team2,Team 2 (E/W),46,74,34,♠,finished,2026-05-17T19:26:54.046279+00:00
3415,INPROC_347B4A,1,10,team1,Team 1 (N/S),62,58,37,♠,finished,2026-05-17T19:26:54.063238+00:00
3416,INPROC_EC3210,1,10,team1,Team 1 (N/S),75,45,17,♦,finished,2026-05-17T19:26:54.080988+00:00
3417,INPROC_29B2ED,1,10,team1,Team 1 (N/S),90,30,4,♣,finished,2026-05-17T19:26:54.098232+00:00
3418,INPROC_76AE62,1,10,team2,Team 2 (E/W),47,73,35,♠,finished,2026-05-17T19:26:54.115868+00:00
3419,INPROC_E05719,1,10,team2,Team 2 (E/W),55,65,15,♦,finished,2026-05-17T19:26:54.132545+00:00
3420,INPROC_4D9C0D,1,10,team1,Team 1 (N/S),97,23,35,♠,finished,2026-05-17T19:26:54.150607+00:00
3421,INPROC_DDEECB,1,10,team1,Team 1 (N/S),105,15,1,♣,finished,2026-05-17T19:26:54.168572+00:00
3422,INPROC_84CE42,1,10,team2,Team 2 (E/W),7,113,38,♠,finished,2026-05-17T19:26:54.186713+00:00
3423,INPROC_436CE4,1,10,team1,Team 1 (N/S),73,47,8,♣,finished,2026-05-17T19:26:54.200605+00:00
3424,INPROC_96D418,1,10,team1,Team 1 (N/S),99,21,0,♣,finished,2026-05-17T19:26:54.212754+00:00
3425,INPROC_7A53EA,1,10,team2,Team 2 (E/W),52,68,37,♠,finished,2026-05-17T19:26:54.229509+00:00
3426,INPROC_C2E8E5,1,10,team1,Team 1 (N/S),67,53,31,♠,finished,2026-05-17T19:26:54.246531+00:00
3427,INPROC_EC803E,1,10,team1,Team 1 (N/S),64,56,36,♠,finished,2026-05-17T19:26:54.264701+00:00
3428,INPROC_80F992,1,10,team2,Team 2 (E/W),48,72,22,♥,finished,2026-05-17T19:26:54.282790+00:00
3429,INPROC_B26040,1,10,team1,Team 1 (N/S),97,23,18,♦,finished,2026-05-17T19:26:54.300525+00:00
3430,INPROC_B503A0,1,10,team2,Team 2 (E/W),47,73,10,♦,finished,2026-05-17T19:26:54.310651+00:00
3431,INPROC_3A193B,1,10,team2,Team 2 (E/W),59,61,6,♣,finished,2026-05-17T19:26:54.321198+00:00
3432,INPROC_B04994,1,10,team2,Team 2 (E/W),17,103,7,♣,finished,2026-05-17T19:26:54.337600+00:00
3433,INPROC_A98413,1,10,team1,Team 1 (N/S),74,46,14,♦,finished,2026-05-17T19:26:54.353298+00:00
3434,INPROC_E36554,1,10,team1,Team 1 (N/S),76,44,8,♣,finished,2026-05-17T19:26:54.370588+00:00
3435,INPROC_32A087,1,10,team2,Team 2 (E/W),51,69,19,♦,finished,2026-05-17T19:26:54.390150+00:00
3436,INPROC_31A551,1,10,team1,Team 1 (N/S),91,29,4,♣,finished,2026-05-17T19:26:54.408482+00:00
3437,INPROC_A02EA9,1,10,team1,Team 1 (N/S),71,49,12,♦,finished,2026-05-17T19:26:54.426288+00:00
3438,INPROC_F45E8C,1,10,team1,Team 1 (N/S),94,26,5,♣,finished,2026-05-17T19:26:54.445212+00:00
3439,INPROC_507EDD,1,10,team2,Team 2 (E/W),51,69,39,♠,finished,2026-05-17T19:26:54.460428+00:00
3440,INPROC_6E9928,1,10,team2,Team 2 (E/W),38,82,11,♦,finished,2026-05-17T19:26:54.476991+00:00
3441,INPROC_15E749,1,10,team1,Team 1 (N/S),83,37,3,♣,finished,2026-05-17T19:26:54.494025+00:00
3442,INPROC_3BDAA1,1,10,team1,Team 1 (N/S),93,27,28,♥,finished,2026-05-17T19:26:54.509217+00:00
3443,INPROC_074881,1,10,team1,Team 1 (N/S),91,29,31,♠,finished,2026-05-17T19:26:54.532331+00:00
3444,INPROC_BEED22,1,10,team2,Team 2 (E/W),57,63,3,♣,finished,2026-05-17T19:26:54.554632+00:00
3445,INPROC_9D2B97,1,10,team2,Team 2 (E/W),33,87,11,♦,finished,2026-05-17T19:26:54.578457+00:00
3446,INPROC_22EB6B,1,10,team2,Team 2 (E/W),41,79,3,♣,finished,2026-05-17T19:26:54.593939+00:00
3447,INPROC_797B8C,1,10,team2,Team 2 (E/W),21,99,30,♠,finished,2026-05-17T19:26:54.614086+00:00
3448,INPROC_6B5398,1,10,team1,Team 1 (N/S),92,28,34,♠,finished,2026-05-17T19:26:54.626223+00:00
3449,INPROC_D8E523,1,10,team2,Team 2 (E/W),35,85,30,♠,finished,2026-05-17T19:26:54.642736+00:00
3450,INPROC_465CCE,1,10,team2,Team 2 (E/W),16,104,6,♣,finished,2026-05-17T19:26:54.658119+00:00
3451,INPROC_1888DF,1,10,team2,Team 2 (E/W),31,89,27,♥,finished,2026-05-17T19:26:54.674168+00:00
3452,INPROC_D41739,1,10,team1,Team 1 (N/S),79,41,25,♥,finished,2026-05-17T19:26:54.689535+00:00
3453,INPROC_2C1A38,1,10,team2,Team 2 (E/W),20,100,17,♦,finished,2026-05-17T19:26:54.702037+00:00
3454,INPROC_E3964C,1,10,team2,Team 2 (E/W),36,84,39,♠,finished,2026-05-17T19:26:54.718311+00:00
3455,INPROC_18DE9D,1,10,team2,Team 2 (E/W),49,71,33,♠,finished,2026-05-17T19:26:54.735385+00:00
3456,INPROC_523D3C,1,10,team1,Team 1 (N/S),70,50,16,♦,finished,2026-05-17T19:26:54.750336+00:00
3457,INPROC_DDBDAE,1,10,team2,Team 2 (E/W),27,93,0,♣,finished,2026-05-17T19:26:54.765187+00:00
3458,INPROC_7749C4,1,10,team1,Team 1 (N/S),73,47,21,♥,finished,2026-05-17T19:26:54.780697+00:00
3459,INPROC_614629,1,10,team2,Team 2 (E/W),24,96,16,♦,finished,2026-05-17T19:26:54.798083+00:00
3460,INPROC_897A8A,1,10,team2,Team 2 (E/W),46,74,35,♠,finished,2026-05-17T19:26:54.814884+00:00
3461,INPROC_F76CC2,1,10,team2,Team 2 (E/W),55,65,34,♠,finished,2026-05-17T19:26:54.831526+00:00
3462,INPROC_CFDBAA,1,10,team2,Team 2 (E/W),39,81,39,♠,finished,2026-05-17T19:26:54.846671+00:00
3463,INPROC_1CE785,1,10,team2,Team 2 (E/W),32,88,21,♥,finished,2026-05-17T19:26:54.861034+00:00
3464,INPROC_343782,1,10,team2,Team 2 (E/W),36,84,3,♣,finished,2026-05-17T19:26:54.876336+00:00
3465,INPROC_EF5CCB,1,10,team2,Team 2 (E/W),45,75,19,♦,finished,2026-05-17T19:26:54.895237+00:00
3466,INPROC_861B89,1,10,team2,Team 2 (E/W),19,101,9,♣,finished,2026-05-17T19:26:54.915255+00:00
3467,INPROC_D17A4E,1,10,team1,Team 1 (N/S),64,56,32,♠,finished,2026-05-17T19:26:54.934702+00:00
3468,INPROC_9C1C79,1,10,team2,Team 2 (E/W),35,85,29,♥,finished,2026-05-17T19:26:54.952185+00:00
3469,INPROC_2A2664,1,10,team1,Team 1 (N/S),89,31,18,♦,finished,2026-05-17T19:26:54.967901+00:00
3470,INPROC_C1C294,1,10,team1,Team 1 (N/S),89,31,21,♥,finished,2026-05-17T19:26:54.982945+00:00
3471,INPROC_AD3405,1,10,team2,Team 2 (E/W),10,110,29,♥,finished,2026-05-17T19:26:54.999608+00:00
3472,INPROC_756CD0,1,10,team1,Team 1 (N/S),69,51,10,♦,finished,2026-05-17T19:26:55.018548+00:00
3473,INPROC_BA7ABF,1,10,team2,Team 2 (E/W),46,74,31,♠,finished,2026-05-17T19:26:55.037413+00:00
3474,INPROC_04F062,1,10,team1,Team 1 (N/S),103,17,37,♠,finished,2026-05-17T19:26:55.055501+00:00
3475,INPROC_CA8DC9,1,10,team2,Team 2 (E/W),48,72,37,♠,finished,2026-05-17T19:26:55.075394+00:00
3476,INPROC_07ECBE,1,10,team2,Team 2 (E/W),35,85,36,♠,finished,2026-05-17T19:26:55.093937+00:00
3477,INPROC_286113,1,10,team2,Team 2 (E/W),30,90,13,♦,finished,2026-05-17T19:26:55.109788+00:00
3478,INPROC_6B6582,1,10,team2,Team 2 (E/W),58,62,24,♥,finished,2026-05-17T19:26:55.121412+00:00
3479,INPROC_7769EF,1,10,team2,Team 2 (E/W),41,79,13,♦,finished,2026-05-17T19:26:55.137212+00:00
3480,INPROC_F2D3E1,1,10,team1,Team 1 (N/S),69,51,16,♦,finished,2026-05-17T19:26:55.152297+00:00
3481,INPROC_165522,1,10,team1,Team 1 (N/S),63,57,18,♦,finished,2026-05-17T19:26:55.169154+00:00
3482,INPROC_E4FEC7,1,10,team2,Team 2 (E/W),17,103,37,♠,finished,2026-05-17T19:26:55.186082+00:00
3483,INPROC_9A5C8A,1,10,team2,Team 2 (E/W),30,90,39,♠,finished,2026-05-17T19:26:55.204567+00:00
3484,INPROC_AB5CF5,1,10,team2,Team 2 (E/W),51,69,18,♦,finished,2026-05-17T19:26:55.223174+00:00
3485,INPROC_B4847E,1,10,team1,Team 1 (N/S),74,46,35,♠,finished,2026-05-17T19:26:55.241943+00:00
3486,INPROC_FB99F1,1,10,team2,Team 2 (E/W),40,80,9,♣,finished,2026-05-17T19:26:55.259764+00:00
3487,INPROC_5E57AC,1,10,team1,Team 1 (N/S),101,19,23,♥,finished,2026-05-17T19:26:55.279717+00:00
3488,INPROC_081688,1,10,team2,Team 2 (E/W),50,70,16,♦,finished,2026-05-17T19:26:55.298277+00:00
3489,INPROC_741D8C,1,10,team1,Team 1 (N/S),92,28,4,♣,finished,2026-05-17T19:26:55.317539+00:00
3490,INPROC_8281A1,1,10,team2,Team 2 (E/W),16,104,6,♣,finished,2026-05-17T19:26:55.334067+00:00
3491,INPROC_C18E11,1,10,team1,Team 1 (N/S),81,39,5,♣,finished,2026-05-17T19:26:55.354548+00:00
3492,INPROC_E641B3,1,10,team2,Team 2 (E/W),49,71,8,♣,finished,2026-05-17T19:26:55.375882+00:00
3493,INPROC_BE4BCA,1,10,team1,Team 1 (N/S),81,39,11,♦,finished,2026-05-17T19:26:55.392292+00:00
3494,INPROC_504A84,1,10,team2,Team 2 (E/W),32,88,19,♦,finished,2026-05-17T19:26:55.403631+00:00
3495,INPROC_5347AF,1,10,team2,Team 2 (E/W),48,72,24,♥,finished,2026-05-17T19:26:55.424295+00:00
3496,INPROC_66FA02,1,10,team1,Team 1 (N/S),69,51,12,♦,finished,2026-05-17T19:26:55.444525+00:00
3497,INPROC_24A6B4,1,10,team1,Team 1 (N/S),66,54,25,♥,finished,2026-05-17T19:26:55.466473+00:00
3498,INPROC_ADE97B,1,10,team2,Team 2 (E/W),42,78,13,♦,finished,2026-05-17T19:26:55.483467+00:00
3499,INPROC_4EFE38,1,10,team1,Team 1 (N/S),80,40,20,♥,finished,2026-05-17T19:26:55.502655+00:00
3500,INPROC_5FD710,1,10,team1,Team 1 (N/S),83,37,35,♠,finished,2026-05-17T19:26:55.521738+00:00
3501,INPROC_9886D4,1,10,team2,Team 2 (E/W),34,86,18,♦,finished,2026-05-17T19:26:55.539654+00:00
3502,INPROC_B5A0CF,1,10,team1,Team 1 (N/S),75,45,26,♥,finished,2026-05-17T19:26:55.556909+00:00
3503,INPROC_7680CD,1,10,team1,Team 1 (N/S),79,41,35,♠,finished,2026-05-17T19:26:55.574249+00:00
3504,INPROC_726579,1,10,team1,Team 1 (N/S),63,57,0,♣,finished,2026-05-17T19:26:55.589381+00:00
3505,INPROC_971FF6,1,10,team1,Team 1 (N/S),78,42,3,♣,finished,2026-05-17T19:26:55.608200+00:00
3506,INPROC_610E82,1,10,team2,Team 2 (E/W),4,116,35,♠,finished,2026-05-17T19:26:55.626764+00:00
3507,INPROC_0E232A,1,10,team1,Team 1 (N/S),68,52,11,♦,finished,2026-05-17T19:26:55.642829+00:00
3508,INPROC_4BDAE2,1,10,team2,Team 2 (E/W),41,79,1,♣,finished,2026-05-17T19:26:55.657777+00:00
3509,INPROC_F332D4,1,10,team1,Team 1 (N/S),78,42,21,♥,finished,2026-05-17T19:26:55.669704+00:00
3510,INPROC_E73FA8,1,10,team1,Team 1 (N/S),62,58,24,♥,finished,2026-05-17T19:26:55.687522+00:00
3511,INPROC_4CA41D,1,10,team1,Team 1 (N/S),76,44,27,♥,finished,2026-05-17T19:26:55.706211+00:00
3512,INPROC_695FAE,1,10,team1,Team 1 (N/S),64,56,13,♦,finished,2026-05-17T19:26:55.726645+00:00
3513,INPROC_F9F778,1,10,team1,Team 1 (N/S),77,43,15,♦,finished,2026-05-17T19:26:55.744773+00:00
3514,INPROC_7C3C64,1,10,team1,Team 1 (N/S),61,59,14,♦,finished,2026-05-17T19:26:55.761458+00:00
3515,INPROC_5C0E96,1,10,team1,Team 1 (N/S),84,36,27,♥,finished,2026-05-17T19:26:55.779806+00:00
3516,INPROC_F2EF61,1,10,team1,Team 1 (N/S),106,14,15,♦,finished,2026-05-17T19:26:55.799138+00:00
3517,INPROC_EC29E0,1,10,team1,Team 1 (N/S),62,58,37,♠,finished,2026-05-17T19:26:55.819583+00:00
3518,INPROC_ECF595,1,10,team2,Team 2 (E/W),41,79,16,♦,finished,2026-05-17T19:26:55.840135+00:00
3519,INPROC_07837D,1,10,team1,Team 1 (N/S),65,55,37,♠,finished,2026-05-17T19:26:55.859583+00:00
3520,INPROC_BE811B,1,10,team1,Team 1 (N/S),66,54,4,♣,finished,2026-05-17T19:26:55.876925+00:00
3521,INPROC_BDCB9F,1,10,team1,Team 1 (N/S),67,53,15,♦,finished,2026-05-17T19:26:55.899185+00:00
3522,INPROC_29609B,1,10,team1,Team 1 (N/S),68,52,27,♥,finished,2026-05-17T19:26:55.918321+00:00
3523,INPROC_CDC81D,1,10,team1,Team 1 (N/S),66,54,18,♦,finished,2026-05-17T19:26:55.935539+00:00
3524,INPROC_8692F8,1,10,team2,Team 2 (E/W),46,74,37,♠,finished,2026-05-17T19:26:55.954166+00:00
3525,INPROC_C9F2D1,1,10,team2,Team 2 (E/W),44,76,15,♦,finished,2026-05-17T19:26:55.974568+00:00
3526,INPROC_90C773,1,10,team2,Team 2 (E/W),53,67,16,♦,finished,2026-05-17T19:26:55.992019+00:00
3527,INPROC_1C26A3,1,10,team2,Team 2 (E/W),49,71,37,♠,finished,2026-05-17T19:26:56.012771+00:00
3528,INPROC_6B9E1E,1,10,team2,Team 2 (E/W),28,92,3,♣,finished,2026-05-17T19:26:56.033376+00:00
3529,INPROC_3B0F2D,1,10,team1,Team 1 (N/S),72,48,21,♥,finished,2026-05-17T19:26:56.051486+00:00
3530,INPROC_32A90C,1,10,team1,Team 1 (N/S),95,25,7,♣,finished,2026-05-17T19:26:56.070643+00:00
3531,INPROC_B9D0FD,1,10,team2,Team 2 (E/W),52,68,16,♦,finished,2026-05-17T19:26:56.091073+00:00
3532,INPROC_198C48,1,10,team2,Team 2 (E/W),3,117,31,♠,finished,2026-05-17T19:26:56.112148+00:00
3533,INPROC_53C41C,1,10,team2,Team 2 (E/W),43,77,27,♥,finished,2026-05-17T19:26:56.131029+00:00
3534,INPROC_ED26F3,1,10,team2,Team 2 (E/W),35,85,9,♣,finished,2026-05-17T19:26:56.149443+00:00
3535,INPROC_0FDAE0,1,10,team1,Team 1 (N/S),67,53,21,♥,finished,2026-05-17T19:26:56.167359+00:00
3536,INPROC_7F61F1,1,10,draw,draw,60,60,10,♦,finished,2026-05-17T19:26:56.183790+00:00
3537,INPROC_03F534,1,10,team1,Team 1 (N/S),73,47,24,♥,finished,2026-05-17T19:26:56.203190+00:00
3538,INPROC_6F5026,1,10,team2,Team 2 (E/W),25,95,33,♠,finished,2026-05-17T19:26:56.225849+00:00
3539,INPROC_4092AA,1,10,team2,Team 2 (E/W),34,86,20,♥,finished,2026-05-17T19:26:56.247606+00:00
3540,INPROC_4ED451,1,10,team1,Team 1 (N/S),66,54,33,♠,finished,2026-05-17T19:26:56.270222+00:00
3541,INPROC_7F554A,1,10,team2,Team 2 (E/W),58,62,26,♥,finished,2026-05-17T19:26:56.293537+00:00
3542,INPROC_AD1060,1,10,team2,Team 2 (E/W),37,83,22,♥,finished,2026-05-17T19:26:56.312027+00:00
3543,INPROC_9C4429,1,10,team2,Team 2 (E/W),32,88,3,♣,finished,2026-05-17T19:26:56.335339+00:00
3544,INPROC_A54A1D,1,10,team1,Team 1 (N/S),71,49,8,♣,finished,2026-05-17T19:26:56.354797+00:00
3545,INPROC_3156DE,1,10,team1,Team 1 (N/S),78,42,16,♦,finished,2026-05-17T19:26:56.374384+00:00
3546,INPROC_2BE562,1,10,team2,Team 2 (E/W),45,75,32,♠,finished,2026-05-17T19:26:56.395815+00:00
3547,INPROC_533461,1,10,team1,Team 1 (N/S),83,37,13,♦,finished,2026-05-17T19:26:56.416748+00:00
3548,INPROC_2C740E,1,10,team2,Team 2 (E/W),34,86,9,♣,finished,2026-05-17T19:26:56.429312+00:00
3549,INPROC_593BE0,1,10,team1,Team 1 (N/S),116,4,32,♠,finished,2026-05-17T19:26:56.446155+00:00
3550,INPROC_12EC83,1,10,team2,Team 2 (E/W),43,77,33,♠,finished,2026-05-17T19:26:56.469524+00:00
3551,INPROC_776658,1,10,team1,Team 1 (N/S),87,33,19,♦,finished,2026-05-17T19:26:56.492101+00:00
3552,INPROC_455AEA,1,10,team1,Team 1 (N/S),68,52,1,♣,finished,2026-05-17T19:26:56.514407+00:00
3553,INPROC_60C400,1,10,team2,Team 2 (E/W),38,82,10,♦,finished,2026-05-17T19:26:56.535903+00:00
3554,INPROC_A4BE9F,1,10,team2,Team 2 (E/W),54,66,16,♦,finished,2026-05-17T19:26:56.556767+00:00
3555,INPROC_54F49A,1,10,team1,Team 1 (N/S),90,30,25,♥,finished,2026-05-17T19:26:56.576575+00:00
3556,INPROC_ABEE21,1,10,team1,Team 1 (N/S),72,48,6,♣,finished,2026-05-17T19:26:56.596855+00:00
3557,INPROC_9A54E8,1,10,team1,Team 1 (N/S),90,30,6,♣,finished,2026-05-17T19:26:56.615542+00:00
3558,INPROC_FB21EE,1,10,team1,Team 1 (N/S),85,35,15,♦,finished,2026-05-17T19:26:56.633480+00:00
3559,INPROC_0FC26D,1,10,team1,Team 1 (N/S),62,58,24,♥,finished,2026-05-17T19:26:56.651820+00:00
3560,INPROC_E45D42,1,10,team1,Team 1 (N/S),67,53,23,♥,finished,2026-05-17T19:26:56.666325+00:00
3561,INPROC_9A3A99,1,10,team2,Team 2 (E/W),29,91,9,♣,finished,2026-05-17T19:26:56.685085+00:00
3562,INPROC_DCFBED,1,10,team2,Team 2 (E/W),33,87,10,♦,finished,2026-05-17T19:26:56.700841+00:00
3563,INPROC_C34265,1,10,team2,Team 2 (E/W),20,100,19,♦,finished,2026-05-17T19:26:56.725515+00:00
3564,INPROC_7A2710,1,10,team2,Team 2 (E/W),27,93,27,♥,finished,2026-05-17T19:26:56.745554+00:00
3565,INPROC_364127,1,10,team2,Team 2 (E/W),42,78,4,♣,finished,2026-05-17T19:26:56.767146+00:00
3566,INPROC_36985B,1,10,team1,Team 1 (N/S),63,57,36,♠,finished,2026-05-17T19:26:56.789439+00:00
3567,INPROC_B8C06A,1,10,team1,Team 1 (N/S),88,32,37,♠,finished,2026-05-17T19:26:56.812075+00:00
3568,INPROC_CA6A55,1,10,team2,Team 2 (E/W),34,86,31,♠,finished,2026-05-17T19:26:56.829597+00:00
3569,INPROC_CCB13A,1,10,team2,Team 2 (E/W),36,84,6,♣,finished,2026-05-17T19:26:56.850149+00:00
3570,INPROC_AB8DDF,1,10,team2,Team 2 (E/W),47,73,10,♦,finished,2026-05-17T19:26:56.872014+00:00
3571,INPROC_3380FE,1,10,team2,Team 2 (E/W),41,79,18,♦,finished,2026-05-17T19:26:56.891170+00:00
3572,INPROC_A0D1CC,1,10,team1,Team 1 (N/S),79,41,30,♠,finished,2026-05-17T19:26:56.910802+00:00
3573,INPROC_A69D69,1,10,team2,Team 2 (E/W),38,82,29,♥,finished,2026-05-17T19:26:56.931844+00:00
3574,INPROC_BDBE29,1,10,team2,Team 2 (E/W),50,70,13,♦,finished,2026-05-17T19:26:56.955631+00:00
3575,INPROC_FB0D2C,1,10,team2,Team 2 (E/W),58,62,36,♠,finished,2026-05-17T19:26:56.971259+00:00
3576,INPROC_D50D29,1,10,team1,Team 1 (N/S),74,46,34,♠,finished,2026-05-17T19:26:56.989191+00:00
3577,INPROC_EADC76,1,10,team2,Team 2 (E/W),27,93,29,♥,finished,2026-05-17T19:26:57.010921+00:00
3578,INPROC_ABF625,1,10,team2,Team 2 (E/W),15,105,4,♣,finished,2026-05-17T19:26:57.032283+00:00
3579,INPROC_7CA2B5,1,10,team2,Team 2 (E/W),55,65,37,♠,finished,2026-05-17T19:26:57.054271+00:00
3580,INPROC_9087B7,1,10,team2,Team 2 (E/W),19,101,4,♣,finished,2026-05-17T19:26:57.074945+00:00
3581,INPROC_9EE36F,1,10,team2,Team 2 (E/W),15,105,23,♥,finished,2026-05-17T19:26:57.094547+00:00
3582,INPROC_1189F5,1,10,team2,Team 2 (E/W),24,96,22,♥,finished,2026-05-17T19:26:57.114886+00:00
3583,INPROC_BA560D,1,10,draw,draw,60,60,39,♠,finished,2026-05-17T19:26:57.136276+00:00
3584,INPROC_E4978E,1,10,team2,Team 2 (E/W),57,63,34,♠,finished,2026-05-17T19:26:57.157084+00:00
3585,INPROC_985054,1,10,team1,Team 1 (N/S),64,56,36,♠,finished,2026-05-17T19:26:57.176875+00:00
3586,INPROC_47DA62,1,10,team2,Team 2 (E/W),44,76,12,♦,finished,2026-05-17T19:26:57.197924+00:00
3587,INPROC_8BE519,1,10,team2,Team 2 (E/W),40,80,22,♥,finished,2026-05-17T19:26:57.219317+00:00
3588,INPROC_99D0F0,1,10,team2,Team 2 (E/W),5,115,30,♠,finished,2026-05-17T19:26:57.238103+00:00
3589,INPROC_D607F7,1,10,team2,Team 2 (E/W),20,100,21,♥,finished,2026-05-17T19:26:57.254379+00:00
3590,INPROC_D6DF4E,1,10,team2,Team 2 (E/W),39,81,14,♦,finished,2026-05-17T19:26:57.276601+00:00
3591,INPROC_71081B,1,10,team2,Team 2 (E/W),14,106,17,♦,finished,2026-05-17T19:26:57.293835+00:00
3592,INPROC_DFD525,1,10,team1,Team 1 (N/S),65,55,36,♠,finished,2026-05-17T19:26:57.312988+00:00
3593,INPROC_AB4EFC,1,10,team2,Team 2 (E/W),46,74,25,♥,finished,2026-05-17T19:26:57.330212+00:00
3594,INPROC_FBD18A,1,10,team1,Team 1 (N/S),101,19,15,♦,finished,2026-05-17T19:26:57.346665+00:00
3595,INPROC_934DF9,1,10,team1,Team 1 (N/S),64,56,32,♠,finished,2026-05-17T19:26:57.366878+00:00
3596,INPROC_333E17,1,10,team2,Team 2 (E/W),52,68,4,♣,finished,2026-05-17T19:26:57.384515+00:00
3597,INPROC_45F28C,1,10,team2,Team 2 (E/W),36,84,7,♣,finished,2026-05-17T19:26:57.404402+00:00
3598,INPROC_9BE4F5,1,10,team2,Team 2 (E/W),52,68,8,♣,finished,2026-05-17T19:26:57.423224+00:00
3599,INPROC_5C3F6A,1,10,team2,Team 2 (E/W),36,84,7,♣,finished,2026-05-17T19:26:57.441823+00:00
3600,INPROC_54D5B9,1,10,team1,Team 1 (N/S),103,17,1,♣,finished,2026-05-17T19:26:57.458653+00:00
3601,INPROC_BF5F6B,1,10,team1,Team 1 (N/S),90,30,19,♦,finished,2026-05-17T19:26:57.477896+00:00
3602,INPROC_33B222,1,10,team2,Team 2 (E/W),12,108,17,♦,finished,2026-05-17T19:26:57.494360+00:00
3603,INPROC_BF7384,1,10,team2,Team 2 (E/W),52,68,17,♦,finished,2026-05-17T19:26:57.510523+00:00
3604,INPROC_48E48C,1,10,team2,Team 2 (E/W),11,109,11,♦,finished,2026-05-17T19:26:57.525361+00:00
3605,INPROC_7DBBEB,1,10,team2,Team 2 (E/W),49,71,19,♦,finished,2026-05-17T19:26:57.539502+00:00
3606,INPROC_8A5D1E,1,10,team2,Team 2 (E/W),46,74,34,♠,finished,2026-05-17T19:26:57.554586+00:00
3607,INPROC_A8E758,1,10,team1,Team 1 (N/S),81,39,22,♥,finished,2026-05-17T19:26:57.574608+00:00
3608,INPROC_A64D69,1,10,team2,Team 2 (E/W),11,109,11,♦,finished,2026-05-17T19:26:57.591370+00:00
3609,INPROC_E0B2DF,1,10,team1,Team 1 (N/S),67,53,20,♥,finished,2026-05-17T19:26:57.609416+00:00
3610,INPROC_34BE3C,1,10,team1,Team 1 (N/S),72,48,21,♥,finished,2026-05-17T19:26:57.629608+00:00
3611,INPROC_5ABE00,1,10,team2,Team 2 (E/W),55,65,30,♠,finished,2026-05-17T19:26:57.647632+00:00
3612,INPROC_ACBE5D,1,10,team2,Team 2 (E/W),57,63,37,♠,finished,2026-05-17T19:26:57.663802+00:00
3613,INPROC_EE7872,1,10,team1,Team 1 (N/S),98,22,36,♠,finished,2026-05-17T19:26:57.681785+00:00
3614,INPROC_8EEA72,1,10,team2,Team 2 (E/W),58,62,20,♥,finished,2026-05-17T19:26:57.696357+00:00
3615,INPROC_068517,1,10,team1,Team 1 (N/S),75,45,36,♠,finished,2026-05-17T19:26:57.712113+00:00
3616,INPROC_62D54E,1,10,team2,Team 2 (E/W),15,105,19,♦,finished,2026-05-17T19:26:57.730311+00:00
3617,INPROC_6C1ED4,1,10,team2,Team 2 (E/W),43,77,2,♣,finished,2026-05-17T19:26:57.749843+00:00
3618,INPROC_03EC38,1,10,team2,Team 2 (E/W),24,96,4,♣,finished,2026-05-17T19:26:57.768192+00:00
3619,INPROC_2A9223,1,10,team2,Team 2 (E/W),35,85,33,♠,finished,2026-05-17T19:26:57.782910+00:00
3620,INPROC_A220EF,1,10,team2,Team 2 (E/W),7,113,28,♥,finished,2026-05-17T19:26:57.800825+00:00
3621,INPROC_F3D8BE,1,10,team1,Team 1 (N/S),91,29,17,♦,finished,2026-05-17T19:26:57.818485+00:00
3622,INPROC_CC3605,1,10,team1,Team 1 (N/S),62,58,10,♦,finished,2026-05-17T19:26:57.837072+00:00
3623,INPROC_BECFA7,1,10,team1,Team 1 (N/S),100,20,27,♥,finished,2026-05-17T19:26:57.853670+00:00
3624,INPROC_E8F9E0,1,10,team1,Team 1 (N/S),63,57,25,♥,finished,2026-05-17T19:26:57.870186+00:00
3625,INPROC_03BFC9,1,10,team2,Team 2 (E/W),28,92,1,♣,finished,2026-05-17T19:26:57.886913+00:00
3626,INPROC_6CC7D3,1,10,team2,Team 2 (E/W),43,77,15,♦,finished,2026-05-17T19:26:57.903590+00:00
3627,INPROC_D5168D,1,10,team1,Team 1 (N/S),77,43,27,♥,finished,2026-05-17T19:26:57.921722+00:00
3628,INPROC_ECA0E0,1,10,team1,Team 1 (N/S),77,43,27,♥,finished,2026-05-17T19:26:57.938150+00:00
3629,INPROC_149AC0,1,10,team1,Team 1 (N/S),61,59,34,♠,finished,2026-05-17T19:26:57.957508+00:00
3630,INPROC_67D2E8,1,10,team1,Team 1 (N/S),74,46,20,♥,finished,2026-05-17T19:26:57.974950+00:00
3631,INPROC_FE2D9A,1,10,team2,Team 2 (E/W),40,80,9,♣,finished,2026-05-17T19:26:57.993472+00:00
3632,INPROC_3FC5C0,1,10,team1,Team 1 (N/S),70,50,2,♣,finished,2026-05-17T19:26:58.012760+00:00
3633,INPROC_0F3E43,1,10,team1,Team 1 (N/S),62,58,26,♥,finished,2026-05-17T19:26:58.027423+00:00
3634,INPROC_141E18,1,10,team2,Team 2 (E/W),39,81,33,♠,finished,2026-05-17T19:26:58.040598+00:00
3635,INPROC_C4D979,1,10,team1,Team 1 (N/S),73,47,36,♠,finished,2026-05-17T19:26:58.054374+00:00
3636,INPROC_3BD9C0,1,10,team1,Team 1 (N/S),64,56,37,♠,finished,2026-05-17T19:26:58.071486+00:00
3637,INPROC_2450BC,1,10,team1,Team 1 (N/S),81,39,12,♦,finished,2026-05-17T19:26:58.087373+00:00
3638,INPROC_1E32A6,1,10,team1,Team 1 (N/S),120,0,6,♣,finished,2026-05-17T19:26:58.104634+00:00
3639,INPROC_19FA9D,1,10,team1,Team 1 (N/S),90,30,21,♥,finished,2026-05-17T19:26:58.122292+00:00
3640,INPROC_649DEC,1,10,team2,Team 2 (E/W),56,64,30,♠,finished,2026-05-17T19:26:58.139863+00:00
3641,INPROC_EEFC3B,1,10,team2,Team 2 (E/W),33,87,34,♠,finished,2026-05-17T19:26:58.156729+00:00
3642,INPROC_BA45AE,1,10,team1,Team 1 (N/S),87,33,5,♣,finished,2026-05-17T19:26:58.175142+00:00
3643,INPROC_C5093A,1,10,team2,Team 2 (E/W),53,67,23,♥,finished,2026-05-17T19:26:58.193083+00:00
3644,INPROC_E8FF83,1,10,team2,Team 2 (E/W),31,89,23,♥,finished,2026-05-17T19:26:58.211077+00:00
3645,INPROC_611F7E,1,10,team2,Team 2 (E/W),57,63,4,♣,finished,2026-05-17T19:26:58.229061+00:00
3646,INPROC_727ED6,1,10,team2,Team 2 (E/W),35,85,9,♣,finished,2026-05-17T19:26:58.247681+00:00
3647,INPROC_E25551,1,10,team2,Team 2 (E/W),28,92,8,♣,finished,2026-05-17T19:26:58.265811+00:00
3648,INPROC_FD5E23,1,10,team2,Team 2 (E/W),12,108,39,♠,finished,2026-05-17T19:26:58.285156+00:00
3649,INPROC_7E9706,1,10,team1,Team 1 (N/S),97,23,23,♥,finished,2026-05-17T19:26:58.300504+00:00
3650,INPROC_4071EC,1,10,team1,Team 1 (N/S),74,46,38,♠,finished,2026-05-17T19:26:58.316560+00:00
3651,INPROC_7EEE1F,1,10,team1,Team 1 (N/S),110,10,35,♠,finished,2026-05-17T19:26:58.333083+00:00
3652,INPROC_F793EF,1,10,team2,Team 2 (E/W),3,117,39,♠,finished,2026-05-17T19:26:58.350616+00:00
3653,INPROC_D88F53,1,10,team2,Team 2 (E/W),30,90,23,♥,finished,2026-05-17T19:26:58.367416+00:00
3654,INPROC_AEE093,1,10,team2,Team 2 (E/W),55,65,34,♠,finished,2026-05-17T19:26:58.385202+00:00
3655,INPROC_CB02F1,1,10,team1,Team 1 (N/S),62,58,1,♣,finished,2026-05-17T19:26:58.404500+00:00
3656,INPROC_7747D6,1,10,team1,Team 1 (N/S),64,56,10,♦,finished,2026-05-17T19:26:58.423424+00:00
3657,INPROC_4EB328,1,10,team1,Team 1 (N/S),66,54,12,♦,finished,2026-05-17T19:26:58.441087+00:00
3658,INPROC_79E1EB,1,10,team1,Team 1 (N/S),110,10,24,♥,finished,2026-05-17T19:26:58.459836+00:00
3659,INPROC_E465FA,1,10,team2,Team 2 (E/W),45,75,10,♦,finished,2026-05-17T19:26:58.476564+00:00
3660,INPROC_640115,1,10,team2,Team 2 (E/W),19,101,26,♥,finished,2026-05-17T19:26:58.494189+00:00
3661,INPROC_DDABEF,1,10,team2,Team 2 (E/W),37,83,25,♥,finished,2026-05-17T19:26:58.511032+00:00
3662,INPROC_5D2C3C,1,10,team1,Team 1 (N/S),69,51,24,♥,finished,2026-05-17T19:26:58.528320+00:00
3663,INPROC_9D1CBB,1,10,team2,Team 2 (E/W),50,70,24,♥,finished,2026-05-17T19:26:58.545494+00:00
3664,INPROC_0B783D,1,10,team2,Team 2 (E/W),56,64,35,♠,finished,2026-05-17T19:26:58.563651+00:00
3665,INPROC_E7A271,1,10,team2,Team 2 (E/W),42,78,9,♣,finished,2026-05-17T19:26:58.576425+00:00
3666,INPROC_5A9CA3,1,10,team1,Team 1 (N/S),100,20,15,♦,finished,2026-05-17T19:26:58.589388+00:00
3667,INPROC_74A5D0,1,10,team1,Team 1 (N/S),89,31,24,♥,finished,2026-05-17T19:26:58.604849+00:00
3668,INPROC_274AED,1,10,team2,Team 2 (E/W),40,80,31,♠,finished,2026-05-17T19:26:58.620053+00:00
3669,INPROC_05B139,1,10,team2,Team 2 (E/W),52,68,10,♦,finished,2026-05-17T19:26:58.636212+00:00
3670,INPROC_DBCF59,1,10,team1,Team 1 (N/S),70,50,19,♦,finished,2026-05-17T19:26:58.656885+00:00
3671,INPROC_430B4E,1,10,team2,Team 2 (E/W),34,86,13,♦,finished,2026-05-17T19:26:58.678435+00:00
3672,INPROC_ACF06E,1,10,team2,Team 2 (E/W),14,106,2,♣,finished,2026-05-17T19:26:58.696940+00:00
3673,INPROC_5A748A,1,10,team1,Team 1 (N/S),96,24,15,♦,finished,2026-05-17T19:26:58.715008+00:00
3674,INPROC_DA8E2B,1,10,team2,Team 2 (E/W),38,82,8,♣,finished,2026-05-17T19:26:58.728851+00:00
3675,INPROC_3A1ED5,1,10,team2,Team 2 (E/W),47,73,8,♣,finished,2026-05-17T19:26:58.745396+00:00
3676,INPROC_BF245E,1,10,team2,Team 2 (E/W),48,72,5,♣,finished,2026-05-17T19:26:58.762278+00:00
3677,INPROC_6DCBF0,1,10,team2,Team 2 (E/W),52,68,14,♦,finished,2026-05-17T19:26:58.782472+00:00
3678,INPROC_48D0F0,1,10,team2,Team 2 (E/W),38,82,21,♥,finished,2026-05-17T19:26:58.799326+00:00
3679,INPROC_12715E,1,10,team1,Team 1 (N/S),93,27,33,♠,finished,2026-05-17T19:26:58.817116+00:00
3680,INPROC_F429C3,1,10,team2,Team 2 (E/W),50,70,21,♥,finished,2026-05-17T19:26:58.830997+00:00
3681,INPROC_E0E1CD,1,10,team2,Team 2 (E/W),44,76,16,♦,finished,2026-05-17T19:26:58.840974+00:00
3682,INPROC_3BAB9F,1,10,team1,Team 1 (N/S),75,45,7,♣,finished,2026-05-17T19:26:58.851864+00:00
3683,INPROC_BF5B41,1,10,team2,Team 2 (E/W),57,63,35,♠,finished,2026-05-17T19:26:58.866104+00:00
3684,INPROC_AC63DE,1,10,team2,Team 2 (E/W),50,70,29,♥,finished,2026-05-17T19:26:58.882273+00:00
3685,INPROC_D632B0,1,10,team1,Team 1 (N/S),71,49,20,♥,finished,2026-05-17T19:26:58.899635+00:00
3686,INPROC_8CBCEF,1,10,team1,Team 1 (N/S),74,46,37,♠,finished,2026-05-17T19:26:58.918036+00:00
3687,INPROC_78A2CA,1,10,team2,Team 2 (E/W),44,76,9,♣,finished,2026-05-17T19:26:58.936954+00:00
3688,INPROC_381BE4,1,10,team1,Team 1 (N/S),61,59,19,♦,finished,2026-05-17T19:26:58.954921+00:00
3689,INPROC_F45560,1,10,team1,Team 1 (N/S),65,55,22,♥,finished,2026-05-17T19:26:58.972675+00:00
3690,INPROC_364135,1,10,team2,Team 2 (E/W),25,95,4,♣,finished,2026-05-17T19:26:58.988528+00:00
3691,INPROC_B3158D,1,10,team1,Team 1 (N/S),74,46,39,♠,finished,2026-05-17T19:26:59.004262+00:00
3692,INPROC_04ED76,1,10,team1,Team 1 (N/S),63,57,15,♦,finished,2026-05-17T19:26:59.022365+00:00
3693,INPROC_78A34D,1,10,team1,Team 1 (N/S),73,47,21,♥,finished,2026-05-17T19:26:59.040968+00:00
3694,INPROC_DDC99D,1,10,team2,Team 2 (E/W),48,72,28,♥,finished,2026-05-17T19:26:59.060992+00:00
3695,INPROC_7D5C18,1,10,team1,Team 1 (N/S),94,26,9,♣,finished,2026-05-17T19:26:59.076471+00:00
3696,INPROC_860547,1,10,team2,Team 2 (E/W),42,78,16,♦,finished,2026-05-17T19:26:59.094406+00:00
3697,INPROC_A388C2,1,10,team1,Team 1 (N/S),116,4,25,♥,finished,2026-05-17T19:26:59.106237+00:00
3698,INPROC_9B84E5,1,10,team2,Team 2 (E/W),11,109,9,♣,finished,2026-05-17T19:26:59.117166+00:00
3699,INPROC_6069F0,1,10,team2,Team 2 (E/W),46,74,30,♠,finished,2026-05-17T19:26:59.131956+00:00
3700,INPROC_3ED58B,1,10,team1,Team 1 (N/S),74,46,2,♣,finished,2026-05-17T19:26:59.147307+00:00
3701,INPROC_5BCBBF,1,10,team1,Team 1 (N/S),83,37,22,♥,finished,2026-05-17T19:26:59.165215+00:00
3702,INPROC_F9387E,1,10,team2,Team 2 (E/W),47,73,10,♦,finished,2026-05-17T19:26:59.182983+00:00
3703,INPROC_4D3A7C,1,10,team2,Team 2 (E/W),21,99,0,♣,finished,2026-05-17T19:26:59.200661+00:00
3704,INPROC_3EC605,1,10,team2,Team 2 (E/W),42,78,25,♥,finished,2026-05-17T19:26:59.216840+00:00
3705,INPROC_FF5B11,1,10,team1,Team 1 (N/S),67,53,34,♠,finished,2026-05-17T19:26:59.232921+00:00
3706,INPROC_0DD41C,1,10,team2,Team 2 (E/W),50,70,35,♠,finished,2026-05-17T19:26:59.247913+00:00
3707,INPROC_A1F90D,1,10,team2,Team 2 (E/W),42,78,28,♥,finished,2026-05-17T19:26:59.261111+00:00
3708,INPROC_063BE7,1,10,team1,Team 1 (N/S),71,49,6,♣,finished,2026-05-17T19:26:59.277260+00:00
3709,INPROC_DEFC55,1,10,team1,Team 1 (N/S),61,59,4,♣,finished,2026-05-17T19:26:59.295706+00:00
3710,INPROC_6572E0,1,10,team2,Team 2 (E/W),8,112,35,♠,finished,2026-05-17T19:26:59.315205+00:00
3711,INPROC_D7CC36,1,10,team1,Team 1 (N/S),76,44,35,♠,finished,2026-05-17T19:26:59.326199+00:00
3712,INPROC_090CE3,1,10,team1,Team 1 (N/S),71,49,31,♠,finished,2026-05-17T19:26:59.339464+00:00
3713,INPROC_0406AA,1,10,team1,Team 1 (N/S),91,29,30,♠,finished,2026-05-17T19:26:59.354237+00:00
3714,INPROC_0182EC,1,10,team1,Team 1 (N/S),66,54,28,♥,finished,2026-05-17T19:26:59.368912+00:00
3715,INPROC_CA417C,1,10,team1,Team 1 (N/S),83,37,12,♦,finished,2026-05-17T19:26:59.388126+00:00
3716,INPROC_9FE408,1,10,team1,Team 1 (N/S),68,52,8,♣,finished,2026-05-17T19:26:59.408285+00:00
3717,INPROC_A2F741,1,10,team1,Team 1 (N/S),113,7,21,♥,finished,2026-05-17T19:26:59.427231+00:00
3718,INPROC_99A6E7,1,10,team2,Team 2 (E/W),29,91,19,♦,finished,2026-05-17T19:26:59.448755+00:00
3719,INPROC_6D8525,1,10,team2,Team 2 (E/W),44,76,21,♥,finished,2026-05-17T19:26:59.468334+00:00
3720,INPROC_CF410B,1,10,team1,Team 1 (N/S),65,55,7,♣,finished,2026-05-17T19:26:59.488453+00:00
3721,INPROC_DC45C4,1,10,team2,Team 2 (E/W),55,65,31,♠,finished,2026-05-17T19:26:59.504761+00:00
3722,INPROC_EEA0B0,1,10,team1,Team 1 (N/S),75,45,23,♥,finished,2026-05-17T19:26:59.523015+00:00
3723,INPROC_901D01,1,10,team1,Team 1 (N/S),73,47,28,♥,finished,2026-05-17T19:26:59.543091+00:00
3724,INPROC_EAAA4C,1,10,team2,Team 2 (E/W),32,88,25,♥,finished,2026-05-17T19:26:59.561676+00:00
3725,INPROC_C68363,1,10,team2,Team 2 (E/W),50,70,34,♠,finished,2026-05-17T19:26:59.578801+00:00
3726,INPROC_6599D5,1,10,team2,Team 2 (E/W),46,74,9,♣,finished,2026-05-17T19:26:59.596144+00:00
3727,INPROC_1C8E97,1,10,team2,Team 2 (E/W),30,90,26,♥,finished,2026-05-17T19:26:59.614109+00:00
3728,INPROC_EDBA6A,1,10,team1,Team 1 (N/S),83,37,23,♥,finished,2026-05-17T19:26:59.630740+00:00
3729,INPROC_B4B408,1,10,team1,Team 1 (N/S),68,52,20,♥,finished,2026-05-17T19:26:59.644293+00:00
3730,INPROC_20499E,1,10,team1,Team 1 (N/S),68,52,24,♥,finished,2026-05-17T19:26:59.656817+00:00
3731,INPROC_A342FD,1,10,team2,Team 2 (E/W),53,67,37,♠,finished,2026-05-17T19:26:59.672928+00:00
3732,INPROC_FDA19F,1,10,team1,Team 1 (N/S),63,57,9,♣,finished,2026-05-17T19:26:59.691081+00:00
3733,INPROC_098938,1,10,team1,Team 1 (N/S),79,41,7,♣,finished,2026-05-17T19:26:59.707319+00:00
3734,INPROC_356D9A,1,10,team1,Team 1 (N/S),71,49,14,♦,finished,2026-05-17T19:26:59.724065+00:00
3735,INPROC_C96EE5,1,10,team1,Team 1 (N/S),71,49,0,♣,finished,2026-05-17T19:26:59.740775+00:00
3736,INPROC_0648AA,1,10,team1,Team 1 (N/S),66,54,30,♠,finished,2026-05-17T19:26:59.754941+00:00
3737,INPROC_70D531,1,10,team1,Team 1 (N/S),72,48,7,♣,finished,2026-05-17T19:26:59.774070+00:00
3738,INPROC_732D6A,1,10,team2,Team 2 (E/W),31,89,8,♣,finished,2026-05-17T19:26:59.791101+00:00
3739,INPROC_893F95,1,10,team1,Team 1 (N/S),86,34,0,♣,finished,2026-05-17T19:26:59.810561+00:00
3740,INPROC_D0546D,1,10,team2,Team 2 (E/W),40,80,21,♥,finished,2026-05-17T19:26:59.828944+00:00
3741,INPROC_686399,1,10,team2,Team 2 (E/W),28,92,36,♠,finished,2026-05-17T19:26:59.845733+00:00
3742,INPROC_88E1A5,1,10,team2,Team 2 (E/W),48,72,31,♠,finished,2026-05-17T19:26:59.863184+00:00
3743,INPROC_3A63D8,1,10,team1,Team 1 (N/S),85,35,30,♠,finished,2026-05-17T19:26:59.880781+00:00
3744,INPROC_5900BF,1,10,team1,Team 1 (N/S),97,23,4,♣,finished,2026-05-17T19:26:59.893328+00:00
3745,INPROC_03C177,1,10,team1,Team 1 (N/S),77,43,9,♣,finished,2026-05-17T19:26:59.907154+00:00
3746,INPROC_4BF089,1,10,team1,Team 1 (N/S),75,45,6,♣,finished,2026-05-17T19:26:59.918961+00:00
3747,INPROC_83DA5F,1,10,team2,Team 2 (E/W),45,75,24,♥,finished,2026-05-17T19:26:59.931910+00:00
3748,INPROC_CF5CF5,1,10,team1,Team 1 (N/S),93,27,7,♣,finished,2026-05-17T19:26:59.951527+00:00
3749,INPROC_6AA46D,1,10,team2,Team 2 (E/W),8,112,30,♠,finished,2026-05-17T19:26:59.970041+00:00
3750,INPROC_EB7BDC,1,10,team1,Team 1 (N/S),77,43,10,♦,finished,2026-05-17T19:26:59.987821+00:00
3751,INPROC_DB51C0,1,10,team2,Team 2 (E/W),45,75,9,♣,finished,2026-05-17T19:27:00.009267+00:00
3752,INPROC_707072,1,10,team2,Team 2 (E/W),25,95,29,♥,finished,2026-05-17T19:27:00.027175+00:00
3753,INPROC_327566,1,10,team1,Team 1 (N/S),71,49,30,♠,finished,2026-05-17T19:27:00.047537+00:00
3754,INPROC_147AA3,1,10,team1,Team 1 (N/S),77,43,2,♣,finished,2026-05-17T19:27:00.071212+00:00
3755,INPROC_B80E05,1,10,team2,Team 2 (E/W),28,92,29,♥,finished,2026-05-17T19:27:00.086934+00:00
3756,INPROC_4B717F,1,10,team1,Team 1 (N/S),102,18,18,♦,finished,2026-05-17T19:27:00.106143+00:00
3757,INPROC_5F498B,1,10,team2,Team 2 (E/W),40,80,33,♠,finished,2026-05-17T19:27:00.124594+00:00
3758,INPROC_1E789B,1,10,team2,Team 2 (E/W),58,62,10,♦,finished,2026-05-17T19:27:00.141998+00:00
3759,INPROC_C286C0,1,10,team1,Team 1 (N/S),87,33,11,♦,finished,2026-05-17T19:27:00.158668+00:00
3760,INPROC_2F294F,1,10,team2,Team 2 (E/W),46,74,39,♠,finished,2026-05-17T19:27:00.173543+00:00
3761,INPROC_D3C732,1,10,team2,Team 2 (E/W),16,104,19,♦,finished,2026-05-17T19:27:00.184235+00:00
3762,INPROC_AD9C09,1,10,team1,Team 1 (N/S),65,55,6,♣,finished,2026-05-17T19:27:00.200163+00:00
3763,INPROC_486A82,1,10,team2,Team 2 (E/W),51,69,24,♥,finished,2026-05-17T19:27:00.221550+00:00
3764,INPROC_F4F7B5,1,10,team1,Team 1 (N/S),62,58,30,♠,finished,2026-05-17T19:27:00.242854+00:00
3765,INPROC_FBE3F0,1,10,team2,Team 2 (E/W),30,90,36,♠,finished,2026-05-17T19:27:00.261863+00:00
3766,INPROC_87FEF2,1,10,team1,Team 1 (N/S),80,40,14,♦,finished,2026-05-17T19:27:00.279864+00:00
3767,INPROC_C42548,1,10,team1,Team 1 (N/S),78,42,38,♠,finished,2026-05-17T19:27:00.296452+00:00
3768,INPROC_FC5366,1,10,team1,Team 1 (N/S),75,45,38,♠,finished,2026-05-17T19:27:00.312676+00:00
3769,INPROC_FBFA81,1,10,team1,Team 1 (N/S),80,40,26,♥,finished,2026-05-17T19:27:00.329770+00:00
3770,INPROC_926A1C,1,10,team2,Team 2 (E/W),50,70,26,♥,finished,2026-05-17T19:27:00.347164+00:00
3771,INPROC_E4093B,1,10,team2,Team 2 (E/W),26,94,28,♥,finished,2026-05-17T19:27:00.363429+00:00
3772,INPROC_F13FE2,1,10,team1,Team 1 (N/S),69,51,2,♣,finished,2026-05-17T19:27:00.381591+00:00
3773,INPROC_CDA687,1,10,team2,Team 2 (E/W),45,75,17,♦,finished,2026-05-17T19:27:00.399244+00:00
3774,INPROC_B1F5E8,1,10,team2,Team 2 (E/W),50,70,9,♣,finished,2026-05-17T19:27:00.416701+00:00
3775,INPROC_844382,1,10,team2,Team 2 (E/W),53,67,0,♣,finished,2026-05-17T19:27:00.434088+00:00
3776,INPROC_6957ED,1,10,team1,Team 1 (N/S),71,49,38,♠,finished,2026-05-17T19:27:00.447533+00:00
3777,INPROC_8C0E64,1,10,team1,Team 1 (N/S),78,42,14,♦,finished,2026-05-17T19:27:00.460870+00:00
3778,INPROC_6BEE88,1,10,team1,Team 1 (N/S),61,59,28,♥,finished,2026-05-17T19:27:00.476122+00:00
3779,INPROC_7521E0,1,10,team2,Team 2 (E/W),52,68,26,♥,finished,2026-05-17T19:27:00.491191+00:00
3780,INPROC_61B494,1,10,team2,Team 2 (E/W),57,63,8,♣,finished,2026-05-17T19:27:00.508884+00:00
3781,INPROC_535E57,1,10,team1,Team 1 (N/S),76,44,21,♥,finished,2026-05-17T19:27:00.526292+00:00
3782,INPROC_AF5F4A,1,10,team2,Team 2 (E/W),56,64,5,♣,finished,2026-05-17T19:27:00.544213+00:00
3783,INPROC_A78A6D,1,10,team2,Team 2 (E/W),31,89,33,♠,finished,2026-05-17T19:27:00.562155+00:00
3784,INPROC_7FD1C6,1,10,team2,Team 2 (E/W),48,72,29,♥,finished,2026-05-17T19:27:00.578668+00:00
3785,INPROC_2DA48A,1,10,team1,Team 1 (N/S),67,53,24,♥,finished,2026-05-17T19:27:00.597366+00:00
3786,INPROC_15A3CA,1,10,draw,draw,60,60,21,♥,finished,2026-05-17T19:27:00.614559+00:00
3787,INPROC_D07104,1,10,team2,Team 2 (E/W),19,101,9,♣,finished,2026-05-17T19:27:00.631261+00:00
3788,INPROC_6BF0D7,1,10,team1,Team 1 (N/S),67,53,23,♥,finished,2026-05-17T19:27:00.648653+00:00
3789,INPROC_FFAA90,1,10,team2,Team 2 (E/W),37,83,31,♠,finished,2026-05-17T19:27:00.670689+00:00
3790,INPROC_9CD620,1,10,team1,Team 1 (N/S),108,12,25,♥,finished,2026-05-17T19:27:00.690019+00:00
3791,INPROC_19B3E5,1,10,team2,Team 2 (E/W),37,83,8,♣,finished,2026-05-17T19:27:00.705820+00:00
3792,INPROC_1015D6,1,10,team2,Team 2 (E/W),51,69,14,♦,finished,2026-05-17T19:27:00.716815+00:00
3793,INPROC_DFD245,1,10,team2,Team 2 (E/W),18,102,28,♥,finished,2026-05-17T19:27:00.731320+00:00
3794,INPROC_16BAF5,1,10,team2,Team 2 (E/W),45,75,25,♥,finished,2026-05-17T19:27:00.750299+00:00
3795,INPROC_DF0D09,1,10,team2,Team 2 (E/W),54,66,6,♣,finished,2026-05-17T19:27:00.769752+00:00
3796,INPROC_A11AF3,1,10,team2,Team 2 (E/W),47,73,3,♣,finished,2026-05-17T19:27:00.781348+00:00
3797,INPROC_53B9A0,1,10,team1,Team 1 (N/S),70,50,27,♥,finished,2026-05-17T19:27:00.799323+00:00
3798,INPROC_673145,1,10,team2,Team 2 (E/W),24,96,0,♣,finished,2026-05-17T19:27:00.815724+00:00
3799,INPROC_4DD080,1,10,team2,Team 2 (E/W),28,92,14,♦,finished,2026-05-17T19:27:00.834432+00:00
3800,INPROC_DC00F0,1,10,team1,Team 1 (N/S),74,46,22,♥,finished,2026-05-17T19:27:00.853888+00:00
3801,INPROC_15A6AA,1,10,team1,Team 1 (N/S),66,54,24,♥,finished,2026-05-17T19:27:00.872036+00:00
3802,INPROC_F2E5BB,1,10,team1,Team 1 (N/S),84,36,32,♠,finished,2026-05-17T19:27:00.891095+00:00
3803,INPROC_3F1F60,1,10,team1,Team 1 (N/S),65,55,30,♠,finished,2026-05-17T19:27:00.908482+00:00
3804,INPROC_E831E6,1,10,team2,Team 2 (E/W),35,85,21,♥,finished,2026-05-17T19:27:00.929175+00:00
3805,INPROC_6F18DD,1,10,team1,Team 1 (N/S),67,53,36,♠,finished,2026-05-17T19:27:00.949128+00:00
3806,INPROC_FBC035,1,10,team2,Team 2 (E/W),52,68,2,♣,finished,2026-05-17T19:27:00.968738+00:00
3807,INPROC_F55F60,1,10,team1,Team 1 (N/S),102,18,35,♠,finished,2026-05-17T19:27:00.981484+00:00
3808,INPROC_EFD1A4,1,10,team1,Team 1 (N/S),71,49,23,♥,finished,2026-05-17T19:27:00.993900+00:00
3809,INPROC_D1D90D,1,10,team2,Team 2 (E/W),49,71,37,♠,finished,2026-05-17T19:27:01.010709+00:00
3810,INPROC_D066D6,1,10,team1,Team 1 (N/S),106,14,5,♣,finished,2026-05-17T19:27:01.028720+00:00
3811,INPROC_4C21DC,1,10,team2,Team 2 (E/W),40,80,31,♠,finished,2026-05-17T19:27:01.046052+00:00
3812,INPROC_E2F8EC,1,10,team2,Team 2 (E/W),57,63,27,♥,finished,2026-05-17T19:27:01.062316+00:00
3813,INPROC_A9D2BD,1,10,team2,Team 2 (E/W),39,81,18,♦,finished,2026-05-17T19:27:01.081724+00:00
3814,INPROC_2E1129,1,10,team1,Team 1 (N/S),83,37,27,♥,finished,2026-05-17T19:27:01.099473+00:00
3815,INPROC_C0BE76,1,10,team2,Team 2 (E/W),36,84,36,♠,finished,2026-05-17T19:27:01.115585+00:00
3816,INPROC_070A1A,1,10,team1,Team 1 (N/S),86,34,36,♠,finished,2026-05-17T19:27:01.130631+00:00
3817,INPROC_451278,1,10,team1,Team 1 (N/S),68,52,30,♠,finished,2026-05-17T19:27:01.146865+00:00
3818,INPROC_A37F73,1,10,draw,draw,60,60,2,♣,finished,2026-05-17T19:27:01.163165+00:00
3819,INPROC_21B39D,1,10,team1,Team 1 (N/S),67,53,8,♣,finished,2026-05-17T19:27:01.179773+00:00
3820,INPROC_113286,1,10,team2,Team 2 (E/W),35,85,38,♠,finished,2026-05-17T19:27:01.195965+00:00
3821,INPROC_C25F8C,1,10,team1,Team 1 (N/S),61,59,16,♦,finished,2026-05-17T19:27:01.211232+00:00
3822,INPROC_849CEE,1,10,team2,Team 2 (E/W),30,90,5,♣,finished,2026-05-17T19:27:01.227389+00:00
3823,INPROC_576609,1,10,team2,Team 2 (E/W),35,85,28,♥,finished,2026-05-17T19:27:01.240822+00:00
3824,INPROC_D5E3E3,1,10,team1,Team 1 (N/S),75,45,27,♥,finished,2026-05-17T19:27:01.253288+00:00
3825,INPROC_B746EA,1,10,team2,Team 2 (E/W),18,102,15,♦,finished,2026-05-17T19:27:01.267902+00:00
3826,INPROC_52B965,1,10,team1,Team 1 (N/S),72,48,10,♦,finished,2026-05-17T19:27:01.282162+00:00
3827,INPROC_6937CE,1,10,team1,Team 1 (N/S),80,40,29,♥,finished,2026-05-17T19:27:01.298802+00:00
3828,INPROC_77467D,1,10,team2,Team 2 (E/W),48,72,6,♣,finished,2026-05-17T19:27:01.317740+00:00
3829,INPROC_999669,1,10,team2,Team 2 (E/W),21,99,11,♦,finished,2026-05-17T19:27:01.336971+00:00
3830,INPROC_F77F22,1,10,team1,Team 1 (N/S),84,36,35,♠,finished,2026-05-17T19:27:01.354492+00:00
3831,INPROC_90CEB7,1,10,team2,Team 2 (E/W),0,120,20,♥,finished,2026-05-17T19:27:01.373599+00:00
3832,INPROC_5AF39D,1,10,team1,Team 1 (N/S),69,51,15,♦,finished,2026-05-17T19:27:01.389872+00:00
3833,INPROC_20982C,1,10,team2,Team 2 (E/W),57,63,32,♠,finished,2026-05-17T19:27:01.409173+00:00
3834,INPROC_0BBBE6,1,10,team2,Team 2 (E/W),33,87,29,♥,finished,2026-05-17T19:27:01.426510+00:00
3835,INPROC_73352B,1,10,team2,Team 2 (E/W),9,111,28,♥,finished,2026-05-17T19:27:01.437193+00:00
3836,INPROC_48969A,1,10,team2,Team 2 (E/W),35,85,12,♦,finished,2026-05-17T19:27:01.452873+00:00
3837,INPROC_0D6A69,1,10,team2,Team 2 (E/W),36,84,8,♣,finished,2026-05-17T19:27:01.469224+00:00
3838,INPROC_9212DF,1,10,team2,Team 2 (E/W),59,61,9,♣,finished,2026-05-17T19:27:01.485504+00:00
3839,INPROC_D62FEE,1,10,team2,Team 2 (E/W),16,104,21,♥,finished,2026-05-17T19:27:01.504051+00:00
3840,INPROC_D993AC,1,10,team2,Team 2 (E/W),57,63,9,♣,finished,2026-05-17T19:27:01.515887+00:00
3841,INPROC_E755B4,1,10,team1,Team 1 (N/S),90,30,34,♠,finished,2026-05-17T19:27:01.527377+00:00
3842,INPROC_821F6D,1,10,team2,Team 2 (E/W),21,99,11,♦,finished,2026-05-17T19:27:01.539548+00:00
3843,INPROC_D04392,1,10,team1,Team 1 (N/S),75,45,15,♦,finished,2026-05-17T19:27:01.556283+00:00
3844,INPROC_E3A79A,1,10,team2,Team 2 (E/W),39,81,6,♣,finished,2026-05-17T19:27:01.571151+00:00
3845,INPROC_B31D7A,1,10,team2,Team 2 (E/W),58,62,6,♣,finished,2026-05-17T19:27:01.588704+00:00
3846,INPROC_7D3502,1,10,team1,Team 1 (N/S),90,30,5,♣,finished,2026-05-17T19:27:01.604726+00:00
3847,INPROC_2D44B4,1,10,team2,Team 2 (E/W),14,106,11,♦,finished,2026-05-17T19:27:01.621698+00:00
3848,INPROC_C7CB10,1,10,team2,Team 2 (E/W),39,81,18,♦,finished,2026-05-17T19:27:01.637457+00:00
3849,INPROC_9D3310,1,10,team2,Team 2 (E/W),44,76,20,♥,finished,2026-05-17T19:27:01.655024+00:00
3850,INPROC_6F31F9,1,10,team1,Team 1 (N/S),64,56,11,♦,finished,2026-05-17T19:27:01.670748+00:00
3851,INPROC_99CA03,1,10,team1,Team 1 (N/S),86,34,1,♣,finished,2026-05-17T19:27:01.687684+00:00
3852,INPROC_45BCD0,1,10,team1,Team 1 (N/S),75,45,33,♠,finished,2026-05-17T19:27:01.706253+00:00
3853,INPROC_38E61A,1,10,team2,Team 2 (E/W),44,76,27,♥,finished,2026-05-17T19:27:01.721714+00:00
3854,INPROC_846B8C,1,10,team2,Team 2 (E/W),25,95,14,♦,finished,2026-05-17T19:27:01.738825+00:00
3855,INPROC_AF6C04,1,10,team2,Team 2 (E/W),35,85,18,♦,finished,2026-05-17T19:27:01.753548+00:00
3856,INPROC_212956,1,10,team2,Team 2 (E/W),28,92,6,♣,finished,2026-05-17T19:27:01.770467+00:00
3857,INPROC_AAD96F,1,10,team2,Team 2 (E/W),32,88,9,♣,finished,2026-05-17T19:27:01.783785+00:00
3858,INPROC_5919F4,1,10,team1,Team 1 (N/S),86,34,7,♣,finished,2026-05-17T19:27:01.795660+00:00
3859,INPROC_70D1A1,1,10,team2,Team 2 (E/W),31,89,12,♦,finished,2026-05-17T19:27:01.812415+00:00
3860,INPROC_6BA33B,1,10,team1,Team 1 (N/S),90,30,22,♥,finished,2026-05-17T19:27:01.829028+00:00
3861,INPROC_3775DC,1,10,team2,Team 2 (E/W),43,77,31,♠,finished,2026-05-17T19:27:01.849351+00:00
3862,INPROC_88181C,1,10,team1,Team 1 (N/S),92,28,10,♦,finished,2026-05-17T19:27:01.868137+00:00
3863,INPROC_E1316D,1,10,team1,Team 1 (N/S),61,59,0,♣,finished,2026-05-17T19:27:01.886818+00:00
3864,INPROC_2D636B,1,10,team1,Team 1 (N/S),87,33,1,♣,finished,2026-05-17T19:27:01.904697+00:00
3865,INPROC_C6B165,1,10,team1,Team 1 (N/S),110,10,31,♠,finished,2026-05-17T19:27:01.920484+00:00
3866,INPROC_7A513C,1,10,team1,Team 1 (N/S),68,52,23,♥,finished,2026-05-17T19:27:01.938334+00:00
3867,INPROC_B4AB02,1,10,team2,Team 2 (E/W),41,79,36,♠,finished,2026-05-17T19:27:01.956629+00:00
3868,INPROC_972800,1,10,team2,Team 2 (E/W),58,62,31,♠,finished,2026-05-17T19:27:01.975288+00:00
3869,INPROC_C73566,1,10,team2,Team 2 (E/W),52,68,23,♥,finished,2026-05-17T19:27:01.995953+00:00
3870,INPROC_85E1D9,1,10,team1,Team 1 (N/S),97,23,26,♥,finished,2026-05-17T19:27:02.016374+00:00
3871,INPROC_38EEAA,1,10,team2,Team 2 (E/W),56,64,26,♥,finished,2026-05-17T19:27:02.037704+00:00
3872,INPROC_1D3AA8,1,10,team1,Team 1 (N/S),105,15,32,♠,finished,2026-05-17T19:27:02.049802+00:00
3873,INPROC_7CAD70,1,10,team2,Team 2 (E/W),51,69,7,♣,finished,2026-05-17T19:27:02.062567+00:00
3874,INPROC_EDED53,1,10,team2,Team 2 (E/W),54,66,22,♥,finished,2026-05-17T19:27:02.073118+00:00
3875,INPROC_89A53B,1,10,team1,Team 1 (N/S),88,32,8,♣,finished,2026-05-17T19:27:02.087772+00:00
3876,INPROC_97CE6E,1,10,team2,Team 2 (E/W),37,83,35,♠,finished,2026-05-17T19:27:02.102098+00:00
3877,INPROC_7C6814,1,10,team1,Team 1 (N/S),84,36,18,♦,finished,2026-05-17T19:27:02.119367+00:00
3878,INPROC_A449CA,1,10,team1,Team 1 (N/S),79,41,6,♣,finished,2026-05-17T19:27:02.137753+00:00
3879,INPROC_7065B0,1,10,team1,Team 1 (N/S),86,34,29,♥,finished,2026-05-17T19:27:02.156962+00:00
3880,INPROC_55ED80,1,10,draw,draw,60,60,34,♠,finished,2026-05-17T19:27:02.172260+00:00
3881,INPROC_6FD5B1,1,10,team1,Team 1 (N/S),72,48,28,♥,finished,2026-05-17T19:27:02.188847+00:00
3882,INPROC_21C58B,1,10,team1,Team 1 (N/S),107,13,4,♣,finished,2026-05-17T19:27:02.204430+00:00
3883,INPROC_59CA69,1,10,team2,Team 2 (E/W),26,94,25,♥,finished,2026-05-17T19:27:02.219598+00:00
3884,INPROC_C7D5F5,1,10,team2,Team 2 (E/W),56,64,34,♠,finished,2026-05-17T19:27:02.235213+00:00
3885,INPROC_640C37,1,10,team2,Team 2 (E/W),53,67,3,♣,finished,2026-05-17T19:27:02.253030+00:00
3886,INPROC_4D0B06,1,10,team1,Team 1 (N/S),70,50,16,♦,finished,2026-05-17T19:27:02.273233+00:00
3887,INPROC_1B15A9,1,10,team1,Team 1 (N/S),77,43,11,♦,finished,2026-05-17T19:27:02.291865+00:00
3888,INPROC_13778E,1,10,team1,Team 1 (N/S),99,21,6,♣,finished,2026-05-17T19:27:02.307404+00:00
3889,INPROC_C4157E,1,10,team1,Team 1 (N/S),79,41,5,♣,finished,2026-05-17T19:27:02.319544+00:00
3890,INPROC_CE20F1,1,10,team1,Team 1 (N/S),88,32,23,♥,finished,2026-05-17T19:27:02.330859+00:00
3891,INPROC_1B6DA0,1,10,team2,Team 2 (E/W),53,67,14,♦,finished,2026-05-17T19:27:02.346565+00:00
3892,INPROC_CA8185,1,10,team1,Team 1 (N/S),93,27,7,♣,finished,2026-05-17T19:27:02.364001+00:00
3893,INPROC_833CB0,1,10,team2,Team 2 (E/W),46,74,0,♣,finished,2026-05-17T19:27:02.384685+00:00
3894,INPROC_3F95EC,1,10,team1,Team 1 (N/S),83,37,16,♦,finished,2026-05-17T19:27:02.401903+00:00
3895,INPROC_6E79A5,1,10,team2,Team 2 (E/W),41,79,11,♦,finished,2026-05-17T19:27:02.419793+00:00
3896,INPROC_3043A7,1,10,team1,Team 1 (N/S),80,40,30,♠,finished,2026-05-17T19:27:02.438244+00:00
3897,INPROC_4CFF78,1,10,team1,Team 1 (N/S),88,32,24,♥,finished,2026-05-17T19:27:02.453833+00:00
3898,INPROC_79EECE,1,10,team1,Team 1 (N/S),86,34,9,♣,finished,2026-05-17T19:27:02.470607+00:00
3899,INPROC_821F1C,1,10,team2,Team 2 (E/W),56,64,27,♥,finished,2026-05-17T19:27:02.486463+00:00
3900,INPROC_CD77DB,1,10,team1,Team 1 (N/S),81,39,9,♣,finished,2026-05-17T19:27:02.503122+00:00
3901,INPROC_532417,1,10,team1,Team 1 (N/S),94,26,3,♣,finished,2026-05-17T19:27:02.519318+00:00
3902,INPROC_9E1252,1,10,team2,Team 2 (E/W),52,68,38,♠,finished,2026-05-17T19:27:02.537793+00:00
3903,INPROC_4C32E3,1,10,team1,Team 1 (N/S),62,58,39,♠,finished,2026-05-17T19:27:02.553920+00:00
3904,INPROC_AEF1EB,1,10,team2,Team 2 (E/W),58,62,18,♦,finished,2026-05-17T19:27:02.570262+00:00
3905,INPROC_268866,1,10,team1,Team 1 (N/S),81,39,20,♥,finished,2026-05-17T19:27:02.585038+00:00
3906,INPROC_654767,1,10,team1,Team 1 (N/S),79,41,5,♣,finished,2026-05-17T19:27:02.597516+00:00
3907,INPROC_C15668,1,10,draw,draw,60,60,32,♠,finished,2026-05-17T19:27:02.608367+00:00
3908,INPROC_0AC338,1,10,team2,Team 2 (E/W),54,66,19,♦,finished,2026-05-17T19:27:02.622911+00:00
3909,INPROC_1F4566,1,10,team2,Team 2 (E/W),40,80,5,♣,finished,2026-05-17T19:27:02.637168+00:00
3910,INPROC_6BCB48,1,10,team1,Team 1 (N/S),76,44,19,♦,finished,2026-05-17T19:27:02.653714+00:00
3911,INPROC_EDE6C3,1,10,team2,Team 2 (E/W),55,65,20,♥,finished,2026-05-17T19:27:02.669932+00:00
3912,INPROC_37FA89,1,10,team2,Team 2 (E/W),56,64,5,♣,finished,2026-05-17T19:27:02.686481+00:00
3913,INPROC_C4093D,1,10,team2,Team 2 (E/W),54,66,6,♣,finished,2026-05-17T19:27:02.703971+00:00
3914,INPROC_91EA8F,1,10,team2,Team 2 (E/W),55,65,3,♣,finished,2026-05-17T19:27:02.720761+00:00
3915,INPROC_74283C,1,10,team2,Team 2 (E/W),20,100,26,♥,finished,2026-05-17T19:27:02.738410+00:00
3916,INPROC_C503EB,1,10,team1,Team 1 (N/S),82,38,2,♣,finished,2026-05-17T19:27:02.757484+00:00
3917,INPROC_D377ED,1,10,team1,Team 1 (N/S),65,55,24,♥,finished,2026-05-17T19:27:02.775244+00:00
3918,INPROC_697C17,1,10,team2,Team 2 (E/W),57,63,26,♥,finished,2026-05-17T19:27:02.791901+00:00
3919,INPROC_1DEEDF,1,10,team2,Team 2 (E/W),36,84,29,♥,finished,2026-05-17T19:27:02.807822+00:00
3920,INPROC_F15292,1,10,team2,Team 2 (E/W),57,63,13,♦,finished,2026-05-17T19:27:02.825308+00:00
3921,INPROC_C9D92A,1,10,team2,Team 2 (E/W),49,71,22,♥,finished,2026-05-17T19:27:02.842866+00:00
3922,INPROC_238BB5,1,10,team2,Team 2 (E/W),51,69,16,♦,finished,2026-05-17T19:27:02.855443+00:00
3923,INPROC_4FBB8E,1,10,team2,Team 2 (E/W),57,63,16,♦,finished,2026-05-17T19:27:02.866677+00:00
3924,INPROC_5C1F06,1,10,team1,Team 1 (N/S),98,22,13,♦,finished,2026-05-17T19:27:02.883572+00:00
3925,INPROC_E37EE7,1,10,team1,Team 1 (N/S),107,13,21,♥,finished,2026-05-17T19:27:02.900578+00:00
3926,INPROC_25D4DD,1,10,team1,Team 1 (N/S),74,46,20,♥,finished,2026-05-17T19:27:02.917522+00:00
3927,INPROC_A80F5C,1,10,team1,Team 1 (N/S),68,52,22,♥,finished,2026-05-17T19:27:02.930821+00:00
3928,INPROC_4F1451,1,10,team2,Team 2 (E/W),50,70,10,♦,finished,2026-05-17T19:27:02.947840+00:00
3929,INPROC_363E7F,1,10,team1,Team 1 (N/S),76,44,19,♦,finished,2026-05-17T19:27:02.964406+00:00
3930,INPROC_5983A1,1,10,team1,Team 1 (N/S),75,45,11,♦,finished,2026-05-17T19:27:02.981239+00:00
3931,INPROC_D77EDD,1,10,team2,Team 2 (E/W),51,69,28,♥,finished,2026-05-17T19:27:02.999361+00:00
3932,INPROC_B45FC8,1,10,team2,Team 2 (E/W),56,64,24,♥,finished,2026-05-17T19:27:03.018419+00:00
3933,INPROC_435D92,1,10,draw,draw,60,60,37,♠,finished,2026-05-17T19:27:03.034876+00:00
3934,INPROC_E06BF6,1,10,team1,Team 1 (N/S),66,54,28,♥,finished,2026-05-17T19:27:03.050254+00:00
3935,INPROC_37F916,1,10,team2,Team 2 (E/W),48,72,13,♦,finished,2026-05-17T19:27:03.068063+00:00
3936,INPROC_C65E8B,1,10,team1,Team 1 (N/S),83,37,5,♣,finished,2026-05-17T19:27:03.087695+00:00
3937,INPROC_B0CB3A,1,10,team2,Team 2 (E/W),22,98,10,♦,finished,2026-05-17T19:27:03.103547+00:00
3938,INPROC_685659,1,10,team1,Team 1 (N/S),92,28,13,♦,finished,2026-05-17T19:27:03.117681+00:00
3939,INPROC_2329DF,1,10,team1,Team 1 (N/S),101,19,35,♠,finished,2026-05-17T19:27:03.131778+00:00
3940,INPROC_159806,1,10,team1,Team 1 (N/S),70,50,13,♦,finished,2026-05-17T19:27:03.143344+00:00
3941,INPROC_928D54,1,10,team2,Team 2 (E/W),46,74,16,♦,finished,2026-05-17T19:27:03.154460+00:00
3942,INPROC_1A0C32,1,10,team2,Team 2 (E/W),47,73,17,♦,finished,2026-05-17T19:27:03.171636+00:00
3943,INPROC_EADEE0,1,10,team2,Team 2 (E/W),18,102,12,♦,finished,2026-05-17T19:27:03.187483+00:00
3944,INPROC_254818,1,10,draw,draw,60,60,9,♣,finished,2026-05-17T19:27:03.202929+00:00
3945,INPROC_FBCBC0,1,10,team1,Team 1 (N/S),77,43,2,♣,finished,2026-05-17T19:27:03.221173+00:00
3946,INPROC_D4A063,1,10,team1,Team 1 (N/S),70,50,7,♣,finished,2026-05-17T19:27:03.241131+00:00
3947,INPROC_BA4575,1,10,team2,Team 2 (E/W),58,62,10,♦,finished,2026-05-17T19:27:03.259712+00:00
3948,INPROC_E5D03A,1,10,team1,Team 1 (N/S),81,39,10,♦,finished,2026-05-17T19:27:03.277452+00:00
3949,INPROC_B5573E,1,10,team1,Team 1 (N/S),69,51,25,♥,finished,2026-05-17T19:27:03.293994+00:00
3950,INPROC_8117F7,1,10,team1,Team 1 (N/S),74,46,9,♣,finished,2026-05-17T19:27:03.310031+00:00
3951,INPROC_825163,1,10,team2,Team 2 (E/W),38,82,4,♣,finished,2026-05-17T19:27:03.327561+00:00
3952,INPROC_1908F9,1,10,team2,Team 2 (E/W),30,90,25,♥,finished,2026-05-17T19:27:03.343946+00:00
3953,INPROC_9A410A,1,10,team2,Team 2 (E/W),42,78,30,♠,finished,2026-05-17T19:27:03.360069+00:00
3954,INPROC_F800C5,1,10,team2,Team 2 (E/W),45,75,4,♣,finished,2026-05-17T19:27:03.378251+00:00
3955,INPROC_8D460E,1,10,team2,Team 2 (E/W),13,107,14,♦,finished,2026-05-17T19:27:03.390322+00:00
3956,INPROC_8B03B9,1,10,team1,Team 1 (N/S),67,53,32,♠,finished,2026-05-17T19:27:03.401371+00:00
3957,INPROC_630E68,1,10,team1,Team 1 (N/S),89,31,21,♥,finished,2026-05-17T19:27:03.415587+00:00
3958,INPROC_DE782D,1,10,team1,Team 1 (N/S),94,26,20,♥,finished,2026-05-17T19:27:03.431693+00:00
3959,INPROC_E96A64,1,10,team1,Team 1 (N/S),85,35,29,♥,finished,2026-05-17T19:27:03.448457+00:00
3960,INPROC_66B422,1,10,team2,Team 2 (E/W),9,111,27,♥,finished,2026-05-17T19:27:03.465055+00:00
3961,INPROC_696219,1,10,team1,Team 1 (N/S),61,59,8,♣,finished,2026-05-17T19:27:03.480337+00:00
3962,INPROC_6B0702,1,10,team1,Team 1 (N/S),78,42,27,♥,finished,2026-05-17T19:27:03.496971+00:00
3963,INPROC_9CD140,1,10,team2,Team 2 (E/W),42,78,32,♠,finished,2026-05-17T19:27:03.510598+00:00
3964,INPROC_93A804,1,10,team1,Team 1 (N/S),93,27,35,♠,finished,2026-05-17T19:27:03.526536+00:00
3965,INPROC_1AA207,1,10,team1,Team 1 (N/S),74,46,38,♠,finished,2026-05-17T19:27:03.542741+00:00
3966,INPROC_584349,1,10,team2,Team 2 (E/W),27,93,18,♦,finished,2026-05-17T19:27:03.559387+00:00
3967,INPROC_82B486,1,10,team2,Team 2 (E/W),34,86,26,♥,finished,2026-05-17T19:27:03.575932+00:00
3968,INPROC_0F8B4F,1,10,team2,Team 2 (E/W),49,71,30,♠,finished,2026-05-17T19:27:03.592639+00:00
3969,INPROC_2AFFC3,1,10,team1,Team 1 (N/S),63,57,36,♠,finished,2026-05-17T19:27:03.608075+00:00
3970,INPROC_5134CB,1,10,team1,Team 1 (N/S),82,38,39,♠,finished,2026-05-17T19:27:03.624555+00:00
3971,INPROC_07FB09,1,10,team2,Team 2 (E/W),53,67,1,♣,finished,2026-05-17T19:27:03.641786+00:00
3972,INPROC_BCDC89,1,10,team2,Team 2 (E/W),36,84,4,♣,finished,2026-05-17T19:27:03.654599+00:00
3973,INPROC_3435B1,1,10,team1,Team 1 (N/S),97,23,11,♦,finished,2026-05-17T19:27:03.667932+00:00
3974,INPROC_936442,1,10,team1,Team 1 (N/S),61,59,8,♣,finished,2026-05-17T19:27:03.682568+00:00
3975,INPROC_BA85E0,1,10,team2,Team 2 (E/W),40,80,22,♥,finished,2026-05-17T19:27:03.699045+00:00
3976,INPROC_B7F6CA,1,10,team2,Team 2 (E/W),37,83,21,♥,finished,2026-05-17T19:27:03.716625+00:00
3977,INPROC_5C7ADD,1,10,team1,Team 1 (N/S),65,55,3,♣,finished,2026-05-17T19:27:03.730375+00:00
3978,INPROC_7A9CB9,1,10,team2,Team 2 (E/W),34,86,12,♦,finished,2026-05-17T19:27:03.739912+00:00
3979,INPROC_B15480,1,10,team1,Team 1 (N/S),68,52,27,♥,finished,2026-05-17T19:27:03.753527+00:00
3980,INPROC_E1EAA5,1,10,team2,Team 2 (E/W),36,84,5,♣,finished,2026-05-17T19:27:03.768062+00:00
3981,INPROC_E1E2E3,1,10,team1,Team 1 (N/S),77,43,12,♦,finished,2026-05-17T19:27:03.784686+00:00
3982,INPROC_A33B74,1,10,team2,Team 2 (E/W),50,70,29,♥,finished,2026-05-17T19:27:03.799545+00:00
3983,INPROC_727B19,1,10,team1,Team 1 (N/S),85,35,38,♠,finished,2026-05-17T19:27:03.819534+00:00
3984,INPROC_5A5BD2,1,10,team1,Team 1 (N/S),72,48,21,♥,finished,2026-05-17T19:27:03.838610+00:00
3985,INPROC_D3070B,1,10,team2,Team 2 (E/W),49,71,31,♠,finished,2026-05-17T19:27:03.855853+00:00
3986,INPROC_F25814,1,10,team1,Team 1 (N/S),87,33,1,♣,finished,2026-05-17T19:27:03.873854+00:00
3987,INPROC_2152C3,1,10,team1,Team 1 (N/S),82,38,25,♥,finished,2026-05-17T19:27:03.890372+00:00
3988,INPROC_EB1848,1,10,team2,Team 2 (E/W),30,90,32,♠,finished,2026-05-17T19:27:03.907954+00:00
3989,INPROC_F68B9E,1,10,team2,Team 2 (E/W),19,101,36,♠,finished,2026-05-17T19:27:03.919468+00:00
3990,INPROC_E38B12,1,10,team2,Team 2 (E/W),35,85,32,♠,finished,2026-05-17T19:27:03.930461+00:00
3991,INPROC_03DB27,1,10,team1,Team 1 (N/S),76,44,25,♥,finished,2026-05-17T19:27:03.943980+00:00
3992,INPROC_A3B6E8,1,10,team2,Team 2 (E/W),56,64,13,♦,finished,2026-05-17T19:27:03.954500+00:00
3993,INPROC_D7D632,1,10,team2,Team 2 (E/W),26,94,21,♥,finished,2026-05-17T19:27:03.970432+00:00
3994,INPROC_70C8B6,1,10,team1,Team 1 (N/S),81,39,35,♠,finished,2026-05-17T19:27:03.986227+00:00
3995,INPROC_BECECB,1,10,team1,Team 1 (N/S),92,28,11,♦,finished,2026-05-17T19:27:04.002838+00:00
3996,INPROC_A2C24C,1,10,team1,Team 1 (N/S),66,54,35,♠,finished,2026-05-17T19:27:04.019634+00:00
3997,INPROC_0B769E,1,10,team2,Team 2 (E/W),41,79,0,♣,finished,2026-05-17T19:27:04.038804+00:00
3998,INPROC_2EB4CE,1,10,team1,Team 1 (N/S),86,34,1,♣,finished,2026-05-17T19:27:04.056157+00:00
3999,INPROC_6F3E24,1,10,team2,Team 2 (E/W),26,94,39,♠,finished,2026-05-17T19:27:04.072804+00:00
4000,INPROC_C1FE3F,1,10,team2,Team 2 (E/W),38,82,4,♣,finished,2026-05-17T19:27:04.087892+00:00
4001,INPROC_1933A7,1,10,team1,Team 1 (N/S),86,34,2,♣,finished,2026-05-17T19:27:04.101954+00:00
4002,INPROC_542C46,1,10,team1,Team 1 (N/S),74,46,3,♣,finished,2026-05-17T19:27:04.120994+00:00
4003,INPROC_5B3F12,1,10,team1,Team 1 (N/S),79,41,11,♦,finished,2026-05-17T19:27:04.137263+00:00
4004,INPROC_4DC733,1,10,team2,Team 2 (E/W),35,85,2,♣,finished,2026-05-17T19:27:04.154060+00:00
4005,INPROC_6744C4,1,10,team2,Team 2 (E/W),37,83,13,♦,finished,2026-05-17T19:27:04.165119+00:00
4006,INPROC_3D55C3,1,10,team2,Team 2 (E/W),50,70,13,♦,finished,2026-05-17T19:27:04.182087+00:00
4007,INPROC_5A9C1C,1,10,team2,Team 2 (E/W),46,74,20,♥,finished,2026-05-17T19:27:04.193182+00:00
4008,INPROC_6AFC08,1,10,team2,Team 2 (E/W),22,98,39,♠,finished,2026-05-17T19:27:04.205535+00:00
4009,INPROC_03F717,1,10,team2,Team 2 (E/W),50,70,18,♦,finished,2026-05-17T19:27:04.218836+00:00
4010,INPROC_42816F,1,10,team2,Team 2 (E/W),37,83,9,♣,finished,2026-05-17T19:27:04.234007+00:00
4011,INPROC_3BAAF5,1,10,team2,Team 2 (E/W),16,104,9,♣,finished,2026-05-17T19:27:04.250564+00:00
4012,INPROC_0598C8,1,10,team1,Team 1 (N/S),111,9,30,♠,finished,2026-05-17T19:27:04.268649+00:00
4013,INPROC_2831E0,1,10,team1,Team 1 (N/S),67,53,21,♥,finished,2026-05-17T19:27:04.286535+00:00
4014,INPROC_64D54A,1,10,team2,Team 2 (E/W),59,61,6,♣,finished,2026-05-17T19:27:04.298968+00:00
4015,INPROC_CF90E9,1,10,team2,Team 2 (E/W),2,118,17,♦,finished,2026-05-17T19:27:04.316026+00:00
4016,INPROC_A47118,1,10,team2,Team 2 (E/W),54,66,18,♦,finished,2026-05-17T19:27:04.333176+00:00
4017,INPROC_20B5EA,1,10,team2,Team 2 (E/W),57,63,31,♠,finished,2026-05-17T19:27:04.350048+00:00
4018,INPROC_7E2B60,1,10,team2,Team 2 (E/W),55,65,8,♣,finished,2026-05-17T19:27:04.367846+00:00
4019,INPROC_D18A9B,1,10,team1,Team 1 (N/S),73,47,28,♥,finished,2026-05-17T19:27:04.385311+00:00
4020,INPROC_EA41C4,1,10,team1,Team 1 (N/S),68,52,12,♦,finished,2026-05-17T19:27:04.403155+00:00
4021,INPROC_840BFE,1,10,team2,Team 2 (E/W),47,73,34,♠,finished,2026-05-17T19:27:04.422315+00:00
4022,INPROC_A106DB,1,10,team1,Team 1 (N/S),99,21,34,♠,finished,2026-05-17T19:27:04.439919+00:00
4023,INPROC_DE0F64,1,10,team2,Team 2 (E/W),37,83,37,♠,finished,2026-05-17T19:27:04.459177+00:00
4024,INPROC_EC6AB3,1,10,team1,Team 1 (N/S),85,35,21,♥,finished,2026-05-17T19:27:04.475532+00:00
4025,INPROC_4BDB01,1,10,team2,Team 2 (E/W),56,64,26,♥,finished,2026-05-17T19:27:04.494282+00:00
4026,INPROC_B88E63,1,10,team1,Team 1 (N/S),86,34,3,♣,finished,2026-05-17T19:27:04.515740+00:00
4027,INPROC_870808,1,10,team1,Team 1 (N/S),65,55,2,♣,finished,2026-05-17T19:27:04.535955+00:00
4028,INPROC_73344E,1,10,team2,Team 2 (E/W),23,97,25,♥,finished,2026-05-17T19:27:04.555224+00:00
4029,INPROC_8A6920,1,10,team2,Team 2 (E/W),59,61,22,♥,finished,2026-05-17T19:27:04.576324+00:00
4030,INPROC_BB7CE8,1,10,team2,Team 2 (E/W),40,80,27,♥,finished,2026-05-17T19:27:04.596684+00:00
4031,INPROC_FF605E,1,10,team1,Team 1 (N/S),70,50,23,♥,finished,2026-05-17T19:27:04.616342+00:00
4032,INPROC_CAA7A4,1,10,team2,Team 2 (E/W),51,69,19,♦,finished,2026-05-17T19:27:04.636751+00:00
4033,INPROC_F5BA6E,1,10,team1,Team 1 (N/S),76,44,2,♣,finished,2026-05-17T19:27:04.654813+00:00
4034,INPROC_3BC0DF,1,10,team1,Team 1 (N/S),102,18,27,♥,finished,2026-05-17T19:27:04.675474+00:00
4035,INPROC_99BDA4,1,10,team2,Team 2 (E/W),36,84,32,♠,finished,2026-05-17T19:27:04.696109+00:00
4036,INPROC_1BC027,1,10,team1,Team 1 (N/S),90,30,22,♥,finished,2026-05-17T19:27:04.716364+00:00
4037,INPROC_79FA75,1,10,team2,Team 2 (E/W),34,86,11,♦,finished,2026-05-17T19:27:04.733618+00:00
4038,INPROC_743582,1,10,team2,Team 2 (E/W),49,71,8,♣,finished,2026-05-17T19:27:04.750217+00:00
4039,INPROC_67F845,1,10,team2,Team 2 (E/W),16,104,29,♥,finished,2026-05-17T19:27:04.768353+00:00
4040,INPROC_E4A3FE,1,10,team1,Team 1 (N/S),69,51,3,♣,finished,2026-05-17T19:27:04.788659+00:00
4041,INPROC_FFE046,1,10,team1,Team 1 (N/S),63,57,34,♠,finished,2026-05-17T19:27:04.807385+00:00
4042,INPROC_0ACCA3,1,10,team2,Team 2 (E/W),22,98,25,♥,finished,2026-05-17T19:27:04.824662+00:00
4043,INPROC_16916B,1,10,team2,Team 2 (E/W),51,69,33,♠,finished,2026-05-17T19:27:04.844071+00:00
4044,INPROC_D6DFAC,1,10,team2,Team 2 (E/W),26,94,19,♦,finished,2026-05-17T19:27:04.862876+00:00
4045,INPROC_9CE157,1,10,team2,Team 2 (E/W),51,69,13,♦,finished,2026-05-17T19:27:04.882084+00:00
4046,INPROC_680562,1,10,team1,Team 1 (N/S),82,38,3,♣,finished,2026-05-17T19:27:04.903262+00:00
4047,INPROC_9C25B5,1,10,team2,Team 2 (E/W),49,71,29,♥,finished,2026-05-17T19:27:04.923414+00:00
4048,INPROC_0C522D,1,10,team1,Team 1 (N/S),77,43,38,♠,finished,2026-05-17T19:27:04.944778+00:00
4049,INPROC_F21C77,1,10,team2,Team 2 (E/W),42,78,26,♥,finished,2026-05-17T19:27:04.964973+00:00
4050,INPROC_4049EB,1,10,team1,Team 1 (N/S),77,43,28,♥,finished,2026-05-17T19:27:04.980609+00:00
4051,INPROC_D4872C,1,10,team2,Team 2 (E/W),56,64,25,♥,finished,2026-05-17T19:27:04.997606+00:00
4052,INPROC_5D9631,1,10,team2,Team 2 (E/W),22,98,16,♦,finished,2026-05-17T19:27:05.013088+00:00
4053,INPROC_B8E22A,1,10,team1,Team 1 (N/S),71,49,39,♠,finished,2026-05-17T19:27:05.027837+00:00
4054,INPROC_254460,1,10,team2,Team 2 (E/W),38,82,21,♥,finished,2026-05-17T19:27:05.046591+00:00
4055,INPROC_F0EEE5,1,10,team2,Team 2 (E/W),42,78,36,♠,finished,2026-05-17T19:27:05.063664+00:00
4056,INPROC_06A945,1,10,team2,Team 2 (E/W),46,74,5,♣,finished,2026-05-17T19:27:05.082084+00:00
4057,INPROC_1A1D65,1,10,team2,Team 2 (E/W),55,65,11,♦,finished,2026-05-17T19:27:05.102627+00:00
4058,INPROC_2A445E,1,10,team2,Team 2 (E/W),48,72,11,♦,finished,2026-05-17T19:27:05.120690+00:00
4059,INPROC_044DA3,1,10,team1,Team 1 (N/S),67,53,29,♥,finished,2026-05-17T19:27:05.138115+00:00
4060,INPROC_75A4B8,1,10,team2,Team 2 (E/W),30,90,39,♠,finished,2026-05-17T19:27:05.150958+00:00
4061,INPROC_E98F4D,1,10,team1,Team 1 (N/S),105,15,21,♥,finished,2026-05-17T19:27:05.168134+00:00
4062,INPROC_58A2B4,1,10,team1,Team 1 (N/S),63,57,22,♥,finished,2026-05-17T19:27:05.185351+00:00
4063,INPROC_9BA8CA,1,10,team2,Team 2 (E/W),9,111,37,♠,finished,2026-05-17T19:27:05.203317+00:00
4064,INPROC_E9248A,1,10,team2,Team 2 (E/W),56,64,21,♥,finished,2026-05-17T19:27:05.223959+00:00
4065,INPROC_B3CA6A,1,10,team1,Team 1 (N/S),72,48,18,♦,finished,2026-05-17T19:27:05.242492+00:00
4066,INPROC_125022,1,10,team1,Team 1 (N/S),80,40,5,♣,finished,2026-05-17T19:27:05.259304+00:00
4067,INPROC_122C80,1,10,team1,Team 1 (N/S),73,47,5,♣,finished,2026-05-17T19:27:05.273465+00:00
4068,INPROC_C01A5E,1,10,team1,Team 1 (N/S),83,37,4,♣,finished,2026-05-17T19:27:05.290957+00:00
4069,INPROC_638097,1,10,team2,Team 2 (E/W),34,86,29,♥,finished,2026-05-17T19:27:05.311271+00:00
4070,INPROC_2F0ABE,1,10,team2,Team 2 (E/W),30,90,28,♥,finished,2026-05-17T19:27:05.330639+00:00
4071,INPROC_CD8845,1,10,team1,Team 1 (N/S),88,32,37,♠,finished,2026-05-17T19:27:05.349872+00:00
4072,INPROC_E7B313,1,10,team2,Team 2 (E/W),33,87,5,♣,finished,2026-05-17T19:27:05.369088+00:00
4073,INPROC_EC2056,1,10,draw,draw,60,60,37,♠,finished,2026-05-17T19:27:05.387268+00:00
4074,INPROC_F3AB25,1,10,team2,Team 2 (E/W),21,99,13,♦,finished,2026-05-17T19:27:05.404856+00:00
4075,INPROC_00E304,1,10,team2,Team 2 (E/W),27,93,31,♠,finished,2026-05-17T19:27:05.422848+00:00
4076,INPROC_EEA6AE,1,10,team2,Team 2 (E/W),56,64,8,♣,finished,2026-05-17T19:27:05.438931+00:00
4077,INPROC_E89163,1,10,team1,Team 1 (N/S),63,57,9,♣,finished,2026-05-17T19:27:05.458910+00:00
4078,INPROC_3B311E,1,10,team2,Team 2 (E/W),50,70,31,♠,finished,2026-05-17T19:27:05.483823+00:00
4079,INPROC_9B0D36,1,10,team2,Team 2 (E/W),14,106,1,♣,finished,2026-05-17T19:27:05.506413+00:00
4080,INPROC_90E100,1,10,team1,Team 1 (N/S),79,41,27,♥,finished,2026-05-17T19:27:05.521551+00:00
4081,INPROC_0D8EC6,1,10,team1,Team 1 (N/S),88,32,2,♣,finished,2026-05-17T19:27:05.541019+00:00
4082,INPROC_7EF107,1,10,team2,Team 2 (E/W),49,71,24,♥,finished,2026-05-17T19:27:05.559416+00:00
4083,INPROC_7A0DF6,1,10,team2,Team 2 (E/W),30,90,34,♠,finished,2026-05-17T19:27:05.578636+00:00
4084,INPROC_8F6F52,1,10,team2,Team 2 (E/W),30,90,18,♦,finished,2026-05-17T19:27:05.595928+00:00
4085,INPROC_5D1FE4,1,10,team2,Team 2 (E/W),12,108,21,♥,finished,2026-05-17T19:27:05.613743+00:00
4086,INPROC_3D44E6,1,10,team1,Team 1 (N/S),72,48,3,♣,finished,2026-05-17T19:27:05.632136+00:00
4087,INPROC_B10737,1,10,team2,Team 2 (E/W),31,89,18,♦,finished,2026-05-17T19:27:05.648628+00:00
4088,INPROC_37D38D,1,10,team2,Team 2 (E/W),36,84,35,♠,finished,2026-05-17T19:27:05.664631+00:00
4089,INPROC_C69681,1,10,team1,Team 1 (N/S),71,49,14,♦,finished,2026-05-17T19:27:05.067381+00:00
4090,INPROC_C15796,1,10,team2,Team 2 (E/W),55,65,25,♥,finished,2026-05-17T19:27:05.082518+00:00
4091,INPROC_D2A97A,1,10,team2,Team 2 (E/W),46,74,34,♠,finished,2026-05-17T19:27:05.098161+00:00
4092,INPROC_6C3D2A,1,10,team1,Team 1 (N/S),71,49,13,♦,finished,2026-05-17T19:27:05.119127+00:00
4093,INPROC_B50614,1,10,team2,Team 2 (E/W),52,68,30,♠,finished,2026-05-17T19:27:05.138697+00:00
4094,INPROC_F32412,1,10,team1,Team 1 (N/S),65,55,6,♣,finished,2026-05-17T19:27:05.158379+00:00
4095,INPROC_3F80F7,1,10,team1,Team 1 (N/S),65,55,31,♠,finished,2026-05-17T19:27:05.173613+00:00
4096,INPROC_FEAE6E,1,10,team2,Team 2 (E/W),45,75,38,♠,finished,2026-05-17T19:27:05.188416+00:00
4097,INPROC_33C707,1,10,team2,Team 2 (E/W),10,110,10,♦,finished,2026-05-17T19:27:05.201767+00:00
4098,INPROC_CB4911,1,10,team1,Team 1 (N/S),87,33,3,♣,finished,2026-05-17T19:27:05.220025+00:00
4099,INPROC_C8E305,1,10,team2,Team 2 (E/W),57,63,6,♣,finished,2026-05-17T19:27:05.236688+00:00
4100,INPROC_23169D,1,10,team2,Team 2 (E/W),38,82,35,♠,finished,2026-05-17T19:27:05.253535+00:00
4101,INPROC_BD3D0A,1,10,team2,Team 2 (E/W),58,62,38,♠,finished,2026-05-17T19:27:05.271511+00:00
4102,INPROC_EAC8D3,1,10,team2,Team 2 (E/W),31,89,23,♥,finished,2026-05-17T19:27:05.291761+00:00
4103,INPROC_2EE16D,1,10,team1,Team 1 (N/S),71,49,33,♠,finished,2026-05-17T19:27:05.308278+00:00
4104,INPROC_BDB6EE,1,10,team2,Team 2 (E/W),45,75,27,♥,finished,2026-05-17T19:27:05.328169+00:00
4105,INPROC_1453EF,1,10,team2,Team 2 (E/W),38,82,25,♥,finished,2026-05-17T19:27:05.348975+00:00
4106,INPROC_6CEA98,1,10,team2,Team 2 (E/W),54,66,39,♠,finished,2026-05-17T19:27:05.367457+00:00
4107,INPROC_A5ED41,1,10,team1,Team 1 (N/S),77,43,2,♣,finished,2026-05-17T19:27:05.387509+00:00
4108,INPROC_282FEB,1,10,team2,Team 2 (E/W),27,93,16,♦,finished,2026-05-17T19:27:05.405302+00:00
4109,INPROC_E0E47D,1,10,team2,Team 2 (E/W),15,105,21,♥,finished,2026-05-17T19:27:05.422141+00:00
4110,INPROC_B689B7,1,10,team2,Team 2 (E/W),40,80,37,♠,finished,2026-05-17T19:27:05.436570+00:00
4111,INPROC_88FAD8,1,10,team2,Team 2 (E/W),45,75,5,♣,finished,2026-05-17T19:27:05.450176+00:00
4112,INPROC_CE2004,1,10,team1,Team 1 (N/S),88,32,19,♦,finished,2026-05-17T19:27:05.465081+00:00
4113,INPROC_B0F886,1,10,team1,Team 1 (N/S),63,57,15,♦,finished,2026-05-17T19:27:05.483981+00:00
4114,INPROC_020B2C,1,10,team2,Team 2 (E/W),18,102,39,♠,finished,2026-05-17T19:27:05.503784+00:00
4115,INPROC_8E7FF9,1,10,team1,Team 1 (N/S),63,57,15,♦,finished,2026-05-17T19:27:05.523826+00:00
4116,INPROC_B0ACB9,1,10,team1,Team 1 (N/S),68,52,23,♥,finished,2026-05-17T19:27:05.542698+00:00
4117,INPROC_3C7F51,1,10,team2,Team 2 (E/W),56,64,23,♥,finished,2026-05-17T19:27:05.560047+00:00
4118,INPROC_71AAF4,1,10,team1,Team 1 (N/S),67,53,7,♣,finished,2026-05-17T19:27:05.572002+00:00
4119,INPROC_99AC30,1,10,team1,Team 1 (N/S),86,34,23,♥,finished,2026-05-17T19:27:05.589237+00:00
4120,INPROC_05EBE2,1,10,draw,draw,60,60,33,♠,finished,2026-05-17T19:27:05.606271+00:00
4121,INPROC_C9593E,1,10,team1,Team 1 (N/S),100,20,20,♥,finished,2026-05-17T19:27:05.621484+00:00
4122,INPROC_1DE562,1,10,team1,Team 1 (N/S),96,24,5,♣,finished,2026-05-17T19:27:05.639297+00:00
4123,INPROC_472024,1,10,team2,Team 2 (E/W),24,96,19,♦,finished,2026-05-17T19:27:05.656749+00:00
4124,INPROC_B7676D,1,10,draw,draw,60,60,14,♦,finished,2026-05-17T19:27:05.674070+00:00
4125,INPROC_393F36,1,10,team2,Team 2 (E/W),42,78,21,♥,finished,2026-05-17T19:27:05.691648+00:00
4126,INPROC_61C9CC,1,10,team1,Team 1 (N/S),73,47,31,♠,finished,2026-05-17T19:27:05.705676+00:00
4127,INPROC_7AC4F6,1,10,team2,Team 2 (E/W),24,96,10,♦,finished,2026-05-17T19:27:05.717744+00:00
4128,INPROC_DC27CE,1,10,team1,Team 1 (N/S),79,41,21,♥,finished,2026-05-17T19:27:05.735139+00:00
4129,INPROC_501AEF,1,10,team1,Team 1 (N/S),63,57,23,♥,finished,2026-05-17T19:27:05.750856+00:00
4130,INPROC_0AFA69,1,10,team1,Team 1 (N/S),71,49,32,♠,finished,2026-05-17T19:27:05.770266+00:00
4131,INPROC_5AA0C9,1,10,team1,Team 1 (N/S),87,33,36,♠,finished,2026-05-17T19:27:05.787699+00:00
4132,INPROC_912071,1,10,team2,Team 2 (E/W),7,113,9,♣,finished,2026-05-17T19:27:05.803532+00:00
4133,INPROC_65537C,1,10,team1,Team 1 (N/S),85,35,20,♥,finished,2026-05-17T19:27:05.820447+00:00
4134,INPROC_E5EC84,1,10,team2,Team 2 (E/W),16,104,24,♥,finished,2026-05-17T19:27:05.837150+00:00
4135,INPROC_79212A,1,10,team2,Team 2 (E/W),53,67,2,♣,finished,2026-05-17T19:27:05.855726+00:00
4136,INPROC_4E5546,1,10,team2,Team 2 (E/W),40,80,18,♦,finished,2026-05-17T19:27:05.871739+00:00
4137,INPROC_1B989D,1,10,team2,Team 2 (E/W),35,85,17,♦,finished,2026-05-17T19:27:05.889859+00:00
4138,INPROC_D7E6D1,1,10,team2,Team 2 (E/W),20,100,8,♣,finished,2026-05-17T19:27:05.907737+00:00
4139,INPROC_15F847,1,10,team1,Team 1 (N/S),64,56,15,♦,finished,2026-05-17T19:27:05.926477+00:00
4140,INPROC_6DB414,1,10,team2,Team 2 (E/W),42,78,11,♦,finished,2026-05-17T19:27:05.943991+00:00
4141,INPROC_64D98D,1,10,team2,Team 2 (E/W),18,102,25,♥,finished,2026-05-17T19:27:05.958009+00:00
4142,INPROC_46D629,1,10,team2,Team 2 (E/W),13,107,21,♥,finished,2026-05-17T19:27:05.972105+00:00
4143,INPROC_BBFBA0,1,10,team2,Team 2 (E/W),30,90,20,♥,finished,2026-05-17T19:27:05.984764+00:00
4144,INPROC_4FFBD4,1,10,team1,Team 1 (N/S),98,22,5,♣,finished,2026-05-17T19:27:06.001852+00:00
4145,INPROC_B914D4,1,10,team1,Team 1 (N/S),105,15,3,♣,finished,2026-05-17T19:27:06.023036+00:00
4146,INPROC_B7D9B5,1,10,team2,Team 2 (E/W),47,73,20,♥,finished,2026-05-17T19:27:06.041331+00:00
4147,INPROC_59833F,1,10,team2,Team 2 (E/W),52,68,32,♠,finished,2026-05-17T19:27:06.058861+00:00
4148,INPROC_52D83F,1,10,team2,Team 2 (E/W),44,76,32,♠,finished,2026-05-17T19:27:06.074520+00:00
4149,INPROC_276C24,1,10,team2,Team 2 (E/W),19,101,36,♠,finished,2026-05-17T19:27:06.093862+00:00
4150,INPROC_079106,1,10,team1,Team 1 (N/S),86,34,6,♣,finished,2026-05-17T19:27:06.111772+00:00
4151,INPROC_3E8701,1,10,team2,Team 2 (E/W),28,92,36,♠,finished,2026-05-17T19:27:06.129228+00:00
4152,INPROC_253981,1,10,team1,Team 1 (N/S),89,31,18,♦,finished,2026-05-17T19:27:06.147308+00:00
4153,INPROC_800301,1,10,team2,Team 2 (E/W),56,64,31,♠,finished,2026-05-17T19:27:06.165994+00:00
4154,INPROC_0ACBA1,1,10,team2,Team 2 (E/W),32,88,21,♥,finished,2026-05-17T19:27:06.183361+00:00
4155,INPROC_F9FB71,1,10,team1,Team 1 (N/S),107,13,6,♣,finished,2026-05-17T19:27:06.200502+00:00
4156,INPROC_738EF3,1,10,team2,Team 2 (E/W),55,65,4,♣,finished,2026-05-17T19:27:06.217113+00:00
4157,INPROC_C25DDA,1,10,team1,Team 1 (N/S),80,40,25,♥,finished,2026-05-17T19:27:06.229103+00:00
4158,INPROC_D8B45B,1,10,team2,Team 2 (E/W),17,103,32,♠,finished,2026-05-17T19:27:06.244566+00:00
4159,INPROC_4B7D1D,1,10,team1,Team 1 (N/S),91,29,21,♥,finished,2026-05-17T19:27:06.261413+00:00
4160,INPROC_04A637,1,10,team1,Team 1 (N/S),71,49,35,♠,finished,2026-05-17T19:27:06.282285+00:00
4161,INPROC_69C7EE,1,10,team2,Team 2 (E/W),52,68,6,♣,finished,2026-05-17T19:27:06.300531+00:00
4162,INPROC_774000,1,10,team2,Team 2 (E/W),33,87,19,♦,finished,2026-05-17T19:27:06.317392+00:00
4163,INPROC_524722,1,10,team1,Team 1 (N/S),103,17,23,♥,finished,2026-05-17T19:27:06.334108+00:00
4164,INPROC_40BB63,1,10,team1,Team 1 (N/S),71,49,36,♠,finished,2026-05-17T19:27:06.354111+00:00
4165,INPROC_A473E1,1,10,team1,Team 1 (N/S),68,52,22,♥,finished,2026-05-17T19:27:06.373726+00:00
4166,INPROC_4FC46E,1,10,team2,Team 2 (E/W),32,88,6,♣,finished,2026-05-17T19:27:06.393528+00:00
4167,INPROC_EFA0AA,1,10,team2,Team 2 (E/W),26,94,30,♠,finished,2026-05-17T19:27:06.414142+00:00
4168,INPROC_37545E,1,10,team2,Team 2 (E/W),56,64,22,♥,finished,2026-05-17T19:27:06.432190+00:00
4169,INPROC_EE03B7,1,10,team1,Team 1 (N/S),98,22,39,♠,finished,2026-05-17T19:27:06.452533+00:00
4170,INPROC_ED7735,1,10,team1,Team 1 (N/S),69,51,37,♠,finished,2026-05-17T19:27:06.473650+00:00
4171,INPROC_B34908,1,10,team1,Team 1 (N/S),72,48,26,♥,finished,2026-05-17T19:27:06.493241+00:00
4172,INPROC_754A57,1,10,team2,Team 2 (E/W),31,89,25,♥,finished,2026-05-17T19:27:06.503845+00:00
4173,INPROC_46F560,1,10,team1,Team 1 (N/S),90,30,23,♥,finished,2026-05-17T19:27:06.519694+00:00
4174,INPROC_AD16CD,1,10,team1,Team 1 (N/S),84,36,22,♥,finished,2026-05-17T19:27:06.538295+00:00
4175,INPROC_699F1D,1,10,team2,Team 2 (E/W),39,81,30,♠,finished,2026-05-17T19:27:06.555205+00:00
4176,INPROC_CB253E,1,10,team2,Team 2 (E/W),16,104,31,♠,finished,2026-05-17T19:27:06.571547+00:00
4177,INPROC_46F1D7,1,10,team2,Team 2 (E/W),40,80,2,♣,finished,2026-05-17T19:27:06.588758+00:00
4178,INPROC_6325B7,1,10,team1,Team 1 (N/S),72,48,25,♥,finished,2026-05-17T19:27:06.603668+00:00
4179,INPROC_50DCB6,1,10,team1,Team 1 (N/S),71,49,27,♥,finished,2026-05-17T19:27:06.615951+00:00
4180,INPROC_CE6021,1,10,team2,Team 2 (E/W),44,76,20,♥,finished,2026-05-17T19:27:06.632069+00:00
4181,INPROC_CC0F8E,1,10,team2,Team 2 (E/W),42,78,30,♠,finished,2026-05-17T19:27:06.648551+00:00
4182,INPROC_50FAD8,1,10,team1,Team 1 (N/S),96,24,13,♦,finished,2026-05-17T19:27:06.665494+00:00
4183,INPROC_C9CE87,1,10,team2,Team 2 (E/W),26,94,20,♥,finished,2026-05-17T19:27:06.681645+00:00
4184,INPROC_8CF860,1,10,team1,Team 1 (N/S),97,23,17,♦,finished,2026-05-17T19:27:06.698267+00:00
4185,INPROC_21C530,1,10,team1,Team 1 (N/S),67,53,26,♥,finished,2026-05-17T19:27:06.711971+00:00
4186,INPROC_DB1AF7,1,10,team2,Team 2 (E/W),59,61,1,♣,finished,2026-05-17T19:27:06.729925+00:00
4187,INPROC_6B8C44,1,10,team2,Team 2 (E/W),42,78,10,♦,finished,2026-05-17T19:27:06.747392+00:00
4188,INPROC_B8A9B9,1,10,draw,draw,60,60,26,♥,finished,2026-05-17T19:27:06.763661+00:00
4189,INPROC_11B35F,1,10,team1,Team 1 (N/S),62,58,2,♣,finished,2026-05-17T19:27:06.775692+00:00
4190,INPROC_931216,1,10,team1,Team 1 (N/S),95,25,13,♦,finished,2026-05-17T19:27:06.788732+00:00
4191,INPROC_435B16,1,10,team2,Team 2 (E/W),41,79,32,♠,finished,2026-05-17T19:27:06.805883+00:00
4192,INPROC_CBC394,1,10,team1,Team 1 (N/S),69,51,18,♦,finished,2026-05-17T19:27:06.825684+00:00
4193,INPROC_123430,1,10,team2,Team 2 (E/W),44,76,13,♦,finished,2026-05-17T19:27:06.849502+00:00
4194,INPROC_F05A1E,1,10,team2,Team 2 (E/W),36,84,6,♣,finished,2026-05-17T19:27:06.868862+00:00
4195,INPROC_21A910,1,10,team1,Team 1 (N/S),102,18,11,♦,finished,2026-05-17T19:27:06.887594+00:00
4196,INPROC_E38346,1,10,team2,Team 2 (E/W),51,69,10,♦,finished,2026-05-17T19:27:06.904650+00:00
4197,INPROC_08D9C9,1,10,team2,Team 2 (E/W),43,77,38,♠,finished,2026-05-17T19:27:06.919831+00:00
4198,INPROC_A56DC9,1,10,team1,Team 1 (N/S),64,56,11,♦,finished,2026-05-17T19:27:06.936798+00:00
4199,INPROC_44A5E3,1,10,team2,Team 2 (E/W),25,95,21,♥,finished,2026-05-17T19:27:06.957012+00:00
4200,INPROC_64D220,1,10,team1,Team 1 (N/S),91,29,35,♠,finished,2026-05-17T19:27:06.976602+00:00
4201,INPROC_776E20,1,10,team1,Team 1 (N/S),63,57,33,♠,finished,2026-05-17T19:27:06.992347+00:00
4202,INPROC_8D660E,1,10,team2,Team 2 (E/W),54,66,33,♠,finished,2026-05-17T19:27:07.010599+00:00
4203,INPROC_1E047B,1,10,team2,Team 2 (E/W),59,61,15,♦,finished,2026-05-17T19:27:07.026409+00:00
4204,INPROC_8D5DFB,1,10,team1,Team 1 (N/S),69,51,0,♣,finished,2026-05-17T19:27:07.039252+00:00
4205,INPROC_934952,1,10,team1,Team 1 (N/S),74,46,31,♠,finished,2026-05-17T19:27:07.051022+00:00
4206,INPROC_F4E3B7,1,10,team1,Team 1 (N/S),103,17,24,♥,finished,2026-05-17T19:27:07.069820+00:00
4207,INPROC_83E49C,1,10,team2,Team 2 (E/W),50,70,38,♠,finished,2026-05-17T19:27:07.088784+00:00
4208,INPROC_1D9416,1,10,team2,Team 2 (E/W),16,104,31,♠,finished,2026-05-17T19:27:07.105624+00:00
4209,INPROC_427507,1,10,team2,Team 2 (E/W),35,85,36,♠,finished,2026-05-17T19:27:07.122462+00:00
4210,INPROC_6F311A,1,10,team2,Team 2 (E/W),57,63,26,♥,finished,2026-05-17T19:27:07.138522+00:00
4211,INPROC_221DDC,1,10,team2,Team 2 (E/W),57,63,13,♦,finished,2026-05-17T19:27:07.155720+00:00
4212,INPROC_617BFC,1,10,team2,Team 2 (E/W),26,94,30,♠,finished,2026-05-17T19:27:07.171296+00:00
4213,INPROC_DFB17B,1,10,team2,Team 2 (E/W),58,62,31,♠,finished,2026-05-17T19:27:07.190721+00:00
4214,INPROC_F229EC,1,10,team1,Team 1 (N/S),71,49,33,♠,finished,2026-05-17T19:27:07.207791+00:00
4215,INPROC_66AA85,1,10,team2,Team 2 (E/W),59,61,18,♦,finished,2026-05-17T19:27:07.225223+00:00
4216,INPROC_0FFC1A,1,10,team1,Team 1 (N/S),73,47,32,♠,finished,2026-05-17T19:27:07.242287+00:00
4217,INPROC_DCFD95,1,10,team2,Team 2 (E/W),55,65,32,♠,finished,2026-05-17T19:27:07.259763+00:00
4218,INPROC_FF0AA9,1,10,team1,Team 1 (N/S),79,41,23,♥,finished,2026-05-17T19:27:07.279311+00:00
4219,INPROC_976011,1,10,team2,Team 2 (E/W),59,61,25,♥,finished,2026-05-17T19:27:07.296688+00:00
4220,INPROC_C9F056,1,10,team1,Team 1 (N/S),69,51,12,♦,finished,2026-05-17T19:27:07.312674+00:00
4221,INPROC_B88453,1,10,team1,Team 1 (N/S),93,27,35,♠,finished,2026-05-17T19:27:07.325957+00:00
4222,INPROC_ECDA5C,1,10,team1,Team 1 (N/S),77,43,6,♣,finished,2026-05-17T19:27:07.342997+00:00
4223,INPROC_6AC80B,1,10,team1,Team 1 (N/S),83,37,13,♦,finished,2026-05-17T19:27:07.360795+00:00
4224,INPROC_10E1E7,1,10,team2,Team 2 (E/W),55,65,36,♠,finished,2026-05-17T19:27:07.377756+00:00
4225,INPROC_71DDAF,1,10,team1,Team 1 (N/S),79,41,16,♦,finished,2026-05-17T19:27:07.396678+00:00
4226,INPROC_98549A,1,10,team1,Team 1 (N/S),102,18,8,♣,finished,2026-05-17T19:27:07.414875+00:00
4227,INPROC_4CB653,1,10,team2,Team 2 (E/W),18,102,19,♦,finished,2026-05-17T19:27:07.434868+00:00
4228,INPROC_A747B0,1,10,team1,Team 1 (N/S),111,9,35,♠,finished,2026-05-17T19:27:07.451952+00:00
4229,INPROC_DACAA9,1,10,team1,Team 1 (N/S),67,53,26,♥,finished,2026-05-17T19:27:07.469256+00:00
4230,INPROC_DF0DBC,1,10,team2,Team 2 (E/W),53,67,28,♥,finished,2026-05-17T19:27:07.486139+00:00
4231,INPROC_145C4A,1,10,team1,Team 1 (N/S),72,48,0,♣,finished,2026-05-17T19:27:07.502041+00:00
4232,INPROC_031043,1,10,team2,Team 2 (E/W),49,71,34,♠,finished,2026-05-17T19:27:07.520319+00:00
4233,INPROC_8531EB,1,10,team1,Team 1 (N/S),91,29,35,♠,finished,2026-05-17T19:27:07.538637+00:00
4234,INPROC_4154F9,1,10,team2,Team 2 (E/W),47,73,8,♣,finished,2026-05-17T19:27:07.556321+00:00
4235,INPROC_08591F,1,10,team1,Team 1 (N/S),62,58,23,♥,finished,2026-05-17T19:27:07.571174+00:00
4236,INPROC_FEB5C2,1,10,team1,Team 1 (N/S),65,55,7,♣,finished,2026-05-17T19:27:07.584545+00:00
4237,INPROC_BBC3CB,1,10,team1,Team 1 (N/S),66,54,0,♣,finished,2026-05-17T19:27:07.600917+00:00
4238,INPROC_208A86,1,10,team2,Team 2 (E/W),11,109,26,♥,finished,2026-05-17T19:27:07.618504+00:00
4239,INPROC_4CC046,1,10,team1,Team 1 (N/S),82,38,30,♠,finished,2026-05-17T19:27:07.634581+00:00
4240,INPROC_08254F,1,10,team2,Team 2 (E/W),47,73,37,♠,finished,2026-05-17T19:27:07.647349+00:00
4241,INPROC_4253D2,1,10,team1,Team 1 (N/S),71,49,14,♦,finished,2026-05-17T19:27:07.660579+00:00
4242,INPROC_178A35,1,10,team2,Team 2 (E/W),24,96,2,♣,finished,2026-05-17T19:27:07.676981+00:00
4243,INPROC_1F10D9,1,10,team2,Team 2 (E/W),22,98,17,♦,finished,2026-05-17T19:27:07.693953+00:00
4244,INPROC_B4D8CA,1,10,team1,Team 1 (N/S),82,38,2,♣,finished,2026-05-17T19:27:07.710933+00:00
4245,INPROC_135E80,1,10,team1,Team 1 (N/S),89,31,31,♠,finished,2026-05-17T19:27:07.730188+00:00
4246,INPROC_ECCA08,1,10,team1,Team 1 (N/S),86,34,25,♥,finished,2026-05-17T19:27:07.749487+00:00
4247,INPROC_44FE54,1,10,team1,Team 1 (N/S),74,46,8,♣,finished,2026-05-17T19:27:07.767849+00:00
4248,INPROC_D929E2,1,10,team1,Team 1 (N/S),69,51,10,♦,finished,2026-05-17T19:27:07.788756+00:00
4249,INPROC_95EBF6,1,10,team1,Team 1 (N/S),75,45,38,♠,finished,2026-05-17T19:27:07.805629+00:00
4250,INPROC_07C4F5,1,10,team1,Team 1 (N/S),90,30,34,♠,finished,2026-05-17T19:27:07.823329+00:00
4251,INPROC_740B54,1,10,team2,Team 2 (E/W),28,92,12,♦,finished,2026-05-17T19:27:07.837378+00:00
4252,INPROC_945026,1,10,team2,Team 2 (E/W),7,113,3,♣,finished,2026-05-17T19:27:07.850608+00:00
4253,INPROC_69938A,1,10,team2,Team 2 (E/W),55,65,9,♣,finished,2026-05-17T19:27:07.867104+00:00
4254,INPROC_03D501,1,10,team2,Team 2 (E/W),51,69,9,♣,finished,2026-05-17T19:27:07.885277+00:00
4255,INPROC_7D2FB5,1,10,team2,Team 2 (E/W),35,85,23,♥,finished,2026-05-17T19:27:07.902112+00:00
4256,INPROC_4D21BC,1,10,team2,Team 2 (E/W),56,64,4,♣,finished,2026-05-17T19:27:07.919445+00:00
4257,INPROC_C6BCBD,1,10,team2,Team 2 (E/W),51,69,11,♦,finished,2026-05-17T19:27:07.935557+00:00
4258,INPROC_F99896,1,10,team1,Team 1 (N/S),88,32,14,♦,finished,2026-05-17T19:27:07.952681+00:00
4259,INPROC_F6A03A,1,10,team1,Team 1 (N/S),112,8,7,♣,finished,2026-05-17T19:27:07.969086+00:00
4260,INPROC_058E97,1,10,team1,Team 1 (N/S),61,59,16,♦,finished,2026-05-17T19:27:07.985294+00:00
4261,INPROC_C682FB,1,10,draw,draw,60,60,20,♥,finished,2026-05-17T19:27:08.001818+00:00
4262,INPROC_A0A37B,1,10,team1,Team 1 (N/S),84,36,20,♥,finished,2026-05-17T19:27:08.016065+00:00
4263,INPROC_CC0750,1,10,team1,Team 1 (N/S),70,50,16,♦,finished,2026-05-17T19:27:08.032892+00:00
4264,INPROC_D1A60B,1,10,team1,Team 1 (N/S),69,51,29,♥,finished,2026-05-17T19:27:08.049712+00:00
4265,INPROC_F7656B,1,10,team1,Team 1 (N/S),93,27,32,♠,finished,2026-05-17T19:27:08.065795+00:00
4266,INPROC_F342BB,1,10,team1,Team 1 (N/S),85,35,10,♦,finished,2026-05-17T19:27:08.079622+00:00
4267,INPROC_D7E89B,1,10,team1,Team 1 (N/S),62,58,20,♥,finished,2026-05-17T19:27:08.093879+00:00
4268,INPROC_B56B21,1,10,team2,Team 2 (E/W),46,74,39,♠,finished,2026-05-17T19:27:08.106030+00:00
4269,INPROC_6D2D09,1,10,team1,Team 1 (N/S),94,26,37,♠,finished,2026-05-17T19:27:08.118223+00:00
4270,INPROC_BA3310,1,10,team2,Team 2 (E/W),57,63,36,♠,finished,2026-05-17T19:27:08.137752+00:00
4271,INPROC_039632,1,10,team2,Team 2 (E/W),50,70,37,♠,finished,2026-05-17T19:27:08.155732+00:00
4272,INPROC_07946F,1,10,team2,Team 2 (E/W),21,99,7,♣,finished,2026-05-17T19:27:08.174898+00:00
4273,INPROC_C808CB,1,10,team1,Team 1 (N/S),63,57,29,♥,finished,2026-05-17T19:27:08.194501+00:00
4274,INPROC_64B6A0,1,10,team2,Team 2 (E/W),53,67,17,♦,finished,2026-05-17T19:27:08.209947+00:00
4275,INPROC_B17C66,1,10,team1,Team 1 (N/S),66,54,28,♥,finished,2026-05-17T19:27:08.226753+00:00
4276,INPROC_F87446,1,10,draw,draw,60,60,11,♦,finished,2026-05-17T19:27:08.246838+00:00
4277,INPROC_2D4765,1,10,team1,Team 1 (N/S),89,31,16,♦,finished,2026-05-17T19:27:08.266073+00:00
4278,INPROC_817673,1,10,team1,Team 1 (N/S),80,40,0,♣,finished,2026-05-17T19:27:08.283523+00:00
4279,INPROC_30F10F,1,10,team1,Team 1 (N/S),72,48,9,♣,finished,2026-05-17T19:27:08.300155+00:00
4280,INPROC_4DDE00,1,10,team2,Team 2 (E/W),52,68,12,♦,finished,2026-05-17T19:27:08.313444+00:00
4281,INPROC_39DEDE,1,10,team1,Team 1 (N/S),89,31,38,♠,finished,2026-05-17T19:27:08.330607+00:00
4282,INPROC_397AC3,1,10,team2,Team 2 (E/W),35,85,38,♠,finished,2026-05-17T19:27:08.346697+00:00
4283,INPROC_E0D676,1,10,team1,Team 1 (N/S),111,9,10,♦,finished,2026-05-17T19:27:08.362597+00:00
4284,INPROC_7E5475,1,10,team2,Team 2 (E/W),58,62,25,♥,finished,2026-05-17T19:27:08.376235+00:00
4285,INPROC_D0CDEE,1,10,team2,Team 2 (E/W),43,77,12,♦,finished,2026-05-17T19:27:08.390545+00:00
4286,INPROC_987C46,1,10,team2,Team 2 (E/W),48,72,36,♠,finished,2026-05-17T19:27:08.404812+00:00
4287,INPROC_B8277F,1,10,team2,Team 2 (E/W),14,106,7,♣,finished,2026-05-17T19:27:08.422275+00:00
4288,INPROC_BF52A1,1,10,team1,Team 1 (N/S),83,37,23,♥,finished,2026-05-17T19:27:08.440303+00:00
4289,INPROC_C00B52,1,10,team2,Team 2 (E/W),44,76,6,♣,finished,2026-05-17T19:27:08.454777+00:00
4290,INPROC_6D0191,1,10,team2,Team 2 (E/W),56,64,16,♦,finished,2026-05-17T19:27:08.469079+00:00
4291,INPROC_1C525C,1,10,team2,Team 2 (E/W),53,67,30,♠,finished,2026-05-17T19:27:08.486417+00:00
4292,INPROC_DB360A,1,10,team2,Team 2 (E/W),32,88,25,♥,finished,2026-05-17T19:27:08.502254+00:00
4293,INPROC_59AB18,1,10,team2,Team 2 (E/W),22,98,11,♦,finished,2026-05-17T19:27:08.518624+00:00
4294,INPROC_D69C04,1,10,team1,Team 1 (N/S),69,51,7,♣,finished,2026-05-17T19:27:08.536003+00:00
4295,INPROC_44AC31,1,10,team2,Team 2 (E/W),51,69,31,♠,finished,2026-05-17T19:27:08.553380+00:00
4296,INPROC_2564F0,1,10,team2,Team 2 (E/W),33,87,32,♠,finished,2026-05-17T19:27:08.570544+00:00
4297,INPROC_6040FA,1,10,team2,Team 2 (E/W),21,99,35,♠,finished,2026-05-17T19:27:08.588135+00:00
4298,INPROC_51D9A2,1,10,team2,Team 2 (E/W),52,68,28,♥,finished,2026-05-17T19:27:08.606092+00:00
4299,INPROC_E2D7F3,1,10,team2,Team 2 (E/W),45,75,38,♠,finished,2026-05-17T19:27:08.624569+00:00
4300,INPROC_FF82B2,1,10,team1,Team 1 (N/S),86,34,36,♠,finished,2026-05-17T19:27:08.637428+00:00
4301,INPROC_E7C3CE,1,10,team2,Team 2 (E/W),33,87,28,♥,finished,2026-05-17T19:27:08.651526+00:00
4302,INPROC_1E414E,1,10,team1,Team 1 (N/S),69,51,6,♣,finished,2026-05-17T19:27:08.669175+00:00
4303,INPROC_189285,1,10,team2,Team 2 (E/W),40,80,26,♥,finished,2026-05-17T19:27:08.681520+00:00
4304,INPROC_DBFB0E,1,10,team2,Team 2 (E/W),46,74,37,♠,finished,2026-05-17T19:27:08.698780+00:00
4305,INPROC_77CFBB,1,10,team1,Team 1 (N/S),94,26,15,♦,finished,2026-05-17T19:27:08.717377+00:00
4306,INPROC_170F80,1,10,team1,Team 1 (N/S),64,56,28,♥,finished,2026-05-17T19:27:08.736599+00:00
4307,INPROC_98B584,1,10,team2,Team 2 (E/W),47,73,27,♥,finished,2026-05-17T19:27:08.751277+00:00
4308,INPROC_7C9E56,1,10,team2,Team 2 (E/W),2,118,3,♣,finished,2026-05-17T19:27:08.767679+00:00
4309,INPROC_719E56,1,10,team2,Team 2 (E/W),54,66,31,♠,finished,2026-05-17T19:27:08.786349+00:00
4310,INPROC_9DE5FE,1,10,team1,Team 1 (N/S),82,38,9,♣,finished,2026-05-17T19:27:08.806287+00:00
4311,INPROC_B40B14,1,10,team2,Team 2 (E/W),40,80,28,♥,finished,2026-05-17T19:27:08.824205+00:00
4312,INPROC_05A288,1,10,team2,Team 2 (E/W),38,82,12,♦,finished,2026-05-17T19:27:08.841964+00:00
4313,INPROC_B85FD9,1,10,team2,Team 2 (E/W),37,83,19,♦,finished,2026-05-17T19:27:08.858211+00:00
4314,INPROC_2D7415,1,10,team2,Team 2 (E/W),46,74,0,♣,finished,2026-05-17T19:27:08.875848+00:00
4315,INPROC_140983,1,10,team1,Team 1 (N/S),70,50,3,♣,finished,2026-05-17T19:27:08.892277+00:00
4316,INPROC_104B79,1,10,team1,Team 1 (N/S),85,35,5,♣,finished,2026-05-17T19:27:08.903870+00:00
4317,INPROC_1C7BD1,1,10,team2,Team 2 (E/W),52,68,21,♥,finished,2026-05-17T19:27:08.916345+00:00
4318,INPROC_D4F9A2,1,10,team1,Team 1 (N/S),89,31,11,♦,finished,2026-05-17T19:27:08.931126+00:00
4319,INPROC_144A95,1,10,team2,Team 2 (E/W),55,65,12,♦,finished,2026-05-17T19:27:08.943864+00:00
4320,INPROC_FFDDEA,1,10,team2,Team 2 (E/W),51,69,31,♠,finished,2026-05-17T19:27:08.956169+00:00
4321,INPROC_256A7C,1,10,team1,Team 1 (N/S),78,42,24,♥,finished,2026-05-17T19:27:08.972794+00:00
4322,INPROC_EAEC17,1,10,team2,Team 2 (E/W),55,65,29,♥,finished,2026-05-17T19:27:08.989639+00:00
4323,INPROC_E6FA14,1,10,team2,Team 2 (E/W),36,84,34,♠,finished,2026-05-17T19:27:09.007530+00:00
4324,INPROC_EF5214,1,10,team1,Team 1 (N/S),72,48,18,♦,finished,2026-05-17T19:27:09.024161+00:00
4325,INPROC_DD169A,1,10,team2,Team 2 (E/W),51,69,9,♣,finished,2026-05-17T19:27:09.040948+00:00
4326,INPROC_0F9FA7,1,10,team1,Team 1 (N/S),77,43,13,♦,finished,2026-05-17T19:27:09.058520+00:00
4327,INPROC_3E4E66,1,10,team2,Team 2 (E/W),57,63,5,♣,finished,2026-05-17T19:27:09.075395+00:00
4328,INPROC_7A9B83,1,10,team1,Team 1 (N/S),70,50,8,♣,finished,2026-05-17T19:27:09.092174+00:00
4329,INPROC_C2668C,1,10,team2,Team 2 (E/W),56,64,18,♦,finished,2026-05-17T19:27:09.109334+00:00
4330,INPROC_E90770,1,10,team2,Team 2 (E/W),35,85,19,♦,finished,2026-05-17T19:27:09.126750+00:00
4331,INPROC_1BD044,1,10,team2,Team 2 (E/W),57,63,33,♠,finished,2026-05-17T19:27:09.144993+00:00
4332,INPROC_E4D70C,1,10,team1,Team 1 (N/S),96,24,22,♥,finished,2026-05-17T19:27:09.162009+00:00
4333,INPROC_17F19A,1,10,team1,Team 1 (N/S),98,22,34,♠,finished,2026-05-17T19:27:09.174078+00:00
4334,INPROC_BEFD70,1,10,team1,Team 1 (N/S),105,15,20,♥,finished,2026-05-17T19:27:09.186225+00:00
4335,INPROC_0E4B16,1,10,team1,Team 1 (N/S),64,56,0,♣,finished,2026-05-17T19:27:09.206779+00:00
4336,INPROC_6D43DF,1,10,team2,Team 2 (E/W),6,114,19,♦,finished,2026-05-17T19:27:09.222724+00:00
4337,INPROC_2456CD,1,10,team1,Team 1 (N/S),62,58,10,♦,finished,2026-05-17T19:27:09.239483+00:00
4338,INPROC_2F55C6,1,10,team2,Team 2 (E/W),41,79,15,♦,finished,2026-05-17T19:27:09.255872+00:00
4339,INPROC_9155BE,1,10,team2,Team 2 (E/W),0,120,26,♥,finished,2026-05-17T19:27:09.271208+00:00
4340,INPROC_B80925,1,10,team1,Team 1 (N/S),63,57,12,♦,finished,2026-05-17T19:27:09.289429+00:00
4341,INPROC_7D7B30,1,10,team2,Team 2 (E/W),44,76,17,♦,finished,2026-05-17T19:27:09.303761+00:00
4342,INPROC_37FE07,1,10,team1,Team 1 (N/S),96,24,11,♦,finished,2026-05-17T19:27:09.319430+00:00
4343,INPROC_44D909,1,10,team1,Team 1 (N/S),65,55,10,♦,finished,2026-05-17T19:27:09.335722+00:00
4344,INPROC_3CEB2F,1,10,team1,Team 1 (N/S),95,25,25,♥,finished,2026-05-17T19:27:09.350579+00:00
4345,INPROC_ABCD8C,1,10,team1,Team 1 (N/S),86,34,36,♠,finished,2026-05-17T19:27:09.368586+00:00
4346,INPROC_88CB57,1,10,team1,Team 1 (N/S),93,27,3,♣,finished,2026-05-17T19:27:09.383781+00:00
4347,INPROC_44B1BB,1,10,team2,Team 2 (E/W),32,88,3,♣,finished,2026-05-17T19:27:09.399712+00:00
4348,INPROC_9C6E15,1,10,team1,Team 1 (N/S),67,53,19,♦,finished,2026-05-17T19:27:09.417102+00:00
4349,INPROC_7677BD,1,10,team2,Team 2 (E/W),55,65,28,♥,finished,2026-05-17T19:27:09.431448+00:00
4350,INPROC_3F28F3,1,10,team2,Team 2 (E/W),52,68,32,♠,finished,2026-05-17T19:27:09.446735+00:00
4351,INPROC_46F7AC,1,10,team2,Team 2 (E/W),59,61,1,♣,finished,2026-05-17T19:27:09.460331+00:00
4352,INPROC_3E520D,1,10,team2,Team 2 (E/W),33,87,11,♦,finished,2026-05-17T19:27:09.475160+00:00
4353,INPROC_68067C,1,10,team2,Team 2 (E/W),28,92,24,♥,finished,2026-05-17T19:27:09.491618+00:00
4354,INPROC_ABEFE2,1,10,team1,Team 1 (N/S),83,37,8,♣,finished,2026-05-17T19:27:09.508813+00:00
4355,INPROC_CD9EBD,1,10,team1,Team 1 (N/S),82,38,38,♠,finished,2026-05-17T19:27:09.526818+00:00
4356,INPROC_352BCD,1,10,team2,Team 2 (E/W),59,61,13,♦,finished,2026-05-17T19:27:09.544183+00:00
4357,INPROC_6D1B1E,1,10,team2,Team 2 (E/W),32,88,18,♦,finished,2026-05-17T19:27:09.561352+00:00
4358,INPROC_D2A301,1,10,team1,Team 1 (N/S),87,33,5,♣,finished,2026-05-17T19:27:09.579975+00:00
4359,INPROC_8E58F2,1,10,team2,Team 2 (E/W),47,73,27,♥,finished,2026-05-17T19:27:09.599152+00:00
4360,INPROC_10FEF8,1,10,team1,Team 1 (N/S),76,44,26,♥,finished,2026-05-17T19:27:09.617038+00:00
4361,INPROC_94FE08,1,10,team1,Team 1 (N/S),120,0,0,♣,finished,2026-05-17T19:27:09.632675+00:00
4362,INPROC_491CA9,1,10,team2,Team 2 (E/W),44,76,22,♥,finished,2026-05-17T19:27:09.650432+00:00
4363,INPROC_D1B47E,1,10,team1,Team 1 (N/S),63,57,13,♦,finished,2026-05-17T19:27:09.668445+00:00
4364,INPROC_6F4351,1,10,team2,Team 2 (E/W),54,66,13,♦,finished,2026-05-17T19:27:09.684484+00:00
4365,INPROC_BE3491,1,10,team1,Team 1 (N/S),93,27,23,♥,finished,2026-05-17T19:27:09.700205+00:00
4366,INPROC_E676AF,1,10,team1,Team 1 (N/S),74,46,3,♣,finished,2026-05-17T19:27:09.714254+00:00
4367,INPROC_9FC5AC,1,10,team2,Team 2 (E/W),47,73,37,♠,finished,2026-05-17T19:27:09.731094+00:00
4368,INPROC_195604,1,10,team2,Team 2 (E/W),20,100,32,♠,finished,2026-05-17T19:27:09.748744+00:00
4369,INPROC_54BBD8,1,10,team1,Team 1 (N/S),92,28,27,♥,finished,2026-05-17T19:27:09.765849+00:00
4370,INPROC_1B4A3B,1,10,team1,Team 1 (N/S),77,43,31,♠,finished,2026-05-17T19:27:09.781072+00:00
4371,INPROC_9DF8D9,1,10,team2,Team 2 (E/W),14,106,37,♠,finished,2026-05-17T19:27:09.797241+00:00
4372,INPROC_189BE0,1,10,team2,Team 2 (E/W),48,72,10,♦,finished,2026-05-17T19:27:09.814453+00:00
4373,INPROC_0F9B31,1,10,team2,Team 2 (E/W),59,61,7,♣,finished,2026-05-17T19:27:09.833175+00:00
4374,INPROC_6E70DC,1,10,team2,Team 2 (E/W),39,81,12,♦,finished,2026-05-17T19:27:09.850268+00:00
4375,INPROC_16258F,1,10,team2,Team 2 (E/W),35,85,8,♣,finished,2026-05-17T19:27:09.866609+00:00
4376,INPROC_77FC5A,1,10,team2,Team 2 (E/W),31,89,9,♣,finished,2026-05-17T19:27:09.886666+00:00
4377,INPROC_CB2B77,1,10,team2,Team 2 (E/W),52,68,11,♦,finished,2026-05-17T19:27:09.905020+00:00
4378,INPROC_F09A2A,1,10,team1,Team 1 (N/S),74,46,17,♦,finished,2026-05-17T19:27:09.922766+00:00
4379,INPROC_77AE35,1,10,team1,Team 1 (N/S),95,25,9,♣,finished,2026-05-17T19:27:09.939067+00:00
4380,INPROC_9CC10F,1,10,team1,Team 1 (N/S),78,42,18,♦,finished,2026-05-17T19:27:09.951942+00:00
4381,INPROC_B3E398,1,10,team2,Team 2 (E/W),31,89,21,♥,finished,2026-05-17T19:27:09.964973+00:00
4382,INPROC_43D813,1,10,team2,Team 2 (E/W),58,62,30,♠,finished,2026-05-17T19:27:09.981218+00:00
4383,INPROC_6D46C6,1,10,team2,Team 2 (E/W),2,118,34,♠,finished,2026-05-17T19:27:09.998897+00:00
4384,INPROC_1FE4D1,1,10,team2,Team 2 (E/W),26,94,26,♥,finished,2026-05-17T19:27:10.015271+00:00
4385,INPROC_E82942,1,10,team1,Team 1 (N/S),89,31,20,♥,finished,2026-05-17T19:27:10.032317+00:00
4386,INPROC_E3E3AA,1,10,team1,Team 1 (N/S),79,41,0,♣,finished,2026-05-17T19:27:10.047394+00:00
4387,INPROC_298DC1,1,10,team2,Team 2 (E/W),55,65,33,♠,finished,2026-05-17T19:27:10.062221+00:00
4388,INPROC_896C92,1,10,team2,Team 2 (E/W),30,90,0,♣,finished,2026-05-17T19:27:10.077167+00:00
4389,INPROC_EC73F6,1,10,team2,Team 2 (E/W),42,78,29,♥,finished,2026-05-17T19:27:10.093948+00:00
4390,INPROC_0DFF6A,1,10,team2,Team 2 (E/W),29,91,30,♠,finished,2026-05-17T19:27:10.110898+00:00
4391,INPROC_8D714F,1,10,team2,Team 2 (E/W),56,64,2,♣,finished,2026-05-17T19:27:10.128011+00:00
4392,INPROC_0797FD,1,10,team1,Team 1 (N/S),84,36,14,♦,finished,2026-05-17T19:27:10.144117+00:00
4393,INPROC_FB5F1C,1,10,team2,Team 2 (E/W),43,77,27,♥,finished,2026-05-17T19:27:10.158836+00:00
4394,INPROC_782BA1,1,10,team2,Team 2 (E/W),54,66,8,♣,finished,2026-05-17T19:27:10.175593+00:00
4395,INPROC_CD444E,1,10,team2,Team 2 (E/W),7,113,2,♣,finished,2026-05-17T19:27:10.196369+00:00
4396,INPROC_CA82CD,1,10,team2,Team 2 (E/W),44,76,6,♣,finished,2026-05-17T19:27:10.233027+00:00
4397,INPROC_308685,1,10,team1,Team 1 (N/S),77,43,35,♠,finished,2026-05-17T19:27:10.249346+00:00
4398,INPROC_BFC59B,1,10,team1,Team 1 (N/S),84,36,6,♣,finished,2026-05-17T19:27:10.267885+00:00
4399,INPROC_537112,1,10,team1,Team 1 (N/S),93,27,10,♦,finished,2026-05-17T19:27:10.282931+00:00
4400,INPROC_F01BD4,1,10,team2,Team 2 (E/W),39,81,34,♠,finished,2026-05-17T19:27:10.299191+00:00
4401,INPROC_5B7611,1,10,team2,Team 2 (E/W),47,73,29,♥,finished,2026-05-17T19:27:10.316108+00:00
4402,INPROC_C3D462,1,10,team1,Team 1 (N/S),84,36,14,♦,finished,2026-05-17T19:27:10.332477+00:00
4403,INPROC_B3C5CA,1,10,team1,Team 1 (N/S),84,36,31,♠,finished,2026-05-17T19:27:10.349891+00:00
4404,INPROC_DE45AB,1,10,team1,Team 1 (N/S),62,58,25,♥,finished,2026-05-17T19:27:10.365946+00:00
4405,INPROC_06AC21,1,10,team2,Team 2 (E/W),57,63,11,♦,finished,2026-05-17T19:27:10.383004+00:00
4406,INPROC_93DCF8,1,10,team2,Team 2 (E/W),49,71,30,♠,finished,2026-05-17T19:27:10.398559+00:00
4407,INPROC_CA2B38,1,10,team1,Team 1 (N/S),71,49,8,♣,finished,2026-05-17T19:27:10.410966+00:00
4408,INPROC_1EA2E2,1,10,team2,Team 2 (E/W),23,97,37,♠,finished,2026-05-17T19:27:10.429980+00:00
4409,INPROC_1E36E3,1,10,team2,Team 2 (E/W),48,72,21,♥,finished,2026-05-17T19:27:10.446817+00:00
4410,INPROC_D4252F,1,10,team2,Team 2 (E/W),56,64,0,♣,finished,2026-05-17T19:27:10.464854+00:00
4411,INPROC_D4EAB5,1,10,team2,Team 2 (E/W),41,79,23,♥,finished,2026-05-17T19:27:10.480625+00:00
4412,INPROC_7BC22C,1,10,team2,Team 2 (E/W),48,72,32,♠,finished,2026-05-17T19:27:10.493490+00:00
4413,INPROC_DFE68A,1,10,team2,Team 2 (E/W),46,74,4,♣,finished,2026-05-17T19:27:10.505956+00:00
4414,INPROC_E06FFC,1,10,team2,Team 2 (E/W),44,76,16,♦,finished,2026-05-17T19:27:10.518505+00:00
4415,INPROC_656897,1,10,team2,Team 2 (E/W),54,66,28,♥,finished,2026-05-17T19:27:10.535557+00:00
4416,INPROC_0BC889,1,10,team2,Team 2 (E/W),40,80,18,♦,finished,2026-05-17T19:27:10.552681+00:00
4417,INPROC_CFF6C0,1,10,team1,Team 1 (N/S),81,39,5,♣,finished,2026-05-17T19:27:10.567850+00:00
4418,INPROC_1C5754,1,10,team2,Team 2 (E/W),46,74,23,♥,finished,2026-05-17T19:27:10.584573+00:00
4419,INPROC_13DC50,1,10,team2,Team 2 (E/W),49,71,15,♦,finished,2026-05-17T19:27:10.601199+00:00
4420,INPROC_0E534F,1,10,team1,Team 1 (N/S),70,50,0,♣,finished,2026-05-17T19:27:10.621586+00:00
4421,INPROC_8E10A5,1,10,team2,Team 2 (E/W),46,74,35,♠,finished,2026-05-17T19:27:10.641973+00:00
4422,INPROC_54700E,1,10,team2,Team 2 (E/W),26,94,14,♦,finished,2026-05-17T19:27:10.656926+00:00
4423,INPROC_02DAF7,1,10,team1,Team 1 (N/S),62,58,15,♦,finished,2026-05-17T19:27:10.673285+00:00
4424,INPROC_00B9D4,1,10,team1,Team 1 (N/S),63,57,1,♣,finished,2026-05-17T19:27:10.692193+00:00
4425,INPROC_19F446,1,10,team2,Team 2 (E/W),35,85,24,♥,finished,2026-05-17T19:27:10.708593+00:00
4426,INPROC_979CBD,1,10,team1,Team 1 (N/S),88,32,5,♣,finished,2026-05-17T19:27:10.724333+00:00
4427,INPROC_1A53ED,1,10,team2,Team 2 (E/W),41,79,22,♥,finished,2026-05-17T19:27:10.743892+00:00
4428,INPROC_4FA636,1,10,team2,Team 2 (E/W),31,89,1,♣,finished,2026-05-17T19:27:10.758007+00:00
4429,INPROC_47C5BD,1,10,team2,Team 2 (E/W),55,65,5,♣,finished,2026-05-17T19:27:10.775044+00:00
4430,INPROC_16E63B,1,10,team2,Team 2 (E/W),26,94,39,♠,finished,2026-05-17T19:27:10.788981+00:00
4431,INPROC_A3E647,1,10,team1,Team 1 (N/S),85,35,32,♠,finished,2026-05-17T19:27:10.802661+00:00
4432,INPROC_C17999,1,10,team2,Team 2 (E/W),48,72,19,♦,finished,2026-05-17T19:27:10.816305+00:00
4433,INPROC_59BDAE,1,10,team2,Team 2 (E/W),38,82,30,♠,finished,2026-05-17T19:27:10.828698+00:00
4434,INPROC_01096E,1,10,team2,Team 2 (E/W),59,61,32,♠,finished,2026-05-17T19:27:10.840816+00:00
4435,INPROC_C6AB64,1,10,team2,Team 2 (E/W),40,80,12,♦,finished,2026-05-17T19:27:10.852407+00:00
4436,INPROC_815AD3,1,10,team2,Team 2 (E/W),44,76,37,♠,finished,2026-05-17T19:27:10.865816+00:00
4437,INPROC_2A47AF,1,10,team2,Team 2 (E/W),5,115,17,♦,finished,2026-05-17T19:27:10.877213+00:00
4438,INPROC_C2025A,1,10,team1,Team 1 (N/S),82,38,28,♥,finished,2026-05-17T19:27:10.890648+00:00
4439,INPROC_829976,1,10,draw,draw,60,60,31,♠,finished,2026-05-17T19:27:10.903149+00:00
4440,INPROC_26F8FE,1,10,team2,Team 2 (E/W),26,94,32,♠,finished,2026-05-17T19:27:10.914576+00:00
4441,INPROC_011100,1,10,team2,Team 2 (E/W),50,70,7,♣,finished,2026-05-17T19:27:10.926441+00:00
4442,INPROC_A753D8,1,10,team1,Team 1 (N/S),69,51,17,♦,finished,2026-05-17T19:27:10.940177+00:00
4443,INPROC_5F99B2,1,10,team1,Team 1 (N/S),76,44,2,♣,finished,2026-05-17T19:27:10.952289+00:00
4444,INPROC_A4C7AA,1,10,team2,Team 2 (E/W),20,100,11,♦,finished,2026-05-17T19:27:10.964377+00:00
4445,INPROC_4792AC,1,10,team1,Team 1 (N/S),73,47,10,♦,finished,2026-05-17T19:27:10.978154+00:00
4446,INPROC_90A437,1,10,team1,Team 1 (N/S),81,39,2,♣,finished,2026-05-17T19:27:10.989981+00:00
4447,INPROC_FA89F8,1,10,team1,Team 1 (N/S),111,9,20,♥,finished,2026-05-17T19:27:11.005468+00:00
4448,INPROC_9DD6C2,1,10,team2,Team 2 (E/W),50,70,38,♠,finished,2026-05-17T19:27:11.021618+00:00
4449,INPROC_51909E,1,10,team1,Team 1 (N/S),97,23,23,♥,finished,2026-05-17T19:27:11.035465+00:00
4450,INPROC_C2087F,1,10,team1,Team 1 (N/S),78,42,28,♥,finished,2026-05-17T19:27:11.050774+00:00
4451,INPROC_B1863B,1,10,team1,Team 1 (N/S),77,43,14,♦,finished,2026-05-17T19:27:11.066729+00:00
4452,INPROC_29E606,1,10,team2,Team 2 (E/W),59,61,7,♣,finished,2026-05-17T19:27:11.080903+00:00
4453,INPROC_7CB091,1,10,team2,Team 2 (E/W),56,64,33,♠,finished,2026-05-17T19:27:11.092621+00:00
4454,INPROC_B38B85,1,10,team1,Team 1 (N/S),79,41,11,♦,finished,2026-05-17T19:27:11.104311+00:00
4455,INPROC_7B46E8,1,10,team1,Team 1 (N/S),71,49,24,♥,finished,2026-05-17T19:27:11.116118+00:00
4456,INPROC_5D32D8,1,10,team1,Team 1 (N/S),71,49,27,♥,finished,2026-05-17T19:27:11.127895+00:00
4457,INPROC_A0A1AC,1,10,team2,Team 2 (E/W),48,72,12,♦,finished,2026-05-17T19:27:11.142793+00:00
4458,INPROC_EC1D36,1,10,team2,Team 2 (E/W),14,106,5,♣,finished,2026-05-17T19:27:11.158263+00:00
4459,INPROC_3A2B69,1,10,team2,Team 2 (E/W),36,84,34,♠,finished,2026-05-17T19:27:11.174834+00:00
4460,INPROC_87F63D,1,10,team1,Team 1 (N/S),73,47,13,♦,finished,2026-05-17T19:27:11.190421+00:00
4461,INPROC_954D4D,1,10,team2,Team 2 (E/W),57,63,12,♦,finished,2026-05-17T19:27:11.208196+00:00
4462,INPROC_97CF58,1,10,team2,Team 2 (E/W),55,65,33,♠,finished,2026-05-17T19:27:11.225767+00:00
4463,INPROC_FCCF1E,1,10,team2,Team 2 (E/W),40,80,22,♥,finished,2026-05-17T19:27:11.243767+00:00
4464,INPROC_A5896C,1,10,team2,Team 2 (E/W),49,71,17,♦,finished,2026-05-17T19:27:11.260147+00:00
4465,INPROC_D516A6,1,10,team2,Team 2 (E/W),41,79,13,♦,finished,2026-05-17T19:27:11.275288+00:00
4466,INPROC_83E2C3,1,10,team1,Team 1 (N/S),73,47,2,♣,finished,2026-05-17T19:27:11.287365+00:00
4467,INPROC_3C442B,1,10,team1,Team 1 (N/S),70,50,25,♥,finished,2026-05-17T19:27:11.299542+00:00
4468,INPROC_759A9E,1,10,team2,Team 2 (E/W),43,77,0,♣,finished,2026-05-17T19:27:11.311582+00:00
4469,INPROC_126267,1,10,team2,Team 2 (E/W),6,114,29,♥,finished,2026-05-17T19:27:11.327320+00:00
4470,INPROC_6AC795,1,10,team2,Team 2 (E/W),51,69,9,♣,finished,2026-05-17T19:27:11.343053+00:00
4471,INPROC_E452BD,1,10,team1,Team 1 (N/S),83,37,17,♦,finished,2026-05-17T19:27:11.360022+00:00
4472,INPROC_A97C90,1,10,team1,Team 1 (N/S),81,39,30,♠,finished,2026-05-17T19:27:11.375568+00:00
4473,INPROC_360434,1,10,team1,Team 1 (N/S),108,12,27,♥,finished,2026-05-17T19:27:11.391244+00:00
4474,INPROC_2E3B8D,1,10,team2,Team 2 (E/W),45,75,21,♥,finished,2026-05-17T19:27:11.409547+00:00
4475,INPROC_E56C43,1,10,team1,Team 1 (N/S),70,50,30,♠,finished,2026-05-17T19:27:11.428769+00:00
4476,INPROC_535F53,1,10,team1,Team 1 (N/S),71,49,10,♦,finished,2026-05-17T19:27:11.444178+00:00
4477,INPROC_DC32F0,1,10,team2,Team 2 (E/W),48,72,10,♦,finished,2026-05-17T19:27:11.462021+00:00
4478,INPROC_812FC0,1,10,team2,Team 2 (E/W),51,69,18,♦,finished,2026-05-17T19:27:11.479361+00:00
4479,INPROC_B1CBE9,1,10,team2,Team 2 (E/W),30,90,29,♥,finished,2026-05-17T19:27:11.499460+00:00
4480,INPROC_F6C7D6,1,10,team1,Team 1 (N/S),64,56,14,♦,finished,2026-05-17T19:27:11.518677+00:00
4481,INPROC_D48AC1,1,10,team1,Team 1 (N/S),83,37,15,♦,finished,2026-05-17T19:27:11.532386+00:00
4482,INPROC_4F264F,1,10,team2,Team 2 (E/W),36,84,2,♣,finished,2026-05-17T19:27:11.553029+00:00
4483,INPROC_A73791,1,10,team1,Team 1 (N/S),80,40,37,♠,finished,2026-05-17T19:27:11.564548+00:00
4484,INPROC_4F0A85,1,10,team1,Team 1 (N/S),91,29,16,♦,finished,2026-05-17T19:27:11.575790+00:00
4485,INPROC_5AB10A,1,10,team1,Team 1 (N/S),74,46,38,♠,finished,2026-05-17T19:27:11.590612+00:00
4486,INPROC_A05421,1,10,team2,Team 2 (E/W),59,61,19,♦,finished,2026-05-17T19:27:11.606976+00:00
4487,INPROC_81FC8D,1,10,team2,Team 2 (E/W),30,90,39,♠,finished,2026-05-17T19:27:11.628728+00:00
4488,INPROC_ED315C,1,10,team1,Team 1 (N/S),98,22,3,♣,finished,2026-05-17T19:27:11.650570+00:00
4489,INPROC_AF91BB,1,10,team2,Team 2 (E/W),24,96,16,♦,finished,2026-05-17T19:27:11.669594+00:00
4490,INPROC_2F8A71,1,10,team2,Team 2 (E/W),16,104,7,♣,finished,2026-05-17T19:27:11.686818+00:00
4491,INPROC_8AAA1F,1,10,team2,Team 2 (E/W),42,78,9,♣,finished,2026-05-17T19:27:11.701771+00:00
4492,INPROC_2D5172,1,10,team2,Team 2 (E/W),37,83,29,♥,finished,2026-05-17T19:27:11.717380+00:00
4493,INPROC_4EF52F,1,10,team2,Team 2 (E/W),32,88,15,♦,finished,2026-05-17T19:27:11.733002+00:00
4494,INPROC_3C004C,1,10,team1,Team 1 (N/S),104,16,31,♠,finished,2026-05-17T19:27:11.751529+00:00
4495,INPROC_86874F,1,10,team1,Team 1 (N/S),67,53,18,♦,finished,2026-05-17T19:27:11.767537+00:00
4496,INPROC_7E10BD,1,10,team1,Team 1 (N/S),62,58,9,♣,finished,2026-05-17T19:27:11.785820+00:00
4497,INPROC_BE56D5,1,10,team2,Team 2 (E/W),46,74,13,♦,finished,2026-05-17T19:27:11.797711+00:00
4498,INPROC_03834D,1,10,team2,Team 2 (E/W),32,88,29,♥,finished,2026-05-17T19:27:11.814821+00:00
4499,INPROC_B02D95,1,10,team2,Team 2 (E/W),0,120,6,♣,finished,2026-05-17T19:27:11.827546+00:00
4500,INPROC_647AE0,1,10,team2,Team 2 (E/W),58,62,28,♥,finished,2026-05-17T19:27:11.838268+00:00
4501,INPROC_0DF9F5,1,10,team2,Team 2 (E/W),50,70,13,♦,finished,2026-05-17T19:27:11.854014+00:00
4502,INPROC_2788CD,1,10,team1,Team 1 (N/S),68,52,1,♣,finished,2026-05-17T19:27:11.870589+00:00
4503,INPROC_2510A6,1,10,team1,Team 1 (N/S),64,56,9,♣,finished,2026-05-17T19:27:11.888077+00:00
4504,INPROC_6FC1FA,1,10,team2,Team 2 (E/W),56,64,34,♠,finished,2026-05-17T19:27:11.905712+00:00
4505,INPROC_93C126,1,10,team1,Team 1 (N/S),65,55,38,♠,finished,2026-05-17T19:27:11.923510+00:00
4506,INPROC_06117D,1,10,team2,Team 2 (E/W),52,68,2,♣,finished,2026-05-17T19:27:11.941407+00:00
4507,INPROC_08AFC4,1,10,team1,Team 1 (N/S),61,59,6,♣,finished,2026-05-17T19:27:11.959681+00:00
4508,INPROC_7EDD19,1,10,team2,Team 2 (E/W),26,94,20,♥,finished,2026-05-17T19:27:11.977058+00:00
4509,INPROC_22835B,1,10,team2,Team 2 (E/W),55,65,17,♦,finished,2026-05-17T19:27:11.997162+00:00
4510,INPROC_2AB5E5,1,10,team1,Team 1 (N/S),65,55,9,♣,finished,2026-05-17T19:27:12.012503+00:00
4511,INPROC_CB9CEC,1,10,draw,draw,60,60,1,♣,finished,2026-05-17T19:27:12.029473+00:00
4512,INPROC_B2ABB6,1,10,team2,Team 2 (E/W),43,77,35,♠,finished,2026-05-17T19:27:12.046182+00:00
4513,INPROC_AE1E8F,1,10,team1,Team 1 (N/S),65,55,34,♠,finished,2026-05-17T19:27:12.066472+00:00
4514,INPROC_47F0B8,1,10,team2,Team 2 (E/W),53,67,4,♣,finished,2026-05-17T19:27:12.083728+00:00
4515,INPROC_0B34F1,1,10,team2,Team 2 (E/W),33,87,37,♠,finished,2026-05-17T19:27:12.099761+00:00
4516,INPROC_E1C3B0,1,10,team2,Team 2 (E/W),33,87,10,♦,finished,2026-05-17T19:27:12.113399+00:00
4517,INPROC_8D5010,1,10,team1,Team 1 (N/S),65,55,11,♦,finished,2026-05-17T19:27:12.129726+00:00
4518,INPROC_7F234D,1,10,team2,Team 2 (E/W),43,77,8,♣,finished,2026-05-17T19:27:12.147746+00:00
4519,INPROC_8E03FA,1,10,team2,Team 2 (E/W),25,95,39,♠,finished,2026-05-17T19:27:12.164466+00:00
4520,INPROC_B85A7D,1,10,team1,Team 1 (N/S),67,53,34,♠,finished,2026-05-17T19:27:12.181386+00:00
4521,INPROC_2B9C32,1,10,team2,Team 2 (E/W),33,87,10,♦,finished,2026-05-17T19:27:12.199496+00:00
4522,INPROC_7BADA5,1,10,team2,Team 2 (E/W),30,90,1,♣,finished,2026-05-17T19:27:12.217637+00:00
4523,INPROC_D8B45E,1,10,team2,Team 2 (E/W),57,63,13,♦,finished,2026-05-17T19:27:12.235524+00:00
4524,INPROC_720D4D,1,10,team1,Team 1 (N/S),103,17,24,♥,finished,2026-05-17T19:27:12.255094+00:00
4525,INPROC_A3BA90,1,10,team2,Team 2 (E/W),36,84,36,♠,finished,2026-05-17T19:27:12.272305+00:00
4526,INPROC_E72940,1,10,team1,Team 1 (N/S),82,38,20,♥,finished,2026-05-17T19:27:12.291627+00:00
4527,INPROC_379F7C,1,10,team1,Team 1 (N/S),116,4,15,♦,finished,2026-05-17T19:27:12.308870+00:00
4528,INPROC_085A8E,1,10,team1,Team 1 (N/S),83,37,12,♦,finished,2026-05-17T19:27:12.327262+00:00
4529,INPROC_61F128,1,10,team2,Team 2 (E/W),42,78,34,♠,finished,2026-05-17T19:27:12.348185+00:00
4530,INPROC_F2EE61,1,10,team1,Team 1 (N/S),71,49,29,♥,finished,2026-05-17T19:27:12.363389+00:00
4531,INPROC_0C846F,1,10,team1,Team 1 (N/S),85,35,38,♠,finished,2026-05-17T19:27:12.380015+00:00
4532,INPROC_6CD6F3,1,10,team2,Team 2 (E/W),48,72,28,♥,finished,2026-05-17T19:27:12.398241+00:00
4533,INPROC_4D5E46,1,10,team2,Team 2 (E/W),52,68,23,♥,finished,2026-05-17T19:27:12.416633+00:00
4534,INPROC_BE2F8B,1,10,team2,Team 2 (E/W),26,94,23,♥,finished,2026-05-17T19:27:12.434752+00:00
4535,INPROC_757E38,1,10,team2,Team 2 (E/W),59,61,2,♣,finished,2026-05-17T19:27:12.454515+00:00
4536,INPROC_C12C67,1,10,team1,Team 1 (N/S),67,53,35,♠,finished,2026-05-17T19:27:12.472372+00:00
4537,INPROC_076758,1,10,team1,Team 1 (N/S),74,46,33,♠,finished,2026-05-17T19:27:12.488339+00:00
4538,INPROC_A27073,1,10,team1,Team 1 (N/S),75,45,1,♣,finished,2026-05-17T19:27:12.507050+00:00
4539,INPROC_9D18BA,1,10,team2,Team 2 (E/W),49,71,8,♣,finished,2026-05-17T19:27:12.526877+00:00
4540,INPROC_97F608,1,10,team1,Team 1 (N/S),105,15,22,♥,finished,2026-05-17T19:27:12.544872+00:00
4541,INPROC_3E92E7,1,10,team1,Team 1 (N/S),72,48,17,♦,finished,2026-05-17T19:27:12.559703+00:00
4542,INPROC_94516C,1,10,team1,Team 1 (N/S),92,28,8,♣,finished,2026-05-17T19:27:12.580140+00:00
4543,INPROC_E8EE23,1,10,team1,Team 1 (N/S),72,48,28,♥,finished,2026-05-17T19:27:12.600080+00:00
4544,INPROC_BEE5F3,1,10,draw,draw,60,60,18,♦,finished,2026-05-17T19:27:12.619738+00:00
4545,INPROC_862299,1,10,team2,Team 2 (E/W),44,76,9,♣,finished,2026-05-17T19:27:12.634220+00:00
4546,INPROC_00F98E,1,10,team2,Team 2 (E/W),41,79,39,♠,finished,2026-05-17T19:27:12.650194+00:00
4547,INPROC_D9E14F,1,10,team2,Team 2 (E/W),34,86,28,♥,finished,2026-05-17T19:27:12.671028+00:00
4548,INPROC_A488D1,1,10,team1,Team 1 (N/S),64,56,23,♥,finished,2026-05-17T19:27:12.688615+00:00
4549,INPROC_C8A855,1,10,team2,Team 2 (E/W),18,102,32,♠,finished,2026-05-17T19:27:12.708556+00:00
4550,INPROC_DA629D,1,10,team2,Team 2 (E/W),52,68,25,♥,finished,2026-05-17T19:27:12.727689+00:00
4551,INPROC_480569,1,10,team2,Team 2 (E/W),30,90,33,♠,finished,2026-05-17T19:27:12.749052+00:00
4552,INPROC_FE2074,1,10,team1,Team 1 (N/S),65,55,30,♠,finished,2026-05-17T19:27:12.767083+00:00
4553,INPROC_89E094,1,10,team2,Team 2 (E/W),45,75,15,♦,finished,2026-05-17T19:27:12.784489+00:00
4554,INPROC_77FF94,1,10,team2,Team 2 (E/W),55,65,15,♦,finished,2026-05-17T19:27:12.802536+00:00
4555,INPROC_0C37D4,1,10,team2,Team 2 (E/W),54,66,6,♣,finished,2026-05-17T19:27:12.822152+00:00
4556,INPROC_31DB45,1,10,team1,Team 1 (N/S),69,51,33,♠,finished,2026-05-17T19:27:12.836473+00:00
4557,INPROC_7A1D56,1,10,team1,Team 1 (N/S),74,46,26,♥,finished,2026-05-17T19:27:12.857045+00:00
4558,INPROC_E957E0,1,10,team2,Team 2 (E/W),41,79,35,♠,finished,2026-05-17T19:27:12.874888+00:00
4559,INPROC_75AF6A,1,10,team2,Team 2 (E/W),44,76,1,♣,finished,2026-05-17T19:27:12.891421+00:00
4560,INPROC_D51806,1,10,team2,Team 2 (E/W),51,69,37,♠,finished,2026-05-17T19:27:12.903050+00:00
4561,INPROC_F63B18,1,10,team2,Team 2 (E/W),55,65,8,♣,finished,2026-05-17T19:27:12.914687+00:00
4562,INPROC_7784C6,1,10,team2,Team 2 (E/W),40,80,36,♠,finished,2026-05-17T19:27:12.931727+00:00
4563,INPROC_1F23C5,1,10,team1,Team 1 (N/S),80,40,10,♦,finished,2026-05-17T19:27:12.950878+00:00
4564,INPROC_00C36D,1,10,team1,Team 1 (N/S),73,47,15,♦,finished,2026-05-17T19:27:12.969416+00:00
4565,INPROC_DAA013,1,10,team1,Team 1 (N/S),106,14,33,♠,finished,2026-05-17T19:27:12.984691+00:00
4566,INPROC_0118D6,1,10,team2,Team 2 (E/W),24,96,29,♥,finished,2026-05-17T19:27:13.001627+00:00
4567,INPROC_86A1B5,1,10,team2,Team 2 (E/W),43,77,1,♣,finished,2026-05-17T19:27:13.020082+00:00
4568,INPROC_856135,1,10,team2,Team 2 (E/W),58,62,32,♠,finished,2026-05-17T19:27:13.038748+00:00
4569,INPROC_7ACF55,1,10,team1,Team 1 (N/S),86,34,6,♣,finished,2026-05-17T19:27:13.055038+00:00
4570,INPROC_F90C6F,1,10,team2,Team 2 (E/W),58,62,6,♣,finished,2026-05-17T19:27:13.072096+00:00
4571,INPROC_8A487B,1,10,team2,Team 2 (E/W),33,87,37,♠,finished,2026-05-17T19:27:13.090742+00:00
4572,INPROC_463CF0,1,10,team1,Team 1 (N/S),77,43,18,♦,finished,2026-05-17T19:27:13.107579+00:00
4573,INPROC_BDF5BA,1,10,team2,Team 2 (E/W),50,70,36,♠,finished,2026-05-17T19:27:13.124435+00:00
4574,INPROC_ACBFB5,1,10,team1,Team 1 (N/S),109,11,2,♣,finished,2026-05-17T19:27:13.141335+00:00
4575,INPROC_4E0AAF,1,10,team1,Team 1 (N/S),62,58,28,♥,finished,2026-05-17T19:27:13.155312+00:00
4576,INPROC_D75F80,1,10,team2,Team 2 (E/W),13,107,15,♦,finished,2026-05-17T19:27:13.170457+00:00
4577,INPROC_1FB5F1,1,10,team1,Team 1 (N/S),64,56,36,♠,finished,2026-05-17T19:27:13.186389+00:00
4578,INPROC_048434,1,10,team2,Team 2 (E/W),20,100,33,♠,finished,2026-05-17T19:27:13.204472+00:00
4579,INPROC_54A52D,1,10,team1,Team 1 (N/S),77,43,12,♦,finished,2026-05-17T19:27:13.223381+00:00
4580,INPROC_56DB9E,1,10,team1,Team 1 (N/S),64,56,19,♦,finished,2026-05-17T19:27:13.243056+00:00
4581,INPROC_2924DE,1,10,team1,Team 1 (N/S),79,41,5,♣,finished,2026-05-17T19:27:13.263108+00:00
4582,INPROC_961880,1,10,team2,Team 2 (E/W),17,103,30,♠,finished,2026-05-17T19:27:13.281767+00:00
4583,INPROC_15B353,1,10,team1,Team 1 (N/S),77,43,7,♣,finished,2026-05-17T19:27:13.298390+00:00
4584,INPROC_55110D,1,10,team2,Team 2 (E/W),55,65,15,♦,finished,2026-05-17T19:27:13.314814+00:00
4585,INPROC_121733,1,10,team1,Team 1 (N/S),80,40,35,♠,finished,2026-05-17T19:27:13.330625+00:00
4586,INPROC_C4E40D,1,10,team1,Team 1 (N/S),76,44,15,♦,finished,2026-05-17T19:27:13.346461+00:00
4587,INPROC_3C7339,1,10,team1,Team 1 (N/S),76,44,22,♥,finished,2026-05-17T19:27:13.362418+00:00
4588,INPROC_9EE1D2,1,10,team1,Team 1 (N/S),99,21,34,♠,finished,2026-05-17T19:27:13.378537+00:00
4589,INPROC_981D26,1,10,team2,Team 2 (E/W),55,65,0,♣,finished,2026-05-17T19:27:13.389725+00:00
4590,INPROC_B60E54,1,10,team1,Team 1 (N/S),71,49,10,♦,finished,2026-05-17T19:27:13.407307+00:00
4591,INPROC_8EE386,1,10,team1,Team 1 (N/S),96,24,15,♦,finished,2026-05-17T19:27:13.420292+00:00
4592,INPROC_3F7039,1,10,team2,Team 2 (E/W),14,106,29,♥,finished,2026-05-17T19:27:13.433667+00:00
4593,INPROC_444F55,1,10,team2,Team 2 (E/W),21,99,7,♣,finished,2026-05-17T19:27:13.443435+00:00
4594,INPROC_7092C2,1,10,team1,Team 1 (N/S),111,9,28,♥,finished,2026-05-17T19:27:13.460852+00:00
4595,INPROC_3F2154,1,10,team1,Team 1 (N/S),74,46,3,♣,finished,2026-05-17T19:27:13.475052+00:00
4596,INPROC_5B0F2D,1,10,team2,Team 2 (E/W),17,103,29,♥,finished,2026-05-17T19:27:13.492516+00:00
4597,INPROC_F38EFE,1,10,team1,Team 1 (N/S),84,36,30,♠,finished,2026-05-17T19:27:13.510251+00:00
4598,INPROC_152B9E,1,10,team1,Team 1 (N/S),72,48,0,♣,finished,2026-05-17T19:27:13.529216+00:00
4599,INPROC_94B668,1,10,team1,Team 1 (N/S),73,47,23,♥,finished,2026-05-17T19:27:13.546650+00:00
4600,INPROC_6DF6B5,1,10,team2,Team 2 (E/W),34,86,15,♦,finished,2026-05-17T19:27:13.561481+00:00
4601,INPROC_5DB12D,1,10,team1,Team 1 (N/S),62,58,38,♠,finished,2026-05-17T19:27:13.577990+00:00
4602,INPROC_56FFE7,1,10,team2,Team 2 (E/W),41,79,7,♣,finished,2026-05-17T19:27:13.592778+00:00
4603,INPROC_76CA7A,1,10,team1,Team 1 (N/S),67,53,6,♣,finished,2026-05-17T19:27:13.608720+00:00
4604,INPROC_43AD16,1,10,team2,Team 2 (E/W),49,71,38,♠,finished,2026-05-17T19:27:13.626038+00:00
4605,INPROC_4A9D9C,1,10,team2,Team 2 (E/W),51,69,11,♦,finished,2026-05-17T19:27:13.643585+00:00
4606,INPROC_251E4A,1,10,team2,Team 2 (E/W),14,106,35,♠,finished,2026-05-17T19:27:13.662350+00:00
4607,INPROC_B040FE,1,10,team2,Team 2 (E/W),39,81,29,♥,finished,2026-05-17T19:27:13.678616+00:00
4608,INPROC_257204,1,10,team1,Team 1 (N/S),79,41,26,♥,finished,2026-05-17T19:27:13.692069+00:00
4609,INPROC_581DC9,1,10,team2,Team 2 (E/W),45,75,26,♥,finished,2026-05-17T19:27:13.703939+00:00
4610,INPROC_2CA322,1,10,team1,Team 1 (N/S),68,52,5,♣,finished,2026-05-17T19:27:13.720246+00:00
4611,INPROC_7EF702,1,10,team2,Team 2 (E/W),11,109,5,♣,finished,2026-05-17T19:27:13.739824+00:00
4612,INPROC_BCCFBD,1,10,team2,Team 2 (E/W),38,82,18,♦,finished,2026-05-17T19:27:13.756149+00:00
4613,INPROC_ABD0EF,1,10,team2,Team 2 (E/W),17,103,15,♦,finished,2026-05-17T19:27:13.772776+00:00
4614,INPROC_A3FDAC,1,10,team2,Team 2 (E/W),51,69,4,♣,finished,2026-05-17T19:27:13.788761+00:00
4615,INPROC_E3E358,1,10,team2,Team 2 (E/W),14,106,20,♥,finished,2026-05-17T19:27:13.804269+00:00
4616,INPROC_BE118E,1,10,team1,Team 1 (N/S),62,58,5,♣,finished,2026-05-17T19:27:13.821686+00:00
4617,INPROC_5A9ED5,1,10,team2,Team 2 (E/W),56,64,21,♥,finished,2026-05-17T19:27:13.836374+00:00
4618,INPROC_1DA020,1,10,team1,Team 1 (N/S),62,58,30,♠,finished,2026-05-17T19:27:13.853838+00:00
4619,INPROC_0FEC5F,1,10,team2,Team 2 (E/W),30,90,10,♦,finished,2026-05-17T19:27:13.873379+00:00
4620,INPROC_2BA8D8,1,10,team2,Team 2 (E/W),54,66,28,♥,finished,2026-05-17T19:27:13.888644+00:00
4621,INPROC_BFC67D,1,10,team1,Team 1 (N/S),89,31,39,♠,finished,2026-05-17T19:27:13.904584+00:00
4622,INPROC_05EB78,1,10,team2,Team 2 (E/W),41,79,5,♣,finished,2026-05-17T19:27:13.920182+00:00
4623,INPROC_8B7D8D,1,10,team2,Team 2 (E/W),43,77,15,♦,finished,2026-05-17T19:27:13.933344+00:00
4624,INPROC_EB21C8,1,10,team1,Team 1 (N/S),109,11,2,♣,finished,2026-05-17T19:27:13.950964+00:00
4625,INPROC_240DD8,1,10,team2,Team 2 (E/W),25,95,25,♥,finished,2026-05-17T19:27:13.965283+00:00
4626,INPROC_1499BE,1,10,draw,draw,60,60,23,♥,finished,2026-05-17T19:27:13.977389+00:00
4627,INPROC_67A173,1,10,team2,Team 2 (E/W),42,78,28,♥,finished,2026-05-17T19:27:13.994069+00:00
4628,INPROC_2ECD62,1,10,team2,Team 2 (E/W),45,75,28,♥,finished,2026-05-17T19:27:14.012407+00:00
4629,INPROC_6B0232,1,10,team1,Team 1 (N/S),74,46,36,♠,finished,2026-05-17T19:27:14.030171+00:00
4630,INPROC_3110AC,1,10,team2,Team 2 (E/W),37,83,11,♦,finished,2026-05-17T19:27:14.045020+00:00
4631,INPROC_8AFA70,1,10,team1,Team 1 (N/S),70,50,34,♠,finished,2026-05-17T19:27:14.058434+00:00
4632,INPROC_5BF5CF,1,10,team1,Team 1 (N/S),90,30,4,♣,finished,2026-05-17T19:27:14.073093+00:00
4633,INPROC_8514E3,1,10,team2,Team 2 (E/W),46,74,39,♠,finished,2026-05-17T19:27:14.089745+00:00
4634,INPROC_3FC2D8,1,10,team2,Team 2 (E/W),21,99,20,♥,finished,2026-05-17T19:27:14.105771+00:00
4635,INPROC_E1DFC0,1,10,team1,Team 1 (N/S),64,56,23,♥,finished,2026-05-17T19:27:14.123703+00:00
4636,INPROC_BDAEA2,1,10,team2,Team 2 (E/W),20,100,13,♦,finished,2026-05-17T19:27:14.141182+00:00
4637,INPROC_C9804F,1,10,team2,Team 2 (E/W),49,71,29,♥,finished,2026-05-17T19:27:14.158898+00:00
4638,INPROC_A41416,1,10,team2,Team 2 (E/W),38,82,29,♥,finished,2026-05-17T19:27:14.176699+00:00
4639,INPROC_53EAEA,1,10,team2,Team 2 (E/W),12,108,8,♣,finished,2026-05-17T19:27:14.195399+00:00
4640,INPROC_E6F09F,1,10,team1,Team 1 (N/S),75,45,27,♥,finished,2026-05-17T19:27:14.214099+00:00
4641,INPROC_149343,1,10,team2,Team 2 (E/W),35,85,18,♦,finished,2026-05-17T19:27:14.227419+00:00
4642,INPROC_17F2C9,1,10,team2,Team 2 (E/W),43,77,34,♠,finished,2026-05-17T19:27:14.242317+00:00
4643,INPROC_BB761D,1,10,team1,Team 1 (N/S),62,58,35,♠,finished,2026-05-17T19:27:14.260083+00:00
4644,INPROC_58F1BE,1,10,team2,Team 2 (E/W),41,79,29,♥,finished,2026-05-17T19:27:14.276574+00:00
4645,INPROC_3008D9,1,10,team1,Team 1 (N/S),64,56,14,♦,finished,2026-05-17T19:27:14.293548+00:00
4646,INPROC_4DA1F4,1,10,team2,Team 2 (E/W),58,62,25,♥,finished,2026-05-17T19:27:14.311968+00:00
4647,INPROC_9047EC,1,10,draw,draw,60,60,35,♠,finished,2026-05-17T19:27:14.326156+00:00
4648,INPROC_9AD80A,1,10,team2,Team 2 (E/W),7,113,29,♥,finished,2026-05-17T19:27:14.343920+00:00
4649,INPROC_C70FF6,1,10,team1,Team 1 (N/S),76,44,23,♥,finished,2026-05-17T19:27:14.360520+00:00
4650,INPROC_51E92A,1,10,team1,Team 1 (N/S),101,19,27,♥,finished,2026-05-17T19:27:14.389013+00:00
4651,INPROC_9734B4,1,10,team2,Team 2 (E/W),4,116,16,♦,finished,2026-05-17T19:27:14.407160+00:00
4652,INPROC_56E3DB,1,10,team1,Team 1 (N/S),70,50,25,♥,finished,2026-05-17T19:27:14.433739+00:00
4653,INPROC_CFB376,1,10,team1,Team 1 (N/S),86,34,23,♥,finished,2026-05-17T19:27:14.458565+00:00
4654,INPROC_9FFF4F,1,10,team2,Team 2 (E/W),44,76,19,♦,finished,2026-05-17T19:27:14.478800+00:00
4655,INPROC_0A848D,1,10,team2,Team 2 (E/W),59,61,32,♠,finished,2026-05-17T19:27:14.493170+00:00
4656,INPROC_94AB4A,1,10,team2,Team 2 (E/W),52,68,15,♦,finished,2026-05-17T19:27:14.504939+00:00
4657,INPROC_A67DBE,1,10,team2,Team 2 (E/W),44,76,28,♥,finished,2026-05-17T19:27:14.522336+00:00
4658,INPROC_FEF1D8,1,10,team1,Team 1 (N/S),94,26,17,♦,finished,2026-05-17T19:27:14.539999+00:00
4659,INPROC_D092A5,1,10,team1,Team 1 (N/S),61,59,25,♥,finished,2026-05-17T19:27:14.555319+00:00
4660,INPROC_D76A8E,1,10,team2,Team 2 (E/W),56,64,31,♠,finished,2026-05-17T19:27:14.572653+00:00
4661,INPROC_313FA2,1,10,team2,Team 2 (E/W),47,73,18,♦,finished,2026-05-17T19:27:14.588842+00:00
4662,INPROC_F2DE5A,1,10,team2,Team 2 (E/W),56,64,30,♠,finished,2026-05-17T19:27:14.605141+00:00
4663,INPROC_BED918,1,10,team1,Team 1 (N/S),65,55,21,♥,finished,2026-05-17T19:27:14.621544+00:00
4664,INPROC_227BCB,1,10,team2,Team 2 (E/W),21,99,32,♠,finished,2026-05-17T19:27:14.637489+00:00
4665,INPROC_B093F0,1,10,team2,Team 2 (E/W),32,88,19,♦,finished,2026-05-17T19:27:14.654787+00:00
4666,INPROC_D7F0BF,1,10,team1,Team 1 (N/S),95,25,28,♥,finished,2026-05-17T19:27:14.671793+00:00
4667,INPROC_162591,1,10,team2,Team 2 (E/W),21,99,16,♦,finished,2026-05-17T19:27:14.690693+00:00
4668,INPROC_54A8EF,1,10,team2,Team 2 (E/W),45,75,26,♥,finished,2026-05-17T19:27:14.710226+00:00
4669,INPROC_249098,1,10,team2,Team 2 (E/W),42,78,13,♦,finished,2026-05-17T19:27:14.728959+00:00
4670,INPROC_C5E1EB,1,10,team1,Team 1 (N/S),83,37,10,♦,finished,2026-05-17T19:27:14.750330+00:00
4671,INPROC_1D27FA,1,10,team2,Team 2 (E/W),57,63,37,♠,finished,2026-05-17T19:27:14.765563+00:00
4672,INPROC_109392,1,10,team2,Team 2 (E/W),40,80,27,♥,finished,2026-05-17T19:27:14.777541+00:00
4673,INPROC_CA81C1,1,10,team2,Team 2 (E/W),52,68,32,♠,finished,2026-05-17T19:27:14.790687+00:00
4674,INPROC_891077,1,10,team2,Team 2 (E/W),25,95,28,♥,finished,2026-05-17T19:27:14.810681+00:00
4675,INPROC_309B76,1,10,team2,Team 2 (E/W),42,78,16,♦,finished,2026-05-17T19:27:14.828781+00:00
4676,INPROC_219990,1,10,team2,Team 2 (E/W),57,63,12,♦,finished,2026-05-17T19:27:14.848857+00:00
4677,INPROC_4A7DBF,1,10,team1,Team 1 (N/S),71,49,25,♥,finished,2026-05-17T19:27:14.867259+00:00
4678,INPROC_8CC421,1,10,team1,Team 1 (N/S),70,50,20,♥,finished,2026-05-17T19:27:14.883873+00:00
4679,INPROC_28B22F,1,10,team2,Team 2 (E/W),51,69,20,♥,finished,2026-05-17T19:27:14.899653+00:00
4680,INPROC_194E91,1,10,team2,Team 2 (E/W),46,74,13,♦,finished,2026-05-17T19:27:14.917310+00:00
4681,INPROC_684403,1,10,team2,Team 2 (E/W),59,61,37,♠,finished,2026-05-17T19:27:14.936762+00:00
4682,INPROC_07A486,1,10,team2,Team 2 (E/W),3,117,37,♠,finished,2026-05-17T19:27:14.967428+00:00
4683,INPROC_A2AF5E,1,10,team1,Team 1 (N/S),85,35,31,♠,finished,2026-05-17T19:27:14.988247+00:00
4684,INPROC_233F79,1,10,team2,Team 2 (E/W),17,103,21,♥,finished,2026-05-17T19:27:15.007503+00:00
4685,INPROC_1FC666,1,10,team2,Team 2 (E/W),59,61,35,♠,finished,2026-05-17T19:27:15.022920+00:00
4686,INPROC_ECCC10,1,10,team1,Team 1 (N/S),61,59,7,♣,finished,2026-05-17T19:27:15.035986+00:00
4687,INPROC_C1C5E1,1,10,team1,Team 1 (N/S),110,10,36,♠,finished,2026-05-17T19:27:15.054230+00:00
4688,INPROC_29B73B,1,10,team2,Team 2 (E/W),17,103,29,♥,finished,2026-05-17T19:27:15.071390+00:00
4689,INPROC_F146BE,1,10,team1,Team 1 (N/S),65,55,14,♦,finished,2026-05-17T19:27:15.089481+00:00
4690,INPROC_7475B8,1,10,team2,Team 2 (E/W),18,102,20,♥,finished,2026-05-17T19:27:15.104062+00:00
4691,INPROC_79B7B9,1,10,team1,Team 1 (N/S),66,54,15,♦,finished,2026-05-17T19:27:15.123702+00:00
4692,INPROC_8A11F4,1,10,team2,Team 2 (E/W),31,89,17,♦,finished,2026-05-17T19:27:15.140492+00:00
4693,INPROC_40FC20,1,10,team2,Team 2 (E/W),32,88,32,♠,finished,2026-05-17T19:27:15.156621+00:00
4694,INPROC_086283,1,10,team1,Team 1 (N/S),78,42,8,♣,finished,2026-05-17T19:27:15.174627+00:00
4695,INPROC_B82C2C,1,10,team2,Team 2 (E/W),39,81,12,♦,finished,2026-05-17T19:27:15.191925+00:00
4696,INPROC_823346,1,10,team2,Team 2 (E/W),26,94,33,♠,finished,2026-05-17T19:27:15.211369+00:00
4697,INPROC_3837EC,1,10,team2,Team 2 (E/W),35,85,25,♥,finished,2026-05-17T19:27:15.230354+00:00
4698,INPROC_25F9CB,1,10,team1,Team 1 (N/S),86,34,36,♠,finished,2026-05-17T19:27:15.250192+00:00
4699,INPROC_5B84B1,1,10,team1,Team 1 (N/S),87,33,19,♦,finished,2026-05-17T19:27:15.268341+00:00
4700,INPROC_ECD0F3,1,10,team1,Team 1 (N/S),76,44,24,♥,finished,2026-05-17T19:27:15.285422+00:00
4701,INPROC_4F3270,1,10,team2,Team 2 (E/W),46,74,25,♥,finished,2026-05-17T19:27:15.296807+00:00
4702,INPROC_1486EC,1,10,team2,Team 2 (E/W),26,94,34,♠,finished,2026-05-17T19:27:15.310282+00:00
4703,INPROC_E4915A,1,10,team2,Team 2 (E/W),25,95,34,♠,finished,2026-05-17T19:27:15.325295+00:00
4704,INPROC_53E480,1,10,team2,Team 2 (E/W),25,95,3,♣,finished,2026-05-17T19:27:15.344654+00:00
4705,INPROC_94B67F,1,10,team2,Team 2 (E/W),55,65,8,♣,finished,2026-05-17T19:27:15.360088+00:00
4706,INPROC_FF43B9,1,10,team2,Team 2 (E/W),30,90,13,♦,finished,2026-05-17T19:27:15.375791+00:00
4707,INPROC_C2E932,1,10,team2,Team 2 (E/W),27,93,13,♦,finished,2026-05-17T19:27:15.392958+00:00
4708,INPROC_60221F,1,10,team1,Team 1 (N/S),89,31,31,♠,finished,2026-05-17T19:27:15.408573+00:00
4709,INPROC_80EBA8,1,10,team2,Team 2 (E/W),22,98,11,♦,finished,2026-05-17T19:27:15.424618+00:00
4710,INPROC_03F4AE,1,10,team1,Team 1 (N/S),70,50,8,♣,finished,2026-05-17T19:27:15.442290+00:00
4711,INPROC_0D6FA4,1,10,team1,Team 1 (N/S),106,14,37,♠,finished,2026-05-17T19:27:15.459413+00:00
4712,INPROC_C21E88,1,10,team2,Team 2 (E/W),59,61,0,♣,finished,2026-05-17T19:27:15.475770+00:00
4713,INPROC_219F81,1,10,team2,Team 2 (E/W),56,64,6,♣,finished,2026-05-17T19:27:15.492906+00:00
4714,INPROC_8F1521,1,10,team2,Team 2 (E/W),52,68,7,♣,finished,2026-05-17T19:27:15.510920+00:00
4715,INPROC_D42B5E,1,10,team2,Team 2 (E/W),27,93,8,♣,finished,2026-05-17T19:27:15.529906+00:00
4716,INPROC_B3B581,1,10,draw,draw,60,60,27,♥,finished,2026-05-17T19:27:15.547670+00:00
4717,INPROC_98E671,1,10,team2,Team 2 (E/W),23,97,29,♥,finished,2026-05-17T19:27:15.562402+00:00
4718,INPROC_B67625,1,10,team2,Team 2 (E/W),28,92,22,♥,finished,2026-05-17T19:27:15.578159+00:00
4719,INPROC_5F1B67,1,10,team2,Team 2 (E/W),37,83,17,♦,finished,2026-05-17T19:27:15.590153+00:00
4720,INPROC_CA0770,1,10,team2,Team 2 (E/W),3,117,15,♦,finished,2026-05-17T19:27:15.605721+00:00
4721,INPROC_1200AD,1,10,team2,Team 2 (E/W),55,65,15,♦,finished,2026-05-17T19:27:15.623510+00:00
4722,INPROC_9F11FE,1,10,team2,Team 2 (E/W),26,94,30,♠,finished,2026-05-17T19:27:15.640927+00:00
4723,INPROC_75F117,1,10,team1,Team 1 (N/S),80,40,32,♠,finished,2026-05-17T19:27:15.653919+00:00
4724,INPROC_35F8AD,1,10,team2,Team 2 (E/W),53,67,29,♥,finished,2026-05-17T19:27:15.672594+00:00
4725,INPROC_593B63,1,10,team2,Team 2 (E/W),47,73,9,♣,finished,2026-05-17T19:27:15.689690+00:00
4726,INPROC_31883A,1,10,team2,Team 2 (E/W),10,110,18,♦,finished,2026-05-17T19:27:15.704776+00:00
4727,INPROC_74C49A,1,10,team1,Team 1 (N/S),64,56,33,♠,finished,2026-05-17T19:27:15.720189+00:00
4728,INPROC_DD9CD0,1,10,team1,Team 1 (N/S),63,57,4,♣,finished,2026-05-17T19:27:15.737505+00:00
4729,INPROC_CAAD25,1,10,team1,Team 1 (N/S),67,53,28,♥,finished,2026-05-17T19:27:15.756628+00:00
4730,INPROC_B24BE4,1,10,team2,Team 2 (E/W),18,102,24,♥,finished,2026-05-17T19:27:15.774120+00:00
4731,INPROC_E39E75,1,10,team1,Team 1 (N/S),101,19,21,♥,finished,2026-05-17T19:27:15.790682+00:00
4732,INPROC_FF217E,1,10,team1,Team 1 (N/S),76,44,30,♠,finished,2026-05-17T19:27:15.807669+00:00
4733,INPROC_A85728,1,10,team1,Team 1 (N/S),96,24,16,♦,finished,2026-05-17T19:27:15.821974+00:00
4734,INPROC_67E0F6,1,10,team1,Team 1 (N/S),112,8,13,♦,finished,2026-05-17T19:27:15.833718+00:00
4735,INPROC_B380A1,1,10,team2,Team 2 (E/W),54,66,37,♠,finished,2026-05-17T19:27:15.848050+00:00
4736,INPROC_D1E829,1,10,team2,Team 2 (E/W),0,120,5,♣,finished,2026-05-17T19:27:15.865037+00:00
4737,INPROC_7E8A35,1,10,team1,Team 1 (N/S),77,43,6,♣,finished,2026-05-17T19:27:15.884578+00:00
4738,INPROC_FDF03F,1,10,team1,Team 1 (N/S),62,58,2,♣,finished,2026-05-17T19:27:15.904382+00:00
4739,INPROC_BB8AE7,1,10,team1,Team 1 (N/S),65,55,30,♠,finished,2026-05-17T19:27:15.924409+00:00
4740,INPROC_2983E8,1,10,team2,Team 2 (E/W),59,61,26,♥,finished,2026-05-17T19:27:15.943063+00:00
4741,INPROC_E3EE3A,1,10,team1,Team 1 (N/S),73,47,16,♦,finished,2026-05-17T19:27:15.960924+00:00
4742,INPROC_F78FFD,1,10,team1,Team 1 (N/S),71,49,38,♠,finished,2026-05-17T19:27:15.977281+00:00
4743,INPROC_804ABC,1,10,team2,Team 2 (E/W),57,63,6,♣,finished,2026-05-17T19:27:15.993415+00:00
4744,INPROC_19F7D9,1,10,team2,Team 2 (E/W),42,78,8,♣,finished,2026-05-17T19:27:16.013130+00:00
4745,INPROC_B82B93,1,10,team2,Team 2 (E/W),51,69,2,♣,finished,2026-05-17T19:27:16.034358+00:00
4746,INPROC_B44907,1,10,team1,Team 1 (N/S),70,50,10,♦,finished,2026-05-17T19:27:16.054464+00:00
4747,INPROC_A9EBEC,1,10,team2,Team 2 (E/W),47,73,34,♠,finished,2026-05-17T19:27:16.073362+00:00
4748,INPROC_9AAD5F,1,10,team1,Team 1 (N/S),71,49,9,♣,finished,2026-05-17T19:27:16.091586+00:00
4749,INPROC_AB723C,1,10,team2,Team 2 (E/W),46,74,11,♦,finished,2026-05-17T19:27:16.107860+00:00
4750,INPROC_47E662,1,10,team1,Team 1 (N/S),91,29,14,♦,finished,2026-05-17T19:27:16.117407+00:00
4751,INPROC_B7C000,1,10,team1,Team 1 (N/S),71,49,18,♦,finished,2026-05-17T19:27:16.133638+00:00
4752,INPROC_F20403,1,10,team2,Team 2 (E/W),36,84,32,♠,finished,2026-05-17T19:27:16.151264+00:00
4753,INPROC_EA93C0,1,10,team1,Team 1 (N/S),65,55,21,♥,finished,2026-05-17T19:27:16.171019+00:00
4754,INPROC_0AC6C0,1,10,team1,Team 1 (N/S),61,59,17,♦,finished,2026-05-17T19:27:16.191500+00:00
4755,INPROC_5918B0,1,10,team1,Team 1 (N/S),61,59,3,♣,finished,2026-05-17T19:27:16.210325+00:00
4756,INPROC_F285BA,1,10,team2,Team 2 (E/W),36,84,6,♣,finished,2026-05-17T19:27:16.228116+00:00
4757,INPROC_AB6C92,1,10,team2,Team 2 (E/W),19,101,32,♠,finished,2026-05-17T19:27:16.243821+00:00
4758,INPROC_FE6A3E,1,10,team2,Team 2 (E/W),49,71,38,♠,finished,2026-05-17T19:27:16.256328+00:00
4759,INPROC_21C950,1,10,team2,Team 2 (E/W),40,80,16,♦,finished,2026-05-17T19:27:16.268366+00:00
4760,INPROC_22E105,1,10,team2,Team 2 (E/W),26,94,31,♠,finished,2026-05-17T19:27:16.283614+00:00
4761,INPROC_7F7CA4,1,10,team1,Team 1 (N/S),87,33,32,♠,finished,2026-05-17T19:27:16.301139+00:00
4762,INPROC_14B99D,1,10,team2,Team 2 (E/W),47,73,6,♣,finished,2026-05-17T19:27:16.315947+00:00
4763,INPROC_B8B80A,1,10,team2,Team 2 (E/W),51,69,20,♥,finished,2026-05-17T19:27:16.332732+00:00
4764,INPROC_9295D3,1,10,team2,Team 2 (E/W),33,87,4,♣,finished,2026-05-17T19:27:16.349981+00:00
4765,INPROC_BFB260,1,10,draw,draw,60,60,27,♥,finished,2026-05-17T19:27:16.365172+00:00
4766,INPROC_5C451B,1,10,team2,Team 2 (E/W),45,75,14,♦,finished,2026-05-17T19:27:16.377902+00:00
4767,INPROC_458D71,1,10,team1,Team 1 (N/S),102,18,27,♥,finished,2026-05-17T19:27:16.391093+00:00
4768,INPROC_385719,1,10,team2,Team 2 (E/W),56,64,30,♠,finished,2026-05-17T19:27:16.405629+00:00
4769,INPROC_716C6A,1,10,team1,Team 1 (N/S),91,29,10,♦,finished,2026-05-17T19:27:16.422554+00:00
4770,INPROC_46FD7F,1,10,team1,Team 1 (N/S),82,38,14,♦,finished,2026-05-17T19:27:16.439596+00:00
4771,INPROC_CFF0D1,1,10,team1,Team 1 (N/S),68,52,31,♠,finished,2026-05-17T19:27:16.454840+00:00
4772,INPROC_80232B,1,10,team1,Team 1 (N/S),69,51,17,♦,finished,2026-05-17T19:27:16.471302+00:00
4773,INPROC_4D2121,1,10,team1,Team 1 (N/S),89,31,33,♠,finished,2026-05-17T19:27:16.488486+00:00
4774,INPROC_FB142D,1,10,team1,Team 1 (N/S),75,45,1,♣,finished,2026-05-17T19:27:16.505869+00:00
4775,INPROC_B010FF,1,10,team2,Team 2 (E/W),44,76,21,♥,finished,2026-05-17T19:27:16.525328+00:00
4776,INPROC_719D41,1,10,team2,Team 2 (E/W),57,63,4,♣,finished,2026-05-17T19:27:16.542144+00:00
4777,INPROC_4B1025,1,10,team2,Team 2 (E/W),43,77,9,♣,finished,2026-05-17T19:27:16.560268+00:00
4778,INPROC_11BF36,1,10,team1,Team 1 (N/S),83,37,34,♠,finished,2026-05-17T19:27:16.578235+00:00
4779,INPROC_E69197,1,10,team2,Team 2 (E/W),56,64,24,♥,finished,2026-05-17T19:27:16.597659+00:00
4780,INPROC_5D9D8F,1,10,team1,Team 1 (N/S),92,28,8,♣,finished,2026-05-17T19:27:16.615139+00:00
4781,INPROC_E18520,1,10,team1,Team 1 (N/S),89,31,3,♣,finished,2026-05-17T19:27:16.634144+00:00
4782,INPROC_5C2C58,1,10,team2,Team 2 (E/W),13,107,29,♥,finished,2026-05-17T19:27:16.650885+00:00
4783,INPROC_0A0011,1,10,team1,Team 1 (N/S),101,19,21,♥,finished,2026-05-17T19:27:16.664546+00:00
4784,INPROC_8CE9E0,1,10,team1,Team 1 (N/S),79,41,3,♣,finished,2026-05-17T19:27:16.681845+00:00
4785,INPROC_7342FA,1,10,team1,Team 1 (N/S),85,35,30,♠,finished,2026-05-17T19:27:16.700282+00:00
4786,INPROC_8A12EF,1,10,team1,Team 1 (N/S),94,26,14,♦,finished,2026-05-17T19:27:16.720036+00:00
4787,INPROC_87BC10,1,10,team1,Team 1 (N/S),69,51,39,♠,finished,2026-05-17T19:27:16.736135+00:00
4788,INPROC_804F77,1,10,team2,Team 2 (E/W),36,84,20,♥,finished,2026-05-17T19:27:16.753312+00:00
4789,INPROC_C99C99,1,10,team2,Team 2 (E/W),44,76,14,♦,finished,2026-05-17T19:27:16.772362+00:00
4790,INPROC_D43ACA,1,10,team1,Team 1 (N/S),63,57,37,♠,finished,2026-05-17T19:27:16.788968+00:00
4791,INPROC_4F0800,1,10,team2,Team 2 (E/W),58,62,28,♥,finished,2026-05-17T19:27:16.804533+00:00
4792,INPROC_3EEEB8,1,10,team2,Team 2 (E/W),13,107,13,♦,finished,2026-05-17T19:27:16.821447+00:00
4793,INPROC_7B90A1,1,10,team2,Team 2 (E/W),19,101,2,♣,finished,2026-05-17T19:27:16.836731+00:00
4794,INPROC_C3D461,1,10,team2,Team 2 (E/W),27,93,6,♣,finished,2026-05-17T19:27:16.849300+00:00
4795,INPROC_65DFD8,1,10,team1,Team 1 (N/S),78,42,2,♣,finished,2026-05-17T19:27:16.867253+00:00
4796,INPROC_06D7CF,1,10,team2,Team 2 (E/W),58,62,6,♣,finished,2026-05-17T19:27:16.884850+00:00
4797,INPROC_30E897,1,10,team1,Team 1 (N/S),88,32,34,♠,finished,2026-05-17T19:27:16.900818+00:00
4798,INPROC_6EFAC7,1,10,team2,Team 2 (E/W),39,81,32,♠,finished,2026-05-17T19:27:16.915969+00:00
4799,INPROC_0566AB,1,10,team2,Team 2 (E/W),29,91,27,♥,finished,2026-05-17T19:27:16.928512+00:00
4800,INPROC_382A1E,1,10,team2,Team 2 (E/W),43,77,32,♠,finished,2026-05-17T19:27:16.945117+00:00
4801,INPROC_0004A5,1,10,team1,Team 1 (N/S),86,34,3,♣,finished,2026-05-17T19:27:16.962341+00:00
4802,INPROC_CBC81D,1,10,team1,Team 1 (N/S),118,2,32,♠,finished,2026-05-17T19:27:16.978411+00:00
4803,INPROC_04C2DA,1,10,team1,Team 1 (N/S),86,34,24,♥,finished,2026-05-17T19:27:16.994082+00:00
4804,INPROC_32682B,1,10,team1,Team 1 (N/S),83,37,28,♥,finished,2026-05-17T19:27:17.012000+00:00
4805,INPROC_4CFB83,1,10,team2,Team 2 (E/W),9,111,38,♠,finished,2026-05-17T19:27:17.028344+00:00
4806,INPROC_BD5480,1,10,team2,Team 2 (E/W),34,86,16,♦,finished,2026-05-17T19:27:17.044044+00:00
4807,INPROC_0AFC08,1,10,team1,Team 1 (N/S),96,24,32,♠,finished,2026-05-17T19:27:17.054529+00:00
4808,INPROC_F4A406,1,10,team2,Team 2 (E/W),0,120,32,♠,finished,2026-05-17T19:27:17.070864+00:00
4809,INPROC_3C3A2D,1,10,team1,Team 1 (N/S),70,50,10,♦,finished,2026-05-17T19:27:17.086616+00:00
4810,INPROC_C6831D,1,10,team1,Team 1 (N/S),63,57,2,♣,finished,2026-05-17T19:27:17.103888+00:00
4811,INPROC_DFBFE0,1,10,team2,Team 2 (E/W),44,76,25,♥,finished,2026-05-17T19:27:17.120233+00:00
4812,INPROC_84E22A,1,10,team1,Team 1 (N/S),61,59,0,♣,finished,2026-05-17T19:27:17.137212+00:00
4813,INPROC_0FE921,1,10,team1,Team 1 (N/S),104,16,6,♣,finished,2026-05-17T19:27:17.153769+00:00
4814,INPROC_72D87A,1,10,team1,Team 1 (N/S),95,25,17,♦,finished,2026-05-17T19:27:17.170081+00:00
4815,INPROC_30D928,1,10,team2,Team 2 (E/W),39,81,33,♠,finished,2026-05-17T19:27:17.183612+00:00
4816,INPROC_D986B3,1,10,team2,Team 2 (E/W),28,92,14,♦,finished,2026-05-17T19:27:17.196381+00:00
4817,INPROC_6E95B4,1,10,team1,Team 1 (N/S),74,46,32,♠,finished,2026-05-17T19:27:17.214340+00:00
4818,INPROC_775E24,1,10,team1,Team 1 (N/S),84,36,37,♠,finished,2026-05-17T19:27:17.232739+00:00
4819,INPROC_52F818,1,10,team2,Team 2 (E/W),35,85,30,♠,finished,2026-05-17T19:27:17.251611+00:00
4820,INPROC_7345B1,1,10,team2,Team 2 (E/W),48,72,20,♥,finished,2026-05-17T19:27:17.266817+00:00
4821,INPROC_8FC7A9,1,10,team2,Team 2 (E/W),43,77,37,♠,finished,2026-05-17T19:27:17.284630+00:00
4822,INPROC_39A5D5,1,10,team1,Team 1 (N/S),82,38,18,♦,finished,2026-05-17T19:27:17.304518+00:00
4823,INPROC_8BB675,1,10,team2,Team 2 (E/W),54,66,13,♦,finished,2026-05-17T19:27:17.323565+00:00
4824,INPROC_1BA762,1,10,team1,Team 1 (N/S),61,59,24,♥,finished,2026-05-17T19:27:17.339760+00:00
4825,INPROC_E71272,1,10,team2,Team 2 (E/W),46,74,39,♠,finished,2026-05-17T19:27:17.355971+00:00
4826,INPROC_659512,1,10,team2,Team 2 (E/W),33,87,21,♥,finished,2026-05-17T19:27:17.372399+00:00
4827,INPROC_5EAA5F,1,10,draw,draw,60,60,33,♠,finished,2026-05-17T19:27:17.389512+00:00
4828,INPROC_1AC44B,1,10,draw,draw,60,60,10,♦,finished,2026-05-17T19:27:17.406013+00:00
4829,INPROC_6E1762,1,10,team2,Team 2 (E/W),44,76,4,♣,finished,2026-05-17T19:27:17.422712+00:00
4830,INPROC_CD2B1E,1,10,team2,Team 2 (E/W),59,61,19,♦,finished,2026-05-17T19:27:17.436469+00:00
4831,INPROC_81FFC2,1,10,team1,Team 1 (N/S),71,49,28,♥,finished,2026-05-17T19:27:17.448239+00:00
4832,INPROC_1E8A4C,1,10,team1,Team 1 (N/S),90,30,21,♥,finished,2026-05-17T19:27:17.460721+00:00
4833,INPROC_D6A723,1,10,team2,Team 2 (E/W),52,68,8,♣,finished,2026-05-17T19:27:17.474687+00:00
4834,INPROC_B757A6,1,10,team2,Team 2 (E/W),55,65,10,♦,finished,2026-05-17T19:27:17.489003+00:00
4835,INPROC_DBA88D,1,10,team1,Team 1 (N/S),68,52,24,♥,finished,2026-05-17T19:27:17.506076+00:00
4836,INPROC_3D3FA1,1,10,team1,Team 1 (N/S),67,53,26,♥,finished,2026-05-17T19:27:17.524008+00:00
4837,INPROC_601F42,1,10,team1,Team 1 (N/S),102,18,2,♣,finished,2026-05-17T19:27:17.541136+00:00
4838,INPROC_217A8B,1,10,team2,Team 2 (E/W),57,63,10,♦,finished,2026-05-17T19:27:17.560433+00:00
4839,INPROC_540C97,1,10,team1,Team 1 (N/S),120,0,23,♥,finished,2026-05-17T19:27:17.574909+00:00
4840,INPROC_4A9655,1,10,team2,Team 2 (E/W),14,106,38,♠,finished,2026-05-17T19:27:17.593062+00:00
4841,INPROC_A83CD4,1,10,team1,Team 1 (N/S),85,35,3,♣,finished,2026-05-17T19:27:17.607990+00:00
4842,INPROC_812B97,1,10,team1,Team 1 (N/S),80,40,21,♥,finished,2026-05-17T19:27:17.624827+00:00
4843,INPROC_35C14C,1,10,team2,Team 2 (E/W),33,87,10,♦,finished,2026-05-17T19:27:17.640993+00:00
4844,INPROC_326348,1,10,team2,Team 2 (E/W),43,77,13,♦,finished,2026-05-17T19:27:17.659170+00:00
4845,INPROC_5CD1D3,1,10,team2,Team 2 (E/W),30,90,10,♦,finished,2026-05-17T19:27:17.676485+00:00
4846,INPROC_FF2BE4,1,10,team1,Team 1 (N/S),67,53,21,♥,finished,2026-05-17T19:27:17.689318+00:00
4847,INPROC_68324B,1,10,team2,Team 2 (E/W),0,120,6,♣,finished,2026-05-17T19:27:17.702493+00:00
4848,INPROC_1562AF,1,10,team2,Team 2 (E/W),53,67,33,♠,finished,2026-05-17T19:27:17.713535+00:00
4849,INPROC_905299,1,10,team1,Team 1 (N/S),98,22,3,♣,finished,2026-05-17T19:27:17.730116+00:00
4850,INPROC_829A35,1,10,team1,Team 1 (N/S),84,36,28,♥,finished,2026-05-17T19:27:17.746660+00:00
4851,INPROC_4D2F58,1,10,team1,Team 1 (N/S),70,50,10,♦,finished,2026-05-17T19:27:17.763883+00:00
4852,INPROC_D3021C,1,10,team2,Team 2 (E/W),34,86,17,♦,finished,2026-05-17T19:27:17.783681+00:00
4853,INPROC_25F6CE,1,10,team2,Team 2 (E/W),17,103,31,♠,finished,2026-05-17T19:27:17.802407+00:00
4854,INPROC_7192E3,1,10,team2,Team 2 (E/W),51,69,36,♠,finished,2026-05-17T19:27:17.819894+00:00
4855,INPROC_97C659,1,10,team2,Team 2 (E/W),0,120,37,♠,finished,2026-05-17T19:27:17.836898+00:00
4856,INPROC_7A4EDE,1,10,team2,Team 2 (E/W),34,86,19,♦,finished,2026-05-17T19:27:17.854302+00:00
4857,INPROC_4F7604,1,10,team2,Team 2 (E/W),38,82,3,♣,finished,2026-05-17T19:27:17.872048+00:00
4858,INPROC_841CBA,1,10,team1,Team 1 (N/S),102,18,31,♠,finished,2026-05-17T19:27:17.888738+00:00
4859,INPROC_E66E1E,1,10,team1,Team 1 (N/S),97,23,20,♥,finished,2026-05-17T19:27:17.904311+00:00
4860,INPROC_1658F9,1,10,team2,Team 2 (E/W),43,77,25,♥,finished,2026-05-17T19:27:17.921770+00:00
4861,INPROC_DAB15F,1,10,team2,Team 2 (E/W),28,92,17,♦,finished,2026-05-17T19:27:17.939269+00:00
4862,INPROC_EC3A2C,1,10,team2,Team 2 (E/W),55,65,39,♠,finished,2026-05-17T19:27:17.956360+00:00
4863,INPROC_38B510,1,10,team2,Team 2 (E/W),37,83,10,♦,finished,2026-05-17T19:27:17.967798+00:00
4864,INPROC_98A980,1,10,draw,draw,60,60,10,♦,finished,2026-05-17T19:27:17.979999+00:00
4865,INPROC_4F0653,1,10,team2,Team 2 (E/W),37,83,7,♣,finished,2026-05-17T19:27:17.996169+00:00
4866,INPROC_6B2339,1,10,team1,Team 1 (N/S),83,37,7,♣,finished,2026-05-17T19:27:18.013412+00:00
4867,INPROC_28CEC1,1,10,team2,Team 2 (E/W),50,70,32,♠,finished,2026-05-17T19:27:18.028218+00:00
4868,INPROC_EFA501,1,10,team1,Team 1 (N/S),65,55,38,♠,finished,2026-05-17T19:27:18.044339+00:00
4869,INPROC_D49189,1,10,team1,Team 1 (N/S),99,21,17,♦,finished,2026-05-17T19:27:18.060168+00:00
4870,INPROC_01427B,1,10,team2,Team 2 (E/W),30,90,26,♥,finished,2026-05-17T19:27:18.078019+00:00
4871,INPROC_0E2711,1,10,team1,Team 1 (N/S),87,33,26,♥,finished,2026-05-17T19:27:18.094543+00:00
4872,INPROC_140620,1,10,team1,Team 1 (N/S),99,21,36,♠,finished,2026-05-17T19:27:18.108696+00:00
4873,INPROC_58F86B,1,10,team1,Team 1 (N/S),61,59,27,♥,finished,2026-05-17T19:27:18.126903+00:00
4874,INPROC_609A39,1,10,team2,Team 2 (E/W),24,96,37,♠,finished,2026-05-17T19:27:18.144816+00:00
4875,INPROC_A931B5,1,10,team2,Team 2 (E/W),46,74,0,♣,finished,2026-05-17T19:27:18.163538+00:00
4876,INPROC_1F2B39,1,10,team2,Team 2 (E/W),57,63,35,♠,finished,2026-05-17T19:27:18.180974+00:00
4877,INPROC_71BDA8,1,10,team2,Team 2 (E/W),33,87,23,♥,finished,2026-05-17T19:27:18.200618+00:00
4878,INPROC_951A88,1,10,team2,Team 2 (E/W),24,96,20,♥,finished,2026-05-17T19:27:18.219494+00:00
4879,INPROC_CC6F75,1,10,team2,Team 2 (E/W),13,107,4,♣,finished,2026-05-17T19:27:18.235610+00:00
4880,INPROC_89D1BF,1,10,team1,Team 1 (N/S),68,52,21,♥,finished,2026-05-17T19:27:18.249297+00:00
4881,INPROC_4346CC,1,10,team2,Team 2 (E/W),40,80,20,♥,finished,2026-05-17T19:27:18.262189+00:00
4882,INPROC_144BDC,1,10,team2,Team 2 (E/W),37,83,9,♣,finished,2026-05-17T19:27:18.278784+00:00
4883,INPROC_D3D99E,1,10,team2,Team 2 (E/W),21,99,34,♠,finished,2026-05-17T19:27:18.297941+00:00
4884,INPROC_C0CD3D,1,10,team2,Team 2 (E/W),34,86,15,♦,finished,2026-05-17T19:27:18.317083+00:00
4885,INPROC_F3F6AD,1,10,team1,Team 1 (N/S),80,40,12,♦,finished,2026-05-17T19:27:18.334202+00:00
4886,INPROC_319DC4,1,10,team1,Team 1 (N/S),108,12,26,♥,finished,2026-05-17T19:27:18.352582+00:00
4887,INPROC_BDBB7B,1,10,team2,Team 2 (E/W),56,64,27,♥,finished,2026-05-17T19:27:18.370155+00:00
4888,INPROC_DD1E81,1,10,team2,Team 2 (E/W),35,85,1,♣,finished,2026-05-17T19:27:18.381343+00:00
4889,INPROC_AF46F0,1,10,team1,Team 1 (N/S),66,54,30,♠,finished,2026-05-17T19:27:18.400654+00:00
4890,INPROC_8F5B8C,1,10,team2,Team 2 (E/W),44,76,5,♣,finished,2026-05-17T19:27:18.415834+00:00
4891,INPROC_968051,1,10,team2,Team 2 (E/W),36,84,31,♠,finished,2026-05-17T19:27:18.432516+00:00
4892,INPROC_587130,1,10,team2,Team 2 (E/W),52,68,18,♦,finished,2026-05-17T19:27:18.449144+00:00
4893,INPROC_795848,1,10,team1,Team 1 (N/S),94,26,1,♣,finished,2026-05-17T19:27:18.468668+00:00
4894,INPROC_44959D,1,10,team2,Team 2 (E/W),41,79,28,♥,finished,2026-05-17T19:27:18.487398+00:00
4895,INPROC_DCB500,1,10,team2,Team 2 (E/W),50,70,16,♦,finished,2026-05-17T19:27:18.503833+00:00
4896,INPROC_FD6548,1,10,team2,Team 2 (E/W),31,89,23,♥,finished,2026-05-17T19:27:18.517808+00:00
4897,INPROC_99C9C6,1,10,team2,Team 2 (E/W),45,75,9,♣,finished,2026-05-17T19:27:18.536087+00:00
4898,INPROC_AA9D05,1,10,team2,Team 2 (E/W),40,80,36,♠,finished,2026-05-17T19:27:18.554070+00:00
4899,INPROC_7A1B5E,1,10,team1,Team 1 (N/S),65,55,16,♦,finished,2026-05-17T19:27:18.570268+00:00
4900,INPROC_1ABEE3,1,10,team1,Team 1 (N/S),72,48,0,♣,finished,2026-05-17T19:27:18.587282+00:00
4901,INPROC_941982,1,10,team1,Team 1 (N/S),85,35,18,♦,finished,2026-05-17T19:27:18.602757+00:00
4902,INPROC_2E6C4F,1,10,team1,Team 1 (N/S),101,19,2,♣,finished,2026-05-17T19:27:18.620700+00:00
4903,INPROC_F7B8A8,1,10,team1,Team 1 (N/S),108,12,3,♣,finished,2026-05-17T19:27:18.639023+00:00
4904,INPROC_0A90E8,1,10,team2,Team 2 (E/W),32,88,36,♠,finished,2026-05-17T19:27:18.655607+00:00
4905,INPROC_BD3917,1,10,team2,Team 2 (E/W),51,69,12,♦,finished,2026-05-17T19:27:18.672404+00:00
4906,INPROC_B5E6D0,1,10,team2,Team 2 (E/W),30,90,37,♠,finished,2026-05-17T19:27:18.687793+00:00
4907,INPROC_26390C,1,10,team1,Team 1 (N/S),85,35,0,♣,finished,2026-05-17T19:27:18.705488+00:00
4908,INPROC_C30B7C,1,10,team2,Team 2 (E/W),56,64,21,♥,finished,2026-05-17T19:27:18.723605+00:00
4909,INPROC_76896B,1,10,team2,Team 2 (E/W),30,90,4,♣,finished,2026-05-17T19:27:18.740476+00:00
4910,INPROC_BB5BAD,1,10,team2,Team 2 (E/W),35,85,34,♠,finished,2026-05-17T19:27:18.759192+00:00
4911,INPROC_C5DB1E,1,10,team2,Team 2 (E/W),56,64,31,♠,finished,2026-05-17T19:27:18.772053+00:00
4912,INPROC_1CF97E,1,10,team2,Team 2 (E/W),55,65,0,♣,finished,2026-05-17T19:27:18.784814+00:00
4913,INPROC_B78EBB,1,10,team1,Team 1 (N/S),79,41,12,♦,finished,2026-05-17T19:27:18.802030+00:00
4914,INPROC_672589,1,10,team1,Team 1 (N/S),66,54,30,♠,finished,2026-05-17T19:27:18.819099+00:00
4915,INPROC_055BF7,1,10,team2,Team 2 (E/W),10,110,13,♦,finished,2026-05-17T19:27:18.836726+00:00
4916,INPROC_C3B6E6,1,10,team1,Team 1 (N/S),88,32,34,♠,finished,2026-05-17T19:27:18.856672+00:00
4917,INPROC_B4CB57,1,10,team1,Team 1 (N/S),69,51,26,♥,finished,2026-05-17T19:27:18.877661+00:00
4918,INPROC_49B80C,1,10,team2,Team 2 (E/W),50,70,24,♥,finished,2026-05-17T19:27:18.897515+00:00
4919,INPROC_130210,1,10,team2,Team 2 (E/W),40,80,15,♦,finished,2026-05-17T19:27:18.918708+00:00
4920,INPROC_17E1F5,1,10,team1,Team 1 (N/S),94,26,10,♦,finished,2026-05-17T19:27:18.936736+00:00
4921,INPROC_AE82EA,1,10,team1,Team 1 (N/S),61,59,21,♥,finished,2026-05-17T19:27:18.951908+00:00
4922,INPROC_9A1B1A,1,10,team1,Team 1 (N/S),76,44,22,♥,finished,2026-05-17T19:27:18.968952+00:00
4923,INPROC_5C6572,1,10,team1,Team 1 (N/S),83,37,33,♠,finished,2026-05-17T19:27:18.987094+00:00
4924,INPROC_AD1BD9,1,10,team1,Team 1 (N/S),114,6,37,♠,finished,2026-05-17T19:27:19.003000+00:00
4925,INPROC_93D901,1,10,team2,Team 2 (E/W),27,93,31,♠,finished,2026-05-17T19:27:19.020593+00:00
4926,INPROC_8154F2,1,10,team2,Team 2 (E/W),29,91,7,♣,finished,2026-05-17T19:27:19.037527+00:00
4927,INPROC_82812D,1,10,team1,Team 1 (N/S),94,26,21,♥,finished,2026-05-17T19:27:19.049332+00:00
4928,INPROC_1431D7,1,10,team2,Team 2 (E/W),27,93,30,♠,finished,2026-05-17T19:27:19.065073+00:00
4929,INPROC_646CED,1,10,team2,Team 2 (E/W),35,85,21,♥,finished,2026-05-17T19:27:19.080613+00:00
4930,INPROC_1E7C03,1,10,team2,Team 2 (E/W),17,103,39,♠,finished,2026-05-17T19:27:19.098277+00:00
4931,INPROC_F79180,1,10,team2,Team 2 (E/W),53,67,17,♦,finished,2026-05-17T19:27:19.115671+00:00
4932,INPROC_85937F,1,10,team1,Team 1 (N/S),71,49,21,♥,finished,2026-05-17T19:27:19.131038+00:00
4933,INPROC_B5F65A,1,10,team2,Team 2 (E/W),52,68,9,♣,finished,2026-05-17T19:27:19.147642+00:00
4934,INPROC_FE9146,1,10,team2,Team 2 (E/W),31,89,6,♣,finished,2026-05-17T19:27:19.159669+00:00
4935,INPROC_3CC946,1,10,team1,Team 1 (N/S),87,33,19,♦,finished,2026-05-17T19:27:19.177020+00:00
4936,INPROC_CA7D38,1,10,team2,Team 2 (E/W),11,109,9,♣,finished,2026-05-17T19:27:19.193329+00:00
4937,INPROC_B4FA5D,1,10,team2,Team 2 (E/W),50,70,15,♦,finished,2026-05-17T19:27:19.210734+00:00
4938,INPROC_041159,1,10,team2,Team 2 (E/W),53,67,29,♥,finished,2026-05-17T19:27:19.223027+00:00
4939,INPROC_D0940C,1,10,team2,Team 2 (E/W),29,91,10,♦,finished,2026-05-17T19:27:19.237948+00:00
4940,INPROC_325615,1,10,team2,Team 2 (E/W),27,93,2,♣,finished,2026-05-17T19:27:19.255776+00:00
4941,INPROC_9CACDE,1,10,team1,Team 1 (N/S),101,19,34,♠,finished,2026-05-17T19:27:19.274391+00:00
4942,INPROC_40D27C,1,10,team1,Team 1 (N/S),74,46,0,♣,finished,2026-05-17T19:27:19.294115+00:00
4943,INPROC_D4214E,1,10,team1,Team 1 (N/S),61,59,29,♥,finished,2026-05-17T19:27:19.311188+00:00
4944,INPROC_5B83B3,1,10,team2,Team 2 (E/W),30,90,3,♣,finished,2026-05-17T19:27:19.323594+00:00
4945,INPROC_F0CBF9,1,10,team1,Team 1 (N/S),96,24,15,♦,finished,2026-05-17T19:27:19.334088+00:00
4946,INPROC_682CE5,1,10,team2,Team 2 (E/W),10,110,39,♠,finished,2026-05-17T19:27:19.349338+00:00
4947,INPROC_EFB602,1,10,team2,Team 2 (E/W),36,84,33,♠,finished,2026-05-17T19:27:19.363395+00:00
4948,INPROC_B97614,1,10,draw,draw,60,60,2,♣,finished,2026-05-17T19:27:19.379710+00:00
4949,INPROC_7586A1,1,10,team1,Team 1 (N/S),83,37,16,♦,finished,2026-05-17T19:27:19.397859+00:00
4950,INPROC_35D554,1,10,team1,Team 1 (N/S),88,32,13,♦,finished,2026-05-17T19:27:19.412934+00:00
4951,INPROC_E8EC13,1,10,team1,Team 1 (N/S),87,33,36,♠,finished,2026-05-17T19:27:19.427391+00:00
4952,INPROC_529DE7,1,10,team2,Team 2 (E/W),31,89,4,♣,finished,2026-05-17T19:27:19.444497+00:00
4953,INPROC_6ECE7A,1,10,team1,Team 1 (N/S),80,40,23,♥,finished,2026-05-17T19:27:19.462549+00:00
4954,INPROC_1D4B31,1,10,team2,Team 2 (E/W),52,68,8,♣,finished,2026-05-17T19:27:19.480493+00:00
4955,INPROC_D695D9,1,10,team1,Team 1 (N/S),65,55,5,♣,finished,2026-05-17T19:27:19.495645+00:00
4956,INPROC_B5AEEC,1,10,team2,Team 2 (E/W),45,75,3,♣,finished,2026-05-17T19:27:19.511707+00:00
4957,INPROC_AC7EDE,1,10,team2,Team 2 (E/W),42,78,7,♣,finished,2026-05-17T19:27:19.527335+00:00
4958,INPROC_26C833,1,10,team2,Team 2 (E/W),41,79,5,♣,finished,2026-05-17T19:27:19.543582+00:00
4959,INPROC_C2E90E,1,10,team1,Team 1 (N/S),83,37,2,♣,finished,2026-05-17T19:27:19.561458+00:00
4960,INPROC_2E9DD7,1,10,team1,Team 1 (N/S),118,2,24,♥,finished,2026-05-17T19:27:19.580314+00:00
4961,INPROC_A19B64,1,10,draw,draw,60,60,28,♥,finished,2026-05-17T19:27:19.594307+00:00
4962,INPROC_4AE28F,1,10,team2,Team 2 (E/W),45,75,14,♦,finished,2026-05-17T19:27:19.608170+00:00
4963,INPROC_F80DB6,1,10,team2,Team 2 (E/W),57,63,12,♦,finished,2026-05-17T19:27:19.625046+00:00
4964,INPROC_B008FE,1,10,team1,Team 1 (N/S),120,0,0,♣,finished,2026-05-17T19:27:19.644050+00:00
4965,INPROC_AD84F7,1,10,team2,Team 2 (E/W),58,62,4,♣,finished,2026-05-17T19:27:19.661867+00:00
4966,INPROC_62B967,1,10,team1,Team 1 (N/S),78,42,10,♦,finished,2026-05-17T19:27:19.679504+00:00
4967,INPROC_B759E0,1,10,team2,Team 2 (E/W),34,86,4,♣,finished,2026-05-17T19:27:19.697190+00:00
4968,INPROC_806EA1,1,10,team2,Team 2 (E/W),18,102,15,♦,finished,2026-05-17T19:27:19.718828+00:00
4969,INPROC_A18216,1,10,team1,Team 1 (N/S),94,26,22,♥,finished,2026-05-17T19:27:19.743537+00:00
4970,INPROC_276146,1,10,team1,Team 1 (N/S),64,56,36,♠,finished,2026-05-17T19:27:19.768049+00:00
4971,INPROC_73614A,1,10,team2,Team 2 (E/W),43,77,26,♥,finished,2026-05-17T19:27:19.788260+00:00
4972,INPROC_9F7D57,1,10,team1,Team 1 (N/S),65,55,38,♠,finished,2026-05-17T19:27:19.805900+00:00
4973,INPROC_F379EF,1,10,team1,Team 1 (N/S),72,48,13,♦,finished,2026-05-17T19:27:19.823012+00:00
4974,INPROC_17AA57,1,10,team1,Team 1 (N/S),79,41,10,♦,finished,2026-05-17T19:27:19.841260+00:00
4975,INPROC_97476E,1,10,team2,Team 2 (E/W),16,104,39,♠,finished,2026-05-17T19:27:19.854678+00:00
4976,INPROC_899695,1,10,draw,draw,60,60,0,♣,finished,2026-05-17T19:27:19.865981+00:00
4977,INPROC_18AFB8,1,10,team1,Team 1 (N/S),91,29,20,♥,finished,2026-05-17T19:27:19.877354+00:00
4978,INPROC_870804,1,10,team2,Team 2 (E/W),28,92,0,♣,finished,2026-05-17T19:27:19.895733+00:00
4979,INPROC_6F0738,1,10,team1,Team 1 (N/S),62,58,29,♥,finished,2026-05-17T19:27:19.912951+00:00
4980,INPROC_E96684,1,10,team2,Team 2 (E/W),31,89,16,♦,finished,2026-05-17T19:27:19.931159+00:00
4981,INPROC_72E726,1,10,team1,Team 1 (N/S),78,42,32,♠,finished,2026-05-17T19:27:19.950515+00:00
4982,INPROC_97BD7B,1,10,team2,Team 2 (E/W),59,61,9,♣,finished,2026-05-17T19:27:19.969237+00:00
4983,INPROC_A8D7EC,1,10,team1,Team 1 (N/S),65,55,18,♦,finished,2026-05-17T19:27:19.989281+00:00
4984,INPROC_A19D44,1,10,team2,Team 2 (E/W),55,65,31,♠,finished,2026-05-17T19:27:20.006550+00:00
4985,INPROC_061192,1,10,team2,Team 2 (E/W),51,69,9,♣,finished,2026-05-17T19:27:20.023798+00:00
4986,INPROC_6F9653,1,10,team2,Team 2 (E/W),54,66,7,♣,finished,2026-05-17T19:27:20.042134+00:00
4987,INPROC_422A33,1,10,team1,Team 1 (N/S),97,23,28,♥,finished,2026-05-17T19:27:20.059594+00:00
4988,INPROC_301A4B,1,10,team2,Team 2 (E/W),55,65,28,♥,finished,2026-05-17T19:27:20.077435+00:00
4989,INPROC_B99725,1,10,team2,Team 2 (E/W),30,90,15,♦,finished,2026-05-17T19:27:20.094546+00:00
4990,INPROC_5E4D23,1,10,team2,Team 2 (E/W),47,73,21,♥,finished,2026-05-17T19:27:20.114644+00:00
4991,INPROC_4A2EA9,1,10,team2,Team 2 (E/W),48,72,36,♠,finished,2026-05-17T19:27:20.129341+00:00
4992,INPROC_33C6A8,1,10,team2,Team 2 (E/W),41,79,28,♥,finished,2026-05-17T19:27:20.144025+00:00
4993,INPROC_721B47,1,10,team1,Team 1 (N/S),61,59,16,♦,finished,2026-05-17T19:27:20.163768+00:00
4994,INPROC_7FA033,1,10,team1,Team 1 (N/S),98,22,39,♠,finished,2026-05-17T19:27:20.180905+00:00
4995,INPROC_03F99D,1,10,team1,Team 1 (N/S),99,21,17,♦,finished,2026-05-17T19:27:20.199888+00:00
4996,INPROC_9F3D2E,1,10,team1,Team 1 (N/S),75,45,11,♦,finished,2026-05-17T19:27:20.215116+00:00
4997,INPROC_525921,1,10,draw,draw,60,60,24,♥,finished,2026-05-17T19:27:20.235812+00:00
4998,INPROC_9A0EE7,1,10,team1,Team 1 (N/S),64,56,18,♦,finished,2026-05-17T19:27:20.254729+00:00
4999,INPROC_61F950,1,10,team1,Team 1 (N/S),101,19,8,♣,finished,2026-05-17T19:27:20.270195+00:00
5000,INPROC_F05E94,1,10,team1,Team 1 (N/S),72,48,4,♣,finished,2026-05-17T19:27:20.285406+00:00
5001,INPROC_46F128,1,10,team1,Team 1 (N/S),80,40,31,♠,finished,2026-05-17T19:27:20.305145+00:00
5002,INPROC_89A7A0,1,10,team2,Team 2 (E/W),58,62,21,♥,finished,2026-05-17T19:27:20.325153+00:00
5003,INPROC_F25F39,1,10,team2,Team 2 (E/W),47,73,34,♠,finished,2026-05-17T19:27:20.343727+00:00
5004,INPROC_F2163D,1,10,team1,Team 1 (N/S),61,59,28,♥,finished,2026-05-17T19:27:20.363485+00:00
5005,INPROC_DB4432,1,10,team1,Team 1 (N/S),120,0,30,♠,finished,2026-05-17T19:27:20.381478+00:00
5006,INPROC_2C1AE8,1,10,team2,Team 2 (E/W),44,76,14,♦,finished,2026-05-17T19:27:20.394172+00:00
5007,INPROC_3B0A4D,1,10,team2,Team 2 (E/W),33,87,18,♦,finished,2026-05-17T19:27:20.414317+00:00
5008,INPROC_48B3DE,1,10,team1,Team 1 (N/S),77,43,13,♦,finished,2026-05-17T19:27:20.430685+00:00
5009,INPROC_B5975F,1,10,team2,Team 2 (E/W),25,95,37,♠,finished,2026-05-17T19:27:20.452815+00:00
5010,INPROC_530779,1,10,team2,Team 2 (E/W),50,70,12,♦,finished,2026-05-17T19:27:20.472116+00:00
5011,INPROC_ADE7CD,1,10,team1,Team 1 (N/S),109,11,5,♣,finished,2026-05-17T19:27:20.494907+00:00
5012,INPROC_7D9780,1,10,draw,draw,60,60,23,♥,finished,2026-05-17T19:27:20.517612+00:00
5013,INPROC_0FB126,1,10,team1,Team 1 (N/S),81,39,39,♠,finished,2026-05-17T19:27:20.537088+00:00
5014,INPROC_AAAA18,1,10,team1,Team 1 (N/S),99,21,0,♣,finished,2026-05-17T19:27:20.556401+00:00
5015,INPROC_539F14,1,10,team1,Team 1 (N/S),79,41,12,♦,finished,2026-05-17T19:27:20.576228+00:00
5016,INPROC_61692F,1,10,team1,Team 1 (N/S),89,31,36,♠,finished,2026-05-17T19:27:20.597553+00:00
5017,INPROC_A59ADB,1,10,team2,Team 2 (E/W),53,67,21,♥,finished,2026-05-17T19:27:20.616198+00:00
5018,INPROC_DCF0A9,1,10,team2,Team 2 (E/W),22,98,3,♣,finished,2026-05-17T19:27:20.635100+00:00
5019,INPROC_49757C,1,10,team2,Team 2 (E/W),36,84,33,♠,finished,2026-05-17T19:27:20.651531+00:00
5020,INPROC_33BFAD,1,10,team2,Team 2 (E/W),55,65,8,♣,finished,2026-05-17T19:27:20.665626+00:00
5021,INPROC_DD33CB,1,10,team1,Team 1 (N/S),72,48,2,♣,finished,2026-05-17T19:27:20.682760+00:00
5022,INPROC_FD4144,1,10,team1,Team 1 (N/S),64,56,27,♥,finished,2026-05-17T19:27:20.700874+00:00
5023,INPROC_900C8C,1,10,team2,Team 2 (E/W),57,63,37,♠,finished,2026-05-17T19:27:20.720198+00:00
5024,INPROC_21943B,1,10,team1,Team 1 (N/S),68,52,21,♥,finished,2026-05-17T19:27:20.736492+00:00
5025,INPROC_24F5E7,1,10,team2,Team 2 (E/W),52,68,30,♠,finished,2026-05-17T19:27:20.754470+00:00
5026,INPROC_466EFF,1,10,team2,Team 2 (E/W),44,76,34,♠,finished,2026-05-17T19:27:20.773677+00:00
5027,INPROC_439A0F,1,10,team2,Team 2 (E/W),25,95,23,♥,finished,2026-05-17T19:27:20.792165+00:00
5028,INPROC_83A865,1,10,draw,draw,60,60,27,♥,finished,2026-05-17T19:27:20.811766+00:00
5029,INPROC_268335,1,10,team2,Team 2 (E/W),58,62,17,♦,finished,2026-05-17T19:27:20.829888+00:00
5030,INPROC_653A8F,1,10,team1,Team 1 (N/S),65,55,29,♥,finished,2026-05-17T19:27:20.847320+00:00
5031,INPROC_E9C642,1,10,team1,Team 1 (N/S),77,43,22,♥,finished,2026-05-17T19:27:20.866137+00:00
5032,INPROC_4798A2,1,10,team2,Team 2 (E/W),29,91,29,♥,finished,2026-05-17T19:27:20.885851+00:00
5033,INPROC_4738F7,1,10,team2,Team 2 (E/W),49,71,17,♦,finished,2026-05-17T19:27:20.904522+00:00
5034,INPROC_C394B9,1,10,team1,Team 1 (N/S),62,58,25,♥,finished,2026-05-17T19:27:20.923101+00:00
5035,INPROC_63A307,1,10,team2,Team 2 (E/W),48,72,3,♣,finished,2026-05-17T19:27:20.937806+00:00
5036,INPROC_B76072,1,10,team1,Team 1 (N/S),76,44,0,♣,finished,2026-05-17T19:27:20.950189+00:00
5037,INPROC_0421CE,1,10,team2,Team 2 (E/W),43,77,12,♦,finished,2026-05-17T19:27:20.967160+00:00
5038,INPROC_ADB073,1,10,team1,Team 1 (N/S),77,43,39,♠,finished,2026-05-17T19:27:20.983698+00:00
5039,INPROC_4B45C6,1,10,team2,Team 2 (E/W),27,93,9,♣,finished,2026-05-17T19:27:21.001085+00:00
5040,INPROC_C5F785,1,10,team1,Team 1 (N/S),64,56,18,♦,finished,2026-05-17T19:27:21.017308+00:00
5041,INPROC_AC3F4E,1,10,team2,Team 2 (E/W),33,87,23,♥,finished,2026-05-17T19:27:21.031703+00:00
5042,INPROC_D01351,1,10,team2,Team 2 (E/W),39,81,16,♦,finished,2026-05-17T19:27:21.046104+00:00
5043,INPROC_1B6F1B,1,10,team2,Team 2 (E/W),13,107,5,♣,finished,2026-05-17T19:27:21.059876+00:00
5044,INPROC_7C38F1,1,10,team2,Team 2 (E/W),44,76,10,♦,finished,2026-05-17T19:27:21.074407+00:00
5045,INPROC_760936,1,10,team1,Team 1 (N/S),65,55,6,♣,finished,2026-05-17T19:27:21.088112+00:00
5046,INPROC_E0E015,1,10,team1,Team 1 (N/S),66,54,6,♣,finished,2026-05-17T19:27:21.101585+00:00
5047,INPROC_703CF4,1,10,team2,Team 2 (E/W),56,64,32,♠,finished,2026-05-17T19:27:21.114824+00:00
5048,INPROC_58A337,1,10,team2,Team 2 (E/W),53,67,32,♠,finished,2026-05-17T19:27:21.128756+00:00
5049,INPROC_0B0408,1,10,team1,Team 1 (N/S),66,54,27,♥,finished,2026-05-17T19:27:21.140118+00:00
5050,INPROC_38C140,1,10,team2,Team 2 (E/W),56,64,22,♥,finished,2026-05-17T19:27:21.151649+00:00
5051,INPROC_A4AD14,1,10,team1,Team 1 (N/S),93,27,38,♠,finished,2026-05-17T19:27:21.162986+00:00
5052,INPROC_654955,1,10,team2,Team 2 (E/W),14,106,28,♥,finished,2026-05-17T19:27:21.176958+00:00
5053,INPROC_25EBE3,1,10,team1,Team 1 (N/S),86,34,7,♣,finished,2026-05-17T19:27:21.190019+00:00
5054,INPROC_1A22BE,1,10,team1,Team 1 (N/S),64,56,28,♥,finished,2026-05-17T19:27:21.200767+00:00
5055,INPROC_561D4A,1,10,team1,Team 1 (N/S),66,54,7,♣,finished,2026-05-17T19:27:21.216880+00:00
5056,INPROC_EB3861,1,10,team2,Team 2 (E/W),38,82,23,♥,finished,2026-05-17T19:27:21.235029+00:00
5057,INPROC_BB5B35,1,10,team2,Team 2 (E/W),32,88,20,♥,finished,2026-05-17T19:27:21.252372+00:00
5058,INPROC_5BB8EC,1,10,team2,Team 2 (E/W),32,88,11,♦,finished,2026-05-17T19:27:21.265798+00:00
5059,INPROC_0BF7F3,1,10,team1,Team 1 (N/S),75,45,36,♠,finished,2026-05-17T19:27:21.283659+00:00
5060,INPROC_4A7ADF,1,10,team1,Team 1 (N/S),62,58,35,♠,finished,2026-05-17T19:27:21.300171+00:00
5061,INPROC_823CE8,1,10,team2,Team 2 (E/W),20,100,18,♦,finished,2026-05-17T19:27:21.317584+00:00
5062,INPROC_BD8087,1,10,team1,Team 1 (N/S),61,59,26,♥,finished,2026-05-17T19:27:21.335769+00:00
5063,INPROC_C4A77B,1,10,team2,Team 2 (E/W),45,75,36,♠,finished,2026-05-17T19:27:21.351853+00:00
5064,INPROC_5436DD,1,10,team2,Team 2 (E/W),53,67,21,♥,finished,2026-05-17T19:27:21.367773+00:00
5065,INPROC_CBA199,1,10,team2,Team 2 (E/W),16,104,38,♠,finished,2026-05-17T19:27:21.384500+00:00
5066,INPROC_074661,1,10,team1,Team 1 (N/S),70,50,3,♣,finished,2026-05-17T19:27:21.399561+00:00
5067,INPROC_EE74DE,1,10,team2,Team 2 (E/W),44,76,21,♥,finished,2026-05-17T19:27:21.416612+00:00
5068,INPROC_18B3C5,1,10,team1,Team 1 (N/S),94,26,37,♠,finished,2026-05-17T19:27:21.432617+00:00
5069,INPROC_7B2FC8,1,10,team2,Team 2 (E/W),55,65,17,♦,finished,2026-05-17T19:27:21.449140+00:00
5070,INPROC_4AFD7D,1,10,team1,Team 1 (N/S),75,45,12,♦,finished,2026-05-17T19:27:21.466294+00:00
5071,INPROC_B67B11,1,10,team1,Team 1 (N/S),95,25,31,♠,finished,2026-05-17T19:27:21.482198+00:00
5072,INPROC_DFE1F5,1,10,team1,Team 1 (N/S),64,56,20,♥,finished,2026-05-17T19:27:21.500021+00:00
5073,INPROC_776074,1,10,team2,Team 2 (E/W),33,87,39,♠,finished,2026-05-17T19:27:21.518182+00:00
5074,INPROC_E5A1D4,1,10,team1,Team 1 (N/S),77,43,2,♣,finished,2026-05-17T19:27:21.536930+00:00
5075,INPROC_00BF7F,1,10,team2,Team 2 (E/W),47,73,25,♥,finished,2026-05-17T19:27:21.553171+00:00
5076,INPROC_7ED10A,1,10,team1,Team 1 (N/S),86,34,25,♥,finished,2026-05-17T19:27:21.573191+00:00
5077,INPROC_20444B,1,10,team1,Team 1 (N/S),72,48,15,♦,finished,2026-05-17T19:27:21.588416+00:00
5078,INPROC_C3AEE3,1,10,team1,Team 1 (N/S),93,27,12,♦,finished,2026-05-17T19:27:21.605157+00:00
5079,INPROC_572A06,1,10,team1,Team 1 (N/S),113,7,24,♥,finished,2026-05-17T19:27:21.620417+00:00
5080,INPROC_AFE76E,1,10,team1,Team 1 (N/S),81,39,38,♠,finished,2026-05-17T19:27:21.635866+00:00
5081,INPROC_055608,1,10,team1,Team 1 (N/S),73,47,8,♣,finished,2026-05-17T19:27:21.653067+00:00
5082,INPROC_5892A2,1,10,team1,Team 1 (N/S),72,48,20,♥,finished,2026-05-17T19:27:21.670922+00:00
5083,INPROC_EC4ED0,1,10,team2,Team 2 (E/W),43,77,1,♣,finished,2026-05-17T19:27:21.690485+00:00
5084,INPROC_4689B1,1,10,team2,Team 2 (E/W),10,110,35,♠,finished,2026-05-17T19:27:21.710675+00:00
5085,INPROC_AD77B9,1,10,team1,Team 1 (N/S),80,40,30,♠,finished,2026-05-17T19:27:21.726008+00:00
5086,INPROC_8FC212,1,10,team1,Team 1 (N/S),87,33,13,♦,finished,2026-05-17T19:27:21.740094+00:00
5087,INPROC_773C21,1,10,team2,Team 2 (E/W),40,80,11,♦,finished,2026-05-17T19:27:21.760047+00:00
5088,INPROC_88C384,1,10,team2,Team 2 (E/W),7,113,4,♣,finished,2026-05-17T19:27:21.779632+00:00
5089,INPROC_AE3471,1,10,team1,Team 1 (N/S),67,53,5,♣,finished,2026-05-17T19:27:21.797744+00:00
5090,INPROC_029A4F,1,10,team1,Team 1 (N/S),63,57,23,♥,finished,2026-05-17T19:27:21.814574+00:00
5091,INPROC_F0C5B2,1,10,team2,Team 2 (E/W),54,66,12,♦,finished,2026-05-17T19:27:21.830563+00:00
5092,INPROC_D76B84,1,10,team2,Team 2 (E/W),52,68,27,♥,finished,2026-05-17T19:27:21.846062+00:00
5093,INPROC_0EE6B0,1,10,team1,Team 1 (N/S),66,54,33,♠,finished,2026-05-17T19:27:21.863794+00:00
5094,INPROC_085FFB,1,10,team2,Team 2 (E/W),21,99,39,♠,finished,2026-05-17T19:27:21.883401+00:00
5095,INPROC_3365FF,1,10,team2,Team 2 (E/W),15,105,39,♠,finished,2026-05-17T19:27:21.902170+00:00
5096,INPROC_98145C,1,10,team2,Team 2 (E/W),23,97,17,♦,finished,2026-05-17T19:27:21.919433+00:00
5097,INPROC_320BCF,1,10,team1,Team 1 (N/S),68,52,25,♥,finished,2026-05-17T19:27:21.936257+00:00
5098,INPROC_6F5870,1,10,team2,Team 2 (E/W),47,73,5,♣,finished,2026-05-17T19:27:21.953426+00:00
5099,INPROC_1DA1F8,1,10,team2,Team 2 (E/W),28,92,1,♣,finished,2026-05-17T19:27:21.971721+00:00
5100,INPROC_D98191,1,10,team1,Team 1 (N/S),79,41,5,♣,finished,2026-05-17T19:27:21.987806+00:00
5101,INPROC_7F6A81,1,10,team1,Team 1 (N/S),69,51,13,♦,finished,2026-05-17T19:27:21.998803+00:00
5102,INPROC_6567AA,1,10,draw,draw,60,60,30,♠,finished,2026-05-17T19:27:22.011744+00:00
5103,INPROC_A60AC9,1,10,team2,Team 2 (E/W),46,74,7,♣,finished,2026-05-17T19:27:22.031120+00:00
5104,INPROC_E5A1A3,1,10,team2,Team 2 (E/W),31,89,37,♠,finished,2026-05-17T19:27:22.048498+00:00
5105,INPROC_644A87,1,10,team2,Team 2 (E/W),5,115,34,♠,finished,2026-05-17T19:27:22.066921+00:00
5106,INPROC_F7644B,1,10,team2,Team 2 (E/W),45,75,39,♠,finished,2026-05-17T19:27:22.083412+00:00
5107,INPROC_1C1F6B,1,10,team2,Team 2 (E/W),56,64,10,♦,finished,2026-05-17T19:27:22.100731+00:00
5108,INPROC_7BEB3B,1,10,team2,Team 2 (E/W),48,72,5,♣,finished,2026-05-17T19:27:22.117688+00:00
5109,INPROC_702E88,1,10,team2,Team 2 (E/W),46,74,10,♦,finished,2026-05-17T19:27:22.133566+00:00
5110,INPROC_99FF06,1,10,team2,Team 2 (E/W),27,93,9,♣,finished,2026-05-17T19:27:22.153105+00:00
5111,INPROC_7C0336,1,10,team1,Team 1 (N/S),68,52,37,♠,finished,2026-05-17T19:27:22.169913+00:00
5112,INPROC_3DF1C4,1,10,team2,Team 2 (E/W),42,78,3,♣,finished,2026-05-17T19:27:22.185506+00:00
5113,INPROC_C50DBF,1,10,team1,Team 1 (N/S),67,53,38,♠,finished,2026-05-17T19:27:22.201351+00:00
5114,INPROC_58964D,1,10,team1,Team 1 (N/S),72,48,30,♠,finished,2026-05-17T19:27:22.217335+00:00
5115,INPROC_CCB57E,1,10,team2,Team 2 (E/W),24,96,9,♣,finished,2026-05-17T19:27:22.232673+00:00
5116,INPROC_50CB4A,1,10,team1,Team 1 (N/S),93,27,31,♠,finished,2026-05-17T19:27:22.249644+00:00
5117,INPROC_1F4F98,1,10,team1,Team 1 (N/S),62,58,8,♣,finished,2026-05-17T19:27:22.262000+00:00
5118,INPROC_F107F4,1,10,team1,Team 1 (N/S),70,50,15,♦,finished,2026-05-17T19:27:22.275099+00:00
5119,INPROC_867E11,1,10,team2,Team 2 (E/W),35,85,34,♠,finished,2026-05-17T19:27:22.284315+00:00
5120,INPROC_CE2FEF,1,10,team1,Team 1 (N/S),90,30,32,♠,finished,2026-05-17T19:27:22.300646+00:00
5121,INPROC_608B78,1,10,team1,Team 1 (N/S),90,30,25,♥,finished,2026-05-17T19:27:22.312069+00:00
5122,INPROC_64B442,1,10,team1,Team 1 (N/S),70,50,28,♥,finished,2026-05-17T19:27:22.329974+00:00
5123,INPROC_B7607E,1,10,team2,Team 2 (E/W),56,64,24,♥,finished,2026-05-17T19:27:22.348111+00:00
5124,INPROC_2B3302,1,10,team2,Team 2 (E/W),43,77,14,♦,finished,2026-05-17T19:27:22.364928+00:00
5125,INPROC_A136E7,1,10,team1,Team 1 (N/S),76,44,30,♠,finished,2026-05-17T19:27:22.381913+00:00
5126,INPROC_CD0BCE,1,10,team2,Team 2 (E/W),49,71,13,♦,finished,2026-05-17T19:27:22.399693+00:00
5127,INPROC_604DE2,1,10,team2,Team 2 (E/W),54,66,10,♦,finished,2026-05-17T19:27:22.419781+00:00
5128,INPROC_0C6C9C,1,10,team1,Team 1 (N/S),76,44,35,♠,finished,2026-05-17T19:27:22.439210+00:00
5129,INPROC_D61231,1,10,team1,Team 1 (N/S),62,58,20,♥,finished,2026-05-17T19:27:22.454802+00:00
5130,INPROC_14A887,1,10,draw,draw,60,60,17,♦,finished,2026-05-17T19:27:22.470869+00:00
5131,INPROC_391642,1,10,team2,Team 2 (E/W),36,84,27,♥,finished,2026-05-17T19:27:22.487139+00:00
5132,INPROC_320D5E,1,10,team2,Team 2 (E/W),39,81,6,♣,finished,2026-05-17T19:27:22.503305+00:00
5133,INPROC_6727CD,1,10,team1,Team 1 (N/S),72,48,6,♣,finished,2026-05-17T19:27:22.518960+00:00
5134,INPROC_A5FE8D,1,10,team1,Team 1 (N/S),78,42,36,♠,finished,2026-05-17T19:27:22.531880+00:00
5135,INPROC_AD9789,1,10,team2,Team 2 (E/W),42,78,11,♦,finished,2026-05-17T19:27:22.544088+00:00
5136,INPROC_4C0E86,1,10,team1,Team 1 (N/S),70,50,35,♠,finished,2026-05-17T19:27:22.559808+00:00
5137,INPROC_556373,1,10,draw,draw,60,60,13,♦,finished,2026-05-17T19:27:22.574617+00:00
5138,INPROC_AB8F5B,1,10,team2,Team 2 (E/W),38,82,2,♣,finished,2026-05-17T19:27:22.589404+00:00
5139,INPROC_4196A2,1,10,team2,Team 2 (E/W),11,109,14,♦,finished,2026-05-17T19:27:22.604604+00:00
5140,INPROC_842D43,1,10,team2,Team 2 (E/W),57,63,33,♠,finished,2026-05-17T19:27:22.619594+00:00
5141,INPROC_BA0EE9,1,10,team1,Team 1 (N/S),61,59,16,♦,finished,2026-05-17T19:27:22.635519+00:00
5142,INPROC_175004,1,10,team2,Team 2 (E/W),31,89,35,♠,finished,2026-05-17T19:27:22.653122+00:00
5143,INPROC_6A2153,1,10,team2,Team 2 (E/W),49,71,2,♣,finished,2026-05-17T19:27:22.668922+00:00
5144,INPROC_D27A5D,1,10,team1,Team 1 (N/S),67,53,36,♠,finished,2026-05-17T19:27:22.685419+00:00
5145,INPROC_046CCD,1,10,team2,Team 2 (E/W),15,105,15,♦,finished,2026-05-17T19:27:22.701502+00:00
5146,INPROC_E5941A,1,10,team2,Team 2 (E/W),49,71,21,♥,finished,2026-05-17T19:27:22.717371+00:00
5147,INPROC_9ED8D4,1,10,team2,Team 2 (E/W),54,66,39,♠,finished,2026-05-17T19:27:22.736043+00:00
5148,INPROC_1065D4,1,10,team1,Team 1 (N/S),106,14,0,♣,finished,2026-05-17T19:27:22.753189+00:00
5149,INPROC_F80A6B,1,10,team1,Team 1 (N/S),77,43,33,♠,finished,2026-05-17T19:27:22.766928+00:00
5150,INPROC_5A29D4,1,10,team2,Team 2 (E/W),29,91,27,♥,finished,2026-05-17T19:27:22.781341+00:00
5151,INPROC_54BDE8,1,10,team2,Team 2 (E/W),58,62,3,♣,finished,2026-05-17T19:27:22.796137+00:00
5152,INPROC_03E215,1,10,team1,Team 1 (N/S),71,49,0,♣,finished,2026-05-17T19:27:22.807993+00:00
5153,INPROC_BEDA9E,1,10,team2,Team 2 (E/W),57,63,30,♠,finished,2026-05-17T19:27:22.820089+00:00
5154,INPROC_2926C3,1,10,team2,Team 2 (E/W),49,71,24,♥,finished,2026-05-17T19:27:22.835493+00:00
5155,INPROC_1AC4AB,1,10,team2,Team 2 (E/W),26,94,19,♦,finished,2026-05-17T19:27:22.852211+00:00
5156,INPROC_A5C36C,1,10,team1,Team 1 (N/S),102,18,17,♦,finished,2026-05-17T19:27:22.870857+00:00
5157,INPROC_E1B956,1,10,team2,Team 2 (E/W),33,87,38,♠,finished,2026-05-17T19:27:22.889839+00:00
5158,INPROC_251281,1,10,team2,Team 2 (E/W),24,96,12,♦,finished,2026-05-17T19:27:22.901835+00:00
5159,INPROC_8D7882,1,10,team1,Team 1 (N/S),68,52,0,♣,finished,2026-05-17T19:27:22.918851+00:00
5160,INPROC_DD86FF,1,10,team2,Team 2 (E/W),50,70,39,♠,finished,2026-05-17T19:27:22.939946+00:00
5161,INPROC_6DAAEB,1,10,team1,Team 1 (N/S),67,53,31,♠,finished,2026-05-17T19:27:22.958107+00:00
5162,INPROC_1AEC9D,1,10,team1,Team 1 (N/S),75,45,34,♠,finished,2026-05-17T19:27:22.982032+00:00
5163,INPROC_89EA4C,1,10,team1,Team 1 (N/S),73,47,17,♦,finished,2026-05-17T19:27:23.003494+00:00
5164,INPROC_17CB6B,1,10,team1,Team 1 (N/S),86,34,31,♠,finished,2026-05-17T19:27:23.024132+00:00
5165,INPROC_AAA1D7,1,10,team2,Team 2 (E/W),44,76,16,♦,finished,2026-05-17T19:27:23.044378+00:00
5166,INPROC_DBC301,1,10,team2,Team 2 (E/W),40,80,18,♦,finished,2026-05-17T19:27:23.063578+00:00
5167,INPROC_0452E8,1,10,team1,Team 1 (N/S),78,42,1,♣,finished,2026-05-17T19:27:23.076887+00:00
5168,INPROC_3E18B2,1,10,team2,Team 2 (E/W),44,76,4,♣,finished,2026-05-17T19:27:23.088919+00:00
5169,INPROC_88A854,1,10,team2,Team 2 (E/W),49,71,4,♣,finished,2026-05-17T19:27:23.108321+00:00
5170,INPROC_A74FFB,1,10,team1,Team 1 (N/S),85,35,13,♦,finished,2026-05-17T19:27:23.124007+00:00
5171,INPROC_0B31CD,1,10,team2,Team 2 (E/W),54,66,0,♣,finished,2026-05-17T19:27:23.136737+00:00
5172,INPROC_DA6D66,1,10,team2,Team 2 (E/W),45,75,39,♠,finished,2026-05-17T19:27:23.155288+00:00
5173,INPROC_B3F23F,1,10,team1,Team 1 (N/S),93,27,3,♣,finished,2026-05-17T19:27:23.175038+00:00
5174,INPROC_79231A,1,10,team2,Team 2 (E/W),30,90,29,♥,finished,2026-05-17T19:27:23.194573+00:00
5175,INPROC_5AE222,1,10,team2,Team 2 (E/W),51,69,19,♦,finished,2026-05-17T19:27:23.214671+00:00
5176,INPROC_DFFD0C,1,10,team2,Team 2 (E/W),49,71,9,♣,finished,2026-05-17T19:27:23.230384+00:00
5177,INPROC_7D2B24,1,10,team1,Team 1 (N/S),73,47,25,♥,finished,2026-05-17T19:27:23.247598+00:00
5178,INPROC_90FF1F,1,10,team2,Team 2 (E/W),40,80,13,♦,finished,2026-05-17T19:27:23.266177+00:00
5179,INPROC_7D4DC6,1,10,team2,Team 2 (E/W),43,77,37,♠,finished,2026-05-17T19:27:23.282885+00:00
5180,INPROC_34E63C,1,10,team1,Team 1 (N/S),85,35,16,♦,finished,2026-05-17T19:27:23.299884+00:00
5181,INPROC_339663,1,10,team1,Team 1 (N/S),94,26,32,♠,finished,2026-05-17T19:27:23.318290+00:00
5182,INPROC_F23349,1,10,team2,Team 2 (E/W),27,93,13,♦,finished,2026-05-17T19:27:23.337165+00:00
5183,INPROC_515B69,1,10,team2,Team 2 (E/W),47,73,15,♦,finished,2026-05-17T19:27:23.351387+00:00
5184,INPROC_207605,1,10,team2,Team 2 (E/W),33,87,36,♠,finished,2026-05-17T19:27:23.364815+00:00
5185,INPROC_0350CB,1,10,team2,Team 2 (E/W),36,84,36,♠,finished,2026-05-17T19:27:23.384227+00:00
5186,INPROC_AD3A18,1,10,team1,Team 1 (N/S),94,26,15,♦,finished,2026-05-17T19:27:23.402668+00:00
5187,INPROC_3ED259,1,10,team2,Team 2 (E/W),51,69,37,♠,finished,2026-05-17T19:27:23.421205+00:00
5188,INPROC_3A0C1C,1,10,team2,Team 2 (E/W),49,71,14,♦,finished,2026-05-17T19:27:23.440469+00:00
5189,INPROC_7F1412,1,10,team2,Team 2 (E/W),49,71,19,♦,finished,2026-05-17T19:27:23.455762+00:00
5190,INPROC_DEC218,1,10,team2,Team 2 (E/W),42,78,24,♥,finished,2026-05-17T19:27:23.474214+00:00
5191,INPROC_B8C7C9,1,10,team1,Team 1 (N/S),80,40,4,♣,finished,2026-05-17T19:27:23.496655+00:00
5192,INPROC_C6E777,1,10,team2,Team 2 (E/W),0,120,8,♣,finished,2026-05-17T19:27:23.512695+00:00
5193,INPROC_20A2FF,1,10,team1,Team 1 (N/S),65,55,24,♥,finished,2026-05-17T19:27:23.525340+00:00
5194,INPROC_B43054,1,10,team2,Team 2 (E/W),56,64,9,♣,finished,2026-05-17T19:27:23.544044+00:00
5195,INPROC_5D3882,1,10,team1,Team 1 (N/S),65,55,29,♥,finished,2026-05-17T19:27:23.562538+00:00
5196,INPROC_90E49D,1,10,team1,Team 1 (N/S),90,30,11,♦,finished,2026-05-17T19:27:23.581467+00:00
5197,INPROC_BBAD2C,1,10,team2,Team 2 (E/W),52,68,26,♥,finished,2026-05-17T19:27:23.600305+00:00
5198,INPROC_920A96,1,10,team1,Team 1 (N/S),102,18,38,♠,finished,2026-05-17T19:27:23.613333+00:00
5199,INPROC_6F0338,1,10,team2,Team 2 (E/W),48,72,1,♣,finished,2026-05-17T19:27:23.626460+00:00
5200,INPROC_9508D7,1,10,team2,Team 2 (E/W),59,61,32,♠,finished,2026-05-17T19:27:23.642026+00:00
5201,INPROC_CFF1AA,1,10,draw,draw,60,60,13,♦,finished,2026-05-17T19:27:23.657137+00:00
5202,INPROC_E16594,1,10,team1,Team 1 (N/S),68,52,17,♦,finished,2026-05-17T19:27:23.673775+00:00
5203,INPROC_D28751,1,10,team2,Team 2 (E/W),57,63,1,♣,finished,2026-05-17T19:27:23.689912+00:00
5204,INPROC_C9D9B5,1,10,team1,Team 1 (N/S),86,34,5,♣,finished,2026-05-17T19:27:23.705850+00:00
5205,INPROC_811028,1,10,team2,Team 2 (E/W),41,79,23,♥,finished,2026-05-17T19:27:23.722480+00:00
5206,INPROC_AB7742,1,10,team2,Team 2 (E/W),48,72,14,♦,finished,2026-05-17T19:27:23.737282+00:00
5207,INPROC_E3141E,1,10,team2,Team 2 (E/W),41,79,39,♠,finished,2026-05-17T19:27:23.753423+00:00
5208,INPROC_B115B5,1,10,team1,Team 1 (N/S),65,55,4,♣,finished,2026-05-17T19:27:23.770201+00:00
5209,INPROC_CB6A15,1,10,team1,Team 1 (N/S),66,54,23,♥,finished,2026-05-17T19:27:23.786998+00:00
5210,INPROC_20339F,1,10,team1,Team 1 (N/S),66,54,10,♦,finished,2026-05-17T19:27:23.803929+00:00
5211,INPROC_B34F8A,1,10,team2,Team 2 (E/W),49,71,6,♣,finished,2026-05-17T19:27:23.821846+00:00
5212,INPROC_6F085F,1,10,team2,Team 2 (E/W),23,97,23,♥,finished,2026-05-17T19:27:23.838706+00:00
5213,INPROC_DEF33F,1,10,team2,Team 2 (E/W),30,90,8,♣,finished,2026-05-17T19:27:23.854241+00:00
5214,INPROC_BE3C02,1,10,team1,Team 1 (N/S),80,40,6,♣,finished,2026-05-17T19:27:23.869041+00:00
5215,INPROC_ECD4AB,1,10,team2,Team 2 (E/W),37,83,15,♦,finished,2026-05-17T19:27:23.880566+00:00
5216,INPROC_9CBF6A,1,10,team1,Team 1 (N/S),84,36,28,♥,finished,2026-05-17T19:27:23.894115+00:00
5217,INPROC_F829E0,1,10,team2,Team 2 (E/W),44,76,26,♥,finished,2026-05-17T19:27:23.908699+00:00
5218,INPROC_5509C3,1,10,team2,Team 2 (E/W),41,79,30,♠,finished,2026-05-17T19:27:23.922313+00:00
5219,INPROC_B6CAC1,1,10,team1,Team 1 (N/S),79,41,15,♦,finished,2026-05-17T19:27:23.939024+00:00
5220,INPROC_4EBE26,1,10,team1,Team 1 (N/S),75,45,38,♠,finished,2026-05-17T19:27:23.955383+00:00
5221,INPROC_3FFFB7,1,10,team2,Team 2 (E/W),55,65,1,♣,finished,2026-05-17T19:27:23.971409+00:00
5222,INPROC_81E947,1,10,team2,Team 2 (E/W),46,74,18,♦,finished,2026-05-17T19:27:23.989102+00:00
5223,INPROC_60E77A,1,10,team1,Team 1 (N/S),64,56,16,♦,finished,2026-05-17T19:27:24.005422+00:00
5224,INPROC_3533C2,1,10,team2,Team 2 (E/W),25,95,25,♥,finished,2026-05-17T19:27:24.023000+00:00
5225,INPROC_B93C02,1,10,team2,Team 2 (E/W),47,73,16,♦,finished,2026-05-17T19:27:24.037585+00:00
5226,INPROC_12C99E,1,10,team1,Team 1 (N/S),88,32,8,♣,finished,2026-05-17T19:27:24.055768+00:00
5227,INPROC_7ED6BC,1,10,team1,Team 1 (N/S),73,47,36,♠,finished,2026-05-17T19:27:24.072900+00:00
5228,INPROC_283791,1,10,team2,Team 2 (E/W),13,107,14,♦,finished,2026-05-17T19:27:24.091095+00:00
5229,INPROC_A66F0E,1,10,team1,Team 1 (N/S),96,24,17,♦,finished,2026-05-17T19:27:24.108452+00:00
5230,INPROC_D6069C,1,10,team2,Team 2 (E/W),15,105,20,♥,finished,2026-05-17T19:27:24.123643+00:00
5231,INPROC_B8F597,1,10,team1,Team 1 (N/S),62,58,29,♥,finished,2026-05-17T19:27:24.140233+00:00
5232,INPROC_17406E,1,10,team1,Team 1 (N/S),95,25,31,♠,finished,2026-05-17T19:27:24.153000+00:00
5233,INPROC_5B578F,1,10,team1,Team 1 (N/S),98,22,21,♥,finished,2026-05-17T19:27:24.163872+00:00
5234,INPROC_713680,1,10,team2,Team 2 (E/W),54,66,32,♠,finished,2026-05-17T19:27:24.182032+00:00
5235,INPROC_33752E,1,10,team1,Team 1 (N/S),81,39,17,♦,finished,2026-05-17T19:27:24.198914+00:00
5236,INPROC_E3CC38,1,10,team2,Team 2 (E/W),27,93,0,♣,finished,2026-05-17T19:27:24.218320+00:00
5237,INPROC_3647A9,1,10,team1,Team 1 (N/S),80,40,31,♠,finished,2026-05-17T19:27:24.234604+00:00
5238,INPROC_3AEE2A,1,10,team1,Team 1 (N/S),65,55,23,♥,finished,2026-05-17T19:27:24.253727+00:00
5239,INPROC_3BE095,1,10,team1,Team 1 (N/S),91,29,2,♣,finished,2026-05-17T19:27:24.270471+00:00
5240,INPROC_D661EA,1,10,team2,Team 2 (E/W),47,73,14,♦,finished,2026-05-17T19:27:24.285630+00:00
5241,INPROC_D0EDBC,1,10,draw,draw,60,60,28,♥,finished,2026-05-17T19:27:24.301799+00:00
5242,INPROC_E365C7,1,10,team2,Team 2 (E/W),44,76,34,♠,finished,2026-05-17T19:27:24.317658+00:00
5243,INPROC_7A53F6,1,10,team1,Team 1 (N/S),72,48,8,♣,finished,2026-05-17T19:27:24.334576+00:00
5244,INPROC_BC611B,1,10,team2,Team 2 (E/W),24,96,23,♥,finished,2026-05-17T19:27:24.350761+00:00
5245,INPROC_4EEC32,1,10,team2,Team 2 (E/W),16,104,11,♦,finished,2026-05-17T19:27:24.368694+00:00
5246,INPROC_5F6379,1,10,team2,Team 2 (E/W),43,77,15,♦,finished,2026-05-17T19:27:24.379690+00:00
5247,INPROC_DC0CF8,1,10,team2,Team 2 (E/W),30,90,19,♦,finished,2026-05-17T19:27:24.397572+00:00
5248,INPROC_83E5E6,1,10,team1,Team 1 (N/S),68,52,0,♣,finished,2026-05-17T19:27:24.412071+00:00
5249,INPROC_43BD26,1,10,team1,Team 1 (N/S),78,42,12,♦,finished,2026-05-17T19:27:24.425818+00:00
5250,INPROC_1CD3EF,1,10,team2,Team 2 (E/W),32,88,18,♦,finished,2026-05-17T19:27:24.441089+00:00
5251,INPROC_C374EA,1,10,team2,Team 2 (E/W),18,102,37,♠,finished,2026-05-17T19:27:24.457527+00:00
5252,INPROC_D593CB,1,10,team1,Team 1 (N/S),64,56,10,♦,finished,2026-05-17T19:27:24.474917+00:00
5253,INPROC_A41B15,1,10,team1,Team 1 (N/S),90,30,35,♠,finished,2026-05-17T19:27:24.492948+00:00
5254,INPROC_8BA459,1,10,team2,Team 2 (E/W),48,72,37,♠,finished,2026-05-17T19:27:24.512474+00:00
5255,INPROC_0E2884,1,10,team2,Team 2 (E/W),56,64,2,♣,finished,2026-05-17T19:27:24.531228+00:00
5256,INPROC_9A7270,1,10,team1,Team 1 (N/S),74,46,0,♣,finished,2026-05-17T19:27:24.547778+00:00
5257,INPROC_185696,1,10,team2,Team 2 (E/W),27,93,35,♠,finished,2026-05-17T19:27:24.563187+00:00
5258,INPROC_D02822,1,10,team2,Team 2 (E/W),31,89,21,♥,finished,2026-05-17T19:27:24.577043+00:00
5259,INPROC_078787,1,10,team1,Team 1 (N/S),73,47,34,♠,finished,2026-05-17T19:27:24.592495+00:00
5260,INPROC_CB0FBA,1,10,team2,Team 2 (E/W),19,101,9,♣,finished,2026-05-17T19:27:24.610170+00:00
5261,INPROC_3A4B11,1,10,team2,Team 2 (E/W),24,96,37,♠,finished,2026-05-17T19:27:24.626225+00:00
5262,INPROC_CD74AB,1,10,team1,Team 1 (N/S),83,37,34,♠,finished,2026-05-17T19:27:24.644018+00:00
5263,INPROC_216007,1,10,team2,Team 2 (E/W),51,69,19,♦,finished,2026-05-17T19:27:24.662145+00:00
5264,INPROC_52BA17,1,10,team2,Team 2 (E/W),51,69,11,♦,finished,2026-05-17T19:27:24.677424+00:00
5265,INPROC_52C039,1,10,team2,Team 2 (E/W),56,64,4,♣,finished,2026-05-17T19:27:24.689287+00:00
5266,INPROC_9CC12A,1,10,team2,Team 2 (E/W),56,64,28,♥,finished,2026-05-17T19:27:24.701245+00:00
5267,INPROC_BB494A,1,10,team1,Team 1 (N/S),76,44,37,♠,finished,2026-05-17T19:27:24.712790+00:00
5268,INPROC_C75127,1,10,team2,Team 2 (E/W),58,62,1,♣,finished,2026-05-17T19:27:24.728715+00:00
5269,INPROC_E4BAD0,1,10,team1,Team 1 (N/S),87,33,34,♠,finished,2026-05-17T19:27:24.746027+00:00
5270,INPROC_67D530,1,10,team2,Team 2 (E/W),41,79,24,♥,finished,2026-05-17T19:27:24.761295+00:00
5271,INPROC_18E86A,1,10,team1,Team 1 (N/S),91,29,39,♠,finished,2026-05-17T19:27:24.778779+00:00
5272,INPROC_F96F4B,1,10,team2,Team 2 (E/W),21,99,36,♠,finished,2026-05-17T19:27:24.795370+00:00
5273,INPROC_D47BB7,1,10,team2,Team 2 (E/W),27,93,19,♦,finished,2026-05-17T19:27:24.810898+00:00
5274,INPROC_8E8410,1,10,team2,Team 2 (E/W),18,102,22,♥,finished,2026-05-17T19:27:24.827636+00:00
5275,INPROC_D9DE96,1,10,team1,Team 1 (N/S),99,21,36,♠,finished,2026-05-17T19:27:24.847148+00:00
5276,INPROC_996FEA,1,10,team2,Team 2 (E/W),40,80,6,♣,finished,2026-05-17T19:27:24.863008+00:00
5277,INPROC_0B4385,1,10,team1,Team 1 (N/S),68,52,33,♠,finished,2026-05-17T19:27:24.880910+00:00
5278,INPROC_D71844,1,10,team1,Team 1 (N/S),82,38,10,♦,finished,2026-05-17T19:27:24.898075+00:00
5279,INPROC_A49E9E,1,10,team2,Team 2 (E/W),40,80,28,♥,finished,2026-05-17T19:27:24.917345+00:00
5280,INPROC_B41B07,1,10,team1,Team 1 (N/S),80,40,24,♥,finished,2026-05-17T19:27:24.937504+00:00
5281,INPROC_20E02A,1,10,team1,Team 1 (N/S),91,29,28,♥,finished,2026-05-17T19:27:24.954430+00:00
5282,INPROC_106CB6,1,10,team1,Team 1 (N/S),78,42,14,♦,finished,2026-05-17T19:27:24.966799+00:00
5283,INPROC_9B8554,1,10,team2,Team 2 (E/W),0,120,23,♥,finished,2026-05-17T19:27:24.988758+00:00
5284,INPROC_E7F9F9,1,10,team1,Team 1 (N/S),86,34,37,♠,finished,2026-05-17T19:27:25.010972+00:00
5285,INPROC_2F5A1C,1,10,team2,Team 2 (E/W),58,62,19,♦,finished,2026-05-17T19:27:25.037559+00:00
5286,INPROC_9A637F,1,10,team1,Team 1 (N/S),94,26,4,♣,finished,2026-05-17T19:27:25.055669+00:00
5287,INPROC_1B37DB,1,10,team1,Team 1 (N/S),61,59,32,♠,finished,2026-05-17T19:27:25.074405+00:00
5288,INPROC_279755,1,10,team2,Team 2 (E/W),26,94,10,♦,finished,2026-05-17T19:27:25.090764+00:00
5289,INPROC_0A61A6,1,10,team2,Team 2 (E/W),28,92,16,♦,finished,2026-05-17T19:27:25.108138+00:00
5290,INPROC_9D07CE,1,10,team1,Team 1 (N/S),80,40,5,♣,finished,2026-05-17T19:27:25.124178+00:00
5291,INPROC_9C9A1A,1,10,team1,Team 1 (N/S),67,53,39,♠,finished,2026-05-17T19:27:25.144196+00:00
5292,INPROC_959764,1,10,team1,Team 1 (N/S),77,43,1,♣,finished,2026-05-17T19:27:25.162091+00:00
5293,INPROC_70E2C4,1,10,team2,Team 2 (E/W),42,78,4,♣,finished,2026-05-17T19:27:25.180674+00:00
5294,INPROC_602AEE,1,10,team1,Team 1 (N/S),62,58,35,♠,finished,2026-05-17T19:27:25.200310+00:00
5295,INPROC_7DD893,1,10,team2,Team 2 (E/W),6,114,7,♣,finished,2026-05-17T19:27:25.213959+00:00
5296,INPROC_54943A,1,10,team1,Team 1 (N/S),118,2,11,♦,finished,2026-05-17T19:27:25.225226+00:00
5297,INPROC_96D2F2,1,10,team1,Team 1 (N/S),64,56,28,♥,finished,2026-05-17T19:27:25.239913+00:00
5298,INPROC_86F185,1,10,team1,Team 1 (N/S),65,55,6,♣,finished,2026-05-17T19:27:25.254760+00:00
5299,INPROC_54CA9A,1,10,team1,Team 1 (N/S),68,52,2,♣,finished,2026-05-17T19:27:25.273171+00:00
5300,INPROC_0D3934,1,10,team2,Team 2 (E/W),37,83,33,♠,finished,2026-05-17T19:27:25.292834+00:00
5301,INPROC_3AF519,1,10,team2,Team 2 (E/W),35,85,30,♠,finished,2026-05-17T19:27:25.312553+00:00
5302,INPROC_A2515F,1,10,team1,Team 1 (N/S),74,46,25,♥,finished,2026-05-17T19:27:25.331914+00:00
5303,INPROC_3CEA56,1,10,team1,Team 1 (N/S),84,36,5,♣,finished,2026-05-17T19:27:25.350633+00:00
5304,INPROC_4502D9,1,10,team2,Team 2 (E/W),52,68,22,♥,finished,2026-05-17T19:27:25.368937+00:00
5305,INPROC_1E985E,1,10,team2,Team 2 (E/W),29,91,7,♣,finished,2026-05-17T19:27:25.385049+00:00
5306,INPROC_B16638,1,10,team1,Team 1 (N/S),107,13,34,♠,finished,2026-05-17T19:27:25.400075+00:00
5307,INPROC_2CF0B1,1,10,team2,Team 2 (E/W),46,74,22,♥,finished,2026-05-17T19:27:25.414671+00:00
5308,INPROC_2C83C1,1,10,team1,Team 1 (N/S),66,54,1,♣,finished,2026-05-17T19:27:25.430805+00:00
5309,INPROC_D1F05E,1,10,team1,Team 1 (N/S),98,22,25,♥,finished,2026-05-17T19:27:25.446093+00:00
5310,INPROC_5D9B35,1,10,team1,Team 1 (N/S),68,52,5,♣,finished,2026-05-17T19:27:25.462413+00:00
5311,INPROC_9981F0,1,10,team1,Team 1 (N/S),61,59,17,♦,finished,2026-05-17T19:27:25.479715+00:00
5312,INPROC_0B951A,1,10,team2,Team 2 (E/W),22,98,38,♠,finished,2026-05-17T19:27:25.491094+00:00
5313,INPROC_FAD3C7,1,10,team1,Team 1 (N/S),93,27,31,♠,finished,2026-05-17T19:27:25.503944+00:00
5314,INPROC_88FD50,1,10,team2,Team 2 (E/W),29,91,25,♥,finished,2026-05-17T19:27:25.517579+00:00
5315,INPROC_8E1828,1,10,team1,Team 1 (N/S),63,57,12,♦,finished,2026-05-17T19:27:25.534396+00:00
5316,INPROC_2FDFD8,1,10,team1,Team 1 (N/S),67,53,1,♣,finished,2026-05-17T19:27:25.552462+00:00
5317,INPROC_752097,1,10,team1,Team 1 (N/S),67,53,30,♠,finished,2026-05-17T19:27:25.570691+00:00
5318,INPROC_92EC90,1,10,team1,Team 1 (N/S),71,49,31,♠,finished,2026-05-17T19:27:25.587519+00:00
5319,INPROC_6711A2,1,10,team1,Team 1 (N/S),97,23,13,♦,finished,2026-05-17T19:27:25.604511+00:00
5320,INPROC_0ECE5D,1,10,team2,Team 2 (E/W),57,63,32,♠,finished,2026-05-17T19:27:25.625071+00:00
5321,INPROC_0FD02D,1,10,team2,Team 2 (E/W),57,63,20,♥,finished,2026-05-17T19:27:25.643564+00:00
5322,INPROC_2EEBA4,1,10,team1,Team 1 (N/S),70,50,1,♣,finished,2026-05-17T19:27:25.664461+00:00
5323,INPROC_42A07D,1,10,team1,Team 1 (N/S),75,45,15,♦,finished,2026-05-17T19:27:25.684658+00:00
5324,INPROC_F558E4,1,10,team1,Team 1 (N/S),68,52,21,♥,finished,2026-05-17T19:27:25.701776+00:00
5325,INPROC_5CA0DA,1,10,team1,Team 1 (N/S),84,36,7,♣,finished,2026-05-17T19:27:25.717323+00:00
5326,INPROC_228198,1,10,team1,Team 1 (N/S),73,47,37,♠,finished,2026-05-17T19:27:25.735442+00:00
5327,INPROC_BFD1A9,1,10,team2,Team 2 (E/W),38,82,27,♥,finished,2026-05-17T19:27:25.750559+00:00
5328,INPROC_0340C6,1,10,team2,Team 2 (E/W),47,73,36,♠,finished,2026-05-17T19:27:25.761688+00:00
5329,INPROC_A55F30,1,10,team2,Team 2 (E/W),19,101,27,♥,finished,2026-05-17T19:27:25.773676+00:00
5330,INPROC_6ACC8F,1,10,team2,Team 2 (E/W),45,75,12,♦,finished,2026-05-17T19:27:25.793316+00:00
5331,INPROC_54AF47,1,10,team2,Team 2 (E/W),41,79,39,♠,finished,2026-05-17T19:27:25.809986+00:00
5332,INPROC_CA1969,1,10,team2,Team 2 (E/W),33,87,11,♦,finished,2026-05-17T19:27:25.827096+00:00
5333,INPROC_B4367D,1,10,team1,Team 1 (N/S),88,32,15,♦,finished,2026-05-17T19:27:25.847445+00:00
5334,INPROC_8B55B5,1,10,team1,Team 1 (N/S),92,28,37,♠,finished,2026-05-17T19:27:25.866805+00:00
5335,INPROC_6BDFED,1,10,team1,Team 1 (N/S),78,42,7,♣,finished,2026-05-17T19:27:25.881044+00:00
5336,INPROC_B6D252,1,10,team1,Team 1 (N/S),63,57,6,♣,finished,2026-05-17T19:27:25.896547+00:00
5337,INPROC_E4232E,1,10,team1,Team 1 (N/S),79,41,8,♣,finished,2026-05-17T19:27:25.913181+00:00
5338,INPROC_EBBE04,1,10,team1,Team 1 (N/S),75,45,29,♥,finished,2026-05-17T19:27:25.929489+00:00
5339,INPROC_1B2E4E,1,10,team1,Team 1 (N/S),63,57,17,♦,finished,2026-05-17T19:27:25.945170+00:00
5340,INPROC_373CB7,1,10,team2,Team 2 (E/W),55,65,39,♠,finished,2026-05-17T19:27:25.961969+00:00
5341,INPROC_80531B,1,10,team1,Team 1 (N/S),83,37,17,♦,finished,2026-05-17T19:27:25.974862+00:00
5342,INPROC_186D8A,1,10,team2,Team 2 (E/W),18,102,11,♦,finished,2026-05-17T19:27:25.989038+00:00
5343,INPROC_11D72E,1,10,team2,Team 2 (E/W),6,114,35,♠,finished,2026-05-17T19:27:26.004296+00:00
5344,INPROC_74D3E7,1,10,team1,Team 1 (N/S),77,43,12,♦,finished,2026-05-17T19:27:26.017755+00:00
5345,INPROC_BF746D,1,10,team2,Team 2 (E/W),33,87,30,♠,finished,2026-05-17T19:27:26.028597+00:00
5346,INPROC_03403B,1,10,team1,Team 1 (N/S),99,21,26,♥,finished,2026-05-17T19:27:26.042760+00:00
5347,INPROC_14836B,1,10,team2,Team 2 (E/W),36,84,12,♦,finished,2026-05-17T19:27:26.058583+00:00
5348,INPROC_E33A75,1,10,team1,Team 1 (N/S),62,58,26,♥,finished,2026-05-17T19:27:26.076316+00:00
5349,INPROC_95F746,1,10,team2,Team 2 (E/W),11,109,27,♥,finished,2026-05-17T19:27:26.095838+00:00
5350,INPROC_07009A,1,10,team2,Team 2 (E/W),52,68,26,♥,finished,2026-05-17T19:27:26.116798+00:00
5351,INPROC_2C983D,1,10,team1,Team 1 (N/S),76,44,12,♦,finished,2026-05-17T19:27:26.136195+00:00
5352,INPROC_9A0EF4,1,10,team1,Team 1 (N/S),68,52,1,♣,finished,2026-05-17T19:27:26.155575+00:00
5353,INPROC_4534E1,1,10,team1,Team 1 (N/S),97,23,28,♥,finished,2026-05-17T19:27:26.175696+00:00
5354,INPROC_796ED2,1,10,team1,Team 1 (N/S),73,47,28,♥,finished,2026-05-17T19:27:26.192015+00:00
5355,INPROC_087BDF,1,10,team1,Team 1 (N/S),86,34,15,♦,finished,2026-05-17T19:27:26.208034+00:00
5356,INPROC_DFE9A7,1,10,team2,Team 2 (E/W),23,97,9,♣,finished,2026-05-17T19:27:26.224942+00:00
5357,INPROC_07EFC6,1,10,team1,Team 1 (N/S),84,36,33,♠,finished,2026-05-17T19:27:26.243832+00:00
5358,INPROC_A7D841,1,10,team2,Team 2 (E/W),40,80,8,♣,finished,2026-05-17T19:27:26.262169+00:00
5359,INPROC_70E69C,1,10,team2,Team 2 (E/W),43,77,33,♠,finished,2026-05-17T19:27:26.279754+00:00
5360,INPROC_C46D22,1,10,team1,Team 1 (N/S),85,35,24,♥,finished,2026-05-17T19:27:26.293176+00:00
5361,INPROC_E86395,1,10,team2,Team 2 (E/W),27,93,11,♦,finished,2026-05-17T19:27:26.306182+00:00
5362,INPROC_A21F45,1,10,team2,Team 2 (E/W),23,97,19,♦,finished,2026-05-17T19:27:26.319439+00:00
5363,INPROC_76AD40,1,10,team2,Team 2 (E/W),35,85,38,♠,finished,2026-05-17T19:27:26.333258+00:00
5364,INPROC_A633B3,1,10,team1,Team 1 (N/S),64,56,14,♦,finished,2026-05-17T19:27:26.350188+00:00
5365,INPROC_AA158D,1,10,team2,Team 2 (E/W),50,70,14,♦,finished,2026-05-17T19:27:26.366326+00:00
5366,INPROC_842D46,1,10,team2,Team 2 (E/W),47,73,38,♠,finished,2026-05-17T19:27:26.386792+00:00
5367,INPROC_BE278F,1,10,team1,Team 1 (N/S),61,59,24,♥,finished,2026-05-17T19:27:26.405099+00:00
5368,INPROC_394EEC,1,10,team2,Team 2 (E/W),41,79,25,♥,finished,2026-05-17T19:27:26.422824+00:00
5369,INPROC_8C0AE4,1,10,team1,Team 1 (N/S),93,27,28,♥,finished,2026-05-17T19:27:26.442813+00:00
5370,INPROC_BC5467,1,10,team2,Team 2 (E/W),15,105,3,♣,finished,2026-05-17T19:27:26.459700+00:00
5371,INPROC_102FB2,1,10,team1,Team 1 (N/S),93,27,15,♦,finished,2026-05-17T19:27:26.479366+00:00
5372,INPROC_6CA9F0,1,10,team1,Team 1 (N/S),69,51,11,♦,finished,2026-05-17T19:27:26.494126+00:00
5373,INPROC_337F37,1,10,team1,Team 1 (N/S),66,54,3,♣,finished,2026-05-17T19:27:26.511996+00:00
5374,INPROC_E9F03F,1,10,team2,Team 2 (E/W),57,63,14,♦,finished,2026-05-17T19:27:26.530977+00:00
5375,INPROC_15A889,1,10,team1,Team 1 (N/S),83,37,27,♥,finished,2026-05-17T19:27:26.546417+00:00
5376,INPROC_3B9C25,1,10,team2,Team 2 (E/W),36,84,18,♦,finished,2026-05-17T19:27:26.560498+00:00
5377,INPROC_22E831,1,10,team1,Team 1 (N/S),95,25,22,♥,finished,2026-05-17T19:27:26.576961+00:00
5378,INPROC_F69D78,1,10,team1,Team 1 (N/S),91,29,39,♠,finished,2026-05-17T19:27:26.590222+00:00
5379,INPROC_9F44CD,1,10,team1,Team 1 (N/S),62,58,8,♣,finished,2026-05-17T19:27:26.606316+00:00
5380,INPROC_860CA8,1,10,team1,Team 1 (N/S),62,58,38,♠,finished,2026-05-17T19:27:26.619609+00:00
5381,INPROC_9873B1,1,10,team1,Team 1 (N/S),75,45,34,♠,finished,2026-05-17T19:27:26.635403+00:00
5382,INPROC_C43478,1,10,team1,Team 1 (N/S),81,39,3,♣,finished,2026-05-17T19:27:26.651400+00:00
5383,INPROC_1FB7EB,1,10,team2,Team 2 (E/W),32,88,37,♠,finished,2026-05-17T19:27:26.666541+00:00
5384,INPROC_0CC239,1,10,team1,Team 1 (N/S),74,46,12,♦,finished,2026-05-17T19:27:26.683003+00:00
5385,INPROC_D34C56,1,10,team2,Team 2 (E/W),52,68,27,♥,finished,2026-05-17T19:27:26.701228+00:00
5386,INPROC_C704FA,1,10,team2,Team 2 (E/W),43,77,1,♣,finished,2026-05-17T19:27:26.715831+00:00
5387,INPROC_5FE0F7,1,10,team2,Team 2 (E/W),28,92,25,♥,finished,2026-05-17T19:27:26.733979+00:00
5388,INPROC_7C5A05,1,10,team1,Team 1 (N/S),74,46,18,♦,finished,2026-05-17T19:27:26.748755+00:00
5389,INPROC_5F9D02,1,10,team1,Team 1 (N/S),84,36,22,♥,finished,2026-05-17T19:27:26.762274+00:00
5390,INPROC_18B3EE,1,10,team2,Team 2 (E/W),59,61,31,♠,finished,2026-05-17T19:27:26.778272+00:00
5391,INPROC_E43F45,1,10,team1,Team 1 (N/S),64,56,14,♦,finished,2026-05-17T19:27:26.794850+00:00
5392,INPROC_F263E9,1,10,team2,Team 2 (E/W),26,94,25,♥,finished,2026-05-17T19:27:26.811770+00:00
5393,INPROC_DB9D12,1,10,team2,Team 2 (E/W),37,83,2,♣,finished,2026-05-17T19:27:26.827167+00:00
5394,INPROC_A8F4CF,1,10,team1,Team 1 (N/S),94,26,23,♥,finished,2026-05-17T19:27:26.844325+00:00
5395,INPROC_9EFBF5,1,10,team2,Team 2 (E/W),18,102,25,♥,finished,2026-05-17T19:27:26.864165+00:00
5396,INPROC_7AF900,1,10,team1,Team 1 (N/S),64,56,4,♣,finished,2026-05-17T19:27:26.883855+00:00
5397,INPROC_B29BD2,1,10,team2,Team 2 (E/W),34,86,0,♣,finished,2026-05-17T19:27:26.902141+00:00
5398,INPROC_3179A1,1,10,team1,Team 1 (N/S),78,42,34,♠,finished,2026-05-17T19:27:26.916414+00:00
5399,INPROC_182DCB,1,10,team2,Team 2 (E/W),4,116,9,♣,finished,2026-05-17T19:27:26.935808+00:00
5400,INPROC_67DD74,1,10,team1,Team 1 (N/S),89,31,21,♥,finished,2026-05-17T19:27:26.954942+00:00
5401,INPROC_51C75B,1,10,team1,Team 1 (N/S),65,55,32,♠,finished,2026-05-17T19:27:26.974476+00:00
5402,INPROC_6BEE51,1,10,team1,Team 1 (N/S),80,40,8,♣,finished,2026-05-17T19:27:26.989574+00:00
5403,INPROC_74F2D1,1,10,team2,Team 2 (E/W),47,73,24,♥,finished,2026-05-17T19:27:27.003101+00:00
5404,INPROC_24012F,1,10,team2,Team 2 (E/W),47,73,15,♦,finished,2026-05-17T19:27:27.018415+00:00
5405,INPROC_671F48,1,10,team2,Team 2 (E/W),24,96,39,♠,finished,2026-05-17T19:27:27.038494+00:00
5406,INPROC_31DBEA,1,10,team1,Team 1 (N/S),75,45,2,♣,finished,2026-05-17T19:27:27.057420+00:00
5407,INPROC_D146CD,1,10,team2,Team 2 (E/W),49,71,1,♣,finished,2026-05-17T19:27:27.074541+00:00
5408,INPROC_01A198,1,10,team1,Team 1 (N/S),97,23,37,♠,finished,2026-05-17T19:27:27.091469+00:00
5409,INPROC_1D42DB,1,10,team2,Team 2 (E/W),21,99,32,♠,finished,2026-05-17T19:27:27.106275+00:00
5410,INPROC_79023B,1,10,team2,Team 2 (E/W),58,62,6,♣,finished,2026-05-17T19:27:27.118065+00:00
5411,INPROC_9B3976,1,10,team1,Team 1 (N/S),71,49,31,♠,finished,2026-05-17T19:27:27.135013+00:00
5412,INPROC_E4F6C2,1,10,team1,Team 1 (N/S),81,39,6,♣,finished,2026-05-17T19:27:27.150782+00:00
5413,INPROC_E8DA57,1,10,team1,Team 1 (N/S),61,59,2,♣,finished,2026-05-17T19:27:27.167863+00:00
5414,INPROC_9E7B12,1,10,team1,Team 1 (N/S),62,58,23,♥,finished,2026-05-17T19:27:27.185202+00:00
5415,INPROC_EBFB22,1,10,team2,Team 2 (E/W),54,66,29,♥,finished,2026-05-17T19:27:27.202125+00:00
5416,INPROC_0330E0,1,10,team2,Team 2 (E/W),38,82,31,♠,finished,2026-05-17T19:27:27.218150+00:00
5417,INPROC_7E6940,1,10,team2,Team 2 (E/W),25,95,18,♦,finished,2026-05-17T19:27:27.236244+00:00
5418,INPROC_BC126B,1,10,team2,Team 2 (E/W),46,74,2,♣,finished,2026-05-17T19:27:27.257425+00:00
5419,INPROC_CC70D4,1,10,team1,Team 1 (N/S),81,39,18,♦,finished,2026-05-17T19:27:27.276796+00:00
5420,INPROC_502BB6,1,10,team2,Team 2 (E/W),36,84,36,♠,finished,2026-05-17T19:27:27.297606+00:00
5421,INPROC_BFE940,1,10,team1,Team 1 (N/S),82,38,2,♣,finished,2026-05-17T19:27:27.317689+00:00
5422,INPROC_976E94,1,10,team1,Team 1 (N/S),92,28,6,♣,finished,2026-05-17T19:27:27.335879+00:00
5423,INPROC_75D552,1,10,team1,Team 1 (N/S),70,50,10,♦,finished,2026-05-17T19:27:27.348925+00:00
5424,INPROC_14FF96,1,10,team1,Team 1 (N/S),77,43,13,♦,finished,2026-05-17T19:27:27.361132+00:00
5425,INPROC_946786,1,10,team1,Team 1 (N/S),102,18,1,♣,finished,2026-05-17T19:27:27.376650+00:00
5426,INPROC_946396,1,10,team2,Team 2 (E/W),48,72,19,♦,finished,2026-05-17T19:27:27.392572+00:00
5427,INPROC_96416F,1,10,team1,Team 1 (N/S),74,46,16,♦,finished,2026-05-17T19:27:27.408928+00:00
5428,INPROC_889B50,1,10,team2,Team 2 (E/W),45,75,15,♦,finished,2026-05-17T19:27:27.426959+00:00
5429,INPROC_8C375F,1,10,team2,Team 2 (E/W),43,77,20,♥,finished,2026-05-17T19:27:27.444866+00:00
5430,INPROC_76EF73,1,10,team1,Team 1 (N/S),76,44,15,♦,finished,2026-05-17T19:27:27.461942+00:00
5431,INPROC_938AAE,1,10,team1,Team 1 (N/S),92,28,21,♥,finished,2026-05-17T19:27:27.479573+00:00
5432,INPROC_481AF1,1,10,team1,Team 1 (N/S),67,53,39,♠,finished,2026-05-17T19:27:27.497001+00:00
5433,INPROC_80A4A6,1,10,team2,Team 2 (E/W),49,71,9,♣,finished,2026-05-17T19:27:27.512660+00:00
5434,INPROC_2BF065,1,10,team2,Team 2 (E/W),58,62,22,♥,finished,2026-05-17T19:27:27.528905+00:00
5435,INPROC_89080B,1,10,team2,Team 2 (E/W),15,105,31,♠,finished,2026-05-17T19:27:27.546571+00:00
5436,INPROC_5234F6,1,10,team1,Team 1 (N/S),80,40,14,♦,finished,2026-05-17T19:27:27.561977+00:00
5437,INPROC_F2428A,1,10,team2,Team 2 (E/W),40,80,33,♠,finished,2026-05-17T19:27:27.577190+00:00
5438,INPROC_38CB7A,1,10,team1,Team 1 (N/S),79,41,7,♣,finished,2026-05-17T19:27:27.593021+00:00
5439,INPROC_F9B222,1,10,team1,Team 1 (N/S),79,41,26,♥,finished,2026-05-17T19:27:27.610420+00:00
5440,INPROC_8E7038,1,10,team1,Team 1 (N/S),70,50,33,♠,finished,2026-05-17T19:27:27.621989+00:00
5441,INPROC_84826D,1,10,team1,Team 1 (N/S),67,53,6,♣,finished,2026-05-17T19:27:27.637042+00:00
5442,INPROC_0868A5,1,10,team1,Team 1 (N/S),65,55,16,♦,finished,2026-05-17T19:27:27.651045+00:00
5443,INPROC_4DDAEB,1,10,team2,Team 2 (E/W),45,75,5,♣,finished,2026-05-17T19:27:27.667867+00:00
5444,INPROC_4E257C,1,10,team2,Team 2 (E/W),40,80,1,♣,finished,2026-05-17T19:27:27.681894+00:00
5445,INPROC_C6831E,1,10,team2,Team 2 (E/W),25,95,3,♣,finished,2026-05-17T19:27:27.697206+00:00
5446,INPROC_E1BA60,1,10,team1,Team 1 (N/S),86,34,23,♥,finished,2026-05-17T19:27:27.712424+00:00
5447,INPROC_47C186,1,10,team2,Team 2 (E/W),52,68,33,♠,finished,2026-05-17T19:27:27.727884+00:00
5448,INPROC_AF24AE,1,10,team1,Team 1 (N/S),62,58,11,♦,finished,2026-05-17T19:27:27.744086+00:00
5449,INPROC_574C16,1,10,team2,Team 2 (E/W),44,76,8,♣,finished,2026-05-17T19:27:27.761983+00:00
5450,INPROC_BB236E,1,10,team2,Team 2 (E/W),35,85,29,♥,finished,2026-05-17T19:27:27.779905+00:00
5451,INPROC_9614E4,1,10,team2,Team 2 (E/W),30,90,32,♠,finished,2026-05-17T19:27:27.799309+00:00
5452,INPROC_B64019,1,10,team1,Team 1 (N/S),92,28,25,♥,finished,2026-05-17T19:27:27.818097+00:00
5453,INPROC_7C43E2,1,10,team1,Team 1 (N/S),65,55,11,♦,finished,2026-05-17T19:27:27.834954+00:00
5454,INPROC_184D27,1,10,team2,Team 2 (E/W),46,74,33,♠,finished,2026-05-17T19:27:27.851515+00:00
5455,INPROC_9288AB,1,10,team2,Team 2 (E/W),44,76,38,♠,finished,2026-05-17T19:27:27.866856+00:00
5456,INPROC_224EB6,1,10,team2,Team 2 (E/W),21,99,1,♣,finished,2026-05-17T19:27:27.885174+00:00
5457,INPROC_68394C,1,10,team2,Team 2 (E/W),54,66,28,♥,finished,2026-05-17T19:27:27.898129+00:00
5458,INPROC_2A2A59,1,10,team2,Team 2 (E/W),37,83,20,♥,finished,2026-05-17T19:27:27.909729+00:00
5459,INPROC_E5BA0D,1,10,team2,Team 2 (E/W),17,103,31,♠,finished,2026-05-17T19:27:27.925731+00:00
5460,INPROC_3A0E16,1,10,team2,Team 2 (E/W),20,100,25,♥,finished,2026-05-17T19:27:27.940588+00:00
5461,INPROC_4E206A,1,10,team2,Team 2 (E/W),55,65,13,♦,finished,2026-05-17T19:27:27.961099+00:00
5462,INPROC_38773B,1,10,team2,Team 2 (E/W),58,62,26,♥,finished,2026-05-17T19:27:27.979716+00:00
5463,INPROC_994A1E,1,10,team2,Team 2 (E/W),47,73,15,♦,finished,2026-05-17T19:27:27.996049+00:00
5464,INPROC_76F5FA,1,10,team1,Team 1 (N/S),90,30,38,♠,finished,2026-05-17T19:27:28.013818+00:00
5465,INPROC_B4BC02,1,10,team1,Team 1 (N/S),70,50,15,♦,finished,2026-05-17T19:27:28.030709+00:00
5466,INPROC_FEE1E6,1,10,team2,Team 2 (E/W),29,91,31,♠,finished,2026-05-17T19:27:28.047614+00:00
5467,INPROC_6CDEA4,1,10,team2,Team 2 (E/W),31,89,29,♥,finished,2026-05-17T19:27:28.066713+00:00
5468,INPROC_4B31D1,1,10,team1,Team 1 (N/S),92,28,37,♠,finished,2026-05-17T19:27:28.084871+00:00
5469,INPROC_A8C6BA,1,10,team1,Team 1 (N/S),100,20,27,♥,finished,2026-05-17T19:27:28.102666+00:00
5470,INPROC_D6DDBD,1,10,team1,Team 1 (N/S),81,39,7,♣,finished,2026-05-17T19:27:28.119941+00:00
5471,INPROC_1CD095,1,10,team2,Team 2 (E/W),49,71,2,♣,finished,2026-05-17T19:27:28.135145+00:00
5472,INPROC_DF70E2,1,10,team2,Team 2 (E/W),52,68,31,♠,finished,2026-05-17T19:27:28.153020+00:00
5473,INPROC_84AD03,1,10,team2,Team 2 (E/W),58,62,36,♠,finished,2026-05-17T19:27:28.165286+00:00
5474,INPROC_ED563D,1,10,team1,Team 1 (N/S),97,23,15,♦,finished,2026-05-17T19:27:28.178484+00:00
5475,INPROC_E88436,1,10,team2,Team 2 (E/W),17,103,6,♣,finished,2026-05-17T19:27:28.190325+00:00
5476,INPROC_FAB309,1,10,team1,Team 1 (N/S),82,38,2,♣,finished,2026-05-17T19:27:28.207062+00:00
5477,INPROC_9250A5,1,10,team1,Team 1 (N/S),102,18,31,♠,finished,2026-05-17T19:27:28.226244+00:00
5478,INPROC_C65BF3,1,10,team2,Team 2 (E/W),32,88,19,♦,finished,2026-05-17T19:27:28.241765+00:00
5479,INPROC_456144,1,10,team1,Team 1 (N/S),82,38,31,♠,finished,2026-05-17T19:27:28.257926+00:00
5480,INPROC_4C475D,1,10,team2,Team 2 (E/W),34,86,4,♣,finished,2026-05-17T19:27:28.277847+00:00
5481,INPROC_87CBF7,1,10,team2,Team 2 (E/W),44,76,18,♦,finished,2026-05-17T19:27:28.292597+00:00
5482,INPROC_2BDBCC,1,10,team2,Team 2 (E/W),0,120,17,♦,finished,2026-05-17T19:27:28.311240+00:00
5483,INPROC_A4A8FD,1,10,team2,Team 2 (E/W),54,66,8,♣,finished,2026-05-17T19:27:28.331308+00:00
5484,INPROC_C012F3,1,10,team2,Team 2 (E/W),20,100,39,♠,finished,2026-05-17T19:27:28.349016+00:00
5485,INPROC_BB8076,1,10,team1,Team 1 (N/S),115,5,4,♣,finished,2026-05-17T19:27:28.368375+00:00
5486,INPROC_4353B3,1,10,team1,Team 1 (N/S),71,49,31,♠,finished,2026-05-17T19:27:28.386493+00:00
5487,INPROC_606CC1,1,10,team2,Team 2 (E/W),7,113,6,♣,finished,2026-05-17T19:27:28.403660+00:00
5488,INPROC_AA029F,1,10,team1,Team 1 (N/S),92,28,37,♠,finished,2026-05-17T19:27:28.424598+00:00
5489,INPROC_DEFBFD,1,10,team2,Team 2 (E/W),55,65,33,♠,finished,2026-05-17T19:27:28.441766+00:00
5490,INPROC_625D38,1,10,team1,Team 1 (N/S),71,49,11,♦,finished,2026-05-17T19:27:28.459791+00:00
5491,INPROC_A8AB3B,1,10,team2,Team 2 (E/W),51,69,32,♠,finished,2026-05-17T19:27:28.478011+00:00
5492,INPROC_2FBF3E,1,10,team1,Team 1 (N/S),75,45,30,♠,finished,2026-05-17T19:27:28.496478+00:00
5493,INPROC_DEB591,1,10,team2,Team 2 (E/W),43,77,18,♦,finished,2026-05-17T19:27:28.512987+00:00
5494,INPROC_47BF46,1,10,team2,Team 2 (E/W),50,70,3,♣,finished,2026-05-17T19:27:28.531952+00:00
5495,INPROC_CD1D17,1,10,team1,Team 1 (N/S),96,24,21,♥,finished,2026-05-17T19:27:28.549961+00:00
5496,INPROC_BAE81C,1,10,team2,Team 2 (E/W),26,94,39,♠,finished,2026-05-17T19:27:28.572385+00:00
5497,INPROC_C10ADA,1,10,team1,Team 1 (N/S),66,54,17,♦,finished,2026-05-17T19:27:28.591306+00:00
5498,INPROC_BCEA64,1,10,team1,Team 1 (N/S),78,42,20,♥,finished,2026-05-17T19:27:28.613208+00:00
5499,INPROC_4C39EA,1,10,team2,Team 2 (E/W),56,64,29,♥,finished,2026-05-17T19:27:28.629511+00:00
5500,INPROC_4BFECF,1,10,team1,Team 1 (N/S),80,40,17,♦,finished,2026-05-17T19:27:28.648094+00:00
5501,INPROC_207B61,1,10,team2,Team 2 (E/W),49,71,19,♦,finished,2026-05-17T19:27:28.667094+00:00
5502,INPROC_6804C7,1,10,team1,Team 1 (N/S),70,50,37,♠,finished,2026-05-17T19:27:28.684039+00:00
5503,INPROC_D2D79E,1,10,team1,Team 1 (N/S),100,20,28,♥,finished,2026-05-17T19:27:28.702536+00:00
5504,INPROC_753033,1,10,team1,Team 1 (N/S),78,42,12,♦,finished,2026-05-17T19:27:28.718554+00:00
5505,INPROC_003535,1,10,team2,Team 2 (E/W),16,104,19,♦,finished,2026-05-17T19:27:28.737499+00:00
5506,INPROC_ECADA9,1,10,team1,Team 1 (N/S),72,48,35,♠,finished,2026-05-17T19:27:28.756095+00:00
5507,INPROC_471486,1,10,team2,Team 2 (E/W),35,85,34,♠,finished,2026-05-17T19:27:28.774387+00:00
5508,INPROC_DC5684,1,10,team1,Team 1 (N/S),87,33,10,♦,finished,2026-05-17T19:27:28.790799+00:00
5509,INPROC_C1A806,1,10,team2,Team 2 (E/W),49,71,20,♥,finished,2026-05-17T19:27:28.808435+00:00
5510,INPROC_97280E,1,10,team1,Team 1 (N/S),90,30,24,♥,finished,2026-05-17T19:27:28.827044+00:00
5511,INPROC_CC911D,1,10,team2,Team 2 (E/W),56,64,33,♠,finished,2026-05-17T19:27:28.844374+00:00
5512,INPROC_2DA657,1,10,team2,Team 2 (E/W),47,73,13,♦,finished,2026-05-17T19:27:28.863387+00:00
5513,INPROC_2C328D,1,10,team1,Team 1 (N/S),71,49,11,♦,finished,2026-05-17T19:27:28.884428+00:00
5514,INPROC_47CF72,1,10,team1,Team 1 (N/S),84,36,4,♣,finished,2026-05-17T19:27:28.899998+00:00
5515,INPROC_8CA9DA,1,10,team2,Team 2 (E/W),41,79,15,♦,finished,2026-05-17T19:27:28.919504+00:00
5516,INPROC_2558ED,1,10,team2,Team 2 (E/W),43,77,25,♥,finished,2026-05-17T19:27:28.940388+00:00
5517,INPROC_7BD46F,1,10,team1,Team 1 (N/S),75,45,30,♠,finished,2026-05-17T19:27:28.961000+00:00
5518,INPROC_6077DB,1,10,team1,Team 1 (N/S),69,51,22,♥,finished,2026-05-17T19:27:28.977806+00:00
5519,INPROC_9F4421,1,10,team2,Team 2 (E/W),0,120,17,♦,finished,2026-05-17T19:27:28.992911+00:00
5520,INPROC_AD1470,1,10,team1,Team 1 (N/S),88,32,24,♥,finished,2026-05-17T19:27:29.011362+00:00
5521,INPROC_A590BE,1,10,team2,Team 2 (E/W),47,73,11,♦,finished,2026-05-17T19:27:29.032004+00:00
5522,INPROC_C12B99,1,10,team2,Team 2 (E/W),48,72,39,♠,finished,2026-05-17T19:27:29.049371+00:00
5523,INPROC_38F9AF,1,10,team2,Team 2 (E/W),15,105,16,♦,finished,2026-05-17T19:27:29.064345+00:00
5524,INPROC_E1B4A7,1,10,team2,Team 2 (E/W),26,94,32,♠,finished,2026-05-17T19:27:29.083060+00:00
5525,INPROC_3310E5,1,10,team2,Team 2 (E/W),36,84,24,♥,finished,2026-05-17T19:27:29.101913+00:00
5526,INPROC_612679,1,10,team2,Team 2 (E/W),55,65,14,♦,finished,2026-05-17T19:27:29.119370+00:00
5527,INPROC_807178,1,10,team2,Team 2 (E/W),27,93,27,♥,finished,2026-05-17T19:27:29.141360+00:00
5528,INPROC_291DC6,1,10,team1,Team 1 (N/S),79,41,23,♥,finished,2026-05-17T19:27:29.160553+00:00
5529,INPROC_48BBDE,1,10,team2,Team 2 (E/W),58,62,25,♥,finished,2026-05-17T19:27:29.178862+00:00
5530,INPROC_4C6107,1,10,team2,Team 2 (E/W),55,65,37,♠,finished,2026-05-17T19:27:29.197466+00:00
5531,INPROC_7F4635,1,10,team2,Team 2 (E/W),21,99,8,♣,finished,2026-05-17T19:27:29.216241+00:00
5532,INPROC_529815,1,10,team1,Team 1 (N/S),87,33,1,♣,finished,2026-05-17T19:27:29.231875+00:00
5533,INPROC_29A9B2,1,10,team2,Team 2 (E/W),24,96,27,♥,finished,2026-05-17T19:27:29.248332+00:00
5534,INPROC_496F6F,1,10,team2,Team 2 (E/W),30,90,29,♥,finished,2026-05-17T19:27:29.268965+00:00
5535,INPROC_E98A71,1,10,team2,Team 2 (E/W),51,69,12,♦,finished,2026-05-17T19:27:29.286480+00:00
5536,INPROC_77DF78,1,10,team1,Team 1 (N/S),73,47,20,♥,finished,2026-05-17T19:27:29.301572+00:00
5537,INPROC_9797C6,1,10,team2,Team 2 (E/W),24,96,9,♣,finished,2026-05-17T19:27:29.320107+00:00
5538,INPROC_D69A63,1,10,team2,Team 2 (E/W),42,78,0,♣,finished,2026-05-17T19:27:29.339845+00:00
5539,INPROC_3D86F0,1,10,team2,Team 2 (E/W),53,67,19,♦,finished,2026-05-17T19:27:29.356456+00:00
5540,INPROC_69F2AD,1,10,team2,Team 2 (E/W),28,92,22,♥,finished,2026-05-17T19:27:29.375691+00:00
5541,INPROC_88E3F0,1,10,team2,Team 2 (E/W),47,73,8,♣,finished,2026-05-17T19:27:29.392056+00:00
5542,INPROC_F316F0,1,10,team2,Team 2 (E/W),41,79,9,♣,finished,2026-05-17T19:27:29.409440+00:00
5543,INPROC_62A95F,1,10,team2,Team 2 (E/W),39,81,34,♠,finished,2026-05-17T19:27:29.427221+00:00
5544,INPROC_D77750,1,10,team1,Team 1 (N/S),88,32,14,♦,finished,2026-05-17T19:27:29.444304+00:00
5545,INPROC_AB2BAA,1,10,team2,Team 2 (E/W),42,78,9,♣,finished,2026-05-17T19:27:29.461308+00:00
5546,INPROC_F41AF5,1,10,team1,Team 1 (N/S),94,26,18,♦,finished,2026-05-17T19:27:29.479838+00:00
5547,INPROC_B14DCF,1,10,team1,Team 1 (N/S),80,40,37,♠,finished,2026-05-17T19:27:29.496193+00:00
5548,INPROC_2CBD19,1,10,team2,Team 2 (E/W),53,67,35,♠,finished,2026-05-17T19:27:29.509192+00:00
5549,INPROC_0AAC09,1,10,team2,Team 2 (E/W),46,74,35,♠,finished,2026-05-17T19:27:29.520224+00:00
5550,INPROC_793520,1,10,team2,Team 2 (E/W),47,73,20,♥,finished,2026-05-17T19:27:29.538470+00:00
5551,INPROC_AAEC38,1,10,team1,Team 1 (N/S),64,56,19,♦,finished,2026-05-17T19:27:29.555882+00:00
5552,INPROC_1C023D,1,10,team1,Team 1 (N/S),95,25,4,♣,finished,2026-05-17T19:27:29.573285+00:00
5553,INPROC_7E8149,1,10,team2,Team 2 (E/W),14,106,9,♣,finished,2026-05-17T19:27:29.589608+00:00
5554,INPROC_BD53A1,1,10,team1,Team 1 (N/S),104,16,14,♦,finished,2026-05-17T19:27:29.605146+00:00
5555,INPROC_F8260B,1,10,team2,Team 2 (E/W),27,93,23,♥,finished,2026-05-17T19:27:29.622865+00:00
5556,INPROC_7612E8,1,10,team1,Team 1 (N/S),118,2,4,♣,finished,2026-05-17T19:27:29.636888+00:00
5557,INPROC_BD8547,1,10,team2,Team 2 (E/W),29,91,21,♥,finished,2026-05-17T19:27:29.654303+00:00
5558,INPROC_1635B0,1,10,team2,Team 2 (E/W),25,95,6,♣,finished,2026-05-17T19:27:29.674383+00:00
5559,INPROC_CA6710,1,10,team2,Team 2 (E/W),48,72,27,♥,finished,2026-05-17T19:27:29.689877+00:00
5560,INPROC_9AA3F0,1,10,team2,Team 2 (E/W),48,72,19,♦,finished,2026-05-17T19:27:29.705722+00:00
5561,INPROC_4EBD3E,1,10,team1,Team 1 (N/S),91,29,37,♠,finished,2026-05-17T19:27:29.721384+00:00
5562,INPROC_B4C8D4,1,10,team1,Team 1 (N/S),101,19,19,♦,finished,2026-05-17T19:27:29.736348+00:00
5563,INPROC_2CF3BC,1,10,team1,Team 1 (N/S),69,51,16,♦,finished,2026-05-17T19:27:29.752934+00:00
5564,INPROC_9DCD66,1,10,team2,Team 2 (E/W),41,79,35,♠,finished,2026-05-17T19:27:29.766574+00:00
5565,INPROC_9292DC,1,10,team1,Team 1 (N/S),61,59,7,♣,finished,2026-05-17T19:27:29.779127+00:00
5566,INPROC_27E379,1,10,team2,Team 2 (E/W),59,61,30,♠,finished,2026-05-17T19:27:29.791056+00:00
5567,INPROC_0C81A8,1,10,team2,Team 2 (E/W),27,93,12,♦,finished,2026-05-17T19:27:29.806591+00:00
5568,INPROC_336DB4,1,10,team1,Team 1 (N/S),81,39,19,♦,finished,2026-05-17T19:27:29.822586+00:00
5569,INPROC_EA264F,1,10,team2,Team 2 (E/W),30,90,22,♥,finished,2026-05-17T19:27:29.838068+00:00
5570,INPROC_B78B11,1,10,team1,Team 1 (N/S),94,26,21,♥,finished,2026-05-17T19:27:29.853813+00:00
5571,INPROC_CB192E,1,10,team2,Team 2 (E/W),58,62,32,♠,finished,2026-05-17T19:27:29.871525+00:00
5572,INPROC_3AFFF3,1,10,team1,Team 1 (N/S),65,55,1,♣,finished,2026-05-17T19:27:29.887102+00:00
5573,INPROC_FEAED7,1,10,team2,Team 2 (E/W),51,69,27,♥,finished,2026-05-17T19:27:29.903870+00:00
5574,INPROC_81E329,1,10,team2,Team 2 (E/W),56,64,16,♦,finished,2026-05-17T19:27:29.920369+00:00
5575,INPROC_ED1D2C,1,10,team2,Team 2 (E/W),54,66,31,♠,finished,2026-05-17T19:27:29.936059+00:00
5576,INPROC_129A19,1,10,team2,Team 2 (E/W),37,83,33,♠,finished,2026-05-17T19:27:29.952738+00:00
5577,INPROC_E9CB59,1,10,team2,Team 2 (E/W),22,98,36,♠,finished,2026-05-17T19:27:29.968810+00:00
5578,INPROC_C98E67,1,10,team1,Team 1 (N/S),66,54,19,♦,finished,2026-05-17T19:27:29.986108+00:00
5579,INPROC_13BD8C,1,10,team1,Team 1 (N/S),63,57,37,♠,finished,2026-05-17T19:27:30.002414+00:00
5580,INPROC_BFD969,1,10,team2,Team 2 (E/W),32,88,13,♦,finished,2026-05-17T19:27:30.019040+00:00
5581,INPROC_41E346,1,10,team2,Team 2 (E/W),6,114,20,♥,finished,2026-05-17T19:27:30.033513+00:00
5582,INPROC_312662,1,10,team2,Team 2 (E/W),38,82,33,♠,finished,2026-05-17T19:27:30.045357+00:00
5583,INPROC_BFC1CF,1,10,team2,Team 2 (E/W),26,94,39,♠,finished,2026-05-17T19:27:30.057193+00:00
5584,INPROC_20450A,1,10,team1,Team 1 (N/S),70,50,0,♣,finished,2026-05-17T19:27:30.070215+00:00
5585,INPROC_C3C523,1,10,team2,Team 2 (E/W),25,95,35,♠,finished,2026-05-17T19:27:30.081846+00:00
5586,INPROC_B71482,1,10,team2,Team 2 (E/W),34,86,34,♠,finished,2026-05-17T19:27:30.094578+00:00
5587,INPROC_98186B,1,10,team2,Team 2 (E/W),30,90,14,♦,finished,2026-05-17T19:27:30.109848+00:00
5588,INPROC_727BA7,1,10,team2,Team 2 (E/W),49,71,28,♥,finished,2026-05-17T19:27:30.126071+00:00
5589,INPROC_4FFA05,1,10,team1,Team 1 (N/S),67,53,2,♣,finished,2026-05-17T19:27:30.144119+00:00
5590,INPROC_B4D339,1,10,team1,Team 1 (N/S),64,56,9,♣,finished,2026-05-17T19:27:30.162634+00:00
5591,INPROC_F69697,1,10,team1,Team 1 (N/S),69,51,30,♠,finished,2026-05-17T19:27:30.183219+00:00
5592,INPROC_38F0A8,1,10,team2,Team 2 (E/W),46,74,36,♠,finished,2026-05-17T19:27:30.199885+00:00
5593,INPROC_0FF9E4,1,10,team2,Team 2 (E/W),27,93,10,♦,finished,2026-05-17T19:27:30.217017+00:00
5594,INPROC_903F23,1,10,team2,Team 2 (E/W),41,79,10,♦,finished,2026-05-17T19:27:30.235958+00:00
5595,INPROC_9AF4EE,1,10,draw,draw,60,60,21,♥,finished,2026-05-17T19:27:30.254037+00:00
5596,INPROC_E5A117,1,10,team2,Team 2 (E/W),32,88,19,♦,finished,2026-05-17T19:27:30.279159+00:00
5597,INPROC_669AA4,1,10,team1,Team 1 (N/S),72,48,27,♥,finished,2026-05-17T19:27:30.296303+00:00
5598,INPROC_51EE30,1,10,team2,Team 2 (E/W),55,65,39,♠,finished,2026-05-17T19:27:30.316025+00:00
5599,INPROC_3E599B,1,10,team1,Team 1 (N/S),89,31,30,♠,finished,2026-05-17T19:27:30.334293+00:00
5600,INPROC_794811,1,10,team2,Team 2 (E/W),47,73,24,♥,finished,2026-05-17T19:27:30.352713+00:00
5601,INPROC_43D3E5,1,10,team1,Team 1 (N/S),87,33,11,♦,finished,2026-05-17T19:27:30.366672+00:00
5602,INPROC_EC7F04,1,10,team1,Team 1 (N/S),63,57,31,♠,finished,2026-05-17T19:27:30.382299+00:00
5603,INPROC_891EF4,1,10,team1,Team 1 (N/S),66,54,19,♦,finished,2026-05-17T19:27:30.397734+00:00
5604,INPROC_D95266,1,10,team1,Team 1 (N/S),65,55,27,♥,finished,2026-05-17T19:27:30.415623+00:00
5605,INPROC_C28CF5,1,10,team2,Team 2 (E/W),51,69,15,♦,finished,2026-05-17T19:27:30.432439+00:00
5606,INPROC_D29236,1,10,team1,Team 1 (N/S),80,40,36,♠,finished,2026-05-17T19:27:30.447473+00:00
5607,INPROC_CC0E98,1,10,team2,Team 2 (E/W),36,84,28,♥,finished,2026-05-17T19:27:30.464020+00:00
5608,INPROC_853AD8,1,10,team2,Team 2 (E/W),22,98,27,♥,finished,2026-05-17T19:27:30.480273+00:00
5609,INPROC_4746C6,1,10,team1,Team 1 (N/S),66,54,3,♣,finished,2026-05-17T19:27:30.495845+00:00
5610,INPROC_E66E2D,1,10,team2,Team 2 (E/W),41,79,16,♦,finished,2026-05-17T19:27:30.512072+00:00
5611,INPROC_F1A0F2,1,10,team1,Team 1 (N/S),65,55,24,♥,finished,2026-05-17T19:27:30.527887+00:00
5612,INPROC_D2A30F,1,10,team2,Team 2 (E/W),54,66,17,♦,finished,2026-05-17T19:27:30.543173+00:00
5613,INPROC_B70A5F,1,10,team2,Team 2 (E/W),42,78,29,♥,finished,2026-05-17T19:27:30.559274+00:00
5614,INPROC_A00D99,1,10,team1,Team 1 (N/S),73,47,35,♠,finished,2026-05-17T19:27:30.574965+00:00
5615,INPROC_E740D5,1,10,team2,Team 2 (E/W),12,108,13,♦,finished,2026-05-17T19:27:30.589723+00:00
5616,INPROC_0505E2,1,10,team1,Team 1 (N/S),77,43,19,♦,finished,2026-05-17T19:27:30.603366+00:00
5617,INPROC_913B61,1,10,team1,Team 1 (N/S),72,48,27,♥,finished,2026-05-17T19:27:30.620598+00:00
5618,INPROC_C46211,1,10,team2,Team 2 (E/W),28,92,32,♠,finished,2026-05-17T19:27:30.634107+00:00
5619,INPROC_2336B8,1,10,team1,Team 1 (N/S),77,43,35,♠,finished,2026-05-17T19:27:30.650076+00:00
5620,INPROC_23DBB9,1,10,team2,Team 2 (E/W),41,79,33,♠,finished,2026-05-17T19:27:30.664805+00:00
5621,INPROC_3F2525,1,10,team2,Team 2 (E/W),28,92,0,♣,finished,2026-05-17T19:27:30.675707+00:00
5622,INPROC_536E4A,1,10,team1,Team 1 (N/S),75,45,21,♥,finished,2026-05-17T19:27:30.693944+00:00
5623,INPROC_A468AF,1,10,team1,Team 1 (N/S),74,46,37,♠,finished,2026-05-17T19:27:30.713607+00:00
5624,INPROC_54777C,1,10,team1,Team 1 (N/S),87,33,33,♠,finished,2026-05-17T19:27:30.734401+00:00
5625,INPROC_6B7CAD,1,10,team1,Team 1 (N/S),69,51,28,♥,finished,2026-05-17T19:27:30.754773+00:00
5626,INPROC_1B737C,1,10,team1,Team 1 (N/S),97,23,9,♣,finished,2026-05-17T19:27:30.775021+00:00
5627,INPROC_348196,1,10,team2,Team 2 (E/W),36,84,36,♠,finished,2026-05-17T19:27:30.793807+00:00
5628,INPROC_777720,1,10,team1,Team 1 (N/S),118,2,35,♠,finished,2026-05-17T19:27:30.813238+00:00
5629,INPROC_52B882,1,10,team2,Team 2 (E/W),17,103,31,♠,finished,2026-05-17T19:27:30.829195+00:00
5630,INPROC_8D4F2B,1,10,team2,Team 2 (E/W),50,70,10,♦,finished,2026-05-17T19:27:30.840619+00:00
5631,INPROC_A57939,1,10,team2,Team 2 (E/W),47,73,16,♦,finished,2026-05-17T19:27:30.854218+00:00
5632,INPROC_79C69F,1,10,team1,Team 1 (N/S),63,57,23,♥,finished,2026-05-17T19:27:30.868575+00:00
5633,INPROC_E5B4B3,1,10,team1,Team 1 (N/S),66,54,20,♥,finished,2026-05-17T19:27:30.886652+00:00
5634,INPROC_60AA35,1,10,team2,Team 2 (E/W),39,81,29,♥,finished,2026-05-17T19:27:30.902169+00:00
5635,INPROC_497016,1,10,team2,Team 2 (E/W),59,61,29,♥,finished,2026-05-17T19:27:30.920409+00:00
5636,INPROC_974EA4,1,10,team1,Team 1 (N/S),80,40,7,♣,finished,2026-05-17T19:27:30.940081+00:00
5637,INPROC_FFDB4C,1,10,team1,Team 1 (N/S),74,46,5,♣,finished,2026-05-17T19:27:30.959124+00:00
5638,INPROC_C98E39,1,10,team1,Team 1 (N/S),88,32,25,♥,finished,2026-05-17T19:27:30.977439+00:00
5639,INPROC_276207,1,10,team1,Team 1 (N/S),74,46,22,♥,finished,2026-05-17T19:27:30.995476+00:00
5640,INPROC_9D5657,1,10,team1,Team 1 (N/S),79,41,8,♣,finished,2026-05-17T19:27:31.011751+00:00
5641,INPROC_F72DF7,1,10,team1,Team 1 (N/S),78,42,24,♥,finished,2026-05-17T19:27:31.029319+00:00
5642,INPROC_D748F7,1,10,team2,Team 2 (E/W),52,68,3,♣,finished,2026-05-17T19:27:31.045507+00:00
5643,INPROC_FC502E,1,10,team2,Team 2 (E/W),50,70,25,♥,finished,2026-05-17T19:27:31.062411+00:00
5644,INPROC_FAC049,1,10,draw,draw,60,60,13,♦,finished,2026-05-17T19:27:31.079289+00:00
5645,INPROC_1522D8,1,10,team1,Team 1 (N/S),84,36,27,♥,finished,2026-05-17T19:27:31.094585+00:00
5646,INPROC_D3240C,1,10,team2,Team 2 (E/W),45,75,5,♣,finished,2026-05-17T19:27:31.111673+00:00
5647,INPROC_67B4B2,1,10,team2,Team 2 (E/W),28,92,22,♥,finished,2026-05-17T19:27:31.124712+00:00
5648,INPROC_0A8995,1,10,team1,Team 1 (N/S),84,36,22,♥,finished,2026-05-17T19:27:31.139292+00:00
5649,INPROC_F351A6,1,10,team2,Team 2 (E/W),31,89,39,♠,finished,2026-05-17T19:27:31.154077+00:00
5650,INPROC_967E5A,1,10,team1,Team 1 (N/S),78,42,37,♠,finished,2026-05-17T19:27:31.171035+00:00
5651,INPROC_C3D2A7,1,10,team2,Team 2 (E/W),49,71,0,♣,finished,2026-05-17T19:27:31.190227+00:00
5652,INPROC_054F52,1,10,team2,Team 2 (E/W),11,109,39,♠,finished,2026-05-17T19:27:31.207137+00:00
5653,INPROC_E87835,1,10,team2,Team 2 (E/W),58,62,9,♣,finished,2026-05-17T19:27:31.223022+00:00
5654,INPROC_3F21F5,1,10,team1,Team 1 (N/S),63,57,30,♠,finished,2026-05-17T19:27:31.239849+00:00
5655,INPROC_6408F1,1,10,team1,Team 1 (N/S),88,32,9,♣,finished,2026-05-17T19:27:31.256796+00:00
5656,INPROC_339C6C,1,10,team1,Team 1 (N/S),72,48,21,♥,finished,2026-05-17T19:27:31.272830+00:00
5657,INPROC_2193A4,1,10,team1,Team 1 (N/S),98,22,31,♠,finished,2026-05-17T19:27:31.289585+00:00
5658,INPROC_0BBDD7,1,10,team1,Team 1 (N/S),63,57,12,♦,finished,2026-05-17T19:27:31.305619+00:00
5659,INPROC_C42FBA,1,10,team2,Team 2 (E/W),30,90,33,♠,finished,2026-05-17T19:27:31.326219+00:00
5660,INPROC_151BFA,1,10,team2,Team 2 (E/W),36,84,18,♦,finished,2026-05-17T19:27:31.341572+00:00
5661,INPROC_EA217C,1,10,team2,Team 2 (E/W),42,78,7,♣,finished,2026-05-17T19:27:31.358211+00:00
5662,INPROC_616887,1,10,team1,Team 1 (N/S),111,9,18,♦,finished,2026-05-17T19:27:31.374123+00:00
5663,INPROC_3C86AC,1,10,team1,Team 1 (N/S),115,5,24,♥,finished,2026-05-17T19:27:31.385128+00:00
5664,INPROC_1FDE36,1,10,team2,Team 2 (E/W),23,97,18,♦,finished,2026-05-17T19:27:31.396955+00:00
5665,INPROC_F87B37,1,10,team1,Team 1 (N/S),65,55,25,♥,finished,2026-05-17T19:27:31.412305+00:00
5666,INPROC_CF66DD,1,10,team2,Team 2 (E/W),48,72,6,♣,finished,2026-05-17T19:27:31.428903+00:00
5667,INPROC_DC5DAC,1,10,team2,Team 2 (E/W),51,69,8,♣,finished,2026-05-17T19:27:31.447115+00:00
5668,INPROC_4A90DE,1,10,team1,Team 1 (N/S),74,46,4,♣,finished,2026-05-17T19:27:31.464756+00:00
5669,INPROC_BAD225,1,10,team2,Team 2 (E/W),48,72,27,♥,finished,2026-05-17T19:27:31.480882+00:00
5670,INPROC_AFD012,1,10,team2,Team 2 (E/W),51,69,6,♣,finished,2026-05-17T19:27:31.497242+00:00
5671,INPROC_5135C8,1,10,team2,Team 2 (E/W),45,75,0,♣,finished,2026-05-17T19:27:31.515495+00:00
5672,INPROC_AB1AB0,1,10,team2,Team 2 (E/W),41,79,19,♦,finished,2026-05-17T19:27:31.531203+00:00
5673,INPROC_454D23,1,10,team2,Team 2 (E/W),40,80,0,♣,finished,2026-05-17T19:27:31.548807+00:00
5674,INPROC_FBFDF9,1,10,team2,Team 2 (E/W),38,82,4,♣,finished,2026-05-17T19:27:31.563123+00:00
5675,INPROC_912741,1,10,team2,Team 2 (E/W),56,64,12,♦,finished,2026-05-17T19:27:31.579180+00:00
5676,INPROC_DB92FD,1,10,team2,Team 2 (E/W),54,66,5,♣,finished,2026-05-17T19:27:31.593943+00:00
5677,INPROC_4A709B,1,10,team2,Team 2 (E/W),25,95,19,♦,finished,2026-05-17T19:27:31.610321+00:00
5678,INPROC_154E9A,1,10,team2,Team 2 (E/W),0,120,21,♥,finished,2026-05-17T19:27:31.627399+00:00
5679,INPROC_26E562,1,10,team1,Team 1 (N/S),75,45,24,♥,finished,2026-05-17T19:27:31.643864+00:00
5680,INPROC_A2BB46,1,10,team1,Team 1 (N/S),76,44,11,♦,finished,2026-05-17T19:27:31.656694+00:00
5681,INPROC_34DDDE,1,10,team1,Team 1 (N/S),87,33,7,♣,finished,2026-05-17T19:27:31.668711+00:00
5682,INPROC_16FAFB,1,10,team1,Team 1 (N/S),70,50,11,♦,finished,2026-05-17T19:27:31.681674+00:00
5683,INPROC_2D3BC9,1,10,team2,Team 2 (E/W),40,80,27,♥,finished,2026-05-17T19:27:31.699029+00:00
5684,INPROC_1EAD76,1,10,team2,Team 2 (E/W),48,72,6,♣,finished,2026-05-17T19:27:31.711081+00:00
5685,INPROC_C110DB,1,10,team1,Team 1 (N/S),77,43,24,♥,finished,2026-05-17T19:27:31.725840+00:00
5686,INPROC_13D5DF,1,10,team2,Team 2 (E/W),48,72,20,♥,finished,2026-05-17T19:27:31.741271+00:00
5687,INPROC_8FB158,1,10,team2,Team 2 (E/W),48,72,35,♠,finished,2026-05-17T19:27:31.757674+00:00
5688,INPROC_558087,1,10,team2,Team 2 (E/W),58,62,1,♣,finished,2026-05-17T19:27:31.773236+00:00
5689,INPROC_9C58B3,1,10,team1,Team 1 (N/S),69,51,24,♥,finished,2026-05-17T19:27:31.789705+00:00
5690,INPROC_E785FA,1,10,team1,Team 1 (N/S),73,47,6,♣,finished,2026-05-17T19:27:31.806315+00:00
5691,INPROC_AADA43,1,10,team2,Team 2 (E/W),58,62,5,♣,finished,2026-05-17T19:27:31.818926+00:00
5692,INPROC_3E2EF0,1,10,team2,Team 2 (E/W),26,94,36,♠,finished,2026-05-17T19:27:31.834778+00:00
5693,INPROC_35FB57,1,10,team1,Team 1 (N/S),86,34,24,♥,finished,2026-05-17T19:27:31.849491+00:00
5694,INPROC_FBF2D6,1,10,team1,Team 1 (N/S),63,57,25,♥,finished,2026-05-17T19:27:31.866865+00:00
5695,INPROC_E10C2F,1,10,team1,Team 1 (N/S),70,50,31,♠,finished,2026-05-17T19:27:31.885130+00:00
5696,INPROC_EC116B,1,10,team2,Team 2 (E/W),40,80,36,♠,finished,2026-05-17T19:27:31.902861+00:00
5697,INPROC_CEEE6E,1,10,team2,Team 2 (E/W),46,74,22,♥,finished,2026-05-17T19:27:31.916134+00:00
5698,INPROC_2B6338,1,10,team1,Team 1 (N/S),70,50,1,♣,finished,2026-05-17T19:27:31.930002+00:00
5699,INPROC_62EF3B,1,10,team1,Team 1 (N/S),78,42,26,♥,finished,2026-05-17T19:27:31.946521+00:00
5700,INPROC_56B0F4,1,10,team2,Team 2 (E/W),29,91,8,♣,finished,2026-05-17T19:27:31.962184+00:00
5701,INPROC_97D129,1,10,team2,Team 2 (E/W),29,91,15,♦,finished,2026-05-17T19:27:31.983730+00:00
5702,INPROC_DE7219,1,10,team2,Team 2 (E/W),32,88,5,♣,finished,2026-05-17T19:27:32.002944+00:00
5703,INPROC_01E116,1,10,team1,Team 1 (N/S),89,31,17,♦,finished,2026-05-17T19:27:32.020747+00:00
5704,INPROC_DC8FFF,1,10,team1,Team 1 (N/S),81,39,27,♥,finished,2026-05-17T19:27:32.037844+00:00
5705,INPROC_5675EB,1,10,team1,Team 1 (N/S),71,49,17,♦,finished,2026-05-17T19:27:32.055127+00:00
5706,INPROC_8F65A2,1,10,team2,Team 2 (E/W),49,71,35,♠,finished,2026-05-17T19:27:32.070613+00:00
5707,INPROC_A39C6A,1,10,team1,Team 1 (N/S),94,26,20,♥,finished,2026-05-17T19:27:32.087467+00:00
5708,INPROC_C76C1E,1,10,team2,Team 2 (E/W),51,69,14,♦,finished,2026-05-17T19:27:32.101113+00:00
5709,INPROC_98E629,1,10,team1,Team 1 (N/S),61,59,24,♥,finished,2026-05-17T19:27:32.117730+00:00
5710,INPROC_CA5705,1,10,team2,Team 2 (E/W),57,63,26,♥,finished,2026-05-17T19:27:32.134054+00:00
5711,INPROC_97D38F,1,10,team2,Team 2 (E/W),42,78,6,♣,finished,2026-05-17T19:27:32.151536+00:00
5712,INPROC_A248AB,1,10,team1,Team 1 (N/S),67,53,35,♠,finished,2026-05-17T19:27:32.168163+00:00
5713,INPROC_EA314F,1,10,team2,Team 2 (E/W),43,77,0,♣,finished,2026-05-17T19:27:32.183968+00:00
5714,INPROC_F1F731,1,10,team1,Team 1 (N/S),74,46,22,♥,finished,2026-05-17T19:27:32.194880+00:00
5715,INPROC_36BE88,1,10,team2,Team 2 (E/W),48,72,12,♦,finished,2026-05-17T19:27:32.206602+00:00
5716,INPROC_524C1D,1,10,team2,Team 2 (E/W),28,92,37,♠,finished,2026-05-17T19:27:32.225125+00:00
5717,INPROC_27260B,1,10,team1,Team 1 (N/S),71,49,11,♦,finished,2026-05-17T19:27:32.243159+00:00
5718,INPROC_428385,1,10,team1,Team 1 (N/S),65,55,3,♣,finished,2026-05-17T19:27:32.260833+00:00
5719,INPROC_888610,1,10,team1,Team 1 (N/S),70,50,29,♥,finished,2026-05-17T19:27:32.279578+00:00
5720,INPROC_7EE285,1,10,team2,Team 2 (E/W),29,91,18,♦,finished,2026-05-17T19:27:32.299099+00:00
5721,INPROC_CF5008,1,10,team2,Team 2 (E/W),29,91,0,♣,finished,2026-05-17T19:27:32.314849+00:00
5722,INPROC_0E4775,1,10,team2,Team 2 (E/W),55,65,18,♦,finished,2026-05-17T19:27:32.331117+00:00
5723,INPROC_E27AF6,1,10,team1,Team 1 (N/S),65,55,15,♦,finished,2026-05-17T19:27:32.352919+00:00
5724,INPROC_6A1168,1,10,team2,Team 2 (E/W),18,102,23,♥,finished,2026-05-17T19:27:32.368389+00:00
5725,INPROC_BDED19,1,10,team2,Team 2 (E/W),42,78,35,♠,finished,2026-05-17T19:27:32.387877+00:00
5726,INPROC_6AFADF,1,10,team2,Team 2 (E/W),42,78,23,♥,finished,2026-05-17T19:27:32.404969+00:00
5727,INPROC_0FB799,1,10,team1,Team 1 (N/S),90,30,36,♠,finished,2026-05-17T19:27:32.420035+00:00
5728,INPROC_D58F41,1,10,team1,Team 1 (N/S),69,51,11,♦,finished,2026-05-17T19:27:32.436924+00:00
5729,INPROC_21B95A,1,10,team1,Team 1 (N/S),83,37,2,♣,finished,2026-05-17T19:27:32.452336+00:00
5730,INPROC_D8D449,1,10,team1,Team 1 (N/S),86,34,8,♣,finished,2026-05-17T19:27:32.465131+00:00
5731,INPROC_AFF1A9,1,10,team2,Team 2 (E/W),7,113,39,♠,finished,2026-05-17T19:27:32.476841+00:00
5732,INPROC_CA1822,1,10,team1,Team 1 (N/S),107,13,36,♠,finished,2026-05-17T19:27:32.489067+00:00
5733,INPROC_7FC3AE,1,10,team1,Team 1 (N/S),94,26,3,♣,finished,2026-05-17T19:27:32.506780+00:00
5734,INPROC_9663FE,1,10,team2,Team 2 (E/W),52,68,21,♥,finished,2026-05-17T19:27:32.524899+00:00
5735,INPROC_775126,1,10,team2,Team 2 (E/W),35,85,10,♦,finished,2026-05-17T19:27:32.543185+00:00
5736,INPROC_A45AC0,1,10,team1,Team 1 (N/S),76,44,20,♥,finished,2026-05-17T19:27:32.559066+00:00
5737,INPROC_D11529,1,10,team2,Team 2 (E/W),32,88,1,♣,finished,2026-05-17T19:27:32.573300+00:00
5738,INPROC_AEA2EE,1,10,team1,Team 1 (N/S),78,42,7,♣,finished,2026-05-17T19:27:32.588654+00:00
5739,INPROC_FB0512,1,10,team1,Team 1 (N/S),73,47,23,♥,finished,2026-05-17T19:27:32.604784+00:00
5740,INPROC_6E21F4,1,10,team2,Team 2 (E/W),53,67,9,♣,finished,2026-05-17T19:27:32.620607+00:00
5741,INPROC_79441D,1,10,team2,Team 2 (E/W),26,94,36,♠,finished,2026-05-17T19:27:32.634918+00:00
5742,INPROC_0258AF,1,10,team1,Team 1 (N/S),68,52,14,♦,finished,2026-05-17T19:27:32.648592+00:00
5743,INPROC_4A9550,1,10,team2,Team 2 (E/W),56,64,33,♠,finished,2026-05-17T19:27:32.665008+00:00
5744,INPROC_20CECD,1,10,team2,Team 2 (E/W),12,108,20,♥,finished,2026-05-17T19:27:32.682560+00:00
5745,INPROC_B094E9,1,10,team2,Team 2 (E/W),29,91,0,♣,finished,2026-05-17T19:27:32.699078+00:00
5746,INPROC_AF2D45,1,10,team2,Team 2 (E/W),36,84,36,♠,finished,2026-05-17T19:27:32.715035+00:00
5747,INPROC_D5C42F,1,10,team1,Team 1 (N/S),68,52,0,♣,finished,2026-05-17T19:27:32.726968+00:00
5748,INPROC_BF5E4C,1,10,team2,Team 2 (E/W),47,73,38,♠,finished,2026-05-17T19:27:32.738879+00:00
5749,INPROC_0FD1D5,1,10,team2,Team 2 (E/W),10,110,26,♥,finished,2026-05-17T19:27:32.749835+00:00
5750,INPROC_498613,1,10,team2,Team 2 (E/W),45,75,19,♦,finished,2026-05-17T19:27:32.765302+00:00
5751,INPROC_DFC195,1,10,team2,Team 2 (E/W),50,70,36,♠,finished,2026-05-17T19:27:32.780579+00:00
5752,INPROC_CE19D0,1,10,team2,Team 2 (E/W),35,85,18,♦,finished,2026-05-17T19:27:32.798960+00:00
5753,INPROC_631D3C,1,10,team1,Team 1 (N/S),94,26,1,♣,finished,2026-05-17T19:27:32.816362+00:00
5754,INPROC_DA6ACC,1,10,team1,Team 1 (N/S),95,25,16,♦,finished,2026-05-17T19:27:32.832832+00:00
5755,INPROC_D00E21,1,10,team2,Team 2 (E/W),22,98,3,♣,finished,2026-05-17T19:27:32.850436+00:00
5756,INPROC_8BDA2B,1,10,team2,Team 2 (E/W),20,100,13,♦,finished,2026-05-17T19:27:32.867118+00:00
5757,INPROC_44EB18,1,10,team1,Team 1 (N/S),88,32,28,♥,finished,2026-05-17T19:27:32.885276+00:00
5758,INPROC_03A06F,1,10,team1,Team 1 (N/S),81,39,20,♥,finished,2026-05-17T19:27:32.901309+00:00
5759,INPROC_BA95C3,1,10,team2,Team 2 (E/W),57,63,27,♥,finished,2026-05-17T19:27:32.917275+00:00
5760,INPROC_6EB32A,1,10,team1,Team 1 (N/S),77,43,14,♦,finished,2026-05-17T19:27:32.933796+00:00
5761,INPROC_E56125,1,10,team1,Team 1 (N/S),82,38,6,♣,finished,2026-05-17T19:27:32.951111+00:00
5762,INPROC_718091,1,10,team1,Team 1 (N/S),82,38,6,♣,finished,2026-05-17T19:27:32.969071+00:00
5763,INPROC_1374B9,1,10,team1,Team 1 (N/S),97,23,2,♣,finished,2026-05-17T19:27:32.985646+00:00
5764,INPROC_120088,1,10,team2,Team 2 (E/W),44,76,3,♣,finished,2026-05-17T19:27:32.997069+00:00
5765,INPROC_6F9CFE,1,10,team1,Team 1 (N/S),83,37,0,♣,finished,2026-05-17T19:27:33.008021+00:00
5766,INPROC_D98E0C,1,10,team2,Team 2 (E/W),35,85,23,♥,finished,2026-05-17T19:27:33.024826+00:00
5767,INPROC_D9F8DE,1,10,team1,Team 1 (N/S),75,45,31,♠,finished,2026-05-17T19:27:33.041395+00:00
5768,INPROC_420C88,1,10,team1,Team 1 (N/S),110,10,24,♥,finished,2026-05-17T19:27:33.060026+00:00
5769,INPROC_F02721,1,10,team2,Team 2 (E/W),36,84,39,♠,finished,2026-05-17T19:27:33.073010+00:00
5770,INPROC_3F6F97,1,10,team2,Team 2 (E/W),47,73,35,♠,finished,2026-05-17T19:27:33.094217+00:00
5771,INPROC_A4D979,1,10,team1,Team 1 (N/S),61,59,34,♠,finished,2026-05-17T19:27:33.114694+00:00
5772,INPROC_EFA253,1,10,team1,Team 1 (N/S),81,39,16,♦,finished,2026-05-17T19:27:33.134884+00:00
5773,INPROC_769CD5,1,10,team1,Team 1 (N/S),97,23,35,♠,finished,2026-05-17T19:27:33.153126+00:00
5774,INPROC_A039AB,1,10,team1,Team 1 (N/S),70,50,26,♥,finished,2026-05-17T19:27:33.166906+00:00
5775,INPROC_C75D55,1,10,team1,Team 1 (N/S),113,7,3,♣,finished,2026-05-17T19:27:33.184350+00:00
5776,INPROC_FF96A9,1,10,team1,Team 1 (N/S),63,57,7,♣,finished,2026-05-17T19:27:33.199592+00:00
5777,INPROC_1EEFAC,1,10,team2,Team 2 (E/W),39,81,29,♥,finished,2026-05-17T19:27:33.215832+00:00
5778,INPROC_F2BE9B,1,10,team1,Team 1 (N/S),65,55,34,♠,finished,2026-05-17T19:27:33.232804+00:00
5779,INPROC_30EEB1,1,10,team2,Team 2 (E/W),56,64,34,♠,finished,2026-05-17T19:27:33.249603+00:00
5780,INPROC_E985C0,1,10,team1,Team 1 (N/S),78,42,7,♣,finished,2026-05-17T19:27:33.264028+00:00
5781,INPROC_60DABC,1,10,team2,Team 2 (E/W),49,71,21,♥,finished,2026-05-17T19:27:33.277583+00:00
5782,INPROC_32AA17,1,10,team1,Team 1 (N/S),104,16,24,♥,finished,2026-05-17T19:27:33.292192+00:00
5783,INPROC_7A2511,1,10,team1,Team 1 (N/S),86,34,3,♣,finished,2026-05-17T19:27:33.311500+00:00
5784,INPROC_98F8A3,1,10,team2,Team 2 (E/W),0,120,22,♥,finished,2026-05-17T19:27:33.329622+00:00
5785,INPROC_D476F5,1,10,team2,Team 2 (E/W),23,97,26,♥,finished,2026-05-17T19:27:33.346914+00:00
5786,INPROC_A8E6EB,1,10,team1,Team 1 (N/S),102,18,20,♥,finished,2026-05-17T19:27:33.363903+00:00
5787,INPROC_E6F972,1,10,team1,Team 1 (N/S),86,34,33,♠,finished,2026-05-17T19:27:33.382683+00:00
5788,INPROC_9EE4B5,1,10,team1,Team 1 (N/S),76,44,28,♥,finished,2026-05-17T19:27:33.398476+00:00
5789,INPROC_390453,1,10,team2,Team 2 (E/W),46,74,6,♣,finished,2026-05-17T19:27:33.416481+00:00
5790,INPROC_B3A064,1,10,team2,Team 2 (E/W),48,72,9,♣,finished,2026-05-17T19:27:33.431799+00:00
5791,INPROC_FE7181,1,10,team1,Team 1 (N/S),67,53,10,♦,finished,2026-05-17T19:27:33.448082+00:00
5792,INPROC_2C7BF2,1,10,team2,Team 2 (E/W),50,70,17,♦,finished,2026-05-17T19:27:33.463446+00:00
5793,INPROC_C4FB4B,1,10,team1,Team 1 (N/S),87,33,12,♦,finished,2026-05-17T19:27:33.478795+00:00
5794,INPROC_158B43,1,10,team2,Team 2 (E/W),44,76,15,♦,finished,2026-05-17T19:27:33.493506+00:00
5795,INPROC_658078,1,10,team1,Team 1 (N/S),64,56,17,♦,finished,2026-05-17T19:27:33.510160+00:00
5796,INPROC_3466B7,1,10,team2,Team 2 (E/W),38,82,24,♥,finished,2026-05-17T19:27:33.525120+00:00
5797,INPROC_2705DD,1,10,team1,Team 1 (N/S),66,54,25,♥,finished,2026-05-17T19:27:33.537517+00:00
5798,INPROC_449357,1,10,team2,Team 2 (E/W),48,72,9,♣,finished,2026-05-17T19:27:33.554063+00:00
5799,INPROC_122FFF,1,10,team1,Team 1 (N/S),75,45,4,♣,finished,2026-05-17T19:27:33.571946+00:00
5800,INPROC_7CCE12,1,10,team1,Team 1 (N/S),78,42,6,♣,finished,2026-05-17T19:27:33.589787+00:00
5801,INPROC_07D79F,1,10,team1,Team 1 (N/S),73,47,34,♠,finished,2026-05-17T19:27:33.605639+00:00
5802,INPROC_77593A,1,10,team1,Team 1 (N/S),79,41,0,♣,finished,2026-05-17T19:27:33.621561+00:00
5803,INPROC_A2CBD7,1,10,team1,Team 1 (N/S),61,59,1,♣,finished,2026-05-17T19:27:33.638768+00:00
5804,INPROC_F2FE3A,1,10,team2,Team 2 (E/W),51,69,20,♥,finished,2026-05-17T19:27:33.655359+00:00
5805,INPROC_C1FCF8,1,10,team2,Team 2 (E/W),10,110,12,♦,finished,2026-05-17T19:27:33.671986+00:00
5806,INPROC_4DE588,1,10,team2,Team 2 (E/W),54,66,17,♦,finished,2026-05-17T19:27:33.689999+00:00
5807,INPROC_9E7C2E,1,10,team1,Team 1 (N/S),72,48,20,♥,finished,2026-05-17T19:27:33.706505+00:00
5808,INPROC_EF8283,1,10,team2,Team 2 (E/W),43,77,9,♣,finished,2026-05-17T19:27:33.724704+00:00
5809,INPROC_4AB001,1,10,team1,Team 1 (N/S),80,40,6,♣,finished,2026-05-17T19:27:33.744672+00:00
5810,INPROC_49317C,1,10,draw,draw,60,60,9,♣,finished,2026-05-17T19:27:33.764395+00:00
5811,INPROC_540E7D,1,10,team1,Team 1 (N/S),61,59,32,♠,finished,2026-05-17T19:27:33.783725+00:00
5812,INPROC_2CC36A,1,10,team2,Team 2 (E/W),51,69,31,♠,finished,2026-05-17T19:27:33.796930+00:00
5813,INPROC_992E56,1,10,team2,Team 2 (E/W),54,66,9,♣,finished,2026-05-17T19:27:33.808971+00:00
5814,INPROC_D61BF8,1,10,team2,Team 2 (E/W),24,96,38,♠,finished,2026-05-17T19:27:33.824895+00:00
5815,INPROC_2D7913,1,10,team1,Team 1 (N/S),65,55,38,♠,finished,2026-05-17T19:27:33.838934+00:00
5816,INPROC_217798,1,10,team2,Team 2 (E/W),53,67,13,♦,finished,2026-05-17T19:27:33.855565+00:00
5817,INPROC_8A8920,1,10,team2,Team 2 (E/W),58,62,26,♥,finished,2026-05-17T19:27:33.871081+00:00
5818,INPROC_128193,1,10,team1,Team 1 (N/S),89,31,17,♦,finished,2026-05-17T19:27:33.888066+00:00
5819,INPROC_2779F4,1,10,team1,Team 1 (N/S),65,55,24,♥,finished,2026-05-17T19:27:33.905510+00:00
5820,INPROC_6DB777,1,10,team2,Team 2 (E/W),59,61,16,♦,finished,2026-05-17T19:27:33.925324+00:00
5821,INPROC_D12AFD,1,10,team1,Team 1 (N/S),62,58,22,♥,finished,2026-05-17T19:27:33.942722+00:00
5822,INPROC_D2D0DF,1,10,team2,Team 2 (E/W),56,64,34,♠,finished,2026-05-17T19:27:33.958285+00:00
5823,INPROC_E96B51,1,10,team2,Team 2 (E/W),41,79,35,♠,finished,2026-05-17T19:27:33.970946+00:00
5824,INPROC_1F403F,1,10,team1,Team 1 (N/S),87,33,31,♠,finished,2026-05-17T19:27:33.988449+00:00
5825,INPROC_CCED9B,1,10,team2,Team 2 (E/W),33,87,21,♥,finished,2026-05-17T19:27:34.005710+00:00
5826,INPROC_76B77E,1,10,team2,Team 2 (E/W),37,83,30,♠,finished,2026-05-17T19:27:34.023787+00:00
5827,INPROC_178BD9,1,10,team1,Team 1 (N/S),83,37,16,♦,finished,2026-05-17T19:27:34.040266+00:00
5828,INPROC_B43099,1,10,team2,Team 2 (E/W),22,98,31,♠,finished,2026-05-17T19:27:34.057033+00:00
5829,INPROC_7A56C3,1,10,team1,Team 1 (N/S),80,40,5,♣,finished,2026-05-17T19:27:34.071273+00:00
5830,INPROC_1B2024,1,10,draw,draw,60,60,13,♦,finished,2026-05-17T19:27:34.082590+00:00
5831,INPROC_39BC29,1,10,team2,Team 2 (E/W),48,72,11,♦,finished,2026-05-17T19:27:34.093650+00:00
5832,INPROC_4E4F00,1,10,team2,Team 2 (E/W),24,96,32,♠,finished,2026-05-17T19:27:34.109636+00:00
5833,INPROC_0A19E3,1,10,team2,Team 2 (E/W),48,72,13,♦,finished,2026-05-17T19:27:34.123829+00:00
5834,INPROC_21EF19,1,10,team2,Team 2 (E/W),38,82,4,♣,finished,2026-05-17T19:27:34.140924+00:00
5835,INPROC_605A9B,1,10,team2,Team 2 (E/W),37,83,35,♠,finished,2026-05-17T19:27:34.158757+00:00
5836,INPROC_C24FD2,1,10,team1,Team 1 (N/S),98,22,11,♦,finished,2026-05-17T19:27:34.176020+00:00
5837,INPROC_D08EF3,1,10,team2,Team 2 (E/W),51,69,30,♠,finished,2026-05-17T19:27:34.190495+00:00
5838,INPROC_E606CC,1,10,team1,Team 1 (N/S),120,0,33,♠,finished,2026-05-17T19:27:34.206590+00:00
5839,INPROC_980147,1,10,team2,Team 2 (E/W),32,88,38,♠,finished,2026-05-17T19:27:34.221653+00:00
5840,INPROC_023449,1,10,team1,Team 1 (N/S),74,46,11,♦,finished,2026-05-17T19:27:34.239117+00:00
5841,INPROC_0D5A95,1,10,team1,Team 1 (N/S),78,42,3,♣,finished,2026-05-17T19:27:34.254536+00:00
5842,INPROC_F89631,1,10,team2,Team 2 (E/W),31,89,25,♥,finished,2026-05-17T19:27:34.269713+00:00
5843,INPROC_8BC903,1,10,team1,Team 1 (N/S),92,28,32,♠,finished,2026-05-17T19:27:34.285909+00:00
5844,INPROC_3CB7E5,1,10,team1,Team 1 (N/S),93,27,3,♣,finished,2026-05-17T19:27:34.302034+00:00
5845,INPROC_41931C,1,10,team1,Team 1 (N/S),79,41,25,♥,finished,2026-05-17T19:27:34.319983+00:00
5846,INPROC_B66AAC,1,10,team2,Team 2 (E/W),43,77,15,♦,finished,2026-05-17T19:27:34.334481+00:00
5847,INPROC_E847B5,1,10,team1,Team 1 (N/S),62,58,27,♥,finished,2026-05-17T19:27:34.347379+00:00
5848,INPROC_4AC7C7,1,10,team1,Team 1 (N/S),78,42,17,♦,finished,2026-05-17T19:27:34.359367+00:00
5849,INPROC_56461A,1,10,team2,Team 2 (E/W),31,89,29,♥,finished,2026-05-17T19:27:34.373876+00:00
5850,INPROC_63EEA6,1,10,team1,Team 1 (N/S),66,54,29,♥,finished,2026-05-17T19:27:34.390983+00:00
5851,INPROC_AE1FCD,1,10,team1,Team 1 (N/S),81,39,2,♣,finished,2026-05-17T19:27:34.407200+00:00
5852,INPROC_3D271B,1,10,team1,Team 1 (N/S),61,59,4,♣,finished,2026-05-17T19:27:34.424242+00:00
5853,INPROC_EC41A0,1,10,team2,Team 2 (E/W),28,92,7,♣,finished,2026-05-17T19:27:34.442620+00:00
5854,INPROC_F4ECE5,1,10,team1,Team 1 (N/S),80,40,26,♥,finished,2026-05-17T19:27:34.460561+00:00
5855,INPROC_18EC3D,1,10,team2,Team 2 (E/W),25,95,6,♣,finished,2026-05-17T19:27:34.478345+00:00
5856,INPROC_4E3752,1,10,team1,Team 1 (N/S),64,56,26,♥,finished,2026-05-17T19:27:34.497762+00:00
5857,INPROC_3999D1,1,10,team1,Team 1 (N/S),74,46,34,♠,finished,2026-05-17T19:27:34.515801+00:00
5858,INPROC_0CB2C1,1,10,team2,Team 2 (E/W),43,77,19,♦,finished,2026-05-17T19:27:34.536086+00:00
5859,INPROC_6C29F9,1,10,team1,Team 1 (N/S),96,24,33,♠,finished,2026-05-17T19:27:34.552664+00:00
5860,INPROC_79F6CA,1,10,team2,Team 2 (E/W),58,62,9,♣,finished,2026-05-17T19:27:34.570414+00:00
5861,INPROC_00C483,1,10,team2,Team 2 (E/W),54,66,7,♣,finished,2026-05-17T19:27:34.589574+00:00
5862,INPROC_6C0F73,1,10,team1,Team 1 (N/S),77,43,2,♣,finished,2026-05-17T19:27:34.604387+00:00
5863,INPROC_DF3255,1,10,team2,Team 2 (E/W),40,80,35,♠,finished,2026-05-17T19:27:34.618658+00:00
5864,INPROC_9E44D5,1,10,team1,Team 1 (N/S),71,49,37,♠,finished,2026-05-17T19:27:34.630601+00:00
5865,INPROC_839953,1,10,team1,Team 1 (N/S),78,42,15,♦,finished,2026-05-17T19:27:34.645236+00:00
5866,INPROC_ADD29D,1,10,team1,Team 1 (N/S),94,26,22,♥,finished,2026-05-17T19:27:34.659683+00:00
5867,INPROC_E36099,1,10,team1,Team 1 (N/S),88,32,36,♠,finished,2026-05-17T19:27:34.675832+00:00
5868,INPROC_BFC353,1,10,team2,Team 2 (E/W),45,75,37,♠,finished,2026-05-17T19:27:34.693974+00:00
5869,INPROC_749C56,1,10,team1,Team 1 (N/S),78,42,15,♦,finished,2026-05-17T19:27:34.710953+00:00
5870,INPROC_A6C8A8,1,10,team2,Team 2 (E/W),24,96,33,♠,finished,2026-05-17T19:27:34.728496+00:00
5871,INPROC_5D8F1A,1,10,team2,Team 2 (E/W),41,79,30,♠,finished,2026-05-17T19:27:34.747370+00:00
5872,INPROC_A4996B,1,10,team2,Team 2 (E/W),42,78,16,♦,finished,2026-05-17T19:27:34.767940+00:00
5873,INPROC_42A36A,1,10,team1,Team 1 (N/S),71,49,22,♥,finished,2026-05-17T19:27:34.784950+00:00
5874,INPROC_73F1A9,1,10,team2,Team 2 (E/W),11,109,29,♥,finished,2026-05-17T19:27:34.801611+00:00
5875,INPROC_9D3A90,1,10,team1,Team 1 (N/S),110,10,24,♥,finished,2026-05-17T19:27:34.817640+00:00
5876,INPROC_AA8BDE,1,10,team1,Team 1 (N/S),76,44,7,♣,finished,2026-05-17T19:27:34.833899+00:00
5877,INPROC_D84C24,1,10,team1,Team 1 (N/S),96,24,30,♠,finished,2026-05-17T19:27:34.846074+00:00
5878,INPROC_D9794B,1,10,team1,Team 1 (N/S),67,53,16,♦,finished,2026-05-17T19:27:34.861614+00:00
5879,INPROC_9997BA,1,10,team1,Team 1 (N/S),68,52,6,♣,finished,2026-05-17T19:27:34.873844+00:00
5880,INPROC_97E220,1,10,team2,Team 2 (E/W),37,83,38,♠,finished,2026-05-17T19:27:34.887027+00:00
5881,INPROC_CC3EA4,1,10,team2,Team 2 (E/W),39,81,38,♠,finished,2026-05-17T19:27:34.904338+00:00
5882,INPROC_3DB9CF,1,10,team2,Team 2 (E/W),51,69,27,♥,finished,2026-05-17T19:27:34.921102+00:00
5883,INPROC_D38010,1,10,team2,Team 2 (E/W),48,72,10,♦,finished,2026-05-17T19:27:34.937289+00:00
5884,INPROC_D2DEFC,1,10,draw,draw,60,60,21,♥,finished,2026-05-17T19:27:34.953892+00:00
5885,INPROC_4DF176,1,10,team1,Team 1 (N/S),84,36,30,♠,finished,2026-05-17T19:27:34.970006+00:00
5886,INPROC_138115,1,10,team2,Team 2 (E/W),37,83,35,♠,finished,2026-05-17T19:27:34.986896+00:00
5887,INPROC_878077,1,10,team2,Team 2 (E/W),30,90,39,♠,finished,2026-05-17T19:27:35.003171+00:00
5888,INPROC_90075B,1,10,team2,Team 2 (E/W),52,68,13,♦,finished,2026-05-17T19:27:35.021466+00:00
5889,INPROC_BFCA83,1,10,team2,Team 2 (E/W),32,88,19,♦,finished,2026-05-17T19:27:35.041350+00:00
5890,INPROC_AC15A7,1,10,team2,Team 2 (E/W),54,66,1,♣,finished,2026-05-17T19:27:35.060209+00:00
5891,INPROC_480891,1,10,team1,Team 1 (N/S),109,11,27,♥,finished,2026-05-17T19:27:35.081015+00:00
5892,INPROC_33B8BE,1,10,team2,Team 2 (E/W),31,89,10,♦,finished,2026-05-17T19:27:35.098497+00:00
5893,INPROC_D2EC0D,1,10,team2,Team 2 (E/W),40,80,37,♠,finished,2026-05-17T19:27:35.118060+00:00
5894,INPROC_DD068B,1,10,team2,Team 2 (E/W),51,69,20,♥,finished,2026-05-17T19:27:35.134099+00:00
5895,INPROC_F4A334,1,10,team2,Team 2 (E/W),29,91,36,♠,finished,2026-05-17T19:27:35.146972+00:00
5896,INPROC_E22F88,1,10,team2,Team 2 (E/W),28,92,19,♦,finished,2026-05-17T19:27:35.161557+00:00
5897,INPROC_5585D5,1,10,team2,Team 2 (E/W),54,66,19,♦,finished,2026-05-17T19:27:35.181036+00:00
5898,INPROC_BDFFFE,1,10,team1,Team 1 (N/S),78,42,12,♦,finished,2026-05-17T19:27:35.198605+00:00
5899,INPROC_D8B958,1,10,team1,Team 1 (N/S),62,58,14,♦,finished,2026-05-17T19:27:35.216362+00:00
5900,INPROC_52AD72,1,10,draw,draw,60,60,37,♠,finished,2026-05-17T19:27:35.234957+00:00
5901,INPROC_FA104A,1,10,team2,Team 2 (E/W),37,83,3,♣,finished,2026-05-17T19:27:35.253562+00:00
5902,INPROC_B6E5DD,1,10,team2,Team 2 (E/W),51,69,34,♠,finished,2026-05-17T19:27:35.271770+00:00
5903,INPROC_6C64BE,1,10,team2,Team 2 (E/W),38,82,25,♥,finished,2026-05-17T19:27:35.287737+00:00
5904,INPROC_E3C5E2,1,10,team1,Team 1 (N/S),82,38,7,♣,finished,2026-05-17T19:27:35.303977+00:00
5905,INPROC_A7AB5E,1,10,team1,Team 1 (N/S),98,22,6,♣,finished,2026-05-17T19:27:35.322182+00:00
5906,INPROC_C14036,1,10,team2,Team 2 (E/W),59,61,10,♦,finished,2026-05-17T19:27:35.340426+00:00
5907,INPROC_5C7620,1,10,team1,Team 1 (N/S),64,56,15,♦,finished,2026-05-17T19:27:35.359732+00:00
5908,INPROC_49F92A,1,10,team1,Team 1 (N/S),82,38,12,♦,finished,2026-05-17T19:27:35.377920+00:00
5909,INPROC_154242,1,10,team1,Team 1 (N/S),72,48,25,♥,finished,2026-05-17T19:27:35.398496+00:00
5910,INPROC_78D632,1,10,team2,Team 2 (E/W),18,102,39,♠,finished,2026-05-17T19:27:35.433966+00:00
5911,INPROC_1ADF34,1,10,team2,Team 2 (E/W),40,80,19,♦,finished,2026-05-17T19:27:35.453071+00:00
5912,INPROC_26316B,1,10,team2,Team 2 (E/W),54,66,32,♠,finished,2026-05-17T19:27:35.472896+00:00
5913,INPROC_919801,1,10,team1,Team 1 (N/S),92,28,24,♥,finished,2026-05-17T19:27:35.491285+00:00
5914,INPROC_3CF6AF,1,10,team2,Team 2 (E/W),38,82,29,♥,finished,2026-05-17T19:27:35.510852+00:00
5915,INPROC_52DB03,1,10,team1,Team 1 (N/S),61,59,4,♣,finished,2026-05-17T19:27:35.529062+00:00
5916,INPROC_312588,1,10,team2,Team 2 (E/W),49,71,37,♠,finished,2026-05-17T19:27:35.546813+00:00
5917,INPROC_815D59,1,10,team2,Team 2 (E/W),38,82,2,♣,finished,2026-05-17T19:27:35.565401+00:00
5918,INPROC_847F5D,1,10,team1,Team 1 (N/S),108,12,35,♠,finished,2026-05-17T19:27:35.585599+00:00
5919,INPROC_A27AEE,1,10,team2,Team 2 (E/W),54,66,30,♠,finished,2026-05-17T19:27:35.606177+00:00
5920,INPROC_2A1851,1,10,team2,Team 2 (E/W),50,70,14,♦,finished,2026-05-17T19:27:35.625014+00:00
5921,INPROC_70BD95,1,10,team2,Team 2 (E/W),45,75,11,♦,finished,2026-05-17T19:27:35.642212+00:00
5922,INPROC_B91B69,1,10,team2,Team 2 (E/W),41,79,5,♣,finished,2026-05-17T19:27:35.657775+00:00
5923,INPROC_4F5FB3,1,10,team1,Team 1 (N/S),80,40,2,♣,finished,2026-05-17T19:27:35.669740+00:00
5924,INPROC_6FF3E7,1,10,team2,Team 2 (E/W),20,100,26,♥,finished,2026-05-17T19:27:35.680097+00:00
5925,INPROC_7C107E,1,10,team1,Team 1 (N/S),76,44,23,♥,finished,2026-05-17T19:27:35.694225+00:00
5926,INPROC_D1877B,1,10,team1,Team 1 (N/S),61,59,26,♥,finished,2026-05-17T19:27:35.709875+00:00
5927,INPROC_1592DD,1,10,team2,Team 2 (E/W),50,70,15,♦,finished,2026-05-17T19:27:35.728163+00:00
5928,INPROC_DAC2CA,1,10,team2,Team 2 (E/W),29,91,39,♠,finished,2026-05-17T19:27:35.744362+00:00
5929,INPROC_8FEA24,1,10,team1,Team 1 (N/S),87,33,33,♠,finished,2026-05-17T19:27:35.761042+00:00
5930,INPROC_2E6262,1,10,team2,Team 2 (E/W),52,68,34,♠,finished,2026-05-17T19:27:35.777699+00:00
5931,INPROC_BA9438,1,10,team1,Team 1 (N/S),110,10,32,♠,finished,2026-05-17T19:27:35.792166+00:00
5932,INPROC_F9E4EC,1,10,team2,Team 2 (E/W),50,70,12,♦,finished,2026-05-17T19:27:35.807541+00:00
5933,INPROC_86CF1A,1,10,team1,Team 1 (N/S),69,51,25,♥,finished,2026-05-17T19:27:35.823650+00:00
5934,INPROC_8B766C,1,10,team2,Team 2 (E/W),36,84,0,♣,finished,2026-05-17T19:27:35.841661+00:00
5935,INPROC_03DB1A,1,10,team1,Team 1 (N/S),118,2,26,♥,finished,2026-05-17T19:27:35.856658+00:00
5936,INPROC_7550AE,1,10,team2,Team 2 (E/W),40,80,29,♥,finished,2026-05-17T19:27:35.875950+00:00
5937,INPROC_E90642,1,10,team1,Team 1 (N/S),73,47,17,♦,finished,2026-05-17T19:27:35.888567+00:00
5938,INPROC_E0672D,1,10,team2,Team 2 (E/W),59,61,7,♣,finished,2026-05-17T19:27:35.908036+00:00
5939,INPROC_DAC7DC,1,10,team2,Team 2 (E/W),57,63,12,♦,finished,2026-05-17T19:27:35.927821+00:00
5940,INPROC_16E9F0,1,10,team1,Team 1 (N/S),63,57,38,♠,finished,2026-05-17T19:27:35.941599+00:00
5941,INPROC_B6A56B,1,10,team2,Team 2 (E/W),45,75,37,♠,finished,2026-05-17T19:27:35.953157+00:00
5942,INPROC_9F9D01,1,10,team2,Team 2 (E/W),8,112,19,♦,finished,2026-05-17T19:27:35.971012+00:00
5943,INPROC_3538E0,1,10,team1,Team 1 (N/S),79,41,19,♦,finished,2026-05-17T19:27:35.989321+00:00
5944,INPROC_5A71C1,1,10,team2,Team 2 (E/W),51,69,33,♠,finished,2026-05-17T19:27:36.010601+00:00
5945,INPROC_9A2BF1,1,10,team2,Team 2 (E/W),46,74,6,♣,finished,2026-05-17T19:27:36.029260+00:00
5946,INPROC_E2B3DD,1,10,team1,Team 1 (N/S),76,44,24,♥,finished,2026-05-17T19:27:36.046700+00:00
5947,INPROC_9E9E2E,1,10,team2,Team 2 (E/W),7,113,19,♦,finished,2026-05-17T19:27:36.068234+00:00
5948,INPROC_6701DD,1,10,team1,Team 1 (N/S),109,11,24,♥,finished,2026-05-17T19:27:36.084336+00:00
5949,INPROC_150AB9,1,10,team1,Team 1 (N/S),64,56,27,♥,finished,2026-05-17T19:27:36.099822+00:00
5950,INPROC_E1A7F4,1,10,team2,Team 2 (E/W),42,78,19,♦,finished,2026-05-17T19:27:36.117194+00:00
5951,INPROC_5C55FE,1,10,team1,Team 1 (N/S),76,44,28,♥,finished,2026-05-17T19:27:36.134747+00:00
5952,INPROC_69C839,1,10,team1,Team 1 (N/S),75,45,20,♥,finished,2026-05-17T19:27:36.152945+00:00
5953,INPROC_C41B96,1,10,team2,Team 2 (E/W),46,74,29,♥,finished,2026-05-17T19:27:36.169993+00:00
5954,INPROC_14BF62,1,10,team2,Team 2 (E/W),35,85,28,♥,finished,2026-05-17T19:27:36.186376+00:00
5955,INPROC_65DCE4,1,10,team2,Team 2 (E/W),43,77,35,♠,finished,2026-05-17T19:27:36.201295+00:00
5956,INPROC_800CCD,1,10,team2,Team 2 (E/W),43,77,7,♣,finished,2026-05-17T19:27:36.214254+00:00
5957,INPROC_861C48,1,10,team1,Team 1 (N/S),100,20,36,♠,finished,2026-05-17T19:27:36.230545+00:00
5958,INPROC_D63B29,1,10,team2,Team 2 (E/W),38,82,34,♠,finished,2026-05-17T19:27:36.245590+00:00
5959,INPROC_E63B55,1,10,team1,Team 1 (N/S),65,55,36,♠,finished,2026-05-17T19:27:36.261147+00:00
5960,INPROC_A4D783,1,10,team1,Team 1 (N/S),62,58,24,♥,finished,2026-05-17T19:27:36.276519+00:00
5961,INPROC_B5945D,1,10,team1,Team 1 (N/S),97,23,14,♦,finished,2026-05-17T19:27:36.293275+00:00
5962,INPROC_4F3037,1,10,team1,Team 1 (N/S),88,32,16,♦,finished,2026-05-17T19:27:36.311540+00:00
5963,INPROC_0230F2,1,10,team1,Team 1 (N/S),67,53,14,♦,finished,2026-05-17T19:27:36.332307+00:00
5964,INPROC_D93205,1,10,team1,Team 1 (N/S),103,17,22,♥,finished,2026-05-17T19:27:36.348261+00:00
5965,INPROC_9F4EBA,1,10,team2,Team 2 (E/W),39,81,22,♥,finished,2026-05-17T19:27:36.364028+00:00
5966,INPROC_5B1626,1,10,team1,Team 1 (N/S),83,37,32,♠,finished,2026-05-17T19:27:36.380095+00:00
5967,INPROC_320D27,1,10,team2,Team 2 (E/W),36,84,8,♣,finished,2026-05-17T19:27:36.397134+00:00
5968,INPROC_D609D8,1,10,team2,Team 2 (E/W),24,96,8,♣,finished,2026-05-17T19:27:36.416973+00:00
5969,INPROC_176C71,1,10,team1,Team 1 (N/S),74,46,2,♣,finished,2026-05-17T19:27:36.435943+00:00
5970,INPROC_D6E537,1,10,team2,Team 2 (E/W),53,67,5,♣,finished,2026-05-17T19:27:36.454652+00:00
5971,INPROC_6379AA,1,10,team2,Team 2 (E/W),42,78,32,♠,finished,2026-05-17T19:27:36.473722+00:00
5972,INPROC_C1066E,1,10,team2,Team 2 (E/W),56,64,19,♦,finished,2026-05-17T19:27:36.491513+00:00
5973,INPROC_C71A6F,1,10,team2,Team 2 (E/W),38,82,22,♥,finished,2026-05-17T19:27:36.510307+00:00
5974,INPROC_62A851,1,10,team2,Team 2 (E/W),21,99,9,♣,finished,2026-05-17T19:27:36.528719+00:00
5975,INPROC_DAF3AE,1,10,team2,Team 2 (E/W),58,62,15,♦,finished,2026-05-17T19:27:36.548135+00:00
5976,INPROC_A87025,1,10,draw,draw,60,60,12,♦,finished,2026-05-17T19:27:36.564150+00:00
5977,INPROC_BE10F3,1,10,team1,Team 1 (N/S),70,50,35,♠,finished,2026-05-17T19:27:36.580477+00:00
5978,INPROC_9D6230,1,10,team2,Team 2 (E/W),52,68,18,♦,finished,2026-05-17T19:27:36.598445+00:00
5979,INPROC_492CC6,1,10,team1,Team 1 (N/S),70,50,26,♥,finished,2026-05-17T19:27:36.620293+00:00
5980,INPROC_C74F82,1,10,team2,Team 2 (E/W),21,99,34,♠,finished,2026-05-17T19:27:36.640432+00:00
5981,INPROC_951499,1,10,team1,Team 1 (N/S),65,55,26,♥,finished,2026-05-17T19:27:36.658924+00:00
5982,INPROC_C5048D,1,10,team1,Team 1 (N/S),67,53,38,♠,finished,2026-05-17T19:27:36.675877+00:00
5983,INPROC_948CEC,1,10,team2,Team 2 (E/W),44,76,1,♣,finished,2026-05-17T19:27:36.693143+00:00
5984,INPROC_7D0624,1,10,team2,Team 2 (E/W),40,80,33,♠,finished,2026-05-17T19:27:36.712225+00:00
5985,INPROC_EEC133,1,10,team2,Team 2 (E/W),35,85,25,♥,finished,2026-05-17T19:27:36.730239+00:00
5986,INPROC_B3AEC0,1,10,team2,Team 2 (E/W),20,100,37,♠,finished,2026-05-17T19:27:36.745892+00:00
5987,INPROC_B55E8C,1,10,team1,Team 1 (N/S),108,12,17,♦,finished,2026-05-17T19:27:36.760083+00:00
5988,INPROC_A37EEF,1,10,team1,Team 1 (N/S),65,55,18,♦,finished,2026-05-17T19:27:36.779694+00:00
5989,INPROC_550355,1,10,team1,Team 1 (N/S),81,39,4,♣,finished,2026-05-17T19:27:36.797657+00:00
5990,INPROC_34821D,1,10,team2,Team 2 (E/W),13,107,26,♥,finished,2026-05-17T19:27:36.816990+00:00
5991,INPROC_6EF75D,1,10,team1,Team 1 (N/S),64,56,2,♣,finished,2026-05-17T19:27:36.838243+00:00
5992,INPROC_BE55B6,1,10,team2,Team 2 (E/W),43,77,24,♥,finished,2026-05-17T19:27:36.858587+00:00
5993,INPROC_8997AC,1,10,team1,Team 1 (N/S),66,54,23,♥,finished,2026-05-17T19:27:36.880869+00:00
5994,INPROC_DB4444,1,10,team2,Team 2 (E/W),50,70,0,♣,finished,2026-05-17T19:27:36.901292+00:00
5995,INPROC_335F48,1,10,team1,Team 1 (N/S),69,51,27,♥,finished,2026-05-17T19:27:36.919417+00:00
5996,INPROC_D55D43,1,10,team1,Team 1 (N/S),62,58,34,♠,finished,2026-05-17T19:27:36.937510+00:00
5997,INPROC_686F4A,1,10,team2,Team 2 (E/W),56,64,22,♥,finished,2026-05-17T19:27:36.957135+00:00
5998,INPROC_B013F9,1,10,team1,Team 1 (N/S),86,34,25,♥,finished,2026-05-17T19:27:36.973347+00:00
5999,INPROC_079ABF,1,10,team1,Team 1 (N/S),70,50,30,♠,finished,2026-05-17T19:27:36.988969+00:00
6000,INPROC_245446,1,10,team2,Team 2 (E/W),59,61,7,♣,finished,2026-05-17T19:27:37.006775+00:00
6001,INPROC_1A1FA5,1,10,team2,Team 2 (E/W),50,70,12,♦,finished,2026-05-17T19:27:37.030163+00:00
6002,INPROC_B4523B,1,10,team2,Team 2 (E/W),38,82,15,♦,finished,2026-05-17T19:27:37.051083+00:00
6003,INPROC_739C87,1,10,team1,Team 1 (N/S),64,56,29,♥,finished,2026-05-17T19:27:37.078009+00:00
6004,INPROC_0E08F4,1,10,team2,Team 2 (E/W),0,120,26,♥,finished,2026-05-17T19:27:37.098446+00:00
6005,INPROC_00D29B,1,10,team2,Team 2 (E/W),23,97,21,♥,finished,2026-05-17T19:27:37.115665+00:00
6006,INPROC_9291B1,1,10,team1,Team 1 (N/S),109,11,3,♣,finished,2026-05-17T19:27:37.133378+00:00
6007,INPROC_5D9719,1,10,team1,Team 1 (N/S),82,38,11,♦,finished,2026-05-17T19:27:37.150836+00:00
6008,INPROC_CE63FC,1,10,team1,Team 1 (N/S),92,28,27,♥,finished,2026-05-17T19:27:37.167203+00:00
6009,INPROC_8150C2,1,10,team1,Team 1 (N/S),102,18,24,♥,finished,2026-05-17T19:27:37.187660+00:00
6010,INPROC_69B4EC,1,10,team1,Team 1 (N/S),107,13,39,♠,finished,2026-05-17T19:27:37.203212+00:00
6011,INPROC_88C184,1,10,draw,draw,60,60,19,♦,finished,2026-05-17T19:27:37.221495+00:00
6012,INPROC_5053CD,1,10,team2,Team 2 (E/W),25,95,35,♠,finished,2026-05-17T19:27:37.241431+00:00
6013,INPROC_7A448A,1,10,team1,Team 1 (N/S),75,45,23,♥,finished,2026-05-17T19:27:37.262044+00:00
6014,INPROC_ACE985,1,10,team2,Team 2 (E/W),56,64,10,♦,finished,2026-05-17T19:27:37.279759+00:00
6015,INPROC_84E12B,1,10,team2,Team 2 (E/W),58,62,36,♠,finished,2026-05-17T19:27:37.295869+00:00
6016,INPROC_E5C6D0,1,10,team1,Team 1 (N/S),109,11,16,♦,finished,2026-05-17T19:27:36.694350+00:00
6017,INPROC_5998BC,1,10,team2,Team 2 (E/W),34,86,35,♠,finished,2026-05-17T19:27:36.714208+00:00
6018,INPROC_3BA7D7,1,10,team1,Team 1 (N/S),69,51,35,♠,finished,2026-05-17T19:27:36.733404+00:00
6019,INPROC_CCB7F6,1,10,team2,Team 2 (E/W),11,109,26,♥,finished,2026-05-17T19:27:36.753421+00:00
6020,INPROC_FD38E7,1,10,team1,Team 1 (N/S),104,16,10,♦,finished,2026-05-17T19:27:36.773298+00:00
6021,INPROC_8DEA70,1,10,team2,Team 2 (E/W),20,100,18,♦,finished,2026-05-17T19:27:36.792771+00:00
6022,INPROC_2AFFB5,1,10,team2,Team 2 (E/W),49,71,8,♣,finished,2026-05-17T19:27:36.812737+00:00
6023,INPROC_171454,1,10,team1,Team 1 (N/S),87,33,1,♣,finished,2026-05-17T19:27:36.833133+00:00
6024,INPROC_F3509B,1,10,team2,Team 2 (E/W),40,80,29,♥,finished,2026-05-17T19:27:36.850852+00:00
6025,INPROC_E3C35F,1,10,team2,Team 2 (E/W),18,102,13,♦,finished,2026-05-17T19:27:36.867317+00:00
6026,INPROC_30EE2F,1,10,team1,Team 1 (N/S),77,43,12,♦,finished,2026-05-17T19:27:36.883883+00:00
6027,INPROC_3409FC,1,10,team1,Team 1 (N/S),81,39,31,♠,finished,2026-05-17T19:27:36.899487+00:00
6028,INPROC_1D1FB8,1,10,team2,Team 2 (E/W),51,69,15,♦,finished,2026-05-17T19:27:36.911287+00:00
6029,INPROC_4EF727,1,10,team2,Team 2 (E/W),38,82,22,♥,finished,2026-05-17T19:27:36.923982+00:00
6030,INPROC_80C548,1,10,team2,Team 2 (E/W),45,75,29,♥,finished,2026-05-17T19:27:36.940359+00:00
6031,INPROC_FBC931,1,10,team2,Team 2 (E/W),36,84,33,♠,finished,2026-05-17T19:27:36.955074+00:00
6032,INPROC_65E0CF,1,10,team2,Team 2 (E/W),36,84,28,♥,finished,2026-05-17T19:27:36.970814+00:00
6033,INPROC_70CD8C,1,10,team1,Team 1 (N/S),69,51,27,♥,finished,2026-05-17T19:27:36.987640+00:00
6034,INPROC_465DFE,1,10,team2,Team 2 (E/W),54,66,28,♥,finished,2026-05-17T19:27:37.004051+00:00
6035,INPROC_41DF71,1,10,team2,Team 2 (E/W),37,83,14,♦,finished,2026-05-17T19:27:37.020577+00:00
6036,INPROC_FFA8F6,1,10,team2,Team 2 (E/W),41,79,21,♥,finished,2026-05-17T19:27:37.037861+00:00
6037,INPROC_8D553C,1,10,team2,Team 2 (E/W),50,70,21,♥,finished,2026-05-17T19:27:37.054299+00:00
6038,INPROC_91D4EE,1,10,team2,Team 2 (E/W),55,65,35,♠,finished,2026-05-17T19:27:37.071198+00:00
6039,INPROC_186896,1,10,team2,Team 2 (E/W),45,75,21,♥,finished,2026-05-17T19:27:37.090409+00:00
6040,INPROC_2D1E7C,1,10,team1,Team 1 (N/S),84,36,2,♣,finished,2026-05-17T19:27:37.108375+00:00
6041,INPROC_5CE3D8,1,10,team1,Team 1 (N/S),99,21,30,♠,finished,2026-05-17T19:27:37.126479+00:00
6042,INPROC_FB2D69,1,10,team1,Team 1 (N/S),67,53,36,♠,finished,2026-05-17T19:27:37.145408+00:00
6043,INPROC_B58A54,1,10,team2,Team 2 (E/W),48,72,21,♥,finished,2026-05-17T19:27:37.160658+00:00
6044,INPROC_9BE8C6,1,10,team2,Team 2 (E/W),45,75,36,♠,finished,2026-05-17T19:27:37.174344+00:00
6045,INPROC_68E038,1,10,team2,Team 2 (E/W),28,92,25,♥,finished,2026-05-17T19:27:37.186505+00:00
6046,INPROC_71BDEF,1,10,team1,Team 1 (N/S),66,54,16,♦,finished,2026-05-17T19:27:37.197489+00:00
6047,INPROC_FF48A9,1,10,team2,Team 2 (E/W),19,101,21,♥,finished,2026-05-17T19:27:37.216115+00:00
6048,INPROC_967E5B,1,10,team1,Team 1 (N/S),81,39,3,♣,finished,2026-05-17T19:27:37.233738+00:00
6049,INPROC_581E6D,1,10,team1,Team 1 (N/S),89,31,20,♥,finished,2026-05-17T19:27:37.252370+00:00
6050,INPROC_6EAE0F,1,10,team2,Team 2 (E/W),23,97,28,♥,finished,2026-05-17T19:27:37.270621+00:00
6051,INPROC_4BD1DA,1,10,team1,Team 1 (N/S),86,34,14,♦,finished,2026-05-17T19:27:37.286258+00:00
6052,INPROC_2C0B90,1,10,team2,Team 2 (E/W),49,71,14,♦,finished,2026-05-17T19:27:37.302290+00:00
6053,INPROC_8F6308,1,10,team2,Team 2 (E/W),0,120,31,♠,finished,2026-05-17T19:27:37.316180+00:00
6054,INPROC_B9E662,1,10,team2,Team 2 (E/W),34,86,16,♦,finished,2026-05-17T19:27:37.332552+00:00
6055,INPROC_FBC18E,1,10,team1,Team 1 (N/S),70,50,24,♥,finished,2026-05-17T19:27:37.350627+00:00
6056,INPROC_CE8749,1,10,team1,Team 1 (N/S),95,25,6,♣,finished,2026-05-17T19:27:37.368208+00:00
6057,INPROC_16BDA7,1,10,team2,Team 2 (E/W),6,114,31,♠,finished,2026-05-17T19:27:37.385435+00:00
6058,INPROC_69872A,1,10,team2,Team 2 (E/W),54,66,6,♣,finished,2026-05-17T19:27:37.400912+00:00
6059,INPROC_1608BE,1,10,team2,Team 2 (E/W),26,94,26,♥,finished,2026-05-17T19:27:37.417737+00:00
6060,INPROC_370762,1,10,team1,Team 1 (N/S),83,37,2,♣,finished,2026-05-17T19:27:37.435749+00:00
6061,INPROC_C66C9C,1,10,team2,Team 2 (E/W),30,90,18,♦,finished,2026-05-17T19:27:37.449699+00:00
6062,INPROC_CD0477,1,10,team2,Team 2 (E/W),29,91,32,♠,finished,2026-05-17T19:27:37.463000+00:00
6063,INPROC_1E037A,1,10,team2,Team 2 (E/W),13,107,17,♦,finished,2026-05-17T19:27:37.480500+00:00
6064,INPROC_FD1CE7,1,10,team2,Team 2 (E/W),55,65,35,♠,finished,2026-05-17T19:27:37.501636+00:00
6065,INPROC_AC0A6B,1,10,team1,Team 1 (N/S),72,48,23,♥,finished,2026-05-17T19:27:37.519946+00:00
6066,INPROC_5ADCC4,1,10,team1,Team 1 (N/S),70,50,8,♣,finished,2026-05-17T19:27:37.537222+00:00
6067,INPROC_B1B642,1,10,team2,Team 2 (E/W),42,78,7,♣,finished,2026-05-17T19:27:37.555635+00:00
6068,INPROC_5FBE82,1,10,team1,Team 1 (N/S),70,50,12,♦,finished,2026-05-17T19:27:37.572530+00:00
6069,INPROC_1E68CD,1,10,team1,Team 1 (N/S),65,55,39,♠,finished,2026-05-17T19:27:37.587891+00:00
6070,INPROC_D4EB2E,1,10,team1,Team 1 (N/S),79,41,13,♦,finished,2026-05-17T19:27:37.604121+00:00
6071,INPROC_5C0DB9,1,10,team2,Team 2 (E/W),36,84,26,♥,finished,2026-05-17T19:27:37.618408+00:00
6072,INPROC_198C5E,1,10,team2,Team 2 (E/W),34,86,18,♦,finished,2026-05-17T19:27:37.633363+00:00
6073,INPROC_4038A9,1,10,team1,Team 1 (N/S),75,45,37,♠,finished,2026-05-17T19:27:37.648446+00:00
6074,INPROC_D4D0F3,1,10,team1,Team 1 (N/S),72,48,34,♠,finished,2026-05-17T19:27:37.665523+00:00
6075,INPROC_DA72CD,1,10,team1,Team 1 (N/S),85,35,22,♥,finished,2026-05-17T19:27:37.679331+00:00
6076,INPROC_21CF82,1,10,team1,Team 1 (N/S),100,20,7,♣,finished,2026-05-17T19:27:37.692998+00:00
6077,INPROC_BA480A,1,10,team2,Team 2 (E/W),50,70,25,♥,finished,2026-05-17T19:27:37.707759+00:00
6078,INPROC_733B3D,1,10,team1,Team 1 (N/S),88,32,33,♠,finished,2026-05-17T19:27:37.719986+00:00
6079,INPROC_77D160,1,10,team2,Team 2 (E/W),47,73,7,♣,finished,2026-05-17T19:27:37.733508+00:00
6080,INPROC_CD0D4C,1,10,team2,Team 2 (E/W),23,97,28,♥,finished,2026-05-17T19:27:37.744902+00:00
6081,INPROC_515C5E,1,10,team1,Team 1 (N/S),65,55,30,♠,finished,2026-05-17T19:27:37.760882+00:00
6082,INPROC_1B96A8,1,10,team1,Team 1 (N/S),75,45,30,♠,finished,2026-05-17T19:27:37.776582+00:00
6083,INPROC_968460,1,10,team1,Team 1 (N/S),97,23,11,♦,finished,2026-05-17T19:27:37.794393+00:00
6084,INPROC_2659B0,1,10,team2,Team 2 (E/W),49,71,11,♦,finished,2026-05-17T19:27:37.811630+00:00
6085,INPROC_ED5D9C,1,10,team1,Team 1 (N/S),77,43,32,♠,finished,2026-05-17T19:27:37.828563+00:00
6086,INPROC_F0E2C5,1,10,team2,Team 2 (E/W),33,87,21,♥,finished,2026-05-17T19:27:37.845764+00:00
6087,INPROC_CCD2A5,1,10,team1,Team 1 (N/S),79,41,4,♣,finished,2026-05-17T19:27:37.865525+00:00
6088,INPROC_67FE66,1,10,team1,Team 1 (N/S),87,33,34,♠,finished,2026-05-17T19:27:37.882577+00:00
6089,INPROC_DE1600,1,10,team1,Team 1 (N/S),72,48,4,♣,finished,2026-05-17T19:27:37.902247+00:00
6090,INPROC_70BA71,1,10,team2,Team 2 (E/W),32,88,23,♥,finished,2026-05-17T19:27:37.922353+00:00
6091,INPROC_336762,1,10,team2,Team 2 (E/W),16,104,8,♣,finished,2026-05-17T19:27:37.941847+00:00
6092,INPROC_C82317,1,10,team2,Team 2 (E/W),38,82,23,♥,finished,2026-05-17T19:27:37.957724+00:00
6093,INPROC_82C916,1,10,team2,Team 2 (E/W),11,109,26,♥,finished,2026-05-17T19:27:37.969912+00:00
6094,INPROC_761471,1,10,team1,Team 1 (N/S),106,14,23,♥,finished,2026-05-17T19:27:37.981591+00:00
6095,INPROC_0E905C,1,10,team2,Team 2 (E/W),31,89,4,♣,finished,2026-05-17T19:27:37.999432+00:00
6096,INPROC_C5ACEA,1,10,team2,Team 2 (E/W),18,102,39,♠,finished,2026-05-17T19:27:38.016017+00:00
6097,INPROC_7FC7C3,1,10,team2,Team 2 (E/W),43,77,22,♥,finished,2026-05-17T19:27:38.031486+00:00
6098,INPROC_501F4A,1,10,team2,Team 2 (E/W),56,64,23,♥,finished,2026-05-17T19:27:38.046552+00:00
6099,INPROC_FCCA38,1,10,team2,Team 2 (E/W),48,72,19,♦,finished,2026-05-17T19:27:38.060558+00:00
6100,INPROC_7BC5EF,1,10,team2,Team 2 (E/W),51,69,38,♠,finished,2026-05-17T19:27:38.074671+00:00
6101,INPROC_B034BD,1,10,team2,Team 2 (E/W),54,66,23,♥,finished,2026-05-17T19:27:38.089816+00:00
6102,INPROC_BAC298,1,10,team1,Team 1 (N/S),78,42,17,♦,finished,2026-05-17T19:27:38.106376+00:00
6103,INPROC_800513,1,10,team2,Team 2 (E/W),14,106,36,♠,finished,2026-05-17T19:27:38.123987+00:00
6104,INPROC_F285F1,1,10,team2,Team 2 (E/W),7,113,9,♣,finished,2026-05-17T19:27:38.138955+00:00
6105,INPROC_1F30D7,1,10,team2,Team 2 (E/W),50,70,30,♠,finished,2026-05-17T19:27:38.155447+00:00
6106,INPROC_403FBC,1,10,team2,Team 2 (E/W),59,61,5,♣,finished,2026-05-17T19:27:38.172032+00:00
6107,INPROC_261D8F,1,10,team2,Team 2 (E/W),52,68,23,♥,finished,2026-05-17T19:27:38.189233+00:00
6108,INPROC_46EBBD,1,10,team2,Team 2 (E/W),42,78,28,♥,finished,2026-05-17T19:27:38.207581+00:00
6109,INPROC_464EBB,1,10,team1,Team 1 (N/S),109,11,36,♠,finished,2026-05-17T19:27:38.222876+00:00
6110,INPROC_E63ADD,1,10,team2,Team 2 (E/W),52,68,27,♥,finished,2026-05-17T19:27:38.234181+00:00
6111,INPROC_41C151,1,10,team2,Team 2 (E/W),41,79,13,♦,finished,2026-05-17T19:27:38.247449+00:00
6112,INPROC_39993D,1,10,team1,Team 1 (N/S),72,48,11,♦,finished,2026-05-17T19:27:38.261462+00:00
6113,INPROC_7F3FD4,1,10,team1,Team 1 (N/S),100,20,24,♥,finished,2026-05-17T19:27:38.277910+00:00
6114,INPROC_A3E5DB,1,10,team1,Team 1 (N/S),64,56,28,♥,finished,2026-05-17T19:27:38.293509+00:00
6115,INPROC_ADC81E,1,10,team1,Team 1 (N/S),61,59,37,♠,finished,2026-05-17T19:27:38.308526+00:00
6116,INPROC_D9AB8E,1,10,team1,Team 1 (N/S),71,49,13,♦,finished,2026-05-17T19:27:38.325731+00:00
6117,INPROC_5AAF7B,1,10,team1,Team 1 (N/S),88,32,31,♠,finished,2026-05-17T19:27:38.340855+00:00
6118,INPROC_49B735,1,10,team1,Team 1 (N/S),104,16,6,♣,finished,2026-05-17T19:27:38.358826+00:00
6119,INPROC_3D3445,1,10,team2,Team 2 (E/W),53,67,35,♠,finished,2026-05-17T19:27:38.376667+00:00
6120,INPROC_9BA120,1,10,team1,Team 1 (N/S),73,47,33,♠,finished,2026-05-17T19:27:38.387437+00:00
6121,INPROC_AD74D6,1,10,team2,Team 2 (E/W),20,100,35,♠,finished,2026-05-17T19:27:38.404771+00:00
6122,INPROC_2E0964,1,10,team2,Team 2 (E/W),42,78,12,♦,finished,2026-05-17T19:27:38.421289+00:00
6123,INPROC_AB2301,1,10,team1,Team 1 (N/S),90,30,21,♥,finished,2026-05-17T19:27:38.439035+00:00
6124,INPROC_34F5B3,1,10,team1,Team 1 (N/S),97,23,20,♥,finished,2026-05-17T19:27:38.455516+00:00
6125,INPROC_515322,1,10,team1,Team 1 (N/S),66,54,22,♥,finished,2026-05-17T19:27:38.473162+00:00
6126,INPROC_5DC98A,1,10,team2,Team 2 (E/W),26,94,35,♠,finished,2026-05-17T19:27:38.490941+00:00
6127,INPROC_75BEA4,1,10,team2,Team 2 (E/W),52,68,38,♠,finished,2026-05-17T19:27:38.505633+00:00
6128,INPROC_228264,1,10,team2,Team 2 (E/W),45,75,22,♥,finished,2026-05-17T19:27:38.517570+00:00
6129,INPROC_0EBB49,1,10,team2,Team 2 (E/W),59,61,21,♥,finished,2026-05-17T19:27:38.534581+00:00
6130,INPROC_9FB4A0,1,10,team1,Team 1 (N/S),65,55,12,♦,finished,2026-05-17T19:27:38.551209+00:00
6131,INPROC_A54E25,1,10,team2,Team 2 (E/W),46,74,32,♠,finished,2026-05-17T19:27:38.566412+00:00
6132,INPROC_C75D9D,1,10,team1,Team 1 (N/S),68,52,7,♣,finished,2026-05-17T19:27:38.581629+00:00
6133,INPROC_33BA52,1,10,team1,Team 1 (N/S),90,30,20,♥,finished,2026-05-17T19:27:38.598214+00:00
6134,INPROC_ECB6D9,1,10,team1,Team 1 (N/S),85,35,12,♦,finished,2026-05-17T19:27:38.615875+00:00
6135,INPROC_70D220,1,10,team1,Team 1 (N/S),81,39,31,♠,finished,2026-05-17T19:27:38.630711+00:00
6136,INPROC_3179BA,1,10,team1,Team 1 (N/S),80,40,19,♦,finished,2026-05-17T19:27:38.645832+00:00
6137,INPROC_B2F834,1,10,team2,Team 2 (E/W),34,86,8,♣,finished,2026-05-17T19:27:38.662604+00:00
6138,INPROC_5876A5,1,10,team1,Team 1 (N/S),76,44,38,♠,finished,2026-05-17T19:27:38.681418+00:00
6139,INPROC_B45D75,1,10,team1,Team 1 (N/S),69,51,22,♥,finished,2026-05-17T19:27:38.698042+00:00
6140,INPROC_91A83C,1,10,team2,Team 2 (E/W),44,76,0,♣,finished,2026-05-17T19:27:38.719187+00:00
6141,INPROC_3BFF97,1,10,team2,Team 2 (E/W),50,70,35,♠,finished,2026-05-17T19:27:38.731327+00:00
6142,INPROC_1C8BF8,1,10,team2,Team 2 (E/W),9,111,9,♣,finished,2026-05-17T19:27:38.748013+00:00
6143,INPROC_5AF77A,1,10,team1,Team 1 (N/S),69,51,11,♦,finished,2026-05-17T19:27:38.764483+00:00
6144,INPROC_5B9A54,1,10,team2,Team 2 (E/W),15,105,13,♦,finished,2026-05-17T19:27:38.781239+00:00
6145,INPROC_4BBAC7,1,10,team2,Team 2 (E/W),40,80,28,♥,finished,2026-05-17T19:27:38.799606+00:00
6146,INPROC_8DCF75,1,10,team2,Team 2 (E/W),15,105,8,♣,finished,2026-05-17T19:27:38.815887+00:00
6147,INPROC_E74E77,1,10,team2,Team 2 (E/W),59,61,17,♦,finished,2026-05-17T19:27:38.833075+00:00
6148,INPROC_F3BBD6,1,10,team2,Team 2 (E/W),40,80,35,♠,finished,2026-05-17T19:27:38.848416+00:00
6149,INPROC_381771,1,10,team2,Team 2 (E/W),16,104,36,♠,finished,2026-05-17T19:27:38.866200+00:00
6150,INPROC_0D3CBE,1,10,team1,Team 1 (N/S),73,47,17,♦,finished,2026-05-17T19:27:38.884551+00:00
6151,INPROC_6D7EA1,1,10,team2,Team 2 (E/W),42,78,31,♠,finished,2026-05-17T19:27:38.901527+00:00
6152,INPROC_7078F5,1,10,team2,Team 2 (E/W),52,68,15,♦,finished,2026-05-17T19:27:38.917662+00:00
6153,INPROC_6524AD,1,10,team1,Team 1 (N/S),72,48,21,♥,finished,2026-05-17T19:27:38.935349+00:00
6154,INPROC_DEF4DC,1,10,team2,Team 2 (E/W),56,64,22,♥,finished,2026-05-17T19:27:38.952834+00:00
6155,INPROC_E0EB13,1,10,team1,Team 1 (N/S),93,27,23,♥,finished,2026-05-17T19:27:38.971906+00:00
6156,INPROC_EA39D4,1,10,team2,Team 2 (E/W),32,88,0,♣,finished,2026-05-17T19:27:38.987579+00:00
6157,INPROC_649DC9,1,10,team2,Team 2 (E/W),42,78,27,♥,finished,2026-05-17T19:27:39.003859+00:00
6158,INPROC_7892BF,1,10,draw,draw,60,60,35,♠,finished,2026-05-17T19:27:39.020530+00:00
6159,INPROC_EACBE6,1,10,team1,Team 1 (N/S),100,20,28,♥,finished,2026-05-17T19:27:39.031670+00:00
6160,INPROC_54C6EA,1,10,team1,Team 1 (N/S),74,46,16,♦,finished,2026-05-17T19:27:39.041061+00:00
6161,INPROC_88E460,1,10,team1,Team 1 (N/S),66,54,0,♣,finished,2026-05-17T19:27:39.054701+00:00
6162,INPROC_8AF1D0,1,10,team2,Team 2 (E/W),0,120,27,♥,finished,2026-05-17T19:27:39.067363+00:00
6163,INPROC_635119,1,10,team2,Team 2 (E/W),46,74,38,♠,finished,2026-05-17T19:27:39.081386+00:00
6164,INPROC_CB789C,1,10,team2,Team 2 (E/W),52,68,14,♦,finished,2026-05-17T19:27:39.097353+00:00
6165,INPROC_A8E5B4,1,10,team2,Team 2 (E/W),36,84,13,♦,finished,2026-05-17T19:27:39.108716+00:00
6166,INPROC_FAA771,1,10,team1,Team 1 (N/S),94,26,1,♣,finished,2026-05-17T19:27:39.119372+00:00
6167,INPROC_90986B,1,10,team2,Team 2 (E/W),53,67,33,♠,finished,2026-05-17T19:27:39.136879+00:00
6168,INPROC_92C7FD,1,10,team1,Team 1 (N/S),71,49,31,♠,finished,2026-05-17T19:27:39.156051+00:00
6169,INPROC_1F7BC0,1,10,team2,Team 2 (E/W),4,116,13,♦,finished,2026-05-17T19:27:39.174707+00:00
6170,INPROC_FC11D0,1,10,team1,Team 1 (N/S),87,33,33,♠,finished,2026-05-17T19:27:39.192155+00:00
6171,INPROC_446AC9,1,10,team1,Team 1 (N/S),78,42,31,♠,finished,2026-05-17T19:27:39.208322+00:00
6172,INPROC_BD1105,1,10,team1,Team 1 (N/S),64,56,35,♠,finished,2026-05-17T19:27:39.225360+00:00
6173,INPROC_71CE72,1,10,team2,Team 2 (E/W),42,78,2,♣,finished,2026-05-17T19:27:39.236315+00:00
6174,INPROC_B70382,1,10,team1,Team 1 (N/S),120,0,5,♣,finished,2026-05-17T19:27:39.252643+00:00
6175,INPROC_FDB6D7,1,10,team1,Team 1 (N/S),102,18,30,♠,finished,2026-05-17T19:27:39.265736+00:00
6176,INPROC_6637EC,1,10,team1,Team 1 (N/S),65,55,1,♣,finished,2026-05-17T19:27:39.280470+00:00
6177,INPROC_DAA1B2,1,10,team2,Team 2 (E/W),45,75,23,♥,finished,2026-05-17T19:27:39.292212+00:00
6178,INPROC_CA2E3B,1,10,team1,Team 1 (N/S),93,27,12,♦,finished,2026-05-17T19:27:39.305623+00:00
6179,INPROC_790449,1,10,team1,Team 1 (N/S),83,37,30,♠,finished,2026-05-17T19:27:39.321896+00:00
6180,INPROC_886245,1,10,draw,draw,60,60,11,♦,finished,2026-05-17T19:27:39.340383+00:00
6181,INPROC_42B1E5,1,10,team1,Team 1 (N/S),75,45,17,♦,finished,2026-05-17T19:27:39.360591+00:00
6182,INPROC_A3F065,1,10,team2,Team 2 (E/W),54,66,11,♦,finished,2026-05-17T19:27:39.378451+00:00
6183,INPROC_12817A,1,10,team2,Team 2 (E/W),42,78,26,♥,finished,2026-05-17T19:27:39.396875+00:00
6184,INPROC_0A0FCF,1,10,team1,Team 1 (N/S),64,56,6,♣,finished,2026-05-17T19:27:39.411306+00:00
6185,INPROC_D3017E,1,10,team1,Team 1 (N/S),81,39,15,♦,finished,2026-05-17T19:27:39.428630+00:00
6186,INPROC_3577E2,1,10,team2,Team 2 (E/W),25,95,29,♥,finished,2026-05-17T19:27:39.444889+00:00
6187,INPROC_7BEC45,1,10,draw,draw,60,60,16,♦,finished,2026-05-17T19:27:39.460364+00:00
6188,INPROC_91E419,1,10,team1,Team 1 (N/S),115,5,21,♥,finished,2026-05-17T19:27:39.478592+00:00
6189,INPROC_2963E4,1,10,team2,Team 2 (E/W),25,95,13,♦,finished,2026-05-17T19:27:39.496517+00:00
6190,INPROC_EB0AB3,1,10,team1,Team 1 (N/S),61,59,39,♠,finished,2026-05-17T19:27:39.513073+00:00
6191,INPROC_DB9141,1,10,team2,Team 2 (E/W),32,88,18,♦,finished,2026-05-17T19:27:39.530852+00:00
6192,INPROC_04C504,1,10,team2,Team 2 (E/W),15,105,9,♣,finished,2026-05-17T19:27:39.547477+00:00
6193,INPROC_AE83E2,1,10,team2,Team 2 (E/W),31,89,27,♥,finished,2026-05-17T19:27:39.559380+00:00
6194,INPROC_241BDD,1,10,team2,Team 2 (E/W),20,100,0,♣,finished,2026-05-17T19:27:39.570368+00:00
6195,INPROC_C99536,1,10,team2,Team 2 (E/W),18,102,30,♠,finished,2026-05-17T19:27:39.587112+00:00
6196,INPROC_307D36,1,10,team2,Team 2 (E/W),46,74,39,♠,finished,2026-05-17T19:27:39.606730+00:00
6197,INPROC_93FBF3,1,10,team2,Team 2 (E/W),37,83,22,♥,finished,2026-05-17T19:27:39.617953+00:00
6198,INPROC_7E03A4,1,10,team1,Team 1 (N/S),69,51,25,♥,finished,2026-05-17T19:27:39.633965+00:00
6199,INPROC_FD14EF,1,10,team1,Team 1 (N/S),77,43,25,♥,finished,2026-05-17T19:27:39.650699+00:00
6200,INPROC_C8B4EA,1,10,draw,draw,60,60,36,♠,finished,2026-05-17T19:27:39.668124+00:00
6201,INPROC_548AE2,1,10,team1,Team 1 (N/S),79,41,12,♦,finished,2026-05-17T19:27:39.685759+00:00
6202,INPROC_998CF0,1,10,team2,Team 2 (E/W),30,90,36,♠,finished,2026-05-17T19:27:39.701016+00:00
6203,INPROC_4C7C24,1,10,team1,Team 1 (N/S),73,47,25,♥,finished,2026-05-17T19:27:39.713261+00:00
6204,INPROC_5E0603,1,10,team2,Team 2 (E/W),52,68,22,♥,finished,2026-05-17T19:27:39.730148+00:00
6205,INPROC_6A6855,1,10,team1,Team 1 (N/S),96,24,28,♥,finished,2026-05-17T19:27:39.745971+00:00
6206,INPROC_0A47AE,1,10,team2,Team 2 (E/W),20,100,3,♣,finished,2026-05-17T19:27:39.762521+00:00
6207,INPROC_F08A7B,1,10,team1,Team 1 (N/S),83,37,22,♥,finished,2026-05-17T19:27:39.780390+00:00
6208,INPROC_7FC54C,1,10,team2,Team 2 (E/W),42,78,37,♠,finished,2026-05-17T19:27:39.798826+00:00
6209,INPROC_40DA16,1,10,team2,Team 2 (E/W),38,82,2,♣,finished,2026-05-17T19:27:39.814733+00:00
6210,INPROC_D9CDDA,1,10,team2,Team 2 (E/W),10,110,39,♠,finished,2026-05-17T19:27:39.827782+00:00
6211,INPROC_447DB1,1,10,team2,Team 2 (E/W),26,94,10,♦,finished,2026-05-17T19:27:39.845673+00:00
6212,INPROC_9159D8,1,10,team1,Team 1 (N/S),92,28,16,♦,finished,2026-05-17T19:27:39.860372+00:00
6213,INPROC_F53DB7,1,10,team2,Team 2 (E/W),27,93,38,♠,finished,2026-05-17T19:27:39.876721+00:00
6214,INPROC_82D36E,1,10,team1,Team 1 (N/S),75,45,33,♠,finished,2026-05-17T19:27:39.894575+00:00
6215,INPROC_9F070F,1,10,team2,Team 2 (E/W),43,77,18,♦,finished,2026-05-17T19:27:39.911320+00:00
6216,INPROC_70E895,1,10,team1,Team 1 (N/S),80,40,38,♠,finished,2026-05-17T19:27:39.925606+00:00
6217,INPROC_74B3BF,1,10,team1,Team 1 (N/S),103,17,32,♠,finished,2026-05-17T19:27:39.941928+00:00
6218,INPROC_3F0C65,1,10,team1,Team 1 (N/S),87,33,12,♦,finished,2026-05-17T19:27:39.958163+00:00
6219,INPROC_38705B,1,10,team1,Team 1 (N/S),68,52,35,♠,finished,2026-05-17T19:27:39.975763+00:00
6220,INPROC_34C29E,1,10,team2,Team 2 (E/W),18,102,36,♠,finished,2026-05-17T19:27:39.991755+00:00
6221,INPROC_457127,1,10,team1,Team 1 (N/S),76,44,1,♣,finished,2026-05-17T19:27:40.009795+00:00
6222,INPROC_5E8556,1,10,team1,Team 1 (N/S),89,31,24,♥,finished,2026-05-17T19:27:40.027019+00:00
6223,INPROC_CA0DCA,1,10,team2,Team 2 (E/W),59,61,6,♣,finished,2026-05-17T19:27:40.044990+00:00
6224,INPROC_1D1E1C,1,10,team1,Team 1 (N/S),69,51,21,♥,finished,2026-05-17T19:27:40.062817+00:00
6225,INPROC_6C14AF,1,10,draw,draw,60,60,31,♠,finished,2026-05-17T19:27:40.079992+00:00
6226,INPROC_735697,1,10,team2,Team 2 (E/W),46,74,23,♥,finished,2026-05-17T19:27:40.092306+00:00
6227,INPROC_6C920D,1,10,team2,Team 2 (E/W),47,73,36,♠,finished,2026-05-17T19:27:40.103563+00:00
6228,INPROC_D73119,1,10,team1,Team 1 (N/S),62,58,7,♣,finished,2026-05-17T19:27:40.127536+00:00
6229,INPROC_20D57F,1,10,team1,Team 1 (N/S),71,49,11,♦,finished,2026-05-17T19:27:40.151376+00:00
6230,INPROC_6945E3,1,10,team1,Team 1 (N/S),71,49,14,♦,finished,2026-05-17T19:27:40.175268+00:00
6231,INPROC_F39CAB,1,10,team2,Team 2 (E/W),26,94,19,♦,finished,2026-05-17T19:27:40.195032+00:00
6232,INPROC_7B300A,1,10,team2,Team 2 (E/W),53,67,13,♦,finished,2026-05-17T19:27:40.213479+00:00
6233,INPROC_3C5054,1,10,team1,Team 1 (N/S),76,44,25,♥,finished,2026-05-17T19:27:40.230530+00:00
6234,INPROC_F82778,1,10,team1,Team 1 (N/S),69,51,6,♣,finished,2026-05-17T19:27:40.248773+00:00
6235,INPROC_6802B7,1,10,team2,Team 2 (E/W),55,65,32,♠,finished,2026-05-17T19:27:40.265331+00:00
6236,INPROC_08EE0A,1,10,team1,Team 1 (N/S),81,39,7,♣,finished,2026-05-17T19:27:40.283101+00:00
6237,INPROC_3322AF,1,10,team1,Team 1 (N/S),104,16,35,♠,finished,2026-05-17T19:27:40.302489+00:00
6238,INPROC_00B04A,1,10,team1,Team 1 (N/S),77,43,13,♦,finished,2026-05-17T19:27:40.321531+00:00
6239,INPROC_12E8C8,1,10,team2,Team 2 (E/W),28,92,24,♥,finished,2026-05-17T19:27:40.340623+00:00
6240,INPROC_592AAE,1,10,team2,Team 2 (E/W),24,96,27,♥,finished,2026-05-17T19:27:40.353338+00:00
6241,INPROC_73AF01,1,10,team2,Team 2 (E/W),56,64,26,♥,finished,2026-05-17T19:27:40.365496+00:00
6242,INPROC_785421,1,10,team1,Team 1 (N/S),105,15,10,♦,finished,2026-05-17T19:27:40.381568+00:00
6243,INPROC_83942B,1,10,team1,Team 1 (N/S),67,53,26,♥,finished,2026-05-17T19:27:40.398891+00:00
6244,INPROC_112B85,1,10,team2,Team 2 (E/W),25,95,24,♥,finished,2026-05-17T19:27:40.415608+00:00
6245,INPROC_C39AD2,1,10,team2,Team 2 (E/W),53,67,35,♠,finished,2026-05-17T19:27:40.432066+00:00
6246,INPROC_3D8005,1,10,team2,Team 2 (E/W),30,90,25,♥,finished,2026-05-17T19:27:40.444705+00:00
6247,INPROC_15F7DA,1,10,team1,Team 1 (N/S),109,11,32,♠,finished,2026-05-17T19:27:40.462825+00:00
6248,INPROC_51CBD4,1,10,team2,Team 2 (E/W),26,94,32,♠,finished,2026-05-17T19:27:40.478856+00:00
6249,INPROC_51B606,1,10,team1,Team 1 (N/S),93,27,4,♣,finished,2026-05-17T19:27:40.496024+00:00
6250,INPROC_3AD3F5,1,10,team1,Team 1 (N/S),69,51,13,♦,finished,2026-05-17T19:27:40.513052+00:00
6251,INPROC_31D8A2,1,10,team2,Team 2 (E/W),47,73,12,♦,finished,2026-05-17T19:27:40.529319+00:00
6252,INPROC_263199,1,10,team1,Team 1 (N/S),80,40,27,♥,finished,2026-05-17T19:27:40.545340+00:00
6253,INPROC_DBAC16,1,10,team2,Team 2 (E/W),58,62,12,♦,finished,2026-05-17T19:27:40.560513+00:00
6254,INPROC_D0772F,1,10,team1,Team 1 (N/S),71,49,24,♥,finished,2026-05-17T19:27:40.577184+00:00
6255,INPROC_872BFC,1,10,team1,Team 1 (N/S),62,58,17,♦,finished,2026-05-17T19:27:40.594134+00:00
6256,INPROC_096CF6,1,10,team1,Team 1 (N/S),65,55,0,♣,finished,2026-05-17T19:27:40.609491+00:00
6257,INPROC_2C6C67,1,10,team2,Team 2 (E/W),56,64,8,♣,finished,2026-05-17T19:27:40.622182+00:00
6258,INPROC_293490,1,10,team1,Team 1 (N/S),65,55,7,♣,finished,2026-05-17T19:27:40.636068+00:00
6259,INPROC_226FAE,1,10,team2,Team 2 (E/W),31,89,28,♥,finished,2026-05-17T19:27:40.654319+00:00
6260,INPROC_078F86,1,10,team2,Team 2 (E/W),51,69,35,♠,finished,2026-05-17T19:27:40.671215+00:00
6261,INPROC_16A271,1,10,team2,Team 2 (E/W),14,106,14,♦,finished,2026-05-17T19:27:40.689026+00:00
6262,INPROC_DCF897,1,10,team1,Team 1 (N/S),88,32,6,♣,finished,2026-05-17T19:27:40.706853+00:00
6263,INPROC_F95007,1,10,team2,Team 2 (E/W),42,78,9,♣,finished,2026-05-17T19:27:40.723732+00:00
6264,INPROC_CF240F,1,10,team1,Team 1 (N/S),72,48,38,♠,finished,2026-05-17T19:27:40.741762+00:00
6265,INPROC_B917CA,1,10,team2,Team 2 (E/W),22,98,3,♣,finished,2026-05-17T19:27:40.759424+00:00
6266,INPROC_F9ACEA,1,10,team1,Team 1 (N/S),69,51,37,♠,finished,2026-05-17T19:27:40.776021+00:00
6267,INPROC_0FD6C5,1,10,team1,Team 1 (N/S),63,57,32,♠,finished,2026-05-17T19:27:40.793853+00:00
6268,INPROC_37FF09,1,10,team1,Team 1 (N/S),77,43,33,♠,finished,2026-05-17T19:27:40.811186+00:00
6269,INPROC_D2A263,1,10,team1,Team 1 (N/S),77,43,36,♠,finished,2026-05-17T19:27:40.829552+00:00
6270,INPROC_38F646,1,10,team1,Team 1 (N/S),64,56,20,♥,finished,2026-05-17T19:27:40.850162+00:00
6271,INPROC_32ED95,1,10,team2,Team 2 (E/W),31,89,12,♦,finished,2026-05-17T19:27:40.869709+00:00
6272,INPROC_FCCA15,1,10,team2,Team 2 (E/W),54,66,36,♠,finished,2026-05-17T19:27:40.884852+00:00
6273,INPROC_BFC990,1,10,team2,Team 2 (E/W),44,76,19,♦,finished,2026-05-17T19:27:40.898047+00:00
6274,INPROC_87D329,1,10,team2,Team 2 (E/W),43,77,34,♠,finished,2026-05-17T19:27:40.914821+00:00
6275,INPROC_DC79FD,1,10,team1,Team 1 (N/S),85,35,13,♦,finished,2026-05-17T19:27:40.931822+00:00
6276,INPROC_23126C,1,10,team2,Team 2 (E/W),45,75,11,♦,finished,2026-05-17T19:27:40.947532+00:00
6277,INPROC_BA2360,1,10,team1,Team 1 (N/S),72,48,6,♣,finished,2026-05-17T19:27:40.963303+00:00
6278,INPROC_8339B8,1,10,team2,Team 2 (E/W),51,69,23,♥,finished,2026-05-17T19:27:40.979860+00:00
6279,INPROC_675326,1,10,team1,Team 1 (N/S),67,53,12,♦,finished,2026-05-17T19:27:40.994623+00:00
6280,INPROC_1A7492,1,10,team2,Team 2 (E/W),41,79,33,♠,finished,2026-05-17T19:27:41.010440+00:00
6281,INPROC_61CE69,1,10,team2,Team 2 (E/W),30,90,1,♣,finished,2026-05-17T19:27:41.026909+00:00
6282,INPROC_14D176,1,10,team2,Team 2 (E/W),32,88,26,♥,finished,2026-05-17T19:27:41.044033+00:00
6283,INPROC_DF91D9,1,10,team2,Team 2 (E/W),30,90,36,♠,finished,2026-05-17T19:27:41.060239+00:00
6284,INPROC_87A315,1,10,team2,Team 2 (E/W),19,101,20,♥,finished,2026-05-17T19:27:41.075788+00:00
6285,INPROC_195F23,1,10,team2,Team 2 (E/W),47,73,21,♥,finished,2026-05-17T19:27:41.089881+00:00
6286,INPROC_FE4AF5,1,10,draw,draw,60,60,5,♣,finished,2026-05-17T19:27:41.105425+00:00
6287,INPROC_F5E866,1,10,team1,Team 1 (N/S),74,46,10,♦,finished,2026-05-17T19:27:41.124606+00:00
6288,INPROC_448106,1,10,team1,Team 1 (N/S),96,24,11,♦,finished,2026-05-17T19:27:41.140919+00:00
6289,INPROC_093134,1,10,team2,Team 2 (E/W),54,66,38,♠,finished,2026-05-17T19:27:41.154100+00:00
6290,INPROC_930868,1,10,team1,Team 1 (N/S),85,35,0,♣,finished,2026-05-17T19:27:41.166732+00:00
6291,INPROC_E92A7D,1,10,team2,Team 2 (E/W),18,102,37,♠,finished,2026-05-17T19:27:41.182546+00:00
6292,INPROC_9E77B9,1,10,team2,Team 2 (E/W),55,65,3,♣,finished,2026-05-17T19:27:41.200903+00:00
6293,INPROC_62DD84,1,10,team2,Team 2 (E/W),57,63,28,♥,finished,2026-05-17T19:27:41.219223+00:00
6294,INPROC_D7E563,1,10,team2,Team 2 (E/W),36,84,39,♠,finished,2026-05-17T19:27:41.241311+00:00
6295,INPROC_1E8A30,1,10,team1,Team 1 (N/S),67,53,38,♠,finished,2026-05-17T19:27:41.262472+00:00
6296,INPROC_3581B2,1,10,team2,Team 2 (E/W),54,66,9,♣,finished,2026-05-17T19:27:41.283348+00:00
6297,INPROC_5F5E2B,1,10,team2,Team 2 (E/W),33,87,15,♦,finished,2026-05-17T19:27:41.302560+00:00
6298,INPROC_112EF9,1,10,team2,Team 2 (E/W),42,78,24,♥,finished,2026-05-17T19:27:41.323795+00:00
6299,INPROC_F22C66,1,10,team2,Team 2 (E/W),56,64,7,♣,finished,2026-05-17T19:27:41.343508+00:00
6300,INPROC_C69A6D,1,10,draw,draw,60,60,20,♥,finished,2026-05-17T19:27:41.364098+00:00
6301,INPROC_9D35EB,1,10,team2,Team 2 (E/W),55,65,4,♣,finished,2026-05-17T19:27:41.383981+00:00
6302,INPROC_3BBDB7,1,10,team1,Team 1 (N/S),71,49,4,♣,finished,2026-05-17T19:27:41.403102+00:00
6303,INPROC_F218E3,1,10,team2,Team 2 (E/W),7,113,10,♦,finished,2026-05-17T19:27:41.421380+00:00
6304,INPROC_6C8BB7,1,10,team1,Team 1 (N/S),91,29,2,♣,finished,2026-05-17T19:27:41.438349+00:00
6305,INPROC_2B0B0C,1,10,team2,Team 2 (E/W),28,92,3,♣,finished,2026-05-17T19:27:41.452552+00:00
6306,INPROC_F1CFBA,1,10,team2,Team 2 (E/W),18,102,32,♠,finished,2026-05-17T19:27:41.468566+00:00
6307,INPROC_A15498,1,10,team1,Team 1 (N/S),78,42,3,♣,finished,2026-05-17T19:27:41.484224+00:00
6308,INPROC_E89AC8,1,10,team2,Team 2 (E/W),17,103,27,♥,finished,2026-05-17T19:27:41.502365+00:00
6309,INPROC_813A9A,1,10,team2,Team 2 (E/W),46,74,28,♥,finished,2026-05-17T19:27:41.521556+00:00
6310,INPROC_4DB3B3,1,10,team2,Team 2 (E/W),40,80,19,♦,finished,2026-05-17T19:27:41.540540+00:00
6311,INPROC_09C63C,1,10,team1,Team 1 (N/S),120,0,25,♥,finished,2026-05-17T19:27:41.558722+00:00
6312,INPROC_A19231,1,10,team1,Team 1 (N/S),90,30,24,♥,finished,2026-05-17T19:27:41.577354+00:00
6313,INPROC_486151,1,10,team2,Team 2 (E/W),58,62,22,♥,finished,2026-05-17T19:27:41.594687+00:00
6314,INPROC_1852D8,1,10,team1,Team 1 (N/S),73,47,38,♠,finished,2026-05-17T19:27:41.610624+00:00
6315,INPROC_6D9D06,1,10,team2,Team 2 (E/W),33,87,15,♦,finished,2026-05-17T19:27:41.627476+00:00
6316,INPROC_79A4A0,1,10,team2,Team 2 (E/W),53,67,9,♣,finished,2026-05-17T19:27:41.642329+00:00
6317,INPROC_779133,1,10,team2,Team 2 (E/W),12,108,36,♠,finished,2026-05-17T19:27:41.657270+00:00
6318,INPROC_EA6B19,1,10,draw,draw,60,60,4,♣,finished,2026-05-17T19:27:41.672396+00:00
6319,INPROC_63AC09,1,10,team2,Team 2 (E/W),9,111,37,♠,finished,2026-05-17T19:27:41.688039+00:00
6320,INPROC_394C21,1,10,team1,Team 1 (N/S),61,59,12,♦,finished,2026-05-17T19:27:41.703102+00:00
6321,INPROC_FF1658,1,10,team1,Team 1 (N/S),69,51,17,♦,finished,2026-05-17T19:27:41.721495+00:00
6322,INPROC_57F0BC,1,10,team2,Team 2 (E/W),33,87,25,♥,finished,2026-05-17T19:27:41.737362+00:00
6323,INPROC_A8DA07,1,10,team1,Team 1 (N/S),83,37,26,♥,finished,2026-05-17T19:27:41.755029+00:00
6324,INPROC_8C0E01,1,10,team2,Team 2 (E/W),56,64,7,♣,finished,2026-05-17T19:27:41.774328+00:00
6325,INPROC_007EF0,1,10,team2,Team 2 (E/W),49,71,21,♥,finished,2026-05-17T19:27:41.791452+00:00
6326,INPROC_D00510,1,10,team2,Team 2 (E/W),45,75,38,♠,finished,2026-05-17T19:27:41.808248+00:00
6327,INPROC_34281B,1,10,team2,Team 2 (E/W),26,94,33,♠,finished,2026-05-17T19:27:41.824197+00:00
6328,INPROC_741118,1,10,draw,draw,60,60,12,♦,finished,2026-05-17T19:27:41.844316+00:00
6329,INPROC_EECD57,1,10,team1,Team 1 (N/S),62,58,10,♦,finished,2026-05-17T19:27:41.864166+00:00
6330,INPROC_F29864,1,10,team1,Team 1 (N/S),62,58,32,♠,finished,2026-05-17T19:27:41.879999+00:00
6331,INPROC_FDCD68,1,10,team1,Team 1 (N/S),70,50,12,♦,finished,2026-05-17T19:27:41.896108+00:00
6332,INPROC_0B72AD,1,10,team1,Team 1 (N/S),73,47,14,♦,finished,2026-05-17T19:27:41.915047+00:00
6333,INPROC_013063,1,10,team2,Team 2 (E/W),31,89,39,♠,finished,2026-05-17T19:27:41.933766+00:00
6334,INPROC_6D2F42,1,10,team2,Team 2 (E/W),32,88,14,♦,finished,2026-05-17T19:27:41.947274+00:00
6335,INPROC_A2D358,1,10,team2,Team 2 (E/W),34,86,9,♣,finished,2026-05-17T19:27:41.959489+00:00
6336,INPROC_26F9AA,1,10,team1,Team 1 (N/S),78,42,22,♥,finished,2026-05-17T19:27:41.977460+00:00
6337,INPROC_B81734,1,10,team1,Team 1 (N/S),81,39,11,♦,finished,2026-05-17T19:27:41.995339+00:00
6338,INPROC_5AFEC4,1,10,team2,Team 2 (E/W),35,85,5,♣,finished,2026-05-17T19:27:42.013403+00:00
6339,INPROC_2C3935,1,10,team2,Team 2 (E/W),41,79,20,♥,finished,2026-05-17T19:27:42.031414+00:00
6340,INPROC_E7D498,1,10,team1,Team 1 (N/S),101,19,26,♥,finished,2026-05-17T19:27:42.047108+00:00
6341,INPROC_C914C5,1,10,team2,Team 2 (E/W),51,69,35,♠,finished,2026-05-17T19:27:42.062667+00:00
6342,INPROC_EF02D3,1,10,team2,Team 2 (E/W),13,107,37,♠,finished,2026-05-17T19:27:42.079011+00:00
6343,INPROC_C989C3,1,10,team2,Team 2 (E/W),15,105,21,♥,finished,2026-05-17T19:27:42.093769+00:00
6344,INPROC_F8179A,1,10,team2,Team 2 (E/W),40,80,14,♦,finished,2026-05-17T19:27:42.111002+00:00
6345,INPROC_218C4A,1,10,team1,Team 1 (N/S),76,44,11,♦,finished,2026-05-17T19:27:42.125855+00:00
6346,INPROC_5FB756,1,10,team1,Team 1 (N/S),69,51,31,♠,finished,2026-05-17T19:27:42.143983+00:00
6347,INPROC_8EB216,1,10,team2,Team 2 (E/W),29,91,17,♦,finished,2026-05-17T19:27:42.162837+00:00
6348,INPROC_F7899B,1,10,team2,Team 2 (E/W),31,89,6,♣,finished,2026-05-17T19:27:42.180381+00:00
6349,INPROC_48E91B,1,10,team2,Team 2 (E/W),39,81,12,♦,finished,2026-05-17T19:27:42.198400+00:00
6350,INPROC_1C34F3,1,10,team2,Team 2 (E/W),26,94,39,♠,finished,2026-05-17T19:27:42.212218+00:00
6351,INPROC_66F206,1,10,team1,Team 1 (N/S),98,22,27,♥,finished,2026-05-17T19:27:42.224114+00:00
6352,INPROC_11600C,1,10,team2,Team 2 (E/W),20,100,32,♠,finished,2026-05-17T19:27:42.240964+00:00
6353,INPROC_CD9BB9,1,10,team1,Team 1 (N/S),102,18,32,♠,finished,2026-05-17T19:27:42.259339+00:00
6354,INPROC_131D10,1,10,team2,Team 2 (E/W),10,110,14,♦,finished,2026-05-17T19:27:42.275638+00:00
6355,INPROC_82C9CD,1,10,team1,Team 1 (N/S),85,35,19,♦,finished,2026-05-17T19:27:42.292070+00:00
6356,INPROC_BD772D,1,10,team2,Team 2 (E/W),21,99,28,♥,finished,2026-05-17T19:27:42.308900+00:00
6357,INPROC_486AFE,1,10,team1,Team 1 (N/S),88,32,1,♣,finished,2026-05-17T19:27:42.325621+00:00
6358,INPROC_04FA03,1,10,team2,Team 2 (E/W),42,78,34,♠,finished,2026-05-17T19:27:42.345325+00:00
6359,INPROC_8E5F5D,1,10,team2,Team 2 (E/W),32,88,3,♣,finished,2026-05-17T19:27:42.358094+00:00
6360,INPROC_2D121E,1,10,team1,Team 1 (N/S),92,28,33,♠,finished,2026-05-17T19:27:42.375392+00:00
6361,INPROC_9CB9EE,1,10,team1,Team 1 (N/S),97,23,3,♣,finished,2026-05-17T19:27:42.390161+00:00
6362,INPROC_76B2E1,1,10,team2,Team 2 (E/W),32,88,18,♦,finished,2026-05-17T19:27:42.406477+00:00
6363,INPROC_428AB2,1,10,team1,Team 1 (N/S),67,53,8,♣,finished,2026-05-17T19:27:42.422897+00:00
6364,INPROC_DE64D7,1,10,team2,Team 2 (E/W),37,83,35,♠,finished,2026-05-17T19:27:42.439281+00:00
6365,INPROC_ED32AB,1,10,team1,Team 1 (N/S),65,55,20,♥,finished,2026-05-17T19:27:42.455303+00:00
6366,INPROC_9C680F,1,10,team2,Team 2 (E/W),49,71,18,♦,finished,2026-05-17T19:27:42.471080+00:00
6367,INPROC_A57CFA,1,10,team2,Team 2 (E/W),52,68,37,♠,finished,2026-05-17T19:27:42.486159+00:00
6368,INPROC_B7A623,1,10,team1,Team 1 (N/S),82,38,10,♦,finished,2026-05-17T19:27:42.501748+00:00
6369,INPROC_9199BD,1,10,team2,Team 2 (E/W),36,84,17,♦,finished,2026-05-17T19:27:42.516710+00:00
6370,INPROC_C3028E,1,10,team2,Team 2 (E/W),43,77,8,♣,finished,2026-05-17T19:27:42.535822+00:00
6371,INPROC_805C57,1,10,team1,Team 1 (N/S),90,30,21,♥,finished,2026-05-17T19:27:42.556683+00:00
6372,INPROC_5571BB,1,10,team2,Team 2 (E/W),16,104,3,♣,finished,2026-05-17T19:27:42.572751+00:00
6373,INPROC_56ED1F,1,10,team2,Team 2 (E/W),49,71,27,♥,finished,2026-05-17T19:27:42.589770+00:00
6374,INPROC_893E18,1,10,team1,Team 1 (N/S),80,40,31,♠,finished,2026-05-17T19:27:42.607332+00:00
6375,INPROC_69DADC,1,10,team2,Team 2 (E/W),36,84,35,♠,finished,2026-05-17T19:27:42.625433+00:00
6376,INPROC_B19E4C,1,10,team2,Team 2 (E/W),52,68,9,♣,finished,2026-05-17T19:27:42.643083+00:00
6377,INPROC_98833C,1,10,team1,Team 1 (N/S),98,22,35,♠,finished,2026-05-17T19:27:42.654532+00:00
6378,INPROC_229BC8,1,10,team2,Team 2 (E/W),50,70,39,♠,finished,2026-05-17T19:27:42.669557+00:00
6379,INPROC_DD7DD7,1,10,team2,Team 2 (E/W),37,83,13,♦,finished,2026-05-17T19:27:42.684479+00:00
6380,INPROC_7EC62F,1,10,team2,Team 2 (E/W),50,70,37,♠,finished,2026-05-17T19:27:42.700709+00:00
6381,INPROC_C7E022,1,10,team1,Team 1 (N/S),78,42,14,♦,finished,2026-05-17T19:27:42.719092+00:00
6382,INPROC_3021C3,1,10,team1,Team 1 (N/S),95,25,26,♥,finished,2026-05-17T19:27:42.732200+00:00
6383,INPROC_B9B593,1,10,team2,Team 2 (E/W),17,103,11,♦,finished,2026-05-17T19:27:42.744461+00:00
6384,INPROC_74A8BE,1,10,team2,Team 2 (E/W),45,75,28,♥,finished,2026-05-17T19:27:42.760320+00:00
6385,INPROC_27969E,1,10,team2,Team 2 (E/W),49,71,29,♥,finished,2026-05-17T19:27:42.778617+00:00
6386,INPROC_07A920,1,10,draw,draw,60,60,31,♠,finished,2026-05-17T19:27:42.795713+00:00
6387,INPROC_73C16B,1,10,team2,Team 2 (E/W),16,104,6,♣,finished,2026-05-17T19:27:42.812594+00:00
6388,INPROC_8CEA26,1,10,team2,Team 2 (E/W),57,63,1,♣,finished,2026-05-17T19:27:42.829844+00:00
6389,INPROC_41EA3B,1,10,team2,Team 2 (E/W),51,69,1,♣,finished,2026-05-17T19:27:42.849336+00:00
6390,INPROC_1D52E1,1,10,team2,Team 2 (E/W),57,63,20,♥,finished,2026-05-17T19:27:42.868664+00:00
6391,INPROC_FFEA1A,1,10,team1,Team 1 (N/S),92,28,32,♠,finished,2026-05-17T19:27:42.884757+00:00
6392,INPROC_E095CD,1,10,team2,Team 2 (E/W),57,63,10,♦,finished,2026-05-17T19:27:42.903807+00:00
6393,INPROC_DFA4DA,1,10,team1,Team 1 (N/S),78,42,36,♠,finished,2026-05-17T19:27:42.921275+00:00
6394,INPROC_43688A,1,10,team2,Team 2 (E/W),17,103,16,♦,finished,2026-05-17T19:27:42.937250+00:00
6395,INPROC_C6B0F1,1,10,draw,draw,60,60,36,♠,finished,2026-05-17T19:27:42.954251+00:00
6396,INPROC_E1C7C9,1,10,team1,Team 1 (N/S),83,37,36,♠,finished,2026-05-17T19:27:42.972747+00:00
6397,INPROC_D88EAE,1,10,team1,Team 1 (N/S),117,3,11,♦,finished,2026-05-17T19:27:42.990124+00:00
6398,INPROC_672742,1,10,team2,Team 2 (E/W),48,72,11,♦,finished,2026-05-17T19:27:43.002221+00:00
6399,INPROC_C43CB6,1,10,team2,Team 2 (E/W),38,82,3,♣,finished,2026-05-17T19:27:43.018461+00:00
6400,INPROC_1D8D84,1,10,team2,Team 2 (E/W),38,82,12,♦,finished,2026-05-17T19:27:43.034255+00:00
6401,INPROC_854B1A,1,10,team2,Team 2 (E/W),57,63,7,♣,finished,2026-05-17T19:27:43.049196+00:00
6402,INPROC_C6F90B,1,10,team2,Team 2 (E/W),49,71,6,♣,finished,2026-05-17T19:27:43.062253+00:00
6403,INPROC_6D4231,1,10,team2,Team 2 (E/W),31,89,0,♣,finished,2026-05-17T19:27:43.075496+00:00
6404,INPROC_A20D2E,1,10,team1,Team 1 (N/S),61,59,7,♣,finished,2026-05-17T19:27:43.087478+00:00
6405,INPROC_A58CAB,1,10,draw,draw,60,60,3,♣,finished,2026-05-17T19:27:43.099852+00:00
6406,INPROC_13099A,1,10,team2,Team 2 (E/W),45,75,34,♠,finished,2026-05-17T19:27:43.110739+00:00
6407,INPROC_C310A4,1,10,team2,Team 2 (E/W),59,61,30,♠,finished,2026-05-17T19:27:43.125100+00:00
6408,INPROC_CE381F,1,10,team1,Team 1 (N/S),88,32,30,♠,finished,2026-05-17T19:27:43.136957+00:00
6409,INPROC_C888D4,1,10,team1,Team 1 (N/S),69,51,34,♠,finished,2026-05-17T19:27:43.150480+00:00
6410,INPROC_16ABD6,1,10,team2,Team 2 (E/W),55,65,37,♠,finished,2026-05-17T19:27:43.164042+00:00
6411,INPROC_05EE79,1,10,team1,Team 1 (N/S),88,32,29,♥,finished,2026-05-17T19:27:43.177185+00:00
6412,INPROC_C1FD44,1,10,team2,Team 2 (E/W),56,64,1,♣,finished,2026-05-17T19:27:43.193013+00:00
6413,INPROC_763D05,1,10,team2,Team 2 (E/W),18,102,2,♣,finished,2026-05-17T19:27:43.207457+00:00
6414,INPROC_7ABEAC,1,10,team1,Team 1 (N/S),74,46,3,♣,finished,2026-05-17T19:27:43.219046+00:00
6415,INPROC_6AB889,1,10,team2,Team 2 (E/W),27,93,19,♦,finished,2026-05-17T19:27:43.235135+00:00
6416,INPROC_356E0B,1,10,team1,Team 1 (N/S),65,55,9,♣,finished,2026-05-17T19:27:43.252656+00:00
6417,INPROC_E18DFA,1,10,team2,Team 2 (E/W),53,67,30,♠,finished,2026-05-17T19:27:43.268959+00:00
6418,INPROC_BC52E7,1,10,team2,Team 2 (E/W),57,63,33,♠,finished,2026-05-17T19:27:43.286632+00:00
6419,INPROC_3A26E9,1,10,team2,Team 2 (E/W),50,70,19,♦,finished,2026-05-17T19:27:43.301337+00:00
6420,INPROC_022A57,1,10,team2,Team 2 (E/W),30,90,35,♠,finished,2026-05-17T19:27:43.313401+00:00
6421,INPROC_C5DA4A,1,10,team1,Team 1 (N/S),77,43,14,♦,finished,2026-05-17T19:27:43.328376+00:00
6422,INPROC_A90429,1,10,team2,Team 2 (E/W),7,113,33,♠,finished,2026-05-17T19:27:43.342436+00:00
6423,INPROC_D9A9DF,1,10,team2,Team 2 (E/W),6,114,26,♥,finished,2026-05-17T19:27:43.355470+00:00
6424,INPROC_C6F2C2,1,10,team1,Team 1 (N/S),70,50,6,♣,finished,2026-05-17T19:27:43.370341+00:00
6425,INPROC_EB1185,1,10,team1,Team 1 (N/S),70,50,20,♥,finished,2026-05-17T19:27:43.384306+00:00
6426,INPROC_C80EA1,1,10,team1,Team 1 (N/S),63,57,5,♣,finished,2026-05-17T19:27:43.396038+00:00
6427,INPROC_8C6AB1,1,10,team1,Team 1 (N/S),75,45,27,♥,finished,2026-05-17T19:27:43.410721+00:00
6428,INPROC_67E918,1,10,team2,Team 2 (E/W),39,81,22,♥,finished,2026-05-17T19:27:43.424110+00:00
6429,INPROC_7CECDE,1,10,team2,Team 2 (E/W),50,70,24,♥,finished,2026-05-17T19:27:43.436663+00:00
6430,INPROC_27A93F,1,10,team1,Team 1 (N/S),81,39,13,♦,finished,2026-05-17T19:27:43.448872+00:00
6431,INPROC_5C0944,1,10,team1,Team 1 (N/S),69,51,20,♥,finished,2026-05-17T19:27:43.461317+00:00
6432,INPROC_4B6B8D,1,10,team1,Team 1 (N/S),79,41,10,♦,finished,2026-05-17T19:27:43.475131+00:00
6433,INPROC_694F5F,1,10,team1,Team 1 (N/S),67,53,28,♥,finished,2026-05-17T19:27:43.487632+00:00
6434,INPROC_E95FF2,1,10,team1,Team 1 (N/S),91,29,3,♣,finished,2026-05-17T19:27:43.497306+00:00
6435,INPROC_777EEA,1,10,team1,Team 1 (N/S),73,47,20,♥,finished,2026-05-17T19:27:43.510528+00:00
6436,INPROC_AD3B8F,1,10,team1,Team 1 (N/S),75,45,10,♦,finished,2026-05-17T19:27:43.525093+00:00
6437,INPROC_A70888,1,10,team2,Team 2 (E/W),33,87,1,♣,finished,2026-05-17T19:27:43.541255+00:00
6438,INPROC_B8EEF0,1,10,team2,Team 2 (E/W),39,81,18,♦,finished,2026-05-17T19:27:43.556621+00:00
6439,INPROC_64DDD8,1,10,team1,Team 1 (N/S),63,57,24,♥,finished,2026-05-17T19:27:43.568680+00:00
6440,INPROC_D689D9,1,10,team1,Team 1 (N/S),82,38,20,♥,finished,2026-05-17T19:27:43.583457+00:00
6441,INPROC_BDB938,1,10,team2,Team 2 (E/W),58,62,21,♥,finished,2026-05-17T19:27:43.597270+00:00
6442,INPROC_230A49,1,10,team1,Team 1 (N/S),65,55,36,♠,finished,2026-05-17T19:27:43.609365+00:00
6443,INPROC_33D3E7,1,10,team1,Team 1 (N/S),66,54,30,♠,finished,2026-05-17T19:27:43.621061+00:00
6444,INPROC_E4DBAF,1,10,team2,Team 2 (E/W),31,89,7,♣,finished,2026-05-17T19:27:43.632580+00:00
6445,INPROC_7C9FD9,1,10,team2,Team 2 (E/W),42,78,18,♦,finished,2026-05-17T19:27:43.646281+00:00
6446,INPROC_7AEF48,1,10,team2,Team 2 (E/W),48,72,9,♣,finished,2026-05-17T19:27:43.659235+00:00
6447,INPROC_3A6925,1,10,team2,Team 2 (E/W),57,63,38,♠,finished,2026-05-17T19:27:43.671875+00:00
6448,INPROC_75CE50,1,10,team2,Team 2 (E/W),51,69,5,♣,finished,2026-05-17T19:27:43.683646+00:00
6449,INPROC_23709E,1,10,draw,draw,60,60,21,♥,finished,2026-05-17T19:27:43.695074+00:00
6450,INPROC_5C8CB2,1,10,team2,Team 2 (E/W),13,107,29,♥,finished,2026-05-17T19:27:43.708604+00:00
6451,INPROC_15749D,1,10,team1,Team 1 (N/S),73,47,30,♠,finished,2026-05-17T19:27:43.721649+00:00
6452,INPROC_FF5AD9,1,10,team2,Team 2 (E/W),50,70,14,♦,finished,2026-05-17T19:27:43.733097+00:00
6453,INPROC_772FAF,1,10,team2,Team 2 (E/W),57,63,36,♠,finished,2026-05-17T19:27:43.746693+00:00
6454,INPROC_12FC9E,1,10,team1,Team 1 (N/S),76,44,21,♥,finished,2026-05-17T19:27:43.760218+00:00
6455,INPROC_4C6EDF,1,10,team1,Team 1 (N/S),83,37,13,♦,finished,2026-05-17T19:27:43.774335+00:00
6456,INPROC_50A0DB,1,10,team2,Team 2 (E/W),44,76,3,♣,finished,2026-05-17T19:27:43.790832+00:00
6457,INPROC_6DD2C9,1,10,team2,Team 2 (E/W),49,71,5,♣,finished,2026-05-17T19:27:43.807397+00:00
6458,INPROC_A99FA1,1,10,team1,Team 1 (N/S),89,31,15,♦,finished,2026-05-17T19:27:43.819290+00:00
6459,INPROC_6FA81D,1,10,team2,Team 2 (E/W),29,91,19,♦,finished,2026-05-17T19:27:43.830401+00:00
6460,INPROC_25C361,1,10,team1,Team 1 (N/S),107,13,4,♣,finished,2026-05-17T19:27:43.842867+00:00
6461,INPROC_143CA6,1,10,team2,Team 2 (E/W),23,97,8,♣,finished,2026-05-17T19:27:43.855170+00:00
6462,INPROC_846C70,1,10,team2,Team 2 (E/W),44,76,38,♠,finished,2026-05-17T19:27:43.872325+00:00
6463,INPROC_2F0D15,1,10,team2,Team 2 (E/W),53,67,0,♣,finished,2026-05-17T19:27:43.890659+00:00
6464,INPROC_5BB7EB,1,10,team2,Team 2 (E/W),41,79,29,♥,finished,2026-05-17T19:27:43.905784+00:00
6465,INPROC_90E8C9,1,10,team2,Team 2 (E/W),30,90,31,♠,finished,2026-05-17T19:27:43.920331+00:00
6466,INPROC_53DD90,1,10,team1,Team 1 (N/S),64,56,11,♦,finished,2026-05-17T19:27:43.936673+00:00
6467,INPROC_1F1891,1,10,team2,Team 2 (E/W),51,69,7,♣,finished,2026-05-17T19:27:43.955050+00:00
6468,INPROC_099A2F,1,10,team1,Team 1 (N/S),96,24,21,♥,finished,2026-05-17T19:27:43.972010+00:00
6469,INPROC_F13F9C,1,10,team2,Team 2 (E/W),41,79,4,♣,finished,2026-05-17T19:27:43.986786+00:00
6470,INPROC_93D919,1,10,team1,Team 1 (N/S),80,40,36,♠,finished,2026-05-17T19:27:44.000979+00:00
6471,INPROC_C7CF3E,1,10,team1,Team 1 (N/S),120,0,23,♥,finished,2026-05-17T19:27:44.018784+00:00
6472,INPROC_C1AE9E,1,10,team1,Team 1 (N/S),70,50,24,♥,finished,2026-05-17T19:27:44.033446+00:00
6473,INPROC_A469B6,1,10,team1,Team 1 (N/S),78,42,32,♠,finished,2026-05-17T19:27:44.054013+00:00
6474,INPROC_AFB1B9,1,10,team2,Team 2 (E/W),53,67,19,♦,finished,2026-05-17T19:27:44.072849+00:00
6475,INPROC_8C77F7,1,10,team1,Team 1 (N/S),86,34,7,♣,finished,2026-05-17T19:27:44.092732+00:00
6476,INPROC_9959CD,1,10,team1,Team 1 (N/S),84,36,21,♥,finished,2026-05-17T19:27:44.108503+00:00
6477,INPROC_BCA367,1,10,team2,Team 2 (E/W),37,83,32,♠,finished,2026-05-17T19:27:44.127090+00:00
6478,INPROC_D2FCA7,1,10,draw,draw,60,60,34,♠,finished,2026-05-17T19:27:44.148324+00:00
6479,INPROC_F8D8A9,1,10,team2,Team 2 (E/W),38,82,33,♠,finished,2026-05-17T19:27:44.185621+00:00
6480,INPROC_276A2A,1,10,team1,Team 1 (N/S),79,41,30,♠,finished,2026-05-17T19:27:44.203043+00:00
6481,INPROC_FF5FF5,1,10,team2,Team 2 (E/W),45,75,16,♦,finished,2026-05-17T19:27:44.221495+00:00
6482,INPROC_1FB156,1,10,team1,Team 1 (N/S),75,45,18,♦,finished,2026-05-17T19:27:44.241587+00:00
6483,INPROC_AED1F1,1,10,team1,Team 1 (N/S),87,33,33,♠,finished,2026-05-17T19:27:44.261609+00:00
6484,INPROC_95C3D7,1,10,team2,Team 2 (E/W),22,98,11,♦,finished,2026-05-17T19:27:44.279680+00:00
6485,INPROC_40DCD7,1,10,team2,Team 2 (E/W),52,68,39,♠,finished,2026-05-17T19:27:44.296228+00:00
6486,INPROC_D7FCCA,1,10,team2,Team 2 (E/W),45,75,7,♣,finished,2026-05-17T19:27:44.312004+00:00
6487,INPROC_5D52D7,1,10,team1,Team 1 (N/S),92,28,5,♣,finished,2026-05-17T19:27:44.325293+00:00
6488,INPROC_928882,1,10,team1,Team 1 (N/S),84,36,23,♥,finished,2026-05-17T19:27:44.344226+00:00
6489,INPROC_1A2051,1,10,team1,Team 1 (N/S),91,29,24,♥,finished,2026-05-17T19:27:44.364204+00:00
6490,INPROC_6606DF,1,10,team1,Team 1 (N/S),79,41,30,♠,finished,2026-05-17T19:27:44.384863+00:00
6491,INPROC_6648E8,1,10,team1,Team 1 (N/S),81,39,36,♠,finished,2026-05-17T19:27:44.404625+00:00
6492,INPROC_0EC8B6,1,10,team2,Team 2 (E/W),28,92,27,♥,finished,2026-05-17T19:27:44.426179+00:00
6493,INPROC_973C08,1,10,draw,draw,60,60,33,♠,finished,2026-05-17T19:27:44.446414+00:00
6494,INPROC_020D2F,1,10,team2,Team 2 (E/W),32,88,26,♥,finished,2026-05-17T19:27:44.465610+00:00
6495,INPROC_B7A4A7,1,10,team2,Team 2 (E/W),37,83,32,♠,finished,2026-05-17T19:27:44.485013+00:00
6496,INPROC_33D9F0,1,10,team1,Team 1 (N/S),100,20,17,♦,finished,2026-05-17T19:27:44.504651+00:00
6497,INPROC_7614CF,1,10,draw,draw,60,60,35,♠,finished,2026-05-17T19:27:44.523054+00:00
6498,INPROC_1E1A2B,1,10,team1,Team 1 (N/S),75,45,28,♥,finished,2026-05-17T19:27:44.541024+00:00
6499,INPROC_815970,1,10,team1,Team 1 (N/S),68,52,16,♦,finished,2026-05-17T19:27:44.560265+00:00
6500,INPROC_1EF55E,1,10,team2,Team 2 (E/W),32,88,5,♣,finished,2026-05-17T19:27:44.581484+00:00
6501,INPROC_05134D,1,10,team2,Team 2 (E/W),0,120,24,♥,finished,2026-05-17T19:27:44.602462+00:00
6502,INPROC_D011F1,1,10,team2,Team 2 (E/W),48,72,8,♣,finished,2026-05-17T19:27:44.620633+00:00
6503,INPROC_263D02,1,10,team1,Team 1 (N/S),76,44,0,♣,finished,2026-05-17T19:27:44.638147+00:00
6504,INPROC_C2B3B7,1,10,team2,Team 2 (E/W),41,79,1,♣,finished,2026-05-17T19:27:44.656952+00:00
6505,INPROC_8F12DE,1,10,team2,Team 2 (E/W),39,81,39,♠,finished,2026-05-17T19:27:44.677036+00:00
6506,INPROC_5384AF,1,10,team1,Team 1 (N/S),101,19,30,♠,finished,2026-05-17T19:27:44.696098+00:00
6507,INPROC_656D78,1,10,team2,Team 2 (E/W),24,96,3,♣,finished,2026-05-17T19:27:44.712905+00:00
6508,INPROC_D09B8A,1,10,team2,Team 2 (E/W),47,73,16,♦,finished,2026-05-17T19:27:44.732388+00:00
6509,INPROC_DE2A6A,1,10,team1,Team 1 (N/S),103,17,12,♦,finished,2026-05-17T19:27:44.753459+00:00
6510,INPROC_A70D4C,1,10,team1,Team 1 (N/S),74,46,33,♠,finished,2026-05-17T19:27:44.772025+00:00
6511,INPROC_2DA22C,1,10,team1,Team 1 (N/S),64,56,22,♥,finished,2026-05-17T19:27:44.795346+00:00
6512,INPROC_B5A1A6,1,10,team2,Team 2 (E/W),54,66,2,♣,finished,2026-05-17T19:27:44.811555+00:00
6513,INPROC_ED1E0E,1,10,team2,Team 2 (E/W),29,91,6,♣,finished,2026-05-17T19:27:44.831681+00:00
6514,INPROC_1E796F,1,10,team2,Team 2 (E/W),51,69,6,♣,finished,2026-05-17T19:27:44.852903+00:00
6515,INPROC_4EEEE3,1,10,team1,Team 1 (N/S),72,48,5,♣,finished,2026-05-17T19:27:44.867807+00:00
6516,INPROC_1593C0,1,10,team2,Team 2 (E/W),59,61,7,♣,finished,2026-05-17T19:27:44.881277+00:00
6517,INPROC_CA4012,1,10,draw,draw,60,60,7,♣,finished,2026-05-17T19:27:44.896892+00:00
6518,INPROC_A58EB3,1,10,team1,Team 1 (N/S),84,36,9,♣,finished,2026-05-17T19:27:44.911635+00:00
6519,INPROC_63E21E,1,10,team2,Team 2 (E/W),47,73,27,♥,finished,2026-05-17T19:27:44.927651+00:00
6520,INPROC_886462,1,10,team2,Team 2 (E/W),32,88,20,♥,finished,2026-05-17T19:27:44.946413+00:00
6521,INPROC_5E354B,1,10,team2,Team 2 (E/W),24,96,24,♥,finished,2026-05-17T19:27:44.966464+00:00
6522,INPROC_93990C,1,10,draw,draw,60,60,27,♥,finished,2026-05-17T19:27:44.984906+00:00
6523,INPROC_61C087,1,10,team2,Team 2 (E/W),43,77,14,♦,finished,2026-05-17T19:27:45.004139+00:00
6524,INPROC_44E4E0,1,10,team2,Team 2 (E/W),55,65,16,♦,finished,2026-05-17T19:27:45.022880+00:00
6525,INPROC_C73DE8,1,10,team1,Team 1 (N/S),70,50,8,♣,finished,2026-05-17T19:27:45.040449+00:00
6526,INPROC_257410,1,10,team2,Team 2 (E/W),55,65,13,♦,finished,2026-05-17T19:27:45.059012+00:00
6527,INPROC_8ED04E,1,10,team2,Team 2 (E/W),45,75,8,♣,finished,2026-05-17T19:27:45.075083+00:00
6528,INPROC_B4FFF7,1,10,team1,Team 1 (N/S),73,47,38,♠,finished,2026-05-17T19:27:45.090213+00:00
6529,INPROC_8E21C5,1,10,team2,Team 2 (E/W),41,79,9,♣,finished,2026-05-17T19:27:45.107306+00:00
6530,INPROC_D7DFFD,1,10,team2,Team 2 (E/W),17,103,26,♥,finished,2026-05-17T19:27:45.123664+00:00
6531,INPROC_F3EDBB,1,10,team2,Team 2 (E/W),31,89,31,♠,finished,2026-05-17T19:27:45.137689+00:00
6532,INPROC_23EF90,1,10,team2,Team 2 (E/W),17,103,14,♦,finished,2026-05-17T19:27:45.152534+00:00
6533,INPROC_D231CD,1,10,team1,Team 1 (N/S),62,58,7,♣,finished,2026-05-17T19:27:45.171422+00:00
6534,INPROC_11F5FF,1,10,team2,Team 2 (E/W),48,72,23,♥,finished,2026-05-17T19:27:45.189394+00:00
6535,INPROC_58090B,1,10,draw,draw,60,60,12,♦,finished,2026-05-17T19:27:45.206061+00:00
6536,INPROC_5E0EE5,1,10,team2,Team 2 (E/W),32,88,19,♦,finished,2026-05-17T19:27:45.223450+00:00
6537,INPROC_99484C,1,10,team2,Team 2 (E/W),43,77,39,♠,finished,2026-05-17T19:27:45.242264+00:00
6538,INPROC_B165C5,1,10,team1,Team 1 (N/S),65,55,12,♦,finished,2026-05-17T19:27:45.260412+00:00
6539,INPROC_D43712,1,10,team1,Team 1 (N/S),74,46,32,♠,finished,2026-05-17T19:27:45.277994+00:00
6540,INPROC_8FEE6B,1,10,team2,Team 2 (E/W),0,120,9,♣,finished,2026-05-17T19:27:45.297459+00:00
6541,INPROC_EB8964,1,10,team1,Team 1 (N/S),95,25,22,♥,finished,2026-05-17T19:27:45.314252+00:00
6542,INPROC_6B2116,1,10,team2,Team 2 (E/W),39,81,16,♦,finished,2026-05-17T19:27:45.330026+00:00
6543,INPROC_E4089E,1,10,team2,Team 2 (E/W),51,69,4,♣,finished,2026-05-17T19:27:45.346749+00:00
6544,INPROC_19CA44,1,10,team2,Team 2 (E/W),46,74,2,♣,finished,2026-05-17T19:27:45.364614+00:00
6545,INPROC_4AC9B6,1,10,team1,Team 1 (N/S),69,51,35,♠,finished,2026-05-17T19:27:45.375338+00:00
6546,INPROC_225BB3,1,10,team2,Team 2 (E/W),45,75,6,♣,finished,2026-05-17T19:27:45.390949+00:00
6547,INPROC_5CFA3A,1,10,team1,Team 1 (N/S),64,56,15,♦,finished,2026-05-17T19:27:45.408372+00:00
6548,INPROC_6D21C1,1,10,team2,Team 2 (E/W),47,73,17,♦,finished,2026-05-17T19:27:45.426190+00:00
6549,INPROC_47BB6F,1,10,team1,Team 1 (N/S),68,52,13,♦,finished,2026-05-17T19:27:45.442853+00:00
6550,INPROC_8755FF,1,10,team1,Team 1 (N/S),77,43,17,♦,finished,2026-05-17T19:27:45.461724+00:00
6551,INPROC_D407B9,1,10,team2,Team 2 (E/W),50,70,36,♠,finished,2026-05-17T19:27:45.477960+00:00
6552,INPROC_17527F,1,10,team1,Team 1 (N/S),69,51,23,♥,finished,2026-05-17T19:27:45.496021+00:00
6553,INPROC_D93FEE,1,10,team1,Team 1 (N/S),72,48,27,♥,finished,2026-05-17T19:27:45.512757+00:00
6554,INPROC_F3683A,1,10,team1,Team 1 (N/S),64,56,9,♣,finished,2026-05-17T19:27:45.528562+00:00
6555,INPROC_611F88,1,10,team1,Team 1 (N/S),62,58,35,♠,finished,2026-05-17T19:27:45.544380+00:00
6556,INPROC_E609AB,1,10,team1,Team 1 (N/S),96,24,17,♦,finished,2026-05-17T19:27:45.561950+00:00
6557,INPROC_5BAF7A,1,10,team1,Team 1 (N/S),63,57,39,♠,finished,2026-05-17T19:27:45.578636+00:00
6558,INPROC_7FCD66,1,10,team2,Team 2 (E/W),36,84,14,♦,finished,2026-05-17T19:27:45.594811+00:00
6559,INPROC_151688,1,10,team1,Team 1 (N/S),80,40,27,♥,finished,2026-05-17T19:27:45.612072+00:00
6560,INPROC_BBD68B,1,10,team2,Team 2 (E/W),14,106,8,♣,finished,2026-05-17T19:27:45.631069+00:00
6561,INPROC_C67D89,1,10,team2,Team 2 (E/W),37,83,2,♣,finished,2026-05-17T19:27:45.648516+00:00
6562,INPROC_77B9CB,1,10,draw,draw,60,60,14,♦,finished,2026-05-17T19:27:45.667223+00:00
6563,INPROC_AD24AC,1,10,team2,Team 2 (E/W),42,78,8,♣,finished,2026-05-17T19:27:45.687162+00:00
6564,INPROC_ECC75B,1,10,team1,Team 1 (N/S),75,45,26,♥,finished,2026-05-17T19:27:45.710134+00:00
6565,INPROC_D3B86F,1,10,team2,Team 2 (E/W),47,73,5,♣,finished,2026-05-17T19:27:45.730476+00:00
6566,INPROC_E485FC,1,10,team1,Team 1 (N/S),68,52,31,♠,finished,2026-05-17T19:27:45.748567+00:00
6567,INPROC_89201B,1,10,team1,Team 1 (N/S),86,34,15,♦,finished,2026-05-17T19:27:45.765126+00:00
6568,INPROC_37FE74,1,10,team1,Team 1 (N/S),74,46,32,♠,finished,2026-05-17T19:27:45.783176+00:00
6569,INPROC_BEB53E,1,10,team2,Team 2 (E/W),44,76,20,♥,finished,2026-05-17T19:27:45.799606+00:00
6570,INPROC_1D2CE4,1,10,team1,Team 1 (N/S),88,32,20,♥,finished,2026-05-17T19:27:45.816949+00:00
6571,INPROC_6434A0,1,10,team1,Team 1 (N/S),79,41,26,♥,finished,2026-05-17T19:27:45.834762+00:00
6572,INPROC_571F42,1,10,team2,Team 2 (E/W),36,84,14,♦,finished,2026-05-17T19:27:45.845637+00:00
6573,INPROC_B16E33,1,10,team2,Team 2 (E/W),50,70,19,♦,finished,2026-05-17T19:27:45.862843+00:00
6574,INPROC_FD6527,1,10,team2,Team 2 (E/W),59,61,12,♦,finished,2026-05-17T19:27:45.882364+00:00
6575,INPROC_7EC2B2,1,10,team1,Team 1 (N/S),80,40,16,♦,finished,2026-05-17T19:27:45.899882+00:00
6576,INPROC_C9F32B,1,10,team1,Team 1 (N/S),62,58,1,♣,finished,2026-05-17T19:27:45.915371+00:00
6577,INPROC_6AAFF1,1,10,team2,Team 2 (E/W),32,88,37,♠,finished,2026-05-17T19:27:45.927201+00:00
6578,INPROC_FBACB7,1,10,team2,Team 2 (E/W),53,67,16,♦,finished,2026-05-17T19:27:45.944063+00:00
6579,INPROC_7D660F,1,10,team2,Team 2 (E/W),27,93,11,♦,finished,2026-05-17T19:27:45.960914+00:00
6580,INPROC_CC72DC,1,10,team2,Team 2 (E/W),35,85,21,♥,finished,2026-05-17T19:27:45.978310+00:00
6581,INPROC_D54E75,1,10,team2,Team 2 (E/W),35,85,33,♠,finished,2026-05-17T19:27:45.995741+00:00
6582,INPROC_F55738,1,10,team2,Team 2 (E/W),40,80,0,♣,finished,2026-05-17T19:27:46.015172+00:00
6583,INPROC_7789F8,1,10,team2,Team 2 (E/W),58,62,0,♣,finished,2026-05-17T19:27:46.032345+00:00
6584,INPROC_A7F99E,1,10,team2,Team 2 (E/W),37,83,5,♣,finished,2026-05-17T19:27:46.048551+00:00
6585,INPROC_833C04,1,10,team2,Team 2 (E/W),49,71,2,♣,finished,2026-05-17T19:27:46.067130+00:00
6586,INPROC_7A2978,1,10,team1,Team 1 (N/S),67,53,35,♠,finished,2026-05-17T19:27:46.085379+00:00
6587,INPROC_EA9727,1,10,team2,Team 2 (E/W),51,69,21,♥,finished,2026-05-17T19:27:46.101809+00:00
6588,INPROC_9D1C3B,1,10,team1,Team 1 (N/S),82,38,35,♠,finished,2026-05-17T19:27:46.117796+00:00
6589,INPROC_AB570C,1,10,team1,Team 1 (N/S),63,57,4,♣,finished,2026-05-17T19:27:46.136299+00:00
6590,INPROC_58C3B6,1,10,team1,Team 1 (N/S),87,33,21,♥,finished,2026-05-17T19:27:46.153553+00:00
6591,INPROC_6CADF7,1,10,team2,Team 2 (E/W),34,86,12,♦,finished,2026-05-17T19:27:46.170808+00:00
6592,INPROC_C34116,1,10,team2,Team 2 (E/W),52,68,22,♥,finished,2026-05-17T19:27:46.182627+00:00
6593,INPROC_564057,1,10,team2,Team 2 (E/W),21,99,17,♦,finished,2026-05-17T19:27:46.197692+00:00
6594,INPROC_6128ED,1,10,team1,Team 1 (N/S),84,36,2,♣,finished,2026-05-17T19:27:46.212599+00:00
6595,INPROC_E423FB,1,10,team2,Team 2 (E/W),43,77,9,♣,finished,2026-05-17T19:27:46.229994+00:00
6596,INPROC_CB3E92,1,10,team1,Team 1 (N/S),86,34,30,♠,finished,2026-05-17T19:27:46.252505+00:00
6597,INPROC_2B3D72,1,10,team2,Team 2 (E/W),45,75,20,♥,finished,2026-05-17T19:27:46.270479+00:00
6598,INPROC_1129B6,1,10,team1,Team 1 (N/S),86,34,32,♠,finished,2026-05-17T19:27:46.286749+00:00
6599,INPROC_907A88,1,10,team1,Team 1 (N/S),65,55,2,♣,finished,2026-05-17T19:27:46.304863+00:00
6600,INPROC_35E906,1,10,team2,Team 2 (E/W),28,92,33,♠,finished,2026-05-17T19:27:46.321314+00:00
6601,INPROC_05C749,1,10,team2,Team 2 (E/W),51,69,10,♦,finished,2026-05-17T19:27:46.340321+00:00
6602,INPROC_848F7F,1,10,team1,Team 1 (N/S),64,56,11,♦,finished,2026-05-17T19:27:46.358831+00:00
6603,INPROC_7359E9,1,10,team1,Team 1 (N/S),83,37,20,♥,finished,2026-05-17T19:27:46.376615+00:00
6604,INPROC_5C63DC,1,10,team1,Team 1 (N/S),86,34,3,♣,finished,2026-05-17T19:27:46.396665+00:00
6605,INPROC_67A5F6,1,10,team1,Team 1 (N/S),78,42,2,♣,finished,2026-05-17T19:27:46.415701+00:00
6606,INPROC_5A8FAD,1,10,team1,Team 1 (N/S),64,56,31,♠,finished,2026-05-17T19:27:46.435352+00:00
6607,INPROC_7BD1B9,1,10,team1,Team 1 (N/S),61,59,7,♣,finished,2026-05-17T19:27:46.453701+00:00
6608,INPROC_5D3865,1,10,team1,Team 1 (N/S),64,56,4,♣,finished,2026-05-17T19:27:46.463990+00:00
6609,INPROC_22FDCB,1,10,team1,Team 1 (N/S),79,41,15,♦,finished,2026-05-17T19:27:46.475730+00:00
6610,INPROC_64BEF6,1,10,team2,Team 2 (E/W),57,63,5,♣,finished,2026-05-17T19:27:46.492659+00:00
6611,INPROC_DCF62A,1,10,team1,Team 1 (N/S),101,19,26,♥,finished,2026-05-17T19:27:46.511192+00:00
6612,INPROC_779AC4,1,10,team1,Team 1 (N/S),97,23,31,♠,finished,2026-05-17T19:27:46.530716+00:00
6613,INPROC_B61AB1,1,10,team2,Team 2 (E/W),22,98,8,♣,finished,2026-05-17T19:27:46.548603+00:00
6614,INPROC_9B9DB3,1,10,team1,Team 1 (N/S),90,30,1,♣,finished,2026-05-17T19:27:46.563638+00:00
6615,INPROC_2D393B,1,10,team1,Team 1 (N/S),71,49,2,♣,finished,2026-05-17T19:27:46.578549+00:00
6616,INPROC_2015C6,1,10,team2,Team 2 (E/W),55,65,2,♣,finished,2026-05-17T19:27:46.592856+00:00
6617,INPROC_3650C9,1,10,team1,Team 1 (N/S),64,56,5,♣,finished,2026-05-17T19:27:46.612578+00:00
6618,INPROC_E2FAA2,1,10,team2,Team 2 (E/W),46,74,6,♣,finished,2026-05-17T19:27:46.630161+00:00
6619,INPROC_712ACA,1,10,team1,Team 1 (N/S),72,48,11,♦,finished,2026-05-17T19:27:46.646071+00:00
6620,INPROC_0B0EBE,1,10,team1,Team 1 (N/S),79,41,20,♥,finished,2026-05-17T19:27:46.661385+00:00
6621,INPROC_2A7AA4,1,10,team2,Team 2 (E/W),50,70,39,♠,finished,2026-05-17T19:27:46.677358+00:00
6622,INPROC_F6C16C,1,10,team2,Team 2 (E/W),43,77,39,♠,finished,2026-05-17T19:27:46.692367+00:00
6623,INPROC_FAF182,1,10,team2,Team 2 (E/W),32,88,13,♦,finished,2026-05-17T19:27:46.704100+00:00
6624,INPROC_E0F34D,1,10,team1,Team 1 (N/S),94,26,5,♣,finished,2026-05-17T19:27:46.721723+00:00
6625,INPROC_3F1E37,1,10,team2,Team 2 (E/W),30,90,18,♦,finished,2026-05-17T19:27:46.735113+00:00
6626,INPROC_FEBEEC,1,10,team1,Team 1 (N/S),81,39,15,♦,finished,2026-05-17T19:27:46.746607+00:00
6627,INPROC_5A22F9,1,10,team2,Team 2 (E/W),49,71,9,♣,finished,2026-05-17T19:27:46.761229+00:00
6628,INPROC_B65029,1,10,team2,Team 2 (E/W),14,106,38,♠,finished,2026-05-17T19:27:46.777858+00:00
6629,INPROC_18BF87,1,10,team2,Team 2 (E/W),59,61,25,♥,finished,2026-05-17T19:27:46.795079+00:00
6630,INPROC_A785CA,1,10,team1,Team 1 (N/S),81,39,25,♥,finished,2026-05-17T19:27:46.814205+00:00
6631,INPROC_1FDBFA,1,10,team1,Team 1 (N/S),99,21,13,♦,finished,2026-05-17T19:27:46.833312+00:00
6632,INPROC_83F2B7,1,10,team2,Team 2 (E/W),28,92,11,♦,finished,2026-05-17T19:27:46.852397+00:00
6633,INPROC_5292DC,1,10,team1,Team 1 (N/S),74,46,12,♦,finished,2026-05-17T19:27:46.864900+00:00
6634,INPROC_D09D97,1,10,team2,Team 2 (E/W),53,67,18,♦,finished,2026-05-17T19:27:46.877582+00:00
6635,INPROC_401492,1,10,team1,Team 1 (N/S),63,57,21,♥,finished,2026-05-17T19:27:46.893612+00:00
6636,INPROC_6E61B4,1,10,team2,Team 2 (E/W),25,95,39,♠,finished,2026-05-17T19:27:46.910447+00:00
6637,INPROC_BDA4D9,1,10,team2,Team 2 (E/W),33,87,10,♦,finished,2026-05-17T19:27:46.930653+00:00
6638,INPROC_EEF004,1,10,team1,Team 1 (N/S),69,51,37,♠,finished,2026-05-17T19:27:46.956053+00:00
6639,INPROC_4B3BE9,1,10,team2,Team 2 (E/W),40,80,26,♥,finished,2026-05-17T19:27:46.974434+00:00
6640,INPROC_1A992F,1,10,team1,Team 1 (N/S),73,47,26,♥,finished,2026-05-17T19:27:46.991245+00:00
6641,INPROC_91B8AC,1,10,team1,Team 1 (N/S),79,41,2,♣,finished,2026-05-17T19:27:47.003404+00:00
6642,INPROC_C5FFBF,1,10,team1,Team 1 (N/S),75,45,10,♦,finished,2026-05-17T19:27:47.014557+00:00
6643,INPROC_17FEB2,1,10,team2,Team 2 (E/W),9,111,27,♥,finished,2026-05-17T19:27:47.029639+00:00
6644,INPROC_2A37A5,1,10,team2,Team 2 (E/W),22,98,34,♠,finished,2026-05-17T19:27:47.046053+00:00
6645,INPROC_992AF4,1,10,team1,Team 1 (N/S),76,44,34,♠,finished,2026-05-17T19:27:47.063187+00:00
6646,INPROC_FB0F3E,1,10,team2,Team 2 (E/W),50,70,15,♦,finished,2026-05-17T19:27:47.078237+00:00
6647,INPROC_D344A0,1,10,team2,Team 2 (E/W),23,97,18,♦,finished,2026-05-17T19:27:47.098419+00:00
6648,INPROC_28ADD5,1,10,draw,draw,60,60,30,♠,finished,2026-05-17T19:27:47.114779+00:00
6649,INPROC_0AA8FD,1,10,team2,Team 2 (E/W),39,81,11,♦,finished,2026-05-17T19:27:47.130786+00:00
6650,INPROC_A5185D,1,10,team1,Team 1 (N/S),77,43,23,♥,finished,2026-05-17T19:27:47.149069+00:00
6651,INPROC_4E2DD7,1,10,team2,Team 2 (E/W),24,96,13,♦,finished,2026-05-17T19:27:47.166908+00:00
6652,INPROC_BB651F,1,10,team2,Team 2 (E/W),25,95,36,♠,finished,2026-05-17T19:27:47.185810+00:00
6653,INPROC_91390E,1,10,team1,Team 1 (N/S),98,22,9,♣,finished,2026-05-17T19:27:47.203968+00:00
6654,INPROC_3F1C2C,1,10,team2,Team 2 (E/W),40,80,27,♥,finished,2026-05-17T19:27:47.223881+00:00
6655,INPROC_FA20C5,1,10,team2,Team 2 (E/W),0,120,29,♥,finished,2026-05-17T19:27:47.243374+00:00
6656,INPROC_EF559B,1,10,team1,Team 1 (N/S),71,49,20,♥,finished,2026-05-17T19:27:47.255631+00:00
6657,INPROC_0218D8,1,10,team1,Team 1 (N/S),61,59,38,♠,finished,2026-05-17T19:27:47.266820+00:00
6658,INPROC_797043,1,10,team2,Team 2 (E/W),35,85,36,♠,finished,2026-05-17T19:27:47.277684+00:00
6659,INPROC_E73B7C,1,10,team2,Team 2 (E/W),28,92,14,♦,finished,2026-05-17T19:27:47.294290+00:00
6660,INPROC_1BA1D6,1,10,team1,Team 1 (N/S),83,37,33,♠,finished,2026-05-17T19:27:47.309825+00:00
6661,INPROC_4F0B40,1,10,team1,Team 1 (N/S),75,45,25,♥,finished,2026-05-17T19:27:47.327659+00:00
6662,INPROC_F5E919,1,10,team2,Team 2 (E/W),33,87,18,♦,finished,2026-05-17T19:27:47.347194+00:00
6663,INPROC_7E969D,1,10,team2,Team 2 (E/W),54,66,34,♠,finished,2026-05-17T19:27:47.365518+00:00
6664,INPROC_B3891C,1,10,team2,Team 2 (E/W),37,83,34,♠,finished,2026-05-17T19:27:47.383658+00:00
6665,INPROC_A0EC8C,1,10,team1,Team 1 (N/S),61,59,27,♥,finished,2026-05-17T19:27:47.399409+00:00
6666,INPROC_F17894,1,10,team2,Team 2 (E/W),45,75,13,♦,finished,2026-05-17T19:27:47.415797+00:00
6667,INPROC_729CA2,1,10,team1,Team 1 (N/S),74,46,35,♠,finished,2026-05-17T19:27:47.434467+00:00
6668,INPROC_D3E84A,1,10,team1,Team 1 (N/S),82,38,11,♦,finished,2026-05-17T19:27:47.452730+00:00
6669,INPROC_E1F14F,1,10,team2,Team 2 (E/W),53,67,29,♥,finished,2026-05-17T19:27:47.468849+00:00
6670,INPROC_BF4B2C,1,10,team1,Team 1 (N/S),81,39,1,♣,finished,2026-05-17T19:27:47.484880+00:00
6671,INPROC_9A1647,1,10,team1,Team 1 (N/S),71,49,20,♥,finished,2026-05-17T19:27:47.503381+00:00
6672,INPROC_1D9E94,1,10,team2,Team 2 (E/W),58,62,20,♥,finished,2026-05-17T19:27:47.518834+00:00
6673,INPROC_F69953,1,10,team1,Team 1 (N/S),92,28,6,♣,finished,2026-05-17T19:27:47.530947+00:00
6674,INPROC_191CA6,1,10,team1,Team 1 (N/S),78,42,35,♠,finished,2026-05-17T19:27:47.543655+00:00
6675,INPROC_3026B9,1,10,team2,Team 2 (E/W),41,79,30,♠,finished,2026-05-17T19:27:47.563337+00:00
6676,INPROC_90744F,1,10,team2,Team 2 (E/W),43,77,35,♠,finished,2026-05-17T19:27:47.584113+00:00
6677,INPROC_26E403,1,10,team1,Team 1 (N/S),65,55,6,♣,finished,2026-05-17T19:27:47.604266+00:00
6678,INPROC_978B85,1,10,team2,Team 2 (E/W),42,78,21,♥,finished,2026-05-17T19:27:47.623928+00:00
6679,INPROC_2F6E09,1,10,team2,Team 2 (E/W),16,104,25,♥,finished,2026-05-17T19:27:47.643675+00:00
6680,INPROC_478230,1,10,team2,Team 2 (E/W),6,114,26,♥,finished,2026-05-17T19:27:47.662058+00:00
6681,INPROC_D8F4E4,1,10,team1,Team 1 (N/S),64,56,2,♣,finished,2026-05-17T19:27:47.680677+00:00
6682,INPROC_892129,1,10,team1,Team 1 (N/S),114,6,24,♥,finished,2026-05-17T19:27:47.698397+00:00
6683,INPROC_446AE1,1,10,team1,Team 1 (N/S),66,54,14,♦,finished,2026-05-17T19:27:47.713804+00:00
6684,INPROC_864183,1,10,team2,Team 2 (E/W),19,101,26,♥,finished,2026-05-17T19:27:47.730259+00:00
6685,INPROC_352379,1,10,team1,Team 1 (N/S),62,58,28,♥,finished,2026-05-17T19:27:47.746570+00:00
6686,INPROC_4462A1,1,10,team2,Team 2 (E/W),32,88,32,♠,finished,2026-05-17T19:27:47.765543+00:00
6687,INPROC_00AF05,1,10,team2,Team 2 (E/W),56,64,35,♠,finished,2026-05-17T19:27:47.781371+00:00
6688,INPROC_28C330,1,10,team2,Team 2 (E/W),34,86,7,♣,finished,2026-05-17T19:27:47.794836+00:00
6689,INPROC_1159F0,1,10,team2,Team 2 (E/W),53,67,11,♦,finished,2026-05-17T19:27:47.806686+00:00
6690,INPROC_819575,1,10,team1,Team 1 (N/S),66,54,19,♦,finished,2026-05-17T19:27:47.817905+00:00
6691,INPROC_E2F9B2,1,10,team2,Team 2 (E/W),11,109,20,♥,finished,2026-05-17T19:27:47.833587+00:00
6692,INPROC_8400BD,1,10,team2,Team 2 (E/W),24,96,19,♦,finished,2026-05-17T19:27:47.851853+00:00
6693,INPROC_AC6B44,1,10,team1,Team 1 (N/S),77,43,10,♦,finished,2026-05-17T19:27:47.870540+00:00
6694,INPROC_72BD1A,1,10,team1,Team 1 (N/S),82,38,31,♠,finished,2026-05-17T19:27:47.886967+00:00
6695,INPROC_8C62BC,1,10,team2,Team 2 (E/W),7,113,9,♣,finished,2026-05-17T19:27:47.904402+00:00
6696,INPROC_F85E6A,1,10,team2,Team 2 (E/W),59,61,27,♥,finished,2026-05-17T19:27:47.922543+00:00
6697,INPROC_8A5474,1,10,team2,Team 2 (E/W),21,99,20,♥,finished,2026-05-17T19:27:47.939998+00:00
6698,INPROC_9BD2C0,1,10,team1,Team 1 (N/S),62,58,21,♥,finished,2026-05-17T19:27:47.957801+00:00
6699,INPROC_20E009,1,10,team1,Team 1 (N/S),62,58,5,♣,finished,2026-05-17T19:27:47.974457+00:00
6700,INPROC_31CEDF,1,10,team2,Team 2 (E/W),59,61,26,♥,finished,2026-05-17T19:27:47.990021+00:00
6701,INPROC_9AB1BC,1,10,team2,Team 2 (E/W),34,86,8,♣,finished,2026-05-17T19:27:48.008507+00:00
6702,INPROC_EDBA4F,1,10,team1,Team 1 (N/S),62,58,31,♠,finished,2026-05-17T19:27:48.030048+00:00
6703,INPROC_79904D,1,10,team1,Team 1 (N/S),66,54,5,♣,finished,2026-05-17T19:27:48.049351+00:00
6704,INPROC_684A6F,1,10,team1,Team 1 (N/S),88,32,33,♠,finished,2026-05-17T19:27:48.064275+00:00
6705,INPROC_0C2CAD,1,10,team1,Team 1 (N/S),85,35,3,♣,finished,2026-05-17T19:27:48.076358+00:00
6706,INPROC_37DB8E,1,10,team1,Team 1 (N/S),72,48,10,♦,finished,2026-05-17T19:27:48.088580+00:00
6707,INPROC_35A549,1,10,team1,Team 1 (N/S),79,41,20,♥,finished,2026-05-17T19:27:48.104903+00:00
6708,INPROC_E971E4,1,10,team2,Team 2 (E/W),45,75,31,♠,finished,2026-05-17T19:27:48.121297+00:00
6709,INPROC_3CFB69,1,10,team2,Team 2 (E/W),0,120,20,♥,finished,2026-05-17T19:27:48.140078+00:00
6710,INPROC_6A64DD,1,10,team1,Team 1 (N/S),61,59,31,♠,finished,2026-05-17T19:27:48.159241+00:00
6711,INPROC_F58CF0,1,10,team1,Team 1 (N/S),80,40,24,♥,finished,2026-05-17T19:27:48.175344+00:00
6712,INPROC_66232E,1,10,team2,Team 2 (E/W),19,101,34,♠,finished,2026-05-17T19:27:48.193476+00:00
6713,INPROC_22ED74,1,10,team1,Team 1 (N/S),107,13,1,♣,finished,2026-05-17T19:27:48.208879+00:00
6714,INPROC_1D72CE,1,10,team2,Team 2 (E/W),34,86,33,♠,finished,2026-05-17T19:27:48.226606+00:00
6715,INPROC_97D894,1,10,team1,Team 1 (N/S),93,27,8,♣,finished,2026-05-17T19:27:48.242499+00:00
6716,INPROC_64C969,1,10,team1,Team 1 (N/S),71,49,35,♠,finished,2026-05-17T19:27:48.261844+00:00
6717,INPROC_0B34BA,1,10,team2,Team 2 (E/W),39,81,0,♣,finished,2026-05-17T19:27:48.278100+00:00
6718,INPROC_EE633E,1,10,team1,Team 1 (N/S),71,49,30,♠,finished,2026-05-17T19:27:48.296039+00:00
6719,INPROC_E8FBD1,1,10,team2,Team 2 (E/W),40,80,28,♥,finished,2026-05-17T19:27:48.314495+00:00
6720,INPROC_B9BD87,1,10,team1,Team 1 (N/S),76,44,11,♦,finished,2026-05-17T19:27:48.329537+00:00
6721,INPROC_541B46,1,10,team2,Team 2 (E/W),56,64,0,♣,finished,2026-05-17T19:27:48.342787+00:00
6722,INPROC_E31AE3,1,10,team1,Team 1 (N/S),76,44,25,♥,finished,2026-05-17T19:27:48.357673+00:00
6723,INPROC_E6DC0E,1,10,team2,Team 2 (E/W),56,64,14,♦,finished,2026-05-17T19:27:48.372048+00:00
6724,INPROC_0DEA36,1,10,team2,Team 2 (E/W),43,77,0,♣,finished,2026-05-17T19:27:48.387996+00:00
6725,INPROC_AD703B,1,10,team2,Team 2 (E/W),27,93,24,♥,finished,2026-05-17T19:27:48.405359+00:00
6726,INPROC_E12B0E,1,10,team2,Team 2 (E/W),32,88,19,♦,finished,2026-05-17T19:27:48.423036+00:00
6727,INPROC_5FEB96,1,10,team1,Team 1 (N/S),62,58,24,♥,finished,2026-05-17T19:27:48.442783+00:00
6728,INPROC_02C866,1,10,draw,draw,60,60,30,♠,finished,2026-05-17T19:27:48.462719+00:00
6729,INPROC_63C19B,1,10,team1,Team 1 (N/S),101,19,21,♥,finished,2026-05-17T19:27:48.481003+00:00
6730,INPROC_250DD7,1,10,team1,Team 1 (N/S),71,49,16,♦,finished,2026-05-17T19:27:48.500189+00:00
6731,INPROC_D4A691,1,10,team1,Team 1 (N/S),76,44,34,♠,finished,2026-05-17T19:27:48.516992+00:00
6732,INPROC_51EEAC,1,10,team2,Team 2 (E/W),18,102,37,♠,finished,2026-05-17T19:27:48.534774+00:00
6733,INPROC_A1FFE3,1,10,team2,Team 2 (E/W),49,71,22,♥,finished,2026-05-17T19:27:48.553530+00:00
6734,INPROC_E4DC65,1,10,team1,Team 1 (N/S),106,14,24,♥,finished,2026-05-17T19:27:48.570545+00:00
6735,INPROC_9C65F7,1,10,team1,Team 1 (N/S),67,53,11,♦,finished,2026-05-17T19:27:48.587514+00:00
6736,INPROC_9173BA,1,10,team2,Team 2 (E/W),37,83,11,♦,finished,2026-05-17T19:27:48.600222+00:00
6737,INPROC_4C2F91,1,10,team1,Team 1 (N/S),91,29,6,♣,finished,2026-05-17T19:27:48.614033+00:00
6738,INPROC_80242B,1,10,team2,Team 2 (E/W),48,72,28,♥,finished,2026-05-17T19:27:48.629548+00:00
6739,INPROC_F1CE33,1,10,team2,Team 2 (E/W),31,89,7,♣,finished,2026-05-17T19:27:48.643997+00:00
6740,INPROC_C9DB47,1,10,team2,Team 2 (E/W),27,93,33,♠,finished,2026-05-17T19:27:48.659154+00:00
6741,INPROC_4F2414,1,10,team2,Team 2 (E/W),9,111,21,♥,finished,2026-05-17T19:27:48.677254+00:00
6742,INPROC_D97295,1,10,team1,Team 1 (N/S),80,40,28,♥,finished,2026-05-17T19:27:48.697646+00:00
6743,INPROC_E0C307,1,10,draw,draw,60,60,18,♦,finished,2026-05-17T19:27:48.717780+00:00
6744,INPROC_6644AF,1,10,team1,Team 1 (N/S),74,46,31,♠,finished,2026-05-17T19:27:48.736755+00:00
6745,INPROC_EFFA5D,1,10,team1,Team 1 (N/S),99,21,12,♦,finished,2026-05-17T19:27:48.751950+00:00
6746,INPROC_C4E8EC,1,10,team1,Team 1 (N/S),78,42,25,♥,finished,2026-05-17T19:27:48.766806+00:00
6747,INPROC_C99EAC,1,10,team1,Team 1 (N/S),68,52,0,♣,finished,2026-05-17T19:27:48.782915+00:00
6748,INPROC_4C3DAF,1,10,team1,Team 1 (N/S),73,47,16,♦,finished,2026-05-17T19:27:48.797917+00:00
6749,INPROC_A3C162,1,10,draw,draw,60,60,8,♣,finished,2026-05-17T19:27:48.813989+00:00
6750,INPROC_A30D7A,1,10,team2,Team 2 (E/W),3,117,17,♦,finished,2026-05-17T19:27:48.829129+00:00
6751,INPROC_408F3E,1,10,team1,Team 1 (N/S),64,56,16,♦,finished,2026-05-17T19:27:48.844521+00:00
6752,INPROC_BD4FC6,1,10,team2,Team 2 (E/W),28,92,5,♣,finished,2026-05-17T19:27:48.860230+00:00
6753,INPROC_23BA8F,1,10,team1,Team 1 (N/S),61,59,37,♠,finished,2026-05-17T19:27:48.872204+00:00
6754,INPROC_2CA8F2,1,10,team2,Team 2 (E/W),59,61,4,♣,finished,2026-05-17T19:27:48.884241+00:00
6755,INPROC_D45DC5,1,10,team2,Team 2 (E/W),26,94,19,♦,finished,2026-05-17T19:27:48.899840+00:00
6756,INPROC_4D605C,1,10,team1,Team 1 (N/S),89,31,5,♣,finished,2026-05-17T19:27:48.917870+00:00
6757,INPROC_10CEF6,1,10,team2,Team 2 (E/W),23,97,6,♣,finished,2026-05-17T19:27:48.932410+00:00
6758,INPROC_4C4A51,1,10,team1,Team 1 (N/S),93,27,0,♣,finished,2026-05-17T19:27:48.948585+00:00
6759,INPROC_8AC93D,1,10,team1,Team 1 (N/S),101,19,22,♥,finished,2026-05-17T19:27:48.965931+00:00
6760,INPROC_8E3F70,1,10,team2,Team 2 (E/W),39,81,8,♣,finished,2026-05-17T19:27:48.984533+00:00
6761,INPROC_088FC4,1,10,team2,Team 2 (E/W),34,86,34,♠,finished,2026-05-17T19:27:49.000886+00:00
6762,INPROC_FF3FD2,1,10,team2,Team 2 (E/W),57,63,39,♠,finished,2026-05-17T19:27:49.020356+00:00
6763,INPROC_214F3E,1,10,team1,Team 1 (N/S),65,55,13,♦,finished,2026-05-17T19:27:49.037664+00:00
6764,INPROC_AD8065,1,10,team1,Team 1 (N/S),70,50,23,♥,finished,2026-05-17T19:27:49.055073+00:00
6765,INPROC_DA83AE,1,10,team1,Team 1 (N/S),74,46,32,♠,finished,2026-05-17T19:27:49.074888+00:00
6766,INPROC_0177DA,1,10,team1,Team 1 (N/S),71,49,17,♦,finished,2026-05-17T19:27:49.095785+00:00
6767,INPROC_D9DC52,1,10,team2,Team 2 (E/W),45,75,8,♣,finished,2026-05-17T19:27:49.110923+00:00
6768,INPROC_AC2178,1,10,team1,Team 1 (N/S),66,54,39,♠,finished,2026-05-17T19:27:49.126586+00:00
6769,INPROC_C98B50,1,10,team2,Team 2 (E/W),33,87,23,♥,finished,2026-05-17T19:27:49.138531+00:00
6770,INPROC_AF99F3,1,10,team1,Team 1 (N/S),79,41,25,♥,finished,2026-05-17T19:27:49.149631+00:00
6771,INPROC_61D483,1,10,team1,Team 1 (N/S),80,40,21,♥,finished,2026-05-17T19:27:49.165535+00:00
6772,INPROC_254BC3,1,10,team1,Team 1 (N/S),90,30,35,♠,finished,2026-05-17T19:27:49.183636+00:00
6773,INPROC_130A1B,1,10,team2,Team 2 (E/W),19,101,14,♦,finished,2026-05-17T19:27:49.199317+00:00
6774,INPROC_4411C5,1,10,team1,Team 1 (N/S),72,48,18,♦,finished,2026-05-17T19:27:49.214600+00:00
6775,INPROC_9E51F7,1,10,team1,Team 1 (N/S),63,57,36,♠,finished,2026-05-17T19:27:49.232125+00:00
6776,INPROC_385A20,1,10,team1,Team 1 (N/S),65,55,8,♣,finished,2026-05-17T19:27:49.251496+00:00
6777,INPROC_111479,1,10,team2,Team 2 (E/W),33,87,16,♦,finished,2026-05-17T19:27:49.269779+00:00
6778,INPROC_5B87D6,1,10,team1,Team 1 (N/S),114,6,24,♥,finished,2026-05-17T19:27:49.286499+00:00
6779,INPROC_CA6AA7,1,10,team1,Team 1 (N/S),71,49,5,♣,finished,2026-05-17T19:27:49.303706+00:00
6780,INPROC_CC96B7,1,10,team2,Team 2 (E/W),51,69,32,♠,finished,2026-05-17T19:27:49.320693+00:00
6781,INPROC_869779,1,10,team1,Team 1 (N/S),94,26,14,♦,finished,2026-05-17T19:27:49.332841+00:00
6782,INPROC_64524E,1,10,team2,Team 2 (E/W),57,63,2,♣,finished,2026-05-17T19:27:49.344667+00:00
6783,INPROC_9AA27B,1,10,team2,Team 2 (E/W),52,68,30,♠,finished,2026-05-17T19:27:49.362129+00:00
6784,INPROC_146FF7,1,10,team2,Team 2 (E/W),11,109,24,♥,finished,2026-05-17T19:27:49.379259+00:00
6785,INPROC_D0E81D,1,10,team2,Team 2 (E/W),57,63,9,♣,finished,2026-05-17T19:27:49.395639+00:00
6786,INPROC_E9AB53,1,10,team1,Team 1 (N/S),102,18,16,♦,finished,2026-05-17T19:27:49.409224+00:00
6787,INPROC_311D04,1,10,team1,Team 1 (N/S),78,42,38,♠,finished,2026-05-17T19:27:49.420189+00:00
6788,INPROC_D3C74A,1,10,team1,Team 1 (N/S),100,20,4,♣,finished,2026-05-17T19:27:49.432208+00:00
6789,INPROC_21B44B,1,10,team1,Team 1 (N/S),96,24,4,♣,finished,2026-05-17T19:27:49.446743+00:00
6790,INPROC_BA16DA,1,10,team1,Team 1 (N/S),91,29,16,♦,finished,2026-05-17T19:27:49.463546+00:00
6791,INPROC_1D4E2E,1,10,team2,Team 2 (E/W),19,101,37,♠,finished,2026-05-17T19:27:49.479424+00:00
6792,INPROC_ABB75C,1,10,team2,Team 2 (E/W),29,91,8,♣,finished,2026-05-17T19:27:49.497099+00:00
6793,INPROC_B38914,1,10,draw,draw,60,60,10,♦,finished,2026-05-17T19:27:49.513913+00:00
6794,INPROC_184322,1,10,team2,Team 2 (E/W),27,93,21,♥,finished,2026-05-17T19:27:49.532614+00:00
6795,INPROC_80E73B,1,10,team2,Team 2 (E/W),17,103,7,♣,finished,2026-05-17T19:27:49.550757+00:00
6796,INPROC_4BD6F8,1,10,team2,Team 2 (E/W),33,87,22,♥,finished,2026-05-17T19:27:49.567892+00:00
6797,INPROC_AFB7AD,1,10,team2,Team 2 (E/W),55,65,12,♦,finished,2026-05-17T19:27:49.585046+00:00
6798,INPROC_BE38C4,1,10,team1,Team 1 (N/S),98,22,12,♦,finished,2026-05-17T19:27:49.605105+00:00
6799,INPROC_48D475,1,10,team2,Team 2 (E/W),44,76,0,♣,finished,2026-05-17T19:27:49.623807+00:00
6800,INPROC_083235,1,10,team2,Team 2 (E/W),54,66,29,♥,finished,2026-05-17T19:27:49.641645+00:00
6801,INPROC_A71933,1,10,team1,Team 1 (N/S),70,50,38,♠,finished,2026-05-17T19:27:49.660376+00:00
6802,INPROC_4A8E22,1,10,team1,Team 1 (N/S),69,51,1,♣,finished,2026-05-17T19:27:49.677759+00:00
6803,INPROC_BE0883,1,10,team1,Team 1 (N/S),62,58,6,♣,finished,2026-05-17T19:27:49.691471+00:00
6804,INPROC_CCE234,1,10,team1,Team 1 (N/S),89,31,8,♣,finished,2026-05-17T19:27:49.708373+00:00
6805,INPROC_7B1710,1,10,team1,Team 1 (N/S),63,57,26,♥,finished,2026-05-17T19:27:49.725244+00:00
6806,INPROC_A7C37B,1,10,draw,draw,60,60,29,♥,finished,2026-05-17T19:27:49.741275+00:00
6807,INPROC_AA648E,1,10,team1,Team 1 (N/S),84,36,17,♦,finished,2026-05-17T19:27:49.757389+00:00
6808,INPROC_A11C89,1,10,team2,Team 2 (E/W),20,100,4,♣,finished,2026-05-17T19:27:49.775344+00:00
6809,INPROC_7BA853,1,10,team1,Team 1 (N/S),73,47,21,♥,finished,2026-05-17T19:27:49.792394+00:00
6810,INPROC_3E887B,1,10,team2,Team 2 (E/W),49,71,26,♥,finished,2026-05-17T19:27:49.809970+00:00
6811,INPROC_8A424A,1,10,team2,Team 2 (E/W),44,76,10,♦,finished,2026-05-17T19:27:49.827708+00:00
6812,INPROC_F0A798,1,10,team1,Team 1 (N/S),82,38,17,♦,finished,2026-05-17T19:27:49.839774+00:00
6813,INPROC_E8B857,1,10,team1,Team 1 (N/S),73,47,24,♥,finished,2026-05-17T19:27:49.856408+00:00
6814,INPROC_D60629,1,10,team2,Team 2 (E/W),44,76,20,♥,finished,2026-05-17T19:27:49.871502+00:00
6815,INPROC_D9F353,1,10,team1,Team 1 (N/S),88,32,6,♣,finished,2026-05-17T19:27:49.887625+00:00
6816,INPROC_76287A,1,10,team2,Team 2 (E/W),39,81,25,♥,finished,2026-05-17T19:27:49.905695+00:00
6817,INPROC_11D44E,1,10,team1,Team 1 (N/S),64,56,25,♥,finished,2026-05-17T19:27:49.923135+00:00
6818,INPROC_467FFE,1,10,team2,Team 2 (E/W),7,113,2,♣,finished,2026-05-17T19:27:49.938290+00:00
6819,INPROC_0234A6,1,10,team1,Team 1 (N/S),77,43,33,♠,finished,2026-05-17T19:27:49.951751+00:00
6820,INPROC_B1A47B,1,10,team2,Team 2 (E/W),21,99,1,♣,finished,2026-05-17T19:27:49.966978+00:00
6821,INPROC_B8EE7F,1,10,team2,Team 2 (E/W),25,95,10,♦,finished,2026-05-17T19:27:49.980601+00:00
6822,INPROC_3150B6,1,10,team1,Team 1 (N/S),88,32,35,♠,finished,2026-05-17T19:27:49.997247+00:00
6823,INPROC_D9DBE5,1,10,team2,Team 2 (E/W),43,77,10,♦,finished,2026-05-17T19:27:50.014656+00:00
6824,INPROC_962048,1,10,team2,Team 2 (E/W),52,68,37,♠,finished,2026-05-17T19:27:50.031685+00:00
6825,INPROC_81DA20,1,10,team2,Team 2 (E/W),42,78,33,♠,finished,2026-05-17T19:27:50.046949+00:00
6826,INPROC_72C201,1,10,team1,Team 1 (N/S),91,29,11,♦,finished,2026-05-17T19:27:50.067478+00:00
6827,INPROC_2D275D,1,10,team2,Team 2 (E/W),14,106,23,♥,finished,2026-05-17T19:27:50.084423+00:00
6828,INPROC_57A24F,1,10,team1,Team 1 (N/S),66,54,30,♠,finished,2026-05-17T19:27:50.104977+00:00
6829,INPROC_AB2615,1,10,team1,Team 1 (N/S),97,23,35,♠,finished,2026-05-17T19:27:50.119810+00:00
6830,INPROC_A92083,1,10,team1,Team 1 (N/S),74,46,2,♣,finished,2026-05-17T19:27:50.138254+00:00
6831,INPROC_1ABF16,1,10,team2,Team 2 (E/W),57,63,33,♠,finished,2026-05-17T19:27:50.154407+00:00
6832,INPROC_ED9B76,1,10,team2,Team 2 (E/W),23,97,1,♣,finished,2026-05-17T19:27:50.170971+00:00
6833,INPROC_6163C8,1,10,team2,Team 2 (E/W),58,62,10,♦,finished,2026-05-17T19:27:50.187384+00:00
6834,INPROC_90BF45,1,10,team1,Team 1 (N/S),67,53,26,♥,finished,2026-05-17T19:27:50.205798+00:00
6835,INPROC_1C9DE2,1,10,team2,Team 2 (E/W),29,91,10,♦,finished,2026-05-17T19:27:50.220520+00:00
6836,INPROC_9CE404,1,10,team1,Team 1 (N/S),80,40,31,♠,finished,2026-05-17T19:27:50.231307+00:00
6837,INPROC_3486CE,1,10,team1,Team 1 (N/S),81,39,5,♣,finished,2026-05-17T19:27:50.244343+00:00
6838,INPROC_F29C52,1,10,team2,Team 2 (E/W),57,63,14,♦,finished,2026-05-17T19:27:50.261049+00:00
6839,INPROC_C8BE22,1,10,team2,Team 2 (E/W),16,104,34,♠,finished,2026-05-17T19:27:50.277861+00:00
6840,INPROC_E767D3,1,10,team1,Team 1 (N/S),67,53,17,♦,finished,2026-05-17T19:27:50.297820+00:00
6841,INPROC_34B748,1,10,team1,Team 1 (N/S),96,24,3,♣,finished,2026-05-17T19:27:50.314981+00:00
6842,INPROC_6AED8E,1,10,team1,Team 1 (N/S),69,51,36,♠,finished,2026-05-17T19:27:50.333973+00:00
6843,INPROC_C28D6A,1,10,team2,Team 2 (E/W),46,74,18,♦,finished,2026-05-17T19:27:50.352976+00:00
6844,INPROC_93619F,1,10,team1,Team 1 (N/S),61,59,3,♣,finished,2026-05-17T19:27:50.373388+00:00
6845,INPROC_275A02,1,10,team1,Team 1 (N/S),88,32,3,♣,finished,2026-05-17T19:27:50.390968+00:00
6846,INPROC_D5DFE1,1,10,team1,Team 1 (N/S),63,57,12,♦,finished,2026-05-17T19:27:50.410751+00:00
6847,INPROC_FF3CF9,1,10,team1,Team 1 (N/S),69,51,33,♠,finished,2026-05-17T19:27:50.429522+00:00
6848,INPROC_9B87AC,1,10,team1,Team 1 (N/S),75,45,31,♠,finished,2026-05-17T19:27:50.445898+00:00
6849,INPROC_65FDF4,1,10,team2,Team 2 (E/W),31,89,0,♣,finished,2026-05-17T19:27:50.460602+00:00
6850,INPROC_6B2EEB,1,10,team1,Team 1 (N/S),82,38,22,♥,finished,2026-05-17T19:27:50.477268+00:00
6851,INPROC_66D22B,1,10,team2,Team 2 (E/W),39,81,4,♣,finished,2026-05-17T19:27:50.493693+00:00
6852,INPROC_28C0C1,1,10,team2,Team 2 (E/W),45,75,36,♠,finished,2026-05-17T19:27:50.510582+00:00
6853,INPROC_E31668,1,10,team2,Team 2 (E/W),32,88,2,♣,finished,2026-05-17T19:27:50.529226+00:00
6854,INPROC_081286,1,10,team1,Team 1 (N/S),84,36,21,♥,finished,2026-05-17T19:27:50.544747+00:00
6855,INPROC_33B496,1,10,team1,Team 1 (N/S),73,47,36,♠,finished,2026-05-17T19:27:50.559922+00:00
6856,INPROC_F4CD65,1,10,team1,Team 1 (N/S),85,35,27,♥,finished,2026-05-17T19:27:50.572403+00:00
6857,INPROC_45FDF3,1,10,team2,Team 2 (E/W),24,96,9,♣,finished,2026-05-17T19:27:50.592212+00:00
6858,INPROC_F8F306,1,10,team1,Team 1 (N/S),98,22,8,♣,finished,2026-05-17T19:27:50.611222+00:00
6859,INPROC_F7A350,1,10,team2,Team 2 (E/W),42,78,16,♦,finished,2026-05-17T19:27:50.633583+00:00
6860,INPROC_236476,1,10,team1,Team 1 (N/S),99,21,0,♣,finished,2026-05-17T19:27:50.656096+00:00
6861,INPROC_AFC81D,1,10,team2,Team 2 (E/W),47,73,15,♦,finished,2026-05-17T19:27:50.676399+00:00
6862,INPROC_E5F25A,1,10,team1,Team 1 (N/S),65,55,0,♣,finished,2026-05-17T19:27:50.693755+00:00
6863,INPROC_742626,1,10,team1,Team 1 (N/S),98,22,0,♣,finished,2026-05-17T19:27:50.708053+00:00
6864,INPROC_E273C1,1,10,team1,Team 1 (N/S),103,17,13,♦,finished,2026-05-17T19:27:50.723912+00:00
6865,INPROC_FBC41F,1,10,team1,Team 1 (N/S),76,44,17,♦,finished,2026-05-17T19:27:50.740226+00:00
6866,INPROC_5C3C6C,1,10,draw,draw,60,60,2,♣,finished,2026-05-17T19:27:50.751004+00:00
6867,INPROC_D496F5,1,10,team2,Team 2 (E/W),29,91,32,♠,finished,2026-05-17T19:27:50.761292+00:00
6868,INPROC_F9737A,1,10,team1,Team 1 (N/S),93,27,38,♠,finished,2026-05-17T19:27:50.772299+00:00
6869,INPROC_8DFC61,1,10,team1,Team 1 (N/S),90,30,6,♣,finished,2026-05-17T19:27:50.786880+00:00
6870,INPROC_30CCDD,1,10,team2,Team 2 (E/W),36,84,22,♥,finished,2026-05-17T19:27:50.799958+00:00
6871,INPROC_F2E1D0,1,10,team2,Team 2 (E/W),56,64,37,♠,finished,2026-05-17T19:27:50.815917+00:00
6872,INPROC_1E0CF8,1,10,team2,Team 2 (E/W),37,83,10,♦,finished,2026-05-17T19:27:50.832214+00:00
6873,INPROC_674FBE,1,10,team2,Team 2 (E/W),24,96,37,♠,finished,2026-05-17T19:27:50.849723+00:00
6874,INPROC_9B7AD7,1,10,team2,Team 2 (E/W),23,97,36,♠,finished,2026-05-17T19:27:50.865966+00:00
6875,INPROC_A2EF1A,1,10,team2,Team 2 (E/W),56,64,9,♣,finished,2026-05-17T19:27:50.877775+00:00
6876,INPROC_04F5D4,1,10,team2,Team 2 (E/W),45,75,16,♦,finished,2026-05-17T19:27:50.891584+00:00
6877,INPROC_B676B8,1,10,team1,Team 1 (N/S),114,6,35,♠,finished,2026-05-17T19:27:50.907084+00:00
6878,INPROC_A802F9,1,10,team2,Team 2 (E/W),38,82,18,♦,finished,2026-05-17T19:27:50.924467+00:00
6879,INPROC_A2B028,1,10,team2,Team 2 (E/W),50,70,20,♥,finished,2026-05-17T19:27:50.942020+00:00
6880,INPROC_37C789,1,10,team1,Team 1 (N/S),96,24,22,♥,finished,2026-05-17T19:27:50.959548+00:00
6881,INPROC_CE12D0,1,10,team1,Team 1 (N/S),65,55,6,♣,finished,2026-05-17T19:27:50.979002+00:00
6882,INPROC_A4E56C,1,10,team1,Team 1 (N/S),85,35,2,♣,finished,2026-05-17T19:27:50.991502+00:00
6883,INPROC_7885F1,1,10,team2,Team 2 (E/W),42,78,38,♠,finished,2026-05-17T19:27:51.010136+00:00
6884,INPROC_8A4243,1,10,team1,Team 1 (N/S),104,16,13,♦,finished,2026-05-17T19:27:51.027821+00:00
6885,INPROC_605290,1,10,team2,Team 2 (E/W),56,64,32,♠,finished,2026-05-17T19:27:51.041705+00:00
6886,INPROC_BA60BB,1,10,team1,Team 1 (N/S),85,35,5,♣,finished,2026-05-17T19:27:51.059998+00:00
6887,INPROC_0391E3,1,10,team1,Team 1 (N/S),116,4,30,♠,finished,2026-05-17T19:27:51.077252+00:00
6888,INPROC_033E6D,1,10,team1,Team 1 (N/S),80,40,28,♥,finished,2026-05-17T19:27:51.097645+00:00
6889,INPROC_5E9529,1,10,team1,Team 1 (N/S),82,38,8,♣,finished,2026-05-17T19:27:51.118413+00:00
6890,INPROC_1AFE06,1,10,team1,Team 1 (N/S),65,55,37,♠,finished,2026-05-17T19:27:51.138685+00:00
6891,INPROC_A47391,1,10,team1,Team 1 (N/S),69,51,19,♦,finished,2026-05-17T19:27:51.157194+00:00
6892,INPROC_7326DF,1,10,team1,Team 1 (N/S),100,20,3,♣,finished,2026-05-17T19:27:51.173729+00:00
6893,INPROC_3EE629,1,10,team1,Team 1 (N/S),62,58,11,♦,finished,2026-05-17T19:27:51.188248+00:00
6894,INPROC_E7361C,1,10,team2,Team 2 (E/W),52,68,6,♣,finished,2026-05-17T19:27:51.204913+00:00
6895,INPROC_7CF66A,1,10,team2,Team 2 (E/W),30,90,30,♠,finished,2026-05-17T19:27:51.221055+00:00
6896,INPROC_CC9D39,1,10,team2,Team 2 (E/W),52,68,8,♣,finished,2026-05-17T19:27:51.238645+00:00
6897,INPROC_B0E4AB,1,10,team1,Team 1 (N/S),68,52,26,♥,finished,2026-05-17T19:27:51.255616+00:00
6898,INPROC_F12543,1,10,team2,Team 2 (E/W),45,75,16,♦,finished,2026-05-17T19:27:51.272949+00:00
6899,INPROC_BFE573,1,10,team1,Team 1 (N/S),73,47,13,♦,finished,2026-05-17T19:27:51.287481+00:00
6900,INPROC_35DF88,1,10,draw,draw,60,60,25,♥,finished,2026-05-17T19:27:51.304966+00:00
6901,INPROC_BB76D6,1,10,team2,Team 2 (E/W),52,68,37,♠,finished,2026-05-17T19:27:51.317569+00:00
6902,INPROC_D38D40,1,10,team2,Team 2 (E/W),57,63,29,♥,finished,2026-05-17T19:27:51.335018+00:00
6903,INPROC_948AB4,1,10,team2,Team 2 (E/W),35,85,25,♥,finished,2026-05-17T19:27:51.349912+00:00
6904,INPROC_1A4B9A,1,10,team1,Team 1 (N/S),107,13,21,♥,finished,2026-05-17T19:27:51.365998+00:00
6905,INPROC_71E851,1,10,team2,Team 2 (E/W),52,68,24,♥,finished,2026-05-17T19:27:51.381143+00:00
6906,INPROC_C69D3B,1,10,team1,Team 1 (N/S),102,18,22,♥,finished,2026-05-17T19:27:51.397727+00:00
6907,INPROC_71A526,1,10,team2,Team 2 (E/W),51,69,19,♦,finished,2026-05-17T19:27:51.415037+00:00
6908,INPROC_322601,1,10,team2,Team 2 (E/W),57,63,8,♣,finished,2026-05-17T19:27:51.434661+00:00
6909,INPROC_73A1A1,1,10,team2,Team 2 (E/W),49,71,1,♣,finished,2026-05-17T19:27:51.454070+00:00
6910,INPROC_B8C108,1,10,team1,Team 1 (N/S),75,45,36,♠,finished,2026-05-17T19:27:51.475820+00:00
6911,INPROC_1873AE,1,10,team1,Team 1 (N/S),62,58,31,♠,finished,2026-05-17T19:27:51.496143+00:00
6912,INPROC_D16624,1,10,team2,Team 2 (E/W),51,69,12,♦,finished,2026-05-17T19:27:51.515376+00:00
6913,INPROC_FEA234,1,10,team1,Team 1 (N/S),89,31,21,♥,finished,2026-05-17T19:27:51.531412+00:00
6914,INPROC_5CCE64,1,10,team2,Team 2 (E/W),48,72,30,♠,finished,2026-05-17T19:27:51.548664+00:00
6915,INPROC_223967,1,10,team2,Team 2 (E/W),17,103,25,♥,finished,2026-05-17T19:27:51.563538+00:00
6916,INPROC_737966,1,10,team2,Team 2 (E/W),20,100,19,♦,finished,2026-05-17T19:27:51.576520+00:00
6917,INPROC_A9D506,1,10,team2,Team 2 (E/W),30,90,5,♣,finished,2026-05-17T19:27:51.591193+00:00
6918,INPROC_68B83C,1,10,team2,Team 2 (E/W),37,83,26,♥,finished,2026-05-17T19:27:51.610527+00:00
6919,INPROC_B73559,1,10,draw,draw,60,60,2,♣,finished,2026-05-17T19:27:51.631709+00:00
6920,INPROC_359603,1,10,team1,Team 1 (N/S),79,41,21,♥,finished,2026-05-17T19:27:51.650392+00:00
6921,INPROC_3E7824,1,10,team2,Team 2 (E/W),59,61,16,♦,finished,2026-05-17T19:27:51.667035+00:00
6922,INPROC_F9F6B4,1,10,team1,Team 1 (N/S),85,35,5,♣,finished,2026-05-17T19:27:51.685263+00:00
6923,INPROC_131E73,1,10,team1,Team 1 (N/S),82,38,2,♣,finished,2026-05-17T19:27:51.703293+00:00
6924,INPROC_14DD70,1,10,team1,Team 1 (N/S),78,42,13,♦,finished,2026-05-17T19:27:51.719621+00:00
6925,INPROC_60AFEB,1,10,team1,Team 1 (N/S),61,59,8,♣,finished,2026-05-17T19:27:51.732612+00:00
6926,INPROC_259801,1,10,team1,Team 1 (N/S),67,53,17,♦,finished,2026-05-17T19:27:51.745046+00:00
6927,INPROC_4102CB,1,10,team1,Team 1 (N/S),66,54,31,♠,finished,2026-05-17T19:27:51.760186+00:00
6928,INPROC_A894B3,1,10,team2,Team 2 (E/W),42,78,29,♥,finished,2026-05-17T19:27:51.776903+00:00
6929,INPROC_FFC063,1,10,team1,Team 1 (N/S),65,55,25,♥,finished,2026-05-17T19:27:51.792892+00:00
6930,INPROC_C6A619,1,10,team2,Team 2 (E/W),42,78,6,♣,finished,2026-05-17T19:27:51.810731+00:00
6931,INPROC_286586,1,10,team1,Team 1 (N/S),67,53,3,♣,finished,2026-05-17T19:27:51.823236+00:00
6932,INPROC_201A88,1,10,team1,Team 1 (N/S),94,26,27,♥,finished,2026-05-17T19:27:51.835785+00:00
6933,INPROC_8304E8,1,10,team2,Team 2 (E/W),55,65,17,♦,finished,2026-05-17T19:27:51.847229+00:00
6934,INPROC_3E8A38,1,10,team2,Team 2 (E/W),37,83,1,♣,finished,2026-05-17T19:27:51.859937+00:00
6935,INPROC_6C3BDD,1,10,team1,Team 1 (N/S),61,59,35,♠,finished,2026-05-17T19:27:51.876841+00:00
6936,INPROC_93387B,1,10,team2,Team 2 (E/W),21,99,33,♠,finished,2026-05-17T19:27:51.894680+00:00
6937,INPROC_57FCF9,1,10,team2,Team 2 (E/W),11,109,24,♥,finished,2026-05-17T19:27:51.911923+00:00
6938,INPROC_EA7BB2,1,10,team2,Team 2 (E/W),44,76,21,♥,finished,2026-05-17T19:27:51.923018+00:00
6939,INPROC_6E83E0,1,10,team2,Team 2 (E/W),31,89,4,♣,finished,2026-05-17T19:27:51.940279+00:00
6940,INPROC_6D5D44,1,10,team2,Team 2 (E/W),53,67,22,♥,finished,2026-05-17T19:27:51.956350+00:00
6941,INPROC_98ECF1,1,10,team1,Team 1 (N/S),93,27,27,♥,finished,2026-05-17T19:27:51.972881+00:00
6942,INPROC_0C4BAE,1,10,team2,Team 2 (E/W),34,86,25,♥,finished,2026-05-17T19:27:51.989784+00:00
6943,INPROC_104D03,1,10,team1,Team 1 (N/S),74,46,31,♠,finished,2026-05-17T19:27:52.006126+00:00
6944,INPROC_A2F278,1,10,team1,Team 1 (N/S),64,56,35,♠,finished,2026-05-17T19:27:52.026718+00:00
6945,INPROC_61D958,1,10,team1,Team 1 (N/S),79,41,20,♥,finished,2026-05-17T19:27:52.046222+00:00
6946,INPROC_80DF82,1,10,team2,Team 2 (E/W),39,81,39,♠,finished,2026-05-17T19:27:52.062735+00:00
6947,INPROC_2782ED,1,10,team1,Team 1 (N/S),90,30,0,♣,finished,2026-05-17T19:27:52.082707+00:00
6948,INPROC_C316DD,1,10,team2,Team 2 (E/W),53,67,8,♣,finished,2026-05-17T19:27:52.101253+00:00
6949,INPROC_0992F9,1,10,team2,Team 2 (E/W),49,71,36,♠,finished,2026-05-17T19:27:52.115283+00:00
6950,INPROC_55BFB0,1,10,draw,draw,60,60,37,♠,finished,2026-05-17T19:27:52.134300+00:00
6951,INPROC_D28D9D,1,10,team2,Team 2 (E/W),37,83,28,♥,finished,2026-05-17T19:27:52.153780+00:00
6952,INPROC_73BE8E,1,10,team2,Team 2 (E/W),33,87,13,♦,finished,2026-05-17T19:27:52.173564+00:00
6953,INPROC_BDC63B,1,10,team1,Team 1 (N/S),71,49,11,♦,finished,2026-05-17T19:27:52.192014+00:00
6954,INPROC_A18038,1,10,team1,Team 1 (N/S),94,26,24,♥,finished,2026-05-17T19:27:52.210162+00:00
6955,INPROC_78A05D,1,10,team1,Team 1 (N/S),83,37,4,♣,finished,2026-05-17T19:27:52.228518+00:00
6956,INPROC_03A368,1,10,team2,Team 2 (E/W),29,91,6,♣,finished,2026-05-17T19:27:52.246652+00:00
6957,INPROC_8C0765,1,10,team2,Team 2 (E/W),47,73,29,♥,finished,2026-05-17T19:27:52.265632+00:00
6958,INPROC_CEA8EC,1,10,team1,Team 1 (N/S),61,59,12,♦,finished,2026-05-17T19:27:52.282217+00:00
6959,INPROC_36C026,1,10,team2,Team 2 (E/W),10,110,28,♥,finished,2026-05-17T19:27:52.301661+00:00
6960,INPROC_64BC69,1,10,team2,Team 2 (E/W),37,83,6,♣,finished,2026-05-17T19:27:52.321037+00:00
6961,INPROC_6A0238,1,10,team1,Team 1 (N/S),77,43,1,♣,finished,2026-05-17T19:27:52.339796+00:00
6962,INPROC_52AF96,1,10,draw,draw,60,60,0,♣,finished,2026-05-17T19:27:52.357687+00:00
6963,INPROC_A9D130,1,10,team2,Team 2 (E/W),17,103,19,♦,finished,2026-05-17T19:27:52.372499+00:00
6964,INPROC_35BC78,1,10,team2,Team 2 (E/W),56,64,9,♣,finished,2026-05-17T19:27:52.387473+00:00
6965,INPROC_B6508B,1,10,team2,Team 2 (E/W),50,70,15,♦,finished,2026-05-17T19:27:52.409913+00:00
6966,INPROC_822C66,1,10,team2,Team 2 (E/W),57,63,29,♥,finished,2026-05-17T19:27:52.432464+00:00
6967,INPROC_76D5E7,1,10,team2,Team 2 (E/W),36,84,9,♣,finished,2026-05-17T19:27:52.452649+00:00
6968,INPROC_327A4A,1,10,team1,Team 1 (N/S),82,38,37,♠,finished,2026-05-17T19:27:52.471620+00:00
6969,INPROC_D8A2DC,1,10,team2,Team 2 (E/W),18,102,0,♣,finished,2026-05-17T19:27:52.489694+00:00
6970,INPROC_DF94DA,1,10,team2,Team 2 (E/W),14,106,4,♣,finished,2026-05-17T19:27:52.508877+00:00
6971,INPROC_BD42DF,1,10,team2,Team 2 (E/W),22,98,18,♦,finished,2026-05-17T19:27:52.528397+00:00
6972,INPROC_00B08E,1,10,team2,Team 2 (E/W),25,95,8,♣,finished,2026-05-17T19:27:52.548971+00:00
6973,INPROC_F70E63,1,10,team2,Team 2 (E/W),55,65,2,♣,finished,2026-05-17T19:27:52.566504+00:00
6974,INPROC_65706B,1,10,team1,Team 1 (N/S),87,33,33,♠,finished,2026-05-17T19:27:52.584696+00:00
6975,INPROC_F9E744,1,10,team2,Team 2 (E/W),11,109,18,♦,finished,2026-05-17T19:27:52.602900+00:00
6976,INPROC_408404,1,10,team2,Team 2 (E/W),38,82,28,♥,finished,2026-05-17T19:27:52.621875+00:00
6977,INPROC_1EFE7B,1,10,team2,Team 2 (E/W),14,106,24,♥,finished,2026-05-17T19:27:52.639560+00:00
6978,INPROC_370434,1,10,team2,Team 2 (E/W),40,80,3,♣,finished,2026-05-17T19:27:52.655850+00:00
6979,INPROC_9690E1,1,10,team1,Team 1 (N/S),74,46,7,♣,finished,2026-05-17T19:27:52.675353+00:00
6980,INPROC_30A685,1,10,team2,Team 2 (E/W),53,67,25,♥,finished,2026-05-17T19:27:52.693709+00:00
6981,INPROC_A20FBE,1,10,team2,Team 2 (E/W),33,87,25,♥,finished,2026-05-17T19:27:52.712469+00:00
6982,INPROC_79FEB1,1,10,team1,Team 1 (N/S),98,22,6,♣,finished,2026-05-17T19:27:52.731481+00:00
6983,INPROC_AA241C,1,10,team1,Team 1 (N/S),75,45,15,♦,finished,2026-05-17T19:27:52.748914+00:00
6984,INPROC_649E83,1,10,team1,Team 1 (N/S),101,19,10,♦,finished,2026-05-17T19:27:52.769126+00:00
6985,INPROC_4898ED,1,10,team1,Team 1 (N/S),89,31,28,♥,finished,2026-05-17T19:27:52.787047+00:00
6986,INPROC_383CA4,1,10,team1,Team 1 (N/S),71,49,21,♥,finished,2026-05-17T19:27:52.805586+00:00
6987,INPROC_A1F05E,1,10,team2,Team 2 (E/W),42,78,18,♦,finished,2026-05-17T19:27:52.822477+00:00
6988,INPROC_1A72B3,1,10,team1,Team 1 (N/S),65,55,29,♥,finished,2026-05-17T19:27:52.842600+00:00
6989,INPROC_25D5FE,1,10,team2,Team 2 (E/W),46,74,38,♠,finished,2026-05-17T19:27:52.860982+00:00
6990,INPROC_CBA9DE,1,10,team1,Team 1 (N/S),65,55,36,♠,finished,2026-05-17T19:27:52.882337+00:00
6991,INPROC_56D371,1,10,team1,Team 1 (N/S),61,59,21,♥,finished,2026-05-17T19:27:52.897394+00:00
6992,INPROC_11C5BE,1,10,team1,Team 1 (N/S),97,23,11,♦,finished,2026-05-17T19:27:52.914631+00:00
6993,INPROC_DD10B1,1,10,team1,Team 1 (N/S),87,33,36,♠,finished,2026-05-17T19:27:52.933461+00:00
6994,INPROC_F229A6,1,10,team2,Team 2 (E/W),48,72,31,♠,finished,2026-05-17T19:27:52.950100+00:00
6995,INPROC_499EAD,1,10,team1,Team 1 (N/S),73,47,35,♠,finished,2026-05-17T19:27:52.964544+00:00
6996,INPROC_03A554,1,10,team1,Team 1 (N/S),68,52,4,♣,finished,2026-05-17T19:27:52.981449+00:00
6997,INPROC_41066E,1,10,team2,Team 2 (E/W),29,91,7,♣,finished,2026-05-17T19:27:53.003104+00:00
6998,INPROC_4926D7,1,10,team2,Team 2 (E/W),28,92,27,♥,finished,2026-05-17T19:27:53.021081+00:00
6999,INPROC_1D859B,1,10,team1,Team 1 (N/S),84,36,6,♣,finished,2026-05-17T19:27:53.037829+00:00
7000,INPROC_FB8422,1,10,team1,Team 1 (N/S),73,47,35,♠,finished,2026-05-17T19:27:53.055223+00:00
7001,INPROC_8E4983,1,10,team1,Team 1 (N/S),67,53,39,♠,finished,2026-05-17T19:27:53.079028+00:00
7002,INPROC_15AE4E,1,10,team1,Team 1 (N/S),100,20,35,♠,finished,2026-05-17T19:27:53.098123+00:00
7003,INPROC_BA87CE,1,10,team1,Team 1 (N/S),78,42,24,♥,finished,2026-05-17T19:27:53.117527+00:00
7004,INPROC_97852E,1,10,team1,Team 1 (N/S),69,51,6,♣,finished,2026-05-17T19:27:53.135758+00:00
7005,INPROC_8B2B8E,1,10,team2,Team 2 (E/W),57,63,24,♥,finished,2026-05-17T19:27:53.153367+00:00
7006,INPROC_B59341,1,10,team1,Team 1 (N/S),68,52,16,♦,finished,2026-05-17T19:27:53.165247+00:00
7007,INPROC_EC565C,1,10,team2,Team 2 (E/W),0,120,24,♥,finished,2026-05-17T19:27:53.182191+00:00
7008,INPROC_B53F26,1,10,team2,Team 2 (E/W),29,91,24,♥,finished,2026-05-17T19:27:53.197428+00:00
7009,INPROC_E56E78,1,10,team1,Team 1 (N/S),78,42,17,♦,finished,2026-05-17T19:27:53.216985+00:00
7010,INPROC_D4F2CB,1,10,team2,Team 2 (E/W),9,111,39,♠,finished,2026-05-17T19:27:53.237619+00:00
7011,INPROC_1652BD,1,10,team1,Team 1 (N/S),70,50,6,♣,finished,2026-05-17T19:27:53.256822+00:00
7012,INPROC_B1917B,1,10,team1,Team 1 (N/S),73,47,33,♠,finished,2026-05-17T19:27:53.274413+00:00
7013,INPROC_A599ED,1,10,team2,Team 2 (E/W),31,89,9,♣,finished,2026-05-17T19:27:53.290567+00:00
7014,INPROC_50AA0F,1,10,team1,Team 1 (N/S),62,58,20,♥,finished,2026-05-17T19:27:53.307229+00:00
7015,INPROC_7851A2,1,10,team2,Team 2 (E/W),43,77,29,♥,finished,2026-05-17T19:27:53.323888+00:00
7016,INPROC_7B3FFD,1,10,team2,Team 2 (E/W),17,103,28,♥,finished,2026-05-17T19:27:53.340379+00:00
7017,INPROC_814A13,1,10,team1,Team 1 (N/S),61,59,0,♣,finished,2026-05-17T19:27:53.357146+00:00
7018,INPROC_688639,1,10,team2,Team 2 (E/W),53,67,31,♠,finished,2026-05-17T19:27:53.370566+00:00
7019,INPROC_E2A084,1,10,team1,Team 1 (N/S),104,16,32,♠,finished,2026-05-17T19:27:53.385857+00:00
7020,INPROC_C3A024,1,10,team1,Team 1 (N/S),65,55,10,♦,finished,2026-05-17T19:27:53.401639+00:00
7021,INPROC_D00069,1,10,draw,draw,60,60,31,♠,finished,2026-05-17T19:27:53.421106+00:00
7022,INPROC_608EC8,1,10,team2,Team 2 (E/W),44,76,39,♠,finished,2026-05-17T19:27:53.435949+00:00
7023,INPROC_A9C999,1,10,team1,Team 1 (N/S),83,37,21,♥,finished,2026-05-17T19:27:53.450735+00:00
7024,INPROC_89A746,1,10,team1,Team 1 (N/S),97,23,5,♣,finished,2026-05-17T19:27:53.468273+00:00
7025,INPROC_58204C,1,10,team1,Team 1 (N/S),73,47,20,♥,finished,2026-05-17T19:27:53.484887+00:00
7026,INPROC_F3BBEC,1,10,team1,Team 1 (N/S),73,47,10,♦,finished,2026-05-17T19:27:53.502008+00:00
7027,INPROC_FFD768,1,10,team2,Team 2 (E/W),37,83,23,♥,finished,2026-05-17T19:27:53.517409+00:00
7028,INPROC_F71A8F,1,10,team2,Team 2 (E/W),46,74,29,♥,finished,2026-05-17T19:27:53.534881+00:00
7029,INPROC_0A5AEF,1,10,team2,Team 2 (E/W),54,66,1,♣,finished,2026-05-17T19:27:53.553482+00:00
7030,INPROC_93F4F1,1,10,team2,Team 2 (E/W),54,66,35,♠,finished,2026-05-17T19:27:53.570059+00:00
7031,INPROC_DE1261,1,10,team1,Team 1 (N/S),70,50,39,♠,finished,2026-05-17T19:27:53.586878+00:00
7032,INPROC_03C745,1,10,team2,Team 2 (E/W),50,70,11,♦,finished,2026-05-17T19:27:53.604088+00:00
7033,INPROC_1F3768,1,10,team1,Team 1 (N/S),66,54,24,♥,finished,2026-05-17T19:27:53.620927+00:00
7034,INPROC_46D89F,1,10,team1,Team 1 (N/S),65,55,23,♥,finished,2026-05-17T19:27:53.637590+00:00
7035,INPROC_28168B,1,10,team1,Team 1 (N/S),66,54,3,♣,finished,2026-05-17T19:27:53.653616+00:00
7036,INPROC_B3F038,1,10,team1,Team 1 (N/S),74,46,6,♣,finished,2026-05-17T19:27:53.669231+00:00
7037,INPROC_ED357C,1,10,team2,Team 2 (E/W),30,90,19,♦,finished,2026-05-17T19:27:53.686291+00:00
7038,INPROC_510446,1,10,team1,Team 1 (N/S),82,38,14,♦,finished,2026-05-17T19:27:53.701099+00:00
7039,INPROC_10DB95,1,10,team1,Team 1 (N/S),75,45,14,♦,finished,2026-05-17T19:27:53.713813+00:00
7040,INPROC_60098E,1,10,team1,Team 1 (N/S),117,3,30,♠,finished,2026-05-17T19:27:53.730036+00:00
7041,INPROC_FAEA95,1,10,team1,Team 1 (N/S),94,26,1,♣,finished,2026-05-17T19:27:53.742265+00:00
7042,INPROC_5B3D86,1,10,team2,Team 2 (E/W),27,93,4,♣,finished,2026-05-17T19:27:53.758935+00:00
7043,INPROC_3EBDC7,1,10,team2,Team 2 (E/W),29,91,30,♠,finished,2026-05-17T19:27:53.775504+00:00
7044,INPROC_899917,1,10,team2,Team 2 (E/W),28,92,26,♥,finished,2026-05-17T19:27:53.792205+00:00
7045,INPROC_C01B47,1,10,team2,Team 2 (E/W),38,82,29,♥,finished,2026-05-17T19:27:53.808130+00:00
7046,INPROC_33784D,1,10,team1,Team 1 (N/S),66,54,17,♦,finished,2026-05-17T19:27:53.827664+00:00
7047,INPROC_34FB8C,1,10,team2,Team 2 (E/W),37,83,27,♥,finished,2026-05-17T19:27:53.848439+00:00
7048,INPROC_E7C3AA,1,10,team2,Team 2 (E/W),42,78,0,♣,finished,2026-05-17T19:27:53.869565+00:00
7049,INPROC_C09151,1,10,team1,Team 1 (N/S),97,23,28,♥,finished,2026-05-17T19:27:53.887871+00:00
7050,INPROC_0AAD13,1,10,team2,Team 2 (E/W),41,79,18,♦,finished,2026-05-17T19:27:53.904625+00:00
7051,INPROC_2D66C8,1,10,team2,Team 2 (E/W),20,100,20,♥,finished,2026-05-17T19:27:53.916625+00:00
7052,INPROC_1D79E3,1,10,team2,Team 2 (E/W),46,74,33,♠,finished,2026-05-17T19:27:53.935113+00:00
7053,INPROC_203021,1,10,team2,Team 2 (E/W),37,83,19,♦,finished,2026-05-17T19:27:53.954945+00:00
7054,INPROC_6D3C4F,1,10,team1,Team 1 (N/S),62,58,13,♦,finished,2026-05-17T19:27:53.971444+00:00
7055,INPROC_817241,1,10,team2,Team 2 (E/W),21,99,30,♠,finished,2026-05-17T19:27:53.982147+00:00
7056,INPROC_0BF4D3,1,10,team2,Team 2 (E/W),28,92,38,♠,finished,2026-05-17T19:27:53.995000+00:00
7057,INPROC_15D0FD,1,10,team2,Team 2 (E/W),56,64,17,♦,finished,2026-05-17T19:27:54.008898+00:00
7058,INPROC_401788,1,10,team1,Team 1 (N/S),81,39,14,♦,finished,2026-05-17T19:27:54.026651+00:00
7059,INPROC_602C14,1,10,team2,Team 2 (E/W),22,98,39,♠,finished,2026-05-17T19:27:54.043946+00:00
7060,INPROC_76C7C4,1,10,team2,Team 2 (E/W),49,71,31,♠,finished,2026-05-17T19:27:54.062680+00:00
7061,INPROC_DD121D,1,10,team2,Team 2 (E/W),54,66,17,♦,finished,2026-05-17T19:27:54.077096+00:00
7062,INPROC_ECDCB0,1,10,team1,Team 1 (N/S),100,20,26,♥,finished,2026-05-17T19:27:54.092998+00:00
7063,INPROC_01375E,1,10,team1,Team 1 (N/S),86,34,24,♥,finished,2026-05-17T19:27:54.109955+00:00
7064,INPROC_6C69DF,1,10,team1,Team 1 (N/S),87,33,4,♣,finished,2026-05-17T19:27:54.126355+00:00
7065,INPROC_19D262,1,10,team1,Team 1 (N/S),88,32,33,♠,finished,2026-05-17T19:27:54.143578+00:00
7066,INPROC_8BDF06,1,10,team1,Team 1 (N/S),64,56,20,♥,finished,2026-05-17T19:27:54.161938+00:00
7067,INPROC_4EFB56,1,10,team1,Team 1 (N/S),64,56,32,♠,finished,2026-05-17T19:27:54.180732+00:00
7068,INPROC_748A48,1,10,team1,Team 1 (N/S),72,48,10,♦,finished,2026-05-17T19:27:54.199464+00:00
7069,INPROC_CE1BC6,1,10,team2,Team 2 (E/W),34,86,8,♣,finished,2026-05-17T19:27:54.217227+00:00
7070,INPROC_41D422,1,10,team1,Team 1 (N/S),70,50,27,♥,finished,2026-05-17T19:27:54.232435+00:00
7071,INPROC_F137EF,1,10,team1,Team 1 (N/S),96,24,25,♥,finished,2026-05-17T19:27:54.245599+00:00
7072,INPROC_B2C7CE,1,10,team2,Team 2 (E/W),18,102,7,♣,finished,2026-05-17T19:27:54.264092+00:00
7073,INPROC_34D881,1,10,team1,Team 1 (N/S),118,2,8,♣,finished,2026-05-17T19:27:54.278768+00:00
7074,INPROC_3FC318,1,10,draw,draw,60,60,10,♦,finished,2026-05-17T19:27:54.296571+00:00
7075,INPROC_0FDD2F,1,10,team1,Team 1 (N/S),77,43,14,♦,finished,2026-05-17T19:27:54.316236+00:00
7076,INPROC_5C6ED4,1,10,team2,Team 2 (E/W),2,118,7,♣,finished,2026-05-17T19:27:54.333454+00:00
7077,INPROC_D975C7,1,10,team1,Team 1 (N/S),64,56,24,♥,finished,2026-05-17T19:27:54.349556+00:00
7078,INPROC_89F79A,1,10,team1,Team 1 (N/S),82,38,12,♦,finished,2026-05-17T19:27:54.366642+00:00
7079,INPROC_9351A4,1,10,team2,Team 2 (E/W),20,100,18,♦,finished,2026-05-17T19:27:54.384101+00:00
7080,INPROC_0C3746,1,10,team2,Team 2 (E/W),56,64,13,♦,finished,2026-05-17T19:27:54.401286+00:00
7081,INPROC_32A00E,1,10,team1,Team 1 (N/S),81,39,21,♥,finished,2026-05-17T19:27:54.418243+00:00
7082,INPROC_6266D3,1,10,team2,Team 2 (E/W),37,83,31,♠,finished,2026-05-17T19:27:54.437524+00:00
7083,INPROC_2C11C7,1,10,team1,Team 1 (N/S),96,24,2,♣,finished,2026-05-17T19:27:54.456446+00:00
7084,INPROC_718701,1,10,team1,Team 1 (N/S),61,59,36,♠,finished,2026-05-17T19:27:54.470333+00:00
7085,INPROC_E32CC4,1,10,team2,Team 2 (E/W),58,62,29,♥,finished,2026-05-17T19:27:54.483286+00:00
7086,INPROC_38D619,1,10,team2,Team 2 (E/W),50,70,19,♦,finished,2026-05-17T19:27:54.499135+00:00
7087,INPROC_73D305,1,10,team1,Team 1 (N/S),87,33,36,♠,finished,2026-05-17T19:27:54.514985+00:00
7088,INPROC_12B1B1,1,10,team1,Team 1 (N/S),92,28,30,♠,finished,2026-05-17T19:27:54.527632+00:00
7089,INPROC_DD51EC,1,10,team1,Team 1 (N/S),79,41,13,♦,finished,2026-05-17T19:27:54.542977+00:00
7090,INPROC_57C5B5,1,10,team2,Team 2 (E/W),41,79,23,♥,finished,2026-05-17T19:27:54.559414+00:00
7091,INPROC_7D5025,1,10,team2,Team 2 (E/W),46,74,23,♥,finished,2026-05-17T19:27:54.578026+00:00
7092,INPROC_75DF2C,1,10,team2,Team 2 (E/W),58,62,29,♥,finished,2026-05-17T19:27:54.595709+00:00
7093,INPROC_97AE61,1,10,team2,Team 2 (E/W),19,101,21,♥,finished,2026-05-17T19:27:54.614436+00:00
7094,INPROC_94FA3F,1,10,team2,Team 2 (E/W),51,69,18,♦,finished,2026-05-17T19:27:54.632980+00:00
7095,INPROC_21045C,1,10,team2,Team 2 (E/W),47,73,6,♣,finished,2026-05-17T19:27:54.650010+00:00
7096,INPROC_291FDE,1,10,team1,Team 1 (N/S),94,26,36,♠,finished,2026-05-17T19:27:54.666610+00:00
7097,INPROC_7B1497,1,10,team2,Team 2 (E/W),41,79,15,♦,finished,2026-05-17T19:27:54.684252+00:00
7098,INPROC_BB8335,1,10,team2,Team 2 (E/W),50,70,33,♠,finished,2026-05-17T19:27:54.702935+00:00
7099,INPROC_216CF1,1,10,team2,Team 2 (E/W),55,65,32,♠,finished,2026-05-17T19:27:54.720262+00:00
7100,INPROC_77C608,1,10,team1,Team 1 (N/S),69,51,24,♥,finished,2026-05-17T19:27:54.739208+00:00
7101,INPROC_F03991,1,10,team2,Team 2 (E/W),55,65,27,♥,finished,2026-05-17T19:27:54.758895+00:00
7102,INPROC_0217E2,1,10,team1,Team 1 (N/S),61,59,37,♠,finished,2026-05-17T19:27:54.773306+00:00
7103,INPROC_0B46A3,1,10,team2,Team 2 (E/W),18,102,10,♦,finished,2026-05-17T19:27:54.785717+00:00
7104,INPROC_CC176E,1,10,team1,Team 1 (N/S),77,43,30,♠,finished,2026-05-17T19:27:54.801370+00:00
7105,INPROC_78E23F,1,10,team2,Team 2 (E/W),47,73,28,♥,finished,2026-05-17T19:27:54.815490+00:00
7106,INPROC_A67DB1,1,10,team2,Team 2 (E/W),29,91,19,♦,finished,2026-05-17T19:27:54.834738+00:00
7107,INPROC_FD018E,1,10,team1,Team 1 (N/S),104,16,9,♣,finished,2026-05-17T19:27:54.851466+00:00
7108,INPROC_E8B9C6,1,10,team2,Team 2 (E/W),57,63,16,♦,finished,2026-05-17T19:27:54.869960+00:00
7109,INPROC_2779F8,1,10,team2,Team 2 (E/W),37,83,21,♥,finished,2026-05-17T19:27:54.888201+00:00
7110,INPROC_06F5C2,1,10,team2,Team 2 (E/W),59,61,34,♠,finished,2026-05-17T19:27:54.905259+00:00
7111,INPROC_8FB887,1,10,team1,Team 1 (N/S),61,59,39,♠,finished,2026-05-17T19:27:54.922270+00:00
7112,INPROC_12222A,1,10,team2,Team 2 (E/W),46,74,39,♠,finished,2026-05-17T19:27:54.939178+00:00
7113,INPROC_F76E43,1,10,team2,Team 2 (E/W),43,77,17,♦,finished,2026-05-17T19:27:54.955867+00:00
7114,INPROC_1C8590,1,10,team2,Team 2 (E/W),59,61,39,♠,finished,2026-05-17T19:27:54.973505+00:00
7115,INPROC_1B53D3,1,10,team2,Team 2 (E/W),39,81,32,♠,finished,2026-05-17T19:27:54.989474+00:00
7116,INPROC_51F133,1,10,team2,Team 2 (E/W),28,92,36,♠,finished,2026-05-17T19:27:55.006612+00:00
7117,INPROC_3D9EB8,1,10,team1,Team 1 (N/S),67,53,22,♥,finished,2026-05-17T19:27:55.022828+00:00
7118,INPROC_F5672F,1,10,team2,Team 2 (E/W),34,86,27,♥,finished,2026-05-17T19:27:55.039630+00:00
7119,INPROC_4AFC69,1,10,team2,Team 2 (E/W),26,94,2,♣,finished,2026-05-17T19:27:55.053068+00:00
7120,INPROC_BAB6EA,1,10,team1,Team 1 (N/S),72,48,9,♣,finished,2026-05-17T19:27:55.066144+00:00
7121,INPROC_7803CE,1,10,team1,Team 1 (N/S),84,36,17,♦,finished,2026-05-17T19:27:55.084043+00:00
7122,INPROC_1E899A,1,10,team1,Team 1 (N/S),70,50,4,♣,finished,2026-05-17T19:27:55.102183+00:00
7123,INPROC_C286EB,1,10,team2,Team 2 (E/W),5,115,38,♠,finished,2026-05-17T19:27:55.119817+00:00
7124,INPROC_9E36D9,1,10,team2,Team 2 (E/W),43,77,28,♥,finished,2026-05-17T19:27:55.137518+00:00
7125,INPROC_890590,1,10,team2,Team 2 (E/W),59,61,18,♦,finished,2026-05-17T19:27:55.155572+00:00
7126,INPROC_3FFA25,1,10,team2,Team 2 (E/W),54,66,0,♣,finished,2026-05-17T19:27:55.169679+00:00
7127,INPROC_9C12C5,1,10,team2,Team 2 (E/W),21,99,9,♣,finished,2026-05-17T19:27:55.186381+00:00
7128,INPROC_761AAE,1,10,team2,Team 2 (E/W),51,69,13,♦,finished,2026-05-17T19:27:55.202742+00:00
7129,INPROC_CD29EF,1,10,team2,Team 2 (E/W),48,72,16,♦,finished,2026-05-17T19:27:55.219208+00:00
7130,INPROC_809A15,1,10,team1,Team 1 (N/S),64,56,7,♣,finished,2026-05-17T19:27:55.237311+00:00
7131,INPROC_D99DF6,1,10,team1,Team 1 (N/S),65,55,18,♦,finished,2026-05-17T19:27:55.255324+00:00
7132,INPROC_12C82C,1,10,team1,Team 1 (N/S),68,52,2,♣,finished,2026-05-17T19:27:55.272526+00:00
7133,INPROC_079428,1,10,team1,Team 1 (N/S),75,45,13,♦,finished,2026-05-17T19:27:55.290916+00:00
7134,INPROC_72D853,1,10,team1,Team 1 (N/S),77,43,14,♦,finished,2026-05-17T19:27:55.306702+00:00
7135,INPROC_E014E3,1,10,team2,Team 2 (E/W),53,67,1,♣,finished,2026-05-17T19:27:55.323480+00:00
7136,INPROC_C40321,1,10,team1,Team 1 (N/S),88,32,17,♦,finished,2026-05-17T19:27:55.335056+00:00
7137,INPROC_099138,1,10,team2,Team 2 (E/W),51,69,26,♥,finished,2026-05-17T19:27:55.350447+00:00
7138,INPROC_901254,1,10,team1,Team 1 (N/S),75,45,6,♣,finished,2026-05-17T19:27:55.367366+00:00
7139,INPROC_EBA870,1,10,team2,Team 2 (E/W),52,68,20,♥,finished,2026-05-17T19:27:55.384317+00:00
7140,INPROC_DAFA5C,1,10,team2,Team 2 (E/W),49,71,16,♦,finished,2026-05-17T19:27:55.400927+00:00
7141,INPROC_C6F906,1,10,team2,Team 2 (E/W),13,107,17,♦,finished,2026-05-17T19:27:55.418259+00:00
7142,INPROC_8DE2C2,1,10,team1,Team 1 (N/S),80,40,31,♠,finished,2026-05-17T19:27:55.434232+00:00
7143,INPROC_94321D,1,10,team2,Team 2 (E/W),41,79,33,♠,finished,2026-05-17T19:27:55.450353+00:00
7144,INPROC_FC9720,1,10,team2,Team 2 (E/W),50,70,16,♦,finished,2026-05-17T19:27:55.466402+00:00
7145,INPROC_81ED67,1,10,team1,Team 1 (N/S),66,54,16,♦,finished,2026-05-17T19:27:55.484249+00:00
7146,INPROC_20842A,1,10,team1,Team 1 (N/S),61,59,22,♥,finished,2026-05-17T19:27:55.500534+00:00
7147,INPROC_49228F,1,10,team1,Team 1 (N/S),95,25,33,♠,finished,2026-05-17T19:27:55.517536+00:00
7148,INPROC_A72C90,1,10,team2,Team 2 (E/W),24,96,19,♦,finished,2026-05-17T19:27:55.533290+00:00
7149,INPROC_E04694,1,10,team2,Team 2 (E/W),35,85,32,♠,finished,2026-05-17T19:27:55.549292+00:00
7150,INPROC_EC5E17,1,10,team2,Team 2 (E/W),48,72,0,♣,finished,2026-05-17T19:27:55.566865+00:00
7151,INPROC_3C4F1A,1,10,team1,Team 1 (N/S),92,28,4,♣,finished,2026-05-17T19:27:55.583742+00:00
7152,INPROC_393E59,1,10,team2,Team 2 (E/W),30,90,20,♥,finished,2026-05-17T19:27:55.598341+00:00
7153,INPROC_622B6D,1,10,team1,Team 1 (N/S),64,56,12,♦,finished,2026-05-17T19:27:55.614507+00:00
7154,INPROC_21E3CF,1,10,team2,Team 2 (E/W),10,110,19,♦,finished,2026-05-17T19:27:55.631583+00:00
7155,INPROC_72D8F0,1,10,team2,Team 2 (E/W),28,92,1,♣,finished,2026-05-17T19:27:55.648383+00:00
7156,INPROC_5ACC7F,1,10,team1,Team 1 (N/S),97,23,0,♣,finished,2026-05-17T19:27:55.664110+00:00
7157,INPROC_C20E62,1,10,team1,Team 1 (N/S),74,46,22,♥,finished,2026-05-17T19:27:55.680892+00:00
7158,INPROC_3FE98B,1,10,team2,Team 2 (E/W),54,66,1,♣,finished,2026-05-17T19:27:55.698012+00:00
7159,INPROC_ABCD86,1,10,team2,Team 2 (E/W),18,102,3,♣,finished,2026-05-17T19:27:55.715061+00:00
7160,INPROC_065464,1,10,team2,Team 2 (E/W),58,62,33,♠,finished,2026-05-17T19:27:55.731369+00:00
7161,INPROC_BF1F43,1,10,team2,Team 2 (E/W),58,62,16,♦,finished,2026-05-17T19:27:55.751205+00:00
7162,INPROC_0DACC4,1,10,team2,Team 2 (E/W),36,84,11,♦,finished,2026-05-17T19:27:55.767989+00:00
7163,INPROC_7766C7,1,10,team2,Team 2 (E/W),50,70,35,♠,finished,2026-05-17T19:27:55.784494+00:00
7164,INPROC_DE0C02,1,10,team1,Team 1 (N/S),95,25,12,♦,finished,2026-05-17T19:27:55.800874+00:00
7165,INPROC_18D241,1,10,team1,Team 1 (N/S),88,32,23,♥,finished,2026-05-17T19:27:55.818607+00:00
7166,INPROC_2969EB,1,10,team2,Team 2 (E/W),46,74,30,♠,finished,2026-05-17T19:27:55.837575+00:00
7167,INPROC_EA4B4A,1,10,team2,Team 2 (E/W),18,102,37,♠,finished,2026-05-17T19:27:55.856263+00:00
7168,INPROC_47E6E2,1,10,team2,Team 2 (E/W),41,79,12,♦,finished,2026-05-17T19:27:55.870902+00:00
7169,INPROC_398014,1,10,team2,Team 2 (E/W),33,87,27,♥,finished,2026-05-17T19:27:55.892791+00:00
7170,INPROC_7C3F3A,1,10,team1,Team 1 (N/S),70,50,17,♦,finished,2026-05-17T19:27:55.919043+00:00
7171,INPROC_1DCBF6,1,10,team1,Team 1 (N/S),85,35,33,♠,finished,2026-05-17T19:27:55.946662+00:00
7172,INPROC_2EAD01,1,10,team1,Team 1 (N/S),89,31,1,♣,finished,2026-05-17T19:27:55.968597+00:00
7173,INPROC_9C071E,1,10,team2,Team 2 (E/W),55,65,6,♣,finished,2026-05-17T19:27:55.986133+00:00
7174,INPROC_5C90B3,1,10,team1,Team 1 (N/S),75,45,0,♣,finished,2026-05-17T19:27:56.004925+00:00
7175,INPROC_B401BC,1,10,team2,Team 2 (E/W),57,63,18,♦,finished,2026-05-17T19:27:56.023470+00:00
7176,INPROC_6A5437,1,10,team2,Team 2 (E/W),58,62,30,♠,finished,2026-05-17T19:27:56.039083+00:00
7177,INPROC_AE8B27,1,10,team2,Team 2 (E/W),18,102,7,♣,finished,2026-05-17T19:27:56.055054+00:00
7178,INPROC_BCD195,1,10,team1,Team 1 (N/S),101,19,26,♥,finished,2026-05-17T19:27:56.071295+00:00
7179,INPROC_BF49E1,1,10,team1,Team 1 (N/S),120,0,24,♥,finished,2026-05-17T19:27:56.089096+00:00
7180,INPROC_18B25D,1,10,team2,Team 2 (E/W),51,69,11,♦,finished,2026-05-17T19:27:56.107579+00:00
7181,INPROC_182BDE,1,10,team2,Team 2 (E/W),25,95,38,♠,finished,2026-05-17T19:27:56.124309+00:00
7182,INPROC_5E3D25,1,10,team2,Team 2 (E/W),36,84,8,♣,finished,2026-05-17T19:27:56.136408+00:00
7183,INPROC_2654B6,1,10,team2,Team 2 (E/W),28,92,20,♥,finished,2026-05-17T19:27:56.154156+00:00
7184,INPROC_BDBB09,1,10,team2,Team 2 (E/W),27,93,30,♠,finished,2026-05-17T19:27:56.171753+00:00
7185,INPROC_3FD0C0,1,10,team1,Team 1 (N/S),81,39,32,♠,finished,2026-05-17T19:27:56.190591+00:00
7186,INPROC_3C2142,1,10,team2,Team 2 (E/W),51,69,25,♥,finished,2026-05-17T19:27:56.208064+00:00
7187,INPROC_278178,1,10,team2,Team 2 (E/W),35,85,21,♥,finished,2026-05-17T19:27:56.226349+00:00
7188,INPROC_7C0F03,1,10,team1,Team 1 (N/S),99,21,5,♣,finished,2026-05-17T19:27:56.246347+00:00
7189,INPROC_DC4C60,1,10,team2,Team 2 (E/W),44,76,8,♣,finished,2026-05-17T19:27:56.266031+00:00
7190,INPROC_36338D,1,10,team1,Team 1 (N/S),81,39,34,♠,finished,2026-05-17T19:27:56.283570+00:00
7191,INPROC_A5F5F5,1,10,team2,Team 2 (E/W),51,69,7,♣,finished,2026-05-17T19:27:56.304376+00:00
7192,INPROC_F0F6B5,1,10,team1,Team 1 (N/S),70,50,28,♥,finished,2026-05-17T19:27:56.320929+00:00
7193,INPROC_B5843C,1,10,team1,Team 1 (N/S),81,39,12,♦,finished,2026-05-17T19:27:56.337965+00:00
7194,INPROC_69F3A8,1,10,team1,Team 1 (N/S),94,26,4,♣,finished,2026-05-17T19:27:56.358557+00:00
7195,INPROC_82BEE4,1,10,team1,Team 1 (N/S),80,40,11,♦,finished,2026-05-17T19:27:56.377439+00:00
7196,INPROC_E44A03,1,10,team1,Team 1 (N/S),84,36,21,♥,finished,2026-05-17T19:27:56.391810+00:00
7197,INPROC_94C258,1,10,team1,Team 1 (N/S),77,43,37,♠,finished,2026-05-17T19:27:56.405279+00:00
7198,INPROC_BE076F,1,10,team2,Team 2 (E/W),52,68,31,♠,finished,2026-05-17T19:27:56.422306+00:00
7199,INPROC_2995E2,1,10,team2,Team 2 (E/W),43,77,18,♦,finished,2026-05-17T19:27:56.439615+00:00
7200,INPROC_60EF7F,1,10,team1,Team 1 (N/S),83,37,0,♣,finished,2026-05-17T19:27:56.457698+00:00
7201,INPROC_95E394,1,10,team1,Team 1 (N/S),76,44,22,♥,finished,2026-05-17T19:27:56.475618+00:00
7202,INPROC_4F6DD5,1,10,team2,Team 2 (E/W),21,99,6,♣,finished,2026-05-17T19:27:56.494978+00:00
7203,INPROC_C0135A,1,10,team2,Team 2 (E/W),30,90,32,♠,finished,2026-05-17T19:27:56.511318+00:00
7204,INPROC_5D5309,1,10,team2,Team 2 (E/W),51,69,13,♦,finished,2026-05-17T19:27:56.527777+00:00
7205,INPROC_038D7F,1,10,team2,Team 2 (E/W),53,67,16,♦,finished,2026-05-17T19:27:56.544256+00:00
7206,INPROC_D1B723,1,10,team2,Team 2 (E/W),40,80,19,♦,finished,2026-05-17T19:27:56.559555+00:00
7207,INPROC_F92E66,1,10,team2,Team 2 (E/W),52,68,14,♦,finished,2026-05-17T19:27:56.578218+00:00
7208,INPROC_F45B02,1,10,team2,Team 2 (E/W),56,64,37,♠,finished,2026-05-17T19:27:56.598273+00:00
7209,INPROC_A0279A,1,10,team1,Team 1 (N/S),79,41,16,♦,finished,2026-05-17T19:27:56.616509+00:00
7210,INPROC_2D0E51,1,10,team2,Team 2 (E/W),31,89,23,♥,finished,2026-05-17T19:27:56.633102+00:00
7211,INPROC_8C33A2,1,10,team1,Team 1 (N/S),73,47,13,♦,finished,2026-05-17T19:27:56.648225+00:00
7212,INPROC_A751F5,1,10,team2,Team 2 (E/W),50,70,29,♥,finished,2026-05-17T19:27:56.660741+00:00
7213,INPROC_6EF968,1,10,team2,Team 2 (E/W),51,69,1,♣,finished,2026-05-17T19:27:56.674060+00:00
7214,INPROC_A8E71F,1,10,team1,Team 1 (N/S),79,41,15,♦,finished,2026-05-17T19:27:56.692156+00:00
7215,INPROC_007FCD,1,10,team2,Team 2 (E/W),18,102,23,♥,finished,2026-05-17T19:27:56.709069+00:00
7216,INPROC_D3E273,1,10,team2,Team 2 (E/W),41,79,26,♥,finished,2026-05-17T19:27:56.727560+00:00
7217,INPROC_9EE208,1,10,team1,Team 1 (N/S),76,44,23,♥,finished,2026-05-17T19:27:56.743480+00:00
7218,INPROC_6285AA,1,10,team1,Team 1 (N/S),62,58,28,♥,finished,2026-05-17T19:27:56.760878+00:00
7219,INPROC_CCBD9C,1,10,team1,Team 1 (N/S),80,40,31,♠,finished,2026-05-17T19:27:56.780294+00:00
7220,INPROC_2C2034,1,10,team2,Team 2 (E/W),43,77,11,♦,finished,2026-05-17T19:27:56.796736+00:00
7221,INPROC_DCF6B9,1,10,team1,Team 1 (N/S),85,35,35,♠,finished,2026-05-17T19:27:56.811082+00:00
7222,INPROC_1C357E,1,10,team2,Team 2 (E/W),43,77,10,♦,finished,2026-05-17T19:27:56.828088+00:00
7223,INPROC_D4F98D,1,10,team2,Team 2 (E/W),34,86,17,♦,finished,2026-05-17T19:27:56.844672+00:00
7224,INPROC_DF1CCA,1,10,team1,Team 1 (N/S),85,35,5,♣,finished,2026-05-17T19:27:56.861043+00:00
7225,INPROC_62CFE8,1,10,team2,Team 2 (E/W),33,87,29,♥,finished,2026-05-17T19:27:56.876751+00:00
7226,INPROC_AFF10E,1,10,team2,Team 2 (E/W),26,94,21,♥,finished,2026-05-17T19:27:56.895716+00:00
7227,INPROC_95E513,1,10,team1,Team 1 (N/S),105,15,37,♠,finished,2026-05-17T19:27:56.912789+00:00
7228,INPROC_D643C0,1,10,team2,Team 2 (E/W),44,76,25,♥,finished,2026-05-17T19:27:56.932861+00:00
7229,INPROC_E7A450,1,10,team2,Team 2 (E/W),26,94,15,♦,finished,2026-05-17T19:27:56.950327+00:00
7230,INPROC_E5BDB3,1,10,team1,Team 1 (N/S),80,40,6,♣,finished,2026-05-17T19:27:56.966201+00:00
7231,INPROC_583E9C,1,10,team2,Team 2 (E/W),55,65,8,♣,finished,2026-05-17T19:27:56.979415+00:00
7232,INPROC_0A48B9,1,10,team2,Team 2 (E/W),48,72,18,♦,finished,2026-05-17T19:27:56.993238+00:00
7233,INPROC_190FAC,1,10,team2,Team 2 (E/W),45,75,12,♦,finished,2026-05-17T19:27:57.009650+00:00
7234,INPROC_F79853,1,10,team2,Team 2 (E/W),47,73,2,♣,finished,2026-05-17T19:27:57.026109+00:00
7235,INPROC_FCEE2A,1,10,team1,Team 1 (N/S),83,37,4,♣,finished,2026-05-17T19:27:57.041856+00:00
7236,INPROC_FA4AEF,1,10,team1,Team 1 (N/S),75,45,23,♥,finished,2026-05-17T19:27:57.058891+00:00
7237,INPROC_194131,1,10,team2,Team 2 (E/W),48,72,19,♦,finished,2026-05-17T19:27:57.074577+00:00
7238,INPROC_4578E4,1,10,draw,draw,60,60,10,♦,finished,2026-05-17T19:27:57.088535+00:00
7239,INPROC_F73131,1,10,team2,Team 2 (E/W),31,89,5,♣,finished,2026-05-17T19:27:57.105453+00:00
7240,INPROC_C1FCD5,1,10,team1,Team 1 (N/S),98,22,22,♥,finished,2026-05-17T19:27:57.122096+00:00
7241,INPROC_B8DC56,1,10,team2,Team 2 (E/W),49,71,21,♥,finished,2026-05-17T19:27:57.139842+00:00
7242,INPROC_157071,1,10,team1,Team 1 (N/S),77,43,12,♦,finished,2026-05-17T19:27:57.161805+00:00
7243,INPROC_01D262,1,10,team1,Team 1 (N/S),78,42,39,♠,finished,2026-05-17T19:27:57.175292+00:00
7244,INPROC_1AC255,1,10,team2,Team 2 (E/W),33,87,38,♠,finished,2026-05-17T19:27:57.190628+00:00
7245,INPROC_DD66FB,1,10,team1,Team 1 (N/S),70,50,27,♥,finished,2026-05-17T19:27:57.204741+00:00
7246,INPROC_8BB733,1,10,team1,Team 1 (N/S),79,41,5,♣,finished,2026-05-17T19:27:57.221266+00:00
7247,INPROC_492AA8,1,10,team1,Team 1 (N/S),74,46,23,♥,finished,2026-05-17T19:27:57.235210+00:00
7248,INPROC_5C7787,1,10,team2,Team 2 (E/W),59,61,33,♠,finished,2026-05-17T19:27:57.250653+00:00
7249,INPROC_401107,1,10,team2,Team 2 (E/W),49,71,1,♣,finished,2026-05-17T19:27:57.265677+00:00
7250,INPROC_A256F8,1,10,team1,Team 1 (N/S),81,39,26,♥,finished,2026-05-17T19:27:57.282591+00:00
7251,INPROC_C4F45E,1,10,team2,Team 2 (E/W),45,75,25,♥,finished,2026-05-17T19:27:57.300107+00:00
7252,INPROC_EF7475,1,10,team2,Team 2 (E/W),48,72,22,♥,finished,2026-05-17T19:27:57.319364+00:00
7253,INPROC_706C02,1,10,team1,Team 1 (N/S),79,41,27,♥,finished,2026-05-17T19:27:57.337107+00:00
7254,INPROC_166EE7,1,10,team1,Team 1 (N/S),68,52,34,♠,finished,2026-05-17T19:27:57.355014+00:00
7255,INPROC_C889CC,1,10,team1,Team 1 (N/S),104,16,27,♥,finished,2026-05-17T19:27:57.376193+00:00
7256,INPROC_323BCE,1,10,team2,Team 2 (E/W),41,79,11,♦,finished,2026-05-17T19:27:57.394576+00:00
7257,INPROC_18EBF0,1,10,team2,Team 2 (E/W),25,95,2,♣,finished,2026-05-17T19:27:57.412218+00:00
7258,INPROC_1FC9BD,1,10,team1,Team 1 (N/S),80,40,23,♥,finished,2026-05-17T19:27:57.429173+00:00
7259,INPROC_0EEF9B,1,10,team2,Team 2 (E/W),53,67,0,♣,finished,2026-05-17T19:27:57.446395+00:00
7260,INPROC_3840ED,1,10,team1,Team 1 (N/S),75,45,5,♣,finished,2026-05-17T19:27:57.459142+00:00
7261,INPROC_DE5E03,1,10,team2,Team 2 (E/W),35,85,20,♥,finished,2026-05-17T19:27:57.470471+00:00
7262,INPROC_6D9991,1,10,team1,Team 1 (N/S),84,36,3,♣,finished,2026-05-17T19:27:57.481621+00:00
7263,INPROC_D45401,1,10,team2,Team 2 (E/W),45,75,34,♠,finished,2026-05-17T19:27:57.499539+00:00
7264,INPROC_434A68,1,10,team1,Team 1 (N/S),115,5,3,♣,finished,2026-05-17T19:27:57.515124+00:00
7265,INPROC_6B271F,1,10,team2,Team 2 (E/W),41,79,3,♣,finished,2026-05-17T19:27:57.531037+00:00
7266,INPROC_AFFECC,1,10,team2,Team 2 (E/W),59,61,11,♦,finished,2026-05-17T19:27:57.547186+00:00
7267,INPROC_D45AB3,1,10,team1,Team 1 (N/S),80,40,24,♥,finished,2026-05-17T19:27:57.563639+00:00
7268,INPROC_D37146,1,10,team1,Team 1 (N/S),63,57,34,♠,finished,2026-05-17T19:27:57.580940+00:00
7269,INPROC_FD950F,1,10,team1,Team 1 (N/S),66,54,32,♠,finished,2026-05-17T19:27:57.599120+00:00
7270,INPROC_ABB051,1,10,team1,Team 1 (N/S),120,0,5,♣,finished,2026-05-17T19:27:57.615980+00:00
7271,INPROC_8BECF0,1,10,team2,Team 2 (E/W),45,75,2,♣,finished,2026-05-17T19:27:57.632243+00:00
7272,INPROC_111E9A,1,10,team1,Team 1 (N/S),66,54,26,♥,finished,2026-05-17T19:27:57.647418+00:00
7273,INPROC_3CD847,1,10,team1,Team 1 (N/S),66,54,31,♠,finished,2026-05-17T19:27:57.663630+00:00
7274,INPROC_ED58F5,1,10,team2,Team 2 (E/W),20,100,7,♣,finished,2026-05-17T19:27:57.681972+00:00
7275,INPROC_E26F61,1,10,team1,Team 1 (N/S),93,27,22,♥,finished,2026-05-17T19:27:57.701779+00:00
7276,INPROC_7B1CA0,1,10,team1,Team 1 (N/S),67,53,31,♠,finished,2026-05-17T19:27:57.722106+00:00
7277,INPROC_5F79CF,1,10,team1,Team 1 (N/S),114,6,27,♥,finished,2026-05-17T19:27:57.743086+00:00
7278,INPROC_B8FF0D,1,10,team2,Team 2 (E/W),9,111,11,♦,finished,2026-05-17T19:27:57.755832+00:00
7279,INPROC_2668A9,1,10,team1,Team 1 (N/S),75,45,33,♠,finished,2026-05-17T19:27:57.773048+00:00
7280,INPROC_3ADA42,1,10,team2,Team 2 (E/W),40,80,3,♣,finished,2026-05-17T19:27:57.791243+00:00
7281,INPROC_486D6A,1,10,team2,Team 2 (E/W),41,79,23,♥,finished,2026-05-17T19:27:57.810328+00:00
7282,INPROC_E94600,1,10,team1,Team 1 (N/S),72,48,37,♠,finished,2026-05-17T19:27:57.828757+00:00
7283,INPROC_F6220B,1,10,team1,Team 1 (N/S),63,57,34,♠,finished,2026-05-17T19:27:57.848814+00:00
7284,INPROC_A0754A,1,10,team1,Team 1 (N/S),75,45,3,♣,finished,2026-05-17T19:27:57.867462+00:00
7285,INPROC_12BA63,1,10,team1,Team 1 (N/S),104,16,26,♥,finished,2026-05-17T19:27:57.885389+00:00
7286,INPROC_79E631,1,10,team1,Team 1 (N/S),101,19,31,♠,finished,2026-05-17T19:27:57.900479+00:00
7287,INPROC_0040EF,1,10,team1,Team 1 (N/S),97,23,21,♥,finished,2026-05-17T19:27:57.919612+00:00
7288,INPROC_98AF96,1,10,team2,Team 2 (E/W),41,79,13,♦,finished,2026-05-17T19:27:57.938266+00:00
7289,INPROC_50BA6D,1,10,team2,Team 2 (E/W),5,115,17,♦,finished,2026-05-17T19:27:57.958590+00:00
7290,INPROC_B3791F,1,10,team2,Team 2 (E/W),16,104,30,♠,finished,2026-05-17T19:27:57.977093+00:00
7291,INPROC_C227E2,1,10,team2,Team 2 (E/W),47,73,10,♦,finished,2026-05-17T19:27:57.993276+00:00
7292,INPROC_F0C606,1,10,team1,Team 1 (N/S),94,26,7,♣,finished,2026-05-17T19:27:58.005991+00:00
7293,INPROC_212737,1,10,team1,Team 1 (N/S),90,30,34,♠,finished,2026-05-17T19:27:58.017396+00:00
7294,INPROC_5A7AC0,1,10,team2,Team 2 (E/W),52,68,34,♠,finished,2026-05-17T19:27:58.030026+00:00
7295,INPROC_FC67B6,1,10,team2,Team 2 (E/W),27,93,14,♦,finished,2026-05-17T19:27:58.048607+00:00
7296,INPROC_6B3D0A,1,10,team1,Team 1 (N/S),61,59,20,♥,finished,2026-05-17T19:27:58.067946+00:00
7297,INPROC_71636A,1,10,team1,Team 1 (N/S),92,28,2,♣,finished,2026-05-17T19:27:58.085168+00:00
7298,INPROC_B54256,1,10,team2,Team 2 (E/W),35,85,18,♦,finished,2026-05-17T19:27:58.101452+00:00
7299,INPROC_627DDA,1,10,team2,Team 2 (E/W),38,82,1,♣,finished,2026-05-17T19:27:58.117809+00:00
7300,INPROC_1DA76E,1,10,team2,Team 2 (E/W),30,90,10,♦,finished,2026-05-17T19:27:58.134550+00:00
7301,INPROC_50C35E,1,10,team2,Team 2 (E/W),18,102,11,♦,finished,2026-05-17T19:27:58.150200+00:00
7302,INPROC_82A427,1,10,team2,Team 2 (E/W),54,66,23,♥,finished,2026-05-17T19:27:58.166158+00:00
7303,INPROC_B18FA3,1,10,team2,Team 2 (E/W),40,80,29,♥,finished,2026-05-17T19:27:58.183380+00:00
7304,INPROC_569336,1,10,team2,Team 2 (E/W),17,103,8,♣,finished,2026-05-17T19:27:58.201461+00:00
7305,INPROC_3A3760,1,10,team1,Team 1 (N/S),74,46,1,♣,finished,2026-05-17T19:27:58.213971+00:00
7306,INPROC_068231,1,10,team2,Team 2 (E/W),42,78,25,♥,finished,2026-05-17T19:27:58.232454+00:00
7307,INPROC_C4FB47,1,10,team2,Team 2 (E/W),56,64,14,♦,finished,2026-05-17T19:27:58.251572+00:00
7308,INPROC_CA316B,1,10,team2,Team 2 (E/W),24,96,24,♥,finished,2026-05-17T19:27:58.269120+00:00
7309,INPROC_A8D502,1,10,team1,Team 1 (N/S),90,30,25,♥,finished,2026-05-17T19:27:58.281049+00:00
7310,INPROC_D69D8C,1,10,team2,Team 2 (E/W),36,84,36,♠,finished,2026-05-17T19:27:58.293718+00:00
7311,INPROC_35DCF2,1,10,team2,Team 2 (E/W),11,109,20,♥,finished,2026-05-17T19:27:58.312342+00:00
7312,INPROC_F95477,1,10,team1,Team 1 (N/S),76,44,32,♠,finished,2026-05-17T19:27:58.330855+00:00
7313,INPROC_157277,1,10,team1,Team 1 (N/S),101,19,17,♦,finished,2026-05-17T19:27:58.349164+00:00
7314,INPROC_DAFFB1,1,10,team1,Team 1 (N/S),79,41,20,♥,finished,2026-05-17T19:27:58.368497+00:00
7315,INPROC_2EEE59,1,10,team2,Team 2 (E/W),58,62,15,♦,finished,2026-05-17T19:27:58.385522+00:00
7316,INPROC_C68730,1,10,team1,Team 1 (N/S),67,53,6,♣,finished,2026-05-17T19:27:58.404581+00:00
7317,INPROC_BCF005,1,10,team2,Team 2 (E/W),46,74,32,♠,finished,2026-05-17T19:27:58.422721+00:00
7318,INPROC_532A2D,1,10,team2,Team 2 (E/W),55,65,8,♣,finished,2026-05-17T19:27:58.438842+00:00
7319,INPROC_914366,1,10,team1,Team 1 (N/S),69,51,4,♣,finished,2026-05-17T19:27:58.458076+00:00
7320,INPROC_AAD2F8,1,10,team1,Team 1 (N/S),85,35,8,♣,finished,2026-05-17T19:27:58.477487+00:00
7321,INPROC_DB92E1,1,10,team2,Team 2 (E/W),38,82,13,♦,finished,2026-05-17T19:27:58.493635+00:00
7322,INPROC_6005E7,1,10,team2,Team 2 (E/W),52,68,2,♣,finished,2026-05-17T19:27:58.511093+00:00
7323,INPROC_68417C,1,10,team1,Team 1 (N/S),83,37,16,♦,finished,2026-05-17T19:27:58.528978+00:00
7324,INPROC_63694A,1,10,team1,Team 1 (N/S),85,35,5,♣,finished,2026-05-17T19:27:58.543330+00:00
7325,INPROC_9FD35B,1,10,team2,Team 2 (E/W),50,70,1,♣,finished,2026-05-17T19:27:58.558926+00:00
7326,INPROC_FEDC79,1,10,team2,Team 2 (E/W),51,69,32,♠,finished,2026-05-17T19:27:58.575805+00:00
7327,INPROC_182150,1,10,team1,Team 1 (N/S),96,24,37,♠,finished,2026-05-17T19:27:58.592815+00:00
7328,INPROC_DEA81B,1,10,team1,Team 1 (N/S),61,59,11,♦,finished,2026-05-17T19:27:58.614259+00:00
7329,INPROC_775652,1,10,team2,Team 2 (E/W),49,71,21,♥,finished,2026-05-17T19:27:58.630809+00:00
7330,INPROC_06E107,1,10,team1,Team 1 (N/S),71,49,23,♥,finished,2026-05-17T19:27:58.649482+00:00
7331,INPROC_E4B275,1,10,team1,Team 1 (N/S),91,29,1,♣,finished,2026-05-17T19:27:58.666104+00:00
7332,INPROC_468CE4,1,10,team1,Team 1 (N/S),68,52,15,♦,finished,2026-05-17T19:27:58.683010+00:00
7333,INPROC_5F3712,1,10,team2,Team 2 (E/W),21,99,19,♦,finished,2026-05-17T19:27:58.700785+00:00
7334,INPROC_C96C99,1,10,team2,Team 2 (E/W),38,82,31,♠,finished,2026-05-17T19:27:58.719017+00:00
7335,INPROC_90B573,1,10,team2,Team 2 (E/W),37,83,1,♣,finished,2026-05-17T19:27:58.740882+00:00
7336,INPROC_C791B3,1,10,team1,Team 1 (N/S),86,34,39,♠,finished,2026-05-17T19:27:58.759441+00:00
7337,INPROC_8ADEA0,1,10,team1,Team 1 (N/S),69,51,17,♦,finished,2026-05-17T19:27:58.776669+00:00
7338,INPROC_E1F4BD,1,10,team2,Team 2 (E/W),9,111,17,♦,finished,2026-05-17T19:27:58.793735+00:00
7339,INPROC_FFB196,1,10,team1,Team 1 (N/S),77,43,15,♦,finished,2026-05-17T19:27:58.806880+00:00
7340,INPROC_87707F,1,10,team2,Team 2 (E/W),45,75,28,♥,finished,2026-05-17T19:27:58.819850+00:00
7341,INPROC_31E778,1,10,team2,Team 2 (E/W),36,84,30,♠,finished,2026-05-17T19:27:58.835494+00:00
7342,INPROC_EC360D,1,10,team2,Team 2 (E/W),34,86,0,♣,finished,2026-05-17T19:27:58.853858+00:00
7343,INPROC_68D67D,1,10,team2,Team 2 (E/W),48,72,8,♣,finished,2026-05-17T19:27:58.871102+00:00
7344,INPROC_46F40C,1,10,team2,Team 2 (E/W),44,76,12,♦,finished,2026-05-17T19:27:58.887368+00:00
7345,INPROC_699025,1,10,team2,Team 2 (E/W),17,103,37,♠,finished,2026-05-17T19:27:58.902890+00:00
7346,INPROC_A1C5E5,1,10,team2,Team 2 (E/W),55,65,16,♦,finished,2026-05-17T19:27:58.920151+00:00
7347,INPROC_108209,1,10,team1,Team 1 (N/S),91,29,7,♣,finished,2026-05-17T19:27:58.936734+00:00
7348,INPROC_462892,1,10,draw,draw,60,60,24,♥,finished,2026-05-17T19:27:58.952729+00:00
7349,INPROC_87842A,1,10,team2,Team 2 (E/W),52,68,2,♣,finished,2026-05-17T19:27:58.970036+00:00
7350,INPROC_2E7203,1,10,team2,Team 2 (E/W),32,88,7,♣,finished,2026-05-17T19:27:58.986422+00:00
7351,INPROC_8AB8F7,1,10,team1,Team 1 (N/S),73,47,4,♣,finished,2026-05-17T19:27:59.002741+00:00
7352,INPROC_4E63BE,1,10,team2,Team 2 (E/W),28,92,32,♠,finished,2026-05-17T19:27:59.016850+00:00
7353,INPROC_0949A7,1,10,team1,Team 1 (N/S),76,44,38,♠,finished,2026-05-17T19:27:59.032428+00:00
7354,INPROC_94E555,1,10,team1,Team 1 (N/S),73,47,24,♥,finished,2026-05-17T19:27:59.050784+00:00
7355,INPROC_F61C7A,1,10,team1,Team 1 (N/S),72,48,16,♦,finished,2026-05-17T19:27:59.067138+00:00
7356,INPROC_E41D82,1,10,team2,Team 2 (E/W),9,111,13,♦,finished,2026-05-17T19:27:59.078808+00:00
7357,INPROC_9E0876,1,10,team2,Team 2 (E/W),56,64,19,♦,finished,2026-05-17T19:27:59.090832+00:00
7358,INPROC_A8FB8A,1,10,team1,Team 1 (N/S),63,57,5,♣,finished,2026-05-17T19:27:59.106419+00:00
7359,INPROC_48EF11,1,10,team1,Team 1 (N/S),78,42,12,♦,finished,2026-05-17T19:27:59.125980+00:00
7360,INPROC_1E0AAB,1,10,team2,Team 2 (E/W),58,62,6,♣,finished,2026-05-17T19:27:59.143862+00:00
7361,INPROC_FDAE12,1,10,team2,Team 2 (E/W),51,69,32,♠,finished,2026-05-17T19:27:59.154883+00:00
7362,INPROC_AD1B36,1,10,team1,Team 1 (N/S),86,34,39,♠,finished,2026-05-17T19:27:59.172123+00:00
7363,INPROC_9DFF98,1,10,team2,Team 2 (E/W),21,99,39,♠,finished,2026-05-17T19:27:59.188993+00:00
7364,INPROC_672463,1,10,team1,Team 1 (N/S),78,42,16,♦,finished,2026-05-17T19:27:59.205623+00:00
7365,INPROC_043631,1,10,team2,Team 2 (E/W),34,86,30,♠,finished,2026-05-17T19:27:59.220104+00:00
7366,INPROC_AAEF6B,1,10,team2,Team 2 (E/W),32,88,13,♦,finished,2026-05-17T19:27:59.238565+00:00
7367,INPROC_52D3F3,1,10,team2,Team 2 (E/W),48,72,29,♥,finished,2026-05-17T19:27:59.255737+00:00
7368,INPROC_98F7E2,1,10,team2,Team 2 (E/W),40,80,2,♣,finished,2026-05-17T19:27:59.273534+00:00
7369,INPROC_E8371B,1,10,team1,Team 1 (N/S),88,32,37,♠,finished,2026-05-17T19:27:59.290680+00:00
7370,INPROC_E057CB,1,10,team2,Team 2 (E/W),41,79,32,♠,finished,2026-05-17T19:27:59.308029+00:00
7371,INPROC_8B4963,1,10,team1,Team 1 (N/S),80,40,21,♥,finished,2026-05-17T19:27:59.325210+00:00
7372,INPROC_300B11,1,10,team1,Team 1 (N/S),62,58,14,♦,finished,2026-05-17T19:27:59.338741+00:00
7373,INPROC_DC3575,1,10,team2,Team 2 (E/W),51,69,9,♣,finished,2026-05-17T19:27:59.352067+00:00
7374,INPROC_E46893,1,10,team1,Team 1 (N/S),89,31,32,♠,finished,2026-05-17T19:27:59.368035+00:00
7375,INPROC_21EAE7,1,10,team1,Team 1 (N/S),63,57,16,♦,finished,2026-05-17T19:27:59.382428+00:00
7376,INPROC_1F6251,1,10,team2,Team 2 (E/W),56,64,1,♣,finished,2026-05-17T19:27:59.401442+00:00
7377,INPROC_ABDBF4,1,10,team1,Team 1 (N/S),90,30,20,♥,finished,2026-05-17T19:27:59.419945+00:00
7378,INPROC_EDCE4B,1,10,team1,Team 1 (N/S),69,51,13,♦,finished,2026-05-17T19:27:59.439090+00:00
7379,INPROC_59C848,1,10,team1,Team 1 (N/S),72,48,13,♦,finished,2026-05-17T19:27:59.456591+00:00
7380,INPROC_8E7B37,1,10,team2,Team 2 (E/W),33,87,10,♦,finished,2026-05-17T19:27:59.473823+00:00
7381,INPROC_B2390E,1,10,team2,Team 2 (E/W),59,61,3,♣,finished,2026-05-17T19:27:59.490243+00:00
7382,INPROC_F82313,1,10,team1,Team 1 (N/S),63,57,4,♣,finished,2026-05-17T19:27:59.506898+00:00
7383,INPROC_F5E96C,1,10,team1,Team 1 (N/S),74,46,23,♥,finished,2026-05-17T19:27:59.525320+00:00
7384,INPROC_C288C4,1,10,team2,Team 2 (E/W),37,83,35,♠,finished,2026-05-17T19:27:59.541695+00:00
7385,INPROC_325DD4,1,10,team2,Team 2 (E/W),13,107,2,♣,finished,2026-05-17T19:27:59.560085+00:00
7386,INPROC_40F3DD,1,10,team1,Team 1 (N/S),61,59,32,♠,finished,2026-05-17T19:27:59.577232+00:00
7387,INPROC_45C307,1,10,team1,Team 1 (N/S),82,38,22,♥,finished,2026-05-17T19:27:59.595475+00:00
7388,INPROC_9E867B,1,10,team2,Team 2 (E/W),37,83,32,♠,finished,2026-05-17T19:27:59.609558+00:00
7389,INPROC_A8672C,1,10,team1,Team 1 (N/S),79,41,26,♥,finished,2026-05-17T19:27:59.620204+00:00
7390,INPROC_73AAEE,1,10,team2,Team 2 (E/W),26,94,30,♠,finished,2026-05-17T19:27:59.631680+00:00
7391,INPROC_FE5C21,1,10,team2,Team 2 (E/W),49,71,39,♠,finished,2026-05-17T19:27:59.644762+00:00
7392,INPROC_479F57,1,10,team1,Team 1 (N/S),79,41,2,♣,finished,2026-05-17T19:27:59.657877+00:00
7393,INPROC_7FFB59,1,10,team1,Team 1 (N/S),97,23,2,♣,finished,2026-05-17T19:27:59.673811+00:00
7394,INPROC_14DA0A,1,10,team2,Team 2 (E/W),41,79,8,♣,finished,2026-05-17T19:27:59.689331+00:00
7395,INPROC_759524,1,10,team2,Team 2 (E/W),57,63,6,♣,finished,2026-05-17T19:27:59.710033+00:00
7396,INPROC_C4D859,1,10,team2,Team 2 (E/W),23,97,23,♥,finished,2026-05-17T19:27:59.727840+00:00
7397,INPROC_789A43,1,10,team2,Team 2 (E/W),44,76,3,♣,finished,2026-05-17T19:27:59.744581+00:00
7398,INPROC_F22731,1,10,team2,Team 2 (E/W),24,96,11,♦,finished,2026-05-17T19:27:59.760646+00:00
7399,INPROC_4D0F92,1,10,team2,Team 2 (E/W),49,71,12,♦,finished,2026-05-17T19:27:59.780187+00:00
7400,INPROC_9A8EAD,1,10,team1,Team 1 (N/S),65,55,0,♣,finished,2026-05-17T19:27:59.796391+00:00
7401,INPROC_A6B19C,1,10,team2,Team 2 (E/W),50,70,26,♥,finished,2026-05-17T19:27:59.812813+00:00
7402,INPROC_A2E189,1,10,team1,Team 1 (N/S),76,44,9,♣,finished,2026-05-17T19:27:59.831056+00:00
7403,INPROC_D0740E,1,10,team1,Team 1 (N/S),69,51,28,♥,finished,2026-05-17T19:27:59.842374+00:00
7404,INPROC_9FED65,1,10,team1,Team 1 (N/S),64,56,7,♣,finished,2026-05-17T19:27:59.859620+00:00
7405,INPROC_667477,1,10,team2,Team 2 (E/W),49,71,12,♦,finished,2026-05-17T19:27:59.876185+00:00
7406,INPROC_402975,1,10,team2,Team 2 (E/W),29,91,26,♥,finished,2026-05-17T19:27:59.889067+00:00
7407,INPROC_10F375,1,10,team2,Team 2 (E/W),38,82,24,♥,finished,2026-05-17T19:27:59.902116+00:00
7408,INPROC_621B9C,1,10,team2,Team 2 (E/W),34,86,1,♣,finished,2026-05-17T19:27:59.918310+00:00
7409,INPROC_554B21,1,10,team1,Team 1 (N/S),77,43,27,♥,finished,2026-05-17T19:27:59.937723+00:00
7410,INPROC_ED325E,1,10,team1,Team 1 (N/S),106,14,8,♣,finished,2026-05-17T19:27:59.955245+00:00
7411,INPROC_31E099,1,10,team1,Team 1 (N/S),81,39,5,♣,finished,2026-05-17T19:27:59.973748+00:00
7412,INPROC_E7FF0F,1,10,team2,Team 2 (E/W),7,113,4,♣,finished,2026-05-17T19:27:59.991067+00:00
7413,INPROC_43B7B9,1,10,team2,Team 2 (E/W),58,62,16,♦,finished,2026-05-17T19:28:00.007076+00:00
7414,INPROC_41385F,1,10,team1,Team 1 (N/S),62,58,28,♥,finished,2026-05-17T19:28:00.023352+00:00
7415,INPROC_BBD5BD,1,10,team2,Team 2 (E/W),44,76,38,♠,finished,2026-05-17T19:28:00.039093+00:00
7416,INPROC_17D77F,1,10,team2,Team 2 (E/W),37,83,29,♥,finished,2026-05-17T19:28:00.054025+00:00
7417,INPROC_E0E37C,1,10,team1,Team 1 (N/S),87,33,20,♥,finished,2026-05-17T19:28:00.071165+00:00
7418,INPROC_685C16,1,10,team1,Team 1 (N/S),70,50,4,♣,finished,2026-05-17T19:28:00.086884+00:00
7419,INPROC_041CD2,1,10,team1,Team 1 (N/S),75,45,31,♠,finished,2026-05-17T19:28:00.104106+00:00
7420,INPROC_7D15A9,1,10,team2,Team 2 (E/W),58,62,31,♠,finished,2026-05-17T19:28:00.124405+00:00
7421,INPROC_943071,1,10,team1,Team 1 (N/S),77,43,38,♠,finished,2026-05-17T19:28:00.147049+00:00
7422,INPROC_EF1F1F,1,10,team1,Team 1 (N/S),70,50,17,♦,finished,2026-05-17T19:28:00.158408+00:00
7423,INPROC_7D888E,1,10,team2,Team 2 (E/W),25,95,6,♣,finished,2026-05-17T19:28:00.170527+00:00
7424,INPROC_EF69E7,1,10,team2,Team 2 (E/W),41,79,17,♦,finished,2026-05-17T19:28:00.184618+00:00
7425,INPROC_E2F56C,1,10,team1,Team 1 (N/S),95,25,1,♣,finished,2026-05-17T19:28:00.201439+00:00
7426,INPROC_4AE57F,1,10,team1,Team 1 (N/S),75,45,2,♣,finished,2026-05-17T19:28:00.215708+00:00
7427,INPROC_F09FCD,1,10,team2,Team 2 (E/W),54,66,38,♠,finished,2026-05-17T19:28:00.231436+00:00
7428,INPROC_FD3800,1,10,team1,Team 1 (N/S),64,56,27,♥,finished,2026-05-17T19:28:00.250150+00:00
7429,INPROC_00A5A3,1,10,team1,Team 1 (N/S),82,38,31,♠,finished,2026-05-17T19:28:00.268127+00:00
7430,INPROC_A16FDA,1,10,team2,Team 2 (E/W),39,81,26,♥,finished,2026-05-17T19:28:00.282060+00:00
7431,INPROC_9A6F57,1,10,draw,draw,60,60,23,♥,finished,2026-05-17T19:28:00.301490+00:00
7432,INPROC_F807EF,1,10,team2,Team 2 (E/W),51,69,39,♠,finished,2026-05-17T19:28:00.318298+00:00
7433,INPROC_A77131,1,10,team2,Team 2 (E/W),9,111,35,♠,finished,2026-05-17T19:28:00.337789+00:00
7434,INPROC_5E47A4,1,10,team2,Team 2 (E/W),27,93,23,♥,finished,2026-05-17T19:28:00.355666+00:00
7435,INPROC_84DB2C,1,10,team2,Team 2 (E/W),56,64,1,♣,finished,2026-05-17T19:28:00.374269+00:00
7436,INPROC_451681,1,10,team1,Team 1 (N/S),63,57,23,♥,finished,2026-05-17T19:28:00.392554+00:00
7437,INPROC_9904BC,1,10,team1,Team 1 (N/S),65,55,37,♠,finished,2026-05-17T19:28:00.408132+00:00
7438,INPROC_26ADB2,1,10,team2,Team 2 (E/W),55,65,12,♦,finished,2026-05-17T19:28:00.424337+00:00
7439,INPROC_12E7D5,1,10,team2,Team 2 (E/W),17,103,12,♦,finished,2026-05-17T19:28:00.441269+00:00
7440,INPROC_B31937,1,10,team2,Team 2 (E/W),20,100,22,♥,finished,2026-05-17T19:28:00.457726+00:00
7441,INPROC_91ADA9,1,10,team2,Team 2 (E/W),45,75,2,♣,finished,2026-05-17T19:28:00.476987+00:00
7442,INPROC_3FA3AA,1,10,team2,Team 2 (E/W),45,75,36,♠,finished,2026-05-17T19:28:00.499501+00:00
7443,INPROC_6079B1,1,10,team2,Team 2 (E/W),50,70,27,♥,finished,2026-05-17T19:28:00.519330+00:00
7444,INPROC_4F0158,1,10,team2,Team 2 (E/W),59,61,39,♠,finished,2026-05-17T19:28:00.538281+00:00
7445,INPROC_3BE64C,1,10,team2,Team 2 (E/W),33,87,36,♠,finished,2026-05-17T19:28:00.554838+00:00
7446,INPROC_0FBF1C,1,10,team1,Team 1 (N/S),103,17,10,♦,finished,2026-05-17T19:28:00.571629+00:00
7447,INPROC_520F8C,1,10,team2,Team 2 (E/W),53,67,31,♠,finished,2026-05-17T19:28:00.593538+00:00
7448,INPROC_A2596A,1,10,team2,Team 2 (E/W),48,72,29,♥,finished,2026-05-17T19:28:00.612954+00:00
7449,INPROC_F3A415,1,10,team1,Team 1 (N/S),73,47,33,♠,finished,2026-05-17T19:28:00.631300+00:00
7450,INPROC_42A821,1,10,team2,Team 2 (E/W),46,74,7,♣,finished,2026-05-17T19:28:00.650524+00:00
7451,INPROC_0E9F02,1,10,team2,Team 2 (E/W),43,77,33,♠,finished,2026-05-17T19:28:00.671590+00:00
7452,INPROC_625FF1,1,10,team2,Team 2 (E/W),31,89,5,♣,finished,2026-05-17T19:28:00.688728+00:00
7453,INPROC_CE4791,1,10,team2,Team 2 (E/W),39,81,14,♦,finished,2026-05-17T19:28:00.702957+00:00
7454,INPROC_DE377E,1,10,team2,Team 2 (E/W),42,78,9,♣,finished,2026-05-17T19:28:00.721939+00:00
7455,INPROC_D243AB,1,10,team2,Team 2 (E/W),36,84,2,♣,finished,2026-05-17T19:28:00.740199+00:00
7456,INPROC_2720C0,1,10,team1,Team 1 (N/S),69,51,35,♠,finished,2026-05-17T19:28:00.761373+00:00
7457,INPROC_4B3BBE,1,10,team1,Team 1 (N/S),88,32,16,♦,finished,2026-05-17T19:28:00.783112+00:00
7458,INPROC_1E1C5E,1,10,team1,Team 1 (N/S),65,55,10,♦,finished,2026-05-17T19:28:00.804264+00:00
7459,INPROC_A1DD0A,1,10,team1,Team 1 (N/S),97,23,33,♠,finished,2026-05-17T19:28:00.822747+00:00
7460,INPROC_D1B72C,1,10,team1,Team 1 (N/S),69,51,18,♦,finished,2026-05-17T19:28:00.840725+00:00
7461,INPROC_424592,1,10,team2,Team 2 (E/W),58,62,39,♠,finished,2026-05-17T19:28:00.859767+00:00
7462,INPROC_2C04F9,1,10,team2,Team 2 (E/W),48,72,14,♦,finished,2026-05-17T19:28:00.879805+00:00
7463,INPROC_750C14,1,10,team1,Team 1 (N/S),69,51,5,♣,finished,2026-05-17T19:28:00.898557+00:00
7464,INPROC_1814E6,1,10,team2,Team 2 (E/W),35,85,39,♠,finished,2026-05-17T19:28:00.919532+00:00
7465,INPROC_B23BAD,1,10,team2,Team 2 (E/W),34,86,38,♠,finished,2026-05-17T19:28:00.938611+00:00
7466,INPROC_357B86,1,10,team2,Team 2 (E/W),28,92,39,♠,finished,2026-05-17T19:28:00.954437+00:00
7467,INPROC_73024B,1,10,team1,Team 1 (N/S),88,32,4,♣,finished,2026-05-17T19:28:00.966602+00:00
7468,INPROC_B88FCE,1,10,team1,Team 1 (N/S),63,57,31,♠,finished,2026-05-17T19:28:00.982096+00:00
7469,INPROC_0748A0,1,10,team2,Team 2 (E/W),52,68,20,♥,finished,2026-05-17T19:28:00.998024+00:00
7470,INPROC_06345E,1,10,team2,Team 2 (E/W),49,71,31,♠,finished,2026-05-17T19:28:01.017141+00:00
7471,INPROC_C9A11D,1,10,team1,Team 1 (N/S),64,56,35,♠,finished,2026-05-17T19:28:01.034652+00:00
7472,INPROC_DDD81F,1,10,team1,Team 1 (N/S),83,37,38,♠,finished,2026-05-17T19:28:01.051681+00:00
7473,INPROC_2701C3,1,10,team1,Team 1 (N/S),116,4,24,♥,finished,2026-05-17T19:28:01.070153+00:00
7474,INPROC_B4BFEF,1,10,team2,Team 2 (E/W),45,75,19,♦,finished,2026-05-17T19:28:01.088795+00:00
7475,INPROC_AF4C73,1,10,team1,Team 1 (N/S),73,47,31,♠,finished,2026-05-17T19:28:01.107635+00:00
7476,INPROC_2C9B63,1,10,team1,Team 1 (N/S),95,25,18,♦,finished,2026-05-17T19:28:01.126768+00:00
7477,INPROC_5BC923,1,10,team2,Team 2 (E/W),59,61,31,♠,finished,2026-05-17T19:28:01.144470+00:00
7478,INPROC_B4FA09,1,10,team2,Team 2 (E/W),19,101,3,♣,finished,2026-05-17T19:28:01.162203+00:00
7479,INPROC_7024AA,1,10,team2,Team 2 (E/W),30,90,5,♣,finished,2026-05-17T19:28:01.181079+00:00
7480,INPROC_5AF1F3,1,10,team1,Team 1 (N/S),61,59,33,♠,finished,2026-05-17T19:28:01.197188+00:00
7481,INPROC_C6875B,1,10,team2,Team 2 (E/W),41,79,24,♥,finished,2026-05-17T19:28:01.215913+00:00
7482,INPROC_BD08B9,1,10,team2,Team 2 (E/W),47,73,25,♥,finished,2026-05-17T19:28:01.229959+00:00
7483,INPROC_BB7FE5,1,10,team1,Team 1 (N/S),77,43,10,♦,finished,2026-05-17T19:28:01.243192+00:00
7484,INPROC_1D13F5,1,10,team2,Team 2 (E/W),40,80,26,♥,finished,2026-05-17T19:28:01.260568+00:00
7485,INPROC_A5C2D6,1,10,team1,Team 1 (N/S),63,57,1,♣,finished,2026-05-17T19:28:01.276238+00:00
7486,INPROC_87F1DE,1,10,team1,Team 1 (N/S),102,18,35,♠,finished,2026-05-17T19:28:01.293084+00:00
7487,INPROC_B6DB8F,1,10,team1,Team 1 (N/S),94,26,31,♠,finished,2026-05-17T19:28:01.312056+00:00
7488,INPROC_F42CCC,1,10,team2,Team 2 (E/W),32,88,19,♦,finished,2026-05-17T19:28:01.339606+00:00
7489,INPROC_0EC80A,1,10,team2,Team 2 (E/W),57,63,32,♠,finished,2026-05-17T19:28:01.358467+00:00
7490,INPROC_C801DA,1,10,team2,Team 2 (E/W),50,70,2,♣,finished,2026-05-17T19:28:01.380472+00:00
7491,INPROC_A3CB95,1,10,team1,Team 1 (N/S),83,37,13,♦,finished,2026-05-17T19:28:01.402240+00:00
7492,INPROC_3C6002,1,10,team2,Team 2 (E/W),57,63,36,♠,finished,2026-05-17T19:28:01.417863+00:00
7493,INPROC_7695CF,1,10,team2,Team 2 (E/W),39,81,3,♣,finished,2026-05-17T19:28:01.433564+00:00
7494,INPROC_65C8EB,1,10,team1,Team 1 (N/S),75,45,2,♣,finished,2026-05-17T19:28:01.449419+00:00
7495,INPROC_B7BD61,1,10,team1,Team 1 (N/S),109,11,11,♦,finished,2026-05-17T19:28:01.464701+00:00
7496,INPROC_AEBA5A,1,10,team1,Team 1 (N/S),62,58,15,♦,finished,2026-05-17T19:28:01.483095+00:00
7497,INPROC_731411,1,10,team2,Team 2 (E/W),48,72,10,♦,finished,2026-05-17T19:28:01.499074+00:00
7498,INPROC_C4E3DA,1,10,team2,Team 2 (E/W),40,80,21,♥,finished,2026-05-17T19:28:01.512104+00:00
7499,INPROC_8F2FFF,1,10,team2,Team 2 (E/W),20,100,17,♦,finished,2026-05-17T19:28:01.527802+00:00
7500,INPROC_BF40F1,1,10,team2,Team 2 (E/W),46,74,17,♦,finished,2026-05-17T19:28:01.545354+00:00
7501,INPROC_CB6FEB,1,10,team2,Team 2 (E/W),57,63,36,♠,finished,2026-05-17T19:28:01.558207+00:00
7502,INPROC_1407EF,1,10,team2,Team 2 (E/W),47,73,6,♣,finished,2026-05-17T19:28:01.576629+00:00
7503,INPROC_9EAECD,1,10,team1,Team 1 (N/S),83,37,18,♦,finished,2026-05-17T19:28:01.594881+00:00
7504,INPROC_619424,1,10,team2,Team 2 (E/W),50,70,20,♥,finished,2026-05-17T19:28:01.611118+00:00
7505,INPROC_BF77B5,1,10,team2,Team 2 (E/W),43,77,17,♦,finished,2026-05-17T19:28:01.626093+00:00
7506,INPROC_54CA2B,1,10,team2,Team 2 (E/W),30,90,39,♠,finished,2026-05-17T19:28:01.642617+00:00
7507,INPROC_5EA8B5,1,10,team2,Team 2 (E/W),53,67,3,♣,finished,2026-05-17T19:28:01.658561+00:00
7508,INPROC_66FA89,1,10,team1,Team 1 (N/S),74,46,13,♦,finished,2026-05-17T19:28:01.676761+00:00
7509,INPROC_7B8A58,1,10,team1,Team 1 (N/S),89,31,5,♣,finished,2026-05-17T19:28:01.697788+00:00
7510,INPROC_82C1C7,1,10,team2,Team 2 (E/W),36,84,15,♦,finished,2026-05-17T19:28:01.716571+00:00
7511,INPROC_5CA30E,1,10,team1,Team 1 (N/S),104,16,29,♥,finished,2026-05-17T19:28:01.736169+00:00
7512,INPROC_55D9B0,1,10,team2,Team 2 (E/W),43,77,4,♣,finished,2026-05-17T19:28:01.750066+00:00
7513,INPROC_5D0EFB,1,10,team2,Team 2 (E/W),28,92,18,♦,finished,2026-05-17T19:28:01.763366+00:00
7514,INPROC_7C52D9,1,10,team1,Team 1 (N/S),83,37,22,♥,finished,2026-05-17T19:28:01.781195+00:00
7515,INPROC_3B58BE,1,10,team2,Team 2 (E/W),50,70,3,♣,finished,2026-05-17T19:28:01.797557+00:00
7516,INPROC_D09DCC,1,10,team2,Team 2 (E/W),14,106,20,♥,finished,2026-05-17T19:28:01.816464+00:00
7517,INPROC_EEAF9B,1,10,team2,Team 2 (E/W),45,75,12,♦,finished,2026-05-17T19:28:01.833531+00:00
7518,INPROC_580FBF,1,10,team1,Team 1 (N/S),88,32,15,♦,finished,2026-05-17T19:28:01.850373+00:00
7519,INPROC_21DA3F,1,10,team1,Team 1 (N/S),72,48,4,♣,finished,2026-05-17T19:28:01.870154+00:00
7520,INPROC_6A2E08,1,10,team1,Team 1 (N/S),63,57,4,♣,finished,2026-05-17T19:28:01.887826+00:00
7521,INPROC_A17136,1,10,team1,Team 1 (N/S),71,49,36,♠,finished,2026-05-17T19:28:01.904565+00:00
7522,INPROC_23B715,1,10,team2,Team 2 (E/W),19,101,9,♣,finished,2026-05-17T19:28:01.923213+00:00
7523,INPROC_97ADB1,1,10,team1,Team 1 (N/S),75,45,11,♦,finished,2026-05-17T19:28:01.941848+00:00
7524,INPROC_42DC4C,1,10,team2,Team 2 (E/W),57,63,31,♠,finished,2026-05-17T19:28:01.961020+00:00
7525,INPROC_30832F,1,10,team2,Team 2 (E/W),7,113,29,♥,finished,2026-05-17T19:28:01.980930+00:00
7526,INPROC_08DA33,1,10,team2,Team 2 (E/W),6,114,36,♠,finished,2026-05-17T19:28:01.999366+00:00
7527,INPROC_A1DB1C,1,10,team1,Team 1 (N/S),79,41,1,♣,finished,2026-05-17T19:28:02.014812+00:00
7528,INPROC_7103BD,1,10,team1,Team 1 (N/S),94,26,22,♥,finished,2026-05-17T19:28:02.028775+00:00
7529,INPROC_6BAB23,1,10,team1,Team 1 (N/S),67,53,30,♠,finished,2026-05-17T19:28:02.041049+00:00
7530,INPROC_DC7654,1,10,team2,Team 2 (E/W),14,106,34,♠,finished,2026-05-17T19:28:02.059236+00:00
7531,INPROC_DE493D,1,10,team2,Team 2 (E/W),48,72,11,♦,finished,2026-05-17T19:28:02.073402+00:00
7532,INPROC_B062F8,1,10,team1,Team 1 (N/S),65,55,9,♣,finished,2026-05-17T19:28:02.088828+00:00
7533,INPROC_942810,1,10,team2,Team 2 (E/W),23,97,26,♥,finished,2026-05-17T19:28:02.099529+00:00
7534,INPROC_920D2D,1,10,team2,Team 2 (E/W),58,62,28,♥,finished,2026-05-17T19:28:02.115649+00:00
7535,INPROC_EF4726,1,10,team2,Team 2 (E/W),53,67,29,♥,finished,2026-05-17T19:28:02.132020+00:00
7536,INPROC_F3302A,1,10,team1,Team 1 (N/S),62,58,2,♣,finished,2026-05-17T19:28:02.148011+00:00
7537,INPROC_64FDD7,1,10,team2,Team 2 (E/W),34,86,18,♦,finished,2026-05-17T19:28:02.166750+00:00
7538,INPROC_933A25,1,10,team1,Team 1 (N/S),71,49,35,♠,finished,2026-05-17T19:28:02.185140+00:00
7539,INPROC_DCB538,1,10,team2,Team 2 (E/W),57,63,19,♦,finished,2026-05-17T19:28:02.204378+00:00
7540,INPROC_B1F890,1,10,team2,Team 2 (E/W),30,90,8,♣,finished,2026-05-17T19:28:02.222109+00:00
7541,INPROC_521C14,1,10,team2,Team 2 (E/W),46,74,14,♦,finished,2026-05-17T19:28:02.238240+00:00
7542,INPROC_5AB6B0,1,10,team2,Team 2 (E/W),43,77,3,♣,finished,2026-05-17T19:28:02.255161+00:00
7543,INPROC_7C7BF8,1,10,team1,Team 1 (N/S),97,23,5,♣,finished,2026-05-17T19:28:02.274297+00:00
7544,INPROC_590400,1,10,team2,Team 2 (E/W),58,62,32,♠,finished,2026-05-17T19:28:02.291809+00:00
7545,INPROC_F386A5,1,10,team2,Team 2 (E/W),19,101,15,♦,finished,2026-05-17T19:28:02.303117+00:00
7546,INPROC_6BBFA1,1,10,team1,Team 1 (N/S),76,44,2,♣,finished,2026-05-17T19:28:02.320708+00:00
7547,INPROC_B0DBDD,1,10,team1,Team 1 (N/S),61,59,9,♣,finished,2026-05-17T19:28:02.337473+00:00
7548,INPROC_2BB66E,1,10,team1,Team 1 (N/S),97,23,5,♣,finished,2026-05-17T19:28:02.349868+00:00
7549,INPROC_939E9C,1,10,team2,Team 2 (E/W),19,101,39,♠,finished,2026-05-17T19:28:02.367813+00:00
7550,INPROC_AC8CD3,1,10,team1,Team 1 (N/S),68,52,15,♦,finished,2026-05-17T19:28:02.385511+00:00
7551,INPROC_D7EADF,1,10,team1,Team 1 (N/S),80,40,29,♥,finished,2026-05-17T19:28:02.402703+00:00
7552,INPROC_1B60E5,1,10,team1,Team 1 (N/S),74,46,36,♠,finished,2026-05-17T19:28:02.415097+00:00
7553,INPROC_F8C637,1,10,team1,Team 1 (N/S),70,50,8,♣,finished,2026-05-17T19:28:02.431986+00:00
7554,INPROC_D328D6,1,10,team1,Team 1 (N/S),72,48,5,♣,finished,2026-05-17T19:28:02.448580+00:00
7555,INPROC_FE432F,1,10,team2,Team 2 (E/W),15,105,3,♣,finished,2026-05-17T19:28:02.465042+00:00
7556,INPROC_F9E617,1,10,team2,Team 2 (E/W),37,83,10,♦,finished,2026-05-17T19:28:02.484316+00:00
7557,INPROC_C748CC,1,10,team1,Team 1 (N/S),88,32,5,♣,finished,2026-05-17T19:28:02.503941+00:00
7558,INPROC_16E0E0,1,10,team1,Team 1 (N/S),81,39,34,♠,finished,2026-05-17T19:28:02.522231+00:00
7559,INPROC_06C5D1,1,10,team1,Team 1 (N/S),104,16,27,♥,finished,2026-05-17T19:28:02.540952+00:00
7560,INPROC_4A61C8,1,10,team1,Team 1 (N/S),67,53,16,♦,finished,2026-05-17T19:28:02.554546+00:00
7561,INPROC_8553C0,1,10,team2,Team 2 (E/W),39,81,29,♥,finished,2026-05-17T19:28:02.566758+00:00
7562,INPROC_BE22CF,1,10,team1,Team 1 (N/S),64,56,34,♠,finished,2026-05-17T19:28:02.577570+00:00
7563,INPROC_6D4913,1,10,team1,Team 1 (N/S),84,36,32,♠,finished,2026-05-17T19:28:02.593568+00:00
7564,INPROC_F5F66B,1,10,team2,Team 2 (E/W),59,61,28,♥,finished,2026-05-17T19:28:02.607871+00:00
7565,INPROC_982CF1,1,10,team1,Team 1 (N/S),72,48,30,♠,finished,2026-05-17T19:28:02.623947+00:00
7566,INPROC_6D00F4,1,10,team2,Team 2 (E/W),51,69,15,♦,finished,2026-05-17T19:28:02.642692+00:00
7567,INPROC_47A013,1,10,team2,Team 2 (E/W),10,110,14,♦,finished,2026-05-17T19:28:02.660580+00:00
7568,INPROC_16843C,1,10,team2,Team 2 (E/W),19,101,29,♥,finished,2026-05-17T19:28:02.678422+00:00
7569,INPROC_1D3941,1,10,team2,Team 2 (E/W),44,76,25,♥,finished,2026-05-17T19:28:02.696374+00:00
7570,INPROC_E1FC40,1,10,team2,Team 2 (E/W),22,98,23,♥,finished,2026-05-17T19:28:02.713017+00:00
7571,INPROC_869225,1,10,team1,Team 1 (N/S),68,52,18,♦,finished,2026-05-17T19:28:02.729545+00:00
7572,INPROC_5AD863,1,10,team2,Team 2 (E/W),46,74,28,♥,finished,2026-05-17T19:28:02.747212+00:00
7573,INPROC_765013,1,10,team2,Team 2 (E/W),46,74,28,♥,finished,2026-05-17T19:28:02.765278+00:00
7574,INPROC_6EEC71,1,10,team1,Team 1 (N/S),81,39,10,♦,finished,2026-05-17T19:28:02.781026+00:00
7575,INPROC_F51476,1,10,team1,Team 1 (N/S),62,58,19,♦,finished,2026-05-17T19:28:02.797699+00:00
7576,INPROC_6C9368,1,10,team1,Team 1 (N/S),93,27,31,♠,finished,2026-05-17T19:28:02.815783+00:00
7577,INPROC_F0BFE0,1,10,team1,Team 1 (N/S),73,47,1,♣,finished,2026-05-17T19:28:02.829640+00:00
7578,INPROC_C68F82,1,10,team1,Team 1 (N/S),78,42,31,♠,finished,2026-05-17T19:28:02.841898+00:00
7579,INPROC_D31158,1,10,team2,Team 2 (E/W),53,67,37,♠,finished,2026-05-17T19:28:02.860133+00:00
7580,INPROC_B7AF67,1,10,team1,Team 1 (N/S),96,24,35,♠,finished,2026-05-17T19:28:02.877491+00:00
7581,INPROC_2C72F2,1,10,team2,Team 2 (E/W),54,66,5,♣,finished,2026-05-17T19:28:02.895922+00:00
7582,INPROC_2F9BC9,1,10,team1,Team 1 (N/S),92,28,1,♣,finished,2026-05-17T19:28:02.913314+00:00
7583,INPROC_EFA05D,1,10,team2,Team 2 (E/W),58,62,3,♣,finished,2026-05-17T19:28:02.931322+00:00
7584,INPROC_723537,1,10,team2,Team 2 (E/W),46,74,39,♠,finished,2026-05-17T19:28:02.950108+00:00
7585,INPROC_7B0314,1,10,team2,Team 2 (E/W),56,64,35,♠,finished,2026-05-17T19:28:02.967985+00:00
7586,INPROC_65045F,1,10,team2,Team 2 (E/W),48,72,0,♣,finished,2026-05-17T19:28:02.984416+00:00
7587,INPROC_3197C1,1,10,team2,Team 2 (E/W),47,73,21,♥,finished,2026-05-17T19:28:03.003738+00:00
7588,INPROC_AD2F10,1,10,team1,Team 1 (N/S),67,53,11,♦,finished,2026-05-17T19:28:03.020845+00:00
7589,INPROC_97D397,1,10,team1,Team 1 (N/S),83,37,16,♦,finished,2026-05-17T19:28:03.037854+00:00
7590,INPROC_69A5FD,1,10,team1,Team 1 (N/S),72,48,12,♦,finished,2026-05-17T19:28:03.055548+00:00
7591,INPROC_CF51CE,1,10,team2,Team 2 (E/W),14,106,27,♥,finished,2026-05-17T19:28:03.073377+00:00
7592,INPROC_8969EE,1,10,team2,Team 2 (E/W),46,74,28,♥,finished,2026-05-17T19:28:03.086653+00:00
7593,INPROC_018E4A,1,10,team1,Team 1 (N/S),63,57,6,♣,finished,2026-05-17T19:28:03.097545+00:00
7594,INPROC_C8252C,1,10,team2,Team 2 (E/W),57,63,30,♠,finished,2026-05-17T19:28:03.112937+00:00
7595,INPROC_75CF9C,1,10,team1,Team 1 (N/S),75,45,11,♦,finished,2026-05-17T19:28:03.128280+00:00
7596,INPROC_A6AAF4,1,10,team2,Team 2 (E/W),31,89,3,♣,finished,2026-05-17T19:28:03.144224+00:00
7597,INPROC_132E8C,1,10,team1,Team 1 (N/S),76,44,0,♣,finished,2026-05-17T19:28:03.160466+00:00
7598,INPROC_8BAB7C,1,10,team2,Team 2 (E/W),36,84,17,♦,finished,2026-05-17T19:28:03.177929+00:00
7599,INPROC_E04ECA,1,10,team2,Team 2 (E/W),59,61,32,♠,finished,2026-05-17T19:28:03.193289+00:00
7600,INPROC_C37270,1,10,team1,Team 1 (N/S),84,36,26,♥,finished,2026-05-17T19:28:03.209824+00:00
7601,INPROC_194507,1,10,team2,Team 2 (E/W),41,79,9,♣,finished,2026-05-17T19:28:03.226633+00:00
7602,INPROC_A8E0C9,1,10,team2,Team 2 (E/W),44,76,33,♠,finished,2026-05-17T19:28:03.243960+00:00
7603,INPROC_731B24,1,10,team2,Team 2 (E/W),17,103,39,♠,finished,2026-05-17T19:28:03.259866+00:00
7604,INPROC_6E4206,1,10,team1,Team 1 (N/S),87,33,28,♥,finished,2026-05-17T19:28:03.276075+00:00
7605,INPROC_6541EA,1,10,team1,Team 1 (N/S),68,52,30,♠,finished,2026-05-17T19:28:03.294012+00:00
7606,INPROC_EAAE04,1,10,team1,Team 1 (N/S),87,33,0,♣,finished,2026-05-17T19:28:03.312078+00:00
7607,INPROC_B75D16,1,10,team2,Team 2 (E/W),24,96,36,♠,finished,2026-05-17T19:28:03.329909+00:00
7608,INPROC_0FB32C,1,10,team2,Team 2 (E/W),38,82,5,♣,finished,2026-05-17T19:28:03.350296+00:00
7609,INPROC_058286,1,10,team2,Team 2 (E/W),54,66,23,♥,finished,2026-05-17T19:28:03.362081+00:00
7610,INPROC_2D6715,1,10,team2,Team 2 (E/W),49,71,38,♠,finished,2026-05-17T19:28:03.375250+00:00
7611,INPROC_951BA2,1,10,team2,Team 2 (E/W),47,73,11,♦,finished,2026-05-17T19:28:03.390095+00:00
7612,INPROC_22F219,1,10,team2,Team 2 (E/W),20,100,34,♠,finished,2026-05-17T19:28:03.406718+00:00
7613,INPROC_57A074,1,10,team1,Team 1 (N/S),89,31,20,♥,finished,2026-05-17T19:28:03.424746+00:00
7614,INPROC_B2DF6B,1,10,team1,Team 1 (N/S),93,27,18,♦,finished,2026-05-17T19:28:03.440671+00:00
7615,INPROC_BD9AA9,1,10,team2,Team 2 (E/W),31,89,36,♠,finished,2026-05-17T19:28:03.454469+00:00
7616,INPROC_1E1EE5,1,10,team2,Team 2 (E/W),52,68,36,♠,finished,2026-05-17T19:28:03.467373+00:00
7617,INPROC_97B069,1,10,team2,Team 2 (E/W),49,71,29,♥,finished,2026-05-17T19:28:03.481768+00:00
7618,INPROC_3C13D0,1,10,team2,Team 2 (E/W),48,72,20,♥,finished,2026-05-17T19:28:03.498665+00:00
7619,INPROC_EDBDEA,1,10,team2,Team 2 (E/W),40,80,29,♥,finished,2026-05-17T19:28:03.517727+00:00
7620,INPROC_ADE575,1,10,team1,Team 1 (N/S),80,40,25,♥,finished,2026-05-17T19:28:03.537242+00:00
7621,INPROC_7F7A24,1,10,team2,Team 2 (E/W),50,70,38,♠,finished,2026-05-17T19:28:03.551451+00:00
7622,INPROC_55F7DC,1,10,team2,Team 2 (E/W),54,66,27,♥,finished,2026-05-17T19:28:03.566561+00:00
7623,INPROC_54A6F5,1,10,team1,Team 1 (N/S),83,37,35,♠,finished,2026-05-17T19:28:03.583524+00:00
7624,INPROC_7FD947,1,10,team1,Team 1 (N/S),81,39,23,♥,finished,2026-05-17T19:28:03.598914+00:00
7625,INPROC_60C559,1,10,team1,Team 1 (N/S),63,57,14,♦,finished,2026-05-17T19:28:03.613112+00:00
7626,INPROC_C32A3A,1,10,team2,Team 2 (E/W),52,68,7,♣,finished,2026-05-17T19:28:03.627058+00:00
7627,INPROC_2AB1B2,1,10,team1,Team 1 (N/S),76,44,33,♠,finished,2026-05-17T19:28:03.639870+00:00
7628,INPROC_05D0B8,1,10,team2,Team 2 (E/W),28,92,3,♣,finished,2026-05-17T19:28:03.654462+00:00
7629,INPROC_E98749,1,10,team1,Team 1 (N/S),69,51,17,♦,finished,2026-05-17T19:28:03.665763+00:00
7630,INPROC_78BA80,1,10,team1,Team 1 (N/S),118,2,31,♠,finished,2026-05-17T19:28:03.682809+00:00
7631,INPROC_92F363,1,10,team1,Team 1 (N/S),76,44,39,♠,finished,2026-05-17T19:28:03.701544+00:00
7632,INPROC_1172C5,1,10,team2,Team 2 (E/W),34,86,9,♣,finished,2026-05-17T19:28:03.719565+00:00
7633,INPROC_9D1DD2,1,10,team2,Team 2 (E/W),26,94,16,♦,finished,2026-05-17T19:28:03.732816+00:00
7634,INPROC_FBDAA3,1,10,team2,Team 2 (E/W),35,85,38,♠,finished,2026-05-17T19:28:03.750241+00:00
7635,INPROC_8DEF59,1,10,team1,Team 1 (N/S),61,59,24,♥,finished,2026-05-17T19:28:03.763630+00:00
7636,INPROC_73F627,1,10,team1,Team 1 (N/S),79,41,13,♦,finished,2026-05-17T19:28:03.784014+00:00
7637,INPROC_4879F5,1,10,team2,Team 2 (E/W),18,102,24,♥,finished,2026-05-17T19:28:03.799907+00:00
7638,INPROC_C84431,1,10,team2,Team 2 (E/W),11,109,31,♠,finished,2026-05-17T19:28:03.815086+00:00
7639,INPROC_9870EE,1,10,team1,Team 1 (N/S),67,53,25,♥,finished,2026-05-17T19:28:03.832060+00:00
7640,INPROC_3EB3D2,1,10,team2,Team 2 (E/W),48,72,22,♥,finished,2026-05-17T19:28:03.846864+00:00
7641,INPROC_2697C7,1,10,team1,Team 1 (N/S),87,33,7,♣,finished,2026-05-17T19:28:03.861705+00:00
7642,INPROC_4AE7BA,1,10,team1,Team 1 (N/S),72,48,26,♥,finished,2026-05-17T19:28:03.879229+00:00
7643,INPROC_4595AE,1,10,team2,Team 2 (E/W),30,90,19,♦,finished,2026-05-17T19:28:03.891416+00:00
7644,INPROC_E0A027,1,10,team1,Team 1 (N/S),71,49,24,♥,finished,2026-05-17T19:28:03.905082+00:00
7645,INPROC_214B2E,1,10,team1,Team 1 (N/S),74,46,24,♥,finished,2026-05-17T19:28:03.921746+00:00
7646,INPROC_6CF6F4,1,10,team1,Team 1 (N/S),61,59,32,♠,finished,2026-05-17T19:28:03.939496+00:00
7647,INPROC_AEBE5B,1,10,team1,Team 1 (N/S),84,36,8,♣,finished,2026-05-17T19:28:03.955684+00:00
7648,INPROC_E0DFD2,1,10,team1,Team 1 (N/S),64,56,21,♥,finished,2026-05-17T19:28:03.972530+00:00
7649,INPROC_7F1DC9,1,10,team2,Team 2 (E/W),23,97,17,♦,finished,2026-05-17T19:28:03.990193+00:00
7650,INPROC_6A4B84,1,10,team1,Team 1 (N/S),93,27,14,♦,finished,2026-05-17T19:28:04.006889+00:00
7651,INPROC_7CE190,1,10,team1,Team 1 (N/S),65,55,34,♠,finished,2026-05-17T19:28:04.025722+00:00
7652,INPROC_9076C8,1,10,team2,Team 2 (E/W),30,90,20,♥,finished,2026-05-17T19:28:04.041102+00:00
7653,INPROC_F43744,1,10,team1,Team 1 (N/S),74,46,13,♦,finished,2026-05-17T19:28:04.058136+00:00
7654,INPROC_6B2DD2,1,10,team2,Team 2 (E/W),23,97,34,♠,finished,2026-05-17T19:28:04.074875+00:00
7655,INPROC_F9C729,1,10,team2,Team 2 (E/W),47,73,38,♠,finished,2026-05-17T19:28:04.091620+00:00
7656,INPROC_FBCD36,1,10,team1,Team 1 (N/S),66,54,19,♦,finished,2026-05-17T19:28:04.108185+00:00
7657,INPROC_D23262,1,10,team1,Team 1 (N/S),87,33,1,♣,finished,2026-05-17T19:28:04.124528+00:00
7658,INPROC_103F03,1,10,team1,Team 1 (N/S),84,36,0,♣,finished,2026-05-17T19:28:04.142996+00:00
7659,INPROC_2D0734,1,10,team2,Team 2 (E/W),27,93,6,♣,finished,2026-05-17T19:28:04.158555+00:00
7660,INPROC_CF5E46,1,10,team1,Team 1 (N/S),84,36,10,♦,finished,2026-05-17T19:28:04.171901+00:00
7661,INPROC_CEC52B,1,10,team2,Team 2 (E/W),34,86,15,♦,finished,2026-05-17T19:28:04.186310+00:00
7662,INPROC_685DAC,1,10,team2,Team 2 (E/W),38,82,9,♣,finished,2026-05-17T19:28:04.211978+00:00
7663,INPROC_B178AA,1,10,team2,Team 2 (E/W),42,78,5,♣,finished,2026-05-17T19:28:04.228523+00:00
7664,INPROC_1A1BCC,1,10,team2,Team 2 (E/W),47,73,2,♣,finished,2026-05-17T19:28:04.245115+00:00
7665,INPROC_EB9D57,1,10,team2,Team 2 (E/W),57,63,25,♥,finished,2026-05-17T19:28:04.263323+00:00
7666,INPROC_2AC05A,1,10,team2,Team 2 (E/W),54,66,29,♥,finished,2026-05-17T19:28:04.283386+00:00
7667,INPROC_0D8E0F,1,10,team1,Team 1 (N/S),101,19,26,♥,finished,2026-05-17T19:28:04.300871+00:00
7668,INPROC_A5AE28,1,10,team2,Team 2 (E/W),52,68,33,♠,finished,2026-05-17T19:28:04.317813+00:00
7669,INPROC_86EEB5,1,10,team1,Team 1 (N/S),81,39,1,♣,finished,2026-05-17T19:28:04.334344+00:00
7670,INPROC_F0041A,1,10,team1,Team 1 (N/S),79,41,38,♠,finished,2026-05-17T19:28:04.351042+00:00
7671,INPROC_D2AC3E,1,10,team1,Team 1 (N/S),114,6,32,♠,finished,2026-05-17T19:28:04.367255+00:00
7672,INPROC_530BB3,1,10,team2,Team 2 (E/W),20,100,24,♥,finished,2026-05-17T19:28:04.382639+00:00
7673,INPROC_13B48D,1,10,team1,Team 1 (N/S),76,44,25,♥,finished,2026-05-17T19:28:04.399202+00:00
7674,INPROC_720868,1,10,team2,Team 2 (E/W),36,84,38,♠,finished,2026-05-17T19:28:04.416921+00:00
7675,INPROC_A00B58,1,10,team2,Team 2 (E/W),10,110,22,♥,finished,2026-05-17T19:28:04.428109+00:00
7676,INPROC_29CA0B,1,10,team2,Team 2 (E/W),40,80,18,♦,finished,2026-05-17T19:28:04.439489+00:00
7677,INPROC_4C3FC0,1,10,team1,Team 1 (N/S),61,59,15,♦,finished,2026-05-17T19:28:04.454255+00:00
7678,INPROC_8CE790,1,10,team2,Team 2 (E/W),38,82,17,♦,finished,2026-05-17T19:28:04.471865+00:00
7679,INPROC_EF5965,1,10,team2,Team 2 (E/W),27,93,25,♥,finished,2026-05-17T19:28:04.491293+00:00
7680,INPROC_955F3E,1,10,team2,Team 2 (E/W),56,64,3,♣,finished,2026-05-17T19:28:04.508578+00:00
7681,INPROC_7E91B1,1,10,team2,Team 2 (E/W),45,75,14,♦,finished,2026-05-17T19:28:04.527431+00:00
7682,INPROC_753F7F,1,10,team1,Team 1 (N/S),63,57,33,♠,finished,2026-05-17T19:28:04.546227+00:00
7683,INPROC_EF7590,1,10,team2,Team 2 (E/W),30,90,5,♣,finished,2026-05-17T19:28:04.566169+00:00
7684,INPROC_71E59E,1,10,team2,Team 2 (E/W),45,75,32,♠,finished,2026-05-17T19:28:04.587055+00:00
7685,INPROC_07474D,1,10,team2,Team 2 (E/W),39,81,30,♠,finished,2026-05-17T19:28:04.604496+00:00
7686,INPROC_7A042A,1,10,team2,Team 2 (E/W),50,70,8,♣,finished,2026-05-17T19:28:04.621453+00:00
7687,INPROC_BF3CA0,1,10,team1,Team 1 (N/S),73,47,8,♣,finished,2026-05-17T19:28:04.639823+00:00
7688,INPROC_6E584F,1,10,team2,Team 2 (E/W),46,74,22,♥,finished,2026-05-17T19:28:04.656810+00:00
7689,INPROC_5FA2FE,1,10,team2,Team 2 (E/W),38,82,25,♥,finished,2026-05-17T19:28:04.674101+00:00
7690,INPROC_6294CA,1,10,team2,Team 2 (E/W),58,62,12,♦,finished,2026-05-17T19:28:04.688705+00:00
7691,INPROC_3C0A05,1,10,team1,Team 1 (N/S),68,52,23,♥,finished,2026-05-17T19:28:04.704068+00:00
7692,INPROC_DE6CA5,1,10,team2,Team 2 (E/W),27,93,17,♦,finished,2026-05-17T19:28:04.718954+00:00
7693,INPROC_F7F5D5,1,10,team1,Team 1 (N/S),109,11,31,♠,finished,2026-05-17T19:28:04.735933+00:00
7694,INPROC_EEDAF9,1,10,team2,Team 2 (E/W),55,65,35,♠,finished,2026-05-17T19:28:04.753851+00:00
7695,INPROC_D9584A,1,10,team2,Team 2 (E/W),40,80,34,♠,finished,2026-05-17T19:28:04.767094+00:00
7696,INPROC_C81358,1,10,team2,Team 2 (E/W),28,92,38,♠,finished,2026-05-17T19:28:04.782261+00:00
7697,INPROC_816106,1,10,team1,Team 1 (N/S),81,39,30,♠,finished,2026-05-17T19:28:04.801247+00:00
7698,INPROC_132DF9,1,10,team1,Team 1 (N/S),75,45,13,♦,finished,2026-05-17T19:28:04.818509+00:00
7699,INPROC_AC1681,1,10,team1,Team 1 (N/S),67,53,25,♥,finished,2026-05-17T19:28:04.836424+00:00
7700,INPROC_ACA619,1,10,team2,Team 2 (E/W),37,83,26,♥,finished,2026-05-17T19:28:04.853543+00:00
7701,INPROC_4E9CEE,1,10,team2,Team 2 (E/W),54,66,22,♥,finished,2026-05-17T19:28:04.870460+00:00
7702,INPROC_939806,1,10,team2,Team 2 (E/W),20,100,4,♣,finished,2026-05-17T19:28:04.889485+00:00
7703,INPROC_597988,1,10,team2,Team 2 (E/W),38,82,25,♥,finished,2026-05-17T19:28:04.906169+00:00
7704,INPROC_0BEB89,1,10,team2,Team 2 (E/W),43,77,36,♠,finished,2026-05-17T19:28:04.922725+00:00
7705,INPROC_0519C1,1,10,team2,Team 2 (E/W),26,94,21,♥,finished,2026-05-17T19:28:04.938998+00:00
7706,INPROC_F7D8F7,1,10,team1,Team 1 (N/S),90,30,19,♦,finished,2026-05-17T19:28:04.954684+00:00
7707,INPROC_10869D,1,10,team1,Team 1 (N/S),70,50,4,♣,finished,2026-05-17T19:28:04.968934+00:00
7708,INPROC_249322,1,10,team2,Team 2 (E/W),48,72,14,♦,finished,2026-05-17T19:28:04.980293+00:00
7709,INPROC_F57723,1,10,team2,Team 2 (E/W),53,67,19,♦,finished,2026-05-17T19:28:04.995417+00:00
7710,INPROC_8C3F24,1,10,team2,Team 2 (E/W),43,77,9,♣,finished,2026-05-17T19:28:05.012261+00:00
7711,INPROC_1F2682,1,10,team1,Team 1 (N/S),78,42,36,♠,finished,2026-05-17T19:28:05.029980+00:00
7712,INPROC_C6E756,1,10,team1,Team 1 (N/S),63,57,10,♦,finished,2026-05-17T19:28:05.047447+00:00
7713,INPROC_CA6A0C,1,10,team1,Team 1 (N/S),118,2,31,♠,finished,2026-05-17T19:28:05.065349+00:00
7714,INPROC_2C48D0,1,10,team2,Team 2 (E/W),54,66,21,♥,finished,2026-05-17T19:28:05.084294+00:00
7715,INPROC_841A80,1,10,team2,Team 2 (E/W),50,70,15,♦,finished,2026-05-17T19:28:05.102688+00:00
7716,INPROC_DEA226,1,10,team2,Team 2 (E/W),32,88,35,♠,finished,2026-05-17T19:28:05.119678+00:00
7717,INPROC_4282E3,1,10,team2,Team 2 (E/W),58,62,15,♦,finished,2026-05-17T19:28:05.137551+00:00
7718,INPROC_D15D7B,1,10,team1,Team 1 (N/S),61,59,12,♦,finished,2026-05-17T19:28:05.155798+00:00
7719,INPROC_27AE5A,1,10,team2,Team 2 (E/W),0,120,39,♠,finished,2026-05-17T19:28:05.173589+00:00
7720,INPROC_091264,1,10,team2,Team 2 (E/W),39,81,34,♠,finished,2026-05-17T19:28:05.188131+00:00
7721,INPROC_7F4913,1,10,team2,Team 2 (E/W),35,85,3,♣,finished,2026-05-17T19:28:05.203019+00:00
7722,INPROC_E0B5D0,1,10,draw,draw,60,60,24,♥,finished,2026-05-17T19:28:05.221066+00:00
7723,INPROC_D5AED9,1,10,team2,Team 2 (E/W),51,69,39,♠,finished,2026-05-17T19:28:05.234581+00:00
7724,INPROC_3964CC,1,10,team1,Team 1 (N/S),64,56,15,♦,finished,2026-05-17T19:28:05.246695+00:00
7725,INPROC_C47B5E,1,10,team2,Team 2 (E/W),46,74,14,♦,finished,2026-05-17T19:28:05.264279+00:00
7726,INPROC_BF8044,1,10,team2,Team 2 (E/W),30,90,9,♣,finished,2026-05-17T19:28:05.283791+00:00
7727,INPROC_25594D,1,10,team2,Team 2 (E/W),52,68,27,♥,finished,2026-05-17T19:28:05.303959+00:00
7728,INPROC_57D0E8,1,10,team2,Team 2 (E/W),19,101,33,♠,finished,2026-05-17T19:28:05.325096+00:00
7729,INPROC_EF86EF,1,10,team2,Team 2 (E/W),30,90,7,♣,finished,2026-05-17T19:28:05.342332+00:00
7730,INPROC_41C8A2,1,10,team1,Team 1 (N/S),98,22,6,♣,finished,2026-05-17T19:28:05.358200+00:00
7731,INPROC_3A95A2,1,10,team1,Team 1 (N/S),65,55,7,♣,finished,2026-05-17T19:28:05.375689+00:00
7732,INPROC_9A7F0E,1,10,team1,Team 1 (N/S),103,17,2,♣,finished,2026-05-17T19:28:05.394117+00:00
7733,INPROC_95E231,1,10,team1,Team 1 (N/S),85,35,4,♣,finished,2026-05-17T19:28:05.409800+00:00
7734,INPROC_43DE5D,1,10,team2,Team 2 (E/W),51,69,29,♥,finished,2026-05-17T19:28:05.426769+00:00
7735,INPROC_A58397,1,10,team1,Team 1 (N/S),67,53,0,♣,finished,2026-05-17T19:28:05.443790+00:00
7736,INPROC_7A8160,1,10,team2,Team 2 (E/W),45,75,36,♠,finished,2026-05-17T19:28:05.461769+00:00
7737,INPROC_2B1C64,1,10,team1,Team 1 (N/S),74,46,5,♣,finished,2026-05-17T19:28:05.478509+00:00
7738,INPROC_9F56BC,1,10,team2,Team 2 (E/W),53,67,25,♥,finished,2026-05-17T19:28:05.493054+00:00
7739,INPROC_35C204,1,10,team1,Team 1 (N/S),93,27,14,♦,finished,2026-05-17T19:28:05.508386+00:00
7740,INPROC_96F1C4,1,10,team2,Team 2 (E/W),49,71,38,♠,finished,2026-05-17T19:28:05.520482+00:00
7741,INPROC_E5755C,1,10,team2,Team 2 (E/W),53,67,4,♣,finished,2026-05-17T19:28:05.537997+00:00
7742,INPROC_DDB397,1,10,team1,Team 1 (N/S),84,36,7,♣,finished,2026-05-17T19:28:05.550490+00:00
7743,INPROC_D5D37A,1,10,team1,Team 1 (N/S),63,57,7,♣,finished,2026-05-17T19:28:05.570527+00:00
7744,INPROC_4EF821,1,10,team2,Team 2 (E/W),37,83,1,♣,finished,2026-05-17T19:28:05.590379+00:00
7745,INPROC_258D37,1,10,team2,Team 2 (E/W),31,89,14,♦,finished,2026-05-17T19:28:05.610335+00:00
7746,INPROC_1019CB,1,10,team1,Team 1 (N/S),70,50,13,♦,finished,2026-05-17T19:28:05.630210+00:00
7747,INPROC_29BB47,1,10,team1,Team 1 (N/S),99,21,12,♦,finished,2026-05-17T19:28:05.648342+00:00
7748,INPROC_058396,1,10,team2,Team 2 (E/W),34,86,27,♥,finished,2026-05-17T19:28:05.663984+00:00
7749,INPROC_21EDB0,1,10,team2,Team 2 (E/W),55,65,27,♥,finished,2026-05-17T19:28:05.680215+00:00
7750,INPROC_37C856,1,10,team1,Team 1 (N/S),79,41,5,♣,finished,2026-05-17T19:28:05.692593+00:00
7751,INPROC_1B50FB,1,10,team2,Team 2 (E/W),59,61,11,♦,finished,2026-05-17T19:28:05.709238+00:00
7752,INPROC_809812,1,10,draw,draw,60,60,13,♦,finished,2026-05-17T19:28:05.724341+00:00
7753,INPROC_57C940,1,10,team2,Team 2 (E/W),20,100,12,♦,finished,2026-05-17T19:28:05.739679+00:00
7754,INPROC_E747B1,1,10,team1,Team 1 (N/S),83,37,15,♦,finished,2026-05-17T19:28:05.755947+00:00
7755,INPROC_FA349A,1,10,team1,Team 1 (N/S),71,49,6,♣,finished,2026-05-17T19:28:05.767366+00:00
7756,INPROC_B15A21,1,10,team1,Team 1 (N/S),73,47,19,♦,finished,2026-05-17T19:28:05.779411+00:00
7757,INPROC_62E89B,1,10,team1,Team 1 (N/S),99,21,19,♦,finished,2026-05-17T19:28:05.793945+00:00
7758,INPROC_B3A78E,1,10,team1,Team 1 (N/S),93,27,28,♥,finished,2026-05-17T19:28:05.810562+00:00
7759,INPROC_CAE499,1,10,team2,Team 2 (E/W),40,80,38,♠,finished,2026-05-17T19:28:05.827127+00:00
7760,INPROC_66880B,1,10,team1,Team 1 (N/S),73,47,36,♠,finished,2026-05-17T19:28:05.843145+00:00
7761,INPROC_4004E5,1,10,team1,Team 1 (N/S),91,29,5,♣,finished,2026-05-17T19:28:05.857901+00:00
7762,INPROC_CB7090,1,10,team2,Team 2 (E/W),45,75,13,♦,finished,2026-05-17T19:28:05.874878+00:00
7763,INPROC_F9B2F4,1,10,draw,draw,60,60,23,♥,finished,2026-05-17T19:28:05.890453+00:00
7764,INPROC_6E4EEA,1,10,team1,Team 1 (N/S),99,21,25,♥,finished,2026-05-17T19:28:05.908904+00:00
7765,INPROC_DA4E21,1,10,team1,Team 1 (N/S),79,41,13,♦,finished,2026-05-17T19:28:05.925946+00:00
7766,INPROC_F32759,1,10,team2,Team 2 (E/W),34,86,33,♠,finished,2026-05-17T19:28:05.941806+00:00
7767,INPROC_BBFE8D,1,10,team2,Team 2 (E/W),36,84,9,♣,finished,2026-05-17T19:28:05.959944+00:00
7768,INPROC_BDE230,1,10,team1,Team 1 (N/S),64,56,22,♥,finished,2026-05-17T19:28:05.977984+00:00
7769,INPROC_A9BE41,1,10,team2,Team 2 (E/W),34,86,0,♣,finished,2026-05-17T19:28:05.996664+00:00
7770,INPROC_3D144D,1,10,team1,Team 1 (N/S),76,44,17,♦,finished,2026-05-17T19:28:06.014517+00:00
7771,INPROC_BA37C1,1,10,team2,Team 2 (E/W),20,100,10,♦,finished,2026-05-17T19:28:06.028131+00:00
7772,INPROC_7FFDF1,1,10,team2,Team 2 (E/W),56,64,31,♠,finished,2026-05-17T19:28:06.044173+00:00
7773,INPROC_1F9EB2,1,10,team2,Team 2 (E/W),32,88,29,♥,finished,2026-05-17T19:28:06.056803+00:00
7774,INPROC_412A18,1,10,team2,Team 2 (E/W),40,80,18,♦,finished,2026-05-17T19:28:06.070463+00:00
7775,INPROC_907008,1,10,team2,Team 2 (E/W),33,87,10,♦,finished,2026-05-17T19:28:06.086262+00:00
7776,INPROC_DA3A01,1,10,team2,Team 2 (E/W),41,79,4,♣,finished,2026-05-17T19:28:06.102989+00:00
7777,INPROC_88B43E,1,10,team2,Team 2 (E/W),41,79,13,♦,finished,2026-05-17T19:28:06.120607+00:00
7778,INPROC_0C384B,1,10,team1,Team 1 (N/S),95,25,6,♣,finished,2026-05-17T19:28:06.136826+00:00
7779,INPROC_2EF475,1,10,team2,Team 2 (E/W),25,95,38,♠,finished,2026-05-17T19:28:06.155992+00:00
7780,INPROC_686DEA,1,10,team1,Team 1 (N/S),64,56,18,♦,finished,2026-05-17T19:28:06.173965+00:00
7781,INPROC_E22873,1,10,team2,Team 2 (E/W),28,92,20,♥,finished,2026-05-17T19:28:06.190731+00:00
7782,INPROC_F4BA41,1,10,team2,Team 2 (E/W),37,83,36,♠,finished,2026-05-17T19:28:06.209376+00:00
7783,INPROC_19F949,1,10,team2,Team 2 (E/W),49,71,21,♥,finished,2026-05-17T19:28:06.226727+00:00
7784,INPROC_95519F,1,10,team2,Team 2 (E/W),33,87,14,♦,finished,2026-05-17T19:28:06.242367+00:00
7785,INPROC_45B751,1,10,team2,Team 2 (E/W),57,63,0,♣,finished,2026-05-17T19:28:06.258367+00:00
7786,INPROC_A66416,1,10,team2,Team 2 (E/W),37,83,35,♠,finished,2026-05-17T19:28:06.274795+00:00
7787,INPROC_371591,1,10,team1,Team 1 (N/S),85,35,5,♣,finished,2026-05-17T19:28:06.289731+00:00
7788,INPROC_B2FB46,1,10,team1,Team 1 (N/S),82,38,30,♠,finished,2026-05-17T19:28:06.301119+00:00
7789,INPROC_A486DA,1,10,team2,Team 2 (E/W),32,88,34,♠,finished,2026-05-17T19:28:06.311457+00:00
7790,INPROC_D49897,1,10,team2,Team 2 (E/W),17,103,6,♣,finished,2026-05-17T19:28:06.327279+00:00
7791,INPROC_F00BC8,1,10,team1,Team 1 (N/S),77,43,4,♣,finished,2026-05-17T19:28:06.343134+00:00
7792,INPROC_453509,1,10,team2,Team 2 (E/W),19,101,30,♠,finished,2026-05-17T19:28:06.355724+00:00
7793,INPROC_E15B36,1,10,team2,Team 2 (E/W),57,63,29,♥,finished,2026-05-17T19:28:06.372019+00:00
7794,INPROC_10F226,1,10,team1,Team 1 (N/S),61,59,20,♥,finished,2026-05-17T19:28:06.386364+00:00
7795,INPROC_64E9C4,1,10,team2,Team 2 (E/W),30,90,31,♠,finished,2026-05-17T19:28:06.403842+00:00
7796,INPROC_D9708C,1,10,team1,Team 1 (N/S),66,54,39,♠,finished,2026-05-17T19:28:06.423527+00:00
7797,INPROC_53BC05,1,10,team2,Team 2 (E/W),18,102,19,♦,finished,2026-05-17T19:28:06.442817+00:00
7798,INPROC_EC8536,1,10,team2,Team 2 (E/W),52,68,36,♠,finished,2026-05-17T19:28:06.458815+00:00
7799,INPROC_29B01D,1,10,team1,Team 1 (N/S),76,44,16,♦,finished,2026-05-17T19:28:06.475340+00:00
7800,INPROC_A5C24B,1,10,team2,Team 2 (E/W),15,105,14,♦,finished,2026-05-17T19:28:06.492145+00:00
7801,INPROC_7BD6A7,1,10,team2,Team 2 (E/W),27,93,0,♣,finished,2026-05-17T19:28:06.508037+00:00
7802,INPROC_2859E7,1,10,team1,Team 1 (N/S),84,36,34,♠,finished,2026-05-17T19:28:06.527369+00:00
7803,INPROC_CFF6B0,1,10,team1,Team 1 (N/S),83,37,14,♦,finished,2026-05-17T19:28:06.545650+00:00
7804,INPROC_92F94D,1,10,team2,Team 2 (E/W),51,69,5,♣,finished,2026-05-17T19:28:06.562474+00:00
7805,INPROC_FCFB77,1,10,team2,Team 2 (E/W),47,73,17,♦,finished,2026-05-17T19:28:06.576459+00:00
7806,INPROC_45B780,1,10,team1,Team 1 (N/S),108,12,35,♠,finished,2026-05-17T19:28:06.589719+00:00
7807,INPROC_4FD52D,1,10,team2,Team 2 (E/W),51,69,34,♠,finished,2026-05-17T19:28:06.609447+00:00
7808,INPROC_FEEB20,1,10,team1,Team 1 (N/S),81,39,24,♥,finished,2026-05-17T19:28:06.628583+00:00
7809,INPROC_0ADEB0,1,10,team2,Team 2 (E/W),43,77,22,♥,finished,2026-05-17T19:28:06.647904+00:00
7810,INPROC_4EAC3C,1,10,team2,Team 2 (E/W),38,82,32,♠,finished,2026-05-17T19:28:06.666332+00:00
7811,INPROC_229041,1,10,team1,Team 1 (N/S),62,58,21,♥,finished,2026-05-17T19:28:06.686563+00:00
7812,INPROC_5013FA,1,10,team1,Team 1 (N/S),105,15,35,♠,finished,2026-05-17T19:28:06.709549+00:00
7813,INPROC_C77983,1,10,team2,Team 2 (E/W),55,65,25,♥,finished,2026-05-17T19:28:06.733539+00:00
7814,INPROC_7C7192,1,10,team2,Team 2 (E/W),23,97,1,♣,finished,2026-05-17T19:28:06.756140+00:00
7815,INPROC_8200B1,1,10,team2,Team 2 (E/W),44,76,34,♠,finished,2026-05-17T19:28:06.774561+00:00
7816,INPROC_848A19,1,10,team1,Team 1 (N/S),81,39,37,♠,finished,2026-05-17T19:28:06.790011+00:00
7817,INPROC_E9C225,1,10,team2,Team 2 (E/W),18,102,27,♥,finished,2026-05-17T19:28:06.805722+00:00
7818,INPROC_A5C438,1,10,team2,Team 2 (E/W),49,71,24,♥,finished,2026-05-17T19:28:06.821863+00:00
7819,INPROC_B16626,1,10,team1,Team 1 (N/S),73,47,25,♥,finished,2026-05-17T19:28:06.835532+00:00
7820,INPROC_9B201D,1,10,team2,Team 2 (E/W),53,67,38,♠,finished,2026-05-17T19:28:06.848038+00:00
7821,INPROC_A5FAAE,1,10,team1,Team 1 (N/S),65,55,15,♦,finished,2026-05-17T19:28:06.859509+00:00
7822,INPROC_B3E69E,1,10,team2,Team 2 (E/W),44,76,1,♣,finished,2026-05-17T19:28:06.874331+00:00
7823,INPROC_B17AF5,1,10,team2,Team 2 (E/W),18,102,6,♣,finished,2026-05-17T19:28:06.891327+00:00
7824,INPROC_6C573D,1,10,team2,Team 2 (E/W),12,108,31,♠,finished,2026-05-17T19:28:06.910583+00:00
7825,INPROC_F96165,1,10,team2,Team 2 (E/W),4,116,28,♥,finished,2026-05-17T19:28:06.928448+00:00
7826,INPROC_FCF0F2,1,10,team2,Team 2 (E/W),41,79,8,♣,finished,2026-05-17T19:28:06.947792+00:00
7827,INPROC_9F6B47,1,10,team1,Team 1 (N/S),93,27,31,♠,finished,2026-05-17T19:28:06.968212+00:00
7828,INPROC_7FA23C,1,10,team1,Team 1 (N/S),88,32,30,♠,finished,2026-05-17T19:28:06.988494+00:00
7829,INPROC_E1467C,1,10,team1,Team 1 (N/S),72,48,26,♥,finished,2026-05-17T19:28:07.006843+00:00
7830,INPROC_80F511,1,10,team1,Team 1 (N/S),77,43,37,♠,finished,2026-05-17T19:28:07.023876+00:00
7831,INPROC_BC0FEE,1,10,team2,Team 2 (E/W),51,69,39,♠,finished,2026-05-17T19:28:07.042467+00:00
7832,INPROC_0EA775,1,10,team1,Team 1 (N/S),76,44,36,♠,finished,2026-05-17T19:28:07.061769+00:00
7833,INPROC_49D96C,1,10,team2,Team 2 (E/W),32,88,0,♣,finished,2026-05-17T19:28:07.079736+00:00
7834,INPROC_42EC5B,1,10,team2,Team 2 (E/W),14,106,3,♣,finished,2026-05-17T19:28:07.099560+00:00
7835,INPROC_EDCE52,1,10,team2,Team 2 (E/W),20,100,28,♥,finished,2026-05-17T19:28:07.112072+00:00
7836,INPROC_35B372,1,10,team1,Team 1 (N/S),72,48,10,♦,finished,2026-05-17T19:28:07.123874+00:00
7837,INPROC_3B25B8,1,10,team2,Team 2 (E/W),22,98,22,♥,finished,2026-05-17T19:28:07.139391+00:00
7838,INPROC_89049E,1,10,team2,Team 2 (E/W),42,78,19,♦,finished,2026-05-17T19:28:07.156334+00:00
7839,INPROC_68772F,1,10,team2,Team 2 (E/W),30,90,23,♥,finished,2026-05-17T19:28:07.172719+00:00
7840,INPROC_C2E237,1,10,team1,Team 1 (N/S),66,54,21,♥,finished,2026-05-17T19:28:07.188941+00:00
7841,INPROC_2B4311,1,10,team2,Team 2 (E/W),48,72,29,♥,finished,2026-05-17T19:28:07.204737+00:00
7842,INPROC_BE7DED,1,10,team1,Team 1 (N/S),65,55,11,♦,finished,2026-05-17T19:28:07.223495+00:00
7843,INPROC_FA2EF9,1,10,team2,Team 2 (E/W),43,77,19,♦,finished,2026-05-17T19:28:07.241080+00:00
7844,INPROC_0C195E,1,10,team2,Team 2 (E/W),44,76,13,♦,finished,2026-05-17T19:28:07.256585+00:00
7845,INPROC_8A1DA5,1,10,team2,Team 2 (E/W),16,104,12,♦,finished,2026-05-17T19:28:07.274018+00:00
7846,INPROC_1942DE,1,10,team2,Team 2 (E/W),50,70,32,♠,finished,2026-05-17T19:28:07.287652+00:00
7847,INPROC_7ADD50,1,10,team2,Team 2 (E/W),40,80,7,♣,finished,2026-05-17T19:28:07.304840+00:00
7848,INPROC_7787FF,1,10,team1,Team 1 (N/S),69,51,36,♠,finished,2026-05-17T19:28:07.323060+00:00
7849,INPROC_A02AA1,1,10,team1,Team 1 (N/S),94,26,20,♥,finished,2026-05-17T19:28:07.341030+00:00
7850,INPROC_3BB99D,1,10,team2,Team 2 (E/W),13,107,9,♣,finished,2026-05-17T19:28:07.358545+00:00
7851,INPROC_54CC35,1,10,team2,Team 2 (E/W),39,81,31,♠,finished,2026-05-17T19:28:07.380001+00:00
7852,INPROC_D047E8,1,10,team2,Team 2 (E/W),52,68,7,♣,finished,2026-05-17T19:28:07.392304+00:00
7853,INPROC_1DE58B,1,10,team1,Team 1 (N/S),67,53,0,♣,finished,2026-05-17T19:28:07.407779+00:00
7854,INPROC_C88AD4,1,10,team2,Team 2 (E/W),43,77,35,♠,finished,2026-05-17T19:28:07.425653+00:00
7855,INPROC_D372A1,1,10,team1,Team 1 (N/S),89,31,9,♣,finished,2026-05-17T19:28:07.444637+00:00
7856,INPROC_4FA15B,1,10,team2,Team 2 (E/W),58,62,19,♦,finished,2026-05-17T19:28:07.461838+00:00
7857,INPROC_73FA0B,1,10,team1,Team 1 (N/S),84,36,31,♠,finished,2026-05-17T19:28:07.478952+00:00
7858,INPROC_05F256,1,10,team1,Team 1 (N/S),75,45,2,♣,finished,2026-05-17T19:28:07.494418+00:00
7859,INPROC_F46BE8,1,10,team1,Team 1 (N/S),61,59,3,♣,finished,2026-05-17T19:28:07.511021+00:00
7860,INPROC_DCE15B,1,10,team2,Team 2 (E/W),47,73,22,♥,finished,2026-05-17T19:28:07.527485+00:00
7861,INPROC_2F7BE4,1,10,team1,Team 1 (N/S),71,49,4,♣,finished,2026-05-17T19:28:07.541862+00:00
7862,INPROC_9E1E57,1,10,team1,Team 1 (N/S),65,55,4,♣,finished,2026-05-17T19:28:07.557154+00:00
7863,INPROC_9E7709,1,10,team1,Team 1 (N/S),68,52,12,♦,finished,2026-05-17T19:28:07.573659+00:00
7864,INPROC_2DE031,1,10,team2,Team 2 (E/W),57,63,13,♦,finished,2026-05-17T19:28:07.590377+00:00
7865,INPROC_B23224,1,10,team2,Team 2 (E/W),27,93,23,♥,finished,2026-05-17T19:28:07.608355+00:00
7866,INPROC_04E8CA,1,10,team2,Team 2 (E/W),40,80,0,♣,finished,2026-05-17T19:28:07.627416+00:00
7867,INPROC_3B2E10,1,10,team2,Team 2 (E/W),28,92,8,♣,finished,2026-05-17T19:28:07.638544+00:00
7868,INPROC_C78DBD,1,10,team1,Team 1 (N/S),83,37,2,♣,finished,2026-05-17T19:28:07.649775+00:00
7869,INPROC_E1A000,1,10,team1,Team 1 (N/S),85,35,8,♣,finished,2026-05-17T19:28:07.663907+00:00
7870,INPROC_BB3B5C,1,10,team2,Team 2 (E/W),45,75,9,♣,finished,2026-05-17T19:28:07.678239+00:00
7871,INPROC_C141E9,1,10,team2,Team 2 (E/W),55,65,2,♣,finished,2026-05-17T19:28:07.693972+00:00
7872,INPROC_E30C6D,1,10,team2,Team 2 (E/W),43,77,4,♣,finished,2026-05-17T19:28:07.712640+00:00
7873,INPROC_BFF5EC,1,10,team2,Team 2 (E/W),41,79,32,♠,finished,2026-05-17T19:28:07.731997+00:00
7874,INPROC_F1B250,1,10,team2,Team 2 (E/W),30,90,18,♦,finished,2026-05-17T19:28:07.751523+00:00
7875,INPROC_870CA8,1,10,team1,Team 1 (N/S),70,50,35,♠,finished,2026-05-17T19:28:07.769973+00:00
7876,INPROC_B174A8,1,10,team1,Team 1 (N/S),64,56,38,♠,finished,2026-05-17T19:28:07.789659+00:00
7877,INPROC_0B8343,1,10,team2,Team 2 (E/W),51,69,29,♥,finished,2026-05-17T19:28:07.809350+00:00
7878,INPROC_075E3A,1,10,team2,Team 2 (E/W),49,71,32,♠,finished,2026-05-17T19:28:07.826581+00:00
7879,INPROC_F791A9,1,10,team1,Team 1 (N/S),66,54,2,♣,finished,2026-05-17T19:28:07.844764+00:00
7880,INPROC_C4513C,1,10,team1,Team 1 (N/S),109,11,30,♠,finished,2026-05-17T19:28:07.860702+00:00
7881,INPROC_929C80,1,10,team2,Team 2 (E/W),48,72,6,♣,finished,2026-05-17T19:28:07.877213+00:00
7882,INPROC_DD3D88,1,10,team2,Team 2 (E/W),56,64,19,♦,finished,2026-05-17T19:28:07.893500+00:00
7883,INPROC_E6171E,1,10,team1,Team 1 (N/S),64,56,34,♠,finished,2026-05-17T19:28:07.907442+00:00
7884,INPROC_5FACB1,1,10,team2,Team 2 (E/W),59,61,31,♠,finished,2026-05-17T19:28:07.918575+00:00
7885,INPROC_E07301,1,10,team2,Team 2 (E/W),31,89,27,♥,finished,2026-05-17T19:28:07.933599+00:00
7886,INPROC_3303D9,1,10,team2,Team 2 (E/W),50,70,11,♦,finished,2026-05-17T19:28:07.950399+00:00
7887,INPROC_637CB6,1,10,team2,Team 2 (E/W),21,99,11,♦,finished,2026-05-17T19:28:07.966811+00:00
7888,INPROC_3EF17D,1,10,team1,Team 1 (N/S),104,16,11,♦,finished,2026-05-17T19:28:07.984562+00:00
7889,INPROC_2119A7,1,10,team2,Team 2 (E/W),9,111,27,♥,finished,2026-05-17T19:28:08.000035+00:00
7890,INPROC_A83AC7,1,10,team1,Team 1 (N/S),98,22,3,♣,finished,2026-05-17T19:28:08.017198+00:00
7891,INPROC_7AE3E1,1,10,team1,Team 1 (N/S),88,32,3,♣,finished,2026-05-17T19:28:08.033065+00:00
7892,INPROC_2EB2A7,1,10,team2,Team 2 (E/W),51,69,6,♣,finished,2026-05-17T19:28:08.048143+00:00
7893,INPROC_5C5329,1,10,team2,Team 2 (E/W),15,105,39,♠,finished,2026-05-17T19:28:08.064685+00:00
7894,INPROC_960FF0,1,10,team2,Team 2 (E/W),43,77,36,♠,finished,2026-05-17T19:28:08.082053+00:00
7895,INPROC_9573AC,1,10,team2,Team 2 (E/W),26,94,18,♦,finished,2026-05-17T19:28:08.098839+00:00
7896,INPROC_15FEEC,1,10,team2,Team 2 (E/W),56,64,23,♥,finished,2026-05-17T19:28:08.114697+00:00
7897,INPROC_6EC103,1,10,team2,Team 2 (E/W),33,87,34,♠,finished,2026-05-17T19:28:08.131878+00:00
7898,INPROC_9A4FAD,1,10,team1,Team 1 (N/S),77,43,28,♥,finished,2026-05-17T19:28:08.150265+00:00
7899,INPROC_7F4880,1,10,team1,Team 1 (N/S),111,9,17,♦,finished,2026-05-17T19:28:08.166953+00:00
7900,INPROC_C36AD2,1,10,team2,Team 2 (E/W),26,94,39,♠,finished,2026-05-17T19:28:08.180377+00:00
7901,INPROC_FA8D5B,1,10,team2,Team 2 (E/W),0,120,11,♦,finished,2026-05-17T19:28:08.194613+00:00
7902,INPROC_EA579D,1,10,team2,Team 2 (E/W),22,98,29,♥,finished,2026-05-17T19:28:08.207485+00:00
7903,INPROC_072346,1,10,team2,Team 2 (E/W),24,96,5,♣,finished,2026-05-17T19:28:08.222024+00:00
7904,INPROC_5AD9A5,1,10,team2,Team 2 (E/W),48,72,15,♦,finished,2026-05-17T19:28:08.237643+00:00
7905,INPROC_CEBB49,1,10,team2,Team 2 (E/W),4,116,32,♠,finished,2026-05-17T19:28:08.254088+00:00
7906,INPROC_952412,1,10,team1,Team 1 (N/S),62,58,25,♥,finished,2026-05-17T19:28:08.271892+00:00
7907,INPROC_4BDEF8,1,10,draw,draw,60,60,1,♣,finished,2026-05-17T19:28:08.290912+00:00
7908,INPROC_95148C,1,10,team1,Team 1 (N/S),88,32,3,♣,finished,2026-05-17T19:28:08.310771+00:00
7909,INPROC_CB14B5,1,10,team2,Team 2 (E/W),35,85,27,♥,finished,2026-05-17T19:28:08.324334+00:00
7910,INPROC_5E70FE,1,10,team2,Team 2 (E/W),39,81,14,♦,finished,2026-05-17T19:28:08.335516+00:00
7911,INPROC_352F94,1,10,team2,Team 2 (E/W),43,77,6,♣,finished,2026-05-17T19:28:08.350980+00:00
7912,INPROC_F4940C,1,10,team2,Team 2 (E/W),48,72,28,♥,finished,2026-05-17T19:28:08.366432+00:00
7913,INPROC_72C454,1,10,team2,Team 2 (E/W),28,92,20,♥,finished,2026-05-17T19:28:08.384938+00:00
7914,INPROC_58075B,1,10,team1,Team 1 (N/S),64,56,22,♥,finished,2026-05-17T19:28:08.402795+00:00
7915,INPROC_F4AFCA,1,10,team2,Team 2 (E/W),51,69,36,♠,finished,2026-05-17T19:28:08.418389+00:00
7916,INPROC_586503,1,10,team2,Team 2 (E/W),32,88,2,♣,finished,2026-05-17T19:28:08.436412+00:00
7917,INPROC_AB8D9A,1,10,team2,Team 2 (E/W),56,64,21,♥,finished,2026-05-17T19:28:08.452053+00:00
7918,INPROC_BA7527,1,10,team2,Team 2 (E/W),44,76,6,♣,finished,2026-05-17T19:28:08.465697+00:00
7919,INPROC_32E15F,1,10,team1,Team 1 (N/S),62,58,39,♠,finished,2026-05-17T19:28:08.485868+00:00
7920,INPROC_B0C692,1,10,team2,Team 2 (E/W),26,94,14,♦,finished,2026-05-17T19:28:08.504931+00:00
7921,INPROC_A6F7EA,1,10,team1,Team 1 (N/S),95,25,14,♦,finished,2026-05-17T19:28:08.521882+00:00
7922,INPROC_F1C580,1,10,team2,Team 2 (E/W),56,64,15,♦,finished,2026-05-17T19:28:08.540749+00:00
7923,INPROC_17A9D3,1,10,team2,Team 2 (E/W),22,98,6,♣,finished,2026-05-17T19:28:08.559140+00:00
7924,INPROC_468C26,1,10,team2,Team 2 (E/W),59,61,24,♥,finished,2026-05-17T19:28:08.579700+00:00
7925,INPROC_AF53C1,1,10,team1,Team 1 (N/S),67,53,31,♠,finished,2026-05-17T19:28:08.599915+00:00
7926,INPROC_9A563C,1,10,team2,Team 2 (E/W),40,80,28,♥,finished,2026-05-17T19:28:08.620817+00:00
7927,INPROC_E93596,1,10,team2,Team 2 (E/W),24,96,9,♣,finished,2026-05-17T19:28:08.642910+00:00
7928,INPROC_E44867,1,10,team2,Team 2 (E/W),35,85,36,♠,finished,2026-05-17T19:28:08.664301+00:00
7929,INPROC_E69680,1,10,team1,Team 1 (N/S),82,38,15,♦,finished,2026-05-17T19:28:08.677278+00:00
7930,INPROC_62F6D3,1,10,team2,Team 2 (E/W),37,83,22,♥,finished,2026-05-17T19:28:08.694747+00:00
7931,INPROC_179617,1,10,team2,Team 2 (E/W),55,65,22,♥,finished,2026-05-17T19:28:08.713399+00:00
7932,INPROC_3E8C27,1,10,team1,Team 1 (N/S),74,46,27,♥,finished,2026-05-17T19:28:08.729558+00:00
7933,INPROC_8338C5,1,10,team2,Team 2 (E/W),39,81,5,♣,finished,2026-05-17T19:28:08.742691+00:00
7934,INPROC_ACE2F7,1,10,team2,Team 2 (E/W),42,78,25,♥,finished,2026-05-17T19:28:08.759378+00:00
7935,INPROC_D7C2DA,1,10,team2,Team 2 (E/W),37,83,29,♥,finished,2026-05-17T19:28:08.775910+00:00
7936,INPROC_E00F68,1,10,team1,Team 1 (N/S),89,31,16,♦,finished,2026-05-17T19:28:08.796613+00:00
7937,INPROC_808CD9,1,10,team1,Team 1 (N/S),69,51,37,♠,finished,2026-05-17T19:28:08.816902+00:00
7938,INPROC_681D16,1,10,team2,Team 2 (E/W),51,69,36,♠,finished,2026-05-17T19:28:08.838033+00:00
7939,INPROC_8BD8B6,1,10,team1,Team 1 (N/S),98,22,34,♠,finished,2026-05-17T19:28:08.857609+00:00
7940,INPROC_3AE39D,1,10,team1,Team 1 (N/S),68,52,34,♠,finished,2026-05-17T19:28:08.871765+00:00
7941,INPROC_B53F15,1,10,team2,Team 2 (E/W),10,110,0,♣,finished,2026-05-17T19:28:08.889654+00:00
7942,INPROC_74A9E4,1,10,team1,Team 1 (N/S),67,53,19,♦,finished,2026-05-17T19:28:08.910960+00:00
7943,INPROC_D6B534,1,10,team1,Team 1 (N/S),66,54,10,♦,finished,2026-05-17T19:28:08.928807+00:00
7944,INPROC_0B0E9C,1,10,team1,Team 1 (N/S),86,34,33,♠,finished,2026-05-17T19:28:08.947534+00:00
7945,INPROC_003FFD,1,10,team2,Team 2 (E/W),24,96,32,♠,finished,2026-05-17T19:28:08.376301+00:00
7946,INPROC_6D9A5B,1,10,team1,Team 1 (N/S),89,31,15,♦,finished,2026-05-17T19:28:08.392368+00:00
7947,INPROC_B32CD4,1,10,team1,Team 1 (N/S),96,24,30,♠,finished,2026-05-17T19:28:08.408541+00:00
7948,INPROC_CB1044,1,10,team1,Team 1 (N/S),77,43,35,♠,finished,2026-05-17T19:28:08.427516+00:00
7949,INPROC_78061E,1,10,team1,Team 1 (N/S),73,47,7,♣,finished,2026-05-17T19:28:08.446664+00:00
7950,INPROC_889650,1,10,team1,Team 1 (N/S),71,49,1,♣,finished,2026-05-17T19:28:08.464121+00:00
7951,INPROC_023063,1,10,team1,Team 1 (N/S),94,26,20,♥,finished,2026-05-17T19:28:08.482654+00:00
7952,INPROC_FC70E9,1,10,team2,Team 2 (E/W),32,88,38,♠,finished,2026-05-17T19:28:08.500969+00:00
7953,INPROC_209C20,1,10,team1,Team 1 (N/S),81,39,14,♦,finished,2026-05-17T19:28:08.519656+00:00
7954,INPROC_E5743C,1,10,team2,Team 2 (E/W),53,67,22,♥,finished,2026-05-17T19:28:08.537998+00:00
7955,INPROC_E80714,1,10,team2,Team 2 (E/W),45,75,26,♥,finished,2026-05-17T19:28:08.558568+00:00
7956,INPROC_7414BA,1,10,team1,Team 1 (N/S),88,32,25,♥,finished,2026-05-17T19:28:08.579576+00:00
7957,INPROC_50F0C4,1,10,team1,Team 1 (N/S),69,51,28,♥,finished,2026-05-17T19:28:08.599804+00:00
7958,INPROC_72EBBC,1,10,team2,Team 2 (E/W),58,62,35,♠,finished,2026-05-17T19:28:08.620223+00:00
7959,INPROC_DEEFFE,1,10,team2,Team 2 (E/W),2,118,19,♦,finished,2026-05-17T19:28:08.637770+00:00
7960,INPROC_9A55D0,1,10,team2,Team 2 (E/W),53,67,30,♠,finished,2026-05-17T19:28:08.657972+00:00
7961,INPROC_55B6EB,1,10,team2,Team 2 (E/W),56,64,32,♠,finished,2026-05-17T19:28:08.676166+00:00
7962,INPROC_42F2B6,1,10,team1,Team 1 (N/S),83,37,27,♥,finished,2026-05-17T19:28:08.691694+00:00
7963,INPROC_99791C,1,10,team2,Team 2 (E/W),46,74,14,♦,finished,2026-05-17T19:28:08.709104+00:00
7964,INPROC_BDD562,1,10,team2,Team 2 (E/W),43,77,33,♠,finished,2026-05-17T19:28:08.726761+00:00
7965,INPROC_B13DEB,1,10,team2,Team 2 (E/W),40,80,20,♥,finished,2026-05-17T19:28:08.745560+00:00
7966,INPROC_4BC0D3,1,10,team1,Team 1 (N/S),78,42,12,♦,finished,2026-05-17T19:28:08.764954+00:00
7967,INPROC_BE37EB,1,10,team1,Team 1 (N/S),74,46,33,♠,finished,2026-05-17T19:28:08.784981+00:00
7968,INPROC_9F9F89,1,10,team1,Team 1 (N/S),64,56,5,♣,finished,2026-05-17T19:28:08.803303+00:00
7969,INPROC_F494DE,1,10,team2,Team 2 (E/W),39,81,38,♠,finished,2026-05-17T19:28:08.822607+00:00
7970,INPROC_90D014,1,10,team2,Team 2 (E/W),59,61,0,♣,finished,2026-05-17T19:28:08.840429+00:00
7971,INPROC_31368E,1,10,team2,Team 2 (E/W),17,103,18,♦,finished,2026-05-17T19:28:08.858454+00:00
7972,INPROC_D61562,1,10,team1,Team 1 (N/S),84,36,37,♠,finished,2026-05-17T19:28:08.874198+00:00
7973,INPROC_4BF5DE,1,10,team1,Team 1 (N/S),66,54,10,♦,finished,2026-05-17T19:28:08.888699+00:00
7974,INPROC_56A424,1,10,team1,Team 1 (N/S),66,54,3,♣,finished,2026-05-17T19:28:08.905914+00:00
7975,INPROC_E9E89F,1,10,team2,Team 2 (E/W),41,79,16,♦,finished,2026-05-17T19:28:08.920274+00:00
7976,INPROC_93C489,1,10,team2,Team 2 (E/W),18,102,32,♠,finished,2026-05-17T19:28:08.933572+00:00
7977,INPROC_9E285A,1,10,team2,Team 2 (E/W),34,86,1,♣,finished,2026-05-17T19:28:08.948824+00:00
7978,INPROC_CAEE11,1,10,team1,Team 1 (N/S),62,58,13,♦,finished,2026-05-17T19:28:08.965426+00:00
7979,INPROC_20D768,1,10,team1,Team 1 (N/S),96,24,27,♥,finished,2026-05-17T19:28:08.981073+00:00
7980,INPROC_596A8A,1,10,team2,Team 2 (E/W),49,71,31,♠,finished,2026-05-17T19:28:08.996595+00:00
7981,INPROC_4C5BDE,1,10,team2,Team 2 (E/W),30,90,35,♠,finished,2026-05-17T19:28:09.012635+00:00
7982,INPROC_B9FC32,1,10,team2,Team 2 (E/W),57,63,23,♥,finished,2026-05-17T19:28:09.029057+00:00
7983,INPROC_298B65,1,10,team2,Team 2 (E/W),32,88,18,♦,finished,2026-05-17T19:28:09.046346+00:00
7984,INPROC_061077,1,10,draw,draw,60,60,23,♥,finished,2026-05-17T19:28:09.064087+00:00
7985,INPROC_35C77C,1,10,team2,Team 2 (E/W),32,88,27,♥,finished,2026-05-17T19:28:09.081392+00:00
7986,INPROC_5856DB,1,10,team2,Team 2 (E/W),33,87,7,♣,finished,2026-05-17T19:28:09.098837+00:00
7987,INPROC_8ECC0C,1,10,team1,Team 1 (N/S),69,51,32,♠,finished,2026-05-17T19:28:09.116614+00:00
7988,INPROC_3C0FF1,1,10,team1,Team 1 (N/S),90,30,8,♣,finished,2026-05-17T19:28:09.127885+00:00
7989,INPROC_B31FBC,1,10,team1,Team 1 (N/S),118,2,25,♥,finished,2026-05-17T19:28:09.146250+00:00
7990,INPROC_8F40EB,1,10,team1,Team 1 (N/S),73,47,34,♠,finished,2026-05-17T19:28:09.164956+00:00
7991,INPROC_739B81,1,10,team2,Team 2 (E/W),53,67,37,♠,finished,2026-05-17T19:28:09.180608+00:00
7992,INPROC_E45B66,1,10,team2,Team 2 (E/W),53,67,17,♦,finished,2026-05-17T19:28:09.193054+00:00
7993,INPROC_521A19,1,10,team2,Team 2 (E/W),53,67,17,♦,finished,2026-05-17T19:28:09.204868+00:00
7994,INPROC_199EBD,1,10,team2,Team 2 (E/W),45,75,18,♦,finished,2026-05-17T19:28:09.218727+00:00
7995,INPROC_586F89,1,10,team2,Team 2 (E/W),49,71,32,♠,finished,2026-05-17T19:28:09.233551+00:00
7996,INPROC_63D18B,1,10,team1,Team 1 (N/S),88,32,22,♥,finished,2026-05-17T19:28:09.250865+00:00
7997,INPROC_6ABDC7,1,10,team1,Team 1 (N/S),68,52,28,♥,finished,2026-05-17T19:28:09.268398+00:00
7998,INPROC_7B875A,1,10,team1,Team 1 (N/S),66,54,3,♣,finished,2026-05-17T19:28:09.281115+00:00
7999,INPROC_D0B5FC,1,10,team1,Team 1 (N/S),84,36,11,♦,finished,2026-05-17T19:28:09.298061+00:00
8000,INPROC_8F6FE1,1,10,team2,Team 2 (E/W),48,72,35,♠,finished,2026-05-17T19:28:09.309904+00:00
8001,INPROC_B7B052,1,10,team1,Team 1 (N/S),92,28,10,♦,finished,2026-05-17T19:28:09.323699+00:00
8002,INPROC_BE5078,1,10,team2,Team 2 (E/W),29,91,15,♦,finished,2026-05-17T19:28:09.341418+00:00
8003,INPROC_CDC9D5,1,10,team2,Team 2 (E/W),58,62,36,♠,finished,2026-05-17T19:28:09.357933+00:00
8004,INPROC_B64056,1,10,team2,Team 2 (E/W),47,73,8,♣,finished,2026-05-17T19:28:09.374648+00:00
8005,INPROC_E10D0B,1,10,team2,Team 2 (E/W),48,72,7,♣,finished,2026-05-17T19:28:09.394271+00:00
8006,INPROC_C41FC0,1,10,team2,Team 2 (E/W),24,96,19,♦,finished,2026-05-17T19:28:09.413670+00:00
8007,INPROC_E7ABFD,1,10,team1,Team 1 (N/S),81,39,33,♠,finished,2026-05-17T19:28:09.428914+00:00
8008,INPROC_5BB1DB,1,10,team2,Team 2 (E/W),2,118,33,♠,finished,2026-05-17T19:28:09.446104+00:00
8009,INPROC_87BC70,1,10,team2,Team 2 (E/W),57,63,22,♥,finished,2026-05-17T19:28:09.458567+00:00
8010,INPROC_A5BCD0,1,10,team2,Team 2 (E/W),49,71,20,♥,finished,2026-05-17T19:28:09.470908+00:00
8011,INPROC_82BE9F,1,10,team2,Team 2 (E/W),49,71,38,♠,finished,2026-05-17T19:28:09.486293+00:00
8012,INPROC_82EE32,1,10,team1,Team 1 (N/S),70,50,12,♦,finished,2026-05-17T19:28:09.501377+00:00
8013,INPROC_FFB9B2,1,10,team2,Team 2 (E/W),29,91,13,♦,finished,2026-05-17T19:28:09.521797+00:00
8014,INPROC_BFCD50,1,10,team2,Team 2 (E/W),48,72,22,♥,finished,2026-05-17T19:28:09.535805+00:00
8015,INPROC_01D38B,1,10,team2,Team 2 (E/W),39,81,27,♥,finished,2026-05-17T19:28:09.550063+00:00
8016,INPROC_8F0ADA,1,10,team2,Team 2 (E/W),36,84,22,♥,finished,2026-05-17T19:28:09.565231+00:00
8017,INPROC_8966D3,1,10,team2,Team 2 (E/W),42,78,29,♥,finished,2026-05-17T19:28:09.579686+00:00
8018,INPROC_C20F3B,1,10,team2,Team 2 (E/W),51,69,33,♠,finished,2026-05-17T19:28:09.595562+00:00
8019,INPROC_86FBC3,1,10,team2,Team 2 (E/W),15,105,38,♠,finished,2026-05-17T19:28:09.610682+00:00
8020,INPROC_BE8B92,1,10,team2,Team 2 (E/W),56,64,2,♣,finished,2026-05-17T19:28:09.628200+00:00
8021,INPROC_73646D,1,10,team2,Team 2 (E/W),46,74,19,♦,finished,2026-05-17T19:28:09.645453+00:00
8022,INPROC_AF87B6,1,10,team2,Team 2 (E/W),46,74,36,♠,finished,2026-05-17T19:28:09.663253+00:00
8023,INPROC_C81C39,1,10,team1,Team 1 (N/S),83,37,27,♥,finished,2026-05-17T19:28:09.680466+00:00
8024,INPROC_8C5986,1,10,team2,Team 2 (E/W),53,67,20,♥,finished,2026-05-17T19:28:09.696090+00:00
8025,INPROC_635324,1,10,team1,Team 1 (N/S),99,21,16,♦,finished,2026-05-17T19:28:09.710899+00:00
8026,INPROC_DC2200,1,10,team1,Team 1 (N/S),66,54,1,♣,finished,2026-05-17T19:28:09.725899+00:00
8027,INPROC_BE8591,1,10,team1,Team 1 (N/S),95,25,34,♠,finished,2026-05-17T19:28:09.740370+00:00
8028,INPROC_F68C55,1,10,team2,Team 2 (E/W),36,84,15,♦,finished,2026-05-17T19:28:09.754668+00:00
8029,INPROC_E2D99D,1,10,team2,Team 2 (E/W),32,88,11,♦,finished,2026-05-17T19:28:09.770357+00:00
8030,INPROC_A9AB79,1,10,team2,Team 2 (E/W),53,67,28,♥,finished,2026-05-17T19:28:09.786290+00:00
8031,INPROC_2011D3,1,10,team2,Team 2 (E/W),33,87,33,♠,finished,2026-05-17T19:28:09.800837+00:00
8032,INPROC_E333D6,1,10,team2,Team 2 (E/W),55,65,31,♠,finished,2026-05-17T19:28:09.818693+00:00
8033,INPROC_FA3143,1,10,team2,Team 2 (E/W),24,96,3,♣,finished,2026-05-17T19:28:09.838328+00:00
8034,INPROC_C3B211,1,10,team2,Team 2 (E/W),44,76,34,♠,finished,2026-05-17T19:28:09.857994+00:00
8035,INPROC_0E74D1,1,10,team1,Team 1 (N/S),84,36,37,♠,finished,2026-05-17T19:28:09.875253+00:00
8036,INPROC_B72606,1,10,team1,Team 1 (N/S),68,52,19,♦,finished,2026-05-17T19:28:09.891613+00:00
8037,INPROC_AC34D7,1,10,team1,Team 1 (N/S),86,34,37,♠,finished,2026-05-17T19:28:09.910501+00:00
8038,INPROC_671C5C,1,10,team1,Team 1 (N/S),88,32,20,♥,finished,2026-05-17T19:28:09.927394+00:00
8039,INPROC_CEA5DA,1,10,team1,Team 1 (N/S),61,59,12,♦,finished,2026-05-17T19:28:09.948394+00:00
8040,INPROC_646EBB,1,10,team2,Team 2 (E/W),36,84,36,♠,finished,2026-05-17T19:28:09.965977+00:00
8041,INPROC_67C62F,1,10,team2,Team 2 (E/W),43,77,11,♦,finished,2026-05-17T19:28:09.978297+00:00
8042,INPROC_FEC0E6,1,10,team1,Team 1 (N/S),78,42,20,♥,finished,2026-05-17T19:28:09.990415+00:00
8043,INPROC_857CB3,1,10,team2,Team 2 (E/W),31,89,11,♦,finished,2026-05-17T19:28:10.005568+00:00
8044,INPROC_44E994,1,10,team1,Team 1 (N/S),94,26,27,♥,finished,2026-05-17T19:28:10.022456+00:00
8045,INPROC_4C18AE,1,10,team1,Team 1 (N/S),67,53,10,♦,finished,2026-05-17T19:28:10.037200+00:00
8046,INPROC_FA1CE5,1,10,team2,Team 2 (E/W),54,66,39,♠,finished,2026-05-17T19:28:10.051685+00:00
8047,INPROC_965D33,1,10,team2,Team 2 (E/W),43,77,6,♣,finished,2026-05-17T19:28:10.066394+00:00
8048,INPROC_6D44F9,1,10,team1,Team 1 (N/S),78,42,24,♥,finished,2026-05-17T19:28:10.082432+00:00
8049,INPROC_D63DB4,1,10,team1,Team 1 (N/S),101,19,38,♠,finished,2026-05-17T19:28:10.099446+00:00
8050,INPROC_3E69EF,1,10,team1,Team 1 (N/S),79,41,9,♣,finished,2026-05-17T19:28:10.118500+00:00
8051,INPROC_3A9607,1,10,team2,Team 2 (E/W),41,79,28,♥,finished,2026-05-17T19:28:10.134653+00:00
8052,INPROC_3FA713,1,10,team1,Team 1 (N/S),70,50,21,♥,finished,2026-05-17T19:28:10.153681+00:00
8053,INPROC_1641A5,1,10,team2,Team 2 (E/W),37,83,39,♠,finished,2026-05-17T19:28:10.169072+00:00
8054,INPROC_8D5FB3,1,10,team2,Team 2 (E/W),10,110,9,♣,finished,2026-05-17T19:28:10.185678+00:00
8055,INPROC_B63B8F,1,10,team1,Team 1 (N/S),87,33,24,♥,finished,2026-05-17T19:28:10.203624+00:00
8056,INPROC_CF7209,1,10,team1,Team 1 (N/S),70,50,33,♠,finished,2026-05-17T19:28:10.219429+00:00
8057,INPROC_A641D7,1,10,team2,Team 2 (E/W),57,63,34,♠,finished,2026-05-17T19:28:10.238255+00:00
8058,INPROC_B344F7,1,10,team2,Team 2 (E/W),51,69,20,♥,finished,2026-05-17T19:28:10.255788+00:00
8059,INPROC_6A8817,1,10,team1,Team 1 (N/S),89,31,28,♥,finished,2026-05-17T19:28:10.270330+00:00
8060,INPROC_12FB12,1,10,team1,Team 1 (N/S),74,46,17,♦,finished,2026-05-17T19:28:10.280679+00:00
8061,INPROC_644BF5,1,10,team2,Team 2 (E/W),2,118,27,♥,finished,2026-05-17T19:28:10.296115+00:00
8062,INPROC_B5B141,1,10,team1,Team 1 (N/S),66,54,27,♥,finished,2026-05-17T19:28:10.311341+00:00
8063,INPROC_3AE7BC,1,10,team2,Team 2 (E/W),30,90,8,♣,finished,2026-05-17T19:28:10.328058+00:00
8064,INPROC_83911E,1,10,team2,Team 2 (E/W),48,72,32,♠,finished,2026-05-17T19:28:10.344514+00:00
8065,INPROC_D46DDF,1,10,team1,Team 1 (N/S),69,51,27,♥,finished,2026-05-17T19:28:10.362223+00:00
8066,INPROC_F3875E,1,10,team1,Team 1 (N/S),80,40,3,♣,finished,2026-05-17T19:28:10.380913+00:00
8067,INPROC_BD764A,1,10,team2,Team 2 (E/W),27,93,20,♥,finished,2026-05-17T19:28:10.402601+00:00
8068,INPROC_192ADB,1,10,team2,Team 2 (E/W),56,64,21,♥,finished,2026-05-17T19:28:10.421145+00:00
8069,INPROC_2CBB69,1,10,team1,Team 1 (N/S),101,19,27,♥,finished,2026-05-17T19:28:10.438024+00:00
8070,INPROC_0A3D9A,1,10,team2,Team 2 (E/W),44,76,5,♣,finished,2026-05-17T19:28:10.454310+00:00
8071,INPROC_CDBBA5,1,10,team2,Team 2 (E/W),38,82,17,♦,finished,2026-05-17T19:28:10.472068+00:00
8072,INPROC_EDB16B,1,10,team2,Team 2 (E/W),37,83,6,♣,finished,2026-05-17T19:28:10.488066+00:00
8073,INPROC_E48092,1,10,team2,Team 2 (E/W),53,67,34,♠,finished,2026-05-17T19:28:10.506136+00:00
8074,INPROC_27BB06,1,10,team2,Team 2 (E/W),52,68,12,♦,finished,2026-05-17T19:28:10.519415+00:00
8075,INPROC_1FD124,1,10,team1,Team 1 (N/S),64,56,18,♦,finished,2026-05-17T19:28:10.530304+00:00
8076,INPROC_548E09,1,10,team1,Team 1 (N/S),85,35,3,♣,finished,2026-05-17T19:28:10.546872+00:00
8077,INPROC_4E89D9,1,10,team2,Team 2 (E/W),56,64,13,♦,finished,2026-05-17T19:28:10.562807+00:00
8078,INPROC_C0C0B7,1,10,team2,Team 2 (E/W),59,61,20,♥,finished,2026-05-17T19:28:10.580887+00:00
8079,INPROC_B37ECB,1,10,team2,Team 2 (E/W),29,91,36,♠,finished,2026-05-17T19:28:10.599340+00:00
8080,INPROC_5CD828,1,10,team1,Team 1 (N/S),73,47,17,♦,finished,2026-05-17T19:28:10.619334+00:00
8081,INPROC_20EADC,1,10,team1,Team 1 (N/S),64,56,8,♣,finished,2026-05-17T19:28:10.636778+00:00
8082,INPROC_239869,1,10,team1,Team 1 (N/S),72,48,24,♥,finished,2026-05-17T19:28:10.657561+00:00
8083,INPROC_59BB21,1,10,team2,Team 2 (E/W),33,87,8,♣,finished,2026-05-17T19:28:10.675346+00:00
8084,INPROC_95A672,1,10,team2,Team 2 (E/W),53,67,16,♦,finished,2026-05-17T19:28:10.695387+00:00
8085,INPROC_FA995B,1,10,team2,Team 2 (E/W),14,106,31,♠,finished,2026-05-17T19:28:10.716388+00:00
8086,INPROC_08BB7B,1,10,team2,Team 2 (E/W),34,86,1,♣,finished,2026-05-17T19:28:10.731571+00:00
8087,INPROC_8B44A9,1,10,team1,Team 1 (N/S),62,58,12,♦,finished,2026-05-17T19:28:10.746017+00:00
8088,INPROC_E0AD65,1,10,team1,Team 1 (N/S),90,30,15,♦,finished,2026-05-17T19:28:10.760194+00:00
8089,INPROC_5DDC1B,1,10,team1,Team 1 (N/S),84,36,10,♦,finished,2026-05-17T19:28:10.773811+00:00
8090,INPROC_D78EA7,1,10,team2,Team 2 (E/W),39,81,7,♣,finished,2026-05-17T19:28:10.785943+00:00
8091,INPROC_31EA2A,1,10,team2,Team 2 (E/W),50,70,2,♣,finished,2026-05-17T19:28:10.797778+00:00
8092,INPROC_2D0F44,1,10,team1,Team 1 (N/S),65,55,18,♦,finished,2026-05-17T19:28:10.809830+00:00
8093,INPROC_2B0FAE,1,10,team2,Team 2 (E/W),21,99,3,♣,finished,2026-05-17T19:28:10.823822+00:00
8094,INPROC_0262C4,1,10,team1,Team 1 (N/S),106,14,24,♥,finished,2026-05-17T19:28:10.837499+00:00
8095,INPROC_D532C7,1,10,team1,Team 1 (N/S),61,59,15,♦,finished,2026-05-17T19:28:10.848793+00:00
8096,INPROC_6FBB4D,1,10,team1,Team 1 (N/S),90,30,0,♣,finished,2026-05-17T19:28:10.860545+00:00
8097,INPROC_CAEB8E,1,10,team2,Team 2 (E/W),53,67,13,♦,finished,2026-05-17T19:28:10.874326+00:00
8098,INPROC_93AB1D,1,10,team2,Team 2 (E/W),42,78,5,♣,finished,2026-05-17T19:28:10.885104+00:00
8099,INPROC_E13B90,1,10,team2,Team 2 (E/W),21,99,37,♠,finished,2026-05-17T19:28:10.895834+00:00
8100,INPROC_3E1D16,1,10,team1,Team 1 (N/S),72,48,20,♥,finished,2026-05-17T19:28:10.910873+00:00
8101,INPROC_3AE9F5,1,10,draw,draw,60,60,18,♦,finished,2026-05-17T19:28:10.923347+00:00
8102,INPROC_6C0C60,1,10,team2,Team 2 (E/W),40,80,28,♥,finished,2026-05-17T19:28:10.934967+00:00
8103,INPROC_5A89D0,1,10,team1,Team 1 (N/S),69,51,4,♣,finished,2026-05-17T19:28:10.945806+00:00
8104,INPROC_9C0F79,1,10,team1,Team 1 (N/S),87,33,1,♣,finished,2026-05-17T19:28:10.958259+00:00
8105,INPROC_871ACD,1,10,team1,Team 1 (N/S),75,45,0,♣,finished,2026-05-17T19:28:10.970968+00:00
8106,INPROC_AAF24B,1,10,team2,Team 2 (E/W),16,104,30,♠,finished,2026-05-17T19:28:10.990827+00:00
8107,INPROC_4B363A,1,10,team2,Team 2 (E/W),41,79,19,♦,finished,2026-05-17T19:28:11.007213+00:00
8108,INPROC_07CBC8,1,10,team2,Team 2 (E/W),53,67,12,♦,finished,2026-05-17T19:28:11.023599+00:00
8109,INPROC_3E46DA,1,10,team1,Team 1 (N/S),62,58,4,♣,finished,2026-05-17T19:28:11.037119+00:00
8110,INPROC_C69F0A,1,10,team1,Team 1 (N/S),63,57,32,♠,finished,2026-05-17T19:28:11.049562+00:00
8111,INPROC_AE9A6D,1,10,team1,Team 1 (N/S),65,55,35,♠,finished,2026-05-17T19:28:11.065339+00:00
8112,INPROC_6B18FA,1,10,team1,Team 1 (N/S),92,28,6,♣,finished,2026-05-17T19:28:11.082438+00:00
8113,INPROC_2195AA,1,10,team2,Team 2 (E/W),58,62,7,♣,finished,2026-05-17T19:28:11.098558+00:00
8114,INPROC_C86FAB,1,10,team2,Team 2 (E/W),36,84,6,♣,finished,2026-05-17T19:28:11.115390+00:00
8115,INPROC_69413F,1,10,team2,Team 2 (E/W),41,79,33,♠,finished,2026-05-17T19:28:11.132251+00:00
8116,INPROC_F87133,1,10,team2,Team 2 (E/W),41,79,22,♥,finished,2026-05-17T19:28:11.151559+00:00
8117,INPROC_6AEE91,1,10,team1,Team 1 (N/S),62,58,23,♥,finished,2026-05-17T19:28:11.171387+00:00
8118,INPROC_66BC12,1,10,team2,Team 2 (E/W),39,81,1,♣,finished,2026-05-17T19:28:11.189073+00:00
8119,INPROC_0365ED,1,10,team1,Team 1 (N/S),81,39,0,♣,finished,2026-05-17T19:28:11.204898+00:00
8120,INPROC_AE1368,1,10,team1,Team 1 (N/S),87,33,20,♥,finished,2026-05-17T19:28:11.224082+00:00
8121,INPROC_99263E,1,10,team2,Team 2 (E/W),13,107,14,♦,finished,2026-05-17T19:28:11.241056+00:00
8122,INPROC_15C72F,1,10,team2,Team 2 (E/W),31,89,23,♥,finished,2026-05-17T19:28:11.258028+00:00
8123,INPROC_74466E,1,10,team2,Team 2 (E/W),37,83,30,♠,finished,2026-05-17T19:28:11.278589+00:00
8124,INPROC_7989D4,1,10,team2,Team 2 (E/W),43,77,12,♦,finished,2026-05-17T19:28:11.295025+00:00
8125,INPROC_8F7A8D,1,10,team1,Team 1 (N/S),66,54,33,♠,finished,2026-05-17T19:28:11.307856+00:00
8126,INPROC_E8885A,1,10,team1,Team 1 (N/S),62,58,11,♦,finished,2026-05-17T19:28:11.320481+00:00
8127,INPROC_6A6817,1,10,team1,Team 1 (N/S),76,44,18,♦,finished,2026-05-17T19:28:11.336783+00:00
8128,INPROC_FD86B7,1,10,team1,Team 1 (N/S),93,27,0,♣,finished,2026-05-17T19:28:11.353352+00:00
8129,INPROC_5C929E,1,10,team1,Team 1 (N/S),61,59,25,♥,finished,2026-05-17T19:28:11.371849+00:00
8130,INPROC_6EF2A5,1,10,team1,Team 1 (N/S),73,47,20,♥,finished,2026-05-17T19:28:11.391948+00:00
8131,INPROC_25F85D,1,10,team2,Team 2 (E/W),49,71,5,♣,finished,2026-05-17T19:28:11.410368+00:00
8132,INPROC_2807FC,1,10,team1,Team 1 (N/S),88,32,39,♠,finished,2026-05-17T19:28:11.429256+00:00
8133,INPROC_CBC13F,1,10,team2,Team 2 (E/W),59,61,36,♠,finished,2026-05-17T19:28:11.447961+00:00
8134,INPROC_BA4BFD,1,10,team1,Team 1 (N/S),87,33,29,♥,finished,2026-05-17T19:28:11.473020+00:00
8135,INPROC_874FAD,1,10,team2,Team 2 (E/W),57,63,11,♦,finished,2026-05-17T19:28:11.499500+00:00
8136,INPROC_7E29A0,1,10,team2,Team 2 (E/W),53,67,6,♣,finished,2026-05-17T19:28:11.518751+00:00
8137,INPROC_D4206F,1,10,team1,Team 1 (N/S),91,29,11,♦,finished,2026-05-17T19:28:11.537994+00:00
8138,INPROC_7596D7,1,10,team2,Team 2 (E/W),50,70,24,♥,finished,2026-05-17T19:28:11.555021+00:00
8139,INPROC_F27BCB,1,10,team1,Team 1 (N/S),118,2,10,♦,finished,2026-05-17T19:28:11.568418+00:00
8140,INPROC_FB1E2F,1,10,team1,Team 1 (N/S),84,36,12,♦,finished,2026-05-17T19:28:11.579437+00:00
8141,INPROC_4FDC40,1,10,team1,Team 1 (N/S),68,52,38,♠,finished,2026-05-17T19:28:11.597510+00:00
8142,INPROC_BB23AB,1,10,team1,Team 1 (N/S),80,40,33,♠,finished,2026-05-17T19:28:11.614823+00:00
8143,INPROC_9B1616,1,10,team1,Team 1 (N/S),63,57,34,♠,finished,2026-05-17T19:28:11.632392+00:00
8144,INPROC_1C05DC,1,10,team1,Team 1 (N/S),93,27,11,♦,finished,2026-05-17T19:28:11.649665+00:00
8145,INPROC_2ACB04,1,10,team1,Team 1 (N/S),66,54,37,♠,finished,2026-05-17T19:28:11.666249+00:00
8146,INPROC_AF94A2,1,10,draw,draw,60,60,38,♠,finished,2026-05-17T19:28:11.684962+00:00
8147,INPROC_445A2D,1,10,team2,Team 2 (E/W),37,83,28,♥,finished,2026-05-17T19:28:11.702549+00:00
8148,INPROC_A75D5D,1,10,team1,Team 1 (N/S),66,54,26,♥,finished,2026-05-17T19:28:11.720805+00:00
8149,INPROC_4E241B,1,10,team1,Team 1 (N/S),63,57,3,♣,finished,2026-05-17T19:28:11.737575+00:00
8150,INPROC_DF86AE,1,10,team2,Team 2 (E/W),59,61,22,♥,finished,2026-05-17T19:28:11.754888+00:00
8151,INPROC_CDB94D,1,10,team1,Team 1 (N/S),77,43,14,♦,finished,2026-05-17T19:28:11.771523+00:00
8152,INPROC_A36B0A,1,10,team1,Team 1 (N/S),90,30,36,♠,finished,2026-05-17T19:28:11.784078+00:00
8153,INPROC_57AF4C,1,10,team1,Team 1 (N/S),85,35,8,♣,finished,2026-05-17T19:28:11.801465+00:00
8154,INPROC_E1A921,1,10,team2,Team 2 (E/W),52,68,13,♦,finished,2026-05-17T19:28:11.815319+00:00
8155,INPROC_FB3A36,1,10,team1,Team 1 (N/S),80,40,18,♦,finished,2026-05-17T19:28:11.829535+00:00
8156,INPROC_111B26,1,10,team1,Team 1 (N/S),74,46,24,♥,finished,2026-05-17T19:28:11.846972+00:00
8157,INPROC_034FCA,1,10,team2,Team 2 (E/W),54,66,4,♣,finished,2026-05-17T19:28:11.864513+00:00
8158,INPROC_17FCDE,1,10,team2,Team 2 (E/W),35,85,24,♥,finished,2026-05-17T19:28:11.881682+00:00
8159,INPROC_E20F5A,1,10,team2,Team 2 (E/W),48,72,0,♣,finished,2026-05-17T19:28:11.898360+00:00
8160,INPROC_C23461,1,10,team2,Team 2 (E/W),15,105,38,♠,finished,2026-05-17T19:28:11.912791+00:00
8161,INPROC_40C1BF,1,10,team2,Team 2 (E/W),39,81,27,♥,finished,2026-05-17T19:28:11.925906+00:00
8162,INPROC_CA7B0E,1,10,team2,Team 2 (E/W),45,75,23,♥,finished,2026-05-17T19:28:11.941834+00:00
8163,INPROC_87271F,1,10,team1,Team 1 (N/S),70,50,27,♥,finished,2026-05-17T19:28:11.958236+00:00
8164,INPROC_34AB3A,1,10,team2,Team 2 (E/W),23,97,36,♠,finished,2026-05-17T19:28:11.973931+00:00
8165,INPROC_5569C1,1,10,team1,Team 1 (N/S),69,51,38,♠,finished,2026-05-17T19:28:11.992148+00:00
8166,INPROC_620C2F,1,10,team1,Team 1 (N/S),89,31,0,♣,finished,2026-05-17T19:28:12.009657+00:00
8167,INPROC_F288A1,1,10,team2,Team 2 (E/W),48,72,4,♣,finished,2026-05-17T19:28:12.023989+00:00
8168,INPROC_F57AB9,1,10,team2,Team 2 (E/W),48,72,1,♣,finished,2026-05-17T19:28:12.042721+00:00
8169,INPROC_F66451,1,10,team2,Team 2 (E/W),57,63,27,♥,finished,2026-05-17T19:28:12.062952+00:00
8170,INPROC_FAFA7F,1,10,team1,Team 1 (N/S),85,35,13,♦,finished,2026-05-17T19:28:12.076948+00:00
8171,INPROC_D6065A,1,10,team2,Team 2 (E/W),45,75,37,♠,finished,2026-05-17T19:28:12.087077+00:00
8172,INPROC_B4582C,1,10,team1,Team 1 (N/S),93,27,10,♦,finished,2026-05-17T19:28:12.102851+00:00
8173,INPROC_084E53,1,10,team1,Team 1 (N/S),91,29,17,♦,finished,2026-05-17T19:28:12.119215+00:00
8174,INPROC_1567C3,1,10,team1,Team 1 (N/S),76,44,24,♥,finished,2026-05-17T19:28:12.135613+00:00
8175,INPROC_56EF07,1,10,team2,Team 2 (E/W),23,97,10,♦,finished,2026-05-17T19:28:12.155322+00:00
8176,INPROC_510375,1,10,team1,Team 1 (N/S),62,58,14,♦,finished,2026-05-17T19:28:12.171673+00:00
8177,INPROC_8C1EE3,1,10,team2,Team 2 (E/W),56,64,32,♠,finished,2026-05-17T19:28:12.190708+00:00
8178,INPROC_1E63A1,1,10,team2,Team 2 (E/W),59,61,21,♥,finished,2026-05-17T19:28:12.206217+00:00
8179,INPROC_010E49,1,10,team1,Team 1 (N/S),102,18,35,♠,finished,2026-05-17T19:28:12.222313+00:00
8180,INPROC_79C316,1,10,team2,Team 2 (E/W),34,86,39,♠,finished,2026-05-17T19:28:12.233587+00:00
8181,INPROC_CF5355,1,10,team2,Team 2 (E/W),57,63,19,♦,finished,2026-05-17T19:28:12.248458+00:00
8182,INPROC_0111EA,1,10,team2,Team 2 (E/W),53,67,39,♠,finished,2026-05-17T19:28:12.266466+00:00
8183,INPROC_FDDB58,1,10,team2,Team 2 (E/W),28,92,23,♥,finished,2026-05-17T19:28:12.284481+00:00
8184,INPROC_A30D95,1,10,team1,Team 1 (N/S),80,40,8,♣,finished,2026-05-17T19:28:12.299256+00:00
8185,INPROC_D89003,1,10,team2,Team 2 (E/W),18,102,16,♦,finished,2026-05-17T19:28:12.314774+00:00
8186,INPROC_575E18,1,10,team2,Team 2 (E/W),54,66,22,♥,finished,2026-05-17T19:28:12.329014+00:00
8187,INPROC_47BF78,1,10,team2,Team 2 (E/W),47,73,9,♣,finished,2026-05-17T19:28:12.339976+00:00
8188,INPROC_9E99EA,1,10,team2,Team 2 (E/W),32,88,9,♣,finished,2026-05-17T19:28:12.353005+00:00
8189,INPROC_1DFF0B,1,10,team1,Team 1 (N/S),62,58,27,♥,finished,2026-05-17T19:28:12.369697+00:00
8190,INPROC_D58C77,1,10,team2,Team 2 (E/W),11,109,27,♥,finished,2026-05-17T19:28:12.387620+00:00
8191,INPROC_D0427B,1,10,team2,Team 2 (E/W),17,103,34,♠,finished,2026-05-17T19:28:12.405453+00:00
8192,INPROC_109238,1,10,team1,Team 1 (N/S),80,40,14,♦,finished,2026-05-17T19:28:12.425372+00:00
8193,INPROC_9965A6,1,10,team1,Team 1 (N/S),87,33,16,♦,finished,2026-05-17T19:28:12.445772+00:00
8194,INPROC_5384E7,1,10,team1,Team 1 (N/S),73,47,37,♠,finished,2026-05-17T19:28:12.464965+00:00
8195,INPROC_6022EF,1,10,team1,Team 1 (N/S),83,37,16,♦,finished,2026-05-17T19:28:12.482736+00:00
8196,INPROC_7BE2D8,1,10,team1,Team 1 (N/S),73,47,34,♠,finished,2026-05-17T19:28:12.497968+00:00
8197,INPROC_E41AF2,1,10,team2,Team 2 (E/W),24,96,7,♣,finished,2026-05-17T19:28:12.513736+00:00
8198,INPROC_CC85C4,1,10,team2,Team 2 (E/W),29,91,17,♦,finished,2026-05-17T19:28:12.529705+00:00
8199,INPROC_C668F4,1,10,team2,Team 2 (E/W),55,65,7,♣,finished,2026-05-17T19:28:12.547644+00:00
8200,INPROC_133347,1,10,team2,Team 2 (E/W),29,91,17,♦,finished,2026-05-17T19:28:12.566344+00:00
8201,INPROC_AF7D38,1,10,team2,Team 2 (E/W),27,93,16,♦,finished,2026-05-17T19:28:12.582814+00:00
8202,INPROC_E90F6F,1,10,team2,Team 2 (E/W),42,78,11,♦,finished,2026-05-17T19:28:12.594966+00:00
8203,INPROC_CE99CD,1,10,team2,Team 2 (E/W),46,74,19,♦,finished,2026-05-17T19:28:12.607060+00:00
8204,INPROC_1BA322,1,10,team2,Team 2 (E/W),23,97,1,♣,finished,2026-05-17T19:28:12.617579+00:00
8205,INPROC_D999E1,1,10,team2,Team 2 (E/W),34,86,13,♦,finished,2026-05-17T19:28:12.632711+00:00
8206,INPROC_9C439D,1,10,team1,Team 1 (N/S),79,41,22,♥,finished,2026-05-17T19:28:12.649941+00:00
8207,INPROC_8384DF,1,10,team1,Team 1 (N/S),62,58,36,♠,finished,2026-05-17T19:28:12.669163+00:00
8208,INPROC_03663D,1,10,team1,Team 1 (N/S),88,32,35,♠,finished,2026-05-17T19:28:12.686319+00:00
8209,INPROC_96BE39,1,10,team1,Team 1 (N/S),73,47,15,♦,finished,2026-05-17T19:28:12.700725+00:00
8210,INPROC_84D797,1,10,team1,Team 1 (N/S),77,43,24,♥,finished,2026-05-17T19:28:12.716597+00:00
8211,INPROC_7C66DE,1,10,team2,Team 2 (E/W),27,93,19,♦,finished,2026-05-17T19:28:12.732793+00:00
8212,INPROC_2AAC1B,1,10,team1,Team 1 (N/S),74,46,21,♥,finished,2026-05-17T19:28:12.750014+00:00
8213,INPROC_F24E91,1,10,team1,Team 1 (N/S),110,10,23,♥,finished,2026-05-17T19:28:12.765984+00:00
8214,INPROC_AD54DE,1,10,team2,Team 2 (E/W),32,88,24,♥,finished,2026-05-17T19:28:12.781550+00:00
8215,INPROC_B37389,1,10,team1,Team 1 (N/S),103,17,4,♣,finished,2026-05-17T19:28:12.799411+00:00
8216,INPROC_E7DFE4,1,10,team2,Team 2 (E/W),21,99,8,♣,finished,2026-05-17T19:28:12.815370+00:00
8217,INPROC_89F679,1,10,team1,Team 1 (N/S),87,33,13,♦,finished,2026-05-17T19:28:12.829222+00:00
8218,INPROC_5BC0EE,1,10,team1,Team 1 (N/S),64,56,5,♣,finished,2026-05-17T19:28:12.845370+00:00
8219,INPROC_D70F3B,1,10,team2,Team 2 (E/W),55,65,33,♠,finished,2026-05-17T19:28:12.859392+00:00
8220,INPROC_E72117,1,10,team2,Team 2 (E/W),51,69,27,♥,finished,2026-05-17T19:28:12.870350+00:00
8221,INPROC_98C72A,1,10,team1,Team 1 (N/S),87,33,15,♦,finished,2026-05-17T19:28:12.883980+00:00
8222,INPROC_7FFDA8,1,10,team2,Team 2 (E/W),6,114,24,♥,finished,2026-05-17T19:28:12.902674+00:00
8223,INPROC_A2DA9C,1,10,draw,draw,60,60,33,♠,finished,2026-05-17T19:28:12.920700+00:00
8224,INPROC_2EDCD9,1,10,team1,Team 1 (N/S),77,43,11,♦,finished,2026-05-17T19:28:12.935994+00:00
8225,INPROC_8B5B2D,1,10,team2,Team 2 (E/W),40,80,31,♠,finished,2026-05-17T19:28:12.953605+00:00
8226,INPROC_2D3C80,1,10,team1,Team 1 (N/S),69,51,3,♣,finished,2026-05-17T19:28:12.971742+00:00
8227,INPROC_BD00BD,1,10,team2,Team 2 (E/W),48,72,24,♥,finished,2026-05-17T19:28:12.989729+00:00
8228,INPROC_48BE3C,1,10,team2,Team 2 (E/W),47,73,4,♣,finished,2026-05-17T19:28:13.008035+00:00
8229,INPROC_BE34CF,1,10,team2,Team 2 (E/W),47,73,21,♥,finished,2026-05-17T19:28:13.024645+00:00
8230,INPROC_923722,1,10,team1,Team 1 (N/S),62,58,32,♠,finished,2026-05-17T19:28:13.052346+00:00
8231,INPROC_CED039,1,10,team2,Team 2 (E/W),50,70,11,♦,finished,2026-05-17T19:28:13.073516+00:00
8232,INPROC_DF86DB,1,10,team2,Team 2 (E/W),46,74,37,♠,finished,2026-05-17T19:28:13.092906+00:00
8233,INPROC_F34AAB,1,10,team1,Team 1 (N/S),67,53,35,♠,finished,2026-05-17T19:28:13.111011+00:00
8234,INPROC_F75249,1,10,team2,Team 2 (E/W),44,76,36,♠,finished,2026-05-17T19:28:13.125821+00:00
8235,INPROC_175D87,1,10,team2,Team 2 (E/W),18,102,17,♦,finished,2026-05-17T19:28:13.141128+00:00
8236,INPROC_082AF2,1,10,team2,Team 2 (E/W),53,67,36,♠,finished,2026-05-17T19:28:13.155368+00:00
8237,INPROC_31660D,1,10,team2,Team 2 (E/W),35,85,10,♦,finished,2026-05-17T19:28:13.172359+00:00
8238,INPROC_91FEC6,1,10,team1,Team 1 (N/S),89,31,29,♥,finished,2026-05-17T19:28:13.187417+00:00
8239,INPROC_AD4C36,1,10,team2,Team 2 (E/W),54,66,8,♣,finished,2026-05-17T19:28:13.203185+00:00
8240,INPROC_2F0868,1,10,team2,Team 2 (E/W),33,87,27,♥,finished,2026-05-17T19:28:13.217987+00:00
8241,INPROC_A614FD,1,10,team1,Team 1 (N/S),105,15,6,♣,finished,2026-05-17T19:28:13.234622+00:00
8242,INPROC_3706F2,1,10,team1,Team 1 (N/S),105,15,12,♦,finished,2026-05-17T19:28:13.251720+00:00
8243,INPROC_83DEF9,1,10,team2,Team 2 (E/W),51,69,37,♠,finished,2026-05-17T19:28:13.267426+00:00
8244,INPROC_B055BF,1,10,team2,Team 2 (E/W),43,77,29,♥,finished,2026-05-17T19:28:13.282138+00:00
8245,INPROC_6E4CE9,1,10,team1,Team 1 (N/S),80,40,15,♦,finished,2026-05-17T19:28:13.298485+00:00
8246,INPROC_7962D6,1,10,team2,Team 2 (E/W),12,108,3,♣,finished,2026-05-17T19:28:13.314783+00:00
8247,INPROC_EE01E4,1,10,team2,Team 2 (E/W),24,96,25,♥,finished,2026-05-17T19:28:13.336760+00:00
8248,INPROC_792F44,1,10,team2,Team 2 (E/W),58,62,15,♦,finished,2026-05-17T19:28:13.353818+00:00
8249,INPROC_5124E1,1,10,team1,Team 1 (N/S),87,33,32,♠,finished,2026-05-17T19:28:13.369347+00:00
8250,INPROC_44D4C1,1,10,team1,Team 1 (N/S),106,14,32,♠,finished,2026-05-17T19:28:13.384757+00:00
8251,INPROC_091008,1,10,team2,Team 2 (E/W),49,71,9,♣,finished,2026-05-17T19:28:13.397018+00:00
8252,INPROC_B363FC,1,10,team2,Team 2 (E/W),55,65,11,♦,finished,2026-05-17T19:28:13.411466+00:00
8253,INPROC_A3A45B,1,10,team1,Team 1 (N/S),76,44,39,♠,finished,2026-05-17T19:28:13.428151+00:00
8254,INPROC_48494C,1,10,team2,Team 2 (E/W),55,65,29,♥,finished,2026-05-17T19:28:13.444922+00:00
8255,INPROC_84AC13,1,10,team1,Team 1 (N/S),62,58,32,♠,finished,2026-05-17T19:28:13.462402+00:00
8256,INPROC_0D46AF,1,10,team2,Team 2 (E/W),34,86,36,♠,finished,2026-05-17T19:28:13.480827+00:00
8257,INPROC_7126B4,1,10,team2,Team 2 (E/W),35,85,22,♥,finished,2026-05-17T19:28:13.495958+00:00
8258,INPROC_65772E,1,10,team2,Team 2 (E/W),47,73,24,♥,finished,2026-05-17T19:28:13.514885+00:00
8259,INPROC_E03913,1,10,team2,Team 2 (E/W),22,98,34,♠,finished,2026-05-17T19:28:13.531253+00:00
8260,INPROC_33BD65,1,10,team2,Team 2 (E/W),41,79,16,♦,finished,2026-05-17T19:28:13.546163+00:00
8261,INPROC_20E9ED,1,10,team2,Team 2 (E/W),58,62,26,♥,finished,2026-05-17T19:28:13.565553+00:00
8262,INPROC_471905,1,10,team2,Team 2 (E/W),58,62,25,♥,finished,2026-05-17T19:28:13.581738+00:00
8263,INPROC_D68021,1,10,team2,Team 2 (E/W),32,88,9,♣,finished,2026-05-17T19:28:13.599014+00:00
8264,INPROC_C3F74E,1,10,team2,Team 2 (E/W),46,74,29,♥,finished,2026-05-17T19:28:13.615418+00:00
8265,INPROC_B4CDDF,1,10,team2,Team 2 (E/W),56,64,37,♠,finished,2026-05-17T19:28:13.632657+00:00
8266,INPROC_B3FB81,1,10,team1,Team 1 (N/S),73,47,35,♠,finished,2026-05-17T19:28:13.651099+00:00
8267,INPROC_90BB76,1,10,team1,Team 1 (N/S),66,54,12,♦,finished,2026-05-17T19:28:13.662867+00:00
8268,INPROC_40A372,1,10,team2,Team 2 (E/W),46,74,11,♦,finished,2026-05-17T19:28:13.674906+00:00
8269,INPROC_2612D9,1,10,team2,Team 2 (E/W),56,64,33,♠,finished,2026-05-17T19:28:13.688288+00:00
8270,INPROC_EBA880,1,10,team2,Team 2 (E/W),37,83,23,♥,finished,2026-05-17T19:28:13.705550+00:00
8271,INPROC_4C146F,1,10,team2,Team 2 (E/W),57,63,17,♦,finished,2026-05-17T19:28:13.722677+00:00
8272,INPROC_B006EF,1,10,team2,Team 2 (E/W),42,78,36,♠,finished,2026-05-17T19:28:13.740690+00:00
8273,INPROC_E483B9,1,10,team2,Team 2 (E/W),45,75,31,♠,finished,2026-05-17T19:28:13.758485+00:00
8274,INPROC_D13612,1,10,team2,Team 2 (E/W),29,91,21,♥,finished,2026-05-17T19:28:13.774853+00:00
8275,INPROC_766935,1,10,team2,Team 2 (E/W),54,66,6,♣,finished,2026-05-17T19:28:13.792425+00:00
8276,INPROC_49D98F,1,10,team1,Team 1 (N/S),84,36,39,♠,finished,2026-05-17T19:28:13.812031+00:00
8277,INPROC_F4A81C,1,10,team1,Team 1 (N/S),79,41,12,♦,finished,2026-05-17T19:28:13.831188+00:00
8278,INPROC_0D5E46,1,10,team2,Team 2 (E/W),22,98,13,♦,finished,2026-05-17T19:28:13.849212+00:00
8279,INPROC_E482EF,1,10,team1,Team 1 (N/S),87,33,10,♦,finished,2026-05-17T19:28:13.865485+00:00
8280,INPROC_B65291,1,10,team2,Team 2 (E/W),56,64,33,♠,finished,2026-05-17T19:28:13.883700+00:00
8281,INPROC_3B9CDB,1,10,team1,Team 1 (N/S),89,31,32,♠,finished,2026-05-17T19:28:13.902168+00:00
8282,INPROC_8088C5,1,10,team2,Team 2 (E/W),34,86,27,♥,finished,2026-05-17T19:28:13.920767+00:00
8283,INPROC_0BE56C,1,10,team2,Team 2 (E/W),48,72,24,♥,finished,2026-05-17T19:28:13.936998+00:00
8284,INPROC_61B533,1,10,team2,Team 2 (E/W),40,80,36,♠,finished,2026-05-17T19:28:13.951795+00:00
8285,INPROC_CCA09F,1,10,team1,Team 1 (N/S),67,53,29,♥,finished,2026-05-17T19:28:13.970711+00:00
8286,INPROC_B5430B,1,10,team2,Team 2 (E/W),47,73,23,♥,finished,2026-05-17T19:28:13.999928+00:00
8287,INPROC_45F9EA,1,10,team2,Team 2 (E/W),52,68,39,♠,finished,2026-05-17T19:28:14.018020+00:00
8288,INPROC_966221,1,10,team2,Team 2 (E/W),4,116,30,♠,finished,2026-05-17T19:28:14.037645+00:00
8289,INPROC_D652C0,1,10,team2,Team 2 (E/W),40,80,3,♣,finished,2026-05-17T19:28:14.049590+00:00
8290,INPROC_D009E4,1,10,team2,Team 2 (E/W),48,72,0,♣,finished,2026-05-17T19:28:14.065574+00:00
8291,INPROC_2D147C,1,10,team1,Team 1 (N/S),71,49,19,♦,finished,2026-05-17T19:28:14.082488+00:00
8292,INPROC_EC56EA,1,10,team2,Team 2 (E/W),45,75,21,♥,finished,2026-05-17T19:28:14.100045+00:00
8293,INPROC_0EFA59,1,10,team2,Team 2 (E/W),54,66,13,♦,finished,2026-05-17T19:28:14.116380+00:00
8294,INPROC_55680A,1,10,team1,Team 1 (N/S),65,55,5,♣,finished,2026-05-17T19:28:14.128924+00:00
8295,INPROC_BE1AD6,1,10,team2,Team 2 (E/W),15,105,2,♣,finished,2026-05-17T19:28:14.145257+00:00
8296,INPROC_91515B,1,10,team1,Team 1 (N/S),79,41,35,♠,finished,2026-05-17T19:28:14.161909+00:00
8297,INPROC_D30FC7,1,10,team1,Team 1 (N/S),67,53,5,♣,finished,2026-05-17T19:28:14.176144+00:00
8298,INPROC_570DD5,1,10,draw,draw,60,60,17,♦,finished,2026-05-17T19:28:14.190371+00:00
8299,INPROC_6091CF,1,10,team1,Team 1 (N/S),90,30,8,♣,finished,2026-05-17T19:28:14.204780+00:00
8300,INPROC_A64BFF,1,10,team1,Team 1 (N/S),72,48,30,♠,finished,2026-05-17T19:28:14.221506+00:00
8301,INPROC_14BD27,1,10,team2,Team 2 (E/W),56,64,30,♠,finished,2026-05-17T19:28:14.237326+00:00
8302,INPROC_4880EA,1,10,draw,draw,60,60,8,♣,finished,2026-05-17T19:28:14.253904+00:00
8303,INPROC_52C1A5,1,10,team1,Team 1 (N/S),84,36,4,♣,finished,2026-05-17T19:28:14.270346+00:00
8304,INPROC_880199,1,10,team2,Team 2 (E/W),14,106,4,♣,finished,2026-05-17T19:28:14.286858+00:00
8305,INPROC_E3A615,1,10,team1,Team 1 (N/S),61,59,12,♦,finished,2026-05-17T19:28:14.299356+00:00
8306,INPROC_A8A689,1,10,team2,Team 2 (E/W),43,77,34,♠,finished,2026-05-17T19:28:14.314676+00:00
8307,INPROC_EABEFA,1,10,team2,Team 2 (E/W),31,89,18,♦,finished,2026-05-17T19:28:14.328237+00:00
8308,INPROC_1AC54F,1,10,team1,Team 1 (N/S),89,31,24,♥,finished,2026-05-17T19:28:14.343450+00:00
8309,INPROC_56845F,1,10,team1,Team 1 (N/S),78,42,24,♥,finished,2026-05-17T19:28:14.363405+00:00
8310,INPROC_9473C4,1,10,team2,Team 2 (E/W),29,91,39,♠,finished,2026-05-17T19:28:14.381918+00:00
8311,INPROC_BE6FE5,1,10,draw,draw,60,60,13,♦,finished,2026-05-17T19:28:14.393273+00:00
8312,INPROC_705343,1,10,team2,Team 2 (E/W),56,64,0,♣,finished,2026-05-17T19:28:14.412141+00:00
8313,INPROC_5E746A,1,10,team2,Team 2 (E/W),54,66,5,♣,finished,2026-05-17T19:28:14.428055+00:00
8314,INPROC_91F9AA,1,10,team1,Team 1 (N/S),92,28,6,♣,finished,2026-05-17T19:28:14.440284+00:00
8315,INPROC_85675F,1,10,team1,Team 1 (N/S),79,41,8,♣,finished,2026-05-17T19:28:14.453708+00:00
8316,INPROC_743CE3,1,10,team2,Team 2 (E/W),59,61,34,♠,finished,2026-05-17T19:28:14.469297+00:00
8317,INPROC_B8F1C0,1,10,team1,Team 1 (N/S),74,46,13,♦,finished,2026-05-17T19:28:14.486439+00:00
8318,INPROC_66C3F0,1,10,team1,Team 1 (N/S),76,44,4,♣,finished,2026-05-17T19:28:14.502260+00:00
8319,INPROC_B0D61C,1,10,team1,Team 1 (N/S),111,9,20,♥,finished,2026-05-17T19:28:14.518790+00:00
8320,INPROC_528438,1,10,team1,Team 1 (N/S),100,20,7,♣,finished,2026-05-17T19:28:14.535664+00:00
8321,INPROC_577523,1,10,team1,Team 1 (N/S),66,54,6,♣,finished,2026-05-17T19:28:14.551623+00:00
8322,INPROC_57D052,1,10,team2,Team 2 (E/W),52,68,24,♥,finished,2026-05-17T19:28:14.571029+00:00
8323,INPROC_C9B805,1,10,team1,Team 1 (N/S),83,37,36,♠,finished,2026-05-17T19:28:14.587464+00:00
8324,INPROC_DAB50E,1,10,team1,Team 1 (N/S),69,51,36,♠,finished,2026-05-17T19:28:14.604613+00:00
8325,INPROC_AD76D0,1,10,team2,Team 2 (E/W),57,63,9,♣,finished,2026-05-17T19:28:14.621573+00:00
8326,INPROC_81DF7A,1,10,team1,Team 1 (N/S),84,36,30,♠,finished,2026-05-17T19:28:14.641851+00:00
8327,INPROC_D5E9CD,1,10,team2,Team 2 (E/W),47,73,10,♦,finished,2026-05-17T19:28:14.657116+00:00
8328,INPROC_610CA1,1,10,team1,Team 1 (N/S),76,44,3,♣,finished,2026-05-17T19:28:14.674804+00:00
8329,INPROC_953B1E,1,10,team2,Team 2 (E/W),35,85,3,♣,finished,2026-05-17T19:28:14.694210+00:00
8330,INPROC_F76F91,1,10,team2,Team 2 (E/W),54,66,32,♠,finished,2026-05-17T19:28:14.706711+00:00
8331,INPROC_1D9BE6,1,10,team2,Team 2 (E/W),52,68,8,♣,finished,2026-05-17T19:28:14.720954+00:00
8332,INPROC_52F09A,1,10,team1,Team 1 (N/S),95,25,14,♦,finished,2026-05-17T19:28:14.732529+00:00
8333,INPROC_4AD138,1,10,team1,Team 1 (N/S),85,35,13,♦,finished,2026-05-17T19:28:14.745714+00:00
8334,INPROC_3EF9AD,1,10,team1,Team 1 (N/S),78,42,33,♠,finished,2026-05-17T19:28:14.764119+00:00
8335,INPROC_F72BA9,1,10,team1,Team 1 (N/S),75,45,8,♣,finished,2026-05-17T19:28:14.786284+00:00
8336,INPROC_3B5065,1,10,team1,Team 1 (N/S),89,31,18,♦,finished,2026-05-17T19:28:14.805006+00:00
8337,INPROC_3D9348,1,10,team2,Team 2 (E/W),51,69,1,♣,finished,2026-05-17T19:28:14.823635+00:00
8338,INPROC_74422C,1,10,team1,Team 1 (N/S),74,46,35,♠,finished,2026-05-17T19:28:14.841201+00:00
8339,INPROC_443B41,1,10,team2,Team 2 (E/W),56,64,33,♠,finished,2026-05-17T19:28:14.856765+00:00
8340,INPROC_602C69,1,10,team1,Team 1 (N/S),97,23,27,♥,finished,2026-05-17T19:28:14.870275+00:00
8341,INPROC_F6A774,1,10,team2,Team 2 (E/W),50,70,12,♦,finished,2026-05-17T19:28:14.887263+00:00
8342,INPROC_CBC86F,1,10,team2,Team 2 (E/W),27,93,5,♣,finished,2026-05-17T19:28:14.902205+00:00
8343,INPROC_3B1466,1,10,team2,Team 2 (E/W),44,76,27,♥,finished,2026-05-17T19:28:14.918907+00:00
8344,INPROC_D4F799,1,10,team1,Team 1 (N/S),100,20,27,♥,finished,2026-05-17T19:28:14.935422+00:00
8345,INPROC_2BCE5F,1,10,team2,Team 2 (E/W),57,63,9,♣,finished,2026-05-17T19:28:14.952276+00:00
8346,INPROC_BF0F59,1,10,team1,Team 1 (N/S),85,35,36,♠,finished,2026-05-17T19:28:14.968853+00:00
8347,INPROC_E8887A,1,10,team2,Team 2 (E/W),49,71,22,♥,finished,2026-05-17T19:28:14.983348+00:00
8348,INPROC_04EB12,1,10,team1,Team 1 (N/S),120,0,22,♥,finished,2026-05-17T19:28:14.997866+00:00
8349,INPROC_F66660,1,10,team1,Team 1 (N/S),73,47,34,♠,finished,2026-05-17T19:28:15.015783+00:00
8350,INPROC_44D16E,1,10,team2,Team 2 (E/W),48,72,34,♠,finished,2026-05-17T19:28:15.035944+00:00
8351,INPROC_61DE02,1,10,team1,Team 1 (N/S),79,41,24,♥,finished,2026-05-17T19:28:15.052666+00:00
8352,INPROC_4E4395,1,10,team1,Team 1 (N/S),70,50,15,♦,finished,2026-05-17T19:28:15.069845+00:00
8353,INPROC_E4CA19,1,10,team2,Team 2 (E/W),49,71,8,♣,finished,2026-05-17T19:28:15.084900+00:00
8354,INPROC_2FDFDB,1,10,team2,Team 2 (E/W),42,78,2,♣,finished,2026-05-17T19:28:15.102779+00:00
8355,INPROC_7E6B29,1,10,team1,Team 1 (N/S),91,29,13,♦,finished,2026-05-17T19:28:15.121644+00:00
8356,INPROC_00B624,1,10,team1,Team 1 (N/S),64,56,28,♥,finished,2026-05-17T19:28:15.138883+00:00
8357,INPROC_A13BDA,1,10,team1,Team 1 (N/S),74,46,6,♣,finished,2026-05-17T19:28:15.155987+00:00
8358,INPROC_7A61AA,1,10,team1,Team 1 (N/S),76,44,3,♣,finished,2026-05-17T19:28:15.171659+00:00
8359,INPROC_2A51C3,1,10,team2,Team 2 (E/W),45,75,23,♥,finished,2026-05-17T19:28:15.192422+00:00
8360,INPROC_BBAB0B,1,10,team2,Team 2 (E/W),43,77,26,♥,finished,2026-05-17T19:28:15.210335+00:00
8361,INPROC_AAAC9A,1,10,team1,Team 1 (N/S),120,0,5,♣,finished,2026-05-17T19:28:15.227758+00:00
8362,INPROC_7032A0,1,10,team1,Team 1 (N/S),72,48,20,♥,finished,2026-05-17T19:28:15.239859+00:00
8363,INPROC_7E5FEF,1,10,team2,Team 2 (E/W),36,84,26,♥,finished,2026-05-17T19:28:15.254518+00:00
8364,INPROC_2513CF,1,10,team2,Team 2 (E/W),40,80,30,♠,finished,2026-05-17T19:28:15.272453+00:00
8365,INPROC_C47A4C,1,10,team2,Team 2 (E/W),59,61,1,♣,finished,2026-05-17T19:28:15.287464+00:00
8366,INPROC_61DE18,1,10,team2,Team 2 (E/W),58,62,17,♦,finished,2026-05-17T19:28:15.303811+00:00
8367,INPROC_47B8A8,1,10,team2,Team 2 (E/W),52,68,19,♦,finished,2026-05-17T19:28:15.320251+00:00
8368,INPROC_E68888,1,10,team2,Team 2 (E/W),59,61,37,♠,finished,2026-05-17T19:28:15.335039+00:00
8369,INPROC_6B6E8A,1,10,team1,Team 1 (N/S),102,18,5,♣,finished,2026-05-17T19:28:15.349650+00:00
8370,INPROC_51A6E7,1,10,team1,Team 1 (N/S),75,45,9,♣,finished,2026-05-17T19:28:15.364190+00:00
8371,INPROC_77417A,1,10,team2,Team 2 (E/W),55,65,3,♣,finished,2026-05-17T19:28:15.381574+00:00
8372,INPROC_80BF2D,1,10,team2,Team 2 (E/W),47,73,38,♠,finished,2026-05-17T19:28:15.398899+00:00
8373,INPROC_32884C,1,10,team1,Team 1 (N/S),89,31,19,♦,finished,2026-05-17T19:28:15.415323+00:00
8374,INPROC_D6260B,1,10,team2,Team 2 (E/W),42,78,37,♠,finished,2026-05-17T19:28:15.435619+00:00
8375,INPROC_1370A7,1,10,team1,Team 1 (N/S),79,41,30,♠,finished,2026-05-17T19:28:15.451899+00:00
8376,INPROC_9BBF06,1,10,team1,Team 1 (N/S),86,34,1,♣,finished,2026-05-17T19:28:15.470175+00:00
8377,INPROC_F1C9CB,1,10,team1,Team 1 (N/S),67,53,17,♦,finished,2026-05-17T19:28:15.487799+00:00
8378,INPROC_F51502,1,10,team2,Team 2 (E/W),53,67,14,♦,finished,2026-05-17T19:28:15.502359+00:00
8379,INPROC_BE5068,1,10,team1,Team 1 (N/S),73,47,17,♦,finished,2026-05-17T19:28:15.513789+00:00
8380,INPROC_F28F23,1,10,team1,Team 1 (N/S),69,51,27,♥,finished,2026-05-17T19:28:15.532849+00:00
8381,INPROC_CC716F,1,10,team1,Team 1 (N/S),69,51,35,♠,finished,2026-05-17T19:28:15.550444+00:00
8382,INPROC_8527BC,1,10,team2,Team 2 (E/W),31,89,8,♣,finished,2026-05-17T19:28:15.569360+00:00
8383,INPROC_4AF86D,1,10,draw,draw,60,60,38,♠,finished,2026-05-17T19:28:15.584905+00:00
8384,INPROC_AF44F6,1,10,team1,Team 1 (N/S),101,19,12,♦,finished,2026-05-17T19:28:15.604618+00:00
8385,INPROC_E0E629,1,10,team1,Team 1 (N/S),105,15,21,♥,finished,2026-05-17T19:28:15.626188+00:00
8386,INPROC_BB6A7B,1,10,team1,Team 1 (N/S),79,41,2,♣,finished,2026-05-17T19:28:15.646648+00:00
8387,INPROC_A90725,1,10,draw,draw,60,60,20,♥,finished,2026-05-17T19:28:15.664917+00:00
8388,INPROC_0EBDBE,1,10,team1,Team 1 (N/S),104,16,0,♣,finished,2026-05-17T19:28:15.682991+00:00
8389,INPROC_144960,1,10,team2,Team 2 (E/W),53,67,16,♦,finished,2026-05-17T19:28:15.701608+00:00
8390,INPROC_729171,1,10,team2,Team 2 (E/W),49,71,37,♠,finished,2026-05-17T19:28:15.720950+00:00
8391,INPROC_E4ADAE,1,10,team2,Team 2 (E/W),29,91,13,♦,finished,2026-05-17T19:28:15.739784+00:00
8392,INPROC_A89F9E,1,10,team2,Team 2 (E/W),59,61,4,♣,finished,2026-05-17T19:28:15.757192+00:00
8393,INPROC_E4239B,1,10,team2,Team 2 (E/W),52,68,16,♦,finished,2026-05-17T19:28:15.770984+00:00
8394,INPROC_203CCE,1,10,team2,Team 2 (E/W),30,90,24,♥,finished,2026-05-17T19:28:15.782797+00:00
8395,INPROC_A71B77,1,10,team2,Team 2 (E/W),52,68,19,♦,finished,2026-05-17T19:28:15.798241+00:00
8396,INPROC_655652,1,10,team1,Team 1 (N/S),64,56,11,♦,finished,2026-05-17T19:28:15.814335+00:00
8397,INPROC_68F26A,1,10,team2,Team 2 (E/W),46,74,21,♥,finished,2026-05-17T19:28:15.832413+00:00
8398,INPROC_F7CBFF,1,10,team1,Team 1 (N/S),62,58,5,♣,finished,2026-05-17T19:28:15.850340+00:00
8399,INPROC_EDAF36,1,10,team2,Team 2 (E/W),43,77,17,♦,finished,2026-05-17T19:28:15.865816+00:00
8400,INPROC_FDC032,1,10,team2,Team 2 (E/W),16,104,24,♥,finished,2026-05-17T19:28:15.880774+00:00
8401,INPROC_0CC05E,1,10,team1,Team 1 (N/S),101,19,33,♠,finished,2026-05-17T19:28:15.895919+00:00
8402,INPROC_E0B0F6,1,10,team1,Team 1 (N/S),69,51,0,♣,finished,2026-05-17T19:28:15.913185+00:00
8403,INPROC_5E2A87,1,10,team1,Team 1 (N/S),92,28,31,♠,finished,2026-05-17T19:28:15.932008+00:00
8404,INPROC_FEFA1B,1,10,team2,Team 2 (E/W),28,92,24,♥,finished,2026-05-17T19:28:15.952371+00:00
8405,INPROC_3BF757,1,10,team1,Team 1 (N/S),78,42,30,♠,finished,2026-05-17T19:28:15.973035+00:00
8406,INPROC_AC0BA0,1,10,team2,Team 2 (E/W),27,93,7,♣,finished,2026-05-17T19:28:15.993021+00:00
8407,INPROC_941239,1,10,team2,Team 2 (E/W),32,88,25,♥,finished,2026-05-17T19:28:16.010327+00:00
8408,INPROC_C304E2,1,10,team1,Team 1 (N/S),88,32,36,♠,finished,2026-05-17T19:28:16.027098+00:00
8409,INPROC_177AD5,1,10,team2,Team 2 (E/W),24,96,31,♠,finished,2026-05-17T19:28:16.041156+00:00
8410,INPROC_6A2060,1,10,team2,Team 2 (E/W),37,83,11,♦,finished,2026-05-17T19:28:16.055939+00:00
8411,INPROC_1276A9,1,10,team1,Team 1 (N/S),109,11,17,♦,finished,2026-05-17T19:28:16.075481+00:00
8412,INPROC_FDD45F,1,10,team1,Team 1 (N/S),73,47,11,♦,finished,2026-05-17T19:28:16.091516+00:00
8413,INPROC_8E3C19,1,10,team2,Team 2 (E/W),38,82,1,♣,finished,2026-05-17T19:28:16.106809+00:00
8414,INPROC_B33F89,1,10,team1,Team 1 (N/S),69,51,14,♦,finished,2026-05-17T19:28:16.126323+00:00
8415,INPROC_1BA2BA,1,10,team1,Team 1 (N/S),87,33,36,♠,finished,2026-05-17T19:28:16.142490+00:00
8416,INPROC_35DC79,1,10,team2,Team 2 (E/W),48,72,23,♥,finished,2026-05-17T19:28:16.161385+00:00
8417,INPROC_51AADF,1,10,team1,Team 1 (N/S),82,38,24,♥,finished,2026-05-17T19:28:16.180072+00:00
8418,INPROC_CDABB4,1,10,team2,Team 2 (E/W),39,81,22,♥,finished,2026-05-17T19:28:16.196650+00:00
8419,INPROC_63EE73,1,10,team2,Team 2 (E/W),11,109,39,♠,finished,2026-05-17T19:28:16.214582+00:00
8420,INPROC_F92BFE,1,10,team2,Team 2 (E/W),44,76,4,♣,finished,2026-05-17T19:28:16.234005+00:00
8421,INPROC_14EAFB,1,10,team2,Team 2 (E/W),53,67,1,♣,finished,2026-05-17T19:28:16.252988+00:00
8422,INPROC_FBBB2E,1,10,team1,Team 1 (N/S),88,32,35,♠,finished,2026-05-17T19:28:16.273137+00:00
8423,INPROC_4409B7,1,10,team2,Team 2 (E/W),48,72,26,♥,finished,2026-05-17T19:28:16.291145+00:00
8424,INPROC_0EB69C,1,10,team1,Team 1 (N/S),61,59,14,♦,finished,2026-05-17T19:28:16.309749+00:00
8425,INPROC_89E2E7,1,10,team2,Team 2 (E/W),28,92,12,♦,finished,2026-05-17T19:28:16.325028+00:00
8426,INPROC_4164E7,1,10,team1,Team 1 (N/S),98,22,35,♠,finished,2026-05-17T19:28:16.344512+00:00
8427,INPROC_258499,1,10,team2,Team 2 (E/W),34,86,13,♦,finished,2026-05-17T19:28:16.361402+00:00
8428,INPROC_6D8F68,1,10,team2,Team 2 (E/W),46,74,10,♦,finished,2026-05-17T19:28:16.376585+00:00
8429,INPROC_8419A3,1,10,team2,Team 2 (E/W),25,95,9,♣,finished,2026-05-17T19:28:16.396140+00:00
8430,INPROC_8D802F,1,10,team2,Team 2 (E/W),46,74,12,♦,finished,2026-05-17T19:28:16.415116+00:00
8431,INPROC_6E46F5,1,10,team1,Team 1 (N/S),73,47,12,♦,finished,2026-05-17T19:28:16.434411+00:00
8432,INPROC_ACE9B5,1,10,team1,Team 1 (N/S),66,54,0,♣,finished,2026-05-17T19:28:16.454939+00:00
8433,INPROC_F0FA49,1,10,team2,Team 2 (E/W),51,69,9,♣,finished,2026-05-17T19:28:16.473502+00:00
8434,INPROC_2B7A95,1,10,team2,Team 2 (E/W),51,69,13,♦,finished,2026-05-17T19:28:16.490108+00:00
8435,INPROC_E3E769,1,10,team1,Team 1 (N/S),83,37,9,♣,finished,2026-05-17T19:28:16.510922+00:00
8436,INPROC_E09141,1,10,team2,Team 2 (E/W),36,84,1,♣,finished,2026-05-17T19:28:16.531049+00:00
8437,INPROC_6DC7DB,1,10,team2,Team 2 (E/W),46,74,31,♠,finished,2026-05-17T19:28:16.552409+00:00
8438,INPROC_71DC25,1,10,team2,Team 2 (E/W),24,96,39,♠,finished,2026-05-17T19:28:16.568050+00:00
8439,INPROC_5C2C49,1,10,team2,Team 2 (E/W),11,109,11,♦,finished,2026-05-17T19:28:16.585246+00:00
8440,INPROC_118513,1,10,team1,Team 1 (N/S),80,40,16,♦,finished,2026-05-17T19:28:16.606226+00:00
8441,INPROC_81AAA3,1,10,team2,Team 2 (E/W),16,104,12,♦,finished,2026-05-17T19:28:16.624860+00:00
8442,INPROC_D7A6A9,1,10,team2,Team 2 (E/W),45,75,3,♣,finished,2026-05-17T19:28:16.644740+00:00
8443,INPROC_427450,1,10,team1,Team 1 (N/S),66,54,8,♣,finished,2026-05-17T19:28:16.664590+00:00
8444,INPROC_DAC707,1,10,team2,Team 2 (E/W),22,98,30,♠,finished,2026-05-17T19:28:16.683472+00:00
8445,INPROC_8FD4DC,1,10,team1,Team 1 (N/S),66,54,18,♦,finished,2026-05-17T19:28:16.702953+00:00
8446,INPROC_27B7F3,1,10,team1,Team 1 (N/S),76,44,31,♠,finished,2026-05-17T19:28:16.721668+00:00
8447,INPROC_4BF8E9,1,10,team1,Team 1 (N/S),104,16,3,♣,finished,2026-05-17T19:28:16.739539+00:00
8448,INPROC_59317C,1,10,team2,Team 2 (E/W),0,120,39,♠,finished,2026-05-17T19:28:16.758152+00:00
8449,INPROC_7779D5,1,10,team1,Team 1 (N/S),70,50,28,♥,finished,2026-05-17T19:28:16.775417+00:00
8450,INPROC_DC8554,1,10,team2,Team 2 (E/W),46,74,27,♥,finished,2026-05-17T19:28:16.806338+00:00
8451,INPROC_AA399C,1,10,team1,Team 1 (N/S),98,22,26,♥,finished,2026-05-17T19:28:16.838013+00:00
8452,INPROC_E11C6A,1,10,team2,Team 2 (E/W),23,97,4,♣,finished,2026-05-17T19:28:16.855660+00:00
8453,INPROC_2C025C,1,10,team1,Team 1 (N/S),67,53,23,♥,finished,2026-05-17T19:28:16.882642+00:00
8454,INPROC_F3FD3A,1,10,team1,Team 1 (N/S),63,57,8,♣,finished,2026-05-17T19:28:16.903918+00:00
8455,INPROC_8601E1,1,10,team2,Team 2 (E/W),58,62,38,♠,finished,2026-05-17T19:28:16.918881+00:00
8456,INPROC_C72D9B,1,10,team2,Team 2 (E/W),24,96,5,♣,finished,2026-05-17T19:28:16.932135+00:00
8457,INPROC_38A189,1,10,team2,Team 2 (E/W),41,79,19,♦,finished,2026-05-17T19:28:16.945440+00:00
8458,INPROC_3BC720,1,10,team1,Team 1 (N/S),110,10,15,♦,finished,2026-05-17T19:28:16.962493+00:00
8459,INPROC_F12AA0,1,10,team1,Team 1 (N/S),89,31,18,♦,finished,2026-05-17T19:28:16.977861+00:00
8460,INPROC_032A5C,1,10,team2,Team 2 (E/W),49,71,18,♦,finished,2026-05-17T19:28:16.991116+00:00
8461,INPROC_A1CEEE,1,10,team1,Team 1 (N/S),67,53,20,♥,finished,2026-05-17T19:28:17.008431+00:00
8462,INPROC_D313E1,1,10,team2,Team 2 (E/W),57,63,17,♦,finished,2026-05-17T19:28:17.025868+00:00
8463,INPROC_744CD1,1,10,team2,Team 2 (E/W),24,96,5,♣,finished,2026-05-17T19:28:17.042563+00:00
8464,INPROC_767DFB,1,10,team2,Team 2 (E/W),39,81,34,♠,finished,2026-05-17T19:28:17.062660+00:00
8465,INPROC_C071FA,1,10,team1,Team 1 (N/S),70,50,31,♠,finished,2026-05-17T19:28:17.082902+00:00
8466,INPROC_61DAFD,1,10,team2,Team 2 (E/W),53,67,25,♥,finished,2026-05-17T19:28:17.097664+00:00
8467,INPROC_D91409,1,10,team1,Team 1 (N/S),66,54,31,♠,finished,2026-05-17T19:28:17.111669+00:00
8468,INPROC_907DB5,1,10,team2,Team 2 (E/W),28,92,36,♠,finished,2026-05-17T19:28:17.129220+00:00
8469,INPROC_D5E42E,1,10,team2,Team 2 (E/W),40,80,26,♥,finished,2026-05-17T19:28:17.148018+00:00
8470,INPROC_4D3A1A,1,10,team1,Team 1 (N/S),89,31,23,♥,finished,2026-05-17T19:28:17.165784+00:00
8471,INPROC_702EEE,1,10,team2,Team 2 (E/W),15,105,4,♣,finished,2026-05-17T19:28:17.185809+00:00
8472,INPROC_E569EC,1,10,team2,Team 2 (E/W),26,94,5,♣,finished,2026-05-17T19:28:17.205689+00:00
8473,INPROC_B26F36,1,10,team1,Team 1 (N/S),91,29,4,♣,finished,2026-05-17T19:28:17.223641+00:00
8474,INPROC_005AA7,1,10,team1,Team 1 (N/S),83,37,4,♣,finished,2026-05-17T19:28:17.243962+00:00
8475,INPROC_9C2F66,1,10,team2,Team 2 (E/W),24,96,39,♠,finished,2026-05-17T19:28:17.262823+00:00
8476,INPROC_157799,1,10,team1,Team 1 (N/S),69,51,36,♠,finished,2026-05-17T19:28:17.284219+00:00
8477,INPROC_EB5166,1,10,team2,Team 2 (E/W),34,86,23,♥,finished,2026-05-17T19:28:17.303951+00:00
8478,INPROC_9545E3,1,10,team1,Team 1 (N/S),74,46,37,♠,finished,2026-05-17T19:28:17.324381+00:00
8479,INPROC_E7A740,1,10,team1,Team 1 (N/S),70,50,13,♦,finished,2026-05-17T19:28:17.343617+00:00
8480,INPROC_576063,1,10,team1,Team 1 (N/S),88,32,17,♦,finished,2026-05-17T19:28:17.356721+00:00
8481,INPROC_C1274C,1,10,draw,draw,60,60,32,♠,finished,2026-05-17T19:28:17.370560+00:00
8482,INPROC_CF7253,1,10,team2,Team 2 (E/W),54,66,22,♥,finished,2026-05-17T19:28:17.389990+00:00
8483,INPROC_C9C606,1,10,team1,Team 1 (N/S),93,27,8,♣,finished,2026-05-17T19:28:17.406274+00:00
8484,INPROC_AAE39D,1,10,team2,Team 2 (E/W),24,96,17,♦,finished,2026-05-17T19:28:17.423342+00:00
8485,INPROC_94A913,1,10,team2,Team 2 (E/W),19,101,5,♣,finished,2026-05-17T19:28:17.441788+00:00
8486,INPROC_B4F658,1,10,team2,Team 2 (E/W),10,110,12,♦,finished,2026-05-17T19:28:17.458372+00:00
8487,INPROC_4FD9BE,1,10,team1,Team 1 (N/S),90,30,4,♣,finished,2026-05-17T19:28:17.473479+00:00
8488,INPROC_31EAFC,1,10,team2,Team 2 (E/W),32,88,28,♥,finished,2026-05-17T19:28:17.490042+00:00
8489,INPROC_AA4661,1,10,team1,Team 1 (N/S),111,9,2,♣,finished,2026-05-17T19:28:17.507264+00:00
8490,INPROC_074AD6,1,10,team2,Team 2 (E/W),19,101,26,♥,finished,2026-05-17T19:28:17.528518+00:00
8491,INPROC_7208B7,1,10,team1,Team 1 (N/S),94,26,28,♥,finished,2026-05-17T19:28:17.548293+00:00
8492,INPROC_05E45D,1,10,team1,Team 1 (N/S),61,59,7,♣,finished,2026-05-17T19:28:17.569726+00:00
8493,INPROC_CD2209,1,10,team2,Team 2 (E/W),18,102,27,♥,finished,2026-05-17T19:28:17.589831+00:00
8494,INPROC_83640E,1,10,team1,Team 1 (N/S),81,39,0,♣,finished,2026-05-17T19:28:17.608796+00:00
8495,INPROC_A5F1D5,1,10,team1,Team 1 (N/S),64,56,2,♣,finished,2026-05-17T19:28:17.622266+00:00
8496,INPROC_805C36,1,10,team2,Team 2 (E/W),30,90,36,♠,finished,2026-05-17T19:28:17.636534+00:00
8497,INPROC_032FFE,1,10,team2,Team 2 (E/W),55,65,20,♥,finished,2026-05-17T19:28:17.655674+00:00
8498,INPROC_DE7BF8,1,10,team2,Team 2 (E/W),45,75,24,♥,finished,2026-05-17T19:28:17.674403+00:00
8499,INPROC_F8A383,1,10,team2,Team 2 (E/W),43,77,10,♦,finished,2026-05-17T19:28:17.691901+00:00
8500,INPROC_54F0F9,1,10,team1,Team 1 (N/S),90,30,15,♦,finished,2026-05-17T19:28:17.711286+00:00
8501,INPROC_3C3AE1,1,10,team1,Team 1 (N/S),112,8,6,♣,finished,2026-05-17T19:28:17.727555+00:00
8502,INPROC_706A69,1,10,team1,Team 1 (N/S),92,28,3,♣,finished,2026-05-17T19:28:17.744734+00:00
8503,INPROC_40A0DB,1,10,team2,Team 2 (E/W),46,74,8,♣,finished,2026-05-17T19:28:17.761117+00:00
8504,INPROC_3905C6,1,10,team2,Team 2 (E/W),30,90,31,♠,finished,2026-05-17T19:28:17.779620+00:00
8505,INPROC_9DE93F,1,10,team1,Team 1 (N/S),61,59,22,♥,finished,2026-05-17T19:28:17.799098+00:00
8506,INPROC_35BAF6,1,10,team2,Team 2 (E/W),14,106,35,♠,finished,2026-05-17T19:28:17.818093+00:00
8507,INPROC_BB774A,1,10,team2,Team 2 (E/W),37,83,10,♦,finished,2026-05-17T19:28:17.837311+00:00
8508,INPROC_FC3DFA,1,10,team2,Team 2 (E/W),54,66,17,♦,finished,2026-05-17T19:28:17.858289+00:00
8509,INPROC_ACA39F,1,10,team2,Team 2 (E/W),36,84,38,♠,finished,2026-05-17T19:28:17.878238+00:00
8510,INPROC_666181,1,10,team2,Team 2 (E/W),48,72,6,♣,finished,2026-05-17T19:28:17.892008+00:00
8511,INPROC_5282BE,1,10,team1,Team 1 (N/S),110,10,3,♣,finished,2026-05-17T19:28:17.905961+00:00
8512,INPROC_B78D9B,1,10,team2,Team 2 (E/W),48,72,9,♣,finished,2026-05-17T19:28:17.926298+00:00
8513,INPROC_B707DB,1,10,team2,Team 2 (E/W),20,100,36,♠,finished,2026-05-17T19:28:17.944784+00:00
8514,INPROC_AC80C4,1,10,team2,Team 2 (E/W),34,86,38,♠,finished,2026-05-17T19:28:17.964348+00:00
8515,INPROC_38126A,1,10,team2,Team 2 (E/W),47,73,5,♣,finished,2026-05-17T19:28:17.983597+00:00
8516,INPROC_DB71D7,1,10,team2,Team 2 (E/W),20,100,27,♥,finished,2026-05-17T19:28:18.001812+00:00
8517,INPROC_F9EDEF,1,10,team1,Team 1 (N/S),88,32,0,♣,finished,2026-05-17T19:28:18.018663+00:00
8518,INPROC_70856C,1,10,team2,Team 2 (E/W),37,83,16,♦,finished,2026-05-17T19:28:18.037232+00:00
8519,INPROC_3EA2C4,1,10,team2,Team 2 (E/W),53,67,34,♠,finished,2026-05-17T19:28:18.056735+00:00
8520,INPROC_CAF831,1,10,team1,Team 1 (N/S),73,47,28,♥,finished,2026-05-17T19:28:18.076379+00:00
8521,INPROC_B23DB3,1,10,team1,Team 1 (N/S),65,55,17,♦,finished,2026-05-17T19:28:18.095395+00:00
8522,INPROC_4D04BA,1,10,team2,Team 2 (E/W),31,89,17,♦,finished,2026-05-17T19:28:18.115005+00:00
8523,INPROC_63C309,1,10,team1,Team 1 (N/S),79,41,2,♣,finished,2026-05-17T19:28:18.134640+00:00
8524,INPROC_3FAA01,1,10,team1,Team 1 (N/S),75,45,6,♣,finished,2026-05-17T19:28:18.150766+00:00
8525,INPROC_8AEED2,1,10,team1,Team 1 (N/S),73,47,22,♥,finished,2026-05-17T19:28:18.161931+00:00
8526,INPROC_E8B868,1,10,team1,Team 1 (N/S),75,45,12,♦,finished,2026-05-17T19:28:18.177705+00:00
8527,INPROC_BECECF,1,10,team2,Team 2 (E/W),11,109,33,♠,finished,2026-05-17T19:28:18.192254+00:00
8528,INPROC_39B3E5,1,10,team1,Team 1 (N/S),75,45,38,♠,finished,2026-05-17T19:28:18.211735+00:00
8529,INPROC_82B08D,1,10,team1,Team 1 (N/S),85,35,6,♣,finished,2026-05-17T19:28:18.225483+00:00
8530,INPROC_C80B79,1,10,team2,Team 2 (E/W),36,84,14,♦,finished,2026-05-17T19:28:18.243906+00:00
8531,INPROC_D1ABBB,1,10,team2,Team 2 (E/W),31,89,12,♦,finished,2026-05-17T19:28:18.260757+00:00
8532,INPROC_F29EDD,1,10,team2,Team 2 (E/W),49,71,16,♦,finished,2026-05-17T19:28:18.277157+00:00
8533,INPROC_A83EA5,1,10,team1,Team 1 (N/S),73,47,23,♥,finished,2026-05-17T19:28:18.295020+00:00
8534,INPROC_538B15,1,10,team2,Team 2 (E/W),50,70,30,♠,finished,2026-05-17T19:28:18.313272+00:00
8535,INPROC_3EADF6,1,10,team1,Team 1 (N/S),105,15,11,♦,finished,2026-05-17T19:28:18.330120+00:00
8536,INPROC_EE3989,1,10,team1,Team 1 (N/S),76,44,16,♦,finished,2026-05-17T19:28:18.347350+00:00
8537,INPROC_D2DD32,1,10,team1,Team 1 (N/S),82,38,5,♣,finished,2026-05-17T19:28:18.365869+00:00
8538,INPROC_6CEDB6,1,10,team2,Team 2 (E/W),55,65,38,♠,finished,2026-05-17T19:28:18.385634+00:00
8539,INPROC_09E3D1,1,10,team1,Team 1 (N/S),92,28,7,♣,finished,2026-05-17T19:28:18.402998+00:00
8540,INPROC_4069D1,1,10,team1,Team 1 (N/S),83,37,37,♠,finished,2026-05-17T19:28:18.419222+00:00
8541,INPROC_735508,1,10,team2,Team 2 (E/W),40,80,16,♦,finished,2026-05-17T19:28:18.433729+00:00
8542,INPROC_3B6054,1,10,team1,Team 1 (N/S),61,59,34,♠,finished,2026-05-17T19:28:18.452320+00:00
8543,INPROC_526429,1,10,team1,Team 1 (N/S),71,49,2,♣,finished,2026-05-17T19:28:18.469329+00:00
8544,INPROC_CC279A,1,10,team2,Team 2 (E/W),45,75,31,♠,finished,2026-05-17T19:28:18.485303+00:00
8545,INPROC_8BE2FA,1,10,team2,Team 2 (E/W),50,70,6,♣,finished,2026-05-17T19:28:18.502746+00:00
8546,INPROC_2A065B,1,10,team1,Team 1 (N/S),86,34,13,♦,finished,2026-05-17T19:28:18.519555+00:00
8547,INPROC_DCB849,1,10,team1,Team 1 (N/S),72,48,13,♦,finished,2026-05-17T19:28:18.533431+00:00
8548,INPROC_FD42FD,1,10,team2,Team 2 (E/W),32,88,8,♣,finished,2026-05-17T19:28:18.549563+00:00
8549,INPROC_191139,1,10,team2,Team 2 (E/W),33,87,20,♥,finished,2026-05-17T19:28:18.568541+00:00
8550,INPROC_1C4D36,1,10,team2,Team 2 (E/W),39,81,8,♣,finished,2026-05-17T19:28:18.585268+00:00
8551,INPROC_B7CA96,1,10,team1,Team 1 (N/S),68,52,35,♠,finished,2026-05-17T19:28:18.603789+00:00
8552,INPROC_948773,1,10,team1,Team 1 (N/S),70,50,8,♣,finished,2026-05-17T19:28:18.621134+00:00
8553,INPROC_86DAAC,1,10,team2,Team 2 (E/W),27,93,13,♦,finished,2026-05-17T19:28:18.638198+00:00
8554,INPROC_F56D40,1,10,team1,Team 1 (N/S),116,4,7,♣,finished,2026-05-17T19:28:18.654170+00:00
8555,INPROC_3E5292,1,10,team1,Team 1 (N/S),86,34,38,♠,finished,2026-05-17T19:28:18.671571+00:00
8556,INPROC_97E7BE,1,10,team2,Team 2 (E/W),27,93,26,♥,finished,2026-05-17T19:28:18.688121+00:00
8557,INPROC_E71B86,1,10,team2,Team 2 (E/W),24,96,29,♥,finished,2026-05-17T19:28:18.701609+00:00
8558,INPROC_1E50EA,1,10,team2,Team 2 (E/W),3,117,3,♣,finished,2026-05-17T19:28:18.715125+00:00
8559,INPROC_85F91B,1,10,team1,Team 1 (N/S),82,38,30,♠,finished,2026-05-17T19:28:18.730887+00:00
8560,INPROC_D0DC54,1,10,team2,Team 2 (E/W),53,67,8,♣,finished,2026-05-17T19:28:18.747479+00:00
8561,INPROC_4981C0,1,10,team2,Team 2 (E/W),27,93,29,♥,finished,2026-05-17T19:28:18.765295+00:00
8562,INPROC_9DED6B,1,10,team1,Team 1 (N/S),72,48,19,♦,finished,2026-05-17T19:28:18.783368+00:00
8563,INPROC_596715,1,10,team2,Team 2 (E/W),54,66,3,♣,finished,2026-05-17T19:28:18.802581+00:00
8564,INPROC_513077,1,10,team2,Team 2 (E/W),34,86,10,♦,finished,2026-05-17T19:28:18.819107+00:00
8565,INPROC_0DEC9D,1,10,team2,Team 2 (E/W),45,75,19,♦,finished,2026-05-17T19:28:18.835213+00:00
8566,INPROC_9719CD,1,10,team2,Team 2 (E/W),33,87,22,♥,finished,2026-05-17T19:28:18.854897+00:00
8567,INPROC_740849,1,10,team2,Team 2 (E/W),43,77,19,♦,finished,2026-05-17T19:28:18.871785+00:00
8568,INPROC_CBB729,1,10,draw,draw,60,60,4,♣,finished,2026-05-17T19:28:18.889742+00:00
8569,INPROC_34AA62,1,10,team2,Team 2 (E/W),40,80,0,♣,finished,2026-05-17T19:28:18.908781+00:00
8570,INPROC_37A011,1,10,team1,Team 1 (N/S),98,22,16,♦,finished,2026-05-17T19:28:18.926513+00:00
8571,INPROC_0DDCAF,1,10,team2,Team 2 (E/W),39,81,5,♣,finished,2026-05-17T19:28:18.944197+00:00
8572,INPROC_2147C2,1,10,team1,Team 1 (N/S),68,52,28,♥,finished,2026-05-17T19:28:18.960490+00:00
8573,INPROC_AC7401,1,10,team1,Team 1 (N/S),82,38,22,♥,finished,2026-05-17T19:28:18.973208+00:00
8574,INPROC_0B5E4E,1,10,team2,Team 2 (E/W),11,109,11,♦,finished,2026-05-17T19:28:18.993284+00:00
8575,INPROC_C2D10D,1,10,team2,Team 2 (E/W),26,94,4,♣,finished,2026-05-17T19:28:19.009128+00:00
8576,INPROC_178C53,1,10,team1,Team 1 (N/S),102,18,0,♣,finished,2026-05-17T19:28:19.025346+00:00
8577,INPROC_3E2010,1,10,team1,Team 1 (N/S),82,38,11,♦,finished,2026-05-17T19:28:19.041686+00:00
8578,INPROC_1A5195,1,10,team2,Team 2 (E/W),51,69,14,♦,finished,2026-05-17T19:28:19.061659+00:00
8579,INPROC_2D5FC6,1,10,team2,Team 2 (E/W),43,77,14,♦,finished,2026-05-17T19:28:19.077169+00:00
8580,INPROC_07EAC5,1,10,team1,Team 1 (N/S),72,48,37,♠,finished,2026-05-17T19:28:19.089171+00:00
8581,INPROC_3F2916,1,10,team1,Team 1 (N/S),97,23,24,♥,finished,2026-05-17T19:28:19.104958+00:00
8582,INPROC_B9ABF8,1,10,team2,Team 2 (E/W),37,83,38,♠,finished,2026-05-17T19:28:19.122178+00:00
8583,INPROC_777EE2,1,10,team1,Team 1 (N/S),82,38,13,♦,finished,2026-05-17T19:28:19.140194+00:00
8584,INPROC_C9DECF,1,10,team2,Team 2 (E/W),39,81,3,♣,finished,2026-05-17T19:28:19.160178+00:00
8585,INPROC_498ED5,1,10,team1,Team 1 (N/S),73,47,17,♦,finished,2026-05-17T19:28:19.179283+00:00
8586,INPROC_E49682,1,10,team2,Team 2 (E/W),33,87,9,♣,finished,2026-05-17T19:28:19.195576+00:00
8587,INPROC_35D355,1,10,team1,Team 1 (N/S),74,46,17,♦,finished,2026-05-17T19:28:19.213572+00:00
8588,INPROC_B95337,1,10,team2,Team 2 (E/W),44,76,23,♥,finished,2026-05-17T19:28:19.231956+00:00
8589,INPROC_0D42DB,1,10,team2,Team 2 (E/W),32,88,39,♠,finished,2026-05-17T19:28:19.243735+00:00
8590,INPROC_8389BD,1,10,team1,Team 1 (N/S),81,39,13,♦,finished,2026-05-17T19:28:19.255858+00:00
8591,INPROC_8FA658,1,10,team2,Team 2 (E/W),39,81,5,♣,finished,2026-05-17T19:28:19.270598+00:00
8592,INPROC_8EA6D8,1,10,team1,Team 1 (N/S),114,6,20,♥,finished,2026-05-17T19:28:19.286339+00:00
8593,INPROC_BD9AC6,1,10,team2,Team 2 (E/W),35,85,30,♠,finished,2026-05-17T19:28:19.304595+00:00
8594,INPROC_B2FF8E,1,10,team1,Team 1 (N/S),67,53,28,♥,finished,2026-05-17T19:28:19.322575+00:00
8595,INPROC_2F1CA2,1,10,team2,Team 2 (E/W),39,81,24,♥,finished,2026-05-17T19:28:19.341456+00:00
8596,INPROC_ACFF56,1,10,team2,Team 2 (E/W),51,69,19,♦,finished,2026-05-17T19:28:19.360632+00:00
8597,INPROC_50F59A,1,10,team1,Team 1 (N/S),78,42,39,♠,finished,2026-05-17T19:28:19.379545+00:00
8598,INPROC_36BF49,1,10,team1,Team 1 (N/S),72,48,6,♣,finished,2026-05-17T19:28:19.398924+00:00
8599,INPROC_8D8DD6,1,10,team1,Team 1 (N/S),62,58,4,♣,finished,2026-05-17T19:28:19.416445+00:00
8600,INPROC_A8BED6,1,10,team2,Team 2 (E/W),37,83,20,♥,finished,2026-05-17T19:28:19.435579+00:00
8601,INPROC_68D9CB,1,10,team2,Team 2 (E/W),48,72,13,♦,finished,2026-05-17T19:28:19.452724+00:00
8602,INPROC_76082D,1,10,team2,Team 2 (E/W),33,87,0,♣,finished,2026-05-17T19:28:19.470274+00:00
8603,INPROC_EB01AC,1,10,team2,Team 2 (E/W),39,81,32,♠,finished,2026-05-17T19:28:19.488226+00:00
8604,INPROC_3BD9D2,1,10,team1,Team 1 (N/S),77,43,37,♠,finished,2026-05-17T19:28:19.506485+00:00
8605,INPROC_F53621,1,10,draw,draw,60,60,33,♠,finished,2026-05-17T19:28:19.520522+00:00
8606,INPROC_98CE01,1,10,team2,Team 2 (E/W),55,65,37,♠,finished,2026-05-17T19:28:19.536076+00:00
8607,INPROC_E76499,1,10,draw,draw,60,60,26,♥,finished,2026-05-17T19:28:19.552377+00:00
8608,INPROC_E3696C,1,10,team2,Team 2 (E/W),48,72,29,♥,finished,2026-05-17T19:28:19.571705+00:00
8609,INPROC_941AB9,1,10,team2,Team 2 (E/W),30,90,0,♣,finished,2026-05-17T19:28:19.589152+00:00
8610,INPROC_96AF4C,1,10,team2,Team 2 (E/W),24,96,14,♦,finished,2026-05-17T19:28:19.606760+00:00
8611,INPROC_B19726,1,10,team2,Team 2 (E/W),43,77,6,♣,finished,2026-05-17T19:28:19.623625+00:00
8612,INPROC_767418,1,10,team2,Team 2 (E/W),36,84,7,♣,finished,2026-05-17T19:28:19.640200+00:00
8613,INPROC_9E6B45,1,10,team2,Team 2 (E/W),42,78,8,♣,finished,2026-05-17T19:28:19.658143+00:00
8614,INPROC_508058,1,10,team1,Team 1 (N/S),67,53,16,♦,finished,2026-05-17T19:28:19.675818+00:00
8615,INPROC_3B9603,1,10,team2,Team 2 (E/W),53,67,34,♠,finished,2026-05-17T19:28:19.695104+00:00
8616,INPROC_D03B06,1,10,draw,draw,60,60,23,♥,finished,2026-05-17T19:28:19.714126+00:00
8617,INPROC_FE7D32,1,10,team2,Team 2 (E/W),48,72,20,♥,finished,2026-05-17T19:28:19.731662+00:00
8618,INPROC_BDC74B,1,10,team2,Team 2 (E/W),55,65,39,♠,finished,2026-05-17T19:28:19.749249+00:00
8619,INPROC_2663DE,1,10,team1,Team 1 (N/S),72,48,11,♦,finished,2026-05-17T19:28:19.764290+00:00
8620,INPROC_89BDE8,1,10,team2,Team 2 (E/W),24,96,18,♦,finished,2026-05-17T19:28:19.776334+00:00
8621,INPROC_959ECB,1,10,team1,Team 1 (N/S),77,43,0,♣,finished,2026-05-17T19:28:19.788962+00:00
8622,INPROC_9E89F7,1,10,team1,Team 1 (N/S),73,47,26,♥,finished,2026-05-17T19:28:19.807640+00:00
8623,INPROC_0A188B,1,10,team2,Team 2 (E/W),24,96,29,♥,finished,2026-05-17T19:28:19.825043+00:00
8624,INPROC_87B947,1,10,team2,Team 2 (E/W),52,68,24,♥,finished,2026-05-17T19:28:19.841088+00:00
8625,INPROC_D57F2A,1,10,team2,Team 2 (E/W),56,64,10,♦,finished,2026-05-17T19:28:19.859750+00:00
8626,INPROC_F4FCA9,1,10,team2,Team 2 (E/W),55,65,24,♥,finished,2026-05-17T19:28:19.878907+00:00
8627,INPROC_2F21BD,1,10,team2,Team 2 (E/W),31,89,33,♠,finished,2026-05-17T19:28:19.897439+00:00
8628,INPROC_4A24CC,1,10,team2,Team 2 (E/W),35,85,32,♠,finished,2026-05-17T19:28:19.917539+00:00
8629,INPROC_01215E,1,10,team2,Team 2 (E/W),31,89,31,♠,finished,2026-05-17T19:28:19.936856+00:00
8630,INPROC_AB15C1,1,10,team2,Team 2 (E/W),33,87,22,♥,finished,2026-05-17T19:28:19.952384+00:00
8631,INPROC_E6B5ED,1,10,team2,Team 2 (E/W),31,89,21,♥,finished,2026-05-17T19:28:19.969846+00:00
8632,INPROC_289A50,1,10,team2,Team 2 (E/W),53,67,10,♦,finished,2026-05-17T19:28:19.988032+00:00
8633,INPROC_CDA7AF,1,10,team2,Team 2 (E/W),31,89,22,♥,finished,2026-05-17T19:28:20.004718+00:00
8634,INPROC_41EE1A,1,10,team2,Team 2 (E/W),11,109,0,♣,finished,2026-05-17T19:28:20.020431+00:00
8635,INPROC_16275C,1,10,team2,Team 2 (E/W),27,93,15,♦,finished,2026-05-17T19:28:20.033827+00:00
8636,INPROC_4FA406,1,10,team1,Team 1 (N/S),79,41,29,♥,finished,2026-05-17T19:28:20.045052+00:00
8637,INPROC_063418,1,10,team1,Team 1 (N/S),92,28,33,♠,finished,2026-05-17T19:28:20.063102+00:00
8638,INPROC_FBD8E9,1,10,team1,Team 1 (N/S),62,58,26,♥,finished,2026-05-17T19:28:20.082083+00:00
8639,INPROC_E9E9B6,1,10,team2,Team 2 (E/W),42,78,32,♠,finished,2026-05-17T19:28:20.100167+00:00
8640,INPROC_6008CA,1,10,team2,Team 2 (E/W),32,88,32,♠,finished,2026-05-17T19:28:20.120019+00:00
8641,INPROC_AA100D,1,10,team2,Team 2 (E/W),16,104,28,♥,finished,2026-05-17T19:28:20.137855+00:00
8642,INPROC_BC51F2,1,10,team2,Team 2 (E/W),16,104,39,♠,finished,2026-05-17T19:28:20.157425+00:00
8643,INPROC_5EFAB5,1,10,team1,Team 1 (N/S),92,28,12,♦,finished,2026-05-17T19:28:20.176682+00:00
8644,INPROC_2ADD07,1,10,team1,Team 1 (N/S),63,57,4,♣,finished,2026-05-17T19:28:20.196277+00:00
8645,INPROC_2F4008,1,10,team2,Team 2 (E/W),52,68,28,♥,finished,2026-05-17T19:28:20.213000+00:00
8646,INPROC_0AF328,1,10,team1,Team 1 (N/S),81,39,3,♣,finished,2026-05-17T19:28:20.230689+00:00
8647,INPROC_462797,1,10,team2,Team 2 (E/W),54,66,18,♦,finished,2026-05-17T19:28:20.248069+00:00
8648,INPROC_3B23C6,1,10,team1,Team 1 (N/S),75,45,20,♥,finished,2026-05-17T19:28:20.263800+00:00
8649,INPROC_73EC2B,1,10,team2,Team 2 (E/W),51,69,9,♣,finished,2026-05-17T19:28:20.283152+00:00
8650,INPROC_930F8E,1,10,team1,Team 1 (N/S),86,34,10,♦,finished,2026-05-17T19:28:20.297409+00:00
8651,INPROC_1AC415,1,10,team2,Team 2 (E/W),37,83,20,♥,finished,2026-05-17T19:28:20.308752+00:00
8652,INPROC_0703C1,1,10,team2,Team 2 (E/W),48,72,11,♦,finished,2026-05-17T19:28:20.321317+00:00
8653,INPROC_9E7AC6,1,10,team1,Team 1 (N/S),75,45,30,♠,finished,2026-05-17T19:28:20.338839+00:00
8654,INPROC_2D8AB5,1,10,team2,Team 2 (E/W),59,61,35,♠,finished,2026-05-17T19:28:20.358991+00:00
8655,INPROC_72361B,1,10,team2,Team 2 (E/W),36,84,19,♦,finished,2026-05-17T19:28:20.377456+00:00
8656,INPROC_A07AB4,1,10,team1,Team 1 (N/S),85,35,2,♣,finished,2026-05-17T19:28:20.397254+00:00
8657,INPROC_DCA614,1,10,team1,Team 1 (N/S),75,45,37,♠,finished,2026-05-17T19:28:20.414106+00:00
8658,INPROC_4B9FDF,1,10,team1,Team 1 (N/S),63,57,22,♥,finished,2026-05-17T19:28:20.432270+00:00
8659,INPROC_E43EBD,1,10,team1,Team 1 (N/S),62,58,4,♣,finished,2026-05-17T19:28:20.452029+00:00
8660,INPROC_D0D035,1,10,team2,Team 2 (E/W),30,90,34,♠,finished,2026-05-17T19:28:20.471936+00:00
8661,INPROC_026891,1,10,team1,Team 1 (N/S),71,49,7,♣,finished,2026-05-17T19:28:20.490836+00:00
8662,INPROC_6024A0,1,10,team1,Team 1 (N/S),78,42,36,♠,finished,2026-05-17T19:28:20.511529+00:00
8663,INPROC_D4662E,1,10,team2,Team 2 (E/W),57,63,35,♠,finished,2026-05-17T19:28:20.530888+00:00
8664,INPROC_B3076C,1,10,team2,Team 2 (E/W),27,93,19,♦,finished,2026-05-17T19:28:20.549315+00:00
8665,INPROC_B98E2A,1,10,team1,Team 1 (N/S),79,41,31,♠,finished,2026-05-17T19:28:20.564915+00:00
8666,INPROC_45A935,1,10,team2,Team 2 (E/W),41,79,33,♠,finished,2026-05-17T19:28:20.580410+00:00
8667,INPROC_9B0DAF,1,10,team2,Team 2 (E/W),40,80,17,♦,finished,2026-05-17T19:28:20.600647+00:00
8668,INPROC_4A87C3,1,10,team2,Team 2 (E/W),55,65,4,♣,finished,2026-05-17T19:28:20.619383+00:00
8669,INPROC_0991E8,1,10,team2,Team 2 (E/W),3,117,11,♦,finished,2026-05-17T19:28:20.637280+00:00
8670,INPROC_0BA75A,1,10,team2,Team 2 (E/W),33,87,17,♦,finished,2026-05-17T19:28:20.656526+00:00
8671,INPROC_5D760B,1,10,team2,Team 2 (E/W),32,88,20,♥,finished,2026-05-17T19:28:20.673758+00:00
8672,INPROC_72CA23,1,10,team1,Team 1 (N/S),70,50,31,♠,finished,2026-05-17T19:28:20.689763+00:00
8673,INPROC_9E1408,1,10,team2,Team 2 (E/W),52,68,27,♥,finished,2026-05-17T19:28:20.706151+00:00
8674,INPROC_2973CA,1,10,team1,Team 1 (N/S),80,40,28,♥,finished,2026-05-17T19:28:20.724032+00:00
8675,INPROC_E4E84C,1,10,team2,Team 2 (E/W),41,79,0,♣,finished,2026-05-17T19:28:20.742289+00:00
8676,INPROC_207725,1,10,team1,Team 1 (N/S),78,42,7,♣,finished,2026-05-17T19:28:20.761048+00:00
8677,INPROC_27E3A9,1,10,team1,Team 1 (N/S),93,27,32,♠,finished,2026-05-17T19:28:20.782262+00:00
8678,INPROC_B81DB5,1,10,team2,Team 2 (E/W),55,65,15,♦,finished,2026-05-17T19:28:20.801299+00:00
8679,INPROC_F798F0,1,10,team2,Team 2 (E/W),21,99,24,♥,finished,2026-05-17T19:28:20.819035+00:00
8680,INPROC_8F0E42,1,10,team2,Team 2 (E/W),34,86,27,♥,finished,2026-05-17T19:28:20.831394+00:00
8681,INPROC_3F5791,1,10,team2,Team 2 (E/W),58,62,38,♠,finished,2026-05-17T19:28:20.848325+00:00
8682,INPROC_F02837,1,10,team2,Team 2 (E/W),56,64,39,♠,finished,2026-05-17T19:28:20.865315+00:00
8683,INPROC_CA6537,1,10,team2,Team 2 (E/W),30,90,35,♠,finished,2026-05-17T19:28:20.883093+00:00
8684,INPROC_10E219,1,10,team2,Team 2 (E/W),34,86,29,♥,finished,2026-05-17T19:28:20.899501+00:00
8685,INPROC_BED6C7,1,10,team2,Team 2 (E/W),32,88,29,♥,finished,2026-05-17T19:28:20.915346+00:00
8686,INPROC_9F43F0,1,10,team2,Team 2 (E/W),38,82,2,♣,finished,2026-05-17T19:28:20.930487+00:00
8687,INPROC_411ACE,1,10,team1,Team 1 (N/S),118,2,12,♦,finished,2026-05-17T19:28:20.943135+00:00
8688,INPROC_78A71A,1,10,team2,Team 2 (E/W),46,74,0,♣,finished,2026-05-17T19:28:20.956408+00:00
8689,INPROC_ED1028,1,10,team2,Team 2 (E/W),35,85,29,♥,finished,2026-05-17T19:28:20.972246+00:00
8690,INPROC_4ED266,1,10,team2,Team 2 (E/W),39,81,28,♥,finished,2026-05-17T19:28:20.986502+00:00
8691,INPROC_8ECC0C,1,10,team2,Team 2 (E/W),47,73,34,♠,finished,2026-05-17T19:28:20.999505+00:00
8692,INPROC_1FFE14,1,10,team2,Team 2 (E/W),46,74,6,♣,finished,2026-05-17T19:28:21.011409+00:00
8693,INPROC_563DDF,1,10,team2,Team 2 (E/W),14,106,10,♦,finished,2026-05-17T19:28:21.024810+00:00
8694,INPROC_599D3C,1,10,team1,Team 1 (N/S),71,49,14,♦,finished,2026-05-17T19:28:21.039036+00:00
8695,INPROC_158525,1,10,team2,Team 2 (E/W),32,88,27,♥,finished,2026-05-17T19:28:21.052841+00:00
8696,INPROC_536C6B,1,10,team2,Team 2 (E/W),51,69,14,♦,finished,2026-05-17T19:28:21.070503+00:00
8697,INPROC_062A5E,1,10,team1,Team 1 (N/S),79,41,35,♠,finished,2026-05-17T19:28:21.089682+00:00
8698,INPROC_D812A6,1,10,draw,draw,60,60,30,♠,finished,2026-05-17T19:28:21.103801+00:00
8699,INPROC_02A547,1,10,team1,Team 1 (N/S),90,30,12,♦,finished,2026-05-17T19:28:21.120017+00:00
8700,INPROC_BB0ABE,1,10,team2,Team 2 (E/W),34,86,39,♠,finished,2026-05-17T19:28:21.137894+00:00
8701,INPROC_BCB753,1,10,team1,Team 1 (N/S),66,54,3,♣,finished,2026-05-17T19:28:21.154410+00:00
8702,INPROC_585118,1,10,team1,Team 1 (N/S),77,43,30,♠,finished,2026-05-17T19:28:21.173701+00:00
8703,INPROC_285403,1,10,team2,Team 2 (E/W),40,80,3,♣,finished,2026-05-17T19:28:21.188233+00:00
8704,INPROC_5888A5,1,10,team2,Team 2 (E/W),50,70,30,♠,finished,2026-05-17T19:28:21.208137+00:00
8705,INPROC_A265BF,1,10,team2,Team 2 (E/W),8,112,30,♠,finished,2026-05-17T19:28:21.226792+00:00
8706,INPROC_A168C1,1,10,team1,Team 1 (N/S),96,24,2,♣,finished,2026-05-17T19:28:21.240064+00:00
8707,INPROC_BF422A,1,10,team1,Team 1 (N/S),88,32,1,♣,finished,2026-05-17T19:28:21.256718+00:00
8708,INPROC_2AFDE8,1,10,team2,Team 2 (E/W),52,68,25,♥,finished,2026-05-17T19:28:21.273580+00:00
8709,INPROC_603E69,1,10,team2,Team 2 (E/W),25,95,23,♥,finished,2026-05-17T19:28:21.292117+00:00
8710,INPROC_084FB2,1,10,team1,Team 1 (N/S),62,58,35,♠,finished,2026-05-17T19:28:21.309239+00:00
8711,INPROC_FEDA81,1,10,team2,Team 2 (E/W),59,61,8,♣,finished,2026-05-17T19:28:21.327127+00:00
8712,INPROC_53D1A2,1,10,team1,Team 1 (N/S),78,42,6,♣,finished,2026-05-17T19:28:21.344038+00:00
8713,INPROC_389B0E,1,10,team2,Team 2 (E/W),8,112,32,♠,finished,2026-05-17T19:28:21.357499+00:00
8714,INPROC_62F48A,1,10,team2,Team 2 (E/W),46,74,6,♣,finished,2026-05-17T19:28:21.369826+00:00
8715,INPROC_5578C4,1,10,team1,Team 1 (N/S),93,27,21,♥,finished,2026-05-17T19:28:21.386856+00:00
8716,INPROC_968781,1,10,team2,Team 2 (E/W),9,111,31,♠,finished,2026-05-17T19:28:21.407112+00:00
8717,INPROC_8D0D3B,1,10,team1,Team 1 (N/S),79,41,10,♦,finished,2026-05-17T19:28:21.428195+00:00
8718,INPROC_F5D9AC,1,10,team1,Team 1 (N/S),77,43,17,♦,finished,2026-05-17T19:28:21.444320+00:00
8719,INPROC_75F8DA,1,10,team2,Team 2 (E/W),32,88,39,♠,finished,2026-05-17T19:28:21.463993+00:00
8720,INPROC_66E20D,1,10,team1,Team 1 (N/S),61,59,24,♥,finished,2026-05-17T19:28:21.482380+00:00
8721,INPROC_D19F3A,1,10,team2,Team 2 (E/W),43,77,5,♣,finished,2026-05-17T19:28:21.500346+00:00
8722,INPROC_48DFC7,1,10,draw,draw,60,60,20,♥,finished,2026-05-17T19:28:21.519998+00:00
8723,INPROC_1520EB,1,10,team2,Team 2 (E/W),29,91,11,♦,finished,2026-05-17T19:28:21.539156+00:00
8724,INPROC_F287D5,1,10,team2,Team 2 (E/W),43,77,25,♥,finished,2026-05-17T19:28:21.557391+00:00
8725,INPROC_0D6AED,1,10,team2,Team 2 (E/W),30,90,0,♣,finished,2026-05-17T19:28:21.573865+00:00
8726,INPROC_2EE5A1,1,10,team2,Team 2 (E/W),42,78,10,♦,finished,2026-05-17T19:28:21.590765+00:00
8727,INPROC_E20A69,1,10,team1,Team 1 (N/S),67,53,28,♥,finished,2026-05-17T19:28:21.609208+00:00
8728,INPROC_CBEE3A,1,10,team2,Team 2 (E/W),42,78,18,♦,finished,2026-05-17T19:28:21.626965+00:00
8729,INPROC_9D5A79,1,10,team2,Team 2 (E/W),40,80,28,♥,finished,2026-05-17T19:28:21.641371+00:00
8730,INPROC_312492,1,10,team2,Team 2 (E/W),46,74,13,♦,finished,2026-05-17T19:28:21.661333+00:00
8731,INPROC_73ADCD,1,10,team2,Team 2 (E/W),28,92,5,♣,finished,2026-05-17T19:28:21.678205+00:00
8732,INPROC_2C4EB5,1,10,team2,Team 2 (E/W),44,76,35,♠,finished,2026-05-17T19:28:21.697261+00:00
8733,INPROC_586C3D,1,10,team2,Team 2 (E/W),53,67,26,♥,finished,2026-05-17T19:28:21.715379+00:00
8734,INPROC_2A97B2,1,10,team1,Team 1 (N/S),76,44,2,♣,finished,2026-05-17T19:28:21.732925+00:00
8735,INPROC_C334BD,1,10,team1,Team 1 (N/S),106,14,25,♥,finished,2026-05-17T19:28:21.749115+00:00
8736,INPROC_9E6689,1,10,team2,Team 2 (E/W),58,62,26,♥,finished,2026-05-17T19:28:21.766457+00:00
8737,INPROC_DB79E6,1,10,team1,Team 1 (N/S),80,40,14,♦,finished,2026-05-17T19:28:21.782562+00:00
8738,INPROC_F3C760,1,10,team1,Team 1 (N/S),62,58,25,♥,finished,2026-05-17T19:28:21.798506+00:00
8739,INPROC_FECA9C,1,10,team1,Team 1 (N/S),88,32,4,♣,finished,2026-05-17T19:28:21.816047+00:00
8740,INPROC_C2A689,1,10,team1,Team 1 (N/S),114,6,15,♦,finished,2026-05-17T19:28:21.834635+00:00
8741,INPROC_A3F59B,1,10,team2,Team 2 (E/W),52,68,3,♣,finished,2026-05-17T19:28:21.853133+00:00
8742,INPROC_54C8B7,1,10,team2,Team 2 (E/W),54,66,0,♣,finished,2026-05-17T19:28:21.869878+00:00
8743,INPROC_F0FDC9,1,10,team2,Team 2 (E/W),33,87,25,♥,finished,2026-05-17T19:28:21.886537+00:00
8744,INPROC_41DFF8,1,10,team1,Team 1 (N/S),64,56,36,♠,finished,2026-05-17T19:28:21.899866+00:00
8745,INPROC_31ABA2,1,10,team2,Team 2 (E/W),48,72,7,♣,finished,2026-05-17T19:28:21.912269+00:00
8746,INPROC_E1ECBA,1,10,team2,Team 2 (E/W),36,84,13,♦,finished,2026-05-17T19:28:21.930653+00:00
8747,INPROC_16D55C,1,10,team1,Team 1 (N/S),97,23,18,♦,finished,2026-05-17T19:28:21.947251+00:00
8748,INPROC_890043,1,10,team1,Team 1 (N/S),116,4,32,♠,finished,2026-05-17T19:28:21.964655+00:00
8749,INPROC_F5587C,1,10,team2,Team 2 (E/W),54,66,17,♦,finished,2026-05-17T19:28:21.983730+00:00
8750,INPROC_28D9DB,1,10,team1,Team 1 (N/S),68,52,32,♠,finished,2026-05-17T19:28:22.004813+00:00
8751,INPROC_9BDD93,1,10,team1,Team 1 (N/S),64,56,6,♣,finished,2026-05-17T19:28:22.026729+00:00
8752,INPROC_FEEC8D,1,10,team2,Team 2 (E/W),59,61,29,♥,finished,2026-05-17T19:28:22.045652+00:00
8753,INPROC_34F85E,1,10,team1,Team 1 (N/S),62,58,34,♠,finished,2026-05-17T19:28:22.062499+00:00
8754,INPROC_8AA797,1,10,team1,Team 1 (N/S),74,46,25,♥,finished,2026-05-17T19:28:22.076581+00:00
8755,INPROC_599909,1,10,team1,Team 1 (N/S),85,35,22,♥,finished,2026-05-17T19:28:22.088026+00:00
8756,INPROC_6CA43E,1,10,team2,Team 2 (E/W),52,68,30,♠,finished,2026-05-17T19:28:22.103054+00:00
8757,INPROC_1FF4E0,1,10,team2,Team 2 (E/W),52,68,29,♥,finished,2026-05-17T19:28:22.118998+00:00
8758,INPROC_A105D2,1,10,team1,Team 1 (N/S),71,49,20,♥,finished,2026-05-17T19:28:22.136015+00:00
8759,INPROC_C877B7,1,10,team2,Team 2 (E/W),53,67,18,♦,finished,2026-05-17T19:28:22.152225+00:00
8760,INPROC_609757,1,10,team1,Team 1 (N/S),73,47,22,♥,finished,2026-05-17T19:28:22.166855+00:00
8761,INPROC_471474,1,10,team1,Team 1 (N/S),68,52,37,♠,finished,2026-05-17T19:28:22.179863+00:00
8762,INPROC_3FB129,1,10,team2,Team 2 (E/W),49,71,20,♥,finished,2026-05-17T19:28:22.208087+00:00
8763,INPROC_817528,1,10,team2,Team 2 (E/W),22,98,39,♠,finished,2026-05-17T19:28:22.227839+00:00
8764,INPROC_3F77CF,1,10,team2,Team 2 (E/W),44,76,36,♠,finished,2026-05-17T19:28:22.252137+00:00
8765,INPROC_44DD46,1,10,team2,Team 2 (E/W),25,95,19,♦,finished,2026-05-17T19:28:22.271807+00:00
8766,INPROC_EB6636,1,10,team1,Team 1 (N/S),61,59,36,♠,finished,2026-05-17T19:28:22.284015+00:00
8767,INPROC_DA727E,1,10,team2,Team 2 (E/W),50,70,2,♣,finished,2026-05-17T19:28:22.301315+00:00
8768,INPROC_4C0C7D,1,10,team2,Team 2 (E/W),49,71,17,♦,finished,2026-05-17T19:28:22.317772+00:00
8769,INPROC_1581DF,1,10,team1,Team 1 (N/S),76,44,3,♣,finished,2026-05-17T19:28:22.333139+00:00
8770,INPROC_514049,1,10,team2,Team 2 (E/W),36,84,10,♦,finished,2026-05-17T19:28:22.350640+00:00
8771,INPROC_1BE685,1,10,team2,Team 2 (E/W),28,92,24,♥,finished,2026-05-17T19:28:22.366942+00:00
8772,INPROC_044F89,1,10,team1,Team 1 (N/S),111,9,5,♣,finished,2026-05-17T19:28:22.384115+00:00
8773,INPROC_93751B,1,10,team1,Team 1 (N/S),82,38,14,♦,finished,2026-05-17T19:28:22.402079+00:00
8774,INPROC_7EF61A,1,10,team1,Team 1 (N/S),62,58,6,♣,finished,2026-05-17T19:28:22.419721+00:00
8775,INPROC_456562,1,10,team1,Team 1 (N/S),85,35,0,♣,finished,2026-05-17T19:28:22.434001+00:00
8776,INPROC_A88CC9,1,10,team2,Team 2 (E/W),29,91,20,♥,finished,2026-05-17T19:28:22.449801+00:00
8777,INPROC_E7BC6B,1,10,team2,Team 2 (E/W),25,95,7,♣,finished,2026-05-17T19:28:22.465876+00:00
8778,INPROC_DAE6D5,1,10,team1,Team 1 (N/S),64,56,13,♦,finished,2026-05-17T19:28:22.483352+00:00
8779,INPROC_B00048,1,10,team1,Team 1 (N/S),70,50,36,♠,finished,2026-05-17T19:28:22.502444+00:00
8780,INPROC_EC10E1,1,10,team1,Team 1 (N/S),75,45,25,♥,finished,2026-05-17T19:28:22.519266+00:00
8781,INPROC_DD9721,1,10,team2,Team 2 (E/W),43,77,29,♥,finished,2026-05-17T19:28:22.535537+00:00
8782,INPROC_7F3AA6,1,10,team1,Team 1 (N/S),65,55,19,♦,finished,2026-05-17T19:28:22.552783+00:00
8783,INPROC_739A1C,1,10,team2,Team 2 (E/W),38,82,38,♠,finished,2026-05-17T19:28:22.569577+00:00
8784,INPROC_698EFC,1,10,team1,Team 1 (N/S),82,38,6,♣,finished,2026-05-17T19:28:22.586209+00:00
8785,INPROC_9F3C34,1,10,team1,Team 1 (N/S),76,44,28,♥,finished,2026-05-17T19:28:22.602767+00:00
8786,INPROC_1E3703,1,10,team1,Team 1 (N/S),72,48,14,♦,finished,2026-05-17T19:28:22.620060+00:00
8787,INPROC_9235C2,1,10,team1,Team 1 (N/S),107,13,24,♥,finished,2026-05-17T19:28:22.636668+00:00
8788,INPROC_5EA7F7,1,10,team2,Team 2 (E/W),48,72,37,♠,finished,2026-05-17T19:28:22.651242+00:00
8789,INPROC_1EF75A,1,10,team2,Team 2 (E/W),59,61,12,♦,finished,2026-05-17T19:28:22.663304+00:00
8790,INPROC_6F1AED,1,10,team2,Team 2 (E/W),28,92,35,♠,finished,2026-05-17T19:28:22.679932+00:00
8791,INPROC_8D76D6,1,10,team1,Team 1 (N/S),79,41,24,♥,finished,2026-05-17T19:28:22.697415+00:00
8792,INPROC_FE43B9,1,10,team2,Team 2 (E/W),0,120,5,♣,finished,2026-05-17T19:28:22.709950+00:00
8793,INPROC_C9A156,1,10,team2,Team 2 (E/W),41,79,10,♦,finished,2026-05-17T19:28:22.724244+00:00
8794,INPROC_4C1F07,1,10,team1,Team 1 (N/S),69,51,8,♣,finished,2026-05-17T19:28:22.741896+00:00
8795,INPROC_422C22,1,10,team2,Team 2 (E/W),20,100,21,♥,finished,2026-05-17T19:28:22.762303+00:00
8796,INPROC_864E99,1,10,team1,Team 1 (N/S),75,45,16,♦,finished,2026-05-17T19:28:22.781704+00:00
8797,INPROC_D54B41,1,10,team2,Team 2 (E/W),48,72,33,♠,finished,2026-05-17T19:28:22.800430+00:00
8798,INPROC_6BCAC7,1,10,team1,Team 1 (N/S),70,50,35,♠,finished,2026-05-17T19:28:22.818347+00:00
8799,INPROC_AB50F9,1,10,team2,Team 2 (E/W),55,65,32,♠,finished,2026-05-17T19:28:22.835634+00:00
8800,INPROC_07340F,1,10,team2,Team 2 (E/W),44,76,22,♥,finished,2026-05-17T19:28:22.853353+00:00
8801,INPROC_5C403F,1,10,team1,Team 1 (N/S),91,29,10,♦,finished,2026-05-17T19:28:22.872087+00:00
8802,INPROC_B3C1D7,1,10,team2,Team 2 (E/W),59,61,7,♣,finished,2026-05-17T19:28:22.890351+00:00
8803,INPROC_C0DC0A,1,10,team2,Team 2 (E/W),38,82,8,♣,finished,2026-05-17T19:28:22.907284+00:00
8804,INPROC_7C3EDC,1,10,team1,Team 1 (N/S),72,48,21,♥,finished,2026-05-17T19:28:22.926233+00:00
8805,INPROC_A04E62,1,10,team2,Team 2 (E/W),55,65,3,♣,finished,2026-05-17T19:28:22.944681+00:00
8806,INPROC_F93D7D,1,10,team2,Team 2 (E/W),45,75,4,♣,finished,2026-05-17T19:28:22.961192+00:00
8807,INPROC_FCF9B5,1,10,team2,Team 2 (E/W),42,78,36,♠,finished,2026-05-17T19:28:22.976249+00:00
8808,INPROC_AD2B4D,1,10,team2,Team 2 (E/W),20,100,35,♠,finished,2026-05-17T19:28:22.990036+00:00
8809,INPROC_F856CD,1,10,team1,Team 1 (N/S),77,43,20,♥,finished,2026-05-17T19:28:23.004941+00:00
8810,INPROC_E3EADC,1,10,team1,Team 1 (N/S),68,52,13,♦,finished,2026-05-17T19:28:23.022718+00:00
8811,INPROC_C0E283,1,10,team2,Team 2 (E/W),57,63,25,♥,finished,2026-05-17T19:28:23.043678+00:00
8812,INPROC_E8019E,1,10,team2,Team 2 (E/W),36,84,30,♠,finished,2026-05-17T19:28:23.059960+00:00
8813,INPROC_74DF03,1,10,team2,Team 2 (E/W),38,82,17,♦,finished,2026-05-17T19:28:23.077345+00:00
8814,INPROC_82D16A,1,10,team1,Team 1 (N/S),63,57,13,♦,finished,2026-05-17T19:28:23.096771+00:00
8815,INPROC_13AD18,1,10,team2,Team 2 (E/W),42,78,6,♣,finished,2026-05-17T19:28:23.117436+00:00
8816,INPROC_B69127,1,10,team1,Team 1 (N/S),71,49,39,♠,finished,2026-05-17T19:28:23.137340+00:00
8817,INPROC_D6CA5C,1,10,team2,Team 2 (E/W),51,69,14,♦,finished,2026-05-17T19:28:23.153436+00:00
8818,INPROC_F06CBB,1,10,team2,Team 2 (E/W),20,100,21,♥,finished,2026-05-17T19:28:23.168789+00:00
8819,INPROC_ABB18E,1,10,team2,Team 2 (E/W),17,103,29,♥,finished,2026-05-17T19:28:23.185818+00:00
8820,INPROC_F61424,1,10,team2,Team 2 (E/W),43,77,15,♦,finished,2026-05-17T19:28:23.202257+00:00
8821,INPROC_C7EC2F,1,10,team1,Team 1 (N/S),88,32,32,♠,finished,2026-05-17T19:28:23.216612+00:00
8822,INPROC_5DE969,1,10,team1,Team 1 (N/S),66,54,34,♠,finished,2026-05-17T19:28:23.233504+00:00
8823,INPROC_2A60EF,1,10,team2,Team 2 (E/W),12,108,29,♥,finished,2026-05-17T19:28:23.246559+00:00
8824,INPROC_438AB0,1,10,team2,Team 2 (E/W),36,84,37,♠,finished,2026-05-17T19:28:23.257731+00:00
8825,INPROC_BBADA9,1,10,team1,Team 1 (N/S),107,13,31,♠,finished,2026-05-17T19:28:23.269236+00:00
8826,INPROC_2DEA6E,1,10,team2,Team 2 (E/W),52,68,23,♥,finished,2026-05-17T19:28:23.284067+00:00
8827,INPROC_D3A217,1,10,team1,Team 1 (N/S),65,55,34,♠,finished,2026-05-17T19:28:23.299673+00:00
8828,INPROC_D29591,1,10,team2,Team 2 (E/W),53,67,14,♦,finished,2026-05-17T19:28:23.313709+00:00
8829,INPROC_1898F4,1,10,team2,Team 2 (E/W),55,65,19,♦,finished,2026-05-17T19:28:23.330797+00:00
8830,INPROC_C38820,1,10,team1,Team 1 (N/S),70,50,39,♠,finished,2026-05-17T19:28:23.348931+00:00
8831,INPROC_E1266F,1,10,team1,Team 1 (N/S),62,58,32,♠,finished,2026-05-17T19:28:23.370198+00:00
8832,INPROC_C4008E,1,10,team1,Team 1 (N/S),62,58,21,♥,finished,2026-05-17T19:28:23.389881+00:00
8833,INPROC_CD1CC1,1,10,team2,Team 2 (E/W),24,96,27,♥,finished,2026-05-17T19:28:23.409577+00:00
8834,INPROC_AB9E8B,1,10,team2,Team 2 (E/W),58,62,20,♥,finished,2026-05-17T19:28:23.424545+00:00
8835,INPROC_0184B1,1,10,team2,Team 2 (E/W),56,64,22,♥,finished,2026-05-17T19:28:23.443592+00:00
8836,INPROC_1E31BB,1,10,team1,Team 1 (N/S),70,50,14,♦,finished,2026-05-17T19:28:23.463442+00:00
8837,INPROC_B46FFA,1,10,team2,Team 2 (E/W),54,66,21,♥,finished,2026-05-17T19:28:23.481510+00:00
8838,INPROC_99D106,1,10,team2,Team 2 (E/W),23,97,3,♣,finished,2026-05-17T19:28:23.492316+00:00
8839,INPROC_7D802A,1,10,team1,Team 1 (N/S),68,52,6,♣,finished,2026-05-17T19:28:23.506434+00:00
8840,INPROC_04FFED,1,10,team1,Team 1 (N/S),79,41,3,♣,finished,2026-05-17T19:28:23.518520+00:00
8841,INPROC_EEC916,1,10,team1,Team 1 (N/S),96,24,31,♠,finished,2026-05-17T19:28:23.530390+00:00
8842,INPROC_964872,1,10,team1,Team 1 (N/S),61,59,18,♦,finished,2026-05-17T19:28:23.542547+00:00
8843,INPROC_C211C9,1,10,team2,Team 2 (E/W),36,84,10,♦,finished,2026-05-17T19:28:23.561379+00:00
8844,INPROC_09A1AB,1,10,team1,Team 1 (N/S),65,55,35,♠,finished,2026-05-17T19:28:23.579827+00:00
8845,INPROC_D52A53,1,10,team2,Team 2 (E/W),42,78,9,♣,finished,2026-05-17T19:28:23.597833+00:00
8846,INPROC_D69219,1,10,team1,Team 1 (N/S),70,50,19,♦,finished,2026-05-17T19:28:23.613502+00:00
8847,INPROC_638C7C,1,10,team2,Team 2 (E/W),51,69,0,♣,finished,2026-05-17T19:28:23.631806+00:00
8848,INPROC_9CA5C0,1,10,team2,Team 2 (E/W),31,89,0,♣,finished,2026-05-17T19:28:23.651226+00:00
8849,INPROC_40270D,1,10,team2,Team 2 (E/W),53,67,6,♣,finished,2026-05-17T19:28:23.671545+00:00
8850,INPROC_CF2B82,1,10,team1,Team 1 (N/S),93,27,9,♣,finished,2026-05-17T19:28:23.687634+00:00
8851,INPROC_052B44,1,10,team1,Team 1 (N/S),61,59,0,♣,finished,2026-05-17T19:28:23.702390+00:00
8852,INPROC_30A07E,1,10,team2,Team 2 (E/W),41,79,38,♠,finished,2026-05-17T19:28:23.718741+00:00
8853,INPROC_2B399F,1,10,team1,Team 1 (N/S),91,29,2,♣,finished,2026-05-17T19:28:23.734134+00:00
8854,INPROC_4CEEA9,1,10,team1,Team 1 (N/S),68,52,20,♥,finished,2026-05-17T19:28:23.753114+00:00
8855,INPROC_A2A736,1,10,team2,Team 2 (E/W),42,78,15,♦,finished,2026-05-17T19:28:23.769121+00:00
8856,INPROC_2F31F9,1,10,team2,Team 2 (E/W),50,70,27,♥,finished,2026-05-17T19:28:23.782653+00:00
8857,INPROC_CAA8D9,1,10,team2,Team 2 (E/W),33,87,10,♦,finished,2026-05-17T19:28:23.794450+00:00
8858,INPROC_94DC93,1,10,team1,Team 1 (N/S),72,48,24,♥,finished,2026-05-17T19:28:23.810079+00:00
8859,INPROC_6018D7,1,10,team2,Team 2 (E/W),37,83,39,♠,finished,2026-05-17T19:28:23.825529+00:00
8860,INPROC_2D649F,1,10,team2,Team 2 (E/W),24,96,21,♥,finished,2026-05-17T19:28:23.841834+00:00
8861,INPROC_807070,1,10,team1,Team 1 (N/S),64,56,35,♠,finished,2026-05-17T19:28:23.861112+00:00
8862,INPROC_7868FD,1,10,team2,Team 2 (E/W),46,74,19,♦,finished,2026-05-17T19:28:23.882176+00:00
8863,INPROC_C182AF,1,10,team1,Team 1 (N/S),65,55,12,♦,finished,2026-05-17T19:28:23.902550+00:00
8864,INPROC_66D453,1,10,team2,Team 2 (E/W),47,73,7,♣,finished,2026-05-17T19:28:23.922545+00:00
8865,INPROC_7B821D,1,10,team2,Team 2 (E/W),33,87,2,♣,finished,2026-05-17T19:28:23.943024+00:00
8866,INPROC_C7FD02,1,10,team1,Team 1 (N/S),88,32,1,♣,finished,2026-05-17T19:28:23.961713+00:00
8867,INPROC_BB355F,1,10,team1,Team 1 (N/S),74,46,19,♦,finished,2026-05-17T19:28:23.983678+00:00
8868,INPROC_1A21D4,1,10,team1,Team 1 (N/S),69,51,26,♥,finished,2026-05-17T19:28:24.003391+00:00
8869,INPROC_01FBEC,1,10,team1,Team 1 (N/S),114,6,30,♠,finished,2026-05-17T19:28:24.020505+00:00
8870,INPROC_3457F1,1,10,team1,Team 1 (N/S),88,32,39,♠,finished,2026-05-17T19:28:24.036223+00:00
8871,INPROC_C70F66,1,10,team2,Team 2 (E/W),57,63,27,♥,finished,2026-05-17T19:28:24.049513+00:00
8872,INPROC_CAA8C0,1,10,team1,Team 1 (N/S),88,32,7,♣,finished,2026-05-17T19:28:24.061320+00:00
8873,INPROC_B55DD8,1,10,team2,Team 2 (E/W),41,79,3,♣,finished,2026-05-17T19:28:24.078160+00:00
8874,INPROC_9A4A0E,1,10,team2,Team 2 (E/W),46,74,39,♠,finished,2026-05-17T19:28:24.096236+00:00
8875,INPROC_C838CD,1,10,team1,Team 1 (N/S),90,30,12,♦,finished,2026-05-17T19:28:24.114519+00:00
8876,INPROC_7B097E,1,10,team1,Team 1 (N/S),98,22,0,♣,finished,2026-05-17T19:28:24.131480+00:00
8877,INPROC_9D52CC,1,10,team1,Team 1 (N/S),80,40,3,♣,finished,2026-05-17T19:28:24.150929+00:00
8878,INPROC_FB6190,1,10,team1,Team 1 (N/S),76,44,4,♣,finished,2026-05-17T19:28:24.169943+00:00
8879,INPROC_01CEF6,1,10,team2,Team 2 (E/W),51,69,35,♠,finished,2026-05-17T19:28:24.191031+00:00
8880,INPROC_2CA6E7,1,10,team2,Team 2 (E/W),41,79,17,♦,finished,2026-05-17T19:28:24.208891+00:00
8881,INPROC_DBEA13,1,10,team1,Team 1 (N/S),90,30,4,♣,finished,2026-05-17T19:28:24.227831+00:00
8882,INPROC_28D60F,1,10,team2,Team 2 (E/W),21,99,26,♥,finished,2026-05-17T19:28:24.247531+00:00
8883,INPROC_928B39,1,10,team1,Team 1 (N/S),97,23,14,♦,finished,2026-05-17T19:28:24.266015+00:00
8884,INPROC_D3C65E,1,10,team2,Team 2 (E/W),42,78,5,♣,finished,2026-05-17T19:28:24.284486+00:00
8885,INPROC_17A9F7,1,10,team1,Team 1 (N/S),73,47,14,♦,finished,2026-05-17T19:28:24.303650+00:00
8886,INPROC_6AD929,1,10,team1,Team 1 (N/S),82,38,10,♦,finished,2026-05-17T19:28:24.321202+00:00
8887,INPROC_F7FC54,1,10,draw,draw,60,60,5,♣,finished,2026-05-17T19:28:24.337082+00:00
8888,INPROC_A2AA43,1,10,team2,Team 2 (E/W),45,75,20,♥,finished,2026-05-17T19:28:24.359148+00:00
8889,INPROC_488EAE,1,10,team1,Team 1 (N/S),61,59,25,♥,finished,2026-05-17T19:28:24.378202+00:00
8890,INPROC_A85229,1,10,team1,Team 1 (N/S),91,29,31,♠,finished,2026-05-17T19:28:24.397182+00:00
8891,INPROC_91BB31,1,10,team2,Team 2 (E/W),44,76,29,♥,finished,2026-05-17T19:28:24.415845+00:00
8892,INPROC_7679BE,1,10,team2,Team 2 (E/W),32,88,20,♥,finished,2026-05-17T19:28:24.435890+00:00
8893,INPROC_519AFB,1,10,team1,Team 1 (N/S),67,53,2,♣,finished,2026-05-17T19:28:24.456884+00:00
8894,INPROC_F0A2AE,1,10,team1,Team 1 (N/S),70,50,23,♥,finished,2026-05-17T19:28:24.477394+00:00
8895,INPROC_239B03,1,10,team2,Team 2 (E/W),18,102,19,♦,finished,2026-05-17T19:28:24.497603+00:00
8896,INPROC_7F4B58,1,10,team1,Team 1 (N/S),63,57,23,♥,finished,2026-05-17T19:28:24.517577+00:00
8897,INPROC_24045A,1,10,team1,Team 1 (N/S),79,41,18,♦,finished,2026-05-17T19:28:24.535414+00:00
8898,INPROC_43124E,1,10,team1,Team 1 (N/S),102,18,23,♥,finished,2026-05-17T19:28:24.555490+00:00
8899,INPROC_75FC55,1,10,team2,Team 2 (E/W),13,107,7,♣,finished,2026-05-17T19:28:24.574486+00:00
8900,INPROC_71D09D,1,10,team1,Team 1 (N/S),71,49,23,♥,finished,2026-05-17T19:28:24.592777+00:00
8901,INPROC_2DC158,1,10,team1,Team 1 (N/S),71,49,9,♣,finished,2026-05-17T19:28:24.610425+00:00
8902,INPROC_170469,1,10,team2,Team 2 (E/W),30,90,33,♠,finished,2026-05-17T19:28:24.627035+00:00
8903,INPROC_2D52E6,1,10,team2,Team 2 (E/W),55,65,35,♠,finished,2026-05-17T19:28:24.645353+00:00
8904,INPROC_2874E6,1,10,team2,Team 2 (E/W),54,66,1,♣,finished,2026-05-17T19:28:24.661322+00:00
8905,INPROC_DE286F,1,10,team1,Team 1 (N/S),72,48,23,♥,finished,2026-05-17T19:28:24.674104+00:00
8906,INPROC_D05A91,1,10,team2,Team 2 (E/W),36,84,36,♠,finished,2026-05-17T19:28:24.692847+00:00
8907,INPROC_B611A0,1,10,team2,Team 2 (E/W),42,78,18,♦,finished,2026-05-17T19:28:24.710616+00:00
8908,INPROC_DA51DF,1,10,team1,Team 1 (N/S),62,58,32,♠,finished,2026-05-17T19:28:24.727684+00:00
8909,INPROC_306849,1,10,team1,Team 1 (N/S),74,46,22,♥,finished,2026-05-17T19:28:24.747831+00:00
8910,INPROC_497311,1,10,team1,Team 1 (N/S),82,38,6,♣,finished,2026-05-17T19:28:24.762184+00:00
8911,INPROC_79F9D9,1,10,team2,Team 2 (E/W),6,114,35,♠,finished,2026-05-17T19:28:24.779553+00:00
8912,INPROC_C25BCB,1,10,team2,Team 2 (E/W),51,69,14,♦,finished,2026-05-17T19:28:24.797508+00:00
8913,INPROC_E80BBE,1,10,draw,draw,60,60,2,♣,finished,2026-05-17T19:28:24.814227+00:00
8914,INPROC_52666C,1,10,team1,Team 1 (N/S),71,49,30,♠,finished,2026-05-17T19:28:24.831368+00:00
8915,INPROC_BC92FB,1,10,team2,Team 2 (E/W),49,71,19,♦,finished,2026-05-17T19:28:24.851656+00:00
8916,INPROC_B6011A,1,10,team2,Team 2 (E/W),50,70,15,♦,finished,2026-05-17T19:28:24.867958+00:00
8917,INPROC_D095E6,1,10,team1,Team 1 (N/S),90,30,29,♥,finished,2026-05-17T19:28:24.882647+00:00
8918,INPROC_92B918,1,10,team1,Team 1 (N/S),100,20,13,♦,finished,2026-05-17T19:28:24.902954+00:00
8919,INPROC_04D6C1,1,10,team1,Team 1 (N/S),109,11,14,♦,finished,2026-05-17T19:28:24.922913+00:00
8920,INPROC_AEEBA2,1,10,team1,Team 1 (N/S),78,42,2,♣,finished,2026-05-17T19:28:24.942550+00:00
8921,INPROC_962CBD,1,10,team1,Team 1 (N/S),73,47,1,♣,finished,2026-05-17T19:28:24.963261+00:00
8922,INPROC_CCD864,1,10,team1,Team 1 (N/S),97,23,4,♣,finished,2026-05-17T19:28:24.984768+00:00
8923,INPROC_1EF57E,1,10,team1,Team 1 (N/S),75,45,0,♣,finished,2026-05-17T19:28:25.006981+00:00
8924,INPROC_39347D,1,10,team2,Team 2 (E/W),41,79,28,♥,finished,2026-05-17T19:28:25.026721+00:00
8925,INPROC_CE5D75,1,10,team1,Team 1 (N/S),65,55,20,♥,finished,2026-05-17T19:28:25.045289+00:00
8926,INPROC_7B4046,1,10,team2,Team 2 (E/W),50,70,0,♣,finished,2026-05-17T19:28:25.063890+00:00
8927,INPROC_77723C,1,10,team1,Team 1 (N/S),73,47,38,♠,finished,2026-05-17T19:28:25.082095+00:00
8928,INPROC_A147E2,1,10,team2,Team 2 (E/W),17,103,26,♥,finished,2026-05-17T19:28:25.098838+00:00
8929,INPROC_DA21A7,1,10,team2,Team 2 (E/W),58,62,9,♣,finished,2026-05-17T19:28:25.115442+00:00
8930,INPROC_DCBB8A,1,10,team2,Team 2 (E/W),44,76,4,♣,finished,2026-05-17T19:28:25.127456+00:00
8931,INPROC_35CB34,1,10,team2,Team 2 (E/W),37,83,19,♦,finished,2026-05-17T19:28:25.138732+00:00
8932,INPROC_FAA25C,1,10,team1,Team 1 (N/S),65,55,20,♥,finished,2026-05-17T19:28:25.151486+00:00
8933,INPROC_2CAD83,1,10,team2,Team 2 (E/W),35,85,12,♦,finished,2026-05-17T19:28:25.170063+00:00
8934,INPROC_493915,1,10,team2,Team 2 (E/W),38,82,9,♣,finished,2026-05-17T19:28:25.186976+00:00
8935,INPROC_100306,1,10,team1,Team 1 (N/S),70,50,22,♥,finished,2026-05-17T19:28:25.207445+00:00
8936,INPROC_5FD4D9,1,10,team2,Team 2 (E/W),28,92,34,♠,finished,2026-05-17T19:28:25.225645+00:00
8937,INPROC_1B714D,1,10,team1,Team 1 (N/S),84,36,3,♣,finished,2026-05-17T19:28:25.246956+00:00
8938,INPROC_E4A236,1,10,team2,Team 2 (E/W),25,95,17,♦,finished,2026-05-17T19:28:25.267653+00:00
8939,INPROC_AE93F3,1,10,team2,Team 2 (E/W),55,65,38,♠,finished,2026-05-17T19:28:25.279974+00:00
8940,INPROC_1134B0,1,10,team2,Team 2 (E/W),54,66,5,♣,finished,2026-05-17T19:28:25.297852+00:00
8941,INPROC_9C63F2,1,10,team1,Team 1 (N/S),89,31,4,♣,finished,2026-05-17T19:28:25.314861+00:00
8942,INPROC_E6EF3D,1,10,team2,Team 2 (E/W),3,117,8,♣,finished,2026-05-17T19:28:25.331717+00:00
8943,INPROC_247969,1,10,team2,Team 2 (E/W),30,90,29,♥,finished,2026-05-17T19:28:25.350308+00:00
8944,INPROC_96DC44,1,10,team2,Team 2 (E/W),21,99,11,♦,finished,2026-05-17T19:28:25.369027+00:00
8945,INPROC_B4946B,1,10,team2,Team 2 (E/W),43,77,32,♠,finished,2026-05-17T19:28:25.388382+00:00
8946,INPROC_D10173,1,10,team2,Team 2 (E/W),41,79,12,♦,finished,2026-05-17T19:28:25.405113+00:00
8947,INPROC_BEFF36,1,10,team1,Team 1 (N/S),76,44,34,♠,finished,2026-05-17T19:28:25.418856+00:00
8948,INPROC_7AB30C,1,10,team2,Team 2 (E/W),54,66,36,♠,finished,2026-05-17T19:28:25.434357+00:00
8949,INPROC_EF8545,1,10,team2,Team 2 (E/W),51,69,0,♣,finished,2026-05-17T19:28:25.451247+00:00
8950,INPROC_5090B6,1,10,team1,Team 1 (N/S),72,48,30,♠,finished,2026-05-17T19:28:25.465015+00:00
8951,INPROC_8374B9,1,10,team1,Team 1 (N/S),63,57,15,♦,finished,2026-05-17T19:28:25.479922+00:00
8952,INPROC_0FFAAA,1,10,team1,Team 1 (N/S),74,46,28,♥,finished,2026-05-17T19:28:25.495348+00:00
8953,INPROC_93F732,1,10,team2,Team 2 (E/W),16,104,7,♣,finished,2026-05-17T19:28:25.512042+00:00
8954,INPROC_9446E1,1,10,team2,Team 2 (E/W),36,84,39,♠,finished,2026-05-17T19:28:25.529943+00:00
8955,INPROC_B69466,1,10,team2,Team 2 (E/W),36,84,19,♦,finished,2026-05-17T19:28:25.547889+00:00
8956,INPROC_574AA7,1,10,team2,Team 2 (E/W),47,73,22,♥,finished,2026-05-17T19:28:25.564980+00:00
8957,INPROC_754383,1,10,team1,Team 1 (N/S),83,37,16,♦,finished,2026-05-17T19:28:25.582263+00:00
8958,INPROC_655DED,1,10,team1,Team 1 (N/S),70,50,36,♠,finished,2026-05-17T19:28:25.600834+00:00
8959,INPROC_293576,1,10,team2,Team 2 (E/W),25,95,34,♠,finished,2026-05-17T19:28:25.617998+00:00
8960,INPROC_209D38,1,10,team1,Team 1 (N/S),86,34,9,♣,finished,2026-05-17T19:28:25.636790+00:00
8961,INPROC_7E00EA,1,10,team1,Team 1 (N/S),102,18,25,♥,finished,2026-05-17T19:28:25.655500+00:00
8962,INPROC_2C9FD3,1,10,team2,Team 2 (E/W),34,86,15,♦,finished,2026-05-17T19:28:25.670652+00:00
8963,INPROC_7E77D4,1,10,team1,Team 1 (N/S),80,40,33,♠,finished,2026-05-17T19:28:25.683242+00:00
8964,INPROC_37C1D0,1,10,team1,Team 1 (N/S),70,50,34,♠,finished,2026-05-17T19:28:25.698912+00:00
8965,INPROC_DC288F,1,10,team1,Team 1 (N/S),78,42,31,♠,finished,2026-05-17T19:28:25.716910+00:00
8966,INPROC_3A7F9D,1,10,team1,Team 1 (N/S),91,29,23,♥,finished,2026-05-17T19:28:25.735136+00:00
8967,INPROC_DBBC44,1,10,team2,Team 2 (E/W),50,70,12,♦,finished,2026-05-17T19:28:25.752728+00:00
8968,INPROC_7A676C,1,10,team2,Team 2 (E/W),38,82,32,♠,finished,2026-05-17T19:28:25.770012+00:00
8969,INPROC_678472,1,10,team1,Team 1 (N/S),66,54,0,♣,finished,2026-05-17T19:28:25.787061+00:00
8970,INPROC_729E2B,1,10,team1,Team 1 (N/S),69,51,37,♠,finished,2026-05-17T19:28:25.800928+00:00
8971,INPROC_C7A481,1,10,team2,Team 2 (E/W),47,73,0,♣,finished,2026-05-17T19:28:25.819858+00:00
8972,INPROC_631481,1,10,team2,Team 2 (E/W),32,88,39,♠,finished,2026-05-17T19:28:25.837297+00:00
8973,INPROC_86055C,1,10,team2,Team 2 (E/W),58,62,21,♥,finished,2026-05-17T19:28:25.855629+00:00
8974,INPROC_572802,1,10,team1,Team 1 (N/S),67,53,34,♠,finished,2026-05-17T19:28:25.871031+00:00
8975,INPROC_66530A,1,10,team2,Team 2 (E/W),11,109,13,♦,finished,2026-05-17T19:28:25.887766+00:00
8976,INPROC_78FB62,1,10,team2,Team 2 (E/W),20,100,37,♠,finished,2026-05-17T19:28:25.903726+00:00
8977,INPROC_478247,1,10,team2,Team 2 (E/W),43,77,18,♦,finished,2026-05-17T19:28:25.921468+00:00
8978,INPROC_6F4CF0,1,10,team1,Team 1 (N/S),75,45,27,♥,finished,2026-05-17T19:28:25.937085+00:00
8979,INPROC_A5A3EA,1,10,team1,Team 1 (N/S),87,33,31,♠,finished,2026-05-17T19:28:25.949877+00:00
8980,INPROC_85D279,1,10,team1,Team 1 (N/S),67,53,24,♥,finished,2026-05-17T19:28:25.962544+00:00
8981,INPROC_02F512,1,10,team2,Team 2 (E/W),25,95,34,♠,finished,2026-05-17T19:28:25.976034+00:00
8982,INPROC_36CC66,1,10,team2,Team 2 (E/W),21,99,9,♣,finished,2026-05-17T19:28:25.992477+00:00
8983,INPROC_32D258,1,10,team1,Team 1 (N/S),68,52,22,♥,finished,2026-05-17T19:28:26.012226+00:00
8984,INPROC_6858CD,1,10,team1,Team 1 (N/S),91,29,36,♠,finished,2026-05-17T19:28:26.031708+00:00
8985,INPROC_65E9D9,1,10,team2,Team 2 (E/W),27,93,7,♣,finished,2026-05-17T19:28:26.050304+00:00
8986,INPROC_6E15A9,1,10,team2,Team 2 (E/W),41,79,32,♠,finished,2026-05-17T19:28:26.068536+00:00
8987,INPROC_396B12,1,10,team2,Team 2 (E/W),57,63,1,♣,finished,2026-05-17T19:28:26.085000+00:00
8988,INPROC_B29B0E,1,10,team1,Team 1 (N/S),67,53,0,♣,finished,2026-05-17T19:28:26.101251+00:00
8989,INPROC_35C164,1,10,team2,Team 2 (E/W),57,63,32,♠,finished,2026-05-17T19:28:26.118346+00:00
8990,INPROC_5A09D9,1,10,team1,Team 1 (N/S),68,52,14,♦,finished,2026-05-17T19:28:26.135518+00:00
8991,INPROC_B96512,1,10,team2,Team 2 (E/W),33,87,23,♥,finished,2026-05-17T19:28:26.152323+00:00
8992,INPROC_63EF79,1,10,team2,Team 2 (E/W),26,94,38,♠,finished,2026-05-17T19:28:26.171162+00:00
8993,INPROC_6CEA5B,1,10,team1,Team 1 (N/S),78,42,11,♦,finished,2026-05-17T19:28:26.186590+00:00
8994,INPROC_DF363D,1,10,team2,Team 2 (E/W),51,69,33,♠,finished,2026-05-17T19:28:26.200983+00:00
8995,INPROC_483FDF,1,10,team1,Team 1 (N/S),67,53,32,♠,finished,2026-05-17T19:28:26.216848+00:00
8996,INPROC_F685D5,1,10,team1,Team 1 (N/S),105,15,15,♦,finished,2026-05-17T19:28:26.235859+00:00
8997,INPROC_981BFA,1,10,team2,Team 2 (E/W),4,116,13,♦,finished,2026-05-17T19:28:26.254131+00:00
8998,INPROC_4506F9,1,10,team1,Team 1 (N/S),70,50,35,♠,finished,2026-05-17T19:28:26.273386+00:00
8999,INPROC_3E3A18,1,10,team1,Team 1 (N/S),75,45,39,♠,finished,2026-05-17T19:28:26.292035+00:00
9000,INPROC_61DC49,1,10,team1,Team 1 (N/S),66,54,37,♠,finished,2026-05-17T19:28:26.305781+00:00
9001,INPROC_303D1B,1,10,team2,Team 2 (E/W),11,109,18,♦,finished,2026-05-17T19:28:26.321597+00:00
9002,INPROC_2E8353,1,10,team2,Team 2 (E/W),0,120,29,♥,finished,2026-05-17T19:28:26.337673+00:00
9003,INPROC_072F2F,1,10,team2,Team 2 (E/W),52,68,23,♥,finished,2026-05-17T19:28:26.353835+00:00
9004,INPROC_45AEEC,1,10,team2,Team 2 (E/W),55,65,32,♠,finished,2026-05-17T19:28:26.369048+00:00
9005,INPROC_B37012,1,10,team2,Team 2 (E/W),56,64,9,♣,finished,2026-05-17T19:28:26.383253+00:00
9006,INPROC_4C5911,1,10,team2,Team 2 (E/W),21,99,0,♣,finished,2026-05-17T19:28:26.397865+00:00
9007,INPROC_DD684D,1,10,team1,Team 1 (N/S),64,56,27,♥,finished,2026-05-17T19:28:26.414087+00:00
9008,INPROC_96577E,1,10,team2,Team 2 (E/W),24,96,26,♥,finished,2026-05-17T19:28:26.428543+00:00
9009,INPROC_E22D6D,1,10,team2,Team 2 (E/W),55,65,20,♥,finished,2026-05-17T19:28:26.444478+00:00
9010,INPROC_5C86F0,1,10,team1,Team 1 (N/S),79,41,34,♠,finished,2026-05-17T19:28:26.456898+00:00
9011,INPROC_540892,1,10,team2,Team 2 (E/W),48,72,3,♣,finished,2026-05-17T19:28:26.468374+00:00
9012,INPROC_7DAAAC,1,10,team1,Team 1 (N/S),88,32,11,♦,finished,2026-05-17T19:28:26.484600+00:00
9013,INPROC_9B76AE,1,10,team1,Team 1 (N/S),68,52,32,♠,finished,2026-05-17T19:28:26.501263+00:00
9014,INPROC_B7EFAB,1,10,team1,Team 1 (N/S),108,12,6,♣,finished,2026-05-17T19:28:26.518566+00:00
9015,INPROC_D5F19F,1,10,team1,Team 1 (N/S),71,49,34,♠,finished,2026-05-17T19:28:26.536795+00:00
9016,INPROC_C6FC5D,1,10,team1,Team 1 (N/S),71,49,1,♣,finished,2026-05-17T19:28:26.556095+00:00
9017,INPROC_C64B15,1,10,team1,Team 1 (N/S),95,25,25,♥,finished,2026-05-17T19:28:26.573415+00:00
9018,INPROC_4F4923,1,10,team1,Team 1 (N/S),78,42,18,♦,finished,2026-05-17T19:28:26.594440+00:00
9019,INPROC_EFA1CB,1,10,team2,Team 2 (E/W),57,63,34,♠,finished,2026-05-17T19:28:26.614693+00:00
9020,INPROC_460ACC,1,10,team2,Team 2 (E/W),57,63,29,♥,finished,2026-05-17T19:28:26.635496+00:00
9021,INPROC_91D1E1,1,10,team2,Team 2 (E/W),38,82,29,♥,finished,2026-05-17T19:28:26.655287+00:00
9022,INPROC_D1C783,1,10,team1,Team 1 (N/S),91,29,27,♥,finished,2026-05-17T19:28:26.674109+00:00
9023,INPROC_3BDC45,1,10,team2,Team 2 (E/W),50,70,26,♥,finished,2026-05-17T19:28:26.690545+00:00
9024,INPROC_22D644,1,10,team2,Team 2 (E/W),27,93,13,♦,finished,2026-05-17T19:28:26.706353+00:00
9025,INPROC_6AC438,1,10,team2,Team 2 (E/W),18,102,16,♦,finished,2026-05-17T19:28:26.723913+00:00
9026,INPROC_31C376,1,10,team2,Team 2 (E/W),45,75,21,♥,finished,2026-05-17T19:28:26.740302+00:00
9027,INPROC_23F3CE,1,10,team1,Team 1 (N/S),82,38,12,♦,finished,2026-05-17T19:28:26.761271+00:00
9028,INPROC_2444C1,1,10,team1,Team 1 (N/S),99,21,25,♥,finished,2026-05-17T19:28:26.781435+00:00
9029,INPROC_2D78CC,1,10,team1,Team 1 (N/S),87,33,13,♦,finished,2026-05-17T19:28:26.797880+00:00
9030,INPROC_7C7A04,1,10,team2,Team 2 (E/W),48,72,8,♣,finished,2026-05-17T19:28:26.813209+00:00
9031,INPROC_BFD189,1,10,team1,Team 1 (N/S),83,37,21,♥,finished,2026-05-17T19:28:26.829070+00:00
9032,INPROC_FFCF31,1,10,team2,Team 2 (E/W),53,67,35,♠,finished,2026-05-17T19:28:26.842644+00:00
9033,INPROC_3C17DE,1,10,team1,Team 1 (N/S),65,55,28,♥,finished,2026-05-17T19:28:26.858231+00:00
9034,INPROC_154381,1,10,team1,Team 1 (N/S),95,25,30,♠,finished,2026-05-17T19:28:26.875268+00:00
9035,INPROC_CADDD8,1,10,team2,Team 2 (E/W),33,87,24,♥,finished,2026-05-17T19:28:26.891546+00:00
9036,INPROC_9E4EA6,1,10,team2,Team 2 (E/W),54,66,39,♠,finished,2026-05-17T19:28:26.909057+00:00
9037,INPROC_DEB9F9,1,10,team2,Team 2 (E/W),45,75,3,♣,finished,2026-05-17T19:28:26.926189+00:00
9038,INPROC_04D670,1,10,team2,Team 2 (E/W),56,64,12,♦,finished,2026-05-17T19:28:26.943541+00:00
9039,INPROC_960FA6,1,10,team1,Team 1 (N/S),63,57,8,♣,finished,2026-05-17T19:28:26.961788+00:00
9040,INPROC_966A49,1,10,team1,Team 1 (N/S),63,57,1,♣,finished,2026-05-17T19:28:26.979045+00:00
9041,INPROC_4FFEBC,1,10,team2,Team 2 (E/W),42,78,26,♥,finished,2026-05-17T19:28:26.993486+00:00
9042,INPROC_8A323C,1,10,team2,Team 2 (E/W),52,68,1,♣,finished,2026-05-17T19:28:27.005063+00:00
9043,INPROC_30ED7E,1,10,team2,Team 2 (E/W),38,82,36,♠,finished,2026-05-17T19:28:27.022252+00:00
9044,INPROC_B5550B,1,10,team1,Team 1 (N/S),87,33,28,♥,finished,2026-05-17T19:28:27.038590+00:00
9045,INPROC_77F215,1,10,team1,Team 1 (N/S),84,36,12,♦,finished,2026-05-17T19:28:27.059960+00:00
9046,INPROC_09F30B,1,10,team1,Team 1 (N/S),85,35,7,♣,finished,2026-05-17T19:28:27.076662+00:00
9047,INPROC_1882CA,1,10,team1,Team 1 (N/S),63,57,6,♣,finished,2026-05-17T19:28:27.094195+00:00
9048,INPROC_9B0009,1,10,team1,Team 1 (N/S),68,52,24,♥,finished,2026-05-17T19:28:27.117880+00:00
9049,INPROC_3AC87C,1,10,team2,Team 2 (E/W),30,90,38,♠,finished,2026-05-17T19:28:27.139508+00:00
9050,INPROC_5AE5D4,1,10,team1,Team 1 (N/S),76,44,26,♥,finished,2026-05-17T19:28:27.160483+00:00
9051,INPROC_968B6B,1,10,team1,Team 1 (N/S),82,38,34,♠,finished,2026-05-17T19:28:27.180062+00:00
9052,INPROC_99F691,1,10,team2,Team 2 (E/W),52,68,9,♣,finished,2026-05-17T19:28:27.198516+00:00
9053,INPROC_2502DD,1,10,team2,Team 2 (E/W),42,78,25,♥,finished,2026-05-17T19:28:27.213895+00:00
9054,INPROC_B95888,1,10,team2,Team 2 (E/W),25,95,4,♣,finished,2026-05-17T19:28:27.227686+00:00
9055,INPROC_C8661C,1,10,team1,Team 1 (N/S),64,56,12,♦,finished,2026-05-17T19:28:27.244293+00:00
9056,INPROC_0DB14F,1,10,team2,Team 2 (E/W),36,84,5,♣,finished,2026-05-17T19:28:27.257436+00:00
9057,INPROC_A1A524,1,10,team1,Team 1 (N/S),75,45,26,♥,finished,2026-05-17T19:28:27.269838+00:00
9058,INPROC_DD5ED6,1,10,team2,Team 2 (E/W),33,87,35,♠,finished,2026-05-17T19:28:27.282022+00:00
9059,INPROC_74E1F6,1,10,team2,Team 2 (E/W),38,82,17,♦,finished,2026-05-17T19:28:27.298734+00:00
9060,INPROC_B5C4E6,1,10,team1,Team 1 (N/S),66,54,38,♠,finished,2026-05-17T19:28:27.316714+00:00
9061,INPROC_CE785C,1,10,team2,Team 2 (E/W),36,84,18,♦,finished,2026-05-17T19:28:27.334598+00:00
9062,INPROC_88312B,1,10,team1,Team 1 (N/S),71,49,33,♠,finished,2026-05-17T19:28:27.352564+00:00
9063,INPROC_8D360C,1,10,team2,Team 2 (E/W),34,86,14,♦,finished,2026-05-17T19:28:27.371912+00:00
9064,INPROC_09865A,1,10,team1,Team 1 (N/S),89,31,1,♣,finished,2026-05-17T19:28:27.390031+00:00
9065,INPROC_6BC4B5,1,10,team1,Team 1 (N/S),82,38,0,♣,finished,2026-05-17T19:28:27.407283+00:00
9066,INPROC_EDA7E2,1,10,team1,Team 1 (N/S),63,57,28,♥,finished,2026-05-17T19:28:27.422881+00:00
9067,INPROC_9DAE56,1,10,team2,Team 2 (E/W),38,82,31,♠,finished,2026-05-17T19:28:27.439779+00:00
9068,INPROC_830D20,1,10,team2,Team 2 (E/W),48,72,12,♦,finished,2026-05-17T19:28:27.456431+00:00
9069,INPROC_F40EDC,1,10,team1,Team 1 (N/S),106,14,26,♥,finished,2026-05-17T19:28:27.470872+00:00
9070,INPROC_E599A2,1,10,team2,Team 2 (E/W),17,103,2,♣,finished,2026-05-17T19:28:27.488640+00:00
9071,INPROC_E2CE29,1,10,team1,Team 1 (N/S),62,58,18,♦,finished,2026-05-17T19:28:27.505234+00:00
9072,INPROC_2D27E6,1,10,team2,Team 2 (E/W),49,71,13,♦,finished,2026-05-17T19:28:27.523236+00:00
9073,INPROC_01333E,1,10,team2,Team 2 (E/W),33,87,20,♥,finished,2026-05-17T19:28:27.538409+00:00
9074,INPROC_B68274,1,10,team2,Team 2 (E/W),43,77,37,♠,finished,2026-05-17T19:28:27.551025+00:00
9075,INPROC_42B582,1,10,team2,Team 2 (E/W),51,69,13,♦,finished,2026-05-17T19:28:27.566050+00:00
9076,INPROC_23B061,1,10,team1,Team 1 (N/S),82,38,5,♣,finished,2026-05-17T19:28:27.586411+00:00
9077,INPROC_536407,1,10,team1,Team 1 (N/S),75,45,34,♠,finished,2026-05-17T19:28:27.605030+00:00
9078,INPROC_299DCB,1,10,team2,Team 2 (E/W),25,95,35,♠,finished,2026-05-17T19:28:27.619412+00:00
9079,INPROC_0C0165,1,10,team2,Team 2 (E/W),52,68,34,♠,finished,2026-05-17T19:28:27.633257+00:00
9080,INPROC_990F08,1,10,draw,draw,60,60,30,♠,finished,2026-05-17T19:28:27.649494+00:00
9081,INPROC_3A82A0,1,10,team1,Team 1 (N/S),65,55,22,♥,finished,2026-05-17T19:28:27.666720+00:00
9082,INPROC_F7F4F8,1,10,team2,Team 2 (E/W),23,97,18,♦,finished,2026-05-17T19:28:27.681328+00:00
9083,INPROC_7EAE42,1,10,team2,Team 2 (E/W),56,64,36,♠,finished,2026-05-17T19:28:27.698006+00:00
9084,INPROC_35DCF7,1,10,team2,Team 2 (E/W),38,82,20,♥,finished,2026-05-17T19:28:27.713322+00:00
9085,INPROC_942588,1,10,team2,Team 2 (E/W),49,71,33,♠,finished,2026-05-17T19:28:27.730269+00:00
9086,INPROC_00C198,1,10,team1,Team 1 (N/S),85,35,31,♠,finished,2026-05-17T19:28:27.747282+00:00
9087,INPROC_60272B,1,10,team1,Team 1 (N/S),63,57,9,♣,finished,2026-05-17T19:28:27.763426+00:00
9088,INPROC_75DF82,1,10,team2,Team 2 (E/W),25,95,8,♣,finished,2026-05-17T19:28:27.779971+00:00
9089,INPROC_711B9E,1,10,team1,Team 1 (N/S),64,56,18,♦,finished,2026-05-17T19:28:27.795432+00:00
9090,INPROC_5A35A3,1,10,team1,Team 1 (N/S),62,58,33,♠,finished,2026-05-17T19:28:27.806784+00:00
9091,INPROC_10440C,1,10,team1,Team 1 (N/S),66,54,6,♣,finished,2026-05-17T19:28:27.826712+00:00
9092,INPROC_80275B,1,10,team2,Team 2 (E/W),27,93,12,♦,finished,2026-05-17T19:28:27.847918+00:00
9093,INPROC_61D705,1,10,team2,Team 2 (E/W),51,69,20,♥,finished,2026-05-17T19:28:27.874176+00:00
9094,INPROC_FEDFC3,1,10,team2,Team 2 (E/W),9,111,17,♦,finished,2026-05-17T19:28:27.889556+00:00
9095,INPROC_B41E0E,1,10,team2,Team 2 (E/W),35,85,37,♠,finished,2026-05-17T19:28:27.901285+00:00
9096,INPROC_C42C94,1,10,team1,Team 1 (N/S),85,35,26,♥,finished,2026-05-17T19:28:27.920090+00:00
9097,INPROC_BF4AE4,1,10,team2,Team 2 (E/W),29,91,18,♦,finished,2026-05-17T19:28:27.939041+00:00
9098,INPROC_9C0BE6,1,10,team1,Team 1 (N/S),95,25,4,♣,finished,2026-05-17T19:28:27.955605+00:00
9099,INPROC_A39AF7,1,10,team1,Team 1 (N/S),85,35,2,♣,finished,2026-05-17T19:28:27.974532+00:00
9100,INPROC_D88772,1,10,team2,Team 2 (E/W),50,70,5,♣,finished,2026-05-17T19:28:27.991228+00:00
9101,INPROC_70B6A4,1,10,team2,Team 2 (E/W),36,84,9,♣,finished,2026-05-17T19:28:28.009796+00:00
9102,INPROC_4B7149,1,10,team2,Team 2 (E/W),42,78,35,♠,finished,2026-05-17T19:28:28.027719+00:00
9103,INPROC_052C7A,1,10,team1,Team 1 (N/S),69,51,25,♥,finished,2026-05-17T19:28:28.044766+00:00
9104,INPROC_C0C9BB,1,10,team2,Team 2 (E/W),31,89,5,♣,finished,2026-05-17T19:28:28.062784+00:00
9105,INPROC_F2C693,1,10,team1,Team 1 (N/S),91,29,37,♠,finished,2026-05-17T19:28:28.077709+00:00
9106,INPROC_8DA82D,1,10,team1,Team 1 (N/S),98,22,13,♦,finished,2026-05-17T19:28:28.091777+00:00
9107,INPROC_5DBB9C,1,10,team2,Team 2 (E/W),13,107,25,♥,finished,2026-05-17T19:28:28.109020+00:00
9108,INPROC_B36800,1,10,team2,Team 2 (E/W),25,95,18,♦,finished,2026-05-17T19:28:28.126922+00:00
9109,INPROC_4186C2,1,10,team1,Team 1 (N/S),93,27,5,♣,finished,2026-05-17T19:28:28.146398+00:00
9110,INPROC_55E715,1,10,team1,Team 1 (N/S),85,35,15,♦,finished,2026-05-17T19:28:28.165299+00:00
9111,INPROC_97A17C,1,10,team2,Team 2 (E/W),47,73,38,♠,finished,2026-05-17T19:28:28.184025+00:00
9112,INPROC_B95064,1,10,team1,Team 1 (N/S),102,18,23,♥,finished,2026-05-17T19:28:28.199791+00:00
9113,INPROC_3794B7,1,10,team2,Team 2 (E/W),37,83,7,♣,finished,2026-05-17T19:28:28.219275+00:00
9114,INPROC_6D5FB1,1,10,team1,Team 1 (N/S),67,53,31,♠,finished,2026-05-17T19:28:28.237021+00:00
9115,INPROC_6A203A,1,10,team2,Team 2 (E/W),57,63,26,♥,finished,2026-05-17T19:28:28.253606+00:00
9116,INPROC_4FD63E,1,10,team2,Team 2 (E/W),57,63,20,♥,finished,2026-05-17T19:28:28.271055+00:00
9117,INPROC_9D1F93,1,10,team2,Team 2 (E/W),46,74,28,♥,finished,2026-05-17T19:28:28.290589+00:00
9118,INPROC_C9563B,1,10,team2,Team 2 (E/W),56,64,10,♦,finished,2026-05-17T19:28:28.308423+00:00
9119,INPROC_FA6DB2,1,10,team1,Team 1 (N/S),69,51,37,♠,finished,2026-05-17T19:28:28.327634+00:00
9120,INPROC_BFD3B4,1,10,team2,Team 2 (E/W),16,104,35,♠,finished,2026-05-17T19:28:28.342701+00:00
9121,INPROC_354A3B,1,10,team2,Team 2 (E/W),35,85,2,♣,finished,2026-05-17T19:28:28.356767+00:00
9122,INPROC_BF14E8,1,10,team1,Team 1 (N/S),75,45,22,♥,finished,2026-05-17T19:28:28.368500+00:00
9123,INPROC_BCF514,1,10,team2,Team 2 (E/W),41,79,19,♦,finished,2026-05-17T19:28:28.385562+00:00
9124,INPROC_447B5A,1,10,team1,Team 1 (N/S),91,29,20,♥,finished,2026-05-17T19:28:28.402111+00:00
9125,INPROC_105895,1,10,team2,Team 2 (E/W),28,92,9,♣,finished,2026-05-17T19:28:28.418673+00:00
9126,INPROC_4F93F7,1,10,team1,Team 1 (N/S),73,47,8,♣,finished,2026-05-17T19:28:28.437194+00:00
9127,INPROC_A74671,1,10,team1,Team 1 (N/S),78,42,37,♠,finished,2026-05-17T19:28:28.453738+00:00
9128,INPROC_DA881E,1,10,team1,Team 1 (N/S),62,58,23,♥,finished,2026-05-17T19:28:28.467044+00:00
9129,INPROC_B18433,1,10,team2,Team 2 (E/W),50,70,0,♣,finished,2026-05-17T19:28:28.484628+00:00
9130,INPROC_BACBBB,1,10,team2,Team 2 (E/W),43,77,26,♥,finished,2026-05-17T19:28:28.500748+00:00
9131,INPROC_A49107,1,10,team2,Team 2 (E/W),14,106,15,♦,finished,2026-05-17T19:28:28.516649+00:00
9132,INPROC_6B8A46,1,10,team2,Team 2 (E/W),50,70,26,♥,finished,2026-05-17T19:28:28.534389+00:00
9133,INPROC_B43B6D,1,10,team2,Team 2 (E/W),37,83,12,♦,finished,2026-05-17T19:28:28.552317+00:00
9134,INPROC_C7A54F,1,10,team2,Team 2 (E/W),49,71,26,♥,finished,2026-05-17T19:28:28.569330+00:00
9135,INPROC_E2912A,1,10,team1,Team 1 (N/S),98,22,26,♥,finished,2026-05-17T19:28:28.591540+00:00
9136,INPROC_0C4CCB,1,10,team2,Team 2 (E/W),45,75,25,♥,finished,2026-05-17T19:28:28.607104+00:00
9137,INPROC_CA8867,1,10,team2,Team 2 (E/W),57,63,38,♠,finished,2026-05-17T19:28:28.619375+00:00
9138,INPROC_0045F7,1,10,team2,Team 2 (E/W),11,109,35,♠,finished,2026-05-17T19:28:28.635696+00:00
9139,INPROC_95A70F,1,10,team1,Team 1 (N/S),63,57,7,♣,finished,2026-05-17T19:28:28.650977+00:00
9140,INPROC_633B5B,1,10,team2,Team 2 (E/W),8,112,22,♥,finished,2026-05-17T19:28:28.668507+00:00
9141,INPROC_F3C45C,1,10,team1,Team 1 (N/S),61,59,30,♠,finished,2026-05-17T19:28:28.688211+00:00
9142,INPROC_4B82D4,1,10,team1,Team 1 (N/S),120,0,0,♣,finished,2026-05-17T19:28:28.706901+00:00
9143,INPROC_7DCDC3,1,10,team2,Team 2 (E/W),0,120,9,♣,finished,2026-05-17T19:28:28.724433+00:00
9144,INPROC_2B01BE,1,10,team2,Team 2 (E/W),24,96,23,♥,finished,2026-05-17T19:28:28.740373+00:00
9145,INPROC_CA1D02,1,10,team2,Team 2 (E/W),58,62,15,♦,finished,2026-05-17T19:28:28.756717+00:00
9146,INPROC_750941,1,10,team2,Team 2 (E/W),33,87,21,♥,finished,2026-05-17T19:28:28.773442+00:00
9147,INPROC_45A674,1,10,team2,Team 2 (E/W),53,67,2,♣,finished,2026-05-17T19:28:28.789301+00:00
9148,INPROC_575FC3,1,10,team2,Team 2 (E/W),59,61,13,♦,finished,2026-05-17T19:28:28.806084+00:00
9149,INPROC_014F46,1,10,draw,draw,60,60,7,♣,finished,2026-05-17T19:28:28.823564+00:00
9150,INPROC_BDFC0F,1,10,team2,Team 2 (E/W),48,72,31,♠,finished,2026-05-17T19:28:28.840967+00:00
9151,INPROC_6622FE,1,10,team1,Team 1 (N/S),101,19,18,♦,finished,2026-05-17T19:28:28.857755+00:00
9152,INPROC_EB003E,1,10,team1,Team 1 (N/S),61,59,21,♥,finished,2026-05-17T19:28:28.870887+00:00
9153,INPROC_E0BBBA,1,10,team1,Team 1 (N/S),87,33,26,♥,finished,2026-05-17T19:28:28.883690+00:00
9154,INPROC_4A505A,1,10,team1,Team 1 (N/S),75,45,1,♣,finished,2026-05-17T19:28:28.894428+00:00
9155,INPROC_3E9BB6,1,10,team2,Team 2 (E/W),12,108,37,♠,finished,2026-05-17T19:28:28.906769+00:00
9156,INPROC_69817C,1,10,team2,Team 2 (E/W),58,62,15,♦,finished,2026-05-17T19:28:28.923453+00:00
9157,INPROC_572E96,1,10,team2,Team 2 (E/W),45,75,11,♦,finished,2026-05-17T19:28:28.939660+00:00
9158,INPROC_099E1B,1,10,team2,Team 2 (E/W),38,82,28,♥,finished,2026-05-17T19:28:28.953105+00:00
9159,INPROC_73EA4F,1,10,team2,Team 2 (E/W),59,61,21,♥,finished,2026-05-17T19:28:28.972842+00:00
9160,INPROC_C8E772,1,10,team2,Team 2 (E/W),55,65,11,♦,finished,2026-05-17T19:28:28.987785+00:00
9161,INPROC_76A55F,1,10,team1,Team 1 (N/S),63,57,16,♦,finished,2026-05-17T19:28:29.003649+00:00
9162,INPROC_C3421F,1,10,team2,Team 2 (E/W),37,83,8,♣,finished,2026-05-17T19:28:29.020484+00:00
9163,INPROC_088F60,1,10,team2,Team 2 (E/W),45,75,37,♠,finished,2026-05-17T19:28:29.039111+00:00
9164,INPROC_4EB9BF,1,10,team2,Team 2 (E/W),26,94,0,♣,finished,2026-05-17T19:28:29.055142+00:00
9165,INPROC_92850B,1,10,team2,Team 2 (E/W),53,67,10,♦,finished,2026-05-17T19:28:29.072832+00:00
9166,INPROC_917068,1,10,team1,Team 1 (N/S),102,18,1,♣,finished,2026-05-17T19:28:29.090421+00:00
9167,INPROC_17F681,1,10,team2,Team 2 (E/W),36,84,27,♥,finished,2026-05-17T19:28:29.108485+00:00
9168,INPROC_0D07D1,1,10,team2,Team 2 (E/W),23,97,8,♣,finished,2026-05-17T19:28:29.124781+00:00
9169,INPROC_C4A517,1,10,team1,Team 1 (N/S),77,43,26,♥,finished,2026-05-17T19:28:29.140611+00:00
9170,INPROC_0DF4D5,1,10,team1,Team 1 (N/S),92,28,16,♦,finished,2026-05-17T19:28:29.153604+00:00
9171,INPROC_60E9A9,1,10,team2,Team 2 (E/W),29,91,15,♦,finished,2026-05-17T19:28:29.165798+00:00
9172,INPROC_298450,1,10,team2,Team 2 (E/W),25,95,22,♥,finished,2026-05-17T19:28:29.182381+00:00
9173,INPROC_AA48E4,1,10,team2,Team 2 (E/W),57,63,26,♥,finished,2026-05-17T19:28:29.198569+00:00
9174,INPROC_B238AC,1,10,team1,Team 1 (N/S),101,19,15,♦,finished,2026-05-17T19:28:29.216020+00:00
9175,INPROC_66F7AF,1,10,team2,Team 2 (E/W),50,70,2,♣,finished,2026-05-17T19:28:29.234088+00:00
9176,INPROC_742D53,1,10,team1,Team 1 (N/S),77,43,22,♥,finished,2026-05-17T19:28:29.252066+00:00
9177,INPROC_C18413,1,10,team2,Team 2 (E/W),32,88,34,♠,finished,2026-05-17T19:28:29.269249+00:00
9178,INPROC_163112,1,10,team2,Team 2 (E/W),33,87,9,♣,finished,2026-05-17T19:28:29.287640+00:00
9179,INPROC_C97ADB,1,10,draw,draw,60,60,18,♦,finished,2026-05-17T19:28:29.303525+00:00
9180,INPROC_F619C3,1,10,team2,Team 2 (E/W),46,74,15,♦,finished,2026-05-17T19:28:29.319885+00:00
9181,INPROC_BB89B3,1,10,team2,Team 2 (E/W),49,71,5,♣,finished,2026-05-17T19:28:29.336536+00:00
9182,INPROC_3C54D0,1,10,team2,Team 2 (E/W),43,77,19,♦,finished,2026-05-17T19:28:29.353229+00:00
9183,INPROC_034463,1,10,team2,Team 2 (E/W),37,83,14,♦,finished,2026-05-17T19:28:29.370891+00:00
9184,INPROC_42EF5C,1,10,team2,Team 2 (E/W),26,94,19,♦,finished,2026-05-17T19:28:29.386760+00:00
9185,INPROC_1C4BD8,1,10,team1,Team 1 (N/S),70,50,18,♦,finished,2026-05-17T19:28:29.399303+00:00
9186,INPROC_485ED5,1,10,team2,Team 2 (E/W),47,73,1,♣,finished,2026-05-17T19:28:29.412906+00:00
9187,INPROC_FC0C60,1,10,team2,Team 2 (E/W),47,73,19,♦,finished,2026-05-17T19:28:29.428212+00:00
9188,INPROC_E7A661,1,10,team2,Team 2 (E/W),56,64,36,♠,finished,2026-05-17T19:28:29.442940+00:00
9189,INPROC_4F4905,1,10,team2,Team 2 (E/W),53,67,12,♦,finished,2026-05-17T19:28:29.462336+00:00
9190,INPROC_80C924,1,10,team2,Team 2 (E/W),24,96,29,♥,finished,2026-05-17T19:28:29.480552+00:00
9191,INPROC_2A2144,1,10,team2,Team 2 (E/W),37,83,28,♥,finished,2026-05-17T19:28:29.495408+00:00
9192,INPROC_B65241,1,10,team2,Team 2 (E/W),57,63,19,♦,finished,2026-05-17T19:28:29.512531+00:00
9193,INPROC_1053AD,1,10,team2,Team 2 (E/W),20,100,7,♣,finished,2026-05-17T19:28:29.531537+00:00
9194,INPROC_9B5A1A,1,10,team1,Team 1 (N/S),80,40,14,♦,finished,2026-05-17T19:28:29.548478+00:00
9195,INPROC_FAC620,1,10,team1,Team 1 (N/S),94,26,15,♦,finished,2026-05-17T19:28:29.565162+00:00
9196,INPROC_7C14DF,1,10,team2,Team 2 (E/W),2,118,27,♥,finished,2026-05-17T19:28:29.582013+00:00
9197,INPROC_AC43E9,1,10,team2,Team 2 (E/W),47,73,17,♦,finished,2026-05-17T19:28:29.599803+00:00
9198,INPROC_8FA179,1,10,team2,Team 2 (E/W),43,77,5,♣,finished,2026-05-17T19:28:29.620260+00:00
9199,INPROC_327293,1,10,team2,Team 2 (E/W),24,96,27,♥,finished,2026-05-17T19:28:29.638158+00:00
9200,INPROC_A73F15,1,10,team2,Team 2 (E/W),22,98,17,♦,finished,2026-05-17T19:28:29.654950+00:00
9201,INPROC_7BE2FC,1,10,team2,Team 2 (E/W),31,89,29,♥,finished,2026-05-17T19:28:29.668601+00:00
9202,INPROC_454B3D,1,10,team2,Team 2 (E/W),24,96,28,♥,finished,2026-05-17T19:28:29.682474+00:00
9203,INPROC_D11D7C,1,10,team1,Team 1 (N/S),69,51,31,♠,finished,2026-05-17T19:28:29.695764+00:00
9204,INPROC_773F1A,1,10,team2,Team 2 (E/W),45,75,16,♦,finished,2026-05-17T19:28:29.710054+00:00
9205,INPROC_D49651,1,10,team2,Team 2 (E/W),40,80,24,♥,finished,2026-05-17T19:28:29.725356+00:00
9206,INPROC_088053,1,10,team2,Team 2 (E/W),51,69,26,♥,finished,2026-05-17T19:28:29.741047+00:00
9207,INPROC_13E618,1,10,team1,Team 1 (N/S),85,35,20,♥,finished,2026-05-17T19:28:29.757166+00:00
9208,INPROC_13C61C,1,10,team2,Team 2 (E/W),45,75,21,♥,finished,2026-05-17T19:28:29.774013+00:00
9209,INPROC_8C5315,1,10,team2,Team 2 (E/W),59,61,21,♥,finished,2026-05-17T19:28:29.790076+00:00
9210,INPROC_FF7E0D,1,10,team2,Team 2 (E/W),36,84,26,♥,finished,2026-05-17T19:28:29.806004+00:00
9211,INPROC_83D5F8,1,10,team2,Team 2 (E/W),49,71,4,♣,finished,2026-05-17T19:28:29.817989+00:00
9212,INPROC_FF70AE,1,10,team2,Team 2 (E/W),37,83,36,♠,finished,2026-05-17T19:28:29.831692+00:00
9213,INPROC_89785C,1,10,team2,Team 2 (E/W),28,92,13,♦,finished,2026-05-17T19:28:29.848219+00:00
9214,INPROC_5A30BB,1,10,team2,Team 2 (E/W),41,79,23,♥,finished,2026-05-17T19:28:29.864082+00:00
9215,INPROC_B2E61D,1,10,team2,Team 2 (E/W),47,73,27,♥,finished,2026-05-17T19:28:29.880239+00:00
9216,INPROC_1AA171,1,10,team1,Team 1 (N/S),68,52,35,♠,finished,2026-05-17T19:28:29.896899+00:00
9217,INPROC_4E9FB7,1,10,team2,Team 2 (E/W),34,86,28,♥,finished,2026-05-17T19:28:29.914092+00:00
9218,INPROC_67612C,1,10,team2,Team 2 (E/W),29,91,2,♣,finished,2026-05-17T19:28:29.929991+00:00
9219,INPROC_7B974D,1,10,team2,Team 2 (E/W),43,77,27,♥,finished,2026-05-17T19:28:29.944398+00:00
9220,INPROC_97FB6A,1,10,team2,Team 2 (E/W),59,61,38,♠,finished,2026-05-17T19:28:29.958381+00:00
9221,INPROC_D35DA1,1,10,team2,Team 2 (E/W),41,79,1,♣,finished,2026-05-17T19:28:29.974754+00:00
9222,INPROC_CA16F8,1,10,team2,Team 2 (E/W),59,61,0,♣,finished,2026-05-17T19:28:29.990703+00:00
9223,INPROC_EF8BBC,1,10,team2,Team 2 (E/W),28,92,15,♦,finished,2026-05-17T19:28:30.008927+00:00
9224,INPROC_CA11DD,1,10,team2,Team 2 (E/W),8,112,26,♥,finished,2026-05-17T19:28:30.025969+00:00
9225,INPROC_3A3149,1,10,team1,Team 1 (N/S),75,45,24,♥,finished,2026-05-17T19:28:30.043915+00:00
9226,INPROC_BEEFDD,1,10,team2,Team 2 (E/W),4,116,23,♥,finished,2026-05-17T19:28:30.062253+00:00
9227,INPROC_E35F14,1,10,team1,Team 1 (N/S),85,35,15,♦,finished,2026-05-17T19:28:30.080019+00:00
9228,INPROC_82A420,1,10,team2,Team 2 (E/W),29,91,8,♣,finished,2026-05-17T19:28:30.100028+00:00
9229,INPROC_759EAA,1,10,team2,Team 2 (E/W),23,97,18,♦,finished,2026-05-17T19:28:30.119932+00:00
9230,INPROC_E2AA7E,1,10,team1,Team 1 (N/S),83,37,15,♦,finished,2026-05-17T19:28:30.137150+00:00
9231,INPROC_1EE0EA,1,10,team1,Team 1 (N/S),81,39,0,♣,finished,2026-05-17T19:28:30.154795+00:00
9232,INPROC_3323C8,1,10,team2,Team 2 (E/W),55,65,25,♥,finished,2026-05-17T19:28:30.173480+00:00
9233,INPROC_7566CC,1,10,team2,Team 2 (E/W),45,75,9,♣,finished,2026-05-17T19:28:30.193329+00:00
9234,INPROC_183730,1,10,team1,Team 1 (N/S),65,55,26,♥,finished,2026-05-17T19:28:30.209367+00:00
9235,INPROC_6DC9B4,1,10,team2,Team 2 (E/W),52,68,7,♣,finished,2026-05-17T19:28:30.222924+00:00
9236,INPROC_1528D8,1,10,team2,Team 2 (E/W),13,107,10,♦,finished,2026-05-17T19:28:30.238377+00:00
9237,INPROC_DFF729,1,10,team1,Team 1 (N/S),88,32,12,♦,finished,2026-05-17T19:28:30.253536+00:00
9238,INPROC_775473,1,10,team2,Team 2 (E/W),45,75,34,♠,finished,2026-05-17T19:28:30.269424+00:00
9239,INPROC_B6FB50,1,10,team2,Team 2 (E/W),29,91,6,♣,finished,2026-05-17T19:28:30.286631+00:00
9240,INPROC_20ABA0,1,10,team1,Team 1 (N/S),66,54,8,♣,finished,2026-05-17T19:28:30.304793+00:00
9241,INPROC_9CECC0,1,10,team2,Team 2 (E/W),34,86,2,♣,finished,2026-05-17T19:28:30.322060+00:00
9242,INPROC_7EE45D,1,10,team2,Team 2 (E/W),52,68,22,♥,finished,2026-05-17T19:28:30.339086+00:00
9243,INPROC_35E5EF,1,10,team2,Team 2 (E/W),58,62,16,♦,finished,2026-05-17T19:28:30.357103+00:00
9244,INPROC_309CAF,1,10,team1,Team 1 (N/S),72,48,39,♠,finished,2026-05-17T19:28:30.372671+00:00
9245,INPROC_336AEF,1,10,team1,Team 1 (N/S),82,38,13,♦,finished,2026-05-17T19:28:30.389319+00:00
9246,INPROC_7AD570,1,10,team1,Team 1 (N/S),61,59,25,♥,finished,2026-05-17T19:28:30.406324+00:00
9247,INPROC_CB2F7B,1,10,team2,Team 2 (E/W),46,74,16,♦,finished,2026-05-17T19:28:30.422856+00:00
9248,INPROC_9313EC,1,10,team2,Team 2 (E/W),18,102,19,♦,finished,2026-05-17T19:28:30.438753+00:00
9249,INPROC_9459D0,1,10,team1,Team 1 (N/S),72,48,30,♠,finished,2026-05-17T19:28:30.457024+00:00
9250,INPROC_2A6FF5,1,10,team1,Team 1 (N/S),96,24,32,♠,finished,2026-05-17T19:28:30.474828+00:00
9251,INPROC_A9BD8B,1,10,team1,Team 1 (N/S),81,39,17,♦,finished,2026-05-17T19:28:30.487687+00:00
9252,INPROC_1C76FF,1,10,team2,Team 2 (E/W),41,79,11,♦,finished,2026-05-17T19:28:30.499962+00:00
9253,INPROC_8850F1,1,10,team1,Team 1 (N/S),86,34,13,♦,finished,2026-05-17T19:28:30.516318+00:00
9254,INPROC_6B0A73,1,10,team1,Team 1 (N/S),98,22,30,♠,finished,2026-05-17T19:28:30.527763+00:00
9255,INPROC_C5D85B,1,10,team2,Team 2 (E/W),29,91,4,♣,finished,2026-05-17T19:28:30.542306+00:00
9256,INPROC_666795,1,10,team2,Team 2 (E/W),21,99,39,♠,finished,2026-05-17T19:28:30.557234+00:00
9257,INPROC_609FA8,1,10,team2,Team 2 (E/W),27,93,30,♠,finished,2026-05-17T19:28:30.571683+00:00
9258,INPROC_EF6774,1,10,team2,Team 2 (E/W),16,104,14,♦,finished,2026-05-17T19:28:30.588777+00:00
9259,INPROC_E70F04,1,10,team2,Team 2 (E/W),45,75,13,♦,finished,2026-05-17T19:28:30.606869+00:00
9260,INPROC_8E3171,1,10,team2,Team 2 (E/W),36,84,7,♣,finished,2026-05-17T19:28:30.626591+00:00
9261,INPROC_6ED3FF,1,10,team2,Team 2 (E/W),46,74,37,♠,finished,2026-05-17T19:28:30.644301+00:00
9262,INPROC_AE72D5,1,10,team2,Team 2 (E/W),47,73,32,♠,finished,2026-05-17T19:28:30.660636+00:00
9263,INPROC_219E0E,1,10,team2,Team 2 (E/W),44,76,29,♥,finished,2026-05-17T19:28:30.675589+00:00
9264,INPROC_B18F8E,1,10,team1,Team 1 (N/S),86,34,7,♣,finished,2026-05-17T19:28:30.691969+00:00
9265,INPROC_5CDA45,1,10,team1,Team 1 (N/S),79,41,1,♣,finished,2026-05-17T19:28:30.708739+00:00
9266,INPROC_F45152,1,10,team1,Team 1 (N/S),73,47,25,♥,finished,2026-05-17T19:28:30.726672+00:00
9267,INPROC_03B553,1,10,team2,Team 2 (E/W),56,64,38,♠,finished,2026-05-17T19:28:30.744428+00:00
9268,INPROC_88B421,1,10,team2,Team 2 (E/W),54,66,2,♣,finished,2026-05-17T19:28:30.756097+00:00
9269,INPROC_BB4EED,1,10,team1,Team 1 (N/S),71,49,28,♥,finished,2026-05-17T19:28:30.768200+00:00
9270,INPROC_1C588C,1,10,team2,Team 2 (E/W),51,69,13,♦,finished,2026-05-17T19:28:30.784704+00:00
9271,INPROC_8EB064,1,10,team2,Team 2 (E/W),47,73,7,♣,finished,2026-05-17T19:28:30.800695+00:00
9272,INPROC_116DAE,1,10,team2,Team 2 (E/W),31,89,5,♣,finished,2026-05-17T19:28:30.817797+00:00
9273,INPROC_B81D1C,1,10,team2,Team 2 (E/W),16,104,17,♦,finished,2026-05-17T19:28:30.838043+00:00
9274,INPROC_5EA90B,1,10,team2,Team 2 (E/W),8,112,11,♦,finished,2026-05-17T19:28:30.855832+00:00
9275,INPROC_9BCA9B,1,10,team1,Team 1 (N/S),71,49,25,♥,finished,2026-05-17T19:28:30.872718+00:00
9276,INPROC_8627FA,1,10,team1,Team 1 (N/S),65,55,20,♥,finished,2026-05-17T19:28:30.886493+00:00
9277,INPROC_38EF25,1,10,team2,Team 2 (E/W),34,86,19,♦,finished,2026-05-17T19:28:30.904191+00:00
9278,INPROC_8A2577,1,10,team2,Team 2 (E/W),14,106,33,♠,finished,2026-05-17T19:28:30.922243+00:00
9279,INPROC_776FB7,1,10,team1,Team 1 (N/S),62,58,21,♥,finished,2026-05-17T19:28:30.938962+00:00
9280,INPROC_A46E11,1,10,team2,Team 2 (E/W),30,90,10,♦,finished,2026-05-17T19:28:30.956363+00:00
9281,INPROC_550794,1,10,team2,Team 2 (E/W),45,75,34,♠,finished,2026-05-17T19:28:30.972056+00:00
9282,INPROC_C67D1B,1,10,team2,Team 2 (E/W),18,102,37,♠,finished,2026-05-17T19:28:30.990276+00:00
9283,INPROC_52C757,1,10,team1,Team 1 (N/S),72,48,30,♠,finished,2026-05-17T19:28:31.008299+00:00
9284,INPROC_63DEF9,1,10,team2,Team 2 (E/W),32,88,34,♠,finished,2026-05-17T19:28:31.021603+00:00
9285,INPROC_CFF157,1,10,team2,Team 2 (E/W),43,77,37,♠,finished,2026-05-17T19:28:31.034676+00:00
9286,INPROC_4AD2D4,1,10,team1,Team 1 (N/S),76,44,23,♥,finished,2026-05-17T19:28:31.047411+00:00
9287,INPROC_5B09CA,1,10,team2,Team 2 (E/W),34,86,5,♣,finished,2026-05-17T19:28:31.063991+00:00
9288,INPROC_2FD234,1,10,team2,Team 2 (E/W),44,76,35,♠,finished,2026-05-17T19:28:31.083811+00:00
9289,INPROC_EDFBCE,1,10,team1,Team 1 (N/S),75,45,18,♦,finished,2026-05-17T19:28:31.102712+00:00
9290,INPROC_67AF58,1,10,team2,Team 2 (E/W),30,90,5,♣,finished,2026-05-17T19:28:31.119713+00:00
9291,INPROC_84C39E,1,10,team1,Team 1 (N/S),70,50,31,♠,finished,2026-05-17T19:28:31.135516+00:00
9292,INPROC_550911,1,10,team1,Team 1 (N/S),64,56,21,♥,finished,2026-05-17T19:28:31.152190+00:00
9293,INPROC_FA6F55,1,10,team1,Team 1 (N/S),89,31,5,♣,finished,2026-05-17T19:28:31.167256+00:00
9294,INPROC_DA47C4,1,10,team1,Team 1 (N/S),72,48,8,♣,finished,2026-05-17T19:28:31.183027+00:00
9295,INPROC_A6269E,1,10,team1,Team 1 (N/S),77,43,4,♣,finished,2026-05-17T19:28:31.198587+00:00
9296,INPROC_56F48D,1,10,team2,Team 2 (E/W),39,81,30,♠,finished,2026-05-17T19:28:31.215293+00:00
9297,INPROC_DB20A2,1,10,team2,Team 2 (E/W),35,85,0,♣,finished,2026-05-17T19:28:31.234810+00:00
9298,INPROC_A2DA50,1,10,team1,Team 1 (N/S),103,17,10,♦,finished,2026-05-17T19:28:31.253049+00:00
9299,INPROC_F15691,1,10,team2,Team 2 (E/W),28,92,27,♥,finished,2026-05-17T19:28:31.270012+00:00
9300,INPROC_FF7AE9,1,10,team2,Team 2 (E/W),37,83,24,♥,finished,2026-05-17T19:28:31.283768+00:00
9301,INPROC_8083AA,1,10,team2,Team 2 (E/W),53,67,34,♠,finished,2026-05-17T19:28:31.295490+00:00
9302,INPROC_617429,1,10,team2,Team 2 (E/W),47,73,25,♥,finished,2026-05-17T19:28:31.312387+00:00
9303,INPROC_722702,1,10,team1,Team 1 (N/S),61,59,2,♣,finished,2026-05-17T19:28:31.328871+00:00
9304,INPROC_94C6EE,1,10,team2,Team 2 (E/W),50,70,8,♣,finished,2026-05-17T19:28:31.347486+00:00
9305,INPROC_3D1703,1,10,team2,Team 2 (E/W),32,88,23,♥,finished,2026-05-17T19:28:31.365428+00:00
9306,INPROC_FF0C60,1,10,team1,Team 1 (N/S),96,24,31,♠,finished,2026-05-17T19:28:31.381436+00:00
9307,INPROC_83E667,1,10,team2,Team 2 (E/W),51,69,26,♥,finished,2026-05-17T19:28:31.398937+00:00
9308,INPROC_9B6F36,1,10,team1,Team 1 (N/S),86,34,7,♣,finished,2026-05-17T19:28:31.416251+00:00
9309,INPROC_02FE65,1,10,team2,Team 2 (E/W),13,107,29,♥,finished,2026-05-17T19:28:31.434745+00:00
9310,INPROC_29046B,1,10,team2,Team 2 (E/W),57,63,16,♦,finished,2026-05-17T19:28:31.451330+00:00
9311,INPROC_EDEA55,1,10,team1,Team 1 (N/S),79,41,4,♣,finished,2026-05-17T19:28:31.467672+00:00
9312,INPROC_FD8419,1,10,team1,Team 1 (N/S),82,38,18,♦,finished,2026-05-17T19:28:31.485581+00:00
9313,INPROC_4B4D26,1,10,team1,Team 1 (N/S),70,50,15,♦,finished,2026-05-17T19:28:31.502618+00:00
9314,INPROC_7C3A52,1,10,team2,Team 2 (E/W),16,104,36,♠,finished,2026-05-17T19:28:31.519319+00:00
9315,INPROC_FEB3BB,1,10,team2,Team 2 (E/W),24,96,24,♥,finished,2026-05-17T19:28:31.536926+00:00
9316,INPROC_A77F58,1,10,team1,Team 1 (N/S),81,39,39,♠,finished,2026-05-17T19:28:31.550457+00:00
9317,INPROC_9E193B,1,10,team1,Team 1 (N/S),88,32,26,♥,finished,2026-05-17T19:28:31.563307+00:00
9318,INPROC_C8B1C5,1,10,draw,draw,60,60,1,♣,finished,2026-05-17T19:28:31.576699+00:00
9319,INPROC_2FB77D,1,10,team1,Team 1 (N/S),66,54,28,♥,finished,2026-05-17T19:28:31.591650+00:00
9320,INPROC_A604F5,1,10,team2,Team 2 (E/W),51,69,39,♠,finished,2026-05-17T19:28:31.608024+00:00
9321,INPROC_D0705A,1,10,team1,Team 1 (N/S),93,27,18,♦,finished,2026-05-17T19:28:31.624808+00:00
9322,INPROC_BA262A,1,10,team2,Team 2 (E/W),42,78,13,♦,finished,2026-05-17T19:28:31.641880+00:00
9323,INPROC_ABE7F5,1,10,team2,Team 2 (E/W),51,69,2,♣,finished,2026-05-17T19:28:31.661955+00:00
9324,INPROC_05A337,1,10,team1,Team 1 (N/S),81,39,18,♦,finished,2026-05-17T19:28:31.681974+00:00
9325,INPROC_24EFE0,1,10,team1,Team 1 (N/S),72,48,36,♠,finished,2026-05-17T19:28:31.699896+00:00
9326,INPROC_63056F,1,10,team2,Team 2 (E/W),47,73,22,♥,finished,2026-05-17T19:28:31.715964+00:00
9327,INPROC_4ADAC6,1,10,team1,Team 1 (N/S),61,59,14,♦,finished,2026-05-17T19:28:31.731005+00:00
9328,INPROC_F0BCD6,1,10,team2,Team 2 (E/W),53,67,30,♠,finished,2026-05-17T19:28:31.748028+00:00
9329,INPROC_8747EF,1,10,team1,Team 1 (N/S),86,34,14,♦,finished,2026-05-17T19:28:31.765167+00:00
9330,INPROC_0CF4E9,1,10,team2,Team 2 (E/W),36,84,5,♣,finished,2026-05-17T19:28:31.785340+00:00
9331,INPROC_6D83E4,1,10,team2,Team 2 (E/W),44,76,22,♥,finished,2026-05-17T19:28:31.805949+00:00
9332,INPROC_55FDD5,1,10,team1,Team 1 (N/S),84,36,1,♣,finished,2026-05-17T19:28:31.817622+00:00
9333,INPROC_86E6C0,1,10,team1,Team 1 (N/S),79,41,31,♠,finished,2026-05-17T19:28:31.829809+00:00
9334,INPROC_8D1378,1,10,team2,Team 2 (E/W),45,75,11,♦,finished,2026-05-17T19:28:31.846275+00:00
9335,INPROC_F9E8FD,1,10,team1,Team 1 (N/S),65,55,29,♥,finished,2026-05-17T19:28:31.863021+00:00
9336,INPROC_928A74,1,10,team2,Team 2 (E/W),36,84,18,♦,finished,2026-05-17T19:28:31.882139+00:00
9337,INPROC_F8C190,1,10,team1,Team 1 (N/S),89,31,23,♥,finished,2026-05-17T19:28:31.900432+00:00
9338,INPROC_3EA47E,1,10,team1,Team 1 (N/S),81,39,13,♦,finished,2026-05-17T19:28:31.919372+00:00
9339,INPROC_B1842D,1,10,team2,Team 2 (E/W),41,79,22,♥,finished,2026-05-17T19:28:31.937178+00:00
9340,INPROC_ABC26A,1,10,team1,Team 1 (N/S),80,40,15,♦,finished,2026-05-17T19:28:31.952599+00:00
9341,INPROC_3DBBF3,1,10,team2,Team 2 (E/W),36,84,5,♣,finished,2026-05-17T19:28:31.968752+00:00
9342,INPROC_1BD773,1,10,team1,Team 1 (N/S),86,34,35,♠,finished,2026-05-17T19:28:31.984931+00:00
9343,INPROC_78D6FF,1,10,team1,Team 1 (N/S),99,21,24,♥,finished,2026-05-17T19:28:32.001679+00:00
9344,INPROC_6D253A,1,10,team2,Team 2 (E/W),36,84,37,♠,finished,2026-05-17T19:28:32.019690+00:00
9345,INPROC_69BD59,1,10,team2,Team 2 (E/W),30,90,17,♦,finished,2026-05-17T19:28:32.040608+00:00
9346,INPROC_248B86,1,10,team2,Team 2 (E/W),27,93,21,♥,finished,2026-05-17T19:28:32.055002+00:00
9347,INPROC_A45ED0,1,10,team2,Team 2 (E/W),43,77,16,♦,finished,2026-05-17T19:28:32.072340+00:00
9348,INPROC_7D6F71,1,10,team1,Team 1 (N/S),61,59,22,♥,finished,2026-05-17T19:28:32.086740+00:00
9349,INPROC_F5FDA1,1,10,team1,Team 1 (N/S),114,6,26,♥,finished,2026-05-17T19:28:32.100117+00:00
9350,INPROC_BBB077,1,10,team1,Team 1 (N/S),78,42,5,♣,finished,2026-05-17T19:28:32.116112+00:00
9351,INPROC_E7C637,1,10,team1,Team 1 (N/S),79,41,22,♥,finished,2026-05-17T19:28:32.132048+00:00
9352,INPROC_9BF17E,1,10,team2,Team 2 (E/W),58,62,12,♦,finished,2026-05-17T19:28:32.148938+00:00
9353,INPROC_07A5C7,1,10,team1,Team 1 (N/S),72,48,22,♥,finished,2026-05-17T19:28:32.166582+00:00
9354,INPROC_826C8A,1,10,team1,Team 1 (N/S),80,40,18,♦,finished,2026-05-17T19:28:32.184334+00:00
9355,INPROC_8C6B73,1,10,team2,Team 2 (E/W),57,63,21,♥,finished,2026-05-17T19:28:32.197325+00:00
9356,INPROC_DC54D9,1,10,team2,Team 2 (E/W),35,85,36,♠,finished,2026-05-17T19:28:32.215351+00:00
9357,INPROC_7FFDC6,1,10,team2,Team 2 (E/W),38,82,1,♣,finished,2026-05-17T19:28:32.240491+00:00
9358,INPROC_7EF19F,1,10,team1,Team 1 (N/S),63,57,0,♣,finished,2026-05-17T19:28:32.259585+00:00
9359,INPROC_5177D3,1,10,team1,Team 1 (N/S),98,22,27,♥,finished,2026-05-17T19:28:32.276127+00:00
9360,INPROC_8D4083,1,10,team1,Team 1 (N/S),91,29,33,♠,finished,2026-05-17T19:28:32.295716+00:00
9361,INPROC_707903,1,10,team2,Team 2 (E/W),30,90,37,♠,finished,2026-05-17T19:28:32.314400+00:00
9362,INPROC_E38836,1,10,team2,Team 2 (E/W),58,62,38,♠,finished,2026-05-17T19:28:32.333400+00:00
9363,INPROC_796041,1,10,team2,Team 2 (E/W),40,80,2,♣,finished,2026-05-17T19:28:32.351981+00:00
9364,INPROC_A2B3C9,1,10,team2,Team 2 (E/W),12,108,16,♦,finished,2026-05-17T19:28:32.368240+00:00
9365,INPROC_393CD8,1,10,team1,Team 1 (N/S),68,52,31,♠,finished,2026-05-17T19:28:32.387795+00:00
9366,INPROC_BB36AF,1,10,team2,Team 2 (E/W),12,108,4,♣,finished,2026-05-17T19:28:32.407153+00:00
9367,INPROC_83319D,1,10,team1,Team 1 (N/S),81,39,23,♥,finished,2026-05-17T19:28:32.424109+00:00
9368,INPROC_DD360F,1,10,team2,Team 2 (E/W),43,77,34,♠,finished,2026-05-17T19:28:32.441169+00:00
9369,INPROC_EC1EA6,1,10,team2,Team 2 (E/W),28,92,4,♣,finished,2026-05-17T19:28:32.455819+00:00
9370,INPROC_2932DF,1,10,team1,Team 1 (N/S),68,52,17,♦,finished,2026-05-17T19:28:32.479699+00:00
9371,INPROC_52DB94,1,10,team2,Team 2 (E/W),39,81,39,♠,finished,2026-05-17T19:28:32.497028+00:00
9372,INPROC_79F68D,1,10,team2,Team 2 (E/W),55,65,9,♣,finished,2026-05-17T19:28:32.516999+00:00
9373,INPROC_67ED66,1,10,team1,Team 1 (N/S),86,34,12,♦,finished,2026-05-17T19:28:32.536340+00:00
9374,INPROC_2EB8BF,1,10,team2,Team 2 (E/W),57,63,9,♣,finished,2026-05-17T19:28:32.557399+00:00
9375,INPROC_DF7D01,1,10,team2,Team 2 (E/W),41,79,21,♥,finished,2026-05-17T19:28:32.575654+00:00
9376,INPROC_7247E8,1,10,team1,Team 1 (N/S),77,43,23,♥,finished,2026-05-17T19:28:32.595342+00:00
9377,INPROC_AD2828,1,10,team2,Team 2 (E/W),49,71,35,♠,finished,2026-05-17T19:28:32.616092+00:00
9378,INPROC_71D0C4,1,10,team2,Team 2 (E/W),56,64,35,♠,finished,2026-05-17T19:28:32.636438+00:00
9379,INPROC_F1F3C5,1,10,team2,Team 2 (E/W),40,80,22,♥,finished,2026-05-17T19:28:32.655121+00:00
9380,INPROC_5377D5,1,10,team2,Team 2 (E/W),48,72,0,♣,finished,2026-05-17T19:28:32.675259+00:00
9381,INPROC_7C3546,1,10,team2,Team 2 (E/W),44,76,31,♠,finished,2026-05-17T19:28:32.699067+00:00
9382,INPROC_9CB4F5,1,10,team1,Team 1 (N/S),69,51,17,♦,finished,2026-05-17T19:28:32.723789+00:00
9383,INPROC_6B55FE,1,10,team1,Team 1 (N/S),70,50,14,♦,finished,2026-05-17T19:28:32.745413+00:00
9384,INPROC_0FECD8,1,10,team2,Team 2 (E/W),41,79,29,♥,finished,2026-05-17T19:28:32.766212+00:00
9385,INPROC_0C2C35,1,10,team2,Team 2 (E/W),15,105,30,♠,finished,2026-05-17T19:28:32.786440+00:00
9386,INPROC_FE1B76,1,10,team2,Team 2 (E/W),41,79,29,♥,finished,2026-05-17T19:28:32.810581+00:00
9387,INPROC_5A7128,1,10,team2,Team 2 (E/W),29,91,32,♠,finished,2026-05-17T19:28:32.831545+00:00
9388,INPROC_DF7F8C,1,10,team2,Team 2 (E/W),37,83,5,♣,finished,2026-05-17T19:28:32.851387+00:00
9389,INPROC_DAA76F,1,10,team1,Team 1 (N/S),82,38,16,♦,finished,2026-05-17T19:28:32.872724+00:00
9390,INPROC_DE67E4,1,10,team2,Team 2 (E/W),53,67,30,♠,finished,2026-05-17T19:28:32.888671+00:00
9391,INPROC_9FE4E6,1,10,team1,Team 1 (N/S),85,35,36,♠,finished,2026-05-17T19:28:32.904256+00:00
9392,INPROC_3074DA,1,10,team1,Team 1 (N/S),107,13,8,♣,finished,2026-05-17T19:28:32.926542+00:00
9393,INPROC_901895,1,10,team2,Team 2 (E/W),27,93,17,♦,finished,2026-05-17T19:28:32.944434+00:00
9394,INPROC_604685,1,10,team2,Team 2 (E/W),26,94,33,♠,finished,2026-05-17T19:28:32.962839+00:00
9395,INPROC_5B4D3A,1,10,team2,Team 2 (E/W),43,77,13,♦,finished,2026-05-17T19:28:32.984343+00:00
9396,INPROC_750BD6,1,10,team2,Team 2 (E/W),18,102,9,♣,finished,2026-05-17T19:28:33.004408+00:00
9397,INPROC_47DC06,1,10,draw,draw,60,60,1,♣,finished,2026-05-17T19:28:33.021886+00:00
9398,INPROC_7986BA,1,10,team2,Team 2 (E/W),27,93,7,♣,finished,2026-05-17T19:28:33.045059+00:00
9399,INPROC_4AF93E,1,10,team2,Team 2 (E/W),41,79,21,♥,finished,2026-05-17T19:28:33.067419+00:00
9400,INPROC_1E132C,1,10,team2,Team 2 (E/W),39,81,0,♣,finished,2026-05-17T19:28:33.088111+00:00
9401,INPROC_8CBB4E,1,10,team2,Team 2 (E/W),3,117,18,♦,finished,2026-05-17T19:28:33.107438+00:00
9402,INPROC_FD4BD1,1,10,team2,Team 2 (E/W),0,120,8,♣,finished,2026-05-17T19:28:33.126720+00:00
9403,INPROC_FE7F9C,1,10,team1,Team 1 (N/S),82,38,34,♠,finished,2026-05-17T19:28:33.143829+00:00
9404,INPROC_E16E91,1,10,team1,Team 1 (N/S),82,38,25,♥,finished,2026-05-17T19:28:33.162551+00:00
9405,INPROC_82E2AA,1,10,team1,Team 1 (N/S),61,59,13,♦,finished,2026-05-17T19:28:33.176019+00:00
9406,INPROC_168C86,1,10,team2,Team 2 (E/W),24,96,37,♠,finished,2026-05-17T19:28:33.189827+00:00
9407,INPROC_08FA20,1,10,team2,Team 2 (E/W),15,105,9,♣,finished,2026-05-17T19:28:33.220295+00:00
9408,INPROC_008FDC,1,10,team2,Team 2 (E/W),42,78,25,♥,finished,2026-05-17T19:28:33.260845+00:00
9409,INPROC_B9A642,1,10,team2,Team 2 (E/W),43,77,1,♣,finished,2026-05-17T19:28:33.284092+00:00
9410,INPROC_9A0687,1,10,team2,Team 2 (E/W),41,79,24,♥,finished,2026-05-17T19:28:33.306010+00:00
9411,INPROC_C53DAD,1,10,team2,Team 2 (E/W),20,100,21,♥,finished,2026-05-17T19:28:33.322099+00:00
9412,INPROC_641365,1,10,team1,Team 1 (N/S),81,39,37,♠,finished,2026-05-17T19:28:33.337413+00:00
9413,INPROC_74726B,1,10,team2,Team 2 (E/W),51,69,37,♠,finished,2026-05-17T19:28:33.353843+00:00
9414,INPROC_E6D454,1,10,team1,Team 1 (N/S),100,20,24,♥,finished,2026-05-17T19:28:33.369092+00:00
9415,INPROC_31F06C,1,10,team1,Team 1 (N/S),114,6,23,♥,finished,2026-05-17T19:28:33.385042+00:00
9416,INPROC_31F126,1,10,draw,draw,60,60,2,♣,finished,2026-05-17T19:28:33.402439+00:00
9417,INPROC_A40936,1,10,team2,Team 2 (E/W),31,89,39,♠,finished,2026-05-17T19:28:33.419331+00:00
9418,INPROC_C03EBF,1,10,team2,Team 2 (E/W),44,76,27,♥,finished,2026-05-17T19:28:33.431157+00:00
9419,INPROC_DD907A,1,10,team2,Team 2 (E/W),37,83,7,♣,finished,2026-05-17T19:28:33.443337+00:00
9420,INPROC_AD4CFF,1,10,team2,Team 2 (E/W),52,68,22,♥,finished,2026-05-17T19:28:33.459636+00:00
9421,INPROC_6602ED,1,10,team2,Team 2 (E/W),49,71,22,♥,finished,2026-05-17T19:28:33.476160+00:00
9422,INPROC_B6BF54,1,10,team2,Team 2 (E/W),27,93,20,♥,finished,2026-05-17T19:28:33.491853+00:00
9423,INPROC_4DC77B,1,10,team2,Team 2 (E/W),54,66,13,♦,finished,2026-05-17T19:28:33.508547+00:00
9424,INPROC_88566C,1,10,team1,Team 1 (N/S),73,47,21,♥,finished,2026-05-17T19:28:33.524653+00:00
9425,INPROC_B122A0,1,10,team2,Team 2 (E/W),15,105,13,♦,finished,2026-05-17T19:28:33.537919+00:00
9426,INPROC_FB5B23,1,10,team2,Team 2 (E/W),53,67,32,♠,finished,2026-05-17T19:28:33.553269+00:00
9427,INPROC_EFB1B5,1,10,team2,Team 2 (E/W),57,63,39,♠,finished,2026-05-17T19:28:33.570151+00:00
9428,INPROC_7274A0,1,10,team2,Team 2 (E/W),43,77,30,♠,finished,2026-05-17T19:28:33.589461+00:00
9429,INPROC_D243C2,1,10,team2,Team 2 (E/W),22,98,18,♦,finished,2026-05-17T19:28:33.610487+00:00
9430,INPROC_A24CC4,1,10,team2,Team 2 (E/W),59,61,1,♣,finished,2026-05-17T19:28:33.625952+00:00
9431,INPROC_CAF8AD,1,10,draw,draw,60,60,8,♣,finished,2026-05-17T19:28:33.645568+00:00
9432,INPROC_14C9C0,1,10,team1,Team 1 (N/S),64,56,17,♦,finished,2026-05-17T19:28:33.663441+00:00
9433,INPROC_A05451,1,10,team2,Team 2 (E/W),51,69,27,♥,finished,2026-05-17T19:28:33.681505+00:00
9434,INPROC_3F224E,1,10,team2,Team 2 (E/W),41,79,18,♦,finished,2026-05-17T19:28:33.695216+00:00
9435,INPROC_5113DD,1,10,team1,Team 1 (N/S),66,54,4,♣,finished,2026-05-17T19:28:33.710033+00:00
9436,INPROC_4FC9EB,1,10,team1,Team 1 (N/S),90,30,14,♦,finished,2026-05-17T19:28:33.724177+00:00
9437,INPROC_706627,1,10,team2,Team 2 (E/W),48,72,32,♠,finished,2026-05-17T19:28:33.739542+00:00
9438,INPROC_B418B1,1,10,team1,Team 1 (N/S),86,34,3,♣,finished,2026-05-17T19:28:33.758733+00:00
9439,INPROC_36184A,1,10,team2,Team 2 (E/W),58,62,32,♠,finished,2026-05-17T19:28:33.769909+00:00
9440,INPROC_A3B959,1,10,team2,Team 2 (E/W),21,99,15,♦,finished,2026-05-17T19:28:33.788462+00:00
9441,INPROC_1CBE71,1,10,team2,Team 2 (E/W),51,69,1,♣,finished,2026-05-17T19:28:33.805124+00:00
9442,INPROC_3F95DF,1,10,team2,Team 2 (E/W),58,62,0,♣,finished,2026-05-17T19:28:33.821406+00:00
9443,INPROC_E2A259,1,10,team1,Team 1 (N/S),103,17,22,♥,finished,2026-05-17T19:28:33.837728+00:00
9444,INPROC_7B9972,1,10,team2,Team 2 (E/W),28,92,2,♣,finished,2026-05-17T19:28:33.853104+00:00
9445,INPROC_A1ED7E,1,10,team2,Team 2 (E/W),54,66,9,♣,finished,2026-05-17T19:28:33.868330+00:00
9446,INPROC_5568D7,1,10,team1,Team 1 (N/S),67,53,34,♠,finished,2026-05-17T19:28:33.885211+00:00
9447,INPROC_7DA61D,1,10,draw,draw,60,60,14,♦,finished,2026-05-17T19:28:33.900936+00:00
9448,INPROC_188D04,1,10,team1,Team 1 (N/S),77,43,31,♠,finished,2026-05-17T19:28:33.918453+00:00
9449,INPROC_2C0CFF,1,10,team2,Team 2 (E/W),53,67,3,♣,finished,2026-05-17T19:28:33.934936+00:00
9450,INPROC_86EDB9,1,10,team1,Team 1 (N/S),63,57,11,♦,finished,2026-05-17T19:28:33.949515+00:00
9451,INPROC_64934F,1,10,team2,Team 2 (E/W),13,107,27,♥,finished,2026-05-17T19:28:33.962190+00:00
9452,INPROC_1BE017,1,10,team1,Team 1 (N/S),106,14,36,♠,finished,2026-05-17T19:28:33.975449+00:00
9453,INPROC_4FB57C,1,10,team2,Team 2 (E/W),4,116,34,♠,finished,2026-05-17T19:28:33.992075+00:00
9454,INPROC_835E3B,1,10,team1,Team 1 (N/S),63,57,14,♦,finished,2026-05-17T19:28:34.007095+00:00
9455,INPROC_B614E8,1,10,team2,Team 2 (E/W),56,64,10,♦,finished,2026-05-17T19:28:34.022597+00:00
9456,INPROC_0DFB81,1,10,team2,Team 2 (E/W),35,85,29,♥,finished,2026-05-17T19:28:34.035576+00:00
9457,INPROC_BF7CC9,1,10,team1,Team 1 (N/S),115,5,14,♦,finished,2026-05-17T19:28:34.051785+00:00
9458,INPROC_B77C3E,1,10,team2,Team 2 (E/W),33,87,14,♦,finished,2026-05-17T19:28:34.067887+00:00
9459,INPROC_907C4A,1,10,team2,Team 2 (E/W),36,84,25,♥,finished,2026-05-17T19:28:34.086662+00:00
9460,INPROC_DDFE7C,1,10,team2,Team 2 (E/W),34,86,25,♥,finished,2026-05-17T19:28:34.103549+00:00
9461,INPROC_9CA03B,1,10,team2,Team 2 (E/W),23,97,27,♥,finished,2026-05-17T19:28:34.119370+00:00
9462,INPROC_DEF18B,1,10,team2,Team 2 (E/W),38,82,0,♣,finished,2026-05-17T19:28:34.132648+00:00
9463,INPROC_228E65,1,10,team2,Team 2 (E/W),45,75,36,♠,finished,2026-05-17T19:28:34.152249+00:00
9464,INPROC_B3B533,1,10,team2,Team 2 (E/W),31,89,12,♦,finished,2026-05-17T19:28:34.170140+00:00
9465,INPROC_B922C9,1,10,team2,Team 2 (E/W),33,87,16,♦,finished,2026-05-17T19:28:34.187091+00:00
9466,INPROC_997468,1,10,team2,Team 2 (E/W),53,67,24,♥,finished,2026-05-17T19:28:34.204236+00:00
9467,INPROC_870EF1,1,10,team2,Team 2 (E/W),32,88,7,♣,finished,2026-05-17T19:28:34.218593+00:00
9468,INPROC_22FB8D,1,10,team2,Team 2 (E/W),32,88,4,♣,finished,2026-05-17T19:28:34.233405+00:00
9469,INPROC_46986B,1,10,team1,Team 1 (N/S),84,36,12,♦,finished,2026-05-17T19:28:34.246538+00:00
9470,INPROC_1E6449,1,10,team2,Team 2 (E/W),4,116,3,♣,finished,2026-05-17T19:28:34.259736+00:00
9471,INPROC_2A7129,1,10,team1,Team 1 (N/S),80,40,10,♦,finished,2026-05-17T19:28:34.276787+00:00
9472,INPROC_C627DA,1,10,team2,Team 2 (E/W),57,63,14,♦,finished,2026-05-17T19:28:34.290878+00:00
9473,INPROC_0141AF,1,10,team2,Team 2 (E/W),34,86,23,♥,finished,2026-05-17T19:28:34.308445+00:00
9474,INPROC_E68555,1,10,team1,Team 1 (N/S),82,38,21,♥,finished,2026-05-17T19:28:34.325692+00:00
9475,INPROC_607C8B,1,10,team1,Team 1 (N/S),72,48,21,♥,finished,2026-05-17T19:28:34.345843+00:00
9476,INPROC_34BB0E,1,10,team1,Team 1 (N/S),81,39,16,♦,finished,2026-05-17T19:28:34.363691+00:00
9477,INPROC_ACE2B7,1,10,team2,Team 2 (E/W),56,64,18,♦,finished,2026-05-17T19:28:34.380786+00:00
9478,INPROC_76FEB0,1,10,team2,Team 2 (E/W),52,68,24,♥,finished,2026-05-17T19:28:34.396306+00:00
9479,INPROC_45AC92,1,10,team1,Team 1 (N/S),72,48,28,♥,finished,2026-05-17T19:28:34.413357+00:00
9480,INPROC_16DBBD,1,10,team2,Team 2 (E/W),59,61,6,♣,finished,2026-05-17T19:28:34.429967+00:00
9481,INPROC_09199D,1,10,team1,Team 1 (N/S),69,51,19,♦,finished,2026-05-17T19:28:34.444672+00:00
9482,INPROC_793E50,1,10,team2,Team 2 (E/W),44,76,37,♠,finished,2026-05-17T19:28:34.458692+00:00
9483,INPROC_5CA144,1,10,team1,Team 1 (N/S),68,52,8,♣,finished,2026-05-17T19:28:34.475895+00:00
9484,INPROC_66C29E,1,10,team1,Team 1 (N/S),63,57,0,♣,finished,2026-05-17T19:28:34.494037+00:00
9485,INPROC_A77F75,1,10,team1,Team 1 (N/S),70,50,5,♣,finished,2026-05-17T19:28:34.509375+00:00
9486,INPROC_60BCEF,1,10,team1,Team 1 (N/S),72,48,32,♠,finished,2026-05-17T19:28:34.522178+00:00
9487,INPROC_5DD9E0,1,10,team1,Team 1 (N/S),101,19,1,♣,finished,2026-05-17T19:28:34.539407+00:00
9488,INPROC_71E22A,1,10,team2,Team 2 (E/W),58,62,5,♣,finished,2026-05-17T19:28:34.557201+00:00
9489,INPROC_CB2D49,1,10,team2,Team 2 (E/W),37,83,6,♣,finished,2026-05-17T19:28:34.573936+00:00
9490,INPROC_F86EE0,1,10,team1,Team 1 (N/S),68,52,12,♦,finished,2026-05-17T19:28:34.593828+00:00
9491,INPROC_2D22F1,1,10,team2,Team 2 (E/W),49,71,6,♣,finished,2026-05-17T19:28:34.612818+00:00
9492,INPROC_A2F9E1,1,10,team2,Team 2 (E/W),32,88,18,♦,finished,2026-05-17T19:28:34.630329+00:00
9493,INPROC_9D13AF,1,10,team2,Team 2 (E/W),49,71,27,♥,finished,2026-05-17T19:28:34.643849+00:00
9494,INPROC_B9851A,1,10,team2,Team 2 (E/W),32,88,27,♥,finished,2026-05-17T19:28:34.662567+00:00
9495,INPROC_009192,1,10,team1,Team 1 (N/S),66,54,20,♥,finished,2026-05-17T19:28:34.680805+00:00
9496,INPROC_27AC87,1,10,draw,draw,60,60,11,♦,finished,2026-05-17T19:28:34.701172+00:00
9497,INPROC_4684D5,1,10,team1,Team 1 (N/S),72,48,34,♠,finished,2026-05-17T19:28:34.718694+00:00
9498,INPROC_B2B30D,1,10,team2,Team 2 (E/W),38,82,19,♦,finished,2026-05-17T19:28:34.737330+00:00
9499,INPROC_5606E5,1,10,team2,Team 2 (E/W),29,91,29,♥,finished,2026-05-17T19:28:34.755175+00:00
9500,INPROC_18C5E2,1,10,team1,Team 1 (N/S),91,29,34,♠,finished,2026-05-17T19:28:34.770700+00:00
9501,INPROC_027E28,1,10,team1,Team 1 (N/S),67,53,30,♠,finished,2026-05-17T19:28:34.784451+00:00
9502,INPROC_6B4643,1,10,team2,Team 2 (E/W),38,82,6,♣,finished,2026-05-17T19:28:34.799738+00:00
9503,INPROC_AE842F,1,10,team2,Team 2 (E/W),8,112,36,♠,finished,2026-05-17T19:28:34.818777+00:00
9504,INPROC_06892C,1,10,team2,Team 2 (E/W),23,97,19,♦,finished,2026-05-17T19:28:34.836714+00:00
9505,INPROC_C31B27,1,10,team2,Team 2 (E/W),22,98,22,♥,finished,2026-05-17T19:28:34.854452+00:00
9506,INPROC_123A30,1,10,team2,Team 2 (E/W),55,65,25,♥,finished,2026-05-17T19:28:34.872777+00:00
9507,INPROC_565950,1,10,team1,Team 1 (N/S),87,33,18,♦,finished,2026-05-17T19:28:34.891854+00:00
9508,INPROC_B77D5B,1,10,team1,Team 1 (N/S),93,27,27,♥,finished,2026-05-17T19:28:34.909207+00:00
9509,INPROC_443BBF,1,10,team1,Team 1 (N/S),78,42,32,♠,finished,2026-05-17T19:28:34.929536+00:00
9510,INPROC_CDEF67,1,10,team1,Team 1 (N/S),63,57,11,♦,finished,2026-05-17T19:28:34.947116+00:00
9511,INPROC_094F88,1,10,team1,Team 1 (N/S),77,43,2,♣,finished,2026-05-17T19:28:34.959435+00:00
9512,INPROC_138412,1,10,team2,Team 2 (E/W),52,68,38,♠,finished,2026-05-17T19:28:34.969469+00:00
9513,INPROC_E56E04,1,10,team2,Team 2 (E/W),57,63,1,♣,finished,2026-05-17T19:28:34.983437+00:00
9514,INPROC_9C0CE8,1,10,team2,Team 2 (E/W),35,85,33,♠,finished,2026-05-17T19:28:34.999361+00:00
9515,INPROC_97CE24,1,10,team2,Team 2 (E/W),39,81,35,♠,finished,2026-05-17T19:28:35.015397+00:00
9516,INPROC_02EC94,1,10,team1,Team 1 (N/S),87,33,38,♠,finished,2026-05-17T19:28:35.031655+00:00
9517,INPROC_1AEB8E,1,10,team2,Team 2 (E/W),44,76,29,♥,finished,2026-05-17T19:28:35.046360+00:00
9518,INPROC_A52346,1,10,team1,Team 1 (N/S),67,53,20,♥,finished,2026-05-17T19:28:35.060480+00:00
9519,INPROC_501D36,1,10,team1,Team 1 (N/S),88,32,23,♥,finished,2026-05-17T19:28:35.079116+00:00
9520,INPROC_74D318,1,10,team2,Team 2 (E/W),53,67,11,♦,finished,2026-05-17T19:28:35.099513+00:00
9521,INPROC_B783ED,1,10,team1,Team 1 (N/S),105,15,18,♦,finished,2026-05-17T19:28:35.119328+00:00
9522,INPROC_9B3D6F,1,10,team2,Team 2 (E/W),27,93,32,♠,finished,2026-05-17T19:28:35.139237+00:00
9523,INPROC_AE54DA,1,10,team1,Team 1 (N/S),65,55,28,♥,finished,2026-05-17T19:28:35.159254+00:00
9524,INPROC_635C9F,1,10,team2,Team 2 (E/W),56,64,4,♣,finished,2026-05-17T19:28:35.171305+00:00
9525,INPROC_E1B6B6,1,10,team1,Team 1 (N/S),72,48,7,♣,finished,2026-05-17T19:28:35.187609+00:00
9526,INPROC_139E65,1,10,team2,Team 2 (E/W),35,85,24,♥,finished,2026-05-17T19:28:35.203727+00:00
9527,INPROC_00E599,1,10,team1,Team 1 (N/S),88,32,33,♠,finished,2026-05-17T19:28:35.220286+00:00
9528,INPROC_FAB883,1,10,team2,Team 2 (E/W),34,86,18,♦,finished,2026-05-17T19:28:35.231988+00:00
9529,INPROC_BB5173,1,10,team2,Team 2 (E/W),25,95,22,♥,finished,2026-05-17T19:28:35.248153+00:00
9530,INPROC_75E201,1,10,team1,Team 1 (N/S),82,38,15,♦,finished,2026-05-17T19:28:35.266492+00:00
9531,INPROC_81F220,1,10,team2,Team 2 (E/W),50,70,17,♦,finished,2026-05-17T19:28:35.283012+00:00
9532,INPROC_18F134,1,10,team2,Team 2 (E/W),30,90,34,♠,finished,2026-05-17T19:28:35.302147+00:00
9533,INPROC_4CCFDC,1,10,team1,Team 1 (N/S),87,33,34,♠,finished,2026-05-17T19:28:35.314933+00:00
9534,INPROC_5F6FE8,1,10,team1,Team 1 (N/S),90,30,14,♦,finished,2026-05-17T19:28:35.326262+00:00
9535,INPROC_A1C1A5,1,10,team1,Team 1 (N/S),62,58,11,♦,finished,2026-05-17T19:28:35.343332+00:00
9536,INPROC_66ADD6,1,10,team2,Team 2 (E/W),31,89,17,♦,finished,2026-05-17T19:28:35.361486+00:00
9537,INPROC_909CC9,1,10,team2,Team 2 (E/W),56,64,18,♦,finished,2026-05-17T19:28:35.379731+00:00
9538,INPROC_DEABF7,1,10,team2,Team 2 (E/W),41,79,19,♦,finished,2026-05-17T19:28:35.395400+00:00
9539,INPROC_4DD37C,1,10,team1,Team 1 (N/S),69,51,24,♥,finished,2026-05-17T19:28:35.413629+00:00
9540,INPROC_4F2B40,1,10,team1,Team 1 (N/S),71,49,2,♣,finished,2026-05-17T19:28:35.427935+00:00
9541,INPROC_63959B,1,10,team1,Team 1 (N/S),96,24,11,♦,finished,2026-05-17T19:28:35.444782+00:00
9542,INPROC_5D0430,1,10,team1,Team 1 (N/S),75,45,38,♠,finished,2026-05-17T19:28:35.460930+00:00
9543,INPROC_D886E0,1,10,team2,Team 2 (E/W),49,71,39,♠,finished,2026-05-17T19:28:35.476916+00:00
9544,INPROC_ADD99F,1,10,team1,Team 1 (N/S),93,27,24,♥,finished,2026-05-17T19:28:35.487528+00:00
9545,INPROC_83BA60,1,10,team1,Team 1 (N/S),64,56,11,♦,finished,2026-05-17T19:28:35.505432+00:00
9546,INPROC_5E8799,1,10,team2,Team 2 (E/W),17,103,3,♣,finished,2026-05-17T19:28:35.523573+00:00
9547,INPROC_4DAD0E,1,10,team2,Team 2 (E/W),53,67,27,♥,finished,2026-05-17T19:28:35.540488+00:00
9548,INPROC_B961C5,1,10,team1,Team 1 (N/S),100,20,26,♥,finished,2026-05-17T19:28:35.560213+00:00
9549,INPROC_4CBD03,1,10,team2,Team 2 (E/W),24,96,37,♠,finished,2026-05-17T19:28:35.574206+00:00
9550,INPROC_1CE8BC,1,10,team2,Team 2 (E/W),29,91,19,♦,finished,2026-05-17T19:28:35.587374+00:00
9551,INPROC_DFF54E,1,10,team1,Team 1 (N/S),73,47,31,♠,finished,2026-05-17T19:28:35.601539+00:00
9552,INPROC_F2D0C5,1,10,team2,Team 2 (E/W),56,64,8,♣,finished,2026-05-17T19:28:35.617618+00:00
9553,INPROC_455166,1,10,team2,Team 2 (E/W),40,80,31,♠,finished,2026-05-17T19:28:35.634266+00:00
9554,INPROC_1E5D43,1,10,team1,Team 1 (N/S),84,36,9,♣,finished,2026-05-17T19:28:35.651524+00:00
9555,INPROC_903F3F,1,10,team1,Team 1 (N/S),63,57,25,♥,finished,2026-05-17T19:28:35.670977+00:00
9556,INPROC_BDF8B7,1,10,team1,Team 1 (N/S),92,28,25,♥,finished,2026-05-17T19:28:35.691113+00:00
9557,INPROC_7A1694,1,10,team2,Team 2 (E/W),43,77,22,♥,finished,2026-05-17T19:28:35.704728+00:00
9558,INPROC_38A3A7,1,10,team2,Team 2 (E/W),35,85,38,♠,finished,2026-05-17T19:28:35.722845+00:00
9559,INPROC_77625C,1,10,team2,Team 2 (E/W),40,80,2,♣,finished,2026-05-17T19:28:35.739468+00:00
9560,INPROC_BCE963,1,10,team1,Team 1 (N/S),86,34,25,♥,finished,2026-05-17T19:28:35.756980+00:00
9561,INPROC_EBAC8F,1,10,team2,Team 2 (E/W),13,107,10,♦,finished,2026-05-17T19:28:35.775871+00:00
9562,INPROC_ADF372,1,10,team1,Team 1 (N/S),87,33,15,♦,finished,2026-05-17T19:28:35.792419+00:00
9563,INPROC_895A10,1,10,team2,Team 2 (E/W),39,81,38,♠,finished,2026-05-17T19:28:35.811406+00:00
9564,INPROC_523AFC,1,10,team2,Team 2 (E/W),18,102,37,♠,finished,2026-05-17T19:28:35.830046+00:00
9565,INPROC_FC4267,1,10,team1,Team 1 (N/S),76,44,38,♠,finished,2026-05-17T19:28:35.844300+00:00
9566,INPROC_8F928C,1,10,team1,Team 1 (N/S),90,30,17,♦,finished,2026-05-17T19:28:35.856337+00:00
9567,INPROC_B5DFC2,1,10,team2,Team 2 (E/W),54,66,17,♦,finished,2026-05-17T19:28:35.872785+00:00
9568,INPROC_15171C,1,10,team2,Team 2 (E/W),41,79,21,♥,finished,2026-05-17T19:28:35.889745+00:00
9569,INPROC_DDA3D9,1,10,team1,Team 1 (N/S),62,58,1,♣,finished,2026-05-17T19:28:35.908309+00:00
9570,INPROC_9FAC4B,1,10,team1,Team 1 (N/S),68,52,34,♠,finished,2026-05-17T19:28:35.925181+00:00
9571,INPROC_812CF4,1,10,team1,Team 1 (N/S),76,44,28,♥,finished,2026-05-17T19:28:35.942048+00:00
9572,INPROC_593E7F,1,10,team1,Team 1 (N/S),81,39,1,♣,finished,2026-05-17T19:28:35.959807+00:00
9573,INPROC_9CD801,1,10,team2,Team 2 (E/W),40,80,7,♣,finished,2026-05-17T19:28:35.976071+00:00
9574,INPROC_DA8E70,1,10,team2,Team 2 (E/W),43,77,0,♣,finished,2026-05-17T19:28:35.994322+00:00
9575,INPROC_81EB9B,1,10,team2,Team 2 (E/W),52,68,39,♠,finished,2026-05-17T19:28:36.012683+00:00
9576,INPROC_628314,1,10,team1,Team 1 (N/S),78,42,28,♥,finished,2026-05-17T19:28:36.028698+00:00
9577,INPROC_578B2F,1,10,team1,Team 1 (N/S),62,58,32,♠,finished,2026-05-17T19:28:36.048555+00:00
9578,INPROC_B49A93,1,10,team2,Team 2 (E/W),30,90,8,♣,finished,2026-05-17T19:28:36.067501+00:00
9579,INPROC_2E9A96,1,10,team2,Team 2 (E/W),11,109,23,♥,finished,2026-05-17T19:28:36.083834+00:00
9580,INPROC_6799DC,1,10,team1,Team 1 (N/S),65,55,21,♥,finished,2026-05-17T19:28:36.095889+00:00
9581,INPROC_5E5A62,1,10,team2,Team 2 (E/W),51,69,33,♠,finished,2026-05-17T19:28:36.111957+00:00
9582,INPROC_5440DA,1,10,team2,Team 2 (E/W),43,77,22,♥,finished,2026-05-17T19:28:36.128829+00:00
9583,INPROC_94F391,1,10,team1,Team 1 (N/S),76,44,5,♣,finished,2026-05-17T19:28:36.145302+00:00
9584,INPROC_B271CF,1,10,team1,Team 1 (N/S),65,55,38,♠,finished,2026-05-17T19:28:36.162083+00:00
9585,INPROC_4C58DE,1,10,team2,Team 2 (E/W),56,64,14,♦,finished,2026-05-17T19:28:36.179701+00:00
9586,INPROC_918345,1,10,team1,Team 1 (N/S),65,55,39,♠,finished,2026-05-17T19:28:36.195664+00:00
9587,INPROC_92F86E,1,10,team1,Team 1 (N/S),75,45,3,♣,finished,2026-05-17T19:28:36.214154+00:00
9588,INPROC_4AE018,1,10,team1,Team 1 (N/S),66,54,25,♥,finished,2026-05-17T19:28:36.233713+00:00
9589,INPROC_241F2E,1,10,team2,Team 2 (E/W),48,72,17,♦,finished,2026-05-17T19:28:36.252210+00:00
9590,INPROC_7153BC,1,10,team1,Team 1 (N/S),71,49,33,♠,finished,2026-05-17T19:28:36.267632+00:00
9591,INPROC_5D7E65,1,10,team2,Team 2 (E/W),46,74,4,♣,finished,2026-05-17T19:28:36.285447+00:00
9592,INPROC_7E62DC,1,10,team2,Team 2 (E/W),51,69,38,♠,finished,2026-05-17T19:28:36.303510+00:00
9593,INPROC_B511E2,1,10,team1,Team 1 (N/S),64,56,30,♠,finished,2026-05-17T19:28:36.323102+00:00
9594,INPROC_351568,1,10,team1,Team 1 (N/S),98,22,2,♣,finished,2026-05-17T19:28:36.338901+00:00
9595,INPROC_0B4A70,1,10,team2,Team 2 (E/W),40,80,24,♥,finished,2026-05-17T19:28:36.355628+00:00
9596,INPROC_DFF404,1,10,team2,Team 2 (E/W),36,84,9,♣,finished,2026-05-17T19:28:36.367259+00:00
9597,INPROC_AFC571,1,10,team1,Team 1 (N/S),74,46,23,♥,finished,2026-05-17T19:28:36.378202+00:00
9598,INPROC_91DAD2,1,10,team1,Team 1 (N/S),79,41,1,♣,finished,2026-05-17T19:28:36.396359+00:00
9599,INPROC_983852,1,10,team2,Team 2 (E/W),37,83,37,♠,finished,2026-05-17T19:28:36.413677+00:00
9600,INPROC_6A7878,1,10,team2,Team 2 (E/W),14,106,32,♠,finished,2026-05-17T19:28:36.431919+00:00
9601,INPROC_FE422A,1,10,team2,Team 2 (E/W),26,94,8,♣,finished,2026-05-17T19:28:36.450368+00:00
9602,INPROC_CFC9F1,1,10,team2,Team 2 (E/W),47,73,31,♠,finished,2026-05-17T19:28:36.478155+00:00
9603,INPROC_5BBCAA,1,10,team2,Team 2 (E/W),41,79,4,♣,finished,2026-05-17T19:28:36.497345+00:00
9604,INPROC_43C385,1,10,team1,Team 1 (N/S),71,49,3,♣,finished,2026-05-17T19:28:36.516780+00:00
9605,INPROC_EA49C9,1,10,team1,Team 1 (N/S),85,35,37,♠,finished,2026-05-17T19:28:36.533604+00:00
9606,INPROC_5425F8,1,10,team2,Team 2 (E/W),46,74,0,♣,finished,2026-05-17T19:28:36.550862+00:00
9607,INPROC_166B74,1,10,team1,Team 1 (N/S),71,49,27,♥,finished,2026-05-17T19:28:36.566334+00:00
9608,INPROC_2BAC14,1,10,team1,Team 1 (N/S),70,50,12,♦,finished,2026-05-17T19:28:36.581770+00:00
9609,INPROC_F25131,1,10,team2,Team 2 (E/W),51,69,28,♥,finished,2026-05-17T19:28:36.596465+00:00
9610,INPROC_187912,1,10,team1,Team 1 (N/S),81,39,8,♣,finished,2026-05-17T19:28:36.613037+00:00
9611,INPROC_2651B9,1,10,team2,Team 2 (E/W),39,81,34,♠,finished,2026-05-17T19:28:36.629997+00:00
9612,INPROC_964A4B,1,10,team2,Team 2 (E/W),39,81,0,♣,finished,2026-05-17T19:28:36.645222+00:00
9613,INPROC_2DC734,1,10,team1,Team 1 (N/S),86,34,2,♣,finished,2026-05-17T19:28:36.656324+00:00
9614,INPROC_98C48E,1,10,team2,Team 2 (E/W),44,76,3,♣,finished,2026-05-17T19:28:36.674944+00:00
9615,INPROC_521551,1,10,team2,Team 2 (E/W),15,105,18,♦,finished,2026-05-17T19:28:36.689315+00:00
9616,INPROC_34F1D1,1,10,team2,Team 2 (E/W),23,97,3,♣,finished,2026-05-17T19:28:36.703759+00:00
9617,INPROC_18B1A2,1,10,team2,Team 2 (E/W),20,100,26,♥,finished,2026-05-17T19:28:36.721656+00:00
9618,INPROC_675CDC,1,10,team1,Team 1 (N/S),72,48,39,♠,finished,2026-05-17T19:28:36.738513+00:00
9619,INPROC_7E47E1,1,10,team1,Team 1 (N/S),89,31,2,♣,finished,2026-05-17T19:28:36.755100+00:00
9620,INPROC_A598EC,1,10,team2,Team 2 (E/W),51,69,25,♥,finished,2026-05-17T19:28:36.770569+00:00
9621,INPROC_E71A19,1,10,team1,Team 1 (N/S),67,53,34,♠,finished,2026-05-17T19:28:36.788434+00:00
9622,INPROC_55DF0F,1,10,team1,Team 1 (N/S),106,14,12,♦,finished,2026-05-17T19:28:36.807618+00:00
9623,INPROC_A93620,1,10,team2,Team 2 (E/W),51,69,26,♥,finished,2026-05-17T19:28:36.827959+00:00
9624,INPROC_406678,1,10,team2,Team 2 (E/W),57,63,0,♣,finished,2026-05-17T19:28:36.844169+00:00
9625,INPROC_62F4FE,1,10,team1,Team 1 (N/S),62,58,13,♦,finished,2026-05-17T19:28:36.861314+00:00
9626,INPROC_A0DC6D,1,10,team1,Team 1 (N/S),63,57,3,♣,finished,2026-05-17T19:28:36.877358+00:00
9627,INPROC_9B1516,1,10,team1,Team 1 (N/S),65,55,32,♠,finished,2026-05-17T19:28:36.893516+00:00
9628,INPROC_CAFC9A,1,10,team2,Team 2 (E/W),33,87,20,♥,finished,2026-05-17T19:28:36.905956+00:00
9629,INPROC_5A5E34,1,10,team2,Team 2 (E/W),47,73,16,♦,finished,2026-05-17T19:28:36.920276+00:00
9630,INPROC_50ECF1,1,10,team2,Team 2 (E/W),50,70,10,♦,finished,2026-05-17T19:28:36.939693+00:00
9631,INPROC_4F317F,1,10,team1,Team 1 (N/S),91,29,13,♦,finished,2026-05-17T19:28:36.959928+00:00
9632,INPROC_3E6ED1,1,10,team2,Team 2 (E/W),30,90,20,♥,finished,2026-05-17T19:28:36.981488+00:00
9633,INPROC_23E5BF,1,10,team2,Team 2 (E/W),52,68,2,♣,finished,2026-05-17T19:28:37.001528+00:00
9634,INPROC_21C8F0,1,10,team2,Team 2 (E/W),6,114,8,♣,finished,2026-05-17T19:28:37.019931+00:00
9635,INPROC_93C5E7,1,10,team2,Team 2 (E/W),37,83,24,♥,finished,2026-05-17T19:28:37.041272+00:00
9636,INPROC_51557D,1,10,team2,Team 2 (E/W),22,98,18,♦,finished,2026-05-17T19:28:37.058467+00:00
9637,INPROC_64F061,1,10,team1,Team 1 (N/S),82,38,11,♦,finished,2026-05-17T19:28:37.074900+00:00
9638,INPROC_FBEC80,1,10,team1,Team 1 (N/S),63,57,17,♦,finished,2026-05-17T19:28:37.093658+00:00
9639,INPROC_312E64,1,10,team2,Team 2 (E/W),54,66,8,♣,finished,2026-05-17T19:28:37.110103+00:00
9640,INPROC_E8E537,1,10,team2,Team 2 (E/W),35,85,27,♥,finished,2026-05-17T19:28:37.127529+00:00
9641,INPROC_BF1DCC,1,10,team1,Team 1 (N/S),71,49,21,♥,finished,2026-05-17T19:28:37.143624+00:00
9642,INPROC_9E7622,1,10,team2,Team 2 (E/W),11,109,9,♣,finished,2026-05-17T19:28:37.160880+00:00
9643,INPROC_C3BBCE,1,10,team1,Team 1 (N/S),77,43,33,♠,finished,2026-05-17T19:28:37.177160+00:00
9644,INPROC_F10807,1,10,team1,Team 1 (N/S),64,56,9,♣,finished,2026-05-17T19:28:37.189324+00:00
9645,INPROC_67200E,1,10,team2,Team 2 (E/W),47,73,2,♣,finished,2026-05-17T19:28:37.203685+00:00
9646,INPROC_CA4CB2,1,10,team2,Team 2 (E/W),36,84,9,♣,finished,2026-05-17T19:28:37.220728+00:00
9647,INPROC_1DD764,1,10,team2,Team 2 (E/W),59,61,7,♣,finished,2026-05-17T19:28:37.238778+00:00
9648,INPROC_26493C,1,10,team2,Team 2 (E/W),20,100,6,♣,finished,2026-05-17T19:28:37.252409+00:00
9649,INPROC_F44399,1,10,team2,Team 2 (E/W),35,85,4,♣,finished,2026-05-17T19:28:37.270632+00:00
9650,INPROC_C4CC9C,1,10,team1,Team 1 (N/S),87,33,1,♣,finished,2026-05-17T19:28:37.288090+00:00
9651,INPROC_ADAFB5,1,10,team1,Team 1 (N/S),89,31,17,♦,finished,2026-05-17T19:28:37.304440+00:00
9652,INPROC_8BDE99,1,10,team2,Team 2 (E/W),34,86,16,♦,finished,2026-05-17T19:28:37.322571+00:00
9653,INPROC_F42C03,1,10,team1,Team 1 (N/S),69,51,5,♣,finished,2026-05-17T19:28:37.347461+00:00
9654,INPROC_EE3160,1,10,team1,Team 1 (N/S),64,56,23,♥,finished,2026-05-17T19:28:37.364766+00:00
9655,INPROC_294BFD,1,10,team2,Team 2 (E/W),18,102,3,♣,finished,2026-05-17T19:28:37.380888+00:00
9656,INPROC_35825E,1,10,team1,Team 1 (N/S),67,53,39,♠,finished,2026-05-17T19:28:37.396888+00:00
9657,INPROC_AAF03B,1,10,draw,draw,60,60,22,♥,finished,2026-05-17T19:28:37.413930+00:00
9658,INPROC_CC6AC9,1,10,team2,Team 2 (E/W),51,69,35,♠,finished,2026-05-17T19:28:37.430818+00:00
9659,INPROC_F19526,1,10,team1,Team 1 (N/S),88,32,7,♣,finished,2026-05-17T19:28:37.441701+00:00
9660,INPROC_93CB82,1,10,team1,Team 1 (N/S),62,58,12,♦,finished,2026-05-17T19:28:37.457039+00:00
9661,INPROC_017495,1,10,team1,Team 1 (N/S),71,49,28,♥,finished,2026-05-17T19:28:37.474509+00:00
9662,INPROC_599DEB,1,10,team2,Team 2 (E/W),39,81,33,♠,finished,2026-05-17T19:28:37.493534+00:00
9663,INPROC_428409,1,10,team1,Team 1 (N/S),61,59,16,♦,finished,2026-05-17T19:28:37.511133+00:00
9664,INPROC_06C0E3,1,10,team1,Team 1 (N/S),81,39,12,♦,finished,2026-05-17T19:28:37.529507+00:00
9665,INPROC_606120,1,10,team1,Team 1 (N/S),86,34,28,♥,finished,2026-05-17T19:28:37.549504+00:00
9666,INPROC_1DC338,1,10,team1,Team 1 (N/S),81,39,28,♥,finished,2026-05-17T19:28:37.564097+00:00
9667,INPROC_82AB85,1,10,team1,Team 1 (N/S),89,31,5,♣,finished,2026-05-17T19:28:37.578864+00:00
9668,INPROC_D5816D,1,10,team1,Team 1 (N/S),85,35,22,♥,finished,2026-05-17T19:28:37.592644+00:00
9669,INPROC_1E1D7B,1,10,team1,Team 1 (N/S),85,35,37,♠,finished,2026-05-17T19:28:37.609512+00:00
9670,INPROC_2BB4DF,1,10,team1,Team 1 (N/S),63,57,31,♠,finished,2026-05-17T19:28:37.627212+00:00
9671,INPROC_C946C4,1,10,team2,Team 2 (E/W),57,63,18,♦,finished,2026-05-17T19:28:37.643036+00:00
9672,INPROC_41D1B4,1,10,team2,Team 2 (E/W),40,80,11,♦,finished,2026-05-17T19:28:37.659348+00:00
9673,INPROC_E2BF84,1,10,team1,Team 1 (N/S),90,30,4,♣,finished,2026-05-17T19:28:37.678745+00:00
9674,INPROC_4D5FD3,1,10,team2,Team 2 (E/W),27,93,29,♥,finished,2026-05-17T19:28:37.694886+00:00
9675,INPROC_BD93C2,1,10,team2,Team 2 (E/W),49,71,24,♥,finished,2026-05-17T19:28:37.707549+00:00
9676,INPROC_4E96DB,1,10,draw,draw,60,60,17,♦,finished,2026-05-17T19:28:37.719810+00:00
9677,INPROC_5D0227,1,10,team2,Team 2 (E/W),50,70,10,♦,finished,2026-05-17T19:28:37.733422+00:00
9678,INPROC_E21686,1,10,team1,Team 1 (N/S),116,4,21,♥,finished,2026-05-17T19:28:37.751543+00:00
9679,INPROC_4BA918,1,10,team2,Team 2 (E/W),25,95,37,♠,finished,2026-05-17T19:28:37.766742+00:00
9680,INPROC_517822,1,10,team2,Team 2 (E/W),56,64,8,♣,finished,2026-05-17T19:28:37.781692+00:00
9681,INPROC_259249,1,10,team2,Team 2 (E/W),35,85,23,♥,finished,2026-05-17T19:28:37.797106+00:00
9682,INPROC_5AACCC,1,10,team1,Team 1 (N/S),115,5,15,♦,finished,2026-05-17T19:28:37.812180+00:00
9683,INPROC_96F81C,1,10,team1,Team 1 (N/S),65,55,26,♥,finished,2026-05-17T19:28:37.828798+00:00
9684,INPROC_066C46,1,10,team1,Team 1 (N/S),86,34,26,♥,finished,2026-05-17T19:28:37.845774+00:00
9685,INPROC_9D11E3,1,10,team2,Team 2 (E/W),42,78,27,♥,finished,2026-05-17T19:28:37.862130+00:00
9686,INPROC_AC38D6,1,10,team2,Team 2 (E/W),35,85,20,♥,finished,2026-05-17T19:28:37.879745+00:00
9687,INPROC_6093BE,1,10,team2,Team 2 (E/W),59,61,19,♦,finished,2026-05-17T19:28:37.899477+00:00
9688,INPROC_142543,1,10,team2,Team 2 (E/W),38,82,37,♠,finished,2026-05-17T19:28:37.915931+00:00
9689,INPROC_42425F,1,10,team1,Team 1 (N/S),70,50,9,♣,finished,2026-05-17T19:28:37.933426+00:00
9690,INPROC_340819,1,10,team2,Team 2 (E/W),55,65,4,♣,finished,2026-05-17T19:28:37.950341+00:00
9691,INPROC_35AF46,1,10,team2,Team 2 (E/W),46,74,21,♥,finished,2026-05-17T19:28:37.963585+00:00
9692,INPROC_BEAC45,1,10,team2,Team 2 (E/W),45,75,22,♥,finished,2026-05-17T19:28:37.975486+00:00
9693,INPROC_4C99BC,1,10,team2,Team 2 (E/W),45,75,22,♥,finished,2026-05-17T19:28:37.991702+00:00
9694,INPROC_E7A1D6,1,10,team2,Team 2 (E/W),37,83,29,♥,finished,2026-05-17T19:28:38.008377+00:00
9695,INPROC_9F3A63,1,10,team2,Team 2 (E/W),54,66,21,♥,finished,2026-05-17T19:28:38.025584+00:00
9696,INPROC_A31B30,1,10,team1,Team 1 (N/S),77,43,23,♥,finished,2026-05-17T19:28:38.041170+00:00
9697,INPROC_DE8B86,1,10,team2,Team 2 (E/W),33,87,39,♠,finished,2026-05-17T19:28:38.058296+00:00
9698,INPROC_04B25E,1,10,team1,Team 1 (N/S),96,24,2,♣,finished,2026-05-17T19:28:38.076775+00:00
9699,INPROC_1BCF07,1,10,team2,Team 2 (E/W),42,78,1,♣,finished,2026-05-17T19:28:38.093501+00:00
9700,INPROC_F6DD3B,1,10,team1,Team 1 (N/S),103,17,2,♣,finished,2026-05-17T19:28:38.112756+00:00
9701,INPROC_710429,1,10,team2,Team 2 (E/W),37,83,23,♥,finished,2026-05-17T19:28:38.130526+00:00
9702,INPROC_A82439,1,10,team1,Team 1 (N/S),69,51,28,♥,finished,2026-05-17T19:28:38.147236+00:00
9703,INPROC_4FCC26,1,10,team2,Team 2 (E/W),30,90,15,♦,finished,2026-05-17T19:28:38.165748+00:00
9704,INPROC_53B7EB,1,10,team1,Team 1 (N/S),105,15,35,♠,finished,2026-05-17T19:28:38.183560+00:00
9705,INPROC_58DA99,1,10,team2,Team 2 (E/W),2,118,26,♥,finished,2026-05-17T19:28:38.200620+00:00
9706,INPROC_F9DF13,1,10,team2,Team 2 (E/W),41,79,16,♦,finished,2026-05-17T19:28:38.217968+00:00
9707,INPROC_AC9A9F,1,10,team2,Team 2 (E/W),46,74,19,♦,finished,2026-05-17T19:28:38.231998+00:00
9708,INPROC_8F2651,1,10,team2,Team 2 (E/W),40,80,20,♥,finished,2026-05-17T19:28:38.246466+00:00
9709,INPROC_963BD3,1,10,team1,Team 1 (N/S),66,54,30,♠,finished,2026-05-17T19:28:38.257727+00:00
9710,INPROC_A0E35F,1,10,team2,Team 2 (E/W),40,80,29,♥,finished,2026-05-17T19:28:38.274285+00:00
9711,INPROC_E2D82F,1,10,team2,Team 2 (E/W),13,107,2,♣,finished,2026-05-17T19:28:38.290882+00:00
9712,INPROC_C1D416,1,10,team1,Team 1 (N/S),116,4,20,♥,finished,2026-05-17T19:28:38.305370+00:00
9713,INPROC_46D125,1,10,draw,draw,60,60,24,♥,finished,2026-05-17T19:28:38.321886+00:00
9714,INPROC_9CB61B,1,10,team2,Team 2 (E/W),49,71,16,♦,finished,2026-05-17T19:28:38.338802+00:00
9715,INPROC_737AAA,1,10,team1,Team 1 (N/S),64,56,5,♣,finished,2026-05-17T19:28:38.350844+00:00
9716,INPROC_597E4A,1,10,team1,Team 1 (N/S),69,51,16,♦,finished,2026-05-17T19:28:38.367011+00:00
9717,INPROC_1B382A,1,10,team1,Team 1 (N/S),74,46,17,♦,finished,2026-05-17T19:28:38.385326+00:00
9718,INPROC_82D960,1,10,team1,Team 1 (N/S),81,39,39,♠,finished,2026-05-17T19:28:38.404205+00:00
9719,INPROC_ADCC9C,1,10,team2,Team 2 (E/W),39,81,36,♠,finished,2026-05-17T19:28:38.423131+00:00
9720,INPROC_A82EB1,1,10,team1,Team 1 (N/S),61,59,25,♥,finished,2026-05-17T19:28:38.441783+00:00
9721,INPROC_307F79,1,10,team2,Team 2 (E/W),15,105,18,♦,finished,2026-05-17T19:28:38.461780+00:00
9722,INPROC_F93931,1,10,team2,Team 2 (E/W),40,80,25,♥,finished,2026-05-17T19:28:38.481254+00:00
9723,INPROC_B0A6C6,1,10,team1,Team 1 (N/S),63,57,17,♦,finished,2026-05-17T19:28:38.495106+00:00
9724,INPROC_93ECA8,1,10,team2,Team 2 (E/W),56,64,38,♠,finished,2026-05-17T19:28:38.508040+00:00
9725,INPROC_113C21,1,10,team2,Team 2 (E/W),43,77,25,♥,finished,2026-05-17T19:28:38.523660+00:00
9726,INPROC_6EB29B,1,10,draw,draw,60,60,29,♥,finished,2026-05-17T19:28:38.547156+00:00
9727,INPROC_00A9E1,1,10,team2,Team 2 (E/W),2,118,1,♣,finished,2026-05-17T19:28:38.569155+00:00
9728,INPROC_6A011A,1,10,team1,Team 1 (N/S),78,42,19,♦,finished,2026-05-17T19:28:38.588178+00:00
9729,INPROC_22D068,1,10,team2,Team 2 (E/W),43,77,10,♦,finished,2026-05-17T19:28:38.604116+00:00
9730,INPROC_3E3DA0,1,10,team1,Team 1 (N/S),87,33,38,♠,finished,2026-05-17T19:28:38.621954+00:00
9731,INPROC_80507B,1,10,team2,Team 2 (E/W),41,79,31,♠,finished,2026-05-17T19:28:38.639213+00:00
9732,INPROC_D24DF6,1,10,team2,Team 2 (E/W),54,66,10,♦,finished,2026-05-17T19:28:38.654496+00:00
9733,INPROC_E55926,1,10,team1,Team 1 (N/S),92,28,10,♦,finished,2026-05-17T19:28:38.671553+00:00
9734,INPROC_65495E,1,10,team1,Team 1 (N/S),94,26,13,♦,finished,2026-05-17T19:28:38.690003+00:00
9735,INPROC_43A657,1,10,team2,Team 2 (E/W),46,74,2,♣,finished,2026-05-17T19:28:38.708390+00:00
9736,INPROC_6FC53C,1,10,team2,Team 2 (E/W),59,61,12,♦,finished,2026-05-17T19:28:38.726952+00:00
9737,INPROC_C80A1C,1,10,draw,draw,60,60,22,♥,finished,2026-05-17T19:28:38.742602+00:00
9738,INPROC_758A6A,1,10,team1,Team 1 (N/S),81,39,19,♦,finished,2026-05-17T19:28:38.756148+00:00
9739,INPROC_75EBE7,1,10,team2,Team 2 (E/W),39,81,6,♣,finished,2026-05-17T19:28:38.767622+00:00
9740,INPROC_19A9D1,1,10,team2,Team 2 (E/W),55,65,34,♠,finished,2026-05-17T19:28:38.785054+00:00
9741,INPROC_A7A80B,1,10,team2,Team 2 (E/W),29,91,19,♦,finished,2026-05-17T19:28:38.803710+00:00
9742,INPROC_2B8DF7,1,10,team1,Team 1 (N/S),71,49,30,♠,finished,2026-05-17T19:28:38.820055+00:00
9743,INPROC_571030,1,10,team1,Team 1 (N/S),80,40,33,♠,finished,2026-05-17T19:28:38.835626+00:00
9744,INPROC_361328,1,10,team2,Team 2 (E/W),46,74,29,♥,finished,2026-05-17T19:28:38.852038+00:00
9745,INPROC_E41382,1,10,team1,Team 1 (N/S),82,38,36,♠,finished,2026-05-17T19:28:38.868106+00:00
9746,INPROC_5A4D6C,1,10,team2,Team 2 (E/W),15,105,12,♦,finished,2026-05-17T19:28:38.884346+00:00
9747,INPROC_2C3470,1,10,team2,Team 2 (E/W),51,69,31,♠,finished,2026-05-17T19:28:38.902670+00:00
9748,INPROC_7C55FC,1,10,team1,Team 1 (N/S),74,46,0,♣,finished,2026-05-17T19:28:38.919593+00:00
9749,INPROC_30A7C4,1,10,team1,Team 1 (N/S),64,56,0,♣,finished,2026-05-17T19:28:38.932898+00:00
9750,INPROC_FB12A3,1,10,team2,Team 2 (E/W),31,89,0,♣,finished,2026-05-17T19:28:38.946982+00:00
9751,INPROC_AA5D39,1,10,team1,Team 1 (N/S),80,40,1,♣,finished,2026-05-17T19:28:38.963818+00:00
9752,INPROC_64CAE2,1,10,team1,Team 1 (N/S),63,57,14,♦,finished,2026-05-17T19:28:38.980027+00:00
9753,INPROC_12EE27,1,10,team1,Team 1 (N/S),89,31,13,♦,finished,2026-05-17T19:28:38.997535+00:00
9754,INPROC_E54921,1,10,team2,Team 2 (E/W),34,86,21,♥,finished,2026-05-17T19:28:39.010792+00:00
9755,INPROC_F76F29,1,10,team1,Team 1 (N/S),87,33,23,♥,finished,2026-05-17T19:28:39.024213+00:00
9756,INPROC_19822A,1,10,draw,draw,60,60,6,♣,finished,2026-05-17T19:28:39.036911+00:00
9757,INPROC_27E17B,1,10,team1,Team 1 (N/S),94,26,31,♠,finished,2026-05-17T19:28:39.053951+00:00
9758,INPROC_2ED51B,1,10,team1,Team 1 (N/S),79,41,36,♠,finished,2026-05-17T19:28:39.070785+00:00
9759,INPROC_A29ED8,1,10,team1,Team 1 (N/S),82,38,17,♦,finished,2026-05-17T19:28:39.087673+00:00
9760,INPROC_05BFED,1,10,team1,Team 1 (N/S),84,36,0,♣,finished,2026-05-17T19:28:39.106616+00:00
9761,INPROC_74DB42,1,10,team2,Team 2 (E/W),42,78,18,♦,finished,2026-05-17T19:28:39.125494+00:00
9762,INPROC_D8E019,1,10,team1,Team 1 (N/S),69,51,0,♣,finished,2026-05-17T19:28:39.146473+00:00
9763,INPROC_49E97B,1,10,team2,Team 2 (E/W),41,79,36,♠,finished,2026-05-17T19:28:39.160824+00:00
9764,INPROC_38767A,1,10,team1,Team 1 (N/S),87,33,20,♥,finished,2026-05-17T19:28:39.181838+00:00
9765,INPROC_EC42C3,1,10,team2,Team 2 (E/W),45,75,3,♣,finished,2026-05-17T19:28:39.201729+00:00
9766,INPROC_BF6CF7,1,10,team2,Team 2 (E/W),38,82,19,♦,finished,2026-05-17T19:28:39.220486+00:00
9767,INPROC_6D4954,1,10,team2,Team 2 (E/W),28,92,4,♣,finished,2026-05-17T19:28:39.236478+00:00
9768,INPROC_17B925,1,10,team2,Team 2 (E/W),32,88,37,♠,finished,2026-05-17T19:28:39.252528+00:00
9769,INPROC_99EF5F,1,10,team1,Team 1 (N/S),80,40,6,♣,finished,2026-05-17T19:28:39.268929+00:00
9770,INPROC_FF43BF,1,10,team1,Team 1 (N/S),81,39,15,♦,finished,2026-05-17T19:28:39.281314+00:00
9771,INPROC_AB1EAB,1,10,team1,Team 1 (N/S),117,3,11,♦,finished,2026-05-17T19:28:39.293739+00:00
9772,INPROC_FD38BE,1,10,team2,Team 2 (E/W),45,75,13,♦,finished,2026-05-17T19:28:39.306238+00:00
9773,INPROC_7A3B2C,1,10,team2,Team 2 (E/W),27,93,20,♥,finished,2026-05-17T19:28:39.321820+00:00
9774,INPROC_0E7816,1,10,team1,Team 1 (N/S),71,49,38,♠,finished,2026-05-17T19:28:39.337870+00:00
9775,INPROC_B94E08,1,10,team1,Team 1 (N/S),111,9,7,♣,finished,2026-05-17T19:28:39.357152+00:00
9776,INPROC_029F2B,1,10,team1,Team 1 (N/S),110,10,31,♠,finished,2026-05-17T19:28:39.373455+00:00
9777,INPROC_3EF17D,1,10,team2,Team 2 (E/W),36,84,19,♦,finished,2026-05-17T19:28:39.387261+00:00
9778,INPROC_484DE7,1,10,team2,Team 2 (E/W),33,87,30,♠,finished,2026-05-17T19:28:39.403776+00:00
9779,INPROC_3DB42A,1,10,team2,Team 2 (E/W),50,70,29,♥,finished,2026-05-17T19:28:39.419770+00:00
9780,INPROC_65A91B,1,10,team1,Team 1 (N/S),73,47,15,♦,finished,2026-05-17T19:28:39.436083+00:00
9781,INPROC_B01147,1,10,team1,Team 1 (N/S),92,28,18,♦,finished,2026-05-17T19:28:39.456303+00:00
9782,INPROC_8AC2FF,1,10,team2,Team 2 (E/W),59,61,20,♥,finished,2026-05-17T19:28:39.476158+00:00
9783,INPROC_1170D3,1,10,team2,Team 2 (E/W),42,78,39,♠,finished,2026-05-17T19:28:39.495075+00:00
9784,INPROC_020E5E,1,10,team1,Team 1 (N/S),91,29,31,♠,finished,2026-05-17T19:28:39.511536+00:00
9785,INPROC_B8CB66,1,10,team2,Team 2 (E/W),41,79,33,♠,finished,2026-05-17T19:28:39.528359+00:00
9786,INPROC_11FE80,1,10,team2,Team 2 (E/W),44,76,11,♦,finished,2026-05-17T19:28:39.545461+00:00
9787,INPROC_677870,1,10,team2,Team 2 (E/W),37,83,37,♠,finished,2026-05-17T19:28:39.557182+00:00
9788,INPROC_870E29,1,10,team2,Team 2 (E/W),50,70,2,♣,finished,2026-05-17T19:28:39.569298+00:00
9789,INPROC_D64592,1,10,team2,Team 2 (E/W),46,74,17,♦,finished,2026-05-17T19:28:39.584742+00:00
9790,INPROC_D4754C,1,10,team2,Team 2 (E/W),52,68,8,♣,finished,2026-05-17T19:28:39.604771+00:00
9791,INPROC_77795C,1,10,team2,Team 2 (E/W),53,67,27,♥,finished,2026-05-17T19:28:39.623465+00:00
9792,INPROC_22811A,1,10,team2,Team 2 (E/W),46,74,23,♥,finished,2026-05-17T19:28:39.639471+00:00
9793,INPROC_59E353,1,10,team1,Team 1 (N/S),65,55,5,♣,finished,2026-05-17T19:28:39.655869+00:00
9794,INPROC_32A9CD,1,10,team1,Team 1 (N/S),93,27,34,♠,finished,2026-05-17T19:28:39.671953+00:00
9795,INPROC_EE6686,1,10,team2,Team 2 (E/W),28,92,4,♣,finished,2026-05-17T19:28:39.688849+00:00
9796,INPROC_86F739,1,10,team2,Team 2 (E/W),34,86,35,♠,finished,2026-05-17T19:28:39.705851+00:00
9797,INPROC_11E5C9,1,10,team1,Team 1 (N/S),70,50,35,♠,finished,2026-05-17T19:28:39.724417+00:00
9798,INPROC_15F22E,1,10,team1,Team 1 (N/S),73,47,10,♦,finished,2026-05-17T19:28:39.740376+00:00
9799,INPROC_2EDFE6,1,10,team1,Team 1 (N/S),66,54,5,♣,finished,2026-05-17T19:28:39.754567+00:00
9800,INPROC_77E9E2,1,10,team1,Team 1 (N/S),101,19,25,♥,finished,2026-05-17T19:28:39.769306+00:00
9801,INPROC_56525B,1,10,team1,Team 1 (N/S),67,53,11,♦,finished,2026-05-17T19:28:39.784375+00:00
9802,INPROC_6B6FCD,1,10,team2,Team 2 (E/W),20,100,25,♥,finished,2026-05-17T19:28:39.801554+00:00
9803,INPROC_B93A47,1,10,team2,Team 2 (E/W),35,85,15,♦,finished,2026-05-17T19:28:39.818093+00:00
9804,INPROC_3F1D9F,1,10,team1,Team 1 (N/S),116,4,27,♥,finished,2026-05-17T19:28:39.833355+00:00
9805,INPROC_A7B643,1,10,team2,Team 2 (E/W),24,96,19,♦,finished,2026-05-17T19:28:39.848037+00:00
9806,INPROC_4EFDD2,1,10,team2,Team 2 (E/W),3,117,8,♣,finished,2026-05-17T19:28:39.862229+00:00
9807,INPROC_D80A2C,1,10,team2,Team 2 (E/W),57,63,8,♣,finished,2026-05-17T19:28:39.876757+00:00
9808,INPROC_08734C,1,10,team2,Team 2 (E/W),33,87,35,♠,finished,2026-05-17T19:28:39.892654+00:00
9809,INPROC_7F7A9B,1,10,team1,Team 1 (N/S),88,32,3,♣,finished,2026-05-17T19:28:39.909981+00:00
9810,INPROC_3ECED7,1,10,team2,Team 2 (E/W),32,88,3,♣,finished,2026-05-17T19:28:39.928811+00:00
9811,INPROC_49B8A0,1,10,team2,Team 2 (E/W),53,67,30,♠,finished,2026-05-17T19:28:39.947533+00:00
9812,INPROC_EC30B2,1,10,team1,Team 1 (N/S),85,35,34,♠,finished,2026-05-17T19:28:39.963165+00:00
9813,INPROC_BA73AE,1,10,team1,Team 1 (N/S),63,57,21,♥,finished,2026-05-17T19:28:39.980987+00:00
9814,INPROC_0ABC0B,1,10,team1,Team 1 (N/S),74,46,11,♦,finished,2026-05-17T19:28:39.996795+00:00
9815,INPROC_B19988,1,10,team1,Team 1 (N/S),64,56,11,♦,finished,2026-05-17T19:28:40.012512+00:00
9816,INPROC_BF0AF0,1,10,team2,Team 2 (E/W),45,75,12,♦,finished,2026-05-17T19:28:40.029574+00:00
9817,INPROC_CD8C27,1,10,team2,Team 2 (E/W),40,80,22,♥,finished,2026-05-17T19:28:40.048268+00:00
9818,INPROC_C0C955,1,10,team2,Team 2 (E/W),46,74,39,♠,finished,2026-05-17T19:28:40.064536+00:00
9819,INPROC_657574,1,10,team1,Team 1 (N/S),61,59,3,♣,finished,2026-05-17T19:28:40.077760+00:00
9820,INPROC_025599,1,10,team2,Team 2 (E/W),40,80,5,♣,finished,2026-05-17T19:28:40.091334+00:00
9821,INPROC_8237E7,1,10,team1,Team 1 (N/S),77,43,16,♦,finished,2026-05-17T19:28:40.102169+00:00
9822,INPROC_53D238,1,10,team1,Team 1 (N/S),92,28,36,♠,finished,2026-05-17T19:28:40.114282+00:00
9823,INPROC_6182A8,1,10,team1,Team 1 (N/S),64,56,33,♠,finished,2026-05-17T19:28:40.128704+00:00
9824,INPROC_CD6423,1,10,team2,Team 2 (E/W),51,69,4,♣,finished,2026-05-17T19:28:40.144316+00:00
9825,INPROC_C2361D,1,10,team2,Team 2 (E/W),17,103,26,♥,finished,2026-05-17T19:28:40.160072+00:00
9826,INPROC_2EC0B8,1,10,team2,Team 2 (E/W),18,102,36,♠,finished,2026-05-17T19:28:40.177800+00:00
9827,INPROC_8B08CF,1,10,team2,Team 2 (E/W),0,120,29,♥,finished,2026-05-17T19:28:40.189305+00:00
9828,INPROC_FBEBC9,1,10,team1,Team 1 (N/S),95,25,28,♥,finished,2026-05-17T19:28:40.207036+00:00
9829,INPROC_53ACF3,1,10,team1,Team 1 (N/S),100,20,18,♦,finished,2026-05-17T19:28:40.224366+00:00
9830,INPROC_7024F9,1,10,team2,Team 2 (E/W),27,93,32,♠,finished,2026-05-17T19:28:40.240397+00:00
9831,INPROC_0B3397,1,10,team1,Team 1 (N/S),99,21,1,♣,finished,2026-05-17T19:28:40.257937+00:00
9832,INPROC_E16403,1,10,team1,Team 1 (N/S),95,25,12,♦,finished,2026-05-17T19:28:40.273297+00:00
9833,INPROC_023C13,1,10,draw,draw,60,60,0,♣,finished,2026-05-17T19:28:40.289879+00:00
9834,INPROC_6D22C2,1,10,team1,Team 1 (N/S),76,44,33,♠,finished,2026-05-17T19:28:40.304102+00:00
9835,INPROC_BEAAB7,1,10,team2,Team 2 (E/W),44,76,13,♦,finished,2026-05-17T19:28:40.320943+00:00
9836,INPROC_936F61,1,10,team1,Team 1 (N/S),62,58,33,♠,finished,2026-05-17T19:28:40.335679+00:00
9837,INPROC_7CCD7E,1,10,team2,Team 2 (E/W),41,79,33,♠,finished,2026-05-17T19:28:40.349769+00:00
9838,INPROC_7D1323,1,10,team2,Team 2 (E/W),58,62,38,♠,finished,2026-05-17T19:28:40.364183+00:00
9839,INPROC_C5CD57,1,10,team1,Team 1 (N/S),84,36,6,♣,finished,2026-05-17T19:28:40.375468+00:00
9840,INPROC_1F851A,1,10,team2,Team 2 (E/W),52,68,38,♠,finished,2026-05-17T19:28:40.394786+00:00
9841,INPROC_4EBA7B,1,10,team2,Team 2 (E/W),45,75,39,♠,finished,2026-05-17T19:28:40.414597+00:00
9842,INPROC_13A79B,1,10,team1,Team 1 (N/S),85,35,6,♣,finished,2026-05-17T19:28:40.431558+00:00
9843,INPROC_2F7FA3,1,10,team2,Team 2 (E/W),53,67,30,♠,finished,2026-05-17T19:28:40.447653+00:00
9844,INPROC_8236D1,1,10,team2,Team 2 (E/W),53,67,9,♣,finished,2026-05-17T19:28:40.466115+00:00
9845,INPROC_8EDD9A,1,10,team1,Team 1 (N/S),72,48,36,♠,finished,2026-05-17T19:28:40.486814+00:00
9846,INPROC_841D79,1,10,team2,Team 2 (E/W),51,69,14,♦,finished,2026-05-17T19:28:40.503365+00:00
9847,INPROC_D97D4F,1,10,team2,Team 2 (E/W),34,86,5,♣,finished,2026-05-17T19:28:40.521199+00:00
9848,INPROC_A449EF,1,10,team1,Team 1 (N/S),98,22,13,♦,finished,2026-05-17T19:28:40.541301+00:00
9849,INPROC_BA1BA7,1,10,team2,Team 2 (E/W),42,78,25,♥,finished,2026-05-17T19:28:40.559749+00:00
9850,INPROC_D11783,1,10,team1,Team 1 (N/S),79,41,1,♣,finished,2026-05-17T19:28:40.576699+00:00
9851,INPROC_FBC931,1,10,team2,Team 2 (E/W),44,76,8,♣,finished,2026-05-17T19:28:40.595251+00:00
9852,INPROC_DD53CF,1,10,team1,Team 1 (N/S),68,52,10,♦,finished,2026-05-17T19:28:40.036506+00:00
9853,INPROC_84DCDC,1,10,team2,Team 2 (E/W),40,80,33,♠,finished,2026-05-17T19:28:40.054264+00:00
9854,INPROC_10E561,1,10,team1,Team 1 (N/S),74,46,8,♣,finished,2026-05-17T19:28:40.068069+00:00
9855,INPROC_B4DF05,1,10,team1,Team 1 (N/S),111,9,26,♥,finished,2026-05-17T19:28:40.086301+00:00
9856,INPROC_4E6BC2,1,10,draw,draw,60,60,33,♠,finished,2026-05-17T19:28:40.105168+00:00
9857,INPROC_B1D1A7,1,10,team1,Team 1 (N/S),81,39,29,♥,finished,2026-05-17T19:28:40.123865+00:00
9858,INPROC_D5C802,1,10,team1,Team 1 (N/S),80,40,19,♦,finished,2026-05-17T19:28:40.140502+00:00
9859,INPROC_82C9F5,1,10,team2,Team 2 (E/W),49,71,3,♣,finished,2026-05-17T19:28:40.158274+00:00
9860,INPROC_2EF31D,1,10,team1,Team 1 (N/S),83,37,30,♠,finished,2026-05-17T19:28:40.175912+00:00
9861,INPROC_0CF0C4,1,10,team2,Team 2 (E/W),41,79,23,♥,finished,2026-05-17T19:28:40.195348+00:00
9862,INPROC_71C3B2,1,10,team2,Team 2 (E/W),40,80,14,♦,finished,2026-05-17T19:28:40.215308+00:00
9863,INPROC_87FF2A,1,10,team1,Team 1 (N/S),90,30,22,♥,finished,2026-05-17T19:28:40.235211+00:00
9864,INPROC_F12936,1,10,team2,Team 2 (E/W),56,64,17,♦,finished,2026-05-17T19:28:40.255794+00:00
9865,INPROC_BF0F79,1,10,team1,Team 1 (N/S),84,36,15,♦,finished,2026-05-17T19:28:40.275581+00:00
9866,INPROC_4277C8,1,10,team1,Team 1 (N/S),77,43,33,♠,finished,2026-05-17T19:28:40.295294+00:00
9867,INPROC_63CE82,1,10,team1,Team 1 (N/S),91,29,34,♠,finished,2026-05-17T19:28:40.312671+00:00
9868,INPROC_67A0AC,1,10,team2,Team 2 (E/W),33,87,31,♠,finished,2026-05-17T19:28:40.324707+00:00
9869,INPROC_6C2C66,1,10,team2,Team 2 (E/W),17,103,23,♥,finished,2026-05-17T19:28:40.342317+00:00
9870,INPROC_CA238F,1,10,team2,Team 2 (E/W),38,82,17,♦,finished,2026-05-17T19:28:40.358218+00:00
9871,INPROC_165826,1,10,team1,Team 1 (N/S),93,27,10,♦,finished,2026-05-17T19:28:40.375937+00:00
9872,INPROC_218CD3,1,10,team1,Team 1 (N/S),65,55,27,♥,finished,2026-05-17T19:28:40.394064+00:00
9873,INPROC_76C78A,1,10,team2,Team 2 (E/W),58,62,15,♦,finished,2026-05-17T19:28:40.411664+00:00
9874,INPROC_B5ABBE,1,10,team1,Team 1 (N/S),65,55,22,♥,finished,2026-05-17T19:28:40.429869+00:00
9875,INPROC_60C23D,1,10,team2,Team 2 (E/W),27,93,4,♣,finished,2026-05-17T19:28:40.449091+00:00
9876,INPROC_D696A0,1,10,team1,Team 1 (N/S),87,33,12,♦,finished,2026-05-17T19:28:40.467814+00:00
9877,INPROC_995088,1,10,team1,Team 1 (N/S),77,43,20,♥,finished,2026-05-17T19:28:40.486117+00:00
9878,INPROC_313C8B,1,10,team1,Team 1 (N/S),65,55,31,♠,finished,2026-05-17T19:28:40.503721+00:00
9879,INPROC_9440F8,1,10,team2,Team 2 (E/W),59,61,27,♥,finished,2026-05-17T19:28:40.525573+00:00
9880,INPROC_2054BA,1,10,team1,Team 1 (N/S),73,47,37,♠,finished,2026-05-17T19:28:40.543471+00:00
9881,INPROC_2F3691,1,10,team2,Team 2 (E/W),13,107,8,♣,finished,2026-05-17T19:28:40.560738+00:00
9882,INPROC_D035FB,1,10,team2,Team 2 (E/W),41,79,14,♦,finished,2026-05-17T19:28:40.578917+00:00
9883,INPROC_5DA630,1,10,team2,Team 2 (E/W),52,68,22,♥,finished,2026-05-17T19:28:40.598417+00:00
9884,INPROC_1E4E03,1,10,team1,Team 1 (N/S),66,54,32,♠,finished,2026-05-17T19:28:40.614001+00:00
9885,INPROC_EFD54C,1,10,team1,Team 1 (N/S),61,59,4,♣,finished,2026-05-17T19:28:40.632886+00:00
9886,INPROC_8DC522,1,10,team2,Team 2 (E/W),42,78,6,♣,finished,2026-05-17T19:28:40.654602+00:00
9887,INPROC_DF355A,1,10,team1,Team 1 (N/S),84,36,25,♥,finished,2026-05-17T19:28:40.674704+00:00
9888,INPROC_A5763C,1,10,team1,Team 1 (N/S),72,48,22,♥,finished,2026-05-17T19:28:40.693959+00:00
9889,INPROC_DDECAF,1,10,team2,Team 2 (E/W),40,80,32,♠,finished,2026-05-17T19:28:40.712034+00:00
9890,INPROC_57A969,1,10,draw,draw,60,60,25,♥,finished,2026-05-17T19:28:40.730925+00:00
9891,INPROC_CCB645,1,10,draw,draw,60,60,39,♠,finished,2026-05-17T19:28:40.751962+00:00
9892,INPROC_DAB107,1,10,team1,Team 1 (N/S),79,41,37,♠,finished,2026-05-17T19:28:40.770832+00:00
9893,INPROC_DB711F,1,10,team1,Team 1 (N/S),90,30,32,♠,finished,2026-05-17T19:28:40.790274+00:00
9894,INPROC_DB5CB3,1,10,team2,Team 2 (E/W),16,104,23,♥,finished,2026-05-17T19:28:40.810965+00:00
9895,INPROC_204202,1,10,team2,Team 2 (E/W),27,93,39,♠,finished,2026-05-17T19:28:40.829454+00:00
9896,INPROC_ACC5C9,1,10,team2,Team 2 (E/W),45,75,25,♥,finished,2026-05-17T19:28:40.846526+00:00
9897,INPROC_6B8581,1,10,team2,Team 2 (E/W),51,69,34,♠,finished,2026-05-17T19:28:40.860029+00:00
9898,INPROC_F4C812,1,10,team2,Team 2 (E/W),41,79,25,♥,finished,2026-05-17T19:28:40.871346+00:00
9899,INPROC_08CDFA,1,10,team1,Team 1 (N/S),66,54,10,♦,finished,2026-05-17T19:28:40.887917+00:00
9900,INPROC_E254EB,1,10,team2,Team 2 (E/W),51,69,10,♦,finished,2026-05-17T19:28:40.899743+00:00
9901,INPROC_7C0CA3,1,10,team1,Team 1 (N/S),84,36,11,♦,finished,2026-05-17T19:28:40.914685+00:00
9902,INPROC_BC2131,1,10,team1,Team 1 (N/S),71,49,14,♦,finished,2026-05-17T19:28:40.930149+00:00
9903,INPROC_648763,1,10,team2,Team 2 (E/W),31,89,2,♣,finished,2026-05-17T19:28:40.946448+00:00
9904,INPROC_A0C91B,1,10,team2,Team 2 (E/W),27,93,5,♣,finished,2026-05-17T19:28:40.963763+00:00
9905,INPROC_B6BCEA,1,10,team1,Team 1 (N/S),94,26,1,♣,finished,2026-05-17T19:28:40.979809+00:00
9906,INPROC_8E60B8,1,10,team2,Team 2 (E/W),31,89,23,♥,finished,2026-05-17T19:28:40.996329+00:00
9907,INPROC_DE6E31,1,10,team1,Team 1 (N/S),67,53,1,♣,finished,2026-05-17T19:28:41.014656+00:00
9908,INPROC_F72E37,1,10,team2,Team 2 (E/W),42,78,1,♣,finished,2026-05-17T19:28:41.032254+00:00
9909,INPROC_36BD27,1,10,team2,Team 2 (E/W),32,88,39,♠,finished,2026-05-17T19:28:41.050558+00:00
9910,INPROC_D3B73E,1,10,team2,Team 2 (E/W),57,63,16,♦,finished,2026-05-17T19:28:41.068484+00:00
9911,INPROC_75F453,1,10,team2,Team 2 (E/W),55,65,7,♣,finished,2026-05-17T19:28:41.086822+00:00
9912,INPROC_73C6A2,1,10,team2,Team 2 (E/W),30,90,28,♥,finished,2026-05-17T19:28:41.104471+00:00
9913,INPROC_DA67C6,1,10,team1,Team 1 (N/S),77,43,13,♦,finished,2026-05-17T19:28:41.120593+00:00
9914,INPROC_A476C1,1,10,team1,Team 1 (N/S),68,52,11,♦,finished,2026-05-17T19:28:41.133437+00:00
9915,INPROC_B8F8CF,1,10,team2,Team 2 (E/W),27,93,7,♣,finished,2026-05-17T19:28:41.145573+00:00
9916,INPROC_1D56B0,1,10,team2,Team 2 (E/W),34,86,39,♠,finished,2026-05-17T19:28:41.162011+00:00
9917,INPROC_0F1081,1,10,team2,Team 2 (E/W),44,76,33,♠,finished,2026-05-17T19:28:41.176753+00:00
9918,INPROC_744E6E,1,10,team2,Team 2 (E/W),9,111,5,♣,finished,2026-05-17T19:28:41.196090+00:00
9919,INPROC_8622B8,1,10,team1,Team 1 (N/S),77,43,14,♦,finished,2026-05-17T19:28:41.213305+00:00
9920,INPROC_8129DB,1,10,team1,Team 1 (N/S),61,59,7,♣,finished,2026-05-17T19:28:41.233860+00:00
9921,INPROC_3B69AE,1,10,team1,Team 1 (N/S),94,26,26,♥,finished,2026-05-17T19:28:41.249443+00:00
9922,INPROC_553F1E,1,10,team2,Team 2 (E/W),33,87,11,♦,finished,2026-05-17T19:28:41.265212+00:00
9923,INPROC_3BAD70,1,10,team1,Team 1 (N/S),98,22,16,♦,finished,2026-05-17T19:28:41.282984+00:00
9924,INPROC_F7A275,1,10,team1,Team 1 (N/S),64,56,38,♠,finished,2026-05-17T19:28:41.301149+00:00
9925,INPROC_B87497,1,10,team2,Team 2 (E/W),30,90,29,♥,finished,2026-05-17T19:28:41.320378+00:00
9926,INPROC_BA8134,1,10,team1,Team 1 (N/S),76,44,36,♠,finished,2026-05-17T19:28:41.338876+00:00
9927,INPROC_095A6B,1,10,team2,Team 2 (E/W),56,64,14,♦,finished,2026-05-17T19:28:41.359080+00:00
9928,INPROC_11B5C5,1,10,team2,Team 2 (E/W),59,61,25,♥,finished,2026-05-17T19:28:41.376383+00:00
9929,INPROC_77BC11,1,10,team2,Team 2 (E/W),33,87,15,♦,finished,2026-05-17T19:28:41.388039+00:00
9930,INPROC_0C226D,1,10,team1,Team 1 (N/S),72,48,7,♣,finished,2026-05-17T19:28:41.401410+00:00
9931,INPROC_70D6B9,1,10,team2,Team 2 (E/W),34,86,2,♣,finished,2026-05-17T19:28:41.416771+00:00
9932,INPROC_50C129,1,10,team1,Team 1 (N/S),72,48,13,♦,finished,2026-05-17T19:28:41.430101+00:00
9933,INPROC_F9C6E7,1,10,team1,Team 1 (N/S),72,48,7,♣,finished,2026-05-17T19:28:41.448529+00:00
9934,INPROC_40151D,1,10,team1,Team 1 (N/S),62,58,16,♦,finished,2026-05-17T19:28:41.467401+00:00
9935,INPROC_A1DC66,1,10,team2,Team 2 (E/W),40,80,25,♥,finished,2026-05-17T19:28:41.489245+00:00
9936,INPROC_5BB3D3,1,10,team1,Team 1 (N/S),73,47,31,♠,finished,2026-05-17T19:28:41.509026+00:00
9937,INPROC_B331ED,1,10,team2,Team 2 (E/W),27,93,19,♦,finished,2026-05-17T19:28:41.527810+00:00
9938,INPROC_A5869D,1,10,team2,Team 2 (E/W),51,69,35,♠,finished,2026-05-17T19:28:41.545253+00:00
9939,INPROC_4DCE81,1,10,team1,Team 1 (N/S),108,12,20,♥,finished,2026-05-17T19:28:41.561435+00:00
9940,INPROC_C07E7D,1,10,team1,Team 1 (N/S),63,57,11,♦,finished,2026-05-17T19:28:41.577747+00:00
9941,INPROC_52EC17,1,10,team2,Team 2 (E/W),42,78,2,♣,finished,2026-05-17T19:28:41.594866+00:00
9942,INPROC_691605,1,10,team2,Team 2 (E/W),27,93,9,♣,finished,2026-05-17T19:28:41.610472+00:00
9943,INPROC_C675E5,1,10,team2,Team 2 (E/W),21,99,33,♠,finished,2026-05-17T19:28:41.626246+00:00
9944,INPROC_671621,1,10,team2,Team 2 (E/W),38,82,9,♣,finished,2026-05-17T19:28:41.641668+00:00
9945,INPROC_613280,1,10,team2,Team 2 (E/W),51,69,0,♣,finished,2026-05-17T19:28:41.654805+00:00
9946,INPROC_8BA08F,1,10,team1,Team 1 (N/S),82,38,6,♣,finished,2026-05-17T19:28:41.668330+00:00
9947,INPROC_BA54A9,1,10,team1,Team 1 (N/S),62,58,14,♦,finished,2026-05-17T19:28:41.682601+00:00
9948,INPROC_FEFB19,1,10,team2,Team 2 (E/W),42,78,29,♥,finished,2026-05-17T19:28:41.696706+00:00
9949,INPROC_1F18CB,1,10,team1,Team 1 (N/S),76,44,32,♠,finished,2026-05-17T19:28:41.713875+00:00
9950,INPROC_BCB8E5,1,10,team1,Team 1 (N/S),101,19,4,♣,finished,2026-05-17T19:28:41.733242+00:00
9951,INPROC_D686E5,1,10,team1,Team 1 (N/S),64,56,26,♥,finished,2026-05-17T19:28:41.749640+00:00
9952,INPROC_9AE348,1,10,team2,Team 2 (E/W),58,62,35,♠,finished,2026-05-17T19:28:41.766901+00:00
9953,INPROC_FBEC21,1,10,team2,Team 2 (E/W),41,79,39,♠,finished,2026-05-17T19:28:41.782669+00:00
9954,INPROC_D3DAD8,1,10,team1,Team 1 (N/S),75,45,4,♣,finished,2026-05-17T19:28:41.799783+00:00
9955,INPROC_6D0163,1,10,draw,draw,60,60,6,♣,finished,2026-05-17T19:28:41.815872+00:00
9956,INPROC_7F775D,1,10,team1,Team 1 (N/S),108,12,22,♥,finished,2026-05-17T19:28:41.836586+00:00
9957,INPROC_C6202F,1,10,team1,Team 1 (N/S),77,43,29,♥,finished,2026-05-17T19:28:41.851298+00:00
9958,INPROC_ED2D71,1,10,team1,Team 1 (N/S),61,59,6,♣,finished,2026-05-17T19:28:41.867662+00:00
9959,INPROC_5810E3,1,10,team1,Team 1 (N/S),95,25,22,♥,finished,2026-05-17T19:28:41.885760+00:00
9960,INPROC_AC73E0,1,10,team1,Team 1 (N/S),73,47,9,♣,finished,2026-05-17T19:28:41.901663+00:00
9961,INPROC_731A83,1,10,team2,Team 2 (E/W),35,85,0,♣,finished,2026-05-17T19:28:41.914091+00:00
9962,INPROC_BB708C,1,10,team1,Team 1 (N/S),86,34,29,♥,finished,2026-05-17T19:28:41.926320+00:00
9963,INPROC_D22239,1,10,team1,Team 1 (N/S),78,42,16,♦,finished,2026-05-17T19:28:41.940607+00:00
9964,INPROC_479A45,1,10,team1,Team 1 (N/S),74,46,26,♥,finished,2026-05-17T19:28:41.958215+00:00
9965,INPROC_B9C6C2,1,10,team2,Team 2 (E/W),42,78,14,♦,finished,2026-05-17T19:28:41.974577+00:00
9966,INPROC_D22EC6,1,10,team2,Team 2 (E/W),58,62,32,♠,finished,2026-05-17T19:28:41.991081+00:00
9967,INPROC_E7081C,1,10,team2,Team 2 (E/W),56,64,32,♠,finished,2026-05-17T19:28:42.010035+00:00
9968,INPROC_8D3C42,1,10,team1,Team 1 (N/S),94,26,21,♥,finished,2026-05-17T19:28:42.028895+00:00
9969,INPROC_3F6312,1,10,team1,Team 1 (N/S),61,59,5,♣,finished,2026-05-17T19:28:42.046864+00:00
9970,INPROC_6B93B3,1,10,team2,Team 2 (E/W),30,90,37,♠,finished,2026-05-17T19:28:42.064216+00:00
9971,INPROC_BAED52,1,10,team1,Team 1 (N/S),80,40,4,♣,finished,2026-05-17T19:28:42.083416+00:00
9972,INPROC_1E92CB,1,10,team1,Team 1 (N/S),78,42,13,♦,finished,2026-05-17T19:28:42.100659+00:00
9973,INPROC_7C63EE,1,10,team2,Team 2 (E/W),56,64,17,♦,finished,2026-05-17T19:28:42.113677+00:00
9974,INPROC_2B59A5,1,10,team1,Team 1 (N/S),66,54,4,♣,finished,2026-05-17T19:28:42.127958+00:00
9975,INPROC_9A8A3B,1,10,team2,Team 2 (E/W),58,62,33,♠,finished,2026-05-17T19:28:42.142523+00:00
9976,INPROC_240ABC,1,10,team1,Team 1 (N/S),85,35,27,♥,finished,2026-05-17T19:28:42.154072+00:00
9977,INPROC_C37345,1,10,team1,Team 1 (N/S),106,14,16,♦,finished,2026-05-17T19:28:42.169323+00:00
9978,INPROC_1A21DF,1,10,team2,Team 2 (E/W),41,79,15,♦,finished,2026-05-17T19:28:42.180691+00:00
9979,INPROC_5B598E,1,10,team2,Team 2 (E/W),43,77,38,♠,finished,2026-05-17T19:28:42.195021+00:00
9980,INPROC_638C83,1,10,team1,Team 1 (N/S),65,55,23,♥,finished,2026-05-17T19:28:42.211930+00:00
9981,INPROC_02146F,1,10,team2,Team 2 (E/W),52,68,6,♣,finished,2026-05-17T19:28:42.227829+00:00
9982,INPROC_D2DEF7,1,10,team1,Team 1 (N/S),70,50,8,♣,finished,2026-05-17T19:28:42.245846+00:00
9983,INPROC_85882E,1,10,team2,Team 2 (E/W),35,85,9,♣,finished,2026-05-17T19:28:42.263996+00:00
9984,INPROC_D95F3C,1,10,team1,Team 1 (N/S),86,34,0,♣,finished,2026-05-17T19:28:42.281188+00:00
9985,INPROC_AAD4B8,1,10,team1,Team 1 (N/S),84,36,6,♣,finished,2026-05-17T19:28:42.300084+00:00
9986,INPROC_AF0CFB,1,10,team1,Team 1 (N/S),66,54,8,♣,finished,2026-05-17T19:28:42.318237+00:00
9987,INPROC_F0EB54,1,10,team1,Team 1 (N/S),82,38,7,♣,finished,2026-05-17T19:28:42.337461+00:00
9988,INPROC_F55149,1,10,team2,Team 2 (E/W),27,93,12,♦,finished,2026-05-17T19:28:42.356338+00:00
9989,INPROC_E9CCDB,1,10,team1,Team 1 (N/S),81,39,16,♦,finished,2026-05-17T19:28:42.376442+00:00
9990,INPROC_C7F956,1,10,team2,Team 2 (E/W),52,68,31,♠,finished,2026-05-17T19:28:42.395148+00:00
9991,INPROC_8619CF,1,10,team2,Team 2 (E/W),56,64,11,♦,finished,2026-05-17T19:28:42.414916+00:00
9992,INPROC_05D0D2,1,10,team1,Team 1 (N/S),95,25,12,♦,finished,2026-05-17T19:28:42.433446+00:00
9993,INPROC_3EDB65,1,10,team2,Team 2 (E/W),54,66,37,♠,finished,2026-05-17T19:28:42.445129+00:00
9994,INPROC_6708A3,1,10,team1,Team 1 (N/S),69,51,31,♠,finished,2026-05-17T19:28:42.457567+00:00
9995,INPROC_7D332C,1,10,team1,Team 1 (N/S),67,53,16,♦,finished,2026-05-17T19:28:42.475022+00:00
9996,INPROC_F35059,1,10,team2,Team 2 (E/W),55,65,20,♥,finished,2026-05-17T19:28:42.496300+00:00
9997,INPROC_0EDC39,1,10,team2,Team 2 (E/W),27,93,39,♠,finished,2026-05-17T19:28:42.513614+00:00
9998,INPROC_BD96AB,1,10,team2,Team 2 (E/W),40,80,1,♣,finished,2026-05-17T19:28:42.531776+00:00
9999,INPROC_50074E,1,10,team2,Team 2 (E/W),52,68,14,♦,finished,2026-05-17T19:28:42.542631+00:00
10000,INPROC_FEEA3D,1,10,team2,Team 2 (E/W),36,84,11,♦,finished,2026-05-17T19:28:42.560772+00:00
